CC	libavdevice/alldevices.o
CC	libavdevice/avdevice.o
CC	libavdevice/fbdev_common.o
CC	libavdevice/fbdev_dec.o
CC	libavdevice/fbdev_enc.o
CC	libavdevice/lavfi.o
CC	libavdevice/oss.o
CC	libavdevice/oss_dec.o
CC	libavdevice/oss_enc.o
CC	libavdevice/utils.o
CC	libavdevice/v4l2-common.o
CC	libavdevice/v4l2.o
CC	libavdevice/v4l2enc.o
CC	libavdevice/version.o
GEN	libavdevice/libavdevice.ver
CC	libavfilter/aeval.o
CC	libavfilter/af_aap.o
CC	libavfilter/af_acontrast.o
CC	libavfilter/af_acopy.o
CC	libavfilter/af_acrossover.o
CC	libavfilter/af_acrusher.o
CC	libavfilter/af_adeclick.o
CC	libavfilter/af_adecorrelate.o
CC	libavfilter/af_adelay.o
CC	libavfilter/af_adenorm.o
CC	libavfilter/af_aderivative.o
CC	libavfilter/af_adrc.o
CC	libavfilter/af_adynamicequalizer.o
CC	libavfilter/af_adynamicsmooth.o
CC	libavfilter/af_aecho.o
CC	libavfilter/af_aemphasis.o
CC	libavfilter/af_aexciter.o
CC	libavfilter/af_afade.o
CC	libavfilter/af_afftdn.o
CC	libavfilter/af_afftfilt.o
CC	libavfilter/af_afir.o
CC	libavfilter/af_aformat.o
CC	libavfilter/af_afreqshift.o
CC	libavfilter/af_afwtdn.o
CC	libavfilter/af_agate.o
CC	libavfilter/af_aiir.o
CC	libavfilter/af_alimiter.o
CC	libavfilter/af_amerge.o
CC	libavfilter/af_amix.o
CC	libavfilter/af_amultiply.o
CC	libavfilter/af_anequalizer.o
CC	libavfilter/af_anlmdn.o
CC	libavfilter/af_anlms.o
CC	libavfilter/af_anull.o
CC	libavfilter/af_apad.o
CC	libavfilter/af_aphaser.o
CC	libavfilter/af_apsyclip.o
CC	libavfilter/af_apulsator.o
CC	libavfilter/af_aresample.o
CC	libavfilter/af_arls.o
CC	libavfilter/af_arnndn.o
CC	libavfilter/af_asdr.o
CC	libavfilter/af_asetnsamples.o
CC	libavfilter/af_asetrate.o
CC	libavfilter/af_ashowinfo.o
CC	libavfilter/af_asoftclip.o
CC	libavfilter/af_aspectralstats.o
CC	libavfilter/af_astats.o
CC	libavfilter/af_asubboost.o
CC	libavfilter/af_asupercut.o
CC	libavfilter/af_atempo.o
CC	libavfilter/af_atilt.o
CC	libavfilter/af_axcorrelate.o
CC	libavfilter/af_biquads.o
CC	libavfilter/af_channelmap.o
CC	libavfilter/af_channelsplit.o
CC	libavfilter/af_chorus.o
CC	libavfilter/af_compand.o
CC	libavfilter/af_compensationdelay.o
CC	libavfilter/af_crossfeed.o
CC	libavfilter/af_crystalizer.o
CC	libavfilter/af_dcshift.o
CC	libavfilter/af_deesser.o
CC	libavfilter/af_dialoguenhance.o
CC	libavfilter/af_drmeter.o
CC	libavfilter/af_dynaudnorm.o
CC	libavfilter/af_earwax.o
CC	libavfilter/af_extrastereo.o
CC	libavfilter/af_firequalizer.o
CC	libavfilter/af_flanger.o
CC	libavfilter/af_haas.o
CC	libavfilter/af_hdcd.o
CC	libavfilter/af_headphone.o
CC	libavfilter/af_join.o
CC	libavfilter/af_loudnorm.o
CC	libavfilter/af_mcompand.o
CC	libavfilter/af_pan.o
CC	libavfilter/af_replaygain.o
CC	libavfilter/af_sidechaincompress.o
CC	libavfilter/af_silencedetect.o
CC	libavfilter/af_silenceremove.o
CC	libavfilter/af_speechnorm.o
CC	libavfilter/af_stereotools.o
CC	libavfilter/af_stereowiden.o
CC	libavfilter/af_superequalizer.o
CC	libavfilter/af_surround.o
CC	libavfilter/af_tremolo.o
CC	libavfilter/af_vibrato.o
CC	libavfilter/af_virtualbass.o
CC	libavfilter/af_volume.o
CC	libavfilter/af_volumedetect.o
CC	libavfilter/allfilters.o
CC	libavfilter/asink_anullsink.o
CC	libavfilter/asrc_afdelaysrc.o
CC	libavfilter/asrc_afirsrc.o
CC	libavfilter/asrc_anoisesrc.o
CC	libavfilter/asrc_anullsrc.o
CC	libavfilter/asrc_hilbert.o
CC	libavfilter/asrc_sinc.o
CC	libavfilter/asrc_sine.o
CC	libavfilter/audio.o
CC	libavfilter/avf_a3dscope.o
CC	libavfilter/avf_abitscope.o
CC	libavfilter/avf_ahistogram.o
CC	libavfilter/avf_aphasemeter.o
CC	libavfilter/avf_avectorscope.o
CC	libavfilter/avf_concat.o
CC	libavfilter/avf_showcqt.o
CC	libavfilter/avf_showcwt.o
CC	libavfilter/avf_showfreqs.o
CC	libavfilter/avf_showspatial.o
CC	libavfilter/avf_showspectrum.o
CC	libavfilter/avf_showvolume.o
CC	libavfilter/avf_showwaves.o
CC	libavfilter/avfilter.o
CC	libavfilter/avfiltergraph.o
CC	libavfilter/buffersink.o
CC	libavfilter/buffersrc.o
CC	libavfilter/bwdifdsp.o
CC	libavfilter/ccfifo.o
CC	libavfilter/colorspace.o
CC	libavfilter/colorspacedsp.o
CC	libavfilter/cuda/load_helper.o
CC	libavfilter/drawutils.o
CC	libavfilter/ebur128.o
CC	libavfilter/edge_common.o
CC	libavfilter/f_bench.o
CC	libavfilter/f_cue.o
CC	libavfilter/f_drawgraph.o
CC	libavfilter/f_ebur128.o
CC	libavfilter/f_graphmonitor.o
CC	libavfilter/f_interleave.o
CC	libavfilter/f_latency.o
CC	libavfilter/f_loop.o
CC	libavfilter/f_metadata.o
CC	libavfilter/f_perms.o
CC	libavfilter/f_realtime.o
CC	libavfilter/f_reverse.o
CC	libavfilter/f_segment.o
CC	libavfilter/f_select.o
CC	libavfilter/f_sendcmd.o
CC	libavfilter/f_sidedata.o
CC	libavfilter/f_streamselect.o
CC	libavfilter/formats.o
CC	libavfilter/framepool.o
CC	libavfilter/framequeue.o
CC	libavfilter/framesync.o
CC	libavfilter/generate_wave_table.o
CC	libavfilter/graphdump.o
CC	libavfilter/graphparser.o
CC	libavfilter/lavfutils.o
CC	libavfilter/lswsutils.o
CC	libavfilter/motion_estimation.o
CC	libavfilter/palette.o
CC	libavfilter/psnr.o
CC	libavfilter/pthread.o
CC	libavfilter/qp_table.o
CC	libavfilter/scale_eval.o
CC	libavfilter/scale_filters.o
CC	libavfilter/scene_sad.o
CC	libavfilter/setpts.o
CC	libavfilter/settb.o
CC	libavfilter/split.o
CC	libavfilter/src_avsynctest.o
CC	libavfilter/src_movie.o
CC	libavfilter/transform.o
CC	libavfilter/trim.o
CC	libavfilter/vaf_spectrumsynth.o
CC	libavfilter/version.o
CC	libavfilter/vf_addroi.o
CC	libavfilter/vf_alphamerge.o
CC	libavfilter/vf_amplify.o
CC	libavfilter/vf_aspect.o
CC	libavfilter/vf_atadenoise.o
CC	libavfilter/vf_avgblur.o
CC	libavfilter/vf_backgroundkey.o
CC	libavfilter/vf_bbox.o
CC	libavfilter/vf_bilateral.o
CC	libavfilter/vf_bilateral_cuda.o
CC	libavfilter/vf_bitplanenoise.o
CC	libavfilter/vf_blackdetect.o
CC	libavfilter/vf_blend.o
CC	libavfilter/vf_blockdetect.o
CC	libavfilter/vf_blurdetect.o
CC	libavfilter/vf_bm3d.o
CC	libavfilter/vf_bwdif.o
CC	libavfilter/vf_bwdif_cuda.o
CC	libavfilter/vf_cas.o
CC	libavfilter/vf_ccrepack.o
CC	libavfilter/vf_chromakey.o
CC	libavfilter/vf_chromakey_cuda.o
CC	libavfilter/vf_chromanr.o
CC	libavfilter/vf_chromashift.o
CC	libavfilter/vf_ciescope.o
CC	libavfilter/vf_codecview.o
CC	libavfilter/vf_colorbalance.o
CC	libavfilter/vf_colorchannelmixer.o
CC	libavfilter/vf_colorconstancy.o
CC	libavfilter/vf_colorcontrast.o
CC	libavfilter/vf_colorcorrect.o
CC	libavfilter/vf_colordetect.o
CC	libavfilter/vf_colorize.o
CC	libavfilter/vf_colorkey.o
CC	libavfilter/vf_colorlevels.o
CC	libavfilter/vf_colormap.o
CC	libavfilter/vf_colorspace.o
CC	libavfilter/vf_colorspace_cuda.o
CC	libavfilter/vf_colortemperature.o
CC	libavfilter/vf_convolution.o
CC	libavfilter/vf_convolve.o
CC	libavfilter/vf_copy.o
CC	libavfilter/vf_corr.o
CC	libavfilter/vf_crop.o
CC	libavfilter/vf_curves.o
CC	libavfilter/vf_datascope.o
CC	libavfilter/vf_dblur.o
CC	libavfilter/vf_dctdnoiz.o
CC	libavfilter/vf_deband.o
CC	libavfilter/vf_deblock.o
CC	libavfilter/vf_decimate.o
CC	libavfilter/vf_dedot.o
CC	libavfilter/vf_deflicker.o
CC	libavfilter/vf_dejudder.o
CC	libavfilter/vf_deshake.o
CC	libavfilter/vf_despill.o
CC	libavfilter/vf_detelecine.o
CC	libavfilter/vf_displace.o
CC	libavfilter/vf_drawbox.o
CC	libavfilter/vf_edgedetect.o
CC	libavfilter/vf_elbg.o
CC	libavfilter/vf_entropy.o
CC	libavfilter/vf_epx.o
CC	libavfilter/vf_estdif.o
CC	libavfilter/vf_exposure.o
CC	libavfilter/vf_extractplanes.o
CC	libavfilter/vf_fade.o
CC	libavfilter/vf_feedback.o
CC	libavfilter/vf_fftdnoiz.o
CC	libavfilter/vf_fftfilt.o
CC	libavfilter/vf_field.o
CC	libavfilter/vf_fieldhint.o
CC	libavfilter/vf_fieldmatch.o
CC	libavfilter/vf_fieldorder.o
CC	libavfilter/vf_fillborders.o
CC	libavfilter/vf_floodfill.o
CC	libavfilter/vf_format.o
CC	libavfilter/vf_fps.o
CC	libavfilter/vf_framepack.o
CC	libavfilter/vf_framerate.o
CC	libavfilter/vf_framestep.o
CC	libavfilter/vf_freezedetect.o
CC	libavfilter/vf_freezeframes.o
CC	libavfilter/vf_fsync.o
CC	libavfilter/vf_gblur.o
CC	libavfilter/vf_geq.o
CC	libavfilter/vf_gradfun.o
CC	libavfilter/vf_grayworld.o
CC	libavfilter/vf_guided.o
CC	libavfilter/vf_hflip.o
CC	libavfilter/vf_histogram.o
CC	libavfilter/vf_hqx.o
CC	libavfilter/vf_hsvkey.o
CC	libavfilter/vf_hue.o
CC	libavfilter/vf_huesaturation.o
CC	libavfilter/vf_hwdownload.o
CC	libavfilter/vf_hwmap.o
CC	libavfilter/vf_hwupload.o
CC	libavfilter/vf_hwupload_cuda.o
CC	libavfilter/vf_hysteresis.o
CC	libavfilter/vf_identity.o
CC	libavfilter/vf_idet.o
CC	libavfilter/vf_idetdsp.o
CC	libavfilter/vf_il.o
CC	libavfilter/vf_lagfun.o
CC	libavfilter/vf_latticepal.o
CC	libavfilter/vf_lenscorrection.o
CC	libavfilter/vf_limitdiff.o
CC	libavfilter/vf_limiter.o
CC	libavfilter/vf_lumakey.o
CC	libavfilter/vf_lut.o
CC	libavfilter/vf_lut2.o
CC	libavfilter/vf_lut3d.o
CC	libavfilter/vf_maskedclamp.o
CC	libavfilter/vf_maskedmerge.o
CC	libavfilter/vf_maskedminmax.o
CC	libavfilter/vf_maskedthreshold.o
CC	libavfilter/vf_maskfun.o
CC	libavfilter/vf_median.o
CC	libavfilter/vf_mergeplanes.o
CC	libavfilter/vf_mestimate.o
CC	libavfilter/vf_midequalizer.o
CC	libavfilter/vf_minterpolate.o
CC	libavfilter/vf_mix.o
CC	libavfilter/vf_monochrome.o
CC	libavfilter/vf_morpho.o
CC	libavfilter/vf_multiply.o
CC	libavfilter/vf_negate.o
CC	libavfilter/vf_neighbor.o
CC	libavfilter/vf_nlmeans.o
CC	libavfilter/vf_noise.o
CC	libavfilter/vf_normalize.o
CC	libavfilter/vf_null.o
CC	libavfilter/vf_overlay.o
CC	libavfilter/vf_overlay_cuda.o
CC	libavfilter/vf_pad.o
CC	libavfilter/vf_pad_cuda.o
CC	libavfilter/vf_palettegen.o
CC	libavfilter/vf_paletteuse.o
CC	libavfilter/vf_photosensitivity.o
CC	libavfilter/vf_pixdesctest.o
CC	libavfilter/vf_pixelize.o
CC	libavfilter/vf_premultiply.o
CC	libavfilter/vf_pseudocolor.o
CC	libavfilter/vf_psnr.o
CC	libavfilter/vf_qp.o
CC	libavfilter/vf_random.o
CC	libavfilter/vf_readeia608.o
CC	libavfilter/vf_readvitc.o
CC	libavfilter/vf_remap.o
CC	libavfilter/vf_removegrain.o
CC	libavfilter/vf_removelogo.o
CC	libavfilter/vf_rotate.o
CC	libavfilter/vf_scale.o
CC	libavfilter/vf_scale_cuda.o
CC	libavfilter/vf_scdet.o
CC	libavfilter/vf_scroll.o
CC	libavfilter/vf_selectivecolor.o
CC	libavfilter/vf_separatefields.o
CC	libavfilter/vf_setparams.o
CC	libavfilter/vf_shear.o
CC	libavfilter/vf_showinfo.o
CC	libavfilter/vf_showpalette.o
CC	libavfilter/vf_shuffleframes.o
CC	libavfilter/vf_shufflepixels.o
CC	libavfilter/vf_shuffleplanes.o
CC	libavfilter/vf_signalstats.o
CC	libavfilter/vf_siti.o
CC	libavfilter/vf_ssim.o
CC	libavfilter/vf_ssim360.o
CC	libavfilter/vf_stack.o
CC	libavfilter/vf_swaprect.o
CC	libavfilter/vf_swapuv.o
CC	libavfilter/vf_telecine.o
CC	libavfilter/vf_threshold.o
CC	libavfilter/vf_thumbnail.o
CC	libavfilter/vf_thumbnail_cuda.o
CC	libavfilter/vf_tile.o
CC	libavfilter/vf_tiltandshift.o
CC	libavfilter/vf_tmidequalizer.o
CC	libavfilter/vf_tonemap.o
CC	libavfilter/vf_tpad.o
CC	libavfilter/vf_transpose.o
CC	libavfilter/vf_transpose_cuda.o
CC	libavfilter/vf_unsharp.o
CC	libavfilter/vf_untile.o
CC	libavfilter/vf_v360.o
CC	libavfilter/vf_varblur.o
CC	libavfilter/vf_vectorscope.o
CC	libavfilter/vf_vflip.o
CC	libavfilter/vf_vfrdet.o
CC	libavfilter/vf_vibrance.o
CC	libavfilter/vf_vif.o
CC	libavfilter/vf_vignette.o
CC	libavfilter/vf_vmafmotion.o
CC	libavfilter/vf_w3fdif.o
CC	libavfilter/vf_waveform.o
CC	libavfilter/vf_weave.o
CC	libavfilter/vf_xbr.o
CC	libavfilter/vf_xfade.o
CC	libavfilter/vf_xmedian.o
CC	libavfilter/vf_xpsnr.o
CC	libavfilter/vf_yadif.o
CC	libavfilter/vf_yadif_cuda.o
CC	libavfilter/vf_yaepblur.o
CC	libavfilter/vf_zoompan.o
CC	libavfilter/video.o
CC	libavfilter/vsink_nullsink.o
CC	libavfilter/vsrc_cellauto.o
CC	libavfilter/vsrc_gradients.o
CC	libavfilter/vsrc_life.o
CC	libavfilter/vsrc_mandelbrot.o
CC	libavfilter/vsrc_perlin.o
CC	libavfilter/vsrc_sierpinski.o
CC	libavfilter/vsrc_testsrc.o
CC	libavfilter/x86/af_afir_init.o
CC	libavfilter/x86/af_anlmdn_init.o
CC	libavfilter/x86/af_volume_init.o
CC	libavfilter/x86/avf_showcqt_init.o
CC	libavfilter/x86/colorspacedsp_init.o
CC	libavfilter/x86/f_ebur128_init.o
CC	libavfilter/x86/scene_sad_init.o
CC	libavfilter/x86/vf_atadenoise_init.o
CC	libavfilter/x86/vf_blackdetect_init.o
CC	libavfilter/x86/vf_blend_init.o
CC	libavfilter/x86/vf_bwdif_init.o
CC	libavfilter/x86/vf_colordetect_init.o
CC	libavfilter/x86/vf_convolution_init.o
CC	libavfilter/x86/vf_framerate_init.o
CC	libavfilter/x86/vf_gblur_init.o
CC	libavfilter/x86/vf_gradfun_init.o
CC	libavfilter/x86/vf_hflip_init.o
CC	libavfilter/x86/vf_idetdsp_init.o
CC	libavfilter/x86/vf_limiter_init.o
CC	libavfilter/x86/vf_lut3d_init.o
CC	libavfilter/x86/vf_maskedclamp_init.o
CC	libavfilter/x86/vf_maskedmerge_init.o
CC	libavfilter/x86/vf_nlmeans_init.o
CC	libavfilter/x86/vf_noise.o
CC	libavfilter/x86/vf_overlay_init.o
CC	libavfilter/x86/vf_psnr_init.o
CC	libavfilter/x86/vf_ssim_init.o
CC	libavfilter/x86/vf_threshold_init.o
CC	libavfilter/x86/vf_transpose_init.o
CC	libavfilter/x86/vf_v360_init.o
CC	libavfilter/x86/vf_w3fdif_init.o
CC	libavfilter/x86/vf_yadif_init.o
CC	libavfilter/yadif_common.o
GEN	libavfilter/libavfilter.ver
CC	libswscale/alphablend.o
CC	libswscale/cms.o
CC	libswscale/csputils.o
CC	libswscale/filters.o
CC	libswscale/format.o
CC	libswscale/framepool.o
CC	libswscale/gamma.o
CC	libswscale/graph.o
CC	libswscale/hscale.o
CC	libswscale/hscale_fast_bilinear.o
CC	libswscale/input.o
CC	libswscale/jit.o
CC	libswscale/lut3d.o
CC	libswscale/ops.o
CC	libswscale/ops_chain.o
CC	libswscale/ops_dispatch.o
CC	libswscale/ops_memcpy.o
CC	libswscale/ops_optimizer.o
CC	libswscale/options.o
CC	libswscale/output.o
CC	libswscale/rational64.o
CC	libswscale/rgb2rgb.o
CC	libswscale/slice.o
CC	libswscale/swscale.o
CC	libswscale/swscale_unscaled.o
CC	libswscale/uops.o
CC	libswscale/uops_backend.o
CC	libswscale/utils.o
CC	libswscale/version.o
CC	libswscale/vscale.o
CC	libswscale/x86/hscale_fast_bilinear_simd.o
CC	libswscale/x86/ops.o
CC	libswscale/x86/rgb2rgb.o
CC	libswscale/x86/swscale.o
CC	libswscale/x86/yuv2rgb.o
CC	libswscale/yuv2rgb.o
CC	libswscale/half2float.o
GEN	libswscale/libswscale.ver
CC	libavutil/adler32.o
CC	libavutil/aes.o
CC	libavutil/aes_ctr.o
CC	libavutil/ambient_viewing_environment.o
CC	libavutil/avsscanf.o
CC	libavutil/avstring.o
CC	libavutil/base64.o
CC	libavutil/blowfish.o
CC	libavutil/buffer.o
CC	libavutil/camellia.o
CC	libavutil/cast5.o
CC	libavutil/channel_layout.o
CC	libavutil/container_fifo.o
CC	libavutil/cpu.o
CC	libavutil/crc.o
CC	libavutil/des.o
CC	libavutil/detection_bbox.o
CC	libavutil/dict.o
CC	libavutil/display.o
CC	libavutil/downmix_info.o
CC	libavutil/encryption_info.o
CC	libavutil/error.o
CC	libavutil/eval.o
CC	libavutil/executor.o
CC	libavutil/fifo.o
CC	libavutil/file.o
CC	libavutil/file_open.o
CC	libavutil/film_grain_params.o
CC	libavutil/fixed_dsp.o
CC	libavutil/float_dsp.o
CC	libavutil/frame.o
CC	libavutil/hash.o
CC	libavutil/hdr_dynamic_metadata.o
CC	libavutil/hdr_dynamic_vivid_metadata.o
CC	libavutil/hwcontext.o
CC	libavutil/hwcontext_cuda.o
CC	libavutil/hwcontext_stub.o
CC	libavutil/iamf.o
CC	libavutil/imgutils.o
CC	libavutil/integer.o
CC	libavutil/intmath.o
CC	libavutil/lfg.o
CC	libavutil/lls.o
CC	libavutil/log.o
CC	libavutil/lzo.o
CC	libavutil/mastering_display_metadata.o
CC	libavutil/mathematics.o
CC	libavutil/md5.o
CC	libavutil/mem.o
CC	libavutil/murmur3.o
CC	libavutil/opt.o
CC	libavutil/parseutils.o
CC	libavutil/pixdesc.o
CC	libavutil/pixelutils.o
CC	libavutil/random_seed.o
CC	libavutil/rational.o
CC	libavutil/raw_color_params.o
CC	libavutil/refstruct.o
CC	libavutil/ripemd.o
CC	libavutil/sha.o
CC	libavutil/sha512.o
CC	libavutil/side_data.o
CC	libavutil/slicethread.o
CC	libavutil/stereo3d.o
CC	libavutil/tdrdi.o
CC	libavutil/tea.o
CC	libavutil/threadmessage.o
CC	libavutil/time.o
CC	libavutil/timecode.o
CC	libavutil/timestamp.o
CC	libavutil/twofish.o
CC	libavutil/tx.o
CC	libavutil/tx_double.o
CC	libavutil/tx_float.o
CC	libavutil/tx_int32.o
CC	libavutil/utils.o
CC	libavutil/version.o
CC	libavutil/video_enc_params.o
CC	libavutil/video_hint.o
CC	libavutil/x86/aes_init.o
CC	libavutil/x86/cpu.o
CC	libavutil/x86/fixed_dsp_init.o
CC	libavutil/x86/float_dsp_init.o
CC	libavutil/x86/imgutils_init.o
CC	libavutil/x86/lls_init.o
CC	libavutil/x86/tx_float_init.o
CC	libavutil/xtea.o
GEN	libavutil/libavutil.ver
LD	libavutil/libavutil.so.61
LD	libswscale/libswscale.so.10
CC	libavformat/3dostr.o
CC	libavformat/4xm.o
CC	libavformat/a64.o
CC	libavformat/aacdec.o
CC	libavformat/aadec.o
CC	libavformat/aaxdec.o
CC	libavformat/ac3dec.o
CC	libavformat/ac4dec.o
CC	libavformat/ac4enc.o
CC	libavformat/acedec.o
CC	libavformat/acm.o
CC	libavformat/act.o
CC	libavformat/adp.o
CC	libavformat/ads.o
CC	libavformat/adtsenc.o
CC	libavformat/adxdec.o
CC	libavformat/aeadec.o
CC	libavformat/aeaenc.o
CC	libavformat/afc.o
CC	libavformat/aiff.o
CC	libavformat/aiffdec.o
CC	libavformat/aiffenc.o
CC	libavformat/aixdec.o
CC	libavformat/allformats.o
CC	libavformat/alp.o
CC	libavformat/amr.o
CC	libavformat/amvenc.o
CC	libavformat/anm.o
CC	libavformat/apac.o
CC	libavformat/apc.o
CC	libavformat/ape.o
CC	libavformat/apetag.o
CC	libavformat/apm.o
CC	libavformat/apngdec.o
CC	libavformat/apngenc.o
CC	libavformat/aptxdec.o
CC	libavformat/apv.o
CC	libavformat/apvdec.o
CC	libavformat/apvenc.o
CC	libavformat/aqtitledec.o
CC	libavformat/argo_asf.o
CC	libavformat/argo_brp.o
CC	libavformat/argo_cvg.o
CC	libavformat/asf.o
CC	libavformat/asf_tags.o
CC	libavformat/asfcrypt.o
CC	libavformat/asfdec_f.o
CC	libavformat/asfdec_o.o
CC	libavformat/asfenc.o
CC	libavformat/assdec.o
CC	libavformat/assenc.o
CC	libavformat/ast.o
CC	libavformat/astdec.o
CC	libavformat/astenc.o
CC	libavformat/async.o
CC	libavformat/au.o
CC	libavformat/av1.o
CC	libavformat/av1dec.o
CC	libavformat/avc.o
CC	libavformat/avformat.o
CC	libavformat/avidec.o
CC	libavformat/avienc.o
CC	libavformat/avio.o
CC	libavformat/aviobuf.o
CC	libavformat/avr.o
CC	libavformat/avs.o
CC	libavformat/avs2dec.o
CC	libavformat/avs3dec.o
CC	libavformat/bethsoftvid.o
CC	libavformat/bfi.o
CC	libavformat/bink.o
CC	libavformat/binka.o
CC	libavformat/bintext.o
CC	libavformat/bit.o
CC	libavformat/bmv.o
CC	libavformat/boadec.o
CC	libavformat/bonk.o
CC	libavformat/brstm.o
CC	libavformat/c93.o
CC	libavformat/cache.o
CC	libavformat/caf.o
CC	libavformat/cafdec.o
CC	libavformat/cafenc.o
CC	libavformat/cavsvideodec.o
CC	libavformat/cbs.o
CC	libavformat/cbs_apv.o
CC	libavformat/cbs_av1.o
CC	libavformat/cdg.o
CC	libavformat/cdxl.o
CC	libavformat/cinedec.o
CC	libavformat/codec2.o
CC	libavformat/codecstring.o
CC	libavformat/concatdec.o
CC	libavformat/crcenc.o
CC	libavformat/dash.o
CC	libavformat/dashenc.o
CC	libavformat/data_uri.o
CC	libavformat/dauddec.o
CC	libavformat/daudenc.o
CC	libavformat/dcstr.o
CC	libavformat/demux.o
CC	libavformat/demux_utils.o
CC	libavformat/derf.o
CC	libavformat/dfa.o
CC	libavformat/dfpwmdec.o
CC	libavformat/dhav.o
CC	libavformat/diracdec.o
CC	libavformat/dnxhddec.o
CC	libavformat/dovi_isom.o
CC	libavformat/dsfdec.o
CC	libavformat/dsicin.o
CC	libavformat/dss.o
CC	libavformat/dtsdec.o
CC	libavformat/dtshddec.o
CC	libavformat/dump.o
CC	libavformat/dv.o
CC	libavformat/dvbsub.o
CC	libavformat/dvbtxt.o
CC	libavformat/dvdclut.o
CC	libavformat/dvenc.o
CC	libavformat/dxa.o
CC	libavformat/eacdata.o
CC	libavformat/electronicarts.o
CC	libavformat/epafdec.o
CC	libavformat/evc.o
CC	libavformat/evcdec.o
CC	libavformat/ffmetadec.o
CC	libavformat/ffmetaenc.o
CC	libavformat/fifo.o
CC	libavformat/file.o
CC	libavformat/filmstripdec.o
CC	libavformat/filmstripenc.o
CC	libavformat/fitsdec.o
CC	libavformat/fitsenc.o
CC	libavformat/flac_picture.o
CC	libavformat/flacdec.o
CC	libavformat/flacenc.o
CC	libavformat/flacenc_header.o
CC	libavformat/flic.o
CC	libavformat/flvdec.o
CC	libavformat/flvenc.o
CC	libavformat/format.o
CC	libavformat/framecrcenc.o
CC	libavformat/framehash.o
CC	libavformat/frmdec.o
CC	libavformat/fsb.o
CC	libavformat/ftp.o
CC	libavformat/fwse.o
CC	libavformat/g722.o
CC	libavformat/g723_1.o
CC	libavformat/g726.o
CC	libavformat/g728dec.o
CC	libavformat/g729dec.o
CC	libavformat/gdv.o
CC	libavformat/genh.o
CC	libavformat/gif.o
CC	libavformat/gifdec.o
CC	libavformat/gopher.o
CC	libavformat/gsmdec.o
CC	libavformat/gxf.o
CC	libavformat/gxfenc.o
CC	libavformat/h261dec.o
CC	libavformat/h263dec.o
CC	libavformat/h264dec.o
CC	libavformat/hashenc.o
CC	libavformat/hca.o
CC	libavformat/hcom.o
CC	libavformat/hdsenc.o
CC	libavformat/hevc.o
CC	libavformat/hevcdec.o
CC	libavformat/hls.o
CC	libavformat/hls_sample_encryption.o
CC	libavformat/hlsenc.o
CC	libavformat/hlsplaylist.o
CC	libavformat/hnm.o
CC	libavformat/http.o
CC	libavformat/httpauth.o
CC	libavformat/hxvs.o
CC	libavformat/iamf.o
CC	libavformat/iamf_parse.o
CC	libavformat/iamf_reader.o
CC	libavformat/iamf_writer.o
CC	libavformat/iamfdec.o
CC	libavformat/iamfenc.o
CC	libavformat/icecast.o
CC	libavformat/icodec.o
CC	libavformat/icoenc.o
CC	libavformat/id3v1.o
CC	libavformat/id3v2.o
CC	libavformat/id3v2enc.o
CC	libavformat/idcin.o
CC	libavformat/idroqdec.o
CC	libavformat/idroqenc.o
CC	libavformat/iff.o
CC	libavformat/ifv.o
CC	libavformat/ilbc.o
CC	libavformat/img2.o
CC	libavformat/img2_alias_pix.o
CC	libavformat/img2_brender_pix.o
CC	libavformat/img2dec.o
CC	libavformat/img2enc.o
CC	libavformat/imx.o
CC	libavformat/ingenientdec.o
CC	libavformat/ip.o
CC	libavformat/ipmovie.o
CC	libavformat/ipudec.o
CC	libavformat/ircam.o
CC	libavformat/ircamdec.o
CC	libavformat/ircamenc.o
CC	libavformat/isom.o
CC	libavformat/isom_tags.o
CC	libavformat/iss.o
CC	libavformat/iterm2enc.o
CC	libavformat/iv8.o
CC	libavformat/ivfdec.o
CC	libavformat/ivfenc.o
CC	libavformat/jacosubdec.o
CC	libavformat/jacosubenc.o
CC	libavformat/jpegxl_anim_dec.o
CC	libavformat/jvdec.o
CC	libavformat/kvag.o
CC	libavformat/lafdec.o
CC	libavformat/latmenc.o
CC	libavformat/lc3.o
CC	libavformat/lcevc.o
CC	libavformat/lmlm4.o
CC	libavformat/loasdec.o
CC	libavformat/lrc.o
CC	libavformat/lrcdec.o
CC	libavformat/lrcenc.o
CC	libavformat/luodatdec.o
CC	libavformat/lvfdec.o
CC	libavformat/lxfdec.o
CC	libavformat/m4vdec.o
CC	libavformat/matroska.o
CC	libavformat/matroskadec.o
CC	libavformat/matroskaenc.o
CC	libavformat/mca.o
CC	libavformat/mccdec.o
CC	libavformat/mccenc.o
CC	libavformat/md5proto.o
CC	libavformat/metadata.o
CC	libavformat/mgsts.o
CC	libavformat/microdvddec.o
CC	libavformat/microdvdenc.o
CC	libavformat/mj2kdec.o
CC	libavformat/mkvtimestamp_v2.o
CC	libavformat/mlpdec.o
CC	libavformat/mlvdec.o
CC	libavformat/mm.o
CC	libavformat/mmf.o
CC	libavformat/mms.o
CC	libavformat/mmsh.o
CC	libavformat/mmst.o
CC	libavformat/mods.o
CC	libavformat/moflex.o
CC	libavformat/mov.o
CC	libavformat/mov_chan.o
CC	libavformat/mov_esds.o
CC	libavformat/movenc.o
CC	libavformat/movenc_ttml.o
CC	libavformat/movenccenc.o
CC	libavformat/movenchint.o
CC	libavformat/mp3dec.o
CC	libavformat/mp3enc.o
CC	libavformat/mpc.o
CC	libavformat/mpc8.o
CC	libavformat/mpeg.o
CC	libavformat/mpegenc.o
CC	libavformat/mpegts.o
CC	libavformat/mpegtsenc.o
CC	libavformat/mpegvideodec.o
CC	libavformat/mpjpeg.o
CC	libavformat/mpjpegdec.o
CC	libavformat/mpl2dec.o
CC	libavformat/mpsubdec.o
CC	libavformat/msf.o
CC	libavformat/msnwc_tcp.o
CC	libavformat/mspdec.o
CC	libavformat/mtaf.o
CC	libavformat/mtv.o
CC	libavformat/musx.o
CC	libavformat/mux.o
CC	libavformat/mux_utils.o
CC	libavformat/mvdec.o
CC	libavformat/mvi.o
CC	libavformat/mvrdec.o
CC	libavformat/mxf.o
CC	libavformat/mxfdec.o
CC	libavformat/mxfenc.o
CC	libavformat/mxg.o
CC	libavformat/ncdec.o
CC	libavformat/network.o
CC	libavformat/nistspheredec.o
CC	libavformat/nspdec.o
CC	libavformat/nsvdec.o
CC	libavformat/nullenc.o
CC	libavformat/nut.o
CC	libavformat/nutdec.o
CC	libavformat/nutenc.o
CC	libavformat/nuv.o
CC	libavformat/oggdec.o
CC	libavformat/oggenc.o
CC	libavformat/oggparsedirac.o
CC	libavformat/oggparseflac.o
CC	libavformat/oggparseogm.o
CC	libavformat/oggparseopus.o
CC	libavformat/oggparseskeleton.o
CC	libavformat/oggparsespeex.o
CC	libavformat/oggparsetheora.o
CC	libavformat/oggparsevorbis.o
CC	libavformat/oggparsevp8.o
CC	libavformat/oma.o
CC	libavformat/omadec.o
CC	libavformat/omaenc.o
CC	libavformat/options.o
CC	libavformat/os_support.o
CC	libavformat/osq.o
CC	libavformat/packet_list.o
CC	libavformat/paf.o
CC	libavformat/pcm.o
CC	libavformat/pcmdec.o
CC	libavformat/pcmenc.o
CC	libavformat/pdvdec.o
CC	libavformat/pdvenc.o
CC	libavformat/pjsdec.o
CC	libavformat/pmpdec.o
CC	libavformat/pp_bnk.o
CC	libavformat/prompeg.o
CC	libavformat/psxstr.o
CC	libavformat/pva.o
CC	libavformat/pvfdec.o
CC	libavformat/qcp.o
CC	libavformat/qoadec.o
CC	libavformat/qtpalette.o
CC	libavformat/r3d.o
CC	libavformat/rawdec.o
CC	libavformat/rawenc.o
CC	libavformat/rawutils.o
CC	libavformat/rawvideodec.o
CC	libavformat/rcwtdec.o
CC	libavformat/rcwtenc.o
CC	libavformat/rdt.o
CC	libavformat/realtextdec.o
CC	libavformat/redspark.o
CC	libavformat/replaygain.o
CC	libavformat/riff.o
CC	libavformat/riffdec.o
CC	libavformat/riffenc.o
CC	libavformat/rka.o
CC	libavformat/rl2.o
CC	libavformat/rm.o
CC	libavformat/rmdec.o
CC	libavformat/rmenc.o
CC	libavformat/rpl.o
CC	libavformat/rsd.o
CC	libavformat/rso.o
CC	libavformat/rsodec.o
CC	libavformat/rsoenc.o
CC	libavformat/rtmpdigest.o
CC	libavformat/rtmphttp.o
CC	libavformat/rtmppkt.o
CC	libavformat/rtmpproto.o
CC	libavformat/rtp.o
CC	libavformat/rtpdec.o
CC	libavformat/rtpdec_ac3.o
CC	libavformat/rtpdec_amr.o
CC	libavformat/rtpdec_asf.o
CC	libavformat/rtpdec_av1.o
CC	libavformat/rtpdec_dv.o
CC	libavformat/rtpdec_g726.o
CC	libavformat/rtpdec_h261.o
CC	libavformat/rtpdec_h263.o
CC	libavformat/rtpdec_h263_rfc2190.o
CC	libavformat/rtpdec_h264.o
CC	libavformat/rtpdec_hevc.o
CC	libavformat/rtpdec_ilbc.o
CC	libavformat/rtpdec_jpeg.o
CC	libavformat/rtpdec_latm.o
CC	libavformat/rtpdec_mpa_robust.o
CC	libavformat/rtpdec_mpeg12.o
CC	libavformat/rtpdec_mpeg4.o
CC	libavformat/rtpdec_mpegts.o
CC	libavformat/rtpdec_opus.o
CC	libavformat/rtpdec_qcelp.o
CC	libavformat/rtpdec_qdm2.o
CC	libavformat/rtpdec_qt.o
CC	libavformat/rtpdec_rfc4175.o
CC	libavformat/rtpdec_svq3.o
CC	libavformat/rtpdec_vc2hq.o
CC	libavformat/rtpdec_vp8.o
CC	libavformat/rtpdec_vp9.o
CC	libavformat/rtpdec_xiph.o
CC	libavformat/rtpenc.o
CC	libavformat/rtpenc_aac.o
CC	libavformat/rtpenc_amr.o
CC	libavformat/rtpenc_av1.o
CC	libavformat/rtpenc_chain.o
CC	libavformat/rtpenc_h261.o
CC	libavformat/rtpenc_h263.o
CC	libavformat/rtpenc_h263_rfc2190.o
CC	libavformat/rtpenc_h264_hevc.o
CC	libavformat/rtpenc_jpeg.o
CC	libavformat/rtpenc_latm.o
CC	libavformat/rtpenc_mpegts.o
CC	libavformat/rtpenc_mpv.o
CC	libavformat/rtpenc_rfc4175.o
CC	libavformat/rtpenc_vc2hq.o
CC	libavformat/rtpenc_vp8.o
CC	libavformat/rtpenc_vp9.o
CC	libavformat/rtpenc_xiph.o
CC	libavformat/rtpproto.o
CC	libavformat/rtsp.o
CC	libavformat/rtspdec.o
CC	libavformat/rtspenc.o
CC	libavformat/s337m.o
CC	libavformat/samidec.o
CC	libavformat/sapdec.o
CC	libavformat/sapenc.o
CC	libavformat/sauce.o
CC	libavformat/sbcdec.o
CC	libavformat/sbgdec.o
CC	libavformat/sccdec.o
CC	libavformat/sccenc.o
CC	libavformat/scd.o
CC	libavformat/sdns.o
CC	libavformat/sdp.o
CC	libavformat/sdr2.o
CC	libavformat/sdsdec.o
CC	libavformat/sdxdec.o
CC	libavformat/seek.o
CC	libavformat/segafilm.o
CC	libavformat/segafilmenc.o
CC	libavformat/segment.o
CC	libavformat/serdec.o
CC	libavformat/sga.o
CC	libavformat/shared.o
CC	libavformat/shortendec.o
CC	libavformat/sierravmd.o
CC	libavformat/siff.o
CC	libavformat/smacker.o
CC	libavformat/smjpeg.o
CC	libavformat/smjpegdec.o
CC	libavformat/smjpegenc.o
CC	libavformat/smoothstreamingenc.o
CC	libavformat/smush.o
CC	libavformat/sol.o
CC	libavformat/soxdec.o
CC	libavformat/soxenc.o
CC	libavformat/spdif.o
CC	libavformat/spdifdec.o
CC	libavformat/spdifenc.o
CC	libavformat/srtdec.o
CC	libavformat/srtenc.o
CC	libavformat/srtp.o
CC	libavformat/srtpproto.o
CC	libavformat/stldec.o
CC	libavformat/subfile.o
CC	libavformat/subtitles.o
CC	libavformat/subviewer1dec.o
CC	libavformat/subviewerdec.o
CC	libavformat/supdec.o
CC	libavformat/supenc.o
CC	libavformat/svag.o
CC	libavformat/svs.o
CC	libavformat/swf.o
CC	libavformat/swfdec.o
CC	libavformat/swfenc.o
CC	libavformat/takdec.o
CC	libavformat/tcp.o
CC	libavformat/tedcaptionsdec.o
CC	libavformat/tee.o
CC	libavformat/thp.o
CC	libavformat/tiertexseq.o
CC	libavformat/tmv.o
CC	libavformat/tta.o
CC	libavformat/ttaenc.o
CC	libavformat/ttmlenc.o
CC	libavformat/tty.o
CC	libavformat/txd.o
CC	libavformat/ty.o
CC	libavformat/udp.o
CC	libavformat/uncodedframecrcenc.o
CC	libavformat/unix.o
CC	libavformat/url.o
CC	libavformat/usmdec.o
CC	libavformat/utils.o
CC	libavformat/vag.o
CC	libavformat/vc1dec.o
CC	libavformat/vc1test.o
CC	libavformat/vc1testenc.o
CC	libavformat/version.o
CC	libavformat/vividas.o
CC	libavformat/vivo.o
CC	libavformat/voc.o
CC	libavformat/voc_packet.o
CC	libavformat/vocdec.o
CC	libavformat/vocenc.o
CC	libavformat/vorbiscomment.o
CC	libavformat/vpcc.o
CC	libavformat/vpk.o
CC	libavformat/vplayerdec.o
CC	libavformat/vqf.o
CC	libavformat/vvc.o
CC	libavformat/vvcdec.o
CC	libavformat/wady.o
CC	libavformat/wavarc.o
CC	libavformat/wavdec.o
CC	libavformat/wavenc.o
CC	libavformat/wc3movie.o
CC	libavformat/webm_chunk.o
CC	libavformat/webmdashenc.o
CC	libavformat/webp_anim_dec.o
CC	libavformat/webpenc.o
CC	libavformat/webvttdec.o
CC	libavformat/webvttenc.o
CC	libavformat/westwood_aud.o
CC	libavformat/westwood_audenc.o
CC	libavformat/westwood_vqa.o
CC	libavformat/wsddec.o
CC	libavformat/wtv_common.o
CC	libavformat/wtvdec.o
CC	libavformat/wtvenc.o
CC	libavformat/wv.o
CC	libavformat/wvdec.o
CC	libavformat/wvedec.o
CC	libavformat/wvenc.o
CC	libavformat/xa.o
CC	libavformat/xmd.o
CC	libavformat/xmv.o
CC	libavformat/xvag.o
CC	libavformat/xwma.o
CC	libavformat/yop.o
CC	libavformat/yuv4mpegdec.o
CC	libavformat/yuv4mpegenc.o
CC	libavformat/h2645_parse.o
CC	libavformat/jpegxl_parse.o
CC	libavformat/rangecoder_dec.o
CC	libavformat/to_upper4.o
GEN	libavformat/libavformat.ver
CC	libavcodec/012v.o
CC	libavcodec/4xm.o
CC	libavcodec/8bps.o
CC	libavcodec/8svx.o
CC	libavcodec/a64multienc.o
CC	libavcodec/aac/aacdec.o
CC	libavcodec/aac/aacdec_ac.o
CC	libavcodec/aac/aacdec_fixed.o
CC	libavcodec/aac/aacdec_float.o
CC	libavcodec/aac/aacdec_lpd.o
CC	libavcodec/aac/aacdec_tab.o
CC	libavcodec/aac/aacdec_usac.o
CC	libavcodec/aac/aacdec_usac_mps212.o
CC	libavcodec/aac_ac3_parser.o
CC	libavcodec/aac_parser.o
CC	libavcodec/aaccoder.o
CC	libavcodec/aacenc.o
CC	libavcodec/aacenc_is.o
CC	libavcodec/aacenc_tns.o
CC	libavcodec/aacencdsp.o
CC	libavcodec/aacps_common.o
CC	libavcodec/aacps_fixed.o
CC	libavcodec/aacps_float.o
CC	libavcodec/aacpsdsp_fixed.o
CC	libavcodec/aacpsdsp_float.o
CC	libavcodec/aacpsy.o
CC	libavcodec/aacsbr.o
CC	libavcodec/aacsbr_fixed.o
CC	libavcodec/aactab.o
CC	libavcodec/aasc.o
CC	libavcodec/ac3.o
CC	libavcodec/ac3_parser.o
CC	libavcodec/ac3dec_data.o
CC	libavcodec/ac3dec_fixed.o
CC	libavcodec/ac3dec_float.o
CC	libavcodec/ac3dsp.o
CC	libavcodec/ac3enc.o
CC	libavcodec/ac3enc_fixed.o
CC	libavcodec/ac3enc_float.o
CC	libavcodec/acelp_filters.o
CC	libavcodec/acelp_pitch_delay.o
CC	libavcodec/acelp_vectors.o
CC	libavcodec/adpcm.o
CC	libavcodec/adpcmenc.o
CC	libavcodec/adts_header.o
CC	libavcodec/adts_parser.o
CC	libavcodec/adx.o
CC	libavcodec/adx_parser.o
CC	libavcodec/adxdec.o
CC	libavcodec/adxenc.o
CC	libavcodec/agm.o
CC	libavcodec/aic.o
CC	libavcodec/alac.o
CC	libavcodec/alacdsp.o
CC	libavcodec/alacenc.o
CC	libavcodec/aliaspixdec.o
CC	libavcodec/aliaspixenc.o
CC	libavcodec/allcodecs.o
CC	libavcodec/alsdec.o
CC	libavcodec/amr_parser.o
CC	libavcodec/amrnbdec.o
CC	libavcodec/amrwbdec.o
CC	libavcodec/anm.o
CC	libavcodec/ansi.o
CC	libavcodec/aom_film_grain.o
CC	libavcodec/apac.o
CC	libavcodec/apedec.o
CC	libavcodec/aptx.o
CC	libavcodec/aptxdec.o
CC	libavcodec/aptxenc.o
CC	libavcodec/apv_decode.o
CC	libavcodec/apv_dsp.o
CC	libavcodec/apv_entropy.o
CC	libavcodec/apv_parser.o
CC	libavcodec/arbc.o
CC	libavcodec/argo.o
CC	libavcodec/ass.o
CC	libavcodec/assdec.o
CC	libavcodec/assenc.o
CC	libavcodec/asv.o
CC	libavcodec/asvdec.o
CC	libavcodec/asvenc.o
CC	libavcodec/atrac.o
CC	libavcodec/atrac1.o
CC	libavcodec/atrac3.o
CC	libavcodec/atrac3plus.o
CC	libavcodec/atrac3plusdec.o
CC	libavcodec/atrac3plusdsp.o
CC	libavcodec/atrac9dec.o
CC	libavcodec/atsc_a53.o
CC	libavcodec/audio_frame_queue.o
CC	libavcodec/audiodsp.o
CC	libavcodec/aura.o
CC	libavcodec/av1_parse.o
CC	libavcodec/av1_parser.o
CC	libavcodec/av1dec.o
CC	libavcodec/avcodec.o
CC	libavcodec/avdct.o
CC	libavcodec/avrndec.o
CC	libavcodec/avs.o
CC	libavcodec/avs2_parser.o
CC	libavcodec/avs3_parser.o
CC	libavcodec/avuidec.o
CC	libavcodec/avuienc.o
CC	libavcodec/bethsoftvideo.o
CC	libavcodec/bfi.o
CC	libavcodec/bgmc.o
CC	libavcodec/bink.o
CC	libavcodec/binkaudio.o
CC	libavcodec/bintext.o
CC	libavcodec/bitpacked_dec.o
CC	libavcodec/bitpacked_enc.o
CC	libavcodec/bitstream.o
CC	libavcodec/bitstream_filters.o
CC	libavcodec/bitstreamfilter.o
CC	libavcodec/blockdsp.o
CC	libavcodec/bmp.o
CC	libavcodec/bmp_parser.o
CC	libavcodec/bmpenc.o
CC	libavcodec/bmvaudio.o
CC	libavcodec/bmvvideo.o
CC	libavcodec/bonk.o
CC	libavcodec/brenderpix.o
CC	libavcodec/bsf.o
CC	libavcodec/bsf/aac_adtstoasc.o
CC	libavcodec/bsf/apv_metadata.o
CC	libavcodec/bsf/av1_frame_merge.o
CC	libavcodec/bsf/av1_frame_split.o
CC	libavcodec/bsf/av1_metadata.o
CC	libavcodec/bsf/chomp.o
CC	libavcodec/bsf/dca_core.o
CC	libavcodec/bsf/dovi_rpu.o
CC	libavcodec/bsf/dovi_split.o
CC	libavcodec/bsf/dts2pts.o
CC	libavcodec/bsf/dump_extradata.o
CC	libavcodec/bsf/dv_error_marker.o
CC	libavcodec/bsf/eac3_core.o
CC	libavcodec/bsf/eia608_to_smpte436m.o
CC	libavcodec/bsf/evc_frame_merge.o
CC	libavcodec/bsf/extract_extradata.o
CC	libavcodec/bsf/filter_units.o
CC	libavcodec/bsf/h264_metadata.o
CC	libavcodec/bsf/h264_mp4toannexb.o
CC	libavcodec/bsf/h264_redundant_pps.o
CC	libavcodec/bsf/h265_metadata.o
CC	libavcodec/bsf/h266_metadata.o
CC	libavcodec/bsf/hapqa_extract.o
CC	libavcodec/bsf/hevc_mp4toannexb.o
CC	libavcodec/bsf/imx_dump_header.o
CC	libavcodec/bsf/lcevc_merge.o
CC	libavcodec/bsf/lcevc_metadata.o
CC	libavcodec/bsf/media100_to_mjpegb.o
CC	libavcodec/bsf/mjpeg2jpeg.o
CC	libavcodec/bsf/mjpega_dump_header.o
CC	libavcodec/bsf/movsub.o
CC	libavcodec/bsf/mpeg2_metadata.o
CC	libavcodec/bsf/mpeg4_unpack_bframes.o
CC	libavcodec/bsf/noise.o
CC	libavcodec/bsf/null.o
CC	libavcodec/bsf/opus_metadata.o
CC	libavcodec/bsf/packetsync.o
CC	libavcodec/bsf/pcm_rechunk.o
CC	libavcodec/bsf/pgs_frame_merge.o
CC	libavcodec/bsf/prores_metadata.o
CC	libavcodec/bsf/remove_extradata.o
CC	libavcodec/bsf/setts.o
CC	libavcodec/bsf/showinfo.o
CC	libavcodec/bsf/sink.o
CC	libavcodec/bsf/smpte436m_to_eia608.o
CC	libavcodec/bsf/source.o
CC	libavcodec/bsf/trace_headers.o
CC	libavcodec/bsf/truehd_core.o
CC	libavcodec/bsf/vp9_metadata.o
CC	libavcodec/bsf/vp9_raw_reorder.o
CC	libavcodec/bsf/vp9_superframe.o
CC	libavcodec/bsf/vp9_superframe_split.o
CC	libavcodec/bsf/vvc_mp4toannexb.o
CC	libavcodec/bsfgraph.o
CC	libavcodec/bswapdsp.o
CC	libavcodec/c93.o
CC	libavcodec/cabac.o
CC	libavcodec/canopus.o
CC	libavcodec/cavs.o
CC	libavcodec/cavs_parser.o
CC	libavcodec/cavsdata.o
CC	libavcodec/cavsdec.o
CC	libavcodec/cavsdsp.o
CC	libavcodec/cbrt_data.o
CC	libavcodec/cbrt_data_fixed.o
CC	libavcodec/cbrt_tablegen_common.o
CC	libavcodec/cbs.o
CC	libavcodec/cbs_apv.o
CC	libavcodec/cbs_av1.o
CC	libavcodec/cbs_bsf.o
CC	libavcodec/cbs_h264.o
CC	libavcodec/cbs_h2645.o
CC	libavcodec/cbs_h265.o
CC	libavcodec/cbs_h266.o
CC	libavcodec/cbs_lcevc.o
CC	libavcodec/cbs_mpeg2.o
CC	libavcodec/cbs_sei.o
CC	libavcodec/cbs_vp8.o
CC	libavcodec/cbs_vp9.o
CC	libavcodec/ccaption_dec.o
CC	libavcodec/cdgraphics.o
CC	libavcodec/cdtoons.o
CC	libavcodec/cdxl.o
CC	libavcodec/celp_filters.o
CC	libavcodec/celp_math.o
CC	libavcodec/cfhd.o
CC	libavcodec/cfhddata.o
CC	libavcodec/cfhddsp.o
CC	libavcodec/cfhdenc.o
CC	libavcodec/cfhdencdsp.o
CC	libavcodec/cinepak.o
CC	libavcodec/cinepakenc.o
CC	libavcodec/clearvideo.o
CC	libavcodec/cljrdec.o
CC	libavcodec/cljrenc.o
CC	libavcodec/cllc.o
CC	libavcodec/cngdec.o
CC	libavcodec/cngenc.o
CC	libavcodec/codec_desc.o
CC	libavcodec/codec_par.o
CC	libavcodec/cook.o
CC	libavcodec/cook_parser.o
CC	libavcodec/cpia.o
CC	libavcodec/cri.o
CC	libavcodec/cri_parser.o
CC	libavcodec/cscd.o
CC	libavcodec/cuviddec.o
CC	libavcodec/cyuv.o
CC	libavcodec/d3d11va.o
CC	libavcodec/dca.o
CC	libavcodec/dca_core.o
CC	libavcodec/dca_exss.o
CC	libavcodec/dca_lbr.o
CC	libavcodec/dca_parser.o
CC	libavcodec/dca_xll.o
CC	libavcodec/dcaadpcm.o
CC	libavcodec/dcadata.o
CC	libavcodec/dcadct.o
CC	libavcodec/dcadec.o
CC	libavcodec/dcadsp.o
CC	libavcodec/dcaenc.o
CC	libavcodec/dct32_fixed.o
CC	libavcodec/dct32_float.o
CC	libavcodec/dds.o
CC	libavcodec/decode.o
CC	libavcodec/dfa.o
CC	libavcodec/dfpwmdec.o
CC	libavcodec/dfpwmenc.o
CC	libavcodec/dirac.o
CC	libavcodec/dirac_arith.o
CC	libavcodec/dirac_dwt.o
CC	libavcodec/dirac_parser.o
CC	libavcodec/dirac_vlc.o
CC	libavcodec/diracdec.o
CC	libavcodec/diracdsp.o
CC	libavcodec/dnxhd_parser.o
CC	libavcodec/dnxhddata.o
CC	libavcodec/dnxhddec.o
CC	libavcodec/dnxhdenc.o
CC	libavcodec/dnxuc_parser.o
CC	libavcodec/dolby_e.o
CC	libavcodec/dolby_e_parse.o
CC	libavcodec/dolby_e_parser.o
CC	libavcodec/dovi_rpu.o
CC	libavcodec/dovi_rpudec.o
CC	libavcodec/dovi_rpuenc.o
CC	libavcodec/dpcm.o
CC	libavcodec/dpx.o
CC	libavcodec/dpx_parser.o
CC	libavcodec/dpxenc.o
CC	libavcodec/dsd.o
CC	libavcodec/dsddec.o
CC	libavcodec/dsicinaudio.o
CC	libavcodec/dsicinvideo.o
CC	libavcodec/dss_sp.o
CC	libavcodec/dstdec.o
CC	libavcodec/dv_profile.o
CC	libavcodec/dvaudio_parser.o
CC	libavcodec/dvaudiodec.o
CC	libavcodec/dvbsub_parser.o
CC	libavcodec/dvbsubdec.o
CC	libavcodec/dvbsubenc.o
CC	libavcodec/dvd_nav_parser.o
CC	libavcodec/dvdec.o
CC	libavcodec/dvdsub_parser.o
CC	libavcodec/dvdsubdec.o
CC	libavcodec/dvdsubenc.o
CC	libavcodec/dvenc.o
CC	libavcodec/dxa.o
CC	libavcodec/dxtory.o
CC	libavcodec/dxv.o
CC	libavcodec/dxvenc.o
CC	libavcodec/dynamic_hdr_vivid.o
CC	libavcodec/eac3enc.o
CC	libavcodec/eacmv.o
CC	libavcodec/eaidct.o
CC	libavcodec/eamad.o
CC	libavcodec/eatgq.o
CC	libavcodec/eatgv.o
CC	libavcodec/eatqi.o
CC	libavcodec/elbg.o
CC	libavcodec/elsdec.o
CC	libavcodec/encode.o
CC	libavcodec/error_resilience.o
CC	libavcodec/escape124.o
CC	libavcodec/escape130.o
CC	libavcodec/evc_parse.o
CC	libavcodec/evc_parser.o
CC	libavcodec/evc_ps.o
CC	libavcodec/evrcdec.o
CC	libavcodec/executor.o
CC	libavcodec/exif.o
CC	libavcodec/exr.o
CC	libavcodec/exrdsp.o
CC	libavcodec/exrenc.o
CC	libavcodec/faandct.o
CC	libavcodec/faanidct.o
CC	libavcodec/fastaudio.o
CC	libavcodec/faxcompr.o
CC	libavcodec/fdctdsp.o
CC	libavcodec/ffv1.o
CC	libavcodec/ffv1_parse.o
CC	libavcodec/ffv1_parser.o
CC	libavcodec/ffv1dec.o
CC	libavcodec/ffv1enc.o
CC	libavcodec/ffwavesynth.o
CC	libavcodec/fic.o
CC	libavcodec/fitsdec.o
CC	libavcodec/fitsenc.o
CC	libavcodec/flac.o
CC	libavcodec/flac_parser.o
CC	libavcodec/flacdec.o
CC	libavcodec/flacdsp.o
CC	libavcodec/flacenc.o
CC	libavcodec/flacencdsp.o
CC	libavcodec/flashsv.o
CC	libavcodec/flashsv2enc.o
CC	libavcodec/flashsvenc.o
CC	libavcodec/flicvideo.o
CC	libavcodec/flvdec.o
CC	libavcodec/flvenc.o
CC	libavcodec/fmtconvert.o
CC	libavcodec/fmvc.o
CC	libavcodec/frame_thread_encoder.o
CC	libavcodec/fraps.o
CC	libavcodec/frwu.o
CC	libavcodec/ftr.o
CC	libavcodec/ftr_parser.o
CC	libavcodec/g2meet.o
CC	libavcodec/g722.o
CC	libavcodec/g722dec.o
CC	libavcodec/g722dsp.o
CC	libavcodec/g722enc.o
CC	libavcodec/g723_1.o
CC	libavcodec/g723_1_parser.o
CC	libavcodec/g723_1dec.o
CC	libavcodec/g723_1enc.o
CC	libavcodec/g726.o
CC	libavcodec/g728dec.o
CC	libavcodec/g729_parser.o
CC	libavcodec/g729dec.o
CC	libavcodec/g729postfilter.o
CC	libavcodec/gdv.o
CC	libavcodec/gemdec.o
CC	libavcodec/get_buffer.o
CC	libavcodec/gif.o
CC	libavcodec/gif_parser.o
CC	libavcodec/gifdec.o
CC	libavcodec/gsm_parser.o
CC	libavcodec/gsmdec.o
CC	libavcodec/h261.o
CC	libavcodec/h261_parser.o
CC	libavcodec/h261data.o
CC	libavcodec/h261dec.o
CC	libavcodec/h261enc.o
CC	libavcodec/h263.o
CC	libavcodec/h263_parser.o
CC	libavcodec/h263dec.o
CC	libavcodec/h263dsp.o
CC	libavcodec/h2645_parse.o
CC	libavcodec/h2645_sei.o
CC	libavcodec/h2645_vui.o
CC	libavcodec/h264_cabac.o
CC	libavcodec/h264_cavlc.o
CC	libavcodec/h264_direct.o
CC	libavcodec/h264_loopfilter.o
CC	libavcodec/h264_mb.o
CC	libavcodec/h264_parse.o
CC	libavcodec/h264_parser.o
CC	libavcodec/h264_picture.o
CC	libavcodec/h264_ps.o
CC	libavcodec/h264_refs.o
CC	libavcodec/h264_sei.o
CC	libavcodec/h264_slice.o
CC	libavcodec/h264chroma.o
CC	libavcodec/h264data.o
CC	libavcodec/h264dec.o
CC	libavcodec/h264dsp.o
CC	libavcodec/h264idct.o
CC	libavcodec/h264pred.o
CC	libavcodec/h264qpel.o
CC	libavcodec/h265_profile_level.o
CC	libavcodec/h274.o
CC	libavcodec/hap.o
CC	libavcodec/hapdec.o
CC	libavcodec/hcadec.o
CC	libavcodec/hcom.o
CC	libavcodec/hdr_parser.o
CC	libavcodec/hdrdec.o
CC	libavcodec/hdrenc.o
CC	libavcodec/hevc/cabac.o
CC	libavcodec/hevc/dsp.o
CC	libavcodec/hevc/filter.o
CC	libavcodec/hevc/hevcdec.o
CC	libavcodec/hevc/mvs.o
CC	libavcodec/hevc/parse.o
CC	libavcodec/hevc/parser.o
CC	libavcodec/hevc/pred.o
CC	libavcodec/hevc/ps.o
CC	libavcodec/hevc/refs.o
CC	libavcodec/hevc/sei.o
CC	libavcodec/hnm4video.o
CC	libavcodec/hpeldsp.o
CC	libavcodec/hq_hqa.o
CC	libavcodec/hq_hqadsp.o
CC	libavcodec/hqx.o
CC	libavcodec/hqxdsp.o
CC	libavcodec/htmlsubtitles.o
CC	libavcodec/huffyuv.o
CC	libavcodec/huffyuvdec.o
CC	libavcodec/huffyuvdsp.o
CC	libavcodec/huffyuvenc.o
CC	libavcodec/huffyuvencdsp.o
CC	libavcodec/idcinvideo.o
CC	libavcodec/idctdsp.o
CC	libavcodec/iff.o
CC	libavcodec/ilbcdec.o
CC	libavcodec/imc.o
CC	libavcodec/imgconvert.o
CC	libavcodec/imm4.o
CC	libavcodec/imm5.o
CC	libavcodec/imx.o
CC	libavcodec/indeo2.o
CC	libavcodec/indeo3.o
CC	libavcodec/indeo4.o
CC	libavcodec/indeo5.o
CC	libavcodec/intelh263dec.o
CC	libavcodec/interplayacm.o
CC	libavcodec/interplayvideo.o
CC	libavcodec/intrax8.o
CC	libavcodec/intrax8dsp.o
CC	libavcodec/ipu_parser.o
CC	libavcodec/ituh263dec.o
CC	libavcodec/ituh263enc.o
CC	libavcodec/itut35.o
CC	libavcodec/ivi.o
CC	libavcodec/ivi_dsp.o
CC	libavcodec/j2kenc.o
CC	libavcodec/jacosubdec.o
CC	libavcodec/jfdctint.o
CC	libavcodec/jni.o
CC	libavcodec/jpeg2000.o
CC	libavcodec/jpeg2000_parser.o
CC	libavcodec/jpeg2000dec.o
CC	libavcodec/jpeg2000dsp.o
CC	libavcodec/jpeg2000htdec.o
CC	libavcodec/jpegls.o
CC	libavcodec/jpeglsdec.o
CC	libavcodec/jpeglsenc.o
CC	libavcodec/jpegxl_parse.o
CC	libavcodec/jpegxl_parser.o
CC	libavcodec/jpegxs_parser.o
CC	libavcodec/jrevdct.o
CC	libavcodec/jvdec.o
CC	libavcodec/kbdwin.o
CC	libavcodec/kgv1dec.o
CC	libavcodec/kmvc.o
CC	libavcodec/lagarith.o
CC	libavcodec/lagarithrac.o
CC	libavcodec/latm_parser.o
CC	libavcodec/lcevc_parser.o
CC	libavcodec/lcldec.o
CC	libavcodec/lclenc.o
CC	libavcodec/leaddec.o
CC	libavcodec/ljpegenc.o
CC	libavcodec/loco.o
CC	libavcodec/lossless_audiodsp.o
CC	libavcodec/lossless_videodsp.o
CC	libavcodec/lossless_videoencdsp.o
CC	libavcodec/lpc.o
CC	libavcodec/lscrdec.o
CC	libavcodec/lsp.o
CC	libavcodec/lzf.o
CC	libavcodec/lzw.o
CC	libavcodec/lzwenc.o
CC	libavcodec/m101.o
CC	libavcodec/mace.o
CC	libavcodec/magicyuv.o
CC	libavcodec/magicyuvenc.o
CC	libavcodec/mathtables.o
CC	libavcodec/mdec.o
CC	libavcodec/me_cmp.o
CC	libavcodec/mediacodec.o
CC	libavcodec/metasound.o
CC	libavcodec/microdvddec.o
CC	libavcodec/midivid.o
CC	libavcodec/mimic.o
CC	libavcodec/misc4.o
CC	libavcodec/misc4_parser.o
CC	libavcodec/mjpeg_parser.o
CC	libavcodec/mjpegbdec.o
CC	libavcodec/mjpegdec.o
CC	libavcodec/mjpegdec_common.o
CC	libavcodec/mjpegenc.o
CC	libavcodec/mjpegenc_common.o
CC	libavcodec/mjpegenc_huffman.o
CC	libavcodec/mlp.o
CC	libavcodec/mlp_parse.o
CC	libavcodec/mlp_parser.o
CC	libavcodec/mlpdec.o
CC	libavcodec/mlpdsp.o
CC	libavcodec/mlpenc.o
CC	libavcodec/mlz.o
CC	libavcodec/mmvideo.o
CC	libavcodec/mobiclip.o
CC	libavcodec/motion_est.o
CC	libavcodec/motionpixels.o
CC	libavcodec/movtextdec.o
CC	libavcodec/movtextenc.o
CC	libavcodec/mpc.o
CC	libavcodec/mpc7.o
CC	libavcodec/mpc8.o
CC	libavcodec/mpeg12.o
CC	libavcodec/mpeg12dec.o
CC	libavcodec/mpeg12enc.o
CC	libavcodec/mpeg4audio.o
CC	libavcodec/mpeg4video.o
CC	libavcodec/mpeg4video_parser.o
CC	libavcodec/mpeg4videodec.o
CC	libavcodec/mpeg4videodsp.o
CC	libavcodec/mpeg4videoenc.o
CC	libavcodec/mpeg_er.o
CC	libavcodec/mpegaudio.o
CC	libavcodec/mpegaudio_parser.o
CC	libavcodec/mpegaudiodata.o
CC	libavcodec/mpegaudiodec_common.o
CC	libavcodec/mpegaudiodec_fixed.o
CC	libavcodec/mpegaudiodec_float.o
CC	libavcodec/mpegaudiodecheader.o
CC	libavcodec/mpegaudiodsp.o
CC	libavcodec/mpegaudiodsp_fixed.o
CC	libavcodec/mpegaudiodsp_float.o
CC	libavcodec/mpegaudioenc.o
CC	libavcodec/mpegpicture.o
CC	libavcodec/mpegutils.o
CC	libavcodec/mpegvideo.o
CC	libavcodec/mpegvideo_dec.o
CC	libavcodec/mpegvideo_enc.o
CC	libavcodec/mpegvideo_motion.o
CC	libavcodec/mpegvideo_parser.o
CC	libavcodec/mpegvideo_unquantize.o
CC	libavcodec/mpegvideoencdsp.o
CC	libavcodec/mpl2dec.o
CC	libavcodec/mqcenc.o
CC	libavcodec/mscc.o
CC	libavcodec/msgsmdec.o
CC	libavcodec/msmpeg4.o
CC	libavcodec/msmpeg4_vc1_data.o
CC	libavcodec/msmpeg4dec.o
CC	libavcodec/msmpeg4enc.o
CC	libavcodec/msp2dec.o
CC	libavcodec/msrle.o
CC	libavcodec/msrledec.o
CC	libavcodec/msrleenc.o
CC	libavcodec/mss1.o
CC	libavcodec/mss12.o
CC	libavcodec/mss2.o
CC	libavcodec/mss2dsp.o
CC	libavcodec/mss3.o
CC	libavcodec/mss34dsp.o
CC	libavcodec/mss4.o
CC	libavcodec/msvideo1.o
CC	libavcodec/msvideo1enc.o
CC	libavcodec/mv30.o
CC	libavcodec/mvcdec.o
CC	libavcodec/mvha.o
CC	libavcodec/mwsc.o
CC	libavcodec/mxpegdec.o
CC	libavcodec/nellymoser.o
CC	libavcodec/nellymoserdec.o
CC	libavcodec/nellymoserenc.o
CC	libavcodec/notchlc.o
CC	libavcodec/null.o
CC	libavcodec/nuv.o
CC	libavcodec/nvdec.o
CC	libavcodec/nvdec_av1.o
CC	libavcodec/nvdec_h264.o
CC	libavcodec/nvdec_hevc.o
CC	libavcodec/nvdec_mjpeg.o
CC	libavcodec/nvdec_mpeg12.o
CC	libavcodec/nvdec_mpeg4.o
CC	libavcodec/nvdec_vc1.o
CC	libavcodec/nvdec_vp8.o
CC	libavcodec/nvdec_vp9.o
CC	libavcodec/nvenc.o
CC	libavcodec/nvenc_av1.o
CC	libavcodec/nvenc_h264.o
CC	libavcodec/nvenc_hevc.o
CC	libavcodec/on2avc.o
CC	libavcodec/options.o
CC	libavcodec/opus/celt.o
CC	libavcodec/opus/dec.o
CC	libavcodec/opus/dec_celt.o
CC	libavcodec/opus/dsp.o
CC	libavcodec/opus/enc.o
CC	libavcodec/opus/enc_psy.o
CC	libavcodec/opus/parse.o
CC	libavcodec/opus/parser.o
CC	libavcodec/opus/pvq.o
CC	libavcodec/opus/rc.o
CC	libavcodec/opus/silk.o
CC	libavcodec/opus/tab.o
CC	libavcodec/osq.o
CC	libavcodec/packet.o
CC	libavcodec/pafaudio.o
CC	libavcodec/pafvideo.o
CC	libavcodec/pamenc.o
CC	libavcodec/parser.o
CC	libavcodec/parsers.o
CC	libavcodec/pcm-bluray.o
CC	libavcodec/pcm-blurayenc.o
CC	libavcodec/pcm-dvd.o
CC	libavcodec/pcm-dvdenc.o
CC	libavcodec/pcm.o
CC	libavcodec/pcx.o
CC	libavcodec/pcxenc.o
CC	libavcodec/pdvdec.o
CC	libavcodec/pdvenc.o
CC	libavcodec/pgssubdec.o
CC	libavcodec/pgxdec.o
CC	libavcodec/photocd.o
CC	libavcodec/pictordec.o
CC	libavcodec/pixblockdsp.o
CC	libavcodec/pixlet.o
CC	libavcodec/png_parser.o
CC	libavcodec/pngdec.o
CC	libavcodec/pngdsp.o
CC	libavcodec/pngenc.o
CC	libavcodec/pnm.o
CC	libavcodec/pnm_parser.o
CC	libavcodec/pnmdec.o
CC	libavcodec/pnmenc.o
CC	libavcodec/profiles.o
CC	libavcodec/prores_parser.o
CC	libavcodec/prores_raw.o
CC	libavcodec/prores_raw_parser.o
CC	libavcodec/proresdec.o
CC	libavcodec/proresdsp.o
CC	libavcodec/proresenc_anatoliy.o
CC	libavcodec/proresenc_kostya.o
CC	libavcodec/proresenc_kostya_common.o
CC	libavcodec/prosumer.o
CC	libavcodec/psd.o
CC	libavcodec/psymodel.o
CC	libavcodec/pthread.o
CC	libavcodec/pthread_frame.o
CC	libavcodec/pthread_slice.o
CC	libavcodec/ptx.o
CC	libavcodec/qcelpdec.o
CC	libavcodec/qdm2.o
CC	libavcodec/qdmc.o
CC	libavcodec/qdrw.o
CC	libavcodec/qoadec.o
CC	libavcodec/qoi_parser.o
CC	libavcodec/qoidec.o
CC	libavcodec/qoienc.o
CC	libavcodec/qpeg.o
CC	libavcodec/qpeldsp.o
CC	libavcodec/qsv_api.o
CC	libavcodec/qtrle.o
CC	libavcodec/qtrleenc.o
CC	libavcodec/r210dec.o
CC	libavcodec/r210enc.o
CC	libavcodec/ra144.o
CC	libavcodec/ra144dec.o
CC	libavcodec/ra144enc.o
CC	libavcodec/ra288.o
CC	libavcodec/ralf.o
CC	libavcodec/rangecoder.o
CC	libavcodec/rasc.o
CC	libavcodec/ratecontrol.o
CC	libavcodec/raw.o
CC	libavcodec/rawdec.o
CC	libavcodec/rawenc.o
CC	libavcodec/realtextdec.o
CC	libavcodec/rka.o
CC	libavcodec/rl2.o
CC	libavcodec/roqaudioenc.o
CC	libavcodec/roqvideo.o
CC	libavcodec/roqvideodec.o
CC	libavcodec/roqvideoenc.o
CC	libavcodec/rpza.o
CC	libavcodec/rpzaenc.o
CC	libavcodec/rscc.o
CC	libavcodec/rtjpeg.o
CC	libavcodec/rtv1.o
CC	libavcodec/rv10.o
CC	libavcodec/rv10enc.o
CC	libavcodec/rv20enc.o
CC	libavcodec/rv30.o
CC	libavcodec/rv30dsp.o
CC	libavcodec/rv34.o
CC	libavcodec/rv34_parser.o
CC	libavcodec/rv34dsp.o
CC	libavcodec/rv40.o
CC	libavcodec/rv40dsp.o
CC	libavcodec/rv60dec.o
CC	libavcodec/rv60dsp.o
CC	libavcodec/s302m.o
CC	libavcodec/s302menc.o
CC	libavcodec/samidec.o
CC	libavcodec/sanm.o
CC	libavcodec/sbc.o
CC	libavcodec/sbc_parser.o
CC	libavcodec/sbcdec.o
CC	libavcodec/sbcdsp.o
CC	libavcodec/sbcenc.o
CC	libavcodec/sbrdsp.o
CC	libavcodec/sbrdsp_fixed.o
CC	libavcodec/scpr.o
CC	libavcodec/screenpresso.o
CC	libavcodec/sga.o
CC	libavcodec/sgidec.o
CC	libavcodec/sgienc.o
CC	libavcodec/sgirledec.o
CC	libavcodec/sheervideo.o
CC	libavcodec/shorten.o
CC	libavcodec/simple_idct.o
CC	libavcodec/sinewin.o
CC	libavcodec/sipr.o
CC	libavcodec/sipr16k.o
CC	libavcodec/sipr_parser.o
CC	libavcodec/siren.o
CC	libavcodec/smacker.o
CC	libavcodec/smc.o
CC	libavcodec/smcenc.o
CC	libavcodec/smpte_436m.o
CC	libavcodec/snappy.o
CC	libavcodec/snow.o
CC	libavcodec/snow_dwt.o
CC	libavcodec/snowdec.o
CC	libavcodec/snowenc.o
CC	libavcodec/sp5xdec.o
CC	libavcodec/speedhqdec.o
CC	libavcodec/speedhqenc.o
CC	libavcodec/speexdec.o
CC	libavcodec/srtdec.o
CC	libavcodec/srtenc.o
CC	libavcodec/startcode.o
CC	libavcodec/subviewerdec.o
CC	libavcodec/sunrast.o
CC	libavcodec/sunrastenc.o
CC	libavcodec/svq1.o
CC	libavcodec/svq1dec.o
CC	libavcodec/svq1enc.o
CC	libavcodec/svq3.o
CC	libavcodec/synth_filter.o
CC	libavcodec/tak.o
CC	libavcodec/tak_parser.o
CC	libavcodec/takdec.o
CC	libavcodec/takdsp.o
CC	libavcodec/targa.o
CC	libavcodec/targa_y216dec.o
CC	libavcodec/targaenc.o
CC	libavcodec/tdsc.o
CC	libavcodec/textdec.o
CC	libavcodec/texturedsp.o
CC	libavcodec/texturedspenc.o
CC	libavcodec/threadprogress.o
CC	libavcodec/tiertexseqv.o
CC	libavcodec/tiff.o
CC	libavcodec/tiff_common.o
CC	libavcodec/tiffenc.o
CC	libavcodec/tmv.o
CC	libavcodec/to_upper4.o
CC	libavcodec/tpeldsp.o
CC	libavcodec/truemotion1.o
CC	libavcodec/truemotion2.o
CC	libavcodec/truemotion2rt.o
CC	libavcodec/truespeech.o
CC	libavcodec/tscc.o
CC	libavcodec/tscc2.o
CC	libavcodec/tta.o
CC	libavcodec/ttadsp.o
CC	libavcodec/ttaenc.o
CC	libavcodec/ttaencdsp.o
CC	libavcodec/ttmlenc.o
CC	libavcodec/twinvq.o
CC	libavcodec/twinvqdec.o
CC	libavcodec/txd.o
CC	libavcodec/ulti.o
CC	libavcodec/utils.o
CC	libavcodec/utvideodec.o
CC	libavcodec/utvideodsp.o
CC	libavcodec/utvideoenc.o
CC	libavcodec/v210dec.o
CC	libavcodec/v210enc.o
CC	libavcodec/v210x.o
CC	libavcodec/v4l2_buffers.o
CC	libavcodec/v4l2_context.o
CC	libavcodec/v4l2_fmt.o
CC	libavcodec/v4l2_m2m.o
CC	libavcodec/v4l2_m2m_dec.o
CC	libavcodec/v4l2_m2m_enc.o
CC	libavcodec/vb.o
CC	libavcodec/vble.o
CC	libavcodec/vbndec.o
CC	libavcodec/vbnenc.o
CC	libavcodec/vc1.o
CC	libavcodec/vc1_block.o
CC	libavcodec/vc1_loopfilter.o
CC	libavcodec/vc1_mc.o
CC	libavcodec/vc1_parser.o
CC	libavcodec/vc1_pred.o
CC	libavcodec/vc1data.o
CC	libavcodec/vc1dec.o
CC	libavcodec/vc1dsp.o
CC	libavcodec/vc2enc.o
CC	libavcodec/vcr1.o
CC	libavcodec/version.o
CC	libavcodec/videodsp.o
CC	libavcodec/vima.o
CC	libavcodec/vlc.o
CC	libavcodec/vmdaudio.o
CC	libavcodec/vmdvideo.o
CC	libavcodec/vmixdec.o
CC	libavcodec/vmnc.o
CC	libavcodec/vorbis.o
CC	libavcodec/vorbis_data.o
CC	libavcodec/vorbis_parser.o
CC	libavcodec/vorbisdec.o
CC	libavcodec/vorbisdsp.o
CC	libavcodec/vorbisenc.o
CC	libavcodec/vp3.o
CC	libavcodec/vp3_parser.o
CC	libavcodec/vp3dsp.o
CC	libavcodec/vp5.o
CC	libavcodec/vp56.o
CC	libavcodec/vp56data.o
CC	libavcodec/vp5dsp.o
CC	libavcodec/vp6.o
CC	libavcodec/vp6dsp.o
CC	libavcodec/vp8.o
CC	libavcodec/vp8_parser.o
CC	libavcodec/vp8dsp.o
CC	libavcodec/vp9.o
CC	libavcodec/vp9_parser.o
CC	libavcodec/vp9block.o
CC	libavcodec/vp9data.o
CC	libavcodec/vp9dsp.o
CC	libavcodec/vp9dsp_10bpp.o
CC	libavcodec/vp9dsp_12bpp.o
CC	libavcodec/vp9dsp_8bpp.o
CC	libavcodec/vp9lpf.o
CC	libavcodec/vp9mvs.o
CC	libavcodec/vp9prob.o
CC	libavcodec/vp9recon.o
CC	libavcodec/vpx_rac.o
CC	libavcodec/vqavideo.o
CC	libavcodec/vqcdec.o
CC	libavcodec/vvc/cabac.o
CC	libavcodec/vvc/ctu.o
CC	libavcodec/vvc/data.o
CC	libavcodec/vvc/dec.o
CC	libavcodec/vvc/dsp.o
CC	libavcodec/vvc/filter.o
CC	libavcodec/vvc/inter.o
CC	libavcodec/vvc/intra.o
CC	libavcodec/vvc/intra_utils.o
CC	libavcodec/vvc/itx_1d.o
CC	libavcodec/vvc/mvs.o
CC	libavcodec/vvc/ps.o
CC	libavcodec/vvc/refs.o
CC	libavcodec/vvc/sei.o
CC	libavcodec/vvc/thread.o
CC	libavcodec/vvc_parser.o
CC	libavcodec/wavarc.o
CC	libavcodec/wavpack.o
CC	libavcodec/wavpackdata.o
CC	libavcodec/wavpackenc.o
CC	libavcodec/wbmpdec.o
CC	libavcodec/wbmpenc.o
CC	libavcodec/wcmv.o
CC	libavcodec/webp.o
CC	libavcodec/webp_parser.o
CC	libavcodec/webvttdec.o
CC	libavcodec/webvttenc.o
CC	libavcodec/wma.o
CC	libavcodec/wmadec.o
CC	libavcodec/wmaenc.o
CC	libavcodec/wmalosslessdec.o
CC	libavcodec/wmaprodec.o
CC	libavcodec/wmavoice.o
CC	libavcodec/wmv2dec.o
CC	libavcodec/wmv2dsp.o
CC	libavcodec/wmv2enc.o
CC	libavcodec/wnv1.o
CC	libavcodec/wrapped_avframe.o
CC	libavcodec/ws-snd1.o
CC	libavcodec/x86/aacencdsp_init.o
CC	libavcodec/x86/aacpsdsp_init.o
CC	libavcodec/x86/ac3dsp_init.o
CC	libavcodec/x86/alacdsp_init.o
CC	libavcodec/x86/apv_dsp_init.o
CC	libavcodec/x86/audiodsp_init.o
CC	libavcodec/x86/blockdsp_init.o
CC	libavcodec/x86/bswapdsp_init.o
CC	libavcodec/x86/cavsdsp.o
CC	libavcodec/x86/celt_pvq_init.o
CC	libavcodec/x86/cfhddsp_init.o
CC	libavcodec/x86/cfhdencdsp_init.o
CC	libavcodec/x86/constants.o
CC	libavcodec/x86/dcadsp_init.o
CC	libavcodec/x86/dirac_dwt_init.o
CC	libavcodec/x86/diracdsp_init.o
CC	libavcodec/x86/dnxhdenc_init.o
CC	libavcodec/x86/exrdsp_init.o
CC	libavcodec/x86/fdct.o
CC	libavcodec/x86/fdctdsp_init.o
CC	libavcodec/x86/flacdsp_init.o
CC	libavcodec/x86/flacencdsp_init.o
CC	libavcodec/x86/fmtconvert_init.o
CC	libavcodec/x86/g722dsp_init.o
CC	libavcodec/x86/h263dsp_init.o
CC	libavcodec/x86/h264_intrapred_init.o
CC	libavcodec/x86/h264_qpel.o
CC	libavcodec/x86/h264chroma_init.o
CC	libavcodec/x86/h264dsp_init.o
CC	libavcodec/x86/h26x/h2656dsp.o
CC	libavcodec/x86/hevc/dsp_init.o
CC	libavcodec/x86/hpeldsp_init.o
CC	libavcodec/x86/huffyuvdsp_init.o
CC	libavcodec/x86/huffyuvencdsp_init.o
CC	libavcodec/x86/idctdsp_init.o
CC	libavcodec/x86/jpeg2000dsp_init.o
CC	libavcodec/x86/lossless_audiodsp_init.o
CC	libavcodec/x86/lossless_videodsp_init.o
CC	libavcodec/x86/lossless_videoencdsp_init.o
CC	libavcodec/x86/lpc_init.o
CC	libavcodec/x86/me_cmp_init.o
CC	libavcodec/x86/mlpdsp_init.o
CC	libavcodec/x86/mpeg4videodsp.o
CC	libavcodec/x86/mpegaudiodsp.o
CC	libavcodec/x86/mpegvideo.o
CC	libavcodec/x86/mpegvideoenc.o
CC	libavcodec/x86/mpegvideoencdsp_init.o
CC	libavcodec/x86/opusdsp_init.o
CC	libavcodec/x86/pixblockdsp_init.o
CC	libavcodec/x86/pngdsp_init.o
CC	libavcodec/x86/proresdsp_init.o
CC	libavcodec/x86/qpeldsp_init.o
CC	libavcodec/x86/rv34dsp_init.o
CC	libavcodec/x86/rv40dsp_init.o
CC	libavcodec/x86/sbcdsp_init.o
CC	libavcodec/x86/sbrdsp_init.o
CC	libavcodec/x86/snowdsp_init.o
CC	libavcodec/x86/svq1enc_init.o
CC	libavcodec/x86/synth_filter_init.o
CC	libavcodec/x86/takdsp_init.o
CC	libavcodec/x86/ttadsp_init.o
CC	libavcodec/x86/ttaencdsp_init.o
CC	libavcodec/x86/utvideodsp_init.o
CC	libavcodec/x86/v210-init.o
CC	libavcodec/x86/v210enc_init.o
CC	libavcodec/x86/vc1dsp_init.o
CC	libavcodec/x86/vc1dsp_mmx.o
CC	libavcodec/x86/videodsp_init.o
CC	libavcodec/x86/vorbisdsp_init.o
CC	libavcodec/x86/vp3dsp_init.o
CC	libavcodec/x86/vp6dsp_init.o
CC	libavcodec/x86/vp8dsp_init.o
CC	libavcodec/x86/vp9dsp_init.o
CC	libavcodec/x86/vp9dsp_init_10bpp.o
CC	libavcodec/x86/vp9dsp_init_12bpp.o
CC	libavcodec/x86/vp9dsp_init_16bpp.o
CC	libavcodec/x86/vvc/dsp_init.o
CC	libavcodec/x86/xvididct_init.o
CC	libavcodec/xan.o
CC	libavcodec/xbm_parser.o
CC	libavcodec/xbmdec.o
CC	libavcodec/xbmenc.o
CC	libavcodec/xface.o
CC	libavcodec/xfacedec.o
CC	libavcodec/xfaceenc.o
CC	libavcodec/xiph.o
CC	libavcodec/xl.o
CC	libavcodec/xma_parser.o
CC	libavcodec/xpmdec.o
CC	libavcodec/xsubdec.o
CC	libavcodec/xsubenc.o
CC	libavcodec/xvididct.o
CC	libavcodec/xwd_parser.o
CC	libavcodec/xwddec.o
CC	libavcodec/xwdenc.o
CC	libavcodec/xxan.o
CC	libavcodec/y41pdec.o
CC	libavcodec/y41penc.o
CC	libavcodec/ylc.o
CC	libavcodec/yop.o
CC	libavcodec/yuv4dec.o
CC	libavcodec/yuv4enc.o
CC	libavcodec/zerocodec.o
CC	libavcodec/zlib_wrapper.o
CC	libavcodec/zmbv.o
CC	libavcodec/zmbvenc.o
CC	libavcodec/float2half.o
CC	libavcodec/half2float.o
GEN	libavcodec/libavcodec.ver
CC	libswresample/audioconvert.o
CC	libswresample/dither.o
CC	libswresample/options.o
CC	libswresample/rematrix.o
CC	libswresample/resample.o
CC	libswresample/resample_dsp.o
CC	libswresample/swresample.o
CC	libswresample/swresample_frame.o
CC	libswresample/version.o
CC	libswresample/x86/audio_convert_init.o
CC	libswresample/x86/rematrix_init.o
CC	libswresample/x86/resample_init.o
GEN	libswresample/libswresample.ver
LD	libswresample/libswresample.so.7
LD	libavcodec/libavcodec.so.63
LD	libavformat/libavformat.so.63
LD	libavfilter/libavfilter.so.12
LD	libavdevice/libavdevice.so.63
CC	fftools/ffmpeg_dec.o
CC	fftools/ffmpeg_demux.o
CC	fftools/ffmpeg_enc.o
CC	fftools/ffmpeg_filter.o
CC	fftools/ffmpeg_hw.o
CC	fftools/ffmpeg_mux.o
CC	fftools/ffmpeg_mux_init.o
CC	fftools/ffmpeg_opt.o
CC	fftools/ffmpeg_sched.o
CC	fftools/graph/graphprint.o
CC	fftools/thread_queue.o
CC	fftools/resources/resman.o
CC	fftools/cmdutils.o
CC	fftools/opt_common.o
CC	fftools/ffmpeg.o
LD	ffmpeg_g
STRIP	ffmpeg
GEN	tests/pixfmts.mak
CC	tests/checkasm/aacencdsp.o
CC	tests/checkasm/aacpsdsp.o
CC	tests/checkasm/ac3dsp.o
CC	tests/checkasm/aes.o
CC	tests/checkasm/af_afir.o
CC	tests/checkasm/alacdsp.o
CC	tests/checkasm/apv_dsp.o
CC	tests/checkasm/audiodsp.o
CC	tests/checkasm/av_tx.o
CC	tests/checkasm/blockdsp.o
CC	tests/checkasm/bswapdsp.o
CC	tests/checkasm/cavsdsp.o
CC	tests/checkasm/checkasm.o
CC	tests/checkasm/crc.o
CC	tests/checkasm/dcadsp.o
CC	tests/checkasm/diracdsp.o
CC	tests/checkasm/exrdsp.o
CC	tests/checkasm/fdctdsp.o
CC	tests/checkasm/fixed_dsp.o
CC	tests/checkasm/flacdsp.o
CC	tests/checkasm/float_dsp.o
CC	tests/checkasm/fmtconvert.o
CC	tests/checkasm/g722dsp.o
CC	tests/checkasm/h263dsp.o
CC	tests/checkasm/h264chroma.o
CC	tests/checkasm/h264dsp.o
CC	tests/checkasm/h264pred.o
CC	tests/checkasm/h264qpel.o
CC	tests/checkasm/hevc_add_res.o
CC	tests/checkasm/hevc_deblock.o
CC	tests/checkasm/hevc_dequant.o
CC	tests/checkasm/hevc_idct.o
CC	tests/checkasm/hevc_pel.o
CC	tests/checkasm/hevc_pred.o
CC	tests/checkasm/hevc_sao.o
CC	tests/checkasm/hpeldsp.o
CC	tests/checkasm/huffyuvdsp.o
CC	tests/checkasm/huffyuvencdsp.o
CC	tests/checkasm/idctdsp.o
CC	tests/checkasm/jpeg2000dsp.o
CC	tests/checkasm/llauddsp.o
CC	tests/checkasm/lls.o
CC	tests/checkasm/llviddsp.o
CC	tests/checkasm/llvidencdsp.o
CC	tests/checkasm/lpc.o
CC	tests/checkasm/motion.o
CC	tests/checkasm/mpeg4videodsp.o
CC	tests/checkasm/mpegvideo_unquantize.o
CC	tests/checkasm/mpegvideoencdsp.o
CC	tests/checkasm/opusdsp.o
CC	tests/checkasm/pixblockdsp.o
CC	tests/checkasm/pixelutils.o
CC	tests/checkasm/png.o
CC	tests/checkasm/qpeldsp.o
CC	tests/checkasm/rv34dsp.o
CC	tests/checkasm/rv40dsp.o
CC	tests/checkasm/sbcdsp.o
CC	tests/checkasm/sbrdsp.o
CC	tests/checkasm/scene_sad.o
CC	tests/checkasm/snowdsp.o
CC	tests/checkasm/svq1enc.o
CC	tests/checkasm/sw_gbrp.o
CC	tests/checkasm/sw_ops.o
CC	tests/checkasm/sw_range_convert.o
CC	tests/checkasm/sw_rgb.o
CC	tests/checkasm/sw_scale.o
CC	tests/checkasm/sw_xyz2rgb.o
CC	tests/checkasm/sw_yuv2rgb.o
CC	tests/checkasm/sw_yuv2yuv.o
CC	tests/checkasm/synth_filter.o
CC	tests/checkasm/takdsp.o
CC	tests/checkasm/utvideodsp.o
CC	tests/checkasm/v210dec.o
CC	tests/checkasm/v210enc.o
CC	tests/checkasm/vc1dsp.o
CC	tests/checkasm/vf_blackdetect.o
CC	tests/checkasm/vf_blend.o
CC	tests/checkasm/vf_bwdif.o
CC	tests/checkasm/vf_colordetect.o
CC	tests/checkasm/vf_colorspace.o
CC	tests/checkasm/vf_convolution.o
CC	tests/checkasm/vf_gblur.o
CC	tests/checkasm/vf_hflip.o
CC	tests/checkasm/vf_idet.o
CC	tests/checkasm/vf_nlmeans.o
CC	tests/checkasm/vf_threshold.o
CC	tests/checkasm/videodsp.o
CC	tests/checkasm/vorbisdsp.o
CC	tests/checkasm/vp3dsp.o
CC	tests/checkasm/vp6dsp.o
CC	tests/checkasm/vp8dsp.o
CC	tests/checkasm/vp9dsp.o
CC	tests/checkasm/vvc_alf.o
CC	tests/checkasm/vvc_mc.o
CC	tests/checkasm/vvc_sao.o
AR	libavdevice/libavdevice.a
AR	libavfilter/libavfilter.a
AR	libavformat/libavformat.a
AR	libavcodec/libavcodec.a
AR	libswresample/libswresample.a
AR	libswscale/libswscale.a
CC	libavutil/float2half.o
CC	libavutil/half2float.o
AR	libavutil/libavutil.a
LD	tests/checkasm/checkasm
TEST    checkasm-aacencdsp
TEST    checkasm-aacpsdsp
TEST    checkasm-ac3dsp
TEST    checkasm-aes
TEST    checkasm-af_afir
TEST    checkasm-alacdsp
TEST    checkasm-apv_dsp
TEST    checkasm-audiodsp
TEST    checkasm-av_tx
TEST    checkasm-blockdsp
TEST    checkasm-bswapdsp
TEST    checkasm-cavsdsp
TEST    checkasm-crc
TEST    checkasm-dcadsp
TEST    checkasm-diracdsp
TEST    checkasm-exrdsp
TEST    checkasm-fdctdsp
TEST    checkasm-fixed_dsp
TEST    checkasm-flacdsp
TEST    checkasm-float_dsp
TEST    checkasm-fmtconvert
TEST    checkasm-g722dsp
TEST    checkasm-h263dsp
TEST    checkasm-h264chroma
TEST    checkasm-h264dsp
TEST    checkasm-h264pred
TEST    checkasm-h264qpel
TEST    checkasm-hevc_add_res
TEST    checkasm-hevc_deblock
TEST    checkasm-hevc_dequant
TEST    checkasm-hevc_idct
TEST    checkasm-hevc_pel
TEST    checkasm-hevc_pred
TEST    checkasm-hevc_sao
TEST    checkasm-hpeldsp
TEST    checkasm-huffyuvdsp
TEST    checkasm-huffyuvencdsp
TEST    checkasm-idctdsp
TEST    checkasm-jpeg2000dsp
TEST    checkasm-llauddsp
TEST    checkasm-lls
TEST    checkasm-llviddsp
TEST    checkasm-llvidencdsp
TEST    checkasm-lpc
TEST    checkasm-motion
TEST    checkasm-mpeg4videodsp
TEST    checkasm-mpegvideo_unquantize
TEST    checkasm-mpegvideoencdsp
TEST    checkasm-opusdsp
TEST    checkasm-pixblockdsp
TEST    checkasm-pixelutils
TEST    checkasm-png
TEST    checkasm-qpeldsp
TEST    checkasm-sbrdsp
TEST    checkasm-rv34dsp
TEST    checkasm-rv40dsp
TEST    checkasm-sbcdsp
TEST    checkasm-scene_sad
TEST    checkasm-snowdsp
TEST    checkasm-svq1enc
TEST    checkasm-synth_filter
TEST    checkasm-sw_gbrp
TEST    checkasm-sw_ops
TEST    checkasm-sw_range_convert
TEST    checkasm-sw_rgb
TEST    checkasm-sw_scale
TEST    checkasm-sw_xyz2rgb
TEST    checkasm-sw_yuv2rgb
TEST    checkasm-sw_yuv2yuv
TEST    checkasm-takdsp
TEST    checkasm-utvideodsp
TEST    checkasm-v210dec
TEST    checkasm-v210enc
TEST    checkasm-vc1dsp
TEST    checkasm-vf_blackdetect
TEST    checkasm-vf_blend
TEST    checkasm-vf_bwdif
TEST    checkasm-vf_colordetect
TEST    checkasm-vf_colorspace
TEST    checkasm-vf_eq
TEST    checkasm-vf_fspp
TEST    checkasm-vf_gblur
TEST    checkasm-vf_hflip
TEST    checkasm-vf_idet
TEST    checkasm-vf_nlmeans
TEST    checkasm-vf_pp7
TEST    checkasm-vf_threshold
TEST    checkasm-vf_sobel
TEST    checkasm-videodsp
TEST    checkasm-vorbisdsp
TEST    checkasm-vp3dsp
TEST    checkasm-vp6dsp
TEST    checkasm-vp8dsp
TEST    checkasm-vp9dsp
TEST    checkasm-vvc_alf
TEST    checkasm-vvc_mc
TEST    checkasm-vvc_sao
TEST    source
CC	tests/api/api-threadmessage-test.o
LD	tests/api/api-threadmessage-test
TEST    api-threadmessage
LD	tests/api/api-flac-test
TEST    api-flac
LD	tests/api/api-enc-parser-test
TEST    api-enc-parser
TEST    api-enc-parser-cif
LD	tests/api/api-seek-test
TEST    lavf-flv
TEST    api-seek
LD	tests/api/api-band-test
TEST    api-band
LD	tests/api/api-h264-test
TEST    api-h264
CC	tests/api/api-h264-slice-test.o
LD	tests/api/api-h264-slice-test
TEST    api-h264-slice
CC	libavcodec/tests/apv.o
LD	libavcodec/tests/apv
TEST    apv-entropy
CC	libavcodec/tests/avpacket.o
LD	libavcodec/tests/avpacket
TEST    avpacket
CC	libavcodec/tests/bitstream_be.o
LD	libavcodec/tests/bitstream_be
TEST    bitstream-be
CC	libavcodec/tests/bitstream_le.o
LD	libavcodec/tests/bitstream_le
TEST    bitstream-le
CC	libavcodec/tests/cabac.o
LD	libavcodec/tests/cabac
TEST    cabac
CC	libavcodec/tests/celp_math.o
LD	libavcodec/tests/celp_math
TEST    celp_math
CC	libavcodec/tests/codec_desc.o
LD	libavcodec/tests/codec_desc
TEST    codec_desc
CC	libavcodec/tests/golomb.o
LD	libavcodec/tests/golomb
TEST    golomb
CC	libavcodec/tests/hashtable.o
LD	libavcodec/tests/hashtable
TEST    hashtable
CC	libavcodec/tests/dct.o
LD	libavcodec/tests/dct
TEST    idct8x8-0
TEST    idct8x8-1
TEST    idct8x8-2
TEST    idct248
TEST    dct8x8
LD	libavcodec/tests/h264_levels
TEST    h264-levels
CC	libavcodec/tests/h265_levels.o
LD	libavcodec/tests/h265_levels
TEST    h265-levels
LD	libavcodec/tests/mpeg12framerate
TEST    mpeg12framerate
CC	libavcodec/tests/rangecoder.o
LD	libavcodec/tests/rangecoder
TEST    rangecoder
CC	libavcodec/tests/mathops.o
LD	libavcodec/tests/mathops
TEST    mathops
CC	libavcodec/tests/jpeg2000dwt.o
LD	libavcodec/tests/jpeg2000dwt
TEST    j2k-dwt
CC	libavcodec/tests/avcodec.o
LD	libavcodec/tests/avcodec
TEST    libavcodec-avcodec
CC	libavcodec/tests/mjpegenc_huffman.o
LD	libavcodec/tests/mjpegenc_huffman
TEST    libavcodec-huffman
CC	libavcodec/tests/htmlsubtitles.o
LD	libavcodec/tests/htmlsubtitles
TEST    libavcodec-htmlsubtitles
CC	libavformat/tests/mkdir.o
LD	libavformat/tests/mkdir
TEST    mkdir
CC	libavformat/tests/seek_utils.o
LD	libavformat/tests/seek_utils
TEST    seek_utils
CC	libavformat/tests/noproxy.o
LD	libavformat/tests/noproxy
TEST    noproxy
CC	libavformat/tests/srtp.o
LD	libavformat/tests/srtp
TEST    srtp
CC	libavformat/tests/url.o
LD	libavformat/tests/url
TEST    url
CC	libavformat/tests/movenc.o
LD	libavformat/tests/movenc
TEST    movenc
CC	libavutil/tests/adler32.o
LD	libavutil/tests/adler32
TEST    adler32
CC	libavutil/tests/aes.o
LD	libavutil/tests/aes
TEST    aes
CC	libavutil/tests/aes_ctr.o
LD	libavutil/tests/aes_ctr
TEST    aes_ctr
CC	libavutil/tests/ambient_viewing_environment.o
LD	libavutil/tests/ambient_viewing_environment
TEST    ambient_viewing_environment
LD	libavutil/tests/camellia
TEST    camellia
LD	libavutil/tests/cast5
TEST    cast5
LD	libavutil/tests/channel_layout
TEST    channel_layout
CC	libavutil/tests/audio_fifo.o
LD	libavutil/tests/audio_fifo
TEST    audio_fifo
CC	libavutil/tests/avstring.o
LD	libavutil/tests/avstring
TEST    avstring
CC	libavutil/tests/base64.o
LD	libavutil/tests/base64
TEST    base64
LD	libavutil/tests/blowfish
TEST    blowfish
CC	libavutil/tests/bprint.o
LD	libavutil/tests/bprint
TEST    bprint
LD	libavutil/tests/buffer
TEST    buffer
CC	libavutil/tests/cpu.o
LD	libavutil/tests/cpu
TEST    cpu
LD	libavutil/tests/crc
TEST    crc
LD	libavutil/tests/color_utils
TEST    color_utils
LD	libavutil/tests/csp
TEST    csp
CC	libavutil/tests/des.o
LD	libavutil/tests/des
TEST    des
CC	libavutil/tests/detection_bbox.o
LD	libavutil/tests/detection_bbox
TEST    detection_bbox
CC	libavutil/tests/dict.o
LD	libavutil/tests/dict
TEST    dict
LD	libavutil/tests/dovi_meta
TEST    dovi_meta
CC	libavutil/tests/encryption_info.o
LD	libavutil/tests/encryption_info
TEST    encryption-info
CC	libavutil/tests/eval.o
LD	libavutil/tests/eval
TEST    eval
CC	libavutil/tests/fifo.o
LD	libavutil/tests/fifo
TEST    fifo
CC	libavutil/tests/film_grain_params.o
LD	libavutil/tests/film_grain_params
TEST    film_grain_params
LD	libavutil/tests/hash
TEST    hash
CC	libavutil/tests/hdr_dynamic_vivid_metadata.o
LD	libavutil/tests/hdr_dynamic_vivid_metadata
TEST    hdr_dynamic_vivid_metadata
LD	libavutil/tests/hmac
TEST    hmac
CC	libavutil/tests/imgutils.o
LD	libavutil/tests/imgutils
TEST    imgutils
CC	libavutil/tests/integer.o
LD	libavutil/tests/integer
TEST    integer
CC	libavutil/tests/lfg.o
LD	libavutil/tests/lfg
TEST    lfg
CC	libavutil/tests/mastering_display_metadata.o
LD	libavutil/tests/mastering_display_metadata
TEST    mastering_display_metadata
CC	libavutil/tests/mathematics.o
LD	libavutil/tests/mathematics
TEST    mathematics
LD	libavutil/tests/md5
TEST    md5
CC	libavutil/tests/murmur3.o
LD	libavutil/tests/murmur3
TEST    murmur3
CC	libavutil/tests/parseutils.o
LD	libavutil/tests/parseutils
TEST    parseutils
CC	libavutil/tests/pixfmt_best.o
LD	libavutil/tests/pixfmt_best
TEST    pixfmt_best
CC	libavutil/tests/display.o
LD	libavutil/tests/display
TEST    display
CC	libavutil/tests/random_seed.o
LD	libavutil/tests/random_seed
TEST    random_seed
LD	libavutil/tests/rc4
TEST    rc4
LD	libavutil/tests/ripemd
TEST    ripemd
LD	libavutil/tests/sha
TEST    sha
LD	libavutil/tests/sha512
TEST    sha512
LD	libavutil/tests/samplefmt
TEST    samplefmt
CC	libavutil/tests/side_data_array.o
LD	libavutil/tests/side_data_array
TEST    side_data_array
LD	libavutil/tests/spherical
TEST    spherical
CC	libavutil/tests/stereo3d.o
LD	libavutil/tests/stereo3d
TEST    stereo3d
CC	libavutil/tests/tdrdi.o
LD	libavutil/tests/tdrdi
TEST    tdrdi
CC	libavutil/tests/tree.o
LD	libavutil/tests/tree
TEST    tree
LD	libavutil/tests/twofish
TEST    twofish
CC	libavutil/tests/xtea.o
LD	libavutil/tests/xtea
TEST    xtea
CC	libavutil/tests/tea.o
LD	libavutil/tests/tea
TEST    tea
CC	libavutil/tests/opt.o
LD	libavutil/tests/opt
TEST    opt
LD	libavutil/tests/uuid
TEST    uuid
CC	libavutil/tests/video_enc_params.o
LD	libavutil/tests/video_enc_params
TEST    video_enc_params
CC	libavutil/tests/video_hint.o
LD	libavutil/tests/video_hint
TEST    video_hint
CC	libavutil/tests/file.o
LD	libavutil/tests/file
TEST    file
LD	libavutil/tests/timecode
TEST    timecode
CC	libavutil/tests/timestamp.o
LD	libavutil/tests/timestamp
TEST    timestamp
CC	libavutil/tests/cpu_init.o
LD	libavutil/tests/cpu_init
TEST    cpu_init
CC	libavutil/tests/pixelutils.o
LD	libavutil/tests/pixelutils
TEST    pixelutils
CC	libswscale/tests/pixdesc_query.o
LD	libswscale/tests/pixdesc_query
TEST    sws-pixdesc-query
CC	libswscale/tests/floatimg_cmp.o
LD	libswscale/tests/floatimg_cmp
TEST    sws-floatimg-cmp
LD	libswscale/tests/swscale
TEST    sws-unscaled
TEST    sws-unstable
CC	libswscale/tests/sws_ops.o
LD	libswscale/tests/sws_ops
TEST    sws-ops-list
CC	libswscale/uops_macros_gen.o
LD	libswscale/uops_macros_gen
TEST    sws-uops-macros
CC	libswscale/tests/sws_ops_aarch64.o
LD	libswscale/tests/sws_ops_aarch64
TEST    sws-ops-entries-aarch64
CC	libavcodec/tests/encinfo.o
LD	libavcodec/tests/encinfo
TEST    wav-enc-adpcm-ms-encinfo
TEST    wav-enc-adpcm-ima-wav-encinfo
GEN	tests/data/hls-seek.m3u8
CC	libavformat/tests/seek.o
LD	libavformat/tests/seek
TEST    seek-hls
GEN	tests/data/dash_mpd_timing.mpd
TEST    dash-mpd-timing
CC	libavformat/tests/fifo_muxer.o
LD	libavformat/tests/fifo_muxer
TEST    fifo-muxer-tst
TEST    filter-adelay
TEST    filter-aecho
TEST    filter-aemphasis-50fm
TEST    filter-aemphasis-75kf
TEST    filter-afade-qsin
TEST    filter-afade-iqsin
TEST    filter-afade-esin
TEST    filter-afade-hsin
TEST    filter-afade-exp
TEST    filter-afade-log
TEST    filter-agate
TEST    filter-alimiter
TEST    filter-amerge
TEST    filter-amerge-mode
TEST    filter-apad
TEST    filter-anequalizer
TEST    filter-asetnsamples-pad
TEST    filter-asetnsamples-nopad
TEST    filter-asetrate
TEST    filter-chorus
TEST    filter-crystalizer
TEST    filter-dcshift
TEST    filter-earwax
TEST    filter-extrastereo
TEST    filter-firequalizer
TEST    filter-pan-mono1
TEST    filter-pan-mono2
TEST    filter-pan-stereo1
TEST    filter-pan-stereo2
TEST    filter-pan-stereo3
TEST    filter-pan-stereo4
TEST    filter-pan-upmix1
TEST    filter-pan-upmix2
TEST    filter-pan-downmix1
TEST    filter-pan-downmix2
TEST    filter-silenceremove
TEST    filter-compand
GEN	tests/data/hls-list.m3u8
TEST    filter-hls
GEN	tests/data/hls-list-append.m3u8
TEST    filter-hls-append
TEST    filter-aselect
TEST    filter-atrim-duration
TEST    filter-atrim-mixed
TEST    filter-atrim-samples
TEST    filter-atrim-time
TEST    filter-asegment-samples-absolute
TEST    filter-asegment-samples-relative
TEST    filter-asegment-timestamps-absolute
TEST    filter-asegment-timestamps-relative
TEST    filter-channelmap-one-int
TEST    filter-channelmap-one-str
TEST    filter-channelsplit
TEST    filter-join
TEST    filter-volume
TEST    filter-aloop
TEST    filter-anullsink
TEST    filter-crazychannels
CC	libavfilter/tests/formats.o
LD	libavfilter/tests/formats
TEST    filter-formats
TEST    filter-overlay
TEST    filter-overlay_rgb
TEST    filter-overlay_yuv420
TEST    filter-overlay_yuv420p10
TEST    filter-overlay_nv12
TEST    filter-overlay_nv21
TEST    filter-overlay_yuv422
TEST    filter-overlay_yuv422p10
TEST    filter-overlay_yuv444
TEST    filter-overlay_yuv444p10
TEST    filter-removegrain-mode-00
TEST    filter-removegrain-mode-01
TEST    filter-removegrain-mode-02
TEST    filter-removegrain-mode-03
TEST    filter-removegrain-mode-04
TEST    filter-removegrain-mode-05
TEST    filter-removegrain-mode-06
TEST    filter-removegrain-mode-07
TEST    filter-removegrain-mode-08
TEST    filter-removegrain-mode-09
TEST    filter-removegrain-mode-10
TEST    filter-removegrain-mode-11
TEST    filter-removegrain-mode-12
TEST    filter-removegrain-mode-13
TEST    filter-removegrain-mode-14
TEST    filter-removegrain-mode-15
TEST    filter-removegrain-mode-16
TEST    filter-removegrain-mode-17
TEST    filter-removegrain-mode-18
TEST    filter-removegrain-mode-19
TEST    filter-removegrain-mode-20
TEST    filter-removegrain-mode-21
TEST    filter-removegrain-mode-22
TEST    filter-removegrain-mode-23
TEST    filter-removegrain-mode-24
TEST    filter-trim-duration
TEST    filter-trim-frame
TEST    filter-trim-mixed
TEST    filter-trim-time
TEST    filter-unsharp-yuv420p10
TEST    filter-scale2ref_keep_aspect
TEST    filter-scalechroma
TEST    filter-idet
TEST    vsynth1-mpeg4-qprd
TEST    filter-codecview
TEST    filter-select
TEST    filter-pixdesc-yuv420p
TEST    filter-pixdesc-yuyv422
TEST    filter-pixdesc-rgb24
TEST    filter-pixdesc-bgr24
TEST    filter-pixdesc-yuv422p
TEST    filter-pixdesc-yuv444p
TEST    filter-pixdesc-yuv410p
TEST    filter-pixdesc-yuv411p
TEST    filter-pixdesc-gray
TEST    filter-pixdesc-monow
TEST    filter-pixdesc-monob
TEST    filter-pixdesc-yuvj420p
TEST    filter-pixdesc-yuvj422p
TEST    filter-pixdesc-yuvj444p
TEST    filter-pixdesc-uyvy422
TEST    filter-pixdesc-bgr8
TEST    filter-pixdesc-bgr4_byte
TEST    filter-pixdesc-rgb8
TEST    filter-pixdesc-rgb4_byte
TEST    filter-pixdesc-nv12
TEST    filter-pixdesc-nv21
TEST    filter-pixdesc-argb
TEST    filter-pixdesc-rgba
TEST    filter-pixdesc-abgr
TEST    filter-pixdesc-bgra
TEST    filter-pixdesc-gray16be
TEST    filter-pixdesc-gray16le
TEST    filter-pixdesc-yuv440p
TEST    filter-pixdesc-yuvj440p
TEST    filter-pixdesc-yuva420p
TEST    filter-pixdesc-rgb48be
TEST    filter-pixdesc-rgb48le
TEST    filter-pixdesc-rgb565be
TEST    filter-pixdesc-rgb565le
TEST    filter-pixdesc-rgb555be
TEST    filter-pixdesc-rgb555le
TEST    filter-pixdesc-bgr565be
TEST    filter-pixdesc-bgr565le
TEST    filter-pixdesc-bgr555be
TEST    filter-pixdesc-bgr555le
TEST    filter-pixdesc-yuv420p16le
TEST    filter-pixdesc-yuv420p16be
TEST    filter-pixdesc-yuv422p16le
TEST    filter-pixdesc-yuv422p16be
TEST    filter-pixdesc-yuv444p16le
TEST    filter-pixdesc-yuv444p16be
TEST    filter-pixdesc-rgb444le
TEST    filter-pixdesc-rgb444be
TEST    filter-pixdesc-bgr444le
TEST    filter-pixdesc-bgr444be
TEST    filter-pixdesc-ya8
TEST    filter-pixdesc-bgr48be
TEST    filter-pixdesc-bgr48le
TEST    filter-pixdesc-yuv420p9be
TEST    filter-pixdesc-yuv420p9le
TEST    filter-pixdesc-yuv420p10be
TEST    filter-pixdesc-yuv420p10le
TEST    filter-pixdesc-yuv422p10be
TEST    filter-pixdesc-yuv422p10le
TEST    filter-pixdesc-yuv444p9be
TEST    filter-pixdesc-yuv444p9le
TEST    filter-pixdesc-yuv444p10be
TEST    filter-pixdesc-yuv444p10le
TEST    filter-pixdesc-yuv422p9be
TEST    filter-pixdesc-yuv422p9le
TEST    filter-pixdesc-gbrp
TEST    filter-pixdesc-gbrp9be
TEST    filter-pixdesc-gbrp9le
TEST    filter-pixdesc-gbrp10be
TEST    filter-pixdesc-gbrp10le
TEST    filter-pixdesc-gbrp16be
TEST    filter-pixdesc-gbrp16le
TEST    filter-pixdesc-yuva422p
TEST    filter-pixdesc-yuva444p
TEST    filter-pixdesc-yuva420p9be
TEST    filter-pixdesc-yuva420p9le
TEST    filter-pixdesc-yuva422p9be
TEST    filter-pixdesc-yuva422p9le
TEST    filter-pixdesc-yuva444p9be
TEST    filter-pixdesc-yuva444p9le
TEST    filter-pixdesc-yuva420p10be
TEST    filter-pixdesc-yuva420p10le
TEST    filter-pixdesc-yuva422p10be
TEST    filter-pixdesc-yuva422p10le
TEST    filter-pixdesc-yuva444p10be
TEST    filter-pixdesc-yuva444p10le
TEST    filter-pixdesc-yuva420p16be
TEST    filter-pixdesc-yuva420p16le
TEST    filter-pixdesc-yuva422p16be
TEST    filter-pixdesc-yuva422p16le
TEST    filter-pixdesc-yuva444p16be
TEST    filter-pixdesc-yuva444p16le
TEST    filter-pixdesc-xyz12le
TEST    filter-pixdesc-xyz12be
TEST    filter-pixdesc-nv16
TEST    filter-pixdesc-nv20le
TEST    filter-pixdesc-nv20be
TEST    filter-pixdesc-rgba64be
TEST    filter-pixdesc-rgba64le
TEST    filter-pixdesc-bgra64be
TEST    filter-pixdesc-bgra64le
TEST    filter-pixdesc-yvyu422
TEST    filter-pixdesc-ya16be
TEST    filter-pixdesc-ya16le
TEST    filter-pixdesc-gbrap
TEST    filter-pixdesc-gbrap16be
TEST    filter-pixdesc-gbrap16le
TEST    filter-pixdesc-0rgb
TEST    filter-pixdesc-rgb0
TEST    filter-pixdesc-0bgr
TEST    filter-pixdesc-bgr0
TEST    filter-pixdesc-yuv420p12be
TEST    filter-pixdesc-yuv420p12le
TEST    filter-pixdesc-yuv420p14be
TEST    filter-pixdesc-yuv420p14le
TEST    filter-pixdesc-yuv422p12be
TEST    filter-pixdesc-yuv422p12le
TEST    filter-pixdesc-yuv422p14be
TEST    filter-pixdesc-yuv422p14le
TEST    filter-pixdesc-yuv444p12be
TEST    filter-pixdesc-yuv444p12le
TEST    filter-pixdesc-yuv444p14be
TEST    filter-pixdesc-yuv444p14le
TEST    filter-pixdesc-gbrp12be
TEST    filter-pixdesc-gbrp12le
TEST    filter-pixdesc-gbrp14be
TEST    filter-pixdesc-gbrp14le
TEST    filter-pixdesc-yuvj411p
TEST    filter-pixdesc-yuv440p10le
TEST    filter-pixdesc-yuv440p10be
TEST    filter-pixdesc-yuv440p12le
TEST    filter-pixdesc-yuv440p12be
TEST    filter-pixdesc-ayuv64le
TEST    filter-pixdesc-ayuv64be
TEST    filter-pixdesc-p010le
TEST    filter-pixdesc-p010be
TEST    filter-pixdesc-gbrap12be
TEST    filter-pixdesc-gbrap12le
TEST    filter-pixdesc-gbrap10be
TEST    filter-pixdesc-gbrap10le
TEST    filter-pixdesc-gray12be
TEST    filter-pixdesc-gray12le
TEST    filter-pixdesc-gray10be
TEST    filter-pixdesc-gray10le
TEST    filter-pixdesc-p016le
TEST    filter-pixdesc-p016be
TEST    filter-pixdesc-gray9be
TEST    filter-pixdesc-gray9le
TEST    filter-pixdesc-gbrpf32be
TEST    filter-pixdesc-gbrpf32le
TEST    filter-pixdesc-gbrapf32be
TEST    filter-pixdesc-gbrapf32le
TEST    filter-pixdesc-gray14be
TEST    filter-pixdesc-gray14le
TEST    filter-pixdesc-grayf32be
TEST    filter-pixdesc-grayf32le
TEST    filter-pixdesc-yuva422p12be
TEST    filter-pixdesc-yuva422p12le
TEST    filter-pixdesc-yuva444p12be
TEST    filter-pixdesc-yuva444p12le
TEST    filter-pixdesc-nv24
TEST    filter-pixdesc-nv42
TEST    filter-pixdesc-y210le
TEST    filter-pixdesc-x2rgb10le
TEST    filter-pixdesc-x2bgr10le
TEST    filter-pixdesc-p210be
TEST    filter-pixdesc-p210le
TEST    filter-pixdesc-p410be
TEST    filter-pixdesc-p410le
TEST    filter-pixdesc-p216be
TEST    filter-pixdesc-p216le
TEST    filter-pixdesc-p416be
TEST    filter-pixdesc-p416le
TEST    filter-pixdesc-vuya
TEST    filter-pixdesc-vuyx
TEST    filter-pixdesc-p012le
TEST    filter-pixdesc-p012be
TEST    filter-pixdesc-y212le
TEST    filter-pixdesc-xv30le
TEST    filter-pixdesc-xv36be
TEST    filter-pixdesc-xv36le
TEST    filter-pixdesc-p212be
TEST    filter-pixdesc-p212le
TEST    filter-pixdesc-p412be
TEST    filter-pixdesc-p412le
TEST    filter-pixdesc-gbrap14be
TEST    filter-pixdesc-gbrap14le
TEST    filter-pixdesc-ayuv
TEST    filter-pixdesc-uyva
TEST    filter-pixdesc-vyu444
TEST    filter-pixdesc-v30xle
TEST    filter-pixdesc-y216le
TEST    filter-pixdesc-xv48be
TEST    filter-pixdesc-xv48le
TEST    filter-pixdesc-yuv444p10msbbe
TEST    filter-pixdesc-yuv444p10msble
TEST    filter-pixdesc-yuv444p12msbbe
TEST    filter-pixdesc-yuv444p12msble
TEST    filter-pixdesc-gbrp10msbbe
TEST    filter-pixdesc-gbrp10msble
TEST    filter-pixdesc-gbrp12msbbe
TEST    filter-pixdesc-gbrp12msble
CC	libavfilter/tests/filtfmts.o
LD	libavfilter/tests/filtfmts
TEST    filter-pixfmts-copy
TEST    filter-pixfmts-crop
TEST    filter-pixfmts-field
TEST    filter-pixfmts-fieldmatch
TEST    filter-pixfmts-fieldorder
TEST    filter-pixfmts-hflip
TEST    filter-pixfmts-il
TEST    filter-pixfmts-lut
TEST    filter-pixfmts-null
TEST    filter-pixfmts-pad
TEST    filter-pixfmts-rotate
TEST    filter-pixfmts-scale
TEST    filter-pixfmts-swapuv
TEST    filter-pixfmts-transpose
TEST    filter-pixfmts-vflip
TEST    filter-crop
TEST    filter-crop_scale
TEST    filter-crop_scale_vflip
TEST    filter-crop_vflip
TEST    filter-null
TEST    filter-scale200
TEST    filter-scale500
TEST    filter-vflip
TEST    filter-vflip_crop
TEST    filter-vflip_vflip
TEST    filter-edgedetect
TEST    filter-edgedetect-colormix
TEST    filter-median
TEST    filter-hue1
TEST    filter-hue2
TEST    filter-hue3
TEST    filter-hue4
TEST    filter-pad
TEST    filter-setdar
TEST    filter-setsar
TEST    filter-thumbnail
TEST    filter-tile
TEST    filter-pixelize-avg
TEST    filter-pixelize-min
TEST    filter-pixelize-max
TEST    filter-tiltandshift
TEST    filter-tiltandshift-410
TEST    filter-tiltandshift-422
TEST    filter-tiltandshift-444
TEST    filter-colorchannelmixer
TEST    filter-drawbox
TEST    filter-fade
TEST    filter-framepack-columns
TEST    filter-framepack-frameseq
TEST    filter-framepack-lines
TEST    filter-framepack-sbs
TEST    filter-framepack-tab
TEST    filter-gradfun
TEST    filter-negate
TEST    filter-histogram-levels
TEST    filter-waveform_column
TEST    filter-waveform_row
TEST    filter-waveform_envelope
TEST    filter-waveform_uv
TEST    filter-vectorscope_gray
TEST    filter-vectorscope_color
TEST    filter-vectorscope_color2
TEST    filter-vectorscope_color3
TEST    filter-vectorscope_color4
TEST    filter-vectorscope_xy
TEST    filter-mergeplanes
TEST    filter-hstack
TEST    filter-vstack
TEST    filter-separatefields
TEST    filter-weave
TEST    filter-select-alternate
TEST    filter-setpts
TEST    filter-shuffleframes
TEST    filter-shuffleplanes-dup-luma
TEST    filter-shuffleplanes-swapuv
TEST    filter-swaprect
TEST    filter-tblend
TEST    filter-telecine
TEST    filter-transpose
TEST    filter-unsharp
TEST    filter-alphaextract_alphamerge_rgb
TEST    filter-alphaextract_alphamerge_yuv
TEST    filter-colorlevels
TEST    filter-colorlevels-16
TEST    filter-colorbalance
TEST    filter-colorbalance-gbrap
TEST    filter-colorbalance-rgba64
TEST    filter-colorbalance-gbrap-16
TEST    filter-latticepal
TEST    filter-latticepal-bayer
TEST    filter-latticepal-maxcolors
TEST    filter-latticepal-refine
TEST    filter-latticepal-residual
TEST    filter-latticepal-batched
TEST    filter-lavd-life
TEST    filter-lavd-testsrc
TEST    filter-testsrc2-yuv420p
TEST    filter-testsrc2-yuv444p
TEST    filter-testsrc2-rgb24
TEST    filter-testsrc2-rgba
TEST    filter-allrgb
TEST    filter-allyuv
TEST    filter-pal75bars
TEST    filter-pal100bars
TEST    filter-rgbtestsrc
TEST    filter-rgbtestsrc-rgba
TEST    filter-rgbtestsrc-gbrp
TEST    filter-rgbtestsrc-gbrap
TEST    filter-rgbtestsrc-gbrp12
TEST    filter-rgbtestsrc-gbrap12
TEST    filter-rgbtestsrc-x2rgb10le
TEST    filter-smptebars
TEST    filter-smptehdbars
TEST    filter-yuvtestsrc-yuv444p
TEST    filter-yuvtestsrc-yuva444p
TEST    filter-yuvtestsrc-yuv444p12
TEST    filter-yuvtestsrc-yuva444p12
TEST    filter-yuvtestsrc-nv24
TEST    filter-yuvtestsrc-p410
TEST    filter-yuvtestsrc-ayuv
TEST    filter-yuvtestsrc-ayuv64
TEST    filter-yuvtestsrc-vuya
TEST    filter-yuvtestsrc-vyu444
TEST    filter-yuvtestsrc-v30xle
TEST    filter-yuvtestsrc-xv30le
TEST    filter-yuvtestsrc-xv36
TEST    filter-yuvtestsrc-xv48
TEST    filter-lavd-scalenorm
TEST    filter-feedback-hflip
TEST    filter-framerate-up
TEST    filter-framerate-down
TEST    filter-framerate-12bit-up
TEST    filter-framerate-12bit-down
TEST    filter-minterpolate-up
TEST    filter-minterpolate-down
TEST    filter-photosensitivity-blend
TEST    filter-select-buffering
TEST    filter-tpad-add
TEST    filter-tpad-clone
TEST    filter-tpad-add-duration
TEST    filter-untile
TEST    filter-untile-yuv422p
TEST    filter-concat
TEST    filter-concat-vfr
TEST    filter-chromashift-smear
TEST    filter-chromashift-wrap
TEST    filter-decimate
TEST    filter-fps-up
TEST    filter-fps-up-round-down
TEST    filter-fps-up-round-up
TEST    filter-fps-down
TEST    filter-fps-down-round-down
TEST    filter-fps-down-round-up
TEST    filter-fps-down-eof-pass
TEST    filter-fps-start-drop
TEST    filter-fps-start-fill
TEST    filter-scale-zero-dim
TEST    filter-refcmp-blockdetect-yuv
TEST    filter-refcmp-blurdetect-yuv
TEST    filter-refcmp-siti-yuv
TEST    filter-refcmp-psnr-rgb
TEST    filter-refcmp-psnr-yuv
TEST    filter-refcmp-ssim-rgb
TEST    filter-refcmp-ssim-yuv
TEST    filter-refcmp-xpsnr-rgb
TEST    filter-refcmp-xpsnr-yuv
TEST    filter-scale-premultiply
GEN	tests/data/hls_playlist_type_vod.m3u8
TEST    hls-playlist-type-vod
GEN	tests/data/hls_playlist_type_event.m3u8
TEST    hls-playlist-type-event
GEN	tests/data/hls_round_durations.m3u8
TEST    hls-round-durations
GEN	tests/data/hls_discont_start.m3u8
TEST    hls-discont-start
GEN	tests/data/hls_independent_segments.m3u8
TEST    hls-independent-segments
GEN	tests/data/hls_start_number.m3u8
TEST    hls-start-number
GEN	tests/data/hls_iframes_single_mpegts.m3u8
TEST    hls-iframes-single-mpegts
GEN	tests/data/hls_iframes_single_fmp4.m3u8
TEST    hls-iframes-single-fmp4
TEST    swr-resample_async-s16p-8000-44100
TEST    swr-resample_async-s16p-44100-8000
TEST    swr-resample_async-fltp-8000-44100
TEST    swr-resample_async-fltp-44100-8000
TEST    swr-resample_exact_async-s16p-8000-44100
TEST    swr-resample_exact_async-s16p-8000-48000
TEST    swr-resample_exact_async-s16p-44100-8000
TEST    swr-resample_exact_async-s16p-44100-48000
TEST    swr-resample_exact_async-s16p-48000-8000
TEST    swr-resample_exact_async-s16p-48000-44100
TEST    swr-resample_exact_async-s32p-8000-44100
TEST    swr-resample_exact_async-s32p-8000-48000
TEST    swr-resample_exact_async-s32p-44100-8000
TEST    swr-resample_exact_async-s32p-44100-48000
TEST    swr-resample_exact_async-s32p-48000-8000
TEST    swr-resample_exact_async-s32p-48000-44100
TEST    swr-resample_exact_async-fltp-8000-44100
TEST    swr-resample_exact_async-fltp-8000-48000
TEST    swr-resample_exact_async-fltp-44100-8000
TEST    swr-resample_exact_async-fltp-44100-48000
TEST    swr-resample_exact_async-fltp-48000-8000
TEST    swr-resample_exact_async-fltp-48000-44100
TEST    swr-resample_exact_async-dblp-8000-44100
TEST    swr-resample_exact_async-dblp-8000-48000
TEST    swr-resample_exact_async-dblp-44100-8000
TEST    swr-resample_exact_async-dblp-44100-48000
TEST    swr-resample_exact_async-dblp-48000-8000
TEST    swr-resample_exact_async-dblp-48000-44100
TEST    swr-resample_exact_lin_async-s16p-8000-44100
TEST    swr-resample_exact_lin_async-s16p-8000-48000
TEST    swr-resample_exact_lin_async-s16p-44100-8000
TEST    swr-resample_exact_lin_async-s16p-44100-48000
TEST    swr-resample_exact_lin_async-s16p-48000-8000
TEST    swr-resample_exact_lin_async-s16p-48000-44100
TEST    swr-resample_exact_lin_async-s32p-8000-44100
TEST    swr-resample_exact_lin_async-s32p-8000-48000
TEST    swr-resample_exact_lin_async-s32p-44100-8000
TEST    swr-resample_exact_lin_async-s32p-44100-48000
TEST    swr-resample_exact_lin_async-s32p-48000-8000
TEST    swr-resample_exact_lin_async-s32p-48000-44100
TEST    swr-resample_exact_lin_async-fltp-8000-44100
TEST    swr-resample_exact_lin_async-fltp-8000-48000
TEST    swr-resample_exact_lin_async-fltp-44100-8000
TEST    swr-resample_exact_lin_async-fltp-44100-48000
TEST    swr-resample_exact_lin_async-fltp-48000-8000
TEST    swr-resample_exact_lin_async-fltp-48000-44100
TEST    swr-resample_exact_lin_async-dblp-8000-44100
TEST    swr-resample_exact_lin_async-dblp-8000-48000
TEST    swr-resample_exact_lin_async-dblp-44100-8000
TEST    swr-resample_exact_lin_async-dblp-44100-48000
TEST    swr-resample_exact_lin_async-dblp-48000-8000
TEST    swr-resample_exact_lin_async-dblp-48000-44100
TEST    swr-async-firstpts
TEST    swr-resample-s16p-2626-8000
TEST    swr-resample-s16p-2626-44100
TEST    swr-resample-s16p-2626-48000
TEST    swr-resample-s16p-2626-96000
TEST    swr-resample-s16p-8000-2626
TEST    swr-resample-s16p-8000-44100
TEST    swr-resample-s16p-8000-48000
TEST    swr-resample-s16p-8000-96000
TEST    swr-resample-s16p-44100-2626
TEST    swr-resample-s16p-44100-8000
TEST    swr-resample-s16p-44100-48000
TEST    swr-resample-s16p-44100-96000
TEST    swr-resample-s16p-48000-2626
TEST    swr-resample-s16p-48000-8000
TEST    swr-resample-s16p-48000-44100
TEST    swr-resample-s16p-48000-96000
TEST    swr-resample-s16p-96000-2626
TEST    swr-resample-s16p-96000-8000
TEST    swr-resample-s16p-96000-44100
TEST    swr-resample-s16p-96000-48000
TEST    swr-resample-s32p-2626-8000
TEST    swr-resample-s32p-2626-44100
TEST    swr-resample-s32p-2626-48000
TEST    swr-resample-s32p-2626-96000
TEST    swr-resample-s32p-8000-2626
TEST    swr-resample-s32p-8000-44100
TEST    swr-resample-s32p-8000-48000
TEST    swr-resample-s32p-8000-96000
TEST    swr-resample-s32p-44100-2626
TEST    swr-resample-s32p-44100-8000
TEST    swr-resample-s32p-44100-48000
TEST    swr-resample-s32p-44100-96000
TEST    swr-resample-s32p-48000-2626
TEST    swr-resample-s32p-48000-8000
TEST    swr-resample-s32p-48000-44100
TEST    swr-resample-s32p-48000-96000
TEST    swr-resample-s32p-96000-2626
TEST    swr-resample-s32p-96000-8000
TEST    swr-resample-s32p-96000-44100
TEST    swr-resample-s32p-96000-48000
TEST    swr-resample-fltp-2626-8000
TEST    swr-resample-fltp-2626-44100
TEST    swr-resample-fltp-2626-48000
TEST    swr-resample-fltp-2626-96000
TEST    swr-resample-fltp-8000-2626
TEST    swr-resample-fltp-8000-44100
TEST    swr-resample-fltp-8000-48000
TEST    swr-resample-fltp-8000-96000
TEST    swr-resample-fltp-44100-2626
TEST    swr-resample-fltp-44100-8000
TEST    swr-resample-fltp-44100-48000
TEST    swr-resample-fltp-44100-96000
TEST    swr-resample-fltp-48000-2626
TEST    swr-resample-fltp-48000-8000
TEST    swr-resample-fltp-48000-44100
TEST    swr-resample-fltp-48000-96000
TEST    swr-resample-fltp-96000-2626
TEST    swr-resample-fltp-96000-8000
TEST    swr-resample-fltp-96000-44100
TEST    swr-resample-fltp-96000-48000
TEST    swr-resample-dblp-2626-8000
TEST    swr-resample-dblp-2626-44100
TEST    swr-resample-dblp-2626-48000
TEST    swr-resample-dblp-2626-96000
TEST    swr-resample-dblp-8000-2626
TEST    swr-resample-dblp-8000-44100
TEST    swr-resample-dblp-8000-48000
TEST    swr-resample-dblp-8000-96000
TEST    swr-resample-dblp-44100-2626
TEST    swr-resample-dblp-44100-8000
TEST    swr-resample-dblp-44100-48000
TEST    swr-resample-dblp-44100-96000
TEST    swr-resample-dblp-48000-2626
TEST    swr-resample-dblp-48000-8000
TEST    swr-resample-dblp-48000-44100
TEST    swr-resample-dblp-48000-96000
TEST    swr-resample-dblp-96000-2626
TEST    swr-resample-dblp-96000-8000
TEST    swr-resample-dblp-96000-44100
TEST    swr-resample-dblp-96000-48000
TEST    swr-resample_lin-s16p-8000-44100
TEST    swr-resample_lin-s16p-8000-48000
TEST    swr-resample_lin-s16p-44100-8000
TEST    swr-resample_lin-s16p-44100-48000
TEST    swr-resample_lin-s16p-48000-8000
TEST    swr-resample_lin-s16p-48000-44100
TEST    swr-resample_lin-fltp-8000-44100
TEST    swr-resample_lin-fltp-8000-48000
TEST    swr-resample_lin-fltp-44100-8000
TEST    swr-resample_lin-fltp-44100-48000
TEST    swr-resample_lin-fltp-48000-8000
TEST    swr-resample_lin-fltp-48000-44100
TEST    swr-resample_lin-dblp-8000-44100
TEST    swr-resample_lin-dblp-8000-48000
TEST    swr-resample_lin-dblp-44100-8000
TEST    swr-resample_lin-dblp-44100-48000
TEST    swr-resample_lin-dblp-48000-8000
TEST    swr-resample_lin-dblp-48000-44100
TEST    swr-resample_nn-s16p-8000-44100
TEST    swr-resample_nn-s16p-44100-8000
TEST    swr-resample_nn-fltp-8000-44100
TEST    swr-resample_nn-fltp-44100-8000
TEST    swr-resample_exact-s16p-2626-8000
TEST    swr-resample_exact-s16p-2626-44100
TEST    swr-resample_exact-s16p-2626-48000
TEST    swr-resample_exact-s16p-2626-96000
TEST    swr-resample_exact-s16p-8000-2626
TEST    swr-resample_exact-s16p-8000-44100
TEST    swr-resample_exact-s16p-8000-48000
TEST    swr-resample_exact-s16p-8000-96000
TEST    swr-resample_exact-s16p-44100-2626
TEST    swr-resample_exact-s16p-44100-8000
TEST    swr-resample_exact-s16p-44100-48000
TEST    swr-resample_exact-s16p-44100-96000
TEST    swr-resample_exact-s16p-48000-2626
TEST    swr-resample_exact-s16p-48000-8000
TEST    swr-resample_exact-s16p-48000-44100
TEST    swr-resample_exact-s16p-48000-96000
TEST    swr-resample_exact-s16p-96000-2626
TEST    swr-resample_exact-s16p-96000-8000
TEST    swr-resample_exact-s16p-96000-44100
TEST    swr-resample_exact-s16p-96000-48000
TEST    swr-resample_exact-s32p-2626-8000
TEST    swr-resample_exact-s32p-2626-44100
TEST    swr-resample_exact-s32p-2626-48000
TEST    swr-resample_exact-s32p-2626-96000
TEST    swr-resample_exact-s32p-8000-2626
TEST    swr-resample_exact-s32p-8000-44100
TEST    swr-resample_exact-s32p-8000-48000
TEST    swr-resample_exact-s32p-8000-96000
TEST    swr-resample_exact-s32p-44100-2626
TEST    swr-resample_exact-s32p-44100-8000
TEST    swr-resample_exact-s32p-44100-48000
TEST    swr-resample_exact-s32p-44100-96000
TEST    swr-resample_exact-s32p-48000-2626
TEST    swr-resample_exact-s32p-48000-8000
TEST    swr-resample_exact-s32p-48000-44100
TEST    swr-resample_exact-s32p-48000-96000
TEST    swr-resample_exact-s32p-96000-2626
TEST    swr-resample_exact-s32p-96000-8000
TEST    swr-resample_exact-s32p-96000-44100
TEST    swr-resample_exact-s32p-96000-48000
TEST    swr-resample_exact-fltp-2626-8000
TEST    swr-resample_exact-fltp-2626-44100
TEST    swr-resample_exact-fltp-2626-48000
TEST    swr-resample_exact-fltp-2626-96000
TEST    swr-resample_exact-fltp-8000-2626
TEST    swr-resample_exact-fltp-8000-44100
TEST    swr-resample_exact-fltp-8000-48000
TEST    swr-resample_exact-fltp-8000-96000
TEST    swr-resample_exact-fltp-44100-2626
TEST    swr-resample_exact-fltp-44100-8000
TEST    swr-resample_exact-fltp-44100-48000
TEST    swr-resample_exact-fltp-44100-96000
TEST    swr-resample_exact-fltp-48000-2626
TEST    swr-resample_exact-fltp-48000-8000
TEST    swr-resample_exact-fltp-48000-44100
TEST    swr-resample_exact-fltp-48000-96000
TEST    swr-resample_exact-fltp-96000-2626
TEST    swr-resample_exact-fltp-96000-8000
TEST    swr-resample_exact-fltp-96000-44100
TEST    swr-resample_exact-fltp-96000-48000
TEST    swr-resample_exact-dblp-2626-8000
TEST    swr-resample_exact-dblp-2626-44100
TEST    swr-resample_exact-dblp-2626-48000
TEST    swr-resample_exact-dblp-2626-96000
TEST    swr-resample_exact-dblp-8000-2626
TEST    swr-resample_exact-dblp-8000-44100
TEST    swr-resample_exact-dblp-8000-48000
TEST    swr-resample_exact-dblp-8000-96000
TEST    swr-resample_exact-dblp-44100-2626
TEST    swr-resample_exact-dblp-44100-8000
TEST    swr-resample_exact-dblp-44100-48000
TEST    swr-resample_exact-dblp-44100-96000
TEST    swr-resample_exact-dblp-48000-2626
TEST    swr-resample_exact-dblp-48000-8000
TEST    swr-resample_exact-dblp-48000-44100
TEST    swr-resample_exact-dblp-48000-96000
TEST    swr-resample_exact-dblp-96000-2626
TEST    swr-resample_exact-dblp-96000-8000
TEST    swr-resample_exact-dblp-96000-44100
TEST    swr-resample_exact-dblp-96000-48000
TEST    swr-resample_exact_lin-s16p-2626-8000
TEST    swr-resample_exact_lin-s16p-2626-44100
TEST    swr-resample_exact_lin-s16p-2626-48000
TEST    swr-resample_exact_lin-s16p-2626-96000
TEST    swr-resample_exact_lin-s16p-8000-2626
TEST    swr-resample_exact_lin-s16p-8000-44100
TEST    swr-resample_exact_lin-s16p-8000-48000
TEST    swr-resample_exact_lin-s16p-8000-96000
TEST    swr-resample_exact_lin-s16p-44100-2626
TEST    swr-resample_exact_lin-s16p-44100-8000
TEST    swr-resample_exact_lin-s16p-44100-48000
TEST    swr-resample_exact_lin-s16p-44100-96000
TEST    swr-resample_exact_lin-s16p-48000-2626
TEST    swr-resample_exact_lin-s16p-48000-8000
TEST    swr-resample_exact_lin-s16p-48000-44100
TEST    swr-resample_exact_lin-s16p-48000-96000
TEST    swr-resample_exact_lin-s16p-96000-2626
TEST    swr-resample_exact_lin-s16p-96000-8000
TEST    swr-resample_exact_lin-s16p-96000-44100
TEST    swr-resample_exact_lin-s16p-96000-48000
TEST    swr-resample_exact_lin-s32p-2626-8000
TEST    swr-resample_exact_lin-s32p-2626-44100
TEST    swr-resample_exact_lin-s32p-2626-48000
TEST    swr-resample_exact_lin-s32p-2626-96000
TEST    swr-resample_exact_lin-s32p-8000-2626
TEST    swr-resample_exact_lin-s32p-8000-44100
TEST    swr-resample_exact_lin-s32p-8000-48000
TEST    swr-resample_exact_lin-s32p-8000-96000
TEST    swr-resample_exact_lin-s32p-44100-2626
TEST    swr-resample_exact_lin-s32p-44100-8000
TEST    swr-resample_exact_lin-s32p-44100-48000
TEST    swr-resample_exact_lin-s32p-44100-96000
TEST    swr-resample_exact_lin-s32p-48000-2626
TEST    swr-resample_exact_lin-s32p-48000-8000
TEST    swr-resample_exact_lin-s32p-48000-44100
TEST    swr-resample_exact_lin-s32p-48000-96000
TEST    swr-resample_exact_lin-s32p-96000-2626
TEST    swr-resample_exact_lin-s32p-96000-8000
TEST    swr-resample_exact_lin-s32p-96000-44100
TEST    swr-resample_exact_lin-s32p-96000-48000
TEST    swr-resample_exact_lin-fltp-2626-8000
TEST    swr-resample_exact_lin-fltp-2626-44100
TEST    swr-resample_exact_lin-fltp-2626-48000
TEST    swr-resample_exact_lin-fltp-2626-96000
TEST    swr-resample_exact_lin-fltp-8000-2626
TEST    swr-resample_exact_lin-fltp-8000-44100
TEST    swr-resample_exact_lin-fltp-8000-48000
TEST    swr-resample_exact_lin-fltp-8000-96000
TEST    swr-resample_exact_lin-fltp-44100-2626
TEST    swr-resample_exact_lin-fltp-44100-8000
TEST    swr-resample_exact_lin-fltp-44100-48000
TEST    swr-resample_exact_lin-fltp-44100-96000
TEST    swr-resample_exact_lin-fltp-48000-2626
TEST    swr-resample_exact_lin-fltp-48000-8000
TEST    swr-resample_exact_lin-fltp-48000-44100
TEST    swr-resample_exact_lin-fltp-48000-96000
TEST    swr-resample_exact_lin-fltp-96000-2626
TEST    swr-resample_exact_lin-fltp-96000-8000
TEST    swr-resample_exact_lin-fltp-96000-44100
TEST    swr-resample_exact_lin-fltp-96000-48000
TEST    swr-resample_exact_lin-dblp-2626-8000
TEST    swr-resample_exact_lin-dblp-2626-44100
TEST    swr-resample_exact_lin-dblp-2626-48000
TEST    swr-resample_exact_lin-dblp-2626-96000
TEST    swr-resample_exact_lin-dblp-8000-2626
TEST    swr-resample_exact_lin-dblp-8000-44100
TEST    swr-resample_exact_lin-dblp-8000-48000
TEST    swr-resample_exact_lin-dblp-8000-96000
TEST    swr-resample_exact_lin-dblp-44100-2626
TEST    swr-resample_exact_lin-dblp-44100-8000
TEST    swr-resample_exact_lin-dblp-44100-48000
TEST    swr-resample_exact_lin-dblp-44100-96000
TEST    swr-resample_exact_lin-dblp-48000-2626
TEST    swr-resample_exact_lin-dblp-48000-8000
TEST    swr-resample_exact_lin-dblp-48000-44100
TEST    swr-resample_exact_lin-dblp-48000-96000
TEST    swr-resample_exact_lin-dblp-96000-2626
TEST    swr-resample_exact_lin-dblp-96000-8000
TEST    swr-resample_exact_lin-dblp-96000-44100
TEST    swr-resample_exact_lin-dblp-96000-48000
TEST    swr-audioconvert
TEST    swr-custom-rematrix
CC	libswresample/tests/swresample_resample_realloc.o
LD	libswresample/tests/swresample_resample_realloc
TEST    swr-resample-realloc
TEST    sws-yuv-colorspace
TEST    sws-yuv-range
TEST    mov-mp4-frag-flush
TEST    mov-channel-description
TEST    mov-mp4-pcm
TEST    mov-mp4-pcm-float
TEST    mov-vfr
GEN	tests/data/mov-mp4-iamf-7_1_4-video-first.mp4
TEST    mov-mp4-iamf-7_1_4-video-first-2
TEST    mov-mp4-iamf-7_1_4-video-first-3
TEST    opus-enc-silence
TEST    dcinema-encode
TEST    pcm_dvd-16-1-96000
TEST    pcm-bluray-s16-mono
TEST    pcm-bluray-s16-stereo
TEST    pcm-bluray-s16-71
TEST    pcm-bluray-s16-51
TEST    pcm-bluray-s16-70
TEST    sbc-16000-1
TEST    sbc-44100-1
TEST    sbc-48000-1
TEST    sbc-44100-2-joint-stereo
TEST    sbc-44100-2-stereo-low-delay
TEST    sbc-44100-2-stereo
TEST    sbc-44100-2-joint-stereo-four-subbands
TEST    utvideoenc_rgba_left
TEST    utvideoenc_rgba_median
TEST    utvideoenc_rgba_none
TEST    utvideoenc_rgb_left
TEST    utvideoenc_rgb_median
TEST    utvideoenc_rgb_none
TEST    utvideoenc_yuv420_left
TEST    utvideoenc_yuv420_median
TEST    utvideoenc_yuv420_none
TEST    utvideoenc_yuv422_left
TEST    utvideoenc_yuv422_median
TEST    utvideoenc_yuv422_none
TEST    utvideoenc_yuv444_left
TEST    utvideoenc_yuv444_median
TEST    utvideoenc_yuv444_none
TEST    ffmpeg-filter_complex
TEST    ffmpeg-filter_complex_audio
TEST    ffmpeg-lavfi
TEST    force_key_frames
TEST    unknown_layout-pcm
TEST    unknown_layout-ac3
TEST    shortest
TEST    ffmpeg-filter-in-eof
TEST    ffmpeg-streamcopy-t
TEST    ffmpeg-negative-t
TEST    ffmpeg-negative-input-t
TEST    ffmpeg-loopback-decoding
TEST    acodec-pcm-alaw
TEST    acodec-pcm-mulaw
TEST    acodec-pcm-s16be
TEST    acodec-pcm-s16le
TEST    acodec-pcm-u16be
TEST    acodec-pcm-u16le
TEST    acodec-pcm-s8
TEST    acodec-pcm-u8
TEST    acodec-pcm-s24be
TEST    acodec-pcm-s24le
TEST    acodec-pcm-u24be
TEST    acodec-pcm-u24le
TEST    acodec-pcm-s32be
TEST    acodec-pcm-s32le
TEST    acodec-pcm-u32be
TEST    acodec-pcm-u32le
TEST    acodec-pcm-f32be
TEST    acodec-pcm-f32le
TEST    acodec-pcm-f64be
TEST    acodec-pcm-f64le
TEST    acodec-pcm-s8_planar
TEST    acodec-pcm-s16be_planar
TEST    acodec-pcm-s16le_planar
TEST    acodec-pcm-s24le_planar
TEST    acodec-pcm-s32le_planar
TEST    acodec-adpcm-ima_apm
TEST    acodec-adpcm-ima_alp
TEST    acodec-adpcm-ima_ssi
TEST    acodec-adpcm-ima_ws
TEST    acodec-adpcm-ms
TEST    acodec-adpcm-swf
TEST    acodec-adpcm-swf-wav
TEST    acodec-adpcm-yamaha
TEST    acodec-adpcm-adx
TEST    acodec-adpcm-argo
TEST    acodec-adpcm-ima_qt
TEST    acodec-adpcm-ima_wav
TEST    acodec-adpcm-ima_qt-trellis
TEST    acodec-adpcm-ima_wav-trellis
TEST    acodec-adpcm-ms-trellis
TEST    acodec-adpcm-swf-trellis
TEST    acodec-adpcm-yamaha-trellis
TEST    acodec-mp2
TEST    acodec-mp2fixed
TEST    acodec-alac
TEST    acodec-dca
TEST    acodec-dca2
TEST    acodec-flac
TEST    acodec-flac-exact-rice
TEST    acodec-g723_1
TEST    acodec-ra144
TEST    acodec-roqaudio
TEST    acodec-s302m
TEST    acodec-wavpack
TEST    acodec-tta
TEST    vsynth1-asv1
TEST    vsynth1-asv2
TEST    vsynth1-vc2-420p
TEST    vsynth1-ffv1
TEST    vsynth1-ffv1-v0
TEST    vsynth1-ffv1-v2
TEST    vsynth1-ffv1-v3-yuv420p
TEST    vsynth1-ffv1-2pass
TEST    vsynth1-ffvhuff
TEST    vsynth1-flv
TEST    vsynth1-h261
TEST    vsynth1-h261-trellis
TEST    vsynth1-h263
TEST    vsynth1-h263-obmc
TEST    vsynth1-h263p
TEST    vsynth1-ljpeg
TEST    vsynth1-mpeg1
TEST    vsynth1-mpeg1b
TEST    vsynth1-mpeg2
TEST    vsynth1-mpeg2-422
TEST    vsynth1-mpeg2-idct-int
TEST    vsynth1-mpeg2-ilace
TEST    vsynth1-mpeg2-ivlc-qprd
TEST    vsynth1-mpeg2-thread
TEST    vsynth1-mpeg2-thread-ivlc
TEST    vsynth1-mpeg4
TEST    vsynth1-mpeg4-rc
TEST    vsynth1-mpeg4-adv
TEST    vsynth1-mpeg4-adap
TEST    vsynth1-mpeg4-qpel
TEST    vsynth1-mpeg4-thread
TEST    vsynth1-mpeg4-error
TEST    vsynth1-mpeg4-nr
TEST    vsynth1-mpeg4-nsse
TEST    vsynth1-msmpeg4
TEST    vsynth1-msmpeg4v2
TEST    vsynth1-rv10
TEST    vsynth1-rv20
TEST    vsynth1-snow-ll
TEST    vsynth1-speedhq-420p
TEST    vsynth1-wmv1
TEST    vsynth1-wmv2
TEST    vsynth1-yuv
TEST    vsynth1-yuv4
TEST    vsynth1-amv
TEST    vsynth1-cinepak
TEST    vsynth1-cljr
TEST    vsynth1-vc2-420p10
TEST    vsynth1-vc2-420p12
TEST    vsynth1-vc2-422p
TEST    vsynth1-vc2-422p10
TEST    vsynth1-vc2-422p12
TEST    vsynth1-vc2-444p
TEST    vsynth1-vc2-444p10
TEST    vsynth1-vc2-444p12
TEST    vsynth1-vc2-thaar
TEST    vsynth1-vc2-t5_3
TEST    vsynth1-dnxhd-720p
TEST    vsynth1-dnxhd-720p-rd
TEST    vsynth1-dnxhd-720p-10bit
TEST    vsynth1-dnxhd-720p-hr-lb
TEST    vsynth1-dnxhd-edge1-hr
TEST    vsynth1-dnxhd-edge2-hr
TEST    vsynth1-dnxhd-edge3-hr
TEST    vsynth1-dnxhd-4k-hr-lb
TEST    vsynth1-dnxhd-2k-hr-hq
TEST    vsynth1-dnxhd-uhd-hr-sq
TEST    vsynth1-dnxhd-1080i
TEST    vsynth1-dnxhd-1080i-10bit
TEST    vsynth1-dnxhd-1080i-colr
TEST    vsynth1-dnxhd-hr-lb-mov
TEST    vsynth1-dnxhd-hr-sq-mov
TEST    vsynth1-dnxhd-hr-hq-mov
TEST    vsynth1-dv
TEST    vsynth1-dv-411
TEST    vsynth1-dv-50
TEST    vsynth1-dv-hd
TEST    vsynth1-dv-fhd
TEST    vsynth1-ffv1-v3-yuv422p10
TEST    vsynth1-ffv1-v3-yuv444p16
TEST    vsynth1-ffv1-v3-bgr0
TEST    vsynth1-ffv1-v3-rgb48
TEST    vsynth1-ffv1-2pass10
TEST    vsynth1-ffvhuff444
TEST    vsynth1-ffvhuff420p12
TEST    vsynth1-ffvhuff422p10left
TEST    vsynth1-ffvhuff444p16
TEST    vsynth1-flashsv
TEST    vsynth1-flashsv2
TEST    vsynth1-huffyuv
TEST    vsynth1-huffyuvbgr24
TEST    vsynth1-huffyuvbgra
TEST    vsynth1-jpegls
TEST    vsynth1-jpeg2000
TEST    vsynth1-jpeg2000-97
TEST    vsynth1-jpeg2000-gbrp12
TEST    vsynth1-jpeg2000-yuva444p16
TEST    vsynth1-magicyuv
TEST    vsynth1-mjpeg
TEST    vsynth1-mjpeg-422
TEST    vsynth1-mjpeg-444
TEST    vsynth1-mjpeg-trell
TEST    vsynth1-mjpeg-huffman
TEST    vsynth1-mjpeg-trell-huffman
TEST    vsynth1-msrle
TEST    vsynth1-mpng
TEST    vsynth1-msvideo1
TEST    vsynth1-prores
TEST    vsynth1-prores_int
TEST    vsynth1-prores_444
TEST    vsynth1-prores_444_int
TEST    vsynth1-prores_ks
TEST    vsynth1-qtrle
TEST    vsynth1-qtrlegray
TEST    vsynth1-rgb
TEST    vsynth1-bpp1
TEST    vsynth1-bpp15
TEST    vsynth1-mov-bgr24
TEST    vsynth1-mov-bpp15
TEST    vsynth1-mov-bpp16
TEST    vsynth1-roqvideo
TEST    vsynth1-rpza
TEST    vsynth1-smc
TEST    vsynth1-snow
TEST    vsynth1-snow-hpel
TEST    vsynth1-speedhq-422p
TEST    vsynth1-speedhq-444p
TEST    vsynth1-svq1
TEST    vsynth1-r210
TEST    vsynth1-v210
TEST    vsynth1-v210-10
TEST    vsynth1-v308
TEST    vsynth1-v408
TEST    vsynth1-v410
TEST    vsynth1-avui
TEST    vsynth1-xface
TEST    vsynth1-y41p
TEST    vsynth1-zlib
TEST    vsynth2-asv1
TEST    vsynth2-asv2
TEST    vsynth2-vc2-420p
TEST    vsynth2-ffv1
TEST    vsynth2-ffv1-v0
TEST    vsynth2-ffv1-v2
TEST    vsynth2-ffv1-v3-yuv420p
TEST    vsynth2-ffv1-2pass
TEST    vsynth2-ffvhuff
TEST    vsynth2-flv
TEST    vsynth2-h261
TEST    vsynth2-h261-trellis
TEST    vsynth2-h263
TEST    vsynth2-h263-obmc
TEST    vsynth2-h263p
TEST    vsynth2-ljpeg
TEST    vsynth2-mpeg1
TEST    vsynth2-mpeg1b
TEST    vsynth2-mpeg2
TEST    vsynth2-mpeg2-422
TEST    vsynth2-mpeg2-idct-int
TEST    vsynth2-mpeg2-ilace
TEST    vsynth2-mpeg2-ivlc-qprd
TEST    vsynth2-mpeg2-thread
TEST    vsynth2-mpeg2-thread-ivlc
TEST    vsynth2-mpeg4
TEST    vsynth2-mpeg4-rc
TEST    vsynth2-mpeg4-adv
TEST    vsynth2-mpeg4-qprd
TEST    vsynth2-mpeg4-adap
TEST    vsynth2-mpeg4-qpel
TEST    vsynth2-mpeg4-thread
TEST    vsynth2-mpeg4-error
TEST    vsynth2-mpeg4-nr
TEST    vsynth2-mpeg4-nsse
TEST    vsynth2-msmpeg4
TEST    vsynth2-msmpeg4v2
TEST    vsynth2-rv10
TEST    vsynth2-rv20
TEST    vsynth2-snow-ll
TEST    vsynth2-speedhq-420p
TEST    vsynth2-wmv1
TEST    vsynth2-wmv2
TEST    vsynth2-yuv
TEST    vsynth2-yuv4
TEST    vsynth2-amv
TEST    vsynth2-cinepak
TEST    vsynth2-cljr
TEST    vsynth2-vc2-420p10
TEST    vsynth2-vc2-420p12
TEST    vsynth2-vc2-422p
TEST    vsynth2-vc2-422p10
TEST    vsynth2-vc2-422p12
TEST    vsynth2-vc2-444p
TEST    vsynth2-vc2-444p10
TEST    vsynth2-vc2-444p12
TEST    vsynth2-vc2-thaar
TEST    vsynth2-vc2-t5_3
TEST    vsynth2-dnxhd-720p
TEST    vsynth2-dnxhd-720p-rd
TEST    vsynth2-dnxhd-720p-10bit
TEST    vsynth2-dnxhd-720p-hr-lb
TEST    vsynth2-dnxhd-edge1-hr
TEST    vsynth2-dnxhd-edge2-hr
TEST    vsynth2-dnxhd-edge3-hr
TEST    vsynth2-dnxhd-4k-hr-lb
TEST    vsynth2-dnxhd-2k-hr-hq
TEST    vsynth2-dnxhd-uhd-hr-sq
TEST    vsynth2-dnxhd-1080i
TEST    vsynth2-dnxhd-1080i-10bit
TEST    vsynth2-dnxhd-1080i-colr
TEST    vsynth2-dnxhd-hr-lb-mov
TEST    vsynth2-dnxhd-hr-sq-mov
TEST    vsynth2-dnxhd-hr-hq-mov
TEST    vsynth2-dv
TEST    vsynth2-dv-411
TEST    vsynth2-dv-50
TEST    vsynth2-dv-hd
TEST    vsynth2-dv-fhd
TEST    vsynth2-ffv1-v3-yuv422p10
TEST    vsynth2-ffv1-v3-yuv444p16
TEST    vsynth2-ffv1-v3-bgr0
TEST    vsynth2-ffv1-v3-rgb48
TEST    vsynth2-ffv1-2pass10
TEST    vsynth2-ffvhuff444
TEST    vsynth2-ffvhuff420p12
TEST    vsynth2-ffvhuff422p10left
TEST    vsynth2-ffvhuff444p16
TEST    vsynth2-flashsv
TEST    vsynth2-flashsv2
TEST    vsynth2-huffyuv
TEST    vsynth2-huffyuvbgr24
TEST    vsynth2-huffyuvbgra
TEST    vsynth2-jpegls
TEST    vsynth2-jpeg2000
TEST    vsynth2-jpeg2000-97
TEST    vsynth2-jpeg2000-gbrp12
TEST    vsynth2-jpeg2000-yuva444p16
TEST    vsynth2-magicyuv
TEST    vsynth2-mjpeg
TEST    vsynth2-mjpeg-422
TEST    vsynth2-mjpeg-444
TEST    vsynth2-mjpeg-trell
TEST    vsynth2-mjpeg-huffman
TEST    vsynth2-mjpeg-trell-huffman
TEST    vsynth2-msrle
TEST    vsynth2-mpng
TEST    vsynth2-msvideo1
TEST    vsynth2-prores
TEST    vsynth2-prores_int
TEST    vsynth2-prores_444
TEST    vsynth2-prores_444_int
TEST    vsynth2-prores_ks
TEST    vsynth2-qtrle
TEST    vsynth2-qtrlegray
TEST    vsynth2-rgb
TEST    vsynth2-bpp1
TEST    vsynth2-bpp15
TEST    vsynth2-mov-bgr24
TEST    vsynth2-mov-bpp15
TEST    vsynth2-mov-bpp16
TEST    vsynth2-roqvideo
TEST    vsynth2-rpza
TEST    vsynth2-smc
TEST    vsynth2-snow
TEST    vsynth2-snow-hpel
TEST    vsynth2-speedhq-422p
TEST    vsynth2-speedhq-444p
TEST    vsynth2-svq1
TEST    vsynth2-r210
TEST    vsynth2-v210
TEST    vsynth2-v210-10
TEST    vsynth2-v308
TEST    vsynth2-v408
TEST    vsynth2-v410
TEST    vsynth2-avui
TEST    vsynth2-xface
TEST    vsynth2-y41p
TEST    vsynth2-zlib
TEST    vsynth3-asv1
TEST    vsynth3-asv2
TEST    vsynth3-ffv1
TEST    vsynth3-ffv1-v0
TEST    vsynth3-ffv1-v2
TEST    vsynth3-ffv1-v3-yuv420p
TEST    vsynth3-ffv1-2pass
TEST    vsynth3-ffvhuff
TEST    vsynth3-flv
TEST    vsynth3-ljpeg
TEST    vsynth3-mpeg1
TEST    vsynth3-mpeg1b
TEST    vsynth3-mpeg2
TEST    vsynth3-mpeg2-422
TEST    vsynth3-mpeg2-idct-int
TEST    vsynth3-mpeg2-ilace
TEST    vsynth3-mpeg2-ivlc-qprd
TEST    vsynth3-mpeg2-thread
TEST    vsynth3-mpeg2-thread-ivlc
TEST    vsynth3-mpeg4
TEST    vsynth3-mpeg4-rc
TEST    vsynth3-mpeg4-adv
TEST    vsynth3-mpeg4-qprd
TEST    vsynth3-mpeg4-adap
TEST    vsynth3-mpeg4-qpel
TEST    vsynth3-mpeg4-thread
TEST    vsynth3-mpeg4-error
TEST    vsynth3-mpeg4-nr
TEST    vsynth3-mpeg4-nsse
TEST    vsynth3-msmpeg4
TEST    vsynth3-msmpeg4v2
TEST    vsynth3-wmv1
TEST    vsynth3-wmv2
TEST    vsynth3-yuv
TEST    vsynth3-yuv4
TEST    vsynth3-amv
TEST    vsynth3-cljr
TEST    vsynth3-dnxhd-720p-hr-lb
TEST    vsynth3-dnxhd-edge1-hr
TEST    vsynth3-dnxhd-edge2-hr
TEST    vsynth3-dnxhd-edge3-hr
TEST    vsynth3-dnxhd-4k-hr-lb
TEST    vsynth3-dnxhd-2k-hr-hq
TEST    vsynth3-dnxhd-uhd-hr-sq
TEST    vsynth3-dnxhd-1080i-10bit
TEST    vsynth3-dnxhd-1080i-colr
TEST    vsynth3-dnxhd-hr-lb-mov
TEST    vsynth3-dnxhd-hr-sq-mov
TEST    vsynth3-dnxhd-hr-hq-mov
TEST    vsynth3-dv-hd
TEST    vsynth3-dv-fhd
TEST    vsynth3-ffv1-v3-yuv422p10
TEST    vsynth3-ffv1-v3-yuv444p16
TEST    vsynth3-ffv1-v3-bgr0
TEST    vsynth3-ffv1-v3-rgb48
TEST    vsynth3-ffv1-2pass10
TEST    vsynth3-ffvhuff444
TEST    vsynth3-ffvhuff420p12
TEST    vsynth3-ffvhuff422p10left
TEST    vsynth3-ffvhuff444p16
TEST    vsynth3-flashsv
TEST    vsynth3-flashsv2
TEST    vsynth3-huffyuv
TEST    vsynth3-huffyuvbgr24
TEST    vsynth3-huffyuvbgra
TEST    vsynth3-jpegls
TEST    vsynth3-jpeg2000
TEST    vsynth3-jpeg2000-97
TEST    vsynth3-jpeg2000-gbrp12
TEST    vsynth3-jpeg2000-yuva444p16
TEST    vsynth3-magicyuv
TEST    vsynth3-mjpeg
TEST    vsynth3-mjpeg-422
TEST    vsynth3-mjpeg-444
TEST    vsynth3-mjpeg-trell
TEST    vsynth3-mjpeg-huffman
TEST    vsynth3-mjpeg-trell-huffman
TEST    vsynth3-msrle
TEST    vsynth3-mpng
TEST    vsynth3-prores
TEST    vsynth3-prores_int
TEST    vsynth3-prores_444
TEST    vsynth3-prores_444_int
TEST    vsynth3-prores_ks
TEST    vsynth3-qtrle
TEST    vsynth3-rgb
TEST    vsynth3-bpp1
TEST    vsynth3-bpp15
TEST    vsynth3-mov-bgr24
TEST    vsynth3-mov-bpp15
TEST    vsynth3-mov-bpp16
TEST    vsynth3-rpza
TEST    vsynth3-smc
TEST    vsynth3-svq1
TEST    vsynth3-r210
TEST    vsynth3-v210
TEST    vsynth3-v210-10
TEST    vsynth3-v308
TEST    vsynth3-v408
TEST    vsynth3-v410
TEST    vsynth3-xface
TEST    vsynth3-zlib
TEST    lavf-aiff
TEST    lavf-al
TEST    lavf-au
TEST    lavf-caf
TEST    lavf-mmf
TEST    lavf-ogg
TEST    lavf-ul
TEST    lavf-ircam
TEST    lavf-s16.voc
TEST    lavf-wav
TEST    lavf-peak.wav
TEST    lavf-peak_only.wav
TEST    lavf-w64
TEST    lavf-tta
TEST    lavf-mka
TEST    lavf-ast
TEST    lavf-dfpwm
TEST    lavf-rso
TEST    lavf-sox
TEST    lavf-voc
TEST    lavf-wv
TEST    lavf-asf
TEST    lavf-avi
TEST    lavf-dv
TEST    lavf-dv_pal
TEST    lavf-dv_ntsc
TEST    lavf-flm
TEST    lavf-gxf
TEST    lavf-gxf_pal
TEST    lavf-gxf_ntsc
TEST    lavf-mkv
TEST    lavf-mkv_attachment
TEST    lavf-mov
TEST    lavf-mov_rtphint
TEST    lavf-mov_hybrid_frag
TEST    lavf-ismv
TEST    lavf-mp4
TEST    lavf-mpg
TEST    lavf-mxf_ffv1
TEST    lavf-mxf
TEST    lavf-mxf_dv25
TEST    lavf-mxf_dvcpro50
TEST    lavf-mxf_dvcpro100
TEST    lavf-mxf_d10
TEST    lavf-mxf_opatom
TEST    lavf-mxf_opatom_audio
TEST    lavf-nut
TEST    lavf-rm
TEST    lavf-smjpeg
TEST    lavf-swf
TEST    lavf-ts
TEST    lavf-wtv
TEST    lavf-bmp
TEST    lavf-dpx
TEST    lavf-gbrp10le.dpx
TEST    lavf-gbrp12le.dpx
TEST    lavf-rgb48le.dpx
TEST    lavf-rgb48le_10.dpx
TEST    lavf-rgba64le.dpx
TEST    lavf-none.grayf32le.exr
TEST    lavf-none.gbrpf32le.exr
TEST    lavf-none.gbrapf32le.exr
TEST    lavf-rle.grayf32le.exr
TEST    lavf-rle.gbrpf32le.exr
TEST    lavf-rle.gbrapf32le.exr
TEST    lavf-zip1.grayf32le.exr
TEST    lavf-zip1.gbrpf32le.exr
TEST    lavf-zip1.gbrapf32le.exr
TEST    lavf-zip16.grayf32le.exr
TEST    lavf-zip16.gbrpf32le.exr
TEST    lavf-zip16.gbrapf32le.exr
TEST    lavf-jpg
TEST    lavf-pam
TEST    lavf-rgba.pam
TEST    lavf-gray.pam
TEST    lavf-gray16be.pam
TEST    lavf-rgb48be.pam
TEST    lavf-monob.pam
TEST    lavf-pcx
TEST    lavf-grayf32le.pfm
TEST    lavf-gbrpf32le.pfm
TEST    lavf-grayf32be.pfm
TEST    lavf-gbrpf32be.pfm
TEST    lavf-pgm
TEST    lavf-png
TEST    lavf-gray16be.png
TEST    lavf-rgb48be.png
TEST    lavf-ppm
TEST    lavf-sgi
TEST    lavf-sun
TEST    lavf-tga
TEST    lavf-tiff
TEST    lavf-qoi
TEST    lavf-wbmp
TEST    lavf-xbm
TEST    lavf-xwd
TEST    lavf-rgba.xwd
TEST    lavf-rgb565be.xwd
TEST    lavf-rgb555be.xwd
TEST    lavf-rgb8.xwd
TEST    lavf-rgb4_byte.xwd
TEST    lavf-gray.xwd
TEST    lavf-monow.xwd
TEST    lavf-pbmpipe
TEST    lavf-pgmpipe
TEST    lavf-ppmpipe
TEST    lavf-qoipipe
TEST    lavf-xbmpipe
TEST    lavf-xwdpipe
TEST    lavf-y4m
TEST    lavf-apng
TEST    lavf-apng.png
TEST    lavf-gray.fits
TEST    lavf-gray16be.fits
TEST    lavf-gbrp.fits
TEST    lavf-gbrap.fits
TEST    lavf-gbrp16be.fits
TEST    lavf-gbrap16be.fits
TEST    lavf-gif
TEST    lavf-pdv
TEST    lavf-pdv-intra
TEST    lavf-pdv-skip-nokey
TEST    lavf-yuv422p.y4m
TEST    lavf-yuv444p.y4m
TEST    lavf-yuv411p.y4m
TEST    lavf-gray.y4m
TEST    seek-acodec-adpcm-ima_qt
TEST    seek-acodec-adpcm-ima_qt-trellis
TEST    seek-acodec-adpcm-ima_wav
TEST    seek-acodec-adpcm-ima_wav-trellis
TEST    seek-acodec-adpcm-ms
TEST    seek-acodec-adpcm-ms-trellis
TEST    seek-acodec-adpcm-swf
TEST    seek-acodec-adpcm-swf-trellis
TEST    seek-acodec-adpcm-yamaha
TEST    seek-acodec-adpcm-yamaha-trellis
TEST    seek-acodec-alac
TEST    seek-acodec-flac
TEST    seek-acodec-mp2
TEST    seek-acodec-pcm-alaw
TEST    seek-acodec-pcm-mulaw
TEST    seek-acodec-pcm-s8
TEST    seek-acodec-pcm-u8
TEST    seek-acodec-pcm-s16be
TEST    seek-acodec-pcm-s16le
TEST    seek-acodec-pcm-s24be
TEST    seek-acodec-pcm-s24le
TEST    seek-acodec-pcm-s32be
TEST    seek-acodec-pcm-s32le
TEST    seek-acodec-pcm-f32be
TEST    seek-acodec-pcm-f32le
TEST    seek-acodec-pcm-f64be
TEST    seek-acodec-pcm-f64le
TEST    seek-lavf-aiff
TEST    seek-lavf-al
TEST    seek-lavf-au
TEST    seek-lavf-mmf
TEST    seek-lavf-ogg
TEST    seek-lavf-ul
TEST    seek-lavf-voc
TEST    seek-lavf-wav
TEST    seek-lavf-asf
TEST    seek-lavf-avi
TEST    seek-lavf-dv
TEST    seek-lavf-flv
TEST    seek-lavf-gxf
TEST    seek-lavf-mkv
TEST    seek-lavf-mov
TEST    seek-lavf-mpg
TEST    seek-lavf-mxf
TEST    seek-lavf-mxf_d10
TEST    seek-lavf-mxf_dv25
TEST    seek-lavf-mxf_dvcpro50
TEST    seek-lavf-mxf_opatom
TEST    seek-lavf-mxf_opatom_audio
TEST    seek-lavf-nut
TEST    seek-lavf-swf
TEST    seek-lavf-ts
TEST    seek-lavf-wtv
TEST    seek-lavf-rm
TEST    seek-lavf-gif
TEST    seek-lavf-pdv
TEST    seek-lavf-y4m
TEST    seek-lavf-bmp
TEST    seek-lavf-jpg
TEST    seek-lavf-pcx
TEST    seek-lavf-pgm
TEST    seek-lavf-ppm
TEST    seek-lavf-sgi
TEST    seek-lavf-tga
TEST    seek-lavf-tiff
TEST    seek-lavf-pbmpipe
TEST    seek-lavf-pgmpipe
TEST    seek-lavf-ppmpipe
TEST    pixfmt-bgr24
TEST    pixfmt-gray
TEST    pixfmt-nv12
TEST    pixfmt-nv16
TEST    pixfmt-nv24
TEST    pixfmt-monob
TEST    pixfmt-monow
TEST    pixfmt-vuyx
TEST    pixfmt-rgb24
TEST    pixfmt-rgb32
TEST    pixfmt-rgb555
TEST    pixfmt-rgb565
TEST    pixfmt-xyz12le
TEST    pixfmt-yuv410p
TEST    pixfmt-yuv411p
TEST    pixfmt-yuv420p
TEST    pixfmt-yuv422p
TEST    pixfmt-yuv440p
TEST    pixfmt-yuv444p
TEST    pixfmt-yuvj420p
TEST    pixfmt-yuvj422p
TEST    pixfmt-yuvj440p
TEST    pixfmt-yuvj444p
TEST    pixfmt-yuyv422
TEST    pixfmt-yvyu422
TEST    pixfmt-uyvy422
TEST    pixfmt-vyu444
TEST    pixfmt-yuv444p-bgr24
TEST    pixfmt-yuv444p-gray
TEST    pixfmt-yuv444p-nv12
TEST    pixfmt-yuv444p-nv16
TEST    pixfmt-yuv444p-nv24
TEST    pixfmt-yuv444p-monob
TEST    pixfmt-yuv444p-monow
TEST    pixfmt-yuv444p-vuyx
TEST    pixfmt-yuv444p-rgb24
TEST    pixfmt-yuv444p-rgb32
TEST    pixfmt-yuv444p-rgb555
TEST    pixfmt-yuv444p-rgb565
TEST    pixfmt-yuv444p-xyz12le
TEST    pixfmt-yuv444p-yuv410p
TEST    pixfmt-yuv444p-yuv411p
TEST    pixfmt-yuv444p-yuv420p
TEST    pixfmt-yuv444p-yuv422p
TEST    pixfmt-yuv444p-yuv440p
TEST    pixfmt-yuv444p-yuv444p
TEST    pixfmt-yuv444p-yuvj420p
TEST    pixfmt-yuv444p-yuvj422p
TEST    pixfmt-yuv444p-yuvj440p
TEST    pixfmt-yuv444p-yuvj444p
TEST    pixfmt-yuv444p-yuyv422
TEST    pixfmt-yuv444p-yvyu422
TEST    pixfmt-yuv444p-uyvy422
TEST    pixfmt-yuv444p-vyu444
TEST    pixfmt-yuv444p-gray10le
TEST    pixfmt-yuv444p-gray10be
TEST    pixfmt-yuv444p-yuv420p10le
TEST    pixfmt-yuv444p-yuv420p10be
TEST    pixfmt-yuv444p-yuv422p10le
TEST    pixfmt-yuv444p-yuv422p10be
TEST    pixfmt-yuv444p-yuv440p10le
TEST    pixfmt-yuv444p-yuv440p10be
TEST    pixfmt-yuv444p-yuv444p10le
TEST    pixfmt-yuv444p-yuv444p10be
TEST    pixfmt-yuv444p-yuv444p10msble
TEST    pixfmt-yuv444p-yuv444p10msbbe
TEST    pixfmt-yuv444p-y210le
TEST    pixfmt-yuv444p-p010le
TEST    pixfmt-yuv444p-p010be
TEST    pixfmt-yuv444p-p210le
TEST    pixfmt-yuv444p-p210be
TEST    pixfmt-yuv444p-p410le
TEST    pixfmt-yuv444p-p410be
TEST    pixfmt-yuv444p-v30xle
TEST    pixfmt-yuv444p-xv30le
TEST    pixfmt-yuv444p-x2rgb10le
TEST    pixfmt-yuv444p-x2bgr10le
TEST    pixfmt-yuv444p-gbrp10le
TEST    pixfmt-yuv444p-gbrp10be
TEST    pixfmt-yuv444p-gray12le
TEST    pixfmt-yuv444p-gray12be
TEST    pixfmt-yuv444p-yuv420p12le
TEST    pixfmt-yuv444p-yuv420p12be
TEST    pixfmt-yuv444p-yuv422p12le
TEST    pixfmt-yuv444p-yuv422p12be
TEST    pixfmt-yuv444p-yuv440p12le
TEST    pixfmt-yuv444p-yuv440p12be
TEST    pixfmt-yuv444p-yuv444p12le
TEST    pixfmt-yuv444p-yuv444p12be
TEST    pixfmt-yuv444p-yuv444p12msble
TEST    pixfmt-yuv444p-yuv444p12msbbe
TEST    pixfmt-yuv444p-y212le
TEST    pixfmt-yuv444p-p012le
TEST    pixfmt-yuv444p-p012be
TEST    pixfmt-yuv444p-p212le
TEST    pixfmt-yuv444p-p212be
TEST    pixfmt-yuv444p-p412le
TEST    pixfmt-yuv444p-p412be
TEST    pixfmt-yuv444p-xv36le
TEST    pixfmt-yuv444p-xv36be
TEST    pixfmt-yuv444p-gbrp12le
TEST    pixfmt-yuv444p-gbrp12be
TEST    pixfmt-yuv444p-gray16le
TEST    pixfmt-yuv444p-gray16be
TEST    pixfmt-yuv444p-yuv420p16le
TEST    pixfmt-yuv444p-yuv420p16be
TEST    pixfmt-yuv444p-yuv422p16le
TEST    pixfmt-yuv444p-yuv422p16be
TEST    pixfmt-yuv444p-yuv444p16le
TEST    pixfmt-yuv444p-yuv444p16be
TEST    pixfmt-yuv444p-y216le
TEST    pixfmt-yuv444p-p016le
TEST    pixfmt-yuv444p-p016be
TEST    pixfmt-yuv444p-p216le
TEST    pixfmt-yuv444p-p216be
TEST    pixfmt-yuv444p-p416le
TEST    pixfmt-yuv444p-p416be
TEST    pixfmt-yuv444p-xv48le
TEST    pixfmt-yuv444p-xv48be
TEST    pixfmt-yuv444p-rgb48
TEST    pixfmt-yuv444p-gbrp16le
TEST    pixfmt-yuv444p-gbrp16be
TEST    pixfmt-nv24-bgr24
TEST    pixfmt-nv24-gray
TEST    pixfmt-nv24-nv12
TEST    pixfmt-nv24-nv16
TEST    pixfmt-nv24-nv24
TEST    pixfmt-nv24-monob
TEST    pixfmt-nv24-monow
TEST    pixfmt-nv24-vuyx
TEST    pixfmt-nv24-rgb24
TEST    pixfmt-nv24-rgb32
TEST    pixfmt-nv24-rgb555
TEST    pixfmt-nv24-rgb565
TEST    pixfmt-nv24-xyz12le
TEST    pixfmt-nv24-yuv410p
TEST    pixfmt-nv24-yuv411p
TEST    pixfmt-nv24-yuv420p
TEST    pixfmt-nv24-yuv422p
TEST    pixfmt-nv24-yuv440p
TEST    pixfmt-nv24-yuv444p
TEST    pixfmt-nv24-yuvj420p
TEST    pixfmt-nv24-yuvj422p
TEST    pixfmt-nv24-yuvj440p
TEST    pixfmt-nv24-yuvj444p
TEST    pixfmt-nv24-yuyv422
TEST    pixfmt-nv24-yvyu422
TEST    pixfmt-nv24-uyvy422
TEST    pixfmt-nv24-vyu444
TEST    pixfmt-nv24-gray10le
TEST    pixfmt-nv24-gray10be
TEST    pixfmt-nv24-yuv420p10le
TEST    pixfmt-nv24-yuv420p10be
TEST    pixfmt-nv24-yuv422p10le
TEST    pixfmt-nv24-yuv422p10be
TEST    pixfmt-nv24-yuv440p10le
TEST    pixfmt-nv24-yuv440p10be
TEST    pixfmt-nv24-yuv444p10le
TEST    pixfmt-nv24-yuv444p10be
TEST    pixfmt-nv24-yuv444p10msble
TEST    pixfmt-nv24-yuv444p10msbbe
TEST    pixfmt-nv24-y210le
TEST    pixfmt-nv24-p010le
TEST    pixfmt-nv24-p010be
TEST    pixfmt-nv24-p210le
TEST    pixfmt-nv24-p210be
TEST    pixfmt-nv24-p410le
TEST    pixfmt-nv24-p410be
TEST    pixfmt-nv24-v30xle
TEST    pixfmt-nv24-xv30le
TEST    pixfmt-nv24-x2rgb10le
TEST    pixfmt-nv24-x2bgr10le
TEST    pixfmt-nv24-gbrp10le
TEST    pixfmt-nv24-gbrp10be
TEST    pixfmt-nv24-gray12le
TEST    pixfmt-nv24-gray12be
TEST    pixfmt-nv24-yuv420p12le
TEST    pixfmt-nv24-yuv420p12be
TEST    pixfmt-nv24-yuv422p12le
TEST    pixfmt-nv24-yuv422p12be
TEST    pixfmt-nv24-yuv440p12le
TEST    pixfmt-nv24-yuv440p12be
TEST    pixfmt-nv24-yuv444p12le
TEST    pixfmt-nv24-yuv444p12be
TEST    pixfmt-nv24-yuv444p12msble
TEST    pixfmt-nv24-yuv444p12msbbe
TEST    pixfmt-nv24-y212le
TEST    pixfmt-nv24-p012le
TEST    pixfmt-nv24-p012be
TEST    pixfmt-nv24-p212le
TEST    pixfmt-nv24-p212be
TEST    pixfmt-nv24-p412le
TEST    pixfmt-nv24-p412be
TEST    pixfmt-nv24-xv36le
TEST    pixfmt-nv24-xv36be
TEST    pixfmt-nv24-gbrp12le
TEST    pixfmt-nv24-gbrp12be
TEST    pixfmt-nv24-gray16le
TEST    pixfmt-nv24-gray16be
TEST    pixfmt-nv24-yuv420p16le
TEST    pixfmt-nv24-yuv420p16be
TEST    pixfmt-nv24-yuv422p16le
TEST    pixfmt-nv24-yuv422p16be
TEST    pixfmt-nv24-yuv444p16le
TEST    pixfmt-nv24-yuv444p16be
TEST    pixfmt-nv24-y216le
TEST    pixfmt-nv24-p016le
TEST    pixfmt-nv24-p016be
TEST    pixfmt-nv24-p216le
TEST    pixfmt-nv24-p216be
TEST    pixfmt-nv24-p416le
TEST    pixfmt-nv24-p416be
TEST    pixfmt-nv24-xv48le
TEST    pixfmt-nv24-xv48be
TEST    pixfmt-nv24-rgb48
TEST    pixfmt-nv24-gbrp16le
TEST    pixfmt-nv24-gbrp16be
TEST    pixfmt-gbrp-bgr24
TEST    pixfmt-gbrp-gray
TEST    pixfmt-gbrp-nv12
TEST    pixfmt-gbrp-nv16
TEST    pixfmt-gbrp-nv24
TEST    pixfmt-gbrp-monob
TEST    pixfmt-gbrp-monow
TEST    pixfmt-gbrp-vuyx
TEST    pixfmt-gbrp-rgb24
TEST    pixfmt-gbrp-rgb32
TEST    pixfmt-gbrp-rgb555
TEST    pixfmt-gbrp-rgb565
TEST    pixfmt-gbrp-xyz12le
TEST    pixfmt-gbrp-yuv410p
TEST    pixfmt-gbrp-yuv411p
TEST    pixfmt-gbrp-yuv420p
TEST    pixfmt-gbrp-yuv422p
TEST    pixfmt-gbrp-yuv440p
TEST    pixfmt-gbrp-yuv444p
TEST    pixfmt-gbrp-yuvj420p
TEST    pixfmt-gbrp-yuvj422p
TEST    pixfmt-gbrp-yuvj440p
TEST    pixfmt-gbrp-yuvj444p
TEST    pixfmt-gbrp-yuyv422
TEST    pixfmt-gbrp-yvyu422
TEST    pixfmt-gbrp-uyvy422
TEST    pixfmt-gbrp-vyu444
TEST    pixfmt-gbrp-gray10le
TEST    pixfmt-gbrp-gray10be
TEST    pixfmt-gbrp-yuv420p10le
TEST    pixfmt-gbrp-yuv420p10be
TEST    pixfmt-gbrp-yuv422p10le
TEST    pixfmt-gbrp-yuv422p10be
TEST    pixfmt-gbrp-yuv440p10le
TEST    pixfmt-gbrp-yuv440p10be
TEST    pixfmt-gbrp-yuv444p10le
TEST    pixfmt-gbrp-yuv444p10be
TEST    pixfmt-gbrp-yuv444p10msble
TEST    pixfmt-gbrp-yuv444p10msbbe
TEST    pixfmt-gbrp-y210le
TEST    pixfmt-gbrp-p010le
TEST    pixfmt-gbrp-p010be
TEST    pixfmt-gbrp-p210le
TEST    pixfmt-gbrp-p210be
TEST    pixfmt-gbrp-p410le
TEST    pixfmt-gbrp-p410be
TEST    pixfmt-gbrp-v30xle
TEST    pixfmt-gbrp-xv30le
TEST    pixfmt-gbrp-x2rgb10le
TEST    pixfmt-gbrp-x2bgr10le
TEST    pixfmt-gbrp-gbrp10le
TEST    pixfmt-gbrp-gbrp10be
TEST    pixfmt-gbrp-gray12le
TEST    pixfmt-gbrp-gray12be
TEST    pixfmt-gbrp-yuv420p12le
TEST    pixfmt-gbrp-yuv420p12be
TEST    pixfmt-gbrp-yuv422p12le
TEST    pixfmt-gbrp-yuv422p12be
TEST    pixfmt-gbrp-yuv440p12le
TEST    pixfmt-gbrp-yuv440p12be
TEST    pixfmt-gbrp-yuv444p12le
TEST    pixfmt-gbrp-yuv444p12be
TEST    pixfmt-gbrp-yuv444p12msble
TEST    pixfmt-gbrp-yuv444p12msbbe
TEST    pixfmt-gbrp-y212le
TEST    pixfmt-gbrp-p012le
TEST    pixfmt-gbrp-p012be
TEST    pixfmt-gbrp-p212le
TEST    pixfmt-gbrp-p212be
TEST    pixfmt-gbrp-p412le
TEST    pixfmt-gbrp-p412be
TEST    pixfmt-gbrp-xv36le
TEST    pixfmt-gbrp-xv36be
TEST    pixfmt-gbrp-gbrp12le
TEST    pixfmt-gbrp-gbrp12be
TEST    pixfmt-gbrp-gray16le
TEST    pixfmt-gbrp-gray16be
TEST    pixfmt-gbrp-yuv420p16le
TEST    pixfmt-gbrp-yuv420p16be
TEST    pixfmt-gbrp-yuv422p16le
TEST    pixfmt-gbrp-yuv422p16be
TEST    pixfmt-gbrp-yuv444p16le
TEST    pixfmt-gbrp-yuv444p16be
TEST    pixfmt-gbrp-y216le
TEST    pixfmt-gbrp-p016le
TEST    pixfmt-gbrp-p016be
TEST    pixfmt-gbrp-p216le
TEST    pixfmt-gbrp-p216be
TEST    pixfmt-gbrp-p416le
TEST    pixfmt-gbrp-p416be
TEST    pixfmt-gbrp-xv48le
TEST    pixfmt-gbrp-xv48be
TEST    pixfmt-gbrp-rgb48
TEST    pixfmt-gbrp-gbrp16le
TEST    pixfmt-gbrp-gbrp16be
TEST    pixfmt-rgb24-bgr24
TEST    pixfmt-rgb24-gray
TEST    pixfmt-rgb24-nv12
TEST    pixfmt-rgb24-nv16
TEST    pixfmt-rgb24-nv24
TEST    pixfmt-rgb24-monob
TEST    pixfmt-rgb24-monow
TEST    pixfmt-rgb24-vuyx
TEST    pixfmt-rgb24-rgb24
TEST    pixfmt-rgb24-rgb32
TEST    pixfmt-rgb24-rgb555
TEST    pixfmt-rgb24-rgb565
TEST    pixfmt-rgb24-xyz12le
TEST    pixfmt-rgb24-yuv410p
TEST    pixfmt-rgb24-yuv411p
TEST    pixfmt-rgb24-yuv420p
TEST    pixfmt-rgb24-yuv422p
TEST    pixfmt-rgb24-yuv440p
TEST    pixfmt-rgb24-yuv444p
TEST    pixfmt-rgb24-yuvj420p
TEST    pixfmt-rgb24-yuvj422p
TEST    pixfmt-rgb24-yuvj440p
TEST    pixfmt-rgb24-yuvj444p
TEST    pixfmt-rgb24-yuyv422
TEST    pixfmt-rgb24-yvyu422
TEST    pixfmt-rgb24-uyvy422
TEST    pixfmt-rgb24-vyu444
TEST    pixfmt-rgb24-gray10le
TEST    pixfmt-rgb24-gray10be
TEST    pixfmt-rgb24-yuv420p10le
TEST    pixfmt-rgb24-yuv420p10be
TEST    pixfmt-rgb24-yuv422p10le
TEST    pixfmt-rgb24-yuv422p10be
TEST    pixfmt-rgb24-yuv440p10le
TEST    pixfmt-rgb24-yuv440p10be
TEST    pixfmt-rgb24-yuv444p10le
TEST    pixfmt-rgb24-yuv444p10be
TEST    pixfmt-rgb24-yuv444p10msble
TEST    pixfmt-rgb24-yuv444p10msbbe
TEST    pixfmt-rgb24-y210le
TEST    pixfmt-rgb24-p010le
TEST    pixfmt-rgb24-p010be
TEST    pixfmt-rgb24-p210le
TEST    pixfmt-rgb24-p210be
TEST    pixfmt-rgb24-p410le
TEST    pixfmt-rgb24-p410be
TEST    pixfmt-rgb24-v30xle
TEST    pixfmt-rgb24-xv30le
TEST    pixfmt-rgb24-x2rgb10le
TEST    pixfmt-rgb24-x2bgr10le
TEST    pixfmt-rgb24-gbrp10le
TEST    pixfmt-rgb24-gbrp10be
TEST    pixfmt-rgb24-gray12le
TEST    pixfmt-rgb24-gray12be
TEST    pixfmt-rgb24-yuv420p12le
TEST    pixfmt-rgb24-yuv420p12be
TEST    pixfmt-rgb24-yuv422p12le
TEST    pixfmt-rgb24-yuv422p12be
TEST    pixfmt-rgb24-yuv440p12le
TEST    pixfmt-rgb24-yuv440p12be
TEST    pixfmt-rgb24-yuv444p12le
TEST    pixfmt-rgb24-yuv444p12be
TEST    pixfmt-rgb24-yuv444p12msble
TEST    pixfmt-rgb24-yuv444p12msbbe
TEST    pixfmt-rgb24-y212le
TEST    pixfmt-rgb24-p012le
TEST    pixfmt-rgb24-p012be
TEST    pixfmt-rgb24-p212le
TEST    pixfmt-rgb24-p212be
TEST    pixfmt-rgb24-p412le
TEST    pixfmt-rgb24-p412be
TEST    pixfmt-rgb24-xv36le
TEST    pixfmt-rgb24-xv36be
TEST    pixfmt-rgb24-gbrp12le
TEST    pixfmt-rgb24-gbrp12be
TEST    pixfmt-rgb24-gray16le
TEST    pixfmt-rgb24-gray16be
TEST    pixfmt-rgb24-yuv420p16le
TEST    pixfmt-rgb24-yuv420p16be
TEST    pixfmt-rgb24-yuv422p16le
TEST    pixfmt-rgb24-yuv422p16be
TEST    pixfmt-rgb24-yuv444p16le
TEST    pixfmt-rgb24-yuv444p16be
TEST    pixfmt-rgb24-y216le
TEST    pixfmt-rgb24-p016le
TEST    pixfmt-rgb24-p016be
TEST    pixfmt-rgb24-p216le
TEST    pixfmt-rgb24-p216be
TEST    pixfmt-rgb24-p416le
TEST    pixfmt-rgb24-p416be
TEST    pixfmt-rgb24-xv48le
TEST    pixfmt-rgb24-xv48be
TEST    pixfmt-rgb24-rgb48
TEST    pixfmt-rgb24-gbrp16le
TEST    pixfmt-rgb24-gbrp16be
TEST    pixfmt-yuv444p10-bgr24
TEST    pixfmt-yuv444p10-gray
TEST    pixfmt-yuv444p10-nv12
TEST    pixfmt-yuv444p10-nv16
TEST    pixfmt-yuv444p10-nv24
TEST    pixfmt-yuv444p10-monob
TEST    pixfmt-yuv444p10-monow
TEST    pixfmt-yuv444p10-vuyx
TEST    pixfmt-yuv444p10-rgb24
TEST    pixfmt-yuv444p10-rgb32
TEST    pixfmt-yuv444p10-rgb555
TEST    pixfmt-yuv444p10-rgb565
TEST    pixfmt-yuv444p10-xyz12le
TEST    pixfmt-yuv444p10-yuv410p
TEST    pixfmt-yuv444p10-yuv411p
TEST    pixfmt-yuv444p10-yuv420p
TEST    pixfmt-yuv444p10-yuv422p
TEST    pixfmt-yuv444p10-yuv440p
TEST    pixfmt-yuv444p10-yuv444p
TEST    pixfmt-yuv444p10-yuvj420p
TEST    pixfmt-yuv444p10-yuvj422p
TEST    pixfmt-yuv444p10-yuvj440p
TEST    pixfmt-yuv444p10-yuvj444p
TEST    pixfmt-yuv444p10-yuyv422
TEST    pixfmt-yuv444p10-yvyu422
TEST    pixfmt-yuv444p10-uyvy422
TEST    pixfmt-yuv444p10-vyu444
TEST    pixfmt-yuv444p10-gray10le
TEST    pixfmt-yuv444p10-gray10be
TEST    pixfmt-yuv444p10-yuv420p10le
TEST    pixfmt-yuv444p10-yuv420p10be
TEST    pixfmt-yuv444p10-yuv422p10le
TEST    pixfmt-yuv444p10-yuv422p10be
TEST    pixfmt-yuv444p10-yuv440p10le
TEST    pixfmt-yuv444p10-yuv440p10be
TEST    pixfmt-yuv444p10-yuv444p10le
TEST    pixfmt-yuv444p10-yuv444p10be
TEST    pixfmt-yuv444p10-yuv444p10msble
TEST    pixfmt-yuv444p10-yuv444p10msbbe
TEST    pixfmt-yuv444p10-y210le
TEST    pixfmt-yuv444p10-p010le
TEST    pixfmt-yuv444p10-p010be
TEST    pixfmt-yuv444p10-p210le
TEST    pixfmt-yuv444p10-p210be
TEST    pixfmt-yuv444p10-p410le
TEST    pixfmt-yuv444p10-p410be
TEST    pixfmt-yuv444p10-v30xle
TEST    pixfmt-yuv444p10-xv30le
TEST    pixfmt-yuv444p10-x2rgb10le
TEST    pixfmt-yuv444p10-x2bgr10le
TEST    pixfmt-yuv444p10-gbrp10le
TEST    pixfmt-yuv444p10-gbrp10be
TEST    pixfmt-yuv444p10-gray12le
TEST    pixfmt-yuv444p10-gray12be
TEST    pixfmt-yuv444p10-yuv420p12le
TEST    pixfmt-yuv444p10-yuv420p12be
TEST    pixfmt-yuv444p10-yuv422p12le
TEST    pixfmt-yuv444p10-yuv422p12be
TEST    pixfmt-yuv444p10-yuv440p12le
TEST    pixfmt-yuv444p10-yuv440p12be
TEST    pixfmt-yuv444p10-yuv444p12le
TEST    pixfmt-yuv444p10-yuv444p12be
TEST    pixfmt-yuv444p10-yuv444p12msble
TEST    pixfmt-yuv444p10-yuv444p12msbbe
TEST    pixfmt-yuv444p10-y212le
TEST    pixfmt-yuv444p10-p012le
TEST    pixfmt-yuv444p10-p012be
TEST    pixfmt-yuv444p10-p212le
TEST    pixfmt-yuv444p10-p212be
TEST    pixfmt-yuv444p10-p412le
TEST    pixfmt-yuv444p10-p412be
TEST    pixfmt-yuv444p10-xv36le
TEST    pixfmt-yuv444p10-xv36be
TEST    pixfmt-yuv444p10-gbrp12le
TEST    pixfmt-yuv444p10-gbrp12be
TEST    pixfmt-yuv444p10-gray16le
TEST    pixfmt-yuv444p10-gray16be
TEST    pixfmt-yuv444p10-yuv420p16le
TEST    pixfmt-yuv444p10-yuv420p16be
TEST    pixfmt-yuv444p10-yuv422p16le
TEST    pixfmt-yuv444p10-yuv422p16be
TEST    pixfmt-yuv444p10-yuv444p16le
TEST    pixfmt-yuv444p10-yuv444p16be
TEST    pixfmt-yuv444p10-y216le
TEST    pixfmt-yuv444p10-p016le
TEST    pixfmt-yuv444p10-p016be
TEST    pixfmt-yuv444p10-p216le
TEST    pixfmt-yuv444p10-p216be
TEST    pixfmt-yuv444p10-p416le
TEST    pixfmt-yuv444p10-p416be
TEST    pixfmt-yuv444p10-xv48le
TEST    pixfmt-yuv444p10-xv48be
TEST    pixfmt-yuv444p10-rgb48
TEST    pixfmt-yuv444p10-gbrp16le
TEST    pixfmt-yuv444p10-gbrp16be
TEST    pixfmt-yuv444p12-bgr24
TEST    pixfmt-yuv444p12-gray
TEST    pixfmt-yuv444p12-nv12
TEST    pixfmt-yuv444p12-nv16
TEST    pixfmt-yuv444p12-nv24
TEST    pixfmt-yuv444p12-monob
TEST    pixfmt-yuv444p12-monow
TEST    pixfmt-yuv444p12-vuyx
TEST    pixfmt-yuv444p12-rgb24
TEST    pixfmt-yuv444p12-rgb32
TEST    pixfmt-yuv444p12-rgb555
TEST    pixfmt-yuv444p12-rgb565
TEST    pixfmt-yuv444p12-xyz12le
TEST    pixfmt-yuv444p12-yuv410p
TEST    pixfmt-yuv444p12-yuv411p
TEST    pixfmt-yuv444p12-yuv420p
TEST    pixfmt-yuv444p12-yuv422p
TEST    pixfmt-yuv444p12-yuv440p
TEST    pixfmt-yuv444p12-yuv444p
TEST    pixfmt-yuv444p12-yuvj420p
TEST    pixfmt-yuv444p12-yuvj422p
TEST    pixfmt-yuv444p12-yuvj440p
TEST    pixfmt-yuv444p12-yuvj444p
TEST    pixfmt-yuv444p12-yuyv422
TEST    pixfmt-yuv444p12-yvyu422
TEST    pixfmt-yuv444p12-uyvy422
TEST    pixfmt-yuv444p12-vyu444
TEST    pixfmt-yuv444p12-gray10le
TEST    pixfmt-yuv444p12-gray10be
TEST    pixfmt-yuv444p12-yuv420p10le
TEST    pixfmt-yuv444p12-yuv420p10be
TEST    pixfmt-yuv444p12-yuv422p10le
TEST    pixfmt-yuv444p12-yuv422p10be
TEST    pixfmt-yuv444p12-yuv440p10le
TEST    pixfmt-yuv444p12-yuv440p10be
TEST    pixfmt-yuv444p12-yuv444p10le
TEST    pixfmt-yuv444p12-yuv444p10be
TEST    pixfmt-yuv444p12-yuv444p10msble
TEST    pixfmt-yuv444p12-yuv444p10msbbe
TEST    pixfmt-yuv444p12-y210le
TEST    pixfmt-yuv444p12-p010le
TEST    pixfmt-yuv444p12-p010be
TEST    pixfmt-yuv444p12-p210le
TEST    pixfmt-yuv444p12-p210be
TEST    pixfmt-yuv444p12-p410le
TEST    pixfmt-yuv444p12-p410be
TEST    pixfmt-yuv444p12-v30xle
TEST    pixfmt-yuv444p12-xv30le
TEST    pixfmt-yuv444p12-x2rgb10le
TEST    pixfmt-yuv444p12-x2bgr10le
TEST    pixfmt-yuv444p12-gbrp10le
TEST    pixfmt-yuv444p12-gbrp10be
TEST    pixfmt-yuv444p12-gray12le
TEST    pixfmt-yuv444p12-gray12be
TEST    pixfmt-yuv444p12-yuv420p12le
TEST    pixfmt-yuv444p12-yuv420p12be
TEST    pixfmt-yuv444p12-yuv422p12le
TEST    pixfmt-yuv444p12-yuv422p12be
TEST    pixfmt-yuv444p12-yuv440p12le
TEST    pixfmt-yuv444p12-yuv440p12be
TEST    pixfmt-yuv444p12-yuv444p12le
TEST    pixfmt-yuv444p12-yuv444p12be
TEST    pixfmt-yuv444p12-yuv444p12msble
TEST    pixfmt-yuv444p12-yuv444p12msbbe
TEST    pixfmt-yuv444p12-y212le
TEST    pixfmt-yuv444p12-p012le
TEST    pixfmt-yuv444p12-p012be
TEST    pixfmt-yuv444p12-p212le
TEST    pixfmt-yuv444p12-p212be
TEST    pixfmt-yuv444p12-p412le
TEST    pixfmt-yuv444p12-p412be
TEST    pixfmt-yuv444p12-xv36le
TEST    pixfmt-yuv444p12-xv36be
TEST    pixfmt-yuv444p12-gbrp12le
TEST    pixfmt-yuv444p12-gbrp12be
TEST    pixfmt-yuv444p12-gray16le
TEST    pixfmt-yuv444p12-gray16be
TEST    pixfmt-yuv444p12-yuv420p16le
TEST    pixfmt-yuv444p12-yuv420p16be
TEST    pixfmt-yuv444p12-yuv422p16le
TEST    pixfmt-yuv444p12-yuv422p16be
TEST    pixfmt-yuv444p12-yuv444p16le
TEST    pixfmt-yuv444p12-yuv444p16be
TEST    pixfmt-yuv444p12-y216le
TEST    pixfmt-yuv444p12-p016le
TEST    pixfmt-yuv444p12-p016be
TEST    pixfmt-yuv444p12-p216le
TEST    pixfmt-yuv444p12-p216be
TEST    pixfmt-yuv444p12-p416le
TEST    pixfmt-yuv444p12-p416be
TEST    pixfmt-yuv444p12-xv48le
TEST    pixfmt-yuv444p12-xv48be
TEST    pixfmt-yuv444p12-rgb48
TEST    pixfmt-yuv444p12-gbrp16le
TEST    pixfmt-yuv444p12-gbrp16be
TEST    pixfmt-p410-bgr24
TEST    pixfmt-p410-gray
TEST    pixfmt-p410-nv12
TEST    pixfmt-p410-nv16
TEST    pixfmt-p410-nv24
TEST    pixfmt-p410-monob
TEST    pixfmt-p410-monow
TEST    pixfmt-p410-vuyx
TEST    pixfmt-p410-rgb24
TEST    pixfmt-p410-rgb32
TEST    pixfmt-p410-rgb555
TEST    pixfmt-p410-rgb565
TEST    pixfmt-p410-xyz12le
TEST    pixfmt-p410-yuv410p
TEST    pixfmt-p410-yuv411p
TEST    pixfmt-p410-yuv420p
TEST    pixfmt-p410-yuv422p
TEST    pixfmt-p410-yuv440p
TEST    pixfmt-p410-yuv444p
TEST    pixfmt-p410-yuvj420p
TEST    pixfmt-p410-yuvj422p
TEST    pixfmt-p410-yuvj440p
TEST    pixfmt-p410-yuvj444p
TEST    pixfmt-p410-yuyv422
TEST    pixfmt-p410-yvyu422
TEST    pixfmt-p410-uyvy422
TEST    pixfmt-p410-vyu444
TEST    pixfmt-p410-gray10le
TEST    pixfmt-p410-gray10be
TEST    pixfmt-p410-yuv420p10le
TEST    pixfmt-p410-yuv420p10be
TEST    pixfmt-p410-yuv422p10le
TEST    pixfmt-p410-yuv422p10be
TEST    pixfmt-p410-yuv440p10le
TEST    pixfmt-p410-yuv440p10be
TEST    pixfmt-p410-yuv444p10le
TEST    pixfmt-p410-yuv444p10be
TEST    pixfmt-p410-yuv444p10msble
TEST    pixfmt-p410-yuv444p10msbbe
TEST    pixfmt-p410-y210le
TEST    pixfmt-p410-p010le
TEST    pixfmt-p410-p010be
TEST    pixfmt-p410-p210le
TEST    pixfmt-p410-p210be
TEST    pixfmt-p410-p410le
TEST    pixfmt-p410-p410be
TEST    pixfmt-p410-v30xle
TEST    pixfmt-p410-xv30le
TEST    pixfmt-p410-x2rgb10le
TEST    pixfmt-p410-x2bgr10le
TEST    pixfmt-p410-gbrp10le
TEST    pixfmt-p410-gbrp10be
TEST    pixfmt-p410-gray12le
TEST    pixfmt-p410-gray12be
TEST    pixfmt-p410-yuv420p12le
TEST    pixfmt-p410-yuv420p12be
TEST    pixfmt-p410-yuv422p12le
TEST    pixfmt-p410-yuv422p12be
TEST    pixfmt-p410-yuv440p12le
TEST    pixfmt-p410-yuv440p12be
TEST    pixfmt-p410-yuv444p12le
TEST    pixfmt-p410-yuv444p12be
TEST    pixfmt-p410-yuv444p12msble
TEST    pixfmt-p410-yuv444p12msbbe
TEST    pixfmt-p410-y212le
TEST    pixfmt-p410-p012le
TEST    pixfmt-p410-p012be
TEST    pixfmt-p410-p212le
TEST    pixfmt-p410-p212be
TEST    pixfmt-p410-p412le
TEST    pixfmt-p410-p412be
TEST    pixfmt-p410-xv36le
TEST    pixfmt-p410-xv36be
TEST    pixfmt-p410-gbrp12le
TEST    pixfmt-p410-gbrp12be
TEST    pixfmt-p410-gray16le
TEST    pixfmt-p410-gray16be
TEST    pixfmt-p410-yuv420p16le
TEST    pixfmt-p410-yuv420p16be
TEST    pixfmt-p410-yuv422p16le
TEST    pixfmt-p410-yuv422p16be
TEST    pixfmt-p410-yuv444p16le
TEST    pixfmt-p410-yuv444p16be
TEST    pixfmt-p410-y216le
TEST    pixfmt-p410-p016le
TEST    pixfmt-p410-p016be
TEST    pixfmt-p410-p216le
TEST    pixfmt-p410-p216be
TEST    pixfmt-p410-p416le
TEST    pixfmt-p410-p416be
TEST    pixfmt-p410-xv48le
TEST    pixfmt-p410-xv48be
TEST    pixfmt-p410-rgb48
TEST    pixfmt-p410-gbrp16le
TEST    pixfmt-p410-gbrp16be
TEST    pixfmt-p412-bgr24
TEST    pixfmt-p412-gray
TEST    pixfmt-p412-nv12
TEST    pixfmt-p412-nv16
TEST    pixfmt-p412-nv24
TEST    pixfmt-p412-monob
TEST    pixfmt-p412-monow
TEST    pixfmt-p412-vuyx
TEST    pixfmt-p412-rgb24
TEST    pixfmt-p412-rgb32
TEST    pixfmt-p412-rgb555
TEST    pixfmt-p412-rgb565
TEST    pixfmt-p412-xyz12le
TEST    pixfmt-p412-yuv410p
TEST    pixfmt-p412-yuv411p
TEST    pixfmt-p412-yuv420p
TEST    pixfmt-p412-yuv422p
TEST    pixfmt-p412-yuv440p
TEST    pixfmt-p412-yuv444p
TEST    pixfmt-p412-yuvj420p
TEST    pixfmt-p412-yuvj422p
TEST    pixfmt-p412-yuvj440p
TEST    pixfmt-p412-yuvj444p
TEST    pixfmt-p412-yuyv422
TEST    pixfmt-p412-yvyu422
TEST    pixfmt-p412-uyvy422
TEST    pixfmt-p412-vyu444
TEST    pixfmt-p412-gray10le
TEST    pixfmt-p412-gray10be
TEST    pixfmt-p412-yuv420p10le
TEST    pixfmt-p412-yuv420p10be
TEST    pixfmt-p412-yuv422p10le
TEST    pixfmt-p412-yuv422p10be
TEST    pixfmt-p412-yuv440p10le
TEST    pixfmt-p412-yuv440p10be
TEST    pixfmt-p412-yuv444p10le
TEST    pixfmt-p412-yuv444p10be
TEST    pixfmt-p412-yuv444p10msble
TEST    pixfmt-p412-yuv444p10msbbe
TEST    pixfmt-p412-y210le
TEST    pixfmt-p412-p010le
TEST    pixfmt-p412-p010be
TEST    pixfmt-p412-p210le
TEST    pixfmt-p412-p210be
TEST    pixfmt-p412-p410le
TEST    pixfmt-p412-p410be
TEST    pixfmt-p412-v30xle
TEST    pixfmt-p412-xv30le
TEST    pixfmt-p412-x2rgb10le
TEST    pixfmt-p412-x2bgr10le
TEST    pixfmt-p412-gbrp10le
TEST    pixfmt-p412-gbrp10be
TEST    pixfmt-p412-gray12le
TEST    pixfmt-p412-gray12be
TEST    pixfmt-p412-yuv420p12le
TEST    pixfmt-p412-yuv420p12be
TEST    pixfmt-p412-yuv422p12le
TEST    pixfmt-p412-yuv422p12be
TEST    pixfmt-p412-yuv440p12le
TEST    pixfmt-p412-yuv440p12be
TEST    pixfmt-p412-yuv444p12le
TEST    pixfmt-p412-yuv444p12be
TEST    pixfmt-p412-yuv444p12msble
TEST    pixfmt-p412-yuv444p12msbbe
TEST    pixfmt-p412-y212le
TEST    pixfmt-p412-p012le
TEST    pixfmt-p412-p012be
TEST    pixfmt-p412-p212le
TEST    pixfmt-p412-p212be
TEST    pixfmt-p412-p412le
TEST    pixfmt-p412-p412be
TEST    pixfmt-p412-xv36le
TEST    pixfmt-p412-xv36be
TEST    pixfmt-p412-gbrp12le
TEST    pixfmt-p412-gbrp12be
TEST    pixfmt-p412-gray16le
TEST    pixfmt-p412-gray16be
TEST    pixfmt-p412-yuv420p16le
TEST    pixfmt-p412-yuv420p16be
TEST    pixfmt-p412-yuv422p16le
TEST    pixfmt-p412-yuv422p16be
TEST    pixfmt-p412-yuv444p16le
TEST    pixfmt-p412-yuv444p16be
TEST    pixfmt-p412-y216le
TEST    pixfmt-p412-p016le
TEST    pixfmt-p412-p016be
TEST    pixfmt-p412-p216le
TEST    pixfmt-p412-p216be
TEST    pixfmt-p412-p416le
TEST    pixfmt-p412-p416be
TEST    pixfmt-p412-xv48le
TEST    pixfmt-p412-xv48be
TEST    pixfmt-p412-rgb48
TEST    pixfmt-p412-gbrp16le
TEST    pixfmt-p412-gbrp16be
TEST    pixfmt-gbrp10-bgr24
TEST    pixfmt-gbrp10-gray
TEST    pixfmt-gbrp10-nv12
TEST    pixfmt-gbrp10-nv16
TEST    pixfmt-gbrp10-nv24
TEST    pixfmt-gbrp10-monob
TEST    pixfmt-gbrp10-monow
TEST    pixfmt-gbrp10-vuyx
TEST    pixfmt-gbrp10-rgb24
TEST    pixfmt-gbrp10-rgb32
TEST    pixfmt-gbrp10-rgb555
TEST    pixfmt-gbrp10-rgb565
TEST    pixfmt-gbrp10-xyz12le
TEST    pixfmt-gbrp10-yuv410p
TEST    pixfmt-gbrp10-yuv411p
TEST    pixfmt-gbrp10-yuv420p
TEST    pixfmt-gbrp10-yuv422p
TEST    pixfmt-gbrp10-yuv440p
TEST    pixfmt-gbrp10-yuv444p
TEST    pixfmt-gbrp10-yuvj420p
TEST    pixfmt-gbrp10-yuvj422p
TEST    pixfmt-gbrp10-yuvj440p
TEST    pixfmt-gbrp10-yuvj444p
TEST    pixfmt-gbrp10-yuyv422
TEST    pixfmt-gbrp10-yvyu422
TEST    pixfmt-gbrp10-uyvy422
TEST    pixfmt-gbrp10-vyu444
TEST    pixfmt-gbrp10-gray10le
TEST    pixfmt-gbrp10-gray10be
TEST    pixfmt-gbrp10-yuv420p10le
TEST    pixfmt-gbrp10-yuv420p10be
TEST    pixfmt-gbrp10-yuv422p10le
TEST    pixfmt-gbrp10-yuv422p10be
TEST    pixfmt-gbrp10-yuv440p10le
TEST    pixfmt-gbrp10-yuv440p10be
TEST    pixfmt-gbrp10-yuv444p10le
TEST    pixfmt-gbrp10-yuv444p10be
TEST    pixfmt-gbrp10-yuv444p10msble
TEST    pixfmt-gbrp10-yuv444p10msbbe
TEST    pixfmt-gbrp10-y210le
TEST    pixfmt-gbrp10-p010le
TEST    pixfmt-gbrp10-p010be
TEST    pixfmt-gbrp10-p210le
TEST    pixfmt-gbrp10-p210be
TEST    pixfmt-gbrp10-p410le
TEST    pixfmt-gbrp10-p410be
TEST    pixfmt-gbrp10-v30xle
TEST    pixfmt-gbrp10-xv30le
TEST    pixfmt-gbrp10-x2rgb10le
TEST    pixfmt-gbrp10-x2bgr10le
TEST    pixfmt-gbrp10-gbrp10le
TEST    pixfmt-gbrp10-gbrp10be
TEST    pixfmt-gbrp10-gray12le
TEST    pixfmt-gbrp10-gray12be
TEST    pixfmt-gbrp10-yuv420p12le
TEST    pixfmt-gbrp10-yuv420p12be
TEST    pixfmt-gbrp10-yuv422p12le
TEST    pixfmt-gbrp10-yuv422p12be
TEST    pixfmt-gbrp10-yuv440p12le
TEST    pixfmt-gbrp10-yuv440p12be
TEST    pixfmt-gbrp10-yuv444p12le
TEST    pixfmt-gbrp10-yuv444p12be
TEST    pixfmt-gbrp10-yuv444p12msble
TEST    pixfmt-gbrp10-yuv444p12msbbe
TEST    pixfmt-gbrp10-y212le
TEST    pixfmt-gbrp10-p012le
TEST    pixfmt-gbrp10-p012be
TEST    pixfmt-gbrp10-p212le
TEST    pixfmt-gbrp10-p212be
TEST    pixfmt-gbrp10-p412le
TEST    pixfmt-gbrp10-p412be
TEST    pixfmt-gbrp10-xv36le
TEST    pixfmt-gbrp10-xv36be
TEST    pixfmt-gbrp10-gbrp12le
TEST    pixfmt-gbrp10-gbrp12be
TEST    pixfmt-gbrp10-gray16le
TEST    pixfmt-gbrp10-gray16be
TEST    pixfmt-gbrp10-yuv420p16le
TEST    pixfmt-gbrp10-yuv420p16be
TEST    pixfmt-gbrp10-yuv422p16le
TEST    pixfmt-gbrp10-yuv422p16be
TEST    pixfmt-gbrp10-yuv444p16le
TEST    pixfmt-gbrp10-yuv444p16be
TEST    pixfmt-gbrp10-y216le
TEST    pixfmt-gbrp10-p016le
TEST    pixfmt-gbrp10-p016be
TEST    pixfmt-gbrp10-p216le
TEST    pixfmt-gbrp10-p216be
TEST    pixfmt-gbrp10-p416le
TEST    pixfmt-gbrp10-p416be
TEST    pixfmt-gbrp10-xv48le
TEST    pixfmt-gbrp10-xv48be
TEST    pixfmt-gbrp10-rgb48
TEST    pixfmt-gbrp10-gbrp16le
TEST    pixfmt-gbrp10-gbrp16be
TEST    pixfmt-gbrp12-bgr24
TEST    pixfmt-gbrp12-gray
TEST    pixfmt-gbrp12-nv12
TEST    pixfmt-gbrp12-nv16
TEST    pixfmt-gbrp12-nv24
TEST    pixfmt-gbrp12-monob
TEST    pixfmt-gbrp12-monow
TEST    pixfmt-gbrp12-vuyx
TEST    pixfmt-gbrp12-rgb24
TEST    pixfmt-gbrp12-rgb32
TEST    pixfmt-gbrp12-rgb555
TEST    pixfmt-gbrp12-rgb565
TEST    pixfmt-gbrp12-xyz12le
TEST    pixfmt-gbrp12-yuv410p
TEST    pixfmt-gbrp12-yuv411p
TEST    pixfmt-gbrp12-yuv420p
TEST    pixfmt-gbrp12-yuv422p
TEST    pixfmt-gbrp12-yuv440p
TEST    pixfmt-gbrp12-yuv444p
TEST    pixfmt-gbrp12-yuvj420p
TEST    pixfmt-gbrp12-yuvj422p
TEST    pixfmt-gbrp12-yuvj440p
TEST    pixfmt-gbrp12-yuvj444p
TEST    pixfmt-gbrp12-yuyv422
TEST    pixfmt-gbrp12-yvyu422
TEST    pixfmt-gbrp12-uyvy422
TEST    pixfmt-gbrp12-vyu444
TEST    pixfmt-gbrp12-gray10le
TEST    pixfmt-gbrp12-gray10be
TEST    pixfmt-gbrp12-yuv420p10le
TEST    pixfmt-gbrp12-yuv420p10be
TEST    pixfmt-gbrp12-yuv422p10le
TEST    pixfmt-gbrp12-yuv422p10be
TEST    pixfmt-gbrp12-yuv440p10le
TEST    pixfmt-gbrp12-yuv440p10be
TEST    pixfmt-gbrp12-yuv444p10le
TEST    pixfmt-gbrp12-yuv444p10be
TEST    pixfmt-gbrp12-yuv444p10msble
TEST    pixfmt-gbrp12-yuv444p10msbbe
TEST    pixfmt-gbrp12-y210le
TEST    pixfmt-gbrp12-p010le
TEST    pixfmt-gbrp12-p010be
TEST    pixfmt-gbrp12-p210le
TEST    pixfmt-gbrp12-p210be
TEST    pixfmt-gbrp12-p410le
TEST    pixfmt-gbrp12-p410be
TEST    pixfmt-gbrp12-v30xle
TEST    pixfmt-gbrp12-xv30le
TEST    pixfmt-gbrp12-x2rgb10le
TEST    pixfmt-gbrp12-x2bgr10le
TEST    pixfmt-gbrp12-gbrp10le
TEST    pixfmt-gbrp12-gbrp10be
TEST    pixfmt-gbrp12-gray12le
TEST    pixfmt-gbrp12-gray12be
TEST    pixfmt-gbrp12-yuv420p12le
TEST    pixfmt-gbrp12-yuv420p12be
TEST    pixfmt-gbrp12-yuv422p12le
TEST    pixfmt-gbrp12-yuv422p12be
TEST    pixfmt-gbrp12-yuv440p12le
TEST    pixfmt-gbrp12-yuv440p12be
TEST    pixfmt-gbrp12-yuv444p12le
TEST    pixfmt-gbrp12-yuv444p12be
TEST    pixfmt-gbrp12-yuv444p12msble
TEST    pixfmt-gbrp12-yuv444p12msbbe
TEST    pixfmt-gbrp12-y212le
TEST    pixfmt-gbrp12-p012le
TEST    pixfmt-gbrp12-p012be
TEST    pixfmt-gbrp12-p212le
TEST    pixfmt-gbrp12-p212be
TEST    pixfmt-gbrp12-p412le
TEST    pixfmt-gbrp12-p412be
TEST    pixfmt-gbrp12-xv36le
TEST    pixfmt-gbrp12-xv36be
TEST    pixfmt-gbrp12-gbrp12le
TEST    pixfmt-gbrp12-gbrp12be
TEST    pixfmt-gbrp12-gray16le
TEST    pixfmt-gbrp12-gray16be
TEST    pixfmt-gbrp12-yuv420p16le
TEST    pixfmt-gbrp12-yuv420p16be
TEST    pixfmt-gbrp12-yuv422p16le
TEST    pixfmt-gbrp12-yuv422p16be
TEST    pixfmt-gbrp12-yuv444p16le
TEST    pixfmt-gbrp12-yuv444p16be
TEST    pixfmt-gbrp12-y216le
TEST    pixfmt-gbrp12-p016le
TEST    pixfmt-gbrp12-p016be
TEST    pixfmt-gbrp12-p216le
TEST    pixfmt-gbrp12-p216be
TEST    pixfmt-gbrp12-p416le
TEST    pixfmt-gbrp12-p416be
TEST    pixfmt-gbrp12-xv48le
TEST    pixfmt-gbrp12-xv48be
TEST    pixfmt-gbrp12-rgb48
TEST    pixfmt-gbrp12-gbrp16le
TEST    pixfmt-gbrp12-gbrp16be
TEST    pixfmt-rgb48-bgr24
TEST    pixfmt-rgb48-gray
TEST    pixfmt-rgb48-nv12
TEST    pixfmt-rgb48-nv16
TEST    pixfmt-rgb48-nv24
TEST    pixfmt-rgb48-monob
TEST    pixfmt-rgb48-monow
TEST    pixfmt-rgb48-vuyx
TEST    pixfmt-rgb48-rgb24
TEST    pixfmt-rgb48-rgb32
TEST    pixfmt-rgb48-rgb555
TEST    pixfmt-rgb48-rgb565
TEST    pixfmt-rgb48-xyz12le
TEST    pixfmt-rgb48-yuv410p
TEST    pixfmt-rgb48-yuv411p
TEST    pixfmt-rgb48-yuv420p
TEST    pixfmt-rgb48-yuv422p
TEST    pixfmt-rgb48-yuv440p
TEST    pixfmt-rgb48-yuv444p
TEST    pixfmt-rgb48-yuvj420p
TEST    pixfmt-rgb48-yuvj422p
TEST    pixfmt-rgb48-yuvj440p
TEST    pixfmt-rgb48-yuvj444p
TEST    pixfmt-rgb48-yuyv422
TEST    pixfmt-rgb48-yvyu422
TEST    pixfmt-rgb48-uyvy422
TEST    pixfmt-rgb48-vyu444
TEST    pixfmt-rgb48-gray10le
TEST    pixfmt-rgb48-gray10be
TEST    pixfmt-rgb48-yuv420p10le
TEST    pixfmt-rgb48-yuv420p10be
TEST    pixfmt-rgb48-yuv422p10le
TEST    pixfmt-rgb48-yuv422p10be
TEST    pixfmt-rgb48-yuv440p10le
TEST    pixfmt-rgb48-yuv440p10be
TEST    pixfmt-rgb48-yuv444p10le
TEST    pixfmt-rgb48-yuv444p10be
TEST    pixfmt-rgb48-yuv444p10msble
TEST    pixfmt-rgb48-yuv444p10msbbe
TEST    pixfmt-rgb48-y210le
TEST    pixfmt-rgb48-p010le
TEST    pixfmt-rgb48-p010be
TEST    pixfmt-rgb48-p210le
TEST    pixfmt-rgb48-p210be
TEST    pixfmt-rgb48-p410le
TEST    pixfmt-rgb48-p410be
TEST    pixfmt-rgb48-v30xle
TEST    pixfmt-rgb48-xv30le
TEST    pixfmt-rgb48-x2rgb10le
TEST    pixfmt-rgb48-x2bgr10le
TEST    pixfmt-rgb48-gbrp10le
TEST    pixfmt-rgb48-gbrp10be
TEST    pixfmt-rgb48-gray12le
TEST    pixfmt-rgb48-gray12be
TEST    pixfmt-rgb48-yuv420p12le
TEST    pixfmt-rgb48-yuv420p12be
TEST    pixfmt-rgb48-yuv422p12le
TEST    pixfmt-rgb48-yuv422p12be
TEST    pixfmt-rgb48-yuv440p12le
TEST    pixfmt-rgb48-yuv440p12be
TEST    pixfmt-rgb48-yuv444p12le
TEST    pixfmt-rgb48-yuv444p12be
TEST    pixfmt-rgb48-yuv444p12msble
TEST    pixfmt-rgb48-yuv444p12msbbe
TEST    pixfmt-rgb48-y212le
TEST    pixfmt-rgb48-p012le
TEST    pixfmt-rgb48-p012be
TEST    pixfmt-rgb48-p212le
TEST    pixfmt-rgb48-p212be
TEST    pixfmt-rgb48-p412le
TEST    pixfmt-rgb48-p412be
TEST    pixfmt-rgb48-xv36le
TEST    pixfmt-rgb48-xv36be
TEST    pixfmt-rgb48-gbrp12le
TEST    pixfmt-rgb48-gbrp12be
TEST    pixfmt-rgb48-gray16le
TEST    pixfmt-rgb48-gray16be
TEST    pixfmt-rgb48-yuv420p16le
TEST    pixfmt-rgb48-yuv420p16be
TEST    pixfmt-rgb48-yuv422p16le
TEST    pixfmt-rgb48-yuv422p16be
TEST    pixfmt-rgb48-yuv444p16le
TEST    pixfmt-rgb48-yuv444p16be
TEST    pixfmt-rgb48-y216le
TEST    pixfmt-rgb48-p016le
TEST    pixfmt-rgb48-p016be
TEST    pixfmt-rgb48-p216le
TEST    pixfmt-rgb48-p216be
TEST    pixfmt-rgb48-p416le
TEST    pixfmt-rgb48-p416be
TEST    pixfmt-rgb48-xv48le
TEST    pixfmt-rgb48-xv48be
TEST    pixfmt-rgb48-rgb48
TEST    pixfmt-rgb48-gbrp16le
TEST    pixfmt-rgb48-gbrp16be
TEST    pixfmt-yuv444p16-gray16le
TEST    pixfmt-yuv444p16-gray16be
TEST    pixfmt-yuv444p16-yuv420p16le
TEST    pixfmt-yuv444p16-yuv420p16be
TEST    pixfmt-yuv444p16-yuv422p16le
TEST    pixfmt-yuv444p16-yuv422p16be
TEST    pixfmt-yuv444p16-yuv444p16le
TEST    pixfmt-yuv444p16-yuv444p16be
TEST    pixfmt-yuv444p16-y216le
TEST    pixfmt-yuv444p16-p016le
TEST    pixfmt-yuv444p16-p016be
TEST    pixfmt-yuv444p16-p216le
TEST    pixfmt-yuv444p16-p216be
TEST    pixfmt-yuv444p16-p416le
TEST    pixfmt-yuv444p16-p416be
TEST    pixfmt-yuv444p16-xv48le
TEST    pixfmt-yuv444p16-xv48be
TEST    pixfmt-yuv444p16-rgb48
TEST    pixfmt-yuv444p16-gbrp16le
TEST    pixfmt-yuv444p16-gbrp16be
TEST    pixfmt-p416-gray16le
TEST    pixfmt-p416-gray16be
TEST    pixfmt-p416-yuv420p16le
TEST    pixfmt-p416-yuv420p16be
TEST    pixfmt-p416-yuv422p16le
TEST    pixfmt-p416-yuv422p16be
TEST    pixfmt-p416-yuv444p16le
TEST    pixfmt-p416-yuv444p16be
TEST    pixfmt-p416-y216le
TEST    pixfmt-p416-p016le
TEST    pixfmt-p416-p016be
TEST    pixfmt-p416-p216le
TEST    pixfmt-p416-p216be
TEST    pixfmt-p416-p416le
TEST    pixfmt-p416-p416be
TEST    pixfmt-p416-xv48le
TEST    pixfmt-p416-xv48be
TEST    pixfmt-p416-rgb48
TEST    pixfmt-p416-gbrp16le
TEST    pixfmt-p416-gbrp16be
TEST    pixfmt-gbrp16-gray16le
TEST    pixfmt-gbrp16-gray16be
TEST    pixfmt-gbrp16-yuv420p16le
TEST    pixfmt-gbrp16-yuv420p16be
TEST    pixfmt-gbrp16-yuv422p16le
TEST    pixfmt-gbrp16-yuv422p16be
TEST    pixfmt-gbrp16-yuv444p16le
TEST    pixfmt-gbrp16-yuv444p16be
TEST    pixfmt-gbrp16-y216le
TEST    pixfmt-gbrp16-p016le
TEST    pixfmt-gbrp16-p016be
TEST    pixfmt-gbrp16-p216le
TEST    pixfmt-gbrp16-p216be
TEST    pixfmt-gbrp16-p416le
TEST    pixfmt-gbrp16-p416be
TEST    pixfmt-gbrp16-xv48le
TEST    pixfmt-gbrp16-xv48be
TEST    pixfmt-gbrp16-rgb48
TEST    pixfmt-gbrp16-gbrp16le
TEST    pixfmt-gbrp16-gbrp16be
CC	fftools/ffprobe.o
LD	ffprobe_g
STRIP	ffprobe
TEST    concat-demuxer-simple1-lavf-mxf
TEST    concat-demuxer-simple1-lavf-mxf_d10
TEST    concat-demuxer-simple2-lavf-ts
TEST    concat-demuxer-extended-lavf-mxf
TEST    concat-demuxer-extended-lavf-mxf_d10
TEST    filter-metadata-photosensitivity-blend0
TEST    filter-select-ffprobe
COPY	tests/test_copy.ffmeta
GEN	tests/data/ffprobe-test.nut
TEST    ffprobe_compact
TEST    ffprobe_csv
TEST    ffprobe_default
TEST    ffprobe_flat
TEST    ffprobe_ini
TEST    ffprobe_json
TEST    ffprobe_xml
TEST    flv-add_keyframe_index
COPY	tests/data/streamgroups/audio_element-stereo
COPY	tests/data/streamgroups/mix_presentation-stereo
TEST    iamf-stereo
GEN	tests/data/asynth-44100-10.wav
COPY	tests/data/filtergraphs/iamf_5_1_4
COPY	tests/data/streamgroups/audio_element-5_1_4
COPY	tests/data/streamgroups/mix_presentation-5_1_4
TEST    iamf-5_1_4
COPY	tests/data/streamgroups/audio_element-7_1_4
TEST    iamf-7_1_4
COPY	tests/data/filtergraphs/iamf_9_1_6
COPY	tests/data/streamgroups/audio_element-9_1_6
COPY	tests/data/streamgroups/audio_element-9_1_6-stereo
COPY	tests/data/streamgroups/mix_presentation-9_1_6
TEST    iamf-9_1_6
COPY	tests/data/filtergraphs/iamf_ambisonic_1
COPY	tests/data/streamgroups/audio_element-ambisonic_1
COPY	tests/data/streamgroups/mix_presentation-ambisonic_1
TEST    iamf-ambisonic_1
COPY	tests/data/streamgroups/audio_element-ambisonic_1-projection
TEST    iamf-ambisonic_1-projection
TEST    img2-update-filemtime
TEST    mov-mp4-iamf-stereo
TEST    mov-mp4-iamf-5_1_4
TEST    mov-mp4-iamf-7_1_4-video-first
TEST    mov-mp4-iamf-7_1_4-video-last
TEST    mov-mp4-iamf-ambisonic_1
TEST    mov-reenc-delete-format-metadata
TEST    mov-cover-reenc-keeps-audio-format-tags
TEST    mov-reenc-delete-stream-metadata
TEST    mov-reenc-delete-stream-metadata-global-tag
TEST    wav-enc-adpcm-ms-bitrate
TEST    wav-enc-adpcm-ima-wav-bitrate
TEST    wav-pcm-s16le-wrong-avg-byterate
TEST    wav-pcm-s16le-large-blockalign
TEST    wav-pcm-s16le-bad-blockalign
TEST    wav-pcm-u8-wrong-avg-byterate
TEST    wav-pcm-u8-bad-blockalign
TEST    wav-pcm-s24le-wrong-avg-byterate
TEST    wav-pcm-s24le-bad-blockalign
TEST    wav-pcm-alaw-wrong-avg-byterate
TEST    wav-pcm-alaw-bad-blockalign
TEST    wav-pcm-mulaw-wrong-avg-byterate
TEST    wav-pcm-mulaw-bad-blockalign
CC	tests/api/api-dump-stream-meta-test.o
LD	tests/api/api-dump-stream-meta-test
TEST    ogg-vorbis-chained-meta
TEST    ogg-flac-chained-meta
TEST    ogg-opus-chained-meta
CC	tools/scale_slice_test.o
CC	tools/decode_simple.o
LD	tools/scale_slice_test
TEST    sws-slice-yuv422-12bit-rgb48
TEST    sws-slice-bgr0-nv12
GEN	tests/data/vsynth_lena.yuv
TEST    vsynth_lena-asv1
TEST    vsynth_lena-asv2
TEST    vsynth_lena-vc2-420p
TEST    vsynth_lena-ffv1
TEST    vsynth_lena-ffv1-v0
TEST    vsynth_lena-ffv1-v2
TEST    vsynth_lena-ffv1-v3-yuv420p
TEST    vsynth_lena-ffv1-2pass
TEST    vsynth_lena-ffvhuff
TEST    vsynth_lena-flv
TEST    vsynth_lena-h261
TEST    vsynth_lena-h261-trellis
TEST    vsynth_lena-h263
TEST    vsynth_lena-h263-obmc
TEST    vsynth_lena-h263p
TEST    vsynth_lena-ljpeg
TEST    vsynth_lena-mpeg1
TEST    vsynth_lena-mpeg1b
TEST    vsynth_lena-mpeg2
TEST    vsynth_lena-mpeg2-422
TEST    vsynth_lena-mpeg2-idct-int
TEST    vsynth_lena-mpeg2-ilace
TEST    vsynth_lena-mpeg2-ivlc-qprd
TEST    vsynth_lena-mpeg2-thread
TEST    vsynth_lena-mpeg2-thread-ivlc
TEST    vsynth_lena-mpeg4
TEST    vsynth_lena-mpeg4-rc
TEST    vsynth_lena-mpeg4-adv
TEST    vsynth_lena-mpeg4-qprd
TEST    vsynth_lena-mpeg4-adap
TEST    vsynth_lena-mpeg4-qpel
TEST    vsynth_lena-mpeg4-thread
TEST    vsynth_lena-mpeg4-error
TEST    vsynth_lena-mpeg4-nr
TEST    vsynth_lena-mpeg4-nsse
TEST    vsynth_lena-msmpeg4
TEST    vsynth_lena-msmpeg4v2
TEST    vsynth_lena-rv10
TEST    vsynth_lena-rv20
TEST    vsynth_lena-snow-ll
TEST    vsynth_lena-speedhq-420p
TEST    vsynth_lena-wmv1
TEST    vsynth_lena-wmv2
TEST    vsynth_lena-yuv
TEST    vsynth_lena-yuv4
TEST    vsynth_lena-amv
TEST    vsynth_lena-cinepak
TEST    vsynth_lena-cljr
TEST    vsynth_lena-vc2-420p10
TEST    vsynth_lena-vc2-420p12
TEST    vsynth_lena-vc2-422p
TEST    vsynth_lena-vc2-422p10
TEST    vsynth_lena-vc2-422p12
TEST    vsynth_lena-vc2-444p
TEST    vsynth_lena-vc2-444p10
TEST    vsynth_lena-vc2-444p12
TEST    vsynth_lena-vc2-thaar
TEST    vsynth_lena-vc2-t5_3
TEST    vsynth_lena-dnxhd-720p
TEST    vsynth_lena-dnxhd-720p-rd
TEST    vsynth_lena-dnxhd-720p-10bit
TEST    vsynth_lena-dnxhd-720p-hr-lb
TEST    vsynth_lena-dnxhd-edge1-hr
TEST    vsynth_lena-dnxhd-edge2-hr
TEST    vsynth_lena-dnxhd-edge3-hr
TEST    vsynth_lena-dnxhd-4k-hr-lb
TEST    vsynth_lena-dnxhd-2k-hr-hq
TEST    vsynth_lena-dnxhd-uhd-hr-sq
TEST    vsynth_lena-dnxhd-1080i
TEST    vsynth_lena-dnxhd-1080i-10bit
TEST    vsynth_lena-dnxhd-1080i-colr
TEST    vsynth_lena-dnxhd-hr-lb-mov
TEST    vsynth_lena-dnxhd-hr-sq-mov
TEST    vsynth_lena-dnxhd-hr-hq-mov
TEST    vsynth_lena-dv
TEST    vsynth_lena-dv-411
TEST    vsynth_lena-dv-50
TEST    vsynth_lena-dv-hd
TEST    vsynth_lena-dv-fhd
TEST    vsynth_lena-ffv1-v3-yuv422p10
TEST    vsynth_lena-ffv1-v3-yuv444p16
TEST    vsynth_lena-ffv1-v3-bgr0
TEST    vsynth_lena-ffv1-v3-rgb48
TEST    vsynth_lena-ffv1-2pass10
TEST    vsynth_lena-ffvhuff444
TEST    vsynth_lena-ffvhuff420p12
TEST    vsynth_lena-ffvhuff422p10left
TEST    vsynth_lena-ffvhuff444p16
TEST    vsynth_lena-flashsv
TEST    vsynth_lena-flashsv2
TEST    vsynth_lena-huffyuv
TEST    vsynth_lena-huffyuvbgr24
TEST    vsynth_lena-huffyuvbgra
TEST    vsynth_lena-jpegls
TEST    vsynth_lena-jpeg2000
TEST    vsynth_lena-jpeg2000-97
TEST    vsynth_lena-jpeg2000-gbrp12
TEST    vsynth_lena-jpeg2000-yuva444p16
TEST    vsynth_lena-magicyuv
TEST    vsynth_lena-mjpeg
TEST    vsynth_lena-mjpeg-422
TEST    vsynth_lena-mjpeg-444
TEST    vsynth_lena-mjpeg-trell
TEST    vsynth_lena-mjpeg-huffman
TEST    vsynth_lena-mjpeg-trell-huffman
TEST    vsynth_lena-msrle
TEST    vsynth_lena-mpng
TEST    vsynth_lena-msvideo1
TEST    vsynth_lena-prores
TEST    vsynth_lena-prores_int
TEST    vsynth_lena-prores_444
TEST    vsynth_lena-prores_444_int
TEST    vsynth_lena-prores_ks
TEST    vsynth_lena-qtrle
TEST    vsynth_lena-qtrlegray
TEST    vsynth_lena-rgb
TEST    vsynth_lena-bpp1
TEST    vsynth_lena-bpp15
TEST    vsynth_lena-mov-bgr24
TEST    vsynth_lena-mov-bpp15
TEST    vsynth_lena-mov-bpp16
TEST    vsynth_lena-roqvideo
TEST    vsynth_lena-rpza
TEST    vsynth_lena-smc
TEST    vsynth_lena-snow
TEST    vsynth_lena-snow-hpel
TEST    vsynth_lena-speedhq-422p
TEST    vsynth_lena-speedhq-444p
TEST    vsynth_lena-svq1
TEST    vsynth_lena-r210
TEST    vsynth_lena-v210
TEST    vsynth_lena-v210-10
TEST    vsynth_lena-v308
TEST    vsynth_lena-v408
TEST    vsynth_lena-v410
TEST    vsynth_lena-avui
TEST    vsynth_lena-xface
TEST    vsynth_lena-y41p
TEST    vsynth_lena-zlib
TEST    seek-vsynth_lena-asv1
TEST    seek-vsynth_lena-asv2
TEST    seek-vsynth_lena-dnxhd-720p
TEST    seek-vsynth_lena-dnxhd-720p-rd
TEST    seek-vsynth_lena-dnxhd-1080i
TEST    seek-vsynth_lena-dnxhd-4k-hr-lb
TEST    seek-vsynth_lena-dv
TEST    seek-vsynth_lena-dv-411
TEST    seek-vsynth_lena-dv-50
TEST    seek-vsynth_lena-ffv1
TEST    seek-vsynth_lena-flashsv
TEST    seek-vsynth_lena-flv
TEST    seek-vsynth_lena-h261
TEST    seek-vsynth_lena-h263
TEST    seek-vsynth_lena-h263p
TEST    seek-vsynth_lena-huffyuv
TEST    seek-vsynth_lena-jpegls
TEST    seek-vsynth_lena-ljpeg
TEST    seek-vsynth_lena-mjpeg
TEST    seek-vsynth_lena-mpeg1
TEST    seek-vsynth_lena-mpeg1b
TEST    seek-vsynth_lena-mpeg2-422
TEST    seek-vsynth_lena-mpeg2-idct-int
TEST    seek-vsynth_lena-mpeg2-ilace
TEST    seek-vsynth_lena-mpeg2-ivlc-qprd
TEST    seek-vsynth_lena-mpeg2-thread
TEST    seek-vsynth_lena-mpeg2-thread-ivlc
TEST    seek-vsynth_lena-msmpeg4
TEST    seek-vsynth_lena-msmpeg4v2
TEST    seek-vsynth_lena-rgb
TEST    seek-vsynth_lena-roqvideo
TEST    seek-vsynth_lena-rv10
TEST    seek-vsynth_lena-rv20
TEST    seek-vsynth_lena-snow
TEST    seek-vsynth_lena-snow-ll
TEST    seek-vsynth_lena-svq1
TEST    seek-vsynth_lena-wmv1
TEST    seek-vsynth_lena-wmv2
TEST    seek-vsynth_lena-yuv
TEST    seek-vsynth_lena-mpeg4
TEST    seek-vsynth_lena-mpeg4-rc
TEST    seek-vsynth_lena-mpeg4-adv
TEST    seek-vsynth_lena-mpeg4-qprd
TEST    seek-vsynth_lena-mpeg4-adap
TEST    seek-vsynth_lena-mpeg4-qpel
TEST    seek-vsynth_lena-mpeg4-thread
TEST    seek-vsynth_lena-mpeg4-error
TEST    seek-vsynth_lena-mpeg4-nr
TEST    seek-vsynth_lena-mpeg4-nsse
TEST    seek-extra-mp3
TEST    seek-cache-pipe
TEST    seek-mkv-codec-delay
TEST    seek-extra-mp4
TEST    seek-empty-edit-mp4
TEST    seek-test-iibbibb-mp4
TEST    seek-test-iibbibb-neg-ctts-mp4
TEST    seek-bad-avg-byterate
TEST    ac3-2.0
TEST    ac3-4.0
TEST    ac3-4.0-downmix-mono
TEST    ac3-4.0-downmix-stereo
TEST    ac3-5.1
TEST    ac3-5.1-downmix-mono
TEST    ac3-5.1-downmix-stereo
TEST    ac3-fixed-2.0
TEST    ac3-fixed-4.0-downmix-mono
TEST    ac3-fixed-5.1-downmix-mono
TEST    ac3-fixed-5.1-downmix-stereo
TEST    ac3-encode
TEST    ac3-fixed-encode
TEST    ac3-fixed-encode-2
TEST    ac3-fixed-encode-3
TEST    eac3-1
TEST    eac3-2
TEST    eac3-3
TEST    eac3-4
TEST    eac3-5
TEST    eac3-encode
TEST    eac3-core-bsf
TEST    adpcm-4xm
TEST    adpcm-afc
TEST    adpcm-creative
TEST    adpcm-creative-8-2bit
TEST    adpcm-creative-8-2.6bit
TEST    adpcm-creative-8-4bit
TEST    adpcm-dtk
TEST    adpcm-ea-1
TEST    adpcm-ea-2
TEST    adpcm-ea-maxis-xa
TEST    adpcm-ea-r1
TEST    adpcm-ea-r2
TEST    adpcm-ea-r3
TEST    adpcm-ima-amv
TEST    adpcm-ima-apc
TEST    adpcm-ima-dk3
TEST    adpcm-ima-dk4
TEST    adpcm-ima-ea-eacs
TEST    adpcm-ima-ea-sead
TEST    adpcm-ima-iss
TEST    adpcm-ima-oki
TEST    adpcm-ima-rad
TEST    adpcm-ima-smjpeg
TEST    adpcm-ima_wav-stereo
TEST    adpcm-ima-ws
TEST    adpcm-ima-ws-vqa3
TEST    adpcm-ms-mono
TEST    adpcm_ms-stereo
TEST    adpcm-sanyo-3bit
TEST    adpcm-sanyo-4bit
TEST    adpcm-sanyo-5bit
TEST    adpcm-thp
TEST    adpcm-vima
TEST    adpcm-xa
TEST    adpcm-argo-mono
TEST    adpcm-argo-stereo
TEST    adpcm-ima-ssi-mono
TEST    adpcm-ima-ssi-stereo
TEST    adpcm-ima-apm-mono
TEST    adpcm-ima-apm-stereo
TEST    adpcm-ima-alp-mono
TEST    adpcm-ima-alp-stereo
TEST    adpcm-ima-cunning-single
TEST    adpcm-ima-cunning-track0
TEST    adpcm-ima-cunning-track1
TEST    adpcm-ima-cunning-trunc-t1
TEST    adpcm-ima-cunning-trunc-t2-track0
TEST    adpcm-ima-cunning-trunc-t2-track1
TEST    adpcm-ima-cunning-trunc-t2a-track0
TEST    adpcm-ima-cunning-trunc-t2a-track1
TEST    adpcm-ima-cunning-trunc-h2
TEST    adpcm-ima-cunning-stereo
TEST    bmp-24bit
TEST    bmp-1bit
TEST    bmp-4bit
TEST    bmp-4bit-os2
TEST    bmp-8bit
TEST    bmp-8bit-os2
TEST    bmp-15bit
TEST    bmp-15bit-mask
TEST    bmp-16bit-mask
TEST    bmp-32bit
TEST    bmp-32bit-mask
TEST    bmp-rle4
TEST    bmp-rle8
TEST    cbs-apv-profile_400-10
TEST    cbs-apv-profile_422-10
TEST    cbs-av1-av1-1-b8-02-allintra
TEST    cbs-av1-av1-1-b8-03-sizedown
TEST    cbs-av1-av1-1-b8-03-sizeup
TEST    cbs-av1-av1-1-b8-04-cdfupdate
TEST    cbs-av1-av1-1-b8-05-mv
TEST    cbs-av1-av1-1-b8-06-mfmv
TEST    cbs-av1-av1-1-b8-22-svc-L1T2
TEST    cbs-av1-av1-1-b8-22-svc-L2T1
TEST    cbs-av1-av1-1-b8-22-svc-L2T2
TEST    cbs-av1-av1-1-b8-23-film_grain-50
TEST    cbs-av1-av1-1-b10-23-film_grain-50
TEST    cbs-av1-decode_model
TEST    cbs-av1-frames_refs_short_signaling
TEST    cbs-av1-non_uniform_tiling
TEST    cbs-av1-seq_hdr_op_param_info
TEST    cbs-av1-switch_frame
TEST    cbs-hevc-STRUCT_A_Samsung_5
TEST    cbs-hevc-WP_A_Toshiba_3
TEST    cbs-hevc-SLIST_A_Sony_4
TEST    cbs-hevc-SLIST_D_Sony_9
TEST    cbs-hevc-CAINIT_E_SHARP_3
TEST    cbs-hevc-CAINIT_H_SHARP_3
TEST    cbs-hevc-TILES_B_Cisco_1
TEST    cbs-hevc-WPP_A_ericsson_MAIN_2
TEST    cbs-hevc-WPP_F_ericsson_MAIN_2
TEST    cbs-hevc-ipcm_E_NEC_2
TEST    cbs-hevc-NUT_A_ericsson_5
TEST    cbs-hevc-PICSIZE_A_Bossen_1
TEST    cbs-hevc-PICSIZE_B_Bossen_1
TEST    cbs-hevc-RPS_A_docomo_4
TEST    cbs-hevc-RPS_E_qualcomm_5
TEST    cbs-hevc-LTRPSPS_A_Qualcomm_1
TEST    cbs-hevc-RPLM_A_qualcomm_4
TEST    cbs-hevc-CONFWIN_A_Sony_1
TEST    cbs-hevc-HRD_A_Fujitsu_2
TEST    cbs-hevc-SLPPLP_A_VIDYO_2
TEST    cbs-hevc-discard-nonref
TEST    cbs-hevc-discard-bidir
TEST    cbs-hevc-discard-nonintra
TEST    cbs-hevc-discard-nonkey
TEST    cbs-hevc-metadata-set-color
TEST    cbs-vvc-APSALF_A_2
TEST    cbs-vvc-APSLMCS_D_1
TEST    cbs-vvc-APSMULT_A_4
TEST    cbs-vvc-AUD_A_3
TEST    cbs-vvc-BOUNDARY_A_3
TEST    cbs-vvc-BUMP_A_2
TEST    cbs-vvc-CodingToolsSets_A_2
TEST    cbs-vvc-CROP_B_4
TEST    cbs-vvc-DCI_A_3
TEST    cbs-vvc-HRD_A_3
TEST    cbs-vvc-OPI_B_3
TEST    cbs-vvc-PHSH_B_1
TEST    cbs-vvc-POC_A_1
TEST    cbs-vvc-PPS_B_1
TEST    cbs-vvc-RAP_A_1
TEST    cbs-vvc-SAO_A_3
TEST    cbs-vvc-SCALING_A_1
TEST    cbs-vvc-SLICES_A_3
TEST    cbs-vvc-SPS_B_1
TEST    cbs-vvc-STILL_B_1
TEST    cbs-vvc-SUBPIC_A_3
TEST    cbs-vvc-TILE_A_2
TEST    cbs-vvc-VPS_A_3
TEST    cbs-vvc-WP_A_3
TEST    cbs-vvc-WPP_A_3
TEST    cbs-vvc-WRAP_A_4
TEST    cbs-mpeg2-hhi_burst_422_short
TEST    cbs-mpeg2-sony-ct3
TEST    cbs-mpeg2-tcela-6
TEST    cbs-vp9-vp90-2-03-deltaq
TEST    cbs-vp9-vp90-2-05-resize
TEST    cbs-vp9-vp90-2-06-bilinear
TEST    cbs-vp9-vp90-2-09-lf_deltas
TEST    cbs-vp9-vp90-2-10-show-existing-frame
TEST    cbs-vp9-vp90-2-10-show-existing-frame2
TEST    cbs-vp9-vp90-2-segmentation-aq-akiyo
TEST    cbs-vp9-vp90-2-segmentation-sf-akiyo
TEST    cbs-vp9-vp90-2-tiling-pedestrian
TEST    cbs-vp9-vp91-2-04-yuv440
TEST    cbs-vp9-vp91-2-04-yuv444
TEST    cbs-vp9-vp92-2-20-10bit-yuv420
TEST    cbs-vp9-vp93-2-20-10bit-yuv422
TEST    cbs-vp9-vp93-2-20-12bit-yuv444
TEST    cdxl-pal8
TEST    cdxl-pal8-small
TEST    cdxl-bitline-ham6
TEST    cdxl-ham6
TEST    cdxl-ham8
TEST    cover-art-ape
TEST    cover-art-flac
TEST    cover-art-m4a
TEST    cover-art-ogg
TEST    cover-art-wma
TEST    cover-art-wma-id3
TEST    cover-art-wma-metadatalib
TEST    cover-art-wv
TEST    dfa1
TEST    dfa2
TEST    dfa3
TEST    dfa4
TEST    dfa5
TEST    dfa6
TEST    dfa7
TEST    dfa8
TEST    dfa9
TEST    dfa10
TEST    dfa11
TEST    dpcm-idroq
TEST    dpcm-interplay
TEST    dpcm-sierra
TEST    dpcm-xan
TEST    filter-acrossfade
TEST    filter-stereotools
TEST    filter-tremolo
GEN	tests/data/asynth-44100-2-2.wav
TEST    filter-amix-simple
TEST    filter-amix-first
GEN	tests/data/asynth-44100-2-3.wav
TEST    filter-amix-transition
TEST    filter-aresample
TEST    filter-hdcd-mix
TEST    filter-hdcd-mix-psoff
TEST    filter-hdcd-analyze-pe
TEST    filter-hdcd-analyze-lle
TEST    filter-hdcd-analyze-cdt
TEST    filter-hdcd-analyze-tgm
TEST    filter-hdcd-analyze-ltgm
TEST    filter-hdcd-analyze-pel
TEST    filter-hdcd-false-positive
TEST    filter-hdcd-detect-errors
TEST    filter-hdcd-20bit
TEST    filter-hdcd-mono
TEST    filter-hdcd-s16p
TEST    filter-hdcd-s32p
TEST    filter-atempo
TEST    flac-16-chmode-indep
TEST    flac-16-chmode-left_side
TEST    flac-16-chmode-mid_side
TEST    flac-16-chmode-right_side
TEST    flac-16-fixed
TEST    flac-16-lpc-cholesky
TEST    flac-16-lpc-levinson
TEST    flac-24-comp-8
TEST    flac-32-wasted-bits
TEST    flac-rice-params
TEST    gapless-mp3
TEST    audiomatch-square-mp3
TEST    audiomatch-square-aac
TEST    audiomatch-afconvert-16000-mono-lc-adts
TEST    audiomatch-afconvert-16000-mono-lc-m4a
TEST    audiomatch-afconvert-44100-mono-lc-adts
TEST    audiomatch-afconvert-44100-mono-lc-m4a
TEST    audiomatch-afconvert-16000-mono-he-adts
TEST    audiomatch-afconvert-16000-mono-he-m4a
TEST    audiomatch-afconvert-44100-mono-he-adts
TEST    audiomatch-afconvert-44100-mono-he-m4a
TEST    audiomatch-afconvert-16000-stereo-he-adts
TEST    audiomatch-afconvert-16000-stereo-he-m4a
TEST    audiomatch-afconvert-44100-stereo-he-adts
TEST    audiomatch-afconvert-44100-stereo-he-m4a
TEST    audiomatch-afconvert-16000-stereo-he2-adts
TEST    audiomatch-afconvert-16000-stereo-he2-m4a
TEST    audiomatch-afconvert-44100-stereo-he2-adts
TEST    audiomatch-afconvert-44100-stereo-he2-m4a
TEST    audiomatch-afconvert-16000-stereo-lc-adts
TEST    audiomatch-afconvert-16000-stereo-lc-m4a
TEST    audiomatch-afconvert-44100-stereo-lc-adts
TEST    audiomatch-afconvert-44100-stereo-lc-m4a
TEST    audiomatch-faac-16000-mono-lc-adts
TEST    audiomatch-faac-16000-mono-lc-m4a
TEST    audiomatch-faac-44100-mono-lc-adts
TEST    audiomatch-faac-44100-mono-lc-m4a
TEST    audiomatch-faac-16000-stereo-lc-adts
TEST    audiomatch-faac-16000-stereo-lc-m4a
TEST    audiomatch-faac-44100-stereo-lc-adts
TEST    audiomatch-faac-44100-stereo-lc-m4a
TEST    audiomatch-dolby-44100-mono-lc-mp4
TEST    audiomatch-dolby-44100-mono-he-mp4
TEST    audiomatch-dolby-44100-stereo-he-mp4
TEST    audiomatch-dolby-44100-stereo-he2-mp4
TEST    audiomatch-dolby-44100-stereo-lc-mp4
TEST    audiomatch-fdkaac-44100-stereo-he-m4a
TEST    audiomatch-fdkaac-44100-stereo-he2-m4a
TEST    audiomatch-fdkaac-44100-stereo-lc-m4a
TEST    audiomatch-nero-16000-mono-lc-m4a
TEST    audiomatch-nero-44100-mono-lc-m4a
TEST    audiomatch-nero-16000-mono-he-m4a
TEST    audiomatch-nero-44100-mono-he-m4a
TEST    audiomatch-nero-16000-stereo-he-m4a
TEST    audiomatch-nero-44100-stereo-he-m4a
TEST    audiomatch-nero-16000-stereo-he2-m4a
TEST    audiomatch-nero-44100-stereo-he2-m4a
TEST    audiomatch-nero-16000-stereo-lc-m4a
TEST    audiomatch-nero-44100-stereo-lc-m4a
TEST    audiomatch-opus-48000-stereo-opus
TEST    audiomatch-opus-48000-stereo-mka
TEST    audiomatch-quicktime7-44100-stereo-lc-mp4
TEST    audiomatch-quicktimeX-44100-stereo-lc-m4a
TEST    h264-reinit-large_420_8-to-small_420_8
TEST    h264-reinit-small_420_8-to-large_444_10
TEST    h264-reinit-small_420_9-to-small_420_8
TEST    h264-reinit-small_422_9-to-small_420_9
TEST    h264-conformance-aud_mw_e
TEST    h264-conformance-ba1_ft_c
TEST    h264-conformance-ba1_sony_d
TEST    h264-conformance-ba2_sony_f
TEST    h264-conformance-ba3_sva_c
TEST    h264-conformance-ba_mw_d
TEST    h264-conformance-bamq1_jvc_c
TEST    h264-conformance-bamq2_jvc_c
TEST    h264-conformance-banm_mw_d
TEST    h264-conformance-basqp1_sony_c
TEST    h264-conformance-caba1_sony_d
TEST    h264-conformance-caba1_sva_b
TEST    h264-conformance-caba2_sony_e
TEST    h264-conformance-caba2_sva_b
TEST    h264-conformance-caba3_sony_c
TEST    h264-conformance-caba3_sva_b
TEST    h264-conformance-caba3_toshiba_e
TEST    h264-conformance-cabac_mot_fld0_full
TEST    h264-conformance-cabac_mot_frm0_full
TEST    h264-conformance-cabac_mot_mbaff0_full
TEST    h264-conformance-cabac_mot_picaff0_full
TEST    h264-conformance-cabaci3_sony_b
TEST    h264-conformance-cabast3_sony_e
TEST    h264-conformance-cabastbr3_sony_b
TEST    h264-conformance-cabref3_sand_d
TEST    h264-conformance-cacqp3_sony_d
TEST    h264-conformance-cafi1_sva_c
TEST    h264-conformance-cama1_sony_c
TEST    h264-conformance-cama1_toshiba_b
TEST    h264-conformance-cama1_vtc_c
TEST    h264-conformance-cama2_vtc_b
TEST    h264-conformance-cama3_sand_e
TEST    h264-conformance-cama3_vtc_b
TEST    h264-conformance-camaci3_sony_c
TEST    h264-conformance-camanl1_toshiba_b
TEST    h264-conformance-camanl2_toshiba_b
TEST    h264-conformance-camanl3_sand_e
TEST    h264-conformance-camasl3_sony_b
TEST    h264-conformance-camp_mot_mbaff_l30
TEST    h264-conformance-camp_mot_mbaff_l31
TEST    h264-conformance-canl1_sony_e
TEST    h264-conformance-canl1_sva_b
TEST    h264-conformance-canl1_toshiba_g
TEST    h264-conformance-canl2_sony_e
TEST    h264-conformance-canl2_sva_b
TEST    h264-conformance-canl3_sony_c
TEST    h264-conformance-canl3_sva_b
TEST    h264-conformance-canl4_sva_b
TEST    h264-conformance-canlma2_sony_c
TEST    h264-conformance-canlma3_sony_c
TEST    h264-conformance-capa1_toshiba_b
TEST    h264-conformance-capama3_sand_f
TEST    h264-conformance-capcm1_sand_e
TEST    h264-conformance-capcmnl1_sand_e
TEST    h264-conformance-capm3_sony_d
TEST    h264-conformance-caqp1_sony_b
TEST    h264-conformance-cavlc_mot_fld0_full_b
TEST    h264-conformance-cavlc_mot_frm0_full_b
TEST    h264-conformance-cavlc_mot_mbaff0_full_b
TEST    h264-conformance-cavlc_mot_picaff0_full_b
TEST    h264-conformance-cawp1_toshiba_e
TEST    h264-conformance-cawp5_toshiba_e
TEST    h264-conformance-ci1_ft_b
TEST    h264-conformance-ci_mw_d
TEST    h264-conformance-cvbs3_sony_c
TEST    h264-conformance-cvcanlma2_sony_c
TEST    h264-conformance-cvfc1_sony_c
TEST    h264-conformance-cvfi1_sony_d
TEST    h264-conformance-cvfi1_sva_c
TEST    h264-conformance-cvfi2_sony_h
TEST    h264-conformance-cvfi2_sva_c
TEST    h264-conformance-cvma1_sony_d
TEST    h264-conformance-cvma1_toshiba_b
TEST    h264-conformance-cvmanl1_toshiba_b
TEST    h264-conformance-cvmanl2_toshiba_b
TEST    h264-conformance-cvmapaqp3_sony_e
TEST    h264-conformance-cvmaqp2_sony_g
TEST    h264-conformance-cvmaqp3_sony_d
TEST    h264-conformance-cvmp_mot_fld_l30_b
TEST    h264-conformance-cvmp_mot_frm_l31_b
TEST    h264-conformance-cvnlfi1_sony_c
TEST    h264-conformance-cvnlfi2_sony_h
TEST    h264-conformance-cvpa1_toshiba_b
TEST    h264-conformance-cvpcmnl1_sva_c
TEST    h264-conformance-cvpcmnl2_sva_c
TEST    h264-conformance-cvwp1_toshiba_e
TEST    h264-conformance-cvwp2_toshiba_e
TEST    h264-conformance-cvwp3_toshiba_e
TEST    h264-conformance-cvwp5_toshiba_e
TEST    h264-conformance-fi1_sony_e
TEST    h264-conformance-frext-alphaconformanceg
TEST    h264-conformance-frext-bcrm_freh10
TEST    h264-conformance-frext-brcm_freh11
TEST    h264-conformance-frext-brcm_freh3
TEST    h264-conformance-frext-brcm_freh4
TEST    h264-conformance-frext-brcm_freh5
TEST    h264-conformance-frext-brcm_freh8
TEST    h264-conformance-frext-brcm_freh9
TEST    h264-conformance-frext-freh12_b
TEST    h264-conformance-frext-freh1_b
TEST    h264-conformance-frext-freh2_b
TEST    h264-conformance-frext-freh6
TEST    h264-conformance-frext-freh7_b
TEST    h264-conformance-frext-frext01_jvc_d
TEST    h264-conformance-frext-frext02_jvc_c
TEST    h264-conformance-frext-frext1_panasonic_c
TEST    h264-conformance-frext-frext2_panasonic_b
TEST    h264-conformance-frext-frext3_panasonic_d
TEST    h264-conformance-frext-frext4_panasonic_a
TEST    h264-conformance-frext-frext_mmco4_sony_b
TEST    h264-conformance-frext-hcaff1_hhi_b
TEST    h264-conformance-frext-hcafr1_hhi_c
TEST    h264-conformance-frext-hcafr2_hhi_a
TEST    h264-conformance-frext-hcafr3_hhi_a
TEST    h264-conformance-frext-hcafr4_hhi_a
TEST    h264-conformance-frext-hcamff1_hhi_b
TEST    h264-conformance-frext-hi422fr10_sony_b
TEST    h264-conformance-frext-hi422fr1_sony_a
TEST    h264-conformance-frext-hpca_brcm_c
TEST    h264-conformance-frext-hpcadq_brcm_b
TEST    h264-conformance-frext-hpcafl_bcrm_c
TEST    h264-conformance-frext-hpcaflnl_bcrm_c
TEST    h264-conformance-frext-hpcalq_brcm_b
TEST    h264-conformance-frext-hpcamapalq_bcrm_b
TEST    h264-conformance-frext-hpcamolq_brcm_b
TEST    h264-conformance-frext-hpcanl_brcm_c
TEST    h264-conformance-frext-hpcaq2lq_brcm_b
TEST    h264-conformance-frext-hpcv_brcm_a
TEST    h264-conformance-frext-hpcvfl_bcrm_a
TEST    h264-conformance-frext-hpcvflnl_bcrm_a
TEST    h264-conformance-frext-hpcvmolq_brcm_b
TEST    h264-conformance-frext-hpcvnl_brcm_a
TEST    h264-conformance-hcbp2_hhi_a
TEST    h264-conformance-hcmp1_hhi_a
TEST    h264-conformance-ls_sva_d
TEST    h264-conformance-midr_mw_d
TEST    h264-conformance-mps_mw_a
TEST    h264-conformance-mr1_bt_a
TEST    h264-conformance-mr1_mw_a
TEST    h264-conformance-mr2_mw_a
TEST    h264-conformance-mr2_tandberg_e
TEST    h264-conformance-mr3_tandberg_b
TEST    h264-conformance-mr4_tandberg_c
TEST    h264-conformance-mr5_tandberg_c
TEST    h264-conformance-mr6_bt_b
TEST    h264-conformance-mr7_bt_b
TEST    h264-conformance-mr8_bt_b
TEST    h264-conformance-mr9_bt_b
TEST    h264-conformance-mv1_brcm_d
TEST    h264-conformance-nl1_sony_d
TEST    h264-conformance-nl2_sony_h
TEST    h264-conformance-nl3_sva_e
TEST    h264-conformance-nlmq1_jvc_c
TEST    h264-conformance-nlmq2_jvc_c
TEST    h264-conformance-nrf_mw_e
TEST    h264-conformance-sharp_mp_field_1_b
TEST    h264-conformance-sharp_mp_field_2_b
TEST    h264-conformance-sharp_mp_field_3_b
TEST    h264-conformance-sharp_mp_paff_1r2
TEST    h264-conformance-sharp_mp_paff_2r
TEST    h264-conformance-sl1_sva_b
TEST    h264-conformance-sva_ba1_b
TEST    h264-conformance-sva_ba2_d
TEST    h264-conformance-sva_base_b
TEST    h264-conformance-sva_cl1_e
TEST    h264-conformance-sva_fm1_e
TEST    h264-conformance-sva_nl1_b
TEST    h264-conformance-sva_nl2_e
TEST    h264-conformance-slice2_field_aurora4
TEST    h264-conformance-frext-hi422fr13_sony_b
TEST    h264-conformance-frext-hi422fr6_sony_a
TEST    h264-conformance-frext-pph10i1_panasonic_a
TEST    h264-conformance-frext-pph10i2_panasonic_a
TEST    h264-conformance-frext-pph10i3_panasonic_a
TEST    h264-conformance-frext-pph10i4_panasonic_a
TEST    h264-conformance-frext-pph10i5_panasonic_a
TEST    h264-conformance-frext-pph10i6_panasonic_a
TEST    h264-conformance-frext-pph10i7_panasonic_a
TEST    h264-conformance-frext-pph422i1_panasonic_a
TEST    h264-conformance-frext-pph422i2_panasonic_a
TEST    h264-conformance-frext-pph422i3_panasonic_a
TEST    h264-conformance-frext-pph422i4_panasonic_a
TEST    h264-conformance-frext-pph422i5_panasonic_a
TEST    h264-conformance-frext-pph422i6_panasonic_a
TEST    h264-conformance-frext-pph422i7_panasonic_a
TEST    h264-intra-refresh-recovery
TEST    h264-lossless
TEST    h264-3386
TEST    h264-missing-frame
TEST    h264-ref-pic-mod-overflow
TEST    h264-timecode
TEST    h264-extreme-plane-pred
TEST    h264-crop-to-container
CC	tools/venc_data_dump.o
LD	tools/venc_data_dump
TEST    h264-encparams
TEST    h264-extradata-reload
TEST    h264-interlace-crop
TEST    h264-invalid-ref-mod
TEST    h264-mixed-nal-coding
TEST    h264-unescaped-extradata
TEST    h264-twofields-packet
TEST    h264-bsf-mp4toannexb-new-extradata
TEST    h264-bsf-mp4toannexb
TEST    h264-bsf-mp4toannexb-2
TEST    h264_mp4toannexb_ticket5927
TEST    h264_mp4toannexb_ticket5927_2
TEST    h264-bsf-dts2pts
TEST    h264-bsf-redundant-pps-mov
TEST    h264-bsf-redundant-pps-annexb
TEST    h264-bsf-redundant-pps-side-data
TEST    h264-bsf-redundant-pps-side-data2
TEST    h264-direct-bff
TEST    h264-brokensps-2580
TEST    h264-xavc-4389
TEST    h264-attachment-631
TEST    h264-skip-nokey
TEST    h264-skip-nointra
TEST    hevc-conformance-AMP_A_Samsung_4
TEST    hevc-conformance-AMP_A_Samsung_6
TEST    hevc-conformance-AMP_B_Samsung_4
TEST    hevc-conformance-AMP_B_Samsung_6
TEST    hevc-conformance-AMP_D_Hisilicon
TEST    hevc-conformance-AMP_E_Hisilicon
TEST    hevc-conformance-AMP_F_Hisilicon_3
TEST    hevc-conformance-AMVP_A_MTK_4
TEST    hevc-conformance-AMVP_B_MTK_4
TEST    hevc-conformance-AMVP_C_Samsung_4
TEST    hevc-conformance-AMVP_C_Samsung_6
TEST    hevc-conformance-BUMPING_A_ericsson_1
TEST    hevc-conformance-CAINIT_A_SHARP_4
TEST    hevc-conformance-CAINIT_B_SHARP_4
TEST    hevc-conformance-CAINIT_C_SHARP_3
TEST    hevc-conformance-CAINIT_D_SHARP_3
TEST    hevc-conformance-CAINIT_E_SHARP_3
TEST    hevc-conformance-CAINIT_F_SHARP_3
TEST    hevc-conformance-CAINIT_G_SHARP_3
TEST    hevc-conformance-CAINIT_H_SHARP_3
TEST    hevc-conformance-CIP_A_Panasonic_3
TEST    hevc-conformance-cip_B_NEC_3
TEST    hevc-conformance-CIP_C_Panasonic_2
TEST    hevc-conformance-CONFWIN_A_Sony_1
TEST    hevc-conformance-DBLK_A_SONY_3
TEST    hevc-conformance-DBLK_B_SONY_3
TEST    hevc-conformance-DBLK_C_SONY_3
TEST    hevc-conformance-DBLK_D_VIXS_2
TEST    hevc-conformance-DBLK_E_VIXS_2
TEST    hevc-conformance-DBLK_F_VIXS_2
TEST    hevc-conformance-DBLK_G_VIXS_2
TEST    hevc-conformance-DELTAQP_A_BRCM_4
TEST    hevc-conformance-DELTAQP_B_SONY_3
TEST    hevc-conformance-DELTAQP_C_SONY_3
TEST    hevc-conformance-DSLICE_A_HHI_5
TEST    hevc-conformance-DSLICE_B_HHI_5
TEST    hevc-conformance-DSLICE_C_HHI_5
TEST    hevc-conformance-ENTP_A_Qualcomm_1
TEST    hevc-conformance-ENTP_B_Qualcomm_1
TEST    hevc-conformance-ENTP_C_Qualcomm_1
TEST    hevc-conformance-EXT_A_ericsson_4
TEST    hevc-conformance-FILLER_A_Sony_1
TEST    hevc-conformance-HRD_A_Fujitsu_2
TEST    hevc-conformance-HRD_A_Fujitsu_3
TEST    hevc-conformance-INITQP_A_Sony_1
TEST    hevc-conformance-ipcm_A_NEC_3
TEST    hevc-conformance-ipcm_B_NEC_3
TEST    hevc-conformance-ipcm_C_NEC_3
TEST    hevc-conformance-ipcm_D_NEC_3
TEST    hevc-conformance-ipcm_E_NEC_2
TEST    hevc-conformance-IPRED_A_docomo_2
TEST    hevc-conformance-IPRED_B_Nokia_3
TEST    hevc-conformance-IPRED_C_Mitsubishi_3
TEST    hevc-conformance-LS_A_Orange_2
TEST    hevc-conformance-LS_B_ORANGE_4
TEST    hevc-conformance-LTRPSPS_A_Qualcomm_1
TEST    hevc-conformance-MAXBINS_A_TI_4
TEST    hevc-conformance-MAXBINS_B_TI_4
TEST    hevc-conformance-MAXBINS_C_TI_4
TEST    hevc-conformance-MERGE_A_TI_3
TEST    hevc-conformance-MERGE_B_TI_3
TEST    hevc-conformance-MERGE_C_TI_3
TEST    hevc-conformance-MERGE_D_TI_3
TEST    hevc-conformance-MERGE_E_TI_3
TEST    hevc-conformance-MERGE_F_MTK_4
TEST    hevc-conformance-MERGE_G_HHI_4
TEST    hevc-conformance-MVCLIP_A_qualcomm_3
TEST    hevc-conformance-MVDL1ZERO_A_docomo_3
TEST    hevc-conformance-MVEDGE_A_qualcomm_3
TEST    hevc-conformance-NoOutPrior_A_Qualcomm_1
TEST    hevc-conformance-NoOutPrior_B_Qualcomm_1
TEST    hevc-conformance-NUT_A_ericsson_5
TEST    hevc-conformance-OPFLAG_A_Qualcomm_1
TEST    hevc-conformance-OPFLAG_B_Qualcomm_1
TEST    hevc-conformance-OPFLAG_C_Qualcomm_1
TEST    hevc-conformance-PICSIZE_A_Bossen_1
TEST    hevc-conformance-PICSIZE_B_Bossen_1
TEST    hevc-conformance-PICSIZE_C_Bossen_1
TEST    hevc-conformance-PICSIZE_D_Bossen_1
TEST    hevc-conformance-PMERGE_A_TI_3
TEST    hevc-conformance-PMERGE_B_TI_3
TEST    hevc-conformance-PMERGE_C_TI_3
TEST    hevc-conformance-PMERGE_D_TI_3
TEST    hevc-conformance-PMERGE_E_TI_3
TEST    hevc-conformance-POC_A_Bossen_3
TEST    hevc-conformance-PPS_A_qualcomm_7
TEST    hevc-conformance-PS_A_VIDYO_3
TEST    hevc-conformance-PS_B_VIDYO_3
TEST    hevc-conformance-RAP_A_docomo_4
TEST    hevc-conformance-RAP_B_Bossen_1
TEST    hevc-conformance-RPLM_A_qualcomm_4
TEST    hevc-conformance-RPLM_B_qualcomm_4
TEST    hevc-conformance-RPS_A_docomo_4
TEST    hevc-conformance-RPS_B_qualcomm_5
TEST    hevc-conformance-RPS_C_ericsson_5
TEST    hevc-conformance-RPS_D_ericsson_6
TEST    hevc-conformance-RPS_E_qualcomm_5
TEST    hevc-conformance-RPS_F_docomo_1
TEST    hevc-conformance-RQT_A_HHI_4
TEST    hevc-conformance-RQT_B_HHI_4
TEST    hevc-conformance-RQT_C_HHI_4
TEST    hevc-conformance-RQT_D_HHI_4
TEST    hevc-conformance-RQT_E_HHI_4
TEST    hevc-conformance-RQT_F_HHI_4
TEST    hevc-conformance-RQT_G_HHI_4
TEST    hevc-conformance-SAO_A_MediaTek_4
TEST    hevc-conformance-SAO_B_MediaTek_5
TEST    hevc-conformance-SAO_C_Samsung_4
TEST    hevc-conformance-SAO_C_Samsung_5
TEST    hevc-conformance-SAO_D_Samsung_4
TEST    hevc-conformance-SAO_D_Samsung_5
TEST    hevc-conformance-SAO_E_Canon_4
TEST    hevc-conformance-SAO_F_Canon_3
TEST    hevc-conformance-SAO_G_Canon_3
TEST    hevc-conformance-SDH_A_Orange_3
TEST    hevc-conformance-SLICES_A_Rovi_3
TEST    hevc-conformance-SLIST_A_Sony_4
TEST    hevc-conformance-SLIST_B_Sony_8
TEST    hevc-conformance-SLIST_C_Sony_3
TEST    hevc-conformance-SLIST_D_Sony_9
TEST    hevc-conformance-SLPPLP_A_VIDYO_1
TEST    hevc-conformance-SLPPLP_A_VIDYO_2
TEST    hevc-conformance-STRUCT_A_Samsung_5
TEST    hevc-conformance-STRUCT_B_Samsung_4
TEST    hevc-conformance-STRUCT_B_Samsung_6
TEST    hevc-conformance-TILES_A_Cisco_2
TEST    hevc-conformance-TILES_B_Cisco_1
TEST    hevc-conformance-TMVP_A_MS_3
TEST    hevc-conformance-TSCL_A_VIDYO_5
TEST    hevc-conformance-TSCL_B_VIDYO_4
TEST    hevc-conformance-TSKIP_A_MS_3
TEST    hevc-conformance-TUSIZE_A_Samsung_1
TEST    hevc-conformance-VPSID_A_VIDYO_1
TEST    hevc-conformance-VPSID_A_VIDYO_2
TEST    hevc-conformance-WP_A_Toshiba_3
TEST    hevc-conformance-WP_B_Toshiba_3
TEST    hevc-conformance-WPP_A_ericsson_MAIN_2
TEST    hevc-conformance-WPP_B_ericsson_MAIN_2
TEST    hevc-conformance-WPP_C_ericsson_MAIN_2
TEST    hevc-conformance-WPP_D_ericsson_MAIN_2
TEST    hevc-conformance-WPP_E_ericsson_MAIN_2
TEST    hevc-conformance-WPP_F_ericsson_MAIN_2
TEST    hevc-conformance-WPP_HIGH_TP_444_8BIT_RExt_Apple_2
TEST    hevc-conformance-QMATRIX_A_RExt_Sony_1
TEST    hevc-conformance-DBLK_A_MAIN10_VIXS_3
TEST    hevc-conformance-WP_A_MAIN10_Toshiba_3
TEST    hevc-conformance-WP_MAIN10_B_Toshiba_3
TEST    hevc-conformance-WPP_A_ericsson_MAIN10_2
TEST    hevc-conformance-WPP_B_ericsson_MAIN10_2
TEST    hevc-conformance-WPP_C_ericsson_MAIN10_2
TEST    hevc-conformance-WPP_D_ericsson_MAIN10_2
TEST    hevc-conformance-WPP_E_ericsson_MAIN10_2
TEST    hevc-conformance-WPP_F_ericsson_MAIN10_2
TEST    hevc-conformance-INITQP_B_Sony_1
TEST    hevc-conformance-ADJUST_IPRED_ANGLE_A_RExt_Mitsubishi_1
TEST    hevc-conformance-IPCM_A_RExt_NEC
TEST    hevc-conformance-Main_422_10_A_RExt_Sony_1
TEST    hevc-conformance-Main_422_10_B_RExt_Sony_1
TEST    hevc-conformance-IPCM_B_RExt_NEC
TEST    hevc-conformance-PERSIST_RPARAM_A_RExt_Sony_1
TEST    hevc-conformance-PERSIST_RPARAM_A_RExt_Sony_3
TEST    hevc-conformance-SAO_A_RExt_MediaTek_1
TEST    hevc-conformance-MVHEVCS_A
TEST    hevc-conformance-MVHEVCS_B
TEST    hevc-conformance-MVHEVCS_E
TEST    hevc-conformance-MVHEVCS_F
TEST    hevc-paramchange-yuv420p-yuv420p10
GEN	tests/data/hevc-mp4.mov
TEST    hevc-bsf-mp4toannexb
TEST    hevc-bsf-mp4toannexb-new-extradata
TEST    hevc-bsf-dts2pts-idr
TEST    hevc-bsf-dts2pts-idr-cra
TEST    hevc-bsf-dts2pts-cra
TEST    hevc-bsf-dovi-split-bl
TEST    hevc-bsf-dovi-split-bl-rpu
TEST    hevc-bsf-dovi-split-el
TEST    hevc-bsf-dovi-split-el-rpu
TEST    hevc-skiploopfilter
TEST    hevc-extradata-reload
TEST    hevc-two-first-slice
TEST    hevc-cabac-tudepth
TEST    hevc-small422chroma
TEST    hevc-pir
TEST    hevc-mv-nuh-layer-id
TEST    hevc-mv-switch
TEST    hevc-mv-position
TEST    hevc-mv-ltr
TEST    hevc-alpha
TEST    hevc-color-reserved
TEST    indeo2-delta
TEST    indeo2-intra
TEST    indeo3-1
TEST    indeo3-2
TEST    indeo4
TEST    indeo5
TEST    matroska-prores-zlib
TEST    matroska-prores-header-insertion-bz2
TEST    matroska-remux
TEST    matroska-xiph-lacing
TEST    matroska-wavpack-missing-codecprivate
TEST    matroska-zlib-decompression
TEST    matroska-lzo-decompression
TEST    matroska-flac-channel-mapping
TEST    matroska-flac-extradata-update
TEST    webm-av1-extradata-update
TEST    matroska-move-cues-to-front
TEST    matroska-avoid-negative-ts
TEST    matroska-ms-mode
TEST    matroska-qt-mode
TEST    matroska-pgs-remux
TEST    matroska-pgs-remux-durations
TEST    matroska-dvbsub-remux
TEST    mp3-float-conf-compl
TEST    mp3-float-conf-he_32khz
TEST    mp3-float-conf-he_44khz
TEST    mp3-float-conf-he_48khz
TEST    mp3-float-conf-hecommon
TEST    mp3-float-conf-si
TEST    mp3-float-conf-si_block
TEST    mp3-float-extra_overread
TEST    mpc7-demux
TEST    mpc8-demux
TEST    musepack7
TEST    musepack8
TEST    mpeg4-resolution-change-down-down
TEST    mpeg4-resolution-change-down-up
TEST    mpeg4-resolution-change-up-down
TEST    mpeg4-resolution-change-up-up
TEST    mpeg4-bsf-unpack-bframes
TEST    mpeg4-packed
TEST    mpeg4-simple-studio-profile
TEST    m4v
TEST    m4v-cfr
TEST    mpeg4-fragmented-seek
TEST    iff-pcm
TEST    pcm_dvd
TEST    pcm-planar
TEST    pcm_s16be-stereo
TEST    pcm_s16le-stereo
TEST    pcm_u8-mono
TEST    pcm_u8-stereo
TEST    w64
TEST    pcm_dvd-24-7.1-48000
TEST    pcm_dvd-16-7.1-48000
TEST    pcm_dvd-16-5.1-96000
TEST    pcm_dvd-24-5.1-48000
TEST    pcm_dvd-16-5.1-48000
TEST    pcm_dvd-24-2-48000
TEST    pcm_dvd-16-2-48000
TEST    pcm_dvd-24-1-48000
TEST    pcm_dvd-16-1-48000
TEST    pcm-bluray-s32-stereo
TEST    vorbis-1
TEST    vorbis-2
TEST    vorbis-3
TEST    vorbis-4
TEST    vorbis-5
TEST    vorbis-6
TEST    vorbis-7
TEST    vorbis-8
TEST    vorbis-9
TEST    vorbis-10
TEST    vorbis-11
TEST    vorbis-12
TEST    vorbis-13
TEST    vorbis-14
TEST    vorbis-15
TEST    vorbis-16
TEST    vorbis-17
TEST    vorbis-18
TEST    vorbis-19
TEST    vorbis-20
TEST    vorbis-encode-1
TEST    theora-coeff-level64
TEST    theora-offset
TEST    vp31
TEST    vp60
TEST    vp61
TEST    vp60-interlace1
TEST    vp60-interlace2
TEST    vp6a
TEST    vp6a-skip_alpha
TEST    vp6f
TEST    vp8-2451
TEST    vp8-test-vector-001
TEST    vp8-test-vector-002
TEST    vp8-test-vector-003
TEST    vp8-test-vector-004
TEST    vp8-test-vector-005
TEST    vp8-test-vector-006
TEST    vp8-test-vector-007
TEST    vp8-test-vector-008
TEST    vp8-test-vector-009
TEST    vp8-test-vector-010
TEST    vp8-test-vector-011
TEST    vp8-test-vector-012
TEST    vp8-test-vector-013
TEST    vp8-test-vector-014
TEST    vp8-test-vector-015
TEST    vp8-test-vector-016
TEST    vp8-test-vector-017
TEST    vp8-sign-bias
TEST    vp8-size-change
TEST    wmapro-2ch
TEST    wmapro-5.1
TEST    wmapro-ism
TEST    wmavoice-7k
TEST    wmavoice-11k
TEST    wmavoice-19k
TEST    wmav1-encode
TEST    wmav2-encode
TEST    xvid-custom-matrix
TEST    xvid-idct
TEST    mpeg4-als-conformance-00
TEST    mpeg4-als-conformance-01
TEST    mpeg4-als-conformance-02
TEST    mpeg4-als-conformance-03
TEST    mpeg4-als-conformance-04
TEST    mpeg4-als-conformance-05
TEST    mpeg4-als-conformance-09
TEST    aac-ct-sbr_i-ps_i.aac
TEST    aac-al04_44
TEST    aac-al04sf_48
TEST    aac-al05_44
TEST    aac-al06_44
TEST    aac-al07_96
TEST    aac-al15_44
TEST    aac-al17_44
TEST    aac-al18_44
TEST    aac-am00_88
TEST    aac-am05_44
TEST    aac-al_sbr_hq_cm_48_2
TEST    aac-al_sbr_hq_cm_48_5.1
TEST    aac-al_sbr_hq_sr_48_2_fsaac48
TEST    aac-al_sbr_ps_04_ur
TEST    aac-al_sbr_ps_06_ur
TEST    aac-ap05_48
TEST    aac-fd_2_c1_ms_0x01
TEST    aac-fd_2_c1_ms_0x04
TEST    aac-er_ad6000np_44_ep0
TEST    aac-er_eld1001np_44_ep0
TEST    aac-er_eld2000np_48_ep0
TEST    aac-er_eld2100np_48_ep0
TEST    aac-usac-fd_1_c1_0x03
TEST    aac-usac-fd_1_c1_0x04
TEST    aac-usac-fd_2_c1_0x03
TEST    aac-usac-fd_2_c1_0x05
TEST    aac-usac-fd_2_c1_tns_0x04
TEST    aac-usac-ln-16
TEST    aac-usac-ln-24
TEST    aac-usac-ln-31
TEST    aac-usac-target-level
TEST    aac-ct-sbr_bc-ps_i.3gp
TEST    aac-ct-sbr_bic-ps_i.3gp
TEST    aac-ct-sbr_bc-ps_bc.mp4
TEST    aac-ct-sbr_bc-ps_i.mp4
TEST    aac-ct-sbr_i-ps_bic.mp4
TEST    aac-ct-sbr_i-ps_i.mp4
TEST    aac-fixed-al04_44
TEST    aac-fixed-al05_44
TEST    aac-fixed-al06_44
TEST    aac-fixed-al15_44
TEST    aac-fixed-al17_44
TEST    aac-fixed-al18_44
TEST    aac-fixed-al_sbr_hq_cm_48_2
TEST    aac-fixed-al_sbr_hq_cm_48_5.1
TEST    aac-fixed-al_sbr_hq_sr_48_2_fsaac48
TEST    aac-fixed-ap05_48
TEST    aac-fixed-er_ad6000np_44_ep0
TEST    aac-fixed-er_eld1001np_44_ep0
TEST    aac-fixed-er_eld2000np_48_ep0
TEST    aac-latm_000000001180bc60
TEST    aac-latm_stereo_to_51
TEST    aac-aref-encode
TEST    aac-ln-encode
TEST    aac-ln-encode-128k
TEST    aac-pns-encode
TEST    aac-tns-encode
TEST    aac-is-encode
TEST    aac-ms-encode
TEST    aac-yoraw-encode
TEST    aac-autobsf-adtstoasc
TEST    alac-16-level-0
TEST    alac-16-level-1
TEST    alac-16-level-2
TEST    alac-16-lpc-orders
TEST    alac-24-level-0
TEST    alac-24-level-1
TEST    alac-24-level-2
TEST    alac-24-lpc-orders
TEST    amrnb-remux
TEST    amrwb-remux
TEST    apng-clock
TEST    apng-osample
TEST    apng-dispose-previous
TEST    apng-dispose-background
TEST    apng-dispose-background2
TEST    atrac1-1
TEST    atrac1-2
TEST    atrac3-1
TEST    atrac3-2
TEST    atrac3-3
TEST    atrac3p-1
TEST    atrac3p-2
TEST    atrac-aea-remux
TEST    atrac-matroska-remux
TEST    binkaudio-dct
TEST    binkaudio-rdft
TEST    aptx
TEST    aptx-hd
TEST    bmv-audio
TEST    delphine-cin-audio
TEST    dolby-e
TEST    dss-lp
TEST    dss-sp
TEST    dsf-dst
TEST    g728
TEST    imc
TEST    msnsiren
TEST    nellymoser
TEST    nellymoser-aref-encode
TEST    on2avc
TEST    paf-audio
TEST    sierra-vmd-audio
TEST    smacker-audio
TEST    ws_snd
TEST    caf-demux
TEST    caf-amr_nb-remux
TEST    caf-qdm2-remux
TEST    caf-pcm_s24le-remux
TEST    caf-pcm_s24-remux
TEST    caf-mace6-remux
TEST    canopus-cllc-argb
TEST    canopus-cllc-rgb
TEST    canopus-cllc-yuy2-noblock
TEST    canopus-hq_hqa-hq
TEST    canopus-hq_hqa-hqa
TEST    canopus-hq_hqa-inter
TEST    canopus-hqx422
TEST    canopus-hqx422a
TEST    cbs-h264-SVA_Base_B
TEST    cbs-h264-BASQP1_Sony_C
TEST    cbs-h264-FM1_BT_B
TEST    cbs-h264-CVFC1_Sony_C
TEST    cbs-h264-AUD_MW_E
TEST    cbs-h264-CVBS3_Sony_C
TEST    cbs-h264-MR1_BT_A
TEST    cbs-h264-CVWP1_TOSHIBA_E
TEST    cbs-h264-CVNLFI1_Sony_C
TEST    cbs-h264-Sharp_MP_PAFF_1r2
TEST    cbs-h264-CVMANL1_TOSHIBA_B
TEST    cbs-h264-sp1_bt_a
TEST    cbs-h264-CVSE2_Sony_B
TEST    cbs-h264-CABACI3_Sony_B
TEST    cbs-h264-sei-1
TEST    cbs-h264-discard-nonref
TEST    cbs-h264-discard-bidir
TEST    cbs-h264-discard-nonintra
TEST    cbs-h264-discard-nonkey
TEST    dca-core_51_24_48_768_0
TEST    dca-core_51_24_48_768_1
TEST    dca-x96_51_24_96_1509
TEST    dca-x96_xch_61_24_96_3840
TEST    dca-x96_xxch_71_24_96_3840
TEST    dca-xbr_51_24_48_3840
TEST    dca-xbr_xch_61_24_48_3840
TEST    dca-xbr_xxch_71_24_48_3840
TEST    dca-xch_61_24_48_768
TEST    dca-xxch_71_24_48_2046
TEST    dca-core_51_24_48_768_1-dmix_2
TEST    dca-core_51_24_48_768_1-dmix_2_matrix
TEST    dca-x96_xxch_71_24_96_3840-dmix_2
TEST    dca-x96_xxch_71_24_96_3840-dmix_6
TEST    dca-xch_61_24_48_768-dmix_6
TEST    dca-core
TEST    dca-xll
TEST    dca-xll-coded
TEST    dts_es
TEST    dca-core-bsf
TEST    avio-direct
TEST    adts-demux
TEST    adts-id3v1-demux
TEST    adts-id3v2-demux
TEST    adts-id3v2-two-tags-demux
TEST    aa-demux
TEST    aea-demux
TEST    av1-annexb-demux
TEST    ast
TEST    bink-demux
TEST    bfstm
TEST    bcstm
TEST    brstm
TEST    cdxl-demux
TEST    cine-demux
TEST    d-cinema-demux
TEST    d-eavp6-demux
GEN	tests/data/fits-multi.fits
TEST    fits-demux
TEST    gif-demux
TEST    hxvs-demux
TEST    iff-demux
TEST    iv8-demux
TEST    jv-demux
TEST    lmlm4-demux
TEST    maxis-xa
TEST    mkv
TEST    mkv-1242
TEST    mlv-demux
TEST    mov-mp3-demux
TEST    mtv
TEST    mxf-demux
TEST    nc-demux
TEST    nistsphere-demux
TEST    nsv-demux
TEST    oggtheora-demux
TEST    oggvp8-demux
TEST    paf-demux
TEST    pmp-demux
TEST    rsd-demux
TEST    redspark-demux
TEST    psx-str-demux
TEST    pva-demux
TEST    qcp-demux
TEST    rawvideo-rgb-demux
TEST    rawvideo-yuv-demux
TEST    redcode-demux
TEST    s337m-demux
TEST    siff-demux
TEST    smjpeg-demux
TEST    wav-ac3
TEST    westwood-aud
TEST    wtv-demux
TEST    xmv-demux
TEST    xwma-demux
TEST    jxs-concat-demux
TEST    dnxhr-parse
TEST    dnxhr-prefix1
TEST    dnxhr-prefix2
TEST    dnxhr-prefix3
TEST    dnxhr-prefix4
TEST    dnxhr-prefix5
TEST    dnxhd-mbaff
TEST    dnxhr-444
TEST    dnxhr-12bit
TEST    bsf-dv-error-marker
TEST    ea-cdata
TEST    ea-cmv
TEST    ea-mad
TEST    ea-tgq
TEST    ea-tgv-1
TEST    ea-tgv-2
TEST    ea-tqi
TEST    fifo-muxer-h264
TEST    fifo-muxer-wav
TEST    filter-bwdif-mode0
TEST    filter-bwdif-mode1
TEST    filter-bwdif10
TEST    filter-feedback-yadif
TEST    filter-yadif-mode0
TEST    filter-yadif-mode1
TEST    filter-yadif10
TEST    filter-yadif16
TEST    filter-w3fdif-simple
TEST    filter-w3fdif-complex
TEST    filter-codecview-mvs
TEST    filter-showpalette
TEST    filter-palettegen-1
TEST    filter-palettegen-2
TEST    filter-paletteuse-nodither
TEST    filter-paletteuse-bayer
TEST    filter-paletteuse-bayer0
TEST    filter-paletteuse-sierra2_4a
COPY	tests/data/filtergraphs/overlay-dvdsub-2397
TEST    filter-overlay-dvdsub-2397
TEST    filter-overlay_yuv420_yuva420
TEST    filter-overlay_yuv422_yuva422
TEST    filter-overlay_yuv444_yuva444
TEST    filter-overlay_gbrp_gbrap
TEST    filter-overlay_yuva420_yuva420
TEST    filter-overlay_yuva422_yuva422
TEST    filter-overlay_yuva444_yuva444
TEST    filter-overlay_gbrap_gbrap
TEST    filter-overlay_rgb_rgba
TEST    filter-overlay_rgba_rgba
TEST    filter-ep2x
TEST    filter-ep3x
TEST    filter-hq2x
TEST    filter-hq3x
TEST    filter-hq4x
TEST    filter-2xbr
TEST    filter-3xbr
TEST    filter-4xbr
TEST    filter-curves
COPY	tests/data/filtergraphs/gradfun
TEST    filter-gradfun-sample
TEST    filter-fps-cfr
TEST    filter-fps
COPY	tests/data/maps/fsync-up
TEST    filter-fsync-up
COPY	tests/data/maps/fsync-down
TEST    filter-fsync-down
TEST    filter-meta-4560-rotate0
TEST    fitsdec-ext_data_min_max
TEST    fitsdec-blank_bitpix32
TEST    fitsdec-bitpix-32
TEST    fitsdec-bitpix-64
TEST    fitsdec-multi
TEST    fitsdec-gray
TEST    fitsdec-gbrp
TEST    fitsdec-gbrp16be
TEST    fitsdec-gbrap16be
TEST    fitsenc-gray
TEST    fitsenc-gray16be
TEST    fitsenc-gbrp
TEST    fitsenc-gbrap
TEST    fitsenc-gbrp16be
TEST    fitsenc-gbrap16be
TEST    enhanced-flv-hevc
TEST    enhanced-flv-vvc
TEST    enhanced-flv-vp9
TEST    enhanced-flv-av1
TEST    gif-color
TEST    gif-disposal-background
TEST    gif-disposal-restore
TEST    gif-gray
TEST    gif-deal
TEST    gifenc-rgb8
TEST    gifenc-bgr8
TEST    gifenc-rgb4_byte
TEST    gifenc-bgr4_byte
TEST    gifenc-gray
TEST    gifenc-pal8
TEST    hap1
TEST    hap5
TEST    hapy
TEST    hap-chunk
TEST    hapqa-nosnappy-127x71
TEST    hapqa-snappy1-127x71
TEST    hapqa-snappy16-127x71
TEST    hap-alpha-only-nosnappy-128x72
TEST    hap-alpha-only-snappy-127x71
TEST    hapqa-extract-snappy1-to-hapq
TEST    hapqa-extract-snappy16-to-hapq
TEST    hapqa-extract-snappy1-to-hapalphaonly
TEST    hapqa-extract-snappy16-to-hapalphaonly
GEN	tests/data/live_no_endlist.m3u8
TEST    hls-live-no-endlist
GEN	tests/data/event_no_endlist.m3u8
TEST    hls-event-no-endlist
GEN	tests/data/live_last_endlist.m3u8
TEST    hls-live-last-endlist
GEN	tests/data/live_endlist.m3u8
TEST    hls-live-endlist
GEN	tests/data/hls_segment_size.m3u8
TEST    hls-segment-size
GEN	tests/data/hls_segment_single.m3u8
TEST    hls-segment-single
GEN	tests/data/hls_init_time.m3u8
TEST    hls-init-time
GEN	tests/data/hls_list_size.m3u8
TEST    hls-list-size
GEN	tests/data/hls_fmp4.m3u8
TEST    hls-fmp4
TEST    id3v2-invalid-tags
TEST    id3v2-keep-metadata-invalid-type
TEST    id3v2-keep-metadata-invalid-stream-spec
CC	libavformat/tests/id3v2.o
LD	libavformat/tests/id3v2
TEST    id3v2-comm
TEST    id3v2-lang-xxx
TEST    id3v2-lang-xxx-remux
TEST    id3v2-lang-und
TEST    id3v2-lyrics
TEST    id3v2-txxx
TEST    id3v2-comm-descriptor
TEST    id3v2-comm-dashed-descriptor
TEST    id3v2-comm-descriptor-no-lang
TEST    id3v2-comm-lang-as-descriptor
TEST    id3v2-comm-foo-lang-as-descriptor
TEST    id3v2-comm-raw-key
TEST    id3v2-comm-raw-key-suffix
TEST    id3v2-comm-invalid-lang
TEST    id3v2-comm-long-descriptor
TEST    id3v2-comm-multi-invalid-lang
TEST    id3v2-comm-sort
TEST    id3v2-comm-sort-
TEST    id3v2-comm-sort-eng
TEST    aliaspix-bgr
TEST    aliaspix-gray
TEST    brenderpix-defpal
TEST    brenderpix-intpal
TEST    brenderpix-24
TEST    brenderpix-565
TEST    brenderpix-y400a
TEST    dds-alpha8
TEST    dds-argb
TEST    dds-argb-aexp
TEST    dds-dx10-bc1
TEST    dds-dx10-bc1a
TEST    dds-dx10-bc2
TEST    dds-dx10-bc3
TEST    dds-dx10-bc4
TEST    dds-dx10-bc5
TEST    dds-dxt1
TEST    dds-dxt1a
TEST    dds-dxt1-normalmap
TEST    dds-dxt2
TEST    dds-dxt3
TEST    dds-dxt4
TEST    dds-dxt5
TEST    dds-dxt5-aexp
TEST    dds-dxt5-normalmap
TEST    dds-dxt5-normalmap-ati
TEST    dds-dxt5-rbxg
TEST    dds-dxt5-rgxb
TEST    dds-dxt5-rxbg
TEST    dds-dxt5-rxgb
TEST    dds-dxt5-xgbr
TEST    dds-dxt5-xgxr
TEST    dds-dxt5-xrbg
TEST    dds-dxt5-ycocg
TEST    dds-dxt5-ycocg-scaled
TEST    dds-monob
TEST    dds-pal
TEST    dds-pal-ati
TEST    dds-rgb1555
TEST    dds-rgb16
TEST    dds-rgb24
TEST    dds-rgb555
TEST    dds-rgba
TEST    dds-rgtc1s
TEST    dds-rgtc1u
TEST    dds-rgtc2s
TEST    dds-rgtc2u
TEST    dds-rgtc2u-xy
TEST    dds-uyvy
TEST    dds-xbgr
TEST    dds-xrgb
TEST    dds-y
TEST    dds-ya
TEST    dds-ycocg
TEST    dds-yuyv
TEST    exr-slice-raw
TEST    exr-slice-rle
TEST    exr-slice-zip1
TEST    exr-slice-zip16
TEST    exr-slice-pxr24
TEST    exr-rgb-scanline-pxr24-float-12x8
TEST    exr-rgba-multiscanline-half-b44
TEST    exr-rgb-scanline-float-b44
TEST    exr-rgb-scanline-half-b44-12x8
TEST    exr-rgb-scanline-half-b44-13x9
TEST    exr-rgb-tile-float-raw-12x8
TEST    exr-rgb-tile-float-raw-150x130
TEST    exr-rgb-tile-half-raw-12x8
TEST    exr-rgba-scanline-float-half-b44-13x9-l1
TEST    exr-rgba-scanline-float-half-b44-13x9-l2
TEST    exr-rgba-scanline-float-half-b44-12x8-l1
TEST    exr-rgba-scanline-float-half-b44-12x8-l2
TEST    exr-rgba-scanline-float-half-b44a-12x8-l1
TEST    exr-rgba-scanline-float-half-b44a-12x8-l2
TEST    exr-rgba-scanline-float-half-b44a-13x9-l1
TEST    exr-rgba-scanline-float-half-b44a-13x9-l2
TEST    exr-rgb-tile-pxr24-float-half-l1
TEST    exr-rgb-tile-pxr24-float-half-l2
TEST    exr-rgb-tile-pxr24-half-float-l1
TEST    exr-rgb-tile-pxr24-half-float-l2
TEST    exr-rgb-tile-half-float-b44-12x8-l1
TEST    exr-rgb-tile-half-float-b44-12x8-l2
TEST    exr-rgb-tile-zip-half-float-l1
TEST    exr-rgb-tile-zip-half-float-l2
TEST    exr-rgb-tile-zip1-half-float-l1
TEST    exr-rgb-tile-zip1-half-float-l2
TEST    exr-rgb-tile-rle-half-float-l1
TEST    exr-rgb-tile-rle-half-float-l2
TEST    exr-rgb-tile-raw-half-float-l1
TEST    exr-rgb-tile-raw-half-float-l2
TEST    exr-rgb-scanline-b44-half-float-12x8-l1
TEST    exr-rgb-scanline-b44-half-float-12x8-l2
TEST    exr-rgb-scanline-pxr24-half-float-l1
TEST    exr-rgb-scanline-pxr24-half-float-l2
TEST    exr-rgb-scanline-pxr24-float-half-l1
TEST    exr-rgb-scanline-pxr24-float-half-l2
TEST    exr-rgb-scanline-pxr24-half-uint32-13x9
TEST    exr-rgb-scanline-zip-half-float-l1
TEST    exr-rgb-scanline-zip-half-float-l2
TEST    exr-rgb-scanline-zip1-half-float-l1
TEST    exr-rgb-scanline-zip1-half-float-l2
TEST    exr-rgb-scanline-rle-half-float-l1
TEST    exr-rgb-scanline-rle-half-float-l2
TEST    exr-rgb-scanline-raw-half-float-l1
TEST    exr-rgb-scanline-raw-half-float-l2
TEST    exr-rgb-scanline-b44-uint32
TEST    exr-rgb-scanline-pxr24-uint32
TEST    exr-rgb-scanline-zip1-half-float-l1-zero-offsets
TEST    exr-rgb-scanline-half-piz-bw
TEST    exr-rgb-scanline-half-piz-color
TEST    exr-rgb-scanline-half-piz-dw-t01
TEST    exr-rgb-scanline-float-piz-48x32
TEST    exr-rgb-scanline-none-negative-red
TEST    exr-rgb-b44a-half-negative-4x4
TEST    exr-y-tile-zip-half-12x8
TEST    exr-y-scanline-zip-half-12x8
TEST    exr-rgb-scanline-half-piz-dw-t08
TEST    exr-rgba-zip16-16x32-flag4
TEST    exr-ya-scanline-zip-half-12x8
TEST    exr-rgb-tile-half-zip
TEST    exr-rgb-scanline-float-zip-dw-large
TEST    exr-rgb-scanline-half-piz-dw-large
TEST    exr-rgb-scanline-half-zip-dw-large
TEST    exr-rgb-scanline-uint32-piz-dw-large
TEST    exr-rgb-tile-half-piz-dw-large
TEST    exr-rgb-tile-uint32-piz-dw-large
TEST    exr-rgb-scanline-half-zip-dw-outside
TEST    exr-rgb-tile-half-zip-dw-outside
TEST    exr-rgb-scanline-zip-half-0x0-0xFFFF
TEST    jpg-12bpp
TEST    jpg-jfif
TEST    jpg-rgb-baseline
TEST    jpg-rgb-progressive
TEST    jpg-rgb-221
TEST    jpg-rgb-1
TEST    jpg-rgb-2
TEST    jpg-rgb-3
TEST    jpg-rgb-4
TEST    jpg-rgb-5
TEST    jpegls-2bpc
TEST    jpegls-3bpc
TEST    jpegls-5bpc
TEST    jpegls-7bpc
TEST    jpegls-ilv0-rst
TEST    jpegls-ilv1-rst
TEST    png-gray8
TEST    png-gray16
TEST    png-rgb24
TEST    png-rgb48
TEST    png-rgba
TEST    png-rgba64
TEST    png-ya8
TEST    png-ya16
TEST    png-int-rgb24
TEST    psd-gray8
TEST    psd-gray16
TEST    psd-rgb24
TEST    psd-rgb48
TEST    psd-rgba
TEST    psd-rgbxx
TEST    psd-rgba64
TEST    psd-ya8
TEST    psd-ya16
TEST    psd-lena-127x127-rgb24
TEST    psd-lena-rgb-rle-127x127-16b
TEST    psd-lena-rgb-rle-127x127-8b
TEST    psd-lena-rgba-rle-128x128-8b
TEST    psd-lena-256c
TEST    psd-lena-bitmap
TEST    psd-duo-tone-color
TEST    sgi-gray8
TEST    sgi-gray8-rle
TEST    sgi-gray16
TEST    sgi-gray16-rle
TEST    sgi-rgb24
TEST    sgi-rgb24-rle
TEST    sgi-rgb48
TEST    sgi-rgb48-rle
TEST    sgi-rgba
TEST    sgi-rgba-rle
TEST    sgi-rgba64
TEST    sgi-rgba64-rle
TEST    sunraster-1bit-raw
TEST    sunraster-1bit-rle
TEST    sunraster-8bit-raw
TEST    sunraster-8bit-rle
TEST    sunraster-24bit-raw
TEST    sunraster-24bit-rle
TEST    sunraster-8bit_gray-raw
TEST    targa-conformance-CBW8
TEST    targa-conformance-CCM8
TEST    targa-conformance-CTC16
TEST    targa-conformance-CTC24
TEST    targa-conformance-CTC32
TEST    targa-conformance-UBW8
TEST    targa-conformance-UCM8
TEST    targa-conformance-UTC16
TEST    targa-conformance-UTC24
TEST    targa-conformance-UTC32
TEST    targa-top-to-bottom
TEST    tiff-zip-rgbf32le
TEST    tiff-zip-rgbaf32le
TEST    tiff-fax-g3
TEST    tiff-fax-g3s
TEST    tiff-uncompressed-rgbf32le
TEST    tiff-uncompressed-rgbaf32le
TEST    tiff-lzw-rgbf32le
TEST    tiff-lzw-rgbaf32le
TEST    webp-rgb-lena-lossless-rgb24
TEST    webp-rgb-lossless
TEST    webp-rgb-lena-lossless
TEST    webp-rgba-lossless
TEST    webp-rgb-lossless-palette-predictor
TEST    webp-rgb-lossy-q80
TEST    webp-rgba-lossy-q80
TEST    webp-anim
TEST    webp-chfmt1
TEST    webp-chfmt2
TEST    xbm10
TEST    xbm11
TEST    bmpparser
TEST    dpx
TEST    dpxparser
TEST    pict
TEST    pictor
TEST    pngparser
TEST    ptx
TEST    xface
TEST    lossless-alac
TEST    lossless-meridianaudio
TEST    ralf
TEST    lossless-shorten
TEST    lossless-rka
TEST    lossless-osq
TEST    lossless-tak
TEST    lossless-tta
TEST    lossless-tta-encrypted
TEST    lossless-wma
TEST    lossless-wma24-1
TEST    lossless-wma24-2
TEST    lossless-wma24-rawtile
TEST    lagarith-rgb32
TEST    lagarith-rgb24
TEST    lagarith-yuy2
TEST    lagarith-yv12
TEST    lagarith-red
TEST    lagarith-ticket4119
TEST    lagarith-ticket4119-cfr
TEST    lagarith-ticket4119-vfr
TEST    lagarith-ticket4119-pass
TEST    loco-rgb
TEST    loco-yuy2
TEST    msrle-8bit
TEST    mszh
TEST    vble
TEST    zerocodec
TEST    zlib
TEST    mss2-rgb555
TEST    mss2-rgb555s
TEST    mss2-pal
TEST    mss2-pals
TEST    mss2-wmv
TEST    mss2-region
TEST    mts2-xesc
TEST    msvideo1-8bit
TEST    msvideo1-16bit
TEST    wmv3-drm-dec
TEST    wmv3-drm-nodec
TEST    vc1_sa00040
TEST    vc1_sa00050
TEST    vc1_sa10091
TEST    vc1_sa10143
TEST    vc1_sa20021
TEST    vc1_ilaced_twomv
TEST    vc1test_smm0005
TEST    vc1test_smm0015
TEST    vc1-ism
TEST    msmpeg4v1
TEST    mss1-pal
TEST    mts2
TEST    wmv8-x8intra
TEST    asf-repldata
TEST    lossless-monkeysaudio-380-normal
TEST    lossless-monkeysaudio-380-extrahigh
TEST    lossless-monkeysaudio-388-normal
TEST    lossless-monkeysaudio-388-extrahigh
TEST    lossless-monkeysaudio-389b1-normal
TEST    lossless-monkeysaudio-389b1-extrahigh
TEST    lossless-monkeysaudio-391b1-normal
TEST    lossless-monkeysaudio-391b1-extrahigh
TEST    lossless-monkeysaudio-392b2-normal
TEST    lossless-monkeysaudio-392b2-extrahigh
TEST    lossless-monkeysaudio-394b1-normal
TEST    lossless-monkeysaudio-394b1-extrahigh
TEST    lossless-monkeysaudio-399
TEST    lossless-monkeysaudio-legacy
TEST    mov-3elist
TEST    mov-3elist-1ctts
TEST    mov-1elist-1ctts
TEST    mov-1elist-noctts
TEST    mov-elist-starts-ctts-2ndsample
TEST    mov-1elist-ends-last-bframe
TEST    mov-2elist-elist1-ends-bframe
TEST    mov-3elist-encrypted
TEST    mov-frag-encrypted
TEST    mov-tenc-only-encrypted
TEST    mov-3elist-encrypted-kid
TEST    mov-frag-encrypted-kid
TEST    mov-tenc-only-encrypted-kid
TEST    mov-frag-overlap
TEST    mov-neg-firstpts-discard-frames
TEST    mov-stream-shorter-than-movie
TEST    mov-invalid-elst-entry-count
TEST    mov-ibi-elst-starts-b
TEST    mov-elst-ends-betn-b-and-i
TEST    mov-gpmf-remux
TEST    mov-pcm-remux
TEST    mov-440hz-10ms
TEST    mov-bbi-elst-starts-b
TEST    mov-avif-demux-still-image-1-item
TEST    mov-avif-demux-still-image-multiple-items
TEST    mov-heic-demux-still-image-1-item
TEST    mov-heic-demux-still-image-multiple-items
TEST    mov-mp4-multiple-stsd-muxing
TEST    mov-mp4-edst-remainder
TEST    mpegps-remuxed-pcm-demux
TEST    mxf-missing-index-demux
TEST    mxf-essencegroup-demux
TEST    mxf-multiple-components-demux
TEST    mxf-metadata-source-ref1
TEST    mxf-metadata-source-ref2
TEST    mxf-reel_name
TEST    mxf-user-comments
TEST    mxf-opatom-user-comments
TEST    ogg-vorbis-copy-chained-meta
TEST    ogg-flac-copy-chained-meta
TEST    ogg-opus-copy-chained-meta
TEST    oma-demux
TEST    oma-atrac3-remux
TEST    opus-testvector01
TEST    opus-testvector11
TEST    opus-tron.6ch.tinypkts
TEST    opus-testvector05
TEST    opus-testvector06
TEST    opus-testvector02
TEST    opus-testvector03
TEST    opus-testvector04
TEST    opus-silk-lbrr
TEST    opus-testvector07
TEST    opus-testvector08
TEST    opus-testvector09
TEST    opus-testvector10
TEST    opus-testvector12
TEST    pixlet-rgb
TEST    qoa-152
TEST    qoa-278
TEST    qoa-303
TEST    8bps
TEST    qdm2
TEST    qt-alaw-mono
TEST    qt-alaw-stereo
TEST    qt-ima4-mono
TEST    qt-ima4-stereo
TEST    qt-mac3-mono
TEST    qt-mac3-stereo
TEST    qt-mac6-mono
TEST    qt-mac6-stereo
TEST    qt-ulaw-mono
TEST    qt-ulaw-stereo
TEST    quickdraw
TEST    rpza
TEST    svq1
TEST    svq1-headerswap
TEST    svq3-1
TEST    svq3-watermark
TEST    qtrle-1bit
TEST    qtrle-24bit
TEST    qtrle-2bit
TEST    qtrle-4bit
TEST    qtrle-8bit
TEST    qtrle-16bit
TEST    qtrle-32bit
TEST    ra3-144
TEST    ra-144
TEST    ra-288
TEST    ra-cook
TEST    sipr-5k0
TEST    sipr-6k5
TEST    sipr-8k5
TEST    sipr-16k
TEST    rv20-1239
TEST    rv30
TEST    rv40
TEST    fmvc-type1
TEST    fmvc-type2
TEST    fraps-v3
TEST    fraps-v0
TEST    fraps-v1
TEST    fraps-v2
TEST    fraps-v4
TEST    fraps-v5
TEST    rscc-8bit
TEST    iscc
TEST    rscc-16bit
TEST    rscc-24bit
TEST    rscc-32bit
TEST    screenpresso-16bit
TEST    screenpresso-24bit
TEST    screenpresso-32bit
TEST    tscc-15bit
TEST    tscc-32bit
TEST    tscc2-avi
TEST    tscc2-mov
TEST    vmnc-16bit
TEST    vmnc-32bit
TEST    zmbv-8bit
TEST    zmbv-15bit
TEST    zmbv-16bit
TEST    zmbv-32bit
TEST    cscd
TEST    dxtory
TEST    fic-avi
TEST    fic-avi-skip_cursor
TEST    g2m2
TEST    g2m3
TEST    g2m4
TEST    tdsc
TEST    segafilm-adx-remux
TEST    segafilm-s8-remux
TEST    segafilm-cinepak-mux
TEST    segafilm-rawvideo-mux
GEN	tests/data/mp4-to-ts.m3u8
TEST    segment-mp4-to-ts
GEN	tests/data/adts-to-mkv.m3u8
TEST    segment-adts-to-mkv
GEN	tests/data/adts-to-mkv-header.mkv
GEN	tests/data/adts-to-mkv-cated-000.mkv
TEST    segment-adts-to-mkv-header-000
GEN	tests/data/adts-to-mkv-cated-001.mkv
TEST    segment-adts-to-mkv-header-001
GEN	tests/data/adts-to-mkv-cated-002.mkv
TEST    segment-adts-to-mkv-header-002
GEN	tests/data/adts-to-mkv-cated-all.mkv
TEST    segment-adts-to-mkv-header-all
TEST    spdif-dca-core-bswap
TEST    spdif-dca-master
TEST    spdif-dca-master-core
TEST    spdif-eac3
TEST    spdif-mlp
TEST    spdif-truehd
TEST    spdif-aac-remux
TEST    spdif-ac3-remux
TEST    spdif-dca-core-remux
TEST    spdif-dca-master-core-remux
TEST    spdif-eac3-remux
TEST    spdif-mp2-remux
TEST    spdif-mp3-remux
TEST    binsub-mksenc
TEST    sub-jacosub-remux
TEST    sub-lrc-remux
TEST    sub-lrc-ms-remux
TEST    sub-lrc-ms-ms-remux
TEST    sub-microdvd-remux
TEST    binsub-movtextenc
TEST    sub-pgs-remux
TEST    sub-srt-rrn-remux
TEST    sub-srt-madness-timeshift
TEST    sub-srt-empty-events
TEST    sub-subripenc
TEST    sub-webvttenc
TEST    sub-textenc
TEST    sub-scc
TEST    sub-scc-remux
TEST    sub-rcwt
TEST    sub-mcc
TEST    sub-mcc-remux-eia608-bsf
TEST    sub-mcc-remux-eia608
TEST    sub-mcc-remux-eia608-recode
TEST    sub-mcc-remux
TEST    sub-dvb
TEST    sub-ttmlenc
TEST    sub-aqtitle
TEST    sub-cc
TEST    sub-cc-realtime
TEST    sub-cc-scte20
TEST    sub-ass-to-ass-transcode
TEST    sub-ssa-to-ass-remux
TEST    sub-jacosub
TEST    sub-microdvd
TEST    sub-movtext
TEST    sub-mpl2
TEST    sub-mpsub
TEST    sub-mpsub-frames
TEST    sub-pjs
TEST    sub-realtext
TEST    sub-sami
TEST    sub-sami2
TEST    sub-srt
TEST    sub-srt-badsyntax
TEST    sub-stl
TEST    sub-subviewer1
TEST    sub-subviewer
TEST    sub-vplayer
TEST    sub-webvtt
TEST    sub-webvtt2
TEST    sub-charenc
TEST    truehd-5.1
TEST    truehd-5.1-downmix-2.0
TEST    truehd-core-bsf
TEST    truehd-mono1726
TEST    utvideo_rgb_left
TEST    utvideo_rgb_median
TEST    utvideo_rgba_left
TEST    utvideo_rgba_median
TEST    utvideo_rgb_int_median
TEST    utvideo_rgba_gradient
TEST    utvideo_rgb_int_gradient
TEST    utvideo_rgba_single_symbol
TEST    utvideo_yuv420_left
TEST    utvideo_yuv420_median
TEST    utvideo_yuv420_int_median
TEST    utvideo_yuv420_gradient
TEST    utvideo_yuv420_int_gradient
TEST    utvideo_yuv422_left
TEST    utvideo_yuv422_median
TEST    utvideo_yuv422_int_median
TEST    utvideo_yuv422_gradient
TEST    utvideo_yuv422_int_gradient
TEST    utvideo_yuv444_709_median
TEST    utvideo_yuv444_709_int_median
TEST    utvideo_yuv444_709_gradient
TEST    utvideo_yuv444_709_int_gradient
TEST    vbn-dxt1
TEST    vbn-dxt5
TEST    vbn-raw-rgba
TEST    vbn-raw-rgb24
TEST    4xm-1
TEST    4xm-2
TEST    cfhd-1
TEST    cfhd-2
TEST    cfhd-3
TEST    cvid-palette
TEST    cvid-partial
TEST    cvid-grayscale
TEST    dxa-feeble
TEST    dxa-scummvm
TEST    flic-af11-palette-change
TEST    flic-af12
TEST    flic-magiccarpet
TEST    txd-pal8
TEST    txd-16bpp
TEST    txd-odd
TEST    012v
TEST    aasc
TEST    aic
TEST    aic-oddsize
TEST    alg-mm
TEST    amv
TEST    ansi
TEST    ansi256
TEST    armovie-escape124
TEST    armovie-escape130
TEST    auravision-v1
TEST    auravision-v2
TEST    avid-interlaced
TEST    avid-meridian
TEST    bethsoft-vid
TEST    bfi
TEST    bink-video-b
TEST    bink-video-f
TEST    bink-video-i
TEST    bmv-video
TEST    cavs
TEST    cdgraphics
TEST    cljr
TEST    corepng
TEST    rgbapng-4816
TEST    creatureshock-avs
TEST    cyberia-c93
TEST    cyuv
TEST    delphine-cin-video
TEST    deluxepaint-anm
TEST    dirac
TEST    dirac-low-delay
TEST    dxv-dxt1
TEST    dxv-dxt5
TEST    dxv3-dxt1
TEST    dxv3-dxt5
TEST    dxv3-ycg6
TEST    dxv3-yg10
TEST    dxv3enc-dxt1
TEST    film-cvid
TEST    frwu
TEST    id-cin-video
TEST    idroq-video-encode
TEST    iff-byterun1
TEST    iff-fibonacci
TEST    iff-ilbm
TEST    interplay-mve-8bit
TEST    interplay-mve-16bit
TEST    jpeg2000-dcinema
TEST    jv
TEST    kgv1
TEST    kmvc
TEST    lead-yuv420p
TEST    lead-yuv420p-half
TEST    lead-yuv420p-zero
TEST    lead-yuv444p
TEST    lscr
TEST    magicyuv-y4444i
TEST    magicyuv-y400i
TEST    magicyuv-y420
TEST    magicyuv-y422i
TEST    magicyuv-y444
TEST    magicyuv-rgba
TEST    magicyuv-rgb
TEST    mdec
TEST    mdec-v3
TEST    media100
TEST    mimic
TEST    mjpegb
TEST    mjpeg-ticket3229
TEST    motionpixels
TEST    mpeg2-field-enc
TEST    mpeg2-ticket186
TEST    mpeg2-ticket6677
TEST    mv-mvc1
TEST    mv-mvc2
TEST    mv-sgirle
TEST    mxpeg
TEST    nuv-rtjpeg
TEST    nuv-rtjpeg-fh
TEST    paf-video
TEST    qpeg
TEST    r210
TEST    rl2
TEST    roqvideo
TEST    sanm
TEST    sierra-vmd-video
TEST    smacker-video
TEST    smc
TEST    sp5x
TEST    thp
TEST    tiertex-seq
TEST    tmv
TEST    ulti
TEST    v210
TEST    v410dec
TEST    v410enc
TEST    vb
TEST    vcr1
TEST    vcr2
TEST    videoxl
TEST    vqa-cc
TEST    wc3movie-xan
TEST    wnv1
TEST    yop
TEST    xxan-wc4
TEST    smvjpeg
TEST    vqc
TEST    rv60-512x512
TEST    rv60-72x72
TEST    cng-encode
TEST    cng-enc-md5
TEST    g722dec-1
TEST    g722-encode
TEST    g723_1-dec-1
TEST    g723_1-dec-2
TEST    g723_1-dec-3
TEST    g723_1-dec-4
TEST    g723_1-dec-5
TEST    g723_1-dec-6
TEST    g723_1-dec-7
TEST    g723_1-dec-8
TEST    g726-encode-2bit
TEST    g726-encode-3bit
TEST    g726-encode-4bit
TEST    g726-encode-5bit
TEST    g726le-encode
TEST    gsm-ms
TEST    gsm-toast
TEST    qcelp
TEST    truespeech
TEST    vp9-00-quantizer-00
TEST    vp9-00-quantizer-01
TEST    vp9-00-quantizer-02
TEST    vp9-00-quantizer-03
TEST    vp9-00-quantizer-04
TEST    vp9-00-quantizer-05
TEST    vp9-00-quantizer-06
TEST    vp9-00-quantizer-07
TEST    vp9-00-quantizer-08
TEST    vp9-00-quantizer-09
TEST    vp9-00-quantizer-10
TEST    vp9-00-quantizer-11
TEST    vp9-00-quantizer-12
TEST    vp9-00-quantizer-13
TEST    vp9-00-quantizer-14
TEST    vp9-00-quantizer-15
TEST    vp9-00-quantizer-16
TEST    vp9-00-quantizer-17
TEST    vp9-00-quantizer-18
TEST    vp9-00-quantizer-19
TEST    vp9-00-quantizer-20
TEST    vp9-00-quantizer-21
TEST    vp9-00-quantizer-22
TEST    vp9-00-quantizer-23
TEST    vp9-00-quantizer-24
TEST    vp9-00-quantizer-25
TEST    vp9-00-quantizer-26
TEST    vp9-00-quantizer-27
TEST    vp9-00-quantizer-28
TEST    vp9-00-quantizer-29
TEST    vp9-00-quantizer-30
TEST    vp9-00-quantizer-31
TEST    vp9-00-quantizer-32
TEST    vp9-00-quantizer-33
TEST    vp9-00-quantizer-34
TEST    vp9-00-quantizer-35
TEST    vp9-00-quantizer-36
TEST    vp9-00-quantizer-37
TEST    vp9-00-quantizer-38
TEST    vp9-00-quantizer-39
TEST    vp9-00-quantizer-40
TEST    vp9-00-quantizer-41
TEST    vp9-00-quantizer-42
TEST    vp9-00-quantizer-43
TEST    vp9-00-quantizer-44
TEST    vp9-00-quantizer-45
TEST    vp9-00-quantizer-46
TEST    vp9-00-quantizer-47
TEST    vp9-00-quantizer-48
TEST    vp9-00-quantizer-49
TEST    vp9-00-quantizer-50
TEST    vp9-00-quantizer-51
TEST    vp9-00-quantizer-52
TEST    vp9-00-quantizer-53
TEST    vp9-00-quantizer-54
TEST    vp9-00-quantizer-55
TEST    vp9-00-quantizer-56
TEST    vp9-00-quantizer-57
TEST    vp9-00-quantizer-58
TEST    vp9-00-quantizer-59
TEST    vp9-00-quantizer-60
TEST    vp9-00-quantizer-61
TEST    vp9-00-quantizer-62
TEST    vp9-00-quantizer-63
TEST    vp9-01-sharpness-1
TEST    vp9-01-sharpness-2
TEST    vp9-01-sharpness-3
TEST    vp9-01-sharpness-4
TEST    vp9-01-sharpness-5
TEST    vp9-01-sharpness-6
TEST    vp9-01-sharpness-7
TEST    vp9-02-size-08x08
TEST    vp9-02-size-08x10
TEST    vp9-02-size-08x16
TEST    vp9-02-size-08x18
TEST    vp9-02-size-08x32
TEST    vp9-02-size-08x34
TEST    vp9-02-size-08x64
TEST    vp9-02-size-08x66
TEST    vp9-02-size-10x08
TEST    vp9-02-size-10x10
TEST    vp9-02-size-10x16
TEST    vp9-02-size-10x18
TEST    vp9-02-size-10x32
TEST    vp9-02-size-10x34
TEST    vp9-02-size-10x64
TEST    vp9-02-size-10x66
TEST    vp9-02-size-16x08
TEST    vp9-02-size-16x10
TEST    vp9-02-size-16x16
TEST    vp9-02-size-16x18
TEST    vp9-02-size-16x32
TEST    vp9-02-size-16x34
TEST    vp9-02-size-16x64
TEST    vp9-02-size-16x66
TEST    vp9-02-size-18x08
TEST    vp9-02-size-18x10
TEST    vp9-02-size-18x16
TEST    vp9-02-size-18x18
TEST    vp9-02-size-18x32
TEST    vp9-02-size-18x34
TEST    vp9-02-size-18x64
TEST    vp9-02-size-18x66
TEST    vp9-02-size-32x08
TEST    vp9-02-size-32x10
TEST    vp9-02-size-32x16
TEST    vp9-02-size-32x18
TEST    vp9-02-size-32x32
TEST    vp9-02-size-32x34
TEST    vp9-02-size-32x64
TEST    vp9-02-size-32x66
TEST    vp9-02-size-34x08
TEST    vp9-02-size-34x10
TEST    vp9-02-size-34x16
TEST    vp9-02-size-34x18
TEST    vp9-02-size-34x32
TEST    vp9-02-size-34x34
TEST    vp9-02-size-34x64
TEST    vp9-02-size-34x66
TEST    vp9-02-size-64x08
TEST    vp9-02-size-64x10
TEST    vp9-02-size-64x16
TEST    vp9-02-size-64x18
TEST    vp9-02-size-64x32
TEST    vp9-02-size-64x34
TEST    vp9-02-size-64x64
TEST    vp9-02-size-64x66
TEST    vp9-02-size-66x08
TEST    vp9-02-size-66x10
TEST    vp9-02-size-66x16
TEST    vp9-02-size-66x18
TEST    vp9-02-size-66x32
TEST    vp9-02-size-66x34
TEST    vp9-02-size-66x64
TEST    vp9-02-size-66x66
TEST    vp9-03-size-196x196
TEST    vp9-03-size-196x198
TEST    vp9-03-size-196x200
TEST    vp9-03-size-196x202
TEST    vp9-03-size-196x208
TEST    vp9-03-size-196x210
TEST    vp9-03-size-196x224
TEST    vp9-03-size-196x226
TEST    vp9-03-size-198x196
TEST    vp9-03-size-198x198
TEST    vp9-03-size-198x200
TEST    vp9-03-size-198x202
TEST    vp9-03-size-198x208
TEST    vp9-03-size-198x210
TEST    vp9-03-size-198x224
TEST    vp9-03-size-198x226
TEST    vp9-03-size-200x196
TEST    vp9-03-size-200x198
TEST    vp9-03-size-200x200
TEST    vp9-03-size-200x202
TEST    vp9-03-size-200x208
TEST    vp9-03-size-200x210
TEST    vp9-03-size-200x224
TEST    vp9-03-size-200x226
TEST    vp9-03-size-202x196
TEST    vp9-03-size-202x198
TEST    vp9-03-size-202x200
TEST    vp9-03-size-202x202
TEST    vp9-03-size-202x208
TEST    vp9-03-size-202x210
TEST    vp9-03-size-202x224
TEST    vp9-03-size-202x226
TEST    vp9-03-size-208x196
TEST    vp9-03-size-208x198
TEST    vp9-03-size-208x200
TEST    vp9-03-size-208x202
TEST    vp9-03-size-208x208
TEST    vp9-03-size-208x210
TEST    vp9-03-size-208x224
TEST    vp9-03-size-208x226
TEST    vp9-03-size-210x196
TEST    vp9-03-size-210x198
TEST    vp9-03-size-210x200
TEST    vp9-03-size-210x202
TEST    vp9-03-size-210x208
TEST    vp9-03-size-210x210
TEST    vp9-03-size-210x224
TEST    vp9-03-size-210x226
TEST    vp9-03-size-224x196
TEST    vp9-03-size-224x198
TEST    vp9-03-size-224x200
TEST    vp9-03-size-224x202
TEST    vp9-03-size-224x208
TEST    vp9-03-size-224x210
TEST    vp9-03-size-224x224
TEST    vp9-03-size-224x226
TEST    vp9-03-size-226x196
TEST    vp9-03-size-226x198
TEST    vp9-03-size-226x200
TEST    vp9-03-size-226x202
TEST    vp9-03-size-226x208
TEST    vp9-03-size-226x210
TEST    vp9-03-size-226x224
TEST    vp9-03-size-226x226
TEST    vp9-03-deltaq
TEST    vp9p1-04-yuv422
TEST    vp9p1-04-yuv440
TEST    vp9p1-04-yuv444
TEST    vp9p2-20-10bit-yuv420
TEST    vp9p2-20-12bit-yuv420
TEST    vp9p3-20-10bit-yuv422
TEST    vp9p3-20-10bit-yuv440
TEST    vp9p3-20-10bit-yuv444
TEST    vp9p3-20-12bit-yuv422
TEST    vp9p3-20-12bit-yuv440
TEST    vp9p3-20-12bit-yuv444
TEST    vp9-06-bilinear
TEST    vp9-09-lf_deltas
TEST    vp9-10-show-existing-frame
TEST    vp9-10-show-existing-frame2
TEST    vp9-15-segkey_adpq
TEST    vp9-16-intra-only
TEST    vp9-2pass-akiyo
TEST    vp9-parallelmode-akiyo
TEST    vp9-segmentation-aq-akiyo
TEST    vp9-segmentation-sf-akiyo
TEST    vp9-tiling-pedestrian
TEST    vp9-trac3849
TEST    vp9-trac4359
TEST    vp9-05-resize
TEST    vp9-superframe-bsf
TEST    vp9-encparams
TEST    twinvq
TEST    vqf-demux
TEST    vvc-conformance-CodingToolsSets_A_2
TEST    vvc-output-ref
TEST    vvc-conformance-APSALF_A_2
TEST    vvc-conformance-APSLMCS_D_1
TEST    vvc-conformance-APSMULT_A_4
TEST    vvc-conformance-AUD_A_3
TEST    vvc-conformance-BUMP_A_2
TEST    vvc-conformance-DCI_A_3
TEST    vvc-conformance-HRD_A_3
TEST    vvc-conformance-IBC_B_Tencent_2
TEST    vvc-conformance-PHSH_B_1
TEST    vvc-conformance-POC_A_1
TEST    vvc-conformance-PPS_B_1
TEST    vvc-conformance-RAP_A_1
TEST    vvc-conformance-RPR_A_4
TEST    vvc-conformance-SAO_A_3
TEST    vvc-conformance-SCALING_A_1
TEST    vvc-conformance-SLICES_A_3
TEST    vvc-conformance-SPS_B_1
TEST    vvc-conformance-STILL_B_1
TEST    vvc-conformance-SUBPIC_A_3
TEST    vvc-conformance-SUBPIC_C_ERICSSON_1
TEST    vvc-conformance-TILE_A_2
TEST    vvc-conformance-WP_A_3
TEST    vvc-conformance-WPP_A_3
TEST    vvc-conformance-WRAP_A_4
TEST    vvc-conformance-FIELD_A_4
TEST    vvc-conformance-10b422_L_5
TEST    vvc-conformance-CROP_B_4
TEST    vvc-conformance-ACT_A_3
TEST    vvc-frames-with-ltr
TEST    vvc-wpp-single-slice-pic
TEST    wavpack-matroskamode
TEST    wavpack-matroska_mux-mono
TEST    wavpack-matroska_mux-61
TEST    wavpack-lossless-8bit
TEST    wavpack-lossy-8bit
TEST    wavpack-lossless-12bit
TEST    wavpack-lossless-16bit
TEST    wavpack-lossy-16bit
TEST    wavpack-channels-monoint
TEST    wavpack-channels-4.0
TEST    wavpack-channels-5.1
TEST    wavpack-channels-6.1
TEST    wavpack-channels-7.1
TEST    wavpack-speed-default
TEST    wavpack-speed-fast
TEST    wavpack-speed-high
TEST    wavpack-speed-vhigh
TEST    wavpack-clipping
TEST    wavpack-cuesheet
TEST    wavpack-falsestereo
TEST    wavpack-zerolsbs
TEST    wavpack-lossless-24bit
TEST    wavpack-lossy-24bit
TEST    wavpack-lossless-32bit
TEST    wavpack-lossy-32bit
TEST    wavpack-lossless-float
TEST    wavpack-lossless-dsd
TEST    wavpack-lossy-float
TEST    wavpack-channels-monofloat
TEST    webm-dash-manifest
TEST    webm-dash-manifest-unaligned-video-streams
TEST    webm-dash-manifest-unaligned-audio-streams
TEST    webm-dash-manifest-representations
TEST    webm-dash-manifest-live
TEST    webm-dash-manifest-live-bandwidth
TEST    amrnb-4k75
TEST    amrnb-5k15
TEST    amrnb-5k9
TEST    amrnb-6k7
TEST    amrnb-7k4
TEST    amrnb-7k95
TEST    amrnb-10k2
TEST    amrnb-12k2
TEST    amrwb-6k60
TEST    amrwb-8k85
TEST    amrwb-12k65
TEST    amrwb-14k25
TEST    amrwb-15k85
TEST    amrwb-18k25
TEST    amrwb-19k85
TEST    amrwb-23k05
TEST    amrwb-23k85
TEST    amrwb-23k85-2
TEST    apv-422-10
TEST    apv-400-10
TEST    ffmpeg-attached_pics
COPY	tests/data/filtergraphs/colorkey
TEST    ffmpeg-filter_colorkey
TEST    force_key_frames-source
TEST    force_key_frames-source-drop
TEST    force_key_frames-source-dup
TEST    force_key_frames-scd_metadata
TEST    sub2video
TEST    sub2video_basic
TEST    sub2video_time_limited
TEST    shortest-sub
TEST    ffmpeg-fix_sub_duration
TEST    ffmpeg-fix_sub_duration_heartbeat
TEST    ffmpeg-streamloop-transcode-av
TEST    copy-trac3074
TEST    copy-trac236
TEST    copy-trac4914
TEST    copy-trac4914-avi
TEST    copy-trac2211-avi
TEST    copy-apng
TEST    limited_input_seek
TEST    limited_input_seek-copyts
TEST    copy-psp
TEST    ffmpeg-streamloop-copy
GEN	tests/data/audio_shorter_than_video.nut
TEST    copy-shortest1
TEST    copy-shortest2
TEST    rgb24-mkv
TEST    adtstoasc_ticket3715
TEST    h264_mp4toannexb_ticket2991
TEST    ffmpeg-bsf-remove-k
TEST    ffmpeg-bsf-remove-r
TEST    ffmpeg-bsf-remove-e
TEST    ffmpeg-setts-bsf
TEST    time_base
TEST    ffmpeg-input-r
TEST    ffmpeg-error-rate-fail
TEST    ffmpeg-error-rate-pass
TEST    ffmpeg-bsf-input
TEST    ffmpeg-spec-disposition
TEST    ffmpeg-heif-merge
TEST    ffmpeg-heif-merge-mapped
TEST    ffmpeg-heif-merge-filtergraph
TEST    jpeg2000dec-p0_01
TEST    jpeg2000dec-p0_02
TEST    jpeg2000dec-p0_03
TEST    jpeg2000dec-p0_04
TEST    jpeg2000dec-p0_05
TEST    jpeg2000dec-p0_09
TEST    jpeg2000dec-p0_10
TEST    jpeg2000dec-p0_11
TEST    jpeg2000dec-p0_12
TEST    jpeg2000dec-p0_14
TEST    jpeg2000dec-p0_15
TEST    jpeg2000dec-p0_16
TEST    jpeg2000dec-ds0_ht_01_b11
TEST    jpeg2000dec-p0_07
TEST    jpeg2000dec-p0_08
TEST    jxl-anim-demux-newton
TEST    jxl-anim-demux-icos4d
TEST    jxl-anim-demux-belgium
TEST    jxl-anim-demux-lenna256
TEST    jxl-small-ext-box
TEST    jxl-multiframe-permuted-toc
TEST    prores-422
TEST    prores-422_hq
TEST    prores-422_lt
TEST    prores-422_proxy
TEST    prores-alpha
TEST    prores-alpha_skip
TEST    prores-transparency
TEST    prores-transparency_skip
TEST    prores-gray
TEST    prores-metadata
TEST    speedhq-422
TEST    speedhq-422-singlefield
TEST    truemotion1-15
TEST    truemotion1-24
TEST    truemotion2
TEST    truemotion2rt-low
TEST    truemotion2rt-mid
TEST    truemotion2rt-high
TEST    vp4
TEST    vp5
TEST    vp7
TEST    wav-chapters
TEST    flcl1905
TEST    cavs-demux
TEST    flv-demux
TEST    ts-opus-demux
TEST    ts-small-demux
TEST    oggopus-demux
TEST    ts-demux
TEST    ts-timed-id3-demux
TEST    ts-timed-id3-hls-demux
TEST    exif-image-tiff
TEST    exif-image-jpg
TEST    exif-image-webp
TEST    exif-image-embedded
TEST    filter-metadata-scenedetect
TEST    filter-metadata-scdet
TEST    filter-metadata-signalstats-yuv420p
TEST    filter-metadata-signalstats-yuv420p10
TEST    filter-metadata-silencedetect
TEST    filter-metadata-ebur128
TEST    filter-metadata-readvitc-def
TEST    filter-metadata-readvitc-thr
TEST    filter-metadata-avf-aphase-meter-mono
TEST    filter-metadata-avf-aphase-meter-out-of-phase
TEST    gapless-mp3-side-data
TEST    gaplessinfo-itunes1
TEST    gaplessinfo-itunes2
TEST    h264-dts_5frames
TEST    h264-afd
TEST    hevc-paired-fields
TEST    hevc-monochrome-crop
TEST    hevc-afd-tc-sei
TEST    hevc-hdr10-plus-metadata
TEST    hevc-hdr-vivid-metadata
TEST    hevc-dv-rpu
TEST    id3v2-priv
TEST    id3v2-wma-comm
TEST    id3v2-wma-comm-asf_o
TEST    png-frame-metadata
TEST    png-side-data
TEST    dpx-probe
TEST    matroska-spherical-mono
TEST    matroska-dovi-hvce-mkv-read
TEST    matroska-side-data-pref-codec
TEST    matroska-side-data-pref-packet
TEST    mov-neg-firstpts-discard
TEST    mov-neg-firstpts-discard-vorbis
TEST    mov-aac-2048-priming
TEST    mov-zombie
TEST    mov-init-nonkeyframe
TEST    mov-displaymatrix
TEST    mov-read-amve
TEST    mov-spherical-mono
TEST    mov-guess-delay-1
TEST    mov-guess-delay-2
TEST    mov-guess-delay-3
TEST    mov-mp4-with-mov-in24-ver
TEST    mov-mime-codecstring
TEST    mov-t35-cdsc-track
TEST    mov-mp4-extended-atom
TEST    mov-dovi-hvce-mp4-read
TEST    mpegts-probe-latm
TEST    mpegts-probe-program
TEST    mpegts-probe-pmt-merge
TEST    mxf-probe-d10
TEST    mxf-probe-dnxhd
TEST    mxf-probe-j2k
TEST    mxf-probe-dv25
TEST    mxf-probe-applehdr10
TEST    ogg-vorbis-initial-padding-chained
TEST    ogg-vorbis-ts-offset
TEST    ogg-vorbis-ts-seek
TEST    ogg-vorbis-bear
TEST    probe-format-roundup997
TEST    probe-format-roundup1383
TEST    probe-format-roundup1414
TEST    probe-format-roundup2015
TEST    probe-format-codec-trac11581
TEST    probe-format-codec-dts-in-wav
TEST    probe-format-mp3-with-art
TEST    probe-format-mpegts-png-prefix
TEST    probe-format-tiff-not-mpegts
TEST    vorbis-1833-chapters
TEST    wavpack-cuesheet-tags
TEST    lavf-fate-apv.mp4
TEST    lavf-fate-av1.mp4
TEST    lavf-fate-av1.mkv
TEST    lavf-fate-evc.mp4
TEST    lavf-fate-h264.mp4
TEST    lavf-fate-hevc.mp4
TEST    lavf-fate-mv_hevc.mov
TEST    lavf-fate-vvc.mkv
TEST    lavf-fate-vvc.mp4
TEST    lavf-fate-vp3.ogg
TEST    lavf-fate-vp8.ogg
TEST    lavf-fate-adts
TEST    lavf-fate-latm
TEST    lavf-fate-mp3
TEST    lavf-fate-qtrle_mace6.mov
TEST    lavf-fate-cram.avi
TEST    lavf-fate-hevc.flv
TEST    caf-alac-remux
TEST    cover-art-aiff-id3v2-remux
TEST    cover-art-mp3-id3v2-remux
TEST    cover-art-flac-remux
TEST    cover-art-mp3-jxl-remux
TEST    dca-xll_51_16_192_768_0
TEST    dca-xll_51_16_192_768_0-dmix_2
TEST    dca-xll_51_16_192_768_0-dmix_6
TEST    dca-xll_51_16_192_768_1
TEST    dca-xll_51_16_192_768_1-dmix_2
TEST    dca-xll_51_16_192_768_1-dmix_6
TEST    dca-xll_51_24_48_768
TEST    dca-xll_51_24_48_768-dmix_2
TEST    dca-xll_51_24_48_768-dmix_6
TEST    dca-xll_51_24_48_none
TEST    dca-xll_51_24_48_none-dmix_2
TEST    dca-xll_51_24_48_none-dmix_6
TEST    dca-xll_71_24_48_768_0
TEST    dca-xll_71_24_48_768_0-dmix_2
TEST    dca-xll_71_24_48_768_0-dmix_6
TEST    dca-xll_71_24_48_768_1
TEST    dca-xll_71_24_48_768_1-dmix_2
TEST    dca-xll_71_24_48_768_1-dmix_6
TEST    dca-xll_71_24_96_768
TEST    dca-xll_71_24_96_768-dmix_2
TEST    dca-xll_71_24_96_768-dmix_6
TEST    dca-xll_x96_51_24_96_1509
TEST    dca-xll_x96_51_24_96_1509-dmix_2
TEST    dca-xll_x96_51_24_96_1509-dmix_6
TEST    dca-xll_xch_61_24_48_768
TEST    dca-xll_xch_61_24_48_768-dmix_2
TEST    dca-xll_xch_61_24_48_768-dmix_6
TEST    dca-xll_51_24_48_768-dmix_2_matrix
TEST    enhanced-flv-hevc-hdr10
TEST    enhanced-flv-multitrack
TEST    gaplessenc-itunes-to-ipod-aac
TEST    gaplessenc-pcm-to-mov-aac
GEN	tests/data/generic-tags.mp3
TEST    generic-tags-remux-mp3
TEST    generic-tags-remux-vorbiscomment
TEST    generic-tags-remux-asf
TEST    generic-tags-remux-riff
TEST    generic-tags-remux-mov
GEN	tests/data/hapq_nosnappy.mov
TEST    hapqa-extract-nosnappy-to-hapq-mov
GEN	tests/data/hapalphaonly_nosnappy.mov
TEST    hapqa-extract-nosnappy-to-hapalphaonly-mov
GEN	tests/data/hls_fmp4_ac3.m3u8
TEST    hls-fmp4_ac3
GEN	tests/data/hls_cmfa.m3u8
TEST    hls-cmfa
TEST    iamf-stereo-demux
TEST    iamf-5_1-demux
TEST    iamf-5_1-copy
TEST    iamf-ambisonic_1-projection-demux
TEST    iamf-ambisonic_1-projection-copy
TEST    id3v2-priv-remux
TEST    id3v2-reenc-delete-metadata
TEST    id3v2-reenc-delete-metadata-keep
TEST    id3v2-reenc-delete-metadata-map-metadata
TEST    id3v2-reenc-delete-metadata-keep-format
TEST    id3v2-reenc-delete-metadata-keep-stream
TEST    id3v2-reenc-remux-keep
TEST    id3v2-chapters
TEST    id3v2-utf16-bom
TEST    jpg-icc
TEST    jpg-exif-autorotate
TEST    jpg-exif-rotation-override
TEST    jpg-exif-noautorotate
TEST    png-icc
TEST    png-mdcv
TEST    matroska-alac-remux
TEST    webm-dash-chapters
TEST    matroska-zero-length-block
TEST    matroska-non-rotation-displaymatrix
TEST    matroska-crop
TEST    matroska-dovi-write-config7
TEST    matroska-dovi-write-config8
TEST    matroska-dovi-hvce-mp4-to-mkv
TEST    matroska-dovi-hvce-mkv-to-mkv
TEST    matroska-spherical-mono-remux
TEST    matroska-mastering-display-metadata
TEST    matroska-h264-remux
TEST    matroska-vp8-alpha-remux
TEST    matroska-mpegts-remux
TEST    matroska-opus-remux
TEST    matroska-ogg-opus-remux
TEST    matroska-encoding-delay
TEST    matroska-stereo_mode
TEST    webm-webvtt-remux
TEST    webm-hdr10-plus-remux
TEST    matroska-hdr10-plus-remux
TEST    matroska-reenc-delete-metadata
TEST    matroska-reenc-delete-metadata-keep
TEST    matroska-reenc-delete-audio-metadata
TEST    matroska-reenc-delete-metadata-keep-stream-video
TEST    matroska-reenc-delete-metadata-keep-stream-video-suffix
TEST    matroska-reenc-delete-metadata-keep-prefix-nomatch
TEST    matroska-reenc-delete-metadata-keep-stream-video1
TEST    matroska-reenc-delete-metadata-spec-scope
TEST    matroska-reenc-delete-metadata-filter-output
TEST    matroska-reenc-chapter-nofilter
TEST    mov-mp4-chapters
TEST    mov-cover-image
TEST    mov-mp4-ttml-stpp
TEST    mov-mp4-ttml-dfxp
TEST    mov-mp4-fragmented-ttml-stpp
TEST    mov-mp4-fragmented-ttml-dfxp
TEST    mov-heic-demux-clap-irot-imir
TEST    mov-heic-demux-still-image-multiple-thumb
TEST    mov-heic-demux-still-image-grid
TEST    mov-heic-demux-still-image-iovl
TEST    mov-heic-demux-still-image-iovl-2
TEST    mov-mp4-disposition-mpegts-remux
TEST    mov-write-amve
TEST    mov-dovi-hvce-mp4-to-mp4
TEST    mov-dovi-hvce-mkv-to-mp4
TEST    mpegts-lcevc-h264-single-track
TEST    mpegts-lcevc-hevc-single-track
TEST    mpegts-lcevc-vvc-single-track
TEST    mpegts-lcevc-h264-dual-track
TEST    mpegts-lcevc-hevc-dual-track
TEST    mpegts-lcevc-vvc-dual-track
TEST    mxf-remux-applehdr10
TEST    mxf-d10-user-comments
TEST    oma-atrac3p-remux
TEST    autorotate
TEST    prores-probe
CC	tools/qt-faststart.o
LD	tools/qt-faststart
TEST    mov-faststart-4gb-overflow
