[1/2494] Building CXX object CMakeFiles/ade.dir/3rdparty/ade/ade-0.1.2e/sources/ade/source/assert.cpp.o
[2/2494] Building CXX object CMakeFiles/ade.dir/3rdparty/ade/ade-0.1.2e/sources/ade/source/alloc.cpp.o
[3/2494] Building CXX object CMakeFiles/ade.dir/3rdparty/ade/ade-0.1.2e/sources/ade/source/edge.cpp.o
[4/2494] Building CXX object CMakeFiles/ade.dir/3rdparty/ade/ade-0.1.2e/sources/ade/source/memory_descriptor.cpp.o
[5/2494] Building CXX object CMakeFiles/ade.dir/3rdparty/ade/ade-0.1.2e/sources/ade/source/check_cycles.cpp.o
[6/2494] Building CXX object CMakeFiles/ade.dir/3rdparty/ade/ade-0.1.2e/sources/ade/source/memory_accessor.cpp.o
[7/2494] Building CXX object CMakeFiles/ade.dir/3rdparty/ade/ade-0.1.2e/sources/ade/source/memory_descriptor_ref.cpp.o
[8/2494] Building CXX object CMakeFiles/ade.dir/3rdparty/ade/ade-0.1.2e/sources/ade/source/memory_descriptor_view.cpp.o
[9/2494] Building CXX object CMakeFiles/ade.dir/3rdparty/ade/ade-0.1.2e/sources/ade/source/graph.cpp.o
[10/2494] Building CXX object CMakeFiles/ade.dir/3rdparty/ade/ade-0.1.2e/sources/ade/source/metadata.cpp.o
[11/2494] Building CXX object CMakeFiles/ade.dir/3rdparty/ade/ade-0.1.2e/sources/ade/source/execution_engine.cpp.o
[12/2494] Building C object 3rdparty/libjpeg-turbo/CMakeFiles/jpeg12-static.dir/src/jcapistd.c.o
[13/2494] Building CXX object CMakeFiles/ade.dir/3rdparty/ade/ade-0.1.2e/sources/ade/source/metatypes.cpp.o
[14/2494] Building C object 3rdparty/libjpeg-turbo/CMakeFiles/jpeg12-static.dir/src/jcdiffct.c.o
[15/2494] Building CXX object CMakeFiles/ade.dir/3rdparty/ade/ade-0.1.2e/sources/ade/source/node.cpp.o
[16/2494] Building C object 3rdparty/libjpeg-turbo/CMakeFiles/jpeg12-static.dir/src/jcmainct.c.o
[17/2494] Building C object 3rdparty/libjpeg-turbo/CMakeFiles/jpeg12-static.dir/src/jclossls.c.o
[18/2494] Building C object 3rdparty/libjpeg-turbo/CMakeFiles/jpeg12-static.dir/src/jcprepct.c.o
[19/2494] Building C object 3rdparty/libjpeg-turbo/CMakeFiles/jpeg12-static.dir/src/jdapistd.c.o
[20/2494] Building CXX object CMakeFiles/ade.dir/3rdparty/ade/ade-0.1.2e/sources/ade/source/search.cpp.o
[21/2494] Building C object 3rdparty/libjpeg-turbo/CMakeFiles/jpeg12-static.dir/src/jcsample.c.o
[22/2494] Building C object 3rdparty/libjpeg-turbo/CMakeFiles/jpeg12-static.dir/src/jddiffct.c.o
[23/2494] Building C object 3rdparty/libjpeg-turbo/CMakeFiles/jpeg12-static.dir/src/jccolor.c.o
[24/2494] Building C object 3rdparty/libjpeg-turbo/CMakeFiles/jpeg12-static.dir/src/jdlossls.c.o
[25/2494] Building C object 3rdparty/libjpeg-turbo/CMakeFiles/jpeg12-static.dir/src/jdmainct.c.o
[26/2494] Building C object 3rdparty/libjpeg-turbo/CMakeFiles/jpeg12-static.dir/src/jdpostct.c.o
[27/2494] Building C object 3rdparty/libjpeg-turbo/CMakeFiles/jpeg12-static.dir/src/jutils.c.o
[28/2494] Building CXX object CMakeFiles/ade.dir/3rdparty/ade/ade-0.1.2e/sources/ade/source/topological_sort.cpp.o
[29/2494] Building C object 3rdparty/libjpeg-turbo/CMakeFiles/jpeg12-static.dir/src/jccoefct.c.o
[30/2494] Building C object 3rdparty/libjpeg-turbo/CMakeFiles/jpeg12-static.dir/src/jdsample.c.o
[31/2494] Building C object 3rdparty/libjpeg-turbo/CMakeFiles/jpeg12-static.dir/src/jdcolor.c.o
[32/2494] Building C object 3rdparty/libjpeg-turbo/CMakeFiles/jpeg12-static.dir/src/jcdctmgr.c.o
[33/2494] Building C object 3rdparty/libjpeg-turbo/CMakeFiles/jpeg12-static.dir/src/jddctmgr.c.o
[34/2494] Building C object 3rdparty/libjpeg-turbo/CMakeFiles/jpeg12-static.dir/src/jfdctfst.c.o
[35/2494] Building C object 3rdparty/libjpeg-turbo/CMakeFiles/jpeg12-static.dir/src/jfdctint.c.o
[36/2494] Building C object 3rdparty/libjpeg-turbo/CMakeFiles/jpeg12-static.dir/src/jidctflt.c.o
[37/2494] Building C object 3rdparty/libjpeg-turbo/CMakeFiles/jpeg12-static.dir/src/jdcoefct.c.o
[38/2494] Building C object 3rdparty/libjpeg-turbo/CMakeFiles/jpeg12-static.dir/src/jidctfst.c.o
[39/2494] Building C object 3rdparty/libjpeg-turbo/CMakeFiles/jpeg12-static.dir/src/jidctred.c.o
[40/2494] Building C object 3rdparty/libjpeg-turbo/CMakeFiles/jpeg16-static.dir/src/jcapistd.c.o
[41/2494] Building C object 3rdparty/libjpeg-turbo/CMakeFiles/jpeg12-static.dir/src/jdmerge.c.o
[42/2494] Building C object 3rdparty/libjpeg-turbo/CMakeFiles/jpeg12-static.dir/src/jquant1.c.o
[43/2494] Building C object 3rdparty/libjpeg-turbo/CMakeFiles/jpeg16-static.dir/src/jcdiffct.c.o
[44/2494] Building CXX object CMakeFiles/ade.dir/3rdparty/ade/ade-0.1.2e/sources/ade/source/subgraphs.cpp.o
[45/2494] Building C object 3rdparty/libjpeg-turbo/CMakeFiles/jpeg12-static.dir/src/jquant2.c.o
[46/2494] Building C object 3rdparty/libjpeg-turbo/CMakeFiles/jpeg16-static.dir/src/jcmainct.c.o
[47/2494] Building C object 3rdparty/libjpeg-turbo/CMakeFiles/jpeg16-static.dir/src/jclossls.c.o
[48/2494] Building C object 3rdparty/libjpeg-turbo/CMakeFiles/jpeg16-static.dir/src/jccolor.c.o
[49/2494] Building C object 3rdparty/libjpeg-turbo/CMakeFiles/jpeg16-static.dir/src/jcprepct.c.o
[50/2494] Building C object 3rdparty/libjpeg-turbo/CMakeFiles/jpeg16-static.dir/src/jdapistd.c.o
[51/2494] Building C object 3rdparty/libjpeg-turbo/CMakeFiles/jpeg12-static.dir/src/jidctint.c.o
[52/2494] Building C object 3rdparty/libjpeg-turbo/CMakeFiles/jpeg16-static.dir/src/jddiffct.c.o
[53/2494] Building C object 3rdparty/libjpeg-turbo/CMakeFiles/jpeg16-static.dir/src/jcsample.c.o
[54/2494] Building C object 3rdparty/libjpeg-turbo/CMakeFiles/jpeg16-static.dir/src/jdpostct.c.o
[55/2494] Building C object 3rdparty/libjpeg-turbo/CMakeFiles/jpeg16-static.dir/src/jdlossls.c.o
[56/2494] Building C object 3rdparty/libjpeg-turbo/CMakeFiles/jpeg16-static.dir/src/jdmainct.c.o
[57/2494] Building C object 3rdparty/libjpeg-turbo/CMakeFiles/jpeg16-static.dir/src/jutils.c.o
[58/2494] Building C object 3rdparty/libjpeg-turbo/CMakeFiles/libjpeg-turbo.dir/src/jcapistd.c.o
[59/2494] Building C object 3rdparty/libjpeg-turbo/CMakeFiles/jpeg16-static.dir/src/jdsample.c.o
[60/2494] Building C object 3rdparty/libjpeg-turbo/CMakeFiles/libjpeg-turbo.dir/src/jcdiffct.c.o
[61/2494] Building C object 3rdparty/libjpeg-turbo/CMakeFiles/libjpeg-turbo.dir/src/jcmainct.c.o
[62/2494] Building C object 3rdparty/libjpeg-turbo/CMakeFiles/libjpeg-turbo.dir/src/jclossls.c.o
[63/2494] Building C object 3rdparty/libjpeg-turbo/CMakeFiles/jpeg16-static.dir/src/jdcolor.c.o
[64/2494] Building C object 3rdparty/libjpeg-turbo/CMakeFiles/libjpeg-turbo.dir/src/jcprepct.c.o
[65/2494] Building CXX object CMakeFiles/ade.dir/3rdparty/ade/ade-0.1.2e/sources/ade/source/passes/communications.cpp.o
[66/2494] Building C object 3rdparty/libjpeg-turbo/CMakeFiles/libjpeg-turbo.dir/src/jdapistd.c.o
[67/2494] Building C object 3rdparty/libjpeg-turbo/CMakeFiles/libjpeg-turbo.dir/src/jddiffct.c.o
[68/2494] Building C object 3rdparty/libjpeg-turbo/CMakeFiles/libjpeg-turbo.dir/src/jccolor.c.o
[69/2494] Building C object 3rdparty/libjpeg-turbo/CMakeFiles/libjpeg-turbo.dir/src/jcsample.c.o
[70/2494] Building C object 3rdparty/libjpeg-turbo/CMakeFiles/libjpeg-turbo.dir/src/jdlossls.c.o
[71/2494] Linking CXX static library 3rdparty/lib/libade.a
[72/2494] Building C object 3rdparty/libjpeg-turbo/CMakeFiles/libjpeg-turbo.dir/src/jdmainct.c.o
[73/2494] Building C object 3rdparty/libjpeg-turbo/CMakeFiles/libjpeg-turbo.dir/src/jutils.c.o
[74/2494] Building C object 3rdparty/libjpeg-turbo/CMakeFiles/libjpeg-turbo.dir/src/jdpostct.c.o
[75/2494] Building C object 3rdparty/libjpeg-turbo/CMakeFiles/libjpeg-turbo.dir/src/jddctmgr.c.o
[76/2494] Building C object 3rdparty/libjpeg-turbo/CMakeFiles/libjpeg-turbo.dir/src/jdsample.c.o
[77/2494] Building C object 3rdparty/libjpeg-turbo/CMakeFiles/libjpeg-turbo.dir/src/jccoefct.c.o
[78/2494] Building C object 3rdparty/libjpeg-turbo/CMakeFiles/libjpeg-turbo.dir/src/jfdctfst.c.o
[79/2494] Building C object 3rdparty/libjpeg-turbo/CMakeFiles/libjpeg-turbo.dir/src/jcdctmgr.c.o
[80/2494] Building C object 3rdparty/libjpeg-turbo/CMakeFiles/libjpeg-turbo.dir/src/jfdctint.c.o
[81/2494] Building C object 3rdparty/libjpeg-turbo/CMakeFiles/libjpeg-turbo.dir/src/jidctflt.c.o
[82/2494] Building C object 3rdparty/libjpeg-turbo/CMakeFiles/libjpeg-turbo.dir/src/jidctfst.c.o
[83/2494] Building C object 3rdparty/libjpeg-turbo/CMakeFiles/libjpeg-turbo.dir/src/jdcoefct.c.o
[84/2494] Building C object 3rdparty/libjpeg-turbo/CMakeFiles/libjpeg-turbo.dir/src/jidctred.c.o
[85/2494] Building C object 3rdparty/libjpeg-turbo/CMakeFiles/libjpeg-turbo.dir/src/jdcolor.c.o
[86/2494] Building C object 3rdparty/libjpeg-turbo/CMakeFiles/libjpeg-turbo.dir/src/jdmerge.c.o
[87/2494] Building C object 3rdparty/libjpeg-turbo/CMakeFiles/libjpeg-turbo.dir/src/jcapimin.c.o
[88/2494] Building C object 3rdparty/libjpeg-turbo/CMakeFiles/libjpeg-turbo.dir/src/jcicc.c.o
[89/2494] Building C object 3rdparty/libjpeg-turbo/CMakeFiles/libjpeg-turbo.dir/src/jcinit.c.o
[90/2494] Building C object 3rdparty/libjpeg-turbo/CMakeFiles/libjpeg-turbo.dir/src/jquant1.c.o
[91/2494] Building C object 3rdparty/libjpeg-turbo/CMakeFiles/libjpeg-turbo.dir/src/jcomapi.c.o
[92/2494] Building C object 3rdparty/libjpeg-turbo/CMakeFiles/libjpeg-turbo.dir/src/jclhuff.c.o
[93/2494] Building C object 3rdparty/libjpeg-turbo/CMakeFiles/libjpeg-turbo.dir/src/jquant2.c.o
[94/2494] Building C object 3rdparty/libjpeg-turbo/CMakeFiles/libjpeg-turbo.dir/src/jcmaster.c.o
[95/2494] Building C object 3rdparty/libjpeg-turbo/CMakeFiles/libjpeg-turbo.dir/src/jidctint.c.o
[96/2494] Building C object 3rdparty/libjpeg-turbo/CMakeFiles/libjpeg-turbo.dir/src/jcmarker.c.o
[97/2494] Building C object 3rdparty/libjpeg-turbo/CMakeFiles/libjpeg-turbo.dir/src/jcparam.c.o
[98/2494] Building C object 3rdparty/libjpeg-turbo/CMakeFiles/libjpeg-turbo.dir/src/jdapimin.c.o
[99/2494] Building C object 3rdparty/libjpeg-turbo/CMakeFiles/libjpeg-turbo.dir/src/jctrans.c.o
[100/2494] Building C object 3rdparty/libjpeg-turbo/CMakeFiles/libjpeg-turbo.dir/src/jdatasrc.c.o
[101/2494] Building C object 3rdparty/libjpeg-turbo/CMakeFiles/libjpeg-turbo.dir/src/jdatadst.c.o
[102/2494] Building C object 3rdparty/libjpeg-turbo/CMakeFiles/libjpeg-turbo.dir/src/jcphuff.c.o
[103/2494] Building C object 3rdparty/libjpeg-turbo/CMakeFiles/libjpeg-turbo.dir/src/jdicc.c.o
[104/2494] Building C object 3rdparty/libwebp/CMakeFiles/libwebp.dir/src/dsp/lossless_mips_dsp_r2.c.o
[105/2494] Building C object 3rdparty/libjpeg-turbo/CMakeFiles/libjpeg-turbo.dir/src/jdinput.c.o
[106/2494] Building C object 3rdparty/libjpeg-turbo/CMakeFiles/libjpeg-turbo.dir/src/jdlhuff.c.o
[107/2494] Building C object 3rdparty/libjpeg-turbo/CMakeFiles/libjpeg-turbo.dir/src/jdtrans.c.o
[108/2494] Building C object 3rdparty/libjpeg-turbo/CMakeFiles/libjpeg-turbo.dir/src/jdmaster.c.o
[109/2494] Building C object 3rdparty/libjpeg-turbo/CMakeFiles/libjpeg-turbo.dir/src/jerror.c.o
[110/2494] Building C object 3rdparty/libjpeg-turbo/CMakeFiles/libjpeg-turbo.dir/src/jfdctflt.c.o
[111/2494] Building C object 3rdparty/libjpeg-turbo/CMakeFiles/libjpeg-turbo.dir/src/jdhuff.c.o
[112/2494] Building C object 3rdparty/libjpeg-turbo/CMakeFiles/libjpeg-turbo.dir/src/jmemnobs.c.o
[113/2494] Building C object 3rdparty/libjpeg-turbo/CMakeFiles/libjpeg-turbo.dir/src/jdmarker.c.o
[114/2494] Building C object 3rdparty/libjpeg-turbo/CMakeFiles/libjpeg-turbo.dir/src/jdphuff.c.o
[115/2494] Building C object 3rdparty/libjpeg-turbo/CMakeFiles/libjpeg-turbo.dir/src/jpeg_nbits.c.o
[116/2494] Building C object 3rdparty/libjpeg-turbo/CMakeFiles/libjpeg-turbo.dir/src/jaricom.c.o
[117/2494] Building C object 3rdparty/libjpeg-turbo/CMakeFiles/libjpeg-turbo.dir/src/jmemmgr.c.o
[118/2494] Building C object 3rdparty/libtiff/CMakeFiles/libtiff.dir/tif_codec.c.o
[119/2494] Building C object 3rdparty/libtiff/CMakeFiles/libtiff.dir/tif_close.c.o
[120/2494] Building C object 3rdparty/libtiff/CMakeFiles/libtiff.dir/tif_color.c.o
[121/2494] Building C object 3rdparty/libjpeg-turbo/CMakeFiles/libjpeg-turbo.dir/src/jdarith.c.o
[122/2494] Building C object 3rdparty/libjpeg-turbo/CMakeFiles/libjpeg-turbo.dir/src/jcarith.c.o
[123/2494] Building C object 3rdparty/libtiff/CMakeFiles/libtiff.dir/tif_aux.c.o
[124/2494] Building C object 3rdparty/libtiff/CMakeFiles/libtiff.dir/tif_compress.c.o
[125/2494] Building C object 3rdparty/libtiff/CMakeFiles/libtiff.dir/tif_dumpmode.c.o
[126/2494] Building C object 3rdparty/libtiff/CMakeFiles/libtiff.dir/tif_error.c.o
[127/2494] Building C object 3rdparty/libtiff/CMakeFiles/libtiff.dir/tif_dirinfo.c.o
[128/2494] Building C object 3rdparty/libtiff/CMakeFiles/libtiff.dir/tif_extension.c.o
[129/2494] Building C object 3rdparty/libtiff/CMakeFiles/libtiff.dir/tif_fax3sm.c.o
[130/2494] Building C object 3rdparty/libtiff/CMakeFiles/libtiff.dir/tif_flush.c.o
[131/2494] Building C object 3rdparty/libtiff/CMakeFiles/libtiff.dir/tif_hash_set.c.o
[132/2494] Building C object 3rdparty/libtiff/CMakeFiles/libtiff.dir/tif_jbig.c.o
[133/2494] Building C object 3rdparty/libtiff/CMakeFiles/libtiff.dir/tif_dir.c.o
[134/2494] Building C object 3rdparty/libtiff/CMakeFiles/libtiff.dir/tif_jpeg_12.c.o
[135/2494] Building C object 3rdparty/libtiff/CMakeFiles/libtiff.dir/tif_lzma.c.o
[136/2494] Building C object 3rdparty/libtiff/CMakeFiles/libtiff.dir/tif_dirwrite.c.o
[137/2494] Building C object 3rdparty/libtiff/CMakeFiles/libtiff.dir/tif_lzw.c.o
[138/2494] Building C object 3rdparty/libtiff/CMakeFiles/libtiff.dir/tif_next.c.o
[139/2494] Building C object 3rdparty/libtiff/CMakeFiles/libtiff.dir/tif_jpeg.c.o
[140/2494] Building C object 3rdparty/libtiff/CMakeFiles/libtiff.dir/tif_ojpeg.c.o
[141/2494] Building C object 3rdparty/libtiff/CMakeFiles/libtiff.dir/tif_luv.c.o
[142/2494] Building C object 3rdparty/libtiff/CMakeFiles/libtiff.dir/tif_pixarlog.c.o
[143/2494] Building C object 3rdparty/libtiff/CMakeFiles/libtiff.dir/tif_fax3.c.o
[144/2494] Building C object 3rdparty/libtiff/CMakeFiles/libtiff.dir/tif_packbits.c.o
[145/2494] Building C object 3rdparty/libtiff/CMakeFiles/libtiff.dir/tif_open.c.o
[146/2494] Building C object 3rdparty/libtiff/CMakeFiles/libtiff.dir/tif_strip.c.o
[147/2494] Building C object 3rdparty/libtiff/CMakeFiles/libtiff.dir/tif_dirread.c.o
[148/2494] Building C object 3rdparty/libtiff/CMakeFiles/libtiff.dir/tif_print.c.o
[149/2494] Building C object 3rdparty/libtiff/CMakeFiles/libtiff.dir/tif_swab.c.o
[150/2494] Building C object 3rdparty/libtiff/CMakeFiles/libtiff.dir/tif_getimage.c.o
[151/2494] Building C object 3rdparty/libtiff/CMakeFiles/libtiff.dir/tif_read.c.o
[152/2494] Building C object 3rdparty/libtiff/CMakeFiles/libtiff.dir/tif_predict.c.o
[153/2494] Building C object 3rdparty/libtiff/CMakeFiles/libtiff.dir/tif_version.c.o
[154/2494] Building C object 3rdparty/libtiff/CMakeFiles/libtiff.dir/tif_thunder.c.o
[155/2494] Building C object 3rdparty/libtiff/CMakeFiles/libtiff.dir/tif_warning.c.o
[156/2494] Building C object 3rdparty/libtiff/CMakeFiles/libtiff.dir/tif_tile.c.o
[157/2494] Building C object 3rdparty/libtiff/CMakeFiles/libtiff.dir/tif_webp.c.o
[158/2494] Building C object 3rdparty/libtiff/CMakeFiles/libtiff.dir/tif_zstd.c.o
[159/2494] Building C object 3rdparty/libwebp/CMakeFiles/libwebp.dir/sharpyuv/sharpyuv_cpu.c.o
[160/2494] Building C object 3rdparty/libwebp/CMakeFiles/libwebp.dir/sharpyuv/sharpyuv_csp.c.o
[161/2494] Building C object 3rdparty/libtiff/CMakeFiles/libtiff.dir/tif_zip.c.o
[162/2494] Building C object 3rdparty/libtiff/CMakeFiles/libtiff.dir/tif_write.c.o
[163/2494] Building C object 3rdparty/libwebp/CMakeFiles/libwebp.dir/sharpyuv/sharpyuv_neon.c.o
[164/2494] Building C object 3rdparty/libtiff/CMakeFiles/libtiff.dir/tif_unix.c.o
[165/2494] Building C object 3rdparty/libwebp/CMakeFiles/libwebp.dir/sharpyuv/sharpyuv_gamma.c.o
[166/2494] Building C object 3rdparty/libwebp/CMakeFiles/libwebp.dir/sharpyuv/sharpyuv_dsp.c.o
[167/2494] Building C object 3rdparty/libwebp/CMakeFiles/libwebp.dir/sharpyuv/sharpyuv.c.o
[168/2494] Building C object 3rdparty/libjpeg-turbo/CMakeFiles/libjpeg-turbo.dir/src/jchuff.c.o
/mnt/afs/xumengying/tool-verify/opencv-verify/src/opencv/3rdparty/libjpeg-turbo/src/jchuff.c: In function ‘jpeg_gen_optimal_table’:
/mnt/afs/xumengying/tool-verify/opencv-verify/src/opencv/3rdparty/libjpeg-turbo/src/jchuff.c:1047:22: warning: writing 1 byte into a region of size 0 [-Wstringop-overflow=]
 1047 |     bits[codesize[i]]++;
      |     ~~~~~~~~~~~~~~~~~^~
/mnt/afs/xumengying/tool-verify/opencv-verify/src/opencv/3rdparty/libjpeg-turbo/src/jchuff.c:950:9: note: at offset 33 into destination object ‘bits’ of size 33
  950 |   UINT8 bits[MAX_CLEN + 1];     /* bits[k] = # of symbols with code length k */
      |         ^~~~
[169/2494] Building C object 3rdparty/libwebp/CMakeFiles/libwebp.dir/src/dec/alpha_dec.c.o
[170/2494] Building C object 3rdparty/libwebp/CMakeFiles/libwebp.dir/src/dec/buffer_dec.c.o
[171/2494] Building C object 3rdparty/libwebp/CMakeFiles/libwebp.dir/sharpyuv/sharpyuv_sse2.c.o
[172/2494] Building CXX object 3rdparty/libtiff/CMakeFiles/libtiff.dir/tif_stream.cxx.o
[173/2494] Building C object 3rdparty/libwebp/CMakeFiles/libwebp.dir/src/dec/quant_dec.c.o
[174/2494] Building C object 3rdparty/libwebp/CMakeFiles/libwebp.dir/src/dec/frame_dec.c.o
[175/2494] Building C object 3rdparty/libwebp/CMakeFiles/libwebp.dir/src/dec/idec_dec.c.o
[176/2494] Building C object 3rdparty/libwebp/CMakeFiles/libwebp.dir/src/dec/tree_dec.c.o
[177/2494] Linking C static library 3rdparty/lib/liblibjpeg-turbo.a
[178/2494] Building C object 3rdparty/libwebp/CMakeFiles/libwebp.dir/src/dec/io_dec.c.o
[179/2494] Linking CXX static library 3rdparty/lib/liblibtiff.a
[180/2494] Building C object 3rdparty/libwebp/CMakeFiles/libwebp.dir/src/demux/anim_decode.c.o
[181/2494] Building C object 3rdparty/libwebp/CMakeFiles/libwebp.dir/src/dsp/alpha_processing_mips_dsp_r2.c.o
[182/2494] Building CXX object 3rdparty/openexr/CMakeFiles/IlmImf.dir/IlmImf/ImfDoubleAttribute.cpp.o
[183/2494] Building C object 3rdparty/libwebp/CMakeFiles/libwebp.dir/src/dsp/alpha_processing_neon.c.o
[184/2494] Building C object 3rdparty/libwebp/CMakeFiles/libwebp.dir/src/dec/vp8_dec.c.o
[185/2494] Building C object 3rdparty/libwebp/CMakeFiles/libwebp.dir/src/dec/webp_dec.c.o
[186/2494] Building C object 3rdparty/libwebp/CMakeFiles/libwebp.dir/src/dsp/alpha_processing.c.o
[187/2494] Building C object 3rdparty/libwebp/CMakeFiles/libwebp.dir/src/demux/demux.c.o
[188/2494] Building C object 3rdparty/libwebp/CMakeFiles/libwebp.dir/src/dsp/alpha_processing_sse41.c.o
[189/2494] Building C object 3rdparty/libwebp/CMakeFiles/libwebp.dir/src/dsp/cost_mips32.c.o
[190/2494] Building C object 3rdparty/libwebp/CMakeFiles/libwebp.dir/src/dsp/cost.c.o
[191/2494] Building C object 3rdparty/libwebp/CMakeFiles/libwebp.dir/src/dsp/cost_mips_dsp_r2.c.o
[192/2494] Building C object 3rdparty/libwebp/CMakeFiles/libwebp.dir/src/dsp/cost_neon.c.o
[193/2494] Building C object 3rdparty/libwebp/CMakeFiles/libwebp.dir/src/dsp/cpu.c.o
[194/2494] Building C object 3rdparty/libwebp/CMakeFiles/libwebp.dir/src/dsp/alpha_processing_sse2.c.o
[195/2494] Building C object 3rdparty/libwebp/CMakeFiles/libwebp.dir/src/dsp/dec_clip_tables.c.o
[196/2494] Building C object 3rdparty/libwebp/CMakeFiles/libwebp.dir/src/dsp/cost_sse2.c.o
[197/2494] Building C object 3rdparty/libwebp/CMakeFiles/libwebp.dir/src/dsp/dec_mips32.c.o
[198/2494] Building C object 3rdparty/libwebp/CMakeFiles/libwebp.dir/src/dsp/dec_mips_dsp_r2.c.o
[199/2494] Building C object 3rdparty/libwebp/CMakeFiles/libwebp.dir/src/dsp/dec_msa.c.o
[200/2494] Building C object 3rdparty/libwebp/CMakeFiles/libwebp.dir/src/dsp/dec_neon.c.o
[201/2494] Building C object 3rdparty/libwebp/CMakeFiles/libwebp.dir/src/dec/vp8l_dec.c.o
[202/2494] Building C object 3rdparty/libwebp/CMakeFiles/libwebp.dir/src/dsp/dec_sse41.c.o
[203/2494] Building C object 3rdparty/libwebp/CMakeFiles/libwebp.dir/src/dsp/enc_mips32.c.o
[204/2494] Building C object 3rdparty/libwebp/CMakeFiles/libwebp.dir/src/dsp/enc_mips_dsp_r2.c.o
[205/2494] Building C object 3rdparty/libwebp/CMakeFiles/libwebp.dir/src/dsp/enc_msa.c.o
[206/2494] Building C object 3rdparty/libwebp/CMakeFiles/libwebp.dir/src/dsp/enc_neon.c.o
[207/2494] Building C object 3rdparty/libwebp/CMakeFiles/libwebp.dir/src/dsp/filters_mips_dsp_r2.c.o
[208/2494] Building C object 3rdparty/libwebp/CMakeFiles/libwebp.dir/src/dsp/enc_sse41.c.o
[209/2494] Building C object 3rdparty/libwebp/CMakeFiles/libwebp.dir/src/dsp/filters_msa.c.o
[210/2494] Building C object 3rdparty/libwebp/CMakeFiles/libwebp.dir/src/dsp/filters_neon.c.o
[211/2494] Building C object 3rdparty/libwebp/CMakeFiles/libwebp.dir/src/dsp/lossless_avx2.c.o
[212/2494] Building C object 3rdparty/libwebp/CMakeFiles/libwebp.dir/src/dsp/filters.c.o
[213/2494] Building C object 3rdparty/libwebp/CMakeFiles/libwebp.dir/src/dsp/lossless_enc_avx2.c.o
[214/2494] Building C object 3rdparty/libwebp/CMakeFiles/libwebp.dir/src/dsp/dec.c.o
[215/2494] Building C object 3rdparty/libwebp/CMakeFiles/libwebp.dir/src/dsp/lossless_enc_mips32.c.o
[216/2494] Building C object 3rdparty/libwebp/CMakeFiles/libwebp.dir/src/dsp/dec_sse2.c.o
[217/2494] Building C object 3rdparty/libwebp/CMakeFiles/libwebp.dir/src/dsp/lossless_enc_mips_dsp_r2.c.o
[218/2494] Building C object 3rdparty/libwebp/CMakeFiles/libwebp.dir/src/dsp/filters_sse2.c.o
[219/2494] Building C object 3rdparty/libwebp/CMakeFiles/libwebp.dir/src/dsp/lossless_enc_msa.c.o
[220/2494] Building C object 3rdparty/libwebp/CMakeFiles/libwebp.dir/src/dsp/enc.c.o
[221/2494] Building C object 3rdparty/libwebp/CMakeFiles/libwebp.dir/src/dsp/lossless_enc_neon.c.o
[222/2494] Building C object 3rdparty/libwebp/CMakeFiles/libwebp.dir/src/dsp/lossless_enc_sse41.c.o
[223/2494] Building C object 3rdparty/libwebp/CMakeFiles/libwebp.dir/src/dsp/enc_sse2.c.o
[224/2494] Building C object 3rdparty/libwebp/CMakeFiles/libwebp.dir/src/dsp/lossless_msa.c.o
[225/2494] Building C object 3rdparty/libwebp/CMakeFiles/libwebp.dir/src/dsp/lossless_neon.c.o
[226/2494] Building C object 3rdparty/libwebp/CMakeFiles/libwebp.dir/src/dsp/lossless.c.o
[227/2494] Building C object 3rdparty/libwebp/CMakeFiles/libwebp.dir/src/dsp/lossless_enc.c.o
[228/2494] Building C object 3rdparty/ippiw/CMakeFiles/ippiw.dir/src/iw_image_transform_rotate.c.o
[229/2494] Building C object 3rdparty/ippiw/CMakeFiles/ippiw.dir/src/iw_image_transform_remap.c.o
[230/2494] Building C object 3rdparty/libwebp/CMakeFiles/libwebp.dir/src/dsp/lossless_sse41.c.o
[231/2494] Building C object 3rdparty/libwebp/CMakeFiles/libwebp.dir/src/dsp/rescaler_mips32.c.o
[232/2494] Building C object 3rdparty/libwebp/CMakeFiles/libwebp.dir/src/dsp/lossless_enc_sse2.c.o
[233/2494] Building C object 3rdparty/libwebp/CMakeFiles/libwebp.dir/src/dsp/rescaler_mips_dsp_r2.c.o
[234/2494] Building C object 3rdparty/libwebp/CMakeFiles/libwebp.dir/src/dsp/rescaler_msa.c.o
[235/2494] Building C object 3rdparty/libwebp/CMakeFiles/libwebp.dir/src/dsp/rescaler_neon.c.o
[236/2494] Building C object 3rdparty/ippiw/CMakeFiles/ippiw.dir/src/iw_image_transform_resize.c.o
[237/2494] Building C object 3rdparty/libwebp/CMakeFiles/libwebp.dir/src/dsp/rescaler.c.o
[238/2494] Building C object 3rdparty/libwebp/CMakeFiles/libwebp.dir/src/dsp/upsampling_mips_dsp_r2.c.o
[239/2494] Building C object 3rdparty/libwebp/CMakeFiles/libwebp.dir/src/dsp/upsampling_msa.c.o
[240/2494] Building C object 3rdparty/libwebp/CMakeFiles/libwebp.dir/src/dsp/rescaler_sse2.c.o
[241/2494] Building C object 3rdparty/libwebp/CMakeFiles/libwebp.dir/src/dsp/upsampling_neon.c.o
[242/2494] Building C object 3rdparty/libwebp/CMakeFiles/libwebp.dir/src/dsp/upsampling_sse41.c.o
[243/2494] Building C object 3rdparty/libwebp/CMakeFiles/libwebp.dir/src/dsp/ssim_sse2.c.o
[244/2494] Building C object 3rdparty/libwebp/CMakeFiles/libwebp.dir/src/dsp/lossless_sse2.c.o
[245/2494] Building C object 3rdparty/libwebp/CMakeFiles/libwebp.dir/src/dsp/ssim.c.o
[246/2494] Building C object 3rdparty/libwebp/CMakeFiles/libwebp.dir/src/dsp/yuv_mips32.c.o
[247/2494] Building C object 3rdparty/libwebp/CMakeFiles/libwebp.dir/src/dsp/yuv_mips_dsp_r2.c.o
[248/2494] Building C object 3rdparty/libwebp/CMakeFiles/libwebp.dir/src/dsp/yuv_neon.c.o
[249/2494] Building C object 3rdparty/libwebp/CMakeFiles/libwebp.dir/src/dsp/yuv_sse41.c.o
[250/2494] Building C object 3rdparty/libwebp/CMakeFiles/libwebp.dir/src/enc/alpha_enc.c.o
[251/2494] Building C object 3rdparty/libwebp/CMakeFiles/libwebp.dir/src/enc/analysis_enc.c.o
[252/2494] Building C object 3rdparty/libwebp/CMakeFiles/libwebp.dir/src/enc/config_enc.c.o
[253/2494] Building C object 3rdparty/libwebp/CMakeFiles/libwebp.dir/src/dsp/upsampling_sse2.c.o
[254/2494] Building C object 3rdparty/libwebp/CMakeFiles/libwebp.dir/src/enc/backward_references_cost_enc.c.o
[255/2494] Building C object 3rdparty/libwebp/CMakeFiles/libwebp.dir/src/enc/filter_enc.c.o
[256/2494] Building C object 3rdparty/libwebp/CMakeFiles/libwebp.dir/src/dsp/yuv_sse2.c.o
[257/2494] Building C object 3rdparty/libwebp/CMakeFiles/libwebp.dir/src/enc/backward_references_enc.c.o
[258/2494] Building C object 3rdparty/libwebp/CMakeFiles/libwebp.dir/src/enc/cost_enc.c.o
[259/2494] Building C object 3rdparty/libwebp/CMakeFiles/libwebp.dir/src/enc/near_lossless_enc.c.o
[260/2494] Building C object 3rdparty/libwebp/CMakeFiles/libwebp.dir/src/enc/picture_enc.c.o
[261/2494] Building C object 3rdparty/libwebp/CMakeFiles/libwebp.dir/src/enc/frame_enc.c.o
[262/2494] Building C object 3rdparty/libwebp/CMakeFiles/libwebp.dir/src/dsp/upsampling.c.o
[263/2494] Building C object 3rdparty/libwebp/CMakeFiles/libwebp.dir/src/enc/picture_psnr_enc.c.o
[264/2494] Building C object 3rdparty/libwebp/CMakeFiles/libwebp.dir/src/enc/iterator_enc.c.o
[265/2494] Building C object 3rdparty/libwebp/CMakeFiles/libwebp.dir/src/enc/picture_rescale_enc.c.o
[266/2494] Building C object 3rdparty/libwebp/CMakeFiles/libwebp.dir/src/enc/picture_csp_enc.c.o
[267/2494] Building C object 3rdparty/libwebp/CMakeFiles/libwebp.dir/src/enc/histogram_enc.c.o
[268/2494] Building C object 3rdparty/libwebp/CMakeFiles/libwebp.dir/src/enc/picture_tools_enc.c.o
[269/2494] Building C object 3rdparty/libwebp/CMakeFiles/libwebp.dir/src/enc/syntax_enc.c.o
[270/2494] Building C object 3rdparty/libwebp/CMakeFiles/libwebp.dir/src/enc/tree_enc.c.o
[271/2494] Building C object 3rdparty/libwebp/CMakeFiles/libwebp.dir/src/enc/token_enc.c.o
[272/2494] Building C object 3rdparty/libwebp/CMakeFiles/libwebp.dir/src/enc/webp_enc.c.o
[273/2494] Building C object 3rdparty/libwebp/CMakeFiles/libwebp.dir/src/enc/predictor_enc.c.o
[274/2494] Building C object 3rdparty/libwebp/CMakeFiles/libwebp.dir/src/dsp/yuv.c.o
[275/2494] Building C object 3rdparty/libwebp/CMakeFiles/libwebp.dir/src/mux/muxedit.c.o
[276/2494] Building C object 3rdparty/libwebp/CMakeFiles/libwebp.dir/src/utils/bit_reader_utils.c.o
[277/2494] Building C object 3rdparty/libwebp/CMakeFiles/libwebp.dir/src/utils/color_cache_utils.c.o
[278/2494] Building C object 3rdparty/libwebp/CMakeFiles/libwebp.dir/src/mux/muxread.c.o
[279/2494] Building C object 3rdparty/libwebp/CMakeFiles/libwebp.dir/src/mux/anim_encode.c.o
[280/2494] Building C object 3rdparty/libwebp/CMakeFiles/libwebp.dir/src/mux/muxinternal.c.o
[281/2494] Building C object 3rdparty/libwebp/CMakeFiles/libwebp.dir/src/utils/bit_writer_utils.c.o
[282/2494] Building C object 3rdparty/libwebp/CMakeFiles/libwebp.dir/src/utils/filters_utils.c.o
[283/2494] Building C object 3rdparty/libwebp/CMakeFiles/libwebp.dir/src/utils/random_utils.c.o
[284/2494] Building C object 3rdparty/libwebp/CMakeFiles/libwebp.dir/src/utils/quant_levels_dec_utils.c.o
[285/2494] Building C object 3rdparty/libwebp/CMakeFiles/libwebp.dir/src/utils/quant_levels_utils.c.o
[286/2494] Building C object 3rdparty/libwebp/CMakeFiles/libwebp.dir/src/enc/vp8l_enc.c.o
[287/2494] Building C object 3rdparty/libwebp/CMakeFiles/libwebp.dir/src/utils/huffman_utils.c.o
[288/2494] Building C object 3rdparty/libwebp/CMakeFiles/libwebp.dir/src/enc/quant_enc.c.o
[289/2494] Building C object 3rdparty/libwebp/CMakeFiles/libwebp.dir/src/utils/huffman_encode_utils.c.o
[290/2494] Building C object 3rdparty/libwebp/CMakeFiles/libwebp.dir/src/utils/palette.c.o
[291/2494] Building C object 3rdparty/libwebp/CMakeFiles/libwebp.dir/src/utils/thread_utils.c.o
[292/2494] Building C object 3rdparty/libwebp/CMakeFiles/libwebp.dir/src/utils/utils.c.o
[293/2494] Building C object 3rdparty/libwebp/CMakeFiles/libwebp.dir/src/utils/rescaler_utils.c.o
[294/2494] Building C object 3rdparty/openjpeg/openjp2/CMakeFiles/libopenjp2.dir/event.c.o
[295/2494] Building C object 3rdparty/openjpeg/openjp2/CMakeFiles/libopenjp2.dir/bio.c.o
[296/2494] Building C object 3rdparty/openjpeg/openjp2/CMakeFiles/libopenjp2.dir/image.c.o
[297/2494] Building C object 3rdparty/openjpeg/openjp2/CMakeFiles/libopenjp2.dir/thread.c.o
[298/2494] Building C object 3rdparty/openjpeg/openjp2/CMakeFiles/libopenjp2.dir/cio.c.o
[299/2494] Building C object 3rdparty/openjpeg/openjp2/CMakeFiles/libopenjp2.dir/invert.c.o
[300/2494] Linking C static library 3rdparty/lib/liblibwebp.a
[301/2494] Building C object 3rdparty/openjpeg/openjp2/CMakeFiles/libopenjp2.dir/mqc.c.o
[302/2494] Building C object 3rdparty/openjpeg/openjp2/CMakeFiles/libopenjp2.dir/opj_clock.c.o
[303/2494] Building C object 3rdparty/openjpeg/openjp2/CMakeFiles/libopenjp2.dir/mct.c.o
[304/2494] Building C object 3rdparty/openjpeg/openjp2/CMakeFiles/libopenjp2.dir/openjpeg.c.o
[305/2494] Building C object 3rdparty/openjpeg/openjp2/CMakeFiles/libopenjp2.dir/jp2.c.o
[306/2494] Building C object 3rdparty/openjpeg/openjp2/CMakeFiles/libopenjp2.dir/t2.c.o
[307/2494] Building C object 3rdparty/openjpeg/openjp2/CMakeFiles/libopenjp2.dir/tgt.c.o
[308/2494] Building C object 3rdparty/openjpeg/openjp2/CMakeFiles/libopenjp2.dir/pi.c.o
[309/2494] Building C object 3rdparty/openjpeg/openjp2/CMakeFiles/libopenjp2.dir/function_list.c.o
[310/2494] Building C object 3rdparty/openjpeg/openjp2/CMakeFiles/libopenjp2.dir/opj_malloc.c.o
[311/2494] Building C object 3rdparty/openjpeg/openjp2/CMakeFiles/libopenjp2.dir/ht_dec.c.o
[312/2494] Building C object 3rdparty/openjpeg/openjp2/CMakeFiles/libopenjp2.dir/sparse_array.c.o
[313/2494] Building C object 3rdparty/libpng/CMakeFiles/libpng.dir/pngerror.c.o
[314/2494] Building C object 3rdparty/libpng/CMakeFiles/libpng.dir/pngmem.c.o
[315/2494] Building C object 3rdparty/openjpeg/openjp2/CMakeFiles/libopenjp2.dir/tcd.c.o
[316/2494] Building C object 3rdparty/openjpeg/openjp2/CMakeFiles/libopenjp2.dir/dwt.c.o
[317/2494] Building C object 3rdparty/libpng/CMakeFiles/libpng.dir/pngrio.c.o
[318/2494] Building C object 3rdparty/libpng/CMakeFiles/libpng.dir/pngget.c.o
[319/2494] Building C object 3rdparty/libpng/CMakeFiles/libpng.dir/pngpread.c.o
[320/2494] Building C object 3rdparty/libpng/CMakeFiles/libpng.dir/png.c.o
[321/2494] Building C object 3rdparty/libpng/CMakeFiles/libpng.dir/pngwio.c.o
[322/2494] Building C object 3rdparty/libpng/CMakeFiles/libpng.dir/pngtrans.c.o
[323/2494] Building C object 3rdparty/libpng/CMakeFiles/libpng.dir/pngset.c.o
[324/2494] Building C object 3rdparty/openjpeg/openjp2/CMakeFiles/libopenjp2.dir/j2k.c.o
[325/2494] Building C object 3rdparty/libpng/CMakeFiles/libpng.dir/pngread.c.o
[326/2494] Building C object 3rdparty/libpng/CMakeFiles/libpng.dir/intel/intel_init.c.o
[327/2494] Building C object 3rdparty/libpng/CMakeFiles/libpng.dir/pngwtran.c.o
[328/2494] Building C object 3rdparty/libpng/CMakeFiles/libpng.dir/pngwrite.c.o
[329/2494] Building C object 3rdparty/libpng/CMakeFiles/libpng.dir/pngrutil.c.o
[330/2494] Building C object 3rdparty/libpng/CMakeFiles/libpng.dir/pngrtran.c.o
[331/2494] Building C object 3rdparty/libpng/CMakeFiles/libpng.dir/intel/filter_sse2_intrinsics.c.o
[332/2494] Building C object 3rdparty/libpng/CMakeFiles/libpng.dir/pngwutil.c.o
[333/2494] Linking C static library 3rdparty/lib/liblibpng.a
[334/2494] Building CXX object 3rdparty/openexr/CMakeFiles/IlmImf.dir/Half/half.cpp.o
[335/2494] Building CXX object 3rdparty/openexr/CMakeFiles/IlmImf.dir/Iex/IexBaseExc.cpp.o
[336/2494] Building CXX object 3rdparty/openexr/CMakeFiles/IlmImf.dir/IlmImf/ImfAttribute.cpp.o
[337/2494] Building CXX object 3rdparty/openexr/CMakeFiles/IlmImf.dir/IlmImf/ImfAcesFile.cpp.o
[338/2494] Building C object 3rdparty/openjpeg/openjp2/CMakeFiles/libopenjp2.dir/t1.c.o
[339/2494] Building CXX object 3rdparty/openexr/CMakeFiles/IlmImf.dir/IlmImf/ImfBoxAttribute.cpp.o
[340/2494] Linking C static library 3rdparty/lib/liblibopenjp2.a
[341/2494] Building CXX object 3rdparty/openexr/CMakeFiles/IlmImf.dir/IlmImf/ImfChannelList.cpp.o
[342/2494] Building CXX object 3rdparty/openexr/CMakeFiles/IlmImf.dir/IlmImf/ImfB44Compressor.cpp.o
[343/2494] Building CXX object 3rdparty/openexr/CMakeFiles/IlmImf.dir/IlmImf/ImfChannelListAttribute.cpp.o
[344/2494] Building CXX object 3rdparty/openexr/CMakeFiles/IlmImf.dir/IlmImf/ImfChromaticitiesAttribute.cpp.o
[345/2494] Building CXX object 3rdparty/openexr/CMakeFiles/IlmImf.dir/IlmImf/ImfChromaticities.cpp.o
[346/2494] Building CXX object 3rdparty/openexr/CMakeFiles/IlmImf.dir/IlmImf/ImfCompressionAttribute.cpp.o
[347/2494] Building CXX object 3rdparty/openexr/CMakeFiles/IlmImf.dir/Iex/IexThrowErrnoExc.cpp.o
[348/2494] Building CXX object 3rdparty/openexr/CMakeFiles/IlmImf.dir/IlmImf/ImfCRgbaFile.cpp.o
[349/2494] Building CXX object 3rdparty/openexr/CMakeFiles/IlmImf.dir/IlmImf/ImfConvert.cpp.o
[350/2494] Building CXX object 3rdparty/openexr/CMakeFiles/IlmImf.dir/IlmImf/ImfDeepCompositing.cpp.o
[351/2494] Building CXX object 3rdparty/openexr/CMakeFiles/IlmImf.dir/IlmImf/ImfCompressor.cpp.o
[352/2494] Building CXX object 3rdparty/openexr/CMakeFiles/IlmImf.dir/IlmImf/ImfDeepImageStateAttribute.cpp.o
[353/2494] Building CXX object 3rdparty/openexr/CMakeFiles/IlmImf.dir/IlmImf/ImfDeepFrameBuffer.cpp.o
[354/2494] Building CXX object 3rdparty/openexr/CMakeFiles/IlmImf.dir/IlmImf/ImfCompositeDeepScanLine.cpp.o
[355/2494] Building CXX object 3rdparty/openexr/CMakeFiles/IlmImf.dir/IlmImf/ImfDeepScanLineInputPart.cpp.o
[356/2494] Building CXX object 3rdparty/openexr/CMakeFiles/IlmImf.dir/IlmImf/ImfDeepScanLineOutputPart.cpp.o
[357/2494] Building CXX object 3rdparty/openexr/CMakeFiles/IlmImf.dir/IlmImf/ImfDeepTiledInputPart.cpp.o
[358/2494] Building CXX object 3rdparty/openexr/CMakeFiles/IlmImf.dir/IlmImf/ImfDeepTiledOutputPart.cpp.o
[359/2494] Building CXX object 3rdparty/openexr/CMakeFiles/IlmImf.dir/IlmImf/ImfEnvmap.cpp.o
[360/2494] Building CXX object 3rdparty/openexr/CMakeFiles/IlmImf.dir/IlmImf/ImfDeepScanLineOutputFile.cpp.o
[361/2494] Building CXX object 3rdparty/openexr/CMakeFiles/IlmImf.dir/IlmImf/ImfDeepScanLineInputFile.cpp.o
[362/2494] Building CXX object 3rdparty/openexr/CMakeFiles/IlmImf.dir/IlmImf/ImfEnvmapAttribute.cpp.o
[363/2494] Building CXX object 3rdparty/openexr/CMakeFiles/IlmImf.dir/IlmImf/ImfFramesPerSecond.cpp.o
[364/2494] Building CXX object 3rdparty/openexr/CMakeFiles/IlmImf.dir/IlmImf/ImfDeepTiledInputFile.cpp.o
[365/2494] Building CXX object 3rdparty/openexr/CMakeFiles/IlmImf.dir/IlmImf/ImfFloatAttribute.cpp.o
[366/2494] Building CXX object 3rdparty/openexr/CMakeFiles/IlmImf.dir/IlmImf/ImfFastHuf.cpp.o
[367/2494] Building CXX object 3rdparty/openexr/CMakeFiles/IlmImf.dir/IlmImf/ImfFloatVectorAttribute.cpp.o
[368/2494] Building CXX object 3rdparty/openexr/CMakeFiles/IlmImf.dir/IlmImf/ImfDeepTiledOutputFile.cpp.o
[369/2494] Building CXX object 3rdparty/openexr/CMakeFiles/IlmImf.dir/IlmImf/ImfFrameBuffer.cpp.o
[370/2494] Building CXX object 3rdparty/openexr/CMakeFiles/IlmImf.dir/IlmImf/ImfGenericInputFile.cpp.o
[371/2494] Building CXX object 3rdparty/openexr/CMakeFiles/IlmImf.dir/IlmImf/ImfIO.cpp.o
[372/2494] Building CXX object 3rdparty/openexr/CMakeFiles/IlmImf.dir/IlmImf/ImfGenericOutputFile.cpp.o
[373/2494] Building CXX object 3rdparty/openexr/CMakeFiles/IlmImf.dir/IlmImf/ImfHuf.cpp.o
[374/2494] Building CXX object 3rdparty/openexr/CMakeFiles/IlmImf.dir/IlmImf/ImfInputPart.cpp.o
[375/2494] Building CXX object 3rdparty/openexr/CMakeFiles/IlmImf.dir/IlmImf/ImfIntAttribute.cpp.o
[376/2494] Building CXX object 3rdparty/openexr/CMakeFiles/IlmImf.dir/IlmImf/ImfInputPartData.cpp.o
[377/2494] Building CXX object 3rdparty/openexr/CMakeFiles/IlmImf.dir/IlmImf/ImfKeyCode.cpp.o
[378/2494] Building CXX object 3rdparty/openexr/CMakeFiles/IlmImf.dir/IlmImf/ImfKeyCodeAttribute.cpp.o
[379/2494] Building CXX object 3rdparty/openexr/CMakeFiles/IlmImf.dir/IlmImf/ImfInputFile.cpp.o
[380/2494] Building CXX object 3rdparty/openexr/CMakeFiles/IlmImf.dir/IlmImf/ImfLineOrderAttribute.cpp.o
[381/2494] Building CXX object 3rdparty/openexr/CMakeFiles/IlmImf.dir/IlmImf/ImfLut.cpp.o
[382/2494] Building CXX object 3rdparty/openexr/CMakeFiles/IlmImf.dir/IlmImf/ImfMatrixAttribute.cpp.o
[383/2494] Building CXX object 3rdparty/openexr/CMakeFiles/IlmImf.dir/IlmImf/ImfDwaCompressor.cpp.o
[384/2494] Building CXX object 3rdparty/openexr/CMakeFiles/IlmImf.dir/IlmImf/ImfMisc.cpp.o
[385/2494] Building CXX object 3rdparty/openexr/CMakeFiles/IlmImf.dir/IlmImf/ImfMultiView.cpp.o
[386/2494] Building CXX object 3rdparty/openexr/CMakeFiles/IlmImf.dir/IlmImf/ImfOpaqueAttribute.cpp.o
[387/2494] Building CXX object 3rdparty/openexr/CMakeFiles/IlmImf.dir/IlmImf/ImfHeader.cpp.o
[388/2494] Building CXX object 3rdparty/openexr/CMakeFiles/IlmImf.dir/IlmImf/ImfMultiPartOutputFile.cpp.o
[389/2494] Building CXX object 3rdparty/openexr/CMakeFiles/IlmImf.dir/IlmImf/ImfPartType.cpp.o
[390/2494] Building CXX object 3rdparty/openexr/CMakeFiles/IlmImf.dir/IlmImf/ImfOutputPart.cpp.o
[391/2494] Building CXX object 3rdparty/openexr/CMakeFiles/IlmImf.dir/IlmImf/ImfMultiPartInputFile.cpp.o
[392/2494] Building CXX object 3rdparty/openexr/CMakeFiles/IlmImf.dir/IlmImf/ImfOutputPartData.cpp.o
[393/2494] Building CXX object 3rdparty/openexr/CMakeFiles/IlmImf.dir/IlmImf/ImfRational.cpp.o
[394/2494] Building CXX object 3rdparty/openexr/CMakeFiles/IlmImf.dir/IlmImf/ImfPreviewImage.cpp.o
[395/2494] Building CXX object 3rdparty/openexr/CMakeFiles/IlmImf.dir/IlmImf/ImfRle.cpp.o
[396/2494] Building CXX object 3rdparty/openexr/CMakeFiles/IlmImf.dir/IlmImf/ImfOutputFile.cpp.o
[397/2494] Building CXX object 3rdparty/openexr/CMakeFiles/IlmImf.dir/IlmImf/ImfPreviewImageAttribute.cpp.o
[398/2494] Building CXX object 3rdparty/openexr/CMakeFiles/IlmImf.dir/IlmImf/ImfRationalAttribute.cpp.o
[399/2494] Building CXX object 3rdparty/openexr/CMakeFiles/IlmImf.dir/IlmImf/ImfPizCompressor.cpp.o
[400/2494] Building CXX object 3rdparty/openexr/CMakeFiles/IlmImf.dir/IlmImf/ImfPxr24Compressor.cpp.o
[401/2494] Building CXX object 3rdparty/openexr/CMakeFiles/IlmImf.dir/IlmImf/ImfRgbaYca.cpp.o
[402/2494] Building CXX object 3rdparty/openexr/CMakeFiles/IlmImf.dir/IlmImf/ImfRleCompressor.cpp.o
[403/2494] Building CXX object 3rdparty/openexr/CMakeFiles/IlmImf.dir/IlmImf/ImfStringAttribute.cpp.o
[404/2494] Building CXX object 3rdparty/openexr/CMakeFiles/IlmImf.dir/IlmImf/ImfThreading.cpp.o
[405/2494] Building CXX object 3rdparty/openexr/CMakeFiles/IlmImf.dir/IlmImf/ImfSystemSpecific.cpp.o
[406/2494] Building CXX object 3rdparty/openexr/CMakeFiles/IlmImf.dir/IlmImf/ImfStdIO.cpp.o
[407/2494] Building CXX object 3rdparty/openexr/CMakeFiles/IlmImf.dir/IlmImf/ImfStringVectorAttribute.cpp.o
[408/2494] Building CXX object 3rdparty/openexr/CMakeFiles/IlmImf.dir/IlmImf/ImfRgbaFile.cpp.o
[409/2494] Building CXX object 3rdparty/openexr/CMakeFiles/IlmImf.dir/IlmImf/ImfTileDescriptionAttribute.cpp.o
[410/2494] Building CXX object 3rdparty/openexr/CMakeFiles/IlmImf.dir/IlmImf/ImfTestFile.cpp.o
[411/2494] Building CXX object 3rdparty/openexr/CMakeFiles/IlmImf.dir/IlmImf/ImfTiledInputPart.cpp.o
[412/2494] Building CXX object 3rdparty/openexr/CMakeFiles/IlmImf.dir/IlmImf/ImfTileOffsets.cpp.o
[413/2494] Building CXX object 3rdparty/openexr/CMakeFiles/IlmImf.dir/IlmImf/ImfStandardAttributes.cpp.o
[414/2494] Building CXX object 3rdparty/openexr/CMakeFiles/IlmImf.dir/IlmImf/ImfScanLineInputFile.cpp.o
[415/2494] Building CXX object 3rdparty/openexr/CMakeFiles/IlmImf.dir/IlmImf/ImfTiledOutputPart.cpp.o
[416/2494] Building CXX object 3rdparty/openexr/CMakeFiles/IlmImf.dir/IlmImf/ImfVersion.cpp.o
[417/2494] Building CXX object 3rdparty/openexr/CMakeFiles/IlmImf.dir/IlmImf/ImfTiledMisc.cpp.o
[418/2494] Building CXX object 3rdparty/openexr/CMakeFiles/IlmImf.dir/IlmImf/ImfWav.cpp.o
[419/2494] Building CXX object 3rdparty/openexr/CMakeFiles/IlmImf.dir/IlmImf/ImfTiledInputFile.cpp.o
[420/2494] Building CXX object 3rdparty/openexr/CMakeFiles/IlmImf.dir/IlmImf/ImfTimeCodeAttribute.cpp.o
[421/2494] Building CXX object 3rdparty/openexr/CMakeFiles/IlmImf.dir/IlmImf/ImfTimeCode.cpp.o
[422/2494] Building CXX object 3rdparty/openexr/CMakeFiles/IlmImf.dir/IlmThread/IlmThreadMutex.cpp.o
[423/2494] Building CXX object 3rdparty/openexr/CMakeFiles/IlmImf.dir/IlmImf/ImfVecAttribute.cpp.o
[424/2494] Building CXX object 3rdparty/openexr/CMakeFiles/IlmImf.dir/IlmThread/IlmThreadMutexPosix.cpp.o
[425/2494] Building CXX object 3rdparty/openexr/CMakeFiles/IlmImf.dir/IlmThread/IlmThreadPosix.cpp.o
[426/2494] Building CXX object 3rdparty/openexr/CMakeFiles/IlmImf.dir/IlmThread/IlmThreadSemaphore.cpp.o
[427/2494] Building CXX object 3rdparty/openexr/CMakeFiles/IlmImf.dir/IlmImf/ImfZip.cpp.o
[428/2494] Building CXX object 3rdparty/openexr/CMakeFiles/IlmImf.dir/IlmThread/IlmThreadSemaphorePosixCompat.cpp.o
[429/2494] Building CXX object 3rdparty/openexr/CMakeFiles/IlmImf.dir/IlmImf/ImfZipCompressor.cpp.o
[430/2494] Building CXX object 3rdparty/openexr/CMakeFiles/IlmImf.dir/IlmThread/IlmThread.cpp.o
[431/2494] Building CXX object 3rdparty/openexr/CMakeFiles/IlmImf.dir/IlmImf/ImfTiledOutputFile.cpp.o
[432/2494] Building CXX object 3rdparty/openexr/CMakeFiles/IlmImf.dir/Imath/ImathFun.cpp.o
[433/2494] Building CXX object 3rdparty/openexr/CMakeFiles/IlmImf.dir/IlmImf/dwaLookups.cpp.o
[434/2494] Building CXX object 3rdparty/openexr/CMakeFiles/IlmImf.dir/IlmThread/IlmThreadSemaphorePosix.cpp.o
[435/2494] Building CXX object 3rdparty/openexr/CMakeFiles/IlmImf.dir/IlmImf/ImfTiledRgbaFile.cpp.o
[436/2494] Building CXX object 3rdparty/openexr/CMakeFiles/IlmImf.dir/Imath/ImathRandom.cpp.o
[437/2494] Building CXX object 3rdparty/openexr/CMakeFiles/IlmImf.dir/Imath/ImathBox.cpp.o
[438/2494] Building C object 3rdparty/ippiw/CMakeFiles/ippiw.dir/src/iw_core.c.o
[439/2494] Building CXX object 3rdparty/openexr/CMakeFiles/IlmImf.dir/Imath/ImathColorAlgo.cpp.o
[440/2494] Building CXX object 3rdparty/openexr/CMakeFiles/IlmImf.dir/IlmThread/IlmThreadPool.cpp.o
[441/2494] Building C object 3rdparty/ippiw/CMakeFiles/ippiw.dir/src/iw_image_color_convert_all.c.o
[442/2494] Building C object 3rdparty/ippiw/CMakeFiles/ippiw.dir/src/iw_image_color_convert_rgbs.c.o
[443/2494] Building C object 3rdparty/ippiw/CMakeFiles/ippiw.dir/src/iw_image_filter_bilateral.c.o
[444/2494] Building CXX object 3rdparty/openexr/CMakeFiles/IlmImf.dir/Imath/ImathShear.cpp.o
[445/2494] Building C object 3rdparty/ippiw/CMakeFiles/ippiw.dir/src/iw_image.c.o
[446/2494] Building C object 3rdparty/ippiw/CMakeFiles/ippiw.dir/src/iw_image_filter_box.c.o
[447/2494] Building C object 3rdparty/ippiw/CMakeFiles/ippiw.dir/src/iw_image_filter_canny.c.o
[448/2494] Building C object 3rdparty/ippiw/CMakeFiles/ippiw.dir/src/iw_image_filter_general.c.o
[449/2494] Building C object 3rdparty/ippiw/CMakeFiles/ippiw.dir/src/iw_image_filter_gaussian.c.o
[450/2494] Building C object 3rdparty/ippiw/CMakeFiles/ippiw.dir/src/iw_image_filter_laplacian.c.o
[451/2494] Building C object 3rdparty/ippiw/CMakeFiles/ippiw.dir/src/iw_image_filter_scharr.c.o
[452/2494] Building C object 3rdparty/ippiw/CMakeFiles/ippiw.dir/src/iw_image_filter_sobel.c.o
[453/2494] Building C object 3rdparty/ippiw/CMakeFiles/ippiw.dir/src/iw_image_filter_morphology.c.o
[454/2494] Building C object 3rdparty/ippiw/CMakeFiles/ippiw.dir/src/iw_image_op_copy.c.o
[455/2494] Building C object 3rdparty/ippiw/CMakeFiles/ippiw.dir/src/iw_image_op_copy_channel.c.o
[456/2494] Building CXX object 3rdparty/openexr/CMakeFiles/IlmImf.dir/Imath/ImathVec.cpp.o
[457/2494] Building C object 3rdparty/ippiw/CMakeFiles/ippiw.dir/src/iw_image_op_copy_merge.c.o
[458/2494] Building C object 3rdparty/ippiw/CMakeFiles/ippiw.dir/src/iw_image_op_copy_split.c.o
[459/2494] Building C object 3rdparty/ippiw/CMakeFiles/ippiw.dir/src/iw_image_op_scale.c.o
[460/2494] Building C object 3rdparty/ippiw/CMakeFiles/ippiw.dir/src/iw_image_op_copy_make_border.c.o
[461/2494] Building C object 3rdparty/ippiw/CMakeFiles/ippiw.dir/src/iw_image_op_set_channel.c.o
[462/2494] Building C object 3rdparty/ippiw/CMakeFiles/ippiw.dir/src/iw_image_op_swap_channels.c.o
[463/2494] Building C object 3rdparty/ippiw/CMakeFiles/ippiw.dir/src/iw_image_transform_mirror.c.o
[464/2494] Building C object 3rdparty/ippiw/CMakeFiles/ippiw.dir/src/iw_image_op_set.c.o
[465/2494] Building C object 3rdparty/ippiw/CMakeFiles/ippiw.dir/src/mem_primitives_lib.c.o
[466/2494] Building C object 3rdparty/ippiw/CMakeFiles/ippiw.dir/src/memcpy_s.c.o
[467/2494] Building C object 3rdparty/ippiw/CMakeFiles/ippiw.dir/src/iw_image_transform_warp_perspective.c.o
[468/2494] Building C object 3rdparty/ippiw/CMakeFiles/ippiw.dir/src/memset_s.c.o
[469/2494] Building C object 3rdparty/ippiw/CMakeFiles/ippiw.dir/src/iw_image_transform_warpaffine.c.o
[470/2494] Building CXX object 3rdparty/ippiw/CMakeFiles/ippiw.dir/src/iw_own.cpp.o
[471/2494] Linking CXX static library 3rdparty/lib/libippiw.a
[472/2494] Building CXX object 3rdparty/openexr/CMakeFiles/IlmImf.dir/Imath/ImathMatrixAlgo.cpp.o
[473/2494] Building CXX object 3rdparty/protobuf/CMakeFiles/libprotobuf.dir/src/google/protobuf/any_lite.cc.o
[474/2494] Building CXX object 3rdparty/protobuf/CMakeFiles/libprotobuf.dir/src/google/protobuf/arena.cc.o
[475/2494] Linking CXX static library 3rdparty/lib/libIlmImf.a
[476/2494] Building CXX object 3rdparty/protobuf/CMakeFiles/libprotobuf.dir/src/google/protobuf/io/io_win32.cc.o
[477/2494] Building CXX object 3rdparty/protobuf/CMakeFiles/libprotobuf.dir/src/google/protobuf/implicit_weak_message.cc.o
[478/2494] Building CXX object 3rdparty/protobuf/CMakeFiles/libprotobuf.dir/src/google/protobuf/arenastring.cc.o
[479/2494] Building CXX object 3rdparty/protobuf/CMakeFiles/libprotobuf.dir/src/google/protobuf/io/coded_stream.cc.o
[480/2494] Building CXX object 3rdparty/protobuf/CMakeFiles/libprotobuf.dir/src/google/protobuf/io/strtod.cc.o
[481/2494] Building CXX object 3rdparty/protobuf/CMakeFiles/libprotobuf.dir/src/google/protobuf/io/zero_copy_stream.cc.o
[482/2494] Building CXX object 3rdparty/protobuf/CMakeFiles/libprotobuf.dir/src/google/protobuf/generated_message_util.cc.o
[483/2494] Building CXX object 3rdparty/protobuf/CMakeFiles/libprotobuf.dir/src/google/protobuf/io/zero_copy_stream_impl.cc.o
[484/2494] Building CXX object 3rdparty/protobuf/CMakeFiles/libprotobuf.dir/src/google/protobuf/io/zero_copy_stream_impl_lite.cc.o
[485/2494] Building CXX object 3rdparty/protobuf/CMakeFiles/libprotobuf.dir/src/google/protobuf/map.cc.o
[486/2494] Building CXX object 3rdparty/protobuf/CMakeFiles/libprotobuf.dir/src/google/protobuf/stubs/bytestream.cc.o
[487/2494] Building CXX object 3rdparty/protobuf/CMakeFiles/libprotobuf.dir/src/google/protobuf/stubs/int128.cc.o
[488/2494] Building CXX object 3rdparty/protobuf/CMakeFiles/libprotobuf.dir/src/google/protobuf/message_lite.cc.o
[489/2494] Building CXX object 3rdparty/protobuf/CMakeFiles/libprotobuf.dir/src/google/protobuf/repeated_ptr_field.cc.o
[490/2494] Building CXX object 3rdparty/protobuf/CMakeFiles/libprotobuf.dir/src/google/protobuf/stubs/common.cc.o
[491/2494] Building CXX object 3rdparty/protobuf/CMakeFiles/libprotobuf.dir/src/google/protobuf/extension_set.cc.o
[492/2494] Building CXX object 3rdparty/protobuf/CMakeFiles/libprotobuf.dir/src/google/protobuf/parse_context.cc.o
[493/2494] Building CXX object 3rdparty/protobuf/CMakeFiles/libprotobuf.dir/src/google/protobuf/stubs/stringpiece.cc.o
[494/2494] Building CXX object 3rdparty/protobuf/CMakeFiles/libprotobuf.dir/src/google/protobuf/stubs/stringprintf.cc.o
[495/2494] Building CXX object 3rdparty/protobuf/CMakeFiles/libprotobuf.dir/src/google/protobuf/stubs/structurally_valid.cc.o
[496/2494] Building CXX object 3rdparty/protobuf/CMakeFiles/libprotobuf.dir/src/google/protobuf/stubs/status.cc.o
[497/2494] Building CXX object 3rdparty/protobuf/CMakeFiles/libprotobuf.dir/src/google/protobuf/any.cc.o
[498/2494] Building CXX object 3rdparty/protobuf/CMakeFiles/libprotobuf.dir/src/google/protobuf/wire_format_lite.cc.o
[499/2494] Building CXX object 3rdparty/protobuf/CMakeFiles/libprotobuf.dir/src/google/protobuf/repeated_field.cc.o
[500/2494] Building CXX object 3rdparty/protobuf/CMakeFiles/libprotobuf.dir/src/google/protobuf/stubs/strutil.cc.o
[501/2494] Building CXX object 3rdparty/protobuf/CMakeFiles/libprotobuf.dir/src/google/protobuf/dynamic_message.cc.o
[502/2494] Building CXX object 3rdparty/protobuf/CMakeFiles/libprotobuf.dir/src/google/protobuf/extension_set_heavy.cc.o
[503/2494] Building CXX object 3rdparty/protobuf/CMakeFiles/libprotobuf.dir/src/google/protobuf/io/tokenizer.cc.o
[504/2494] Building CXX object 3rdparty/protobuf/CMakeFiles/libprotobuf.dir/src/google/protobuf/stubs/substitute.cc.o
[505/2494] Building CXX object 3rdparty/protobuf/CMakeFiles/libprotobuf.dir/src/google/protobuf/descriptor_database.cc.o
[506/2494] Building CXX object 3rdparty/protobuf/CMakeFiles/libprotobuf.dir/src/google/protobuf/map_field.cc.o
[507/2494] Building CXX object 3rdparty/protobuf/CMakeFiles/libprotobuf.dir/src/google/protobuf/reflection_ops.cc.o
[508/2494] Building CXX object 3rdparty/protobuf/CMakeFiles/libprotobuf.dir/src/google/protobuf/message.cc.o
[509/2494] Building CXX object 3rdparty/protobuf/CMakeFiles/libprotobuf.dir/src/google/protobuf/generated_message_reflection.cc.o
[510/2494] Building CXX object 3rdparty/protobuf/CMakeFiles/libprotobuf.dir/src/google/protobuf/unknown_field_set.cc.o
[511/2494] Building CXX object hal/ipp/CMakeFiles/ipphal.dir/src/math_ipp.cpp.o
[512/2494] Building CXX object hal/ipp/CMakeFiles/ipphal.dir/src/mean_ipp.cpp.o
[513/2494] Building CXX object hal/ipp/CMakeFiles/ipphal.dir/src/minmax_ipp.cpp.o
[514/2494] Building CXX object hal/ipp/CMakeFiles/ipphal.dir/src/norm_ipp.cpp.o
[515/2494] Building CXX object hal/ipp/CMakeFiles/ipphal.dir/src/cart_polar_ipp.cpp.o
[516/2494] Building CXX object 3rdparty/protobuf/CMakeFiles/libprotobuf.dir/src/google/protobuf/descriptor.pb.cc.o
[517/2494] Building CXX object hal/ipp/CMakeFiles/ipphal.dir/src/transforms_ipp.cpp.o
[518/2494] Building CXX object 3rdparty/protobuf/CMakeFiles/libprotobuf.dir/src/google/protobuf/wire_format.cc.o
[519/2494] Building CXX object hal/ipp/CMakeFiles/ipphal.dir/src/warp_ipp.cpp.o
[520/2494] Building CXX object 3rdparty/protobuf/CMakeFiles/libprotobuf.dir/src/google/protobuf/text_format.cc.o
[521/2494] Building CXX object hal/ipp/CMakeFiles/ipphal.dir/src/deriv_ipp.cpp.o
[522/2494] Building CXX object hal/ipp/CMakeFiles/ipphal.dir/src/resize_ipp.cpp.o
[523/2494] Building CXX object hal/ipp/CMakeFiles/ipphal.dir/src/box_filter_ipp.cpp.o
[524/2494] Building CXX object hal/ipp/CMakeFiles/ipphal.dir/src/sum_ipp.cpp.o
[525/2494] Building CXX object hal/ipp/CMakeFiles/ipphal.dir/src/filter_ipp.cpp.o
[526/2494] Building CXX object hal/ipp/CMakeFiles/ipphal.dir/src/color_ipp.cpp.o
[527/2494] Building CXX object hal/ipp/CMakeFiles/ipphal.dir/src/matchtemplate_ipp.cpp.o
[528/2494] Building C object 3rdparty/ittnotify/CMakeFiles/ittnotify.dir/src/ittnotify/jitprofiling.c.o
[529/2494] Building CXX object hal/ipp/CMakeFiles/ipphal.dir/src/canny_ipp.cpp.o
[530/2494] Building CXX object hal/ipp/CMakeFiles/ipphal.dir/src/threshold_ipp.cpp.o
[531/2494] Building CXX object hal/ipp/CMakeFiles/ipphal.dir/src/distancetransform_ipp.cpp.o
[532/2494] Building CXX object hal/ipp/CMakeFiles/ipphal.dir/src/histogram_ipp.cpp.o
[533/2494] Linking CXX static library 3rdparty/lib/libipphal.a
[534/2494] Building C object 3rdparty/ittnotify/CMakeFiles/ittnotify.dir/src/ittnotify/ittnotify_static.c.o
[535/2494] Linking C static library 3rdparty/lib/libittnotify.a
[536/2494] Building CXX object 3rdparty/protobuf/CMakeFiles/libprotobuf.dir/src/google/protobuf/descriptor.cc.o
[537/2494] Processing OpenCL kernels (core)
[538/2494] Linking CXX static library 3rdparty/lib/liblibprotobuf.a
[539/2494] Building CXX object modules/core/CMakeFiles/opencv_core.dir/src/algorithm.cpp.o
[540/2494] Building CXX object modules/core/CMakeFiles/opencv_core.dir/src/alloc.cpp.o
[541/2494] Building CXX object modules/core/CMakeFiles/opencv_core.dir/src/async.cpp.o
[542/2494] Building CXX object modules/core/CMakeFiles/opencv_core.dir/src/batch_distance.cpp.o
[543/2494] Building CXX object modules/core/CMakeFiles/opencv_core.dir/src/bindings_utils.cpp.o
[544/2494] Building CXX object modules/core/CMakeFiles/opencv_core.dir/src/array.cpp.o
[545/2494] Building CXX object modules/core/CMakeFiles/opencv_core.dir/src/arithm.cpp.o
[546/2494] Building CXX object modules/core/CMakeFiles/opencv_core.dir/src/buffer_area.cpp.o
[547/2494] Building CXX object modules/core/CMakeFiles/opencv_core.dir/src/channels.cpp.o
[548/2494] Building CXX object modules/core/CMakeFiles/opencv_core.dir/src/check.cpp.o
[549/2494] Building CXX object modules/core/CMakeFiles/opencv_core.dir/src/conjugate_gradient.cpp.o
[550/2494] Building CXX object modules/core/CMakeFiles/opencv_core.dir/src/convert_c.cpp.o
[551/2494] Building CXX object modules/core/CMakeFiles/opencv_core.dir/src/command_line_parser.cpp.o
[552/2494] Building CXX object modules/core/CMakeFiles/opencv_core.dir/src/convert.dispatch.cpp.o
[553/2494] Building CXX object modules/core/CMakeFiles/opencv_core.dir/src/count_non_zero.dispatch.cpp.o
[554/2494] Building CXX object modules/core/CMakeFiles/opencv_core.dir/src/cuda_gpu_mat.cpp.o
[555/2494] Building CXX object modules/core/CMakeFiles/opencv_core.dir/src/convert_scale.dispatch.cpp.o
[556/2494] Building CXX object modules/core/CMakeFiles/opencv_core.dir/src/copy.cpp.o
[557/2494] Building CXX object modules/core/CMakeFiles/opencv_core.dir/src/cuda_gpu_mat_nd.cpp.o
[558/2494] Building CXX object modules/core/CMakeFiles/opencv_core.dir/src/arithm.dispatch.cpp.o
[559/2494] Building CXX object modules/core/CMakeFiles/opencv_core.dir/src/cuda_host_mem.cpp.o
[560/2494] Building CXX object modules/core/CMakeFiles/opencv_core.dir/src/cuda_stream.cpp.o
[561/2494] Building CXX object modules/core/CMakeFiles/opencv_core.dir/src/directx.cpp.o
[562/2494] Building CXX object modules/core/CMakeFiles/opencv_core.dir/src/cuda_info.cpp.o
[563/2494] Building CXX object modules/core/CMakeFiles/opencv_core.dir/src/downhill_simplex.cpp.o
[564/2494] Building CXX object modules/core/CMakeFiles/opencv_core.dir/src/datastructs.cpp.o
[565/2494] Building CXX object modules/core/CMakeFiles/opencv_core.dir/src/glob.cpp.o
[566/2494] Building CXX object modules/core/CMakeFiles/opencv_core.dir/src/hal_internal.cpp.o
[567/2494] Building CXX object modules/core/CMakeFiles/opencv_core.dir/src/has_non_zero.dispatch.cpp.o
[568/2494] Building CXX object modules/core/CMakeFiles/opencv_core.dir/src/kmeans.cpp.o
[569/2494] Building CXX object modules/core/CMakeFiles/opencv_core.dir/src/logger.cpp.o
[570/2494] Building CXX object modules/core/CMakeFiles/opencv_core.dir/src/lpsolver.cpp.o
[571/2494] Building CXX object modules/core/CMakeFiles/opencv_core.dir/src/lut.cpp.o
[572/2494] Building CXX object modules/core/CMakeFiles/opencv_core.dir/src/lda.cpp.o
[573/2494] Building CXX object modules/core/CMakeFiles/opencv_core.dir/src/lut.dispatch.cpp.o
[574/2494] Building CXX object modules/core/CMakeFiles/opencv_core.dir/src/lapack.cpp.o
[575/2494] Building CXX object modules/core/CMakeFiles/opencv_core.dir/src/dxt.cpp.o
[576/2494] Building CXX object modules/core/CMakeFiles/opencv_core.dir/src/gl_core_3_1.cpp.o
[577/2494] Building CXX object modules/core/CMakeFiles/opencv_core.dir/src/matrix_c.cpp.o
[578/2494] Building CXX object modules/core/CMakeFiles/opencv_core.dir/src/mathfuncs_core.dispatch.cpp.o
[579/2494] Building CXX object modules/core/CMakeFiles/opencv_core.dir/src/matrix_iterator.cpp.o
[580/2494] Building CXX object modules/core/CMakeFiles/opencv_core.dir/src/matrix.cpp.o
[581/2494] Building CXX object modules/core/CMakeFiles/opencv_core.dir/src/mathfuncs.cpp.o
[582/2494] Building CXX object modules/core/CMakeFiles/opencv_core.dir/src/matrix_decomp.cpp.o
[583/2494] Building CXX object modules/core/CMakeFiles/opencv_core.dir/src/matrix_expressions.cpp.o
[584/2494] Building CXX object modules/core/CMakeFiles/opencv_core.dir/src/merge.dispatch.cpp.o
[585/2494] Building CXX object modules/core/CMakeFiles/opencv_core.dir/src/matrix_sparse.cpp.o
[586/2494] Building CXX object modules/core/CMakeFiles/opencv_core.dir/src/mean.dispatch.cpp.o
[587/2494] Building CXX object modules/core/CMakeFiles/opencv_core.dir/src/matrix_transform.cpp.o
[588/2494] Building CXX object modules/core/CMakeFiles/opencv_core.dir/src/minmax.dispatch.cpp.o
[589/2494] Building CXX object modules/core/CMakeFiles/opencv_core.dir/src/opencl/runtime/opencl_clblas.cpp.o
[590/2494] Building CXX object modules/core/CMakeFiles/opencv_core.dir/src/opencl/runtime/opencl_clfft.cpp.o
[591/2494] Building CXX object modules/core/CMakeFiles/opencv_core.dir/src/matmul.dispatch.cpp.o
[592/2494] Building CXX object modules/core/CMakeFiles/opencv_core.dir/src/matrix_wrap.cpp.o
[593/2494] Building CXX object modules/core/CMakeFiles/opencv_core.dir/src/opengl.cpp.o
[594/2494] Building CXX object modules/core/CMakeFiles/opencv_core.dir/src/opencl/runtime/opencl_core.cpp.o
[595/2494] Building CXX object modules/core/CMakeFiles/opencv_core.dir/src/norm.dispatch.cpp.o
[596/2494] Building CXX object modules/core/CMakeFiles/opencv_core.dir/src/matrix_operations.cpp.o
[597/2494] Building CXX object modules/core/CMakeFiles/opencv_core.dir/src/out.cpp.o
[598/2494] Building CXX object modules/core/CMakeFiles/opencv_core.dir/src/ovx.cpp.o
[599/2494] Building CXX object modules/core/CMakeFiles/opencv_core.dir/src/parallel.cpp.o
[600/2494] Building CXX object modules/core/CMakeFiles/opencv_core.dir/src/parallel/parallel_openmp.cpp.o
[601/2494] Building CXX object modules/core/CMakeFiles/opencv_core.dir/src/parallel/parallel_tbb.cpp.o
[602/2494] Building CXX object modules/core/CMakeFiles/opencv_core.dir/src/pca.cpp.o
[603/2494] Building CXX object modules/core/CMakeFiles/opencv_core.dir/src/persistence_base64_encoding.cpp.o
[604/2494] Building CXX object modules/core/CMakeFiles/opencv_core.dir/src/parallel_impl.cpp.o
[605/2494] Building CXX object modules/core/CMakeFiles/opencv_core.dir/src/parallel/parallel.cpp.o
[606/2494] Building CXX object modules/core/CMakeFiles/opencv_core.dir/src/persistence_json.cpp.o
[607/2494] Building CXX object modules/core/CMakeFiles/opencv_core.dir/src/persistence_types.cpp.o
[608/2494] Building CXX object modules/core/CMakeFiles/opencv_core.dir/src/ocl.cpp.o
[609/2494] Building CXX object modules/core/CMakeFiles/opencv_core.dir/src/persistence_xml.cpp.o
[610/2494] Building CXX object modules/core/CMakeFiles/opencv_core.dir/src/persistence.cpp.o
[611/2494] Building CXX object modules/core/CMakeFiles/opencv_core.dir/src/persistence_yml.cpp.o
[612/2494] Building CXX object modules/core/CMakeFiles/opencv_core.dir/src/split.dispatch.cpp.o
[613/2494] Building CXX object modules/core/CMakeFiles/opencv_core.dir/src/stat.dispatch.cpp.o
[614/2494] Building CXX object modules/core/CMakeFiles/opencv_core.dir/src/rand.cpp.o
[615/2494] Building CXX object modules/core/CMakeFiles/opencv_core.dir/src/softfloat.cpp.o
[616/2494] Building CXX object modules/core/CMakeFiles/opencv_core.dir/src/stat_c.cpp.o
[617/2494] Building CXX object modules/core/CMakeFiles/opencv_core.dir/src/stl.cpp.o
[618/2494] Building CXX object modules/core/CMakeFiles/opencv_core.dir/src/reduce.dispatch.cpp.o
[619/2494] Building CXX object modules/core/CMakeFiles/opencv_core.dir/src/tables.cpp.o
[620/2494] Building CXX object modules/core/CMakeFiles/opencv_core.dir/src/sum.dispatch.cpp.o
[621/2494] Building CXX object modules/core/CMakeFiles/opencv_core.dir/src/types.cpp.o
[622/2494] Building CXX object modules/core/CMakeFiles/opencv_core.dir/src/trace.cpp.o
[623/2494] Building CXX object modules/core/CMakeFiles/opencv_core.dir/src/utils/datafile.cpp.o
[624/2494] Building CXX object modules/core/CMakeFiles/opencv_core.dir/src/umatrix.cpp.o
[625/2494] Building CXX object modules/core/CMakeFiles/opencv_core.dir/src/system.cpp.o
[626/2494] Building CXX object modules/core/CMakeFiles/opencv_core.dir/src/utils/filesystem.cpp.o
[627/2494] Building CXX object modules/core/CMakeFiles/opencv_core.dir/src/utils/logtagconfigparser.cpp.o
[628/2494] Building CXX object modules/core/CMakeFiles/opencv_core.dir/opencl_kernels_core.cpp.o
[629/2494] Building CXX object modules/core/CMakeFiles/opencv_core.dir/src/utils/samples.cpp.o
[630/2494] Building CXX object modules/core/CMakeFiles/opencv_core.dir/src/utils/logtagmanager.cpp.o
[631/2494] Building CXX object modules/core/CMakeFiles/opencv_core.dir/src/va_intel.cpp.o
[632/2494] Building CXX object modules/core/CMakeFiles/opencv_core.dir/minmax.sse4_1.cpp.o
[633/2494] Building CXX object modules/core/CMakeFiles/opencv_core.dir/stat.sse4_2.cpp.o
[634/2494] Building CXX object modules/core/CMakeFiles/opencv_core.dir/mathfuncs_core.avx.cpp.o
[635/2494] Building CXX object modules/core/CMakeFiles/opencv_core.dir/norm.sse4_1.cpp.o
[636/2494] Building CXX object modules/core/CMakeFiles/opencv_core.dir/mathfuncs_core.avx2.cpp.o
[637/2494] Building CXX object modules/core/CMakeFiles/opencv_core.dir/matmul.sse4_1.cpp.o
[638/2494] Building CXX object modules/core/CMakeFiles/opencv_core.dir/stat.avx2.cpp.o
[639/2494] Building CXX object modules/core/CMakeFiles/opencv_core.dir/norm.avx.cpp.o
[640/2494] Building CXX object modules/core/CMakeFiles/opencv_core.dir/arithm.sse4_1.cpp.o
[641/2494] Building CXX object modules/core/CMakeFiles/opencv_core.dir/count_non_zero.avx2.cpp.o
[642/2494] Building CXX object modules/core/CMakeFiles/opencv_core.dir/has_non_zero.avx2.cpp.o
[643/2494] Building CXX object modules/core/CMakeFiles/opencv_core.dir/convert_scale.avx2.cpp.o
[644/2494] Building CXX object modules/core/CMakeFiles/opencv_core.dir/convert.avx2.cpp.o
[645/2494] Building CXX object modules/core/CMakeFiles/opencv_core.dir/merge.avx2.cpp.o
[646/2494] Building CXX object modules/core/CMakeFiles/opencv_core.dir/mean.avx2.cpp.o
[647/2494] Building CXX object modules/core/CMakeFiles/opencv_core.dir/arithm.avx2.cpp.o
[648/2494] Building CXX object modules/core/CMakeFiles/opencv_core.dir/split.avx2.cpp.o
[649/2494] Building CXX object modules/core/CMakeFiles/opencv_core.dir/minmax.avx2.cpp.o
[650/2494] Building CXX object modules/core/CMakeFiles/opencv_core.dir/sum.avx2.cpp.o
[651/2494] Building CXX object modules/core/CMakeFiles/opencv_core.dir/matmul.avx2.cpp.o
[652/2494] Building CXX object modules/core/CMakeFiles/opencv_core.dir/stat.avx512_skx.cpp.o
[653/2494] Building CXX object modules/core/CMakeFiles/opencv_core.dir/count_non_zero.avx512_skx.cpp.o
[654/2494] Building CXX object modules/core/CMakeFiles/opencv_core.dir/norm.avx2.cpp.o
[655/2494] Building CXX object modules/core/CMakeFiles/opencv_core.dir/mean.avx512_skx.cpp.o
[656/2494] Building CXX object modules/core/CMakeFiles/opencv_core.dir/reduce.avx2.cpp.o
[657/2494] Building CXX object modules/flann/CMakeFiles/opencv_flann.dir/src/flann.cpp.o
[658/2494] Building CXX object modules/core/CMakeFiles/opencv_core.dir/minmax.avx512_skx.cpp.o
[659/2494] Building CXX object modules/core/CMakeFiles/opencv_core.dir/sum.avx512_skx.cpp.o
[660/2494] Building CXX object modules/core/CMakeFiles/opencv_core.dir/norm.avx512_skx.cpp.o
[661/2494] Building CXX object modules/ml/CMakeFiles/opencv_ml.dir/src/boost.cpp.o
[662/2494] Building CXX object modules/ml/CMakeFiles/opencv_ml.dir/src/ann_mlp.cpp.o
[663/2494] Building CXX object modules/ml/CMakeFiles/opencv_ml.dir/src/em.cpp.o
[664/2494] Building CXX object modules/ml/CMakeFiles/opencv_ml.dir/src/gbt.cpp.o
[665/2494] Building CXX object modules/core/CMakeFiles/opencv_core.dir/matmul.avx512_skx.cpp.o
[666/2494] Building CXX object modules/ml/CMakeFiles/opencv_ml.dir/src/inner_functions.cpp.o
[667/2494] Building CXX object modules/ml/CMakeFiles/opencv_ml.dir/src/data.cpp.o
[668/2494] Building CXX object modules/ml/CMakeFiles/opencv_ml.dir/src/kdtree.cpp.o
[669/2494] Building CXX object modules/ml/CMakeFiles/opencv_ml.dir/src/lr.cpp.o
[670/2494] Building CXX object modules/ml/CMakeFiles/opencv_ml.dir/src/knearest.cpp.o
[671/2494] Building CXX object modules/ml/CMakeFiles/opencv_ml.dir/src/nbayes.cpp.o
[672/2494] Building CXX object modules/ml/CMakeFiles/opencv_ml.dir/src/svmsgd.cpp.o
[673/2494] Building CXX object modules/ml/CMakeFiles/opencv_ml.dir/src/rtrees.cpp.o
[674/2494] Building CXX object modules/ml/CMakeFiles/opencv_ml.dir/src/testset.cpp.o
[675/2494] Building CXX object apps/version/CMakeFiles/opencv_version.dir/opencv_version.cpp.o
[676/2494] Building CXX object modules/ml/CMakeFiles/opencv_ml.dir/src/svm.cpp.o
[677/2494] Building CXX object modules/ml/CMakeFiles/opencv_ml.dir/src/tree.cpp.o
[678/2494] Building CXX object modules/flann/CMakeFiles/opencv_flann.dir/src/miniflann.cpp.o
[679/2494] Linking CXX shared library lib/libopencv_core.so.4.14.0
[680/2494] Creating library symlink lib/libopencv_core.so.414 lib/libopencv_core.so
[681/2494] Processing OpenCL kernels (imgproc)
[682/2494] Linking CXX executable bin/opencv_version
[683/2494] Building CXX object modules/imgproc/CMakeFiles/opencv_imgproc.dir/src/blend.cpp.o
[684/2494] Building CXX object modules/imgproc/CMakeFiles/opencv_imgproc.dir/src/accum.cpp.o
[685/2494] Building CXX object modules/imgproc/CMakeFiles/opencv_imgproc.dir/src/approx.cpp.o
[686/2494] Building CXX object modules/imgproc/CMakeFiles/opencv_imgproc.dir/src/bilateral_filter.dispatch.cpp.o
[687/2494] Linking CXX shared library lib/libopencv_ml.so.4.14.0
[688/2494] Building CXX object modules/imgproc/CMakeFiles/opencv_imgproc.dir/src/accum.dispatch.cpp.o
[689/2494] Building CXX object modules/core/CMakeFiles/opencv_test_core.dir/test/ocl/test_image2d.cpp.o
[690/2494] Linking CXX shared library lib/libopencv_flann.so.4.14.0
[691/2494] Building CXX object modules/core/CMakeFiles/opencv_test_core.dir/test/ocl/test_gemm.cpp.o
[692/2494] Building CXX object modules/core/CMakeFiles/opencv_test_core.dir/test/ocl/test_matrix_expr.cpp.o
[693/2494] Building CXX object modules/core/CMakeFiles/opencv_test_core.dir/test/ocl/test_dft.cpp.o
[694/2494] Building CXX object modules/core/CMakeFiles/opencv_test_core.dir/test/ocl/test_channels.cpp.o
[695/2494] Building CXX object modules/core/CMakeFiles/opencv_test_core.dir/test/ocl/test_opencl.cpp.o
[696/2494] Building CXX object modules/core/CMakeFiles/opencv_test_core.dir/test/test_allocator.cpp.o
[697/2494] Building CXX object modules/core/CMakeFiles/opencv_test_core.dir/test/test_cuda.cpp.o
[698/2494] Building CXX object modules/core/CMakeFiles/opencv_test_core.dir/test/ocl/test_matrix_operation.cpp.o
[699/2494] Building CXX object modules/core/CMakeFiles/opencv_test_core.dir/test/test_concatenation.cpp.o
[700/2494] Building CXX object modules/core/CMakeFiles/opencv_test_core.dir/test/test_async.cpp.o
[701/2494] Building CXX object modules/core/CMakeFiles/opencv_test_core.dir/test/test_conjugate_gradient.cpp.o
[702/2494] Building CXX object modules/core/CMakeFiles/opencv_test_core.dir/test/test_downhill_simplex.cpp.o
[703/2494] Building CXX object modules/core/CMakeFiles/opencv_test_core.dir/test/test_countnonzero.cpp.o
[704/2494] Building CXX object modules/core/CMakeFiles/opencv_test_core.dir/test/test_ds.cpp.o
[705/2494] Building CXX object modules/core/CMakeFiles/opencv_test_core.dir/test/test_dxt.cpp.o
[706/2494] Building CXX object modules/core/CMakeFiles/opencv_test_core.dir/test/test_eigen.cpp.o
[707/2494] Building CXX object modules/core/CMakeFiles/opencv_test_core.dir/test/test_hal_core.cpp.o
[708/2494] Building CXX object modules/core/CMakeFiles/opencv_test_core.dir/test/test_hasnonzero.cpp.o
[709/2494] Building CXX object modules/core/CMakeFiles/opencv_test_core.dir/test/test_logger_replace.cpp.o
[710/2494] Building CXX object modules/core/CMakeFiles/opencv_test_core.dir/test/test_logtagconfigparser.cpp.o
[711/2494] Building CXX object modules/core/CMakeFiles/opencv_test_core.dir/test/test_lpsolver.cpp.o
[712/2494] Building CXX object modules/core/CMakeFiles/opencv_test_core.dir/test/ocl/test_arithm.cpp.o
[713/2494] Building CXX object modules/core/CMakeFiles/opencv_test_core.dir/test/test_logtagmanager.cpp.o
[714/2494] Building CXX object modules/core/CMakeFiles/opencv_test_core.dir/test/test_main.cpp.o
[715/2494] Building CXX object modules/core/CMakeFiles/opencv_test_core.dir/test/test_opencl.cpp.o
[716/2494] Building CXX object modules/core/CMakeFiles/opencv_test_core.dir/test/test_io.cpp.o
[717/2494] Building CXX object modules/core/CMakeFiles/opencv_test_core.dir/test/test_misc.cpp.o
[718/2494] Building CXX object modules/core/CMakeFiles/opencv_test_core.dir/test/test_ptr.cpp.o
[719/2494] Building CXX object modules/core/CMakeFiles/opencv_test_core.dir/test/test_arithm.cpp.o
[720/2494] Building CXX object modules/core/CMakeFiles/opencv_test_core.dir/test/test_rand.cpp.o
[721/2494] Building CXX object modules/core/CMakeFiles/opencv_test_core.dir/test/test_rotatedrect.cpp.o
[722/2494] Building CXX object modules/core/CMakeFiles/opencv_test_core.dir/test/test_quaternion.cpp.o
[723/2494] Building CXX object modules/core/CMakeFiles/opencv_test_core.dir/test/test_intrin_emulator.cpp.o
[724/2494] Building CXX object modules/core/CMakeFiles/opencv_test_core.dir/test/test_mat.cpp.o
[725/2494] Building CXX object modules/core/CMakeFiles/opencv_test_core.dir/test/test_math.cpp.o
[726/2494] Building CXX object modules/core/CMakeFiles/opencv_test_core.dir/test/test_utils.cpp.o
[727/2494] Building CXX object modules/core/CMakeFiles/opencv_test_core.dir/test/test_intrin.cpp.o
[728/2494] Building CXX object modules/core/CMakeFiles/opencv_test_core.dir/test/test_umat.cpp.o
[729/2494] Building CXX object modules/core/CMakeFiles/opencv_test_core.dir/test/test_intrin128.sse2.cpp.o
[730/2494] Building CXX object modules/core/CMakeFiles/opencv_test_core.dir/test/test_intrin128.sse3.cpp.o
[731/2494] Building CXX object modules/core/CMakeFiles/opencv_test_core.dir/test/test_intrin128.ssse3.cpp.o
[732/2494] Building CXX object modules/core/CMakeFiles/opencv_test_core.dir/test/test_intrin128.sse4_1.cpp.o
[733/2494] Building CXX object modules/core/CMakeFiles/opencv_test_core.dir/test/test_intrin128.sse4_2.cpp.o
[734/2494] Building CXX object modules/core/CMakeFiles/opencv_test_core.dir/test/test_intrin128.avx.cpp.o
[735/2494] Building CXX object modules/core/CMakeFiles/opencv_test_core.dir/test/test_intrin128.fp16.cpp.o
[736/2494] Building CXX object modules/core/CMakeFiles/opencv_perf_core.dir/perf/cuda/perf_gpumat.cpp.o
[737/2494] Building CXX object modules/core/CMakeFiles/opencv_perf_core.dir/perf/opencl/perf_bufferpool.cpp.o
[738/2494] Building CXX object modules/core/CMakeFiles/opencv_perf_core.dir/perf/opencl/perf_channels.cpp.o
[739/2494] Building CXX object modules/core/CMakeFiles/opencv_test_core.dir/test/test_intrin128.avx2.cpp.o
[740/2494] Building CXX object modules/core/CMakeFiles/opencv_perf_core.dir/perf/opencl/perf_dxt.cpp.o
[741/2494] Building CXX object modules/core/CMakeFiles/opencv_test_core.dir/test/test_intrin128.avx512_skx.cpp.o
[742/2494] Building CXX object modules/core/CMakeFiles/opencv_perf_core.dir/perf/opencl/perf_gemm.cpp.o
[743/2494] Building CXX object modules/core/CMakeFiles/opencv_test_core.dir/test/test_intrin256.avx2.cpp.o
[744/2494] Building CXX object modules/core/CMakeFiles/opencv_test_core.dir/test/test_intrin256.avx512_skx.cpp.o
[745/2494] Building CXX object modules/core/CMakeFiles/opencv_perf_core.dir/perf/perf_abs.cpp.o
[746/2494] Building CXX object modules/core/CMakeFiles/opencv_test_core.dir/test/test_intrin512.avx512_skx.cpp.o
[747/2494] Building CXX object modules/core/CMakeFiles/opencv_perf_core.dir/perf/opencl/perf_usage_flags.cpp.o
[748/2494] Building CXX object modules/core/CMakeFiles/opencv_perf_core.dir/perf/perf_addWeighted.cpp.o
[749/2494] Building CXX object modules/core/CMakeFiles/opencv_perf_core.dir/perf/perf_allocation.cpp.o
[750/2494] Building CXX object modules/core/CMakeFiles/opencv_perf_core.dir/perf/opencl/perf_matop.cpp.o
[751/2494] Building CXX object modules/core/CMakeFiles/opencv_perf_core.dir/perf/perf_compare.cpp.o
[752/2494] Building CXX object modules/core/CMakeFiles/opencv_perf_core.dir/perf/perf_bitwise.cpp.o
[753/2494] Building CXX object modules/core/CMakeFiles/opencv_perf_core.dir/perf/opencl/perf_arithm.cpp.o
[754/2494] Building CXX object modules/core/CMakeFiles/opencv_perf_core.dir/perf/perf_convertTo.cpp.o
[755/2494] Building CXX object modules/core/CMakeFiles/opencv_perf_core.dir/perf/perf_dft.cpp.o
[756/2494] Building CXX object modules/core/CMakeFiles/opencv_perf_core.dir/perf/perf_cvround.cpp.o
[757/2494] Building CXX object modules/core/CMakeFiles/opencv_perf_core.dir/perf/perf_dot.cpp.o
[758/2494] Building CXX object modules/core/CMakeFiles/opencv_perf_core.dir/perf/perf_flip.cpp.o
[759/2494] Building CXX object modules/core/CMakeFiles/opencv_perf_core.dir/perf/perf_inRange.cpp.o
[760/2494] Building CXX object modules/core/CMakeFiles/opencv_perf_core.dir/perf/perf_main.cpp.o
[761/2494] Building CXX object modules/core/CMakeFiles/opencv_perf_core.dir/perf/perf_gemm.cpp.o
[762/2494] Building CXX object modules/core/CMakeFiles/opencv_perf_core.dir/perf/perf_lut.cpp.o
[763/2494] Building CXX object modules/core/CMakeFiles/opencv_perf_core.dir/perf/perf_io_base64.cpp.o
[764/2494] Building CXX object modules/core/CMakeFiles/opencv_perf_core.dir/perf/perf_arithm.cpp.o
[765/2494] Building CXX object modules/core/CMakeFiles/opencv_perf_core.dir/perf/perf_mat.cpp.o
[766/2494] Building CXX object modules/core/CMakeFiles/opencv_perf_core.dir/perf/perf_merge.cpp.o
[767/2494] Building CXX object modules/core/CMakeFiles/opencv_perf_core.dir/perf/perf_minmaxloc.cpp.o
[768/2494] Building CXX object modules/core/CMakeFiles/opencv_perf_core.dir/perf/perf_sort.cpp.o
[769/2494] Creating library symlink lib/libopencv_flann.so.414 lib/libopencv_flann.so
[770/2494] Building CXX object modules/core/CMakeFiles/opencv_perf_core.dir/perf/perf_reduce.cpp.o
[771/2494] Building CXX object modules/core/CMakeFiles/opencv_perf_core.dir/perf/perf_split.cpp.o
[772/2494] Building CXX object modules/core/CMakeFiles/opencv_perf_core.dir/perf/perf_math.cpp.o
[773/2494] Building CXX object modules/core/CMakeFiles/opencv_perf_core.dir/perf/perf_umat.cpp.o
[774/2494] Building CXX object modules/core/CMakeFiles/opencv_perf_core.dir/perf/perf_norm.cpp.o
[775/2494] Building CXX object modules/flann/CMakeFiles/opencv_test_flann.dir/test/test_heap.cpp.o
[776/2494] Building CXX object modules/core/CMakeFiles/opencv_perf_core.dir/perf/perf_stat.cpp.o
[777/2494] Building CXX object modules/flann/CMakeFiles/opencv_test_flann.dir/test/test_main.cpp.o
[778/2494] Building CXX object modules/flann/CMakeFiles/opencv_test_flann.dir/test/test_radius_search.cpp.o
[779/2494] Building CXX object modules/imgproc/CMakeFiles/opencv_imgproc.dir/src/color.cpp.o
[780/2494] Building CXX object modules/imgproc/CMakeFiles/opencv_imgproc.dir/src/clahe.cpp.o
[781/2494] Building CXX object modules/imgproc/CMakeFiles/opencv_imgproc.dir/src/canny.cpp.o
[782/2494] Building CXX object modules/imgproc/CMakeFiles/opencv_imgproc.dir/src/color_hsv.dispatch.cpp.o
[783/2494] Building CXX object modules/flann/CMakeFiles/opencv_test_flann.dir/test/test_lshtable_badarg.cpp.o
[784/2494] Building CXX object modules/imgproc/CMakeFiles/opencv_imgproc.dir/src/color_rgb.dispatch.cpp.o
[785/2494] Building CXX object modules/imgproc/CMakeFiles/opencv_imgproc.dir/src/box_filter.dispatch.cpp.o
[786/2494] Building CXX object modules/imgproc/CMakeFiles/opencv_imgproc.dir/src/colormap.cpp.o
[787/2494] Building CXX object modules/imgproc/CMakeFiles/opencv_imgproc.dir/src/contours.cpp.o
[788/2494] Building CXX object modules/imgproc/CMakeFiles/opencv_imgproc.dir/src/color_lab.cpp.o
[789/2494] Building CXX object modules/imgproc/CMakeFiles/opencv_imgproc.dir/src/contours_approx.cpp.o
[790/2494] Building CXX object modules/imgproc/CMakeFiles/opencv_imgproc.dir/src/contours_common.cpp.o
[791/2494] Building CXX object modules/imgproc/CMakeFiles/opencv_imgproc.dir/src/contours_link.cpp.o
[792/2494] Building CXX object modules/imgproc/CMakeFiles/opencv_imgproc.dir/src/color_yuv.dispatch.cpp.o
[793/2494] Building CXX object modules/imgproc/CMakeFiles/opencv_imgproc.dir/src/cornersubpix.cpp.o
[794/2494] Building CXX object modules/imgproc/CMakeFiles/opencv_imgproc.dir/src/corner.cpp.o
[795/2494] Building CXX object modules/imgproc/CMakeFiles/opencv_imgproc.dir/src/convhull.cpp.o
[796/2494] Building CXX object modules/imgproc/CMakeFiles/opencv_imgproc.dir/src/contours_new.cpp.o
[797/2494] Building CXX object modules/imgproc/CMakeFiles/opencv_imgproc.dir/src/contours_truco.cpp.o
[798/2494] Building CXX object modules/imgproc/CMakeFiles/opencv_imgproc.dir/src/demosaicing.cpp.o
[799/2494] Building CXX object modules/imgproc/CMakeFiles/opencv_imgproc.dir/src/distransform.cpp.o
[800/2494] Building CXX object modules/imgproc/CMakeFiles/opencv_imgproc.dir/src/emd.cpp.o
[801/2494] Building CXX object modules/imgproc/CMakeFiles/opencv_imgproc.dir/src/deriv.cpp.o
[802/2494] Building CXX object modules/imgproc/CMakeFiles/opencv_imgproc.dir/src/emd_new.cpp.o
[803/2494] Building CXX object modules/imgproc/CMakeFiles/opencv_imgproc.dir/src/equalize_hist.dispatch.cpp.o
[804/2494] Building CXX object modules/imgproc/CMakeFiles/opencv_imgproc.dir/src/drawing.cpp.o
[805/2494] Building CXX object modules/imgproc/CMakeFiles/opencv_imgproc.dir/src/gabor.cpp.o
[806/2494] Building CXX object modules/imgproc/CMakeFiles/opencv_imgproc.dir/src/featureselect.cpp.o
[807/2494] Building CXX object modules/imgproc/CMakeFiles/opencv_imgproc.dir/src/floodfill.cpp.o
[808/2494] Building CXX object modules/imgproc/CMakeFiles/opencv_imgproc.dir/src/hershey_fonts.cpp.o
[809/2494] Building CXX object modules/imgproc/CMakeFiles/opencv_imgproc.dir/src/geometry.cpp.o
[810/2494] Building CXX object modules/imgproc/CMakeFiles/opencv_imgproc.dir/src/grabcut.cpp.o
[811/2494] Building CXX object modules/imgproc/CMakeFiles/opencv_imgproc.dir/src/generalized_hough.cpp.o
[812/2494] Building CXX object modules/imgproc/CMakeFiles/opencv_imgproc.dir/src/intelligent_scissors.cpp.o
[813/2494] Building CXX object modules/imgproc/CMakeFiles/opencv_imgproc.dir/src/intersection.cpp.o
[814/2494] Building CXX object modules/imgproc/CMakeFiles/opencv_imgproc.dir/src/histogram.cpp.o
[815/2494] Building CXX object modules/imgproc/CMakeFiles/opencv_imgproc.dir/src/connectedcomponents.cpp.o
[816/2494] Building CXX object modules/imgproc/CMakeFiles/opencv_imgproc.dir/src/linefit.cpp.o
[817/2494] Building CXX object modules/imgproc/CMakeFiles/opencv_imgproc.dir/src/hough.cpp.o
[818/2494] Building CXX object modules/imgproc/CMakeFiles/opencv_imgproc.dir/src/lsd.cpp.o
[819/2494] Building CXX object modules/imgproc/CMakeFiles/opencv_imgproc.dir/src/main.cpp.o
[820/2494] Building CXX object modules/imgproc/CMakeFiles/opencv_imgproc.dir/src/matchcontours.cpp.o
[821/2494] Building CXX object modules/imgproc/CMakeFiles/opencv_imgproc.dir/src/min_enclosing_triangle.cpp.o
[822/2494] Building CXX object modules/imgproc/CMakeFiles/opencv_imgproc.dir/src/min_enclosing_convex_polygon.cpp.o
[823/2494] Building CXX object modules/imgproc/CMakeFiles/opencv_imgproc.dir/src/moments.cpp.o
[824/2494] Building CXX object modules/imgproc/CMakeFiles/opencv_imgproc.dir/src/median_blur.dispatch.cpp.o
[825/2494] Building CXX object modules/imgproc/CMakeFiles/opencv_imgproc.dir/src/phasecorr_iterative.cpp.o
[826/2494] Building CXX object modules/imgproc/CMakeFiles/opencv_imgproc.dir/src/phasecorr.cpp.o
[827/2494] Building CXX object modules/imgproc/CMakeFiles/opencv_imgproc.dir/src/imgwarp.cpp.o
[828/2494] Building CXX object modules/imgproc/CMakeFiles/opencv_imgproc.dir/src/pyramids_avx512_vbmi.dispatch.cpp.o
[829/2494] Building CXX object modules/imgproc/CMakeFiles/opencv_imgproc.dir/src/filter.dispatch.cpp.o
[830/2494] Building CXX object modules/imgproc/CMakeFiles/opencv_imgproc.dir/src/rotcalipers.cpp.o
[831/2494] Building CXX object modules/imgproc/CMakeFiles/opencv_imgproc.dir/src/segmentation.cpp.o
[832/2494] Building CXX object modules/imgproc/CMakeFiles/opencv_imgproc.dir/src/samplers.cpp.o
[833/2494] Building CXX object modules/imgproc/CMakeFiles/opencv_imgproc.dir/src/morph.dispatch.cpp.o
[834/2494] Building CXX object modules/imgproc/CMakeFiles/opencv_imgproc.dir/src/pyramids.cpp.o
[835/2494] Building CXX object modules/imgproc/CMakeFiles/opencv_imgproc.dir/src/shapedescr.cpp.o
[836/2494] Building CXX object modules/imgproc/CMakeFiles/opencv_imgproc.dir/src/spatialgradient.cpp.o
[837/2494] Building CXX object modules/imgproc/CMakeFiles/opencv_imgproc.dir/src/subdivision2d.cpp.o
[838/2494] Building CXX object modules/imgproc/CMakeFiles/opencv_imgproc.dir/src/tables.cpp.o
[839/2494] Building CXX object modules/imgproc/CMakeFiles/opencv_imgproc.dir/src/stackblur.cpp.o
[840/2494] Building CXX object modules/imgproc/CMakeFiles/opencv_imgproc.dir/src/templmatch.cpp.o
[841/2494] Building CXX object modules/imgproc/CMakeFiles/opencv_imgproc.dir/src/sumpixels.dispatch.cpp.o
[842/2494] Building CXX object modules/imgproc/CMakeFiles/opencv_imgproc.dir/src/utils.cpp.o
[843/2494] Building CXX object modules/imgproc/CMakeFiles/opencv_imgproc.dir/opencl_kernels_imgproc.cpp.o
[844/2494] Building CXX object modules/imgproc/CMakeFiles/opencv_imgproc.dir/src/resize.sse4_1.cpp.o
[845/2494] Building CXX object modules/imgproc/CMakeFiles/opencv_imgproc.dir/src/thresh.cpp.o
[846/2494] Building CXX object modules/imgproc/CMakeFiles/opencv_imgproc.dir/src/imgwarp.sse4_1.cpp.o
[847/2494] Building CXX object modules/imgproc/CMakeFiles/opencv_imgproc.dir/src/resize.cpp.o
[848/2494] Building CXX object modules/imgproc/CMakeFiles/opencv_imgproc.dir/src/smooth.dispatch.cpp.o
[849/2494] Building CXX object modules/imgproc/CMakeFiles/opencv_imgproc.dir/accum.sse4_1.cpp.o
[850/2494] Building CXX object modules/imgproc/CMakeFiles/opencv_imgproc.dir/color_hsv.sse4_1.cpp.o
[851/2494] Building CXX object modules/imgproc/CMakeFiles/opencv_imgproc.dir/color_rgb.sse4_1.cpp.o
[852/2494] Building CXX object modules/imgproc/CMakeFiles/opencv_imgproc.dir/median_blur.sse4_1.cpp.o
[853/2494] Building CXX object modules/imgproc/CMakeFiles/opencv_imgproc.dir/box_filter.sse4_1.cpp.o
[854/2494] Building CXX object modules/imgproc/CMakeFiles/opencv_imgproc.dir/color_yuv.sse4_1.cpp.o
[855/2494] Building CXX object modules/imgproc/CMakeFiles/opencv_imgproc.dir/src/corner.avx.cpp.o
[856/2494] Building CXX object modules/imgproc/CMakeFiles/opencv_imgproc.dir/src/resize.avx2.cpp.o
[857/2494] Building CXX object modules/imgproc/CMakeFiles/opencv_imgproc.dir/src/imgwarp.avx2.cpp.o
[858/2494] Building CXX object modules/imgproc/CMakeFiles/opencv_imgproc.dir/morph.sse4_1.cpp.o
[859/2494] Building CXX object modules/core/CMakeFiles/opencv_test_core.dir/test/test_operations.cpp.o
[860/2494] Building CXX object modules/imgproc/CMakeFiles/opencv_imgproc.dir/accum.avx.cpp.o
[861/2494] Building CXX object modules/imgproc/CMakeFiles/opencv_imgproc.dir/smooth.sse4_1.cpp.o
[862/2494] Building CXX object modules/imgproc/CMakeFiles/opencv_imgproc.dir/accum.avx2.cpp.o
[863/2494] Building CXX object modules/imgproc/CMakeFiles/opencv_imgproc.dir/bilateral_filter.avx2.cpp.o
[864/2494] Building CXX object modules/imgproc/CMakeFiles/opencv_imgproc.dir/filter.sse4_1.cpp.o
[865/2494] Building CXX object modules/imgproc/CMakeFiles/opencv_imgproc.dir/color_hsv.avx2.cpp.o
[866/2494] Building CXX object modules/imgproc/CMakeFiles/opencv_imgproc.dir/color_rgb.avx2.cpp.o
[867/2494] Building CXX object modules/imgproc/CMakeFiles/opencv_imgproc.dir/median_blur.avx2.cpp.o
[868/2494] Building CXX object modules/imgproc/CMakeFiles/opencv_imgproc.dir/sumpixels.avx2.cpp.o
[869/2494] Building CXX object modules/imgproc/CMakeFiles/opencv_imgproc.dir/color_yuv.avx2.cpp.o
[870/2494] Building CXX object modules/imgproc/CMakeFiles/opencv_imgproc.dir/box_filter.avx2.cpp.o
[871/2494] Building CXX object modules/imgproc/CMakeFiles/opencv_imgproc.dir/bilateral_filter.avx512_skx.cpp.o
[872/2494] Building CXX object modules/imgproc/CMakeFiles/opencv_imgproc.dir/morph.avx2.cpp.o
[873/2494] Building CXX object modules/imgproc/CMakeFiles/opencv_imgproc.dir/color_rgb.avx512_skx.cpp.o
[874/2494] Building CXX object modules/imgproc/CMakeFiles/opencv_imgproc.dir/color_hsv.avx512_skx.cpp.o
[875/2494] Building CXX object modules/imgproc/CMakeFiles/opencv_imgproc.dir/median_blur.avx512_skx.cpp.o
[876/2494] Building CXX object modules/imgproc/CMakeFiles/opencv_imgproc.dir/sumpixels.avx512_skx.cpp.o
[877/2494] Building CXX object modules/imgproc/CMakeFiles/opencv_imgproc.dir/filter.avx2.cpp.o
[878/2494] Building CXX object modules/imgproc/CMakeFiles/opencv_imgproc.dir/color_yuv.avx512_skx.cpp.o
[879/2494] Building CXX object modules/imgproc/CMakeFiles/opencv_imgproc.dir/imgwarp.avx512_skx.cpp.o
[880/2494] Building CXX object modules/imgproc/CMakeFiles/opencv_imgproc.dir/smooth.avx2.cpp.o
[881/2494] Building CXX object modules/imgproc/CMakeFiles/opencv_imgproc.dir/box_filter.avx512_skx.cpp.o
[882/2494] Building CXX object modules/imgproc/CMakeFiles/opencv_test_imgproc.dir/test/ocl/test_accumulate.cpp.o
[883/2494] Building CXX object modules/imgproc/CMakeFiles/opencv_test_imgproc.dir/test/ocl/test_blend.cpp.o
[884/2494] Building CXX object modules/imgproc/CMakeFiles/opencv_test_imgproc.dir/test/ocl/test_boxfilter.cpp.o
[885/2494] Building CXX object modules/imgproc/CMakeFiles/opencv_test_imgproc.dir/test/ocl/test_canny.cpp.o
[886/2494] Building CXX object modules/imgproc/CMakeFiles/opencv_test_imgproc.dir/test/ocl/test_filter2d.cpp.o
[887/2494] Building CXX object modules/imgproc/CMakeFiles/opencv_test_imgproc.dir/test/ocl/test_gftt.cpp.o
[888/2494] Building CXX object modules/imgproc/CMakeFiles/opencv_test_imgproc.dir/test/ocl/test_histogram.cpp.o
[889/2494] Building CXX object modules/imgproc/CMakeFiles/opencv_test_imgproc.dir/test/ocl/test_houghlines.cpp.o
[890/2494] Building CXX object modules/imgproc/CMakeFiles/opencv_test_imgproc.dir/test/ocl/test_filters.cpp.o
[891/2494] Building CXX object modules/imgproc/CMakeFiles/opencv_test_imgproc.dir/test/ocl/test_match_template.cpp.o
[892/2494] Building CXX object modules/imgproc/CMakeFiles/opencv_test_imgproc.dir/test/ocl/test_medianfilter.cpp.o
[893/2494] Building CXX object modules/imgproc/CMakeFiles/opencv_test_imgproc.dir/test/ocl/test_pyramids.cpp.o
[894/2494] Building CXX object modules/imgproc/CMakeFiles/opencv_test_imgproc.dir/test/test_approxpoly.cpp.o
[895/2494] Building CXX object modules/imgproc/CMakeFiles/opencv_test_imgproc.dir/test/ocl/test_sepfilter2d.cpp.o
[896/2494] Building CXX object modules/imgproc/CMakeFiles/opencv_test_imgproc.dir/test/ocl/test_imgproc.cpp.o
[897/2494] Building CXX object modules/imgproc/CMakeFiles/opencv_test_imgproc.dir/test/test_bilateral_filter.cpp.o
[898/2494] Building CXX object modules/imgproc/CMakeFiles/opencv_test_imgproc.dir/test/test_boundingrect.cpp.o
[899/2494] Building CXX object modules/imgproc/CMakeFiles/opencv_test_imgproc.dir/test/test_contours.cpp.o
[900/2494] Building CXX object modules/imgproc/CMakeFiles/opencv_test_imgproc.dir/test/test_canny.cpp.o
[901/2494] Building CXX object modules/imgproc/CMakeFiles/opencv_test_imgproc.dir/test/test_connectedcomponents.cpp.o
[902/2494] Building CXX object modules/imgproc/CMakeFiles/opencv_test_imgproc.dir/test/ocl/test_warp.cpp.o
[903/2494] Building CXX object modules/imgproc/CMakeFiles/opencv_test_imgproc.dir/test/test_cornersubpix.cpp.o
[904/2494] Building CXX object modules/imgproc/CMakeFiles/opencv_test_imgproc.dir/test/test_contours_truco.cpp.o
[905/2494] Building CXX object modules/imgproc/CMakeFiles/opencv_test_imgproc.dir/test/test_contours_new.cpp.o
[906/2494] Building CXX object modules/imgproc/CMakeFiles/opencv_test_imgproc.dir/test/test_cvtyuv.cpp.o
[907/2494] Building CXX object modules/imgproc/CMakeFiles/opencv_test_imgproc.dir/test/test_distancetransform.cpp.o
[908/2494] Building CXX object modules/imgproc/CMakeFiles/opencv_test_imgproc.dir/test/test_color.cpp.o
[909/2494] Building CXX object modules/imgproc/CMakeFiles/opencv_test_imgproc.dir/test/test_emd.cpp.o
[910/2494] Building CXX object modules/imgproc/CMakeFiles/opencv_test_imgproc.dir/test/ocl/test_color.cpp.o
[911/2494] Building CXX object modules/imgproc/CMakeFiles/opencv_test_imgproc.dir/test/test_fitellipse.cpp.o
[912/2494] Building CXX object modules/imgproc/CMakeFiles/opencv_test_imgproc.dir/test/test_drawing.cpp.o
[913/2494] Building CXX object modules/imgproc/CMakeFiles/opencv_test_imgproc.dir/test/test_fitellipse_ams.cpp.o
[914/2494] Building CXX object modules/imgproc/CMakeFiles/opencv_test_imgproc.dir/test/test_fitellipse_direct.cpp.o
[915/2494] Building CXX object modules/imgproc/CMakeFiles/opencv_test_imgproc.dir/test/test_convhull.cpp.o
[916/2494] Building CXX object modules/imgproc/CMakeFiles/opencv_test_imgproc.dir/test/test_floodfill.cpp.o
[917/2494] Building CXX object modules/imgproc/CMakeFiles/opencv_test_imgproc.dir/test/test_grabcut.cpp.o
[918/2494] Building CXX object modules/imgproc/CMakeFiles/opencv_test_imgproc.dir/test/test_goodfeaturetotrack.cpp.o
[919/2494] Building CXX object modules/imgproc/CMakeFiles/opencv_test_imgproc.dir/test/test_imgproc_umat.cpp.o
[920/2494] Building CXX object modules/imgproc/CMakeFiles/opencv_test_imgproc.dir/test/test_houghcircles.cpp.o
[921/2494] Building CXX object modules/imgproc/CMakeFiles/opencv_test_imgproc.dir/test/test_filter.cpp.o
[922/2494] Building CXX object modules/imgproc/CMakeFiles/opencv_test_imgproc.dir/test/test_imgwarp_strict.cpp.o
[923/2494] Building CXX object modules/imgproc/CMakeFiles/opencv_test_imgproc.dir/test/test_histograms.cpp.o
[924/2494] Building CXX object modules/imgproc/CMakeFiles/opencv_test_imgproc.dir/test/test_intelligent_scissors.cpp.o
[925/2494] Building CXX object modules/imgproc/CMakeFiles/opencv_test_imgproc.dir/test/test_houghlines.cpp.o
[926/2494] Building CXX object modules/imgproc/CMakeFiles/opencv_test_imgproc.dir/test/test_intersectconvexconvex.cpp.o
[927/2494] Building CXX object modules/imgproc/CMakeFiles/opencv_test_imgproc.dir/test/test_ipc.cpp.o
[928/2494] Building CXX object modules/imgproc/CMakeFiles/opencv_test_imgproc.dir/test/test_main.cpp.o
[929/2494] Building CXX object modules/imgproc/CMakeFiles/opencv_test_imgproc.dir/test/test_imgwarp.cpp.o
[930/2494] Building CXX object modules/imgproc/CMakeFiles/opencv_test_imgproc.dir/test/test_intersection.cpp.o
[931/2494] Building CXX object modules/imgproc/CMakeFiles/opencv_test_imgproc.dir/test/test_lsd.cpp.o
[932/2494] Building CXX object modules/imgproc/CMakeFiles/opencv_test_imgproc.dir/test/test_moments.cpp.o
[933/2494] Building CXX object modules/imgproc/CMakeFiles/opencv_test_imgproc.dir/test/test_pyramid.cpp.o
[934/2494] Building CXX object modules/imgproc/CMakeFiles/opencv_test_imgproc.dir/test/test_pc.cpp.o
[935/2494] Building CXX object modules/imgproc/CMakeFiles/opencv_test_imgproc.dir/test/test_structuring_element.cpp.o
[936/2494] Linking CXX shared library lib/libopencv_imgproc.so.4.14.0
[937/2494] Creating library symlink lib/libopencv_imgproc.so.414 lib/libopencv_imgproc.so
[938/2494] Building CXX object modules/imgproc/CMakeFiles/opencv_test_imgproc.dir/test/test_subdivision2d.cpp.o
[939/2494] Building CXX object modules/imgproc/CMakeFiles/opencv_test_imgproc.dir/test/test_resize_bitexact.cpp.o
[940/2494] Building CXX object modules/imgproc/CMakeFiles/opencv_test_imgproc.dir/test/test_smooth_bitexact.cpp.o
[941/2494] Building CXX object modules/imgproc/CMakeFiles/opencv_test_imgproc.dir/test/test_watershed.cpp.o
[942/2494] Building CXX object modules/imgproc/CMakeFiles/opencv_test_imgproc.dir/test/test_templmatch.cpp.o
[943/2494] Building CXX object modules/imgproc/CMakeFiles/opencv_test_imgproc.dir/test/test_stackblur.cpp.o
[944/2494] Building CXX object modules/imgproc/CMakeFiles/opencv_test_imgproc.dir/test/test_templmatchmask.cpp.o
[945/2494] Building CXX object modules/imgproc/CMakeFiles/opencv_perf_imgproc.dir/perf/opencl/perf_blend.cpp.o
[946/2494] Building CXX object modules/imgproc/CMakeFiles/opencv_perf_imgproc.dir/perf/opencl/perf_3vs4.cpp.o
[947/2494] Building CXX object modules/imgproc/CMakeFiles/opencv_test_imgproc.dir/test/test_thresh.cpp.o
[948/2494] Building CXX object modules/imgproc/CMakeFiles/opencv_perf_imgproc.dir/perf/opencl/perf_color.cpp.o
[949/2494] Building CXX object modules/imgproc/CMakeFiles/opencv_perf_imgproc.dir/perf/opencl/perf_accumulate.cpp.o
[950/2494] Building CXX object modules/imgproc/CMakeFiles/opencv_perf_imgproc.dir/perf/opencl/perf_gftt.cpp.o
[951/2494] Building CXX object modules/imgproc/CMakeFiles/opencv_perf_imgproc.dir/perf/opencl/perf_houghlines.cpp.o
[952/2494] Building CXX object modules/imgproc/CMakeFiles/opencv_perf_imgproc.dir/perf/opencl/perf_matchTemplate.cpp.o
[953/2494] Building CXX object modules/imgproc/CMakeFiles/opencv_perf_imgproc.dir/perf/opencl/perf_moments.cpp.o
[954/2494] Building CXX object modules/imgproc/CMakeFiles/opencv_perf_imgproc.dir/perf/opencl/perf_imgwarp.cpp.o
[955/2494] Building CXX object modules/imgproc/CMakeFiles/opencv_perf_imgproc.dir/perf/opencl/perf_pyramid.cpp.o
[956/2494] Building CXX object modules/imgproc/CMakeFiles/opencv_perf_imgproc.dir/perf/perf_bilateral.cpp.o
[957/2494] Building CXX object modules/imgproc/CMakeFiles/opencv_perf_imgproc.dir/perf/opencl/perf_filters.cpp.o
[958/2494] Building CXX object modules/imgproc/CMakeFiles/opencv_perf_imgproc.dir/perf/opencl/perf_imgproc.cpp.o
[959/2494] Building CXX object modules/imgproc/CMakeFiles/opencv_perf_imgproc.dir/perf/perf_canny.cpp.o
[960/2494] Building CXX object modules/imgproc/CMakeFiles/opencv_perf_imgproc.dir/perf/perf_corners.cpp.o
[961/2494] Building CXX object modules/imgproc/CMakeFiles/opencv_perf_imgproc.dir/perf/perf_distanceTransform.cpp.o
[962/2494] Building CXX object modules/imgproc/CMakeFiles/opencv_perf_imgproc.dir/perf/perf_emd.cpp.o
[963/2494] Building CXX object modules/imgproc/CMakeFiles/opencv_perf_imgproc.dir/perf/perf_accumulate.cpp.o
[964/2494] Building CXX object modules/imgproc/CMakeFiles/opencv_perf_imgproc.dir/perf/perf_contours.cpp.o
[965/2494] Building CXX object modules/imgproc/CMakeFiles/opencv_perf_imgproc.dir/perf/perf_cvt_color.cpp.o
[966/2494] Building CXX object modules/imgproc/CMakeFiles/opencv_perf_imgproc.dir/perf/perf_houghcircles.cpp.o
[967/2494] Building CXX object modules/imgproc/CMakeFiles/opencv_perf_imgproc.dir/perf/perf_blur.cpp.o
[968/2494] Building CXX object modules/imgproc/CMakeFiles/opencv_perf_imgproc.dir/perf/perf_filter2d.cpp.o
[969/2494] Building CXX object modules/imgproc/CMakeFiles/opencv_perf_imgproc.dir/perf/perf_floodfill.cpp.o
[970/2494] Building CXX object modules/imgproc/CMakeFiles/opencv_perf_imgproc.dir/perf/perf_goodFeaturesToTrack.cpp.o
[971/2494] Building CXX object modules/imgproc/CMakeFiles/opencv_perf_imgproc.dir/perf/perf_main.cpp.o
[972/2494] Building CXX object modules/imgproc/CMakeFiles/opencv_perf_imgproc.dir/perf/perf_houghlines.cpp.o
[973/2494] Building CXX object modules/imgproc/CMakeFiles/opencv_perf_imgproc.dir/perf/perf_intelligent_scissors.cpp.o
[974/2494] Building CXX object modules/imgproc/CMakeFiles/opencv_perf_imgproc.dir/perf/perf_histogram.cpp.o
[975/2494] Building CXX object modules/imgproc/CMakeFiles/opencv_perf_imgproc.dir/perf/perf_laplacian.cpp.o
[976/2494] Building CXX object modules/imgproc/CMakeFiles/opencv_perf_imgproc.dir/perf/perf_matchTemplate.cpp.o
[977/2494] Building CXX object modules/imgproc/CMakeFiles/opencv_perf_imgproc.dir/perf/perf_integral.cpp.o
[978/2494] Building CXX object modules/imgproc/CMakeFiles/opencv_perf_imgproc.dir/perf/perf_moments.cpp.o
[979/2494] Building CXX object modules/imgproc/CMakeFiles/opencv_perf_imgproc.dir/perf/perf_phasecorr.cpp.o
[980/2494] Building CXX object modules/imgproc/CMakeFiles/opencv_perf_imgproc.dir/perf/perf_morph.cpp.o
[981/2494] Building CXX object modules/imgproc/CMakeFiles/opencv_perf_imgproc.dir/perf/perf_remap.cpp.o
[982/2494] Creating library symlink lib/libopencv_ml.so.414 lib/libopencv_ml.so
[983/2494] Building CXX object modules/imgproc/CMakeFiles/opencv_perf_imgproc.dir/perf/perf_pyramids.cpp.o
[984/2494] Building CXX object modules/imgproc/CMakeFiles/opencv_perf_imgproc.dir/perf/perf_spatialgradient.cpp.o
[985/2494] Building CXX object modules/ml/CMakeFiles/opencv_test_ml.dir/test/test_bayes.cpp.o
[986/2494] Building CXX object modules/imgproc/CMakeFiles/opencv_perf_imgproc.dir/perf/perf_threshold.cpp.o
[987/2494] Building CXX object modules/ml/CMakeFiles/opencv_test_ml.dir/test/test_ann.cpp.o
[988/2494] Building CXX object modules/ml/CMakeFiles/opencv_test_ml.dir/test/test_kmeans.cpp.o
[989/2494] Building CXX object modules/imgproc/CMakeFiles/opencv_perf_imgproc.dir/perf/perf_resize.cpp.o
[990/2494] Building CXX object modules/ml/CMakeFiles/opencv_test_ml.dir/test/test_em.cpp.o
[991/2494] Building CXX object modules/imgproc/CMakeFiles/opencv_perf_imgproc.dir/perf/perf_warp.cpp.o
[992/2494] Building CXX object modules/imgproc/CMakeFiles/opencv_perf_imgproc.dir/perf/perf_sepfilters.cpp.o
[993/2494] Building CXX object modules/ml/CMakeFiles/opencv_test_ml.dir/test/test_lr.cpp.o
[994/2494] Building CXX object modules/ml/CMakeFiles/opencv_test_ml.dir/test/test_knearest.cpp.o
[995/2494] Building CXX object modules/ml/CMakeFiles/opencv_test_ml.dir/test/test_main.cpp.o
[996/2494] Building CXX object modules/ml/CMakeFiles/opencv_test_ml.dir/test/test_rtrees.cpp.o
[997/2494] Building CXX object modules/ml/CMakeFiles/opencv_perf_ml.dir/perf/perf_main.cpp.o
[998/2494] Processing OpenCL kernels (photo)
[999/2494] Building CXX object modules/ml/CMakeFiles/opencv_test_ml.dir/test/test_utils.cpp.o
[1000/2494] Building CXX object modules/ml/CMakeFiles/opencv_test_ml.dir/test/test_svmtrainauto.cpp.o
[1001/2494] Building CXX object modules/ml/CMakeFiles/opencv_perf_ml.dir/perf/perf_knn.cpp.o
[1002/2494] Building CXX object modules/ml/CMakeFiles/opencv_test_ml.dir/test/test_save_load.cpp.o
[1003/2494] Building CXX object modules/ml/CMakeFiles/opencv_test_ml.dir/test/test_svmsgd.cpp.o
[1004/2494] Building CXX object modules/ml/CMakeFiles/opencv_test_ml.dir/test/test_mltests.cpp.o
[1005/2494] Building CXX object modules/photo/CMakeFiles/opencv_photo.dir/src/align.cpp.o
[1006/2494] Building CXX object modules/photo/CMakeFiles/opencv_photo.dir/src/calibrate.cpp.o
[1007/2494] Building CXX object modules/photo/CMakeFiles/opencv_photo.dir/src/denoise_tvl1.cpp.o
[1008/2494] Building CXX object modules/photo/CMakeFiles/opencv_photo.dir/src/contrast_preserve.cpp.o
[1009/2494] Building CXX object modules/photo/CMakeFiles/opencv_photo.dir/src/denoising.cuda.cpp.o
[1010/2494] Building CXX object modules/photo/CMakeFiles/opencv_photo.dir/src/hdr_common.cpp.o
[1011/2494] Building CXX object modules/ml/CMakeFiles/opencv_perf_ml.dir/perf/perf_svm.cpp.o
[1012/2494] Building CXX object modules/photo/CMakeFiles/opencv_photo.dir/src/seamless_cloning.cpp.o
[1013/2494] Building CXX object modules/photo/CMakeFiles/opencv_photo.dir/src/npr.cpp.o
[1014/2494] Building CXX object modules/photo/CMakeFiles/opencv_photo.dir/src/seamless_cloning_impl.cpp.o
[1015/2494] Building CXX object modules/photo/CMakeFiles/opencv_photo.dir/src/merge.cpp.o
[1016/2494] Building CXX object modules/photo/CMakeFiles/opencv_photo.dir/opencl_kernels_photo.cpp.o
[1017/2494] Building CXX object modules/photo/CMakeFiles/opencv_photo.dir/src/inpaint.cpp.o
[1018/2494] Building CXX object modules/photo/CMakeFiles/opencv_photo.dir/src/tonemap.cpp.o
[1019/2494] Building CXX object modules/photo/CMakeFiles/opencv_test_photo.dir/test/test_denoise_tvl1.cpp.o
[1020/2494] Building CXX object modules/photo/CMakeFiles/opencv_test_photo.dir/test/test_decolor.cpp.o
[1021/2494] Building CXX object modules/photo/CMakeFiles/opencv_test_photo.dir/test/test_denoising.cuda.cpp.o
[1022/2494] Building CXX object modules/photo/CMakeFiles/opencv_test_photo.dir/test/test_cloning.cpp.o
[1023/2494] Building CXX object modules/photo/CMakeFiles/opencv_test_photo.dir/test/test_denoising.cpp.o
[1024/2494] Building CXX object modules/photo/CMakeFiles/opencv_test_photo.dir/test/ocl/test_denoising.cpp.o
[1025/2494] Building CXX object modules/photo/CMakeFiles/opencv_test_photo.dir/test/test_main.cpp.o
[1026/2494] Building CXX object modules/photo/CMakeFiles/opencv_test_photo.dir/test/test_hdr.cpp.o
[1027/2494] Building CXX object modules/photo/CMakeFiles/opencv_perf_photo.dir/perf/perf_cuda.cpp.o
[1028/2494] Processing OpenCL kernels (dnn)
[1029/2494] Building CXX object modules/photo/CMakeFiles/opencv_test_photo.dir/test/test_npr.cpp.o
[1030/2494] Building CXX object modules/photo/CMakeFiles/opencv_test_photo.dir/test/test_inpaint.cpp.o
[1031/2494] Building CXX object modules/photo/CMakeFiles/opencv_perf_photo.dir/perf/opencl/perf_denoising.cpp.o
[1032/2494] Building CXX object modules/photo/CMakeFiles/opencv_perf_photo.dir/perf/perf_hdr.cpp.o
[1033/2494] Building CXX object modules/photo/CMakeFiles/opencv_perf_photo.dir/perf/perf_main.cpp.o
[1034/2494] Building CXX object modules/dnn/CMakeFiles/opencv_dnn.dir/opencl_kernels_dnn.cpp.o
[1035/2494] Building CXX object modules/dnn/CMakeFiles/opencv_dnn.dir/src/vkcom/src/tensor.cpp.o
[1036/2494] Building CXX object modules/dnn/CMakeFiles/opencv_dnn.dir/src/vkcom/vulkan/vk_functions.cpp.o
[1037/2494] Building CXX object modules/dnn/CMakeFiles/opencv_dnn.dir/src/vkcom/vulkan/vk_loader.cpp.o
[1038/2494] Building CXX object modules/photo/CMakeFiles/opencv_perf_photo.dir/perf/perf_inpaint.cpp.o
[1039/2494] Building CXX object modules/photo/CMakeFiles/opencv_photo.dir/src/denoising.cpp.o
[1040/2494] Building CXX object modules/dnn/CMakeFiles/opencv_dnn.dir/misc/tensorflow/tensor.pb.cc.o
[1041/2494] Building CXX object modules/dnn/CMakeFiles/opencv_dnn.dir/misc/tensorflow/op_def.pb.cc.o
[1042/2494] Linking CXX shared library lib/libopencv_photo.so.4.14.0
[1043/2494] Creating library symlink lib/libopencv_photo.so.414 lib/libopencv_photo.so
[1044/2494] Building CXX object modules/dnn/CMakeFiles/opencv_dnn.dir/misc/tensorflow/attr_value.pb.cc.o
[1045/2494] Building CXX object modules/dnn/CMakeFiles/opencv_dnn.dir/misc/onnx/opencv-onnx.pb.cc.o
[1046/2494] Building CXX object modules/dnn/CMakeFiles/opencv_dnn.dir/misc/tensorflow/graph.pb.cc.o
[1047/2494] Building CXX object modules/dnn/CMakeFiles/opencv_dnn.dir/misc/tensorflow/function.pb.cc.o
[1048/2494] Building CXX object modules/dnn/CMakeFiles/opencv_dnn.dir/misc/tensorflow/types.pb.cc.o
[1049/2494] Building CXX object modules/dnn/CMakeFiles/opencv_dnn.dir/misc/tensorflow/tensor_shape.pb.cc.o
[1050/2494] Building CXX object modules/dnn/CMakeFiles/opencv_dnn.dir/misc/tensorflow/versions.pb.cc.o
[1051/2494] Building CXX object modules/dnn/CMakeFiles/opencv_dnn.dir/src/caffe/caffe_shrinker.cpp.o
[1052/2494] Building CXX object modules/dnn/CMakeFiles/opencv_dnn.dir/src/backend.cpp.o
[1053/2494] Building CXX object modules/dnn/CMakeFiles/opencv_dnn.dir/src/darknet/darknet_importer.cpp.o
[1054/2494] Building CXX object modules/dnn/CMakeFiles/opencv_dnn.dir/src/debug_utils.cpp.o
[1055/2494] Building CXX object modules/dnn/CMakeFiles/opencv_dnn.dir/src/caffe/caffe_io.cpp.o
[1056/2494] Building CXX object modules/dnn/CMakeFiles/opencv_dnn.dir/src/dnn.cpp.o
[1057/2494] Building CXX object modules/dnn/CMakeFiles/opencv_dnn.dir/src/dnn_params.cpp.o
[1058/2494] Building CXX object modules/dnn/CMakeFiles/opencv_dnn.dir/src/caffe/caffe_importer.cpp.o
[1059/2494] Building CXX object modules/dnn/CMakeFiles/opencv_dnn.dir/src/darknet/darknet_io.cpp.o
[1060/2494] Building CXX object modules/dnn/CMakeFiles/opencv_dnn.dir/src/dnn_read.cpp.o
[1061/2494] Building CXX object modules/dnn/CMakeFiles/opencv_dnn.dir/src/halide_scheduler.cpp.o
[1062/2494] Building CXX object modules/dnn/CMakeFiles/opencv_dnn.dir/src/ie_ngraph.cpp.o
[1063/2494] Building CXX object modules/dnn/CMakeFiles/opencv_dnn.dir/src/int8layers/batch_norm_layer.cpp.o
[1064/2494] Building CXX object modules/dnn/CMakeFiles/opencv_dnn.dir/src/graph_simplifier.cpp.o
[1065/2494] Building CXX object modules/dnn/CMakeFiles/opencv_dnn.dir/src/dnn_utils.cpp.o
[1066/2494] Building CXX object modules/dnn/CMakeFiles/opencv_dnn.dir/src/init.cpp.o
[1067/2494] Building CXX object modules/dnn/CMakeFiles/opencv_dnn.dir/src/int8layers/elementwise_layers.cpp.o
[1068/2494] Building CXX object modules/dnn/CMakeFiles/opencv_dnn.dir/src/int8layers/convolution_layer.cpp.o
[1069/2494] Building CXX object modules/dnn/CMakeFiles/opencv_dnn.dir/src/int8layers/layers_rvp052.cpp.o
[1070/2494] Building CXX object modules/dnn/CMakeFiles/opencv_dnn.dir/src/int8layers/eltwise_layer.cpp.o
[1071/2494] Building CXX object modules/dnn/CMakeFiles/opencv_dnn.dir/src/int8layers/fully_connected_layer.cpp.o
[1072/2494] Building CXX object modules/dnn/CMakeFiles/opencv_dnn.dir/src/int8layers/pooling_layer.cpp.o
[1073/2494] Building CXX object modules/dnn/CMakeFiles/opencv_dnn.dir/src/int8layers/quantization_utils.cpp.o
[1074/2494] Building CXX object modules/dnn/CMakeFiles/opencv_dnn.dir/src/int8layers/quantize_dynamic_layer.cpp.o
[1075/2494] Building CXX object modules/dnn/CMakeFiles/opencv_dnn.dir/src/int8layers/softmax_layer.cpp.o
[1076/2494] Building CXX object modules/dnn/CMakeFiles/opencv_dnn.dir/src/layer_factory.cpp.o
[1077/2494] Building CXX object modules/dnn/CMakeFiles/opencv_dnn.dir/src/int8layers/scale_layer.cpp.o
[1078/2494] Building CXX object modules/dnn/CMakeFiles/opencv_dnn.dir/src/layer.cpp.o
[1079/2494] Building CXX object modules/dnn/CMakeFiles/opencv_dnn.dir/misc/caffe/opencv-caffe.pb.cc.o
[1080/2494] Building CXX object modules/dnn/CMakeFiles/opencv_dnn.dir/src/layers/accum_layer.cpp.o
[1081/2494] Building CXX object modules/dnn/CMakeFiles/opencv_dnn.dir/src/layers/arg_layer.cpp.o
[1082/2494] Building CXX object modules/dnn/CMakeFiles/opencv_dnn.dir/src/layers/attention_layer.cpp.o
[1083/2494] Building CXX object modules/dnn/CMakeFiles/opencv_dnn.dir/src/layers/blank_layer.cpp.o
[1084/2494] Building CXX object modules/dnn/CMakeFiles/opencv_dnn.dir/src/layers/const_layer.cpp.o
[1085/2494] Building CXX object modules/dnn/CMakeFiles/opencv_dnn.dir/src/layers/concat_layer.cpp.o
[1086/2494] Building CXX object modules/dnn/CMakeFiles/opencv_dnn.dir/src/layers/batch_norm_layer.cpp.o
[1087/2494] Building CXX object modules/dnn/CMakeFiles/opencv_dnn.dir/src/layers/correlation_layer.cpp.o
[1088/2494] Building CXX object modules/dnn/CMakeFiles/opencv_dnn.dir/src/layers/cpu_kernels/conv_depthwise.cpp.o
[1089/2494] Building CXX object modules/dnn/CMakeFiles/opencv_dnn.dir/src/layers/cpu_kernels/conv_winograd_f63.cpp.o
[1090/2494] Building CXX object modules/dnn/CMakeFiles/opencv_dnn.dir/src/layers/cpu_kernels/conv_winograd_f63.dispatch.cpp.o
[1091/2494] Building CXX object modules/dnn/CMakeFiles/opencv_dnn.dir/src/layers/convolution_layer.cpp.o
[1092/2494] Building CXX object modules/dnn/CMakeFiles/opencv_dnn.dir/src/layers/cpu_kernels/fast_norm.cpp.o
[1093/2494] Building CXX object modules/dnn/CMakeFiles/opencv_dnn.dir/src/layers/cpu_kernels/fast_gemm.cpp.o
[1094/2494] Building CXX object modules/dnn/CMakeFiles/opencv_dnn.dir/src/layers/cpu_kernels/softmax.cpp.o
[1095/2494] Building CXX object modules/dnn/CMakeFiles/opencv_dnn.dir/src/layers/crop_and_resize_layer.cpp.o
[1096/2494] Building CXX object modules/dnn/CMakeFiles/opencv_dnn.dir/src/layers/cpu_kernels/convolution.cpp.o
[1097/2494] Building CXX object modules/dnn/CMakeFiles/opencv_dnn.dir/src/layers/cumsum_layer.cpp.o
[1098/2494] Building CXX object modules/dnn/CMakeFiles/opencv_dnn.dir/src/layers/depth_space_ops_layer.cpp.o
[1099/2494] Building CXX object modules/dnn/CMakeFiles/opencv_dnn.dir/src/layers/expand_layer.cpp.o
[1100/2494] Building CXX object modules/dnn/CMakeFiles/opencv_dnn.dir/src/layers/detection_output_layer.cpp.o
[1101/2494] Building CXX object modules/dnn/CMakeFiles/opencv_dnn.dir/src/layers/flatten_layer.cpp.o
[1102/2494] Building CXX object modules/dnn/CMakeFiles/opencv_dnn.dir/src/layers/flow_warp_layer.cpp.o
[1103/2494] Building CXX object modules/dnn/CMakeFiles/opencv_dnn.dir/src/layers/eltwise_layer.cpp.o
[1104/2494] Building CXX object modules/dnn/CMakeFiles/opencv_dnn.dir/src/layers/fully_connected_layer.cpp.o
[1105/2494] Building CXX object modules/dnn/CMakeFiles/opencv_dnn.dir/src/layers/einsum_layer.cpp.o
[1106/2494] Building CXX object modules/dnn/CMakeFiles/opencv_dnn.dir/src/layers/gather_elements_layer.cpp.o
[1107/2494] Building CXX object modules/dnn/CMakeFiles/opencv_dnn.dir/src/layers/group_norm_layer.cpp.o
[1108/2494] Building CXX object modules/dnn/CMakeFiles/opencv_dnn.dir/src/layers/gather_layer.cpp.o
[1109/2494] Building CXX object modules/dnn/CMakeFiles/opencv_dnn.dir/src/layers/gemm_layer.cpp.o
[1110/2494] Building CXX object modules/dnn/CMakeFiles/opencv_dnn.dir/src/layers/instance_norm_layer.cpp.o
[1111/2494] Building CXX object modules/dnn/CMakeFiles/opencv_dnn.dir/src/layers/layer_norm.cpp.o
[1112/2494] Building CXX object modules/dnn/CMakeFiles/opencv_dnn.dir/src/layers/layers_common.cpp.o
[1113/2494] Building CXX object modules/dnn/CMakeFiles/opencv_dnn.dir/src/layers/lrn_layer.cpp.o
[1114/2494] Building CXX object modules/dnn/CMakeFiles/opencv_dnn.dir/src/layers/max_unpooling_layer.cpp.o
[1115/2494] Building CXX object modules/dnn/CMakeFiles/opencv_dnn.dir/src/layers/matmul_layer.cpp.o
[1116/2494] Building CXX object modules/dnn/CMakeFiles/opencv_dnn.dir/src/layers/mvn_layer.cpp.o
[1117/2494] Building CXX object modules/dnn/CMakeFiles/opencv_dnn.dir/src/layers/not_implemented_layer.cpp.o
[1118/2494] Building CXX object modules/dnn/CMakeFiles/opencv_dnn.dir/src/layers/normalize_bbox_layer.cpp.o
[1119/2494] Building CXX object modules/dnn/CMakeFiles/opencv_dnn.dir/src/layers/padding_layer.cpp.o
[1120/2494] Building CXX object modules/dnn/CMakeFiles/opencv_dnn.dir/src/layers/permute_layer.cpp.o
[1121/2494] Building CXX object modules/dnn/CMakeFiles/opencv_dnn.dir/src/layers/prior_box_layer.cpp.o
[1122/2494] Building CXX object modules/dnn/CMakeFiles/opencv_dnn.dir/src/layers/pooling_layer.cpp.o
[1123/2494] Building CXX object modules/dnn/CMakeFiles/opencv_dnn.dir/src/layers/randomnormallike_layer.cpp.o
[1124/2494] Building CXX object modules/dnn/CMakeFiles/opencv_dnn.dir/src/layers/proposal_layer.cpp.o
[1125/2494] Building CXX object modules/dnn/CMakeFiles/opencv_dnn.dir/src/layers/elementwise_layers.cpp.o
[1126/2494] Building CXX object modules/dnn/CMakeFiles/opencv_dnn.dir/src/layers/region_layer.cpp.o
[1127/2494] Building CXX object modules/dnn/CMakeFiles/opencv_dnn.dir/src/layers/recurrent_layers.cpp.o
[1128/2494] Building CXX object modules/dnn/CMakeFiles/opencv_dnn.dir/src/layers/reorg_layer.cpp.o
[1129/2494] Building CXX object modules/dnn/CMakeFiles/opencv_dnn.dir/src/layers/reshape_layer.cpp.o
[1130/2494] Building CXX object modules/dnn/CMakeFiles/opencv_dnn.dir/src/layers/resize_layer.cpp.o
[1131/2494] Building CXX object modules/dnn/CMakeFiles/opencv_dnn.dir/src/layers/scale_layer.cpp.o
[1132/2494] Building CXX object modules/dnn/CMakeFiles/opencv_dnn.dir/src/layers/shuffle_channel_layer.cpp.o
[1133/2494] Building CXX object modules/dnn/CMakeFiles/opencv_dnn.dir/src/layers/scatterND_layer.cpp.o
[1134/2494] Building CXX object modules/dnn/CMakeFiles/opencv_dnn.dir/src/layers/nary_eltwise_layers.cpp.o
[1135/2494] Building CXX object modules/dnn/CMakeFiles/opencv_dnn.dir/src/layers/scatter_layer.cpp.o
[1136/2494] Building CXX object modules/dnn/CMakeFiles/opencv_dnn.dir/src/layers/reduce_layer.cpp.o
[1137/2494] Building CXX object modules/dnn/CMakeFiles/opencv_dnn.dir/src/layers/slice_layer.cpp.o
[1138/2494] Building CXX object modules/dnn/CMakeFiles/opencv_dnn.dir/src/layers/split_layer.cpp.o
[1139/2494] Building CXX object modules/dnn/CMakeFiles/opencv_dnn.dir/src/layers/softmax_layer.cpp.o
[1140/2494] Building CXX object modules/dnn/CMakeFiles/opencv_dnn.dir/src/layers/tile_layer.cpp.o
[1141/2494] Building CXX object modules/dnn/CMakeFiles/opencv_dnn.dir/src/legacy_backend.cpp.o
[1142/2494] Building CXX object modules/dnn/CMakeFiles/opencv_dnn.dir/src/layers/topk_layer.cpp.o
[1143/2494] Building CXX object modules/dnn/CMakeFiles/opencv_dnn.dir/src/net_cann.cpp.o
[1144/2494] Building CXX object modules/dnn/CMakeFiles/opencv_dnn.dir/src/net.cpp.o
[1145/2494] Building CXX object modules/dnn/CMakeFiles/opencv_dnn.dir/src/net_impl_backend.cpp.o
[1146/2494] Building CXX object modules/dnn/CMakeFiles/opencv_dnn.dir/src/net_openvino.cpp.o
[1147/2494] Building CXX object modules/dnn/CMakeFiles/opencv_dnn.dir/src/model.cpp.o
[1148/2494] Building CXX object modules/dnn/CMakeFiles/opencv_dnn.dir/src/ocl4dnn/src/common.cpp.o
[1149/2494] Building CXX object modules/dnn/CMakeFiles/opencv_dnn.dir/src/net_impl_fuse.cpp.o
[1150/2494] Building CXX object modules/dnn/CMakeFiles/opencv_dnn.dir/src/nms.cpp.o
[1151/2494] Building CXX object modules/dnn/CMakeFiles/opencv_dnn.dir/src/ocl4dnn/src/math_functions.cpp.o
[1152/2494] Building CXX object modules/dnn/CMakeFiles/opencv_dnn.dir/src/ocl4dnn/src/ocl4dnn_inner_product.cpp.o
[1153/2494] Building CXX object modules/dnn/CMakeFiles/opencv_dnn.dir/src/net_quantization.cpp.o
[1154/2494] Building CXX object modules/dnn/CMakeFiles/opencv_dnn.dir/src/ocl4dnn/src/ocl4dnn_lrn.cpp.o
[1155/2494] Building CXX object modules/dnn/CMakeFiles/opencv_dnn.dir/src/ocl4dnn/src/ocl4dnn_pool.cpp.o
[1156/2494] Building CXX object modules/dnn/CMakeFiles/opencv_dnn.dir/src/ocl4dnn/src/ocl4dnn_softmax.cpp.o
[1157/2494] Building CXX object modules/dnn/CMakeFiles/opencv_dnn.dir/src/ocl4dnn/src/ocl4dnn_conv_spatial.cpp.o
[1158/2494] Building CXX object modules/dnn/CMakeFiles/opencv_dnn.dir/src/net_impl.cpp.o
[1159/2494] Building CXX object modules/dnn/CMakeFiles/opencv_dnn.dir/src/op_cann.cpp.o
[1160/2494] Building CXX object modules/dnn/CMakeFiles/opencv_dnn.dir/src/op_cuda.cpp.o
[1161/2494] Building CXX object modules/dnn/CMakeFiles/opencv_dnn.dir/src/op_inf_engine.cpp.o
[1162/2494] Building CXX object modules/dnn/CMakeFiles/opencv_dnn.dir/src/op_halide.cpp.o
[1163/2494] Building CXX object modules/dnn/CMakeFiles/opencv_dnn.dir/src/op_timvx.cpp.o
[1164/2494] Building CXX object modules/dnn/CMakeFiles/opencv_dnn.dir/src/op_vkcom.cpp.o
[1165/2494] Building CXX object modules/dnn/CMakeFiles/opencv_dnn.dir/src/op_webnn.cpp.o
[1166/2494] Building CXX object modules/dnn/CMakeFiles/opencv_dnn.dir/src/registry.cpp.o
[1167/2494] Building CXX object modules/dnn/CMakeFiles/opencv_dnn.dir/src/torch/THDiskFile.cpp.o
[1168/2494] Building CXX object modules/dnn/CMakeFiles/opencv_dnn.dir/src/torch/THFile.cpp.o
[1169/2494] Building CXX object modules/dnn/CMakeFiles/opencv_dnn.dir/src/onnx/onnx_graph_simplifier.cpp.o
[1170/2494] Building CXX object modules/dnn/CMakeFiles/opencv_dnn.dir/src/tensorflow/tf_io.cpp.o
[1171/2494] Building CXX object modules/dnn/CMakeFiles/opencv_dnn.dir/src/torch/THGeneral.cpp.o
[1172/2494] Building CXX object modules/dnn/CMakeFiles/opencv_dnn.dir/src/vkcom/shader/conv_1x1_fast_spv.cpp.o
[1173/2494] Building CXX object modules/dnn/CMakeFiles/opencv_dnn.dir/src/vkcom/shader/conv_depthwise_3x3_spv.cpp.o
[1174/2494] Building CXX object modules/dnn/CMakeFiles/opencv_dnn.dir/src/tensorflow/tf_graph_simplifier.cpp.o
[1175/2494] Building CXX object modules/dnn/CMakeFiles/opencv_dnn.dir/src/onnx/onnx_importer.cpp.o
[1176/2494] Building CXX object modules/dnn/CMakeFiles/opencv_dnn.dir/src/vkcom/shader/conv_depthwise_spv.cpp.o
[1177/2494] Building CXX object modules/dnn/CMakeFiles/opencv_dnn.dir/src/tflite/tflite_importer.cpp.o
[1178/2494] Building CXX object modules/dnn/CMakeFiles/opencv_dnn.dir/src/vkcom/shader/conv_implicit_gemm_spv.cpp.o
[1179/2494] Building CXX object modules/dnn/CMakeFiles/opencv_dnn.dir/src/torch/torch_importer.cpp.o
[1180/2494] Building CXX object modules/dnn/CMakeFiles/opencv_dnn.dir/src/vkcom/shader/gemm_spv.cpp.o
[1181/2494] Building CXX object modules/dnn/CMakeFiles/opencv_dnn.dir/src/vkcom/shader/nary_eltwise_binary_forward_spv.cpp.o
[1182/2494] Building CXX object modules/dnn/CMakeFiles/opencv_dnn.dir/src/vkcom/shader/spv_shader.cpp.o
[1183/2494] Building CXX object modules/dnn/CMakeFiles/opencv_dnn.dir/src/tensorflow/tf_importer.cpp.o
[1184/2494] Building CXX object modules/dnn/CMakeFiles/opencv_dnn.dir/src/vkcom/src/buffer.cpp.o
[1185/2494] Building CXX object modules/dnn/CMakeFiles/opencv_dnn.dir/src/vkcom/src/command.cpp.o
[1186/2494] Building CXX object modules/dnn/CMakeFiles/opencv_dnn.dir/src/vkcom/src/context.cpp.o
[1187/2494] Building CXX object modules/dnn/CMakeFiles/opencv_dnn.dir/src/vkcom/src/fence.cpp.o
[1188/2494] Building CXX object modules/dnn/CMakeFiles/opencv_dnn.dir/src/vkcom/src/internal.cpp.o
[1189/2494] Building CXX object modules/dnn/CMakeFiles/opencv_dnn.dir/src/vkcom/src/op_base.cpp.o
[1190/2494] Building CXX object modules/dnn/CMakeFiles/opencv_dnn.dir/src/vkcom/src/op_conv.cpp.o
[1191/2494] Building CXX object modules/dnn/CMakeFiles/opencv_dnn.dir/src/vkcom/src/op_matmul.cpp.o
[1192/2494] Building CXX object modules/dnn/CMakeFiles/opencv_dnn.dir/src/vkcom/src/op_naryEltwise.cpp.o
[1193/2494] Building CXX object modules/dnn/CMakeFiles/opencv_dnn.dir/src/vkcom/src/pipeline.cpp.o
[1194/2494] Building CXX object modules/dnn/CMakeFiles/opencv_dnn.dir/layers/layers_common.avx.cpp.o
[1195/2494] Building CXX object modules/dnn/CMakeFiles/opencv_dnn.dir/layers/cpu_kernels/conv_block.avx.cpp.o
[1196/2494] Building CXX object modules/dnn/CMakeFiles/opencv_dnn.dir/layers/cpu_kernels/conv_depthwise.avx.cpp.o
[1197/2494] Building CXX object modules/dnn/CMakeFiles/opencv_dnn.dir/layers/cpu_kernels/conv_winograd_f63.avx.cpp.o
[1198/2494] Building CXX object modules/dnn/CMakeFiles/opencv_dnn.dir/layers/layers_common.avx2.cpp.o
[1199/2494] Building CXX object modules/dnn/CMakeFiles/opencv_dnn.dir/layers/cpu_kernels/fast_gemm_kernels.avx.cpp.o
[1200/2494] Building CXX object modules/dnn/CMakeFiles/opencv_dnn.dir/layers/cpu_kernels/conv_block.avx2.cpp.o
[1201/2494] Building CXX object modules/dnn/CMakeFiles/opencv_dnn.dir/int8layers/layers_common.avx2.cpp.o
[1202/2494] Building CXX object modules/dnn/CMakeFiles/opencv_dnn.dir/layers/cpu_kernels/conv_depthwise.avx2.cpp.o
[1203/2494] Building CXX object modules/dnn/CMakeFiles/opencv_dnn.dir/layers/cpu_kernels/conv_winograd_f63.avx2.cpp.o
[1204/2494] Building CXX object modules/dnn/CMakeFiles/opencv_test_dnn.dir/test/npy_blob.cpp.o
[1205/2494] Building CXX object modules/dnn/CMakeFiles/opencv_dnn.dir/layers/layers_common.avx512_skx.cpp.o
[1206/2494] Building CXX object modules/dnn/CMakeFiles/opencv_dnn.dir/layers/cpu_kernels/fast_gemm_kernels.avx2.cpp.o
[1207/2494] Building CXX object modules/dnn/CMakeFiles/opencv_dnn.dir/int8layers/layers_common.avx512_skx.cpp.o
[1208/2494] Building CXX object modules/dnn/CMakeFiles/opencv_test_dnn.dir/test/test_common.cpp.o
[1209/2494] Building CXX object modules/dnn/CMakeFiles/opencv_test_dnn.dir/test/test_ie_models.cpp.o
[1210/2494] Building CXX object modules/dnn/CMakeFiles/opencv_test_dnn.dir/test/test_googlenet.cpp.o
[1211/2494] Building CXX object modules/dnn/CMakeFiles/opencv_test_dnn.dir/test/test_graph_simplifier.cpp.o
[1212/2494] Building CXX object modules/dnn/CMakeFiles/opencv_test_dnn.dir/test/test_main.cpp.o
[1213/2494] Building CXX object modules/dnn/CMakeFiles/opencv_test_dnn.dir/test/test_darknet_importer.cpp.o
[1214/2494] Building CXX object modules/dnn/CMakeFiles/opencv_test_dnn.dir/test/test_caffe_importer.cpp.o
[1215/2494] Building CXX object modules/dnn/CMakeFiles/opencv_test_dnn.dir/test/test_nms.cpp.o
[1216/2494] Building CXX object modules/dnn/CMakeFiles/opencv_test_dnn.dir/test/test_model.cpp.o
[1217/2494] Building CXX object modules/dnn/CMakeFiles/opencv_test_dnn.dir/test/test_onnx_conformance.cpp.o
[1218/2494] Building CXX object modules/dnn/CMakeFiles/opencv_test_dnn.dir/test/test_misc.cpp.o
[1219/2494] Building CXX object modules/dnn/CMakeFiles/opencv_test_dnn.dir/test/test_int8_layers.cpp.o
[1220/2494] Building CXX object modules/dnn/CMakeFiles/opencv_perf_dnn.dir/perf/perf_caffe.cpp.o
[1221/2494] Building CXX object modules/dnn/CMakeFiles/opencv_test_dnn.dir/test/test_tflite_importer.cpp.o
[1222/2494] Building CXX object modules/dnn/CMakeFiles/opencv_perf_dnn.dir/perf/perf_common.cpp.o
[1223/2494] Building CXX object modules/dnn/CMakeFiles/opencv_test_dnn.dir/test/test_torch_importer.cpp.o
[1224/2494] Building CXX object modules/dnn/CMakeFiles/opencv_test_dnn.dir/test/test_backends.cpp.o
[1225/2494] Building CXX object modules/dnn/CMakeFiles/opencv_perf_dnn.dir/perf/perf_convolution.cpp.o
[1226/2494] Building CXX object modules/dnn/CMakeFiles/opencv_perf_dnn.dir/perf/perf_convolution1d.cpp.o
[1227/2494] Building CXX object modules/dnn/CMakeFiles/opencv_perf_dnn.dir/perf/perf_convolution3d.cpp.o
[1228/2494] Building CXX object modules/dnn/CMakeFiles/opencv_perf_dnn.dir/perf/perf_einsum.cpp.o
[1229/2494] Building CXX object modules/dnn/CMakeFiles/opencv_test_dnn.dir/test/test_layers.cpp.o
[1230/2494] Building CXX object modules/dnn/CMakeFiles/opencv_perf_dnn.dir/perf/perf_main.cpp.o
[1231/2494] Building CXX object modules/dnn/CMakeFiles/opencv_perf_dnn.dir/perf/perf_gemm.cpp.o
[1232/2494] Building CXX object modules/dnn/CMakeFiles/opencv_perf_dnn.dir/perf/perf_recurrent.cpp.o
[1233/2494] Building CXX object modules/dnn/CMakeFiles/opencv_perf_dnn.dir/perf/perf_resize.cpp.o
[1234/2494] Processing OpenCL kernels (features2d)
[1235/2494] Building CXX object modules/dnn/CMakeFiles/opencv_perf_dnn.dir/perf/perf_slice.cpp.o
[1236/2494] Building CXX object modules/features2d/CMakeFiles/opencv_features2d.dir/src/affine_feature.cpp.o
[1237/2494] Building CXX object modules/dnn/CMakeFiles/opencv_perf_dnn.dir/perf/perf_net.cpp.o
[1238/2494] Building CXX object modules/dnn/CMakeFiles/opencv_test_dnn.dir/test/test_tf_importer.cpp.o
[1239/2494] Building CXX object modules/features2d/CMakeFiles/opencv_features2d.dir/src/akaze.cpp.o
[1240/2494] Building CXX object modules/dnn/CMakeFiles/opencv_perf_dnn.dir/perf/perf_utils.cpp.o
[1241/2494] Building CXX object modules/features2d/CMakeFiles/opencv_features2d.dir/src/bagofwords.cpp.o
[1242/2494] Building CXX object modules/features2d/CMakeFiles/opencv_features2d.dir/src/agast.cpp.o
[1243/2494] Building CXX object modules/features2d/CMakeFiles/opencv_features2d.dir/src/dynamic.cpp.o
[1244/2494] Building CXX object modules/features2d/CMakeFiles/opencv_features2d.dir/src/draw.cpp.o
[1245/2494] Building CXX object modules/features2d/CMakeFiles/opencv_features2d.dir/src/blobdetector.cpp.o
[1246/2494] Building CXX object modules/features2d/CMakeFiles/opencv_features2d.dir/src/brisk.cpp.o
[1247/2494] Building CXX object modules/features2d/CMakeFiles/opencv_features2d.dir/src/agast_score.cpp.o
[1248/2494] Building CXX object modules/features2d/CMakeFiles/opencv_features2d.dir/src/fast_score.cpp.o
[1249/2494] Building CXX object modules/features2d/CMakeFiles/opencv_features2d.dir/src/evaluation.cpp.o
[1250/2494] Building CXX object modules/features2d/CMakeFiles/opencv_features2d.dir/src/fast.cpp.o
[1251/2494] Building CXX object modules/features2d/CMakeFiles/opencv_features2d.dir/src/feature2d.cpp.o
[1252/2494] Building CXX object modules/features2d/CMakeFiles/opencv_features2d.dir/src/gftt.cpp.o
[1253/2494] Building CXX object modules/features2d/CMakeFiles/opencv_features2d.dir/src/kaze.cpp.o
[1254/2494] Building CXX object modules/features2d/CMakeFiles/opencv_features2d.dir/src/kaze/fed.cpp.o
[1255/2494] Building CXX object modules/dnn/CMakeFiles/opencv_perf_dnn.dir/perf/perf_layer.cpp.o
[1256/2494] Building CXX object modules/features2d/CMakeFiles/opencv_features2d.dir/src/kaze/KAZEFeatures.cpp.o
[1257/2494] Building CXX object modules/features2d/CMakeFiles/opencv_features2d.dir/src/kaze/nldiffusion_functions.cpp.o
[1258/2494] Building CXX object modules/features2d/CMakeFiles/opencv_features2d.dir/src/main.cpp.o
[1259/2494] Building CXX object modules/features2d/CMakeFiles/opencv_features2d.dir/src/keypoint.cpp.o
[1260/2494] Building CXX object modules/features2d/CMakeFiles/opencv_features2d.dir/src/kaze/AKAZEFeatures.cpp.o
[1261/2494] Building CXX object modules/features2d/CMakeFiles/opencv_features2d.dir/opencl_kernels_features2d.cpp.o
[1262/2494] Building CXX object modules/features2d/CMakeFiles/opencv_features2d.dir/src/matchers.cpp.o
[1263/2494] Building CXX object modules/features2d/CMakeFiles/opencv_features2d.dir/src/mser.cpp.o
[1264/2494] Building CXX object modules/features2d/CMakeFiles/opencv_features2d.dir/sift.sse4_1.cpp.o
[1265/2494] Building CXX object modules/features2d/CMakeFiles/opencv_features2d.dir/src/orb.cpp.o
[1266/2494] Building CXX object modules/features2d/CMakeFiles/opencv_features2d.dir/src/sift.dispatch.cpp.o
[1267/2494] Building CXX object modules/features2d/CMakeFiles/opencv_features2d.dir/src/fast.avx2.cpp.o
[1268/2494] Building CXX object modules/features2d/CMakeFiles/opencv_features2d.dir/sift.avx2.cpp.o
[1269/2494] Building CXX object modules/features2d/CMakeFiles/opencv_test_features2d.dir/test/ocl/test_akaze.cpp.o
[1270/2494] Building CXX object modules/features2d/CMakeFiles/opencv_features2d.dir/sift.avx512_skx.cpp.o
[1271/2494] Building CXX object modules/features2d/CMakeFiles/opencv_test_features2d.dir/test/ocl/test_brute_force_matcher.cpp.o
[1272/2494] Building CXX object modules/features2d/CMakeFiles/opencv_test_features2d.dir/test/test_affine_feature.cpp.o
[1273/2494] Building CXX object modules/features2d/CMakeFiles/opencv_test_features2d.dir/test/ocl/test_feature2d.cpp.o
[1274/2494] Building CXX object modules/features2d/CMakeFiles/opencv_test_features2d.dir/test/test_agast.cpp.o
[1275/2494] Building CXX object modules/dnn/CMakeFiles/opencv_test_dnn.dir/test/test_onnx_importer.cpp.o
[1276/2494] Building CXX object modules/features2d/CMakeFiles/opencv_test_features2d.dir/test/test_akaze.cpp.o
[1277/2494] Linking CXX shared library lib/libopencv_features2d.so.4.14.0
[1278/2494] Creating library symlink lib/libopencv_features2d.so.414 lib/libopencv_features2d.so
[1279/2494] Building CXX object modules/features2d/CMakeFiles/opencv_test_features2d.dir/test/test_blobdetector.cpp.o
[1280/2494] Building CXX object modules/features2d/CMakeFiles/opencv_test_features2d.dir/test/test_brisk.cpp.o
[1281/2494] Linking CXX shared library lib/libopencv_dnn.so.4.14.0
[1282/2494] Creating library symlink lib/libopencv_dnn.so.414 lib/libopencv_dnn.so
[1283/2494] Building CXX object modules/features2d/CMakeFiles/opencv_test_features2d.dir/test/test_detectors_regression.cpp.o
[1284/2494] Building CXX object modules/features2d/CMakeFiles/opencv_test_features2d.dir/test/test_descriptors_invariance.cpp.o
[1285/2494] Building CXX object modules/features2d/CMakeFiles/opencv_test_features2d.dir/test/test_fast.cpp.o
[1286/2494] Building CXX object modules/features2d/CMakeFiles/opencv_test_features2d.dir/test/test_detectors_invariance.cpp.o
[1287/2494] Building CXX object modules/features2d/CMakeFiles/opencv_test_features2d.dir/test/test_main.cpp.o
[1288/2494] Building CXX object modules/features2d/CMakeFiles/opencv_test_features2d.dir/test/test_keypoints.cpp.o
[1289/2494] Building CXX object modules/features2d/CMakeFiles/opencv_test_features2d.dir/test/test_drawing.cpp.o
[1290/2494] Building CXX object modules/features2d/CMakeFiles/opencv_test_features2d.dir/test/test_descriptors_regression.cpp.o
[1291/2494] Building CXX object modules/features2d/CMakeFiles/opencv_test_features2d.dir/test/test_mser.cpp.o
[1292/2494] Building CXX object modules/features2d/CMakeFiles/opencv_test_features2d.dir/test/test_sift.cpp.o
[1293/2494] Building CXX object modules/features2d/CMakeFiles/opencv_test_features2d.dir/test/test_utils.cpp.o
[1294/2494] Building CXX object modules/features2d/CMakeFiles/opencv_test_features2d.dir/test/test_matchers_algorithmic.cpp.o
[1295/2494] Building CXX object modules/features2d/CMakeFiles/opencv_test_features2d.dir/test/test_orb.cpp.o
[1296/2494] Building CXX object modules/features2d/CMakeFiles/opencv_test_features2d.dir/test/test_nearestneighbors.cpp.o
[1297/2494] Building CXX object modules/features2d/CMakeFiles/opencv_perf_features2d.dir/perf/perf_main.cpp.o
[1298/2494] Building CXX object modules/features2d/CMakeFiles/opencv_perf_features2d.dir/perf/opencl/perf_brute_force_matcher.cpp.o
[1299/2494] Building CXX object modules/features2d/CMakeFiles/opencv_perf_features2d.dir/perf/opencl/perf_akaze.cpp.o
[1300/2494] Building CXX object modules/features2d/CMakeFiles/opencv_perf_features2d.dir/perf/opencl/perf_feature2d.cpp.o
[1301/2494] Building CXX object modules/features2d/CMakeFiles/opencv_perf_features2d.dir/perf/perf_fast.cpp.o
[1302/2494] Building CXX object modules/features2d/CMakeFiles/opencv_perf_features2d.dir/perf/perf_feature2d.cpp.o
[1303/2494] Building CXX object modules/features2d/CMakeFiles/opencv_perf_features2d.dir/perf/perf_matcher.cpp.o
[1304/2494] Building CXX object modules/features2d/CMakeFiles/opencv_perf_features2d.dir/perf/perf_batchDistance.cpp.o
[1305/2494] Building CXX object modules/imgcodecs/CMakeFiles/opencv_imgcodecs.dir/src/grfmt_avif.cpp.o
[1306/2494] Building CXX object modules/imgcodecs/CMakeFiles/opencv_imgcodecs.dir/src/utils.cpp.o
[1307/2494] Building CXX object modules/imgcodecs/CMakeFiles/opencv_imgcodecs.dir/src/grfmt_gdcm.cpp.o
[1308/2494] Building CXX object modules/imgcodecs/CMakeFiles/opencv_imgcodecs.dir/src/grfmt_base.cpp.o
[1309/2494] Building CXX object modules/imgcodecs/CMakeFiles/opencv_imgcodecs.dir/src/grfmt_gdal.cpp.o
[1310/2494] Building CXX object modules/imgcodecs/CMakeFiles/opencv_imgcodecs.dir/src/grfmt_bmp.cpp.o
[1311/2494] Building CXX object modules/imgcodecs/CMakeFiles/opencv_imgcodecs.dir/src/grfmt_exr.cpp.o
[1312/2494] Building CXX object modules/imgcodecs/CMakeFiles/opencv_imgcodecs.dir/src/loadsave.cpp.o
[1313/2494] Building CXX object modules/imgcodecs/CMakeFiles/opencv_imgcodecs.dir/src/grfmt_gif.cpp.o
[1314/2494] Building CXX object modules/imgcodecs/CMakeFiles/opencv_imgcodecs.dir/src/grfmt_hdr.cpp.o
[1315/2494] Building CXX object modules/imgcodecs/CMakeFiles/opencv_imgcodecs.dir/src/grfmt_jpeg2000.cpp.o
[1316/2494] Building CXX object modules/imgcodecs/CMakeFiles/opencv_imgcodecs.dir/src/grfmt_jpeg.cpp.o
[1317/2494] Building CXX object modules/imgcodecs/CMakeFiles/opencv_imgcodecs.dir/src/grfmt_jpeg2000_openjpeg.cpp.o
[1318/2494] Building CXX object modules/imgcodecs/CMakeFiles/opencv_imgcodecs.dir/src/grfmt_jpegxl.cpp.o
[1319/2494] Building CXX object modules/imgcodecs/CMakeFiles/opencv_imgcodecs.dir/src/grfmt_pam.cpp.o
[1320/2494] Building CXX object modules/imgcodecs/CMakeFiles/opencv_imgcodecs.dir/src/grfmt_pfm.cpp.o
[1321/2494] Building CXX object modules/imgcodecs/CMakeFiles/opencv_imgcodecs.dir/src/grfmt_spng.cpp.o
[1322/2494] Building CXX object modules/imgcodecs/CMakeFiles/opencv_imgcodecs.dir/src/grfmt_pxm.cpp.o
[1323/2494] Building CXX object modules/imgcodecs/CMakeFiles/opencv_imgcodecs.dir/src/grfmt_png.cpp.o
[1324/2494] Building CXX object modules/imgcodecs/CMakeFiles/opencv_imgcodecs.dir/src/grfmt_sunras.cpp.o
[1325/2494] Building CXX object modules/imgcodecs/CMakeFiles/opencv_imgcodecs.dir/src/grfmt_webp.cpp.o
[1326/2494] Building CXX object modules/imgcodecs/CMakeFiles/opencv_imgcodecs.dir/src/rgbe.cpp.o
[1327/2494] Building CXX object modules/imgcodecs/CMakeFiles/opencv_imgcodecs.dir/src/bitstrm.cpp.o
[1328/2494] Building CXX object modules/imgcodecs/CMakeFiles/opencv_test_imgcodecs.dir/test/test_avif.cpp.o
[1329/2494] Building CXX object modules/imgcodecs/CMakeFiles/opencv_imgcodecs.dir/src/grfmt_tiff.cpp.o
[1330/2494] Building CXX object modules/imgcodecs/CMakeFiles/opencv_imgcodecs.dir/src/exif.cpp.o
[1331/2494] Building CXX object modules/imgcodecs/CMakeFiles/opencv_test_imgcodecs.dir/test/test_common.cpp.o
[1332/2494] Building CXX object modules/imgcodecs/CMakeFiles/opencv_test_imgcodecs.dir/test/test_bmp.cpp.o
[1333/2494] Building CXX object modules/imgcodecs/CMakeFiles/opencv_test_imgcodecs.dir/test/test_gdal.cpp.o
[1334/2494] Building CXX object modules/imgcodecs/CMakeFiles/opencv_test_imgcodecs.dir/test/test_animation.cpp.o
[1335/2494] Building CXX object modules/imgcodecs/CMakeFiles/opencv_test_imgcodecs.dir/test/test_exif.cpp.o
[1336/2494] Building CXX object modules/imgcodecs/CMakeFiles/opencv_test_imgcodecs.dir/test/test_jpegxl.cpp.o
[1337/2494] Building CXX object modules/imgcodecs/CMakeFiles/opencv_test_imgcodecs.dir/test/test_jpeg.cpp.o
[1338/2494] Building CXX object modules/imgcodecs/CMakeFiles/opencv_test_imgcodecs.dir/test/test_gif.cpp.o
[1339/2494] Building CXX object modules/imgcodecs/CMakeFiles/opencv_test_imgcodecs.dir/test/test_main.cpp.o
[1340/2494] Building CXX object modules/imgcodecs/CMakeFiles/opencv_test_imgcodecs.dir/test/test_grfmt.cpp.o
[1341/2494] Building CXX object modules/imgcodecs/CMakeFiles/opencv_test_imgcodecs.dir/test/test_sunraster.cpp.o
[1342/2494] Building CXX object modules/imgcodecs/CMakeFiles/opencv_perf_imgcodecs.dir/perf/perf_jpeg.cpp.o
[1343/2494] Building CXX object modules/imgcodecs/CMakeFiles/opencv_test_imgcodecs.dir/test/test_read_write.cpp.o
[1344/2494] Building CXX object modules/imgcodecs/CMakeFiles/opencv_test_imgcodecs.dir/test/test_png.cpp.o
[1345/2494] Building CXX object modules/imgcodecs/CMakeFiles/opencv_perf_imgcodecs.dir/perf/perf_main.cpp.o
[1346/2494] Building CXX object modules/videoio/CMakeFiles/opencv_videoio.dir/src/videoio_registry.cpp.o
[1347/2494] Linking CXX shared library lib/libopencv_imgcodecs.so.4.14.0
[1348/2494] Creating library symlink lib/libopencv_imgcodecs.so.414 lib/libopencv_imgcodecs.so
[1349/2494] Building CXX object modules/imgcodecs/CMakeFiles/opencv_perf_imgcodecs.dir/perf/perf_decode_encode.cpp.o
[1350/2494] Building CXX object modules/videoio/CMakeFiles/opencv_videoio.dir/src/videoio_c.cpp.o
[1351/2494] Building CXX object modules/imgcodecs/CMakeFiles/opencv_test_imgcodecs.dir/test/test_webp.cpp.o
[1352/2494] Building CXX object modules/imgcodecs/CMakeFiles/opencv_perf_imgcodecs.dir/perf/perf_png.cpp.o
[1353/2494] Building CXX object modules/videoio/CMakeFiles/opencv_videoio.dir/src/cap_mjpeg_decoder.cpp.o
[1354/2494] Building CXX object modules/videoio/CMakeFiles/opencv_videoio.dir/src/cap_images.cpp.o
[1355/2494] Building CXX object modules/videoio/CMakeFiles/opencv_videoio.dir/src/cap_mjpeg_encoder.cpp.o
[1356/2494] Building CXX object modules/videoio/CMakeFiles/opencv_videoio.dir/src/backend_static.cpp.o
[1357/2494] Building CXX object modules/videoio/CMakeFiles/opencv_videoio.dir/src/cap.cpp.o
[1358/2494] Building CXX object modules/videoio/CMakeFiles/opencv_videoio.dir/src/container_avi.cpp.o
[1359/2494] Building CXX object modules/videoio/CMakeFiles/opencv_videoio.dir/src/backend_plugin.cpp.o
[1360/2494] Building CXX object modules/videoio/CMakeFiles/opencv_videoio.dir/src/cap_obsensor_capture.cpp.o
[1361/2494] Building CXX object modules/videoio/CMakeFiles/opencv_videoio.dir/src/cap_obsensor/obsensor_uvc_stream_channel.cpp.o
[1362/2494] Building CXX object modules/videoio/CMakeFiles/opencv_videoio.dir/src/cap_v4l.cpp.o
[1363/2494] Building CXX object modules/imgcodecs/CMakeFiles/opencv_test_imgcodecs.dir/test/test_tiff.cpp.o
[1364/2494] Building CXX object modules/videoio/CMakeFiles/opencv_videoio.dir/src/cap_obsensor/obsensor_stream_channel_v4l2.cpp.o
[1365/2494] Building CXX object modules/videoio/CMakeFiles/opencv_videoio.dir/src/cap_ffmpeg.cpp.o
[1366/2494] Building CXX object modules/videoio/CMakeFiles/opencv_test_videoio.dir/test/test_container_avi.cpp.o
[1367/2494] Building CXX object modules/videoio/CMakeFiles/opencv_test_videoio.dir/test/test_dynamic.cpp.o
[1368/2494] Building CXX object modules/videoio/CMakeFiles/opencv_test_videoio.dir/test/test_camera.cpp.o
[1369/2494] Linking CXX shared library lib/libopencv_videoio.so.4.14.0
[1370/2494] Creating library symlink lib/libopencv_videoio.so.414 lib/libopencv_videoio.so
[1371/2494] Building CXX object modules/videoio/CMakeFiles/opencv_test_videoio.dir/test/test_audio.cpp.o
[1372/2494] Building CXX object modules/videoio/CMakeFiles/opencv_test_videoio.dir/test/test_main.cpp.o
[1373/2494] Building CXX object modules/videoio/CMakeFiles/opencv_test_videoio.dir/test/test_gstreamer.cpp.o
[1374/2494] Building CXX object modules/videoio/CMakeFiles/opencv_test_videoio.dir/test/test_images.cpp.o
[1375/2494] Building CXX object modules/videoio/CMakeFiles/opencv_test_videoio.dir/test/test_microphone.cpp.o
[1376/2494] Building CXX object modules/videoio/CMakeFiles/opencv_test_videoio.dir/test/test_plugins.cpp.o
[1377/2494] Building CXX object modules/videoio/CMakeFiles/opencv_test_videoio.dir/test/test_orientation.cpp.o
[1378/2494] Building CXX object modules/videoio/CMakeFiles/opencv_test_videoio.dir/test/test_mfx.cpp.o
[1379/2494] Processing OpenCL kernels (calib3d)
[1380/2494] Building CXX object modules/videoio/CMakeFiles/opencv_perf_videoio.dir/perf/perf_main.cpp.o
[1381/2494] Building CXX object modules/videoio/CMakeFiles/opencv_test_videoio.dir/test/test_v4l2.cpp.o
[1382/2494] Building CXX object modules/calib3d/CMakeFiles/opencv_calib3d.dir/src/ap3p.cpp.o
[1383/2494] Building CXX object modules/videoio/CMakeFiles/opencv_perf_videoio.dir/perf/perf_input.cpp.o
[1384/2494] Building CXX object modules/videoio/CMakeFiles/opencv_perf_videoio.dir/perf/perf_output.cpp.o
[1385/2494] Building CXX object modules/highgui/CMakeFiles/opencv_highgui.dir/src/backend.cpp.o
[1386/2494] Building CXX object modules/calib3d/CMakeFiles/opencv_calib3d.dir/src/calibration_base.cpp.o
[1387/2494] Building CXX object modules/calib3d/CMakeFiles/opencv_calib3d.dir/src/checkchessboard.cpp.o
[1388/2494] Building CXX object modules/calib3d/CMakeFiles/opencv_calib3d.dir/src/calibration_handeye.cpp.o
[1389/2494] Building CXX object modules/calib3d/CMakeFiles/opencv_calib3d.dir/src/calibration.cpp.o
[1390/2494] Building CXX object modules/calib3d/CMakeFiles/opencv_calib3d.dir/src/compat_ptsetreg.cpp.o
[1391/2494] Building CXX object modules/videoio/CMakeFiles/opencv_test_videoio.dir/test/test_ffmpeg.cpp.o
[1392/2494] Building CXX object modules/calib3d/CMakeFiles/opencv_calib3d.dir/src/epnp.cpp.o
[1393/2494] Building CXX object modules/videoio/CMakeFiles/opencv_test_videoio.dir/test/test_video_io.cpp.o
[1394/2494] Building CXX object modules/calib3d/CMakeFiles/opencv_calib3d.dir/src/circlesgrid.cpp.o
[1395/2494] Building CXX object modules/calib3d/CMakeFiles/opencv_calib3d.dir/src/dls.cpp.o
[1396/2494] Building CXX object modules/calib3d/CMakeFiles/opencv_calib3d.dir/src/calibinit.cpp.o
[1397/2494] Building CXX object modules/calib3d/CMakeFiles/opencv_calib3d.dir/src/chessboard.cpp.o
[1398/2494] Building CXX object modules/calib3d/CMakeFiles/opencv_calib3d.dir/src/main.cpp.o
[1399/2494] Building CXX object modules/calib3d/CMakeFiles/opencv_calib3d.dir/src/levmarq.cpp.o
[1400/2494] Building CXX object modules/calib3d/CMakeFiles/opencv_calib3d.dir/src/homography_decomp.cpp.o
[1401/2494] Building CXX object modules/calib3d/CMakeFiles/opencv_calib3d.dir/src/fundam.cpp.o
[1402/2494] Building CXX object modules/calib3d/CMakeFiles/opencv_calib3d.dir/src/fisheye.cpp.o
[1403/2494] Building CXX object modules/calib3d/CMakeFiles/opencv_calib3d.dir/src/ippe.cpp.o
[1404/2494] Building CXX object modules/calib3d/CMakeFiles/opencv_calib3d.dir/src/p3p.cpp.o
[1405/2494] Building CXX object modules/calib3d/CMakeFiles/opencv_calib3d.dir/src/five-point.cpp.o
[1406/2494] Building CXX object modules/calib3d/CMakeFiles/opencv_calib3d.dir/src/polynom_solver.cpp.o
[1407/2494] Building CXX object modules/calib3d/CMakeFiles/opencv_calib3d.dir/src/quadsubpix.cpp.o
[1408/2494] Building CXX object modules/calib3d/CMakeFiles/opencv_calib3d.dir/src/rho.cpp.o
[1409/2494] Building CXX object modules/calib3d/CMakeFiles/opencv_calib3d.dir/src/stereo_geom.cpp.o
[1410/2494] Building CXX object modules/calib3d/CMakeFiles/opencv_calib3d.dir/src/sqpnp.cpp.o
[1411/2494] Building CXX object modules/calib3d/CMakeFiles/opencv_calib3d.dir/src/solvepnp.cpp.o
[1412/2494] Building CXX object modules/calib3d/CMakeFiles/opencv_calib3d.dir/src/ptsetreg.cpp.o
[1413/2494] Building CXX object modules/calib3d/CMakeFiles/opencv_calib3d.dir/src/triangulate.cpp.o
[1414/2494] Building CXX object modules/calib3d/CMakeFiles/opencv_calib3d.dir/src/upnp.cpp.o
[1415/2494] Building CXX object modules/calib3d/CMakeFiles/opencv_calib3d.dir/src/stereosgbm.cpp.o
[1416/2494] Building CXX object modules/calib3d/CMakeFiles/opencv_calib3d.dir/src/undistort.dispatch.cpp.o
[1417/2494] Building CXX object modules/calib3d/CMakeFiles/opencv_calib3d.dir/src/usac/bundle.cpp.o
[1418/2494] Building CXX object modules/calib3d/CMakeFiles/opencv_calib3d.dir/src/usac/dls_solver.cpp.o
[1419/2494] Building CXX object modules/calib3d/CMakeFiles/opencv_calib3d.dir/src/stereobm.cpp.o
[1420/2494] Building CXX object modules/calib3d/CMakeFiles/opencv_calib3d.dir/src/usac/essential_solver.cpp.o
[1421/2494] Building CXX object modules/calib3d/CMakeFiles/opencv_calib3d.dir/src/usac/gamma_values.cpp.o
[1422/2494] Building CXX object modules/calib3d/CMakeFiles/opencv_calib3d.dir/src/usac/degeneracy.cpp.o
[1423/2494] Building CXX object modules/calib3d/CMakeFiles/opencv_calib3d.dir/src/usac/estimator.cpp.o
[1424/2494] Building CXX object modules/calib3d/CMakeFiles/opencv_calib3d.dir/src/usac/fundamental_solver.cpp.o
[1425/2494] Building CXX object modules/calib3d/CMakeFiles/opencv_calib3d.dir/src/usac/pnp_solver.cpp.o
[1426/2494] Building CXX object modules/calib3d/CMakeFiles/opencv_calib3d.dir/src/usac/homography_solver.cpp.o
[1427/2494] Building CXX object modules/calib3d/CMakeFiles/opencv_calib3d.dir/src/usac/local_optimization.cpp.o
[1428/2494] Building CXX object modules/calib3d/CMakeFiles/opencv_calib3d.dir/src/usac/quality.cpp.o
[1429/2494] Building CXX object modules/calib3d/CMakeFiles/opencv_calib3d.dir/src/usac/sampler.cpp.o
[1430/2494] Building CXX object modules/calib3d/CMakeFiles/opencv_calib3d.dir/opencl_kernels_calib3d.cpp.o
[1431/2494] Building CXX object modules/calib3d/CMakeFiles/opencv_calib3d.dir/src/usac/termination.cpp.o
[1432/2494] Building CXX object modules/calib3d/CMakeFiles/opencv_calib3d.dir/undistort.avx2.cpp.o
[1433/2494] Building CXX object modules/calib3d/CMakeFiles/opencv_test_calib3d.dir/test/test_affine3.cpp.o
[1434/2494] Building CXX object modules/calib3d/CMakeFiles/opencv_calib3d.dir/src/usac/utils.cpp.o
[1435/2494] Building CXX object modules/calib3d/CMakeFiles/opencv_calib3d.dir/src/usac/ransac_solvers.cpp.o
[1436/2494] Building CXX object modules/calib3d/CMakeFiles/opencv_test_calib3d.dir/test/test_affine2d_estimator.cpp.o
[1437/2494] Building CXX object modules/calib3d/CMakeFiles/opencv_test_calib3d.dir/test/test_affine3d_estimator.cpp.o
[1438/2494] Building CXX object modules/calib3d/CMakeFiles/opencv_test_calib3d.dir/test/opencl/test_stereobm.cpp.o
[1439/2494] Building CXX object modules/calib3d/CMakeFiles/opencv_test_calib3d.dir/test/test_affine_partial2d_estimator.cpp.o
[1440/2494] Building CXX object modules/calib3d/CMakeFiles/opencv_test_calib3d.dir/test/test_calibration_hand_eye.cpp.o
[1441/2494] Building CXX object modules/calib3d/CMakeFiles/opencv_test_calib3d.dir/test/test_cameracalibration_artificial.cpp.o
[1442/2494] Building CXX object modules/calib3d/CMakeFiles/opencv_test_calib3d.dir/test/test_cameracalibration_badarg.cpp.o
[1443/2494] Building CXX object modules/calib3d/CMakeFiles/opencv_test_calib3d.dir/test/test_chessboardgenerator.cpp.o
[1444/2494] Building CXX object modules/calib3d/CMakeFiles/opencv_test_calib3d.dir/test/test_cameracalibration_tilt.cpp.o
[1445/2494] Building CXX object modules/calib3d/CMakeFiles/opencv_test_calib3d.dir/test/test_chesscorners_timing.cpp.o
[1446/2494] Building CXX object modules/calib3d/CMakeFiles/opencv_test_calib3d.dir/test/test_chesscorners_badarg.cpp.o
[1447/2494] Building CXX object modules/calib3d/CMakeFiles/opencv_test_calib3d.dir/test/test_compose_rt.cpp.o
[1448/2494] Building CXX object modules/calib3d/CMakeFiles/opencv_test_calib3d.dir/test/test_chesscorners.cpp.o
[1449/2494] Building CXX object modules/calib3d/CMakeFiles/opencv_test_calib3d.dir/test/test_cornerssubpix.cpp.o
[1450/2494] Building CXX object modules/calib3d/CMakeFiles/opencv_test_calib3d.dir/test/test_cameracalibration.cpp.o
[1451/2494] Building CXX object modules/calib3d/CMakeFiles/opencv_test_calib3d.dir/test/test_decompose_projection.cpp.o
[1452/2494] Building CXX object modules/calib3d/CMakeFiles/opencv_test_calib3d.dir/test/test_filter_homography_decomp.cpp.o
[1453/2494] Building CXX object modules/calib3d/CMakeFiles/opencv_test_calib3d.dir/test/test_main.cpp.o
[1454/2494] Building CXX object modules/calib3d/CMakeFiles/opencv_test_calib3d.dir/test/test_modelest.cpp.o
[1455/2494] Building CXX object modules/calib3d/CMakeFiles/opencv_test_calib3d.dir/test/test_homography_decomp.cpp.o
[1456/2494] Building CXX object modules/calib3d/CMakeFiles/opencv_test_calib3d.dir/test/test_fundam.cpp.o
[1457/2494] Building CXX object modules/calib3d/CMakeFiles/opencv_test_calib3d.dir/test/test_posit.cpp.o
[1458/2494] Building CXX object modules/calib3d/CMakeFiles/opencv_test_calib3d.dir/test/test_homography.cpp.o
[1459/2494] Linking CXX shared library lib/libopencv_calib3d.so.4.14.0
[1460/2494] Creating library symlink lib/libopencv_calib3d.so.414 lib/libopencv_calib3d.so
[1461/2494] Building CXX object modules/calib3d/CMakeFiles/opencv_test_calib3d.dir/test/test_reproject_image_to_3d.cpp.o
[1462/2494] Building CXX object modules/calib3d/CMakeFiles/opencv_test_calib3d.dir/test/test_fisheye.cpp.o
[1463/2494] Building CXX object modules/calib3d/CMakeFiles/opencv_test_calib3d.dir/test/test_translation3d_estimator.cpp.o
[1464/2494] Building CXX object modules/calib3d/CMakeFiles/opencv_test_calib3d.dir/test/test_undistort_badarg.cpp.o
[1465/2494] Building CXX object modules/calib3d/CMakeFiles/opencv_test_calib3d.dir/test/test_translation_2d_estimator.cpp.o
[1466/2494] Building CXX object modules/calib3d/CMakeFiles/opencv_test_calib3d.dir/test/test_stereomatching.cpp.o
[1467/2494] Building CXX object modules/calib3d/CMakeFiles/opencv_test_calib3d.dir/test/test_undistort_points.cpp.o
[1468/2494] Building CXX object modules/calib3d/CMakeFiles/opencv_test_calib3d.dir/test/test_undistort.cpp.o
[1469/2494] Building CXX object modules/calib3d/CMakeFiles/opencv_perf_calib3d.dir/perf/perf_calibratecamera.cpp.o
[1470/2494] Building CXX object modules/calib3d/CMakeFiles/opencv_test_calib3d.dir/test/test_usac.cpp.o
[1471/2494] Building CXX object modules/calib3d/CMakeFiles/opencv_perf_calib3d.dir/perf/perf_cicrlesGrid.cpp.o
[1472/2494] Building CXX object modules/calib3d/CMakeFiles/opencv_perf_calib3d.dir/perf/perf_main.cpp.o
[1473/2494] Building CXX object modules/calib3d/CMakeFiles/opencv_perf_calib3d.dir/perf/perf_affine2d.cpp.o
[1474/2494] Building CXX object modules/calib3d/CMakeFiles/opencv_perf_calib3d.dir/perf/opencl/perf_stereobm.cpp.o
[1475/2494] Building CXX object modules/highgui/CMakeFiles/opencv_highgui.dir/src/roiSelector.cpp.o
[1476/2494] Building CXX object modules/calib3d/CMakeFiles/opencv_test_calib3d.dir/test/test_solvepnp_ransac.cpp.o
[1477/2494] Building CXX object modules/calib3d/CMakeFiles/opencv_perf_calib3d.dir/perf/perf_undistort.cpp.o
[1478/2494] Processing OpenCL kernels (objdetect)
[1479/2494] Building CXX object modules/calib3d/CMakeFiles/opencv_perf_calib3d.dir/perf/perf_pnp.cpp.o
[1480/2494] Building CXX object modules/highgui/CMakeFiles/opencv_highgui.dir/src/window.cpp.o
[1481/2494] Building CXX object modules/highgui/CMakeFiles/opencv_test_highgui.dir/test/test_gui.cpp.o
[1482/2494] Building CXX object modules/calib3d/CMakeFiles/opencv_perf_calib3d.dir/perf/perf_translation2d.cpp.o
[1483/2494] Building CXX object modules/highgui/CMakeFiles/opencv_test_highgui.dir/test/test_main.cpp.o
[1484/2494] Building CXX object modules/calib3d/CMakeFiles/opencv_perf_calib3d.dir/perf/perf_stereosgbm.cpp.o
[1485/2494] Linking CXX shared library lib/libopencv_highgui.so.4.14.0
[1486/2494] Creating library symlink lib/libopencv_highgui.so.414 lib/libopencv_highgui.so
[1487/2494] Building CXX object modules/objdetect/CMakeFiles/opencv_objdetect.dir/src/aruco/apriltag/zmaxheap.cpp.o
[1488/2494] Building CXX object modules/ts/CMakeFiles/opencv_ts.dir/src/cuda_perf.cpp.o
[1489/2494] Building CXX object modules/objdetect/CMakeFiles/opencv_objdetect.dir/src/aruco/apriltag/apriltag_quad_thresh.cpp.o
[1490/2494] Building CXX object modules/objdetect/CMakeFiles/opencv_objdetect.dir/src/aruco/aruco_utils.cpp.o
[1491/2494] Building CXX object modules/objdetect/CMakeFiles/opencv_objdetect.dir/src/aruco/aruco_dictionary.cpp.o
[1492/2494] Building CXX object modules/objdetect/CMakeFiles/opencv_objdetect.dir/src/aruco/aruco_board.cpp.o
[1493/2494] Building CXX object modules/objdetect/CMakeFiles/opencv_objdetect.dir/src/barcode_decoder/abs_decoder.cpp.o
[1494/2494] Building CXX object modules/objdetect/CMakeFiles/opencv_objdetect.dir/src/barcode_decoder/common/hybrid_binarizer.cpp.o
[1495/2494] Building CXX object modules/objdetect/CMakeFiles/opencv_objdetect.dir/src/barcode.cpp.o
[1496/2494] Building CXX object modules/objdetect/CMakeFiles/opencv_objdetect.dir/src/aruco/charuco_detector.cpp.o
[1497/2494] Building CXX object modules/objdetect/CMakeFiles/opencv_objdetect.dir/src/barcode_decoder/common/super_scale.cpp.o
[1498/2494] Building CXX object modules/objdetect/CMakeFiles/opencv_objdetect.dir/src/barcode_decoder/common/utils.cpp.o
[1499/2494] Building CXX object modules/objdetect/CMakeFiles/opencv_objdetect.dir/src/barcode_decoder/ean13_decoder.cpp.o
[1500/2494] Building CXX object modules/objdetect/CMakeFiles/opencv_objdetect.dir/src/barcode_decoder/ean8_decoder.cpp.o
[1501/2494] Building CXX object modules/objdetect/CMakeFiles/opencv_objdetect.dir/src/barcode_decoder/upcean_decoder.cpp.o
[1502/2494] Building CXX object modules/objdetect/CMakeFiles/opencv_objdetect.dir/src/aruco/aruco_detector.cpp.o
[1503/2494] Building CXX object modules/objdetect/CMakeFiles/opencv_objdetect.dir/src/barcode_detector/bardetect.cpp.o
[1504/2494] Building CXX object modules/objdetect/CMakeFiles/opencv_objdetect.dir/src/cascadedetect_convert.cpp.o
[1505/2494] Building CXX object modules/objdetect/CMakeFiles/opencv_objdetect.dir/src/detection_based_tracker.cpp.o
[1506/2494] Building CXX object modules/objdetect/CMakeFiles/opencv_objdetect.dir/src/face_recognize.cpp.o
[1507/2494] Building CXX object modules/objdetect/CMakeFiles/opencv_objdetect.dir/src/face_detect.cpp.o
[1508/2494] Building CXX object modules/objdetect/CMakeFiles/opencv_objdetect.dir/src/graphical_code_detector.cpp.o
[1509/2494] Building CXX object modules/objdetect/CMakeFiles/opencv_objdetect.dir/src/main.cpp.o
[1510/2494] Building CXX object modules/objdetect/CMakeFiles/opencv_objdetect.dir/opencl_kernels_objdetect.cpp.o
[1511/2494] Building CXX object modules/objdetect/CMakeFiles/opencv_objdetect.dir/src/cascadedetect.cpp.o
[1512/2494] Building CXX object modules/objdetect/CMakeFiles/opencv_objdetect.dir/src/hog.cpp.o
[1513/2494] Building CXX object modules/objdetect/CMakeFiles/opencv_objdetect.dir/src/qrcode_encoder.cpp.o
[1514/2494] Building CXX object modules/objdetect/CMakeFiles/opencv_test_objdetect.dir/test/test_aruco_utils.cpp.o
[1515/2494] Building CXX object modules/objdetect/CMakeFiles/opencv_test_objdetect.dir/test/test_aruco_tutorial.cpp.o
[1516/2494] Building CXX object modules/objdetect/CMakeFiles/opencv_test_objdetect.dir/test/opencl/test_hogdetector.cpp.o
[1517/2494] Building CXX object modules/objdetect/CMakeFiles/opencv_test_objdetect.dir/test/test_barcode.cpp.o
[1518/2494] Building CXX object modules/objdetect/CMakeFiles/opencv_test_objdetect.dir/test/test_main.cpp.o
[1519/2494] Building CXX object modules/objdetect/CMakeFiles/opencv_test_objdetect.dir/test/test_boarddetection.cpp.o
[1520/2494] Building CXX object modules/objdetect/CMakeFiles/opencv_test_objdetect.dir/test/test_cascadeandhog.cpp.o
[1521/2494] Building CXX object modules/objdetect/CMakeFiles/opencv_test_objdetect.dir/test/test_face.cpp.o
[1522/2494] Building CXX object modules/objdetect/CMakeFiles/opencv_objdetect.dir/src/qrcode.cpp.o
[1523/2494] Building CXX object modules/objdetect/CMakeFiles/opencv_test_objdetect.dir/test/test_arucodetection.cpp.o
[1524/2494] Building CXX object modules/objdetect/CMakeFiles/opencv_perf_objdetect.dir/perf/opencl/perf_hogdetect.cpp.o
[1525/2494] Building CXX object modules/objdetect/CMakeFiles/opencv_test_objdetect.dir/test/test_charucodetection.cpp.o
[1526/2494] Building CXX object modules/objdetect/CMakeFiles/opencv_perf_objdetect.dir/perf/opencl/perf_cascades.cpp.o
[1527/2494] Processing OpenCL kernels (stitching)
[1528/2494] Linking CXX shared library lib/libopencv_objdetect.so.4.14.0
[1529/2494] Creating library symlink lib/libopencv_objdetect.so.414 lib/libopencv_objdetect.so
[1530/2494] Building CXX object modules/objdetect/CMakeFiles/opencv_perf_objdetect.dir/perf/perf_barcode.cpp.o
[1531/2494] Building CXX object modules/objdetect/CMakeFiles/opencv_perf_objdetect.dir/perf/perf_main.cpp.o
[1532/2494] Building CXX object modules/objdetect/CMakeFiles/opencv_test_objdetect.dir/test/test_qrcode_encode.cpp.o
[1533/2494] Building CXX object modules/objdetect/CMakeFiles/opencv_test_objdetect.dir/test/test_qrcode.cpp.o
[1534/2494] Building CXX object modules/stitching/CMakeFiles/opencv_stitching.dir/src/camera.cpp.o
[1535/2494] Building CXX object modules/stitching/CMakeFiles/opencv_stitching.dir/src/autocalib.cpp.o
[1536/2494] Building CXX object modules/objdetect/CMakeFiles/opencv_perf_objdetect.dir/perf/perf_aruco.cpp.o
[1537/2494] Building CXX object modules/stitching/CMakeFiles/opencv_stitching.dir/src/blenders.cpp.o
[1538/2494] Building CXX object modules/stitching/CMakeFiles/opencv_stitching.dir/src/matchers.cpp.o
[1539/2494] Building CXX object modules/stitching/CMakeFiles/opencv_stitching.dir/src/exposure_compensate.cpp.o
[1540/2494] Building CXX object modules/stitching/CMakeFiles/opencv_stitching.dir/src/timelapsers.cpp.o
[1541/2494] Building CXX object modules/stitching/CMakeFiles/opencv_stitching.dir/src/util.cpp.o
[1542/2494] Building CXX object modules/objdetect/CMakeFiles/opencv_perf_objdetect.dir/perf/perf_qrcode_pipeline.cpp.o
[1543/2494] Building CXX object modules/stitching/CMakeFiles/opencv_stitching.dir/src/warpers_cuda.cpp.o
[1544/2494] Building CXX object modules/stitching/CMakeFiles/opencv_stitching.dir/src/motion_estimators.cpp.o
[1545/2494] Building CXX object modules/stitching/CMakeFiles/opencv_stitching.dir/opencl_kernels_stitching.cpp.o
[1546/2494] Building CXX object modules/stitching/CMakeFiles/opencv_stitching.dir/src/stitcher.cpp.o
[1547/2494] Building CXX object modules/stitching/CMakeFiles/opencv_stitching.dir/src/seam_finders.cpp.o
[1548/2494] Building CXX object modules/stitching/CMakeFiles/opencv_test_stitching.dir/test/test_blenders.cuda.cpp.o
[1549/2494] Building CXX object modules/stitching/CMakeFiles/opencv_test_stitching.dir/test/test_blenders.cpp.o
[1550/2494] Building CXX object modules/stitching/CMakeFiles/opencv_test_stitching.dir/test/test_exposure_compensate.cpp.o
[1551/2494] Building CXX object modules/stitching/CMakeFiles/opencv_test_stitching.dir/test/ocl/test_warpers.cpp.o
[1552/2494] Building CXX object modules/stitching/CMakeFiles/opencv_test_stitching.dir/test/test_main.cpp.o
[1553/2494] Building CXX object modules/stitching/CMakeFiles/opencv_stitching.dir/src/warpers.cpp.o
[1554/2494] Building CXX object modules/stitching/CMakeFiles/opencv_test_stitching.dir/test/test_matchers.cpp.o
[1555/2494] Building CXX object modules/stitching/CMakeFiles/opencv_test_stitching.dir/test/test_stitcher.cpp.o
[1556/2494] Building CXX object modules/stitching/CMakeFiles/opencv_perf_stitching.dir/perf/perf_main.cpp.o
[1557/2494] Building CXX object modules/stitching/CMakeFiles/opencv_test_stitching.dir/test/test_wave_correction.cpp.o
[1558/2494] Building CXX object modules/stitching/CMakeFiles/opencv_test_stitching.dir/test/test_reprojection.cpp.o
[1559/2494] Building CXX object modules/stitching/CMakeFiles/opencv_perf_stitching.dir/perf/opencl/perf_stitch.cpp.o
[1560/2494] Linking CXX shared library lib/libopencv_stitching.so.4.14.0
[1561/2494] Building CXX object modules/stitching/CMakeFiles/opencv_perf_stitching.dir/perf/opencl/perf_warpers.cpp.o
[1562/2494] Creating library symlink lib/libopencv_stitching.so.414 lib/libopencv_stitching.so
[1563/2494] Building CXX object modules/stitching/CMakeFiles/opencv_perf_stitching.dir/perf/perf_estimators.cpp.o
[1564/2494] Building CXX object modules/ts/CMakeFiles/opencv_ts.dir/src/cuda_test.cpp.o
[1565/2494] Building CXX object modules/ts/CMakeFiles/opencv_ts.dir/src/ocl_perf.cpp.o
[1566/2494] Building CXX object modules/ts/CMakeFiles/opencv_ts.dir/src/ocl_test.cpp.o
[1567/2494] Building CXX object modules/ts/CMakeFiles/opencv_ts.dir/src/ts_arrtest.cpp.o
[1568/2494] Processing OpenCL kernels (video)
[1569/2494] Building CXX object modules/stitching/CMakeFiles/opencv_perf_stitching.dir/perf/perf_matchers.cpp.o
[1570/2494] Building CXX object modules/ts/CMakeFiles/opencv_ts.dir/src/ts.cpp.o
[1571/2494] Building CXX object modules/stitching/CMakeFiles/opencv_perf_stitching.dir/perf/perf_stich.cpp.o
[1572/2494] Building CXX object samples/tapi/CMakeFiles/example_tapi_camshift.dir/camshift.cpp.o
[1573/2494] Building CXX object modules/ts/CMakeFiles/opencv_ts.dir/src/ts_tags.cpp.o
[1574/2494] Building CXX object samples/tapi/CMakeFiles/example_tapi_bgfg_segm.dir/bgfg_segm.cpp.o
[1575/2494] Building CXX object samples/cpp/CMakeFiles/example_cpp_opencv_version.dir/opencv_version.cpp.o
[1576/2494] Building CXX object samples/cpp/CMakeFiles/example_cpp_pca.dir/pca.cpp.o
[1577/2494] Building CXX object modules/ts/CMakeFiles/opencv_ts.dir/src/ts_perf.cpp.o
[1578/2494] Building CXX object samples/cpp/CMakeFiles/example_tutorial_MatchTemplate_Demo.dir/tutorial_code/Histograms_Matching/MatchTemplate_Demo.cpp.o
[1579/2494] Building CXX object samples/cpp/CMakeFiles/example_cpp_kalman.dir/kalman.cpp.o
[1580/2494] Building CXX object modules/video/CMakeFiles/opencv_video.dir/src/bgfg_KNN.cpp.o
[1581/2494] Building CXX object modules/video/CMakeFiles/opencv_video.dir/src/camshift.cpp.o
[1582/2494] Building CXX object modules/video/CMakeFiles/opencv_video.dir/src/bgfg_gaussmix2.cpp.o
[1583/2494] Building CXX object modules/ts/CMakeFiles/opencv_ts.dir/src/ts_gtest.cpp.o
[1584/2494] Building CXX object modules/video/CMakeFiles/opencv_video.dir/src/ecc.cpp.o
[1585/2494] Building CXX object modules/ts/CMakeFiles/opencv_ts.dir/src/ts_func.cpp.o
[1586/2494] Building CXX object modules/video/CMakeFiles/opencv_video.dir/src/kalman.cpp.o
[1587/2494] Linking CXX static library lib/libopencv_ts.a
[1588/2494] Building CXX object modules/video/CMakeFiles/opencv_video.dir/src/dis_flow.cpp.o
[1589/2494] Building CXX object modules/video/CMakeFiles/opencv_video.dir/src/lkpyramid.dispatch.cpp.o
[1590/2494] Building CXX object modules/video/CMakeFiles/opencv_video.dir/src/lkpyramid.cpp.o
[1591/2494] Building CXX object modules/video/CMakeFiles/opencv_video.dir/src/eccms.cpp.o
[1592/2494] Building CXX object modules/video/CMakeFiles/opencv_video.dir/src/optical_flow_io.cpp.o
[1593/2494] Building CXX object modules/video/CMakeFiles/opencv_video.dir/src/tracking/detail/tracker_feature.cpp.o
[1594/2494] Building CXX object modules/video/CMakeFiles/opencv_video.dir/src/optflowgf.cpp.o
[1595/2494] Linking CXX executable bin/opencv_perf_ml
[1596/2494] Linking CXX executable bin/opencv_test_flann
[1597/2494] Linking CXX executable bin/opencv_test_ml
[1598/2494] Linking CXX executable bin/opencv_test_photo
[1599/2494] Linking CXX executable bin/opencv_perf_photo
[1600/2494] Linking CXX executable bin/opencv_perf_features2d
[1601/2494] Linking CXX executable bin/opencv_test_features2d
[1602/2494] Linking CXX executable bin/opencv_perf_imgcodecs
[1603/2494] Linking CXX executable bin/opencv_perf_dnn
[1604/2494] Linking CXX executable bin/opencv_test_imgcodecs
[1605/2494] Linking CXX executable bin/opencv_perf_videoio
[1606/2494] Linking CXX executable bin/opencv_test_videoio
[1607/2494] Linking CXX executable bin/opencv_perf_imgproc
[1608/2494] Linking CXX executable bin/opencv_test_highgui
[1609/2494] Linking CXX executable bin/opencv_perf_calib3d
[1610/2494] Linking CXX executable bin/opencv_perf_core
[1611/2494] Linking CXX executable bin/opencv_test_calib3d
[1612/2494] Linking CXX executable bin/opencv_perf_objdetect
[1613/2494] Linking CXX executable bin/opencv_perf_stitching
[1614/2494] Linking CXX executable bin/opencv_test_stitching
[1615/2494] Building CXX object modules/video/CMakeFiles/opencv_video.dir/src/tracking/detail/tracker_feature_set.cpp.o
[1616/2494] Building CXX object modules/video/CMakeFiles/opencv_video.dir/src/tracking/detail/tracker_mil_model.cpp.o
[1617/2494] Building CXX object modules/video/CMakeFiles/opencv_video.dir/src/tracking/detail/tracker_mil_state.cpp.o
[1618/2494] Building CXX object modules/video/CMakeFiles/opencv_video.dir/src/tracking/detail/tracker_model.cpp.o
[1619/2494] Building CXX object modules/video/CMakeFiles/opencv_video.dir/src/tracking/detail/tracker_sampler.cpp.o
[1620/2494] Building CXX object modules/video/CMakeFiles/opencv_video.dir/src/tracking/detail/tracker_sampler_algorithm.cpp.o
[1621/2494] Linking CXX executable bin/opencv_test_objdetect
[1622/2494] Building CXX object modules/video/CMakeFiles/opencv_video.dir/src/tracking/detail/tracker_state_estimator.cpp.o
[1623/2494] Building CXX object modules/video/CMakeFiles/opencv_video.dir/src/tracking/tracker.cpp.o
[1624/2494] Building CXX object modules/video/CMakeFiles/opencv_video.dir/src/tracking/detail/tracking_feature.cpp.o
[1625/2494] Building CXX object modules/video/CMakeFiles/opencv_video.dir/src/tracking/detail/tracking_online_mil.cpp.o
[1626/2494] Building CXX object modules/video/CMakeFiles/opencv_video.dir/src/tracking/tracker_dasiamrpn.cpp.o
[1627/2494] Building CXX object modules/video/CMakeFiles/opencv_video.dir/src/tracking/tracker_goturn.cpp.o
[1628/2494] Building CXX object modules/video/CMakeFiles/opencv_video.dir/src/tracking/tracker_vit.cpp.o
[1629/2494] Building CXX object modules/video/CMakeFiles/opencv_video.dir/src/tracking/tracker_nano.cpp.o
[1630/2494] Building CXX object modules/video/CMakeFiles/opencv_video.dir/src/tracking/tracker_mil.cpp.o
[1631/2494] Building CXX object modules/video/CMakeFiles/opencv_video.dir/opencl_kernels_video.cpp.o
[1632/2494] Building CXX object modules/video/CMakeFiles/opencv_video.dir/src/variational_refinement.cpp.o
[1633/2494] Building CXX object modules/video/CMakeFiles/opencv_video.dir/lkpyramid.sse4_1.cpp.o
[1634/2494] Building CXX object modules/video/CMakeFiles/opencv_video.dir/lkpyramid.avx2.cpp.o
[1635/2494] Building CXX object modules/video/CMakeFiles/opencv_video.dir/lkpyramid.avx512_skx.cpp.o
[1636/2494] Building CXX object modules/video/CMakeFiles/opencv_test_video.dir/test/ocl/test_dis.cpp.o
[1637/2494] Linking CXX shared library lib/libopencv_video.so.4.14.0
[1638/2494] Creating library symlink lib/libopencv_video.so.414 lib/libopencv_video.so
[1639/2494] Linking CXX executable bin/example_tapi_bgfg_segm
[1640/2494] Building CXX object modules/video/CMakeFiles/opencv_test_video.dir/test/ocl/test_bgfg_mog2.cpp.o
[1641/2494] Building CXX object modules/video/CMakeFiles/opencv_test_video.dir/test/ocl/test_optflow_farneback.cpp.o
[1642/2494] Building CXX object modules/video/CMakeFiles/opencv_test_video.dir/test/test_OF_accuracy.cpp.o
[1643/2494] Building CXX object modules/video/CMakeFiles/opencv_test_video.dir/test/ocl/test_optflowpyrlk.cpp.o
[1644/2494] Building CXX object modules/video/CMakeFiles/opencv_test_video.dir/test/test_bgfg2.cpp.o
[1645/2494] Building CXX object modules/video/CMakeFiles/opencv_test_video.dir/test/test_camshift.cpp.o
[1646/2494] Building CXX object modules/video/CMakeFiles/opencv_test_video.dir/test/test_OF_reproducibility.cpp.o
[1647/2494] Building CXX object modules/video/CMakeFiles/opencv_test_video.dir/test/test_accum.cpp.o
[1648/2494] Building CXX object modules/video/CMakeFiles/opencv_test_video.dir/test/test_ecc.cpp.o
[1649/2494] Building CXX object modules/video/CMakeFiles/opencv_test_video.dir/test/test_estimaterigid.cpp.o
[1650/2494] Building CXX object modules/video/CMakeFiles/opencv_test_video.dir/test/test_kalman.cpp.o
[1651/2494] Building CXX object modules/video/CMakeFiles/opencv_test_video.dir/test/test_main.cpp.o
[1652/2494] Building CXX object modules/video/CMakeFiles/opencv_test_video.dir/test/test_optflowpyrlk.cpp.o
[1653/2494] Building CXX object modules/video/CMakeFiles/opencv_perf_video.dir/perf/opencl/perf_motempl.cpp.o
[1654/2494] Building CXX object modules/video/CMakeFiles/opencv_perf_video.dir/perf/opencl/perf_dis_optflow.cpp.o
[1655/2494] Building CXX object modules/video/CMakeFiles/opencv_perf_video.dir/perf/opencl/perf_bgfg_knn.cpp.o
[1656/2494] Building CXX object modules/video/CMakeFiles/opencv_test_video.dir/test/test_trackers.cpp.o
[1657/2494] Building CXX object modules/video/CMakeFiles/opencv_perf_video.dir/perf/opencl/perf_bgfg_mog2.cpp.o
[1658/2494] Building CXX object modules/video/CMakeFiles/opencv_perf_video.dir/perf/opencl/perf_optflow_pyrlk.cpp.o
[1659/2494] Building CXX object modules/video/CMakeFiles/opencv_perf_video.dir/perf/opencl/perf_optflow_farneback.cpp.o
[1660/2494] Building CXX object modules/video/CMakeFiles/opencv_perf_video.dir/perf/perf_bgfg_knn.cpp.o
[1661/2494] Building CXX object modules/video/CMakeFiles/opencv_perf_video.dir/perf/perf_bgfg_mog2.cpp.o
[1662/2494] Building CXX object modules/video/CMakeFiles/opencv_perf_video.dir/perf/perf_main.cpp.o
[1663/2494] Building CXX object modules/video/CMakeFiles/opencv_perf_video.dir/perf/perf_disflow.cpp.o
[1664/2494] Linking CXX executable bin/opencv_test_imgproc
[1665/2494] Building CXX object modules/video/CMakeFiles/opencv_perf_video.dir/perf/perf_ecc.cpp.o
[1666/2494] Linking CXX executable bin/opencv_test_video
[1667/2494] Building CXX object modules/gapi/CMakeFiles/opencv_gapi.dir/src/api/grunarg.cpp.o
[1668/2494] Building CXX object modules/video/CMakeFiles/opencv_perf_video.dir/perf/perf_trackers.cpp.o
[1669/2494] Building CXX object modules/gapi/CMakeFiles/opencv_gapi.dir/src/api/garray.cpp.o
[1670/2494] Building CXX object modules/video/CMakeFiles/opencv_perf_video.dir/perf/perf_optflowpyrlk.cpp.o
[1671/2494] Building CXX object modules/gapi/CMakeFiles/opencv_gapi.dir/src/api/gmat.cpp.o
[1672/2494] Building CXX object modules/video/CMakeFiles/opencv_perf_video.dir/perf/perf_variational_refinement.cpp.o
[1673/2494] Building CXX object modules/gapi/CMakeFiles/opencv_gapi.dir/src/api/gorigin.cpp.o
[1674/2494] Building CXX object modules/gapi/CMakeFiles/opencv_gapi.dir/src/api/gscalar.cpp.o
[1675/2494] Building CXX object modules/gapi/CMakeFiles/opencv_gapi.dir/src/api/gopaque.cpp.o
[1676/2494] Building CXX object modules/gapi/CMakeFiles/opencv_gapi.dir/src/api/gframe.cpp.o
[1677/2494] Building CXX object modules/gapi/CMakeFiles/opencv_gapi.dir/src/api/gkernel.cpp.o
[1678/2494] Building CXX object modules/gapi/CMakeFiles/opencv_gapi.dir/src/api/gcommon.cpp.o
[1679/2494] Building CXX object modules/gapi/CMakeFiles/opencv_gapi.dir/src/api/gnode.cpp.o
[1680/2494] Building CXX object modules/gapi/CMakeFiles/opencv_gapi.dir/src/api/gproto.cpp.o
[1681/2494] Building CXX object modules/gapi/CMakeFiles/opencv_gapi.dir/src/api/gcall.cpp.o
[1682/2494] Building CXX object modules/gapi/CMakeFiles/opencv_gapi.dir/src/api/gbackend.cpp.o
[1683/2494] Building CXX object modules/gapi/CMakeFiles/opencv_gapi.dir/src/api/operators.cpp.o
[1684/2494] Linking CXX executable bin/opencv_test_core
[1685/2494] Linking CXX executable bin/opencv_perf_video
[1686/2494] Building CXX object modules/gapi/CMakeFiles/opencv_gapi.dir/src/api/gcomputation.cpp.o
[1687/2494] Building CXX object modules/gapi/CMakeFiles/opencv_gapi.dir/src/api/kernels_nnparsers.cpp.o
[1688/2494] Building CXX object modules/gapi/CMakeFiles/opencv_gapi.dir/src/api/kernels_video.cpp.o
[1689/2494] Building CXX object modules/gapi/CMakeFiles/opencv_gapi.dir/src/api/kernels_ot.cpp.o
[1690/2494] Building CXX object modules/gapi/CMakeFiles/opencv_gapi.dir/src/api/kernels_streaming.cpp.o
[1691/2494] Building CXX object modules/gapi/CMakeFiles/opencv_gapi.dir/src/api/kernels_stereo.cpp.o
[1692/2494] Building CXX object modules/gapi/CMakeFiles/opencv_gapi.dir/src/api/render_ocv.cpp.o
[1693/2494] Building CXX object modules/gapi/CMakeFiles/opencv_gapi.dir/src/api/media.cpp.o
[1694/2494] Building CXX object modules/gapi/CMakeFiles/opencv_gapi.dir/src/api/kernels_imgproc.cpp.o
[1695/2494] Building CXX object modules/gapi/CMakeFiles/opencv_gapi.dir/src/api/ginfer.cpp.o
[1696/2494] Building CXX object modules/gapi/CMakeFiles/opencv_gapi.dir/src/api/kernels_core.cpp.o
[1697/2494] Building CXX object modules/gapi/CMakeFiles/opencv_gapi.dir/src/api/rmat.cpp.o
[1698/2494] Building CXX object modules/gapi/CMakeFiles/opencv_gapi.dir/src/api/render.cpp.o
[1699/2494] Building CXX object modules/gapi/CMakeFiles/opencv_gapi.dir/src/compiler/gcompiled.cpp.o
[1700/2494] Building CXX object modules/gapi/CMakeFiles/opencv_gapi.dir/src/compiler/passes/helpers.cpp.o
[1701/2494] Building CXX object modules/gapi/CMakeFiles/opencv_gapi.dir/src/compiler/gstreaming.cpp.o
[1702/2494] Building CXX object modules/gapi/CMakeFiles/opencv_gapi.dir/src/compiler/gmodel.cpp.o
[1703/2494] Building CXX object modules/gapi/CMakeFiles/opencv_gapi.dir/src/compiler/gmodelbuilder.cpp.o
[1704/2494] Building CXX object modules/gapi/CMakeFiles/opencv_gapi.dir/src/compiler/gislandmodel.cpp.o
[1705/2494] Building CXX object modules/gapi/CMakeFiles/opencv_gapi.dir/src/compiler/gcompiler.cpp.o
[1706/2494] Building CXX object modules/gapi/CMakeFiles/opencv_gapi.dir/src/compiler/passes/meta.cpp.o
[1707/2494] Building CXX object modules/gapi/CMakeFiles/opencv_gapi.dir/src/compiler/passes/islands.cpp.o
[1708/2494] Building CXX object modules/gapi/CMakeFiles/opencv_gapi.dir/src/compiler/passes/dump_dot.cpp.o
[1709/2494] Building CXX object modules/gapi/CMakeFiles/opencv_gapi.dir/src/compiler/passes/kernels.cpp.o
[1710/2494] Building CXX object modules/gapi/CMakeFiles/opencv_gapi.dir/src/compiler/passes/transformations.cpp.o
[1711/2494] Building CXX object modules/gapi/CMakeFiles/opencv_gapi.dir/src/compiler/passes/perform_substitution.cpp.o
[1712/2494] Building CXX object modules/gapi/CMakeFiles/opencv_gapi.dir/src/compiler/passes/exec.cpp.o
[1713/2494] Building CXX object modules/gapi/CMakeFiles/opencv_gapi.dir/src/executor/gtbbexecutor.cpp.o
[1714/2494] Building CXX object modules/gapi/CMakeFiles/opencv_gapi.dir/src/compiler/passes/pattern_matching.cpp.o
[1715/2494] Building CXX object modules/gapi/CMakeFiles/opencv_gapi.dir/src/compiler/passes/streaming.cpp.o
[1716/2494] Building CXX object modules/gapi/CMakeFiles/opencv_gapi.dir/src/compiler/passes/intrin.cpp.o
[1717/2494] Building CXX object modules/gapi/CMakeFiles/opencv_gapi.dir/src/executor/gabstractexecutor.cpp.o
[1718/2494] Building CXX object modules/gapi/CMakeFiles/opencv_gapi.dir/src/executor/gabstractstreamingexecutor.cpp.o
[1719/2494] Building CXX object modules/gapi/CMakeFiles/opencv_gapi.dir/src/executor/thread_pool.cpp.o
[1720/2494] Building CXX object modules/gapi/CMakeFiles/opencv_gapi.dir/src/executor/gexecutor.cpp.o
[1721/2494] Building CXX object modules/gapi/CMakeFiles/opencv_gapi.dir/src/backends/cpu/gcpukernel.cpp.o
[1722/2494] Building CXX object modules/gapi/CMakeFiles/opencv_gapi.dir/src/executor/gasync.cpp.o
[1723/2494] Building CXX object modules/gapi/CMakeFiles/opencv_gapi.dir/src/executor/gthreadedexecutor.cpp.o
[1724/2494] Building CXX object modules/gapi/CMakeFiles/opencv_gapi.dir/src/backends/cpu/gcpustereo.cpp.o
[1725/2494] Building CXX object modules/gapi/CMakeFiles/opencv_gapi.dir/src/backends/cpu/gcpubackend.cpp.o
[1726/2494] Linking CXX executable bin/opencv_test_dnn
[1727/2494] Building CXX object modules/gapi/CMakeFiles/opencv_gapi.dir/src/backends/cpu/gcpuvideo.cpp.o
[1728/2494] Building CXX object modules/gapi/CMakeFiles/opencv_gapi.dir/src/backends/cpu/gcpuimgproc.cpp.o
[1729/2494] Building CXX object modules/gapi/CMakeFiles/opencv_gapi.dir/src/backends/cpu/gnnparsers.cpp.o
[1730/2494] Building CXX object modules/gapi/CMakeFiles/opencv_gapi.dir/src/backends/cpu/gcpuot.cpp.o
[1731/2494] Building CXX object modules/gapi/CMakeFiles/opencv_gapi.dir/src/backends/fluid/gfluidbuffer.cpp.o
[1732/2494] Building CXX object modules/gapi/CMakeFiles/opencv_gapi.dir/src/executor/gstreamingexecutor.cpp.o
[1733/2494] Building CXX object modules/gapi/CMakeFiles/opencv_gapi.dir/src/backends/cpu/gcpucore.cpp.o
[1734/2494] Building CXX object modules/gapi/CMakeFiles/opencv_gapi.dir/src/backends/oak/goak.cpp.o
[1735/2494] Building CXX object modules/gapi/CMakeFiles/opencv_gapi.dir/src/backends/oak/goakbackend.cpp.o
[1736/2494] Building CXX object modules/gapi/CMakeFiles/opencv_gapi.dir/src/backends/oak/goak_memory_adapters.cpp.o
[1737/2494] Building CXX object modules/gapi/CMakeFiles/opencv_gapi.dir/src/backends/fluid/gfluidimgproc.cpp.o
[1738/2494] Building CXX object modules/gapi/CMakeFiles/opencv_gapi.dir/src/backends/ocl/goclkernel.cpp.o
[1739/2494] Building CXX object modules/gapi/CMakeFiles/opencv_gapi.dir/src/backends/fluid/gfluidbackend.cpp.o
[1740/2494] Building CXX object modules/gapi/CMakeFiles/opencv_gapi.dir/src/backends/ie/giebackend/giewrapper.cpp.o
[1741/2494] Building CXX object modules/gapi/CMakeFiles/opencv_gapi.dir/src/backends/fluid/gfluidimgproc_func.dispatch.cpp.o
[1742/2494] Building CXX object modules/gapi/CMakeFiles/opencv_gapi.dir/src/backends/ocl/goclimgproc.cpp.o
[1743/2494] Building CXX object modules/gapi/CMakeFiles/opencv_gapi.dir/src/backends/fluid/gfluidcore_func.dispatch.cpp.o
[1744/2494] Building CXX object modules/gapi/CMakeFiles/opencv_gapi.dir/src/backends/ie/giebackend.cpp.o
[1745/2494] Building CXX object modules/gapi/CMakeFiles/opencv_gapi.dir/src/backends/ocl/goclbackend.cpp.o
[1746/2494] Building CXX object modules/gapi/CMakeFiles/opencv_gapi.dir/src/backends/ov/govbackend.cpp.o
[1747/2494] Building CXX object modules/gapi/CMakeFiles/opencv_gapi.dir/src/backends/onnx/gonnxbackend.cpp.o
[1748/2494] Building CXX object modules/gapi/CMakeFiles/opencv_gapi.dir/src/backends/plaidml/gplaidmlbackend.cpp.o
[1749/2494] Building CXX object modules/gapi/CMakeFiles/opencv_gapi.dir/src/backends/onnx/dml_ep.cpp.o
[1750/2494] Building CXX object modules/gapi/CMakeFiles/opencv_gapi.dir/src/backends/onnx/coreml_ep.cpp.o
[1751/2494] Building CXX object modules/gapi/CMakeFiles/opencv_gapi.dir/src/backends/render/ft_render.cpp.o
[1752/2494] Building CXX object modules/gapi/CMakeFiles/opencv_gapi.dir/src/backends/fluid/gfluidcore.cpp.o
[1753/2494] Building CXX object modules/gapi/CMakeFiles/opencv_gapi.dir/src/backends/plaidml/gplaidmlcore.cpp.o
[1754/2494] Building CXX object modules/gapi/CMakeFiles/opencv_gapi.dir/src/backends/render/grenderocv.cpp.o
[1755/2494] Building CXX object modules/gapi/CMakeFiles/opencv_gapi.dir/src/backends/ocl/goclcore.cpp.o
[1756/2494] Building CXX object modules/gapi/CMakeFiles/opencv_gapi.dir/src/backends/common/gcompoundkernel.cpp.o
[1757/2494] Building CXX object modules/gapi/CMakeFiles/opencv_gapi.dir/src/backends/common/gmetabackend.cpp.o
[1758/2494] Building CXX object modules/gapi/CMakeFiles/opencv_gapi.dir/src/backends/common/gcompoundbackend.cpp.o
[1759/2494] Building CXX object modules/gapi/CMakeFiles/opencv_gapi.dir/src/api/s11n.cpp.o
[1760/2494] Building CXX object modules/gapi/CMakeFiles/opencv_gapi.dir/src/backends/ie/bindings_ie.cpp.o
[1761/2494] Building CXX object modules/gapi/CMakeFiles/opencv_gapi.dir/src/backends/onnx/bindings_onnx.cpp.o
[1762/2494] Building CXX object modules/gapi/CMakeFiles/opencv_gapi.dir/src/streaming/onevpl/source.cpp.o
[1763/2494] Building CXX object modules/gapi/CMakeFiles/opencv_gapi.dir/src/streaming/queue_source.cpp.o
[1764/2494] Building CXX object modules/gapi/CMakeFiles/opencv_gapi.dir/src/backends/ov/bindings_ov.cpp.o
[1765/2494] Building CXX object modules/gapi/CMakeFiles/opencv_gapi.dir/src/streaming/onevpl/file_data_provider.cpp.o
[1766/2494] Building CXX object modules/gapi/CMakeFiles/opencv_gapi.dir/src/streaming/onevpl/source_priv.cpp.o
[1767/2494] Building CXX object modules/gapi/CMakeFiles/opencv_gapi.dir/src/backends/streaming/gstreamingbackend.cpp.o
[1768/2494] Building CXX object modules/gapi/CMakeFiles/opencv_gapi.dir/src/streaming/onevpl/utils.cpp.o
[1769/2494] Building CXX object modules/gapi/CMakeFiles/opencv_gapi.dir/src/streaming/onevpl/cfg_params_parser.cpp.o
[1770/2494] Building CXX object modules/gapi/CMakeFiles/opencv_gapi.dir/src/backends/python/gpythonbackend.cpp.o
[1771/2494] Building CXX object modules/gapi/CMakeFiles/opencv_gapi.dir/src/streaming/onevpl/data_provider_interface_exception.cpp.o
[1772/2494] Building CXX object modules/gapi/CMakeFiles/opencv_gapi.dir/src/streaming/onevpl/cfg_params.cpp.o
[1773/2494] Building CXX object modules/gapi/CMakeFiles/opencv_gapi.dir/src/streaming/onevpl/accelerators/surface/base_frame_adapter.cpp.o
[1774/2494] Building CXX object modules/gapi/CMakeFiles/opencv_gapi.dir/src/streaming/onevpl/accelerators/accel_policy_dx11.cpp.o
[1775/2494] Building CXX object modules/gapi/CMakeFiles/opencv_gapi.dir/src/streaming/onevpl/default.cpp.o
[1776/2494] Building CXX object modules/gapi/CMakeFiles/opencv_gapi.dir/src/streaming/onevpl/accelerators/accel_policy_cpu.cpp.o
[1777/2494] Building CXX object modules/gapi/CMakeFiles/opencv_gapi.dir/src/streaming/onevpl/accelerators/surface/surface.cpp.o
[1778/2494] Building CXX object modules/gapi/CMakeFiles/opencv_gapi.dir/src/streaming/onevpl/accelerators/dx11_alloc_resource.cpp.o
[1779/2494] Building CXX object modules/gapi/CMakeFiles/opencv_gapi.dir/src/streaming/onevpl/accelerators/accel_policy_va_api.cpp.o
[1780/2494] Building CXX object modules/gapi/CMakeFiles/opencv_gapi.dir/src/streaming/onevpl/engine/engine_session.cpp.o
[1781/2494] Building CXX object modules/gapi/CMakeFiles/opencv_gapi.dir/src/streaming/onevpl/engine/processing_engine_base.cpp.o
[1782/2494] Building CXX object modules/gapi/CMakeFiles/opencv_gapi.dir/src/streaming/onevpl/engine/decode/decode_session.cpp.o
[1783/2494] Building CXX object modules/gapi/CMakeFiles/opencv_gapi.dir/src/streaming/onevpl/engine/decode/decode_engine_legacy.cpp.o
[1784/2494] Building CXX object modules/gapi/CMakeFiles/opencv_gapi.dir/src/streaming/onevpl/engine/transcode/transcode_engine_legacy.cpp.o
[1785/2494] Building CXX object modules/gapi/CMakeFiles/opencv_gapi.dir/src/streaming/onevpl/accelerators/surface/cpu_frame_adapter.cpp.o
[1786/2494] Building CXX object modules/gapi/CMakeFiles/opencv_gapi.dir/src/streaming/onevpl/engine/transcode/transcode_session.cpp.o
[1787/2494] Building CXX object modules/gapi/CMakeFiles/opencv_gapi.dir/src/streaming/onevpl/engine/preproc/preproc_engine.cpp.o
[1788/2494] Building CXX object modules/gapi/CMakeFiles/opencv_gapi.dir/src/streaming/onevpl/engine/preproc/preproc_session.cpp.o
[1789/2494] Building CXX object modules/gapi/CMakeFiles/opencv_gapi.dir/src/streaming/onevpl/demux/async_mfp_demux_data_provider.cpp.o
[1790/2494] Building CXX object modules/gapi/CMakeFiles/opencv_gapi.dir/src/streaming/onevpl/data_provider_dispatcher.cpp.o
[1791/2494] Building CXX object modules/gapi/CMakeFiles/opencv_gapi.dir/src/streaming/onevpl/cfg_param_device_selector.cpp.o
[1792/2494] Building CXX object modules/gapi/CMakeFiles/opencv_gapi.dir/src/streaming/onevpl/accelerators/surface/dx11_frame_adapter.cpp.o
[1793/2494] Building CXX object modules/gapi/CMakeFiles/opencv_gapi.dir/src/streaming/onevpl/accelerators/surface/surface_pool.cpp.o
[1794/2494] Building CXX object modules/gapi/CMakeFiles/opencv_gapi.dir/src/streaming/onevpl/accelerators/utils/shared_lock.cpp.o
[1795/2494] Building CXX object modules/gapi/CMakeFiles/opencv_gapi.dir/src/streaming/onevpl/device_selector_interface.cpp.o
[1796/2494] Building CXX object modules/gapi/CMakeFiles/opencv_gapi.dir/src/streaming/gstreamer/gstreamer_pipeline_facade.cpp.o
[1797/2494] Building CXX object modules/gapi/CMakeFiles/opencv_gapi.dir/src/streaming/onevpl/engine/preproc/preproc_dispatcher.cpp.o
[1798/2494] Building CXX object modules/gapi/CMakeFiles/opencv_gapi.dir/src/streaming/onevpl/engine/preproc_engine_interface.cpp.o
[1799/2494] Building CXX object modules/gapi/CMakeFiles/opencv_gapi.dir/src/streaming/gstreamer/gstreamerpipeline.cpp.o
[1800/2494] Building CXX object samples/cpp/CMakeFiles/example_tutorial_calcBackProject_Demo2.dir/tutorial_code/Histograms_Matching/calcBackProject_Demo2.cpp.o
[1801/2494] Building CXX object modules/gapi/CMakeFiles/opencv_gapi.dir/src/streaming/gstreamer/gstreamersource.cpp.o
[1802/2494] Building CXX object modules/gapi/CMakeFiles/opencv_gapi.dir/src/streaming/gstreamer/gstreamer_buffer_utils.cpp.o
[1803/2494] Building CXX object modules/gapi/CMakeFiles/opencv_gapi.dir/src/utils/itt.cpp.o
[1804/2494] Building CXX object modules/gapi/CMakeFiles/opencv_gapi.dir/src/pysrc/python_stream_source.cpp.o
[1805/2494] Building CXX object modules/gapi/CMakeFiles/opencv_gapi.dir/src/streaming/gstreamer/gstreamerenv.cpp.o
[1806/2494] Building CXX object modules/gapi/CMakeFiles/opencv_gapi.dir/src/streaming/gstreamer/gstreamer_media_adapter.cpp.o
[1807/2494] Building CXX object modules/gapi/CMakeFiles/opencv_gapi.dir/src/3rdparty/vasot/src/components/ot/kalman_filter/kalman_filter_no_opencv.cpp.o
[1808/2494] Building CXX object modules/gapi/CMakeFiles/opencv_gapi.dir/src/3rdparty/vasot/src/components/ot/mtt/hungarian_wrap.cpp.o
[1809/2494] Building CXX object modules/gapi/CMakeFiles/opencv_gapi.dir/src/3rdparty/vasot/src/components/ot/mtt/objects_associator.cpp.o
[1810/2494] Building CXX object modules/gapi/CMakeFiles/opencv_gapi.dir/src/3rdparty/vasot/src/components/ot/mtt/rgb_histogram.cpp.o
[1811/2494] Building CXX object modules/gapi/CMakeFiles/opencv_gapi.dir/src/backends/common/serialization.cpp.o
[1812/2494] Building CXX object modules/gapi/CMakeFiles/opencv_gapi.dir/src/3rdparty/vasot/src/components/ot/tracker.cpp.o
[1813/2494] Building CXX object modules/gapi/CMakeFiles/opencv_gapi.dir/src/3rdparty/vasot/src/components/ot/object_tracker.cpp.o
[1814/2494] Building CXX object modules/gapi/CMakeFiles/opencv_gapi.dir/src/3rdparty/vasot/src/components/ot/short_term_imageless_tracker.cpp.o
[1815/2494] Building CXX object modules/gapi/CMakeFiles/opencv_gapi.dir/src/3rdparty/vasot/src/components/ot/tracklet.cpp.o
[1816/2494] Building CXX object modules/gapi/CMakeFiles/opencv_gapi.dir/src/3rdparty/vasot/src/components/ot/zero_term_imageless_tracker.cpp.o
[1817/2494] Building CXX object modules/gapi/CMakeFiles/opencv_test_gapi.dir/test/common/gapi_stereo_tests.cpp.o
[1818/2494] Building CXX object modules/gapi/CMakeFiles/opencv_gapi.dir/backends/fluid/gfluidimgproc_func.sse4_1.cpp.o
[1819/2494] Building CXX object modules/gapi/CMakeFiles/opencv_gapi.dir/backends/fluid/gfluidcore_func.sse4_1.cpp.o
[1820/2494] Building CXX object modules/gapi/CMakeFiles/opencv_test_gapi.dir/test/common/gapi_operators_tests.cpp.o
[1821/2494] Building CXX object modules/gapi/CMakeFiles/opencv_gapi.dir/backends/fluid/gfluidimgproc_func.avx2.cpp.o
[1822/2494] Building CXX object modules/gapi/CMakeFiles/opencv_test_gapi.dir/test/common/gapi_render_tests.cpp.o
[1823/2494] Building CXX object modules/gapi/CMakeFiles/opencv_gapi.dir/backends/fluid/gfluidcore_func.avx2.cpp.o
[1824/2494] Building CXX object modules/gapi/CMakeFiles/opencv_test_gapi.dir/test/common/gapi_compoundkernel_tests.cpp.o
[1825/2494] Building CXX object modules/gapi/CMakeFiles/opencv_test_gapi.dir/test/common/gapi_video_tests.cpp.o
[1826/2494] Building CXX object modules/gapi/CMakeFiles/opencv_test_gapi.dir/test/cpu/gapi_core_tests_fluid.cpp.o
[1827/2494] Building CXX object modules/gapi/CMakeFiles/opencv_test_gapi.dir/test/cpu/gapi_imgproc_tests_fluid.cpp.o
[1828/2494] Building CXX object modules/gapi/CMakeFiles/opencv_test_gapi.dir/test/cpu/gapi_ocv_stateful_kernel_tests.cpp.o
[1829/2494] Building CXX object modules/gapi/CMakeFiles/opencv_test_gapi.dir/test/common/gapi_imgproc_tests.cpp.o
[1830/2494] Building CXX object modules/gapi/CMakeFiles/opencv_test_gapi.dir/test/common/gapi_core_tests.cpp.o
[1831/2494] Linking CXX shared library lib/libopencv_gapi.so.4.14.0
[1832/2494] Creating library symlink lib/libopencv_gapi.so.414 lib/libopencv_gapi.so
[1833/2494] Building CXX object modules/gapi/CMakeFiles/opencv_test_gapi.dir/test/executor/gtbbexecutor_internal_tests.cpp.o
[1834/2494] Building CXX object modules/gapi/CMakeFiles/opencv_test_gapi.dir/test/cpu/gapi_operators_tests_cpu.cpp.o
[1835/2494] Building CXX object modules/gapi/CMakeFiles/opencv_test_gapi.dir/test/cpu/gapi_operators_tests_fluid.cpp.o
[1836/2494] Building CXX object modules/gapi/CMakeFiles/opencv_test_gapi.dir/test/cpu/gapi_core_tests_cpu.cpp.o
[1837/2494] Building CXX object modules/gapi/CMakeFiles/opencv_test_gapi.dir/test/cpu/gapi_ot_tests_cpu.cpp.o
[1838/2494] Building CXX object modules/gapi/CMakeFiles/opencv_test_gapi.dir/test/cpu/gapi_imgproc_tests_cpu.cpp.o
[1839/2494] Building CXX object modules/gapi/CMakeFiles/opencv_test_gapi.dir/test/cpu/gapi_stereo_tests_cpu.cpp.o
[1840/2494] Building CXX object modules/gapi/CMakeFiles/opencv_test_gapi.dir/test/gapi_compile_args_tests.cpp.o
[1841/2494] Building CXX object modules/gapi/CMakeFiles/opencv_test_gapi.dir/test/gapi_basic_hetero_tests.cpp.o
[1842/2494] Building CXX object modules/gapi/CMakeFiles/opencv_test_gapi.dir/test/gapi_array_tests.cpp.o
[1843/2494] Building CXX object modules/gapi/CMakeFiles/opencv_test_gapi.dir/test/gapi_async_test.cpp.o
[1844/2494] Building CXX object modules/gapi/CMakeFiles/opencv_test_gapi.dir/test/gapi_fluid_parallel_rois_test.cpp.o
[1845/2494] Building CXX object modules/gapi/CMakeFiles/opencv_test_gapi.dir/test/gapi_desc_tests.cpp.o
[1846/2494] Building CXX object modules/gapi/CMakeFiles/opencv_test_gapi.dir/test/cpu/gapi_video_tests_cpu.cpp.o
[1847/2494] Building CXX object modules/gapi/CMakeFiles/opencv_test_gapi.dir/test/gapi_fluid_test_kernels.cpp.o
[1848/2494] Building CXX object modules/gapi/CMakeFiles/opencv_test_gapi.dir/test/gapi_fluid_roi_test.cpp.o
[1849/2494] Building CXX object modules/gapi/CMakeFiles/opencv_test_gapi.dir/test/gapi_frame_tests.cpp.o
[1850/2494] Building CXX object modules/gapi/CMakeFiles/opencv_test_gapi.dir/test/gapi_gpu_test.cpp.o
[1851/2494] Building CXX object modules/gapi/CMakeFiles/opencv_test_gapi.dir/test/gapi_gcomputation_tests.cpp.o
[1852/2494] Building CXX object modules/gapi/CMakeFiles/opencv_test_gapi.dir/test/gapi_gcompiled_tests.cpp.o
[1853/2494] Building CXX object modules/gapi/CMakeFiles/opencv_test_gapi.dir/test/gapi_fluid_resize_test.cpp.o
[1854/2494] Building CXX object modules/gapi/CMakeFiles/opencv_test_gapi.dir/test/gapi_plaidml_pipelines.cpp.o
[1855/2494] Building CXX object modules/gapi/CMakeFiles/opencv_test_gapi.dir/test/gapi_mat_tests.cpp.o
[1856/2494] Building CXX object modules/gapi/CMakeFiles/opencv_test_gapi.dir/test/gapi_graph_meta_tests.cpp.o
[1857/2494] Building CXX object modules/gapi/CMakeFiles/opencv_test_gapi.dir/test/gapi_fluid_test.cpp.o
[1858/2494] Building CXX object modules/gapi/CMakeFiles/opencv_test_gapi.dir/test/gapi_planar_test.cpp.o
[1859/2494] Building CXX object modules/gapi/CMakeFiles/opencv_test_gapi.dir/test/gapi_opaque_tests.cpp.o
[1860/2494] Building CXX object modules/gapi/CMakeFiles/opencv_test_gapi.dir/test/gapi_kernel_tests.cpp.o
[1861/2494] Building CXX object modules/gapi/CMakeFiles/opencv_test_gapi.dir/test/gapi_scalar_tests.cpp.o
[1862/2494] Building CXX object modules/gapi/CMakeFiles/opencv_test_gapi.dir/test/gapi_smoke_test.cpp.o
[1863/2494] Building CXX object modules/gapi/CMakeFiles/opencv_test_gapi.dir/test/gapi_util_tests.cpp.o
[1864/2494] Building CXX object modules/gapi/CMakeFiles/opencv_test_gapi.dir/test/gapi_sample_pipelines.cpp.o
[1865/2494] Building CXX object modules/gapi/CMakeFiles/opencv_test_gapi.dir/test/infer/gapi_infer_ov_tests.cpp.o
[1866/2494] Building CXX object modules/gapi/CMakeFiles/opencv_test_gapi.dir/test/infer/gapi_infer_ie_test.cpp.o
[1867/2494] Building CXX object modules/gapi/CMakeFiles/opencv_test_gapi.dir/test/gapi_transform_tests.cpp.o
[1868/2494] Building CXX object modules/gapi/CMakeFiles/opencv_test_gapi.dir/test/gapi_typed_tests.cpp.o
[1869/2494] Building CXX object modules/gapi/CMakeFiles/opencv_test_gapi.dir/test/infer/gapi_infer_onnx_test.cpp.o
[1870/2494] Building CXX object modules/gapi/CMakeFiles/opencv_test_gapi.dir/test/infer/gapi_infer_tests.cpp.o
[1871/2494] Building CXX object modules/gapi/CMakeFiles/opencv_test_gapi.dir/test/gpu/gapi_operators_tests_gpu.cpp.o
[1872/2494] Building CXX object modules/gapi/CMakeFiles/opencv_test_gapi.dir/test/internal/gapi_int_backend_tests.cpp.o
[1873/2494] Building CXX object modules/gapi/CMakeFiles/opencv_test_gapi.dir/test/internal/gapi_int_executor_tests.cpp.o
[1874/2494] Building CXX object modules/gapi/CMakeFiles/opencv_test_gapi.dir/test/internal/gapi_int_gmetaarg_test.cpp.o
[1875/2494] Building CXX object modules/gapi/CMakeFiles/opencv_test_gapi.dir/test/internal/gapi_int_gmodel_builder_test.cpp.o
[1876/2494] Building CXX object modules/gapi/CMakeFiles/opencv_test_gapi.dir/test/internal/gapi_int_dynamic_graph.cpp.o
[1877/2494] Building CXX object modules/gapi/CMakeFiles/opencv_test_gapi.dir/test/gpu/gapi_imgproc_tests_gpu.cpp.o
[1878/2494] Building CXX object modules/gapi/CMakeFiles/opencv_test_gapi.dir/test/internal/gapi_int_garg_test.cpp.o
[1879/2494] Building CXX object modules/gapi/CMakeFiles/opencv_test_gapi.dir/test/internal/gapi_int_island_fusion_tests.cpp.o
[1880/2494] Building CXX object modules/gapi/CMakeFiles/opencv_test_gapi.dir/test/internal/gapi_int_proto_tests.cpp.o
[1881/2494] Building CXX object modules/gapi/CMakeFiles/opencv_test_gapi.dir/test/internal/gapi_int_perform_substitution_test.cpp.o
[1882/2494] Building CXX object modules/gapi/CMakeFiles/opencv_test_gapi.dir/test/internal/gapi_int_island_tests.cpp.o
[1883/2494] Building CXX object modules/gapi/CMakeFiles/opencv_test_gapi.dir/test/internal/gapi_int_recompilation_test.cpp.o
[1884/2494] Building CXX object modules/gapi/CMakeFiles/opencv_test_gapi.dir/test/gpu/gapi_core_tests_gpu.cpp.o
[1885/2494] Building CXX object modules/gapi/CMakeFiles/opencv_test_gapi.dir/test/internal/gapi_int_pattern_matching_test.cpp.o
[1886/2494] Building CXX object modules/gapi/CMakeFiles/opencv_test_gapi.dir/test/oak/gapi_tests_oak.cpp.o
[1887/2494] Building CXX object modules/gapi/CMakeFiles/opencv_test_gapi.dir/test/internal/gapi_int_vectorref_test.cpp.o
[1888/2494] Building CXX object modules/gapi/CMakeFiles/opencv_test_gapi.dir/test/own/gapi_types_tests.cpp.o
[1889/2494] Building CXX object modules/gapi/CMakeFiles/opencv_test_gapi.dir/test/internal/gapi_transactions_test.cpp.o
[1890/2494] Building CXX object modules/gapi/CMakeFiles/opencv_test_gapi.dir/test/own/scalar_tests.cpp.o
[1891/2494] Building CXX object modules/gapi/CMakeFiles/opencv_test_gapi.dir/test/own/thread_pool_tests.cpp.o
[1892/2494] Building CXX object modules/gapi/CMakeFiles/opencv_test_gapi.dir/test/own/last_written_value_tests.cpp.o
[1893/2494] Building CXX object modules/gapi/CMakeFiles/opencv_test_gapi.dir/test/own/conc_queue_tests.cpp.o
[1894/2494] Building CXX object modules/gapi/CMakeFiles/opencv_test_gapi.dir/test/render/ftp_render_test.cpp.o
[1895/2494] Building CXX object modules/gapi/CMakeFiles/opencv_test_gapi.dir/test/own/mat_tests.cpp.o
[1896/2494] Building CXX object modules/gapi/CMakeFiles/opencv_test_gapi.dir/test/streaming/gapi_gstreamer_pipeline_facade_int_tests.cpp.o
[1897/2494] Building CXX object modules/gapi/CMakeFiles/opencv_test_gapi.dir/test/rmat/rmat_tests.cpp.o
[1898/2494] Building CXX object modules/gapi/CMakeFiles/opencv_test_gapi.dir/test/rmat/rmat_integration_tests.cpp.o
[1899/2494] Building CXX object modules/gapi/CMakeFiles/opencv_test_gapi.dir/test/streaming/gapi_gstreamersource_tests.cpp.o
[1900/2494] Building CXX object modules/gapi/CMakeFiles/opencv_test_gapi.dir/test/rmat/rmat_view_tests.cpp.o
[1901/2494] Building CXX object modules/gapi/CMakeFiles/opencv_test_gapi.dir/test/streaming/gapi_streaming_vpl_data_provider.cpp.o
[1902/2494] Building CXX object modules/gapi/CMakeFiles/opencv_test_gapi.dir/test/streaming/gapi_streaming_queue_source_tests.cpp.o
[1903/2494] Building CXX object modules/gapi/CMakeFiles/opencv_test_gapi.dir/test/streaming/gapi_streaming_sync_tests.cpp.o
[1904/2494] Building CXX object modules/gapi/CMakeFiles/opencv_test_gapi.dir/test/streaming/gapi_streaming_vpl_core_test.cpp.o
[1905/2494] Building CXX object modules/gapi/CMakeFiles/opencv_test_gapi.dir/test/streaming/gapi_streaming_utils_test.cpp.o
[1906/2494] Building CXX object modules/gapi/CMakeFiles/opencv_test_gapi.dir/test/streaming/gapi_streaming_vpl_device_selector.cpp.o
[1907/2494] Building CXX object modules/gapi/CMakeFiles/opencv_test_gapi.dir/test/test_main.cpp.o
[1908/2494] Building CXX object modules/gapi/CMakeFiles/opencv_test_gapi.dir/test/streaming/gapi_streaming_vpp_preproc_test.cpp.o
[1909/2494] Building CXX object modules/gapi/CMakeFiles/opencv_test_gapi.dir/test/s11n/gapi_sample_pipelines_s11n.cpp.o
[1910/2494] Building CXX object modules/gapi/CMakeFiles/opencv_test_gapi.dir/test/render/gapi_render_tests_ocv.cpp.o
[1911/2494] Building CXX object modules/gapi/CMakeFiles/opencv_test_gapi.dir/test/util/any_tests.cpp.o
[1912/2494] Building CXX object modules/gapi/CMakeFiles/opencv_test_gapi.dir/test/util/optional_tests.cpp.o
[1913/2494] Building CXX object modules/gapi/CMakeFiles/opencv_test_gapi.dir/test/s11n/gapi_s11n_tests.cpp.o
[1914/2494] Building CXX object modules/gapi/CMakeFiles/opencv_test_gapi.dir/test/util/variant_tests.cpp.o
[1915/2494] Building CXX object modules/gapi/CMakeFiles/opencv_perf_gapi.dir/perf/common/gapi_render_perf_tests.cpp.o
[1916/2494] Building CXX object modules/gapi/CMakeFiles/opencv_perf_gapi.dir/perf/common/gapi_video_perf_tests.cpp.o
[1917/2494] Building CXX object modules/gapi/CMakeFiles/opencv_test_gapi.dir/test/streaming/gapi_streaming_tests.cpp.o
[1918/2494] Building CXX object modules/gapi/CMakeFiles/opencv_perf_gapi.dir/perf/cpu/gapi_video_perf_tests_cpu.cpp.o
[1919/2494] Building CXX object modules/gapi/CMakeFiles/opencv_perf_gapi.dir/perf/cpu/gapi_core_perf_tests_fluid.cpp.o
[1920/2494] Building CXX object modules/gapi/CMakeFiles/opencv_perf_gapi.dir/perf/cpu/gapi_imgproc_perf_tests_fluid.cpp.o
[1921/2494] Building CXX object modules/gapi/CMakeFiles/opencv_perf_gapi.dir/perf/cpu/gapi_core_perf_tests_cpu.cpp.o
[1922/2494] Building CXX object modules/gapi/CMakeFiles/opencv_perf_gapi.dir/perf/internal/gapi_compiler_perf_tests.cpp.o
[1923/2494] Building CXX object modules/gapi/CMakeFiles/opencv_perf_gapi.dir/perf/common/gapi_imgproc_perf_tests.cpp.o
[1924/2494] Building CXX object modules/gapi/CMakeFiles/opencv_perf_gapi.dir/perf/perf_bench.cpp.o
[1925/2494] Building CXX object modules/gapi/CMakeFiles/opencv_perf_gapi.dir/perf/streaming/gapi_streaming_source_perf_tests.cpp.o
[1926/2494] Building CXX object modules/gapi/CMakeFiles/opencv_perf_gapi.dir/perf/cpu/gapi_imgproc_perf_tests_cpu.cpp.o
[1927/2494] Building CXX object modules/gapi/CMakeFiles/opencv_perf_gapi.dir/perf/perf_main.cpp.o
[1928/2494] Building CXX object modules/gapi/CMakeFiles/example_gapi_api_example.dir/samples/api_example.cpp.o
[1929/2494] Building CXX object modules/gapi/CMakeFiles/example_gapi_draw_example.dir/samples/draw_example.cpp.o
[1930/2494] Building CXX object modules/gapi/CMakeFiles/opencv_perf_gapi.dir/perf/common/gapi_core_perf_tests.cpp.o
[1931/2494] Linking CXX executable bin/example_gapi_draw_example
[1932/2494] Linking CXX executable bin/example_gapi_api_example
[1933/2494] Building CXX object samples/cpp/CMakeFiles/example_tutorial_copyMakeBorder_demo.dir/tutorial_code/ImgTrans/copyMakeBorder_demo.cpp.o
[1934/2494] Building CXX object modules/gapi/CMakeFiles/opencv_perf_gapi.dir/perf/gpu/gapi_imgproc_perf_tests_gpu.cpp.o
[1935/2494] Building CXX object modules/gapi/CMakeFiles/opencv_perf_gapi.dir/perf/gpu/gapi_core_perf_tests_gpu.cpp.o
[1936/2494] Building CXX object modules/gapi/CMakeFiles/opencv_perf_gapi.dir/perf/render/gapi_render_perf_tests_ocv.cpp.o
[1937/2494] Building CXX object modules/gapi/CMakeFiles/example_gapi_face_detection_mtcnn.dir/samples/face_detection_mtcnn.cpp.o
[1938/2494] Building CXX object modules/gapi/CMakeFiles/example_gapi_gaze_estimation.dir/samples/gaze_estimation.cpp.o
[1939/2494] Building CXX object samples/cpp/CMakeFiles/example_cpp_stitching_detailed.dir/stitching_detailed.cpp.o
[1940/2494] Linking CXX executable bin/example_gapi_gaze_estimation
[1941/2494] Building CXX object modules/gapi/CMakeFiles/example_gapi_infer_single_roi.dir/samples/infer_single_roi.cpp.o
[1942/2494] Building CXX object modules/gapi/CMakeFiles/example_gapi_infer_ie_onnx_hybrid.dir/samples/infer_ie_onnx_hybrid.cpp.o
[1943/2494] Linking CXX executable bin/example_gapi_face_detection_mtcnn
[1944/2494] Building CXX object modules/gapi/CMakeFiles/example_gapi_infer_ssd_onnx.dir/samples/infer_ssd_onnx.cpp.o
[1945/2494] Linking CXX executable bin/example_gapi_infer_single_roi
[1946/2494] Building CXX object samples/cpp/CMakeFiles/example_tutorial_Sobel_Demo.dir/tutorial_code/ImgTrans/Sobel_Demo.cpp.o
[1947/2494] Linking CXX executable bin/example_gapi_infer_ie_onnx_hybrid
[1948/2494] Building CXX object modules/gapi/CMakeFiles/example_gapi_oak_copy.dir/samples/oak_copy.cpp.o
[1949/2494] Linking CXX executable bin/example_gapi_oak_copy
[1950/2494] Linking CXX executable bin/example_gapi_infer_ssd_onnx
[1951/2494] Building CXX object modules/gapi/CMakeFiles/example_gapi_oak_basic_infer.dir/samples/oak_basic_infer.cpp.o
[1952/2494] Building CXX object samples/cpp/CMakeFiles/example_tutorial_calcBackProject_Demo1.dir/tutorial_code/Histograms_Matching/calcBackProject_Demo1.cpp.o
[1953/2494] Linking CXX executable bin/example_gapi_oak_basic_infer
[1954/2494] Building CXX object modules/gapi/CMakeFiles/example_gapi_oak_small_hetero_pipeline.dir/samples/oak_small_hetero_pipeline.cpp.o
[1955/2494] Building CXX object modules/gapi/CMakeFiles/example_gapi_oak_rgb_camera_encoding.dir/samples/oak_rgb_camera_encoding.cpp.o
[1956/2494] Linking CXX executable bin/example_gapi_oak_small_hetero_pipeline
[1957/2494] Linking CXX executable bin/example_gapi_oak_rgb_camera_encoding
[1958/2494] Building CXX object modules/gapi/CMakeFiles/example_gapi_onevpl_source_to_bgr_conv.dir/samples/onevpl_source_to_bgr_conv.cpp.o
[1959/2494] Linking CXX executable bin/example_gapi_onevpl_source_to_bgr_conv
[1960/2494] Building CXX object modules/gapi/CMakeFiles/example_gapi_slides_blur_gapi.dir/samples/slides_blur_gapi.cpp.o
[1961/2494] Linking CXX executable bin/example_gapi_slides_blur_gapi
[1962/2494] Building CXX object samples/cpp/CMakeFiles/example_tutorial_Morphology_2.dir/tutorial_code/ImgProc/Morphology_2.cpp.o
[1963/2494] Building CXX object modules/gapi/CMakeFiles/example_gapi_privacy_masking_camera.dir/samples/privacy_masking_camera.cpp.o
[1964/2494] Building CXX object modules/gapi/CMakeFiles/example_gapi_slides_sobel_cv.dir/samples/slides_sobel_cv.cpp.o
[1965/2494] Building CXX object modules/gapi/CMakeFiles/example_gapi_onevpl_infer_with_advanced_device_selection.dir/samples/onevpl_infer_with_advanced_device_selection.cpp.o
[1966/2494] Building CXX object modules/gapi/CMakeFiles/example_gapi_semantic_segmentation.dir/samples/semantic_segmentation.cpp.o
[1967/2494] Linking CXX executable bin/example_gapi_slides_sobel_cv
[1968/2494] Building CXX object modules/gapi/CMakeFiles/example_gapi_slides_sobel_gapi.dir/samples/slides_sobel_gapi.cpp.o
[1969/2494] Linking CXX executable bin/example_gapi_slides_sobel_gapi
[1970/2494] Linking CXX executable bin/example_gapi_semantic_segmentation
[1971/2494] Linking CXX executable bin/example_gapi_privacy_masking_camera
[1972/2494] Building CXX object apps/annotation/CMakeFiles/opencv_annotation.dir/opencv_annotation.cpp.o
[1973/2494] Linking CXX executable bin/opencv_annotation
[1974/2494] Linking CXX executable bin/example_gapi_onevpl_infer_with_advanced_device_selection
[1975/2494] Building CXX object samples/cpp/CMakeFiles/example_tutorial_cornerDetector_Demo.dir/tutorial_code/TrackingMotion/cornerDetector_Demo.cpp.o
[1976/2494] Building CXX object apps/visualisation/CMakeFiles/opencv_visualisation.dir/opencv_visualisation.cpp.o
[1977/2494] Linking CXX executable bin/opencv_visualisation
[1978/2494] Building CXX object apps/interactive-calibration/CMakeFiles/opencv_interactive-calibration.dir/calibController.cpp.o
[1979/2494] Building CXX object modules/gapi/CMakeFiles/example_gapi_pipeline_modeling_tool.dir/samples/pipeline_modeling_tool.cpp.o
[1980/2494] Building CXX object apps/interactive-calibration/CMakeFiles/opencv_interactive-calibration.dir/calibPipeline.cpp.o
[1981/2494] Building CXX object apps/interactive-calibration/CMakeFiles/opencv_interactive-calibration.dir/frameProcessor.cpp.o
[1982/2494] Building CXX object apps/interactive-calibration/CMakeFiles/opencv_interactive-calibration.dir/parametersController.cpp.o
[1983/2494] Building CXX object apps/interactive-calibration/CMakeFiles/opencv_interactive-calibration.dir/main.cpp.o
[1984/2494] Building CXX object apps/interactive-calibration/CMakeFiles/opencv_interactive-calibration.dir/rotationConverters.cpp.o
[1985/2494] Building CXX object apps/model-diagnostics/CMakeFiles/opencv_model_diagnostics.dir/model_diagnostics.cpp.o
[1986/2494] Linking CXX executable bin/opencv_model_diagnostics
[1987/2494] Building CXX object modules/gapi/CMakeFiles/example_gapi_text_detection.dir/samples/text_detection.cpp.o
[1988/2494] Linking CXX executable bin/opencv_interactive-calibration
[1989/2494] Linking CXX executable bin/example_gapi_pipeline_modeling_tool
[1990/2494] Building CXX object samples/cpp/CMakeFiles/example_cpp_aruco_dict_utils.dir/aruco_dict_utils.cpp.o
[1991/2494] Linking CXX executable bin/example_cpp_aruco_dict_utils
[1992/2494] Building CXX object samples/cpp/CMakeFiles/example_cpp_3calibration.dir/3calibration.cpp.o
[1993/2494] Linking CXX executable bin/example_cpp_3calibration
[1994/2494] Building CXX object samples/cpp/CMakeFiles/example_cpp_barcode.dir/barcode.cpp.o
[1995/2494] Linking CXX executable bin/example_gapi_text_detection
[1996/2494] Building CXX object samples/cpp/CMakeFiles/example_cpp_application_trace.dir/application_trace.cpp.o
[1997/2494] Linking CXX executable bin/example_cpp_application_trace
[1998/2494] Linking CXX executable bin/example_cpp_barcode
[1999/2494] Building CXX object samples/cpp/CMakeFiles/example_cpp_asift.dir/asift.cpp.o
[2000/2494] Linking CXX executable bin/example_cpp_asift
[2001/2494] Building CXX object samples/cpp/CMakeFiles/example_cpp_bgfg_segm.dir/bgfg_segm.cpp.o
[2002/2494] Building CXX object samples/cpp/CMakeFiles/example_cpp_audio_spectrogram.dir/audio_spectrogram.cpp.o
[2003/2494] Linking CXX executable bin/example_cpp_bgfg_segm
[2004/2494] Building CXX object samples/cpp/CMakeFiles/example_tutorial_CannyDetector_Demo.dir/tutorial_code/ImgTrans/CannyDetector_Demo.cpp.o
[2005/2494] Building CXX object samples/cpp/CMakeFiles/example_cpp_cloning_demo.dir/cloning_demo.cpp.o
[2006/2494] Linking CXX executable bin/example_cpp_audio_spectrogram
[2007/2494] Linking CXX executable bin/example_cpp_cloning_demo
[2008/2494] Building CXX object samples/cpp/CMakeFiles/example_cpp_calibration.dir/calibration.cpp.o
[2009/2494] Building CXX object samples/cpp/CMakeFiles/example_cpp_camshiftdemo.dir/camshiftdemo.cpp.o
[2010/2494] Linking CXX executable bin/example_cpp_calibration
[2011/2494] Linking CXX executable bin/example_cpp_camshiftdemo
[2012/2494] Building CXX object samples/cpp/CMakeFiles/example_cpp_connected_components.dir/connected_components.cpp.o
[2013/2494] Linking CXX executable bin/example_cpp_connected_components
[2014/2494] Building CXX object samples/cpp/CMakeFiles/example_cpp_cloning_gui.dir/cloning_gui.cpp.o
[2015/2494] Building CXX object samples/cpp/CMakeFiles/example_cpp_convexhull.dir/convexhull.cpp.o
[2016/2494] Linking CXX executable bin/example_cpp_cloning_gui
[2017/2494] Linking CXX executable bin/example_cpp_convexhull
[2018/2494] Building CXX object samples/cpp/CMakeFiles/example_cpp_contours2.dir/contours2.cpp.o
[2019/2494] Building CXX object samples/cpp/CMakeFiles/example_cpp_stitching.dir/stitching.cpp.o
[2020/2494] Linking CXX executable bin/example_cpp_contours2
[2021/2494] Building CXX object samples/cpp/CMakeFiles/example_cpp_cout_mat.dir/cout_mat.cpp.o
[2022/2494] Linking CXX executable bin/example_cpp_cout_mat
[2023/2494] Building CXX object samples/cpp/CMakeFiles/example_cpp_create_mask.dir/create_mask.cpp.o
[2024/2494] Linking CXX executable bin/example_cpp_create_mask
[2025/2494] Building CXX object samples/cpp/CMakeFiles/example_cpp_dbt_face_detection.dir/dbt_face_detection.cpp.o
[2026/2494] Linking CXX executable bin/example_cpp_stitching_detailed
[2027/2494] Linking CXX executable bin/example_cpp_dbt_face_detection
[2028/2494] Building CXX object samples/cpp/CMakeFiles/example_cpp_delaunay2.dir/delaunay2.cpp.o
[2029/2494] Linking CXX executable bin/example_cpp_delaunay2
[2030/2494] Building CXX object samples/cpp/CMakeFiles/example_cpp_detect_blob.dir/detect_blob.cpp.o
[2031/2494] Linking CXX executable bin/example_cpp_detect_blob
[2032/2494] Building CXX object samples/cpp/CMakeFiles/example_cpp_demhist.dir/demhist.cpp.o
[2033/2494] Linking CXX executable bin/example_cpp_demhist
[2034/2494] Building CXX object samples/cpp/CMakeFiles/example_cpp_dft.dir/dft.cpp.o
[2035/2494] Linking CXX executable bin/example_cpp_dft
[2036/2494] Building CXX object samples/cpp/CMakeFiles/example_cpp_detect_mser.dir/detect_mser.cpp.o
[2037/2494] Linking CXX executable bin/example_cpp_detect_mser
[2038/2494] Building CXX object samples/cpp/CMakeFiles/example_cpp_digits_lenet.dir/digits_lenet.cpp.o
[2039/2494] Linking CXX executable bin/example_cpp_digits_lenet
[2040/2494] Building CXX object samples/cpp/CMakeFiles/example_cpp_digits_svm.dir/digits_svm.cpp.o
[2041/2494] Building CXX object samples/cpp/CMakeFiles/example_cpp_dis_opticalflow.dir/dis_opticalflow.cpp.o
[2042/2494] Linking CXX executable bin/example_cpp_digits_svm
[2043/2494] Building CXX object samples/cpp/CMakeFiles/example_tutorial_calcHist_Demo.dir/tutorial_code/Histograms_Matching/calcHist_Demo.cpp.o
[2044/2494] Linking CXX executable bin/example_cpp_dis_opticalflow
[2045/2494] Building CXX object samples/cpp/CMakeFiles/example_cpp_distrans.dir/distrans.cpp.o
[2046/2494] Linking CXX executable bin/example_cpp_distrans
[2047/2494] Building CXX object samples/cpp/CMakeFiles/example_cpp_drawing.dir/drawing.cpp.o
[2048/2494] Linking CXX executable bin/example_cpp_drawing
[2049/2494] Building CXX object samples/cpp/CMakeFiles/example_cpp_edge.dir/edge.cpp.o
[2050/2494] Linking CXX executable bin/example_cpp_edge
[2051/2494] Building CXX object samples/cpp/CMakeFiles/example_cpp_ela.dir/ela.cpp.o
[2052/2494] Linking CXX executable bin/example_cpp_ela
[2053/2494] Building CXX object samples/cpp/CMakeFiles/example_cpp_em.dir/em.cpp.o
[2054/2494] Building CXX object samples/cpp/CMakeFiles/example_tutorial_cornerHarris_Demo.dir/tutorial_code/TrackingMotion/cornerHarris_Demo.cpp.o
[2055/2494] Linking CXX executable bin/example_cpp_em
[2056/2494] Building CXX object samples/cpp/CMakeFiles/example_cpp_epipolar_lines.dir/epipolar_lines.cpp.o
[2057/2494] Linking CXX executable bin/example_cpp_epipolar_lines
[2058/2494] Building CXX object samples/cpp/CMakeFiles/example_cpp_example.dir/example_cmake/example.cpp.o
[2059/2494] Building CXX object samples/cpp/CMakeFiles/example_cpp_facedetect.dir/facedetect.cpp.o
[2060/2494] Linking CXX executable bin/example_cpp_example
[2061/2494] Building CXX object samples/cpp/CMakeFiles/example_cpp_essential_mat_reconstr.dir/essential_mat_reconstr.cpp.o
[2062/2494] Building CXX object samples/cpp/CMakeFiles/example_cpp_falsecolor.dir/falsecolor.cpp.o
[2063/2494] Building CXX object samples/cpp/CMakeFiles/example_cpp_facial_features.dir/facial_features.cpp.o
[2064/2494] Linking CXX executable bin/example_cpp_falsecolor
[2065/2494] Linking CXX executable bin/example_cpp_facial_features
[2066/2494] Linking CXX executable bin/example_cpp_essential_mat_reconstr
[2067/2494] Linking CXX executable bin/example_cpp_facedetect
[2068/2494] Building CXX object samples/cpp/CMakeFiles/example_cpp_fback.dir/fback.cpp.o
[2069/2494] Building CXX object samples/cpp/CMakeFiles/example_cpp_ffilldemo.dir/ffilldemo.cpp.o
[2070/2494] Linking CXX executable bin/opencv_perf_gapi
[2071/2494] Linking CXX executable bin/example_cpp_fback
[2072/2494] Linking CXX executable bin/example_cpp_ffilldemo
[2073/2494] Building CXX object samples/cpp/CMakeFiles/example_cpp_gauge.dir/gauge.cpp.o
[2074/2494] Building CXX object samples/cpp/CMakeFiles/example_cpp_grabcut.dir/grabcut.cpp.o
[2075/2494] Linking CXX executable bin/example_cpp_gauge
[2076/2494] Linking CXX executable bin/example_cpp_grabcut
[2077/2494] Building CXX object samples/cpp/CMakeFiles/example_cpp_fitellipse.dir/fitellipse.cpp.o
[2078/2494] Linking CXX executable bin/example_cpp_fitellipse
[2079/2494] Building CXX object samples/cpp/CMakeFiles/example_cpp_imagelist_creator.dir/imagelist_creator.cpp.o
[2080/2494] Linking CXX executable bin/example_cpp_imagelist_creator
[2081/2494] Building CXX object samples/cpp/CMakeFiles/example_cpp_imagelist_reader.dir/imagelist_reader.cpp.o
[2082/2494] Linking CXX executable bin/example_cpp_imagelist_reader
[2083/2494] Building CXX object samples/cpp/CMakeFiles/example_cpp_image_alignment.dir/image_alignment.cpp.o
[2084/2494] Linking CXX executable bin/example_cpp_image_alignment
[2085/2494] Building CXX object samples/cpp/CMakeFiles/example_cpp_inpaint.dir/inpaint.cpp.o
[2086/2494] Building CXX object samples/cpp/CMakeFiles/example_cpp_imgcodecs_jpeg.dir/imgcodecs_jpeg.cpp.o
[2087/2494] Linking CXX executable bin/example_cpp_imgcodecs_jpeg
[2088/2494] Linking CXX executable bin/example_cpp_inpaint
[2089/2494] Linking CXX executable bin/example_cpp_kalman
[2090/2494] Building CXX object samples/cpp/CMakeFiles/example_tutorial_detect_board_charuco.dir/tutorial_code/objectDetection/detect_board_charuco.cpp.o
[2091/2494] Building CXX object samples/cpp/CMakeFiles/example_cpp_intersectExample.dir/intersectExample.cpp.o
[2092/2494] Building CXX object samples/cpp/CMakeFiles/example_cpp_intelligent_scissors.dir/intelligent_scissors.cpp.o
[2093/2494] Linking CXX executable bin/example_cpp_intelligent_scissors
[2094/2494] Linking CXX executable bin/example_cpp_intersectExample
[2095/2494] Building CXX object samples/cpp/CMakeFiles/example_cpp_kmeans.dir/kmeans.cpp.o
[2096/2494] Building CXX object samples/cpp/CMakeFiles/example_tutorial_detect_markers.dir/tutorial_code/objectDetection/detect_markers.cpp.o
[2097/2494] Linking CXX executable bin/example_cpp_kmeans
[2098/2494] Building CXX object samples/cpp/CMakeFiles/example_cpp_laplace.dir/laplace.cpp.o
[2099/2494] Building CXX object samples/cpp/CMakeFiles/example_cpp_flann_search_dataset.dir/flann_search_dataset.cpp.o
[2100/2494] Building CXX object samples/cpp/CMakeFiles/example_cpp_letter_recog.dir/letter_recog.cpp.o
[2101/2494] Linking CXX executable bin/example_cpp_laplace
[2102/2494] Linking CXX executable bin/example_cpp_letter_recog
[2103/2494] Building CXX object samples/cpp/CMakeFiles/example_cpp_logistic_regression.dir/logistic_regression.cpp.o
[2104/2494] Building CXX object samples/cpp/CMakeFiles/example_cpp_lkdemo.dir/lkdemo.cpp.o
[2105/2494] Building CXX object samples/cpp/CMakeFiles/example_cpp_lsd_lines.dir/lsd_lines.cpp.o
[2106/2494] Linking CXX executable bin/example_cpp_logistic_regression
[2107/2494] Building CXX object samples/cpp/CMakeFiles/example_cpp_mask_tmpl.dir/mask_tmpl.cpp.o
[2108/2494] Linking CXX executable bin/example_cpp_lsd_lines
[2109/2494] Linking CXX executable bin/example_cpp_mask_tmpl
[2110/2494] Linking CXX executable bin/example_cpp_lkdemo
[2111/2494] Linking CXX executable bin/example_cpp_flann_search_dataset
[2112/2494] Building CXX object samples/cpp/CMakeFiles/example_snippet_core_merge.dir/tutorial_code/snippets/core_merge.cpp.o
[2113/2494] Building CXX object samples/cpp/CMakeFiles/example_cpp_matchmethod_orb_akaze_brisk.dir/matchmethod_orb_akaze_brisk.cpp.o
[2114/2494] Linking CXX executable bin/example_cpp_matchmethod_orb_akaze_brisk
[2115/2494] Linking CXX executable bin/example_tutorial_cornerDetector_Demo
[2116/2494] Linking CXX executable bin/example_cpp_opencv_version
[2117/2494] Linking CXX executable bin/example_tutorial_cornerHarris_Demo
[2118/2494] Building CXX object samples/cpp/CMakeFiles/example_snippet_core_reduce.dir/tutorial_code/snippets/core_reduce.cpp.o
[2119/2494] Linking CXX executable bin/example_cpp_pca
[2120/2494] Building CXX object samples/cpp/CMakeFiles/example_cpp_minarea.dir/minarea.cpp.o
[2121/2494] Building CXX object samples/cpp/CMakeFiles/example_cpp_morphology2.dir/morphology2.cpp.o
[2122/2494] Linking CXX executable bin/example_cpp_minarea
[2123/2494] Linking CXX executable bin/example_cpp_morphology2
[2124/2494] Building CXX object samples/cpp/CMakeFiles/example_cpp_neural_network.dir/neural_network.cpp.o
[2125/2494] Linking CXX executable bin/example_cpp_neural_network
[2126/2494] Building CXX object samples/cpp/CMakeFiles/example_snippet_imgproc_HoughLinesCircles.dir/tutorial_code/snippets/imgproc_HoughLinesCircles.cpp.o
[2127/2494] Building CXX object samples/cpp/CMakeFiles/example_cpp_npr_demo.dir/npr_demo.cpp.o
[2128/2494] Linking CXX executable bin/example_cpp_npr_demo
[2129/2494] Building CXX object samples/cpp/CMakeFiles/example_cpp_peopledetect.dir/peopledetect.cpp.o
[2130/2494] Building CXX object samples/cpp/CMakeFiles/example_cpp_phase_corr.dir/phase_corr.cpp.o
[2131/2494] Linking CXX executable bin/example_cpp_peopledetect
[2132/2494] Building CXX object samples/cpp/CMakeFiles/example_snippet_imgproc_applyColorMap.dir/tutorial_code/snippets/imgproc_applyColorMap.cpp.o
[2133/2494] Linking CXX executable bin/example_cpp_phase_corr
[2134/2494] Building CXX object samples/cpp/CMakeFiles/example_cpp_polar_transforms.dir/polar_transforms.cpp.o
[2135/2494] Building CXX object samples/cpp/CMakeFiles/example_cpp_segment_objects.dir/segment_objects.cpp.o
[2136/2494] Building CXX object samples/cpp/CMakeFiles/example_cpp_points_classifier.dir/points_classifier.cpp.o
[2137/2494] Linking CXX executable bin/example_cpp_polar_transforms
[2138/2494] Linking CXX executable bin/example_cpp_points_classifier
[2139/2494] Building CXX object samples/cpp/CMakeFiles/example_cpp_qrcode.dir/qrcode.cpp.o
[2140/2494] Linking CXX executable bin/example_cpp_segment_objects
[2141/2494] Linking CXX executable bin/example_cpp_qrcode
[2142/2494] Building CXX object samples/cpp/CMakeFiles/example_cpp_simd_basic.dir/simd_basic.cpp.o
[2143/2494] Linking CXX executable bin/example_cpp_simd_basic
[2144/2494] Building CXX object samples/cpp/CMakeFiles/example_cpp_smiledetect.dir/smiledetect.cpp.o
[2145/2494] Linking CXX executable bin/example_cpp_smiledetect
[2146/2494] Building CXX object samples/cpp/CMakeFiles/example_tutorial_optical_flow_dense.dir/tutorial_code/video/optical_flow/optical_flow_dense.cpp.o
[2147/2494] Building CXX object samples/cpp/CMakeFiles/example_cpp_squares.dir/squares.cpp.o
[2148/2494] Building CXX object samples/cpp/CMakeFiles/example_cpp_select3dobj.dir/select3dobj.cpp.o
[2149/2494] Linking CXX executable bin/example_cpp_squares
[2150/2494] Linking CXX executable bin/example_cpp_stitching
[2151/2494] Building CXX object samples/cpp/CMakeFiles/example_tutorial_openni_orbbec_astra.dir/tutorial_code/videoio/openni_orbbec_astra/openni_orbbec_astra.cpp.o
[2152/2494] Linking CXX executable bin/example_cpp_select3dobj
[2153/2494] Building CXX object samples/cpp/CMakeFiles/example_tutorial_LATCH_match.dir/tutorial_code/xfeatures2D/LATCH_match.cpp.o
[2154/2494] Linking CXX executable bin/example_tutorial_LATCH_match
[2155/2494] Building CXX object samples/cpp/CMakeFiles/example_cpp_stereo_calib.dir/stereo_calib.cpp.o
[2156/2494] Building CXX object samples/cpp/CMakeFiles/example_cpp_stereo_match.dir/stereo_match.cpp.o
[2157/2494] Linking CXX executable bin/example_cpp_stereo_calib
[2158/2494] Linking CXX executable bin/example_cpp_stereo_match
[2159/2494] Building CXX object samples/cpp/CMakeFiles/example_cpp_videocapture_audio.dir/videocapture_audio.cpp.o
[2160/2494] Building CXX object samples/cpp/CMakeFiles/example_cpp_videocapture_audio_combination.dir/videocapture_audio_combination.cpp.o
[2161/2494] Building CXX object samples/cpp/CMakeFiles/example_cpp_text_skewness_correction.dir/text_skewness_correction.cpp.o
[2162/2494] Linking CXX executable bin/example_cpp_videocapture_audio
[2163/2494] Linking CXX executable bin/example_cpp_text_skewness_correction
[2164/2494] Building CXX object samples/cpp/CMakeFiles/example_cpp_train_HOG.dir/train_HOG.cpp.o
[2165/2494] Building CXX object samples/cpp/CMakeFiles/example_cpp_train_svmsgd.dir/train_svmsgd.cpp.o
[2166/2494] Building CXX object samples/cpp/CMakeFiles/example_cpp_travelsalesman.dir/travelsalesman.cpp.o
[2167/2494] Building CXX object samples/cpp/CMakeFiles/example_cpp_tree_engine.dir/tree_engine.cpp.o
[2168/2494] Linking CXX executable bin/example_cpp_train_svmsgd
[2169/2494] Linking CXX executable bin/example_cpp_train_HOG
[2170/2494] Linking CXX executable bin/example_cpp_travelsalesman
[2171/2494] Linking CXX executable bin/example_tutorial_MatchTemplate_Demo
[2172/2494] Linking CXX executable bin/example_cpp_tree_engine
[2173/2494] Linking CXX executable bin/example_tutorial_calcBackProject_Demo1
[2174/2494] Linking CXX executable bin/example_tutorial_calcBackProject_Demo2
[2175/2494] Linking CXX executable bin/example_tutorial_calcHist_Demo
[2176/2494] Building CXX object samples/cpp/CMakeFiles/example_tutorial_AddingImagesTrackbar.dir/tutorial_code/HighGUI/AddingImagesTrackbar.cpp.o
[2177/2494] Linking CXX executable bin/example_tutorial_AddingImagesTrackbar
[2178/2494] Building CXX object samples/cpp/CMakeFiles/example_tutorial_EqualizeHist_Demo.dir/tutorial_code/Histograms_Matching/EqualizeHist_Demo.cpp.o
[2179/2494] Building CXX object samples/cpp/CMakeFiles/example_tutorial_BasicLinearTransformsTrackbar.dir/tutorial_code/HighGUI/BasicLinearTransformsTrackbar.cpp.o
[2180/2494] Linking CXX executable bin/example_tutorial_EqualizeHist_Demo
[2181/2494] Linking CXX executable bin/example_tutorial_BasicLinearTransformsTrackbar
[2182/2494] Building CXX object samples/cpp/CMakeFiles/example_cpp_videowriter_basic.dir/videowriter_basic.cpp.o
[2183/2494] Building CXX object samples/cpp/CMakeFiles/example_tutorial_compareHist_Demo.dir/tutorial_code/Histograms_Matching/compareHist_Demo.cpp.o
[2184/2494] Building CXX object samples/cpp/CMakeFiles/example_tutorial_BasicLinearTransforms.dir/tutorial_code/ImgProc/BasicLinearTransforms.cpp.o
[2185/2494] Building CXX object samples/cpp/CMakeFiles/example_tutorial_HitMiss.dir/tutorial_code/ImgProc/HitMiss/HitMiss.cpp.o
[2186/2494] Linking CXX executable bin/example_tutorial_compareHist_Demo
[2187/2494] Linking CXX executable bin/example_tutorial_BasicLinearTransforms
[2188/2494] Linking CXX executable bin/example_tutorial_HitMiss
[2189/2494] Linking CXX executable bin/example_tutorial_Morphology_2
[2190/2494] Linking CXX executable bin/example_cpp_videowriter_basic
[2191/2494] Building CXX object samples/cpp/CMakeFiles/example_tutorial_Morphology_1.dir/tutorial_code/ImgProc/Morphology_1.cpp.o
[2192/2494] Linking CXX executable bin/example_tutorial_Morphology_1
[2193/2494] Building CXX object samples/cpp/CMakeFiles/example_tutorial_Pyramids.dir/tutorial_code/ImgProc/Pyramids/Pyramids.cpp.o
[2194/2494] Linking CXX executable bin/example_tutorial_Pyramids
[2195/2494] Building CXX object samples/cpp/CMakeFiles/example_tutorial_pnp_detection.dir/tutorial_code/calib3d/real_time_pose_estimation/src/CsvReader.cpp.o
[2196/2494] Building CXX object samples/cpp/CMakeFiles/example_tutorial_Smoothing.dir/tutorial_code/ImgProc/Smoothing/Smoothing.cpp.o
[2197/2494] Building CXX object samples/cpp/CMakeFiles/example_tutorial_Threshold.dir/tutorial_code/ImgProc/Threshold.cpp.o
[2198/2494] Linking CXX executable bin/example_tutorial_Smoothing
[2199/2494] Linking CXX executable bin/example_tutorial_Threshold
[2200/2494] Building CXX object samples/dnn/CMakeFiles/example_dnn_face_detect.dir/face_detect.cpp.o
[2201/2494] Building CXX object samples/cpp/CMakeFiles/example_tutorial_Threshold_inRange.dir/tutorial_code/ImgProc/Threshold_inRange.cpp.o
[2202/2494] Building CXX object samples/cpp/CMakeFiles/example_tutorial_Drawing_1.dir/tutorial_code/ImgProc/basic_drawing/Drawing_1.cpp.o
[2203/2494] Building CXX object samples/cpp/CMakeFiles/example_tutorial_anisotropic_image_segmentation.dir/tutorial_code/ImgProc/anisotropic_image_segmentation/anisotropic_image_segmentation.cpp.o
[2204/2494] Linking CXX executable bin/example_tutorial_anisotropic_image_segmentation
[2205/2494] Linking CXX executable bin/example_tutorial_Drawing_1
[2206/2494] Linking CXX executable bin/example_tutorial_Threshold_inRange
[2207/2494] Building CXX object samples/dnn/CMakeFiles/example_dnn_object_detection.dir/object_detection.cpp.o
[2208/2494] Building CXX object samples/cpp/CMakeFiles/example_tutorial_changing_contrast_brightness_image.dir/tutorial_code/ImgProc/changing_contrast_brightness_image/changing_contrast_brightness_image.cpp.o
[2209/2494] Building CXX object samples/cpp/CMakeFiles/example_tutorial_Morphology_3.dir/tutorial_code/ImgProc/morph_lines_detection/Morphology_3.cpp.o
[2210/2494] Linking CXX executable bin/example_tutorial_changing_contrast_brightness_image
[2211/2494] Building CXX object samples/cpp/CMakeFiles/example_tutorial_Drawing_2.dir/tutorial_code/ImgProc/basic_drawing/Drawing_2.cpp.o
[2212/2494] Linking CXX executable bin/example_tutorial_Morphology_3
[2213/2494] Linking CXX executable bin/example_tutorial_Drawing_2
[2214/2494] Linking CXX executable bin/example_tutorial_CannyDetector_Demo
[2215/2494] Building CXX object samples/cpp/CMakeFiles/example_tutorial_motion_deblur_filter.dir/tutorial_code/ImgProc/motion_deblur_filter/motion_deblur_filter.cpp.o
[2216/2494] Building CXX object samples/dnn/CMakeFiles/example_dnn_scene_text_recognition.dir/scene_text_recognition.cpp.o
[2217/2494] Building CXX object samples/dnn/CMakeFiles/example_dnn_scene_text_spotting.dir/scene_text_spotting.cpp.o
[2218/2494] Linking CXX executable bin/example_tutorial_motion_deblur_filter
[2219/2494] Building CXX object samples/cpp/CMakeFiles/example_tutorial_out_of_focus_deblur_filter.dir/tutorial_code/ImgProc/out_of_focus_deblur_filter/out_of_focus_deblur_filter.cpp.o
[2220/2494] Linking CXX executable bin/example_tutorial_out_of_focus_deblur_filter
[2221/2494] Linking CXX executable bin/example_tutorial_Sobel_Demo
[2222/2494] Building CXX object samples/cpp/CMakeFiles/example_tutorial_Geometric_Transforms_Demo.dir/tutorial_code/ImgTrans/Geometric_Transforms_Demo.cpp.o
[2223/2494] Building CXX object samples/cpp/CMakeFiles/example_tutorial_periodic_noise_removing_filter.dir/tutorial_code/ImgProc/periodic_noise_removing_filter/periodic_noise_removing_filter.cpp.o
[2224/2494] Linking CXX executable bin/example_tutorial_Geometric_Transforms_Demo
[2225/2494] Building CXX object samples/cpp/CMakeFiles/example_tutorial_HoughCircle_Demo.dir/tutorial_code/ImgTrans/HoughCircle_Demo.cpp.o
[2226/2494] Linking CXX executable bin/example_tutorial_periodic_noise_removing_filter
[2227/2494] Linking CXX executable bin/example_tutorial_copyMakeBorder_demo
[2228/2494] Linking CXX executable bin/example_tutorial_HoughCircle_Demo
[2229/2494] Building CXX object samples/cpp/CMakeFiles/example_tutorial_Laplace_Demo.dir/tutorial_code/ImgTrans/Laplace_Demo.cpp.o
[2230/2494] Building CXX object samples/cpp/CMakeFiles/example_tutorial_HoughLines_Demo.dir/tutorial_code/ImgTrans/HoughLines_Demo.cpp.o
[2231/2494] Building CXX object samples/cpp/CMakeFiles/example_tutorial_Remap_Demo.dir/tutorial_code/ImgTrans/Remap_Demo.cpp.o
[2232/2494] Linking CXX executable bin/example_tutorial_Laplace_Demo
[2233/2494] Linking CXX executable bin/example_tutorial_HoughLines_Demo
[2234/2494] Linking CXX executable bin/example_tutorial_Remap_Demo
[2235/2494] Building CXX object samples/cpp/CMakeFiles/example_tutorial_filter2D_demo.dir/tutorial_code/ImgTrans/filter2D_demo.cpp.o
[2236/2494] Linking CXX executable bin/example_tutorial_filter2D_demo
[2237/2494] Building CXX object samples/cpp/CMakeFiles/example_tutorial_houghcircles.dir/tutorial_code/ImgTrans/houghcircles.cpp.o
[2238/2494] Building CXX object samples/cpp/CMakeFiles/example_tutorial_generalizedHoughTransform.dir/tutorial_code/ImgTrans/generalizedHoughTransform.cpp.o
[2239/2494] Building CXX object samples/cpp/CMakeFiles/example_tutorial_houghlines.dir/tutorial_code/ImgTrans/houghlines.cpp.o
[2240/2494] Linking CXX executable bin/example_tutorial_houghcircles
[2241/2494] Linking CXX executable bin/example_tutorial_generalizedHoughTransform
[2242/2494] Linking CXX executable bin/example_tutorial_houghlines
[2243/2494] Building CXX object samples/cpp/CMakeFiles/example_tutorial_findContours_demo.dir/tutorial_code/ShapeDescriptors/findContours_demo.cpp.o
[2244/2494] Building CXX object samples/cpp/CMakeFiles/example_tutorial_generalContours_demo1.dir/tutorial_code/ShapeDescriptors/generalContours_demo1.cpp.o
[2245/2494] Building CXX object samples/cpp/CMakeFiles/example_tutorial_imageSegmentation.dir/tutorial_code/ImgTrans/imageSegmentation.cpp.o
[2246/2494] Linking CXX executable bin/example_tutorial_findContours_demo
[2247/2494] Linking CXX executable bin/example_tutorial_generalContours_demo1
[2248/2494] Linking CXX executable bin/example_tutorial_imageSegmentation
[2249/2494] Building CXX object samples/cpp/CMakeFiles/example_tutorial_generalContours_demo2.dir/tutorial_code/ShapeDescriptors/generalContours_demo2.cpp.o
[2250/2494] Linking CXX executable bin/example_tutorial_generalContours_demo2
[2251/2494] Building CXX object samples/cpp/CMakeFiles/example_tutorial_hull_demo.dir/tutorial_code/ShapeDescriptors/hull_demo.cpp.o
[2252/2494] Building CXX object samples/cpp/CMakeFiles/example_tutorial_pointPolygonTest_demo.dir/tutorial_code/ShapeDescriptors/pointPolygonTest_demo.cpp.o
[2253/2494] Linking CXX executable bin/example_tutorial_hull_demo
[2254/2494] Building CXX object samples/cpp/CMakeFiles/example_tutorial_moments_demo.dir/tutorial_code/ShapeDescriptors/moments_demo.cpp.o
[2255/2494] Linking CXX executable bin/example_tutorial_pointPolygonTest_demo
[2256/2494] Linking CXX executable bin/example_tutorial_moments_demo
[2257/2494] Building CXX object samples/cpp/CMakeFiles/example_tutorial_cornerSubPix_Demo.dir/tutorial_code/TrackingMotion/cornerSubPix_Demo.cpp.o
[2258/2494] Building CXX object samples/cpp/CMakeFiles/example_tutorial_goodFeaturesToTrack_Demo.dir/tutorial_code/TrackingMotion/goodFeaturesToTrack_Demo.cpp.o
[2259/2494] Linking CXX executable bin/example_tutorial_cornerSubPix_Demo
[2260/2494] Linking CXX executable bin/example_tutorial_goodFeaturesToTrack_Demo
[2261/2494] Building CXX object samples/cpp/CMakeFiles/example_tutorial_AddingImages.dir/tutorial_code/core/AddingImages/AddingImages.cpp.o
[2262/2494] Linking CXX executable bin/example_tutorial_AddingImages
[2263/2494] Building CXX object samples/cpp/CMakeFiles/example_tutorial_discrete_fourier_transform.dir/tutorial_code/core/discrete_fourier_transform/discrete_fourier_transform.cpp.o
[2264/2494] Building CXX object samples/cpp/CMakeFiles/example_tutorial_camera_calibration.dir/tutorial_code/calib3d/camera_calibration/camera_calibration.cpp.o
[2265/2494] Linking CXX executable bin/example_tutorial_discrete_fourier_transform
[2266/2494] Building CXX object samples/cpp/CMakeFiles/example_tutorial_file_input_output.dir/tutorial_code/core/file_input_output/file_input_output.cpp.o
[2267/2494] Building CXX object samples/cpp/CMakeFiles/example_tutorial_how_to_scan_images.dir/tutorial_code/core/how_to_scan_images/how_to_scan_images.cpp.o
[2268/2494] Linking CXX executable bin/example_tutorial_file_input_output
[2269/2494] Linking CXX executable bin/example_tutorial_how_to_scan_images
[2270/2494] Building CXX object samples/cpp/CMakeFiles/example_tutorial_how_to_use_OpenCV_parallel_for_.dir/tutorial_code/core/how_to_use_OpenCV_parallel_for_/how_to_use_OpenCV_parallel_for_.cpp.o
[2271/2494] Linking CXX executable bin/example_tutorial_camera_calibration
[2272/2494] Linking CXX executable bin/example_tutorial_how_to_use_OpenCV_parallel_for_
[2273/2494] Building CXX object samples/cpp/CMakeFiles/example_tutorial_how_to_use_OpenCV_parallel_for_new.dir/tutorial_code/core/how_to_use_OpenCV_parallel_for_/how_to_use_OpenCV_parallel_for_new.cpp.o
[2274/2494] Linking CXX executable bin/example_tutorial_how_to_use_OpenCV_parallel_for_new
[2275/2494] Building CXX object samples/cpp/CMakeFiles/example_tutorial_mat_mask_operations.dir/tutorial_code/core/mat_mask_operations/mat_mask_operations.cpp.o
[2276/2494] Linking CXX executable bin/example_tutorial_mat_mask_operations
[2277/2494] Building CXX object samples/cpp/CMakeFiles/example_tutorial_mat_operations.dir/tutorial_code/core/mat_operations/mat_operations.cpp.o
[2278/2494] Linking CXX executable bin/example_tutorial_mat_operations
[2279/2494] Building CXX object samples/cpp/CMakeFiles/example_tutorial_mat_the_basic_image_container.dir/tutorial_code/core/mat_the_basic_image_container/mat_the_basic_image_container.cpp.o
[2280/2494] Linking CXX executable bin/example_tutorial_mat_the_basic_image_container
[2281/2494] Building CXX object samples/cpp/CMakeFiles/example_tutorial_AKAZE_match.dir/tutorial_code/features2D/AKAZE_match.cpp.o
[2282/2494] Building CXX object samples/cpp/CMakeFiles/example_tutorial_univ_intrin.dir/tutorial_code/core/univ_intrin/univ_intrin.cpp.o
[2283/2494] Linking CXX executable bin/example_tutorial_AKAZE_match
[2284/2494] Linking CXX executable bin/example_tutorial_univ_intrin
[2285/2494] Building CXX object samples/cpp/CMakeFiles/example_tutorial_decompose_homography.dir/tutorial_code/features2D/Homography/decompose_homography.cpp.o
[2286/2494] Building CXX object samples/cpp/CMakeFiles/example_tutorial_planar_tracking.dir/tutorial_code/features2D/AKAZE_tracking/planar_tracking.cpp.o
[2287/2494] Linking CXX executable bin/example_tutorial_decompose_homography
[2288/2494] Linking CXX executable bin/example_tutorial_planar_tracking
[2289/2494] Building CXX object samples/cpp/CMakeFiles/example_tutorial_homography_from_camera_displacement.dir/tutorial_code/features2D/Homography/homography_from_camera_displacement.cpp.o
[2290/2494] Linking CXX executable bin/example_tutorial_homography_from_camera_displacement
[2291/2494] Building CXX object samples/cpp/CMakeFiles/example_tutorial_panorama_stitching_rotating_camera.dir/tutorial_code/features2D/Homography/panorama_stitching_rotating_camera.cpp.o
[2292/2494] Linking CXX executable bin/example_tutorial_panorama_stitching_rotating_camera
[2293/2494] Building CXX object samples/cpp/CMakeFiles/example_tutorial_perspective_correction.dir/tutorial_code/features2D/Homography/perspective_correction.cpp.o
[2294/2494] Building CXX object samples/cpp/CMakeFiles/example_tutorial_SURF_matching_Demo.dir/tutorial_code/features2D/feature_description/SURF_matching_Demo.cpp.o
[2295/2494] Linking CXX executable bin/example_tutorial_SURF_matching_Demo
[2296/2494] Linking CXX executable bin/example_tutorial_perspective_correction
[2297/2494] Building CXX object samples/cpp/CMakeFiles/example_tutorial_pose_from_homography.dir/tutorial_code/features2D/Homography/pose_from_homography.cpp.o
[2298/2494] Linking CXX executable bin/example_tutorial_pose_from_homography
[2299/2494] Building CXX object samples/cpp/CMakeFiles/example_tutorial_SURF_detection_Demo.dir/tutorial_code/features2D/feature_detection/SURF_detection_Demo.cpp.o
[2300/2494] Linking CXX executable bin/example_tutorial_SURF_detection_Demo
[2301/2494] Building CXX object samples/cpp/CMakeFiles/example_tutorial_SURF_FLANN_matching_Demo.dir/tutorial_code/features2D/feature_flann_matcher/SURF_FLANN_matching_Demo.cpp.o
[2302/2494] Linking CXX executable bin/example_tutorial_SURF_FLANN_matching_Demo
[2303/2494] Building CXX object samples/cpp/CMakeFiles/example_tutorial_SURF_FLANN_matching_homography_Demo.dir/tutorial_code/features2D/feature_homography/SURF_FLANN_matching_homography_Demo.cpp.o
[2304/2494] Linking CXX executable bin/example_tutorial_SURF_FLANN_matching_homography_Demo
[2305/2494] Building CXX object samples/cpp/CMakeFiles/example_tutorial_kernel_api_snippets.dir/tutorial_code/gapi/doc_snippets/kernel_api_snippets.cpp.o
[2306/2494] Building CXX object samples/cpp/CMakeFiles/example_tutorial_dynamic_graph_snippets.dir/tutorial_code/gapi/doc_snippets/dynamic_graph_snippets.cpp.o
[2307/2494] Linking CXX executable bin/example_tutorial_kernel_api_snippets
[2308/2494] Building CXX object samples/cpp/CMakeFiles/example_tutorial_porting_anisotropic_image_segmentation_gapi.dir/tutorial_code/gapi/porting_anisotropic_image_segmentation/porting_anisotropic_image_segmentation_gapi.cpp.o
[2309/2494] Linking CXX executable bin/example_tutorial_porting_anisotropic_image_segmentation_gapi
[2310/2494] Linking CXX executable bin/example_tutorial_dynamic_graph_snippets
[2311/2494] Building CXX object samples/cpp/CMakeFiles/example_tutorial_porting_anisotropic_image_segmentation_gapi_fluid.dir/tutorial_code/gapi/porting_anisotropic_image_segmentation/porting_anisotropic_image_segmentation_gapi_fluid.cpp.o
[2312/2494] Linking CXX executable bin/example_tutorial_porting_anisotropic_image_segmentation_gapi_fluid
[2313/2494] Building CXX object samples/cpp/CMakeFiles/example_tutorial_api_ref_snippets.dir/tutorial_code/gapi/doc_snippets/api_ref_snippets.cpp.o
[2314/2494] Building CXX object samples/cpp/CMakeFiles/example_tutorial_age_gender_emotion_recognition.dir/tutorial_code/gapi/age_gender_emotion_recognition/age_gender_emotion_recognition.cpp.o
[2315/2494] Linking CXX executable bin/example_tutorial_api_ref_snippets
[2316/2494] Building CXX object samples/cpp/CMakeFiles/example_tutorial_gdal-image.dir/tutorial_code/imgcodecs/GDAL_IO/gdal-image.cpp.o
[2317/2494] Building CXX object samples/cpp/CMakeFiles/example_tutorial_animations.dir/tutorial_code/imgcodecs/animations.cpp.o
[2318/2494] Linking CXX executable bin/example_tutorial_gdal-image
[2319/2494] Linking CXX executable bin/example_tutorial_animations
[2320/2494] Building CXX object samples/cpp/CMakeFiles/example_tutorial_display_image.dir/tutorial_code/introduction/display_image/display_image.cpp.o
[2321/2494] Building CXX object samples/cpp/CMakeFiles/example_tutorial_documentation.dir/tutorial_code/introduction/documentation/documentation.cpp.o
[2322/2494] Linking CXX executable bin/example_tutorial_display_image
[2323/2494] Linking CXX executable bin/example_tutorial_documentation
[2324/2494] Linking CXX executable bin/opencv_test_gapi
[2325/2494] Linking CXX executable bin/example_tutorial_age_gender_emotion_recognition
[2326/2494] Building CXX object samples/cpp/CMakeFiles/example_tutorial_introduction_windows_vs.dir/tutorial_code/introduction/windows_visual_studio_opencv/introduction_windows_vs.cpp.o
[2327/2494] Building CXX object samples/cpp/CMakeFiles/example_tutorial_face_beautification.dir/tutorial_code/gapi/face_beautification/face_beautification.cpp.o
[2328/2494] Building CXX object samples/cpp/CMakeFiles/example_tutorial_introduction_to_pca.dir/tutorial_code/ml/introduction_to_pca/introduction_to_pca.cpp.o
[2329/2494] Linking CXX executable bin/example_tutorial_introduction_windows_vs
[2330/2494] Linking CXX executable bin/example_tutorial_introduction_to_pca
[2331/2494] Building CXX object samples/cpp/CMakeFiles/example_tutorial_introduction_to_svm.dir/tutorial_code/ml/introduction_to_svm/introduction_to_svm.cpp.o
[2332/2494] Building CXX object samples/cpp/CMakeFiles/example_tutorial_non_linear_svms.dir/tutorial_code/ml/non_linear_svms/non_linear_svms.cpp.o
[2333/2494] Linking CXX executable bin/example_tutorial_introduction_to_svm
[2334/2494] Linking CXX executable bin/example_tutorial_non_linear_svms
[2335/2494] Building CXX object samples/cpp/CMakeFiles/example_tutorial_calibrate_camera.dir/tutorial_code/objectDetection/calibrate_camera.cpp.o
[2336/2494] Building CXX object samples/cpp/CMakeFiles/example_tutorial_calibrate_camera_charuco.dir/tutorial_code/objectDetection/calibrate_camera_charuco.cpp.o
[2337/2494] Linking CXX executable bin/example_tutorial_calibrate_camera
[2338/2494] Building CXX object samples/cpp/CMakeFiles/example_tutorial_create_board.dir/tutorial_code/objectDetection/create_board.cpp.o
[2339/2494] Linking CXX executable bin/example_tutorial_create_board
[2340/2494] Building CXX object samples/cpp/CMakeFiles/example_tutorial_create_board_charuco.dir/tutorial_code/objectDetection/create_board_charuco.cpp.o
[2341/2494] Linking CXX executable bin/example_tutorial_calibrate_camera_charuco
[2342/2494] Linking CXX executable bin/example_tutorial_create_board_charuco
[2343/2494] Building CXX object samples/cpp/CMakeFiles/example_tutorial_security_barrier_camera.dir/tutorial_code/gapi/security_barrier_camera/security_barrier_camera.cpp.o
[2344/2494] Linking CXX executable bin/example_tutorial_face_beautification
[2345/2494] Linking CXX executable bin/example_tutorial_detect_board_charuco
[2346/2494] Building CXX object samples/cpp/CMakeFiles/example_tutorial_create_diamond.dir/tutorial_code/objectDetection/create_diamond.cpp.o
[2347/2494] Building CXX object samples/cpp/CMakeFiles/example_tutorial_create_marker.dir/tutorial_code/objectDetection/create_marker.cpp.o
[2348/2494] Linking CXX executable bin/example_tutorial_detect_markers
[2349/2494] Linking CXX executable bin/example_tutorial_create_marker
[2350/2494] Linking CXX executable bin/example_tutorial_create_diamond
[2351/2494] Building CXX object samples/cpp/CMakeFiles/example_tutorial_detect_board.dir/tutorial_code/objectDetection/detect_board.cpp.o
[2352/2494] Linking CXX executable bin/example_tutorial_security_barrier_camera
[2353/2494] Building CXX object samples/cpp/CMakeFiles/example_tutorial_objectDetection.dir/tutorial_code/objectDetection/objectDetection.cpp.o
[2354/2494] Linking CXX executable bin/example_tutorial_detect_board
[2355/2494] Building CXX object samples/cpp/CMakeFiles/example_tutorial_decolor.dir/tutorial_code/photo/decolorization/decolor.cpp.o
[2356/2494] Building CXX object samples/cpp/CMakeFiles/example_tutorial_detect_diamonds.dir/tutorial_code/objectDetection/detect_diamonds.cpp.o
[2357/2494] Linking CXX executable bin/example_tutorial_decolor
[2358/2494] Building CXX object samples/cpp/CMakeFiles/example_tutorial_npr_demo.dir/tutorial_code/photo/non_photorealistic_rendering/npr_demo.cpp.o
[2359/2494] Linking CXX executable bin/example_tutorial_objectDetection
[2360/2494] Building CXX object samples/cpp/CMakeFiles/example_tutorial_hdr_imaging.dir/tutorial_code/photo/hdr_imaging/hdr_imaging.cpp.o
[2361/2494] Building CXX object samples/cpp/CMakeFiles/example_tutorial_cloning_demo.dir/tutorial_code/photo/seamless_cloning/cloning_demo.cpp.o
[2362/2494] Linking CXX executable bin/example_tutorial_npr_demo
[2363/2494] Linking CXX executable bin/example_snippet_core_merge
[2364/2494] Linking CXX executable bin/example_tutorial_hdr_imaging
[2365/2494] Linking CXX executable bin/example_tutorial_cloning_demo
[2366/2494] Linking CXX executable bin/example_snippet_core_reduce
[2367/2494] Linking CXX executable bin/example_tutorial_detect_diamonds
[2368/2494] Linking CXX executable bin/example_snippet_imgproc_HoughLinesCircles
[2369/2494] Building CXX object samples/cpp/CMakeFiles/example_snippet_core_mat_checkVector.dir/tutorial_code/snippets/core_mat_checkVector.cpp.o
[2370/2494] Linking CXX executable bin/example_snippet_core_mat_checkVector
[2371/2494] Building CXX object samples/cpp/CMakeFiles/example_tutorial_cloning_gui.dir/tutorial_code/photo/seamless_cloning/cloning_gui.cpp.o
[2372/2494] Building CXX object samples/cpp/CMakeFiles/example_snippet_core_split.dir/tutorial_code/snippets/core_split.cpp.o
[2373/2494] Linking CXX executable bin/example_snippet_imgproc_applyColorMap
[2374/2494] Linking CXX executable bin/example_tutorial_cloning_gui
[2375/2494] Linking CXX executable bin/example_snippet_core_split
[2376/2494] Building CXX object samples/cpp/CMakeFiles/example_snippet_imgproc_HoughLinesP.dir/tutorial_code/snippets/imgproc_HoughLinesP.cpp.o
[2377/2494] Building CXX object samples/cpp/CMakeFiles/example_snippet_imgcodecs_imwrite.dir/tutorial_code/snippets/imgcodecs_imwrite.cpp.o
[2378/2494] Building CXX object samples/cpp/CMakeFiles/example_snippet_imgproc_HoughLinesPointSet.dir/tutorial_code/snippets/imgproc_HoughLinesPointSet.cpp.o
[2379/2494] Building CXX object samples/cpp/CMakeFiles/example_snippet_core_various.dir/tutorial_code/snippets/core_various.cpp.o
[2380/2494] Linking CXX executable bin/example_snippet_imgproc_HoughLinesP
[2381/2494] Building CXX object samples/cpp/CMakeFiles/example_snippet_imgproc_calcHist.dir/tutorial_code/snippets/imgproc_calcHist.cpp.o
[2382/2494] Linking CXX executable bin/example_snippet_imgcodecs_imwrite
[2383/2494] Linking CXX executable bin/example_snippet_imgproc_HoughLinesPointSet
[2384/2494] Linking CXX executable bin/example_snippet_core_various
[2385/2494] Linking CXX executable bin/example_snippet_imgproc_calcHist
[2386/2494] Linking CXX executable bin/example_tutorial_optical_flow_dense
[2387/2494] Linking CXX executable bin/example_tutorial_openni_orbbec_astra
[2388/2494] Building CXX object samples/cpp/CMakeFiles/example_snippet_imgproc_drawContours.dir/tutorial_code/snippets/imgproc_drawContours.cpp.o
[2389/2494] Building CXX object samples/cpp/CMakeFiles/example_snippet_imgproc_segmentation.dir/tutorial_code/snippets/imgproc_segmentation.cpp.o
[2390/2494] Linking CXX executable bin/example_snippet_imgproc_drawContours
[2391/2494] Linking CXX executable bin/example_snippet_imgproc_segmentation
[2392/2494] Building CXX object samples/cpp/CMakeFiles/example_tutorial_bg_sub.dir/tutorial_code/video/bg_sub.cpp.o
[2393/2494] Linking CXX executable bin/example_cpp_videocapture_audio_combination
[2394/2494] Building CXX object samples/cpp/CMakeFiles/example_tutorial_meanshift.dir/tutorial_code/video/meanshift/meanshift.cpp.o
[2395/2494] Building CXX object samples/cpp/CMakeFiles/example_tutorial_camshift.dir/tutorial_code/video/meanshift/camshift.cpp.o
[2396/2494] Linking CXX executable bin/example_tutorial_bg_sub
[2397/2494] Building CXX object samples/cpp/CMakeFiles/example_tutorial_video-input-psnr-ssim.dir/tutorial_code/videoio/video-input-psnr-ssim/video-input-psnr-ssim.cpp.o
[2398/2494] Building CXX object samples/cpp/CMakeFiles/example_tutorial_optical_flow.dir/tutorial_code/video/optical_flow/optical_flow.cpp.o
[2399/2494] Linking CXX executable bin/example_tutorial_camshift
[2400/2494] Linking CXX executable bin/example_tutorial_meanshift
[2401/2494] Linking CXX executable bin/example_tutorial_video-input-psnr-ssim
[2402/2494] Linking CXX executable bin/example_tutorial_optical_flow
[2403/2494] Building CXX object samples/cpp/CMakeFiles/example_tutorial_video-write.dir/tutorial_code/videoio/video-write/video-write.cpp.o
[2404/2494] Linking CXX executable bin/example_tutorial_video-write
[2405/2494] Building CXX object samples/cpp/CMakeFiles/example_cpp_videocapture_basic.dir/videocapture_basic.cpp.o
[2406/2494] Linking CXX executable bin/example_cpp_videocapture_basic
[2407/2494] Building CXX object samples/cpp/CMakeFiles/example_cpp_videocapture_camera.dir/videocapture_camera.cpp.o
[2408/2494] Building CXX object samples/cpp/CMakeFiles/example_cpp_videocapture_gphoto2_autofocus.dir/videocapture_gphoto2_autofocus.cpp.o
[2409/2494] Linking CXX executable bin/example_cpp_videocapture_camera
[2410/2494] Building CXX object samples/cpp/CMakeFiles/example_cpp_videocapture_image_sequence.dir/videocapture_image_sequence.cpp.o
[2411/2494] Building CXX object samples/cpp/CMakeFiles/example_cpp_videocapture_microphone.dir/videocapture_microphone.cpp.o
[2412/2494] Linking CXX executable bin/example_cpp_videocapture_gphoto2_autofocus
[2413/2494] Building CXX object samples/cpp/CMakeFiles/example_cpp_videocapture_obsensor.dir/videocapture_obsensor.cpp.o
[2414/2494] Linking CXX executable bin/example_cpp_videocapture_image_sequence
[2415/2494] Linking CXX executable bin/example_cpp_videocapture_microphone
[2416/2494] Building CXX object samples/cpp/CMakeFiles/example_cpp_videocapture_openni.dir/videocapture_openni.cpp.o
[2417/2494] Linking CXX executable bin/example_cpp_videocapture_obsensor
[2418/2494] Building CXX object samples/cpp/CMakeFiles/example_cpp_videocapture_realsense.dir/videocapture_realsense.cpp.o
[2419/2494] Linking CXX executable bin/example_cpp_videocapture_openni
[2420/2494] Building CXX object samples/cpp/CMakeFiles/example_cpp_videocapture_gstreamer_pipeline.dir/videocapture_gstreamer_pipeline.cpp.o
[2421/2494] Linking CXX executable bin/example_cpp_videocapture_realsense
[2422/2494] Building CXX object samples/cpp/CMakeFiles/example_cpp_videocapture_starter.dir/videocapture_starter.cpp.o
[2423/2494] Linking CXX executable bin/example_cpp_videocapture_gstreamer_pipeline
[2424/2494] Linking CXX executable bin/example_cpp_videocapture_starter
[2425/2494] Building CXX object samples/cpp/CMakeFiles/example_cpp_warpPerspective_demo.dir/warpPerspective_demo.cpp.o
[2426/2494] Linking CXX executable bin/example_cpp_warpPerspective_demo
[2427/2494] Building CXX object samples/cpp/CMakeFiles/example_cpp_watershed.dir/watershed.cpp.o
[2428/2494] Linking CXX executable bin/example_cpp_watershed
[2429/2494] Building CXX object samples/cpp/CMakeFiles/example_tutorial_pnp_registration.dir/tutorial_code/calib3d/real_time_pose_estimation/src/CsvReader.cpp.o
[2430/2494] Building CXX object samples/cpp/CMakeFiles/example_tutorial_pnp_registration.dir/tutorial_code/calib3d/real_time_pose_estimation/src/main_registration.cpp.o
[2431/2494] Building CXX object samples/cpp/CMakeFiles/example_tutorial_pnp_registration.dir/tutorial_code/calib3d/real_time_pose_estimation/src/CsvWriter.cpp.o
[2432/2494] Building CXX object samples/cpp/CMakeFiles/example_tutorial_pnp_registration.dir/tutorial_code/calib3d/real_time_pose_estimation/src/ModelRegistration.cpp.o
[2433/2494] Building CXX object samples/cpp/CMakeFiles/example_tutorial_pnp_detection.dir/tutorial_code/calib3d/real_time_pose_estimation/src/main_detection.cpp.o
[2434/2494] Building CXX object samples/cpp/CMakeFiles/example_tutorial_pnp_registration.dir/tutorial_code/calib3d/real_time_pose_estimation/src/Mesh.cpp.o
[2435/2494] Building CXX object samples/cpp/CMakeFiles/example_tutorial_pnp_registration.dir/tutorial_code/calib3d/real_time_pose_estimation/src/Model.cpp.o
[2436/2494] Building CXX object samples/cpp/CMakeFiles/example_tutorial_pnp_registration.dir/tutorial_code/calib3d/real_time_pose_estimation/src/PnPProblem.cpp.o
[2437/2494] Building CXX object samples/cpp/CMakeFiles/example_tutorial_pnp_registration.dir/tutorial_code/calib3d/real_time_pose_estimation/src/RobustMatcher.cpp.o
[2438/2494] Building CXX object samples/cpp/CMakeFiles/example_tutorial_pnp_detection.dir/tutorial_code/calib3d/real_time_pose_estimation/src/Mesh.cpp.o
[2439/2494] Building CXX object samples/cpp/CMakeFiles/example_tutorial_pnp_detection.dir/tutorial_code/calib3d/real_time_pose_estimation/src/CsvWriter.cpp.o
[2440/2494] Building CXX object samples/cpp/CMakeFiles/example_tutorial_pnp_registration.dir/tutorial_code/calib3d/real_time_pose_estimation/src/Utils.cpp.o
[2441/2494] Building CXX object samples/cpp/CMakeFiles/example_tutorial_pnp_detection.dir/tutorial_code/calib3d/real_time_pose_estimation/src/ModelRegistration.cpp.o
[2442/2494] Linking CXX executable bin/example_tutorial_pnp_registration
[2443/2494] Building CXX object samples/cpp/CMakeFiles/example_tutorial_pnp_detection.dir/tutorial_code/calib3d/real_time_pose_estimation/src/Model.cpp.o
[2444/2494] Building CXX object samples/cpp/CMakeFiles/example_tutorial_pnp_detection.dir/tutorial_code/calib3d/real_time_pose_estimation/src/PnPProblem.cpp.o
[2445/2494] Building CXX object samples/cpp/CMakeFiles/example_tutorial_pnp_detection.dir/tutorial_code/calib3d/real_time_pose_estimation/src/RobustMatcher.cpp.o
[2446/2494] Building CXX object samples/cpp/CMakeFiles/example_tutorial_pnp_detection.dir/tutorial_code/calib3d/real_time_pose_estimation/src/Utils.cpp.o
[2447/2494] Linking CXX executable bin/example_dnn_face_detect
[2448/2494] Building CXX object samples/dnn/CMakeFiles/example_dnn_colorization.dir/colorization.cpp.o
[2449/2494] Linking CXX executable bin/example_dnn_colorization
[2450/2494] Building CXX object samples/dnn/CMakeFiles/example_dnn_dasiamrpn_tracker.dir/dasiamrpn_tracker.cpp.o
[2451/2494] Building CXX object samples/dnn/CMakeFiles/example_dnn_classification.dir/classification.cpp.o
[2452/2494] Linking CXX executable bin/example_tutorial_pnp_detection
[2453/2494] Linking CXX executable bin/example_dnn_object_detection
[2454/2494] Linking CXX executable bin/example_dnn_scene_text_recognition
[2455/2494] Building CXX object samples/dnn/CMakeFiles/example_dnn_human_parsing.dir/human_parsing.cpp.o
[2456/2494] Linking CXX executable bin/example_dnn_dasiamrpn_tracker
[2457/2494] Linking CXX executable bin/example_dnn_classification
[2458/2494] Linking CXX executable bin/example_dnn_human_parsing
[2459/2494] Linking CXX executable bin/example_dnn_scene_text_spotting
[2460/2494] Building CXX object samples/dnn/CMakeFiles/example_dnn_nanotrack_tracker.dir/nanotrack_tracker.cpp.o
[2461/2494] Building CXX object samples/dnn/CMakeFiles/example_dnn_openpose.dir/openpose.cpp.o
[2462/2494] Linking CXX executable bin/example_dnn_nanotrack_tracker
[2463/2494] Linking CXX executable bin/example_dnn_openpose
[2464/2494] Building CXX object samples/dnn/CMakeFiles/example_dnn_person_reid.dir/person_reid.cpp.o
[2465/2494] Building CXX object samples/dnn/CMakeFiles/example_dnn_scene_text_detection.dir/scene_text_detection.cpp.o
[2466/2494] Linking CXX executable bin/example_dnn_person_reid
[2467/2494] Building CXX object samples/dnn/CMakeFiles/example_dnn_vit_tracker.dir/vit_tracker.cpp.o
[2468/2494] Linking CXX executable bin/example_dnn_scene_text_detection
[2469/2494] Building CXX object samples/dnn/CMakeFiles/example_dnn_text_detection.dir/text_detection.cpp.o
[2470/2494] Building CXX object samples/dnn/CMakeFiles/example_dnn_segmentation.dir/segmentation.cpp.o
[2471/2494] Linking CXX executable bin/example_tapi_camshift
[2472/2494] Building CXX object samples/tapi/CMakeFiles/example_tapi_clahe.dir/clahe.cpp.o
[2473/2494] Linking CXX executable bin/example_dnn_vit_tracker
[2474/2494] Building CXX object samples/dnn/CMakeFiles/example_dnn_speech_recognition.dir/speech_recognition.cpp.o
[2475/2494] Linking CXX executable bin/example_dnn_text_detection
[2476/2494] Linking CXX executable bin/example_dnn_segmentation
[2477/2494] Linking CXX executable bin/example_tapi_clahe
[2478/2494] Building CXX object samples/dnn/CMakeFiles/example_dnn_yolo_detector.dir/yolo_detector.cpp.o
[2479/2494] Linking CXX executable bin/example_dnn_speech_recognition
[2480/2494] Linking CXX executable bin/example_dnn_yolo_detector
[2481/2494] Building CXX object samples/tapi/CMakeFiles/example_tapi_dense_optical_flow.dir/dense_optical_flow.cpp.o
[2482/2494] Building CXX object samples/tapi/CMakeFiles/example_tapi_opencl_custom_kernel.dir/opencl_custom_kernel.cpp.o
[2483/2494] Linking CXX executable bin/example_tapi_opencl_custom_kernel
[2484/2494] Building CXX object samples/tapi/CMakeFiles/example_tapi_hog.dir/hog.cpp.o
[2485/2494] Linking CXX executable bin/example_tapi_dense_optical_flow
[2486/2494] Building CXX object samples/tapi/CMakeFiles/example_tapi_squares.dir/squares.cpp.o
[2487/2494] Linking CXX executable bin/example_tapi_squares
[2488/2494] Building CXX object samples/tapi/CMakeFiles/example_tapi_pyrlk_optical_flow.dir/pyrlk_optical_flow.cpp.o
[2489/2494] Building CXX object samples/tapi/CMakeFiles/example_tapi_ufacedetect.dir/ufacedetect.cpp.o
[2490/2494] Building CXX object samples/tapi/CMakeFiles/example_tapi_video_acceleration.dir/video_acceleration.cpp.o
[2491/2494] Linking CXX executable bin/example_tapi_hog
[2492/2494] Linking CXX executable bin/example_tapi_pyrlk_optical_flow
[2493/2494] Linking CXX executable bin/example_tapi_ufacedetect
[2494/2494] Linking CXX executable bin/example_tapi_video_acceleration
