[1/1548] Building C object 3rdparty/libtiff/CMakeFiles/libtiff.dir/tif_fax3sm.c.o
[2/1548] Building C object 3rdparty/libtiff/CMakeFiles/libtiff.dir/tif_dumpmode.c.o
[3/1548] Building C object 3rdparty/libtiff/CMakeFiles/libtiff.dir/tif_pixarlog.c.o
[4/1548] Building C object 3rdparty/libtiff/CMakeFiles/libtiff.dir/tif_next.c.o
[5/1548] Building C object 3rdparty/libtiff/CMakeFiles/libtiff.dir/tif_compress.c.o
[6/1548] Building C object 3rdparty/libtiff/CMakeFiles/libtiff.dir/tif_extension.c.o
[7/1548] Building C object 3rdparty/libtiff/CMakeFiles/libtiff.dir/tif_lzma.c.o
[8/1548] Building C object 3rdparty/libtiff/CMakeFiles/libtiff.dir/tif_hash_set.c.o
[9/1548] Building C object 3rdparty/libtiff/CMakeFiles/libtiff.dir/tif_jbig.c.o
[10/1548] Building C object 3rdparty/libtiff/CMakeFiles/libtiff.dir/tif_ojpeg.c.o
[11/1548] Building C object 3rdparty/libtiff/CMakeFiles/libtiff.dir/tif_error.c.o
[12/1548] Building C object 3rdparty/libtiff/CMakeFiles/libtiff.dir/tif_codec.c.o
[13/1548] Building C object 3rdparty/libtiff/CMakeFiles/libtiff.dir/tif_flush.c.o
[14/1548] Building C object 3rdparty/libtiff/CMakeFiles/libtiff.dir/tif_packbits.c.o
[15/1548] Building C object 3rdparty/libtiff/CMakeFiles/libtiff.dir/tif_jpeg_12.c.o
[16/1548] Building C object 3rdparty/libtiff/CMakeFiles/libtiff.dir/tif_close.c.o
[17/1548] Building C object 3rdparty/libtiff/CMakeFiles/libtiff.dir/tif_print.c.o
[18/1548] Building C object 3rdparty/libtiff/CMakeFiles/libtiff.dir/tif_strip.c.o
[19/1548] Building C object 3rdparty/libtiff/CMakeFiles/libtiff.dir/tif_color.c.o
[20/1548] Building C object 3rdparty/libtiff/CMakeFiles/libtiff.dir/tif_dirinfo.c.o
[21/1548] Building C object 3rdparty/libtiff/CMakeFiles/libtiff.dir/tif_lzw.c.o
[22/1548] Building C object 3rdparty/libwebp/CMakeFiles/libwebp.dir/sharpyuv/sharpyuv_csp.c.o
[23/1548] Building C object 3rdparty/libtiff/CMakeFiles/libtiff.dir/tif_open.c.o
[24/1548] Building C object 3rdparty/libtiff/CMakeFiles/libtiff.dir/tif_aux.c.o
[25/1548] Building C object 3rdparty/libtiff/CMakeFiles/libtiff.dir/tif_predict.c.o
[26/1548] Building C object 3rdparty/libwebp/CMakeFiles/libwebp.dir/sharpyuv/sharpyuv_gamma.c.o
[27/1548] Building C object 3rdparty/libtiff/CMakeFiles/libtiff.dir/tif_swab.c.o
[28/1548] Building C object 3rdparty/libtiff/CMakeFiles/libtiff.dir/tif_thunder.c.o
[29/1548] Building C object 3rdparty/libtiff/CMakeFiles/libtiff.dir/tif_read.c.o
[30/1548] Building C object 3rdparty/libwebp/CMakeFiles/libwebp.dir/sharpyuv/sharpyuv_cpu.c.o
[31/1548] Building C object 3rdparty/libtiff/CMakeFiles/libtiff.dir/tif_dir.c.o
[32/1548] Building C object 3rdparty/libtiff/CMakeFiles/libtiff.dir/tif_warning.c.o
[33/1548] Building C object 3rdparty/libtiff/CMakeFiles/libtiff.dir/tif_version.c.o
[34/1548] Building C object 3rdparty/libtiff/CMakeFiles/libtiff.dir/tif_webp.c.o
[35/1548] Building C object 3rdparty/libtiff/CMakeFiles/libtiff.dir/tif_tile.c.o
[36/1548] Building C object 3rdparty/libwebp/CMakeFiles/libwebp.dir/sharpyuv/sharpyuv_neon.c.o
[37/1548] Building C object 3rdparty/libtiff/CMakeFiles/libtiff.dir/tif_fax3.c.o
[38/1548] Building C object 3rdparty/libtiff/CMakeFiles/libtiff.dir/tif_zstd.c.o
[39/1548] Building C object 3rdparty/libtiff/CMakeFiles/libtiff.dir/tif_jpeg.c.o
[40/1548] Building C object 3rdparty/libtiff/CMakeFiles/libtiff.dir/tif_luv.c.o
[41/1548] Building C object 3rdparty/libtiff/CMakeFiles/libtiff.dir/tif_write.c.o
[42/1548] Building C object 3rdparty/libtiff/CMakeFiles/libtiff.dir/tif_zip.c.o
[43/1548] Building C object 3rdparty/libtiff/CMakeFiles/libtiff.dir/tif_dirwrite.c.o
[44/1548] Building C object 3rdparty/libwebp/CMakeFiles/libwebp.dir/sharpyuv/sharpyuv_dsp.c.o
[45/1548] Building C object 3rdparty/libwebp/CMakeFiles/libwebp.dir/sharpyuv/sharpyuv.c.o
[46/1548] Building C object 3rdparty/libwebp/CMakeFiles/libwebp.dir/src/dec/quant_dec.c.o
[47/1548] Building C object 3rdparty/libwebp/CMakeFiles/libwebp.dir/sharpyuv/sharpyuv_sse2.c.o
[48/1548] Building C object 3rdparty/libwebp/CMakeFiles/libwebp.dir/src/demux/anim_decode.c.o
[49/1548] Building C object 3rdparty/libtiff/CMakeFiles/libtiff.dir/tif_getimage.c.o
[50/1548] Building C object 3rdparty/libtiff/CMakeFiles/libtiff.dir/tif_unix.c.o
[51/1548] Building C object 3rdparty/libwebp/CMakeFiles/libwebp.dir/src/dsp/alpha_processing_neon.c.o
[52/1548] Building C object 3rdparty/libwebp/CMakeFiles/libwebp.dir/src/dsp/alpha_processing_sse41.c.o
[53/1548] Building C object 3rdparty/libwebp/CMakeFiles/libwebp.dir/src/dsp/alpha_processing_mips_dsp_r2.c.o
[54/1548] Building C object 3rdparty/libwebp/CMakeFiles/libwebp.dir/src/dec/buffer_dec.c.o
[55/1548] Building C object 3rdparty/libwebp/CMakeFiles/libwebp.dir/src/dec/alpha_dec.c.o
[56/1548] Building C object 3rdparty/libwebp/CMakeFiles/libwebp.dir/src/dec/tree_dec.c.o
[57/1548] Building C object 3rdparty/libwebp/CMakeFiles/libwebp.dir/src/dsp/cost_mips_dsp_r2.c.o
[58/1548] Building C object 3rdparty/libwebp/CMakeFiles/libwebp.dir/src/dsp/cost_mips32.c.o
[59/1548] Building C object 3rdparty/libwebp/CMakeFiles/libwebp.dir/src/demux/demux.c.o
[60/1548] Building C object 3rdparty/libwebp/CMakeFiles/libwebp.dir/src/dsp/cost_neon.c.o
[61/1548] Building C object 3rdparty/libwebp/CMakeFiles/libwebp.dir/src/dsp/dec_clip_tables.c.o
[62/1548] Building C object 3rdparty/libwebp/CMakeFiles/libwebp.dir/src/dsp/alpha_processing.c.o
[63/1548] Building C object 3rdparty/libwebp/CMakeFiles/libwebp.dir/src/dec/idec_dec.c.o
[64/1548] Building C object 3rdparty/libwebp/CMakeFiles/libwebp.dir/src/dsp/cpu.c.o
[65/1548] Building C object 3rdparty/libwebp/CMakeFiles/libwebp.dir/src/dec/frame_dec.c.o
[66/1548] Building C object 3rdparty/libtiff/CMakeFiles/libtiff.dir/tif_dirread.c.o
[67/1548] Building C object 3rdparty/libwebp/CMakeFiles/libwebp.dir/src/dec/io_dec.c.o
[68/1548] Building C object 3rdparty/libwebp/CMakeFiles/libwebp.dir/src/dsp/dec_sse41.c.o
[69/1548] Building C object 3rdparty/libwebp/CMakeFiles/libwebp.dir/src/dsp/dec_mips32.c.o
[70/1548] Building C object 3rdparty/libwebp/CMakeFiles/libwebp.dir/src/dsp/dec_mips_dsp_r2.c.o
[71/1548] Building C object 3rdparty/libwebp/CMakeFiles/libwebp.dir/src/dsp/alpha_processing_sse2.c.o
[72/1548] Building C object 3rdparty/libwebp/CMakeFiles/libwebp.dir/src/dsp/cost_sse2.c.o
[73/1548] Building C object 3rdparty/libwebp/CMakeFiles/libwebp.dir/src/dsp/dec_neon.c.o
[74/1548] Building C object 3rdparty/libwebp/CMakeFiles/libwebp.dir/src/dec/vp8_dec.c.o
[75/1548] Building C object 3rdparty/libwebp/CMakeFiles/libwebp.dir/src/dsp/cost.c.o
[76/1548] Building C object 3rdparty/libwebp/CMakeFiles/libwebp.dir/src/dsp/dec_msa.c.o
[77/1548] Building C object 3rdparty/libwebp/CMakeFiles/libwebp.dir/src/dsp/enc_mips_dsp_r2.c.o
[78/1548] Building C object 3rdparty/libwebp/CMakeFiles/libwebp.dir/src/dsp/enc_mips32.c.o
[79/1548] Building C object 3rdparty/libwebp/CMakeFiles/libwebp.dir/src/dec/webp_dec.c.o
[80/1548] Building C object 3rdparty/libwebp/CMakeFiles/libwebp.dir/src/dsp/filters_mips_dsp_r2.c.o
[81/1548] Building C object 3rdparty/libwebp/CMakeFiles/libwebp.dir/src/dsp/enc_neon.c.o
[82/1548] Building C object 3rdparty/libwebp/CMakeFiles/libwebp.dir/src/dec/vp8l_dec.c.o
[83/1548] Building C object 3rdparty/libwebp/CMakeFiles/libwebp.dir/src/dsp/filters_msa.c.o
[84/1548] Building C object 3rdparty/libwebp/CMakeFiles/libwebp.dir/src/dsp/enc_msa.c.o
[85/1548] Building C object 3rdparty/libwebp/CMakeFiles/libwebp.dir/src/dsp/enc_sse41.c.o
[86/1548] Building C object 3rdparty/libwebp/CMakeFiles/libwebp.dir/src/dsp/lossless_enc_msa.c.o
[87/1548] Building C object 3rdparty/libwebp/CMakeFiles/libwebp.dir/src/dsp/lossless_avx2.c.o
[88/1548] Building C object 3rdparty/libwebp/CMakeFiles/libwebp.dir/src/dsp/filters_neon.c.o
[89/1548] Building C object 3rdparty/libwebp/CMakeFiles/libwebp.dir/src/dsp/dec.c.o
[90/1548] Building C object 3rdparty/libwebp/CMakeFiles/libwebp.dir/src/dsp/lossless_neon.c.o
[91/1548] Building C object 3rdparty/libwebp/CMakeFiles/libwebp.dir/src/dsp/lossless_msa.c.o
[92/1548] Building C object 3rdparty/libwebp/CMakeFiles/libwebp.dir/src/dsp/lossless_enc_avx2.c.o
[93/1548] Building C object 3rdparty/libwebp/CMakeFiles/libwebp.dir/src/dsp/lossless_sse41.c.o
[94/1548] Building C object 3rdparty/libwebp/CMakeFiles/libwebp.dir/src/dsp/lossless_enc_mips_dsp_r2.c.o
[95/1548] Building C object 3rdparty/libwebp/CMakeFiles/libwebp.dir/src/dsp/filters.c.o
[96/1548] Building C object 3rdparty/libwebp/CMakeFiles/libwebp.dir/src/dsp/lossless_enc_neon.c.o
[97/1548] Building C object 3rdparty/libwebp/CMakeFiles/libwebp.dir/src/dsp/lossless_enc_mips32.c.o
[98/1548] Building C object 3rdparty/libwebp/CMakeFiles/libwebp.dir/src/dsp/lossless_mips_dsp_r2.c.o
[99/1548] Building C object 3rdparty/libwebp/CMakeFiles/libwebp.dir/src/dsp/lossless_enc_sse41.c.o
[100/1548] Building C object 3rdparty/libwebp/CMakeFiles/libwebp.dir/src/dsp/enc.c.o
[101/1548] Building C object 3rdparty/libwebp/CMakeFiles/libwebp.dir/src/dsp/rescaler_neon.c.o
[102/1548] Building C object 3rdparty/libwebp/CMakeFiles/libwebp.dir/src/dsp/filters_sse2.c.o
[103/1548] Building C object 3rdparty/libwebp/CMakeFiles/libwebp.dir/src/dsp/dec_sse2.c.o
[104/1548] Building C object 3rdparty/libwebp/CMakeFiles/libwebp.dir/src/dsp/rescaler_mips32.c.o
[105/1548] Building CXX object 3rdparty/libtiff/CMakeFiles/libtiff.dir/tif_stream.cxx.o
[106/1548] Building C object 3rdparty/libwebp/CMakeFiles/libwebp.dir/src/dsp/rescaler_msa.c.o
[107/1548] Building C object 3rdparty/libwebp/CMakeFiles/libwebp.dir/src/dsp/rescaler_mips_dsp_r2.c.o
[108/1548] Building C object 3rdparty/libwebp/CMakeFiles/libwebp.dir/src/dsp/rescaler.c.o
[109/1548] Building C object 3rdparty/libwebp/CMakeFiles/libwebp.dir/src/dsp/ssim.c.o
[110/1548] Building C object 3rdparty/libwebp/CMakeFiles/libwebp.dir/src/dsp/upsampling_msa.c.o
[111/1548] Building C object 3rdparty/libwebp/CMakeFiles/libwebp.dir/src/dsp/upsampling_sse41.c.o
[112/1548] Building C object 3rdparty/libwebp/CMakeFiles/libwebp.dir/src/dsp/upsampling_neon.c.o
[113/1548] Building C object 3rdparty/libwebp/CMakeFiles/libwebp.dir/src/dsp/enc_sse2.c.o
[114/1548] Building C object 3rdparty/libwebp/CMakeFiles/libwebp.dir/src/dsp/lossless.c.o
[115/1548] Building C object 3rdparty/libwebp/CMakeFiles/libwebp.dir/src/enc/config_enc.c.o
[116/1548] Building C object 3rdparty/libwebp/CMakeFiles/libwebp.dir/src/dsp/rescaler_sse2.c.o
[117/1548] Building C object 3rdparty/libwebp/CMakeFiles/libwebp.dir/src/dsp/upsampling_mips_dsp_r2.c.o
[118/1548] Linking CXX static library 3rdparty/lib/liblibtiff.a
[119/1548] Building C object 3rdparty/libwebp/CMakeFiles/libwebp.dir/src/dsp/yuv_neon.c.o
[120/1548] Building C object 3rdparty/libwebp/CMakeFiles/libwebp.dir/src/dsp/yuv_sse41.c.o
[121/1548] Building C object 3rdparty/libwebp/CMakeFiles/libwebp.dir/src/dsp/lossless_sse2.c.o
[122/1548] Building C object 3rdparty/libwebp/CMakeFiles/libwebp.dir/src/dsp/yuv_mips_dsp_r2.c.o
[123/1548] Building C object 3rdparty/libwebp/CMakeFiles/libwebp.dir/src/dsp/yuv_mips32.c.o
[124/1548] Building C object 3rdparty/libwebp/CMakeFiles/libwebp.dir/src/dsp/lossless_enc.c.o
[125/1548] Building C object 3rdparty/libwebp/CMakeFiles/libwebp.dir/src/dsp/ssim_sse2.c.o
[126/1548] Building C object 3rdparty/libwebp/CMakeFiles/libwebp.dir/src/dsp/lossless_enc_sse2.c.o
[127/1548] Building C object 3rdparty/libwebp/CMakeFiles/libwebp.dir/src/enc/alpha_enc.c.o
[128/1548] Building C object 3rdparty/libwebp/CMakeFiles/libwebp.dir/src/enc/filter_enc.c.o
[129/1548] Building C object 3rdparty/libwebp/CMakeFiles/libwebp.dir/src/dsp/upsampling.c.o
[130/1548] Building C object 3rdparty/libwebp/CMakeFiles/libwebp.dir/src/enc/picture_tools_enc.c.o
[131/1548] Building C object 3rdparty/libwebp/CMakeFiles/libwebp.dir/src/dsp/upsampling_sse2.c.o
[132/1548] Building C object 3rdparty/libwebp/CMakeFiles/libwebp.dir/src/enc/tree_enc.c.o
[133/1548] Building C object 3rdparty/libwebp/CMakeFiles/libwebp.dir/src/enc/syntax_enc.c.o
[134/1548] Building C object 3rdparty/libwebp/CMakeFiles/libwebp.dir/src/enc/analysis_enc.c.o
[135/1548] Building C object 3rdparty/libwebp/CMakeFiles/libwebp.dir/src/enc/backward_references_cost_enc.c.o
[136/1548] Building C object 3rdparty/libwebp/CMakeFiles/libwebp.dir/src/enc/cost_enc.c.o
[137/1548] Building C object 3rdparty/libwebp/CMakeFiles/libwebp.dir/src/dsp/yuv_sse2.c.o
[138/1548] Building C object 3rdparty/libwebp/CMakeFiles/libwebp.dir/src/enc/iterator_enc.c.o
[139/1548] Building C object 3rdparty/libwebp/CMakeFiles/libwebp.dir/src/enc/picture_rescale_enc.c.o
[140/1548] Building C object 3rdparty/libwebp/CMakeFiles/libwebp.dir/src/utils/bit_reader_utils.c.o
[141/1548] Building C object 3rdparty/libwebp/CMakeFiles/libwebp.dir/src/enc/token_enc.c.o
[142/1548] Building C object 3rdparty/libwebp/CMakeFiles/libwebp.dir/src/enc/picture_psnr_enc.c.o
[143/1548] Building C object 3rdparty/libwebp/CMakeFiles/libwebp.dir/src/enc/near_lossless_enc.c.o
[144/1548] Building C object 3rdparty/libwebp/CMakeFiles/libwebp.dir/src/enc/frame_enc.c.o
[145/1548] Building C object 3rdparty/libwebp/CMakeFiles/libwebp.dir/src/utils/color_cache_utils.c.o
[146/1548] Building C object 3rdparty/libwebp/CMakeFiles/libwebp.dir/src/utils/random_utils.c.o
[147/1548] Building C object 3rdparty/libwebp/CMakeFiles/libwebp.dir/src/mux/muxread.c.o
[148/1548] Building C object 3rdparty/libwebp/CMakeFiles/libwebp.dir/src/utils/quant_levels_dec_utils.c.o
[149/1548] Building C object 3rdparty/libwebp/CMakeFiles/libwebp.dir/src/enc/picture_enc.c.o
[150/1548] Building C object 3rdparty/libwebp/CMakeFiles/libwebp.dir/src/enc/backward_references_enc.c.o
[151/1548] Building C object 3rdparty/libwebp/CMakeFiles/libwebp.dir/src/mux/muxedit.c.o
[152/1548] Building C object 3rdparty/libwebp/CMakeFiles/libwebp.dir/src/mux/muxinternal.c.o
[153/1548] Building C object 3rdparty/libwebp/CMakeFiles/libwebp.dir/src/enc/histogram_enc.c.o
[154/1548] Building C object 3rdparty/libwebp/CMakeFiles/libwebp.dir/src/utils/filters_utils.c.o
[155/1548] Building C object 3rdparty/libwebp/CMakeFiles/libwebp.dir/src/utils/bit_writer_utils.c.o
[156/1548] Building C object 3rdparty/libwebp/CMakeFiles/libwebp.dir/src/enc/predictor_enc.c.o
[157/1548] Building C object 3rdparty/libwebp/CMakeFiles/libwebp.dir/src/enc/webp_enc.c.o
[158/1548] Building C object 3rdparty/libwebp/CMakeFiles/libwebp.dir/src/utils/palette.c.o
[159/1548] Building C object 3rdparty/libwebp/CMakeFiles/libwebp.dir/src/utils/huffman_utils.c.o
[160/1548] Building C object 3rdparty/libwebp/CMakeFiles/libwebp.dir/src/utils/huffman_encode_utils.c.o
[161/1548] Building C object 3rdparty/libwebp/CMakeFiles/libwebp.dir/src/utils/thread_utils.c.o
[162/1548] Building C object 3rdparty/libwebp/CMakeFiles/libwebp.dir/src/utils/quant_levels_utils.c.o
[163/1548] Building C object 3rdparty/libwebp/CMakeFiles/libwebp.dir/src/enc/picture_csp_enc.c.o
[164/1548] Building C object 3rdparty/libwebp/CMakeFiles/libwebp.dir/src/dsp/yuv.c.o
[165/1548] Building C object 3rdparty/libwebp/CMakeFiles/libwebp.dir/src/mux/anim_encode.c.o
[166/1548] Building C object 3rdparty/libwebp/CMakeFiles/libwebp.dir/src/utils/utils.c.o
[167/1548] Building C object 3rdparty/libwebp/CMakeFiles/libwebp.dir/src/enc/vp8l_enc.c.o
[168/1548] Building C object 3rdparty/libwebp/CMakeFiles/libwebp.dir/src/enc/quant_enc.c.o
[169/1548] Building C object 3rdparty/openjpeg/openjp2/CMakeFiles/libopenjp2.dir/bio.c.o
[170/1548] Building C object 3rdparty/openjpeg/openjp2/CMakeFiles/libopenjp2.dir/cio.c.o
[171/1548] Building C object 3rdparty/openjpeg/openjp2/CMakeFiles/libopenjp2.dir/event.c.o
[172/1548] Building C object 3rdparty/libwebp/CMakeFiles/libwebp.dir/src/utils/rescaler_utils.c.o
[173/1548] Building C object 3rdparty/openjpeg/openjp2/CMakeFiles/libopenjp2.dir/invert.c.o
[174/1548] Building C object 3rdparty/openjpeg/openjp2/CMakeFiles/libopenjp2.dir/image.c.o
[175/1548] Building C object 3rdparty/openjpeg/openjp2/CMakeFiles/libopenjp2.dir/openjpeg.c.o
[176/1548] Building C object 3rdparty/openjpeg/openjp2/CMakeFiles/libopenjp2.dir/mqc.c.o
[177/1548] Building C object 3rdparty/openjpeg/openjp2/CMakeFiles/libopenjp2.dir/opj_clock.c.o
[178/1548] Building C object 3rdparty/openjpeg/openjp2/CMakeFiles/libopenjp2.dir/tgt.c.o
[179/1548] Building C object 3rdparty/openjpeg/openjp2/CMakeFiles/libopenjp2.dir/opj_malloc.c.o
[180/1548] Building C object 3rdparty/openjpeg/openjp2/CMakeFiles/libopenjp2.dir/function_list.c.o
[181/1548] Building C object 3rdparty/openjpeg/openjp2/CMakeFiles/libopenjp2.dir/thread.c.o
[182/1548] Linking C static library 3rdparty/lib/liblibwebp.a
[183/1548] Building C object 3rdparty/openjpeg/openjp2/CMakeFiles/libopenjp2.dir/sparse_array.c.o
[184/1548] Building C object 3rdparty/openjpeg/openjp2/CMakeFiles/libopenjp2.dir/t2.c.o
[185/1548] Building C object 3rdparty/openjpeg/openjp2/CMakeFiles/libopenjp2.dir/pi.c.o
[186/1548] Building C object 3rdparty/openjpeg/openjp2/CMakeFiles/libopenjp2.dir/jp2.c.o
[187/1548] Building C object 3rdparty/openjpeg/openjp2/CMakeFiles/libopenjp2.dir/tcd.c.o
[188/1548] Building C object 3rdparty/openjpeg/openjp2/CMakeFiles/libopenjp2.dir/mct.c.o
[189/1548] Building C object 3rdparty/openjpeg/openjp2/CMakeFiles/libopenjp2.dir/ht_dec.c.o
[190/1548] Building C object 3rdparty/openjpeg/openjp2/CMakeFiles/libopenjp2.dir/dwt.c.o
[191/1548] Building CXX object 3rdparty/openexr/CMakeFiles/IlmImf.dir/IlmImf/ImfDeepCompositing.cpp.o
[192/1548] Building CXX object 3rdparty/openexr/CMakeFiles/IlmImf.dir/Iex/IexBaseExc.cpp.o
[193/1548] Building C object 3rdparty/openjpeg/openjp2/CMakeFiles/libopenjp2.dir/j2k.c.o
[194/1548] Building CXX object 3rdparty/openexr/CMakeFiles/IlmImf.dir/Half/half.cpp.o
[195/1548] Building CXX object 3rdparty/openexr/CMakeFiles/IlmImf.dir/IlmImf/ImfChannelListAttribute.cpp.o
[196/1548] Building CXX object 3rdparty/openexr/CMakeFiles/IlmImf.dir/IlmImf/ImfDeepImageStateAttribute.cpp.o
[197/1548] Building CXX object 3rdparty/openexr/CMakeFiles/IlmImf.dir/IlmImf/ImfCompressionAttribute.cpp.o
[198/1548] Building CXX object 3rdparty/openexr/CMakeFiles/IlmImf.dir/IlmImf/ImfBoxAttribute.cpp.o
[199/1548] Building CXX object 3rdparty/openexr/CMakeFiles/IlmImf.dir/IlmImf/ImfFramesPerSecond.cpp.o
[200/1548] Building CXX object 3rdparty/openexr/CMakeFiles/IlmImf.dir/IlmImf/ImfAttribute.cpp.o
[201/1548] Building CXX object 3rdparty/openexr/CMakeFiles/IlmImf.dir/IlmImf/ImfConvert.cpp.o
[202/1548] Building C object 3rdparty/openjpeg/openjp2/CMakeFiles/libopenjp2.dir/t1.c.o
[203/1548] Building CXX object 3rdparty/openexr/CMakeFiles/IlmImf.dir/IlmImf/ImfChannelList.cpp.o
[204/1548] Building CXX object 3rdparty/openexr/CMakeFiles/IlmImf.dir/IlmImf/ImfAcesFile.cpp.o
[205/1548] Building CXX object 3rdparty/openexr/CMakeFiles/IlmImf.dir/IlmImf/ImfChromaticitiesAttribute.cpp.o
[206/1548] Building CXX object 3rdparty/openexr/CMakeFiles/IlmImf.dir/IlmImf/ImfDeepFrameBuffer.cpp.o
[207/1548] Building CXX object 3rdparty/openexr/CMakeFiles/IlmImf.dir/IlmImf/ImfB44Compressor.cpp.o
[208/1548] Building CXX object 3rdparty/openexr/CMakeFiles/IlmImf.dir/IlmImf/ImfCompressor.cpp.o
[209/1548] Building CXX object 3rdparty/openexr/CMakeFiles/IlmImf.dir/IlmImf/ImfChromaticities.cpp.o
[210/1548] Linking C static library 3rdparty/lib/liblibopenjp2.a
[211/1548] Building CXX object 3rdparty/openexr/CMakeFiles/IlmImf.dir/IlmImf/ImfDeepTiledInputPart.cpp.o
[212/1548] Building CXX object 3rdparty/openexr/CMakeFiles/IlmImf.dir/IlmImf/ImfDeepScanLineInputPart.cpp.o
[213/1548] Building CXX object 3rdparty/openexr/CMakeFiles/IlmImf.dir/IlmImf/ImfDeepScanLineOutputPart.cpp.o
[214/1548] Building CXX object 3rdparty/openexr/CMakeFiles/IlmImf.dir/IlmImf/ImfCRgbaFile.cpp.o
[215/1548] Building CXX object 3rdparty/openexr/CMakeFiles/IlmImf.dir/IlmImf/ImfDeepTiledOutputPart.cpp.o
[216/1548] Building CXX object 3rdparty/openexr/CMakeFiles/IlmImf.dir/IlmImf/ImfDoubleAttribute.cpp.o
[217/1548] Building CXX object 3rdparty/openexr/CMakeFiles/IlmImf.dir/IlmImf/ImfCompositeDeepScanLine.cpp.o
[218/1548] Building CXX object 3rdparty/openexr/CMakeFiles/IlmImf.dir/IlmImf/ImfEnvmap.cpp.o
[219/1548] Building CXX object 3rdparty/openexr/CMakeFiles/IlmImf.dir/Iex/IexThrowErrnoExc.cpp.o
[220/1548] Building CXX object 3rdparty/openexr/CMakeFiles/IlmImf.dir/IlmImf/ImfEnvmapAttribute.cpp.o
[221/1548] Building CXX object 3rdparty/openexr/CMakeFiles/IlmImf.dir/IlmImf/ImfFloatVectorAttribute.cpp.o
[222/1548] Building CXX object 3rdparty/openexr/CMakeFiles/IlmImf.dir/IlmImf/ImfFastHuf.cpp.o
[223/1548] Building CXX object 3rdparty/openexr/CMakeFiles/IlmImf.dir/IlmImf/ImfDeepScanLineInputFile.cpp.o
[224/1548] Building CXX object 3rdparty/openexr/CMakeFiles/IlmImf.dir/IlmImf/ImfFloatAttribute.cpp.o
[225/1548] Building CXX object 3rdparty/openexr/CMakeFiles/IlmImf.dir/IlmImf/ImfFrameBuffer.cpp.o
[226/1548] Building CXX object 3rdparty/openexr/CMakeFiles/IlmImf.dir/IlmImf/ImfDeepTiledOutputFile.cpp.o
[227/1548] Building CXX object 3rdparty/openexr/CMakeFiles/IlmImf.dir/IlmImf/ImfDeepScanLineOutputFile.cpp.o
[228/1548] Building CXX object 3rdparty/openexr/CMakeFiles/IlmImf.dir/IlmImf/ImfDeepTiledInputFile.cpp.o
[229/1548] Building CXX object 3rdparty/openexr/CMakeFiles/IlmImf.dir/IlmImf/ImfIO.cpp.o
[230/1548] Building CXX object 3rdparty/openexr/CMakeFiles/IlmImf.dir/IlmImf/ImfRle.cpp.o
[231/1548] Building CXX object 3rdparty/openexr/CMakeFiles/IlmImf.dir/IlmImf/ImfLineOrderAttribute.cpp.o
[232/1548] Building CXX object 3rdparty/openexr/CMakeFiles/IlmImf.dir/IlmImf/ImfGenericInputFile.cpp.o
[233/1548] Building CXX object 3rdparty/openexr/CMakeFiles/IlmImf.dir/IlmImf/ImfKeyCodeAttribute.cpp.o
[234/1548] Building CXX object 3rdparty/openexr/CMakeFiles/IlmImf.dir/IlmImf/ImfKeyCode.cpp.o
[235/1548] Building CXX object 3rdparty/openexr/CMakeFiles/IlmImf.dir/IlmImf/ImfPartType.cpp.o
[236/1548] Building CXX object 3rdparty/openexr/CMakeFiles/IlmImf.dir/IlmImf/ImfHuf.cpp.o
[237/1548] Building CXX object 3rdparty/openexr/CMakeFiles/IlmImf.dir/IlmImf/ImfGenericOutputFile.cpp.o
[238/1548] Building CXX object 3rdparty/openexr/CMakeFiles/IlmImf.dir/IlmImf/ImfRational.cpp.o
[239/1548] Building CXX object 3rdparty/openexr/CMakeFiles/IlmImf.dir/IlmImf/ImfInputPartData.cpp.o
[240/1548] Building CXX object 3rdparty/openexr/CMakeFiles/IlmImf.dir/IlmImf/ImfThreading.cpp.o
[241/1548] Building CXX object 3rdparty/openexr/CMakeFiles/IlmImf.dir/IlmImf/ImfMatrixAttribute.cpp.o
[242/1548] Building CXX object 3rdparty/openexr/CMakeFiles/IlmImf.dir/IlmImf/ImfInputPart.cpp.o
[243/1548] Building CXX object 3rdparty/openexr/CMakeFiles/IlmImf.dir/IlmImf/ImfIntAttribute.cpp.o
[244/1548] Building CXX object 3rdparty/openexr/CMakeFiles/IlmImf.dir/IlmImf/ImfOpaqueAttribute.cpp.o
[245/1548] Building CXX object 3rdparty/openexr/CMakeFiles/IlmImf.dir/IlmImf/ImfLut.cpp.o
[246/1548] Building CXX object 3rdparty/openexr/CMakeFiles/IlmImf.dir/IlmImf/ImfPreviewImageAttribute.cpp.o
[247/1548] Building CXX object 3rdparty/openexr/CMakeFiles/IlmImf.dir/IlmImf/ImfInputFile.cpp.o
[248/1548] Building CXX object 3rdparty/openexr/CMakeFiles/IlmImf.dir/IlmImf/ImfPreviewImage.cpp.o
[249/1548] Building CXX object 3rdparty/openexr/CMakeFiles/IlmImf.dir/IlmImf/ImfSystemSpecific.cpp.o
[250/1548] Building CXX object 3rdparty/openexr/CMakeFiles/IlmImf.dir/IlmImf/ImfOutputPart.cpp.o
[251/1548] Building CXX object 3rdparty/openexr/CMakeFiles/IlmImf.dir/IlmImf/ImfMisc.cpp.o
[252/1548] Building CXX object 3rdparty/openexr/CMakeFiles/IlmImf.dir/IlmImf/ImfVersion.cpp.o
[253/1548] Building CXX object 3rdparty/openexr/CMakeFiles/IlmImf.dir/IlmImf/ImfMultiView.cpp.o
[254/1548] Building CXX object 3rdparty/openexr/CMakeFiles/IlmImf.dir/IlmImf/ImfWav.cpp.o
[255/1548] Building CXX object 3rdparty/openexr/CMakeFiles/IlmImf.dir/IlmImf/ImfOutputPartData.cpp.o
[256/1548] Building CXX object 3rdparty/openexr/CMakeFiles/IlmImf.dir/IlmImf/ImfMultiPartOutputFile.cpp.o
[257/1548] Building CXX object 3rdparty/openexr/CMakeFiles/IlmImf.dir/IlmThread/IlmThreadMutex.cpp.o
[258/1548] Building CXX object 3rdparty/openexr/CMakeFiles/IlmImf.dir/IlmImf/ImfPizCompressor.cpp.o
[259/1548] Building CXX object 3rdparty/openexr/CMakeFiles/IlmImf.dir/IlmThread/IlmThreadMutexPosix.cpp.o
[260/1548] Building CXX object 3rdparty/openexr/CMakeFiles/IlmImf.dir/IlmImf/ImfRationalAttribute.cpp.o
[261/1548] Building CXX object 3rdparty/openexr/CMakeFiles/IlmImf.dir/IlmThread/IlmThreadPosix.cpp.o
[262/1548] Building CXX object 3rdparty/openexr/CMakeFiles/IlmImf.dir/IlmImf/ImfMultiPartInputFile.cpp.o
[263/1548] Building CXX object 3rdparty/openexr/CMakeFiles/IlmImf.dir/IlmThread/IlmThreadSemaphore.cpp.o
[264/1548] Building CXX object 3rdparty/openexr/CMakeFiles/IlmImf.dir/IlmThread/IlmThreadSemaphorePosixCompat.cpp.o
[265/1548] Building CXX object 3rdparty/openexr/CMakeFiles/IlmImf.dir/IlmImf/ImfOutputFile.cpp.o
[266/1548] Building CXX object 3rdparty/openexr/CMakeFiles/IlmImf.dir/IlmImf/ImfDwaCompressor.cpp.o
[267/1548] Building CXX object 3rdparty/openexr/CMakeFiles/IlmImf.dir/Imath/ImathFun.cpp.o
[268/1548] Building CXX object 3rdparty/openexr/CMakeFiles/IlmImf.dir/IlmImf/ImfPxr24Compressor.cpp.o
[269/1548] Building CXX object 3rdparty/openexr/CMakeFiles/IlmImf.dir/IlmImf/ImfRgbaYca.cpp.o
[270/1548] Building CXX object 3rdparty/openexr/CMakeFiles/IlmImf.dir/IlmImf/ImfRleCompressor.cpp.o
[271/1548] Building CXX object 3rdparty/openexr/CMakeFiles/IlmImf.dir/IlmImf/ImfStdIO.cpp.o
[272/1548] Building CXX object 3rdparty/openexr/CMakeFiles/IlmImf.dir/IlmImf/ImfStringAttribute.cpp.o
[273/1548] Building CXX object 3rdparty/openexr/CMakeFiles/IlmImf.dir/IlmImf/ImfHeader.cpp.o
[274/1548] Building CXX object 3rdparty/openexr/CMakeFiles/IlmImf.dir/Imath/ImathRandom.cpp.o
[275/1548] Building CXX object 3rdparty/openexr/CMakeFiles/IlmImf.dir/IlmImf/ImfTestFile.cpp.o
[276/1548] Building CXX object 3rdparty/openexr/CMakeFiles/IlmImf.dir/IlmImf/ImfStringVectorAttribute.cpp.o
[277/1548] Building CXX object 3rdparty/openexr/CMakeFiles/IlmImf.dir/IlmImf/ImfTimeCode.cpp.o
[278/1548] Building CXX object 3rdparty/protobuf/CMakeFiles/libprotobuf.dir/src/google/protobuf/io/io_win32.cc.o
[279/1548] Building CXX object 3rdparty/openexr/CMakeFiles/IlmImf.dir/IlmImf/ImfTileDescriptionAttribute.cpp.o
[280/1548] Building CXX object 3rdparty/openexr/CMakeFiles/IlmImf.dir/IlmImf/ImfTileOffsets.cpp.o
[281/1548] Building CXX object 3rdparty/openexr/CMakeFiles/IlmImf.dir/IlmImf/ImfTiledInputPart.cpp.o
[282/1548] Building CXX object 3rdparty/openexr/CMakeFiles/IlmImf.dir/IlmImf/ImfRgbaFile.cpp.o
[283/1548] Building CXX object 3rdparty/openexr/CMakeFiles/IlmImf.dir/IlmImf/ImfTimeCodeAttribute.cpp.o
[284/1548] Building CXX object 3rdparty/openexr/CMakeFiles/IlmImf.dir/IlmImf/ImfZip.cpp.o
[285/1548] Building CXX object 3rdparty/openexr/CMakeFiles/IlmImf.dir/IlmThread/IlmThreadSemaphorePosix.cpp.o
[286/1548] Building CXX object 3rdparty/openexr/CMakeFiles/IlmImf.dir/IlmImf/ImfTiledMisc.cpp.o
[287/1548] Building CXX object 3rdparty/openexr/CMakeFiles/IlmImf.dir/IlmThread/IlmThread.cpp.o
[288/1548] Building CXX object 3rdparty/openexr/CMakeFiles/IlmImf.dir/IlmImf/ImfVecAttribute.cpp.o
[289/1548] Building CXX object 3rdparty/openexr/CMakeFiles/IlmImf.dir/IlmImf/ImfZipCompressor.cpp.o
[290/1548] Building CXX object 3rdparty/openexr/CMakeFiles/IlmImf.dir/IlmImf/ImfTiledOutputPart.cpp.o
[291/1548] Building CXX object 3rdparty/openexr/CMakeFiles/IlmImf.dir/IlmImf/ImfScanLineInputFile.cpp.o
[292/1548] Building CXX object 3rdparty/openexr/CMakeFiles/IlmImf.dir/Imath/ImathBox.cpp.o
[293/1548] Building CXX object 3rdparty/openexr/CMakeFiles/IlmImf.dir/IlmImf/ImfStandardAttributes.cpp.o
[294/1548] Building CXX object 3rdparty/openexr/CMakeFiles/IlmImf.dir/IlmImf/dwaLookups.cpp.o
[295/1548] Building CXX object 3rdparty/openexr/CMakeFiles/IlmImf.dir/IlmImf/ImfTiledInputFile.cpp.o
[296/1548] Building CXX object 3rdparty/openexr/CMakeFiles/IlmImf.dir/Imath/ImathColorAlgo.cpp.o
[297/1548] Building CXX object 3rdparty/openexr/CMakeFiles/IlmImf.dir/IlmThread/IlmThreadPool.cpp.o
[298/1548] Building CXX object 3rdparty/openexr/CMakeFiles/IlmImf.dir/Imath/ImathShear.cpp.o
[299/1548] Building CXX object 3rdparty/protobuf/CMakeFiles/libprotobuf.dir/src/google/protobuf/arena.cc.o
[300/1548] Building CXX object 3rdparty/openexr/CMakeFiles/IlmImf.dir/Imath/ImathVec.cpp.o
[301/1548] Building CXX object 3rdparty/openexr/CMakeFiles/IlmImf.dir/IlmImf/ImfTiledOutputFile.cpp.o
[302/1548] Building CXX object 3rdparty/openexr/CMakeFiles/IlmImf.dir/IlmImf/ImfTiledRgbaFile.cpp.o
[303/1548] Building CXX object 3rdparty/protobuf/CMakeFiles/libprotobuf.dir/src/google/protobuf/any_lite.cc.o
[304/1548] Building CXX object 3rdparty/protobuf/CMakeFiles/libprotobuf.dir/src/google/protobuf/arenastring.cc.o
[305/1548] Building CXX object 3rdparty/openexr/CMakeFiles/IlmImf.dir/Imath/ImathMatrixAlgo.cpp.o
[306/1548] Building CXX object 3rdparty/protobuf/CMakeFiles/libprotobuf.dir/src/google/protobuf/io/zero_copy_stream.cc.o
[307/1548] Building CXX object 3rdparty/protobuf/CMakeFiles/libprotobuf.dir/src/google/protobuf/implicit_weak_message.cc.o
[308/1548] Linking CXX static library 3rdparty/lib/libIlmImf.a
[309/1548] Building CXX object 3rdparty/protobuf/CMakeFiles/libprotobuf.dir/src/google/protobuf/io/strtod.cc.o
[310/1548] Building CXX object 3rdparty/protobuf/CMakeFiles/libprotobuf.dir/src/google/protobuf/io/coded_stream.cc.o
[311/1548] Building CXX object 3rdparty/protobuf/CMakeFiles/libprotobuf.dir/src/google/protobuf/stubs/status.cc.o
[312/1548] Building CXX object 3rdparty/protobuf/CMakeFiles/libprotobuf.dir/src/google/protobuf/io/zero_copy_stream_impl_lite.cc.o
[313/1548] Building CXX object 3rdparty/protobuf/CMakeFiles/libprotobuf.dir/src/google/protobuf/stubs/stringpiece.cc.o
[314/1548] Building CXX object 3rdparty/protobuf/CMakeFiles/libprotobuf.dir/src/google/protobuf/stubs/common.cc.o
[315/1548] Building CXX object 3rdparty/protobuf/CMakeFiles/libprotobuf.dir/src/google/protobuf/stubs/stringprintf.cc.o
[316/1548] Building CXX object 3rdparty/protobuf/CMakeFiles/libprotobuf.dir/src/google/protobuf/stubs/bytestream.cc.o
[317/1548] Building CXX object 3rdparty/protobuf/CMakeFiles/libprotobuf.dir/src/google/protobuf/stubs/structurally_valid.cc.o
[318/1548] Building CXX object 3rdparty/protobuf/CMakeFiles/libprotobuf.dir/src/google/protobuf/repeated_ptr_field.cc.o
[319/1548] Building CXX object 3rdparty/protobuf/CMakeFiles/libprotobuf.dir/src/google/protobuf/map.cc.o
[320/1548] Building CXX object 3rdparty/protobuf/CMakeFiles/libprotobuf.dir/src/google/protobuf/stubs/int128.cc.o
[321/1548] Building CXX object 3rdparty/protobuf/CMakeFiles/libprotobuf.dir/src/google/protobuf/io/zero_copy_stream_impl.cc.o
[322/1548] Building C object 3rdparty/ittnotify/CMakeFiles/ittnotify.dir/src/ittnotify/jitprofiling.c.o
[323/1548] Building CXX object 3rdparty/protobuf/CMakeFiles/libprotobuf.dir/src/google/protobuf/generated_message_util.cc.o
[324/1548] Building CXX object 3rdparty/protobuf/CMakeFiles/libprotobuf.dir/src/google/protobuf/parse_context.cc.o
[325/1548] Building CXX object 3rdparty/protobuf/CMakeFiles/libprotobuf.dir/src/google/protobuf/message_lite.cc.o
[326/1548] Building CXX object 3rdparty/protobuf/CMakeFiles/libprotobuf.dir/src/google/protobuf/any.cc.o
[327/1548] Building CXX object 3rdparty/protobuf/CMakeFiles/libprotobuf.dir/src/google/protobuf/wire_format_lite.cc.o
[328/1548] Building CXX object 3rdparty/protobuf/CMakeFiles/libprotobuf.dir/src/google/protobuf/stubs/substitute.cc.o
[329/1548] Building CXX object 3rdparty/protobuf/CMakeFiles/libprotobuf.dir/src/google/protobuf/stubs/strutil.cc.o
[330/1548] Building CXX object 3rdparty/protobuf/CMakeFiles/libprotobuf.dir/src/google/protobuf/extension_set.cc.o
[331/1548] Building CXX object 3rdparty/protobuf/CMakeFiles/libprotobuf.dir/src/google/protobuf/io/tokenizer.cc.o
[332/1548] Building C object 3rdparty/ittnotify/CMakeFiles/ittnotify.dir/src/ittnotify/ittnotify_static.c.o
[333/1548] Linking C static library 3rdparty/lib/libittnotify.a
[334/1548] Generate files for Python bindings and documentation
Note: Class cv::detail::GraphCutSeamFinder has more than 1 base class (not supported by Python C extensions)
      Bases:  cv::detail::GraphCutSeamFinderBase, cv::detail::SeamFinder
      Only the first base class will be used
[335/1548] Processing OpenCL kernels (core)
[336/1548] Building CXX object 3rdparty/protobuf/CMakeFiles/libprotobuf.dir/src/google/protobuf/dynamic_message.cc.o
[337/1548] Building CXX object 3rdparty/protobuf/CMakeFiles/libprotobuf.dir/src/google/protobuf/unknown_field_set.cc.o
[338/1548] Building CXX object 3rdparty/protobuf/CMakeFiles/libprotobuf.dir/src/google/protobuf/extension_set_heavy.cc.o
[339/1548] Building CXX object 3rdparty/protobuf/CMakeFiles/libprotobuf.dir/src/google/protobuf/reflection_ops.cc.o
[340/1548] Building CXX object 3rdparty/protobuf/CMakeFiles/libprotobuf.dir/src/google/protobuf/repeated_field.cc.o
[341/1548] Building CXX object 3rdparty/protobuf/CMakeFiles/libprotobuf.dir/src/google/protobuf/map_field.cc.o
[342/1548] Building CXX object 3rdparty/protobuf/CMakeFiles/libprotobuf.dir/src/google/protobuf/message.cc.o
[343/1548] Building CXX object 3rdparty/protobuf/CMakeFiles/libprotobuf.dir/src/google/protobuf/descriptor_database.cc.o
[344/1548] Building CXX object 3rdparty/protobuf/CMakeFiles/libprotobuf.dir/src/google/protobuf/wire_format.cc.o
[345/1548] Building CXX object 3rdparty/protobuf/CMakeFiles/libprotobuf.dir/src/google/protobuf/generated_message_reflection.cc.o
[346/1548] Building CXX object 3rdparty/protobuf/CMakeFiles/libprotobuf.dir/src/google/protobuf/text_format.cc.o
[347/1548] Building CXX object modules/core/CMakeFiles/opencv_core.dir/src/algorithm.cpp.o
[348/1548] Building CXX object modules/core/CMakeFiles/opencv_core.dir/src/alloc.cpp.o
[349/1548] Building CXX object modules/core/CMakeFiles/opencv_core.dir/src/check.cpp.o
[350/1548] Building CXX object modules/core/CMakeFiles/opencv_core.dir/src/cuda_gpu_mat_nd.cpp.o
[351/1548] Building CXX object modules/core/CMakeFiles/opencv_core.dir/src/count_non_zero.dispatch.cpp.o
[352/1548] Building CXX object modules/core/CMakeFiles/opencv_core.dir/src/buffer_area.cpp.o
[353/1548] Building CXX object modules/core/CMakeFiles/opencv_core.dir/src/convert_c.cpp.o
[354/1548] Building CXX object modules/core/CMakeFiles/opencv_core.dir/src/cuda_host_mem.cpp.o
[355/1548] Building CXX object modules/core/CMakeFiles/opencv_core.dir/src/cuda_stream.cpp.o
[356/1548] Building CXX object modules/core/CMakeFiles/opencv_core.dir/src/conjugate_gradient.cpp.o
[357/1548] Building CXX object modules/core/CMakeFiles/opencv_core.dir/src/async.cpp.o
[358/1548] Building CXX object modules/core/CMakeFiles/opencv_core.dir/src/cuda_gpu_mat.cpp.o
[359/1548] Building CXX object modules/core/CMakeFiles/opencv_core.dir/src/batch_distance.cpp.o
[360/1548] Building CXX object modules/core/CMakeFiles/opencv_core.dir/src/channels.cpp.o
[361/1548] Building CXX object modules/core/CMakeFiles/opencv_core.dir/src/cuda_info.cpp.o
[362/1548] Building CXX object modules/core/CMakeFiles/opencv_core.dir/src/directx.cpp.o
[363/1548] Building CXX object modules/core/CMakeFiles/opencv_core.dir/src/bindings_utils.cpp.o
[364/1548] Building CXX object modules/core/CMakeFiles/opencv_core.dir/src/copy.cpp.o
[365/1548] Building CXX object modules/core/CMakeFiles/opencv_core.dir/src/downhill_simplex.cpp.o
[366/1548] Building CXX object modules/core/CMakeFiles/opencv_core.dir/src/array.cpp.o
[367/1548] Building CXX object modules/core/CMakeFiles/opencv_core.dir/src/glob.cpp.o
[368/1548] Building CXX object modules/core/CMakeFiles/opencv_core.dir/src/convert.dispatch.cpp.o
[369/1548] Building CXX object modules/core/CMakeFiles/opencv_core.dir/src/datastructs.cpp.o
[370/1548] Building CXX object modules/core/CMakeFiles/opencv_core.dir/src/convert_scale.dispatch.cpp.o
[371/1548] Building CXX object 3rdparty/protobuf/CMakeFiles/libprotobuf.dir/src/google/protobuf/descriptor.pb.cc.o
[372/1548] Building CXX object modules/core/CMakeFiles/opencv_core.dir/src/arithm.cpp.o
[373/1548] Building CXX object modules/core/CMakeFiles/opencv_core.dir/src/has_non_zero.dispatch.cpp.o
[374/1548] Building CXX object modules/core/CMakeFiles/opencv_core.dir/src/command_line_parser.cpp.o
[375/1548] Building CXX object modules/core/CMakeFiles/opencv_core.dir/src/hal_internal.cpp.o
[376/1548] Building CXX object modules/core/CMakeFiles/opencv_core.dir/src/kmeans.cpp.o
[377/1548] Building CXX object modules/core/CMakeFiles/opencv_core.dir/src/dxt.cpp.o
[378/1548] Building CXX object modules/core/CMakeFiles/opencv_core.dir/src/lpsolver.cpp.o
[379/1548] Building CXX object modules/core/CMakeFiles/opencv_core.dir/src/logger.cpp.o
[380/1548] Building CXX object modules/core/CMakeFiles/opencv_core.dir/src/lut.cpp.o
[381/1548] Building CXX object modules/core/CMakeFiles/opencv_core.dir/src/lut.dispatch.cpp.o
[382/1548] Building CXX object modules/core/CMakeFiles/opencv_core.dir/src/lda.cpp.o
[383/1548] Building CXX object modules/core/CMakeFiles/opencv_core.dir/src/matrix_c.cpp.o
[384/1548] Building CXX object modules/core/CMakeFiles/opencv_core.dir/src/mathfuncs_core.dispatch.cpp.o
[385/1548] Building CXX object modules/core/CMakeFiles/opencv_core.dir/src/lapack.cpp.o
[386/1548] Building CXX object modules/core/CMakeFiles/opencv_core.dir/src/matrix.cpp.o
[387/1548] Building CXX object modules/core/CMakeFiles/opencv_core.dir/src/matrix_iterator.cpp.o
[388/1548] Building CXX object modules/core/CMakeFiles/opencv_core.dir/src/opencl/runtime/opencl_clfft.cpp.o
[389/1548] Building CXX object modules/core/CMakeFiles/opencv_core.dir/src/opencl/runtime/opencl_clblas.cpp.o
[390/1548] Building CXX object 3rdparty/protobuf/CMakeFiles/libprotobuf.dir/src/google/protobuf/descriptor.cc.o
[391/1548] Building CXX object modules/core/CMakeFiles/opencv_core.dir/src/arithm.dispatch.cpp.o
[392/1548] Building CXX object modules/core/CMakeFiles/opencv_core.dir/src/matrix_decomp.cpp.o
[393/1548] Building CXX object modules/core/CMakeFiles/opencv_core.dir/src/merge.dispatch.cpp.o
[394/1548] Building CXX object modules/core/CMakeFiles/opencv_core.dir/src/opengl.cpp.o
[395/1548] Building CXX object modules/core/CMakeFiles/opencv_core.dir/src/gl_core_3_1.cpp.o
[396/1548] Building CXX object modules/core/CMakeFiles/opencv_core.dir/src/mathfuncs.cpp.o
[397/1548] Building CXX object modules/core/CMakeFiles/opencv_core.dir/src/ovx.cpp.o
[398/1548] Building CXX object modules/core/CMakeFiles/opencv_core.dir/src/opencl/runtime/opencl_core.cpp.o
[399/1548] Building CXX object modules/core/CMakeFiles/opencv_core.dir/src/out.cpp.o
[400/1548] Linking CXX static library 3rdparty/lib/liblibprotobuf.a
[401/1548] Building CXX object modules/core/CMakeFiles/opencv_core.dir/src/mean.dispatch.cpp.o
[402/1548] Building CXX object modules/core/CMakeFiles/opencv_core.dir/src/parallel/parallel_openmp.cpp.o
[403/1548] Building CXX object modules/core/CMakeFiles/opencv_core.dir/src/parallel/parallel_tbb.cpp.o
[404/1548] Building CXX object modules/core/CMakeFiles/opencv_core.dir/src/matrix_expressions.cpp.o
[405/1548] Building CXX object modules/core/CMakeFiles/opencv_core.dir/src/matrix_sparse.cpp.o
[406/1548] Building CXX object modules/core/CMakeFiles/opencv_core.dir/src/minmax.dispatch.cpp.o
[407/1548] Building CXX object modules/core/CMakeFiles/opencv_core.dir/src/parallel.cpp.o
[408/1548] Building CXX object modules/core/CMakeFiles/opencv_core.dir/src/matrix_transform.cpp.o
[409/1548] Building CXX object modules/core/CMakeFiles/opencv_core.dir/src/pca.cpp.o
[410/1548] Building CXX object modules/core/CMakeFiles/opencv_core.dir/src/norm.dispatch.cpp.o
[411/1548] Building CXX object modules/core/CMakeFiles/opencv_core.dir/src/parallel_impl.cpp.o
[412/1548] Building CXX object modules/core/CMakeFiles/opencv_core.dir/src/persistence_base64_encoding.cpp.o
[413/1548] Building CXX object modules/core/CMakeFiles/opencv_core.dir/src/persistence_json.cpp.o
[414/1548] Building CXX object modules/core/CMakeFiles/opencv_core.dir/src/persistence_types.cpp.o
[415/1548] Building CXX object modules/core/CMakeFiles/opencv_core.dir/src/stat.dispatch.cpp.o
[416/1548] Building CXX object modules/core/CMakeFiles/opencv_core.dir/src/persistence_yml.cpp.o
[417/1548] Building CXX object modules/core/CMakeFiles/opencv_core.dir/src/persistence_xml.cpp.o
[418/1548] Building CXX object modules/core/CMakeFiles/opencv_core.dir/src/parallel/parallel.cpp.o
[419/1548] Building CXX object modules/core/CMakeFiles/opencv_core.dir/src/stat_c.cpp.o
[420/1548] Building CXX object modules/core/CMakeFiles/opencv_core.dir/src/split.dispatch.cpp.o
[421/1548] Building CXX object modules/core/CMakeFiles/opencv_core.dir/src/stl.cpp.o
[422/1548] Building CXX object modules/core/CMakeFiles/opencv_core.dir/src/matrix_wrap.cpp.o
[423/1548] Building CXX object modules/core/CMakeFiles/opencv_core.dir/src/softfloat.cpp.o
[424/1548] Building CXX object modules/core/CMakeFiles/opencv_core.dir/src/tables.cpp.o
[425/1548] Building CXX object modules/core/CMakeFiles/opencv_core.dir/src/rand.cpp.o
[426/1548] Building CXX object modules/core/CMakeFiles/opencv_core.dir/src/types.cpp.o
[427/1548] Building CXX object modules/core/CMakeFiles/opencv_core.dir/src/utils/logtagconfigparser.cpp.o
[428/1548] Building CXX object modules/core/CMakeFiles/opencv_core.dir/src/va_intel.cpp.o
[429/1548] Building CXX object modules/core/CMakeFiles/opencv_core.dir/opencl_kernels_core.cpp.o
[430/1548] Building CXX object modules/core/CMakeFiles/opencv_core.dir/src/sum.dispatch.cpp.o
[431/1548] Building CXX object modules/core/CMakeFiles/opencv_core.dir/src/persistence.cpp.o
[432/1548] Building CXX object modules/core/CMakeFiles/opencv_core.dir/src/utils/datafile.cpp.o
[433/1548] Building CXX object modules/core/CMakeFiles/opencv_core.dir/src/utils/samples.cpp.o
[434/1548] Building CXX object modules/core/CMakeFiles/opencv_core.dir/src/umatrix.cpp.o
[435/1548] Building CXX object modules/core/CMakeFiles/opencv_core.dir/src/utils/logtagmanager.cpp.o
[436/1548] Building CXX object modules/core/CMakeFiles/opencv_core.dir/src/trace.cpp.o
[437/1548] Building CXX object modules/core/CMakeFiles/opencv_core.dir/src/utils/filesystem.cpp.o
[438/1548] Building CXX object modules/core/CMakeFiles/opencv_core.dir/src/reduce.dispatch.cpp.o
[439/1548] Building CXX object modules/core/CMakeFiles/opencv_core.dir/stat.sse4_2.cpp.o
[440/1548] Building CXX object modules/core/CMakeFiles/opencv_core.dir/src/matmul.dispatch.cpp.o
[441/1548] Building CXX object modules/core/CMakeFiles/opencv_core.dir/src/system.cpp.o
[442/1548] Building CXX object modules/core/CMakeFiles/opencv_core.dir/minmax.sse4_1.cpp.o
[443/1548] Building CXX object modules/core/CMakeFiles/opencv_core.dir/src/matrix_operations.cpp.o
[444/1548] Building CXX object modules/core/CMakeFiles/opencv_core.dir/matmul.sse4_1.cpp.o
[445/1548] Building CXX object modules/core/CMakeFiles/opencv_core.dir/stat.avx2.cpp.o
[446/1548] Building CXX object modules/core/CMakeFiles/opencv_core.dir/mathfuncs_core.avx.cpp.o
[447/1548] Building CXX object modules/core/CMakeFiles/opencv_core.dir/mathfuncs_core.avx2.cpp.o
[448/1548] Building CXX object modules/core/CMakeFiles/opencv_core.dir/norm.sse4_1.cpp.o
[449/1548] Building CXX object modules/core/CMakeFiles/opencv_core.dir/src/ocl.cpp.o
[450/1548] Building CXX object modules/core/CMakeFiles/opencv_core.dir/has_non_zero.avx2.cpp.o
[451/1548] Building CXX object modules/core/CMakeFiles/opencv_core.dir/count_non_zero.avx2.cpp.o
[452/1548] Building CXX object modules/core/CMakeFiles/opencv_core.dir/norm.avx.cpp.o
[453/1548] Building CXX object modules/core/CMakeFiles/opencv_core.dir/convert.avx2.cpp.o
[454/1548] Building CXX object modules/core/CMakeFiles/opencv_core.dir/convert_scale.avx2.cpp.o
[455/1548] Building CXX object modules/core/CMakeFiles/opencv_core.dir/merge.avx2.cpp.o
[456/1548] Building CXX object modules/core/CMakeFiles/opencv_core.dir/split.avx2.cpp.o
[457/1548] Building CXX object modules/flann/CMakeFiles/opencv_flann.dir/src/flann.cpp.o
[458/1548] Building CXX object modules/ml/CMakeFiles/opencv_ml.dir/src/gbt.cpp.o
[459/1548] Building CXX object modules/core/CMakeFiles/opencv_core.dir/mean.avx2.cpp.o
[460/1548] Building CXX object modules/core/CMakeFiles/opencv_core.dir/minmax.avx2.cpp.o
[461/1548] Building CXX object modules/core/CMakeFiles/opencv_core.dir/matmul.avx2.cpp.o
[462/1548] Building CXX object modules/core/CMakeFiles/opencv_core.dir/stat.avx512_skx.cpp.o
[463/1548] Building CXX object modules/core/CMakeFiles/opencv_core.dir/count_non_zero.avx512_skx.cpp.o
[464/1548] Building CXX object modules/ml/CMakeFiles/opencv_ml.dir/src/inner_functions.cpp.o
[465/1548] Building CXX object modules/core/CMakeFiles/opencv_core.dir/arithm.sse4_1.cpp.o
[466/1548] Building CXX object modules/ml/CMakeFiles/opencv_ml.dir/src/kdtree.cpp.o
[467/1548] Building CXX object modules/ml/CMakeFiles/opencv_ml.dir/src/boost.cpp.o
[468/1548] Building CXX object modules/core/CMakeFiles/opencv_core.dir/sum.avx2.cpp.o
[469/1548] Building CXX object modules/ml/CMakeFiles/opencv_ml.dir/src/em.cpp.o
[470/1548] Building CXX object modules/ml/CMakeFiles/opencv_ml.dir/src/lr.cpp.o
[471/1548] Building CXX object modules/core/CMakeFiles/opencv_core.dir/minmax.avx512_skx.cpp.o
[472/1548] Building CXX object apps/version/CMakeFiles/opencv_version.dir/opencv_version.cpp.o
[473/1548] Building CXX object modules/ml/CMakeFiles/opencv_ml.dir/src/nbayes.cpp.o
[474/1548] Building CXX object modules/core/CMakeFiles/opencv_core.dir/mean.avx512_skx.cpp.o
[475/1548] Building CXX object modules/ml/CMakeFiles/opencv_ml.dir/src/knearest.cpp.o
[476/1548] Building CXX object modules/ml/CMakeFiles/opencv_ml.dir/src/testset.cpp.o
[477/1548] Building CXX object modules/ml/CMakeFiles/opencv_ml.dir/src/svmsgd.cpp.o
[478/1548] Building CXX object modules/ml/CMakeFiles/opencv_ml.dir/src/ann_mlp.cpp.o
[479/1548] Building CXX object modules/core/CMakeFiles/opencv_core.dir/matmul.avx512_skx.cpp.o
[480/1548] Building CXX object modules/ml/CMakeFiles/opencv_ml.dir/src/rtrees.cpp.o
[481/1548] Building CXX object modules/ml/CMakeFiles/opencv_ml.dir/src/data.cpp.o
[482/1548] Building CXX object modules/core/CMakeFiles/opencv_core.dir/norm.avx2.cpp.o
[483/1548] Building CXX object modules/core/CMakeFiles/opencv_core.dir/sum.avx512_skx.cpp.o
[484/1548] Building CXX object modules/core/CMakeFiles/opencv_core.dir/norm.avx512_skx.cpp.o
[485/1548] Building CXX object modules/core/CMakeFiles/opencv_core.dir/arithm.avx2.cpp.o
[486/1548] Building CXX object modules/ml/CMakeFiles/opencv_ml.dir/src/svm.cpp.o
[487/1548] Building CXX object modules/ml/CMakeFiles/opencv_ml.dir/src/tree.cpp.o
[488/1548] Building CXX object modules/core/CMakeFiles/opencv_core.dir/reduce.avx2.cpp.o
[489/1548] Building CXX object modules/flann/CMakeFiles/opencv_flann.dir/src/miniflann.cpp.o
[490/1548] Linking CXX shared library lib/libopencv_core.so.4.14.0
[491/1548] Creating library symlink lib/libopencv_core.so.414 lib/libopencv_core.so
[492/1548] Processing OpenCL kernels (imgproc)
[493/1548] Linking CXX executable bin/opencv_version
[494/1548] Building CXX object modules/core/CMakeFiles/opencv_test_core.dir/test/test_cuda.cpp.o
[495/1548] Linking CXX shared library lib/libopencv_ml.so.4.14.0
[496/1548] Building CXX object modules/core/CMakeFiles/opencv_test_core.dir/test/test_main.cpp.o
[497/1548] Building CXX object modules/core/CMakeFiles/opencv_test_core.dir/test/test_downhill_simplex.cpp.o
[498/1548] Building CXX object modules/core/CMakeFiles/opencv_test_core.dir/test/ocl/test_image2d.cpp.o
[499/1548] Building CXX object modules/core/CMakeFiles/opencv_test_core.dir/test/test_conjugate_gradient.cpp.o
[500/1548] Building CXX object modules/core/CMakeFiles/opencv_test_core.dir/test/test_concatenation.cpp.o
[501/1548] Building CXX object modules/core/CMakeFiles/opencv_test_core.dir/test/test_allocator.cpp.o
[502/1548] Building CXX object modules/core/CMakeFiles/opencv_test_core.dir/test/test_async.cpp.o
[503/1548] Building CXX object modules/core/CMakeFiles/opencv_test_core.dir/test/test_logger_replace.cpp.o
[504/1548] Building CXX object modules/core/CMakeFiles/opencv_test_core.dir/test/test_lpsolver.cpp.o
[505/1548] Building CXX object modules/core/CMakeFiles/opencv_test_core.dir/test/test_dxt.cpp.o
[506/1548] Building CXX object modules/core/CMakeFiles/opencv_test_core.dir/test/ocl/test_opencl.cpp.o
[507/1548] Building CXX object modules/core/CMakeFiles/opencv_test_core.dir/test/ocl/test_gemm.cpp.o
[508/1548] Building CXX object modules/core/CMakeFiles/opencv_test_core.dir/test/test_ds.cpp.o
[509/1548] Building CXX object modules/core/CMakeFiles/opencv_test_core.dir/test/ocl/test_dft.cpp.o
[510/1548] Building CXX object modules/core/CMakeFiles/opencv_test_core.dir/test/ocl/test_matrix_expr.cpp.o
[511/1548] Building CXX object modules/core/CMakeFiles/opencv_test_core.dir/test/test_hal_core.cpp.o
[512/1548] Linking CXX shared library lib/libopencv_flann.so.4.14.0
[513/1548] Building CXX object modules/core/CMakeFiles/opencv_test_core.dir/test/test_hasnonzero.cpp.o
[514/1548] Building CXX object modules/core/CMakeFiles/opencv_test_core.dir/test/ocl/test_matrix_operation.cpp.o
[515/1548] Building CXX object modules/core/CMakeFiles/opencv_test_core.dir/test/test_eigen.cpp.o
[516/1548] Building CXX object modules/core/CMakeFiles/opencv_test_core.dir/test/test_countnonzero.cpp.o
[517/1548] Building CXX object modules/core/CMakeFiles/opencv_test_core.dir/test/test_rotatedrect.cpp.o
[518/1548] Building CXX object modules/core/CMakeFiles/opencv_test_core.dir/test/test_rand.cpp.o
[519/1548] Building CXX object modules/core/CMakeFiles/opencv_test_core.dir/test/test_logtagconfigparser.cpp.o
[520/1548] Building CXX object modules/core/CMakeFiles/opencv_test_core.dir/test/test_opencl.cpp.o
[521/1548] Building CXX object modules/core/CMakeFiles/opencv_test_core.dir/test/ocl/test_channels.cpp.o
[522/1548] Building CXX object modules/core/CMakeFiles/opencv_test_core.dir/test/test_logtagmanager.cpp.o
[523/1548] Building CXX object modules/core/CMakeFiles/opencv_test_core.dir/test/test_ptr.cpp.o
[524/1548] Building CXX object modules/core/CMakeFiles/opencv_perf_core.dir/perf/cuda/perf_gpumat.cpp.o
[525/1548] Building CXX object modules/core/CMakeFiles/opencv_test_core.dir/test/test_misc.cpp.o
[526/1548] Building CXX object modules/core/CMakeFiles/opencv_test_core.dir/test/test_quaternion.cpp.o
[527/1548] Building CXX object modules/core/CMakeFiles/opencv_test_core.dir/test/test_utils.cpp.o
[528/1548] Building CXX object modules/core/CMakeFiles/opencv_perf_core.dir/perf/opencl/perf_bufferpool.cpp.o
[529/1548] Building CXX object modules/core/CMakeFiles/opencv_perf_core.dir/perf/perf_abs.cpp.o
[530/1548] Building CXX object modules/core/CMakeFiles/opencv_perf_core.dir/perf/opencl/perf_usage_flags.cpp.o
[531/1548] Building CXX object modules/core/CMakeFiles/opencv_perf_core.dir/perf/opencl/perf_gemm.cpp.o
[532/1548] Building CXX object modules/core/CMakeFiles/opencv_perf_core.dir/perf/opencl/perf_dxt.cpp.o
[533/1548] Building CXX object modules/core/CMakeFiles/opencv_perf_core.dir/perf/opencl/perf_channels.cpp.o
[534/1548] Building CXX object modules/core/CMakeFiles/opencv_perf_core.dir/perf/perf_allocation.cpp.o
[535/1548] Building CXX object modules/core/CMakeFiles/opencv_perf_core.dir/perf/perf_addWeighted.cpp.o
[536/1548] Building CXX object modules/core/CMakeFiles/opencv_test_core.dir/test/test_operations.cpp.o
[537/1548] Building CXX object modules/core/CMakeFiles/opencv_perf_core.dir/perf/opencl/perf_matop.cpp.o
[538/1548] Building CXX object modules/core/CMakeFiles/opencv_perf_core.dir/perf/perf_bitwise.cpp.o
[539/1548] Building CXX object modules/core/CMakeFiles/opencv_perf_core.dir/perf/perf_compare.cpp.o
[540/1548] Building CXX object modules/core/CMakeFiles/opencv_test_core.dir/test/test_io.cpp.o
[541/1548] Building CXX object modules/core/CMakeFiles/opencv_perf_core.dir/perf/perf_convertTo.cpp.o
[542/1548] Building CXX object modules/core/CMakeFiles/opencv_perf_core.dir/perf/perf_dot.cpp.o
[543/1548] Building CXX object modules/core/CMakeFiles/opencv_perf_core.dir/perf/perf_flip.cpp.o
[544/1548] Building CXX object modules/core/CMakeFiles/opencv_test_core.dir/test/test_umat.cpp.o
[545/1548] Building CXX object modules/core/CMakeFiles/opencv_perf_core.dir/perf/perf_cvround.cpp.o
[546/1548] Building CXX object modules/core/CMakeFiles/opencv_perf_core.dir/perf/perf_dft.cpp.o
[547/1548] Building CXX object modules/core/CMakeFiles/opencv_perf_core.dir/perf/perf_gemm.cpp.o
[548/1548] Building CXX object modules/core/CMakeFiles/opencv_perf_core.dir/perf/perf_inRange.cpp.o
[549/1548] Building CXX object modules/core/CMakeFiles/opencv_perf_core.dir/perf/perf_main.cpp.o
[550/1548] Building CXX object modules/core/CMakeFiles/opencv_test_core.dir/test/test_mat.cpp.o
[551/1548] Creating library symlink lib/libopencv_flann.so.414 lib/libopencv_flann.so
[552/1548] Building CXX object modules/core/CMakeFiles/opencv_perf_core.dir/perf/perf_io_base64.cpp.o
[553/1548] Building CXX object modules/core/CMakeFiles/opencv_test_core.dir/test/test_math.cpp.o
[554/1548] Building CXX object modules/core/CMakeFiles/opencv_perf_core.dir/perf/perf_lut.cpp.o
[555/1548] Building CXX object modules/core/CMakeFiles/opencv_perf_core.dir/perf/perf_minmaxloc.cpp.o
[556/1548] Building CXX object modules/core/CMakeFiles/opencv_perf_core.dir/perf/perf_merge.cpp.o
[557/1548] Building CXX object modules/core/CMakeFiles/opencv_perf_core.dir/perf/perf_sort.cpp.o
[558/1548] Building CXX object modules/core/CMakeFiles/opencv_perf_core.dir/perf/perf_reduce.cpp.o
[559/1548] Building CXX object modules/core/CMakeFiles/opencv_perf_core.dir/perf/perf_split.cpp.o
[560/1548] Building CXX object modules/core/CMakeFiles/opencv_perf_core.dir/perf/perf_mat.cpp.o
[561/1548] Building CXX object modules/imgproc/CMakeFiles/opencv_imgproc.dir/src/accum.cpp.o
[562/1548] Building CXX object modules/flann/CMakeFiles/opencv_test_flann.dir/test/test_main.cpp.o
[563/1548] Building CXX object modules/core/CMakeFiles/opencv_perf_core.dir/perf/perf_umat.cpp.o
[564/1548] Building CXX object modules/flann/CMakeFiles/opencv_test_flann.dir/test/test_radius_search.cpp.o
[565/1548] Building CXX object modules/core/CMakeFiles/opencv_test_core.dir/test/ocl/test_arithm.cpp.o
[566/1548] Building CXX object modules/flann/CMakeFiles/opencv_test_flann.dir/test/test_heap.cpp.o
[567/1548] Building CXX object modules/imgproc/CMakeFiles/opencv_imgproc.dir/src/approx.cpp.o
[568/1548] Building CXX object modules/core/CMakeFiles/opencv_perf_core.dir/perf/perf_stat.cpp.o
[569/1548] Building CXX object modules/imgproc/CMakeFiles/opencv_imgproc.dir/src/blend.cpp.o
[570/1548] Building CXX object modules/core/CMakeFiles/opencv_perf_core.dir/perf/perf_arithm.cpp.o
[571/1548] Building CXX object modules/imgproc/CMakeFiles/opencv_imgproc.dir/src/color.cpp.o
[572/1548] Building CXX object modules/imgproc/CMakeFiles/opencv_imgproc.dir/src/clahe.cpp.o
[573/1548] Building CXX object modules/imgproc/CMakeFiles/opencv_imgproc.dir/src/bilateral_filter.dispatch.cpp.o
[574/1548] Building CXX object modules/imgproc/CMakeFiles/opencv_imgproc.dir/src/accum.dispatch.cpp.o
[575/1548] Building CXX object modules/imgproc/CMakeFiles/opencv_imgproc.dir/src/canny.cpp.o
[576/1548] Building CXX object modules/imgproc/CMakeFiles/opencv_imgproc.dir/src/color_hsv.dispatch.cpp.o
[577/1548] Building CXX object modules/core/CMakeFiles/opencv_test_core.dir/test/test_intrin_emulator.cpp.o
[578/1548] Building CXX object modules/imgproc/CMakeFiles/opencv_imgproc.dir/src/contours_approx.cpp.o
[579/1548] Building CXX object modules/imgproc/CMakeFiles/opencv_imgproc.dir/src/contours_common.cpp.o
[580/1548] Building CXX object modules/imgproc/CMakeFiles/opencv_imgproc.dir/src/color_rgb.dispatch.cpp.o
[581/1548] Building CXX object modules/core/CMakeFiles/opencv_perf_core.dir/perf/perf_norm.cpp.o
[582/1548] Building CXX object modules/core/CMakeFiles/opencv_perf_core.dir/perf/perf_math.cpp.o
[583/1548] Building CXX object modules/imgproc/CMakeFiles/opencv_imgproc.dir/src/contours.cpp.o
[584/1548] Building CXX object modules/imgproc/CMakeFiles/opencv_imgproc.dir/src/contours_link.cpp.o
[585/1548] Building CXX object modules/imgproc/CMakeFiles/opencv_imgproc.dir/src/colormap.cpp.o
[586/1548] Building CXX object modules/core/CMakeFiles/opencv_test_core.dir/test/test_intrin128.sse2.cpp.o
[587/1548] Building CXX object modules/imgproc/CMakeFiles/opencv_imgproc.dir/src/contours_new.cpp.o
[588/1548] Building CXX object modules/core/CMakeFiles/opencv_test_core.dir/test/test_intrin128.sse4_1.cpp.o
[589/1548] Building CXX object modules/core/CMakeFiles/opencv_test_core.dir/test/test_intrin128.ssse3.cpp.o
[590/1548] Building CXX object modules/flann/CMakeFiles/opencv_test_flann.dir/test/test_lshtable_badarg.cpp.o
[591/1548] Building CXX object modules/imgproc/CMakeFiles/opencv_imgproc.dir/src/contours_truco.cpp.o
[592/1548] Building CXX object modules/core/CMakeFiles/opencv_test_core.dir/test/test_intrin128.sse3.cpp.o
[593/1548] Building CXX object modules/imgproc/CMakeFiles/opencv_imgproc.dir/src/cornersubpix.cpp.o
[594/1548] Building CXX object modules/imgproc/CMakeFiles/opencv_imgproc.dir/src/convhull.cpp.o
[595/1548] Building CXX object modules/core/CMakeFiles/opencv_test_core.dir/test/test_intrin128.sse4_2.cpp.o
[596/1548] Building CXX object modules/imgproc/CMakeFiles/opencv_imgproc.dir/src/corner.cpp.o
[597/1548] Building CXX object modules/imgproc/CMakeFiles/opencv_imgproc.dir/src/color_lab.cpp.o
[598/1548] Building CXX object modules/imgproc/CMakeFiles/opencv_imgproc.dir/src/distransform.cpp.o
[599/1548] Building CXX object modules/imgproc/CMakeFiles/opencv_imgproc.dir/src/deriv.cpp.o
[600/1548] Building CXX object modules/imgproc/CMakeFiles/opencv_imgproc.dir/src/equalize_hist.dispatch.cpp.o
[601/1548] Building CXX object modules/imgproc/CMakeFiles/opencv_imgproc.dir/src/emd.cpp.o
[602/1548] Building CXX object modules/imgproc/CMakeFiles/opencv_imgproc.dir/src/box_filter.dispatch.cpp.o
[603/1548] Building CXX object modules/imgproc/CMakeFiles/opencv_imgproc.dir/src/emd_new.cpp.o
[604/1548] Building CXX object modules/core/CMakeFiles/opencv_test_core.dir/test/test_intrin128.avx.cpp.o
[605/1548] Building CXX object modules/imgproc/CMakeFiles/opencv_imgproc.dir/src/gabor.cpp.o
[606/1548] Building CXX object modules/imgproc/CMakeFiles/opencv_imgproc.dir/src/featureselect.cpp.o
[607/1548] Building CXX object modules/imgproc/CMakeFiles/opencv_imgproc.dir/src/hershey_fonts.cpp.o
[608/1548] Building CXX object modules/core/CMakeFiles/opencv_test_core.dir/test/test_intrin128.avx512_skx.cpp.o
[609/1548] Building CXX object modules/imgproc/CMakeFiles/opencv_imgproc.dir/src/color_yuv.dispatch.cpp.o
[610/1548] Building CXX object modules/core/CMakeFiles/opencv_test_core.dir/test/test_intrin128.avx2.cpp.o
[611/1548] Building CXX object modules/imgproc/CMakeFiles/opencv_imgproc.dir/src/demosaicing.cpp.o
[612/1548] Building CXX object modules/core/CMakeFiles/opencv_test_core.dir/test/test_intrin128.fp16.cpp.o
[613/1548] Building CXX object modules/imgproc/CMakeFiles/opencv_imgproc.dir/src/geometry.cpp.o
[614/1548] Building CXX object modules/imgproc/CMakeFiles/opencv_imgproc.dir/src/drawing.cpp.o
[615/1548] Building CXX object modules/imgproc/CMakeFiles/opencv_imgproc.dir/src/grabcut.cpp.o
[616/1548] Building CXX object modules/imgproc/CMakeFiles/opencv_imgproc.dir/src/intersection.cpp.o
[617/1548] Building CXX object modules/imgproc/CMakeFiles/opencv_imgproc.dir/src/main.cpp.o
[618/1548] Building CXX object modules/imgproc/CMakeFiles/opencv_imgproc.dir/src/linefit.cpp.o
[619/1548] Building CXX object modules/imgproc/CMakeFiles/opencv_imgproc.dir/src/intelligent_scissors.cpp.o
[620/1548] Building CXX object modules/core/CMakeFiles/opencv_test_core.dir/test/test_intrin512.avx512_skx.cpp.o
[621/1548] Building CXX object modules/imgproc/CMakeFiles/opencv_imgproc.dir/src/floodfill.cpp.o
[622/1548] Building CXX object modules/imgproc/CMakeFiles/opencv_imgproc.dir/src/matchcontours.cpp.o
[623/1548] Building CXX object modules/imgproc/CMakeFiles/opencv_imgproc.dir/src/generalized_hough.cpp.o
[624/1548] Building CXX object modules/core/CMakeFiles/opencv_test_core.dir/test/test_arithm.cpp.o
[625/1548] Building CXX object modules/imgproc/CMakeFiles/opencv_imgproc.dir/src/lsd.cpp.o
[626/1548] Building CXX object modules/imgproc/CMakeFiles/opencv_imgproc.dir/src/min_enclosing_triangle.cpp.o
[627/1548] Building CXX object modules/imgproc/CMakeFiles/opencv_imgproc.dir/src/moments.cpp.o
[628/1548] Building CXX object modules/imgproc/CMakeFiles/opencv_imgproc.dir/src/min_enclosing_convex_polygon.cpp.o
[629/1548] Building CXX object modules/imgproc/CMakeFiles/opencv_imgproc.dir/src/pyramids_avx512_vbmi.dispatch.cpp.o
[630/1548] Building CXX object modules/imgproc/CMakeFiles/opencv_imgproc.dir/src/phasecorr_iterative.cpp.o
[631/1548] Building CXX object modules/imgproc/CMakeFiles/opencv_imgproc.dir/src/rotcalipers.cpp.o
[632/1548] Building CXX object modules/imgproc/CMakeFiles/opencv_imgproc.dir/src/phasecorr.cpp.o
[633/1548] Building CXX object modules/core/CMakeFiles/opencv_test_core.dir/test/test_intrin256.avx512_skx.cpp.o
[634/1548] Building CXX object modules/imgproc/CMakeFiles/opencv_imgproc.dir/src/hough.cpp.o
[635/1548] Building CXX object modules/core/CMakeFiles/opencv_test_core.dir/test/test_intrin256.avx2.cpp.o
[636/1548] Building CXX object modules/imgproc/CMakeFiles/opencv_imgproc.dir/src/median_blur.dispatch.cpp.o
[637/1548] Building CXX object modules/imgproc/CMakeFiles/opencv_imgproc.dir/src/segmentation.cpp.o
[638/1548] Building CXX object modules/imgproc/CMakeFiles/opencv_imgproc.dir/src/tables.cpp.o
[639/1548] Building CXX object modules/imgproc/CMakeFiles/opencv_imgproc.dir/src/spatialgradient.cpp.o
[640/1548] Building CXX object modules/imgproc/CMakeFiles/opencv_imgproc.dir/src/samplers.cpp.o
[641/1548] Building CXX object modules/imgproc/CMakeFiles/opencv_imgproc.dir/src/histogram.cpp.o
[642/1548] Building CXX object modules/imgproc/CMakeFiles/opencv_imgproc.dir/src/subdivision2d.cpp.o
[643/1548] Building CXX object modules/imgproc/CMakeFiles/opencv_imgproc.dir/opencl_kernels_imgproc.cpp.o
[644/1548] Building CXX object modules/imgproc/CMakeFiles/opencv_imgproc.dir/src/utils.cpp.o
[645/1548] Building CXX object modules/imgproc/CMakeFiles/opencv_imgproc.dir/src/resize.sse4_1.cpp.o
[646/1548] Building CXX object modules/imgproc/CMakeFiles/opencv_imgproc.dir/src/shapedescr.cpp.o
[647/1548] Building CXX object modules/imgproc/CMakeFiles/opencv_imgproc.dir/src/templmatch.cpp.o
[648/1548] Building CXX object modules/imgproc/CMakeFiles/opencv_imgproc.dir/src/imgwarp.sse4_1.cpp.o
[649/1548] Building CXX object modules/imgproc/CMakeFiles/opencv_imgproc.dir/src/stackblur.cpp.o
[650/1548] Building CXX object modules/core/CMakeFiles/opencv_test_core.dir/test/test_intrin.cpp.o
[651/1548] Building CXX object modules/imgproc/CMakeFiles/opencv_imgproc.dir/src/sumpixels.dispatch.cpp.o
[652/1548] Building CXX object modules/imgproc/CMakeFiles/opencv_imgproc.dir/src/pyramids.cpp.o
[653/1548] Building CXX object modules/imgproc/CMakeFiles/opencv_imgproc.dir/src/thresh.cpp.o
[654/1548] Building CXX object modules/imgproc/CMakeFiles/opencv_imgproc.dir/color_hsv.sse4_1.cpp.o
[655/1548] Building CXX object modules/imgproc/CMakeFiles/opencv_imgproc.dir/src/resize.avx2.cpp.o
[656/1548] Building CXX object modules/imgproc/CMakeFiles/opencv_imgproc.dir/src/corner.avx.cpp.o
[657/1548] Building CXX object modules/imgproc/CMakeFiles/opencv_imgproc.dir/accum.sse4_1.cpp.o
[658/1548] Building CXX object modules/imgproc/CMakeFiles/opencv_imgproc.dir/src/imgwarp.avx2.cpp.o
[659/1548] Building CXX object modules/imgproc/CMakeFiles/opencv_imgproc.dir/color_rgb.sse4_1.cpp.o
[660/1548] Building CXX object modules/imgproc/CMakeFiles/opencv_imgproc.dir/median_blur.sse4_1.cpp.o
[661/1548] Building CXX object modules/imgproc/CMakeFiles/opencv_imgproc.dir/src/morph.dispatch.cpp.o
[662/1548] Building CXX object modules/imgproc/CMakeFiles/opencv_imgproc.dir/bilateral_filter.avx2.cpp.o
[663/1548] Building CXX object modules/imgproc/CMakeFiles/opencv_imgproc.dir/color_hsv.avx2.cpp.o
[664/1548] Building CXX object modules/imgproc/CMakeFiles/opencv_imgproc.dir/sumpixels.avx2.cpp.o
[665/1548] Building CXX object modules/imgproc/CMakeFiles/opencv_imgproc.dir/src/imgwarp.cpp.o
[666/1548] Building CXX object modules/imgproc/CMakeFiles/opencv_imgproc.dir/accum.avx.cpp.o
[667/1548] Building CXX object modules/imgproc/CMakeFiles/opencv_imgproc.dir/color_yuv.sse4_1.cpp.o
[668/1548] Building CXX object modules/imgproc/CMakeFiles/opencv_imgproc.dir/bilateral_filter.avx512_skx.cpp.o
[669/1548] Building CXX object modules/imgproc/CMakeFiles/opencv_imgproc.dir/color_rgb.avx2.cpp.o
[670/1548] Building CXX object modules/imgproc/CMakeFiles/opencv_imgproc.dir/box_filter.sse4_1.cpp.o
[671/1548] Building CXX object modules/imgproc/CMakeFiles/opencv_imgproc.dir/accum.avx2.cpp.o
[672/1548] Building CXX object modules/imgproc/CMakeFiles/opencv_imgproc.dir/median_blur.avx2.cpp.o
[673/1548] Building CXX object modules/imgproc/CMakeFiles/opencv_imgproc.dir/src/smooth.dispatch.cpp.o
[674/1548] Building CXX object modules/imgproc/CMakeFiles/opencv_imgproc.dir/src/connectedcomponents.cpp.o
[675/1548] Building CXX object modules/imgproc/CMakeFiles/opencv_imgproc.dir/color_hsv.avx512_skx.cpp.o
[676/1548] Building CXX object modules/imgproc/CMakeFiles/opencv_imgproc.dir/morph.sse4_1.cpp.o
[677/1548] Building CXX object modules/imgproc/CMakeFiles/opencv_imgproc.dir/imgwarp.avx512_skx.cpp.o
[678/1548] Building CXX object modules/imgproc/CMakeFiles/opencv_imgproc.dir/color_rgb.avx512_skx.cpp.o
[679/1548] Building CXX object modules/imgproc/CMakeFiles/opencv_imgproc.dir/sumpixels.avx512_skx.cpp.o
[680/1548] Building CXX object modules/core/CMakeFiles/opencv_perf_core.dir/perf/opencl/perf_arithm.cpp.o
[681/1548] Building CXX object modules/imgproc/CMakeFiles/opencv_imgproc.dir/src/resize.cpp.o
[682/1548] Building CXX object modules/imgproc/CMakeFiles/opencv_imgproc.dir/smooth.sse4_1.cpp.o
[683/1548] Building CXX object modules/imgproc/CMakeFiles/opencv_imgproc.dir/color_yuv.avx2.cpp.o
[684/1548] Building CXX object modules/imgproc/CMakeFiles/opencv_imgproc.dir/median_blur.avx512_skx.cpp.o
[685/1548] Building CXX object modules/imgproc/CMakeFiles/opencv_imgproc.dir/src/filter.dispatch.cpp.o
[686/1548] Building CXX object modules/imgproc/CMakeFiles/opencv_imgproc.dir/morph.avx2.cpp.o
[687/1548] Building CXX object modules/imgproc/CMakeFiles/opencv_test_imgproc.dir/test/ocl/test_blend.cpp.o
[688/1548] Building CXX object modules/imgproc/CMakeFiles/opencv_imgproc.dir/box_filter.avx2.cpp.o
[689/1548] Building CXX object modules/imgproc/CMakeFiles/opencv_imgproc.dir/color_yuv.avx512_skx.cpp.o
[690/1548] Building CXX object modules/imgproc/CMakeFiles/opencv_test_imgproc.dir/test/ocl/test_boxfilter.cpp.o
[691/1548] Building CXX object modules/imgproc/CMakeFiles/opencv_test_imgproc.dir/test/ocl/test_accumulate.cpp.o
[692/1548] Building CXX object modules/imgproc/CMakeFiles/opencv_test_imgproc.dir/test/ocl/test_canny.cpp.o
[693/1548] Building CXX object modules/imgproc/CMakeFiles/opencv_test_imgproc.dir/test/test_bilateral_filter.cpp.o
[694/1548] Building CXX object modules/imgproc/CMakeFiles/opencv_test_imgproc.dir/test/ocl/test_gftt.cpp.o
[695/1548] Building CXX object modules/imgproc/CMakeFiles/opencv_test_imgproc.dir/test/ocl/test_filter2d.cpp.o
[696/1548] Building CXX object modules/imgproc/CMakeFiles/opencv_test_imgproc.dir/test/ocl/test_histogram.cpp.o
[697/1548] Building CXX object modules/imgproc/CMakeFiles/opencv_imgproc.dir/box_filter.avx512_skx.cpp.o
[698/1548] Building CXX object modules/imgproc/CMakeFiles/opencv_test_imgproc.dir/test/test_boundingrect.cpp.o
[699/1548] Building CXX object modules/imgproc/CMakeFiles/opencv_test_imgproc.dir/test/test_approxpoly.cpp.o
[700/1548] Building CXX object modules/imgproc/CMakeFiles/opencv_test_imgproc.dir/test/ocl/test_houghlines.cpp.o
[701/1548] Building CXX object modules/imgproc/CMakeFiles/opencv_test_imgproc.dir/test/ocl/test_medianfilter.cpp.o
[702/1548] Building CXX object modules/imgproc/CMakeFiles/opencv_test_imgproc.dir/test/ocl/test_sepfilter2d.cpp.o
[703/1548] Building CXX object modules/imgproc/CMakeFiles/opencv_test_imgproc.dir/test/ocl/test_match_template.cpp.o
[704/1548] Building CXX object modules/imgproc/CMakeFiles/opencv_test_imgproc.dir/test/test_contours.cpp.o
[705/1548] Building CXX object modules/imgproc/CMakeFiles/opencv_test_imgproc.dir/test/test_cornersubpix.cpp.o
[706/1548] Building CXX object modules/imgproc/CMakeFiles/opencv_test_imgproc.dir/test/ocl/test_pyramids.cpp.o
[707/1548] Building CXX object modules/imgproc/CMakeFiles/opencv_imgproc.dir/filter.sse4_1.cpp.o
[708/1548] Building CXX object modules/imgproc/CMakeFiles/opencv_imgproc.dir/smooth.avx2.cpp.o
[709/1548] Building CXX object modules/imgproc/CMakeFiles/opencv_test_imgproc.dir/test/test_contours_truco.cpp.o
[710/1548] Building CXX object modules/imgproc/CMakeFiles/opencv_test_imgproc.dir/test/test_canny.cpp.o
[711/1548] Building CXX object modules/imgproc/CMakeFiles/opencv_test_imgproc.dir/test/test_connectedcomponents.cpp.o
[712/1548] Building CXX object modules/imgproc/CMakeFiles/opencv_test_imgproc.dir/test/test_cvtyuv.cpp.o
[713/1548] Building CXX object modules/imgproc/CMakeFiles/opencv_test_imgproc.dir/test/test_distancetransform.cpp.o
[714/1548] Building CXX object modules/imgproc/CMakeFiles/opencv_test_imgproc.dir/test/test_fitellipse_ams.cpp.o
[715/1548] Building CXX object modules/imgproc/CMakeFiles/opencv_test_imgproc.dir/test/test_fitellipse_direct.cpp.o
[716/1548] Building CXX object modules/imgproc/CMakeFiles/opencv_test_imgproc.dir/test/test_fitellipse.cpp.o
[717/1548] Building CXX object modules/imgproc/CMakeFiles/opencv_test_imgproc.dir/test/test_floodfill.cpp.o
[718/1548] Building CXX object modules/imgproc/CMakeFiles/opencv_test_imgproc.dir/test/test_emd.cpp.o
[719/1548] Building CXX object modules/imgproc/CMakeFiles/opencv_test_imgproc.dir/test/ocl/test_filters.cpp.o
[720/1548] Building CXX object modules/imgproc/CMakeFiles/opencv_test_imgproc.dir/test/test_goodfeaturetotrack.cpp.o
[721/1548] Building CXX object modules/imgproc/CMakeFiles/opencv_test_imgproc.dir/test/test_contours_new.cpp.o
[722/1548] Building CXX object modules/imgproc/CMakeFiles/opencv_imgproc.dir/filter.avx2.cpp.o
[723/1548] Building CXX object modules/imgproc/CMakeFiles/opencv_test_imgproc.dir/test/test_grabcut.cpp.o
[724/1548] Building CXX object modules/imgproc/CMakeFiles/opencv_test_imgproc.dir/test/test_imgproc_umat.cpp.o
[725/1548] Building CXX object modules/imgproc/CMakeFiles/opencv_test_imgproc.dir/test/test_main.cpp.o
[726/1548] Building CXX object modules/imgproc/CMakeFiles/opencv_test_imgproc.dir/test/test_ipc.cpp.o
[727/1548] Building CXX object modules/imgproc/CMakeFiles/opencv_test_imgproc.dir/test/test_intersectconvexconvex.cpp.o
[728/1548] Building CXX object modules/imgproc/CMakeFiles/opencv_test_imgproc.dir/test/test_imgwarp_strict.cpp.o
[729/1548] Building CXX object modules/imgproc/CMakeFiles/opencv_test_imgproc.dir/test/test_moments.cpp.o
[730/1548] Building CXX object modules/imgproc/CMakeFiles/opencv_test_imgproc.dir/test/ocl/test_warp.cpp.o
[731/1548] Building CXX object modules/imgproc/CMakeFiles/opencv_test_imgproc.dir/test/test_intelligent_scissors.cpp.o
[732/1548] Building CXX object modules/imgproc/CMakeFiles/opencv_test_imgproc.dir/test/test_pyramid.cpp.o
[733/1548] Building CXX object modules/imgproc/CMakeFiles/opencv_test_imgproc.dir/test/ocl/test_imgproc.cpp.o
[734/1548] Building CXX object modules/imgproc/CMakeFiles/opencv_test_imgproc.dir/test/test_structuring_element.cpp.o
[735/1548] Building CXX object modules/imgproc/CMakeFiles/opencv_test_imgproc.dir/test/test_intersection.cpp.o
[736/1548] Building CXX object modules/imgproc/CMakeFiles/opencv_test_imgproc.dir/test/test_drawing.cpp.o
[737/1548] Building CXX object modules/imgproc/CMakeFiles/opencv_test_imgproc.dir/test/test_pc.cpp.o
[738/1548] Building CXX object modules/imgproc/CMakeFiles/opencv_test_imgproc.dir/test/test_watershed.cpp.o
[739/1548] Building CXX object modules/imgproc/CMakeFiles/opencv_test_imgproc.dir/test/test_subdivision2d.cpp.o
[740/1548] Building CXX object modules/imgproc/CMakeFiles/opencv_test_imgproc.dir/test/test_lsd.cpp.o
[741/1548] Building CXX object modules/imgproc/CMakeFiles/opencv_test_imgproc.dir/test/test_histograms.cpp.o
[742/1548] Building CXX object modules/imgproc/CMakeFiles/opencv_test_imgproc.dir/test/test_houghcircles.cpp.o
[743/1548] Building CXX object modules/imgproc/CMakeFiles/opencv_test_imgproc.dir/test/test_resize_bitexact.cpp.o
[744/1548] Building CXX object modules/imgproc/CMakeFiles/opencv_test_imgproc.dir/test/test_smooth_bitexact.cpp.o
[745/1548] Building CXX object modules/imgproc/CMakeFiles/opencv_test_imgproc.dir/test/test_templmatch.cpp.o
[746/1548] Building CXX object modules/imgproc/CMakeFiles/opencv_test_imgproc.dir/test/test_houghlines.cpp.o
[747/1548] Building CXX object modules/imgproc/CMakeFiles/opencv_perf_imgproc.dir/perf/opencl/perf_3vs4.cpp.o
[748/1548] Building CXX object modules/imgproc/CMakeFiles/opencv_perf_imgproc.dir/perf/opencl/perf_blend.cpp.o
[749/1548] Building CXX object modules/imgproc/CMakeFiles/opencv_test_imgproc.dir/test/test_stackblur.cpp.o
[750/1548] Building CXX object modules/imgproc/CMakeFiles/opencv_test_imgproc.dir/test/test_color.cpp.o
[751/1548] Building CXX object modules/imgproc/CMakeFiles/opencv_perf_imgproc.dir/perf/opencl/perf_color.cpp.o
[752/1548] Building CXX object modules/imgproc/CMakeFiles/opencv_test_imgproc.dir/test/test_templmatchmask.cpp.o
[753/1548] Building CXX object modules/imgproc/CMakeFiles/opencv_test_imgproc.dir/test/test_imgwarp.cpp.o
[754/1548] Building CXX object modules/imgproc/CMakeFiles/opencv_test_imgproc.dir/test/test_thresh.cpp.o
[755/1548] Building CXX object modules/imgproc/CMakeFiles/opencv_perf_imgproc.dir/perf/opencl/perf_accumulate.cpp.o
[756/1548] Building CXX object modules/imgproc/CMakeFiles/opencv_test_imgproc.dir/test/test_convhull.cpp.o
[757/1548] Building CXX object modules/imgproc/CMakeFiles/opencv_perf_imgproc.dir/perf/opencl/perf_moments.cpp.o
[758/1548] Building CXX object modules/imgproc/CMakeFiles/opencv_test_imgproc.dir/test/test_filter.cpp.o
[759/1548] Building CXX object modules/imgproc/CMakeFiles/opencv_perf_imgproc.dir/perf/opencl/perf_gftt.cpp.o
[760/1548] Building CXX object modules/imgproc/CMakeFiles/opencv_perf_imgproc.dir/perf/opencl/perf_houghlines.cpp.o
[761/1548] Building CXX object modules/imgproc/CMakeFiles/opencv_perf_imgproc.dir/perf/perf_bilateral.cpp.o
[762/1548] Building CXX object modules/imgproc/CMakeFiles/opencv_perf_imgproc.dir/perf/perf_canny.cpp.o
[763/1548] Building CXX object modules/imgproc/CMakeFiles/opencv_perf_imgproc.dir/perf/opencl/perf_matchTemplate.cpp.o
[764/1548] Building CXX object modules/imgproc/CMakeFiles/opencv_perf_imgproc.dir/perf/opencl/perf_pyramid.cpp.o
[765/1548] Building CXX object modules/imgproc/CMakeFiles/opencv_perf_imgproc.dir/perf/perf_houghcircles.cpp.o
[766/1548] Building CXX object modules/imgproc/CMakeFiles/opencv_perf_imgproc.dir/perf/perf_main.cpp.o
[767/1548] Creating library symlink lib/libopencv_ml.so.414 lib/libopencv_ml.so
[768/1548] Building CXX object modules/imgproc/CMakeFiles/opencv_perf_imgproc.dir/perf/perf_corners.cpp.o
[769/1548] Building CXX object modules/imgproc/CMakeFiles/opencv_perf_imgproc.dir/perf/perf_distanceTransform.cpp.o
[770/1548] Building CXX object modules/imgproc/CMakeFiles/opencv_perf_imgproc.dir/perf/perf_emd.cpp.o
[771/1548] Building CXX object modules/imgproc/CMakeFiles/opencv_perf_imgproc.dir/perf/perf_intelligent_scissors.cpp.o
[772/1548] Building CXX object modules/imgproc/CMakeFiles/opencv_perf_imgproc.dir/perf/opencl/perf_imgwarp.cpp.o
[773/1548] Building CXX object modules/imgproc/CMakeFiles/opencv_perf_imgproc.dir/perf/perf_floodfill.cpp.o
[774/1548] Building CXX object modules/imgproc/CMakeFiles/opencv_perf_imgproc.dir/perf/perf_goodFeaturesToTrack.cpp.o
[775/1548] Building CXX object modules/imgproc/CMakeFiles/opencv_perf_imgproc.dir/perf/perf_houghlines.cpp.o
[776/1548] Building CXX object modules/imgproc/CMakeFiles/opencv_perf_imgproc.dir/perf/perf_laplacian.cpp.o
[777/1548] Building CXX object modules/imgproc/CMakeFiles/opencv_perf_imgproc.dir/perf/perf_phasecorr.cpp.o
[778/1548] Building CXX object modules/imgproc/CMakeFiles/opencv_perf_imgproc.dir/perf/perf_filter2d.cpp.o
[779/1548] Building CXX object modules/imgproc/CMakeFiles/opencv_perf_imgproc.dir/perf/perf_matchTemplate.cpp.o
[780/1548] Building CXX object modules/imgproc/CMakeFiles/opencv_perf_imgproc.dir/perf/perf_moments.cpp.o
[781/1548] Building CXX object modules/imgproc/CMakeFiles/opencv_perf_imgproc.dir/perf/perf_integral.cpp.o
[782/1548] Building CXX object modules/imgproc/CMakeFiles/opencv_perf_imgproc.dir/perf/perf_contours.cpp.o
[783/1548] Building CXX object modules/ml/CMakeFiles/opencv_test_ml.dir/test/test_bayes.cpp.o
[784/1548] Building CXX object modules/ml/CMakeFiles/opencv_test_ml.dir/test/test_kmeans.cpp.o
[785/1548] Building CXX object modules/imgproc/CMakeFiles/opencv_perf_imgproc.dir/perf/opencl/perf_filters.cpp.o
[786/1548] Building CXX object modules/imgproc/CMakeFiles/opencv_perf_imgproc.dir/perf/perf_cvt_color.cpp.o
[787/1548] Building CXX object modules/imgproc/CMakeFiles/opencv_perf_imgproc.dir/perf/perf_remap.cpp.o
[788/1548] Building CXX object modules/imgproc/CMakeFiles/opencv_perf_imgproc.dir/perf/perf_morph.cpp.o
[789/1548] Building CXX object modules/imgproc/CMakeFiles/opencv_perf_imgproc.dir/perf/perf_histogram.cpp.o
[790/1548] Building CXX object modules/imgproc/CMakeFiles/opencv_perf_imgproc.dir/perf/perf_pyramids.cpp.o
[791/1548] Building CXX object modules/ml/CMakeFiles/opencv_test_ml.dir/test/test_main.cpp.o
[792/1548] Building CXX object modules/imgproc/CMakeFiles/opencv_perf_imgproc.dir/perf/perf_spatialgradient.cpp.o
[793/1548] Building CXX object modules/ml/CMakeFiles/opencv_test_ml.dir/test/test_lr.cpp.o
[794/1548] Building CXX object modules/ml/CMakeFiles/opencv_test_ml.dir/test/test_knearest.cpp.o
[795/1548] Building CXX object modules/imgproc/CMakeFiles/opencv_perf_imgproc.dir/perf/opencl/perf_imgproc.cpp.o
[796/1548] Building CXX object modules/ml/CMakeFiles/opencv_test_ml.dir/test/test_ann.cpp.o
[797/1548] Building CXX object modules/imgproc/CMakeFiles/opencv_perf_imgproc.dir/perf/perf_accumulate.cpp.o
[798/1548] Building CXX object modules/imgproc/CMakeFiles/opencv_perf_imgproc.dir/perf/perf_threshold.cpp.o
[799/1548] Building CXX object modules/ml/CMakeFiles/opencv_test_ml.dir/test/test_rtrees.cpp.o
[800/1548] Building CXX object modules/imgproc/CMakeFiles/opencv_perf_imgproc.dir/perf/perf_blur.cpp.o
[801/1548] Building CXX object modules/ml/CMakeFiles/opencv_test_ml.dir/test/test_em.cpp.o
[802/1548] Building CXX object modules/ml/CMakeFiles/opencv_perf_ml.dir/perf/perf_main.cpp.o
[803/1548] Building CXX object modules/ml/CMakeFiles/opencv_test_ml.dir/test/test_utils.cpp.o
[804/1548] Building CXX object modules/ml/CMakeFiles/opencv_test_ml.dir/test/test_svmtrainauto.cpp.o
[805/1548] Building CXX object modules/ml/CMakeFiles/opencv_test_ml.dir/test/test_save_load.cpp.o
[806/1548] Building CXX object modules/ml/CMakeFiles/opencv_perf_ml.dir/perf/perf_knn.cpp.o
[807/1548] Building CXX object modules/ml/CMakeFiles/opencv_test_ml.dir/test/test_svmsgd.cpp.o
[808/1548] Building CXX object modules/ml/CMakeFiles/opencv_test_ml.dir/test/test_mltests.cpp.o
[809/1548] Building CXX object modules/ml/CMakeFiles/opencv_perf_ml.dir/perf/perf_svm.cpp.o
[810/1548] Building CXX object modules/imgcodecs/CMakeFiles/opencv_imgcodecs.dir/src/grfmt_avif.cpp.o
[811/1548] Building CXX object modules/imgcodecs/CMakeFiles/opencv_imgcodecs.dir/src/grfmt_gdal.cpp.o
[812/1548] Building CXX object modules/imgproc/CMakeFiles/opencv_perf_imgproc.dir/perf/perf_resize.cpp.o
[813/1548] Building CXX object modules/imgcodecs/CMakeFiles/opencv_imgcodecs.dir/src/grfmt_gdcm.cpp.o
[814/1548] Building CXX object modules/imgproc/CMakeFiles/opencv_perf_imgproc.dir/perf/perf_sepfilters.cpp.o
[815/1548] Building CXX object modules/imgcodecs/CMakeFiles/opencv_imgcodecs.dir/src/grfmt_base.cpp.o
[816/1548] Building CXX object modules/imgcodecs/CMakeFiles/opencv_imgcodecs.dir/src/grfmt_jpeg2000.cpp.o
[817/1548] Building CXX object modules/imgcodecs/CMakeFiles/opencv_imgcodecs.dir/src/utils.cpp.o
[818/1548] Building CXX object modules/imgcodecs/CMakeFiles/opencv_imgcodecs.dir/src/grfmt_bmp.cpp.o
[819/1548] Building CXX object modules/imgcodecs/CMakeFiles/opencv_imgcodecs.dir/src/grfmt_hdr.cpp.o
[820/1548] Building CXX object modules/imgproc/CMakeFiles/opencv_perf_imgproc.dir/perf/perf_warp.cpp.o
[821/1548] Building CXX object modules/imgcodecs/CMakeFiles/opencv_imgcodecs.dir/src/grfmt_jpeg.cpp.o
[822/1548] Building CXX object modules/imgcodecs/CMakeFiles/opencv_imgcodecs.dir/src/grfmt_exr.cpp.o
[823/1548] Building CXX object modules/imgcodecs/CMakeFiles/opencv_imgcodecs.dir/src/grfmt_jpegxl.cpp.o
[824/1548] Building CXX object modules/imgcodecs/CMakeFiles/opencv_imgcodecs.dir/src/grfmt_spng.cpp.o
[825/1548] Building CXX object modules/imgcodecs/CMakeFiles/opencv_imgcodecs.dir/src/grfmt_gif.cpp.o
[826/1548] Building CXX object modules/imgcodecs/CMakeFiles/opencv_imgcodecs.dir/src/grfmt_pfm.cpp.o
[827/1548] Building CXX object modules/imgcodecs/CMakeFiles/opencv_imgcodecs.dir/src/grfmt_jpeg2000_openjpeg.cpp.o
[828/1548] Building CXX object modules/imgcodecs/CMakeFiles/opencv_imgcodecs.dir/src/grfmt_pam.cpp.o
[829/1548] Building CXX object modules/imgcodecs/CMakeFiles/opencv_imgcodecs.dir/src/grfmt_sunras.cpp.o
[830/1548] Building CXX object modules/imgcodecs/CMakeFiles/opencv_imgcodecs.dir/src/grfmt_pxm.cpp.o
[831/1548] Building CXX object modules/imgcodecs/CMakeFiles/opencv_imgcodecs.dir/src/rgbe.cpp.o
[832/1548] Building CXX object modules/imgcodecs/CMakeFiles/opencv_imgcodecs.dir/src/bitstrm.cpp.o
[833/1548] Building CXX object modules/imgcodecs/CMakeFiles/opencv_imgcodecs.dir/src/grfmt_webp.cpp.o
[834/1548] Building CXX object modules/imgcodecs/CMakeFiles/opencv_imgcodecs.dir/src/exif.cpp.o
[835/1548] Building CXX object modules/imgcodecs/CMakeFiles/opencv_imgcodecs.dir/src/grfmt_png.cpp.o
[836/1548] Building CXX object modules/imgcodecs/CMakeFiles/opencv_imgcodecs.dir/src/grfmt_tiff.cpp.o
[837/1548] Building CXX object modules/imgcodecs/CMakeFiles/opencv_imgcodecs.dir/src/loadsave.cpp.o
[838/1548] Building CXX object modules/videoio/CMakeFiles/opencv_videoio.dir/src/videoio_c.cpp.o
[839/1548] Building CXX object modules/imgcodecs/CMakeFiles/opencv_test_imgcodecs.dir/test/test_bmp.cpp.o
[840/1548] Building CXX object modules/imgcodecs/CMakeFiles/opencv_test_imgcodecs.dir/test/test_avif.cpp.o
[841/1548] Building CXX object modules/imgcodecs/CMakeFiles/opencv_test_imgcodecs.dir/test/test_common.cpp.o
[842/1548] Building CXX object modules/imgcodecs/CMakeFiles/opencv_test_imgcodecs.dir/test/test_gdal.cpp.o
[843/1548] Building CXX object modules/videoio/CMakeFiles/opencv_videoio.dir/src/videoio_registry.cpp.o
[844/1548] Building CXX object modules/videoio/CMakeFiles/opencv_videoio.dir/src/cap_images.cpp.o
[845/1548] Building CXX object modules/videoio/CMakeFiles/opencv_videoio.dir/src/cap_mjpeg_decoder.cpp.o
[846/1548] Building CXX object modules/imgcodecs/CMakeFiles/opencv_test_imgcodecs.dir/test/test_main.cpp.o
[847/1548] Building CXX object modules/imgcodecs/CMakeFiles/opencv_test_imgcodecs.dir/test/test_jpegxl.cpp.o
[848/1548] Building CXX object modules/videoio/CMakeFiles/opencv_videoio.dir/src/cap_mjpeg_encoder.cpp.o
[849/1548] Building CXX object modules/videoio/CMakeFiles/opencv_videoio.dir/src/backend_static.cpp.o
[850/1548] Building CXX object modules/videoio/CMakeFiles/opencv_videoio.dir/src/cap.cpp.o
[851/1548] Building CXX object modules/videoio/CMakeFiles/opencv_videoio.dir/src/container_avi.cpp.o
[852/1548] Building CXX object modules/imgcodecs/CMakeFiles/opencv_test_imgcodecs.dir/test/test_sunraster.cpp.o
[853/1548] Building CXX object modules/imgcodecs/CMakeFiles/opencv_perf_imgcodecs.dir/perf/perf_main.cpp.o
[854/1548] Building CXX object modules/videoio/CMakeFiles/opencv_videoio.dir/src/cap_obsensor_capture.cpp.o
[855/1548] Building CXX object modules/imgcodecs/CMakeFiles/opencv_perf_imgcodecs.dir/perf/perf_jpeg.cpp.o
[856/1548] Building CXX object modules/videoio/CMakeFiles/opencv_videoio.dir/src/cap_obsensor/obsensor_uvc_stream_channel.cpp.o
[857/1548] Building CXX object modules/videoio/CMakeFiles/opencv_videoio.dir/src/backend_plugin.cpp.o
[858/1548] Building CXX object modules/videoio/CMakeFiles/opencv_videoio.dir/src/cap_v4l.cpp.o
[859/1548] Building CXX object modules/imgcodecs/CMakeFiles/opencv_test_imgcodecs.dir/test/test_jpeg.cpp.o
[860/1548] Building CXX object modules/videoio/CMakeFiles/opencv_videoio.dir/src/cap_obsensor/obsensor_stream_channel_v4l2.cpp.o
[861/1548] Building CXX object modules/imgcodecs/CMakeFiles/opencv_test_imgcodecs.dir/test/test_webp.cpp.o
[862/1548] Building CXX object modules/videoio/CMakeFiles/opencv_test_videoio.dir/test/test_main.cpp.o
[863/1548] Building CXX object modules/videoio/CMakeFiles/opencv_test_videoio.dir/test/test_dynamic.cpp.o
[864/1548] Building CXX object modules/videoio/CMakeFiles/opencv_test_videoio.dir/test/test_container_avi.cpp.o
[865/1548] Building CXX object modules/imgcodecs/CMakeFiles/opencv_test_imgcodecs.dir/test/test_exif.cpp.o
[866/1548] Building CXX object modules/imgcodecs/CMakeFiles/opencv_perf_imgcodecs.dir/perf/perf_png.cpp.o
[867/1548] Building CXX object modules/videoio/CMakeFiles/opencv_test_videoio.dir/test/test_microphone.cpp.o
[868/1548] Building CXX object modules/imgcodecs/CMakeFiles/opencv_test_imgcodecs.dir/test/test_animation.cpp.o
[869/1548] Building CXX object modules/videoio/CMakeFiles/opencv_test_videoio.dir/test/test_plugins.cpp.o
[870/1548] Building CXX object modules/imgcodecs/CMakeFiles/opencv_test_imgcodecs.dir/test/test_gif.cpp.o
[871/1548] Building CXX object modules/videoio/CMakeFiles/opencv_test_videoio.dir/test/test_camera.cpp.o
[872/1548] Building CXX object modules/videoio/CMakeFiles/opencv_perf_videoio.dir/perf/perf_main.cpp.o
[873/1548] Building CXX object modules/highgui/CMakeFiles/opencv_highgui.dir/src/roiSelector.cpp.o
[874/1548] Building CXX object modules/imgcodecs/CMakeFiles/opencv_test_imgcodecs.dir/test/test_read_write.cpp.o
[875/1548] Building CXX object modules/imgcodecs/CMakeFiles/opencv_test_imgcodecs.dir/test/test_png.cpp.o
[876/1548] Building CXX object modules/videoio/CMakeFiles/opencv_test_videoio.dir/test/test_orientation.cpp.o
[877/1548] Building CXX object modules/videoio/CMakeFiles/opencv_test_videoio.dir/test/test_audio.cpp.o
[878/1548] Building CXX object modules/videoio/CMakeFiles/opencv_test_videoio.dir/test/test_v4l2.cpp.o
[879/1548] Building CXX object modules/videoio/CMakeFiles/opencv_test_videoio.dir/test/test_mfx.cpp.o
[880/1548] Building CXX object modules/highgui/CMakeFiles/opencv_test_highgui.dir/test/test_main.cpp.o
[881/1548] Building CXX object modules/videoio/CMakeFiles/opencv_test_videoio.dir/test/test_gstreamer.cpp.o
[882/1548] Building CXX object modules/imgcodecs/CMakeFiles/opencv_perf_imgcodecs.dir/perf/perf_decode_encode.cpp.o
[883/1548] Building CXX object modules/videoio/CMakeFiles/opencv_perf_videoio.dir/perf/perf_input.cpp.o
[884/1548] Building CXX object modules/videoio/CMakeFiles/opencv_test_videoio.dir/test/test_images.cpp.o
[885/1548] Building CXX object modules/highgui/CMakeFiles/opencv_highgui.dir/src/window.cpp.o
[886/1548] Building CXX object modules/ts/CMakeFiles/opencv_ts.dir/src/ocl_perf.cpp.o
[887/1548] Building CXX object modules/highgui/CMakeFiles/opencv_test_highgui.dir/test/test_gui.cpp.o
[888/1548] Building CXX object modules/videoio/CMakeFiles/opencv_perf_videoio.dir/perf/perf_output.cpp.o
[889/1548] Building CXX object modules/ts/CMakeFiles/opencv_ts.dir/src/cuda_perf.cpp.o
[890/1548] Building CXX object modules/highgui/CMakeFiles/opencv_highgui.dir/src/backend.cpp.o
[891/1548] Building CXX object modules/imgcodecs/CMakeFiles/opencv_test_imgcodecs.dir/test/test_grfmt.cpp.o
[892/1548] Building CXX object modules/ts/CMakeFiles/opencv_ts.dir/src/ocl_test.cpp.o
[893/1548] Building CXX object apps/annotation/CMakeFiles/opencv_annotation.dir/opencv_annotation.cpp.o
[894/1548] Building CXX object modules/ts/CMakeFiles/opencv_ts.dir/src/cuda_test.cpp.o
[895/1548] Building CXX object modules/ts/CMakeFiles/opencv_ts.dir/src/ts_arrtest.cpp.o
[896/1548] Building CXX object apps/visualisation/CMakeFiles/opencv_visualisation.dir/opencv_visualisation.cpp.o
[897/1548] Building CXX object modules/ts/CMakeFiles/opencv_ts.dir/src/ts_tags.cpp.o
[898/1548] Building CXX object modules/ts/CMakeFiles/opencv_ts.dir/src/ts.cpp.o
[899/1548] Building CXX object modules/ts/CMakeFiles/opencv_ts.dir/src/ts_perf.cpp.o
[900/1548] Building CXX object modules/imgcodecs/CMakeFiles/opencv_test_imgcodecs.dir/test/test_tiff.cpp.o
[901/1548] Building CXX object modules/imgproc/CMakeFiles/opencv_test_imgproc.dir/test/ocl/test_color.cpp.o
[902/1548] Building CXX object modules/ts/CMakeFiles/opencv_ts.dir/src/ts_func.cpp.o
[903/1548] Building CXX object modules/videoio/CMakeFiles/opencv_test_videoio.dir/test/test_video_io.cpp.o
[904/1548] Building CXX object modules/ts/CMakeFiles/opencv_ts.dir/src/ts_gtest.cpp.o
[905/1548] Building CXX object modules/videoio/CMakeFiles/opencv_test_videoio.dir/test/test_ffmpeg.cpp.o
[906/1548] Linking CXX shared library lib/libopencv_imgproc.so.4.14.0
[907/1548] Creating library symlink lib/libopencv_imgproc.so.414 lib/libopencv_imgproc.so
[908/1548] Processing OpenCL kernels (features2d)
[909/1548] Processing OpenCL kernels (photo)
[910/1548] Processing OpenCL kernels (dnn)
[911/1548] Building CXX object modules/features2d/CMakeFiles/opencv_features2d.dir/src/fast.avx2.cpp.o
[912/1548] Building CXX object modules/features2d/CMakeFiles/opencv_features2d.dir/src/akaze.cpp.o
[913/1548] Building CXX object modules/features2d/CMakeFiles/opencv_features2d.dir/src/dynamic.cpp.o
[914/1548] Building CXX object modules/features2d/CMakeFiles/opencv_features2d.dir/src/kaze/fed.cpp.o
[915/1548] Building CXX object modules/features2d/CMakeFiles/opencv_features2d.dir/opencl_kernels_features2d.cpp.o
[916/1548] Building CXX object modules/features2d/CMakeFiles/opencv_features2d.dir/src/main.cpp.o
[917/1548] Building CXX object modules/features2d/CMakeFiles/opencv_features2d.dir/src/affine_feature.cpp.o
[918/1548] Building CXX object modules/features2d/CMakeFiles/opencv_features2d.dir/src/bagofwords.cpp.o
[919/1548] Building CXX object modules/features2d/CMakeFiles/opencv_features2d.dir/src/kaze/nldiffusion_functions.cpp.o
[920/1548] Building CXX object modules/features2d/CMakeFiles/opencv_features2d.dir/src/fast_score.cpp.o
[921/1548] Building CXX object modules/photo/CMakeFiles/opencv_photo.dir/src/align.cpp.o
[922/1548] Building CXX object modules/features2d/CMakeFiles/opencv_features2d.dir/src/draw.cpp.o
[923/1548] Building CXX object modules/features2d/CMakeFiles/opencv_features2d.dir/sift.sse4_1.cpp.o
[924/1548] Building CXX object modules/features2d/CMakeFiles/opencv_features2d.dir/src/feature2d.cpp.o
[925/1548] Building CXX object modules/features2d/CMakeFiles/opencv_features2d.dir/src/gftt.cpp.o
[926/1548] Building CXX object modules/features2d/CMakeFiles/opencv_features2d.dir/src/kaze.cpp.o
[927/1548] Building CXX object modules/photo/CMakeFiles/opencv_photo.dir/src/calibrate.cpp.o
[928/1548] Building CXX object modules/features2d/CMakeFiles/opencv_features2d.dir/src/mser.cpp.o
[929/1548] Building CXX object modules/features2d/CMakeFiles/opencv_features2d.dir/src/keypoint.cpp.o
[930/1548] Building CXX object modules/features2d/CMakeFiles/opencv_features2d.dir/src/evaluation.cpp.o
[931/1548] Building CXX object modules/features2d/CMakeFiles/opencv_features2d.dir/src/blobdetector.cpp.o
[932/1548] Building CXX object modules/features2d/CMakeFiles/opencv_features2d.dir/src/fast.cpp.o
[933/1548] Building CXX object modules/features2d/CMakeFiles/opencv_features2d.dir/sift.avx2.cpp.o
[934/1548] Building CXX object modules/features2d/CMakeFiles/opencv_features2d.dir/src/agast_score.cpp.o
[935/1548] Building CXX object modules/features2d/CMakeFiles/opencv_features2d.dir/src/orb.cpp.o
[936/1548] Building CXX object modules/features2d/CMakeFiles/opencv_features2d.dir/src/kaze/KAZEFeatures.cpp.o
[937/1548] Building CXX object modules/features2d/CMakeFiles/opencv_features2d.dir/src/sift.dispatch.cpp.o
[938/1548] Building CXX object modules/features2d/CMakeFiles/opencv_features2d.dir/src/brisk.cpp.o
[939/1548] Building CXX object modules/photo/CMakeFiles/opencv_photo.dir/src/contrast_preserve.cpp.o
[940/1548] Building CXX object modules/photo/CMakeFiles/opencv_photo.dir/src/denoising.cuda.cpp.o
[941/1548] Building CXX object modules/photo/CMakeFiles/opencv_photo.dir/src/denoise_tvl1.cpp.o
[942/1548] Building CXX object modules/features2d/CMakeFiles/opencv_features2d.dir/src/agast.cpp.o
[943/1548] Building CXX object modules/features2d/CMakeFiles/opencv_features2d.dir/src/kaze/AKAZEFeatures.cpp.o
[944/1548] Building CXX object modules/features2d/CMakeFiles/opencv_features2d.dir/src/matchers.cpp.o
[945/1548] Building CXX object modules/photo/CMakeFiles/opencv_photo.dir/src/hdr_common.cpp.o
[946/1548] Building CXX object modules/photo/CMakeFiles/opencv_photo.dir/src/seamless_cloning.cpp.o
[947/1548] Building CXX object modules/photo/CMakeFiles/opencv_photo.dir/src/merge.cpp.o
[948/1548] Building CXX object modules/photo/CMakeFiles/opencv_photo.dir/opencl_kernels_photo.cpp.o
[949/1548] Building CXX object modules/photo/CMakeFiles/opencv_photo.dir/src/npr.cpp.o
[950/1548] Building CXX object modules/photo/CMakeFiles/opencv_photo.dir/src/seamless_cloning_impl.cpp.o
[951/1548] Building CXX object modules/photo/CMakeFiles/opencv_photo.dir/src/inpaint.cpp.o
[952/1548] Building CXX object modules/photo/CMakeFiles/opencv_photo.dir/src/tonemap.cpp.o
[953/1548] Building CXX object modules/photo/CMakeFiles/opencv_test_photo.dir/test/test_denoising.cuda.cpp.o
[954/1548] Building CXX object modules/photo/CMakeFiles/opencv_test_photo.dir/test/test_denoise_tvl1.cpp.o
[955/1548] Building CXX object modules/photo/CMakeFiles/opencv_test_photo.dir/test/test_decolor.cpp.o
[956/1548] Building CXX object modules/photo/CMakeFiles/opencv_test_photo.dir/test/test_main.cpp.o
[957/1548] Building CXX object modules/photo/CMakeFiles/opencv_perf_photo.dir/perf/perf_cuda.cpp.o
[958/1548] Building CXX object modules/photo/CMakeFiles/opencv_perf_photo.dir/perf/perf_main.cpp.o
[959/1548] Building CXX object modules/photo/CMakeFiles/opencv_test_photo.dir/test/test_cloning.cpp.o
[960/1548] Building CXX object modules/photo/CMakeFiles/opencv_test_photo.dir/test/test_denoising.cpp.o
[961/1548] Building CXX object modules/photo/CMakeFiles/opencv_perf_photo.dir/perf/perf_hdr.cpp.o
[962/1548] Building CXX object modules/photo/CMakeFiles/opencv_perf_photo.dir/perf/opencl/perf_denoising.cpp.o
[963/1548] Building CXX object modules/photo/CMakeFiles/opencv_test_photo.dir/test/test_npr.cpp.o
[964/1548] Building CXX object modules/dnn/CMakeFiles/opencv_dnn.dir/misc/tensorflow/tensor_shape.pb.cc.o
[965/1548] Building CXX object modules/dnn/CMakeFiles/opencv_dnn.dir/misc/tensorflow/tensor.pb.cc.o
[966/1548] Building CXX object modules/dnn/CMakeFiles/opencv_dnn.dir/misc/tensorflow/types.pb.cc.o
[967/1548] Building CXX object modules/photo/CMakeFiles/opencv_test_photo.dir/test/test_inpaint.cpp.o
[968/1548] Building CXX object modules/dnn/CMakeFiles/opencv_dnn.dir/misc/tensorflow/versions.pb.cc.o
[969/1548] Building CXX object modules/photo/CMakeFiles/opencv_test_photo.dir/test/ocl/test_denoising.cpp.o
[970/1548] Building CXX object modules/photo/CMakeFiles/opencv_test_photo.dir/test/test_hdr.cpp.o
[971/1548] Building CXX object modules/dnn/CMakeFiles/opencv_dnn.dir/misc/tensorflow/op_def.pb.cc.o
[972/1548] Building CXX object modules/dnn/CMakeFiles/opencv_dnn.dir/src/darknet/darknet_importer.cpp.o
[973/1548] Building CXX object modules/dnn/CMakeFiles/opencv_dnn.dir/src/backend.cpp.o
[974/1548] Building CXX object modules/dnn/CMakeFiles/opencv_dnn.dir/misc/tensorflow/attr_value.pb.cc.o
[975/1548] Building CXX object modules/dnn/CMakeFiles/opencv_dnn.dir/misc/tensorflow/graph.pb.cc.o
[976/1548] Building CXX object modules/photo/CMakeFiles/opencv_perf_photo.dir/perf/perf_inpaint.cpp.o
[977/1548] Building CXX object modules/dnn/CMakeFiles/opencv_dnn.dir/src/caffe/caffe_shrinker.cpp.o
[978/1548] Building CXX object modules/dnn/CMakeFiles/opencv_dnn.dir/misc/tensorflow/function.pb.cc.o
[979/1548] Building CXX object modules/dnn/CMakeFiles/opencv_dnn.dir/misc/onnx/opencv-onnx.pb.cc.o
[980/1548] Building CXX object modules/dnn/CMakeFiles/opencv_dnn.dir/src/dnn.cpp.o
[981/1548] Building CXX object modules/dnn/CMakeFiles/opencv_dnn.dir/src/dnn_params.cpp.o
[982/1548] Building CXX object modules/dnn/CMakeFiles/opencv_dnn.dir/src/dnn_read.cpp.o
[983/1548] Building CXX object modules/dnn/CMakeFiles/opencv_dnn.dir/src/debug_utils.cpp.o
[984/1548] Building CXX object modules/dnn/CMakeFiles/opencv_dnn.dir/src/halide_scheduler.cpp.o
[985/1548] Building CXX object modules/dnn/CMakeFiles/opencv_dnn.dir/src/ie_ngraph.cpp.o
[986/1548] Building CXX object modules/dnn/CMakeFiles/opencv_dnn.dir/src/caffe/caffe_io.cpp.o
[987/1548] Building CXX object modules/dnn/CMakeFiles/opencv_dnn.dir/src/caffe/caffe_importer.cpp.o
[988/1548] Building CXX object modules/dnn/CMakeFiles/opencv_dnn.dir/src/int8layers/layers_rvp052.cpp.o
[989/1548] Building CXX object modules/dnn/CMakeFiles/opencv_dnn.dir/src/graph_simplifier.cpp.o
[990/1548] Building CXX object modules/dnn/CMakeFiles/opencv_dnn.dir/src/int8layers/batch_norm_layer.cpp.o
[991/1548] Building CXX object modules/dnn/CMakeFiles/opencv_dnn.dir/src/darknet/darknet_io.cpp.o
[992/1548] Building CXX object modules/dnn/CMakeFiles/opencv_dnn.dir/src/init.cpp.o
[993/1548] Building CXX object modules/dnn/CMakeFiles/opencv_dnn.dir/src/int8layers/elementwise_layers.cpp.o
[994/1548] Building CXX object modules/photo/CMakeFiles/opencv_photo.dir/src/denoising.cpp.o
[995/1548] Building CXX object modules/dnn/CMakeFiles/opencv_dnn.dir/src/int8layers/fully_connected_layer.cpp.o
[996/1548] Building CXX object modules/dnn/CMakeFiles/opencv_dnn.dir/src/dnn_utils.cpp.o
[997/1548] Building CXX object modules/dnn/CMakeFiles/opencv_dnn.dir/src/int8layers/eltwise_layer.cpp.o
[998/1548] Building CXX object modules/dnn/CMakeFiles/opencv_dnn.dir/src/int8layers/quantize_dynamic_layer.cpp.o
[999/1548] Building CXX object modules/dnn/CMakeFiles/opencv_dnn.dir/src/layer_factory.cpp.o
[1000/1548] Building CXX object modules/dnn/CMakeFiles/opencv_dnn.dir/src/int8layers/convolution_layer.cpp.o
[1001/1548] Building CXX object modules/dnn/CMakeFiles/opencv_dnn.dir/src/int8layers/pooling_layer.cpp.o
[1002/1548] Building CXX object modules/dnn/CMakeFiles/opencv_dnn.dir/src/int8layers/quantization_utils.cpp.o
[1003/1548] Building CXX object modules/dnn/CMakeFiles/opencv_dnn.dir/src/layer.cpp.o
[1004/1548] Building CXX object modules/dnn/CMakeFiles/opencv_dnn.dir/src/int8layers/softmax_layer.cpp.o
[1005/1548] Building CXX object modules/dnn/CMakeFiles/opencv_dnn.dir/src/layers/blank_layer.cpp.o
[1006/1548] Building CXX object modules/dnn/CMakeFiles/opencv_dnn.dir/src/layers/arg_layer.cpp.o
[1007/1548] Building CXX object modules/dnn/CMakeFiles/opencv_dnn.dir/src/int8layers/scale_layer.cpp.o
[1008/1548] Building CXX object modules/dnn/CMakeFiles/opencv_dnn.dir/src/layers/const_layer.cpp.o
[1009/1548] Building CXX object modules/dnn/CMakeFiles/opencv_dnn.dir/src/layers/accum_layer.cpp.o
[1010/1548] Building CXX object modules/dnn/CMakeFiles/opencv_dnn.dir/src/layers/attention_layer.cpp.o
[1011/1548] Building CXX object modules/dnn/CMakeFiles/opencv_dnn.dir/src/layers/concat_layer.cpp.o
[1012/1548] Building CXX object modules/dnn/CMakeFiles/opencv_dnn.dir/src/layers/batch_norm_layer.cpp.o
[1013/1548] Building CXX object modules/dnn/CMakeFiles/opencv_dnn.dir/src/layers/correlation_layer.cpp.o
[1014/1548] Building CXX object modules/dnn/CMakeFiles/opencv_dnn.dir/src/layers/cpu_kernels/conv_depthwise.cpp.o
[1015/1548] Building CXX object modules/dnn/CMakeFiles/opencv_dnn.dir/src/layers/cpu_kernels/conv_winograd_f63.cpp.o
[1016/1548] Linking CXX shared library lib/libopencv_photo.so.4.14.0
[1017/1548] Building CXX object modules/dnn/CMakeFiles/opencv_dnn.dir/src/layers/cpu_kernels/conv_winograd_f63.dispatch.cpp.o
[1018/1548] Creating library symlink lib/libopencv_photo.so.414 lib/libopencv_photo.so
[1019/1548] Building CXX object modules/dnn/CMakeFiles/opencv_dnn.dir/src/layers/cpu_kernels/fast_norm.cpp.o
[1020/1548] Building CXX object modules/dnn/CMakeFiles/opencv_dnn.dir/src/layers/cpu_kernels/softmax.cpp.o
[1021/1548] Building CXX object modules/dnn/CMakeFiles/opencv_dnn.dir/src/layers/cpu_kernels/fast_gemm.cpp.o
[1022/1548] Building CXX object modules/dnn/CMakeFiles/opencv_dnn.dir/src/layers/crop_and_resize_layer.cpp.o
[1023/1548] Building CXX object modules/dnn/CMakeFiles/opencv_dnn.dir/src/layers/convolution_layer.cpp.o
[1024/1548] Building CXX object modules/dnn/CMakeFiles/opencv_dnn.dir/src/layers/cumsum_layer.cpp.o
[1025/1548] Building CXX object modules/dnn/CMakeFiles/opencv_dnn.dir/src/layers/depth_space_ops_layer.cpp.o
[1026/1548] Building CXX object modules/dnn/CMakeFiles/opencv_dnn.dir/src/layers/cpu_kernels/convolution.cpp.o
[1027/1548] Building CXX object modules/dnn/CMakeFiles/opencv_dnn.dir/src/layers/expand_layer.cpp.o
[1028/1548] Building CXX object modules/dnn/CMakeFiles/opencv_dnn.dir/src/layers/flow_warp_layer.cpp.o
[1029/1548] Building CXX object modules/dnn/CMakeFiles/opencv_dnn.dir/src/layers/gather_elements_layer.cpp.o
[1030/1548] Building CXX object modules/dnn/CMakeFiles/opencv_dnn.dir/src/layers/flatten_layer.cpp.o
[1031/1548] Building CXX object modules/dnn/CMakeFiles/opencv_dnn.dir/src/layers/instance_norm_layer.cpp.o
[1032/1548] Building CXX object modules/dnn/CMakeFiles/opencv_dnn.dir/src/layers/eltwise_layer.cpp.o
[1033/1548] Building CXX object modules/dnn/CMakeFiles/opencv_dnn.dir/src/layers/group_norm_layer.cpp.o
[1034/1548] Building CXX object modules/dnn/CMakeFiles/opencv_dnn.dir/src/layers/layer_norm.cpp.o
[1035/1548] Building CXX object modules/dnn/CMakeFiles/opencv_dnn.dir/src/layers/gemm_layer.cpp.o
[1036/1548] Building CXX object modules/dnn/CMakeFiles/opencv_dnn.dir/src/layers/gather_layer.cpp.o
[1037/1548] Building CXX object modules/dnn/CMakeFiles/opencv_dnn.dir/src/layers/fully_connected_layer.cpp.o
[1038/1548] Building CXX object modules/dnn/CMakeFiles/opencv_dnn.dir/src/layers/lrn_layer.cpp.o
[1039/1548] Building CXX object modules/dnn/CMakeFiles/opencv_dnn.dir/src/layers/not_implemented_layer.cpp.o
[1040/1548] Building CXX object modules/dnn/CMakeFiles/opencv_dnn.dir/src/layers/einsum_layer.cpp.o
[1041/1548] Building CXX object modules/dnn/CMakeFiles/opencv_dnn.dir/src/layers/mvn_layer.cpp.o
[1042/1548] Building CXX object modules/dnn/CMakeFiles/opencv_dnn.dir/src/layers/detection_output_layer.cpp.o
[1043/1548] Building CXX object modules/dnn/CMakeFiles/opencv_dnn.dir/src/layers/layers_common.cpp.o
[1044/1548] Building CXX object modules/dnn/CMakeFiles/opencv_dnn.dir/src/layers/max_unpooling_layer.cpp.o
[1045/1548] Building CXX object modules/dnn/CMakeFiles/opencv_dnn.dir/src/layers/matmul_layer.cpp.o
[1046/1548] Building CXX object modules/dnn/CMakeFiles/opencv_dnn.dir/src/layers/normalize_bbox_layer.cpp.o
[1047/1548] Building CXX object modules/dnn/CMakeFiles/opencv_dnn.dir/src/layers/permute_layer.cpp.o
[1048/1548] Building CXX object modules/dnn/CMakeFiles/opencv_dnn.dir/src/layers/padding_layer.cpp.o
[1049/1548] Building CXX object modules/dnn/CMakeFiles/opencv_dnn.dir/src/layers/randomnormallike_layer.cpp.o
[1050/1548] Building CXX object modules/dnn/CMakeFiles/opencv_dnn.dir/src/layers/prior_box_layer.cpp.o
[1051/1548] Linking CXX shared library lib/libopencv_imgcodecs.so.4.14.0
[1052/1548] Building CXX object modules/dnn/CMakeFiles/opencv_dnn.dir/src/layers/region_layer.cpp.o
[1053/1548] Building CXX object modules/dnn/CMakeFiles/opencv_dnn.dir/src/layers/proposal_layer.cpp.o
[1054/1548] Building CXX object modules/dnn/CMakeFiles/opencv_dnn.dir/src/layers/pooling_layer.cpp.o
[1055/1548] Building CXX object modules/dnn/CMakeFiles/opencv_dnn.dir/src/layers/reorg_layer.cpp.o
[1056/1548] Building CXX object modules/dnn/CMakeFiles/opencv_dnn.dir/src/layers/recurrent_layers.cpp.o
[1057/1548] Building CXX object modules/dnn/CMakeFiles/opencv_dnn.dir/src/layers/reshape_layer.cpp.o
[1058/1548] Building CXX object modules/dnn/CMakeFiles/opencv_dnn.dir/src/layers/shuffle_channel_layer.cpp.o
[1059/1548] Building CXX object modules/dnn/CMakeFiles/opencv_dnn.dir/src/layers/resize_layer.cpp.o
[1060/1548] Building CXX object modules/dnn/CMakeFiles/opencv_dnn.dir/src/net_cann.cpp.o
[1061/1548] Building CXX object modules/dnn/CMakeFiles/opencv_dnn.dir/src/layers/split_layer.cpp.o
[1062/1548] Building CXX object modules/dnn/CMakeFiles/opencv_dnn.dir/src/layers/tile_layer.cpp.o
[1063/1548] Building CXX object modules/dnn/CMakeFiles/opencv_dnn.dir/src/legacy_backend.cpp.o
[1064/1548] Building CXX object modules/dnn/CMakeFiles/opencv_dnn.dir/src/layers/softmax_layer.cpp.o
[1065/1548] Building CXX object modules/dnn/CMakeFiles/opencv_dnn.dir/src/layers/scatterND_layer.cpp.o
[1066/1548] Building CXX object modules/dnn/CMakeFiles/opencv_dnn.dir/src/layers/scale_layer.cpp.o
[1067/1548] Building CXX object modules/dnn/CMakeFiles/opencv_dnn.dir/src/net_impl_backend.cpp.o
[1068/1548] Building CXX object modules/dnn/CMakeFiles/opencv_dnn.dir/src/net_openvino.cpp.o
[1069/1548] Building CXX object modules/dnn/CMakeFiles/opencv_dnn.dir/src/net.cpp.o
[1070/1548] Building CXX object modules/dnn/CMakeFiles/opencv_dnn.dir/src/layers/scatter_layer.cpp.o
[1071/1548] Building CXX object modules/dnn/CMakeFiles/opencv_dnn.dir/src/ocl4dnn/src/common.cpp.o
[1072/1548] Building CXX object modules/dnn/CMakeFiles/opencv_dnn.dir/src/layers/topk_layer.cpp.o
[1073/1548] Building CXX object modules/dnn/CMakeFiles/opencv_dnn.dir/src/ocl4dnn/src/ocl4dnn_inner_product.cpp.o
[1074/1548] Building CXX object modules/dnn/CMakeFiles/opencv_dnn.dir/src/nms.cpp.o
[1075/1548] Building CXX object modules/dnn/CMakeFiles/opencv_dnn.dir/src/layers/slice_layer.cpp.o
[1076/1548] Building CXX object modules/dnn/CMakeFiles/opencv_dnn.dir/src/ocl4dnn/src/math_functions.cpp.o
[1077/1548] Building CXX object modules/dnn/CMakeFiles/opencv_dnn.dir/misc/caffe/opencv-caffe.pb.cc.o
[1078/1548] Building CXX object modules/dnn/CMakeFiles/opencv_dnn.dir/src/net_impl_fuse.cpp.o
[1079/1548] Building CXX object modules/dnn/CMakeFiles/opencv_dnn.dir/src/ocl4dnn/src/ocl4dnn_lrn.cpp.o
[1080/1548] Building CXX object modules/dnn/CMakeFiles/opencv_dnn.dir/src/ocl4dnn/src/ocl4dnn_pool.cpp.o
[1081/1548] Building CXX object modules/dnn/CMakeFiles/opencv_dnn.dir/src/ocl4dnn/src/ocl4dnn_softmax.cpp.o
[1082/1548] Building CXX object modules/dnn/CMakeFiles/opencv_dnn.dir/src/net_quantization.cpp.o
[1083/1548] Building CXX object modules/dnn/CMakeFiles/opencv_dnn.dir/src/model.cpp.o
[1084/1548] Building CXX object modules/dnn/CMakeFiles/opencv_dnn.dir/src/layers/reduce_layer.cpp.o
[1085/1548] Building CXX object modules/dnn/CMakeFiles/opencv_dnn.dir/src/op_cann.cpp.o
[1086/1548] Building CXX object modules/dnn/CMakeFiles/opencv_dnn.dir/src/ocl4dnn/src/ocl4dnn_conv_spatial.cpp.o
[1087/1548] Building CXX object modules/dnn/CMakeFiles/opencv_dnn.dir/src/op_halide.cpp.o
[1088/1548] Building CXX object modules/dnn/CMakeFiles/opencv_dnn.dir/src/op_inf_engine.cpp.o
[1089/1548] Building CXX object modules/dnn/CMakeFiles/opencv_dnn.dir/src/op_timvx.cpp.o
[1090/1548] Building CXX object modules/dnn/CMakeFiles/opencv_dnn.dir/src/op_cuda.cpp.o
[1091/1548] Building CXX object modules/dnn/CMakeFiles/opencv_dnn.dir/src/op_webnn.cpp.o
[1092/1548] Building CXX object modules/dnn/CMakeFiles/opencv_dnn.dir/src/op_vkcom.cpp.o
[1093/1548] Building CXX object modules/dnn/CMakeFiles/opencv_dnn.dir/src/registry.cpp.o
[1094/1548] Building CXX object modules/dnn/CMakeFiles/opencv_dnn.dir/src/torch/THDiskFile.cpp.o
[1095/1548] Building CXX object modules/dnn/CMakeFiles/opencv_dnn.dir/src/vkcom/shader/conv_1x1_fast_spv.cpp.o
[1096/1548] Building CXX object modules/dnn/CMakeFiles/opencv_dnn.dir/src/torch/THGeneral.cpp.o
[1097/1548] Building CXX object modules/dnn/CMakeFiles/opencv_dnn.dir/src/torch/THFile.cpp.o
[1098/1548] Building CXX object modules/dnn/CMakeFiles/opencv_dnn.dir/src/vkcom/shader/conv_depthwise_3x3_spv.cpp.o
[1099/1548] Building CXX object modules/dnn/CMakeFiles/opencv_dnn.dir/src/vkcom/shader/conv_depthwise_spv.cpp.o
[1100/1548] Building CXX object modules/dnn/CMakeFiles/opencv_dnn.dir/src/vkcom/shader/gemm_spv.cpp.o
[1101/1548] Building CXX object modules/dnn/CMakeFiles/opencv_dnn.dir/src/vkcom/shader/conv_implicit_gemm_spv.cpp.o
[1102/1548] Building CXX object modules/dnn/CMakeFiles/opencv_dnn.dir/src/tensorflow/tf_io.cpp.o
[1103/1548] Building CXX object modules/dnn/CMakeFiles/opencv_dnn.dir/src/vkcom/shader/nary_eltwise_binary_forward_spv.cpp.o
[1104/1548] Building CXX object modules/dnn/CMakeFiles/opencv_dnn.dir/src/net_impl.cpp.o
[1105/1548] Building CXX object modules/dnn/CMakeFiles/opencv_dnn.dir/src/vkcom/shader/spv_shader.cpp.o
[1106/1548] Building CXX object modules/dnn/CMakeFiles/opencv_dnn.dir/src/layers/nary_eltwise_layers.cpp.o
[1107/1548] Building CXX object modules/dnn/CMakeFiles/opencv_dnn.dir/src/vkcom/src/command.cpp.o
[1108/1548] Building CXX object modules/dnn/CMakeFiles/opencv_dnn.dir/src/vkcom/src/buffer.cpp.o
[1109/1548] Building CXX object modules/dnn/CMakeFiles/opencv_dnn.dir/src/vkcom/src/context.cpp.o
[1110/1548] Building CXX object modules/dnn/CMakeFiles/opencv_dnn.dir/src/vkcom/src/fence.cpp.o
[1111/1548] Building CXX object modules/dnn/CMakeFiles/opencv_dnn.dir/src/vkcom/src/internal.cpp.o
[1112/1548] Building CXX object modules/dnn/CMakeFiles/opencv_dnn.dir/src/vkcom/src/op_base.cpp.o
[1113/1548] Building CXX object modules/dnn/CMakeFiles/opencv_dnn.dir/src/vkcom/src/op_matmul.cpp.o
[1114/1548] Building CXX object modules/dnn/CMakeFiles/opencv_dnn.dir/src/vkcom/src/op_naryEltwise.cpp.o
[1115/1548] Building CXX object modules/dnn/CMakeFiles/opencv_dnn.dir/src/vkcom/src/op_conv.cpp.o
[1116/1548] Building CXX object modules/dnn/CMakeFiles/opencv_dnn.dir/src/vkcom/src/pipeline.cpp.o
[1117/1548] Building CXX object modules/dnn/CMakeFiles/opencv_dnn.dir/src/vkcom/src/tensor.cpp.o
[1118/1548] Building CXX object modules/dnn/CMakeFiles/opencv_dnn.dir/src/vkcom/vulkan/vk_functions.cpp.o
[1119/1548] Building CXX object modules/dnn/CMakeFiles/opencv_dnn.dir/src/torch/torch_importer.cpp.o
[1120/1548] Building CXX object modules/dnn/CMakeFiles/opencv_dnn.dir/src/layers/elementwise_layers.cpp.o
[1121/1548] Building CXX object modules/dnn/CMakeFiles/opencv_dnn.dir/opencl_kernels_dnn.cpp.o
[1122/1548] Building CXX object modules/dnn/CMakeFiles/opencv_dnn.dir/src/onnx/onnx_graph_simplifier.cpp.o
[1123/1548] Building CXX object modules/dnn/CMakeFiles/opencv_dnn.dir/src/vkcom/vulkan/vk_loader.cpp.o
[1124/1548] Building CXX object modules/dnn/CMakeFiles/opencv_dnn.dir/src/tflite/tflite_importer.cpp.o
[1125/1548] Building CXX object modules/dnn/CMakeFiles/opencv_dnn.dir/src/tensorflow/tf_graph_simplifier.cpp.o
[1126/1548] Building CXX object modules/dnn/CMakeFiles/opencv_dnn.dir/layers/cpu_kernels/conv_block.avx.cpp.o
[1127/1548] Building CXX object modules/dnn/CMakeFiles/opencv_dnn.dir/layers/cpu_kernels/conv_depthwise.avx.cpp.o
[1128/1548] Building CXX object modules/dnn/CMakeFiles/opencv_dnn.dir/layers/cpu_kernels/conv_winograd_f63.avx.cpp.o
[1129/1548] Building CXX object modules/dnn/CMakeFiles/opencv_dnn.dir/layers/layers_common.avx.cpp.o
[1130/1548] Building CXX object modules/dnn/CMakeFiles/opencv_perf_dnn.dir/perf/perf_caffe.cpp.o
[1131/1548] Building CXX object modules/dnn/CMakeFiles/opencv_dnn.dir/layers/layers_common.avx2.cpp.o
[1132/1548] Building CXX object modules/dnn/CMakeFiles/opencv_test_dnn.dir/test/npy_blob.cpp.o
[1133/1548] Building CXX object modules/dnn/CMakeFiles/opencv_dnn.dir/layers/cpu_kernels/fast_gemm_kernels.avx.cpp.o
[1134/1548] Building CXX object modules/dnn/CMakeFiles/opencv_dnn.dir/layers/cpu_kernels/conv_block.avx2.cpp.o
[1135/1548] Building CXX object modules/dnn/CMakeFiles/opencv_dnn.dir/int8layers/layers_common.avx2.cpp.o
[1136/1548] Building CXX object modules/dnn/CMakeFiles/opencv_dnn.dir/layers/cpu_kernels/conv_depthwise.avx2.cpp.o
[1137/1548] Building CXX object modules/dnn/CMakeFiles/opencv_dnn.dir/layers/cpu_kernels/conv_winograd_f63.avx2.cpp.o
[1138/1548] Building CXX object modules/dnn/CMakeFiles/opencv_dnn.dir/src/onnx/onnx_importer.cpp.o
[1139/1548] Building CXX object modules/dnn/CMakeFiles/opencv_dnn.dir/src/tensorflow/tf_importer.cpp.o
[1140/1548] Building CXX object modules/dnn/CMakeFiles/opencv_dnn.dir/layers/layers_common.avx512_skx.cpp.o
[1141/1548] Building CXX object modules/dnn/CMakeFiles/opencv_dnn.dir/int8layers/layers_common.avx512_skx.cpp.o
[1142/1548] Building CXX object modules/dnn/CMakeFiles/opencv_test_dnn.dir/test/test_main.cpp.o
[1143/1548] Building CXX object modules/dnn/CMakeFiles/opencv_test_dnn.dir/test/test_ie_models.cpp.o
[1144/1548] Building CXX object modules/dnn/CMakeFiles/opencv_dnn.dir/layers/cpu_kernels/fast_gemm_kernels.avx2.cpp.o
[1145/1548] Building CXX object modules/dnn/CMakeFiles/opencv_test_dnn.dir/test/test_googlenet.cpp.o
[1146/1548] Building CXX object modules/dnn/CMakeFiles/opencv_test_dnn.dir/test/test_common.cpp.o
[1147/1548] Building CXX object modules/dnn/CMakeFiles/opencv_test_dnn.dir/test/test_nms.cpp.o
[1148/1548] Building CXX object modules/dnn/CMakeFiles/opencv_test_dnn.dir/test/test_graph_simplifier.cpp.o
[1149/1548] Building CXX object modules/dnn/CMakeFiles/opencv_perf_dnn.dir/perf/perf_main.cpp.o
[1150/1548] Building CXX object modules/dnn/CMakeFiles/opencv_test_dnn.dir/test/test_onnx_conformance.cpp.o
[1151/1548] Building CXX object modules/dnn/CMakeFiles/opencv_perf_dnn.dir/perf/perf_common.cpp.o
[1152/1548] Building CXX object modules/dnn/CMakeFiles/opencv_test_dnn.dir/test/test_model.cpp.o
[1153/1548] Building CXX object modules/features2d/CMakeFiles/opencv_features2d.dir/sift.avx512_skx.cpp.o
[1154/1548] Building CXX object modules/dnn/CMakeFiles/opencv_perf_dnn.dir/perf/perf_resize.cpp.o
[1155/1548] Building CXX object modules/dnn/CMakeFiles/opencv_perf_dnn.dir/perf/perf_recurrent.cpp.o
[1156/1548] Building CXX object modules/features2d/CMakeFiles/opencv_test_features2d.dir/test/ocl/test_akaze.cpp.o
[1157/1548] Building CXX object modules/dnn/CMakeFiles/opencv_perf_dnn.dir/perf/perf_convolution3d.cpp.o
[1158/1548] Building CXX object modules/dnn/CMakeFiles/opencv_perf_dnn.dir/perf/perf_convolution1d.cpp.o
[1159/1548] Building CXX object modules/dnn/CMakeFiles/opencv_perf_dnn.dir/perf/perf_einsum.cpp.o
[1160/1548] Building CXX object modules/features2d/CMakeFiles/opencv_test_features2d.dir/test/test_affine_feature.cpp.o
[1161/1548] Building CXX object modules/features2d/CMakeFiles/opencv_test_features2d.dir/test/test_agast.cpp.o
[1162/1548] Building CXX object modules/dnn/CMakeFiles/opencv_perf_dnn.dir/perf/perf_convolution.cpp.o
[1163/1548] Building CXX object modules/dnn/CMakeFiles/opencv_perf_dnn.dir/perf/perf_gemm.cpp.o
[1164/1548] Building CXX object modules/dnn/CMakeFiles/opencv_perf_dnn.dir/perf/perf_slice.cpp.o
[1165/1548] Building CXX object modules/dnn/CMakeFiles/opencv_test_dnn.dir/test/test_tflite_importer.cpp.o
[1166/1548] Building CXX object modules/features2d/CMakeFiles/opencv_test_features2d.dir/test/test_akaze.cpp.o
[1167/1548] Building CXX object modules/dnn/CMakeFiles/opencv_test_dnn.dir/test/test_darknet_importer.cpp.o
[1168/1548] Building CXX object modules/dnn/CMakeFiles/opencv_test_dnn.dir/test/test_caffe_importer.cpp.o
[1169/1548] Building CXX object modules/features2d/CMakeFiles/opencv_test_features2d.dir/test/test_blobdetector.cpp.o
[1170/1548] Building CXX object modules/features2d/CMakeFiles/opencv_test_features2d.dir/test/ocl/test_brute_force_matcher.cpp.o
[1171/1548] Building CXX object modules/features2d/CMakeFiles/opencv_test_features2d.dir/test/test_brisk.cpp.o
[1172/1548] Building CXX object modules/features2d/CMakeFiles/opencv_test_features2d.dir/test/ocl/test_feature2d.cpp.o
[1173/1548] Building CXX object modules/dnn/CMakeFiles/opencv_test_dnn.dir/test/test_misc.cpp.o
[1174/1548] Building CXX object modules/dnn/CMakeFiles/opencv_perf_dnn.dir/perf/perf_utils.cpp.o
[1175/1548] Building CXX object modules/dnn/CMakeFiles/opencv_test_dnn.dir/test/test_torch_importer.cpp.o
[1176/1548] Creating library symlink lib/libopencv_imgcodecs.so.414 lib/libopencv_imgcodecs.so
[1177/1548] Linking CXX shared library lib/libopencv_features2d.so.4.14.0
[1178/1548] Creating library symlink lib/libopencv_features2d.so.414 lib/libopencv_features2d.so
[1179/1548] Processing OpenCL kernels (calib3d)
[1180/1548] Building CXX object modules/features2d/CMakeFiles/opencv_test_features2d.dir/test/test_fast.cpp.o
[1181/1548] Building CXX object modules/dnn/CMakeFiles/opencv_perf_dnn.dir/perf/perf_net.cpp.o
[1182/1548] Building CXX object modules/features2d/CMakeFiles/opencv_test_features2d.dir/test/test_main.cpp.o
[1183/1548] Building CXX object modules/features2d/CMakeFiles/opencv_test_features2d.dir/test/test_mser.cpp.o
[1184/1548] Building CXX object modules/features2d/CMakeFiles/opencv_test_features2d.dir/test/test_detectors_regression.cpp.o
[1185/1548] Building CXX object modules/features2d/CMakeFiles/opencv_test_features2d.dir/test/test_keypoints.cpp.o
[1186/1548] Building CXX object modules/features2d/CMakeFiles/opencv_test_features2d.dir/test/test_descriptors_invariance.cpp.o
[1187/1548] Building CXX object modules/features2d/CMakeFiles/opencv_test_features2d.dir/test/test_sift.cpp.o
[1188/1548] Building CXX object modules/features2d/CMakeFiles/opencv_test_features2d.dir/test/test_utils.cpp.o
[1189/1548] Building CXX object modules/features2d/CMakeFiles/opencv_test_features2d.dir/test/test_orb.cpp.o
[1190/1548] Building CXX object modules/features2d/CMakeFiles/opencv_test_features2d.dir/test/test_drawing.cpp.o
[1191/1548] Building CXX object modules/features2d/CMakeFiles/opencv_test_features2d.dir/test/test_matchers_algorithmic.cpp.o
[1192/1548] Building CXX object modules/features2d/CMakeFiles/opencv_test_features2d.dir/test/test_detectors_invariance.cpp.o
[1193/1548] Building CXX object modules/features2d/CMakeFiles/opencv_perf_features2d.dir/perf/perf_main.cpp.o
[1194/1548] Building CXX object modules/features2d/CMakeFiles/opencv_test_features2d.dir/test/test_nearestneighbors.cpp.o
[1195/1548] Building CXX object modules/features2d/CMakeFiles/opencv_test_features2d.dir/test/test_descriptors_regression.cpp.o
[1196/1548] Building CXX object modules/calib3d/CMakeFiles/opencv_calib3d.dir/src/ap3p.cpp.o
[1197/1548] Linking CXX shared library lib/libopencv_videoio.so.4.14.0
[1198/1548] Creating library symlink lib/libopencv_videoio.so.414 lib/libopencv_videoio.so
[1199/1548] Building CXX object modules/calib3d/CMakeFiles/opencv_calib3d.dir/src/checkchessboard.cpp.o
[1200/1548] Building CXX object modules/calib3d/CMakeFiles/opencv_calib3d.dir/src/compat_ptsetreg.cpp.o
[1201/1548] Building CXX object modules/calib3d/CMakeFiles/opencv_calib3d.dir/src/calibration_base.cpp.o
[1202/1548] Building CXX object modules/features2d/CMakeFiles/opencv_perf_features2d.dir/perf/opencl/perf_feature2d.cpp.o
[1203/1548] Building CXX object modules/calib3d/CMakeFiles/opencv_calib3d.dir/src/main.cpp.o
[1204/1548] Building CXX object modules/features2d/CMakeFiles/opencv_perf_features2d.dir/perf/opencl/perf_brute_force_matcher.cpp.o
[1205/1548] Building CXX object modules/calib3d/CMakeFiles/opencv_calib3d.dir/src/calibration_handeye.cpp.o
[1206/1548] Building CXX object modules/features2d/CMakeFiles/opencv_perf_features2d.dir/perf/perf_matcher.cpp.o
[1207/1548] Building CXX object modules/calib3d/CMakeFiles/opencv_calib3d.dir/src/epnp.cpp.o
[1208/1548] Building CXX object modules/calib3d/CMakeFiles/opencv_calib3d.dir/src/levmarq.cpp.o
[1209/1548] Building CXX object modules/features2d/CMakeFiles/opencv_perf_features2d.dir/perf/perf_fast.cpp.o
[1210/1548] Building CXX object modules/calib3d/CMakeFiles/opencv_calib3d.dir/src/p3p.cpp.o
[1211/1548] Building CXX object modules/features2d/CMakeFiles/opencv_perf_features2d.dir/perf/perf_feature2d.cpp.o
[1212/1548] Building CXX object modules/features2d/CMakeFiles/opencv_perf_features2d.dir/perf/perf_batchDistance.cpp.o
[1213/1548] Building CXX object modules/features2d/CMakeFiles/opencv_perf_features2d.dir/perf/opencl/perf_akaze.cpp.o
[1214/1548] Building CXX object modules/calib3d/CMakeFiles/opencv_calib3d.dir/src/polynom_solver.cpp.o
[1215/1548] Building CXX object modules/calib3d/CMakeFiles/opencv_calib3d.dir/src/homography_decomp.cpp.o
[1216/1548] Building CXX object modules/calib3d/CMakeFiles/opencv_calib3d.dir/src/ippe.cpp.o
[1217/1548] Building CXX object modules/calib3d/CMakeFiles/opencv_calib3d.dir/src/fundam.cpp.o
[1218/1548] Building CXX object modules/calib3d/CMakeFiles/opencv_calib3d.dir/src/calibration.cpp.o
[1219/1548] Building CXX object modules/calib3d/CMakeFiles/opencv_calib3d.dir/src/quadsubpix.cpp.o
[1220/1548] Building CXX object modules/calib3d/CMakeFiles/opencv_calib3d.dir/src/fisheye.cpp.o
[1221/1548] Building CXX object modules/calib3d/CMakeFiles/opencv_calib3d.dir/src/circlesgrid.cpp.o
[1222/1548] Building CXX object modules/calib3d/CMakeFiles/opencv_calib3d.dir/src/dls.cpp.o
[1223/1548] Building CXX object modules/dnn/CMakeFiles/opencv_test_dnn.dir/test/test_int8_layers.cpp.o
[1224/1548] Building CXX object modules/calib3d/CMakeFiles/opencv_calib3d.dir/src/five-point.cpp.o
[1225/1548] Building CXX object modules/calib3d/CMakeFiles/opencv_calib3d.dir/src/upnp.cpp.o
[1226/1548] Building CXX object modules/calib3d/CMakeFiles/opencv_calib3d.dir/src/rho.cpp.o
[1227/1548] Building CXX object modules/calib3d/CMakeFiles/opencv_calib3d.dir/src/ptsetreg.cpp.o
[1228/1548] Building CXX object modules/calib3d/CMakeFiles/opencv_calib3d.dir/src/triangulate.cpp.o
[1229/1548] Building CXX object modules/calib3d/CMakeFiles/opencv_calib3d.dir/src/chessboard.cpp.o
[1230/1548] Building CXX object modules/calib3d/CMakeFiles/opencv_calib3d.dir/src/usac/bundle.cpp.o
[1231/1548] Building CXX object modules/calib3d/CMakeFiles/opencv_calib3d.dir/src/usac/gamma_values.cpp.o
[1232/1548] Building CXX object modules/calib3d/CMakeFiles/opencv_calib3d.dir/src/stereo_geom.cpp.o
[1233/1548] Building CXX object modules/calib3d/CMakeFiles/opencv_calib3d.dir/src/sqpnp.cpp.o
[1234/1548] Building CXX object modules/calib3d/CMakeFiles/opencv_calib3d.dir/src/solvepnp.cpp.o
[1235/1548] Building CXX object modules/calib3d/CMakeFiles/opencv_calib3d.dir/src/undistort.dispatch.cpp.o
[1236/1548] Building CXX object modules/calib3d/CMakeFiles/opencv_calib3d.dir/src/usac/fundamental_solver.cpp.o
[1237/1548] Building CXX object modules/calib3d/CMakeFiles/opencv_calib3d.dir/src/usac/essential_solver.cpp.o
[1238/1548] Building CXX object modules/calib3d/CMakeFiles/opencv_calib3d.dir/src/usac/estimator.cpp.o
[1239/1548] Building CXX object modules/calib3d/CMakeFiles/opencv_calib3d.dir/opencl_kernels_calib3d.cpp.o
[1240/1548] Building CXX object modules/calib3d/CMakeFiles/opencv_calib3d.dir/src/usac/homography_solver.cpp.o
[1241/1548] Building CXX object modules/calib3d/CMakeFiles/opencv_calib3d.dir/src/usac/pnp_solver.cpp.o
[1242/1548] Building CXX object modules/calib3d/CMakeFiles/opencv_calib3d.dir/src/stereosgbm.cpp.o
[1243/1548] Building CXX object modules/calib3d/CMakeFiles/opencv_calib3d.dir/src/usac/quality.cpp.o
[1244/1548] Building CXX object modules/calib3d/CMakeFiles/opencv_calib3d.dir/src/usac/sampler.cpp.o
[1245/1548] Building CXX object modules/calib3d/CMakeFiles/opencv_calib3d.dir/src/usac/degeneracy.cpp.o
[1246/1548] Building CXX object modules/calib3d/CMakeFiles/opencv_calib3d.dir/src/usac/local_optimization.cpp.o
[1247/1548] Building CXX object modules/calib3d/CMakeFiles/opencv_calib3d.dir/src/usac/termination.cpp.o
[1248/1548] Building CXX object modules/calib3d/CMakeFiles/opencv_calib3d.dir/src/stereobm.cpp.o
[1249/1548] Building CXX object modules/calib3d/CMakeFiles/opencv_calib3d.dir/undistort.avx2.cpp.o
[1250/1548] Building CXX object modules/calib3d/CMakeFiles/opencv_calib3d.dir/src/calibinit.cpp.o
[1251/1548] Building CXX object modules/dnn/CMakeFiles/opencv_test_dnn.dir/test/test_backends.cpp.o
[1252/1548] Building CXX object modules/calib3d/CMakeFiles/opencv_calib3d.dir/src/usac/utils.cpp.o
[1253/1548] Building CXX object modules/calib3d/CMakeFiles/opencv_test_calib3d.dir/test/test_affine3.cpp.o
[1254/1548] Building CXX object modules/calib3d/CMakeFiles/opencv_calib3d.dir/src/usac/ransac_solvers.cpp.o
[1255/1548] Building CXX object modules/calib3d/CMakeFiles/opencv_test_calib3d.dir/test/test_affine3d_estimator.cpp.o
[1256/1548] Building CXX object modules/calib3d/CMakeFiles/opencv_test_calib3d.dir/test/opencl/test_stereobm.cpp.o
[1257/1548] Building CXX object modules/calib3d/CMakeFiles/opencv_test_calib3d.dir/test/test_affine2d_estimator.cpp.o
[1258/1548] Building CXX object modules/calib3d/CMakeFiles/opencv_calib3d.dir/src/usac/dls_solver.cpp.o
[1259/1548] Building CXX object modules/calib3d/CMakeFiles/opencv_test_calib3d.dir/test/test_affine_partial2d_estimator.cpp.o
[1260/1548] Building CXX object modules/calib3d/CMakeFiles/opencv_test_calib3d.dir/test/test_chesscorners_timing.cpp.o
[1261/1548] Building CXX object modules/calib3d/CMakeFiles/opencv_test_calib3d.dir/test/test_chesscorners_badarg.cpp.o
[1262/1548] Building CXX object modules/calib3d/CMakeFiles/opencv_test_calib3d.dir/test/test_chessboardgenerator.cpp.o
[1263/1548] Building CXX object modules/calib3d/CMakeFiles/opencv_test_calib3d.dir/test/test_calibration_hand_eye.cpp.o
[1264/1548] Building CXX object modules/calib3d/CMakeFiles/opencv_test_calib3d.dir/test/test_cameracalibration_artificial.cpp.o
[1265/1548] Building CXX object modules/calib3d/CMakeFiles/opencv_test_calib3d.dir/test/test_filter_homography_decomp.cpp.o
[1266/1548] Building CXX object modules/calib3d/CMakeFiles/opencv_test_calib3d.dir/test/test_compose_rt.cpp.o
[1267/1548] Building CXX object modules/calib3d/CMakeFiles/opencv_test_calib3d.dir/test/test_cornerssubpix.cpp.o
[1268/1548] Building CXX object modules/calib3d/CMakeFiles/opencv_test_calib3d.dir/test/test_decompose_projection.cpp.o
[1269/1548] Building CXX object modules/calib3d/CMakeFiles/opencv_test_calib3d.dir/test/test_main.cpp.o
[1270/1548] Building CXX object modules/dnn/CMakeFiles/opencv_perf_dnn.dir/perf/perf_layer.cpp.o
[1271/1548] Building CXX object modules/calib3d/CMakeFiles/opencv_test_calib3d.dir/test/test_cameracalibration_badarg.cpp.o
[1272/1548] Building CXX object modules/calib3d/CMakeFiles/opencv_test_calib3d.dir/test/test_homography_decomp.cpp.o
[1273/1548] Building CXX object modules/calib3d/CMakeFiles/opencv_test_calib3d.dir/test/test_modelest.cpp.o
[1274/1548] Building CXX object modules/calib3d/CMakeFiles/opencv_test_calib3d.dir/test/test_posit.cpp.o
[1275/1548] Building CXX object modules/calib3d/CMakeFiles/opencv_test_calib3d.dir/test/test_cameracalibration_tilt.cpp.o
[1276/1548] Building CXX object modules/calib3d/CMakeFiles/opencv_test_calib3d.dir/test/test_fundam.cpp.o
[1277/1548] Building CXX object modules/dnn/CMakeFiles/opencv_test_dnn.dir/test/test_layers.cpp.o
[1278/1548] Linking CXX shared library lib/libopencv_highgui.so.4.14.0
[1279/1548] Creating library symlink lib/libopencv_highgui.so.414 lib/libopencv_highgui.so
[1280/1548] Building CXX object modules/calib3d/CMakeFiles/opencv_test_calib3d.dir/test/test_homography.cpp.o
[1281/1548] Building CXX object modules/calib3d/CMakeFiles/opencv_test_calib3d.dir/test/test_reproject_image_to_3d.cpp.o
[1282/1548] Linking CXX executable bin/opencv_annotation
[1283/1548] Linking CXX executable bin/opencv_visualisation
[1284/1548] Linking CXX static library lib/libopencv_ts.a
[1285/1548] Building CXX object modules/calib3d/CMakeFiles/opencv_test_calib3d.dir/test/test_translation3d_estimator.cpp.o
[1286/1548] Building CXX object modules/calib3d/CMakeFiles/opencv_test_calib3d.dir/test/test_chesscorners.cpp.o
[1287/1548] Building CXX object modules/calib3d/CMakeFiles/opencv_test_calib3d.dir/test/test_cameracalibration.cpp.o
[1288/1548] Building CXX object apps/model-diagnostics/CMakeFiles/opencv_model_diagnostics.dir/model_diagnostics.cpp.o
[1289/1548] Building CXX object modules/calib3d/CMakeFiles/opencv_test_calib3d.dir/test/test_translation_2d_estimator.cpp.o
[1290/1548] Building CXX object modules/calib3d/CMakeFiles/opencv_perf_calib3d.dir/perf/perf_main.cpp.o
[1291/1548] Building CXX object modules/calib3d/CMakeFiles/opencv_test_calib3d.dir/test/test_undistort_badarg.cpp.o
[1292/1548] Building CXX object modules/calib3d/CMakeFiles/opencv_perf_calib3d.dir/perf/perf_calibratecamera.cpp.o
[1293/1548] Building CXX object modules/calib3d/CMakeFiles/opencv_perf_calib3d.dir/perf/perf_undistort.cpp.o
[1294/1548] Building CXX object modules/calib3d/CMakeFiles/opencv_test_calib3d.dir/test/test_fisheye.cpp.o
[1295/1548] Building CXX object modules/calib3d/CMakeFiles/opencv_test_calib3d.dir/test/test_undistort_points.cpp.o
[1296/1548] Building CXX object modules/calib3d/CMakeFiles/opencv_test_calib3d.dir/test/test_stereomatching.cpp.o
[1297/1548] Building CXX object modules/calib3d/CMakeFiles/opencv_perf_calib3d.dir/perf/opencl/perf_stereobm.cpp.o
[1298/1548] Building CXX object modules/calib3d/CMakeFiles/opencv_perf_calib3d.dir/perf/perf_cicrlesGrid.cpp.o
[1299/1548] Building CXX object modules/calib3d/CMakeFiles/opencv_perf_calib3d.dir/perf/perf_affine2d.cpp.o
[1300/1548] Building CXX object modules/calib3d/CMakeFiles/opencv_test_calib3d.dir/test/test_undistort.cpp.o
[1301/1548] Building CXX object modules/calib3d/CMakeFiles/opencv_perf_calib3d.dir/perf/perf_translation2d.cpp.o
[1302/1548] Building CXX object modules/calib3d/CMakeFiles/opencv_perf_calib3d.dir/perf/perf_stereosgbm.cpp.o
[1303/1548] Building CXX object modules/calib3d/CMakeFiles/opencv_test_calib3d.dir/test/test_usac.cpp.o
[1304/1548] Building CXX object modules/calib3d/CMakeFiles/opencv_perf_calib3d.dir/perf/perf_pnp.cpp.o
[1305/1548] Building CXX object modules/dnn/CMakeFiles/opencv_test_dnn.dir/test/test_tf_importer.cpp.o
[1306/1548] Linking CXX executable bin/opencv_perf_ml
[1307/1548] Linking CXX executable bin/opencv_perf_photo
[1308/1548] Linking CXX executable bin/opencv_test_highgui
[1309/1548] Linking CXX executable bin/opencv_perf_videoio
[1310/1548] Linking CXX executable bin/opencv_test_photo
[1311/1548] Building CXX object modules/calib3d/CMakeFiles/opencv_test_calib3d.dir/test/test_solvepnp_ransac.cpp.o
[1312/1548] Linking CXX executable bin/opencv_perf_imgcodecs
[1313/1548] Linking CXX executable bin/opencv_test_flann
[1314/1548] Linking CXX executable bin/opencv_perf_features2d
[1315/1548] Linking CXX executable bin/opencv_test_ml
[1316/1548] Linking CXX executable bin/opencv_test_features2d
[1317/1548] Linking CXX shared library lib/libopencv_calib3d.so.4.14.0
[1318/1548] Creating library symlink lib/libopencv_calib3d.so.414 lib/libopencv_calib3d.so
[1319/1548] Processing OpenCL kernels (stitching)
[1320/1548] Building CXX object modules/dnn/CMakeFiles/opencv_test_dnn.dir/test/test_onnx_importer.cpp.o
[1321/1548] Building CXX object modules/stitching/CMakeFiles/opencv_stitching.dir/opencl_kernels_stitching.cpp.o
[1322/1548] Building CXX object modules/stitching/CMakeFiles/opencv_stitching.dir/src/timelapsers.cpp.o
[1323/1548] Building CXX object modules/stitching/CMakeFiles/opencv_stitching.dir/src/camera.cpp.o
[1324/1548] Building CXX object modules/stitching/CMakeFiles/opencv_stitching.dir/src/util.cpp.o
[1325/1548] Building CXX object modules/stitching/CMakeFiles/opencv_stitching.dir/src/warpers_cuda.cpp.o
[1326/1548] Building CXX object modules/stitching/CMakeFiles/opencv_stitching.dir/src/autocalib.cpp.o
[1327/1548] Building CXX object modules/stitching/CMakeFiles/opencv_test_stitching.dir/test/test_main.cpp.o
[1328/1548] Building CXX object modules/stitching/CMakeFiles/opencv_test_stitching.dir/test/test_blenders.cuda.cpp.o
[1329/1548] Building CXX object modules/stitching/CMakeFiles/opencv_stitching.dir/src/blenders.cpp.o
[1330/1548] Building CXX object modules/stitching/CMakeFiles/opencv_stitching.dir/src/matchers.cpp.o
[1331/1548] Building CXX object modules/stitching/CMakeFiles/opencv_test_stitching.dir/test/test_wave_correction.cpp.o
[1332/1548] Building CXX object modules/stitching/CMakeFiles/opencv_test_stitching.dir/test/test_blenders.cpp.o
[1333/1548] Building CXX object modules/stitching/CMakeFiles/opencv_test_stitching.dir/test/test_exposure_compensate.cpp.o
[1334/1548] Building CXX object modules/stitching/CMakeFiles/opencv_stitching.dir/src/exposure_compensate.cpp.o
[1335/1548] Building CXX object modules/stitching/CMakeFiles/opencv_test_stitching.dir/test/test_stitcher.cpp.o
[1336/1548] Building CXX object modules/stitching/CMakeFiles/opencv_stitching.dir/src/motion_estimators.cpp.o
[1337/1548] Building CXX object modules/stitching/CMakeFiles/opencv_test_stitching.dir/test/test_matchers.cpp.o
[1338/1548] Building CXX object modules/stitching/CMakeFiles/opencv_stitching.dir/src/stitcher.cpp.o
[1339/1548] Linking CXX executable bin/opencv_perf_calib3d
[1340/1548] Building CXX object modules/stitching/CMakeFiles/opencv_test_stitching.dir/test/ocl/test_warpers.cpp.o
[1341/1548] Building CXX object modules/stitching/CMakeFiles/opencv_stitching.dir/src/seam_finders.cpp.o
[1342/1548] Building CXX object modules/stitching/CMakeFiles/opencv_perf_stitching.dir/perf/perf_main.cpp.o
[1343/1548] Building CXX object modules/stitching/CMakeFiles/opencv_perf_stitching.dir/perf/opencl/perf_stitch.cpp.o
[1344/1548] Linking CXX executable bin/opencv_test_videoio
[1345/1548] Building CXX object modules/stitching/CMakeFiles/opencv_stitching.dir/src/warpers.cpp.o
[1346/1548] Building CXX object modules/stitching/CMakeFiles/opencv_perf_stitching.dir/perf/perf_estimators.cpp.o
[1347/1548] Building CXX object modules/stitching/CMakeFiles/opencv_perf_stitching.dir/perf/opencl/perf_warpers.cpp.o
[1348/1548] Building CXX object modules/stitching/CMakeFiles/opencv_test_stitching.dir/test/test_reprojection.cpp.o
[1349/1548] Building CXX object modules/stitching/CMakeFiles/opencv_perf_stitching.dir/perf/perf_stich.cpp.o
[1350/1548] Building CXX object modules/stitching/CMakeFiles/opencv_perf_stitching.dir/perf/perf_matchers.cpp.o
[1351/1548] Linking CXX shared library lib/libopencv_stitching.so.4.14.0
[1352/1548] Creating library symlink lib/libopencv_stitching.so.414 lib/libopencv_stitching.so
[1353/1548] Linking CXX executable bin/opencv_test_imgcodecs
[1354/1548] Linking CXX executable bin/opencv_test_stitching
[1355/1548] Linking CXX executable bin/opencv_perf_stitching
[1356/1548] Linking CXX executable bin/opencv_test_calib3d
[1357/1548] Linking CXX executable bin/opencv_perf_imgproc
[1358/1548] Linking CXX executable bin/opencv_perf_core
[1359/1548] Linking CXX shared library lib/libopencv_dnn.so.4.14.0
[1360/1548] Creating library symlink lib/libopencv_dnn.so.414 lib/libopencv_dnn.so
[1361/1548] Processing OpenCL kernels (video)
[1362/1548] Processing OpenCL kernels (objdetect)
[1363/1548] Linking CXX executable bin/opencv_model_diagnostics
[1364/1548] Building CXX object modules/video/CMakeFiles/opencv_video.dir/src/camshift.cpp.o
[1365/1548] Building CXX object modules/video/CMakeFiles/opencv_video.dir/src/tracking/tracker.cpp.o
[1366/1548] Building CXX object modules/video/CMakeFiles/opencv_video.dir/src/tracking/detail/tracker_feature_set.cpp.o
[1367/1548] Building CXX object modules/video/CMakeFiles/opencv_video.dir/src/tracking/detail/tracker_feature.cpp.o
[1368/1548] Building CXX object modules/objdetect/CMakeFiles/opencv_objdetect.dir/src/aruco/apriltag/zmaxheap.cpp.o
[1369/1548] Building CXX object modules/video/CMakeFiles/opencv_video.dir/src/kalman.cpp.o
[1370/1548] Building CXX object modules/video/CMakeFiles/opencv_video.dir/src/lkpyramid.dispatch.cpp.o
[1371/1548] Building CXX object modules/video/CMakeFiles/opencv_video.dir/src/tracking/detail/tracker_state_estimator.cpp.o
[1372/1548] Building CXX object modules/video/CMakeFiles/opencv_video.dir/src/tracking/tracker_goturn.cpp.o
[1373/1548] Building CXX object modules/video/CMakeFiles/opencv_video.dir/src/tracking/detail/tracker_sampler.cpp.o
[1374/1548] Building CXX object modules/video/CMakeFiles/opencv_video.dir/src/tracking/tracker_nano.cpp.o
[1375/1548] Building CXX object modules/video/CMakeFiles/opencv_video.dir/src/tracking/detail/tracker_mil_model.cpp.o
[1376/1548] Building CXX object modules/video/CMakeFiles/opencv_video.dir/src/optical_flow_io.cpp.o
[1377/1548] Building CXX object modules/video/CMakeFiles/opencv_video.dir/src/tracking/detail/tracker_mil_state.cpp.o
[1378/1548] Building CXX object modules/video/CMakeFiles/opencv_video.dir/src/tracking/tracker_dasiamrpn.cpp.o
[1379/1548] Building CXX object modules/video/CMakeFiles/opencv_video.dir/src/tracking/detail/tracker_sampler_algorithm.cpp.o
[1380/1548] Building CXX object modules/video/CMakeFiles/opencv_video.dir/src/tracking/detail/tracking_online_mil.cpp.o
[1381/1548] Building CXX object modules/video/CMakeFiles/opencv_video.dir/src/tracking/detail/tracker_model.cpp.o
[1382/1548] Building CXX object modules/video/CMakeFiles/opencv_video.dir/src/tracking/detail/tracking_feature.cpp.o
[1383/1548] Building CXX object modules/video/CMakeFiles/opencv_video.dir/src/bgfg_KNN.cpp.o
[1384/1548] Building CXX object modules/video/CMakeFiles/opencv_video.dir/src/ecc.cpp.o
[1385/1548] Building CXX object modules/video/CMakeFiles/opencv_video.dir/src/bgfg_gaussmix2.cpp.o
[1386/1548] Building CXX object modules/video/CMakeFiles/opencv_video.dir/src/lkpyramid.cpp.o
[1387/1548] Building CXX object modules/objdetect/CMakeFiles/opencv_objdetect.dir/src/aruco/apriltag/apriltag_quad_thresh.cpp.o
[1388/1548] Building CXX object modules/video/CMakeFiles/opencv_video.dir/src/tracking/tracker_mil.cpp.o
[1389/1548] Building CXX object modules/video/CMakeFiles/opencv_video.dir/src/optflowgf.cpp.o
[1390/1548] Building CXX object modules/video/CMakeFiles/opencv_video.dir/src/eccms.cpp.o
[1391/1548] Building CXX object modules/video/CMakeFiles/opencv_video.dir/src/dis_flow.cpp.o
[1392/1548] Building CXX object modules/objdetect/CMakeFiles/opencv_objdetect.dir/src/aruco/aruco_dictionary.cpp.o
[1393/1548] Building CXX object modules/objdetect/CMakeFiles/opencv_objdetect.dir/src/aruco/aruco_utils.cpp.o
[1394/1548] Building CXX object modules/objdetect/CMakeFiles/opencv_objdetect.dir/src/barcode_decoder/common/utils.cpp.o
[1395/1548] Building CXX object modules/objdetect/CMakeFiles/opencv_objdetect.dir/src/barcode_decoder/ean13_decoder.cpp.o
[1396/1548] Building CXX object modules/objdetect/CMakeFiles/opencv_objdetect.dir/src/barcode_decoder/common/hybrid_binarizer.cpp.o
[1397/1548] Building CXX object modules/objdetect/CMakeFiles/opencv_objdetect.dir/src/barcode_decoder/common/super_scale.cpp.o
[1398/1548] Building CXX object modules/objdetect/CMakeFiles/opencv_objdetect.dir/src/aruco/aruco_board.cpp.o
[1399/1548] Building CXX object modules/objdetect/CMakeFiles/opencv_objdetect.dir/src/barcode_decoder/ean8_decoder.cpp.o
[1400/1548] Building CXX object modules/objdetect/CMakeFiles/opencv_objdetect.dir/src/barcode_decoder/abs_decoder.cpp.o
[1401/1548] Building CXX object modules/objdetect/CMakeFiles/opencv_objdetect.dir/src/graphical_code_detector.cpp.o
[1402/1548] Building CXX object modules/objdetect/CMakeFiles/opencv_objdetect.dir/src/barcode_decoder/upcean_decoder.cpp.o
[1403/1548] Building CXX object modules/objdetect/CMakeFiles/opencv_objdetect.dir/src/main.cpp.o
[1404/1548] Building CXX object modules/objdetect/CMakeFiles/opencv_objdetect.dir/opencl_kernels_objdetect.cpp.o
[1405/1548] Building CXX object modules/objdetect/CMakeFiles/opencv_objdetect.dir/src/barcode_detector/bardetect.cpp.o
[1406/1548] Building CXX object modules/objdetect/CMakeFiles/opencv_objdetect.dir/src/face_detect.cpp.o
[1407/1548] Building CXX object modules/objdetect/CMakeFiles/opencv_objdetect.dir/src/face_recognize.cpp.o
[1408/1548] Building CXX object modules/objdetect/CMakeFiles/opencv_objdetect.dir/src/cascadedetect_convert.cpp.o
[1409/1548] Building CXX object modules/objdetect/CMakeFiles/opencv_objdetect.dir/src/barcode.cpp.o
[1410/1548] Building CXX object modules/objdetect/CMakeFiles/opencv_objdetect.dir/src/aruco/charuco_detector.cpp.o
[1411/1548] Building CXX object modules/objdetect/CMakeFiles/opencv_objdetect.dir/src/detection_based_tracker.cpp.o
[1412/1548] Building CXX object modules/objdetect/CMakeFiles/opencv_objdetect.dir/src/hog.cpp.o
[1413/1548] Building CXX object modules/objdetect/CMakeFiles/opencv_objdetect.dir/src/qrcode_encoder.cpp.o
[1414/1548] Building CXX object modules/objdetect/CMakeFiles/opencv_objdetect.dir/src/aruco/aruco_detector.cpp.o
[1415/1548] Building CXX object modules/objdetect/CMakeFiles/opencv_test_objdetect.dir/test/test_aruco_utils.cpp.o
[1416/1548] Building CXX object modules/objdetect/CMakeFiles/opencv_objdetect.dir/src/cascadedetect.cpp.o
[1417/1548] Building CXX object modules/objdetect/CMakeFiles/opencv_test_objdetect.dir/test/test_aruco_tutorial.cpp.o
[1418/1548] Building CXX object modules/objdetect/CMakeFiles/opencv_test_objdetect.dir/test/opencl/test_hogdetector.cpp.o
[1419/1548] Building CXX object modules/video/CMakeFiles/opencv_video.dir/opencl_kernels_video.cpp.o
[1420/1548] Building CXX object modules/video/CMakeFiles/opencv_video.dir/src/tracking/tracker_vit.cpp.o
[1421/1548] Building CXX object modules/video/CMakeFiles/opencv_video.dir/lkpyramid.sse4_1.cpp.o
[1422/1548] Building CXX object modules/objdetect/CMakeFiles/opencv_test_objdetect.dir/test/test_main.cpp.o
[1423/1548] Building CXX object modules/objdetect/CMakeFiles/opencv_perf_objdetect.dir/perf/perf_main.cpp.o
[1424/1548] Building CXX object modules/objdetect/CMakeFiles/opencv_perf_objdetect.dir/perf/opencl/perf_hogdetect.cpp.o
[1425/1548] Building CXX object modules/video/CMakeFiles/opencv_video.dir/src/variational_refinement.cpp.o
[1426/1548] Building CXX object modules/video/CMakeFiles/opencv_video.dir/lkpyramid.avx2.cpp.o
[1427/1548] Building CXX object modules/objdetect/CMakeFiles/opencv_test_objdetect.dir/test/test_face.cpp.o
[1428/1548] Building CXX object modules/video/CMakeFiles/opencv_video.dir/lkpyramid.avx512_skx.cpp.o
[1429/1548] Building CXX object modules/objdetect/CMakeFiles/opencv_test_objdetect.dir/test/test_barcode.cpp.o
[1430/1548] Building CXX object modules/objdetect/CMakeFiles/opencv_test_objdetect.dir/test/test_cascadeandhog.cpp.o
[1431/1548] Building CXX object modules/objdetect/CMakeFiles/opencv_test_objdetect.dir/test/test_boarddetection.cpp.o
[1432/1548] Building CXX object modules/objdetect/CMakeFiles/opencv_perf_objdetect.dir/perf/opencl/perf_cascades.cpp.o
[1433/1548] Building CXX object modules/objdetect/CMakeFiles/opencv_perf_objdetect.dir/perf/perf_barcode.cpp.o
[1434/1548] Building CXX object modules/video/CMakeFiles/opencv_test_video.dir/test/ocl/test_dis.cpp.o
[1435/1548] Building CXX object modules/video/CMakeFiles/opencv_test_video.dir/test/test_OF_accuracy.cpp.o
[1436/1548] Building CXX object modules/objdetect/CMakeFiles/opencv_objdetect.dir/src/qrcode.cpp.o
[1437/1548] Building CXX object modules/video/CMakeFiles/opencv_test_video.dir/test/test_camshift.cpp.o
[1438/1548] Building CXX object modules/video/CMakeFiles/opencv_test_video.dir/test/test_bgfg2.cpp.o
[1439/1548] Building CXX object modules/objdetect/CMakeFiles/opencv_perf_objdetect.dir/perf/perf_aruco.cpp.o
[1440/1548] Building CXX object modules/video/CMakeFiles/opencv_test_video.dir/test/test_main.cpp.o
[1441/1548] Building CXX object modules/objdetect/CMakeFiles/opencv_test_objdetect.dir/test/test_qrcode_encode.cpp.o
[1442/1548] Building CXX object modules/video/CMakeFiles/opencv_test_video.dir/test/test_estimaterigid.cpp.o
[1443/1548] Building CXX object modules/video/CMakeFiles/opencv_test_video.dir/test/test_kalman.cpp.o
[1444/1548] Building CXX object modules/video/CMakeFiles/opencv_test_video.dir/test/test_OF_reproducibility.cpp.o
[1445/1548] Building CXX object modules/video/CMakeFiles/opencv_test_video.dir/test/ocl/test_optflowpyrlk.cpp.o
[1446/1548] Building CXX object modules/video/CMakeFiles/opencv_test_video.dir/test/ocl/test_optflow_farneback.cpp.o
[1447/1548] Building CXX object modules/video/CMakeFiles/opencv_test_video.dir/test/ocl/test_bgfg_mog2.cpp.o
[1448/1548] Building CXX object modules/video/CMakeFiles/opencv_test_video.dir/test/test_optflowpyrlk.cpp.o
[1449/1548] Building CXX object modules/objdetect/CMakeFiles/opencv_perf_objdetect.dir/perf/perf_qrcode_pipeline.cpp.o
[1450/1548] Linking CXX shared library lib/libopencv_video.so.4.14.0
[1451/1548] Creating library symlink lib/libopencv_video.so.414 lib/libopencv_video.so
[1452/1548] Building CXX object modules/objdetect/CMakeFiles/opencv_test_objdetect.dir/test/test_arucodetection.cpp.o
[1453/1548] Building CXX object modules/video/CMakeFiles/opencv_test_video.dir/test/test_accum.cpp.o
[1454/1548] Building CXX object modules/objdetect/CMakeFiles/opencv_test_objdetect.dir/test/test_qrcode.cpp.o
[1455/1548] Building CXX object modules/objdetect/CMakeFiles/opencv_test_objdetect.dir/test/test_charucodetection.cpp.o
[1456/1548] Building CXX object modules/video/CMakeFiles/opencv_perf_video.dir/perf/opencl/perf_motempl.cpp.o
[1457/1548] Building CXX object modules/video/CMakeFiles/opencv_test_video.dir/test/test_ecc.cpp.o
[1458/1548] Building CXX object modules/video/CMakeFiles/opencv_perf_video.dir/perf/opencl/perf_dis_optflow.cpp.o
[1459/1548] Building CXX object modules/video/CMakeFiles/opencv_test_video.dir/test/test_trackers.cpp.o
[1460/1548] Building CXX object modules/video/CMakeFiles/opencv_perf_video.dir/perf/opencl/perf_bgfg_knn.cpp.o
[1461/1548] Building CXX object modules/video/CMakeFiles/opencv_perf_video.dir/perf/opencl/perf_bgfg_mog2.cpp.o
[1462/1548] Building CXX object modules/video/CMakeFiles/opencv_perf_video.dir/perf/opencl/perf_optflow_pyrlk.cpp.o
[1463/1548] Linking CXX shared library lib/libopencv_objdetect.so.4.14.0
[1464/1548] Creating library symlink lib/libopencv_objdetect.so.414 lib/libopencv_objdetect.so
[1465/1548] Building CXX object modules/video/CMakeFiles/opencv_perf_video.dir/perf/perf_main.cpp.o
[1466/1548] Building CXX object modules/python3/CMakeFiles/opencv_python3.dir/__/src2/cv2_numpy.cpp.o
[1467/1548] Building CXX object apps/interactive-calibration/CMakeFiles/opencv_interactive-calibration.dir/calibController.cpp.o
[1468/1548] Building CXX object modules/python3/CMakeFiles/opencv_python3.dir/__/src2/cv2_util.cpp.o
[1469/1548] Building CXX object modules/python3/CMakeFiles/opencv_python3.dir/__/src2/cv2_highgui.cpp.o
[1470/1548] Building CXX object apps/interactive-calibration/CMakeFiles/opencv_interactive-calibration.dir/rotationConverters.cpp.o
[1471/1548] Building CXX object modules/video/CMakeFiles/opencv_perf_video.dir/perf/opencl/perf_optflow_farneback.cpp.o
[1472/1548] Building CXX object apps/interactive-calibration/CMakeFiles/opencv_interactive-calibration.dir/calibPipeline.cpp.o
[1473/1548] Building CXX object apps/interactive-calibration/CMakeFiles/opencv_interactive-calibration.dir/parametersController.cpp.o
[1474/1548] Building CXX object modules/video/CMakeFiles/opencv_perf_video.dir/perf/perf_bgfg_knn.cpp.o
[1475/1548] Building CXX object samples/dnn/CMakeFiles/example_dnn_colorization.dir/colorization.cpp.o
[1476/1548] Building CXX object apps/interactive-calibration/CMakeFiles/opencv_interactive-calibration.dir/main.cpp.o
[1477/1548] Building CXX object modules/python3/CMakeFiles/opencv_python3.dir/__/src2/cv2_convert.cpp.o
[1478/1548] Linking CXX executable bin/example_dnn_colorization
[1479/1548] Building CXX object apps/interactive-calibration/CMakeFiles/opencv_interactive-calibration.dir/frameProcessor.cpp.o
[1480/1548] Building CXX object samples/dnn/CMakeFiles/example_dnn_classification.dir/classification.cpp.o
[1481/1548] Building CXX object modules/video/CMakeFiles/opencv_perf_video.dir/perf/perf_disflow.cpp.o
[1482/1548] Building CXX object samples/dnn/CMakeFiles/example_dnn_dasiamrpn_tracker.dir/dasiamrpn_tracker.cpp.o
[1483/1548] Building CXX object modules/video/CMakeFiles/opencv_perf_video.dir/perf/perf_bgfg_mog2.cpp.o
[1484/1548] Linking CXX executable bin/example_dnn_classification
[1485/1548] Building CXX object modules/video/CMakeFiles/opencv_perf_video.dir/perf/perf_trackers.cpp.o
[1486/1548] Building CXX object samples/dnn/CMakeFiles/example_dnn_face_detect.dir/face_detect.cpp.o
[1487/1548] Linking CXX executable bin/example_dnn_dasiamrpn_tracker
[1488/1548] Building CXX object modules/video/CMakeFiles/opencv_perf_video.dir/perf/perf_variational_refinement.cpp.o
[1489/1548] Building CXX object samples/dnn/CMakeFiles/example_dnn_human_parsing.dir/human_parsing.cpp.o
[1490/1548] Building CXX object samples/dnn/CMakeFiles/example_dnn_nanotrack_tracker.dir/nanotrack_tracker.cpp.o
[1491/1548] Linking CXX executable bin/example_dnn_face_detect
[1492/1548] Linking CXX executable bin/example_dnn_human_parsing
[1493/1548] Linking CXX executable bin/opencv_interactive-calibration
[1494/1548] Linking CXX executable bin/example_dnn_nanotrack_tracker
[1495/1548] Building CXX object modules/video/CMakeFiles/opencv_perf_video.dir/perf/perf_ecc.cpp.o
[1496/1548] Building CXX object samples/dnn/CMakeFiles/example_dnn_openpose.dir/openpose.cpp.o
[1497/1548] Linking CXX executable bin/example_dnn_openpose
[1498/1548] Building CXX object samples/dnn/CMakeFiles/example_dnn_scene_text_spotting.dir/scene_text_spotting.cpp.o
[1499/1548] Building CXX object samples/dnn/CMakeFiles/example_dnn_scene_text_recognition.dir/scene_text_recognition.cpp.o
[1500/1548] Building CXX object samples/dnn/CMakeFiles/example_dnn_person_reid.dir/person_reid.cpp.o
[1501/1548] Building CXX object samples/dnn/CMakeFiles/example_dnn_scene_text_detection.dir/scene_text_detection.cpp.o
[1502/1548] Linking CXX executable bin/example_dnn_scene_text_spotting
[1503/1548] Linking CXX executable bin/example_dnn_scene_text_recognition
[1504/1548] Building CXX object samples/dnn/CMakeFiles/example_dnn_text_detection.dir/text_detection.cpp.o
[1505/1548] Linking CXX executable bin/example_dnn_scene_text_detection
[1506/1548] Linking CXX executable bin/example_dnn_person_reid
[1507/1548] Building CXX object samples/tapi/CMakeFiles/example_tapi_bgfg_segm.dir/bgfg_segm.cpp.o
[1508/1548] Building CXX object samples/dnn/CMakeFiles/example_dnn_vit_tracker.dir/vit_tracker.cpp.o
[1509/1548] Building CXX object samples/dnn/CMakeFiles/example_dnn_segmentation.dir/segmentation.cpp.o
[1510/1548] Building CXX object samples/dnn/CMakeFiles/example_dnn_object_detection.dir/object_detection.cpp.o
[1511/1548] Linking CXX executable bin/example_dnn_text_detection
[1512/1548] Linking CXX executable bin/example_tapi_bgfg_segm
[1513/1548] Linking CXX executable bin/example_dnn_segmentation
[1514/1548] Linking CXX executable bin/example_dnn_vit_tracker
[1515/1548] Building CXX object samples/tapi/CMakeFiles/example_tapi_clahe.dir/clahe.cpp.o
[1516/1548] Linking CXX executable bin/example_dnn_object_detection
[1517/1548] Building CXX object samples/dnn/CMakeFiles/example_dnn_speech_recognition.dir/speech_recognition.cpp.o
[1518/1548] Building CXX object samples/tapi/CMakeFiles/example_tapi_opencl_custom_kernel.dir/opencl_custom_kernel.cpp.o
[1519/1548] Building CXX object samples/dnn/CMakeFiles/example_dnn_yolo_detector.dir/yolo_detector.cpp.o
[1520/1548] Building CXX object samples/tapi/CMakeFiles/example_tapi_camshift.dir/camshift.cpp.o
[1521/1548] Building CXX object modules/video/CMakeFiles/opencv_perf_video.dir/perf/perf_optflowpyrlk.cpp.o
[1522/1548] Linking CXX executable bin/example_tapi_clahe
[1523/1548] Building CXX object samples/tapi/CMakeFiles/example_tapi_dense_optical_flow.dir/dense_optical_flow.cpp.o
[1524/1548] Building CXX object samples/tapi/CMakeFiles/example_tapi_video_acceleration.dir/video_acceleration.cpp.o
[1525/1548] Linking CXX executable bin/example_dnn_speech_recognition
[1526/1548] Building CXX object samples/tapi/CMakeFiles/example_tapi_pyrlk_optical_flow.dir/pyrlk_optical_flow.cpp.o
[1527/1548] Building CXX object samples/tapi/CMakeFiles/example_tapi_squares.dir/squares.cpp.o
[1528/1548] Building CXX object samples/tapi/CMakeFiles/example_tapi_hog.dir/hog.cpp.o
[1529/1548] Building CXX object samples/tapi/CMakeFiles/example_tapi_ufacedetect.dir/ufacedetect.cpp.o
[1530/1548] Linking CXX executable bin/example_tapi_opencl_custom_kernel
[1531/1548] Linking CXX executable bin/example_dnn_yolo_detector
[1532/1548] Linking CXX executable bin/example_tapi_camshift
[1533/1548] Linking CXX executable bin/example_tapi_dense_optical_flow
[1534/1548] Linking CXX executable bin/example_tapi_video_acceleration
[1535/1548] Linking CXX executable bin/example_tapi_pyrlk_optical_flow
[1536/1548] Linking CXX executable bin/example_tapi_squares
[1537/1548] Linking CXX executable bin/example_tapi_hog
[1538/1548] Linking CXX executable bin/example_tapi_ufacedetect
[1539/1548] Linking CXX executable bin/opencv_perf_objdetect
[1540/1548] Linking CXX executable bin/opencv_test_video
[1541/1548] Linking CXX executable bin/opencv_perf_video
[1542/1548] Linking CXX executable bin/opencv_test_objdetect
[1543/1548] Linking CXX executable bin/opencv_perf_dnn
[1544/1548] Linking CXX executable bin/opencv_test_imgproc
[1545/1548] Linking CXX executable bin/opencv_test_core
[1546/1548] Building CXX object modules/python3/CMakeFiles/opencv_python3.dir/__/src2/cv2.cpp.o
[1547/1548] Linking CXX shared module lib/python3/cv2.cpython-310-x86_64-linux-gnu.so
[1548/1548] Linking CXX executable bin/opencv_test_dnn
