[ERROR:0@0.037] global persistence.cpp:577 open Can't open file: '/data/xumengying/tool-verify/opencv-verify/src/opencv_extra/testdata/perf/dnn.xml' in read mode
TEST: Skip tests with tags: 'mem_6gb', 'verylong'
CTEST_FULL_OUTPUT
OpenCV version: 4.14.0-pre
OpenCV VCS version: 4.13.0-493-g7aa163b83f
Build type: Release
Compiler: /usr/bin/c++  (ver 11.4.0)
Algorithm hint: ALGO_HINT_ACCURATE
HAL: YES (ipp (ver 0.0.1))
Parallel framework: pthreads (nthreads=30)
CPU features: SSE SSE2 SSE3 *SSE4.1 *SSE4.2 *AVX *FP16 *AVX2 *AVX512-SKX?
Intel(R) IPP version: ippIP AVX2 (l9) 2026.0.0 (-) Jun 30 2026
Intel(R) IPP features code: 0x8000
OpenCL is disabled
[==========] Running 1113 tests from 39 test cases.
[----------] Global test environment set-up.
[----------] 109 tests from Conv
[ RUN      ] Conv.conv/0, where GetParam() = (GFLOPS=3.398, K=[7 x 7], IN={1, 128, 46, 46}, OCN=128, P=[3 x 3], BIAS, OCV/CPU)
IN=1058 Kb [ 1 128 46 46 ]    OUT=1058 Kb [ 1 128 46 46 ]    Weights(parameters): 3137 Kb    MFLOPS=3397.79
[ PERFSTAT ]    (samples=100   mean=24.11   median=23.93   min=19.08   stddev=2.92 (12.1%))
[       OK ] Conv.conv/0 (2542 ms)
[ RUN      ] Conv.conv/1, where GetParam() = (GFLOPS=16.987, K=[5 x 5], IN={1, 1152, 16, 16}, OCN=1152, PM=SAME, OCV/CPU)
IN=1152 Kb [ 1 1152 16 16 ]    OUT=1152 Kb [ 1 1152 16 16 ]    Weights(parameters): 129600 Kb    MFLOPS=16987.2
[ PERFSTAT ]    (samples=100   mean=24.89   median=25.21   min=18.68   stddev=2.27 (9.1%))
[       OK ] Conv.conv/1 (2651 ms)
[ RUN      ] Conv.conv/2, where GetParam() = (GFLOPS=23.122, K=[5 x 5], IN={1, 672, 32, 32}, OCN=672, PM=SAME, OCV/CPU)
IN=2688 Kb [ 1 672 32 32 ]    OUT=2688 Kb [ 1 672 32 32 ]    Weights(parameters): 44100 Kb    MFLOPS=23121.8
[ PERFSTAT ]    (samples=100   mean=41.71   median=40.84   min=33.61   stddev=4.74 (11.4%))
[       OK ] Conv.conv/2 (4410 ms)
[ RUN      ] Conv.conv/3, where GetParam() = (GFLOPS=4.566, K=[7 x 7], IN={1, 172, 46, 46}, OCN=128, P=[3 x 3], BIAS, OCV/CPU)
IN=1422 Kb [ 1 172 46 46 ]    OUT=1058 Kb [ 1 128 46 46 ]    Weights(parameters): 4215 Kb    MFLOPS=4565.68
[ PERFSTAT ]    (samples=100   mean=40.54   median=39.74   min=26.36   stddev=6.40 (15.8%))
[       OK ] Conv.conv/3 (4342 ms)
[ RUN      ] Conv.conv/4, where GetParam() = (GFLOPS=11.797, K=[5 x 5], IN={1, 240, 64, 64}, OCN=240, PM=SAME, OCV/CPU)
IN=3840 Kb [ 1 240 64 64 ]    OUT=3840 Kb [ 1 240 64 64 ]    Weights(parameters): 5625 Kb    MFLOPS=11797.5
[ PERFSTAT ]    (samples=100   mean=9.23   median=8.93   min=7.80   stddev=1.14 (12.3%))
[       OK ] Conv.conv/4 (980 ms)
[ RUN      ] Conv.conv/5, where GetParam() = (GFLOPS=11.797, K=[5 x 5], IN={1, 480, 32, 32}, OCN=480, PM=SAME, OCV/CPU)
IN=1920 Kb [ 1 480 32 32 ]    OUT=1920 Kb [ 1 480 32 32 ]    Weights(parameters): 22500 Kb    MFLOPS=11797
[ PERFSTAT ]    (samples=100   mean=34.67   median=34.04   min=26.99   stddev=4.62 (13.3%))
[       OK ] Conv.conv/5 (3658 ms)
[ RUN      ] Conv.conv/6, where GetParam() = (GFLOPS=5.780, K=[5 x 5], IN={1, 672, 32, 32}, OCN=672, S=[2 x 2], PM=SAME, OCV/CPU)
IN=2688 Kb [ 1 672 32 32 ]    OUT=672 Kb [ 1 672 16 16 ]    Weights(parameters): 44100 Kb    MFLOPS=5780.45
[ PERFSTAT ]    (samples=10   mean=12.74   median=12.68   min=12.23   stddev=0.37 (2.9%))
[       OK ] Conv.conv/6 (197 ms)
[ RUN      ] Conv.conv/7, where GetParam() = (GFLOPS=4.247, K=[5 x 5], IN={1, 144, 128, 128}, OCN=144, S=[2 x 2], PM=SAME, OCV/CPU)
IN=9216 Kb [ 1 144 128 128 ]    OUT=2304 Kb [ 1 144 64 64 ]    Weights(parameters): 2025 Kb    MFLOPS=4247.32
[ PERFSTAT ]    (samples=100   mean=6.73   median=6.72   min=5.38   stddev=0.77 (11.4%))
[       OK ] Conv.conv/7 (706 ms)
[ RUN      ] Conv.conv/8, where GetParam() = (GFLOPS=3.407, K=[3 x 3], IN={1, 512, 19, 19}, OCN=1024, D=[6 x 6], P=[6 x 6], BIAS, OCV/CPU)
IN=722 Kb [ 1 512 19 19 ]    OUT=1444 Kb [ 1 1024 19 19 ]    Weights(parameters): 18436 Kb    MFLOPS=3407.19
[ PERFSTAT ]    (samples=100   mean=7.30   median=7.29   min=6.62   stddev=0.32 (4.4%))
[       OK ] Conv.conv/8 (767 ms)
[ RUN      ] Conv.conv/9, where GetParam() = (GFLOPS=1.598, K=[3 x 3], IN={1, 32, 416, 416}, OCN=64, S=[2 x 2], P=[1 x 1], OCV/CPU)
IN=21632 Kb [ 1 32 416 416 ]    OUT=10816 Kb [ 1 64 208 208 ]    Weights(parameters): 72 Kb    MFLOPS=1597.65
[ PERFSTAT ]    (samples=100   mean=1.90   median=1.69   min=1.19   stddev=0.61 (32.4%))
[       OK ] Conv.conv/9 (222 ms)
[ RUN      ] Conv.conv/10, where GetParam() = (GFLOPS=1.596, K=[3 x 3], IN={1, 64, 208, 208}, OCN=128, S=[2 x 2], P=[1 x 1], OCV/CPU)
IN=10816 Kb [ 1 64 208 208 ]    OUT=5408 Kb [ 1 128 104 104 ]    Weights(parameters): 288 Kb    MFLOPS=1596.27
[ PERFSTAT ]    (samples=100   mean=1.88   median=1.67   min=1.12   stddev=0.66 (34.9%))
[       OK ] Conv.conv/10 (211 ms)
[ RUN      ] Conv.conv/11, where GetParam() = (GFLOPS=1.596, K=[3 x 3], IN={1, 128, 104, 104}, OCN=256, S=[2 x 2], P=[1 x 1], OCV/CPU)
IN=5408 Kb [ 1 128 104 104 ]    OUT=2704 Kb [ 1 256 52 52 ]    Weights(parameters): 1152 Kb    MFLOPS=1595.58
[ PERFSTAT ]    (samples=100   mean=14.66   median=14.65   min=12.70   stddev=1.06 (7.2%))
[       OK ] Conv.conv/11 (1515 ms)
[ RUN      ] Conv.conv/12, where GetParam() = (GFLOPS=1.595, K=[3 x 3], IN={1, 512, 26, 26}, OCN=1024, S=[2 x 2], P=[1 x 1], OCV/CPU)
IN=1352 Kb [ 1 512 26 26 ]    OUT=676 Kb [ 1 1024 13 13 ]    Weights(parameters): 18432 Kb    MFLOPS=1595.06
[ PERFSTAT ]    (samples=25   mean=7.22   median=7.24   min=6.78   stddev=0.20 (2.8%))
[       OK ] Conv.conv/12 (214 ms)
[ RUN      ] Conv.conv/13, where GetParam() = (GFLOPS=2.719, K=[3 x 3], IN={1, 96, 256, 256}, OCN=96, S=[2 x 2], PM=SAME, OCV/CPU)
IN=24576 Kb [ 1 96 256 256 ]    OUT=6144 Kb [ 1 96 128 128 ]    Weights(parameters): 324 Kb    MFLOPS=2719.48
[ PERFSTAT ]    (samples=100   mean=7.18   median=7.12   min=6.74   stddev=0.36 (5.0%))
[       OK ] Conv.conv/13 (769 ms)
[ RUN      ] Conv.conv/14, where GetParam() = (GFLOPS=1.995, K=[9 x 9], IN={1, 3, 320, 400}, OCN=32, P=[4 x 4], BIAS, OCV/CPU)
IN=1500 Kb [ 1 3 320 400 ]    OUT=16000 Kb [ 1 32 320 400 ]    Weights(parameters): 31 Kb    MFLOPS=1994.75
[ PERFSTAT ]    (samples=25   mean=1.51   median=1.50   min=1.43   stddev=0.04 (2.8%))
[       OK ] Conv.conv/14 (44 ms)
[ RUN      ] Conv.conv/15, where GetParam() = (GFLOPS=0.945, K=[3 x 3], IN={1, 32, 320, 320}, OCN=64, S=[2 x 2], P=[1 x 1], BIAS, OCV/CPU)
IN=12800 Kb [ 1 32 320 320 ]    OUT=6400 Kb [ 1 64 160 160 ]    Weights(parameters): 73 Kb    MFLOPS=945.357
[ PERFSTAT ]    (samples=100   mean=0.69   median=0.68   min=0.59   stddev=0.06 (8.7%))
[       OK ] Conv.conv/15 (84 ms)
[ RUN      ] Conv.conv/16, where GetParam() = (GFLOPS=0.945, K=[3 x 3], IN={1, 64, 160, 160}, OCN=128, S=[2 x 2], P=[1 x 1], BIAS, OCV/CPU)
IN=6400 Kb [ 1 64 160 160 ]    OUT=3200 Kb [ 1 128 80 80 ]    Weights(parameters): 289 Kb    MFLOPS=944.538
[ PERFSTAT ]    (samples=100   mean=0.70   median=0.68   min=0.57   stddev=0.06 (8.3%))
[       OK ] Conv.conv/16 (76 ms)
[ RUN      ] Conv.conv/17, where GetParam() = (GFLOPS=0.944, K=[3 x 3], IN={1, 128, 80, 80}, OCN=256, S=[2 x 2], P=[1 x 1], BIAS, OCV/CPU)
IN=3200 Kb [ 1 128 80 80 ]    OUT=1600 Kb [ 1 256 40 40 ]    Weights(parameters): 1153 Kb    MFLOPS=944.128
[ PERFSTAT ]    (samples=10   mean=7.52   median=7.47   min=7.43   stddev=0.13 (1.7%))
[       OK ] Conv.conv/17 (86 ms)
[ RUN      ] Conv.conv/18, where GetParam() = (GFLOPS=0.944, K=[3 x 3], IN={1, 256, 40, 40}, OCN=512, S=[2 x 2], P=[1 x 1], BIAS, OCV/CPU)
IN=1600 Kb [ 1 256 40 40 ]    OUT=800 Kb [ 1 512 20 20 ]    Weights(parameters): 4610 Kb    MFLOPS=943.923
[ PERFSTAT ]    (samples=10   mean=4.71   median=4.69   min=4.67   stddev=0.03 (0.6%))
[       OK ] Conv.conv/18 (59 ms)
[ RUN      ] Conv.conv/19, where GetParam() = (GFLOPS=1.195, K=[9 x 9], IN={1, 32, 240, 320}, OCN=3, P=[4 x 4], BIAS, OCV/CPU)
IN=9600 Kb [ 1 32 240 320 ]    OUT=900 Kb [ 1 3 240 320 ]    Weights(parameters): 31 Kb    MFLOPS=1194.62
[ PERFSTAT ]    (samples=100   mean=5.13   median=5.13   min=4.69   stddev=0.23 (4.4%))
[       OK ] Conv.conv/19 (539 ms)
[ RUN      ] Conv.conv/20, where GetParam() = (GFLOPS=1.182, K=[3 x 3], IN={1, 32, 320, 400}, OCN=64, S=[2 x 2], P=[1 x 1], BIAS, OCV/CPU)
IN=16000 Kb [ 1 32 320 400 ]    OUT=8000 Kb [ 1 64 160 200 ]    Weights(parameters): 73 Kb    MFLOPS=1181.7
[ PERFSTAT ]    (samples=100   mean=0.84   median=0.81   min=0.73   stddev=0.08 (9.1%))
[       OK ] Conv.conv/20 (103 ms)
[ RUN      ] Conv.conv/21, where GetParam() = (GFLOPS=1.181, K=[3 x 3], IN={1, 64, 160, 200}, OCN=128, S=[2 x 2], P=[1 x 1], BIAS, OCV/CPU)
IN=8000 Kb [ 1 64 160 200 ]    OUT=4000 Kb [ 1 128 80 100 ]    Weights(parameters): 289 Kb    MFLOPS=1180.67
[ PERFSTAT ]    (samples=100   mean=0.78   median=0.77   min=0.69   stddev=0.05 (6.7%))
[       OK ] Conv.conv/21 (87 ms)
[ RUN      ] Conv.conv/22, where GetParam() = (GFLOPS=1.062, K=[3 x 3], IN={1, 240, 64, 64}, OCN=240, S=[2 x 2], PM=SAME, OCV/CPU)
IN=3840 Kb [ 1 240 64 64 ]    OUT=960 Kb [ 1 240 32 32 ]    Weights(parameters): 2025 Kb    MFLOPS=1061.93
[ PERFSTAT ]    (samples=10   mean=8.25   median=8.23   min=8.14   stddev=0.13 (1.6%))
[       OK ] Conv.conv/22 (95 ms)
[ RUN      ] Conv.conv/23, where GetParam() = (GFLOPS=0.237, K=[3 x 3], IN={1, 16, 320, 320}, OCN=32, S=[2 x 2], P=[1 x 1], BIAS, OCV/CPU)
IN=6400 Kb [ 1 16 320 320 ]    OUT=3200 Kb [ 1 32 160 160 ]    Weights(parameters): 19 Kb    MFLOPS=236.749
[ PERFSTAT ]    (samples=100   mean=0.26   median=0.26   min=0.23   stddev=0.02 (6.4%))
[       OK ] Conv.conv/23 (34 ms)
[ RUN      ] Conv.conv/24, where GetParam() = (GFLOPS=0.236, K=[3 x 3], IN={1, 32, 160, 160}, OCN=64, S=[2 x 2], P=[1 x 1], BIAS, OCV/CPU)
IN=3200 Kb [ 1 32 160 160 ]    OUT=1600 Kb [ 1 64 80 80 ]    Weights(parameters): 73 Kb    MFLOPS=236.339
[ PERFSTAT ]    (samples=100   mean=0.25   median=0.25   min=0.22   stddev=0.01 (5.0%))
[       OK ] Conv.conv/24 (29 ms)
[ RUN      ] Conv.conv/25, where GetParam() = (GFLOPS=0.236, K=[3 x 3], IN={1, 64, 80, 80}, OCN=128, S=[2 x 2], P=[1 x 1], BIAS, OCV/CPU)
IN=1600 Kb [ 1 64 80 80 ]    OUT=800 Kb [ 1 128 40 40 ]    Weights(parameters): 289 Kb    MFLOPS=236.134
[ PERFSTAT ]    (samples=10   mean=5.54   median=5.53   min=5.48   stddev=0.04 (0.7%))
[       OK ] Conv.conv/25 (62 ms)
[ RUN      ] Conv.conv/26, where GetParam() = (GFLOPS=0.896, K=[5 x 5], IN={1, 96, 27, 27}, OCN=256, G=2, P=[2 x 2], BIAS, OCV/CPU)
IN=274 Kb [ 1 96 27 27 ]    OUT=729 Kb [ 1 256 27 27 ]    Weights(parameters): 1201 Kb    MFLOPS=895.982
[ PERFSTAT ]    (samples=13   mean=3.67   median=3.64   min=3.60   stddev=0.08 (2.1%))
[       OK ] Conv.conv/26 (53 ms)
[ RUN      ] Conv.conv/27, where GetParam() = (GFLOPS=0.850, K=[7 x 7], IN={1, 3, 600, 800}, OCN=24, S=[2 x 2], PM=SAME, OCV/CPU)
IN=5625 Kb [ 1 3 600 800 ]    OUT=11250 Kb [ 1 24 300 400 ]    Weights(parameters): 14 Kb    MFLOPS=849.6
[ PERFSTAT ]    (samples=100   mean=0.94   median=0.94   min=0.86   stddev=0.04 (3.9%))
[       OK ] Conv.conv/27 (106 ms)
[ RUN      ] Conv.conv/28, where GetParam() = (GFLOPS=0.356, K=[6 x 6], IN={1, 3, 640, 640}, OCN=16, S=[2 x 2], P=[2 x 2], BIAS, OCV/CPU)
IN=4800 Kb [ 1 3 640 640 ]    OUT=6400 Kb [ 1 16 320 320 ]    Weights(parameters): 7 Kb    MFLOPS=355.533
[ PERFSTAT ]    (samples=46   mean=0.55   median=0.55   min=0.52   stddev=0.02 (3.0%))
[       OK ] Conv.conv/28 (30 ms)
[ RUN      ] Conv.conv/29, where GetParam() = (GFLOPS=0.701, K=[3 x 3], IN={1, 128, 75, 100}, OCN=160, S=[2 x 2], PM=SAME, BIAS, OCV/CPU)
IN=3750 Kb [ 1 128 75 100 ]    OUT=1188 Kb [ 1 160 38 50 ]    Weights(parameters): 721 Kb    MFLOPS=700.72
[ PERFSTAT ]    (samples=10   mean=8.73   median=8.73   min=8.54   stddev=0.16 (1.9%))
[       OK ] Conv.conv/29 (99 ms)
[ RUN      ] Conv.conv/30, where GetParam() = (GFLOPS=0.483, K=[7 x 7], IN={1, 3, 320, 320}, OCN=64, S=[2 x 2], P=[3 x 3], OCV/CPU)
IN=1200 Kb [ 1 3 320 320 ]    OUT=6400 Kb [ 1 64 160 160 ]    Weights(parameters): 37 Kb    MFLOPS=483.328
[ PERFSTAT ]    (samples=100   mean=0.49   median=0.48   min=0.42   stddev=0.03 (6.8%))
[       OK ] Conv.conv/30 (54 ms)
[ RUN      ] Conv.conv/31, where GetParam() = (GFLOPS=0.472, K=[3 x 3], IN={1, 512, 19, 19}, OCN=512, S=[2 x 2], PM=SAME, OCV/CPU)
IN=722 Kb [ 1 512 19 19 ]    OUT=200 Kb [ 1 512 10 10 ]    Weights(parameters): 9216 Kb    MFLOPS=471.91
[ PERFSTAT ]    (samples=10   mean=3.21   median=3.22   min=3.18   stddev=0.03 (1.0%))
[       OK ] Conv.conv/31 (45 ms)
[ RUN      ] Conv.conv/32, where GetParam() = (GFLOPS=0.426, K=[3 x 3], IN={1, 128, 75, 75}, OCN=128, S=[2 x 2], PM=SAME, OCV/CPU)
IN=2813 Kb [ 1 128 75 75 ]    OUT=722 Kb [ 1 128 38 38 ]    Weights(parameters): 576 Kb    MFLOPS=426.038
[ PERFSTAT ]    (samples=10   mean=7.58   median=7.53   min=7.44   stddev=0.15 (2.0%))
[       OK ] Conv.conv/32 (87 ms)
[ RUN      ] Conv.conv/33, where GetParam() = (GFLOPS=0.426, K=[3 x 3], IN={1, 256, 38, 38}, OCN=256, S=[2 x 2], PM=SAME, OCV/CPU)
IN=1444 Kb [ 1 256 38 38 ]    OUT=361 Kb [ 1 256 19 19 ]    Weights(parameters): 2304 Kb    MFLOPS=425.945
[ PERFSTAT ]    (samples=10   mean=5.66   median=5.65   min=5.64   stddev=0.02 (0.3%))
[       OK ] Conv.conv/33 (66 ms)
[ RUN      ] Conv.conv/34, where GetParam() = (GFLOPS=0.415, K=[3 x 3], IN={1, 64, 150, 150}, OCN=64, S=[2 x 2], PM=SAME, OCV/CPU)
IN=5625 Kb [ 1 64 150 150 ]    OUT=1407 Kb [ 1 64 75 75 ]    Weights(parameters): 144 Kb    MFLOPS=415.08
[ PERFSTAT ]    (samples=100   mean=0.43   median=0.42   min=0.35   stddev=0.04 (10.1%))
[       OK ] Conv.conv/34 (53 ms)
[ RUN      ] Conv.conv/35, where GetParam() = (GFLOPS=0.399, K=[3 x 3], IN={1, 32, 208, 208}, OCN=64, S=[2 x 2], P=[1 x 1], OCV/CPU)
IN=5408 Kb [ 1 32 208 208 ]    OUT=2704 Kb [ 1 64 104 104 ]    Weights(parameters): 72 Kb    MFLOPS=399.413
[ PERFSTAT ]    (samples=100   mean=0.32   median=0.32   min=0.28   stddev=0.02 (6.3%))
[       OK ] Conv.conv/35 (38 ms)
[ RUN      ] Conv.conv/36, where GetParam() = (GFLOPS=0.090, K=[3 x 3], IN={1, 3, 640, 640}, OCN=16, S=[2 x 2], P=[1 x 1], BIAS, OCV/CPU)
IN=4800 Kb [ 1 3 640 640 ]    OUT=6400 Kb [ 1 16 320 320 ]    Weights(parameters): 2 Kb    MFLOPS=90.112
[ PERFSTAT ]    (samples=100   mean=0.25   median=0.25   min=0.22   stddev=0.01 (5.6%))
[       OK ] Conv.conv/36 (30 ms)
[ RUN      ] Conv.conv/37, where GetParam() = (GFLOPS=0.170, K=[3 x 3], IN={1, 64, 96, 96}, OCN=64, S=[2 x 2], PM=SAME, BIAS, OCV/CPU)
IN=2304 Kb [ 1 64 96 96 ]    OUT=576 Kb [ 1 64 48 48 ]    Weights(parameters): 145 Kb    MFLOPS=170.017
[ PERFSTAT ]    (samples=10   mean=3.32   median=3.36   min=3.20   stddev=0.09 (2.8%))
[       OK ] Conv.conv/37 (38 ms)
[ RUN      ] Conv.conv/38, where GetParam() = (GFLOPS=0.315, K=[3 x 3], IN={1, 96, 75, 100}, OCN=96, S=[2 x 2], PM=SAME, BIAS, OCV/CPU)
IN=2813 Kb [ 1 96 75 100 ]    OUT=713 Kb [ 1 96 38 50 ]    Weights(parameters): 325 Kb    MFLOPS=315.37
[ PERFSTAT ]    (samples=16   mean=6.61   median=6.67   min=6.13   stddev=0.20 (3.0%))
[       OK ] Conv.conv/38 (116 ms)
[ RUN      ] Conv.conv/39, where GetParam() = (GFLOPS=0.240, K=[3 x 3], IN={1, 192, 38, 38}, OCN=192, S=[2 x 2], PM=SAME, OCV/CPU)
IN=1083 Kb [ 1 192 38 38 ]    OUT=271 Kb [ 1 192 19 19 ]    Weights(parameters): 1296 Kb    MFLOPS=239.612
[ PERFSTAT ]    (samples=13   mean=3.97   median=3.96   min=3.88   stddev=0.07 (1.8%))
[       OK ] Conv.conv/39 (58 ms)
[ RUN      ] Conv.conv/40, where GetParam() = (GFLOPS=0.237, K=[7 x 7], IN={1, 3, 224, 224}, OCN=64, S=[2 x 2], P=[3 x 3], OCV/CPU)
IN=588 Kb [ 1 3 224 224 ]    OUT=3136 Kb [ 1 64 112 112 ]    Weights(parameters): 37 Kb    MFLOPS=236.831
[ PERFSTAT ]    (samples=100   mean=0.24   median=0.24   min=0.21   stddev=0.02 (6.5%))
[       OK ] Conv.conv/40 (26 ms)
[ RUN      ] Conv.conv/41, where GetParam() = (GFLOPS=0.213, K=[3 x 3], IN={1, 128, 38, 38}, OCN=256, S=[2 x 2], P=[1 x 1], OCV/CPU)
IN=722 Kb [ 1 128 38 38 ]    OUT=361 Kb [ 1 256 19 19 ]    Weights(parameters): 1152 Kb    MFLOPS=213.019
[ PERFSTAT ]    (samples=10   mean=2.66   median=2.66   min=2.63   stddev=0.02 (0.7%))
[       OK ] Conv.conv/41 (31 ms)
[ RUN      ] Conv.conv/42, where GetParam() = (GFLOPS=0.213, K=[3 x 3], IN={1, 128, 19, 19}, OCN=256, D=[2 x 2], P=[2 x 2], OCV/CPU)
IN=181 Kb [ 1 128 19 19 ]    OUT=361 Kb [ 1 256 19 19 ]    Weights(parameters): 1152 Kb    MFLOPS=213.019
[ PERFSTAT ]    (samples=10   mean=1.41   median=1.41   min=1.37   stddev=0.02 (1.8%))
[       OK ] Conv.conv/42 (17 ms)
[ RUN      ] Conv.conv/43, where GetParam() = (GFLOPS=0.212, K=[7 x 7], IN={1, 3, 300, 300}, OCN=32, S=[2 x 2], P=[3 x 3], BIAS, OCV/CPU)
IN=1055 Kb [ 1 3 300 300 ]    OUT=2813 Kb [ 1 32 150 150 ]    Weights(parameters): 19 Kb    MFLOPS=212.4
[ PERFSTAT ]    (samples=100   mean=0.31   median=0.31   min=0.26   stddev=0.02 (7.6%))
[       OK ] Conv.conv/43 (34 ms)
[ RUN      ] Conv.conv/44, where GetParam() = (GFLOPS=0.211, K=[11 x 11], IN={1, 3, 227, 227}, OCN=96, S=[4 x 4], BIAS, OCV/CPU)
IN=604 Kb [ 1 3 227 227 ]    OUT=1135 Kb [ 1 96 55 55 ]    Weights(parameters): 137 Kb    MFLOPS=211.121
[ PERFSTAT ]    (samples=100   mean=0.25   median=0.25   min=0.21   stddev=0.02 (7.6%))
[       OK ] Conv.conv/44 (27 ms)
[ RUN      ] Conv.conv/45, where GetParam() = (GFLOPS=0.159, K=[7 x 7], IN={1, 3, 300, 300}, OCN=24, S=[2 x 2], PM=SAME, OCV/CPU)
IN=1055 Kb [ 1 3 300 300 ]    OUT=2110 Kb [ 1 24 150 150 ]    Weights(parameters): 14 Kb    MFLOPS=159.3
[ PERFSTAT ]    (samples=100   mean=0.25   median=0.25   min=0.21   stddev=0.01 (5.7%))
[       OK ] Conv.conv/45 (27 ms)
[ RUN      ] Conv.conv/46, where GetParam() = (GFLOPS=0.133, K=[3 x 3], IN={1, 128, 38, 38}, OCN=160, S=[2 x 2], PM=SAME, BIAS, OCV/CPU)
IN=722 Kb [ 1 128 38 38 ]    OUT=226 Kb [ 1 160 19 19 ]    Weights(parameters): 721 Kb    MFLOPS=133.137
[ PERFSTAT ]    (samples=10   mean=1.37   median=1.37   min=1.34   stddev=0.02 (1.6%))
[       OK ] Conv.conv/46 (16 ms)
[ RUN      ] Conv.conv/47, where GetParam() = (GFLOPS=0.120, K=[5 x 5], IN={1, 32, 28, 28}, OCN=96, P=[2 x 2], BIAS, OCV/CPU)
IN=98 Kb [ 1 32 28 28 ]    OUT=294 Kb [ 1 96 28 28 ]    Weights(parameters): 301 Kb    MFLOPS=120.498
[ PERFSTAT ]    (samples=10   mean=2.21   median=2.19   min=2.18   stddev=0.03 (1.2%))
[       OK ] Conv.conv/47 (25 ms)
[ RUN      ] Conv.conv/48, where GetParam() = (GFLOPS=0.060, K=[3 x 3], IN={1, 3, 736, 736}, OCN=8, S=[2 x 2], P=[1 x 1], BIAS, OCV/CPU)
IN=6348 Kb [ 1 3 736 736 ]    OUT=4232 Kb [ 1 8 368 368 ]    Weights(parameters): 1 Kb    MFLOPS=59.5866
[ PERFSTAT ]    (samples=100   mean=0.21   median=0.21   min=0.19   stddev=0.01 (5.0%))
[       OK ] Conv.conv/48 (32 ms)
[ RUN      ] Conv.conv/49, where GetParam() = (GFLOPS=0.118, K=[3 x 3], IN={1, 64, 80, 80}, OCN=64, S=[2 x 2], P=[1 x 1], OCV/CPU)
IN=1600 Kb [ 1 64 80 80 ]    OUT=400 Kb [ 1 64 40 40 ]    Weights(parameters): 144 Kb    MFLOPS=118.067
[ PERFSTAT ]    (samples=11   mean=3.60   median=3.56   min=3.44   stddev=0.11 (3.0%))
[       OK ] Conv.conv/49 (45 ms)
[ RUN      ] Conv.conv/50, where GetParam() = (GFLOPS=0.118, K=[3 x 3], IN={1, 128, 40, 40}, OCN=128, S=[2 x 2], P=[1 x 1], OCV/CPU)
IN=800 Kb [ 1 128 40 40 ]    OUT=200 Kb [ 1 128 20 20 ]    Weights(parameters): 576 Kb    MFLOPS=118.016
[ PERFSTAT ]    (samples=10   mean=1.59   median=1.60   min=1.57   stddev=0.01 (0.8%))
[       OK ] Conv.conv/50 (19 ms)
[ RUN      ] Conv.conv/51, where GetParam() = (GFLOPS=0.115, K=[3 x 3], IN={1, 3, 512, 512}, OCN=32, S=[2 x 2], PM=SAME, OCV/CPU)
IN=3072 Kb [ 1 3 512 512 ]    OUT=8192 Kb [ 1 32 256 256 ]    Weights(parameters): 4 Kb    MFLOPS=115.343
[ PERFSTAT ]    (samples=100   mean=0.28   median=0.28   min=0.22   stddev=0.02 (7.9%))
[       OK ] Conv.conv/51 (33 ms)
[ RUN      ] Conv.conv/52, where GetParam() = (GFLOPS=0.107, K=[3 x 3], IN={1, 32, 75, 75}, OCN=128, S=[2 x 2], P=[1 x 1], OCV/CPU)
IN=704 Kb [ 1 32 75 75 ]    OUT=722 Kb [ 1 128 38 38 ]    Weights(parameters): 144 Kb    MFLOPS=106.648
[ PERFSTAT ]    (samples=10   mean=1.30   median=1.30   min=1.29   stddev=0.00 (0.4%))
[       OK ] Conv.conv/52 (15 ms)
[ RUN      ] Conv.conv/53, where GetParam() = (GFLOPS=0.050, K=[2 x 2], IN={1, 512, 2, 25}, OCN=512, BIAS, OCV/CPU)
IN=100 Kb [ 1 512 2 25 ]    OUT=48 Kb [ 1 512 1 24 ]    Weights(parameters): 4098 Kb    MFLOPS=50.3439
[ PERFSTAT ]    (samples=100   mean=0.37   median=0.37   min=0.33   stddev=0.02 (4.1%))
[       OK ] Conv.conv/53 (44 ms)
[ RUN      ] Conv.conv/54, where GetParam() = (GFLOPS=0.044, K=[5 x 5], IN={1, 3, 192, 192}, OCN=32, S=[2 x 2], P=[1 x 1], BIAS, OCV/CPU)
IN=432 Kb [ 1 3 192 192 ]    OUT=1129 Kb [ 1 32 95 95 ]    Weights(parameters): 10 Kb    MFLOPS=43.6088
[ PERFSTAT ]    (samples=100   mean=0.09   median=0.09   min=0.08   stddev=0.01 (6.0%))
[       OK ] Conv.conv/54 (10 ms)
[ RUN      ] Conv.conv/55, where GetParam() = (GFLOPS=0.042, K=[3 x 3], IN={1, 128, 48, 48}, OCN=32, S=[2 x 2], PM=SAME, BIAS, OCV/CPU)
IN=1152 Kb [ 1 128 48 48 ]    OUT=72 Kb [ 1 32 24 24 ]    Weights(parameters): 145 Kb    MFLOPS=42.4858
[ PERFSTAT ]    (samples=25   mean=1.21   median=1.21   min=1.13   stddev=0.03 (2.8%))
[       OK ] Conv.conv/55 (33 ms)
[ RUN      ] Conv.conv/56, where GetParam() = (GFLOPS=0.021, K=[5 x 1], IN={1, 32, 32, 64}, OCN=32, OCV/CPU)
IN=256 Kb [ 1 32 32 64 ]    OUT=256 Kb [ 1 32 32 64 ]    Weights(parameters): 20 Kb    MFLOPS=21.0371
[ PERFSTAT ]    (samples=100   mean=0.39   median=0.39   min=0.36   stddev=0.01 (3.3%))
[       OK ] Conv.conv/56 (40 ms)
[ RUN      ] Conv.conv/57, where GetParam() = (GFLOPS=0.021, K=[1 x 5], IN={1, 32, 32, 64}, OCN=32, BIAS, OCV/CPU)
IN=256 Kb [ 1 32 32 64 ]    OUT=256 Kb [ 1 32 32 64 ]    Weights(parameters): 21 Kb    MFLOPS=21.0371
[ PERFSTAT ]    (samples=100   mean=0.39   median=0.39   min=0.35   stddev=0.02 (4.1%))
[       OK ] Conv.conv/57 (41 ms)
[ RUN      ] Conv.conv/58, where GetParam() = (GFLOPS=0.076, K=[3 x 3], IN={1, 3, 416, 416}, OCN=32, S=[2 x 2], P=[1 x 1], OCV/CPU)
IN=2028 Kb [ 1 3 416 416 ]    OUT=5408 Kb [ 1 32 208 208 ]    Weights(parameters): 4 Kb    MFLOPS=76.1446
[ PERFSTAT ]    (samples=100   mean=0.18   median=0.18   min=0.16   stddev=0.01 (6.8%))
[       OK ] Conv.conv/58 (22 ms)
[ RUN      ] Conv.conv/59, where GetParam() = (GFLOPS=0.038, K=[3 x 3], IN={1, 32, 32, 64}, OCN=32, D=[8 x 8], P=[8 x 8], BIAS, OCV/CPU)
IN=256 Kb [ 1 32 32 64 ]    OUT=256 Kb [ 1 32 32 64 ]    Weights(parameters): 37 Kb    MFLOPS=37.8143
[ PERFSTAT ]    (samples=10   mean=0.60   median=0.60   min=0.58   stddev=0.01 (2.3%))
[       OK ] Conv.conv/59 (7 ms)
[ RUN      ] Conv.conv/60, where GetParam() = (GFLOPS=0.038, K=[3 x 3], IN={1, 32, 32, 64}, OCN=32, D=[4 x 4], P=[4 x 4], BIAS, OCV/CPU)
IN=256 Kb [ 1 32 32 64 ]    OUT=256 Kb [ 1 32 32 64 ]    Weights(parameters): 37 Kb    MFLOPS=37.8143
[ PERFSTAT ]    (samples=10   mean=0.59   median=0.59   min=0.58   stddev=0.02 (2.6%))
[       OK ] Conv.conv/60 (7 ms)
[ RUN      ] Conv.conv/61, where GetParam() = (GFLOPS=0.038, K=[3 x 3], IN={1, 32, 32, 64}, OCN=32, D=[2 x 2], P=[2 x 2], BIAS, OCV/CPU)
IN=256 Kb [ 1 32 32 64 ]    OUT=256 Kb [ 1 32 32 64 ]    Weights(parameters): 37 Kb    MFLOPS=37.8143
[ PERFSTAT ]    (samples=10   mean=0.60   median=0.60   min=0.58   stddev=0.02 (2.6%))
[       OK ] Conv.conv/61 (7 ms)
[ RUN      ] Conv.conv/62, where GetParam() = (GFLOPS=0.038, K=[3 x 3], IN={1, 32, 32, 64}, OCN=32, D=[16 x 16], P=[16 x 16], BIAS, OCV/CPU)
IN=256 Kb [ 1 32 32 64 ]    OUT=256 Kb [ 1 32 32 64 ]    Weights(parameters): 37 Kb    MFLOPS=37.8143
[ PERFSTAT ]    (samples=10   mean=0.60   median=0.59   min=0.58   stddev=0.01 (2.1%))
[       OK ] Conv.conv/62 (7 ms)
[ RUN      ] Conv.conv/63, where GetParam() = (GFLOPS=0.032, K=[3 x 3], IN={1, 3, 192, 192}, OCN=64, S=[2 x 2], PM=SAME, BIAS, OCV/CPU)
IN=432 Kb [ 1 3 192 192 ]    OUT=2304 Kb [ 1 64 96 96 ]    Weights(parameters): 7 Kb    MFLOPS=32.4403
[ PERFSTAT ]    (samples=100   mean=0.09   median=0.09   min=0.08   stddev=0.01 (5.6%))
[       OK ] Conv.conv/63 (10 ms)
[ RUN      ] Conv.conv/64, where GetParam() = (GFLOPS=0.060, K=[3 x 3], IN={1, 96, 38, 38}, OCN=96, S=[2 x 2], PM=SAME, BIAS, OCV/CPU)
IN=542 Kb [ 1 96 38 38 ]    OUT=136 Kb [ 1 96 19 19 ]    Weights(parameters): 325 Kb    MFLOPS=59.9202
[ PERFSTAT ]    (samples=10   mean=0.56   median=0.55   min=0.54   stddev=0.01 (2.6%))
[       OK ] Conv.conv/64 (8 ms)
[ RUN      ] Conv.conv/65, where GetParam() = (GFLOPS=0.059, K=[3 x 3], IN={1, 256, 10, 10}, OCN=512, S=[2 x 2], P=[1 x 1], BIAS, OCV/CPU)
IN=100 Kb [ 1 256 10 10 ]    OUT=50 Kb [ 1 512 5 5 ]    Weights(parameters): 4610 Kb    MFLOPS=58.9952
[ PERFSTAT ]    (samples=10   mean=0.69   median=0.69   min=0.67   stddev=0.02 (2.5%))
[       OK ] Conv.conv/65 (12 ms)
[ RUN      ] Conv.conv/66, where GetParam() = (GFLOPS=0.045, K=[3 x 3], IN={1, 3, 227, 227}, OCN=64, S=[2 x 2], BIAS, OCV/CPU)
IN=604 Kb [ 1 3 227 227 ]    OUT=3193 Kb [ 1 64 113 113 ]    Weights(parameters): 7 Kb    MFLOPS=44.9469
[ PERFSTAT ]    (samples=100   mean=0.13   median=0.13   min=0.11   stddev=0.01 (7.2%))
[       OK ] Conv.conv/66 (15 ms)
[ RUN      ] Conv.conv/67, where GetParam() = (GFLOPS=0.044, K=[3 x 3], IN={1, 128, 19, 19}, OCN=192, S=[2 x 2], PM=SAME, BIAS, OCV/CPU)
IN=181 Kb [ 1 128 19 19 ]    OUT=75 Kb [ 1 192 10 10 ]    Weights(parameters): 865 Kb    MFLOPS=44.256
[ PERFSTAT ]    (samples=10   mean=0.35   median=0.36   min=0.34   stddev=0.01 (2.1%))
[       OK ] Conv.conv/67 (5 ms)
[ RUN      ] Conv.conv/68, where GetParam() = (GFLOPS=0.043, K=[7 x 7], IN={1, 3, 96, 96}, OCN=64, S=[2 x 2], P=[3 x 3], BIAS, OCV/CPU)
IN=108 Kb [ 1 3 96 96 ]    OUT=576 Kb [ 1 64 48 48 ]    Weights(parameters): 37 Kb    MFLOPS=43.4995
[ PERFSTAT ]    (samples=13   mean=0.63   median=0.64   min=0.60   stddev=0.02 (2.9%))
[       OK ] Conv.conv/68 (9 ms)
[ RUN      ] Conv.conv/69, where GetParam() = (GFLOPS=0.022, K=[3 x 3], IN={1, 3, 224, 224}, OCN=32, S=[2 x 2], BIAS, OCV/CPU)
IN=588 Kb [ 1 3 224 224 ]    OUT=1541 Kb [ 1 32 111 111 ]    Weights(parameters): 4 Kb    MFLOPS=21.685
[ PERFSTAT ]    (samples=100   mean=0.09   median=0.09   min=0.07   stddev=0.01 (8.0%))
[       OK ] Conv.conv/69 (10 ms)
[ RUN      ] Conv.conv/70, where GetParam() = (GFLOPS=0.022, K=[3 x 3], IN={1, 3, 258, 258}, OCN=24, S=[2 x 2], BIAS, OCV/CPU)
IN=781 Kb [ 1 3 258 258 ]    OUT=1536 Kb [ 1 24 128 128 ]    Weights(parameters): 3 Kb    MFLOPS=21.6269
[ PERFSTAT ]    (samples=100   mean=0.08   median=0.08   min=0.07   stddev=0.00 (6.0%))
[       OK ] Conv.conv/70 (10 ms)
[ RUN      ] Conv.conv/71, where GetParam() = (GFLOPS=0.040, K=[3 x 3], IN={1, 3, 300, 300}, OCN=32, S=[2 x 2], P=[1 x 1], BIAS, OCV/CPU)
IN=1055 Kb [ 1 3 300 300 ]    OUT=2813 Kb [ 1 32 150 150 ]    Weights(parameters): 4 Kb    MFLOPS=39.6
[ PERFSTAT ]    (samples=100   mean=0.12   median=0.12   min=0.10   stddev=0.01 (6.1%))
[       OK ] Conv.conv/71 (13 ms)
[ RUN      ] Conv.conv/72, where GetParam() = (GFLOPS=0.034, K=[2 x 2], IN={1, 64, 64, 128}, OCN=32, S=[2 x 2], OCV/CPU)
IN=2048 Kb [ 1 64 64 128 ]    OUT=256 Kb [ 1 32 32 64 ]    Weights(parameters): 32 Kb    MFLOPS=33.62
[ PERFSTAT ]    (samples=100   mean=1.30   median=1.30   min=1.13   stddev=0.06 (4.9%))
[       OK ] Conv.conv/72 (135 ms)
[ RUN      ] Conv.conv/73, where GetParam() = (GFLOPS=0.016, K=[3 x 3], IN={1, 3, 224, 224}, OCN=24, S=[2 x 2], BIAS, OCV/CPU)
IN=588 Kb [ 1 3 224 224 ]    OUT=1156 Kb [ 1 24 111 111 ]    Weights(parameters): 3 Kb    MFLOPS=16.2637
[ PERFSTAT ]    (samples=100   mean=0.08   median=0.08   min=0.06   stddev=0.01 (6.8%))
[       OK ] Conv.conv/73 (9 ms)
[ RUN      ] Conv.conv/74, where GetParam() = (GFLOPS=0.005, K=[3 x 3], IN={1, 16, 48, 48}, OCN=32, S=[2 x 2], PM=SAME, BIAS, OCV/CPU)
IN=144 Kb [ 1 16 48 48 ]    OUT=72 Kb [ 1 32 24 24 ]    Weights(parameters): 19 Kb    MFLOPS=5.32685
[ PERFSTAT ]    (samples=100   mean=0.18   median=0.18   min=0.17   stddev=0.01 (4.0%))
[       OK ] Conv.conv/74 (19 ms)
[ RUN      ] Conv.conv/75, where GetParam() = (GFLOPS=0.005, K=[3 x 3], IN={1, 32, 24, 24}, OCN=64, S=[2 x 2], PM=SAME, BIAS, OCV/CPU)
IN=72 Kb [ 1 32 24 24 ]    OUT=36 Kb [ 1 64 12 12 ]    Weights(parameters): 73 Kb    MFLOPS=5.31763
[ PERFSTAT ]    (samples=14   mean=0.17   median=0.17   min=0.16   stddev=0.00 (3.0%))
[       OK ] Conv.conv/75 (3 ms)
[ RUN      ] Conv.conv/76, where GetParam() = (GFLOPS=0.015, K=[5 x 5], IN={1, 24, 14, 14}, OCN=64, P=[2 x 2], BIAS, OCV/CPU)
IN=19 Kb [ 1 24 14 14 ]    OUT=49 Kb [ 1 64 14 14 ]    Weights(parameters): 151 Kb    MFLOPS=15.0653
[ PERFSTAT ]    (samples=10   mean=0.48   median=0.48   min=0.47   stddev=0.01 (1.7%))
[       OK ] Conv.conv/76 (5 ms)
[ RUN      ] Conv.conv/77, where GetParam() = (GFLOPS=0.029, K=[3 x 3], IN={1, 256, 10, 10}, OCN=256, S=[2 x 2], PM=SAME, OCV/CPU)
IN=100 Kb [ 1 256 10 10 ]    OUT=25 Kb [ 1 256 5 5 ]    Weights(parameters): 2304 Kb    MFLOPS=29.4976
[ PERFSTAT ]    (samples=67   mean=0.29   median=0.29   min=0.27   stddev=0.01 (3.0%))
[       OK ] Conv.conv/77 (23 ms)
[ RUN      ] Conv.conv/78, where GetParam() = (GFLOPS=0.023, K=[3 x 3], IN={1, 3, 256, 512}, OCN=13, S=[2 x 2], P=[1 x 1], BIAS, OCV/CPU)
IN=1536 Kb [ 1 3 256 512 ]    OUT=1664 Kb [ 1 13 128 256 ]    Weights(parameters): 2 Kb    MFLOPS=23.4291
[ PERFSTAT ]    (samples=100   mean=0.10   median=0.10   min=0.09   stddev=0.01 (7.3%))
[       OK ] Conv.conv/78 (13 ms)
[ RUN      ] Conv.conv/79, where GetParam() = (GFLOPS=0.017, K=[2 x 2], IN={1, 16, 128, 256}, OCN=16, S=[2 x 2], OCV/CPU)
IN=2048 Kb [ 1 16 128 256 ]    OUT=512 Kb [ 1 16 64 128 ]    Weights(parameters): 4 Kb    MFLOPS=16.9083
[ PERFSTAT ]    (samples=100   mean=0.08   median=0.08   min=0.06   stddev=0.01 (6.8%))
[       OK ] Conv.conv/79 (11 ms)
[ RUN      ] Conv.conv/80, where GetParam() = (GFLOPS=0.003, K=[3 x 3], IN={1, 16, 48, 48}, OCN=16, S=[2 x 2], PM=SAME, BIAS, OCV/CPU)
IN=144 Kb [ 1 16 48 48 ]    OUT=36 Kb [ 1 16 24 24 ]    Weights(parameters): 10 Kb    MFLOPS=2.66342
[ PERFSTAT ]    (samples=100   mean=0.13   median=0.14   min=0.11   stddev=0.01 (8.1%))
[       OK ] Conv.conv/80 (14 ms)
[ RUN      ] Conv.conv/81, where GetParam() = (GFLOPS=0.015, K=[5 x 5], IN={1, 48, 7, 7}, OCN=128, P=[2 x 2], BIAS, OCV/CPU)
IN=10 Kb [ 1 48 7 7 ]    OUT=25 Kb [ 1 128 7 7 ]    Weights(parameters): 601 Kb    MFLOPS=15.0591
[ PERFSTAT ]    (samples=14   mean=0.27   median=0.27   min=0.26   stddev=0.01 (2.9%))
[       OK ] Conv.conv/81 (5 ms)
[ RUN      ] Conv.conv/82, where GetParam() = (GFLOPS=0.005, K=[3 x 3], IN={1, 3, 256, 256}, OCN=6, S=[2 x 2], P=[1 x 1], BIAS, OCV/CPU)
IN=768 Kb [ 1 3 256 256 ]    OUT=384 Kb [ 1 6 128 128 ]    Weights(parameters): 1 Kb    MFLOPS=5.40672
[ PERFSTAT ]    (samples=100   mean=0.06   median=0.06   min=0.05   stddev=0.00 (6.7%))
[       OK ] Conv.conv/82 (7 ms)
[ RUN      ] Conv.conv/83, where GetParam() = (GFLOPS=0.005, K=[3 x 3], IN={1, 6, 128, 128}, OCN=12, S=[2 x 2], P=[1 x 1], BIAS, OCV/CPU)
IN=384 Kb [ 1 6 128 128 ]    OUT=192 Kb [ 1 12 64 64 ]    Weights(parameters): 3 Kb    MFLOPS=5.35757
[ PERFSTAT ]    (samples=100   mean=0.05   median=0.05   min=0.05   stddev=0.00 (6.5%))
[       OK ] Conv.conv/83 (7 ms)
[ RUN      ] Conv.conv/84, where GetParam() = (GFLOPS=0.005, K=[3 x 3], IN={1, 12, 64, 64}, OCN=24, S=[2 x 2], P=[1 x 1], BIAS, OCV/CPU)
IN=192 Kb [ 1 12 64 64 ]    OUT=96 Kb [ 1 24 32 32 ]    Weights(parameters): 11 Kb    MFLOPS=5.33299
[ PERFSTAT ]    (samples=100   mean=0.20   median=0.20   min=0.17   stddev=0.01 (5.6%))
[       OK ] Conv.conv/84 (21 ms)
[ RUN      ] Conv.conv/85, where GetParam() = (GFLOPS=0.005, K=[3 x 3], IN={1, 24, 32, 32}, OCN=48, S=[2 x 2], P=[1 x 1], BIAS, OCV/CPU)
IN=96 Kb [ 1 24 32 32 ]    OUT=48 Kb [ 1 48 16 16 ]    Weights(parameters): 41 Kb    MFLOPS=5.3207
[ PERFSTAT ]    (samples=10   mean=0.19   median=0.19   min=0.18   stddev=0.00 (2.5%))
[       OK ] Conv.conv/85 (2 ms)
[ RUN      ] Conv.conv/86, where GetParam() = (GFLOPS=0.003, K=[3 x 3], IN={1, 16, 24, 24}, OCN=64, S=[2 x 2], PM=SAME, BIAS, OCV/CPU)
IN=36 Kb [ 1 16 24 24 ]    OUT=36 Kb [ 1 64 12 12 ]    Weights(parameters): 37 Kb    MFLOPS=2.66342
[ PERFSTAT ]    (samples=100   mean=0.09   median=0.09   min=0.09   stddev=0.00 (3.5%))
[       OK ] Conv.conv/86 (10 ms)
[ RUN      ] Conv.conv/87, where GetParam() = (GFLOPS=0.010, K=[5 x 5], IN={1, 32, 7, 7}, OCN=128, P=[2 x 2], BIAS, OCV/CPU)
IN=7 Kb [ 1 32 7 7 ]    OUT=25 Kb [ 1 128 7 7 ]    Weights(parameters): 401 Kb    MFLOPS=10.0415
[ PERFSTAT ]    (samples=100   mean=0.28   median=0.28   min=0.26   stddev=0.01 (3.9%))
[       OK ] Conv.conv/87 (29 ms)
[ RUN      ] Conv.conv/88, where GetParam() = (GFLOPS=0.008, K=[5 x 5], IN={1, 16, 14, 14}, OCN=48, P=[2 x 2], BIAS, OCV/CPU)
IN=13 Kb [ 1 16 14 14 ]    OUT=37 Kb [ 1 48 14 14 ]    Weights(parameters): 76 Kb    MFLOPS=7.53581
[ PERFSTAT ]    (samples=13   mean=0.25   median=0.24   min=0.24   stddev=0.01 (2.9%))
[       OK ] Conv.conv/88 (4 ms)
[ RUN      ] Conv.conv/89, where GetParam() = (GFLOPS=0.007, K=[3 x 3], IN={1, 160, 6, 6}, OCN=256, S=[2 x 2], P=[1 x 1], BIAS, OCV/CPU)
IN=23 Kb [ 1 160 6 6 ]    OUT=9 Kb [ 1 256 3 3 ]    Weights(parameters): 1441 Kb    MFLOPS=6.63782
[ PERFSTAT ]    (samples=100   mean=0.16   median=0.16   min=0.15   stddev=0.01 (5.1%))
[       OK ] Conv.conv/89 (20 ms)
[ RUN      ] Conv.conv/90, where GetParam() = (GFLOPS=0.003, K=[3 x 3], IN={1, 32, 24, 24}, OCN=32, S=[2 x 2], PM=SAME, BIAS, OCV/CPU)
IN=72 Kb [ 1 32 24 24 ]    OUT=18 Kb [ 1 32 12 12 ]    Weights(parameters): 37 Kb    MFLOPS=2.65882
[ PERFSTAT ]    (samples=100   mean=0.10   median=0.10   min=0.09   stddev=0.00 (3.8%))
[       OK ] Conv.conv/90 (11 ms)
[ RUN      ] Conv.conv/91, where GetParam() = (GFLOPS=0.003, K=[3 x 3], IN={1, 32, 12, 12}, OCN=128, S=[2 x 2], PM=SAME, BIAS, OCV/CPU)
IN=18 Kb [ 1 32 12 12 ]    OUT=18 Kb [ 1 128 6 6 ]    Weights(parameters): 145 Kb    MFLOPS=2.65882
[ PERFSTAT ]    (samples=100   mean=0.08   median=0.08   min=0.07   stddev=0.00 (4.6%))
[       OK ] Conv.conv/91 (9 ms)
[ RUN      ] Conv.conv/92, where GetParam() = (GFLOPS=0.004, K=[5 x 5], IN={1, 16, 12, 12}, OCN=32, P=[2 x 2], BIAS, OCV/CPU)
IN=9 Kb [ 1 16 12 12 ]    OUT=18 Kb [ 1 32 12 12 ]    Weights(parameters): 51 Kb    MFLOPS=3.69101
[ PERFSTAT ]    (samples=100   mean=0.13   median=0.13   min=0.12   stddev=0.01 (4.7%))
[       OK ] Conv.conv/92 (13 ms)
[ RUN      ] Conv.conv/93, where GetParam() = (GFLOPS=0.004, K=[5 x 5], IN={1, 32, 6, 6}, OCN=64, P=[2 x 2], BIAS, OCV/CPU)
IN=5 Kb [ 1 32 6 6 ]    OUT=9 Kb [ 1 64 6 6 ]    Weights(parameters): 201 Kb    MFLOPS=3.6887
[ PERFSTAT ]    (samples=100   mean=0.17   median=0.17   min=0.15   stddev=0.01 (5.4%))
[       OK ] Conv.conv/93 (18 ms)
[ RUN      ] Conv.conv/94, where GetParam() = (GFLOPS=0.004, K=[5 x 5], IN={1, 32, 12, 12}, OCN=64, S=[2 x 2], P=[2 x 2], BIAS, OCV/CPU)
IN=18 Kb [ 1 32 12 12 ]    OUT=9 Kb [ 1 64 6 6 ]    Weights(parameters): 201 Kb    MFLOPS=3.6887
[ PERFSTAT ]    (samples=100   mean=0.18   median=0.18   min=0.16   stddev=0.01 (4.2%))
[       OK ] Conv.conv/94 (19 ms)
[ RUN      ] Conv.conv/95, where GetParam() = (GFLOPS=0.004, K=[5 x 5], IN={1, 64, 6, 6}, OCN=128, S=[2 x 2], P=[2 x 2], BIAS, OCV/CPU)
IN=9 Kb [ 1 64 6 6 ]    OUT=5 Kb [ 1 128 3 3 ]    Weights(parameters): 801 Kb    MFLOPS=3.68755
[ PERFSTAT ]    (samples=100   mean=0.17   median=0.17   min=0.16   stddev=0.01 (3.2%))
[       OK ] Conv.conv/95 (19 ms)
[ RUN      ] Conv.conv/96, where GetParam() = (GFLOPS=0.001, K=[3 x 3], IN={1, 3, 128, 128}, OCN=6, S=[2 x 2], P=[1 x 1], BIAS, OCV/CPU)
IN=192 Kb [ 1 3 128 128 ]    OUT=96 Kb [ 1 6 64 64 ]    Weights(parameters): 1 Kb    MFLOPS=1.35168
[ PERFSTAT ]    (samples=100   mean=0.04   median=0.04   min=0.04   stddev=0.00 (6.1%))
[       OK ] Conv.conv/96 (5 ms)
[ RUN      ] Conv.conv/97, where GetParam() = (GFLOPS=0.001, K=[3 x 3], IN={1, 6, 64, 64}, OCN=12, S=[2 x 2], P=[1 x 1], BIAS, OCV/CPU)
IN=96 Kb [ 1 6 64 64 ]    OUT=48 Kb [ 1 12 32 32 ]    Weights(parameters): 3 Kb    MFLOPS=1.33939
[ PERFSTAT ]    (samples=100   mean=0.09   median=0.09   min=0.07   stddev=0.01 (8.3%))
[       OK ] Conv.conv/97 (10 ms)
[ RUN      ] Conv.conv/98, where GetParam() = (GFLOPS=0.001, K=[3 x 3], IN={1, 12, 32, 32}, OCN=24, S=[2 x 2], P=[1 x 1], BIAS, OCV/CPU)
IN=48 Kb [ 1 12 32 32 ]    OUT=24 Kb [ 1 24 16 16 ]    Weights(parameters): 11 Kb    MFLOPS=1.33325
[ PERFSTAT ]    (samples=100   mean=0.07   median=0.07   min=0.06   stddev=0.00 (6.4%))
[       OK ] Conv.conv/98 (7 ms)
[ RUN      ] Conv.conv/99, where GetParam() = (GFLOPS=0.001, K=[3 x 3], IN={1, 16, 12, 12}, OCN=128, S=[2 x 2], PM=SAME, BIAS, OCV/CPU)
IN=9 Kb [ 1 16 12 12 ]    OUT=18 Kb [ 1 128 6 6 ]    Weights(parameters): 73 Kb    MFLOPS=1.33171
[ PERFSTAT ]    (samples=100   mean=0.05   median=0.05   min=0.05   stddev=0.00 (4.3%))
[       OK ] Conv.conv/99 (6 ms)
[ RUN      ] Conv.conv/100, where GetParam() = (GFLOPS=0.001, K=[3 x 3], IN={1, 24, 16, 16}, OCN=48, S=[2 x 2], P=[1 x 1], BIAS, OCV/CPU)
IN=24 Kb [ 1 24 16 16 ]    OUT=12 Kb [ 1 48 8 8 ]    Weights(parameters): 41 Kb    MFLOPS=1.33018
[ PERFSTAT ]    (samples=100   mean=0.07   median=0.07   min=0.06   stddev=0.00 (3.6%))
[       OK ] Conv.conv/100 (7 ms)
[ RUN      ] Conv.conv/101, where GetParam() = (GFLOPS=0.002, K=[3 x 3], IN={1, 128, 3, 3}, OCN=256, S=[2 x 2], P=[1 x 1], BIAS, OCV/CPU)
IN=5 Kb [ 1 128 3 3 ]    OUT=4 Kb [ 1 256 2 2 ]    Weights(parameters): 1153 Kb    MFLOPS=2.36032
[ PERFSTAT ]    (samples=10   mean=0.12   median=0.12   min=0.11   stddev=0.00 (2.7%))
[       OK ] Conv.conv/101 (3 ms)
[ RUN      ] Conv.conv/102, where GetParam() = (GFLOPS=0.001, K=[3 x 3], IN={1, 128, 3, 3}, OCN=128, S=[2 x 2], PM=SAME, OCV/CPU)
IN=5 Kb [ 1 128 3 3 ]    OUT=2 Kb [ 1 128 2 2 ]    Weights(parameters): 576 Kb    MFLOPS=1.18016
[ PERFSTAT ]    (samples=100   mean=0.10   median=0.10   min=0.09   stddev=0.00 (4.1%))
[       OK ] Conv.conv/102 (11 ms)
[ RUN      ] Conv.conv/103, where GetParam() = (GFLOPS=0.001, K=[3 x 3], IN={1, 16, 24, 24}, OCN=16, S=[2 x 2], PM=SAME, BIAS, OCV/CPU)
IN=36 Kb [ 1 16 24 24 ]    OUT=9 Kb [ 1 16 12 12 ]    Weights(parameters): 10 Kb    MFLOPS=0.665856
[ PERFSTAT ]    (samples=100   mean=0.05   median=0.05   min=0.04   stddev=0.00 (7.4%))
[       OK ] Conv.conv/103 (5 ms)
[ RUN      ] Conv.conv/104, where GetParam() = (GFLOPS=0.000, K=[2 x 2], IN={1, 192, 2, 2}, OCN=195, BIAS, OCV/CPU)
IN=3 Kb [ 1 192 2 2 ]    OUT=1 Kb [ 1 195 1 1 ]    Weights(parameters): 586 Kb    MFLOPS=0.299715
[ PERFSTAT ]    (samples=100   mean=0.07   median=0.07   min=0.06   stddev=0.00 (5.7%))
[       OK ] Conv.conv/104 (9 ms)
[ RUN      ] Conv.conv/105, where GetParam() = (GFLOPS=0.000, K=[2 x 2], IN={1, 192, 2, 2}, OCN=117, BIAS, OCV/CPU)
IN=3 Kb [ 1 192 2 2 ]    OUT=1 Kb [ 1 117 1 1 ]    Weights(parameters): 352 Kb    MFLOPS=0.179829
[ PERFSTAT ]    (samples=100   mean=0.09   median=0.09   min=0.08   stddev=0.00 (5.0%))
[       OK ] Conv.conv/105 (9 ms)
[ RUN      ] Conv.conv/106, where GetParam() = (GFLOPS=0.000, K=[3 x 3], IN={1, 64, 2, 2}, OCN=128, S=[2 x 2], P=[1 x 1], BIAS, OCV/CPU)
IN=1 Kb [ 1 64 2 2 ]    OUT=1 Kb [ 1 128 1 1 ]    Weights(parameters): 289 Kb    MFLOPS=0.147584
[ PERFSTAT ]    (samples=100   mean=0.07   median=0.07   min=0.06   stddev=0.00 (5.0%))
[       OK ] Conv.conv/106 (8 ms)
[ RUN      ] Conv.conv/107, where GetParam() = (GFLOPS=0.000, K=[3 x 3], IN={1, 64, 2, 2}, OCN=64, S=[2 x 2], PM=SAME, OCV/CPU)
IN=1 Kb [ 1 64 2 2 ]    OUT=1 Kb [ 1 64 1 1 ]    Weights(parameters): 144 Kb    MFLOPS=0.073792
[ PERFSTAT ]    (samples=100   mean=0.06   median=0.06   min=0.05   stddev=0.00 (4.1%))
[       OK ] Conv.conv/107 (6 ms)
[ RUN      ] Conv.conv/108, where GetParam() = (GFLOPS=0.000, K=[2 x 2], IN={1, 192, 2, 2}, OCN=1, BIAS, OCV/CPU)
IN=3 Kb [ 1 192 2 2 ]    OUT=1 Kb [ 1 1 1 1 ]    Weights(parameters): 4 Kb    MFLOPS=0.001537
[ PERFSTAT ]    (samples=100   mean=0.04   median=0.04   min=0.03   stddev=0.00 (8.9%))
[       OK ] Conv.conv/108 (4 ms)
[----------] 109 tests from Conv (26531 ms total)

[----------] 383 tests from Conv_1x1
[ RUN      ] Conv_1x1.conv/0, where GetParam() = (GFLOPS=0.280, K=[1 x 1], IN={1, 576, 38, 50}, OCN=128, PM=SAME, BIAS, OCV/CPU)
IN=4275 Kb [ 1 576 38 50 ]    OUT=950 Kb [ 1 128 38 50 ]    Weights(parameters): 289 Kb    MFLOPS=280.41
[ PERFSTAT ]    (samples=10   mean=4.66   median=4.65   min=4.63   stddev=0.02 (0.4%))
[       OK ] Conv_1x1.conv/0 (59 ms)
[ RUN      ] Conv_1x1.conv/1, where GetParam() = (GFLOPS=0.210, K=[1 x 1], IN={1, 576, 38, 50}, OCN=96, PM=SAME, BIAS, OCV/CPU)
IN=4275 Kb [ 1 576 38 50 ]    OUT=713 Kb [ 1 96 38 50 ]    Weights(parameters): 217 Kb    MFLOPS=210.307
[ PERFSTAT ]    (samples=11   mean=4.22   median=4.29   min=4.04   stddev=0.13 (3.0%))
[       OK ] Conv_1x1.conv/1 (54 ms)
[ RUN      ] Conv_1x1.conv/2, where GetParam() = (GFLOPS=0.357, K=[1 x 1], IN={1, 64, 208, 208}, OCN=64, OCV/CPU)
IN=10816 Kb [ 1 64 208 208 ]    OUT=10816 Kb [ 1 64 208 208 ]    Weights(parameters): 16 Kb    MFLOPS=357.188
[ PERFSTAT ]    (samples=13   mean=1.76   median=1.76   min=1.72   stddev=0.03 (1.5%))
[       OK ] Conv_1x1.conv/2 (46 ms)
[ RUN      ] Conv_1x1.conv/3, where GetParam() = (GFLOPS=0.246, K=[1 x 1], IN={1, 256, 75, 100}, OCN=64, PM=SAME, BIAS, OCV/CPU)
IN=7500 Kb [ 1 256 75 100 ]    OUT=1875 Kb [ 1 64 75 100 ]    Weights(parameters): 65 Kb    MFLOPS=246.24
[ PERFSTAT ]    (samples=13   mean=1.23   median=1.22   min=1.17   stddev=0.03 (2.8%))
[       OK ] Conv_1x1.conv/3 (22 ms)
[ RUN      ] Conv_1x1.conv/4, where GetParam() = (GFLOPS=0.053, K=[1 x 1], IN={1, 128, 40, 40}, OCN=128, BIAS, OCV/CPU)
IN=800 Kb [ 1 128 40 40 ]    OUT=800 Kb [ 1 128 40 40 ]    Weights(parameters): 65 Kb    MFLOPS=52.6336
[ PERFSTAT ]    (samples=10   mean=0.45   median=0.45   min=0.43   stddev=0.01 (2.1%))
[       OK ] Conv_1x1.conv/4 (6 ms)
[ RUN      ] Conv_1x1.conv/5, where GetParam() = (GFLOPS=0.712, K=[1 x 1], IN={1, 128, 208, 208}, OCN=64, OCV/CPU)
IN=21632 Kb [ 1 128 208 208 ]    OUT=10816 Kb [ 1 64 208 208 ]    Weights(parameters): 32 Kb    MFLOPS=711.606
[ PERFSTAT ]    (samples=13   mean=2.93   median=2.92   min=2.82   stddev=0.08 (2.7%))
[       OK ] Conv_1x1.conv/5 (70 ms)
[ RUN      ] Conv_1x1.conv/6, where GetParam() = (GFLOPS=0.178, K=[1 x 1], IN={1, 128, 104, 104}, OCN=64, OCV/CPU)
IN=5408 Kb [ 1 128 104 104 ]    OUT=2704 Kb [ 1 64 104 104 ]    Weights(parameters): 32 Kb    MFLOPS=177.902
[ PERFSTAT ]    (samples=13   mean=0.89   median=0.90   min=0.84   stddev=0.02 (2.6%))
[       OK ] Conv_1x1.conv/6 (20 ms)
[ RUN      ] Conv_1x1.conv/7, where GetParam() = (GFLOPS=0.354, K=[1 x 1], IN={1, 256, 52, 52}, OCN=255, BIAS, OCV/CPU)
IN=2704 Kb [ 1 256 52 52 ]    OUT=2694 Kb [ 1 255 52 52 ]    Weights(parameters): 256 Kb    MFLOPS=353.724
[ PERFSTAT ]    (samples=10   mean=4.82   median=4.80   min=4.76   stddev=0.06 (1.3%))
[       OK ] Conv_1x1.conv/7 (56 ms)
[ RUN      ] Conv_1x1.conv/8, where GetParam() = (GFLOPS=0.351, K=[1 x 1], IN={1, 576, 38, 50}, OCN=160, PM=SAME, BIAS, OCV/CPU)
IN=4275 Kb [ 1 576 38 50 ]    OUT=1188 Kb [ 1 160 38 50 ]    Weights(parameters): 361 Kb    MFLOPS=350.512
[ PERFSTAT ]    (samples=13   mean=3.59   median=3.57   min=3.46   stddev=0.10 (2.8%))
[       OK ] Conv_1x1.conv/8 (60 ms)
[ RUN      ] Conv_1x1.conv/9, where GetParam() = (GFLOPS=0.211, K=[1 x 1], IN={1, 64, 80, 80}, OCN=256, PM=SAME, OCV/CPU)
IN=1600 Kb [ 1 64 80 80 ]    OUT=6400 Kb [ 1 256 80 80 ]    Weights(parameters): 64 Kb    MFLOPS=211.354
[ PERFSTAT ]    (samples=100   mean=0.70   median=0.69   min=0.63   stddev=0.03 (4.7%))
[       OK ] Conv_1x1.conv/9 (76 ms)
[ RUN      ] Conv_1x1.conv/10, where GetParam() = (GFLOPS=0.211, K=[1 x 1], IN={1, 128, 40, 40}, OCN=512, PM=SAME, OCV/CPU)
IN=800 Kb [ 1 128 40 40 ]    OUT=3200 Kb [ 1 512 40 40 ]    Weights(parameters): 256 Kb    MFLOPS=210.534
[ PERFSTAT ]    (samples=100   mean=0.64   median=0.64   min=0.60   stddev=0.02 (3.7%))
[       OK ] Conv_1x1.conv/10 (66 ms)
[ RUN      ] Conv_1x1.conv/11, where GetParam() = (GFLOPS=0.105, K=[1 x 1], IN={1, 128, 80, 80}, OCN=64, BIAS, OCV/CPU)
IN=3200 Kb [ 1 128 80 80 ]    OUT=1600 Kb [ 1 64 80 80 ]    Weights(parameters): 33 Kb    MFLOPS=105.267
[ PERFSTAT ]    (samples=10   mean=0.57   median=0.57   min=0.55   stddev=0.02 (3.0%))
[       OK ] Conv_1x1.conv/11 (10 ms)
[ RUN      ] Conv_1x1.conv/12, where GetParam() = (GFLOPS=0.210, K=[1 x 1], IN={1, 512, 40, 40}, OCN=128, PM=SAME, OCV/CPU)
IN=3200 Kb [ 1 512 40 40 ]    OUT=800 Kb [ 1 128 40 40 ]    Weights(parameters): 256 Kb    MFLOPS=209.92
[ PERFSTAT ]    (samples=10   mean=3.58   median=3.59   min=3.51   stddev=0.04 (1.2%))
[       OK ] Conv_1x1.conv/12 (44 ms)
[ RUN      ] Conv_1x1.conv/13, where GetParam() = (GFLOPS=0.615, K=[1 x 1], IN={1, 320, 75, 100}, OCN=128, PM=SAME, BIAS, OCV/CPU)
IN=9375 Kb [ 1 320 75 100 ]    OUT=3750 Kb [ 1 128 75 100 ]    Weights(parameters): 161 Kb    MFLOPS=615.36
[ PERFSTAT ]    (samples=25   mean=1.85   median=1.83   min=1.77   stddev=0.05 (2.8%))
[       OK ] Conv_1x1.conv/13 (66 ms)
[ RUN      ] Conv_1x1.conv/14, where GetParam() = (GFLOPS=0.044, K=[1 x 1], IN={1, 1632, 7, 7}, OCN=272, BIAS, OCV/CPU)
IN=313 Kb [ 1 1632 7 7 ]    OUT=53 Kb [ 1 272 7 7 ]    Weights(parameters): 1736 Kb    MFLOPS=43.5159
[ PERFSTAT ]    (samples=13   mean=0.33   median=0.33   min=0.32   stddev=0.01 (2.7%))
[       OK ] Conv_1x1.conv/14 (7 ms)
[ RUN      ] Conv_1x1.conv/15, where GetParam() = (GFLOPS=0.185, K=[1 x 1], IN={1, 192, 75, 100}, OCN=64, PM=SAME, BIAS, OCV/CPU)
IN=5625 Kb [ 1 192 75 100 ]    OUT=1875 Kb [ 1 64 75 100 ]    Weights(parameters): 49 Kb    MFLOPS=184.8
[ PERFSTAT ]    (samples=13   mean=1.08   median=1.07   min=1.05   stddev=0.03 (2.4%))
[       OK ] Conv_1x1.conv/15 (20 ms)
[ RUN      ] Conv_1x1.conv/16, where GetParam() = (GFLOPS=0.266, K=[1 x 1], IN={1, 240, 48, 48}, OCN=240, PM=SAME, BIAS, OCV/CPU)
IN=2160 Kb [ 1 240 48 48 ]    OUT=2160 Kb [ 1 240 48 48 ]    Weights(parameters): 226 Kb    MFLOPS=265.974
[ PERFSTAT ]    (samples=10   mean=1.96   median=1.95   min=1.92   stddev=0.03 (1.4%))
[       OK ] Conv_1x1.conv/16 (24 ms)
[ RUN      ] Conv_1x1.conv/17, where GetParam() = (GFLOPS=0.491, K=[1 x 1], IN={1, 576, 38, 50}, OCN=224, PM=SAME, BIAS, OCV/CPU)
IN=4275 Kb [ 1 576 38 50 ]    OUT=1663 Kb [ 1 224 38 50 ]    Weights(parameters): 505 Kb    MFLOPS=490.717
[ PERFSTAT ]    (samples=10   mean=3.41   median=3.41   min=3.34   stddev=0.04 (1.3%))
[       OK ] Conv_1x1.conv/17 (43 ms)
[ RUN      ] Conv_1x1.conv/18, where GetParam() = (GFLOPS=0.079, K=[1 x 1], IN={1, 192, 40, 40}, OCN=128, BIAS, OCV/CPU)
IN=1200 Kb [ 1 192 40 40 ]    OUT=800 Kb [ 1 128 40 40 ]    Weights(parameters): 97 Kb    MFLOPS=78.848
[ PERFSTAT ]    (samples=10   mean=0.94   median=0.94   min=0.93   stddev=0.01 (0.8%))
[       OK ] Conv_1x1.conv/18 (11 ms)
[ RUN      ] Conv_1x1.conv/19, where GetParam() = (GFLOPS=0.079, K=[1 x 1], IN={1, 384, 20, 20}, OCN=256, BIAS, OCV/CPU)
IN=600 Kb [ 1 384 20 20 ]    OUT=400 Kb [ 1 256 20 20 ]    Weights(parameters): 385 Kb    MFLOPS=78.7456
[ PERFSTAT ]    (samples=13   mean=0.50   median=0.50   min=0.47   stddev=0.01 (2.7%))
[       OK ] Conv_1x1.conv/19 (8 ms)
[ RUN      ] Conv_1x1.conv/20, where GetParam() = (GFLOPS=0.155, K=[1 x 1], IN={1, 112, 32, 32}, OCN=672, PM=SAME, OCV/CPU)
IN=448 Kb [ 1 112 32 32 ]    OUT=2688 Kb [ 1 672 32 32 ]    Weights(parameters): 294 Kb    MFLOPS=154.829
[ PERFSTAT ]    (samples=10   mean=0.59   median=0.59   min=0.57   stddev=0.02 (2.9%))
[       OK ] Conv_1x1.conv/20 (8 ms)
[ RUN      ] Conv_1x1.conv/21, where GetParam() = (GFLOPS=0.114, K=[1 x 1], IN={1, 192, 16, 16}, OCN=1152, PM=SAME, OCV/CPU)
IN=192 Kb [ 1 192 16 16 ]    OUT=1152 Kb [ 1 1152 16 16 ]    Weights(parameters): 864 Kb    MFLOPS=113.541
[ PERFSTAT ]    (samples=100   mean=0.25   median=0.25   min=0.22   stddev=0.01 (5.3%))
[       OK ] Conv_1x1.conv/21 (27 ms)
[ RUN      ] Conv_1x1.conv/22, where GetParam() = (GFLOPS=0.089, K=[1 x 1], IN={1, 512, 13, 13}, OCN=512, OCV/CPU)
IN=338 Kb [ 1 512 13 13 ]    OUT=338 Kb [ 1 512 13 13 ]    Weights(parameters): 1024 Kb    MFLOPS=88.6912
[ PERFSTAT ]    (samples=100   mean=0.28   median=0.28   min=0.26   stddev=0.01 (3.3%))
[       OK ] Conv_1x1.conv/22 (30 ms)
[ RUN      ] Conv_1x1.conv/23, where GetParam() = (GFLOPS=0.428, K=[1 x 1], IN={1, 64, 64, 64}, OCN=810, PM=VALID, BIAS, OCV/CPU)
IN=1024 Kb [ 1 64 64 64 ]    OUT=12960 Kb [ 1 810 64 64 ]    Weights(parameters): 206 Kb    MFLOPS=427.991
[ PERFSTAT ]    (samples=100   mean=1.48   median=1.48   min=1.34   stddev=0.05 (3.5%))
[       OK ] Conv_1x1.conv/23 (153 ms)
[ RUN      ] Conv_1x1.conv/24, where GetParam() = (GFLOPS=0.053, K=[1 x 1], IN={1, 32, 160, 160}, OCN=32, BIAS, OCV/CPU)
IN=3200 Kb [ 1 32 160 160 ]    OUT=3200 Kb [ 1 32 160 160 ]    Weights(parameters): 5 Kb    MFLOPS=53.248
[ PERFSTAT ]    (samples=10   mean=0.55   median=0.55   min=0.54   stddev=0.01 (1.4%))
[       OK ] Conv_1x1.conv/24 (10 ms)
[ RUN      ] Conv_1x1.conv/25, where GetParam() = (GFLOPS=0.211, K=[1 x 1], IN={1, 64, 160, 160}, OCN=64, BIAS, OCV/CPU)
IN=6400 Kb [ 1 64 160 160 ]    OUT=6400 Kb [ 1 64 160 160 ]    Weights(parameters): 17 Kb    MFLOPS=211.354
[ PERFSTAT ]    (samples=100   mean=0.99   median=0.99   min=0.90   stddev=0.04 (3.7%))
[       OK ] Conv_1x1.conv/25 (110 ms)
[ RUN      ] Conv_1x1.conv/26, where GetParam() = (GFLOPS=0.106, K=[1 x 1], IN={1, 64, 160, 160}, OCN=32, BIAS, OCV/CPU)
IN=6400 Kb [ 1 64 160 160 ]    OUT=3200 Kb [ 1 32 160 160 ]    Weights(parameters): 9 Kb    MFLOPS=105.677
[ PERFSTAT ]    (samples=10   mean=1.25   median=1.25   min=1.23   stddev=0.02 (1.6%))
[       OK ] Conv_1x1.conv/26 (18 ms)
[ RUN      ] Conv_1x1.conv/27, where GetParam() = (GFLOPS=0.421, K=[1 x 1], IN={1, 576, 38, 50}, OCN=192, PM=SAME, BIAS, OCV/CPU)
IN=4275 Kb [ 1 576 38 50 ]    OUT=1425 Kb [ 1 192 38 50 ]    Weights(parameters): 433 Kb    MFLOPS=420.614
[ PERFSTAT ]    (samples=10   mean=3.71   median=3.68   min=3.61   stddev=0.09 (2.4%))
[       OK ] Conv_1x1.conv/27 (43 ms)
[ RUN      ] Conv_1x1.conv/28, where GetParam() = (GFLOPS=0.211, K=[1 x 1], IN={1, 64, 80, 80}, OCN=255, BIAS, OCV/CPU)
IN=1600 Kb [ 1 64 80 80 ]    OUT=6375 Kb [ 1 255 80 80 ]    Weights(parameters): 65 Kb    MFLOPS=210.528
[ PERFSTAT ]    (samples=100   mean=0.66   median=0.66   min=0.59   stddev=0.03 (3.8%))
[       OK ] Conv_1x1.conv/28 (69 ms)
[ RUN      ] Conv_1x1.conv/29, where GetParam() = (GFLOPS=0.420, K=[1 x 1], IN={1, 256, 40, 40}, OCN=512, PM=SAME, OCV/CPU)
IN=1600 Kb [ 1 256 40 40 ]    OUT=3200 Kb [ 1 512 40 40 ]    Weights(parameters): 512 Kb    MFLOPS=420.25
[ PERFSTAT ]    (samples=10   mean=1.57   median=1.56   min=1.54   stddev=0.02 (1.3%))
[       OK ] Conv_1x1.conv/29 (20 ms)
[ RUN      ] Conv_1x1.conv/30, where GetParam() = (GFLOPS=0.420, K=[1 x 1], IN={1, 1024, 10, 10}, OCN=2048, PM=SAME, OCV/CPU)
IN=400 Kb [ 1 1024 10 10 ]    OUT=800 Kb [ 1 2048 10 10 ]    Weights(parameters): 8192 Kb    MFLOPS=419.635
[ PERFSTAT ]    (samples=100   mean=0.50   median=0.50   min=0.46   stddev=0.02 (4.2%))
[       OK ] Conv_1x1.conv/30 (63 ms)
[ RUN      ] Conv_1x1.conv/31, where GetParam() = (GFLOPS=0.210, K=[1 x 1], IN={1, 256, 80, 80}, OCN=64, PM=SAME, OCV/CPU)
IN=6400 Kb [ 1 256 80 80 ]    OUT=1600 Kb [ 1 64 80 80 ]    Weights(parameters): 64 Kb    MFLOPS=210.125
[ PERFSTAT ]    (samples=10   mean=1.34   median=1.33   min=1.28   stddev=0.03 (2.1%))
[       OK ] Conv_1x1.conv/31 (23 ms)
[ RUN      ] Conv_1x1.conv/32, where GetParam() = (GFLOPS=0.376, K=[1 x 1], IN={1, 24, 300, 400}, OCN=64, PM=VALID, BIAS, OCV/CPU)
IN=11250 Kb [ 1 24 300 400 ]    OUT=30000 Kb [ 1 64 300 400 ]    Weights(parameters): 7 Kb    MFLOPS=376.32
[ PERFSTAT ]    (samples=100   mean=1.81   median=1.79   min=1.63   stddev=0.09 (5.0%))
[       OK ] Conv_1x1.conv/32 (215 ms)
[ RUN      ] Conv_1x1.conv/33, where GetParam() = (GFLOPS=0.179, K=[1 x 1], IN={1, 64, 208, 208}, OCN=32, OCV/CPU)
IN=10816 Kb [ 1 64 208 208 ]    OUT=5408 Kb [ 1 32 208 208 ]    Weights(parameters): 8 Kb    MFLOPS=178.594
[ PERFSTAT ]    (samples=13   mean=1.25   median=1.24   min=1.21   stddev=0.03 (2.4%))
[       OK ] Conv_1x1.conv/33 (30 ms)
[ RUN      ] Conv_1x1.conv/34, where GetParam() = (GFLOPS=0.089, K=[1 x 1], IN={1, 64, 104, 104}, OCN=64, OCV/CPU)
IN=2704 Kb [ 1 64 104 104 ]    OUT=2704 Kb [ 1 64 104 104 ]    Weights(parameters): 16 Kb    MFLOPS=89.2969
[ PERFSTAT ]    (samples=40   mean=0.89   median=0.89   min=0.84   stddev=0.03 (3.0%))
[       OK ] Conv_1x1.conv/34 (40 ms)
[ RUN      ] Conv_1x1.conv/35, where GetParam() = (GFLOPS=0.356, K=[1 x 1], IN={1, 128, 104, 104}, OCN=128, OCV/CPU)
IN=5408 Kb [ 1 128 104 104 ]    OUT=5408 Kb [ 1 128 104 104 ]    Weights(parameters): 64 Kb    MFLOPS=355.803
[ PERFSTAT ]    (samples=38   mean=1.82   median=1.81   min=1.72   stddev=0.05 (2.9%))
[       OK ] Conv_1x1.conv/35 (79 ms)
[ RUN      ] Conv_1x1.conv/36, where GetParam() = (GFLOPS=0.113, K=[1 x 1], IN={1, 1152, 16, 16}, OCN=192, PM=SAME, OCV/CPU)
IN=1152 Kb [ 1 1152 16 16 ]    OUT=192 Kb [ 1 192 16 16 ]    Weights(parameters): 864 Kb    MFLOPS=113.295
[ PERFSTAT ]    (samples=10   mean=1.83   median=1.83   min=1.80   stddev=0.02 (1.4%))
[       OK ] Conv_1x1.conv/36 (21 ms)
[ RUN      ] Conv_1x1.conv/37, where GetParam() = (GFLOPS=0.080, K=[1 x 1], IN={1, 56, 46, 46}, OCN=336, BIAS, OCV/CPU)
IN=463 Kb [ 1 56 46 46 ]    OUT=2778 Kb [ 1 336 46 46 ]    Weights(parameters): 75 Kb    MFLOPS=80.3403
[ PERFSTAT ]    (samples=10   mean=0.54   median=0.54   min=0.53   stddev=0.01 (2.3%))
[       OK ] Conv_1x1.conv/37 (7 ms)
[ RUN      ] Conv_1x1.conv/38, where GetParam() = (GFLOPS=0.158, K=[1 x 1], IN={1, 192, 80, 80}, OCN=64, BIAS, OCV/CPU)
IN=4800 Kb [ 1 192 80 80 ]    OUT=1600 Kb [ 1 64 80 80 ]    Weights(parameters): 49 Kb    MFLOPS=157.696
[ PERFSTAT ]    (samples=100   mean=1.18   median=1.17   min=1.12   stddev=0.04 (3.4%))
[       OK ] Conv_1x1.conv/38 (124 ms)
[ RUN      ] Conv_1x1.conv/39, where GetParam() = (GFLOPS=0.157, K=[1 x 1], IN={1, 384, 40, 40}, OCN=128, BIAS, OCV/CPU)
IN=2400 Kb [ 1 384 40 40 ]    OUT=800 Kb [ 1 128 40 40 ]    Weights(parameters): 193 Kb    MFLOPS=157.491
[ PERFSTAT ]    (samples=10   mean=3.77   median=3.77   min=3.68   stddev=0.08 (2.2%))
[       OK ] Conv_1x1.conv/39 (44 ms)
[ RUN      ] Conv_1x1.conv/40, where GetParam() = (GFLOPS=0.154, K=[1 x 1], IN={1, 672, 32, 32}, OCN=112, PM=SAME, OCV/CPU)
IN=2688 Kb [ 1 672 32 32 ]    OUT=448 Kb [ 1 112 32 32 ]    Weights(parameters): 294 Kb    MFLOPS=154.255
[ PERFSTAT ]    (samples=10   mean=2.42   median=2.42   min=2.35   stddev=0.05 (1.9%))
[       OK ] Conv_1x1.conv/40 (31 ms)
[ RUN      ] Conv_1x1.conv/41, where GetParam() = (GFLOPS=0.103, K=[1 x 1], IN={1, 512, 7, 7}, OCN=2048, OCV/CPU)
IN=98 Kb [ 1 512 7 7 ]    OUT=392 Kb [ 1 2048 7 7 ]    Weights(parameters): 4096 Kb    MFLOPS=102.861
[ PERFSTAT ]    (samples=24   mean=0.32   median=0.31   min=0.30   stddev=0.01 (2.9%))
[       OK ] Conv_1x1.conv/41 (15 ms)
[ RUN      ] Conv_1x1.conv/42, where GetParam() = (GFLOPS=0.308, K=[1 x 1], IN={1, 320, 75, 100}, OCN=64, PM=SAME, BIAS, OCV/CPU)
IN=9375 Kb [ 1 320 75 100 ]    OUT=1875 Kb [ 1 64 75 100 ]    Weights(parameters): 81 Kb    MFLOPS=307.68
[ PERFSTAT ]    (samples=25   mean=1.71   median=1.71   min=1.62   stddev=0.05 (2.9%))
[       OK ] Conv_1x1.conv/42 (57 ms)
[ RUN      ] Conv_1x1.conv/43, where GetParam() = (GFLOPS=0.034, K=[1 x 1], IN={1, 64, 64, 64}, OCN=64, PM=VALID, BIAS, OCV/CPU)
IN=1024 Kb [ 1 64 64 64 ]    OUT=1024 Kb [ 1 64 64 64 ]    Weights(parameters): 17 Kb    MFLOPS=33.8166
[ PERFSTAT ]    (samples=14   mean=0.26   median=0.26   min=0.25   stddev=0.01 (2.9%))
[       OK ] Conv_1x1.conv/43 (5 ms)
[ RUN      ] Conv_1x1.conv/44, where GetParam() = (GFLOPS=0.017, K=[1 x 1], IN={1, 32, 32, 64}, OCN=128, OCV/CPU)
IN=256 Kb [ 1 32 32 64 ]    OUT=1024 Kb [ 1 128 32 64 ]    Weights(parameters): 16 Kb    MFLOPS=17.0394
[ PERFSTAT ]    (samples=49   mean=0.26   median=0.26   min=0.24   stddev=0.01 (3.0%))
[       OK ] Conv_1x1.conv/44 (14 ms)
[ RUN      ] Conv_1x1.conv/45, where GetParam() = (GFLOPS=0.017, K=[1 x 1], IN={1, 128, 32, 64}, OCN=32, OCV/CPU)
IN=1024 Kb [ 1 128 32 64 ]    OUT=256 Kb [ 1 32 32 64 ]    Weights(parameters): 16 Kb    MFLOPS=16.8428
[ PERFSTAT ]    (samples=100   mean=0.68   median=0.68   min=0.52   stddev=0.07 (10.1%))
[       OK ] Conv_1x1.conv/45 (71 ms)
[ RUN      ] Conv_1x1.conv/46, where GetParam() = (GFLOPS=0.266, K=[1 x 1], IN={1, 768, 26, 26}, OCN=256, OCV/CPU)
IN=2028 Kb [ 1 768 26 26 ]    OUT=676 Kb [ 1 256 26 26 ]    Weights(parameters): 768 Kb    MFLOPS=265.987
[ PERFSTAT ]    (samples=10   mean=1.86   median=1.85   min=1.84   stddev=0.02 (1.2%))
[       OK ] Conv_1x1.conv/46 (25 ms)
[ RUN      ] Conv_1x1.conv/47, where GetParam() = (GFLOPS=0.132, K=[1 x 1], IN={1, 128, 80, 80}, OCN=80, BIAS, OCV/CPU)
IN=3200 Kb [ 1 128 80 80 ]    OUT=2000 Kb [ 1 80 80 80 ]    Weights(parameters): 41 Kb    MFLOPS=131.584
[ PERFSTAT ]    (samples=50   mean=1.00   median=1.00   min=0.96   stddev=0.03 (2.8%))
[       OK ] Conv_1x1.conv/47 (57 ms)
[ RUN      ] Conv_1x1.conv/48, where GetParam() = (GFLOPS=0.026, K=[1 x 1], IN={1, 128, 40, 40}, OCN=64, BIAS, OCV/CPU)
IN=800 Kb [ 1 128 40 40 ]    OUT=400 Kb [ 1 64 40 40 ]    Weights(parameters): 33 Kb    MFLOPS=26.3168
[ PERFSTAT ]    (samples=10   mean=0.47   median=0.47   min=0.44   stddev=0.01 (2.5%))
[       OK ] Conv_1x1.conv/48 (6 ms)
[ RUN      ] Conv_1x1.conv/49, where GetParam() = (GFLOPS=0.262, K=[1 x 1], IN={1, 2560, 20, 20}, OCN=128, PM=SAME, OCV/CPU)
IN=4000 Kb [ 1 2560 20 20 ]    OUT=200 Kb [ 1 128 20 20 ]    Weights(parameters): 1280 Kb    MFLOPS=262.195
[ PERFSTAT ]    (samples=10   mean=6.14   median=6.09   min=6.04   stddev=0.14 (2.3%))
[       OK ] Conv_1x1.conv/49 (74 ms)
[ RUN      ] Conv_1x1.conv/50, where GetParam() = (GFLOPS=0.248, K=[1 x 1], IN={1, 64, 150, 200}, OCN=64, PM=SAME, BIAS, OCV/CPU)
IN=7500 Kb [ 1 64 150 200 ]    OUT=7500 Kb [ 1 64 150 200 ]    Weights(parameters): 17 Kb    MFLOPS=247.68
[ PERFSTAT ]    (samples=75   mean=1.34   median=1.34   min=1.26   stddev=0.04 (2.9%))
[       OK ] Conv_1x1.conv/50 (113 ms)
[ RUN      ] Conv_1x1.conv/51, where GetParam() = (GFLOPS=0.041, K=[1 x 1], IN={1, 80, 23, 23}, OCN=480, BIAS, OCV/CPU)
IN=166 Kb [ 1 80 23 23 ]    OUT=992 Kb [ 1 480 23 23 ]    Weights(parameters): 152 Kb    MFLOPS=40.8811
[ PERFSTAT ]    (samples=10   mean=0.19   median=0.19   min=0.19   stddev=0.01 (2.9%))
[       OK ] Conv_1x1.conv/51 (2 ms)
[ RUN      ] Conv_1x1.conv/52, where GetParam() = (GFLOPS=0.079, K=[1 x 1], IN={1, 80, 32, 32}, OCN=480, PM=SAME, OCV/CPU)
IN=320 Kb [ 1 80 32 32 ]    OUT=1920 Kb [ 1 480 32 32 ]    Weights(parameters): 150 Kb    MFLOPS=79.1347
[ PERFSTAT ]    (samples=10   mean=0.51   median=0.51   min=0.50   stddev=0.01 (1.5%))
[       OK ] Conv_1x1.conv/52 (7 ms)
[ RUN      ] Conv_1x1.conv/53, where GetParam() = (GFLOPS=0.116, K=[1 x 1], IN={1, 24, 128, 128}, OCN=144, PM=SAME, OCV/CPU)
IN=1536 Kb [ 1 24 128 128 ]    OUT=9216 Kb [ 1 144 128 128 ]    Weights(parameters): 14 Kb    MFLOPS=115.606
[ PERFSTAT ]    (samples=13   mean=0.84   median=0.85   min=0.80   stddev=0.02 (2.9%))
[       OK ] Conv_1x1.conv/53 (14 ms)
[ RUN      ] Conv_1x1.conv/54, where GetParam() = (GFLOPS=0.107, K=[1 x 1], IN={1, 16, 184, 184}, OCN=96, OCV/CPU)
IN=2116 Kb [ 1 16 184 184 ]    OUT=12696 Kb [ 1 96 184 184 ]    Weights(parameters): 6 Kb    MFLOPS=107.256
[ PERFSTAT ]    (samples=100   mean=0.89   median=0.89   min=0.79   stddev=0.05 (5.4%))
[       OK ] Conv_1x1.conv/54 (94 ms)
[ RUN      ] Conv_1x1.conv/55, where GetParam() = (GFLOPS=0.106, K=[1 x 1], IN={1, 32, 160, 160}, OCN=64, BIAS, OCV/CPU)
IN=3200 Kb [ 1 32 160 160 ]    OUT=6400 Kb [ 1 64 160 160 ]    Weights(parameters): 9 Kb    MFLOPS=106.496
[ PERFSTAT ]    (samples=100   mean=1.01   median=1.01   min=0.94   stddev=0.04 (3.7%))
[       OK ] Conv_1x1.conv/55 (108 ms)
[ RUN      ] Conv_1x1.conv/56, where GetParam() = (GFLOPS=0.105, K=[1 x 1], IN={1, 128, 40, 40}, OCN=255, BIAS, OCV/CPU)
IN=800 Kb [ 1 128 40 40 ]    OUT=1594 Kb [ 1 255 40 40 ]    Weights(parameters): 129 Kb    MFLOPS=104.856
[ PERFSTAT ]    (samples=13   mean=0.56   median=0.56   min=0.53   stddev=0.02 (2.9%))
[       OK ] Conv_1x1.conv/56 (8 ms)
[ RUN      ] Conv_1x1.conv/57, where GetParam() = (GFLOPS=0.208, K=[1 x 1], IN={1, 16, 256, 256}, OCN=96, PM=SAME, OCV/CPU)
IN=4096 Kb [ 1 16 256 256 ]    OUT=24576 Kb [ 1 96 256 256 ]    Weights(parameters): 6 Kb    MFLOPS=207.618
[ PERFSTAT ]    (samples=100   mean=3.79   median=3.83   min=2.81   stddev=0.38 (10.1%))
[       OK ] Conv_1x1.conv/57 (393 ms)
[ RUN      ] Conv_1x1.conv/58, where GetParam() = (GFLOPS=0.206, K=[1 x 1], IN={1, 256, 56, 56}, OCN=512, S=[2 x 2], OCV/CPU)
IN=3136 Kb [ 1 256 56 56 ]    OUT=1568 Kb [ 1 512 28 28 ]    Weights(parameters): 512 Kb    MFLOPS=205.922
[ PERFSTAT ]    (samples=100   mean=1.75   median=1.78   min=1.31   stddev=0.10 (6.0%))
[       OK ] Conv_1x1.conv/58 (183 ms)
[ RUN      ] Conv_1x1.conv/59, where GetParam() = (GFLOPS=0.206, K=[1 x 1], IN={1, 512, 28, 28}, OCN=1024, S=[2 x 2], OCV/CPU)
IN=1568 Kb [ 1 512 28 28 ]    OUT=784 Kb [ 1 1024 14 14 ]    Weights(parameters): 2048 Kb    MFLOPS=205.722
[ PERFSTAT ]    (samples=100   mean=0.88   median=0.85   min=0.72   stddev=0.09 (10.3%))
[       OK ] Conv_1x1.conv/59 (96 ms)
[ RUN      ] Conv_1x1.conv/60, where GetParam() = (GFLOPS=0.206, K=[1 x 1], IN={1, 1024, 14, 14}, OCN=2048, S=[2 x 2], OCV/CPU)
IN=784 Kb [ 1 1024 14 14 ]    OUT=392 Kb [ 1 2048 7 7 ]    Weights(parameters): 8192 Kb    MFLOPS=205.621
[ PERFSTAT ]    (samples=100   mean=0.64   median=0.64   min=0.56   stddev=0.04 (6.4%))
[       OK ] Conv_1x1.conv/60 (80 ms)
[ RUN      ] Conv_1x1.conv/61, where GetParam() = (GFLOPS=0.103, K=[1 x 1], IN={1, 1024, 7, 7}, OCN=1024, OCV/CPU)
IN=196 Kb [ 1 1024 7 7 ]    OUT=196 Kb [ 1 1024 7 7 ]    Weights(parameters): 4096 Kb    MFLOPS=102.811
[ PERFSTAT ]    (samples=15   mean=0.66   median=0.66   min=0.64   stddev=0.02 (3.0%))
[       OK ] Conv_1x1.conv/61 (16 ms)
[ RUN      ] Conv_1x1.conv/62, where GetParam() = (GFLOPS=0.103, K=[1 x 1], IN={1, 2048, 7, 7}, OCN=512, OCV/CPU)
IN=392 Kb [ 1 2048 7 7 ]    OUT=98 Kb [ 1 512 7 7 ]    Weights(parameters): 4096 Kb    MFLOPS=102.786
[ PERFSTAT ]    (samples=10   mean=0.94   median=0.94   min=0.92   stddev=0.02 (2.0%))
[       OK ] Conv_1x1.conv/62 (15 ms)
[ RUN      ] Conv_1x1.conv/63, where GetParam() = (GFLOPS=0.201, K=[1 x 1], IN={1, 512, 14, 14}, OCN=1000, BIAS, OCV/CPU)
IN=392 Kb [ 1 512 14 14 ]    OUT=766 Kb [ 1 1000 14 14 ]    Weights(parameters): 2004 Kb    MFLOPS=200.9
[ PERFSTAT ]    (samples=100   mean=0.90   median=0.90   min=0.79   stddev=0.04 (4.7%))
[       OK ] Conv_1x1.conv/63 (95 ms)
[ RUN      ] Conv_1x1.conv/64, where GetParam() = (GFLOPS=0.190, K=[1 x 1], IN={1, 256, 38, 38}, OCN=256, BIAS, OCV/CPU)
IN=1444 Kb [ 1 256 38 38 ]    OUT=1444 Kb [ 1 256 38 38 ]    Weights(parameters): 257 Kb    MFLOPS=189.638
[ PERFSTAT ]    (samples=100   mean=2.34   median=2.31   min=2.24   stddev=0.08 (3.5%))
[       OK ] Conv_1x1.conv/64 (241 ms)
[ RUN      ] Conv_1x1.conv/65, where GetParam() = (GFLOPS=0.047, K=[1 x 1], IN={1, 256, 38, 38}, OCN=64, PM=SAME, BIAS, OCV/CPU)
IN=1444 Kb [ 1 256 38 38 ]    OUT=361 Kb [ 1 64 38 38 ]    Weights(parameters): 65 Kb    MFLOPS=47.4094
[ PERFSTAT ]    (samples=100   mean=1.33   median=1.33   min=1.20   stddev=0.06 (4.6%))
[       OK ] Conv_1x1.conv/65 (137 ms)
[ RUN      ] Conv_1x1.conv/66, where GetParam() = (GFLOPS=0.189, K=[1 x 1], IN={1, 1152, 16, 16}, OCN=320, PM=SAME, OCV/CPU)
IN=1152 Kb [ 1 1152 16 16 ]    OUT=320 Kb [ 1 320 16 16 ]    Weights(parameters): 1440 Kb    MFLOPS=188.826
[ PERFSTAT ]    (samples=10   mean=1.93   median=1.93   min=1.88   stddev=0.04 (1.9%))
[       OK ] Conv_1x1.conv/66 (25 ms)
[ RUN      ] Conv_1x1.conv/67, where GetParam() = (GFLOPS=0.185, K=[1 x 1], IN={1, 128, 75, 75}, OCN=128, BIAS, OCV/CPU)
IN=2813 Kb [ 1 128 75 75 ]    OUT=2813 Kb [ 1 128 75 75 ]    Weights(parameters): 65 Kb    MFLOPS=185.04
[ PERFSTAT ]    (samples=25   mean=1.11   median=1.11   min=1.04   stddev=0.03 (2.7%))
[       OK ] Conv_1x1.conv/67 (32 ms)
[ RUN      ] Conv_1x1.conv/68, where GetParam() = (GFLOPS=0.180, K=[1 x 1], IN={1, 224, 56, 56}, OCN=128, OCV/CPU)
IN=2744 Kb [ 1 224 56 56 ]    OUT=1568 Kb [ 1 128 56 56 ]    Weights(parameters): 112 Kb    MFLOPS=180.232
[ PERFSTAT ]    (samples=100   mean=0.95   median=0.95   min=0.90   stddev=0.03 (3.2%))
[       OK ] Conv_1x1.conv/68 (99 ms)
[ RUN      ] Conv_1x1.conv/69, where GetParam() = (GFLOPS=0.045, K=[1 x 1], IN={1, 16, 184, 184}, OCN=40, BIAS, OCV/CPU)
IN=2116 Kb [ 1 16 184 184 ]    OUT=5290 Kb [ 1 40 184 184 ]    Weights(parameters): 3 Kb    MFLOPS=44.6899
[ PERFSTAT ]    (samples=100   mean=0.54   median=0.54   min=0.46   stddev=0.02 (4.3%))
[       OK ] Conv_1x1.conv/69 (58 ms)
[ RUN      ] Conv_1x1.conv/70, where GetParam() = (GFLOPS=0.089, K=[1 x 1], IN={1, 24, 112, 112}, OCN=144, OCV/CPU)
IN=1176 Kb [ 1 24 112 112 ]    OUT=7056 Kb [ 1 144 112 112 ]    Weights(parameters): 14 Kb    MFLOPS=88.5105
[ PERFSTAT ]    (samples=13   mean=0.68   median=0.68   min=0.65   stddev=0.02 (2.9%))
[       OK ] Conv_1x1.conv/70 (12 ms)
[ RUN      ] Conv_1x1.conv/71, where GetParam() = (GFLOPS=0.088, K=[1 x 1], IN={1, 1024, 13, 13}, OCN=255, BIAS, OCV/CPU)
IN=676 Kb [ 1 1024 13 13 ]    OUT=169 Kb [ 1 255 13 13 ]    Weights(parameters): 1021 Kb    MFLOPS=88.3017
[ PERFSTAT ]    (samples=10   mean=1.29   median=1.29   min=1.26   stddev=0.02 (1.9%))
[       OK ] Conv_1x1.conv/71 (16 ms)
[ RUN      ] Conv_1x1.conv/72, where GetParam() = (GFLOPS=0.041, K=[1 x 1], IN={1, 480, 23, 23}, OCN=80, BIAS, OCV/CPU)
IN=992 Kb [ 1 480 23 23 ]    OUT=166 Kb [ 1 80 23 23 ]    Weights(parameters): 151 Kb    MFLOPS=40.6695
[ PERFSTAT ]    (samples=17   mean=1.11   median=1.12   min=1.05   stddev=0.03 (3.0%))
[       OK ] Conv_1x1.conv/72 (21 ms)
[ RUN      ] Conv_1x1.conv/73, where GetParam() = (GFLOPS=0.080, K=[1 x 1], IN={1, 336, 46, 46}, OCN=56, BIAS, OCV/CPU)
IN=2778 Kb [ 1 336 46 46 ]    OUT=463 Kb [ 1 56 46 46 ]    Weights(parameters): 74 Kb    MFLOPS=79.7478
[ PERFSTAT ]    (samples=100   mean=2.45   median=2.47   min=2.23   stddev=0.11 (4.4%))
[       OK ] Conv_1x1.conv/73 (254 ms)
[ RUN      ] Conv_1x1.conv/74, where GetParam() = (GFLOPS=0.080, K=[1 x 1], IN={1, 40, 64, 64}, OCN=240, PM=SAME, OCV/CPU)
IN=640 Kb [ 1 40 64 64 ]    OUT=3840 Kb [ 1 240 64 64 ]    Weights(parameters): 38 Kb    MFLOPS=79.6262
[ PERFSTAT ]    (samples=100   mean=0.38   median=0.38   min=0.33   stddev=0.02 (5.2%))
[       OK ] Conv_1x1.conv/74 (40 ms)
[ RUN      ] Conv_1x1.conv/75, where GetParam() = (GFLOPS=0.079, K=[1 x 1], IN={1, 48, 160, 160}, OCN=32, BIAS, OCV/CPU)
IN=4800 Kb [ 1 48 160 160 ]    OUT=3200 Kb [ 1 32 160 160 ]    Weights(parameters): 7 Kb    MFLOPS=79.4624
[ PERFSTAT ]    (samples=75   mean=1.03   median=1.02   min=0.98   stddev=0.03 (2.8%))
[       OK ] Conv_1x1.conv/75 (85 ms)
[ RUN      ] Conv_1x1.conv/76, where GetParam() = (GFLOPS=0.079, K=[1 x 1], IN={1, 96, 80, 80}, OCN=64, BIAS, OCV/CPU)
IN=2400 Kb [ 1 96 80 80 ]    OUT=1600 Kb [ 1 64 80 80 ]    Weights(parameters): 25 Kb    MFLOPS=79.0528
[ PERFSTAT ]    (samples=10   mean=0.80   median=0.79   min=0.76   stddev=0.02 (2.8%))
[       OK ] Conv_1x1.conv/76 (11 ms)
[ RUN      ] Conv_1x1.conv/77, where GetParam() = (GFLOPS=0.079, K=[1 x 1], IN={1, 480, 32, 32}, OCN=80, PM=SAME, OCV/CPU)
IN=1920 Kb [ 1 480 32 32 ]    OUT=320 Kb [ 1 80 32 32 ]    Weights(parameters): 150 Kb    MFLOPS=78.7251
[ PERFSTAT ]    (samples=100   mean=1.74   median=1.75   min=1.49   stddev=0.11 (6.4%))
[       OK ] Conv_1x1.conv/77 (180 ms)
[ RUN      ] Conv_1x1.conv/78, where GetParam() = (GFLOPS=0.074, K=[1 x 1], IN={1, 8, 368, 368}, OCN=32, BIAS, OCV/CPU)
IN=4232 Kb [ 1 8 368 368 ]    OUT=16928 Kb [ 1 32 368 368 ]    Weights(parameters): 2 Kb    MFLOPS=73.6707
[ PERFSTAT ]    (samples=100   mean=1.20   median=1.19   min=1.04   stddev=0.08 (6.4%))
[       OK ] Conv_1x1.conv/78 (135 ms)
[ RUN      ] Conv_1x1.conv/79, where GetParam() = (GFLOPS=0.072, K=[1 x 1], IN={1, 1024, 10, 10}, OCN=352, PM=SAME, BIAS, OCV/CPU)
IN=400 Kb [ 1 1024 10 10 ]    OUT=138 Kb [ 1 352 10 10 ]    Weights(parameters): 1410 Kb    MFLOPS=72.1248
[ PERFSTAT ]    (samples=38   mean=0.31   median=0.31   min=0.29   stddev=0.01 (2.9%))
[       OK ] Conv_1x1.conv/79 (14 ms)
[ RUN      ] Conv_1x1.conv/80, where GetParam() = (GFLOPS=0.072, K=[1 x 1], IN={1, 1632, 7, 7}, OCN=448, BIAS, OCV/CPU)
IN=313 Kb [ 1 1632 7 7 ]    OUT=86 Kb [ 1 448 7 7 ]    Weights(parameters): 2858 Kb    MFLOPS=71.6733
[ PERFSTAT ]    (samples=100   mean=0.60   median=0.59   min=0.57   stddev=0.02 (3.2%))
[       OK ] Conv_1x1.conv/80 (66 ms)
[ RUN      ] Conv_1x1.conv/81, where GetParam() = (GFLOPS=0.140, K=[1 x 1], IN={1, 576, 38, 50}, OCN=64, PM=SAME, BIAS, OCV/CPU)
IN=4275 Kb [ 1 576 38 50 ]    OUT=475 Kb [ 1 64 38 50 ]    Weights(parameters): 145 Kb    MFLOPS=140.205
[ PERFSTAT ]    (samples=10   mean=3.58   median=3.57   min=3.43   stddev=0.08 (2.2%))
[       OK ] Conv_1x1.conv/81 (47 ms)
[ RUN      ] Conv_1x1.conv/82, where GetParam() = (GFLOPS=0.017, K=[1 x 1], IN={1, 16, 64, 128}, OCN=64, OCV/CPU)
IN=512 Kb [ 1 16 64 128 ]    OUT=2048 Kb [ 1 64 64 128 ]    Weights(parameters): 4 Kb    MFLOPS=17.3015
[ PERFSTAT ]    (samples=100   mean=0.17   median=0.17   min=0.16   stddev=0.01 (3.3%))
[       OK ] Conv_1x1.conv/82 (19 ms)
[ RUN      ] Conv_1x1.conv/83, where GetParam() = (GFLOPS=0.044, K=[1 x 1], IN={1, 512, 13, 13}, OCN=256, OCV/CPU)
IN=338 Kb [ 1 512 13 13 ]    OUT=169 Kb [ 1 256 13 13 ]    Weights(parameters): 512 Kb    MFLOPS=44.3456
[ PERFSTAT ]    (samples=10   mean=0.27   median=0.27   min=0.26   stddev=0.01 (2.9%))
[       OK ] Conv_1x1.conv/83 (4 ms)
[ RUN      ] Conv_1x1.conv/84, where GetParam() = (GFLOPS=0.129, K=[1 x 1], IN={1, 160, 56, 56}, OCN=128, OCV/CPU)
IN=1960 Kb [ 1 160 56 56 ]    OUT=1568 Kb [ 1 128 56 56 ]    Weights(parameters): 80 Kb    MFLOPS=128.852
[ PERFSTAT ]    (samples=13   mean=0.73   median=0.72   min=0.69   stddev=0.02 (2.9%))
[       OK ] Conv_1x1.conv/84 (13 ms)
[ RUN      ] Conv_1x1.conv/85, where GetParam() = (GFLOPS=0.118, K=[1 x 1], IN={1, 320, 38, 38}, OCN=128, PM=SAME, BIAS, OCV/CPU)
IN=1805 Kb [ 1 320 38 38 ]    OUT=722 Kb [ 1 128 38 38 ]    Weights(parameters): 161 Kb    MFLOPS=118.477
[ PERFSTAT ]    (samples=10   mean=2.55   median=2.55   min=2.52   stddev=0.02 (0.7%))
[       OK ] Conv_1x1.conv/85 (29 ms)
[ RUN      ] Conv_1x1.conv/86, where GetParam() = (GFLOPS=0.039, K=[1 x 1], IN={1, 1024, 10, 10}, OCN=192, PM=SAME, BIAS, OCV/CPU)
IN=400 Kb [ 1 1024 10 10 ]    OUT=75 Kb [ 1 192 10 10 ]    Weights(parameters): 769 Kb    MFLOPS=39.3408
[ PERFSTAT ]    (samples=13   mean=0.28   median=0.28   min=0.28   stddev=0.01 (3.0%))
[       OK ] Conv_1x1.conv/86 (5 ms)
[ RUN      ] Conv_1x1.conv/87, where GetParam() = (GFLOPS=0.017, K=[1 x 1], IN={1, 64, 64, 128}, OCN=16, OCV/CPU)
IN=2048 Kb [ 1 64 64 128 ]    OUT=512 Kb [ 1 16 64 128 ]    Weights(parameters): 4 Kb    MFLOPS=16.9083
[ PERFSTAT ]    (samples=32   mean=0.39   median=0.39   min=0.37   stddev=0.01 (3.0%))
[       OK ] Conv_1x1.conv/87 (16 ms)
[ RUN      ] Conv_1x1.conv/88, where GetParam() = (GFLOPS=0.019, K=[1 x 1], IN={1, 32, 96, 96}, OCN=32, BIAS, OCV/CPU)
IN=1152 Kb [ 1 32 96 96 ]    OUT=1152 Kb [ 1 32 96 96 ]    Weights(parameters): 5 Kb    MFLOPS=19.1693
[ PERFSTAT ]    (samples=10   mean=0.35   median=0.34   min=0.34   stddev=0.01 (1.8%))
[       OK ] Conv_1x1.conv/88 (4 ms)
[ RUN      ] Conv_1x1.conv/89, where GetParam() = (GFLOPS=0.114, K=[1 x 1], IN={1, 144, 128, 128}, OCN=24, PM=SAME, OCV/CPU)
IN=9216 Kb [ 1 144 128 128 ]    OUT=1536 Kb [ 1 24 128 128 ]    Weights(parameters): 14 Kb    MFLOPS=113.639
[ PERFSTAT ]    (samples=13   mean=1.29   median=1.29   min=1.24   stddev=0.04 (2.9%))
[       OK ] Conv_1x1.conv/89 (32 ms)
[ RUN      ] Conv_1x1.conv/90, where GetParam() = (GFLOPS=0.057, K=[1 x 1], IN={1, 240, 46, 46}, OCN=56, BIAS, OCV/CPU)
IN=1984 Kb [ 1 240 46 46 ]    OUT=463 Kb [ 1 56 46 46 ]    Weights(parameters): 53 Kb    MFLOPS=56.9966
[ PERFSTAT ]    (samples=100   mean=1.52   median=1.53   min=1.32   stddev=0.08 (5.3%))
[       OK ] Conv_1x1.conv/90 (158 ms)
[ RUN      ] Conv_1x1.conv/91, where GetParam() = (GFLOPS=0.056, K=[1 x 1], IN={1, 448, 7, 7}, OCN=1280, OCV/CPU)
IN=86 Kb [ 1 448 7 7 ]    OUT=245 Kb [ 1 1280 7 7 ]    Weights(parameters): 2240 Kb    MFLOPS=56.2598
[ PERFSTAT ]    (samples=100   mean=0.13   median=0.13   min=0.12   stddev=0.01 (4.0%))
[       OK ] Conv_1x1.conv/91 (15 ms)
[ RUN      ] Conv_1x1.conv/92, where GetParam() = (GFLOPS=0.112, K=[1 x 1], IN={1, 1024, 10, 10}, OCN=546, PM=SAME, BIAS, OCV/CPU)
IN=400 Kb [ 1 1024 10 10 ]    OUT=214 Kb [ 1 546 10 10 ]    Weights(parameters): 2187 Kb    MFLOPS=111.875
[ PERFSTAT ]    (samples=50   mean=0.63   median=0.63   min=0.61   stddev=0.02 (3.0%))
[       OK ] Conv_1x1.conv/92 (36 ms)
[ RUN      ] Conv_1x1.conv/93, where GetParam() = (GFLOPS=0.110, K=[1 x 1], IN={1, 480, 32, 32}, OCN=112, PM=SAME, OCV/CPU)
IN=1920 Kb [ 1 480 32 32 ]    OUT=448 Kb [ 1 112 32 32 ]    Weights(parameters): 210 Kb    MFLOPS=110.215
[ PERFSTAT ]    (samples=10   mean=2.17   median=2.16   min=2.14   stddev=0.03 (1.3%))
[       OK ] Conv_1x1.conv/93 (27 ms)
[ RUN      ] Conv_1x1.conv/94, where GetParam() = (GFLOPS=0.054, K=[1 x 1], IN={1, 16, 320, 320}, OCN=16, BIAS, OCV/CPU)
IN=6400 Kb [ 1 16 320 320 ]    OUT=6400 Kb [ 1 16 320 320 ]    Weights(parameters): 2 Kb    MFLOPS=54.0672
[ PERFSTAT ]    (samples=100   mean=1.20   median=1.19   min=1.08   stddev=0.05 (4.1%))
[       OK ] Conv_1x1.conv/94 (133 ms)
[ RUN      ] Conv_1x1.conv/95, where GetParam() = (GFLOPS=0.107, K=[1 x 1], IN={1, 64, 32, 32}, OCN=810, PM=VALID, BIAS, OCV/CPU)
IN=256 Kb [ 1 64 32 32 ]    OUT=3240 Kb [ 1 810 32 32 ]    Weights(parameters): 206 Kb    MFLOPS=106.998
[ PERFSTAT ]    (samples=11   mean=0.34   median=0.34   min=0.32   stddev=0.01 (3.0%))
[       OK ] Conv_1x1.conv/95 (5 ms)
[ RUN      ] Conv_1x1.conv/96, where GetParam() = (GFLOPS=0.036, K=[1 x 1], IN={1, 192, 38, 38}, OCN=64, PM=SAME, BIAS, OCV/CPU)
IN=1083 Kb [ 1 192 38 38 ]    OUT=361 Kb [ 1 64 38 38 ]    Weights(parameters): 49 Kb    MFLOPS=35.5802
[ PERFSTAT ]    (samples=12   mean=0.89   median=0.88   min=0.86   stddev=0.03 (3.0%))
[       OK ] Conv_1x1.conv/96 (13 ms)
[ RUN      ] Conv_1x1.conv/97, where GetParam() = (GFLOPS=0.027, K=[1 x 1], IN={1, 32, 160, 160}, OCN=16, BIAS, OCV/CPU)
IN=3200 Kb [ 1 32 160 160 ]    OUT=1600 Kb [ 1 16 160 160 ]    Weights(parameters): 3 Kb    MFLOPS=26.624
[ PERFSTAT ]    (samples=38   mean=0.65   median=0.64   min=0.62   stddev=0.02 (3.0%))
[       OK ] Conv_1x1.conv/97 (29 ms)
[ RUN      ] Conv_1x1.conv/98, where GetParam() = (GFLOPS=0.027, K=[1 x 1], IN={1, 24, 92, 92}, OCN=64, BIAS, OCV/CPU)
IN=794 Kb [ 1 24 92 92 ]    OUT=2116 Kb [ 1 64 92 92 ]    Weights(parameters): 7 Kb    MFLOPS=26.5431
[ PERFSTAT ]    (samples=100   mean=0.19   median=0.19   min=0.17   stddev=0.01 (4.7%))
[       OK ] Conv_1x1.conv/98 (20 ms)
[ RUN      ] Conv_1x1.conv/99, where GetParam() = (GFLOPS=0.026, K=[1 x 1], IN={1, 64, 80, 80}, OCN=32, BIAS, OCV/CPU)
IN=1600 Kb [ 1 64 80 80 ]    OUT=800 Kb [ 1 32 80 80 ]    Weights(parameters): 9 Kb    MFLOPS=26.4192
[ PERFSTAT ]    (samples=63   mean=0.37   median=0.37   min=0.34   stddev=0.01 (2.9%))
[       OK ] Conv_1x1.conv/99 (26 ms)
[ RUN      ] Conv_1x1.conv/100, where GetParam() = (GFLOPS=0.105, K=[1 x 1], IN={1, 256, 40, 40}, OCN=128, PM=SAME, OCV/CPU)
IN=1600 Kb [ 1 256 40 40 ]    OUT=800 Kb [ 1 128 40 40 ]    Weights(parameters): 128 Kb    MFLOPS=105.062
[ PERFSTAT ]    (samples=10   mean=2.09   median=2.09   min=2.06   stddev=0.03 (1.4%))
[       OK ] Conv_1x1.conv/100 (24 ms)
[ RUN      ] Conv_1x1.conv/101, where GetParam() = (GFLOPS=0.105, K=[1 x 1], IN={1, 1024, 10, 10}, OCN=512, PM=SAME, OCV/CPU)
IN=400 Kb [ 1 1024 10 10 ]    OUT=200 Kb [ 1 512 10 10 ]    Weights(parameters): 2048 Kb    MFLOPS=104.909
[ PERFSTAT ]    (samples=35   mean=0.63   median=0.63   min=0.61   stddev=0.02 (3.0%))
[       OK ] Conv_1x1.conv/101 (25 ms)
[ RUN      ] Conv_1x1.conv/102, where GetParam() = (GFLOPS=0.052, K=[1 x 1], IN={1, 256, 20, 20}, OCN=255, BIAS, OCV/CPU)
IN=400 Kb [ 1 256 20 20 ]    OUT=399 Kb [ 1 255 20 20 ]    Weights(parameters): 256 Kb    MFLOPS=52.326
[ PERFSTAT ]    (samples=10   mean=0.27   median=0.27   min=0.26   stddev=0.01 (2.2%))
[       OK ] Conv_1x1.conv/102 (4 ms)
[ RUN      ] Conv_1x1.conv/103, where GetParam() = (GFLOPS=0.026, K=[1 x 1], IN={1, 64, 92, 92}, OCN=24, BIAS, OCV/CPU)
IN=2116 Kb [ 1 64 92 92 ]    OUT=794 Kb [ 1 24 92 92 ]    Weights(parameters): 7 Kb    MFLOPS=26.2045
[ PERFSTAT ]    (samples=83   mean=0.41   median=0.41   min=0.39   stddev=0.01 (3.0%))
[       OK ] Conv_1x1.conv/103 (37 ms)
[ RUN      ] Conv_1x1.conv/104, where GetParam() = (GFLOPS=0.052, K=[1 x 1], IN={1, 32, 112, 112}, OCN=64, OCV/CPU)
IN=1568 Kb [ 1 32 112 112 ]    OUT=3136 Kb [ 1 64 112 112 ]    Weights(parameters): 8 Kb    MFLOPS=52.183
[ PERFSTAT ]    (samples=13   mean=0.57   median=0.58   min=0.55   stddev=0.02 (2.9%))
[       OK ] Conv_1x1.conv/104 (9 ms)
[ RUN      ] Conv_1x1.conv/105, where GetParam() = (GFLOPS=0.051, K=[1 x 1], IN={1, 512, 7, 7}, OCN=1024, OCV/CPU)
IN=98 Kb [ 1 512 7 7 ]    OUT=196 Kb [ 1 1024 7 7 ]    Weights(parameters): 2048 Kb    MFLOPS=51.4304
[ PERFSTAT ]    (samples=100   mean=0.17   median=0.17   min=0.14   stddev=0.02 (11.8%))
[       OK ] Conv_1x1.conv/105 (20 ms)
[ RUN      ] Conv_1x1.conv/106, where GetParam() = (GFLOPS=0.101, K=[1 x 1], IN={1, 512, 19, 19}, OCN=273, PM=SAME, BIAS, OCV/CPU)
IN=722 Kb [ 1 512 19 19 ]    OUT=385 Kb [ 1 273 19 19 ]    Weights(parameters): 548 Kb    MFLOPS=101.017
[ PERFSTAT ]    (samples=10   mean=1.04   median=1.04   min=1.03   stddev=0.01 (1.2%))
[       OK ] Conv_1x1.conv/106 (13 ms)
[ RUN      ] Conv_1x1.conv/107, where GetParam() = (GFLOPS=0.008, K=[1 x 1], IN={1, 64, 32, 32}, OCN=64, PM=VALID, BIAS, OCV/CPU)
IN=256 Kb [ 1 64 32 32 ]    OUT=256 Kb [ 1 64 32 32 ]    Weights(parameters): 17 Kb    MFLOPS=8.45414
[ PERFSTAT ]    (samples=30   mean=0.22   median=0.22   min=0.21   stddev=0.01 (3.0%))
[       OK ] Conv_1x1.conv/107 (8 ms)
[ RUN      ] Conv_1x1.conv/108, where GetParam() = (GFLOPS=0.050, K=[1 x 1], IN={1, 24, 92, 92}, OCN=120, BIAS, OCV/CPU)
IN=794 Kb [ 1 24 92 92 ]    OUT=3968 Kb [ 1 120 92 92 ]    Weights(parameters): 12 Kb    MFLOPS=49.7683
[ PERFSTAT ]    (samples=100   mean=0.26   median=0.26   min=0.22   stddev=0.01 (5.2%))
[       OK ] Conv_1x1.conv/108 (28 ms)
[ RUN      ] Conv_1x1.conv/109, where GetParam() = (GFLOPS=0.095, K=[1 x 1], IN={1, 128, 38, 38}, OCN=256, BIAS, OCV/CPU)
IN=722 Kb [ 1 128 38 38 ]    OUT=1444 Kb [ 1 256 38 38 ]    Weights(parameters): 129 Kb    MFLOPS=95.0036
[ PERFSTAT ]    (samples=10   mean=1.02   median=1.02   min=0.99   stddev=0.02 (1.6%))
[       OK ] Conv_1x1.conv/109 (12 ms)
[ RUN      ] Conv_1x1.conv/110, where GetParam() = (GFLOPS=0.094, K=[1 x 1], IN={1, 32, 150, 150}, OCN=64, BIAS, OCV/CPU)
IN=2813 Kb [ 1 32 150 150 ]    OUT=5625 Kb [ 1 64 150 150 ]    Weights(parameters): 9 Kb    MFLOPS=93.6
[ PERFSTAT ]    (samples=100   mean=0.64   median=0.63   min=0.57   stddev=0.03 (4.3%))
[       OK ] Conv_1x1.conv/110 (68 ms)
[ RUN      ] Conv_1x1.conv/111, where GetParam() = (GFLOPS=0.093, K=[1 x 1], IN={1, 512, 38, 50}, OCN=48, PM=SAME, BIAS, OCV/CPU)
IN=3800 Kb [ 1 512 38 50 ]    OUT=357 Kb [ 1 48 38 50 ]    Weights(parameters): 97 Kb    MFLOPS=93.48
[ PERFSTAT ]    (samples=100   mean=2.87   median=2.92   min=2.31   stddev=0.15 (5.3%))
[       OK ] Conv_1x1.conv/111 (298 ms)
[ RUN      ] Conv_1x1.conv/112, where GetParam() = (GFLOPS=0.093, K=[1 x 1], IN={1, 576, 19, 19}, OCN=224, PM=SAME, BIAS, OCV/CPU)
IN=813 Kb [ 1 576 19 19 ]    OUT=316 Kb [ 1 224 19 19 ]    Weights(parameters): 505 Kb    MFLOPS=93.2362
[ PERFSTAT ]    (samples=10   mean=1.14   median=1.15   min=1.12   stddev=0.01 (1.0%))
[       OK ] Conv_1x1.conv/112 (14 ms)
[ RUN      ] Conv_1x1.conv/113, where GetParam() = (GFLOPS=0.093, K=[1 x 1], IN={1, 64, 75, 75}, OCN=128, BIAS, OCV/CPU)
IN=1407 Kb [ 1 64 75 75 ]    OUT=2813 Kb [ 1 128 75 75 ]    Weights(parameters): 33 Kb    MFLOPS=92.88
[ PERFSTAT ]    (samples=14   mean=0.64   median=0.64   min=0.61   stddev=0.02 (2.9%))
[       OK ] Conv_1x1.conv/113 (11 ms)
[ RUN      ] Conv_1x1.conv/114, where GetParam() = (GFLOPS=0.092, K=[1 x 1], IN={1, 192, 75, 100}, OCN=32, PM=SAME, BIAS, OCV/CPU)
IN=5625 Kb [ 1 192 75 100 ]    OUT=938 Kb [ 1 32 75 100 ]    Weights(parameters): 25 Kb    MFLOPS=92.4
[ PERFSTAT ]    (samples=41   mean=1.21   median=1.20   min=1.16   stddev=0.04 (3.0%))
[       OK ] Conv_1x1.conv/114 (60 ms)
[ RUN      ] Conv_1x1.conv/115, where GetParam() = (GFLOPS=0.031, K=[1 x 1], IN={1, 160, 10, 10}, OCN=960, PM=SAME, OCV/CPU)
IN=63 Kb [ 1 160 10 10 ]    OUT=375 Kb [ 1 960 10 10 ]    Weights(parameters): 600 Kb    MFLOPS=30.816
[ PERFSTAT ]    (samples=100   mean=0.11   median=0.11   min=0.10   stddev=0.00 (3.3%))
[       OK ] Conv_1x1.conv/115 (12 ms)
[ RUN      ] Conv_1x1.conv/116, where GetParam() = (GFLOPS=0.044, K=[1 x 1], IN={1, 40, 184, 184}, OCN=16, BIAS, OCV/CPU)
IN=5290 Kb [ 1 40 184 184 ]    OUT=2116 Kb [ 1 16 184 184 ]    Weights(parameters): 3 Kb    MFLOPS=43.8774
[ PERFSTAT ]    (samples=31   mean=0.97   median=0.96   min=0.93   stddev=0.03 (3.0%))
[       OK ] Conv_1x1.conv/116 (34 ms)
[ RUN      ] Conv_1x1.conv/117, where GetParam() = (GFLOPS=0.044, K=[1 x 1], IN={1, 272, 7, 7}, OCN=1632, OCV/CPU)
IN=53 Kb [ 1 272 7 7 ]    OUT=313 Kb [ 1 1632 7 7 ]    Weights(parameters): 1734 Kb    MFLOPS=43.5826
[ PERFSTAT ]    (samples=100   mean=0.13   median=0.12   min=0.12   stddev=0.01 (6.3%))
[       OK ] Conv_1x1.conv/117 (15 ms)
[ RUN      ] Conv_1x1.conv/118, where GetParam() = (GFLOPS=0.042, K=[1 x 1], IN={1, 672, 14, 14}, OCN=160, BIAS, OCV/CPU)
IN=515 Kb [ 1 672 14 14 ]    OUT=123 Kb [ 1 160 14 14 ]    Weights(parameters): 421 Kb    MFLOPS=42.1792
[ PERFSTAT ]    (samples=10   mean=0.33   median=0.33   min=0.32   stddev=0.01 (2.9%))
[       OK ] Conv_1x1.conv/118 (5 ms)
[ RUN      ] Conv_1x1.conv/119, where GetParam() = (GFLOPS=0.082, K=[1 x 1], IN={1, 320, 10, 10}, OCN=1280, PM=SAME, OCV/CPU)
IN=125 Kb [ 1 320 10 10 ]    OUT=500 Kb [ 1 1280 10 10 ]    Weights(parameters): 1600 Kb    MFLOPS=82.048
[ PERFSTAT ]    (samples=100   mean=0.16   median=0.16   min=0.15   stddev=0.01 (4.7%))
[       OK ] Conv_1x1.conv/119 (19 ms)
[ RUN      ] Conv_1x1.conv/120, where GetParam() = (GFLOPS=0.041, K=[1 x 1], IN={1, 40, 46, 46}, OCN=240, BIAS, OCV/CPU)
IN=331 Kb [ 1 40 46 46 ]    OUT=1984 Kb [ 1 240 46 46 ]    Weights(parameters): 39 Kb    MFLOPS=41.135
[ PERFSTAT ]    (samples=11   mean=0.23   median=0.23   min=0.22   stddev=0.01 (3.0%))
[       OK ] Conv_1x1.conv/120 (3 ms)
[ RUN      ] Conv_1x1.conv/121, where GetParam() = (GFLOPS=0.040, K=[1 x 1], IN={1, 24, 92, 92}, OCN=96, OCV/CPU)
IN=794 Kb [ 1 24 92 92 ]    OUT=3174 Kb [ 1 96 92 92 ]    Weights(parameters): 9 Kb    MFLOPS=39.8147
[ PERFSTAT ]    (samples=100   mean=0.23   median=0.23   min=0.20   stddev=0.01 (5.0%))
[       OK ] Conv_1x1.conv/121 (25 ms)
[ RUN      ] Conv_1x1.conv/122, where GetParam() = (GFLOPS=0.013, K=[1 x 1], IN={1, 32, 80, 80}, OCN=32, BIAS, OCV/CPU)
IN=800 Kb [ 1 32 80 80 ]    OUT=800 Kb [ 1 32 80 80 ]    Weights(parameters): 5 Kb    MFLOPS=13.312
[ PERFSTAT ]    (samples=13   mean=0.20   median=0.20   min=0.19   stddev=0.00 (2.1%))
[       OK ] Conv_1x1.conv/122 (3 ms)
[ RUN      ] Conv_1x1.conv/123, where GetParam() = (GFLOPS=0.079, K=[1 x 1], IN={1, 240, 64, 64}, OCN=40, PM=SAME, OCV/CPU)
IN=3840 Kb [ 1 240 64 64 ]    OUT=640 Kb [ 1 40 64 64 ]    Weights(parameters): 38 Kb    MFLOPS=78.807
[ PERFSTAT ]    (samples=42   mean=0.89   median=0.88   min=0.84   stddev=0.03 (3.0%))
[       OK ] Conv_1x1.conv/123 (42 ms)
[ RUN      ] Conv_1x1.conv/124, where GetParam() = (GFLOPS=0.079, K=[1 x 1], IN={1, 384, 40, 40}, OCN=64, PM=SAME, OCV/CPU)
IN=2400 Kb [ 1 384 40 40 ]    OUT=400 Kb [ 1 64 40 40 ]    Weights(parameters): 96 Kb    MFLOPS=78.7456
[ PERFSTAT ]    (samples=100   mean=2.24   median=2.25   min=2.02   stddev=0.07 (3.3%))
[       OK ] Conv_1x1.conv/124 (231 ms)
[ RUN      ] Conv_1x1.conv/125, where GetParam() = (GFLOPS=0.040, K=[1 x 1], IN={1, 24, 75, 75}, OCN=144, PM=SAME, OCV/CPU)
IN=528 Kb [ 1 24 75 75 ]    OUT=3165 Kb [ 1 144 75 75 ]    Weights(parameters): 14 Kb    MFLOPS=39.69
[ PERFSTAT ]    (samples=100   mean=0.25   median=0.25   min=0.22   stddev=0.01 (4.6%))
[       OK ] Conv_1x1.conv/125 (26 ms)
[ RUN      ] Conv_1x1.conv/126, where GetParam() = (GFLOPS=0.077, K=[1 x 1], IN={1, 96, 56, 56}, OCN=128, OCV/CPU)
IN=1176 Kb [ 1 96 56 56 ]    OUT=1568 Kb [ 1 128 56 56 ]    Weights(parameters): 48 Kb    MFLOPS=77.4717
[ PERFSTAT ]    (samples=13   mean=0.52   median=0.52   min=0.49   stddev=0.01 (2.9%))
[       OK ] Conv_1x1.conv/126 (9 ms)
[ RUN      ] Conv_1x1.conv/127, where GetParam() = (GFLOPS=0.076, K=[1 x 1], IN={1, 96, 128, 128}, OCN=24, PM=SAME, OCV/CPU)
IN=6144 Kb [ 1 96 128 128 ]    OUT=1536 Kb [ 1 24 128 128 ]    Weights(parameters): 9 Kb    MFLOPS=75.8907
[ PERFSTAT ]    (samples=38   mean=1.25   median=1.25   min=1.19   stddev=0.03 (2.7%))
[       OK ] Conv_1x1.conv/127 (60 ms)
[ RUN      ] Conv_1x1.conv/128, where GetParam() = (GFLOPS=0.038, K=[1 x 1], IN={1, 64, 48, 48}, OCN=128, PM=SAME, BIAS, OCV/CPU)
IN=576 Kb [ 1 64 48 48 ]    OUT=1152 Kb [ 1 128 48 48 ]    Weights(parameters): 33 Kb    MFLOPS=38.0436
[ PERFSTAT ]    (samples=10   mean=0.35   median=0.35   min=0.33   stddev=0.01 (2.3%))
[       OK ] Conv_1x1.conv/128 (4 ms)
[ RUN      ] Conv_1x1.conv/129, where GetParam() = (GFLOPS=0.018, K=[1 x 1], IN={1, 8, 368, 368}, OCN=8, BIAS, OCV/CPU)
IN=4232 Kb [ 1 8 368 368 ]    OUT=4232 Kb [ 1 8 368 368 ]    Weights(parameters): 1 Kb    MFLOPS=18.4177
[ PERFSTAT ]    (samples=100   mean=1.16   median=1.16   min=1.04   stddev=0.05 (4.0%))
[       OK ] Conv_1x1.conv/129 (121 ms)
[ RUN      ] Conv_1x1.conv/130, where GetParam() = (GFLOPS=0.071, K=[1 x 1], IN={1, 16, 150, 150}, OCN=96, PM=SAME, OCV/CPU)
IN=1407 Kb [ 1 16 150 150 ]    OUT=8438 Kb [ 1 96 150 150 ]    Weights(parameters): 6 Kb    MFLOPS=71.28
[ PERFSTAT ]    (samples=100   mean=0.85   median=0.86   min=0.72   stddev=0.04 (4.7%))
[       OK ] Conv_1x1.conv/130 (90 ms)
[ RUN      ] Conv_1x1.conv/131, where GetParam() = (GFLOPS=0.071, K=[1 x 1], IN={1, 24, 150, 150}, OCN=64, PM=VALID, BIAS, OCV/CPU)
IN=2110 Kb [ 1 24 150 150 ]    OUT=5625 Kb [ 1 64 150 150 ]    Weights(parameters): 7 Kb    MFLOPS=70.56
[ PERFSTAT ]    (samples=10   mean=0.89   median=0.89   min=0.85   stddev=0.03 (3.0%))
[       OK ] Conv_1x1.conv/131 (12 ms)
[ RUN      ] Conv_1x1.conv/132, where GetParam() = (GFLOPS=0.068, K=[1 x 1], IN={1, 32, 256, 256}, OCN=16, PM=SAME, OCV/CPU)
IN=8192 Kb [ 1 32 256 256 ]    OUT=4096 Kb [ 1 16 256 256 ]    Weights(parameters): 2 Kb    MFLOPS=68.1574
[ PERFSTAT ]    (samples=25   mean=1.15   median=1.14   min=1.09   stddev=0.03 (2.5%))
[       OK ] Conv_1x1.conv/132 (40 ms)
[ RUN      ] Conv_1x1.conv/133, where GetParam() = (GFLOPS=0.066, K=[1 x 1], IN={1, 672, 16, 16}, OCN=192, PM=SAME, OCV/CPU)
IN=672 Kb [ 1 672 16 16 ]    OUT=192 Kb [ 1 192 16 16 ]    Weights(parameters): 504 Kb    MFLOPS=66.1094
[ PERFSTAT ]    (samples=10   mean=0.99   median=0.99   min=0.98   stddev=0.01 (0.9%))
[       OK ] Conv_1x1.conv/133 (11 ms)
[ RUN      ] Conv_1x1.conv/134, where GetParam() = (GFLOPS=0.066, K=[1 x 1], IN={1, 1280, 10, 10}, OCN=256, PM=SAME, OCV/CPU)
IN=500 Kb [ 1 1280 10 10 ]    OUT=100 Kb [ 1 256 10 10 ]    Weights(parameters): 1280 Kb    MFLOPS=65.5616
[ PERFSTAT ]    (samples=25   mean=0.36   median=0.36   min=0.35   stddev=0.01 (2.9%))
[       OK ] Conv_1x1.conv/134 (12 ms)
[ RUN      ] Conv_1x1.conv/135, where GetParam() = (GFLOPS=0.033, K=[1 x 1], IN={1, 128, 40, 40}, OCN=80, BIAS, OCV/CPU)
IN=800 Kb [ 1 128 40 40 ]    OUT=500 Kb [ 1 80 40 40 ]    Weights(parameters): 41 Kb    MFLOPS=32.896
[ PERFSTAT ]    (samples=24   mean=0.40   median=0.40   min=0.38   stddev=0.01 (3.0%))
[       OK ] Conv_1x1.conv/135 (11 ms)
[ RUN      ] Conv_1x1.conv/136, where GetParam() = (GFLOPS=0.016, K=[1 x 1], IN={1, 40, 46, 46}, OCN=96, BIAS, OCV/CPU)
IN=331 Kb [ 1 40 46 46 ]    OUT=794 Kb [ 1 96 46 46 ]    Weights(parameters): 16 Kb    MFLOPS=16.454
[ PERFSTAT ]    (samples=13   mean=0.27   median=0.27   min=0.26   stddev=0.01 (3.0%))
[       OK ] Conv_1x1.conv/136 (4 ms)
[ RUN      ] Conv_1x1.conv/137, where GetParam() = (GFLOPS=0.016, K=[1 x 1], IN={1, 96, 46, 46}, OCN=40, BIAS, OCV/CPU)
IN=794 Kb [ 1 96 46 46 ]    OUT=331 Kb [ 1 40 46 46 ]    Weights(parameters): 16 Kb    MFLOPS=16.3355
[ PERFSTAT ]    (samples=100   mean=0.28   median=0.28   min=0.25   stddev=0.01 (4.0%))
[       OK ] Conv_1x1.conv/137 (30 ms)
[ RUN      ] Conv_1x1.conv/138, where GetParam() = (GFLOPS=0.061, K=[1 x 1], IN={1, 960, 10, 10}, OCN=320, PM=SAME, OCV/CPU)
IN=375 Kb [ 1 960 10 10 ]    OUT=125 Kb [ 1 320 10 10 ]    Weights(parameters): 1200 Kb    MFLOPS=61.472
[ PERFSTAT ]    (samples=10   mean=0.33   median=0.33   min=0.31   stddev=0.01 (3.0%))
[       OK ] Conv_1x1.conv/138 (5 ms)
[ RUN      ] Conv_1x1.conv/139, where GetParam() = (GFLOPS=0.061, K=[1 x 1], IN={1, 512, 46, 46}, OCN=28, BIAS, OCV/CPU)
IN=4232 Kb [ 1 512 46 46 ]    OUT=232 Kb [ 1 28 46 46 ]    Weights(parameters): 57 Kb    MFLOPS=60.7292
[ PERFSTAT ]    (samples=100   mean=2.54   median=2.51   min=2.02   stddev=0.17 (6.7%))
[       OK ] Conv_1x1.conv/139 (265 ms)
[ RUN      ] Conv_1x1.conv/140, where GetParam() = (GFLOPS=0.031, K=[1 x 1], IN={1, 960, 10, 10}, OCN=160, PM=SAME, OCV/CPU)
IN=375 Kb [ 1 960 10 10 ]    OUT=63 Kb [ 1 160 10 10 ]    Weights(parameters): 600 Kb    MFLOPS=30.736
[ PERFSTAT ]    (samples=10   mean=0.31   median=0.31   min=0.30   stddev=0.01 (2.1%))
[       OK ] Conv_1x1.conv/140 (5 ms)
[ RUN      ] Conv_1x1.conv/141, where GetParam() = (GFLOPS=0.059, K=[1 x 1], IN={1, 320, 38, 38}, OCN=64, PM=SAME, BIAS, OCV/CPU)
IN=1805 Kb [ 1 320 38 38 ]    OUT=361 Kb [ 1 64 38 38 ]    Weights(parameters): 81 Kb    MFLOPS=59.2387
[ PERFSTAT ]    (samples=91   mean=1.73   median=1.73   min=1.52   stddev=0.05 (3.0%))
[       OK ] Conv_1x1.conv/141 (162 ms)
[ RUN      ] Conv_1x1.conv/142, where GetParam() = (GFLOPS=0.007, K=[1 x 1], IN={1, 112, 7, 7}, OCN=672, BIAS, OCV/CPU)
IN=22 Kb [ 1 112 7 7 ]    OUT=129 Kb [ 1 672 7 7 ]    Weights(parameters): 297 Kb    MFLOPS=7.4088
[ PERFSTAT ]    (samples=17   mean=0.08   median=0.08   min=0.07   stddev=0.00 (3.0%))
[       OK ] Conv_1x1.conv/142 (2 ms)
[ RUN      ] Conv_1x1.conv/143, where GetParam() = (GFLOPS=0.010, K=[1 x 1], IN={1, 56, 16, 16}, OCN=336, BIAS, OCV/CPU)
IN=56 Kb [ 1 56 16 16 ]    OUT=336 Kb [ 1 336 16 16 ]    Weights(parameters): 75 Kb    MFLOPS=9.71981
[ PERFSTAT ]    (samples=13   mean=0.08   median=0.08   min=0.07   stddev=0.00 (2.8%))
[       OK ] Conv_1x1.conv/143 (1 ms)
[ RUN      ] Conv_1x1.conv/144, where GetParam() = (GFLOPS=0.010, K=[1 x 1], IN={1, 64, 14, 14}, OCN=384, BIAS, OCV/CPU)
IN=49 Kb [ 1 64 14 14 ]    OUT=294 Kb [ 1 384 14 14 ]    Weights(parameters): 98 Kb    MFLOPS=9.70906
[ PERFSTAT ]    (samples=10   mean=0.08   median=0.08   min=0.08   stddev=0.00 (2.5%))
[       OK ] Conv_1x1.conv/144 (2 ms)
[ RUN      ] Conv_1x1.conv/145, where GetParam() = (GFLOPS=0.028, K=[1 x 1], IN={1, 336, 23, 23}, OCN=80, BIAS, OCV/CPU)
IN=695 Kb [ 1 336 23 23 ]    OUT=166 Kb [ 1 80 23 23 ]    Weights(parameters): 106 Kb    MFLOPS=28.4814
[ PERFSTAT ]    (samples=10   mean=0.55   median=0.55   min=0.53   stddev=0.01 (2.3%))
[       OK ] Conv_1x1.conv/145 (7 ms)
[ RUN      ] Conv_1x1.conv/146, where GetParam() = (GFLOPS=0.007, K=[1 x 1], IN={1, 96, 8, 8}, OCN=576, BIAS, OCV/CPU)
IN=24 Kb [ 1 96 8 8 ]    OUT=144 Kb [ 1 576 8 8 ]    Weights(parameters): 219 Kb    MFLOPS=7.11475
[ PERFSTAT ]    (samples=100   mean=0.06   median=0.06   min=0.05   stddev=0.00 (3.5%))
[       OK ] Conv_1x1.conv/146 (6 ms)
[ RUN      ] Conv_1x1.conv/147, where GetParam() = (GFLOPS=0.027, K=[1 x 1], IN={1, 16, 160, 160}, OCN=32, BIAS, OCV/CPU)
IN=1600 Kb [ 1 16 160 160 ]    OUT=3200 Kb [ 1 32 160 160 ]    Weights(parameters): 3 Kb    MFLOPS=27.0336
[ PERFSTAT ]    (samples=100   mean=0.39   median=0.39   min=0.34   stddev=0.02 (4.2%))
[       OK ] Conv_1x1.conv/147 (43 ms)
[ RUN      ] Conv_1x1.conv/148, where GetParam() = (GFLOPS=0.018, K=[1 x 1], IN={1, 32, 38, 38}, OCN=192, PM=SAME, OCV/CPU)
IN=181 Kb [ 1 32 38 38 ]    OUT=1083 Kb [ 1 192 38 38 ]    Weights(parameters): 24 Kb    MFLOPS=18.0211
[ PERFSTAT ]    (samples=13   mean=0.16   median=0.16   min=0.16   stddev=0.00 (2.0%))
[       OK ] Conv_1x1.conv/148 (3 ms)
[ RUN      ] Conv_1x1.conv/149, where GetParam() = (GFLOPS=0.014, K=[1 x 1], IN={1, 16, 160, 160}, OCN=16, BIAS, OCV/CPU)
IN=1600 Kb [ 1 16 160 160 ]    OUT=1600 Kb [ 1 16 160 160 ]    Weights(parameters): 2 Kb    MFLOPS=13.5168
[ PERFSTAT ]    (samples=100   mean=0.28   median=0.28   min=0.24   stddev=0.01 (3.6%))
[       OK ] Conv_1x1.conv/149 (30 ms)
[ RUN      ] Conv_1x1.conv/150, where GetParam() = (GFLOPS=0.053, K=[1 x 1], IN={1, 528, 14, 14}, OCN=256, BIAS, OCV/CPU)
IN=405 Kb [ 1 528 14 14 ]    OUT=196 Kb [ 1 256 14 14 ]    Weights(parameters): 529 Kb    MFLOPS=53.036
[ PERFSTAT ]    (samples=10   mean=0.39   median=0.39   min=0.38   stddev=0.01 (2.3%))
[       OK ] Conv_1x1.conv/150 (6 ms)
[ RUN      ] Conv_1x1.conv/151, where GetParam() = (GFLOPS=0.053, K=[1 x 1], IN={1, 64, 40, 40}, OCN=256, PM=SAME, OCV/CPU)
IN=400 Kb [ 1 64 40 40 ]    OUT=1600 Kb [ 1 256 40 40 ]    Weights(parameters): 64 Kb    MFLOPS=52.8384
[ PERFSTAT ]    (samples=10   mean=0.28   median=0.27   min=0.27   stddev=0.01 (2.6%))
[       OK ] Conv_1x1.conv/151 (4 ms)
[ RUN      ] Conv_1x1.conv/152, where GetParam() = (GFLOPS=0.053, K=[1 x 1], IN={1, 128, 80, 80}, OCN=32, PM=SAME, OCV/CPU)
IN=3200 Kb [ 1 128 80 80 ]    OUT=800 Kb [ 1 32 80 80 ]    Weights(parameters): 16 Kb    MFLOPS=52.6336
[ PERFSTAT ]    (samples=25   mean=0.77   median=0.77   min=0.73   stddev=0.02 (2.8%))
[       OK ] Conv_1x1.conv/152 (24 ms)
[ RUN      ] Conv_1x1.conv/153, where GetParam() = (GFLOPS=0.053, K=[1 x 1], IN={1, 128, 20, 20}, OCN=512, PM=SAME, OCV/CPU)
IN=200 Kb [ 1 128 20 20 ]    OUT=800 Kb [ 1 512 20 20 ]    Weights(parameters): 256 Kb    MFLOPS=52.6336
[ PERFSTAT ]    (samples=13   mean=0.29   median=0.29   min=0.28   stddev=0.01 (2.5%))
[       OK ] Conv_1x1.conv/153 (5 ms)
[ RUN      ] Conv_1x1.conv/154, where GetParam() = (GFLOPS=0.053, K=[1 x 1], IN={1, 256, 10, 10}, OCN=1024, PM=SAME, OCV/CPU)
IN=100 Kb [ 1 256 10 10 ]    OUT=400 Kb [ 1 1024 10 10 ]    Weights(parameters): 1024 Kb    MFLOPS=52.5312
[ PERFSTAT ]    (samples=46   mean=0.14   median=0.14   min=0.14   stddev=0.00 (3.0%))
[       OK ] Conv_1x1.conv/154 (8 ms)
[ RUN      ] Conv_1x1.conv/155, where GetParam() = (GFLOPS=0.026, K=[1 x 1], IN={1, 16, 112, 112}, OCN=64, BIAS, OCV/CPU)
IN=784 Kb [ 1 16 112 112 ]    OUT=3136 Kb [ 1 64 112 112 ]    Weights(parameters): 5 Kb    MFLOPS=26.4929
[ PERFSTAT ]    (samples=15   mean=0.42   median=0.42   min=0.39   stddev=0.01 (3.0%))
[       OK ] Conv_1x1.conv/155 (8 ms)
[ RUN      ] Conv_1x1.conv/156, where GetParam() = (GFLOPS=0.013, K=[1 x 1], IN={1, 128, 20, 20}, OCN=128, BIAS, OCV/CPU)
IN=200 Kb [ 1 128 20 20 ]    OUT=200 Kb [ 1 128 20 20 ]    Weights(parameters): 65 Kb    MFLOPS=13.1584
[ PERFSTAT ]    (samples=10   mean=0.33   median=0.33   min=0.32   stddev=0.01 (1.8%))
[       OK ] Conv_1x1.conv/156 (4 ms)
[ RUN      ] Conv_1x1.conv/157, where GetParam() = (GFLOPS=0.026, K=[1 x 1], IN={1, 1024, 10, 10}, OCN=128, PM=SAME, BIAS, OCV/CPU)
IN=400 Kb [ 1 1024 10 10 ]    OUT=50 Kb [ 1 128 10 10 ]    Weights(parameters): 513 Kb    MFLOPS=26.2272
[ PERFSTAT ]    (samples=13   mean=0.40   median=0.40   min=0.38   stddev=0.01 (2.1%))
[       OK ] Conv_1x1.conv/157 (6 ms)
[ RUN      ] Conv_1x1.conv/158, where GetParam() = (GFLOPS=0.013, K=[1 x 1], IN={1, 16, 64, 64}, OCN=96, BIAS, OCV/CPU)
IN=256 Kb [ 1 16 64 64 ]    OUT=1536 Kb [ 1 96 64 64 ]    Weights(parameters): 7 Kb    MFLOPS=12.9761
[ PERFSTAT ]    (samples=100   mean=0.13   median=0.13   min=0.11   stddev=0.01 (4.9%))
[       OK ] Conv_1x1.conv/158 (15 ms)
[ RUN      ] Conv_1x1.conv/159, where GetParam() = (GFLOPS=0.051, K=[1 x 1], IN={1, 256, 56, 56}, OCN=128, S=[2 x 2], OCV/CPU)
IN=3136 Kb [ 1 256 56 56 ]    OUT=392 Kb [ 1 128 28 28 ]    Weights(parameters): 128 Kb    MFLOPS=51.4806
[ PERFSTAT ]    (samples=10   mean=1.10   median=1.09   min=1.09   stddev=0.01 (1.0%))
[       OK ] Conv_1x1.conv/159 (14 ms)
[ RUN      ] Conv_1x1.conv/160, where GetParam() = (GFLOPS=0.051, K=[1 x 1], IN={1, 512, 28, 28}, OCN=256, S=[2 x 2], OCV/CPU)
IN=1568 Kb [ 1 512 28 28 ]    OUT=196 Kb [ 1 256 14 14 ]    Weights(parameters): 512 Kb    MFLOPS=51.4304
[ PERFSTAT ]    (samples=20   mean=0.49   median=0.49   min=0.47   stddev=0.01 (3.0%))
[       OK ] Conv_1x1.conv/160 (13 ms)
[ RUN      ] Conv_1x1.conv/161, where GetParam() = (GFLOPS=0.051, K=[1 x 1], IN={1, 1024, 14, 14}, OCN=512, S=[2 x 2], OCV/CPU)
IN=784 Kb [ 1 1024 14 14 ]    OUT=98 Kb [ 1 512 7 7 ]    Weights(parameters): 2048 Kb    MFLOPS=51.4053
[ PERFSTAT ]    (samples=100   mean=0.24   median=0.23   min=0.22   stddev=0.01 (6.0%))
[       OK ] Conv_1x1.conv/161 (29 ms)
[ RUN      ] Conv_1x1.conv/162, where GetParam() = (GFLOPS=0.026, K=[1 x 1], IN={1, 960, 7, 7}, OCN=272, BIAS, OCV/CPU)
IN=184 Kb [ 1 960 7 7 ]    OUT=53 Kb [ 1 272 7 7 ]    Weights(parameters): 1022 Kb    MFLOPS=25.6031
[ PERFSTAT ]    (samples=18   mean=0.17   median=0.17   min=0.16   stddev=0.00 (3.0%))
[       OK ] Conv_1x1.conv/162 (4 ms)
[ RUN      ] Conv_1x1.conv/163, where GetParam() = (GFLOPS=0.047, K=[1 x 1], IN={1, 144, 64, 64}, OCN=40, PM=SAME, OCV/CPU)
IN=2304 Kb [ 1 144 64 64 ]    OUT=640 Kb [ 1 40 64 64 ]    Weights(parameters): 23 Kb    MFLOPS=47.3498
[ PERFSTAT ]    (samples=13   mean=0.65   median=0.65   min=0.63   stddev=0.02 (2.7%))
[       OK ] Conv_1x1.conv/163 (13 ms)
[ RUN      ] Conv_1x1.conv/164, where GetParam() = (GFLOPS=0.047, K=[1 x 1], IN={1, 512, 38, 50}, OCN=24, PM=SAME, BIAS, OCV/CPU)
IN=3800 Kb [ 1 512 38 50 ]    OUT=179 Kb [ 1 24 38 50 ]    Weights(parameters): 49 Kb    MFLOPS=46.74
[ PERFSTAT ]    (samples=100   mean=1.91   median=1.91   min=1.51   stddev=0.16 (8.3%))
[       OK ] Conv_1x1.conv/164 (201 ms)
[ RUN      ] Conv_1x1.conv/165, where GetParam() = (GFLOPS=0.023, K=[1 x 1], IN={1, 56, 46, 46}, OCN=96, OCV/CPU)
IN=463 Kb [ 1 56 46 46 ]    OUT=794 Kb [ 1 96 46 46 ]    Weights(parameters): 21 Kb    MFLOPS=22.9544
[ PERFSTAT ]    (samples=10   mean=0.40   median=0.40   min=0.38   stddev=0.01 (2.2%))
[       OK ] Conv_1x1.conv/165 (5 ms)
[ RUN      ] Conv_1x1.conv/166, where GetParam() = (GFLOPS=0.045, K=[1 x 1], IN={1, 224, 28, 28}, OCN=128, OCV/CPU)
IN=686 Kb [ 1 224 28 28 ]    OUT=392 Kb [ 1 128 28 28 ]    Weights(parameters): 112 Kb    MFLOPS=45.058
[ PERFSTAT ]    (samples=10   mean=0.49   median=0.49   min=0.47   stddev=0.01 (2.0%))
[       OK ] Conv_1x1.conv/166 (6 ms)
[ RUN      ] Conv_1x1.conv/167, where GetParam() = (GFLOPS=0.044, K=[1 x 1], IN={1, 512, 13, 13}, OCN=255, BIAS, OCV/CPU)
IN=338 Kb [ 1 512 13 13 ]    OUT=169 Kb [ 1 255 13 13 ]    Weights(parameters): 511 Kb    MFLOPS=44.1724
[ PERFSTAT ]    (samples=12   mean=0.36   median=0.36   min=0.35   stddev=0.01 (3.0%))
[       OK ] Conv_1x1.conv/167 (6 ms)
[ RUN      ] Conv_1x1.conv/168, where GetParam() = (GFLOPS=0.007, K=[1 x 1], IN={1, 672, 7, 7}, OCN=112, BIAS, OCV/CPU)
IN=129 Kb [ 1 672 7 7 ]    OUT=22 Kb [ 1 112 7 7 ]    Weights(parameters): 295 Kb    MFLOPS=7.38136
[ PERFSTAT ]    (samples=100   mean=0.29   median=0.29   min=0.18   stddev=0.01 (5.2%))
[       OK ] Conv_1x1.conv/168 (30 ms)
[ RUN      ] Conv_1x1.conv/169, where GetParam() = (GFLOPS=0.007, K=[1 x 1], IN={1, 576, 8, 8}, OCN=96, BIAS, OCV/CPU)
IN=144 Kb [ 1 576 8 8 ]    OUT=24 Kb [ 1 96 8 8 ]    Weights(parameters): 217 Kb    MFLOPS=7.08403
[ PERFSTAT ]    (samples=100   mean=0.23   median=0.23   min=0.21   stddev=0.01 (3.5%))
[       OK ] Conv_1x1.conv/169 (23 ms)
[ RUN      ] Conv_1x1.conv/170, where GetParam() = (GFLOPS=0.020, K=[1 x 1], IN={1, 120, 46, 46}, OCN=40, BIAS, OCV/CPU)
IN=992 Kb [ 1 120 46 46 ]    OUT=331 Kb [ 1 40 46 46 ]    Weights(parameters): 19 Kb    MFLOPS=20.3982
[ PERFSTAT ]    (samples=100   mean=0.66   median=0.66   min=0.57   stddev=0.03 (5.0%))
[       OK ] Conv_1x1.conv/170 (70 ms)
[ RUN      ] Conv_1x1.conv/171, where GetParam() = (GFLOPS=0.010, K=[1 x 1], IN={1, 16, 56, 56}, OCN=96, BIAS, OCV/CPU)
IN=196 Kb [ 1 16 56 56 ]    OUT=1176 Kb [ 1 96 56 56 ]    Weights(parameters): 7 Kb    MFLOPS=9.93485
[ PERFSTAT ]    (samples=100   mean=0.12   median=0.12   min=0.10   stddev=0.00 (3.8%))
[       OK ] Conv_1x1.conv/171 (12 ms)
[ RUN      ] Conv_1x1.conv/172, where GetParam() = (GFLOPS=0.039, K=[1 x 1], IN={1, 240, 32, 32}, OCN=80, PM=SAME, OCV/CPU)
IN=960 Kb [ 1 240 32 32 ]    OUT=320 Kb [ 1 80 32 32 ]    Weights(parameters): 75 Kb    MFLOPS=39.4035
[ PERFSTAT ]    (samples=11   mean=1.06   median=1.06   min=1.02   stddev=0.03 (2.9%))
[       OK ] Conv_1x1.conv/172 (14 ms)
[ RUN      ] Conv_1x1.conv/173, where GetParam() = (GFLOPS=0.039, K=[1 x 1], IN={1, 144, 75, 75}, OCN=24, PM=SAME, OCV/CPU)
IN=3165 Kb [ 1 144 75 75 ]    OUT=528 Kb [ 1 24 75 75 ]    Weights(parameters): 14 Kb    MFLOPS=39.015
[ PERFSTAT ]    (samples=15   mean=0.74   median=0.73   min=0.70   stddev=0.02 (2.9%))
[       OK ] Conv_1x1.conv/173 (16 ms)
[ RUN      ] Conv_1x1.conv/174, where GetParam() = (GFLOPS=0.039, K=[1 x 1], IN={1, 192, 28, 28}, OCN=128, OCV/CPU)
IN=588 Kb [ 1 192 28 28 ]    OUT=392 Kb [ 1 128 28 28 ]    Weights(parameters): 96 Kb    MFLOPS=38.6355
[ PERFSTAT ]    (samples=10   mean=0.62   median=0.62   min=0.61   stddev=0.00 (0.7%))
[       OK ] Conv_1x1.conv/174 (8 ms)
[ RUN      ] Conv_1x1.conv/175, where GetParam() = (GFLOPS=0.020, K=[1 x 1], IN={1, 32, 112, 112}, OCN=24, BIAS, OCV/CPU)
IN=1568 Kb [ 1 32 112 112 ]    OUT=1176 Kb [ 1 24 112 112 ]    Weights(parameters): 4 Kb    MFLOPS=19.5686
[ PERFSTAT ]    (samples=13   mean=0.25   median=0.25   min=0.24   stddev=0.01 (2.6%))
[       OK ] Conv_1x1.conv/175 (6 ms)
[ RUN      ] Conv_1x1.conv/176, where GetParam() = (GFLOPS=0.010, K=[1 x 1], IN={1, 336, 16, 16}, OCN=56, BIAS, OCV/CPU)
IN=336 Kb [ 1 336 16 16 ]    OUT=56 Kb [ 1 56 16 16 ]    Weights(parameters): 74 Kb    MFLOPS=9.64813
[ PERFSTAT ]    (samples=100   mean=0.16   median=0.16   min=0.14   stddev=0.01 (3.3%))
[       OK ] Conv_1x1.conv/176 (16 ms)
[ RUN      ] Conv_1x1.conv/177, where GetParam() = (GFLOPS=0.019, K=[1 x 1], IN={1, 32, 48, 48}, OCN=128, PM=SAME, BIAS, OCV/CPU)
IN=288 Kb [ 1 32 48 48 ]    OUT=1152 Kb [ 1 128 48 48 ]    Weights(parameters): 17 Kb    MFLOPS=19.1693
[ PERFSTAT ]    (samples=10   mean=0.31   median=0.31   min=0.30   stddev=0.01 (2.1%))
[       OK ] Conv_1x1.conv/177 (4 ms)
[ RUN      ] Conv_1x1.conv/178, where GetParam() = (GFLOPS=0.005, K=[1 x 1], IN={1, 256, 6, 6}, OCN=256, BIAS, OCV/CPU)
IN=36 Kb [ 1 256 6 6 ]    OUT=36 Kb [ 1 256 6 6 ]    Weights(parameters): 257 Kb    MFLOPS=4.72781
[ PERFSTAT ]    (samples=13   mean=0.10   median=0.10   min=0.10   stddev=0.00 (2.5%))
[       OK ] Conv_1x1.conv/178 (2 ms)
[ RUN      ] Conv_1x1.conv/179, where GetParam() = (GFLOPS=0.036, K=[1 x 1], IN={1, 480, 14, 14}, OCN=192, BIAS, OCV/CPU)
IN=368 Kb [ 1 480 14 14 ]    OUT=147 Kb [ 1 192 14 14 ]    Weights(parameters): 361 Kb    MFLOPS=36.1644
[ PERFSTAT ]    (samples=13   mean=0.37   median=0.37   min=0.36   stddev=0.01 (2.7%))
[       OK ] Conv_1x1.conv/179 (6 ms)
[ RUN      ] Conv_1x1.conv/180, where GetParam() = (GFLOPS=0.018, K=[1 x 1], IN={1, 40, 46, 46}, OCN=104, BIAS, OCV/CPU)
IN=331 Kb [ 1 40 46 46 ]    OUT=860 Kb [ 1 104 46 46 ]    Weights(parameters): 17 Kb    MFLOPS=17.8252
[ PERFSTAT ]    (samples=100   mean=0.23   median=0.23   min=0.21   stddev=0.01 (4.3%))
[       OK ] Conv_1x1.conv/180 (24 ms)
[ RUN      ] Conv_1x1.conv/181, where GetParam() = (GFLOPS=0.009, K=[1 x 1], IN={1, 8, 256, 256}, OCN=8, BIAS, OCV/CPU)
IN=2048 Kb [ 1 8 256 256 ]    OUT=2048 Kb [ 1 8 256 256 ]    Weights(parameters): 1 Kb    MFLOPS=8.9129
[ PERFSTAT ]    (samples=100   mean=0.40   median=0.40   min=0.34   stddev=0.02 (4.0%))
[       OK ] Conv_1x1.conv/181 (44 ms)
[ RUN      ] Conv_1x1.conv/182, where GetParam() = (GFLOPS=0.035, K=[1 x 1], IN={1, 512, 46, 46}, OCN=16, BIAS, OCV/CPU)
IN=4232 Kb [ 1 512 46 46 ]    OUT=133 Kb [ 1 16 46 46 ]    Weights(parameters): 33 Kb    MFLOPS=34.7024
[ PERFSTAT ]    (samples=100   mean=1.72   median=1.71   min=1.33   stddev=0.13 (7.4%))
[       OK ] Conv_1x1.conv/182 (181 ms)
[ RUN      ] Conv_1x1.conv/183, where GetParam() = (GFLOPS=0.018, K=[1 x 1], IN={1, 104, 46, 46}, OCN=40, BIAS, OCV/CPU)
IN=860 Kb [ 1 104 46 46 ]    OUT=331 Kb [ 1 40 46 46 ]    Weights(parameters): 17 Kb    MFLOPS=17.6898
[ PERFSTAT ]    (samples=100   mean=0.59   median=0.60   min=0.53   stddev=0.02 (3.6%))
[       OK ] Conv_1x1.conv/183 (62 ms)
[ RUN      ] Conv_1x1.conv/184, where GetParam() = (GFLOPS=0.034, K=[1 x 1], IN={1, 128, 32, 64}, OCN=64, OCV/CPU)
IN=1024 Kb [ 1 128 32 64 ]    OUT=512 Kb [ 1 64 32 64 ]    Weights(parameters): 32 Kb    MFLOPS=33.6855
[ PERFSTAT ]    (samples=10   mean=0.98   median=0.97   min=0.96   stddev=0.02 (2.1%))
[       OK ] Conv_1x1.conv/184 (12 ms)
[ RUN      ] Conv_1x1.conv/185, where GetParam() = (GFLOPS=0.017, K=[1 x 1], IN={1, 192, 28, 28}, OCN=56, BIAS, OCV/CPU)
IN=588 Kb [ 1 192 28 28 ]    OUT=172 Kb [ 1 56 28 28 ]    Weights(parameters): 43 Kb    MFLOPS=16.903
[ PERFSTAT ]    (samples=10   mean=0.40   median=0.40   min=0.39   stddev=0.01 (2.9%))
[       OK ] Conv_1x1.conv/185 (5 ms)
[ RUN      ] Conv_1x1.conv/186, where GetParam() = (GFLOPS=0.033, K=[1 x 1], IN={1, 528, 14, 14}, OCN=160, BIAS, OCV/CPU)
IN=405 Kb [ 1 528 14 14 ]    OUT=123 Kb [ 1 160 14 14 ]    Weights(parameters): 331 Kb    MFLOPS=33.1475
[ PERFSTAT ]    (samples=10   mean=0.47   median=0.47   min=0.45   stddev=0.01 (2.3%))
[       OK ] Conv_1x1.conv/186 (6 ms)
[ RUN      ] Conv_1x1.conv/187, where GetParam() = (GFLOPS=0.033, K=[1 x 1], IN={1, 1024, 10, 10}, OCN=160, PM=SAME, BIAS, OCV/CPU)
IN=400 Kb [ 1 1024 10 10 ]    OUT=63 Kb [ 1 160 10 10 ]    Weights(parameters): 641 Kb    MFLOPS=32.784
[ PERFSTAT ]    (samples=38   mean=0.34   median=0.33   min=0.32   stddev=0.01 (3.0%))
[       OK ] Conv_1x1.conv/187 (14 ms)
[ RUN      ] Conv_1x1.conv/188, where GetParam() = (GFLOPS=0.016, K=[1 x 1], IN={1, 40, 92, 92}, OCN=24, BIAS, OCV/CPU)
IN=1323 Kb [ 1 40 92 92 ]    OUT=794 Kb [ 1 24 92 92 ]    Weights(parameters): 4 Kb    MFLOPS=16.454
[ PERFSTAT ]    (samples=38   mean=0.28   median=0.28   min=0.27   stddev=0.01 (2.9%))
[       OK ] Conv_1x1.conv/188 (14 ms)
[ RUN      ] Conv_1x1.conv/189, where GetParam() = (GFLOPS=0.005, K=[1 x 1], IN={1, 48, 14, 14}, OCN=288, BIAS, OCV/CPU)
IN=37 Kb [ 1 48 14 14 ]    OUT=221 Kb [ 1 288 14 14 ]    Weights(parameters): 56 Kb    MFLOPS=5.47546
[ PERFSTAT ]    (samples=100   mean=0.07   median=0.07   min=0.06   stddev=0.00 (3.3%))
[       OK ] Conv_1x1.conv/189 (7 ms)
[ RUN      ] Conv_1x1.conv/190, where GetParam() = (GFLOPS=0.032, K=[1 x 1], IN={1, 160, 28, 28}, OCN=128, OCV/CPU)
IN=490 Kb [ 1 160 28 28 ]    OUT=392 Kb [ 1 128 28 28 ]    Weights(parameters): 80 Kb    MFLOPS=32.213
[ PERFSTAT ]    (samples=10   mean=0.62   median=0.61   min=0.60   stddev=0.01 (1.4%))
[       OK ] Conv_1x1.conv/190 (8 ms)
[ RUN      ] Conv_1x1.conv/191, where GetParam() = (GFLOPS=0.032, K=[1 x 1], IN={1, 512, 14, 14}, OCN=160, BIAS, OCV/CPU)
IN=392 Kb [ 1 512 14 14 ]    OUT=123 Kb [ 1 160 14 14 ]    Weights(parameters): 321 Kb    MFLOPS=32.144
[ PERFSTAT ]    (samples=11   mean=0.42   median=0.41   min=0.41   stddev=0.01 (2.9%))
[       OK ] Conv_1x1.conv/191 (6 ms)
[ RUN      ] Conv_1x1.conv/192, where GetParam() = (GFLOPS=0.032, K=[1 x 1], IN={1, 508, 14, 14}, OCN=160, PM=SAME, BIAS, OCV/CPU)
IN=389 Kb [ 1 508 14 14 ]    OUT=123 Kb [ 1 160 14 14 ]    Weights(parameters): 319 Kb    MFLOPS=31.8931
[ PERFSTAT ]    (samples=10   mean=0.38   median=0.37   min=0.36   stddev=0.01 (2.3%))
[       OK ] Conv_1x1.conv/192 (5 ms)
[ RUN      ] Conv_1x1.conv/193, where GetParam() = (GFLOPS=0.011, K=[1 x 1], IN={1, 320, 16, 16}, OCN=64, PM=SAME, BIAS, OCV/CPU)
IN=320 Kb [ 1 320 16 16 ]    OUT=64 Kb [ 1 64 16 16 ]    Weights(parameters): 81 Kb    MFLOPS=10.5021
[ PERFSTAT ]    (samples=100   mean=0.34   median=0.33   min=0.30   stddev=0.03 (9.1%))
[       OK ] Conv_1x1.conv/193 (36 ms)
[ RUN      ] Conv_1x1.conv/194, where GetParam() = (GFLOPS=0.031, K=[1 x 1], IN={1, 832, 7, 7}, OCN=384, BIAS, OCV/CPU)
IN=160 Kb [ 1 832 7 7 ]    OUT=74 Kb [ 1 384 7 7 ]    Weights(parameters): 1250 Kb    MFLOPS=31.3286
[ PERFSTAT ]    (samples=10   mean=0.22   median=0.21   min=0.21   stddev=0.01 (2.6%))
[       OK ] Conv_1x1.conv/194 (4 ms)
[ RUN      ] Conv_1x1.conv/195, where GetParam() = (GFLOPS=0.015, K=[1 x 1], IN={1, 128, 46, 46}, OCN=28, BIAS, OCV/CPU)
IN=1058 Kb [ 1 128 46 46 ]    OUT=232 Kb [ 1 28 46 46 ]    Weights(parameters): 15 Kb    MFLOPS=15.2267
[ PERFSTAT ]    (samples=100   mean=0.59   median=0.59   min=0.50   stddev=0.03 (5.3%))
[       OK ] Conv_1x1.conv/195 (62 ms)
[ RUN      ] Conv_1x1.conv/196, where GetParam() = (GFLOPS=0.015, K=[1 x 1], IN={1, 336, 14, 14}, OCN=112, BIAS, OCV/CPU)
IN=258 Kb [ 1 336 14 14 ]    OUT=86 Kb [ 1 112 14 14 ]    Weights(parameters): 148 Kb    MFLOPS=14.7737
[ PERFSTAT ]    (samples=10   mean=0.46   median=0.46   min=0.45   stddev=0.01 (1.8%))
[       OK ] Conv_1x1.conv/196 (6 ms)
[ RUN      ] Conv_1x1.conv/197, where GetParam() = (GFLOPS=0.005, K=[1 x 1], IN={1, 40, 16, 16}, OCN=240, BIAS, OCV/CPU)
IN=40 Kb [ 1 40 16 16 ]    OUT=240 Kb [ 1 240 16 16 ]    Weights(parameters): 39 Kb    MFLOPS=4.97664
[ PERFSTAT ]    (samples=10   mean=0.06   median=0.06   min=0.06   stddev=0.00 (2.6%))
[       OK ] Conv_1x1.conv/197 (1 ms)
[ RUN      ] Conv_1x1.conv/198, where GetParam() = (GFLOPS=0.029, K=[1 x 1], IN={1, 512, 14, 14}, OCN=144, BIAS, OCV/CPU)
IN=392 Kb [ 1 512 14 14 ]    OUT=111 Kb [ 1 144 14 14 ]    Weights(parameters): 289 Kb    MFLOPS=28.9296
[ PERFSTAT ]    (samples=10   mean=0.44   median=0.44   min=0.42   stddev=0.01 (2.2%))
[       OK ] Conv_1x1.conv/198 (6 ms)
[ RUN      ] Conv_1x1.conv/199, where GetParam() = (GFLOPS=0.015, K=[1 x 1], IN={1, 112, 32, 32}, OCN=64, PM=SAME, BIAS, OCV/CPU)
IN=448 Kb [ 1 112 32 32 ]    OUT=256 Kb [ 1 64 32 32 ]    Weights(parameters): 29 Kb    MFLOPS=14.7456
[ PERFSTAT ]    (samples=100   mean=0.27   median=0.30   min=0.18   stddev=0.05 (17.4%))
[       OK ] Conv_1x1.conv/199 (29 ms)
[ RUN      ] Conv_1x1.conv/200, where GetParam() = (GFLOPS=0.007, K=[1 x 1], IN={1, 24, 32, 32}, OCN=144, BIAS, OCV/CPU)
IN=96 Kb [ 1 24 32 32 ]    OUT=576 Kb [ 1 144 32 32 ]    Weights(parameters): 15 Kb    MFLOPS=7.22534
[ PERFSTAT ]    (samples=100   mean=0.11   median=0.11   min=0.10   stddev=0.01 (6.5%))
[       OK ] Conv_1x1.conv/200 (11 ms)
[ RUN      ] Conv_1x1.conv/201, where GetParam() = (GFLOPS=0.014, K=[1 x 1], IN={1, 576, 8, 8}, OCN=192, BIAS, OCV/CPU)
IN=144 Kb [ 1 576 8 8 ]    OUT=48 Kb [ 1 192 8 8 ]    Weights(parameters): 433 Kb    MFLOPS=14.1681
[ PERFSTAT ]    (samples=10   mean=0.27   median=0.27   min=0.26   stddev=0.01 (2.3%))
[       OK ] Conv_1x1.conv/201 (4 ms)
[ RUN      ] Conv_1x1.conv/202, where GetParam() = (GFLOPS=0.027, K=[1 x 1], IN={1, 384, 19, 19}, OCN=96, PM=SAME, OCV/CPU)
IN=542 Kb [ 1 384 19 19 ]    OUT=136 Kb [ 1 96 19 19 ]    Weights(parameters): 144 Kb    MFLOPS=26.6505
[ PERFSTAT ]    (samples=10   mean=0.46   median=0.46   min=0.45   stddev=0.01 (1.5%))
[       OK ] Conv_1x1.conv/202 (7 ms)
[ RUN      ] Conv_1x1.conv/203, where GetParam() = (GFLOPS=0.027, K=[1 x 1], IN={1, 576, 19, 19}, OCN=64, PM=SAME, BIAS, OCV/CPU)
IN=813 Kb [ 1 576 19 19 ]    OUT=91 Kb [ 1 64 19 19 ]    Weights(parameters): 145 Kb    MFLOPS=26.6389
[ PERFSTAT ]    (samples=100   mean=0.84   median=0.83   min=0.77   stddev=0.03 (3.4%))
[       OK ] Conv_1x1.conv/203 (87 ms)
[ RUN      ] Conv_1x1.conv/204, where GetParam() = (GFLOPS=0.026, K=[1 x 1], IN={1, 96, 75, 75}, OCN=24, PM=SAME, OCV/CPU)
IN=2110 Kb [ 1 96 75 75 ]    OUT=528 Kb [ 1 24 75 75 ]    Weights(parameters): 9 Kb    MFLOPS=26.055
[ PERFSTAT ]    (samples=10   mean=0.43   median=0.43   min=0.42   stddev=0.01 (1.7%))
[       OK ] Conv_1x1.conv/204 (7 ms)
[ RUN      ] Conv_1x1.conv/205, where GetParam() = (GFLOPS=0.026, K=[1 x 1], IN={1, 1024, 10, 10}, OCN=126, BIAS, OCV/CPU)
IN=400 Kb [ 1 1024 10 10 ]    OUT=50 Kb [ 1 126 10 10 ]    Weights(parameters): 505 Kb    MFLOPS=25.8174
[ PERFSTAT ]    (samples=10   mean=0.36   median=0.36   min=0.35   stddev=0.01 (1.6%))
[       OK ] Conv_1x1.conv/205 (5 ms)
[ RUN      ] Conv_1x1.conv/206, where GetParam() = (GFLOPS=0.013, K=[1 x 1], IN={1, 512, 14, 14}, OCN=64, PM=SAME, BIAS, OCV/CPU)
IN=392 Kb [ 1 512 14 14 ]    OUT=49 Kb [ 1 64 14 14 ]    Weights(parameters): 129 Kb    MFLOPS=12.8576
[ PERFSTAT ]    (samples=25   mean=0.39   median=0.39   min=0.37   stddev=0.01 (3.0%))
[       OK ] Conv_1x1.conv/206 (11 ms)
[ RUN      ] Conv_1x1.conv/207, where GetParam() = (GFLOPS=0.009, K=[1 x 1], IN={1, 128, 46, 46}, OCN=16, BIAS, OCV/CPU)
IN=1058 Kb [ 1 128 46 46 ]    OUT=133 Kb [ 1 16 46 46 ]    Weights(parameters): 9 Kb    MFLOPS=8.70099
[ PERFSTAT ]    (samples=100   mean=0.41   median=0.41   min=0.33   stddev=0.04 (9.6%))
[       OK ] Conv_1x1.conv/207 (44 ms)
[ RUN      ] Conv_1x1.conv/208, where GetParam() = (GFLOPS=0.013, K=[1 x 1], IN={1, 96, 64, 64}, OCN=16, BIAS, OCV/CPU)
IN=1536 Kb [ 1 96 64 64 ]    OUT=256 Kb [ 1 16 64 64 ]    Weights(parameters): 7 Kb    MFLOPS=12.6484
[ PERFSTAT ]    (samples=100   mean=0.19   median=0.19   min=0.18   stddev=0.01 (3.3%))
[       OK ] Conv_1x1.conv/208 (22 ms)
[ RUN      ] Conv_1x1.conv/209, where GetParam() = (GFLOPS=0.024, K=[1 x 1], IN={1, 480, 14, 14}, OCN=128, OCV/CPU)
IN=368 Kb [ 1 480 14 14 ]    OUT=98 Kb [ 1 128 14 14 ]    Weights(parameters): 240 Kb    MFLOPS=24.1096
[ PERFSTAT ]    (samples=10   mean=0.51   median=0.51   min=0.50   stddev=0.01 (1.5%))
[       OK ] Conv_1x1.conv/209 (6 ms)
[ RUN      ] Conv_1x1.conv/210, where GetParam() = (GFLOPS=0.024, K=[1 x 1], IN={1, 128, 38, 38}, OCN=256, S=[2 x 2], OCV/CPU)
IN=722 Kb [ 1 128 38 38 ]    OUT=361 Kb [ 1 256 19 19 ]    Weights(parameters): 128 Kb    MFLOPS=23.7509
[ PERFSTAT ]    (samples=11   mean=0.30   median=0.30   min=0.29   stddev=0.01 (3.0%))
[       OK ] Conv_1x1.conv/210 (5 ms)
[ RUN      ] Conv_1x1.conv/211, where GetParam() = (GFLOPS=0.023, K=[1 x 1], IN={1, 32, 150, 150}, OCN=16, PM=SAME, OCV/CPU)
IN=2813 Kb [ 1 32 150 150 ]    OUT=1407 Kb [ 1 16 150 150 ]    Weights(parameters): 2 Kb    MFLOPS=23.4
[ PERFSTAT ]    (samples=50   mean=0.61   median=0.60   min=0.58   stddev=0.01 (2.3%))
[       OK ] Conv_1x1.conv/211 (36 ms)
[ RUN      ] Conv_1x1.conv/212, where GetParam() = (GFLOPS=0.023, K=[1 x 1], IN={1, 512, 19, 19}, OCN=63, BIAS, OCV/CPU)
IN=722 Kb [ 1 512 19 19 ]    OUT=89 Kb [ 1 63 19 19 ]    Weights(parameters): 127 Kb    MFLOPS=23.3116
[ PERFSTAT ]    (samples=100   mean=0.31   median=0.31   min=0.29   stddev=0.01 (4.3%))
[       OK ] Conv_1x1.conv/212 (33 ms)
[ RUN      ] Conv_1x1.conv/213, where GetParam() = (GFLOPS=0.023, K=[1 x 1], IN={1, 448, 14, 14}, OCN=128, OCV/CPU)
IN=343 Kb [ 1 448 14 14 ]    OUT=98 Kb [ 1 128 14 14 ]    Weights(parameters): 224 Kb    MFLOPS=22.5039
[ PERFSTAT ]    (samples=10   mean=0.55   median=0.55   min=0.54   stddev=0.01 (1.6%))
[       OK ] Conv_1x1.conv/213 (7 ms)
[ RUN      ] Conv_1x1.conv/214, where GetParam() = (GFLOPS=0.023, K=[1 x 1], IN={1, 512, 14, 14}, OCN=112, PM=SAME, BIAS, OCV/CPU)
IN=392 Kb [ 1 512 14 14 ]    OUT=86 Kb [ 1 112 14 14 ]    Weights(parameters): 225 Kb    MFLOPS=22.5008
[ PERFSTAT ]    (samples=10   mean=0.49   median=0.49   min=0.46   stddev=0.01 (2.1%))
[       OK ] Conv_1x1.conv/214 (6 ms)
[ RUN      ] Conv_1x1.conv/215, where GetParam() = (GFLOPS=0.022, K=[1 x 1], IN={1, 508, 14, 14}, OCN=112, PM=SAME, BIAS, OCV/CPU)
IN=389 Kb [ 1 508 14 14 ]    OUT=86 Kb [ 1 112 14 14 ]    Weights(parameters): 223 Kb    MFLOPS=22.3252
[ PERFSTAT ]    (samples=10   mean=0.41   median=0.41   min=0.40   stddev=0.01 (2.8%))
[       OK ] Conv_1x1.conv/215 (6 ms)
[ RUN      ] Conv_1x1.conv/216, where GetParam() = (GFLOPS=0.006, K=[1 x 1], IN={1, 24, 28, 28}, OCN=144, BIAS, OCV/CPU)
IN=74 Kb [ 1 24 28 28 ]    OUT=441 Kb [ 1 144 28 28 ]    Weights(parameters): 15 Kb    MFLOPS=5.5319
[ PERFSTAT ]    (samples=10   mean=0.14   median=0.13   min=0.13   stddev=0.00 (2.8%))
[       OK ] Conv_1x1.conv/216 (1 ms)
[ RUN      ] Conv_1x1.conv/217, where GetParam() = (GFLOPS=0.005, K=[1 x 1], IN={1, 288, 14, 14}, OCN=48, BIAS, OCV/CPU)
IN=221 Kb [ 1 288 14 14 ]    OUT=37 Kb [ 1 48 14 14 ]    Weights(parameters): 55 Kb    MFLOPS=5.42842
[ PERFSTAT ]    (samples=100   mean=0.19   median=0.19   min=0.17   stddev=0.01 (3.9%))
[       OK ] Conv_1x1.conv/217 (20 ms)
[ RUN      ] Conv_1x1.conv/218, where GetParam() = (GFLOPS=0.021, K=[1 x 1], IN={1, 40, 64, 64}, OCN=64, PM=SAME, BIAS, OCV/CPU)
IN=640 Kb [ 1 40 64 64 ]    OUT=1024 Kb [ 1 64 64 64 ]    Weights(parameters): 11 Kb    MFLOPS=21.2337
[ PERFSTAT ]    (samples=25   mean=0.18   median=0.18   min=0.17   stddev=0.01 (3.0%))
[       OK ] Conv_1x1.conv/218 (6 ms)
[ RUN      ] Conv_1x1.conv/219, where GetParam() = (GFLOPS=0.021, K=[1 x 1], IN={1, 416, 14, 14}, OCN=128, OCV/CPU)
IN=319 Kb [ 1 416 14 14 ]    OUT=98 Kb [ 1 128 14 14 ]    Weights(parameters): 208 Kb    MFLOPS=20.8983
[ PERFSTAT ]    (samples=10   mean=0.52   median=0.52   min=0.51   stddev=0.01 (1.4%))
[       OK ] Conv_1x1.conv/219 (6 ms)
[ RUN      ] Conv_1x1.conv/220, where GetParam() = (GFLOPS=0.021, K=[1 x 1], IN={1, 832, 7, 7}, OCN=256, BIAS, OCV/CPU)
IN=160 Kb [ 1 832 7 7 ]    OUT=49 Kb [ 1 256 7 7 ]    Weights(parameters): 833 Kb    MFLOPS=20.8858
[ PERFSTAT ]    (samples=63   mean=0.15   median=0.15   min=0.14   stddev=0.00 (3.0%))
[       OK ] Conv_1x1.conv/220 (12 ms)
[ RUN      ] Conv_1x1.conv/221, where GetParam() = (GFLOPS=0.010, K=[1 x 1], IN={1, 32, 64, 64}, OCN=39, BIAS, OCV/CPU)
IN=512 Kb [ 1 32 64 64 ]    OUT=624 Kb [ 1 39 64 64 ]    Weights(parameters): 6 Kb    MFLOPS=10.3834
[ PERFSTAT ]    (samples=41   mean=0.14   median=0.14   min=0.13   stddev=0.00 (3.0%))
[       OK ] Conv_1x1.conv/221 (6 ms)
[ RUN      ] Conv_1x1.conv/222, where GetParam() = (GFLOPS=0.010, K=[1 x 1], IN={1, 24, 112, 112}, OCN=16, BIAS, OCV/CPU)
IN=1176 Kb [ 1 24 112 112 ]    OUT=784 Kb [ 1 16 112 112 ]    Weights(parameters): 2 Kb    MFLOPS=9.8345
[ PERFSTAT ]    (samples=38   mean=0.25   median=0.25   min=0.24   stddev=0.01 (2.7%))
[       OK ] Conv_1x1.conv/222 (12 ms)
[ RUN      ] Conv_1x1.conv/223, where GetParam() = (GFLOPS=0.005, K=[1 x 1], IN={1, 240, 16, 16}, OCN=40, BIAS, OCV/CPU)
IN=240 Kb [ 1 240 16 16 ]    OUT=40 Kb [ 1 40 16 16 ]    Weights(parameters): 38 Kb    MFLOPS=4.92544
[ PERFSTAT ]    (samples=100   mean=0.17   median=0.18   min=0.16   stddev=0.01 (4.4%))
[       OK ] Conv_1x1.conv/223 (18 ms)
[ RUN      ] Conv_1x1.conv/224, where GetParam() = (GFLOPS=0.019, K=[1 x 1], IN={1, 384, 14, 14}, OCN=128, OCV/CPU)
IN=294 Kb [ 1 384 14 14 ]    OUT=98 Kb [ 1 128 14 14 ]    Weights(parameters): 192 Kb    MFLOPS=19.2927
[ PERFSTAT ]    (samples=10   mean=0.49   median=0.49   min=0.48   stddev=0.00 (0.9%))
[       OK ] Conv_1x1.conv/224 (6 ms)
[ RUN      ] Conv_1x1.conv/225, where GetParam() = (GFLOPS=0.019, K=[1 x 1], IN={1, 64, 64, 64}, OCN=36, PM=VALID, BIAS, OCV/CPU)
IN=1024 Kb [ 1 64 64 64 ]    OUT=576 Kb [ 1 36 64 64 ]    Weights(parameters): 10 Kb    MFLOPS=19.0218
[ PERFSTAT ]    (samples=13   mean=0.24   median=0.24   min=0.23   stddev=0.01 (2.5%))
[       OK ] Conv_1x1.conv/225 (5 ms)
[ RUN      ] Conv_1x1.conv/226, where GetParam() = (GFLOPS=0.010, K=[1 x 1], IN={1, 96, 56, 56}, OCN=16, BIAS, OCV/CPU)
IN=1176 Kb [ 1 96 56 56 ]    OUT=196 Kb [ 1 16 56 56 ]    Weights(parameters): 7 Kb    MFLOPS=9.68397
[ PERFSTAT ]    (samples=44   mean=0.17   median=0.17   min=0.16   stddev=0.01 (3.0%))
[       OK ] Conv_1x1.conv/226 (8 ms)
[ RUN      ] Conv_1x1.conv/227, where GetParam() = (GFLOPS=0.010, K=[1 x 1], IN={1, 32, 48, 48}, OCN=64, BIAS, OCV/CPU)
IN=288 Kb [ 1 32 48 48 ]    OUT=576 Kb [ 1 64 48 48 ]    Weights(parameters): 9 Kb    MFLOPS=9.58464
[ PERFSTAT ]    (samples=10   mean=0.30   median=0.30   min=0.29   stddev=0.01 (2.5%))
[       OK ] Conv_1x1.conv/227 (4 ms)
[ RUN      ] Conv_1x1.conv/228, where GetParam() = (GFLOPS=0.010, K=[1 x 1], IN={1, 64, 48, 48}, OCN=32, PM=SAME, BIAS, OCV/CPU)
IN=576 Kb [ 1 64 48 48 ]    OUT=288 Kb [ 1 32 48 48 ]    Weights(parameters): 9 Kb    MFLOPS=9.51091
[ PERFSTAT ]    (samples=100   mean=0.22   median=0.21   min=0.19   stddev=0.01 (6.5%))
[       OK ] Conv_1x1.conv/228 (23 ms)
[ RUN      ] Conv_1x1.conv/229, where GetParam() = (GFLOPS=0.018, K=[1 x 1], IN={1, 576, 10, 10}, OCN=160, PM=SAME, OCV/CPU)
IN=225 Kb [ 1 576 10 10 ]    OUT=63 Kb [ 1 160 10 10 ]    Weights(parameters): 360 Kb    MFLOPS=18.448
[ PERFSTAT ]    (samples=10   mean=0.38   median=0.38   min=0.36   stddev=0.01 (2.5%))
[       OK ] Conv_1x1.conv/229 (5 ms)
[ RUN      ] Conv_1x1.conv/230, where GetParam() = (GFLOPS=0.018, K=[1 x 1], IN={1, 480, 14, 14}, OCN=96, BIAS, OCV/CPU)
IN=368 Kb [ 1 480 14 14 ]    OUT=74 Kb [ 1 96 14 14 ]    Weights(parameters): 181 Kb    MFLOPS=18.0822
[ PERFSTAT ]    (samples=10   mean=0.50   median=0.50   min=0.49   stddev=0.01 (1.8%))
[       OK ] Conv_1x1.conv/230 (6 ms)
[ RUN      ] Conv_1x1.conv/231, where GetParam() = (GFLOPS=0.018, K=[1 x 1], IN={1, 192, 38, 38}, OCN=32, PM=SAME, BIAS, OCV/CPU)
IN=1083 Kb [ 1 192 38 38 ]    OUT=181 Kb [ 1 32 38 38 ]    Weights(parameters): 25 Kb    MFLOPS=17.7901
[ PERFSTAT ]    (samples=100   mean=0.71   median=0.71   min=0.61   stddev=0.03 (4.3%))
[       OK ] Conv_1x1.conv/231 (74 ms)
[ RUN      ] Conv_1x1.conv/232, where GetParam() = (GFLOPS=0.018, K=[1 x 1], IN={1, 352, 14, 14}, OCN=128, OCV/CPU)
IN=270 Kb [ 1 352 14 14 ]    OUT=98 Kb [ 1 128 14 14 ]    Weights(parameters): 176 Kb    MFLOPS=17.687
[ PERFSTAT ]    (samples=13   mean=0.20   median=0.20   min=0.20   stddev=0.01 (3.0%))
[       OK ] Conv_1x1.conv/232 (4 ms)
[ RUN      ] Conv_1x1.conv/233, where GetParam() = (GFLOPS=0.009, K=[1 x 1], IN={1, 8, 128, 128}, OCN=32, BIAS, OCV/CPU)
IN=512 Kb [ 1 8 128 128 ]    OUT=2048 Kb [ 1 32 128 128 ]    Weights(parameters): 2 Kb    MFLOPS=8.9129
[ PERFSTAT ]    (samples=100   mean=0.19   median=0.19   min=0.16   stddev=0.01 (4.8%))
[       OK ] Conv_1x1.conv/233 (20 ms)
[ RUN      ] Conv_1x1.conv/234, where GetParam() = (GFLOPS=0.008, K=[1 x 1], IN={1, 64, 80, 80}, OCN=10, BIAS, OCV/CPU)
IN=1600 Kb [ 1 64 80 80 ]    OUT=250 Kb [ 1 10 80 80 ]    Weights(parameters): 3 Kb    MFLOPS=8.256
[ PERFSTAT ]    (samples=25   mean=0.22   median=0.22   min=0.21   stddev=0.01 (2.8%))
[       OK ] Conv_1x1.conv/234 (8 ms)
[ RUN      ] Conv_1x1.conv/235, where GetParam() = (GFLOPS=0.016, K=[1 x 1], IN={1, 832, 7, 7}, OCN=192, BIAS, OCV/CPU)
IN=160 Kb [ 1 832 7 7 ]    OUT=37 Kb [ 1 192 7 7 ]    Weights(parameters): 625 Kb    MFLOPS=15.6643
[ PERFSTAT ]    (samples=13   mean=0.17   median=0.17   min=0.17   stddev=0.00 (2.0%))
[       OK ] Conv_1x1.conv/235 (4 ms)
[ RUN      ] Conv_1x1.conv/236, where GetParam() = (GFLOPS=0.008, K=[1 x 1], IN={1, 128, 20, 20}, OCN=80, BIAS, OCV/CPU)
IN=200 Kb [ 1 128 20 20 ]    OUT=125 Kb [ 1 80 20 20 ]    Weights(parameters): 41 Kb    MFLOPS=8.224
[ PERFSTAT ]    (samples=100   mean=0.24   median=0.23   min=0.22   stddev=0.01 (4.1%))
[       OK ] Conv_1x1.conv/236 (24 ms)
[ RUN      ] Conv_1x1.conv/237, where GetParam() = (GFLOPS=0.008, K=[1 x 1], IN={1, 256, 12, 12}, OCN=108, BIAS, OCV/CPU)
IN=144 Kb [ 1 256 12 12 ]    OUT=61 Kb [ 1 108 12 12 ]    Weights(parameters): 109 Kb    MFLOPS=7.97818
[ PERFSTAT ]    (samples=100   mean=0.21   median=0.21   min=0.19   stddev=0.01 (4.2%))
[       OK ] Conv_1x1.conv/237 (22 ms)
[ RUN      ] Conv_1x1.conv/238, where GetParam() = (GFLOPS=0.014, K=[1 x 1], IN={1, 288, 14, 14}, OCN=128, OCV/CPU)
IN=221 Kb [ 1 288 14 14 ]    OUT=98 Kb [ 1 128 14 14 ]    Weights(parameters): 144 Kb    MFLOPS=14.4758
[ PERFSTAT ]    (samples=10   mean=0.28   median=0.28   min=0.28   stddev=0.00 (1.6%))
[       OK ] Conv_1x1.conv/238 (4 ms)
[ RUN      ] Conv_1x1.conv/239, where GetParam() = (GFLOPS=0.014, K=[1 x 1], IN={1, 512, 5, 5}, OCN=546, PM=SAME, BIAS, OCV/CPU)
IN=50 Kb [ 1 512 5 5 ]    OUT=54 Kb [ 1 546 5 5 ]    Weights(parameters): 1095 Kb    MFLOPS=13.9912
[ PERFSTAT ]    (samples=100   mean=0.09   median=0.09   min=0.08   stddev=0.00 (3.2%))
[       OK ] Conv_1x1.conv/239 (11 ms)
[ RUN      ] Conv_1x1.conv/240, where GetParam() = (GFLOPS=0.007, K=[1 x 1], IN={1, 288, 14, 14}, OCN=64, BIAS, OCV/CPU)
IN=221 Kb [ 1 288 14 14 ]    OUT=49 Kb [ 1 64 14 14 ]    Weights(parameters): 73 Kb    MFLOPS=7.23789
[ PERFSTAT ]    (samples=18   mean=0.24   median=0.24   min=0.22   stddev=0.01 (2.9%))
[       OK ] Conv_1x1.conv/240 (5 ms)
[ RUN      ] Conv_1x1.conv/241, where GetParam() = (GFLOPS=0.007, K=[1 x 1], IN={1, 144, 32, 32}, OCN=24, BIAS, OCV/CPU)
IN=576 Kb [ 1 144 32 32 ]    OUT=96 Kb [ 1 24 32 32 ]    Weights(parameters): 14 Kb    MFLOPS=7.10246
[ PERFSTAT ]    (samples=100   mean=0.24   median=0.25   min=0.21   stddev=0.02 (6.4%))
[       OK ] Conv_1x1.conv/241 (26 ms)
[ RUN      ] Conv_1x1.conv/242, where GetParam() = (GFLOPS=0.007, K=[1 x 1], IN={1, 240, 16, 16}, OCN=56, BIAS, OCV/CPU)
IN=240 Kb [ 1 240 16 16 ]    OUT=56 Kb [ 1 56 16 16 ]    Weights(parameters): 53 Kb    MFLOPS=6.89562
[ PERFSTAT ]    (samples=16   mean=0.22   median=0.22   min=0.21   stddev=0.01 (2.9%))
[       OK ] Conv_1x1.conv/242 (4 ms)
[ RUN      ] Conv_1x1.conv/243, where GetParam() = (GFLOPS=0.013, K=[1 x 1], IN={1, 144, 38, 38}, OCN=32, PM=SAME, OCV/CPU)
IN=813 Kb [ 1 144 38 38 ]    OUT=181 Kb [ 1 32 38 38 ]    Weights(parameters): 18 Kb    MFLOPS=13.3541
[ PERFSTAT ]    (samples=100   mean=0.51   median=0.51   min=0.45   stddev=0.02 (3.2%))
[       OK ] Conv_1x1.conv/243 (53 ms)
[ RUN      ] Conv_1x1.conv/244, where GetParam() = (GFLOPS=0.013, K=[1 x 1], IN={1, 832, 7, 7}, OCN=160, BIAS, OCV/CPU)
IN=160 Kb [ 1 832 7 7 ]    OUT=31 Kb [ 1 160 7 7 ]    Weights(parameters): 521 Kb    MFLOPS=13.0536
[ PERFSTAT ]    (samples=50   mean=0.25   median=0.25   min=0.23   stddev=0.01 (2.9%))
[       OK ] Conv_1x1.conv/244 (14 ms)
[ RUN      ] Conv_1x1.conv/245, where GetParam() = (GFLOPS=0.013, K=[1 x 1], IN={1, 508, 14, 14}, OCN=64, PM=SAME, BIAS, OCV/CPU)
IN=389 Kb [ 1 508 14 14 ]    OUT=49 Kb [ 1 64 14 14 ]    Weights(parameters): 128 Kb    MFLOPS=12.7572
[ PERFSTAT ]    (samples=10   mean=0.34   median=0.34   min=0.32   stddev=0.01 (2.9%))
[       OK ] Conv_1x1.conv/245 (4 ms)
[ RUN      ] Conv_1x1.conv/246, where GetParam() = (GFLOPS=0.007, K=[1 x 1], IN={1, 16, 56, 56}, OCN=64, BIAS, OCV/CPU)
IN=196 Kb [ 1 16 56 56 ]    OUT=784 Kb [ 1 64 56 56 ]    Weights(parameters): 5 Kb    MFLOPS=6.62323
[ PERFSTAT ]    (samples=100   mean=0.10   median=0.10   min=0.09   stddev=0.00 (3.1%))
[       OK ] Conv_1x1.conv/246 (11 ms)
[ RUN      ] Conv_1x1.conv/247, where GetParam() = (GFLOPS=0.007, K=[1 x 1], IN={1, 128, 80, 80}, OCN=4, BIAS, OCV/CPU)
IN=3200 Kb [ 1 128 80 80 ]    OUT=100 Kb [ 1 4 80 80 ]    Weights(parameters): 3 Kb    MFLOPS=6.5792
[ PERFSTAT ]    (samples=100   mean=0.61   median=0.61   min=0.56   stddev=0.02 (3.1%))
[       OK ] Conv_1x1.conv/247 (66 ms)
[ RUN      ] Conv_1x1.conv/248, where GetParam() = (GFLOPS=0.007, K=[1 x 1], IN={1, 32, 28, 28}, OCN=128, BIAS, OCV/CPU)
IN=98 Kb [ 1 32 28 28 ]    OUT=392 Kb [ 1 128 28 28 ]    Weights(parameters): 17 Kb    MFLOPS=6.52288
[ PERFSTAT ]    (samples=10   mean=0.17   median=0.17   min=0.16   stddev=0.00 (2.1%))
[       OK ] Conv_1x1.conv/248 (2 ms)
[ RUN      ] Conv_1x1.conv/249, where GetParam() = (GFLOPS=0.006, K=[1 x 1], IN={1, 64, 14, 14}, OCN=256, BIAS, OCV/CPU)
IN=49 Kb [ 1 64 14 14 ]    OUT=196 Kb [ 1 256 14 14 ]    Weights(parameters): 65 Kb    MFLOPS=6.4727
[ PERFSTAT ]    (samples=10   mean=0.07   median=0.07   min=0.07   stddev=0.00 (2.4%))
[       OK ] Conv_1x1.conv/249 (1 ms)
[ RUN      ] Conv_1x1.conv/250, where GetParam() = (GFLOPS=0.006, K=[1 x 1], IN={1, 24, 128, 128}, OCN=8, BIAS, OCV/CPU)
IN=1536 Kb [ 1 24 128 128 ]    OUT=512 Kb [ 1 8 128 128 ]    Weights(parameters): 1 Kb    MFLOPS=6.42253
[ PERFSTAT ]    (samples=100   mean=0.23   median=0.23   min=0.21   stddev=0.01 (3.2%))
[       OK ] Conv_1x1.conv/250 (25 ms)
[ RUN      ] Conv_1x1.conv/251, where GetParam() = (GFLOPS=0.002, K=[1 x 1], IN={1, 8, 128, 128}, OCN=8, BIAS, OCV/CPU)
IN=512 Kb [ 1 8 128 128 ]    OUT=512 Kb [ 1 8 128 128 ]    Weights(parameters): 1 Kb    MFLOPS=2.22822
[ PERFSTAT ]    (samples=100   mean=0.13   median=0.14   min=0.12   stddev=0.01 (4.1%))
[       OK ] Conv_1x1.conv/251 (15 ms)
[ RUN      ] Conv_1x1.conv/252, where GetParam() = (GFLOPS=0.012, K=[1 x 1], IN={1, 992, 7, 7}, OCN=128, OCV/CPU)
IN=190 Kb [ 1 992 7 7 ]    OUT=25 Kb [ 1 128 7 7 ]    Weights(parameters): 496 Kb    MFLOPS=12.4499
[ PERFSTAT ]    (samples=21   mean=0.29   median=0.29   min=0.27   stddev=0.01 (3.0%))
[       OK ] Conv_1x1.conv/252 (7 ms)
[ RUN      ] Conv_1x1.conv/253, where GetParam() = (GFLOPS=0.012, K=[1 x 1], IN={1, 480, 14, 14}, OCN=64, BIAS, OCV/CPU)
IN=368 Kb [ 1 480 14 14 ]    OUT=49 Kb [ 1 64 14 14 ]    Weights(parameters): 121 Kb    MFLOPS=12.0548
[ PERFSTAT ]    (samples=100   mean=0.37   median=0.37   min=0.35   stddev=0.01 (3.2%))
[       OK ] Conv_1x1.conv/253 (38 ms)
[ RUN      ] Conv_1x1.conv/254, where GetParam() = (GFLOPS=0.012, K=[1 x 1], IN={1, 960, 7, 7}, OCN=128, OCV/CPU)
IN=184 Kb [ 1 960 7 7 ]    OUT=25 Kb [ 1 128 7 7 ]    Weights(parameters): 480 Kb    MFLOPS=12.0485
[ PERFSTAT ]    (samples=40   mean=0.29   median=0.30   min=0.27   stddev=0.01 (3.0%))
[       OK ] Conv_1x1.conv/254 (13 ms)
[ RUN      ] Conv_1x1.conv/255, where GetParam() = (GFLOPS=0.012, K=[1 x 1], IN={1, 32, 75, 75}, OCN=128, S=[2 x 2], OCV/CPU)
IN=704 Kb [ 1 32 75 75 ]    OUT=722 Kb [ 1 128 38 38 ]    Weights(parameters): 16 Kb    MFLOPS=12.0141
[ PERFSTAT ]    (samples=13   mean=0.21   median=0.21   min=0.20   stddev=0.01 (2.6%))
[       OK ] Conv_1x1.conv/255 (4 ms)
[ RUN      ] Conv_1x1.conv/256, where GetParam() = (GFLOPS=0.012, K=[1 x 1], IN={1, 320, 12, 12}, OCN=128, BIAS, OCV/CPU)
IN=180 Kb [ 1 320 12 12 ]    OUT=72 Kb [ 1 128 12 12 ]    Weights(parameters): 161 Kb    MFLOPS=11.8149
[ PERFSTAT ]    (samples=10   mean=0.24   median=0.24   min=0.23   stddev=0.00 (2.0%))
[       OK ] Conv_1x1.conv/256 (3 ms)
[ RUN      ] Conv_1x1.conv/257, where GetParam() = (GFLOPS=0.012, K=[1 x 1], IN={1, 640, 6, 6}, OCN=256, BIAS, OCV/CPU)
IN=90 Kb [ 1 640 6 6 ]    OUT=36 Kb [ 1 256 6 6 ]    Weights(parameters): 641 Kb    MFLOPS=11.8057
[ PERFSTAT ]    (samples=25   mean=0.14   median=0.14   min=0.14   stddev=0.00 (3.0%))
[       OK ] Conv_1x1.conv/257 (5 ms)
[ RUN      ] Conv_1x1.conv/258, where GetParam() = (GFLOPS=0.012, K=[1 x 1], IN={1, 928, 7, 7}, OCN=128, OCV/CPU)
IN=178 Kb [ 1 928 7 7 ]    OUT=25 Kb [ 1 128 7 7 ]    Weights(parameters): 464 Kb    MFLOPS=11.6471
[ PERFSTAT ]    (samples=100   mean=0.28   median=0.29   min=0.25   stddev=0.01 (3.8%))
[       OK ] Conv_1x1.conv/258 (30 ms)
[ RUN      ] Conv_1x1.conv/259, where GetParam() = (GFLOPS=0.011, K=[1 x 1], IN={1, 896, 7, 7}, OCN=128, OCV/CPU)
IN=172 Kb [ 1 896 7 7 ]    OUT=25 Kb [ 1 128 7 7 ]    Weights(parameters): 448 Kb    MFLOPS=11.2457
[ PERFSTAT ]    (samples=100   mean=0.28   median=0.29   min=0.25   stddev=0.01 (4.5%))
[       OK ] Conv_1x1.conv/259 (30 ms)
[ RUN      ] Conv_1x1.conv/260, where GetParam() = (GFLOPS=0.011, K=[1 x 1], IN={1, 864, 7, 7}, OCN=128, OCV/CPU)
IN=166 Kb [ 1 864 7 7 ]    OUT=25 Kb [ 1 128 7 7 ]    Weights(parameters): 432 Kb    MFLOPS=10.8443
[ PERFSTAT ]    (samples=100   mean=0.28   median=0.29   min=0.25   stddev=0.01 (4.4%))
[       OK ] Conv_1x1.conv/260 (30 ms)
[ RUN      ] Conv_1x1.conv/261, where GetParam() = (GFLOPS=0.005, K=[1 x 1], IN={1, 144, 28, 28}, OCN=24, BIAS, OCV/CPU)
IN=441 Kb [ 1 144 28 28 ]    OUT=74 Kb [ 1 24 28 28 ]    Weights(parameters): 14 Kb    MFLOPS=5.43782
[ PERFSTAT ]    (samples=100   mean=0.14   median=0.14   min=0.12   stddev=0.01 (6.5%))
[       OK ] Conv_1x1.conv/261 (15 ms)
[ RUN      ] Conv_1x1.conv/262, where GetParam() = (GFLOPS=0.005, K=[1 x 1], IN={1, 128, 24, 24}, OCN=36, BIAS, OCV/CPU)
IN=288 Kb [ 1 128 24 24 ]    OUT=81 Kb [ 1 36 24 24 ]    Weights(parameters): 19 Kb    MFLOPS=5.32915
[ PERFSTAT ]    (samples=75   mean=0.16   median=0.15   min=0.15   stddev=0.00 (3.0%))
[       OK ] Conv_1x1.conv/262 (12 ms)
[ RUN      ] Conv_1x1.conv/263, where GetParam() = (GFLOPS=0.010, K=[1 x 1], IN={1, 832, 7, 7}, OCN=128, OCV/CPU)
IN=160 Kb [ 1 832 7 7 ]    OUT=25 Kb [ 1 128 7 7 ]    Weights(parameters): 416 Kb    MFLOPS=10.4429
[ PERFSTAT ]    (samples=100   mean=0.32   median=0.33   min=0.28   stddev=0.02 (4.9%))
[       OK ] Conv_1x1.conv/263 (34 ms)
[ RUN      ] Conv_1x1.conv/264, where GetParam() = (GFLOPS=0.010, K=[1 x 1], IN={1, 800, 7, 7}, OCN=128, OCV/CPU)
IN=154 Kb [ 1 800 7 7 ]    OUT=25 Kb [ 1 128 7 7 ]    Weights(parameters): 400 Kb    MFLOPS=10.0415
[ PERFSTAT ]    (samples=100   mean=0.30   median=0.30   min=0.27   stddev=0.02 (6.0%))
[       OK ] Conv_1x1.conv/264 (32 ms)
[ RUN      ] Conv_1x1.conv/265, where GetParam() = (GFLOPS=0.010, K=[1 x 1], IN={1, 384, 14, 14}, OCN=64, BIAS, OCV/CPU)
IN=294 Kb [ 1 384 14 14 ]    OUT=49 Kb [ 1 64 14 14 ]    Weights(parameters): 97 Kb    MFLOPS=9.64634
[ PERFSTAT ]    (samples=100   mean=0.29   median=0.29   min=0.26   stddev=0.01 (3.2%))
[       OK ] Conv_1x1.conv/265 (30 ms)
[ RUN      ] Conv_1x1.conv/266, where GetParam() = (GFLOPS=0.010, K=[1 x 1], IN={1, 768, 7, 7}, OCN=128, OCV/CPU)
IN=147 Kb [ 1 768 7 7 ]    OUT=25 Kb [ 1 128 7 7 ]    Weights(parameters): 384 Kb    MFLOPS=9.64006
[ PERFSTAT ]    (samples=100   mean=0.30   median=0.30   min=0.26   stddev=0.01 (4.5%))
[       OK ] Conv_1x1.conv/266 (31 ms)
[ RUN      ] Conv_1x1.conv/267, where GetParam() = (GFLOPS=0.009, K=[1 x 1], IN={1, 736, 7, 7}, OCN=128, OCV/CPU)
IN=141 Kb [ 1 736 7 7 ]    OUT=25 Kb [ 1 128 7 7 ]    Weights(parameters): 368 Kb    MFLOPS=9.23866
[ PERFSTAT ]    (samples=100   mean=0.28   median=0.29   min=0.25   stddev=0.02 (5.6%))
[       OK ] Conv_1x1.conv/267 (30 ms)
[ RUN      ] Conv_1x1.conv/268, where GetParam() = (GFLOPS=0.009, K=[1 x 1], IN={1, 704, 7, 7}, OCN=128, OCV/CPU)
IN=135 Kb [ 1 704 7 7 ]    OUT=25 Kb [ 1 128 7 7 ]    Weights(parameters): 352 Kb    MFLOPS=8.83725
[ PERFSTAT ]    (samples=100   mean=0.26   median=0.26   min=0.23   stddev=0.02 (6.2%))
[       OK ] Conv_1x1.conv/268 (28 ms)
[ RUN      ] Conv_1x1.conv/269, where GetParam() = (GFLOPS=0.005, K=[1 x 1], IN={1, 96, 32, 32}, OCN=24, BIAS, OCV/CPU)
IN=384 Kb [ 1 96 32 32 ]    OUT=96 Kb [ 1 24 32 32 ]    Weights(parameters): 10 Kb    MFLOPS=4.74317
[ PERFSTAT ]    (samples=100   mean=0.19   median=0.18   min=0.15   stddev=0.01 (7.7%))
[       OK ] Conv_1x1.conv/269 (19 ms)
[ RUN      ] Conv_1x1.conv/270, where GetParam() = (GFLOPS=0.005, K=[1 x 1], IN={1, 4, 128, 256}, OCN=16, OCV/CPU)
IN=512 Kb [ 1 4 128 256 ]    OUT=2048 Kb [ 1 16 128 256 ]    Weights(parameters): 1 Kb    MFLOPS=4.71859
[ PERFSTAT ]    (samples=100   mean=0.27   median=0.27   min=0.23   stddev=0.02 (6.3%))
[       OK ] Conv_1x1.conv/270 (29 ms)
[ RUN      ] Conv_1x1.conv/271, where GetParam() = (GFLOPS=0.004, K=[1 x 1], IN={1, 16, 64, 64}, OCN=32, BIAS, OCV/CPU)
IN=256 Kb [ 1 16 64 64 ]    OUT=512 Kb [ 1 32 64 64 ]    Weights(parameters): 3 Kb    MFLOPS=4.32538
[ PERFSTAT ]    (samples=100   mean=0.10   median=0.10   min=0.09   stddev=0.01 (6.7%))
[       OK ] Conv_1x1.conv/271 (11 ms)
[ RUN      ] Conv_1x1.conv/272, where GetParam() = (GFLOPS=0.004, K=[1 x 1], IN={1, 32, 64, 64}, OCN=16, BIAS, OCV/CPU)
IN=512 Kb [ 1 32 64 64 ]    OUT=256 Kb [ 1 16 64 64 ]    Weights(parameters): 3 Kb    MFLOPS=4.25984
[ PERFSTAT ]    (samples=46   mean=0.10   median=0.10   min=0.09   stddev=0.00 (3.0%))
[       OK ] Conv_1x1.conv/272 (6 ms)
[ RUN      ] Conv_1x1.conv/273, where GetParam() = (GFLOPS=0.008, K=[1 x 1], IN={1, 672, 7, 7}, OCN=128, OCV/CPU)
IN=129 Kb [ 1 672 7 7 ]    OUT=25 Kb [ 1 128 7 7 ]    Weights(parameters): 336 Kb    MFLOPS=8.43584
[ PERFSTAT ]    (samples=100   mean=0.24   median=0.23   min=0.21   stddev=0.01 (6.0%))
[       OK ] Conv_1x1.conv/273 (24 ms)
[ RUN      ] Conv_1x1.conv/274, where GetParam() = (GFLOPS=0.008, K=[1 x 1], IN={1, 128, 32, 64}, OCN=16, OCV/CPU)
IN=1024 Kb [ 1 128 32 64 ]    OUT=128 Kb [ 1 16 32 64 ]    Weights(parameters): 8 Kb    MFLOPS=8.42138
[ PERFSTAT ]    (samples=100   mean=0.41   median=0.41   min=0.32   stddev=0.04 (8.9%))
[       OK ] Conv_1x1.conv/274 (45 ms)
[ RUN      ] Conv_1x1.conv/275, where GetParam() = (GFLOPS=0.008, K=[1 x 1], IN={1, 608, 7, 7}, OCN=128, OCV/CPU)
IN=117 Kb [ 1 608 7 7 ]    OUT=25 Kb [ 1 128 7 7 ]    Weights(parameters): 304 Kb    MFLOPS=7.63302
[ PERFSTAT ]    (samples=100   mean=0.22   median=0.23   min=0.20   stddev=0.01 (5.9%))
[       OK ] Conv_1x1.conv/275 (23 ms)
[ RUN      ] Conv_1x1.conv/276, where GetParam() = (GFLOPS=0.004, K=[1 x 1], IN={1, 384, 7, 7}, OCN=112, BIAS, OCV/CPU)
IN=74 Kb [ 1 384 7 7 ]    OUT=22 Kb [ 1 112 7 7 ]    Weights(parameters): 169 Kb    MFLOPS=4.22027
[ PERFSTAT ]    (samples=13   mean=0.16   median=0.16   min=0.16   stddev=0.00 (2.3%))
[       OK ] Conv_1x1.conv/276 (3 ms)
[ RUN      ] Conv_1x1.conv/277, where GetParam() = (GFLOPS=0.004, K=[1 x 1], IN={1, 336, 8, 8}, OCN=96, BIAS, OCV/CPU)
IN=84 Kb [ 1 336 8 8 ]    OUT=24 Kb [ 1 96 8 8 ]    Weights(parameters): 127 Kb    MFLOPS=4.13491
[ PERFSTAT ]    (samples=13   mean=0.09   median=0.09   min=0.08   stddev=0.00 (2.8%))
[       OK ] Conv_1x1.conv/277 (1 ms)
[ RUN      ] Conv_1x1.conv/278, where GetParam() = (GFLOPS=0.007, K=[1 x 1], IN={1, 640, 6, 6}, OCN=160, BIAS, OCV/CPU)
IN=90 Kb [ 1 640 6 6 ]    OUT=23 Kb [ 1 160 6 6 ]    Weights(parameters): 401 Kb    MFLOPS=7.37856
[ PERFSTAT ]    (samples=10   mean=0.16   median=0.16   min=0.16   stddev=0.00 (2.2%))
[       OK ] Conv_1x1.conv/278 (3 ms)
[ RUN      ] Conv_1x1.conv/279, where GetParam() = (GFLOPS=0.007, K=[1 x 1], IN={1, 384, 14, 14}, OCN=48, BIAS, OCV/CPU)
IN=294 Kb [ 1 384 14 14 ]    OUT=37 Kb [ 1 48 14 14 ]    Weights(parameters): 73 Kb    MFLOPS=7.23475
[ PERFSTAT ]    (samples=13   mean=0.21   median=0.21   min=0.20   stddev=0.01 (2.9%))
[       OK ] Conv_1x1.conv/279 (4 ms)
[ RUN      ] Conv_1x1.conv/280, where GetParam() = (GFLOPS=0.007, K=[1 x 1], IN={1, 576, 7, 7}, OCN=128, OCV/CPU)
IN=111 Kb [ 1 576 7 7 ]    OUT=25 Kb [ 1 128 7 7 ]    Weights(parameters): 288 Kb    MFLOPS=7.23162
[ PERFSTAT ]    (samples=100   mean=0.21   median=0.22   min=0.18   stddev=0.01 (6.1%))
[       OK ] Conv_1x1.conv/280 (22 ms)
[ RUN      ] Conv_1x1.conv/281, where GetParam() = (GFLOPS=0.007, K=[1 x 1], IN={1, 256, 12, 12}, OCN=96, BIAS, OCV/CPU)
IN=144 Kb [ 1 256 12 12 ]    OUT=54 Kb [ 1 96 12 12 ]    Weights(parameters): 97 Kb    MFLOPS=7.09171
[ PERFSTAT ]    (samples=100   mean=0.20   median=0.20   min=0.18   stddev=0.01 (3.7%))
[       OK ] Conv_1x1.conv/281 (21 ms)
[ RUN      ] Conv_1x1.conv/282, where GetParam() = (GFLOPS=0.007, K=[1 x 1], IN={1, 544, 7, 7}, OCN=128, OCV/CPU)
IN=105 Kb [ 1 544 7 7 ]    OUT=25 Kb [ 1 128 7 7 ]    Weights(parameters): 272 Kb    MFLOPS=6.83021
[ PERFSTAT ]    (samples=100   mean=0.19   median=0.19   min=0.18   stddev=0.01 (4.4%))
[       OK ] Conv_1x1.conv/282 (20 ms)
[ RUN      ] Conv_1x1.conv/283, where GetParam() = (GFLOPS=0.007, K=[1 x 1], IN={1, 528, 14, 14}, OCN=32, BIAS, OCV/CPU)
IN=405 Kb [ 1 528 14 14 ]    OUT=25 Kb [ 1 32 14 14 ]    Weights(parameters): 67 Kb    MFLOPS=6.6295
[ PERFSTAT ]    (samples=100   mean=0.23   median=0.23   min=0.20   stddev=0.01 (4.9%))
[       OK ] Conv_1x1.conv/283 (25 ms)
[ RUN      ] Conv_1x1.conv/284, where GetParam() = (GFLOPS=0.007, K=[1 x 1], IN={1, 256, 5, 5}, OCN=512, PM=SAME, OCV/CPU)
IN=25 Kb [ 1 256 5 5 ]    OUT=50 Kb [ 1 512 5 5 ]    Weights(parameters): 512 Kb    MFLOPS=6.5664
[ PERFSTAT ]    (samples=100   mean=0.08   median=0.08   min=0.07   stddev=0.00 (4.5%))
[       OK ] Conv_1x1.conv/284 (8 ms)
[ RUN      ] Conv_1x1.conv/285, where GetParam() = (GFLOPS=0.004, K=[1 x 1], IN={1, 48, 14, 14}, OCN=192, BIAS, OCV/CPU)
IN=37 Kb [ 1 48 14 14 ]    OUT=147 Kb [ 1 192 14 14 ]    Weights(parameters): 37 Kb    MFLOPS=3.6503
[ PERFSTAT ]    (samples=100   mean=0.06   median=0.06   min=0.06   stddev=0.00 (3.4%))
[       OK ] Conv_1x1.conv/285 (7 ms)
[ RUN      ] Conv_1x1.conv/286, where GetParam() = (GFLOPS=0.003, K=[1 x 1], IN={1, 64, 80, 80}, OCN=4, BIAS, OCV/CPU)
IN=1600 Kb [ 1 64 80 80 ]    OUT=100 Kb [ 1 4 80 80 ]    Weights(parameters): 2 Kb    MFLOPS=3.3024
[ PERFSTAT ]    (samples=26   mean=0.20   median=0.20   min=0.19   stddev=0.01 (3.0%))
[       OK ] Conv_1x1.conv/286 (8 ms)
[ RUN      ] Conv_1x1.conv/287, where GetParam() = (GFLOPS=0.006, K=[1 x 1], IN={1, 64, 56, 56}, OCN=16, BIAS, OCV/CPU)
IN=784 Kb [ 1 64 56 56 ]    OUT=196 Kb [ 1 16 56 56 ]    Weights(parameters): 5 Kb    MFLOPS=6.4727
[ PERFSTAT ]    (samples=13   mean=0.18   median=0.17   min=0.17   stddev=0.00 (2.7%))
[       OK ] Conv_1x1.conv/287 (4 ms)
[ RUN      ] Conv_1x1.conv/288, where GetParam() = (GFLOPS=0.006, K=[1 x 1], IN={1, 512, 14, 14}, OCN=32, BIAS, OCV/CPU)
IN=392 Kb [ 1 512 14 14 ]    OUT=25 Kb [ 1 32 14 14 ]    Weights(parameters): 65 Kb    MFLOPS=6.4288
[ PERFSTAT ]    (samples=100   mean=0.23   median=0.23   min=0.20   stddev=0.01 (5.5%))
[       OK ] Conv_1x1.conv/288 (25 ms)
[ RUN      ] Conv_1x1.conv/289, where GetParam() = (GFLOPS=0.003, K=[1 x 1], IN={1, 144, 16, 16}, OCN=40, BIAS, OCV/CPU)
IN=144 Kb [ 1 144 16 16 ]    OUT=40 Kb [ 1 40 16 16 ]    Weights(parameters): 23 Kb    MFLOPS=2.95936
[ PERFSTAT ]    (samples=100   mean=0.09   median=0.09   min=0.07   stddev=0.00 (4.8%))
[       OK ] Conv_1x1.conv/289 (9 ms)
[ RUN      ] Conv_1x1.conv/290, where GetParam() = (GFLOPS=0.005, K=[1 x 1], IN={1, 192, 12, 12}, OCN=96, BIAS, OCV/CPU)
IN=108 Kb [ 1 192 12 12 ]    OUT=54 Kb [ 1 96 12 12 ]    Weights(parameters): 73 Kb    MFLOPS=5.32224
[ PERFSTAT ]    (samples=13   mean=0.09   median=0.09   min=0.08   stddev=0.00 (2.8%))
[       OK ] Conv_1x1.conv/290 (1 ms)
[ RUN      ] Conv_1x1.conv/291, where GetParam() = (GFLOPS=0.005, K=[1 x 1], IN={1, 1024, 10, 10}, OCN=24, BIAS, OCV/CPU)
IN=400 Kb [ 1 1024 10 10 ]    OUT=10 Kb [ 1 24 10 10 ]    Weights(parameters): 97 Kb    MFLOPS=4.9176
[ PERFSTAT ]    (samples=100   mean=0.22   median=0.23   min=0.18   stddev=0.02 (8.0%))
[       OK ] Conv_1x1.conv/291 (24 ms)
[ RUN      ] Conv_1x1.conv/292, where GetParam() = (GFLOPS=0.005, K=[1 x 1], IN={1, 256, 14, 14}, OCN=48, BIAS, OCV/CPU)
IN=196 Kb [ 1 256 14 14 ]    OUT=37 Kb [ 1 48 14 14 ]    Weights(parameters): 49 Kb    MFLOPS=4.8263
[ PERFSTAT ]    (samples=43   mean=0.21   median=0.21   min=0.19   stddev=0.01 (3.0%))
[       OK ] Conv_1x1.conv/292 (10 ms)
[ RUN      ] Conv_1x1.conv/293, where GetParam() = (GFLOPS=0.005, K=[1 x 1], IN={1, 508, 14, 14}, OCN=24, PM=SAME, BIAS, OCV/CPU)
IN=389 Kb [ 1 508 14 14 ]    OUT=19 Kb [ 1 24 14 14 ]    Weights(parameters): 48 Kb    MFLOPS=4.78397
[ PERFSTAT ]    (samples=100   mean=0.22   median=0.22   min=0.17   stddev=0.02 (8.4%))
[       OK ] Conv_1x1.conv/293 (22 ms)
[ RUN      ] Conv_1x1.conv/294, where GetParam() = (GFLOPS=0.005, K=[1 x 1], IN={1, 64, 32, 32}, OCN=36, PM=VALID, BIAS, OCV/CPU)
IN=256 Kb [ 1 64 32 32 ]    OUT=144 Kb [ 1 36 32 32 ]    Weights(parameters): 10 Kb    MFLOPS=4.75546
[ PERFSTAT ]    (samples=10   mean=0.17   median=0.17   min=0.16   stddev=0.00 (2.7%))
[       OK ] Conv_1x1.conv/294 (3 ms)
[ RUN      ] Conv_1x1.conv/295, where GetParam() = (GFLOPS=0.005, K=[1 x 1], IN={1, 1024, 3, 3}, OCN=256, BIAS, OCV/CPU)
IN=36 Kb [ 1 1024 3 3 ]    OUT=9 Kb [ 1 256 3 3 ]    Weights(parameters): 1025 Kb    MFLOPS=4.7209
[ PERFSTAT ]    (samples=100   mean=0.11   median=0.11   min=0.10   stddev=0.00 (4.5%))
[       OK ] Conv_1x1.conv/295 (13 ms)
[ RUN      ] Conv_1x1.conv/296, where GetParam() = (GFLOPS=0.003, K=[1 x 1], IN={1, 144, 14, 14}, OCN=48, BIAS, OCV/CPU)
IN=111 Kb [ 1 144 14 14 ]    OUT=37 Kb [ 1 48 14 14 ]    Weights(parameters): 28 Kb    MFLOPS=2.71891
[ PERFSTAT ]    (samples=13   mean=0.08   median=0.08   min=0.07   stddev=0.00 (2.8%))
[       OK ] Conv_1x1.conv/296 (1 ms)
[ RUN      ] Conv_1x1.conv/297, where GetParam() = (GFLOPS=0.002, K=[1 x 1], IN={1, 576, 8, 8}, OCN=32, BIAS, OCV/CPU)
IN=144 Kb [ 1 576 8 8 ]    OUT=8 Kb [ 1 32 8 8 ]    Weights(parameters): 73 Kb    MFLOPS=2.36134
[ PERFSTAT ]    (samples=10   mean=0.14   median=0.14   min=0.13   stddev=0.00 (3.0%))
[       OK ] Conv_1x1.conv/297 (2 ms)
[ RUN      ] Conv_1x1.conv/298, where GetParam() = (GFLOPS=0.004, K=[1 x 1], IN={1, 512, 19, 19}, OCN=12, BIAS, OCV/CPU)
IN=722 Kb [ 1 512 19 19 ]    OUT=17 Kb [ 1 12 19 19 ]    Weights(parameters): 25 Kb    MFLOPS=4.4403
[ PERFSTAT ]    (samples=100   mean=0.18   median=0.18   min=0.16   stddev=0.02 (10.8%))
[       OK ] Conv_1x1.conv/298 (20 ms)
[ RUN      ] Conv_1x1.conv/299, where GetParam() = (GFLOPS=0.004, K=[1 x 1], IN={1, 640, 6, 6}, OCN=96, BIAS, OCV/CPU)
IN=90 Kb [ 1 640 6 6 ]    OUT=14 Kb [ 1 96 6 6 ]    Weights(parameters): 241 Kb    MFLOPS=4.42714
[ PERFSTAT ]    (samples=19   mean=0.17   median=0.17   min=0.16   stddev=0.01 (3.0%))
[       OK ] Conv_1x1.conv/299 (4 ms)
[ RUN      ] Conv_1x1.conv/300, where GetParam() = (GFLOPS=0.004, K=[1 x 1], IN={1, 16, 128, 256}, OCN=4, OCV/CPU)
IN=2048 Kb [ 1 16 128 256 ]    OUT=512 Kb [ 1 4 128 256 ]    Weights(parameters): 1 Kb    MFLOPS=4.32538
[ PERFSTAT ]    (samples=29   mean=0.26   median=0.26   min=0.25   stddev=0.01 (3.0%))
[       OK ] Conv_1x1.conv/300 (12 ms)
[ RUN      ] Conv_1x1.conv/301, where GetParam() = (GFLOPS=0.004, K=[1 x 1], IN={1, 64, 64, 128}, OCN=4, OCV/CPU)
IN=2048 Kb [ 1 64 64 128 ]    OUT=128 Kb [ 1 4 64 128 ]    Weights(parameters): 1 Kb    MFLOPS=4.22707
[ PERFSTAT ]    (samples=88   mean=0.40   median=0.40   min=0.37   stddev=0.01 (2.9%))
[       OK ] Conv_1x1.conv/301 (39 ms)
[ RUN      ] Conv_1x1.conv/302, where GetParam() = (GFLOPS=0.004, K=[1 x 1], IN={1, 832, 7, 7}, OCN=48, BIAS, OCV/CPU)
IN=160 Kb [ 1 832 7 7 ]    OUT=10 Kb [ 1 48 7 7 ]    Weights(parameters): 157 Kb    MFLOPS=3.91608
[ PERFSTAT ]    (samples=13   mean=0.15   median=0.15   min=0.14   stddev=0.00 (2.8%))
[       OK ] Conv_1x1.conv/302 (2 ms)
[ RUN      ] Conv_1x1.conv/303, where GetParam() = (GFLOPS=0.004, K=[1 x 1], IN={1, 192, 12, 12}, OCN=64, BIAS, OCV/CPU)
IN=108 Kb [ 1 192 12 12 ]    OUT=36 Kb [ 1 64 12 12 ]    Weights(parameters): 49 Kb    MFLOPS=3.54816
[ PERFSTAT ]    (samples=10   mean=0.08   median=0.08   min=0.08   stddev=0.00 (3.0%))
[       OK ] Conv_1x1.conv/303 (2 ms)
[ RUN      ] Conv_1x1.conv/304, where GetParam() = (GFLOPS=0.002, K=[1 x 1], IN={1, 240, 48, 48}, OCN=2, BIAS, OCV/CPU)
IN=2160 Kb [ 1 240 48 48 ]    OUT=18 Kb [ 1 2 48 48 ]    Weights(parameters): 2 Kb    MFLOPS=2.21645
[ PERFSTAT ]    (samples=100   mean=0.41   median=0.41   min=0.37   stddev=0.02 (4.6%))
[       OK ] Conv_1x1.conv/304 (46 ms)
[ RUN      ] Conv_1x1.conv/305, where GetParam() = (GFLOPS=0.002, K=[1 x 1], IN={1, 32, 64, 64}, OCN=8, BIAS, OCV/CPU)
IN=512 Kb [ 1 32 64 64 ]    OUT=128 Kb [ 1 8 64 64 ]    Weights(parameters): 2 Kb    MFLOPS=2.12992
[ PERFSTAT ]    (samples=63   mean=0.10   median=0.10   min=0.09   stddev=0.00 (2.9%))
[       OK ] Conv_1x1.conv/305 (7 ms)
[ RUN      ] Conv_1x1.conv/306, where GetParam() = (GFLOPS=0.002, K=[1 x 1], IN={1, 64, 40, 40}, OCN=10, BIAS, OCV/CPU)
IN=400 Kb [ 1 64 40 40 ]    OUT=63 Kb [ 1 10 40 40 ]    Weights(parameters): 3 Kb    MFLOPS=2.064
[ PERFSTAT ]    (samples=100   mean=0.12   median=0.12   min=0.09   stddev=0.02 (16.0%))
[       OK ] Conv_1x1.conv/306 (13 ms)
[ RUN      ] Conv_1x1.conv/307, where GetParam() = (GFLOPS=0.001, K=[1 x 1], IN={1, 32, 24, 24}, OCN=16, PM=SAME, BIAS, OCV/CPU)
IN=72 Kb [ 1 32 24 24 ]    OUT=36 Kb [ 1 16 24 24 ]    Weights(parameters): 3 Kb    MFLOPS=0.59904
[ PERFSTAT ]    (samples=100   mean=0.05   median=0.04   min=0.04   stddev=0.00 (9.8%))
[       OK ] Conv_1x1.conv/307 (5 ms)
[ RUN      ] Conv_1x1.conv/308, where GetParam() = (GFLOPS=0.003, K=[1 x 1], IN={1, 736, 3, 3}, OCN=256, BIAS, OCV/CPU)
IN=26 Kb [ 1 736 3 3 ]    OUT=9 Kb [ 1 256 3 3 ]    Weights(parameters): 737 Kb    MFLOPS=3.39379
[ PERFSTAT ]    (samples=13   mean=0.10   median=0.10   min=0.09   stddev=0.00 (2.9%))
[       OK ] Conv_1x1.conv/308 (2 ms)
[ RUN      ] Conv_1x1.conv/309, where GetParam() = (GFLOPS=0.003, K=[1 x 1], IN={1, 512, 5, 5}, OCN=128, BIAS, OCV/CPU)
IN=50 Kb [ 1 512 5 5 ]    OUT=13 Kb [ 1 128 5 5 ]    Weights(parameters): 257 Kb    MFLOPS=3.28
[ PERFSTAT ]    (samples=13   mean=0.15   median=0.15   min=0.14   stddev=0.00 (2.0%))
[       OK ] Conv_1x1.conv/309 (3 ms)
[ RUN      ] Conv_1x1.conv/310, where GetParam() = (GFLOPS=0.003, K=[1 x 1], IN={1, 512, 5, 5}, OCN=126, BIAS, OCV/CPU)
IN=50 Kb [ 1 512 5 5 ]    OUT=13 Kb [ 1 126 5 5 ]    Weights(parameters): 253 Kb    MFLOPS=3.22875
[ PERFSTAT ]    (samples=10   mean=0.15   median=0.15   min=0.14   stddev=0.00 (1.8%))
[       OK ] Conv_1x1.conv/310 (2 ms)
[ RUN      ] Conv_1x1.conv/311, where GetParam() = (GFLOPS=0.003, K=[1 x 1], IN={1, 480, 14, 14}, OCN=16, BIAS, OCV/CPU)
IN=368 Kb [ 1 480 14 14 ]    OUT=13 Kb [ 1 16 14 14 ]    Weights(parameters): 31 Kb    MFLOPS=3.0137
[ PERFSTAT ]    (samples=100   mean=0.16   median=0.16   min=0.13   stddev=0.02 (10.3%))
[       OK ] Conv_1x1.conv/311 (17 ms)
[ RUN      ] Conv_1x1.conv/312, where GetParam() = (GFLOPS=0.003, K=[1 x 1], IN={1, 320, 12, 12}, OCN=32, BIAS, OCV/CPU)
IN=180 Kb [ 1 320 12 12 ]    OUT=18 Kb [ 1 32 12 12 ]    Weights(parameters): 41 Kb    MFLOPS=2.95373
[ PERFSTAT ]    (samples=100   mean=0.14   median=0.14   min=0.11   stddev=0.01 (5.5%))
[       OK ] Conv_1x1.conv/312 (15 ms)
[ RUN      ] Conv_1x1.conv/313, where GetParam() = (GFLOPS=0.003, K=[1 x 1], IN={1, 640, 6, 6}, OCN=64, BIAS, OCV/CPU)
IN=90 Kb [ 1 640 6 6 ]    OUT=9 Kb [ 1 64 6 6 ]    Weights(parameters): 161 Kb    MFLOPS=2.95142
[ PERFSTAT ]    (samples=100   mean=0.14   median=0.14   min=0.13   stddev=0.01 (4.3%))
[       OK ] Conv_1x1.conv/313 (15 ms)
[ RUN      ] Conv_1x1.conv/314, where GetParam() = (GFLOPS=0.003, K=[1 x 1], IN={1, 832, 7, 7}, OCN=32, BIAS, OCV/CPU)
IN=160 Kb [ 1 832 7 7 ]    OUT=7 Kb [ 1 32 7 7 ]    Weights(parameters): 105 Kb    MFLOPS=2.61072
[ PERFSTAT ]    (samples=100   mean=0.16   median=0.16   min=0.14   stddev=0.01 (4.2%))
[       OK ] Conv_1x1.conv/314 (16 ms)
[ RUN      ] Conv_1x1.conv/315, where GetParam() = (GFLOPS=0.002, K=[1 x 1], IN={1, 128, 80, 80}, OCN=1, BIAS, OCV/CPU)
IN=3200 Kb [ 1 128 80 80 ]    OUT=25 Kb [ 1 1 80 80 ]    Weights(parameters): 1 Kb    MFLOPS=1.6448
[ PERFSTAT ]    (samples=100   mean=0.63   median=0.64   min=0.58   stddev=0.02 (3.3%))
[       OK ] Conv_1x1.conv/315 (71 ms)
[ RUN      ] Conv_1x1.conv/316, where GetParam() = (GFLOPS=0.002, K=[1 x 1], IN={1, 128, 40, 40}, OCN=4, BIAS, OCV/CPU)
IN=800 Kb [ 1 128 40 40 ]    OUT=25 Kb [ 1 4 40 40 ]    Weights(parameters): 3 Kb    MFLOPS=1.6448
[ PERFSTAT ]    (samples=100   mean=0.23   median=0.23   min=0.16   stddev=0.04 (16.4%))
[       OK ] Conv_1x1.conv/316 (25 ms)
[ RUN      ] Conv_1x1.conv/317, where GetParam() = (GFLOPS=0.002, K=[1 x 1], IN={1, 24, 32, 32}, OCN=32, BIAS, OCV/CPU)
IN=96 Kb [ 1 24 32 32 ]    OUT=128 Kb [ 1 32 32 32 ]    Weights(parameters): 4 Kb    MFLOPS=1.60563
[ PERFSTAT ]    (samples=100   mean=0.07   median=0.07   min=0.06   stddev=0.00 (4.7%))
[       OK ] Conv_1x1.conv/317 (7 ms)
[ RUN      ] Conv_1x1.conv/318, where GetParam() = (GFLOPS=0.001, K=[1 x 1], IN={1, 64, 80, 80}, OCN=1, BIAS, OCV/CPU)
IN=1600 Kb [ 1 64 80 80 ]    OUT=25 Kb [ 1 1 80 80 ]    Weights(parameters): 1 Kb    MFLOPS=0.8256
[ PERFSTAT ]    (samples=13   mean=0.20   median=0.20   min=0.19   stddev=0.00 (2.4%))
[       OK ] Conv_1x1.conv/318 (5 ms)
[ RUN      ] Conv_1x1.conv/319, where GetParam() = (GFLOPS=0.002, K=[1 x 1], IN={1, 256, 12, 12}, OCN=32, BIAS, OCV/CPU)
IN=144 Kb [ 1 256 12 12 ]    OUT=18 Kb [ 1 32 12 12 ]    Weights(parameters): 33 Kb    MFLOPS=2.3639
[ PERFSTAT ]    (samples=13   mean=0.08   median=0.08   min=0.07   stddev=0.00 (3.0%))
[       OK ] Conv_1x1.conv/319 (1 ms)
[ RUN      ] Conv_1x1.conv/320, where GetParam() = (GFLOPS=0.002, K=[1 x 1], IN={1, 528, 4, 4}, OCN=128, PM=SAME, BIAS, OCV/CPU)
IN=33 Kb [ 1 528 4 4 ]    OUT=8 Kb [ 1 128 4 4 ]    Weights(parameters): 265 Kb    MFLOPS=2.16474
[ PERFSTAT ]    (samples=14   mean=0.10   median=0.10   min=0.09   stddev=0.00 (2.9%))
[       OK ] Conv_1x1.conv/320 (2 ms)
[ RUN      ] Conv_1x1.conv/321, where GetParam() = (GFLOPS=0.002, K=[1 x 1], IN={1, 508, 4, 4}, OCN=128, PM=SAME, BIAS, OCV/CPU)
IN=32 Kb [ 1 508 4 4 ]    OUT=8 Kb [ 1 128 4 4 ]    Weights(parameters): 255 Kb    MFLOPS=2.08282
[ PERFSTAT ]    (samples=100   mean=0.05   median=0.05   min=0.05   stddev=0.00 (3.8%))
[       OK ] Conv_1x1.conv/321 (6 ms)
[ RUN      ] Conv_1x1.conv/322, where GetParam() = (GFLOPS=0.002, K=[1 x 1], IN={1, 1024, 1, 1}, OCN=1000, BIAS, OCV/CPU)
IN=4 Kb [ 1 1024 1 1 ]    OUT=4 Kb [ 1 1000 1 1 ]    Weights(parameters): 4004 Kb    MFLOPS=2.049
[ PERFSTAT ]    (samples=100   mean=0.11   median=0.10   min=0.09   stddev=0.02 (14.9%))
[       OK ] Conv_1x1.conv/322 (19 ms)
[ RUN      ] Conv_1x1.conv/323, where GetParam() = (GFLOPS=0.002, K=[1 x 1], IN={1, 64, 4, 4}, OCN=810, PM=VALID, BIAS, OCV/CPU)
IN=4 Kb [ 1 64 4 4 ]    OUT=51 Kb [ 1 810 4 4 ]    Weights(parameters): 206 Kb    MFLOPS=1.67184
[ PERFSTAT ]    (samples=88   mean=0.04   median=0.04   min=0.04   stddev=0.00 (2.9%))
[       OK ] Conv_1x1.conv/323 (4 ms)
[ RUN      ] Conv_1x1.conv/324, where GetParam() = (GFLOPS=0.002, K=[1 x 1], IN={1, 32, 80, 80}, OCN=4, PM=SAME, BIAS, OCV/CPU)
IN=800 Kb [ 1 32 80 80 ]    OUT=100 Kb [ 1 4 80 80 ]    Weights(parameters): 1 Kb    MFLOPS=1.664
[ PERFSTAT ]    (samples=10   mean=0.18   median=0.18   min=0.17   stddev=0.00 (2.3%))
[       OK ] Conv_1x1.conv/324 (3 ms)
[ RUN      ] Conv_1x1.conv/325, where GetParam() = (GFLOPS=0.001, K=[1 x 1], IN={1, 16, 4, 8400}, OCN=1, OCV/CPU)
IN=2100 Kb [ 1 16 4 8400 ]    OUT=132 Kb [ 1 1 4 8400 ]    Weights(parameters): 1 Kb    MFLOPS=1.1088
[ PERFSTAT ]    (samples=100   mean=0.43   median=0.42   min=0.39   stddev=0.02 (3.8%))
[       OK ] Conv_1x1.conv/325 (46 ms)
[ RUN      ] Conv_1x1.conv/326, where GetParam() = (GFLOPS=0.001, K=[1 x 1], IN={1, 56, 16, 16}, OCN=32, BIAS, OCV/CPU)
IN=56 Kb [ 1 56 16 16 ]    OUT=32 Kb [ 1 32 16 16 ]    Weights(parameters): 8 Kb    MFLOPS=0.925696
[ PERFSTAT ]    (samples=25   mean=0.05   median=0.05   min=0.05   stddev=0.00 (3.0%))
[       OK ] Conv_1x1.conv/326 (2 ms)
[ RUN      ] Conv_1x1.conv/327, where GetParam() = (GFLOPS=0.001, K=[1 x 1], IN={1, 64, 40, 40}, OCN=4, BIAS, OCV/CPU)
IN=400 Kb [ 1 64 40 40 ]    OUT=25 Kb [ 1 4 40 40 ]    Weights(parameters): 2 Kb    MFLOPS=0.8256
[ PERFSTAT ]    (samples=100   mean=0.11   median=0.11   min=0.08   stddev=0.02 (14.1%))
[       OK ] Conv_1x1.conv/327 (12 ms)
[ RUN      ] Conv_1x1.conv/328, where GetParam() = (GFLOPS=0.001, K=[1 x 1], IN={1, 64, 12, 12}, OCN=32, PM=SAME, BIAS, OCV/CPU)
IN=36 Kb [ 1 64 12 12 ]    OUT=18 Kb [ 1 32 12 12 ]    Weights(parameters): 9 Kb    MFLOPS=0.594432
[ PERFSTAT ]    (samples=100   mean=0.04   median=0.04   min=0.04   stddev=0.00 (3.6%))
[       OK ] Conv_1x1.conv/328 (5 ms)
[ RUN      ] Conv_1x1.conv/329, where GetParam() = (GFLOPS=0.000, K=[1 x 1], IN={1, 192, 2, 2}, OCN=192, BIAS, OCV/CPU)
IN=3 Kb [ 1 192 2 2 ]    OUT=3 Kb [ 1 192 2 2 ]    Weights(parameters): 145 Kb    MFLOPS=0.29568
[ PERFSTAT ]    (samples=100   mean=0.04   median=0.04   min=0.03   stddev=0.00 (3.6%))
[       OK ] Conv_1x1.conv/329 (4 ms)
[ RUN      ] Conv_1x1.conv/330, where GetParam() = (GFLOPS=0.001, K=[1 x 1], IN={1, 640, 6, 6}, OCN=32, BIAS, OCV/CPU)
IN=90 Kb [ 1 640 6 6 ]    OUT=5 Kb [ 1 32 6 6 ]    Weights(parameters): 81 Kb    MFLOPS=1.47571
[ PERFSTAT ]    (samples=100   mean=0.07   median=0.07   min=0.06   stddev=0.00 (4.8%))
[       OK ] Conv_1x1.conv/330 (8 ms)
[ RUN      ] Conv_1x1.conv/331, where GetParam() = (GFLOPS=0.001, K=[1 x 1], IN={1, 256, 2, 2}, OCN=546, PM=SAME, BIAS, OCV/CPU)
IN=4 Kb [ 1 256 2 2 ]    OUT=9 Kb [ 1 546 2 2 ]    Weights(parameters): 549 Kb    MFLOPS=1.12039
[ PERFSTAT ]    (samples=100   mean=0.05   median=0.05   min=0.04   stddev=0.00 (5.9%))
[       OK ] Conv_1x1.conv/331 (6 ms)
[ RUN      ] Conv_1x1.conv/332, where GetParam() = (GFLOPS=0.001, K=[1 x 1], IN={1, 192, 12, 12}, OCN=16, BIAS, OCV/CPU)
IN=108 Kb [ 1 192 12 12 ]    OUT=9 Kb [ 1 16 12 12 ]    Weights(parameters): 13 Kb    MFLOPS=0.88704
[ PERFSTAT ]    (samples=100   mean=0.06   median=0.05   min=0.05   stddev=0.01 (12.1%))
[       OK ] Conv_1x1.conv/332 (6 ms)
[ RUN      ] Conv_1x1.conv/333, where GetParam() = (GFLOPS=0.001, K=[1 x 1], IN={1, 640, 2, 2}, OCN=128, BIAS, OCV/CPU)
IN=10 Kb [ 1 640 2 2 ]    OUT=2 Kb [ 1 128 2 2 ]    Weights(parameters): 321 Kb    MFLOPS=0.655872
[ PERFSTAT ]    (samples=100   mean=0.05   median=0.05   min=0.05   stddev=0.00 (3.1%))
[       OK ] Conv_1x1.conv/333 (6 ms)
[ RUN      ] Conv_1x1.conv/334, where GetParam() = (GFLOPS=0.001, K=[1 x 1], IN={1, 512, 5, 5}, OCN=24, BIAS, OCV/CPU)
IN=50 Kb [ 1 512 5 5 ]    OUT=3 Kb [ 1 24 5 5 ]    Weights(parameters): 49 Kb    MFLOPS=0.615
[ PERFSTAT ]    (samples=100   mean=0.06   median=0.06   min=0.05   stddev=0.00 (5.3%))
[       OK ] Conv_1x1.conv/334 (7 ms)
[ RUN      ] Conv_1x1.conv/335, where GetParam() = (GFLOPS=0.001, K=[1 x 1], IN={1, 256, 3, 3}, OCN=128, BIAS, OCV/CPU)
IN=9 Kb [ 1 256 3 3 ]    OUT=5 Kb [ 1 128 3 3 ]    Weights(parameters): 129 Kb    MFLOPS=0.590976
[ PERFSTAT ]    (samples=100   mean=0.04   median=0.04   min=0.04   stddev=0.00 (3.3%))
[       OK ] Conv_1x1.conv/335 (5 ms)
[ RUN      ] Conv_1x1.conv/336, where GetParam() = (GFLOPS=0.001, K=[1 x 1], IN={1, 64, 20, 20}, OCN=10, BIAS, OCV/CPU)
IN=100 Kb [ 1 64 20 20 ]    OUT=16 Kb [ 1 10 20 20 ]    Weights(parameters): 3 Kb    MFLOPS=0.516
[ PERFSTAT ]    (samples=100   mean=0.06   median=0.05   min=0.05   stddev=0.01 (11.8%))
[       OK ] Conv_1x1.conv/336 (6 ms)
[ RUN      ] Conv_1x1.conv/337, where GetParam() = (GFLOPS=0.000, K=[1 x 1], IN={1, 256, 12, 12}, OCN=6, BIAS, OCV/CPU)
IN=144 Kb [ 1 256 12 12 ]    OUT=4 Kb [ 1 6 12 12 ]    Weights(parameters): 7 Kb    MFLOPS=0.443232
[ PERFSTAT ]    (samples=100   mean=0.06   median=0.06   min=0.05   stddev=0.01 (11.0%))
[       OK ] Conv_1x1.conv/337 (6 ms)
[ RUN      ] Conv_1x1.conv/338, where GetParam() = (GFLOPS=0.000, K=[1 x 1], IN={1, 32, 80, 80}, OCN=1, PM=SAME, BIAS, OCV/CPU)
IN=800 Kb [ 1 32 80 80 ]    OUT=25 Kb [ 1 1 80 80 ]    Weights(parameters): 1 Kb    MFLOPS=0.416
[ PERFSTAT ]    (samples=13   mean=0.16   median=0.16   min=0.16   stddev=0.00 (2.5%))
[       OK ] Conv_1x1.conv/338 (3 ms)
[ RUN      ] Conv_1x1.conv/339, where GetParam() = (GFLOPS=0.000, K=[1 x 1], IN={1, 128, 40, 40}, OCN=1, BIAS, OCV/CPU)
IN=800 Kb [ 1 128 40 40 ]    OUT=7 Kb [ 1 1 40 40 ]    Weights(parameters): 1 Kb    MFLOPS=0.4112
[ PERFSTAT ]    (samples=100   mean=0.24   median=0.24   min=0.16   stddev=0.03 (13.8%))
[       OK ] Conv_1x1.conv/339 (26 ms)
[ RUN      ] Conv_1x1.conv/340, where GetParam() = (GFLOPS=0.000, K=[1 x 1], IN={1, 128, 20, 20}, OCN=4, BIAS, OCV/CPU)
IN=200 Kb [ 1 128 20 20 ]    OUT=7 Kb [ 1 4 20 20 ]    Weights(parameters): 3 Kb    MFLOPS=0.4112
[ PERFSTAT ]    (samples=100   mean=0.08   median=0.08   min=0.06   stddev=0.01 (15.9%))
[       OK ] Conv_1x1.conv/340 (9 ms)
[ RUN      ] Conv_1x1.conv/341, where GetParam() = (GFLOPS=0.000, K=[1 x 1], IN={1, 64, 12, 12}, OCN=16, PM=SAME, BIAS, OCV/CPU)
IN=36 Kb [ 1 64 12 12 ]    OUT=9 Kb [ 1 16 12 12 ]    Weights(parameters): 5 Kb    MFLOPS=0.297216
[ PERFSTAT ]    (samples=100   mean=0.04   median=0.04   min=0.03   stddev=0.00 (5.4%))
[       OK ] Conv_1x1.conv/341 (4 ms)
[ RUN      ] Conv_1x1.conv/342, where GetParam() = (GFLOPS=0.000, K=[1 x 1], IN={1, 128, 6, 6}, OCN=32, PM=SAME, BIAS, OCV/CPU)
IN=18 Kb [ 1 128 6 6 ]    OUT=5 Kb [ 1 32 6 6 ]    Weights(parameters): 17 Kb    MFLOPS=0.296064
[ PERFSTAT ]    (samples=10   mean=0.04   median=0.04   min=0.04   stddev=0.00 (2.0%))
[       OK ] Conv_1x1.conv/342 (0 ms)
[ RUN      ] Conv_1x1.conv/343, where GetParam() = (GFLOPS=0.000, K=[1 x 1], IN={1, 128, 24, 24}, OCN=2, BIAS, OCV/CPU)
IN=288 Kb [ 1 128 24 24 ]    OUT=5 Kb [ 1 2 24 24 ]    Weights(parameters): 2 Kb    MFLOPS=0.296064
[ PERFSTAT ]    (samples=100   mean=0.10   median=0.09   min=0.07   stddev=0.01 (13.8%))
[       OK ] Conv_1x1.conv/343 (10 ms)
[ RUN      ] Conv_1x1.conv/344, where GetParam() = (GFLOPS=0.000, K=[1 x 1], IN={1, 64, 40, 40}, OCN=1, BIAS, OCV/CPU)
IN=400 Kb [ 1 64 40 40 ]    OUT=7 Kb [ 1 1 40 40 ]    Weights(parameters): 1 Kb    MFLOPS=0.2064
[ PERFSTAT ]    (samples=100   mean=0.11   median=0.11   min=0.09   stddev=0.02 (14.8%))
[       OK ] Conv_1x1.conv/344 (12 ms)
[ RUN      ] Conv_1x1.conv/345, where GetParam() = (GFLOPS=0.000, K=[1 x 1], IN={1, 64, 4, 4}, OCN=64, PM=VALID, BIAS, OCV/CPU)
IN=4 Kb [ 1 64 4 4 ]    OUT=4 Kb [ 1 64 4 4 ]    Weights(parameters): 17 Kb    MFLOPS=0.132096
[ PERFSTAT ]    (samples=100   mean=0.04   median=0.04   min=0.03   stddev=0.00 (5.7%))
[       OK ] Conv_1x1.conv/345 (4 ms)
[ RUN      ] Conv_1x1.conv/346, where GetParam() = (GFLOPS=0.000, K=[1 x 1], IN={1, 192, 5, 5}, OCN=32, BIAS, OCV/CPU)
IN=19 Kb [ 1 192 5 5 ]    OUT=4 Kb [ 1 32 5 5 ]    Weights(parameters): 25 Kb    MFLOPS=0.308
[ PERFSTAT ]    (samples=20   mean=0.04   median=0.04   min=0.04   stddev=0.00 (2.9%))
[       OK ] Conv_1x1.conv/346 (1 ms)
[ RUN      ] Conv_1x1.conv/347, where GetParam() = (GFLOPS=0.000, K=[1 x 1], IN={1, 128, 2, 2}, OCN=256, PM=SAME, OCV/CPU)
IN=2 Kb [ 1 128 2 2 ]    OUT=4 Kb [ 1 256 2 2 ]    Weights(parameters): 128 Kb    MFLOPS=0.263168
[ PERFSTAT ]    (samples=10   mean=0.04   median=0.04   min=0.04   stddev=0.00 (2.1%))
[       OK ] Conv_1x1.conv/347 (1 ms)
[ RUN      ] Conv_1x1.conv/348, where GetParam() = (GFLOPS=0.000, K=[1 x 1], IN={1, 256, 2, 2}, OCN=126, BIAS, OCV/CPU)
IN=4 Kb [ 1 256 2 2 ]    OUT=2 Kb [ 1 126 2 2 ]    Weights(parameters): 127 Kb    MFLOPS=0.258552
[ PERFSTAT ]    (samples=13   mean=0.04   median=0.04   min=0.04   stddev=0.00 (2.8%))
[       OK ] Conv_1x1.conv/348 (1 ms)
[ RUN      ] Conv_1x1.conv/349, where GetParam() = (GFLOPS=0.000, K=[1 x 1], IN={1, 64, 20, 20}, OCN=4, BIAS, OCV/CPU)
IN=100 Kb [ 1 64 20 20 ]    OUT=7 Kb [ 1 4 20 20 ]    Weights(parameters): 2 Kb    MFLOPS=0.2064
[ PERFSTAT ]    (samples=100   mean=0.06   median=0.06   min=0.05   stddev=0.01 (11.1%))
[       OK ] Conv_1x1.conv/349 (6 ms)
[ RUN      ] Conv_1x1.conv/350, where GetParam() = (GFLOPS=0.000, K=[1 x 1], IN={1, 1024, 1, 1}, OCN=96, BIAS, OCV/CPU)
IN=4 Kb [ 1 1024 1 1 ]    OUT=1 Kb [ 1 96 1 1 ]    Weights(parameters): 385 Kb    MFLOPS=0.196704
[ PERFSTAT ]    (samples=100   mean=0.07   median=0.07   min=0.06   stddev=0.00 (5.9%))
[       OK ] Conv_1x1.conv/350 (8 ms)
[ RUN      ] Conv_1x1.conv/351, where GetParam() = (GFLOPS=0.000, K=[1 x 1], IN={1, 128, 3, 3}, OCN=64, BIAS, OCV/CPU)
IN=5 Kb [ 1 128 3 3 ]    OUT=3 Kb [ 1 64 3 3 ]    Weights(parameters): 33 Kb    MFLOPS=0.148032
[ PERFSTAT ]    (samples=44   mean=0.04   median=0.04   min=0.03   stddev=0.00 (3.0%))
[       OK ] Conv_1x1.conv/351 (2 ms)
[ RUN      ] Conv_1x1.conv/352, where GetParam() = (GFLOPS=0.000, K=[1 x 1], IN={1, 128, 6, 6}, OCN=16, PM=SAME, BIAS, OCV/CPU)
IN=18 Kb [ 1 128 6 6 ]    OUT=3 Kb [ 1 16 6 6 ]    Weights(parameters): 9 Kb    MFLOPS=0.148032
[ PERFSTAT ]    (samples=100   mean=0.04   median=0.03   min=0.03   stddev=0.00 (3.8%))
[       OK ] Conv_1x1.conv/352 (4 ms)
[ RUN      ] Conv_1x1.conv/353, where GetParam() = (GFLOPS=0.000, K=[1 x 1], IN={1, 736, 1, 1}, OCN=96, BIAS, OCV/CPU)
IN=3 Kb [ 1 736 1 1 ]    OUT=1 Kb [ 1 96 1 1 ]    Weights(parameters): 277 Kb    MFLOPS=0.141408
[ PERFSTAT ]    (samples=100   mean=0.08   median=0.08   min=0.07   stddev=0.00 (3.6%))
[       OK ] Conv_1x1.conv/353 (9 ms)
[ RUN      ] Conv_1x1.conv/354, where GetParam() = (GFLOPS=0.000, K=[1 x 1], IN={1, 128, 1, 1}, OCN=546, PM=SAME, BIAS, OCV/CPU)
IN=1 Kb [ 1 128 1 1 ]    OUT=3 Kb [ 1 546 1 1 ]    Weights(parameters): 276 Kb    MFLOPS=0.140322
[ PERFSTAT ]    (samples=100   mean=0.04   median=0.04   min=0.04   stddev=0.00 (2.9%))
[       OK ] Conv_1x1.conv/354 (4 ms)
[ RUN      ] Conv_1x1.conv/355, where GetParam() = (GFLOPS=0.000, K=[1 x 1], IN={1, 256, 2, 2}, OCN=64, PM=SAME, OCV/CPU)
IN=4 Kb [ 1 256 2 2 ]    OUT=1 Kb [ 1 64 2 2 ]    Weights(parameters): 64 Kb    MFLOPS=0.131328
[ PERFSTAT ]    (samples=13   mean=0.04   median=0.04   min=0.03   stddev=0.00 (2.6%))
[       OK ] Conv_1x1.conv/355 (1 ms)
[ RUN      ] Conv_1x1.conv/356, where GetParam() = (GFLOPS=0.000, K=[1 x 1], IN={1, 48, 1, 1}, OCN=1152, PM=SAME, BIAS, OCV/CPU)
IN=1 Kb [ 1 48 1 1 ]    OUT=5 Kb [ 1 1152 1 1 ]    Weights(parameters): 221 Kb    MFLOPS=0.111744
[ PERFSTAT ]    (samples=25   mean=0.04   median=0.04   min=0.04   stddev=0.00 (3.0%))
[       OK ] Conv_1x1.conv/356 (2 ms)
[ RUN      ] Conv_1x1.conv/357, where GetParam() = (GFLOPS=0.000, K=[1 x 1], IN={1, 1152, 1, 1}, OCN=48, PM=SAME, BIAS, OCV/CPU)
IN=5 Kb [ 1 1152 1 1 ]    OUT=1 Kb [ 1 48 1 1 ]    Weights(parameters): 217 Kb    MFLOPS=0.11064
[ PERFSTAT ]    (samples=14   mean=0.08   median=0.08   min=0.08   stddev=0.00 (3.0%))
[       OK ] Conv_1x1.conv/357 (1 ms)
[ RUN      ] Conv_1x1.conv/358, where GetParam() = (GFLOPS=0.000, K=[1 x 1], IN={1, 128, 20, 20}, OCN=1, BIAS, OCV/CPU)
IN=200 Kb [ 1 128 20 20 ]    OUT=2 Kb [ 1 1 20 20 ]    Weights(parameters): 1 Kb    MFLOPS=0.1028
[ PERFSTAT ]    (samples=100   mean=0.08   median=0.08   min=0.06   stddev=0.01 (13.4%))
[       OK ] Conv_1x1.conv/358 (9 ms)
[ RUN      ] Conv_1x1.conv/359, where GetParam() = (GFLOPS=0.000, K=[1 x 1], IN={1, 64, 4, 4}, OCN=36, PM=VALID, BIAS, OCV/CPU)
IN=4 Kb [ 1 64 4 4 ]    OUT=3 Kb [ 1 36 4 4 ]    Weights(parameters): 10 Kb    MFLOPS=0.074304
[ PERFSTAT ]    (samples=100   mean=0.03   median=0.03   min=0.03   stddev=0.00 (4.0%))
[       OK ] Conv_1x1.conv/359 (4 ms)
[ RUN      ] Conv_1x1.conv/360, where GetParam() = (GFLOPS=0.000, K=[1 x 1], IN={1, 64, 20, 20}, OCN=1, BIAS, OCV/CPU)
IN=100 Kb [ 1 64 20 20 ]    OUT=2 Kb [ 1 1 20 20 ]    Weights(parameters): 1 Kb    MFLOPS=0.0516
[ PERFSTAT ]    (samples=100   mean=0.05   median=0.05   min=0.04   stddev=0.01 (10.3%))
[       OK ] Conv_1x1.conv/360 (5 ms)
[ RUN      ] Conv_1x1.conv/361, where GetParam() = (GFLOPS=0.000, K=[1 x 1], IN={1, 256, 2, 2}, OCN=24, BIAS, OCV/CPU)
IN=4 Kb [ 1 256 2 2 ]    OUT=1 Kb [ 1 24 2 2 ]    Weights(parameters): 25 Kb    MFLOPS=0.049248
[ PERFSTAT ]    (samples=25   mean=0.03   median=0.03   min=0.03   stddev=0.00 (2.9%))
[       OK ] Conv_1x1.conv/361 (1 ms)
[ RUN      ] Conv_1x1.conv/362, where GetParam() = (GFLOPS=0.000, K=[1 x 1], IN={1, 28, 1, 1}, OCN=672, PM=SAME, BIAS, OCV/CPU)
IN=1 Kb [ 1 28 1 1 ]    OUT=3 Kb [ 1 672 1 1 ]    Weights(parameters): 77 Kb    MFLOPS=0.038304
[ PERFSTAT ]    (samples=13   mean=0.04   median=0.04   min=0.04   stddev=0.00 (2.4%))
[       OK ] Conv_1x1.conv/362 (1 ms)
[ RUN      ] Conv_1x1.conv/363, where GetParam() = (GFLOPS=0.000, K=[1 x 1], IN={1, 672, 1, 1}, OCN=28, PM=SAME, BIAS, OCV/CPU)
IN=3 Kb [ 1 672 1 1 ]    OUT=1 Kb [ 1 28 1 1 ]    Weights(parameters): 74 Kb    MFLOPS=0.03766
[ PERFSTAT ]    (samples=100   mean=0.04   median=0.04   min=0.04   stddev=0.00 (3.2%))
[       OK ] Conv_1x1.conv/363 (4 ms)
[ RUN      ] Conv_1x1.conv/364, where GetParam() = (GFLOPS=0.000, K=[1 x 1], IN={1, 128, 1, 1}, OCN=126, BIAS, OCV/CPU)
IN=1 Kb [ 1 128 1 1 ]    OUT=1 Kb [ 1 126 1 1 ]    Weights(parameters): 64 Kb    MFLOPS=0.032382
[ PERFSTAT ]    (samples=25   mean=0.04   median=0.04   min=0.04   stddev=0.00 (3.0%))
[       OK ] Conv_1x1.conv/364 (1 ms)
[ RUN      ] Conv_1x1.conv/365, where GetParam() = (GFLOPS=0.000, K=[1 x 1], IN={1, 20, 1, 1}, OCN=480, PM=SAME, BIAS, OCV/CPU)
IN=1 Kb [ 1 20 1 1 ]    OUT=2 Kb [ 1 480 1 1 ]    Weights(parameters): 40 Kb    MFLOPS=0.01968
[ PERFSTAT ]    (samples=100   mean=0.03   median=0.03   min=0.03   stddev=0.00 (3.3%))
[       OK ] Conv_1x1.conv/365 (4 ms)
[ RUN      ] Conv_1x1.conv/366, where GetParam() = (GFLOPS=0.000, K=[1 x 1], IN={1, 480, 1, 1}, OCN=20, PM=SAME, BIAS, OCV/CPU)
IN=2 Kb [ 1 480 1 1 ]    OUT=1 Kb [ 1 20 1 1 ]    Weights(parameters): 38 Kb    MFLOPS=0.01922
[ PERFSTAT ]    (samples=100   mean=0.04   median=0.04   min=0.03   stddev=0.00 (3.8%))
[       OK ] Conv_1x1.conv/366 (4 ms)
[ RUN      ] Conv_1x1.conv/367, where GetParam() = (GFLOPS=0.000, K=[1 x 1], IN={1, 64, 1, 1}, OCN=128, PM=SAME, OCV/CPU)
IN=1 Kb [ 1 64 1 1 ]    OUT=1 Kb [ 1 128 1 1 ]    Weights(parameters): 32 Kb    MFLOPS=0.016512
[ PERFSTAT ]    (samples=100   mean=0.04   median=0.04   min=0.03   stddev=0.00 (3.7%))
[       OK ] Conv_1x1.conv/367 (4 ms)
[ RUN      ] Conv_1x1.conv/368, where GetParam() = (GFLOPS=0.000, K=[1 x 1], IN={1, 128, 1, 1}, OCN=24, BIAS, OCV/CPU)
IN=1 Kb [ 1 128 1 1 ]    OUT=1 Kb [ 1 24 1 1 ]    Weights(parameters): 13 Kb    MFLOPS=0.006168
[ PERFSTAT ]    (samples=13   mean=0.03   median=0.03   min=0.03   stddev=0.00 (2.9%))
[       OK ] Conv_1x1.conv/368 (1 ms)
[ RUN      ] Conv_1x1.conv/369, where GetParam() = (GFLOPS=0.000, K=[1 x 1], IN={1, 10, 1, 1}, OCN=240, PM=SAME, BIAS, OCV/CPU)
IN=1 Kb [ 1 10 1 1 ]    OUT=1 Kb [ 1 240 1 1 ]    Weights(parameters): 11 Kb    MFLOPS=0.00504
[ PERFSTAT ]    (samples=25   mean=0.03   median=0.03   min=0.03   stddev=0.00 (2.9%))
[       OK ] Conv_1x1.conv/369 (1 ms)
[ RUN      ] Conv_1x1.conv/370, where GetParam() = (GFLOPS=0.000, K=[1 x 1], IN={1, 240, 1, 1}, OCN=10, PM=SAME, BIAS, OCV/CPU)
IN=1 Kb [ 1 240 1 1 ]    OUT=1 Kb [ 1 10 1 1 ]    Weights(parameters): 10 Kb    MFLOPS=0.00481
[ PERFSTAT ]    (samples=13   mean=0.03   median=0.03   min=0.03   stddev=0.00 (2.8%))
[       OK ] Conv_1x1.conv/370 (0 ms)
[ RUN      ] Conv_1x1.conv/371, where GetParam() = (GFLOPS=0.000, K=[1 x 1], IN={1, 24, 1, 1}, OCN=96, BIAS, OCV/CPU)
IN=1 Kb [ 1 24 1 1 ]    OUT=1 Kb [ 1 96 1 1 ]    Weights(parameters): 10 Kb    MFLOPS=0.004704
[ PERFSTAT ]    (samples=100   mean=0.03   median=0.03   min=0.03   stddev=0.00 (4.7%))
[       OK ] Conv_1x1.conv/371 (4 ms)
[ RUN      ] Conv_1x1.conv/372, where GetParam() = (GFLOPS=0.000, K=[1 x 1], IN={1, 96, 1, 1}, OCN=24, BIAS, OCV/CPU)
IN=1 Kb [ 1 96 1 1 ]    OUT=1 Kb [ 1 24 1 1 ]    Weights(parameters): 10 Kb    MFLOPS=0.004632
[ PERFSTAT ]    (samples=100   mean=0.03   median=0.03   min=0.03   stddev=0.00 (4.1%))
[       OK ] Conv_1x1.conv/372 (3 ms)
[ RUN      ] Conv_1x1.conv/373, where GetParam() = (GFLOPS=0.000, K=[1 x 1], IN={1, 4, 16, 16}, OCN=2, BIAS, OCV/CPU)
IN=4 Kb [ 1 4 16 16 ]    OUT=2 Kb [ 1 2 16 16 ]    Weights(parameters): 1 Kb    MFLOPS=0.004608
[ PERFSTAT ]    (samples=100   mean=0.03   median=0.03   min=0.02   stddev=0.00 (3.9%))
[       OK ] Conv_1x1.conv/373 (3 ms)
[ RUN      ] Conv_1x1.conv/374, where GetParam() = (GFLOPS=0.000, K=[1 x 1], IN={1, 4, 16, 16}, OCN=1, BIAS, OCV/CPU)
IN=4 Kb [ 1 4 16 16 ]    OUT=1 Kb [ 1 1 16 16 ]    Weights(parameters): 1 Kb    MFLOPS=0.002304
[ PERFSTAT ]    (samples=100   mean=0.03   median=0.03   min=0.02   stddev=0.00 (3.2%))
[       OK ] Conv_1x1.conv/374 (3 ms)
[ RUN      ] Conv_1x1.conv/375, where GetParam() = (GFLOPS=0.000, K=[1 x 1], IN={1, 6, 1, 1}, OCN=144, PM=SAME, BIAS, OCV/CPU)
IN=1 Kb [ 1 6 1 1 ]    OUT=1 Kb [ 1 144 1 1 ]    Weights(parameters): 4 Kb    MFLOPS=0.001872
[ PERFSTAT ]    (samples=100   mean=0.03   median=0.03   min=0.03   stddev=0.00 (4.6%))
[       OK ] Conv_1x1.conv/375 (3 ms)
[ RUN      ] Conv_1x1.conv/376, where GetParam() = (GFLOPS=0.000, K=[1 x 1], IN={1, 144, 1, 1}, OCN=6, PM=SAME, BIAS, OCV/CPU)
IN=1 Kb [ 1 144 1 1 ]    OUT=1 Kb [ 1 6 1 1 ]    Weights(parameters): 4 Kb    MFLOPS=0.001734
[ PERFSTAT ]    (samples=100   mean=0.03   median=0.03   min=0.03   stddev=0.00 (4.3%))
[       OK ] Conv_1x1.conv/376 (4 ms)
[ RUN      ] Conv_1x1.conv/377, where GetParam() = (GFLOPS=0.000, K=[1 x 1], IN={1, 4, 1, 1}, OCN=96, PM=SAME, BIAS, OCV/CPU)
IN=1 Kb [ 1 4 1 1 ]    OUT=1 Kb [ 1 96 1 1 ]    Weights(parameters): 2 Kb    MFLOPS=0.000864
[ PERFSTAT ]    (samples=100   mean=0.03   median=0.03   min=0.03   stddev=0.00 (3.6%))
[       OK ] Conv_1x1.conv/377 (3 ms)
[ RUN      ] Conv_1x1.conv/378, where GetParam() = (GFLOPS=0.000, K=[1 x 1], IN={1, 96, 1, 1}, OCN=4, PM=SAME, BIAS, OCV/CPU)
IN=1 Kb [ 1 96 1 1 ]    OUT=1 Kb [ 1 4 1 1 ]    Weights(parameters): 2 Kb    MFLOPS=0.000772
[ PERFSTAT ]    (samples=12   mean=0.03   median=0.03   min=0.03   stddev=0.00 (3.0%))
[       OK ] Conv_1x1.conv/378 (0 ms)
[ RUN      ] Conv_1x1.conv/379, where GetParam() = (GFLOPS=0.000, K=[1 x 1], IN={1, 8, 1, 1}, OCN=32, PM=SAME, BIAS, OCV/CPU)
IN=1 Kb [ 1 8 1 1 ]    OUT=1 Kb [ 1 32 1 1 ]    Weights(parameters): 2 Kb    MFLOPS=0.000544
[ PERFSTAT ]    (samples=100   mean=0.03   median=0.03   min=0.03   stddev=0.00 (3.9%))
[       OK ] Conv_1x1.conv/379 (3 ms)
[ RUN      ] Conv_1x1.conv/380, where GetParam() = (GFLOPS=0.000, K=[1 x 1], IN={1, 32, 1, 1}, OCN=8, PM=SAME, BIAS, OCV/CPU)
IN=1 Kb [ 1 32 1 1 ]    OUT=1 Kb [ 1 8 1 1 ]    Weights(parameters): 2 Kb    MFLOPS=0.00052
[ PERFSTAT ]    (samples=100   mean=0.03   median=0.03   min=0.03   stddev=0.00 (4.0%))
[       OK ] Conv_1x1.conv/380 (4 ms)
[ RUN      ] Conv_1x1.conv/381, where GetParam() = (GFLOPS=0.000, K=[1 x 1], IN={1, 6, 1, 1}, OCN=24, BIAS, OCV/CPU)
IN=1 Kb [ 1 6 1 1 ]    OUT=1 Kb [ 1 24 1 1 ]    Weights(parameters): 1 Kb    MFLOPS=0.000312
[ PERFSTAT ]    (samples=13   mean=0.03   median=0.03   min=0.03   stddev=0.00 (2.9%))
[       OK ] Conv_1x1.conv/381 (0 ms)
[ RUN      ] Conv_1x1.conv/382, where GetParam() = (GFLOPS=0.000, K=[1 x 1], IN={1, 24, 1, 1}, OCN=6, BIAS, OCV/CPU)
IN=1 Kb [ 1 24 1 1 ]    OUT=1 Kb [ 1 6 1 1 ]    Weights(parameters): 1 Kb    MFLOPS=0.000294
[ PERFSTAT ]    (samples=100   mean=0.03   median=0.03   min=0.03   stddev=0.00 (3.8%))
[       OK ] Conv_1x1.conv/382 (3 ms)
[----------] 383 tests from Conv_1x1 (10891 ms total)

[----------] 294 tests from Conv_3x3S1D1
[ RUN      ] Conv_3x3S1D1.conv/0, where GetParam() = (GFLOPS=1.596, K=[3 x 3], IN={1, 128, 52, 52}, OCN=256, P=[1 x 1], OCV/CPU, true)
IN=1352 Kb [ 1 128 52 52 ]    OUT=2704 Kb [ 1 256 52 52 ]    Weights(parameters): 1152 Kb    MFLOPS=1595.58
[ PERFSTAT ]    (samples=100   mean=3.74   median=3.74   min=3.14   stddev=0.41 (11.0%))
[       OK ] Conv_3x3S1D1.conv/0 (394 ms)
[ RUN      ] Conv_3x3S1D1.conv/1, where GetParam() = (GFLOPS=1.596, K=[3 x 3], IN={1, 128, 52, 52}, OCN=256, P=[1 x 1], OCV/CPU, false)
IN=1352 Kb [ 1 128 52 52 ]    OUT=2704 Kb [ 1 256 52 52 ]    Weights(parameters): 1152 Kb    MFLOPS=1595.58
[ PERFSTAT ]    (samples=10   mean=18.48   median=18.41   min=18.22   stddev=0.25 (1.3%))
[       OK ] Conv_3x3S1D1.conv/1 (207 ms)
[ RUN      ] Conv_3x3S1D1.conv/2, where GetParam() = (GFLOPS=1.595, K=[3 x 3], IN={1, 512, 13, 13}, OCN=1024, P=[1 x 1], OCV/CPU, true)
IN=338 Kb [ 1 512 13 13 ]    OUT=676 Kb [ 1 1024 13 13 ]    Weights(parameters): 18432 Kb    MFLOPS=1595.06
[ PERFSTAT ]    (samples=100   mean=7.70   median=7.55   min=4.34   stddev=1.77 (22.9%))
[       OK ] Conv_3x3S1D1.conv/2 (872 ms)
[ RUN      ] Conv_3x3S1D1.conv/3, where GetParam() = (GFLOPS=1.595, K=[3 x 3], IN={1, 512, 13, 13}, OCN=1024, P=[1 x 1], OCV/CPU, false)
IN=338 Kb [ 1 512 13 13 ]    OUT=676 Kb [ 1 1024 13 13 ]    Weights(parameters): 18432 Kb    MFLOPS=1595.06
[ PERFSTAT ]    (samples=100   mean=4.93   median=4.75   min=4.37   stddev=0.40 (8.1%))
[       OK ] Conv_3x3S1D1.conv/3 (521 ms)
[ RUN      ] Conv_3x3S1D1.conv/4, where GetParam() = (GFLOPS=6.814, K=[3 x 3], IN={1, 512, 38, 38}, OCN=512, P=[1 x 1], BIAS, OCV/CPU, true)
IN=2888 Kb [ 1 512 38 38 ]    OUT=2888 Kb [ 1 512 38 38 ]    Weights(parameters): 9218 Kb    MFLOPS=6814.39
[ PERFSTAT ]    (samples=100   mean=12.27   median=12.00   min=10.92   stddev=0.91 (7.4%))
[       OK ] Conv_3x3S1D1.conv/4 (1309 ms)
[ RUN      ] Conv_3x3S1D1.conv/5, where GetParam() = (GFLOPS=6.814, K=[3 x 3], IN={1, 512, 38, 38}, OCN=512, P=[1 x 1], BIAS, OCV/CPU, false)
IN=2888 Kb [ 1 512 38 38 ]    OUT=2888 Kb [ 1 512 38 38 ]    Weights(parameters): 9218 Kb    MFLOPS=6814.39
[ PERFSTAT ]    (samples=100   mean=22.21   median=21.79   min=18.81   stddev=2.05 (9.2%))
[       OK ] Conv_3x3S1D1.conv/5 (2322 ms)
[ RUN      ] Conv_3x3S1D1.conv/6, where GetParam() = (GFLOPS=6.637, K=[3 x 3], IN={1, 256, 75, 75}, OCN=256, P=[1 x 1], BIAS, OCV/CPU, true)
IN=5625 Kb [ 1 256 75 75 ]    OUT=5625 Kb [ 1 256 75 75 ]    Weights(parameters): 2305 Kb    MFLOPS=6636.96
[ PERFSTAT ]    (samples=100   mean=10.04   median=9.83   min=8.77   stddev=0.86 (8.6%))
[       OK ] Conv_3x3S1D1.conv/6 (1091 ms)
[ RUN      ] Conv_3x3S1D1.conv/7, where GetParam() = (GFLOPS=6.637, K=[3 x 3], IN={1, 256, 75, 75}, OCN=256, P=[1 x 1], BIAS, OCV/CPU, false)
IN=5625 Kb [ 1 256 75 75 ]    OUT=5625 Kb [ 1 256 75 75 ]    Weights(parameters): 2305 Kb    MFLOPS=6636.96
[ PERFSTAT ]    (samples=100   mean=4.18   median=4.24   min=3.08   stddev=0.59 (14.0%))
[       OK ] Conv_3x3S1D1.conv/7 (456 ms)
[ RUN      ] Conv_3x3S1D1.conv/8, where GetParam() = (GFLOPS=10.701, K=[3 x 3], IN={1, 512, 38, 38}, OCN=804, P=[1 x 1], BIAS, OCV/CPU, true)
IN=2888 Kb [ 1 512 38 38 ]    OUT=4536 Kb [ 1 804 38 38 ]    Weights(parameters): 14476 Kb    MFLOPS=10700.7
[ PERFSTAT ]    (samples=100   mean=15.41   median=15.68   min=9.69   stddev=3.33 (21.6%))
[       OK ] Conv_3x3S1D1.conv/8 (1652 ms)
[ RUN      ] Conv_3x3S1D1.conv/9, where GetParam() = (GFLOPS=10.701, K=[3 x 3], IN={1, 512, 38, 38}, OCN=804, P=[1 x 1], BIAS, OCV/CPU, false)
IN=2888 Kb [ 1 512 38 38 ]    OUT=4536 Kb [ 1 804 38 38 ]    Weights(parameters): 14476 Kb    MFLOPS=10700.7
[ PERFSTAT ]    (samples=100   mean=22.26   median=21.70   min=16.57   stddev=2.54 (11.4%))
[       OK ] Conv_3x3S1D1.conv/9 (2326 ms)
[ RUN      ] Conv_3x3S1D1.conv/10, where GetParam() = (GFLOPS=10.087, K=[3 x 3], IN={1, 576, 38, 50}, OCN=512, PM=SAME, BIAS, OCV/CPU, true)
IN=4275 Kb [ 1 576 38 50 ]    OUT=3800 Kb [ 1 512 38 50 ]    Weights(parameters): 10370 Kb    MFLOPS=10087
[ PERFSTAT ]    (samples=100   mean=20.72   median=19.99   min=16.58   stddev=2.73 (13.2%))
[       OK ] Conv_3x3S1D1.conv/10 (2214 ms)
[ RUN      ] Conv_3x3S1D1.conv/11, where GetParam() = (GFLOPS=10.087, K=[3 x 3], IN={1, 576, 38, 50}, OCN=512, PM=SAME, BIAS, OCV/CPU, false)
IN=4275 Kb [ 1 576 38 50 ]    OUT=3800 Kb [ 1 512 38 50 ]    Weights(parameters): 10370 Kb    MFLOPS=10087
[ PERFSTAT ]    (samples=100   mean=31.03   median=30.17   min=21.79   stddev=5.22 (16.8%))
[       OK ] Conv_3x3S1D1.conv/11 (3326 ms)
[ RUN      ] Conv_3x3S1D1.conv/12, where GetParam() = (GFLOPS=9.993, K=[3 x 3], IN={1, 64, 368, 368}, OCN=64, P=[1 x 1], BIAS, OCV/CPU, true)
IN=33856 Kb [ 1 64 368 368 ]    OUT=33856 Kb [ 1 64 368 368 ]    Weights(parameters): 145 Kb    MFLOPS=9993.21
[ PERFSTAT ]    (samples=100   mean=34.64   median=32.50   min=24.20   stddev=8.99 (26.0%))
[       OK ] Conv_3x3S1D1.conv/12 (3976 ms)
[ RUN      ] Conv_3x3S1D1.conv/13, where GetParam() = (GFLOPS=9.993, K=[3 x 3], IN={1, 64, 368, 368}, OCN=64, P=[1 x 1], BIAS, OCV/CPU, false)
IN=33856 Kb [ 1 64 368 368 ]    OUT=33856 Kb [ 1 64 368 368 ]    Weights(parameters): 145 Kb    MFLOPS=9993.21
[ PERFSTAT ]    (samples=100   mean=6.05   median=5.67   min=4.79   stddev=1.03 (17.0%))
[       OK ] Conv_3x3S1D1.conv/13 (680 ms)
[ RUN      ] Conv_3x3S1D1.conv/14, where GetParam() = (GFLOPS=9.989, K=[3 x 3], IN={1, 128, 184, 184}, OCN=128, P=[1 x 1], BIAS, OCV/CPU, true)
IN=16928 Kb [ 1 128 184 184 ]    OUT=16928 Kb [ 1 128 184 184 ]    Weights(parameters): 577 Kb    MFLOPS=9988.87
[ PERFSTAT ]    (samples=100   mean=21.88   median=21.69   min=18.41   stddev=1.83 (8.4%))
[       OK ] Conv_3x3S1D1.conv/14 (2316 ms)
[ RUN      ] Conv_3x3S1D1.conv/15, where GetParam() = (GFLOPS=9.989, K=[3 x 3], IN={1, 128, 184, 184}, OCN=128, P=[1 x 1], BIAS, OCV/CPU, false)
IN=16928 Kb [ 1 128 184 184 ]    OUT=16928 Kb [ 1 128 184 184 ]    Weights(parameters): 577 Kb    MFLOPS=9988.87
[ PERFSTAT ]    (samples=100   mean=5.59   median=5.39   min=4.52   stddev=0.81 (14.6%))
[       OK ] Conv_3x3S1D1.conv/15 (630 ms)
[ RUN      ] Conv_3x3S1D1.conv/16, where GetParam() = (GFLOPS=4.247, K=[3 x 3], IN={1, 480, 32, 32}, OCN=480, PM=SAME, OCV/CPU, true)
IN=1920 Kb [ 1 480 32 32 ]    OUT=1920 Kb [ 1 480 32 32 ]    Weights(parameters): 8100 Kb    MFLOPS=4247.22
[ PERFSTAT ]    (samples=100   mean=9.89   median=9.81   min=8.58   stddev=0.61 (6.2%))
[       OK ] Conv_3x3S1D1.conv/16 (1044 ms)
[ RUN      ] Conv_3x3S1D1.conv/17, where GetParam() = (GFLOPS=4.247, K=[3 x 3], IN={1, 480, 32, 32}, OCN=480, PM=SAME, OCV/CPU, false)
IN=1920 Kb [ 1 480 32 32 ]    OUT=1920 Kb [ 1 480 32 32 ]    Weights(parameters): 8100 Kb    MFLOPS=4247.22
[ PERFSTAT ]    (samples=100   mean=26.99   median=26.78   min=23.13   stddev=1.74 (6.4%))
[       OK ] Conv_3x3S1D1.conv/17 (2794 ms)
[ RUN      ] Conv_3x3S1D1.conv/18, where GetParam() = (GFLOPS=8.025, K=[3 x 3], IN={1, 1024, 19, 19}, OCN=1206, P=[1 x 1], BIAS, OCV/CPU, true)
IN=1444 Kb [ 1 1024 19 19 ]    OUT=1701 Kb [ 1 1206 19 19 ]    Weights(parameters): 43421 Kb    MFLOPS=8025.1
[ PERFSTAT ]    (samples=100   mean=22.09   median=22.43   min=14.12   stddev=2.66 (12.0%))
[       OK ] Conv_3x3S1D1.conv/18 (2398 ms)
[ RUN      ] Conv_3x3S1D1.conv/19, where GetParam() = (GFLOPS=8.025, K=[3 x 3], IN={1, 1024, 19, 19}, OCN=1206, P=[1 x 1], BIAS, OCV/CPU, false)
IN=1444 Kb [ 1 1024 19 19 ]    OUT=1701 Kb [ 1 1206 19 19 ]    Weights(parameters): 43421 Kb    MFLOPS=8025.1
[ PERFSTAT ]    (samples=100   mean=12.78   median=12.58   min=11.54   stddev=0.70 (5.5%))
[       OK ] Conv_3x3S1D1.conv/19 (1343 ms)
[ RUN      ] Conv_3x3S1D1.conv/20, where GetParam() = (GFLOPS=6.641, K=[3 x 3], IN={1, 64, 300, 300}, OCN=64, P=[1 x 1], BIAS, OCV/CPU, true)
IN=22500 Kb [ 1 64 300 300 ]    OUT=22500 Kb [ 1 64 300 300 ]    Weights(parameters): 145 Kb    MFLOPS=6641.28
[ PERFSTAT ]    (samples=100   mean=30.11   median=29.77   min=21.40   stddev=4.45 (14.8%))
[       OK ] Conv_3x3S1D1.conv/20 (3193 ms)
[ RUN      ] Conv_3x3S1D1.conv/21, where GetParam() = (GFLOPS=6.641, K=[3 x 3], IN={1, 64, 300, 300}, OCN=64, P=[1 x 1], BIAS, OCV/CPU, false)
IN=22500 Kb [ 1 64 300 300 ]    OUT=22500 Kb [ 1 64 300 300 ]    Weights(parameters): 145 Kb    MFLOPS=6641.28
[ PERFSTAT ]    (samples=100   mean=3.66   median=3.61   min=3.30   stddev=0.22 (6.1%))
[       OK ] Conv_3x3S1D1.conv/21 (413 ms)
[ RUN      ] Conv_3x3S1D1.conv/22, where GetParam() = (GFLOPS=6.641, K=[3 x 3], IN={1, 64, 150, 200}, OCN=192, PM=SAME, BIAS, OCV/CPU, true)
IN=7500 Kb [ 1 64 150 200 ]    OUT=22500 Kb [ 1 192 150 200 ]    Weights(parameters): 433 Kb    MFLOPS=6641.28
[ PERFSTAT ]    (samples=100   mean=15.01   median=14.51   min=11.77   stddev=2.37 (15.8%))
[       OK ] Conv_3x3S1D1.conv/22 (1586 ms)
[ RUN      ] Conv_3x3S1D1.conv/23, where GetParam() = (GFLOPS=6.641, K=[3 x 3], IN={1, 64, 150, 200}, OCN=192, PM=SAME, BIAS, OCV/CPU, false)
IN=7500 Kb [ 1 64 150 200 ]    OUT=22500 Kb [ 1 192 150 200 ]    Weights(parameters): 433 Kb    MFLOPS=6641.28
[ PERFSTAT ]    (samples=100   mean=3.28   median=3.24   min=3.05   stddev=0.17 (5.1%))
[       OK ] Conv_3x3S1D1.conv/23 (353 ms)
[ RUN      ] Conv_3x3S1D1.conv/24, where GetParam() = (GFLOPS=6.638, K=[3 x 3], IN={1, 128, 150, 150}, OCN=128, P=[1 x 1], BIAS, OCV/CPU, true)
IN=11250 Kb [ 1 128 150 150 ]    OUT=11250 Kb [ 1 128 150 150 ]    Weights(parameters): 577 Kb    MFLOPS=6638.4
[ PERFSTAT ]    (samples=100   mean=20.67   median=21.15   min=14.79   stddev=2.55 (12.3%))
[       OK ] Conv_3x3S1D1.conv/24 (2150 ms)
[ RUN      ] Conv_3x3S1D1.conv/25, where GetParam() = (GFLOPS=6.638, K=[3 x 3], IN={1, 128, 150, 150}, OCN=128, P=[1 x 1], BIAS, OCV/CPU, false)
IN=11250 Kb [ 1 128 150 150 ]    OUT=11250 Kb [ 1 128 150 150 ]    Weights(parameters): 577 Kb    MFLOPS=6638.4
[ PERFSTAT ]    (samples=100   mean=3.82   median=3.77   min=3.33   stddev=0.23 (5.9%))
[       OK ] Conv_3x3S1D1.conv/25 (412 ms)
[ RUN      ] Conv_3x3S1D1.conv/26, where GetParam() = (GFLOPS=6.118, K=[3 x 3], IN={1, 144, 128, 128}, OCN=144, PM=SAME, OCV/CPU, true)
IN=9216 Kb [ 1 144 128 128 ]    OUT=9216 Kb [ 1 144 128 128 ]    Weights(parameters): 729 Kb    MFLOPS=6117.65
[ PERFSTAT ]    (samples=100   mean=18.13   median=18.21   min=12.48   stddev=2.85 (15.7%))
[       OK ] Conv_3x3S1D1.conv/26 (1931 ms)
[ RUN      ] Conv_3x3S1D1.conv/27, where GetParam() = (GFLOPS=6.118, K=[3 x 3], IN={1, 144, 128, 128}, OCN=144, PM=SAME, OCV/CPU, false)
IN=9216 Kb [ 1 144 128 128 ]    OUT=9216 Kb [ 1 144 128 128 ]    Weights(parameters): 729 Kb    MFLOPS=6117.65
[ PERFSTAT ]    (samples=100   mean=9.44   median=9.08   min=8.14   stddev=0.99 (10.4%))
[       OK ] Conv_3x3S1D1.conv/27 (978 ms)
[ RUN      ] Conv_3x3S1D1.conv/28, where GetParam() = (GFLOPS=6.116, K=[3 x 3], IN={1, 1152, 16, 16}, OCN=1152, PM=SAME, OCV/CPU, true)
IN=1152 Kb [ 1 1152 16 16 ]    OUT=1152 Kb [ 1 1152 16 16 ]    Weights(parameters): 46656 Kb    MFLOPS=6115.59
[ PERFSTAT ]    (samples=100   mean=20.97   median=21.43   min=11.81   stddev=3.27 (15.6%))
[       OK ] Conv_3x3S1D1.conv/28 (2296 ms)
[ RUN      ] Conv_3x3S1D1.conv/29, where GetParam() = (GFLOPS=6.116, K=[3 x 3], IN={1, 1152, 16, 16}, OCN=1152, PM=SAME, OCV/CPU, false)
IN=1152 Kb [ 1 1152 16 16 ]    OUT=1152 Kb [ 1 1152 16 16 ]    Weights(parameters): 46656 Kb    MFLOPS=6115.59
[ PERFSTAT ]    (samples=100   mean=11.19   median=10.35   min=9.09   stddev=1.86 (16.6%))
[       OK ] Conv_3x3S1D1.conv/29 (1233 ms)
[ RUN      ] Conv_3x3S1D1.conv/30, where GetParam() = (GFLOPS=4.997, K=[3 x 3], IN={1, 64, 184, 184}, OCN=128, P=[1 x 1], BIAS, OCV/CPU, true)
IN=8464 Kb [ 1 64 184 184 ]    OUT=16928 Kb [ 1 128 184 184 ]    Weights(parameters): 289 Kb    MFLOPS=4996.6
[ PERFSTAT ]    (samples=100   mean=20.81   median=20.86   min=16.19   stddev=1.26 (6.1%))
[       OK ] Conv_3x3S1D1.conv/30 (2132 ms)
[ RUN      ] Conv_3x3S1D1.conv/31, where GetParam() = (GFLOPS=4.997, K=[3 x 3], IN={1, 64, 184, 184}, OCN=128, P=[1 x 1], BIAS, OCV/CPU, false)
IN=8464 Kb [ 1 64 184 184 ]    OUT=16928 Kb [ 1 128 184 184 ]    Weights(parameters): 289 Kb    MFLOPS=4996.6
[ PERFSTAT ]    (samples=100   mean=3.07   median=2.88   min=2.53   stddev=0.48 (15.7%))
[       OK ] Conv_3x3S1D1.conv/31 (343 ms)
[ RUN      ] Conv_3x3S1D1.conv/32, where GetParam() = (GFLOPS=4.993, K=[3 x 3], IN={1, 512, 46, 46}, OCN=256, P=[1 x 1], BIAS, OCV/CPU, true)
IN=4232 Kb [ 1 512 46 46 ]    OUT=2116 Kb [ 1 256 46 46 ]    Weights(parameters): 4609 Kb    MFLOPS=4992.81
[ PERFSTAT ]    (samples=100   mean=8.43   median=8.13   min=7.42   stddev=0.81 (9.7%))
[       OK ] Conv_3x3S1D1.conv/32 (882 ms)
[ RUN      ] Conv_3x3S1D1.conv/33, where GetParam() = (GFLOPS=4.993, K=[3 x 3], IN={1, 512, 46, 46}, OCN=256, P=[1 x 1], BIAS, OCV/CPU, false)
IN=4232 Kb [ 1 512 46 46 ]    OUT=2116 Kb [ 1 256 46 46 ]    Weights(parameters): 4609 Kb    MFLOPS=4992.81
[ PERFSTAT ]    (samples=100   mean=33.75   median=33.47   min=29.04   stddev=2.66 (7.9%))
[       OK ] Conv_3x3S1D1.conv/33 (3465 ms)
[ RUN      ] Conv_3x3S1D1.conv/34, where GetParam() = (GFLOPS=3.408, K=[3 x 3], IN={1, 256, 38, 38}, OCN=512, P=[1 x 1], BIAS, OCV/CPU, true)
IN=1444 Kb [ 1 256 38 38 ]    OUT=2888 Kb [ 1 512 38 38 ]    Weights(parameters): 4610 Kb    MFLOPS=3407.56
[ PERFSTAT ]    (samples=100   mean=4.95   median=4.85   min=4.56   stddev=0.29 (5.9%))
[       OK ] Conv_3x3S1D1.conv/34 (521 ms)
[ RUN      ] Conv_3x3S1D1.conv/35, where GetParam() = (GFLOPS=3.408, K=[3 x 3], IN={1, 256, 38, 38}, OCN=512, P=[1 x 1], BIAS, OCV/CPU, false)
IN=1444 Kb [ 1 256 38 38 ]    OUT=2888 Kb [ 1 512 38 38 ]    Weights(parameters): 4610 Kb    MFLOPS=3407.56
[ PERFSTAT ]    (samples=100   mean=10.45   median=10.33   min=9.60   stddev=0.45 (4.3%))
[       OK ] Conv_3x3S1D1.conv/35 (1084 ms)
[ RUN      ] Conv_3x3S1D1.conv/36, where GetParam() = (GFLOPS=0.302, K=[3 x 3], IN={1, 64, 64, 64}, OCN=64, PM=SAME, OCV/CPU, true)
IN=1024 Kb [ 1 64 64 64 ]    OUT=1024 Kb [ 1 64 64 64 ]    Weights(parameters): 144 Kb    MFLOPS=302.252
[ PERFSTAT ]    (samples=100   mean=1.64   median=1.64   min=1.50   stddev=0.07 (4.2%))
[       OK ] Conv_3x3S1D1.conv/36 (168 ms)
[ RUN      ] Conv_3x3S1D1.conv/37, where GetParam() = (GFLOPS=0.302, K=[3 x 3], IN={1, 64, 64, 64}, OCN=64, PM=SAME, OCV/CPU, false)
IN=1024 Kb [ 1 64 64 64 ]    OUT=1024 Kb [ 1 64 64 64 ]    Weights(parameters): 144 Kb    MFLOPS=302.252
[ PERFSTAT ]    (samples=100   mean=0.52   median=0.50   min=0.40   stddev=0.07 (13.8%))
[       OK ] Conv_3x3S1D1.conv/37 (58 ms)
[ RUN      ] Conv_3x3S1D1.conv/38, where GetParam() = (GFLOPS=3.321, K=[3 x 3], IN={1, 64, 150, 150}, OCN=128, P=[1 x 1], BIAS, OCV/CPU, true)
IN=5625 Kb [ 1 64 150 150 ]    OUT=11250 Kb [ 1 128 150 150 ]    Weights(parameters): 289 Kb    MFLOPS=3320.64
[ PERFSTAT ]    (samples=100   mean=9.82   median=9.80   min=8.45   stddev=0.68 (7.0%))
[       OK ] Conv_3x3S1D1.conv/38 (1015 ms)
[ RUN      ] Conv_3x3S1D1.conv/39, where GetParam() = (GFLOPS=3.321, K=[3 x 3], IN={1, 64, 150, 150}, OCN=128, P=[1 x 1], BIAS, OCV/CPU, false)
IN=5625 Kb [ 1 64 150 150 ]    OUT=11250 Kb [ 1 128 150 150 ]    Weights(parameters): 289 Kb    MFLOPS=3320.64
[ PERFSTAT ]    (samples=100   mean=2.14   median=2.17   min=1.90   stddev=0.12 (5.5%))
[       OK ] Conv_3x3S1D1.conv/39 (228 ms)
[ RUN      ] Conv_3x3S1D1.conv/40, where GetParam() = (GFLOPS=0.830, K=[3 x 3], IN={1, 64, 75, 100}, OCN=96, PM=SAME, BIAS, OCV/CPU, true)
IN=1875 Kb [ 1 64 75 100 ]    OUT=2813 Kb [ 1 96 75 100 ]    Weights(parameters): 217 Kb    MFLOPS=830.16
[ PERFSTAT ]    (samples=100   mean=3.41   median=3.38   min=2.65   stddev=0.40 (11.7%))
[       OK ] Conv_3x3S1D1.conv/40 (358 ms)
[ RUN      ] Conv_3x3S1D1.conv/41, where GetParam() = (GFLOPS=0.830, K=[3 x 3], IN={1, 64, 75, 100}, OCN=96, PM=SAME, BIAS, OCV/CPU, false)
IN=1875 Kb [ 1 64 75 100 ]    OUT=2813 Kb [ 1 96 75 100 ]    Weights(parameters): 217 Kb    MFLOPS=830.16
[ PERFSTAT ]    (samples=100   mean=0.83   median=0.83   min=0.61   stddev=0.13 (15.6%))
[       OK ] Conv_3x3S1D1.conv/41 (90 ms)
[ RUN      ] Conv_3x3S1D1.conv/42, where GetParam() = (GFLOPS=3.319, K=[3 x 3], IN={1, 128, 75, 75}, OCN=256, P=[1 x 1], BIAS, OCV/CPU, true)
IN=2813 Kb [ 1 128 75 75 ]    OUT=5625 Kb [ 1 256 75 75 ]    Weights(parameters): 1153 Kb    MFLOPS=3319.2
[ PERFSTAT ]    (samples=10   mean=4.63   median=4.64   min=4.46   stddev=0.11 (2.4%))
[       OK ] Conv_3x3S1D1.conv/42 (60 ms)
[ RUN      ] Conv_3x3S1D1.conv/43, where GetParam() = (GFLOPS=3.319, K=[3 x 3], IN={1, 128, 75, 75}, OCN=256, P=[1 x 1], BIAS, OCV/CPU, false)
IN=2813 Kb [ 1 128 75 75 ]    OUT=5625 Kb [ 1 256 75 75 ]    Weights(parameters): 1153 Kb    MFLOPS=3319.2
[ PERFSTAT ]    (samples=100   mean=2.30   median=2.18   min=1.93   stddev=0.31 (13.3%))
[       OK ] Conv_3x3S1D1.conv/43 (245 ms)
[ RUN      ] Conv_3x3S1D1.conv/44, where GetParam() = (GFLOPS=1.598, K=[3 x 3], IN={1, 32, 208, 208}, OCN=64, P=[1 x 1], OCV/CPU, true)
IN=5408 Kb [ 1 32 208 208 ]    OUT=10816 Kb [ 1 64 208 208 ]    Weights(parameters): 72 Kb    MFLOPS=1597.65
[ PERFSTAT ]    (samples=100   mean=6.63   median=6.49   min=5.74   stddev=0.46 (7.0%))
[       OK ] Conv_3x3S1D1.conv/44 (689 ms)
[ RUN      ] Conv_3x3S1D1.conv/45, where GetParam() = (GFLOPS=1.598, K=[3 x 3], IN={1, 32, 208, 208}, OCN=64, P=[1 x 1], OCV/CPU, false)
IN=5408 Kb [ 1 32 208 208 ]    OUT=10816 Kb [ 1 64 208 208 ]    Weights(parameters): 72 Kb    MFLOPS=1597.65
[ PERFSTAT ]    (samples=100   mean=1.09   median=1.09   min=0.92   stddev=0.07 (6.8%))
[       OK ] Conv_3x3S1D1.conv/45 (118 ms)
[ RUN      ] Conv_3x3S1D1.conv/46, where GetParam() = (GFLOPS=1.596, K=[3 x 3], IN={1, 64, 104, 104}, OCN=128, P=[1 x 1], OCV/CPU, true)
IN=2704 Kb [ 1 64 104 104 ]    OUT=5408 Kb [ 1 128 104 104 ]    Weights(parameters): 288 Kb    MFLOPS=1596.27
[ PERFSTAT ]    (samples=100   mean=5.57   median=5.57   min=5.07   stddev=0.23 (4.2%))
[       OK ] Conv_3x3S1D1.conv/46 (572 ms)
[ RUN      ] Conv_3x3S1D1.conv/47, where GetParam() = (GFLOPS=1.596, K=[3 x 3], IN={1, 64, 104, 104}, OCN=128, P=[1 x 1], OCV/CPU, false)
IN=2704 Kb [ 1 64 104 104 ]    OUT=5408 Kb [ 1 128 104 104 ]    Weights(parameters): 288 Kb    MFLOPS=1596.27
[ PERFSTAT ]    (samples=100   mean=1.17   median=1.12   min=0.92   stddev=0.17 (14.3%))
[       OK ] Conv_3x3S1D1.conv/47 (132 ms)
[ RUN      ] Conv_3x3S1D1.conv/48, where GetParam() = (GFLOPS=1.405, K=[3 x 3], IN={1, 96, 184, 184}, OCN=24, P=[1 x 1], BIAS, OCV/CPU, true)
IN=12696 Kb [ 1 96 184 184 ]    OUT=3174 Kb [ 1 24 184 184 ]    Weights(parameters): 82 Kb    MFLOPS=1404.89
[ PERFSTAT ]    (samples=100   mean=11.66   median=11.45   min=8.02   stddev=2.20 (18.9%))
[       OK ] Conv_3x3S1D1.conv/48 (1249 ms)
[ RUN      ] Conv_3x3S1D1.conv/49, where GetParam() = (GFLOPS=1.405, K=[3 x 3], IN={1, 96, 184, 184}, OCN=24, P=[1 x 1], BIAS, OCV/CPU, false)
IN=12696 Kb [ 1 96 184 184 ]    OUT=3174 Kb [ 1 24 184 184 ]    Weights(parameters): 82 Kb    MFLOPS=1404.89
[ PERFSTAT ]    (samples=100   mean=1.25   median=1.20   min=1.03   stddev=0.13 (10.8%))
[       OK ] Conv_3x3S1D1.conv/49 (142 ms)
[ RUN      ] Conv_3x3S1D1.conv/50, where GetParam() = (GFLOPS=0.798, K=[3 x 3], IN={1, 64, 104, 104}, OCN=64, P=[1 x 1], OCV/CPU, true)
IN=2704 Kb [ 1 64 104 104 ]    OUT=2704 Kb [ 1 64 104 104 ]    Weights(parameters): 144 Kb    MFLOPS=798.134
[ PERFSTAT ]    (samples=100   mean=5.17   median=5.04   min=4.43   stddev=0.52 (10.0%))
[       OK ] Conv_3x3S1D1.conv/50 (539 ms)
[ RUN      ] Conv_3x3S1D1.conv/51, where GetParam() = (GFLOPS=0.798, K=[3 x 3], IN={1, 64, 104, 104}, OCN=64, P=[1 x 1], OCV/CPU, false)
IN=2704 Kb [ 1 64 104 104 ]    OUT=2704 Kb [ 1 64 104 104 ]    Weights(parameters): 144 Kb    MFLOPS=798.134
[ PERFSTAT ]    (samples=100   mean=0.81   median=0.82   min=0.67   stddev=0.08 (9.2%))
[       OK ] Conv_3x3S1D1.conv/51 (89 ms)
[ RUN      ] Conv_3x3S1D1.conv/52, where GetParam() = (GFLOPS=2.255, K=[3 x 3], IN={1, 128, 80, 100}, OCN=128, BIAS, OCV/CPU, true)
IN=4000 Kb [ 1 128 80 100 ]    OUT=3822 Kb [ 1 128 78 98 ]    Weights(parameters): 577 Kb    MFLOPS=2255.29
[ PERFSTAT ]    (samples=100   mean=7.11   median=7.13   min=5.91   stddev=0.33 (4.7%))
[       OK ] Conv_3x3S1D1.conv/52 (733 ms)
[ RUN      ] Conv_3x3S1D1.conv/53, where GetParam() = (GFLOPS=2.255, K=[3 x 3], IN={1, 128, 80, 100}, OCN=128, BIAS, OCV/CPU, false)
IN=4000 Kb [ 1 128 80 100 ]    OUT=3822 Kb [ 1 128 78 98 ]    Weights(parameters): 577 Kb    MFLOPS=2255.29
[ PERFSTAT ]    (samples=100   mean=1.69   median=1.72   min=1.20   stddev=0.23 (13.7%))
[       OK ] Conv_3x3S1D1.conv/53 (182 ms)
[ RUN      ] Conv_3x3S1D1.conv/54, where GetParam() = (GFLOPS=2.153, K=[3 x 3], IN={1, 128, 78, 98}, OCN=128, BIAS, OCV/CPU, true)
IN=3822 Kb [ 1 128 78 98 ]    OUT=3648 Kb [ 1 128 76 96 ]    Weights(parameters): 577 Kb    MFLOPS=2152.61
[ PERFSTAT ]    (samples=100   mean=6.00   median=6.01   min=5.52   stddev=0.31 (5.2%))
[       OK ] Conv_3x3S1D1.conv/54 (623 ms)
[ RUN      ] Conv_3x3S1D1.conv/55, where GetParam() = (GFLOPS=2.153, K=[3 x 3], IN={1, 128, 78, 98}, OCN=128, BIAS, OCV/CPU, false)
IN=3822 Kb [ 1 128 78 98 ]    OUT=3648 Kb [ 1 128 76 96 ]    Weights(parameters): 577 Kb    MFLOPS=2152.61
[ PERFSTAT ]    (samples=100   mean=1.57   median=1.54   min=1.26   stddev=0.15 (9.5%))
[       OK ] Conv_3x3S1D1.conv/55 (172 ms)
[ RUN      ] Conv_3x3S1D1.conv/56, where GetParam() = (GFLOPS=2.052, K=[3 x 3], IN={1, 128, 76, 96}, OCN=128, BIAS, OCV/CPU, true)
IN=3648 Kb [ 1 128 76 96 ]    OUT=3478 Kb [ 1 128 74 94 ]    Weights(parameters): 577 Kb    MFLOPS=2052.3
[ PERFSTAT ]    (samples=100   mean=5.73   median=5.79   min=5.20   stddev=0.26 (4.5%))
[       OK ] Conv_3x3S1D1.conv/56 (598 ms)
[ RUN      ] Conv_3x3S1D1.conv/57, where GetParam() = (GFLOPS=2.052, K=[3 x 3], IN={1, 128, 76, 96}, OCN=128, BIAS, OCV/CPU, false)
IN=3648 Kb [ 1 128 76 96 ]    OUT=3478 Kb [ 1 128 74 94 ]    Weights(parameters): 577 Kb    MFLOPS=2052.3
[ PERFSTAT ]    (samples=100   mean=1.62   median=1.61   min=1.29   stddev=0.17 (10.7%))
[       OK ] Conv_3x3S1D1.conv/57 (178 ms)
[ RUN      ] Conv_3x3S1D1.conv/58, where GetParam() = (GFLOPS=1.022, K=[3 x 3], IN={1, 576, 19, 19}, OCN=273, PM=SAME, BIAS, OCV/CPU, true)
IN=813 Kb [ 1 576 19 19 ]    OUT=385 Kb [ 1 273 19 19 ]    Weights(parameters): 5530 Kb    MFLOPS=1021.9
[ PERFSTAT ]    (samples=100   mean=3.91   median=3.86   min=3.48   stddev=0.24 (6.1%))
[       OK ] Conv_3x3S1D1.conv/58 (423 ms)
[ RUN      ] Conv_3x3S1D1.conv/59, where GetParam() = (GFLOPS=1.022, K=[3 x 3], IN={1, 576, 19, 19}, OCN=273, PM=SAME, BIAS, OCV/CPU, false)
IN=813 Kb [ 1 576 19 19 ]    OUT=385 Kb [ 1 273 19 19 ]    Weights(parameters): 5530 Kb    MFLOPS=1021.9
[ PERFSTAT ]    (samples=100   mean=7.48   median=7.44   min=6.35   stddev=0.37 (5.0%))
[       OK ] Conv_3x3S1D1.conv/59 (774 ms)
[ RUN      ] Conv_3x3S1D1.conv/60, where GetParam() = (GFLOPS=1.954, K=[3 x 3], IN={1, 128, 74, 94}, OCN=128, BIAS, OCV/CPU, true)
IN=3478 Kb [ 1 128 74 94 ]    OUT=3312 Kb [ 1 128 72 92 ]    Weights(parameters): 577 Kb    MFLOPS=1954.34
[ PERFSTAT ]    (samples=100   mean=4.26   median=4.18   min=3.87   stddev=0.26 (6.2%))
[       OK ] Conv_3x3S1D1.conv/60 (440 ms)
[ RUN      ] Conv_3x3S1D1.conv/61, where GetParam() = (GFLOPS=1.954, K=[3 x 3], IN={1, 128, 74, 94}, OCN=128, BIAS, OCV/CPU, false)
IN=3478 Kb [ 1 128 74 94 ]    OUT=3312 Kb [ 1 128 72 92 ]    Weights(parameters): 577 Kb    MFLOPS=1954.34
[ PERFSTAT ]    (samples=100   mean=1.67   median=1.58   min=1.17   stddev=0.31 (18.4%))
[       OK ] Conv_3x3S1D1.conv/61 (196 ms)
[ RUN      ] Conv_3x3S1D1.conv/62, where GetParam() = (GFLOPS=1.888, K=[3 x 3], IN={1, 1024, 10, 10}, OCN=1024, PM=SAME, OCV/CPU, true)
IN=400 Kb [ 1 1024 10 10 ]    OUT=400 Kb [ 1 1024 10 10 ]    Weights(parameters): 36864 Kb    MFLOPS=1887.54
[ PERFSTAT ]    (samples=100   mean=6.33   median=6.08   min=5.88   stddev=0.47 (7.4%))
[       OK ] Conv_3x3S1D1.conv/62 (686 ms)
[ RUN      ] Conv_3x3S1D1.conv/63, where GetParam() = (GFLOPS=1.888, K=[3 x 3], IN={1, 1024, 10, 10}, OCN=1024, PM=SAME, OCV/CPU, false)
IN=400 Kb [ 1 1024 10 10 ]    OUT=400 Kb [ 1 1024 10 10 ]    Weights(parameters): 36864 Kb    MFLOPS=1887.54
[ PERFSTAT ]    (samples=50   mean=6.84   median=6.83   min=6.41   stddev=0.20 (3.0%))
[       OK ] Conv_3x3S1D1.conv/63 (396 ms)
[ RUN      ] Conv_3x3S1D1.conv/64, where GetParam() = (GFLOPS=1.859, K=[3 x 3], IN={1, 128, 72, 92}, OCN=128, BIAS, OCV/CPU, true)
IN=3312 Kb [ 1 128 72 92 ]    OUT=3150 Kb [ 1 128 70 90 ]    Weights(parameters): 577 Kb    MFLOPS=1858.75
[ PERFSTAT ]    (samples=32   mean=4.96   median=4.99   min=4.71   stddev=0.15 (3.0%))
[       OK ] Conv_3x3S1D1.conv/64 (168 ms)
[ RUN      ] Conv_3x3S1D1.conv/65, where GetParam() = (GFLOPS=1.859, K=[3 x 3], IN={1, 128, 72, 92}, OCN=128, BIAS, OCV/CPU, false)
IN=3312 Kb [ 1 128 72 92 ]    OUT=3150 Kb [ 1 128 70 90 ]    Weights(parameters): 577 Kb    MFLOPS=1858.75
[ PERFSTAT ]    (samples=100   mean=1.49   median=1.48   min=1.16   stddev=0.14 (9.2%))
[       OK ] Conv_3x3S1D1.conv/65 (159 ms)
[ RUN      ] Conv_3x3S1D1.conv/66, where GetParam() = (GFLOPS=1.766, K=[3 x 3], IN={1, 128, 70, 90}, OCN=128, BIAS, OCV/CPU, true)
IN=3150 Kb [ 1 128 70 90 ]    OUT=2992 Kb [ 1 128 68 88 ]    Weights(parameters): 577 Kb    MFLOPS=1765.52
[ PERFSTAT ]    (samples=10   mean=5.09   median=5.06   min=5.00   stddev=0.06 (1.2%))
[       OK ] Conv_3x3S1D1.conv/66 (60 ms)
[ RUN      ] Conv_3x3S1D1.conv/67, where GetParam() = (GFLOPS=1.766, K=[3 x 3], IN={1, 128, 70, 90}, OCN=128, BIAS, OCV/CPU, false)
IN=3150 Kb [ 1 128 70 90 ]    OUT=2992 Kb [ 1 128 68 88 ]    Weights(parameters): 577 Kb    MFLOPS=1765.52
[ PERFSTAT ]    (samples=100   mean=1.50   median=1.51   min=1.12   stddev=0.15 (10.2%))
[       OK ] Conv_3x3S1D1.conv/67 (161 ms)
[ RUN      ] Conv_3x3S1D1.conv/68, where GetParam() = (GFLOPS=1.704, K=[3 x 3], IN={1, 256, 38, 38}, OCN=256, PM=SAME, OCV/CPU, true)
IN=1444 Kb [ 1 256 38 38 ]    OUT=1444 Kb [ 1 256 38 38 ]    Weights(parameters): 2304 Kb    MFLOPS=1703.78
[ PERFSTAT ]    (samples=14   mean=3.27   median=3.29   min=3.12   stddev=0.09 (2.9%))
[       OK ] Conv_3x3S1D1.conv/68 (58 ms)
[ RUN      ] Conv_3x3S1D1.conv/69, where GetParam() = (GFLOPS=1.704, K=[3 x 3], IN={1, 256, 38, 38}, OCN=256, PM=SAME, OCV/CPU, false)
IN=1444 Kb [ 1 256 38 38 ]    OUT=1444 Kb [ 1 256 38 38 ]    Weights(parameters): 2304 Kb    MFLOPS=1703.78
[ PERFSTAT ]    (samples=10   mean=15.65   median=15.59   min=15.31   stddev=0.25 (1.6%))
[       OK ] Conv_3x3S1D1.conv/69 (176 ms)
[ RUN      ] Conv_3x3S1D1.conv/70, where GetParam() = (GFLOPS=1.675, K=[3 x 3], IN={1, 128, 68, 88}, OCN=128, BIAS, OCV/CPU, true)
IN=2992 Kb [ 1 128 68 88 ]    OUT=2838 Kb [ 1 128 66 86 ]    Weights(parameters): 577 Kb    MFLOPS=1674.65
[ PERFSTAT ]    (samples=38   mean=6.12   median=6.13   min=5.78   stddev=0.14 (2.3%))
[       OK ] Conv_3x3S1D1.conv/70 (251 ms)
[ RUN      ] Conv_3x3S1D1.conv/71, where GetParam() = (GFLOPS=1.675, K=[3 x 3], IN={1, 128, 68, 88}, OCN=128, BIAS, OCV/CPU, false)
IN=2992 Kb [ 1 128 68 88 ]    OUT=2838 Kb [ 1 128 66 86 ]    Weights(parameters): 577 Kb    MFLOPS=1674.65
[ PERFSTAT ]    (samples=100   mean=1.50   median=1.52   min=1.17   stddev=0.16 (10.8%))
[       OK ] Conv_3x3S1D1.conv/71 (163 ms)
[ RUN      ] Conv_3x3S1D1.conv/72, where GetParam() = (GFLOPS=1.660, K=[3 x 3], IN={1, 128, 75, 75}, OCN=128, PM=SAME, OCV/CPU, true)
IN=2813 Kb [ 1 128 75 75 ]    OUT=2813 Kb [ 1 128 75 75 ]    Weights(parameters): 576 Kb    MFLOPS=1659.6
[ PERFSTAT ]    (samples=10   mean=6.92   median=6.95   min=6.53   stddev=0.19 (2.8%))
[       OK ] Conv_3x3S1D1.conv/72 (80 ms)
[ RUN      ] Conv_3x3S1D1.conv/73, where GetParam() = (GFLOPS=1.660, K=[3 x 3], IN={1, 128, 75, 75}, OCN=128, PM=SAME, OCV/CPU, false)
IN=2813 Kb [ 1 128 75 75 ]    OUT=2813 Kb [ 1 128 75 75 ]    Weights(parameters): 576 Kb    MFLOPS=1659.6
[ PERFSTAT ]    (samples=100   mean=1.52   median=1.49   min=1.05   stddev=0.18 (12.1%))
[       OK ] Conv_3x3S1D1.conv/73 (167 ms)
[ RUN      ] Conv_3x3S1D1.conv/74, where GetParam() = (GFLOPS=1.586, K=[3 x 3], IN={1, 128, 66, 86}, OCN=128, BIAS, OCV/CPU, true)
IN=2838 Kb [ 1 128 66 86 ]    OUT=2688 Kb [ 1 128 64 84 ]    Weights(parameters): 577 Kb    MFLOPS=1586.14
[ PERFSTAT ]    (samples=10   mean=6.41   median=6.38   min=6.30   stddev=0.11 (1.7%))
[       OK ] Conv_3x3S1D1.conv/74 (77 ms)
[ RUN      ] Conv_3x3S1D1.conv/75, where GetParam() = (GFLOPS=1.586, K=[3 x 3], IN={1, 128, 66, 86}, OCN=128, BIAS, OCV/CPU, false)
IN=2838 Kb [ 1 128 66 86 ]    OUT=2688 Kb [ 1 128 64 84 ]    Weights(parameters): 577 Kb    MFLOPS=1586.14
[ PERFSTAT ]    (samples=100   mean=1.45   median=1.46   min=1.09   stddev=0.18 (12.3%))
[       OK ] Conv_3x3S1D1.conv/75 (159 ms)
[ RUN      ] Conv_3x3S1D1.conv/76, where GetParam() = (GFLOPS=1.500, K=[3 x 3], IN={1, 128, 64, 84}, OCN=128, BIAS, OCV/CPU, true)
IN=2688 Kb [ 1 128 64 84 ]    OUT=2542 Kb [ 1 128 62 82 ]    Weights(parameters): 577 Kb    MFLOPS=1499.98
[ PERFSTAT ]    (samples=10   mean=5.95   median=5.94   min=5.90   stddev=0.05 (0.8%))
[       OK ] Conv_3x3S1D1.conv/76 (70 ms)
[ RUN      ] Conv_3x3S1D1.conv/77, where GetParam() = (GFLOPS=1.500, K=[3 x 3], IN={1, 128, 64, 84}, OCN=128, BIAS, OCV/CPU, false)
IN=2688 Kb [ 1 128 64 84 ]    OUT=2542 Kb [ 1 128 62 82 ]    Weights(parameters): 577 Kb    MFLOPS=1499.98
[ PERFSTAT ]    (samples=100   mean=1.42   median=1.39   min=1.18   stddev=0.15 (10.9%))
[       OK ] Conv_3x3S1D1.conv/77 (161 ms)
[ RUN      ] Conv_3x3S1D1.conv/78, where GetParam() = (GFLOPS=0.711, K=[3 x 3], IN={1, 12, 320, 320}, OCN=32, P=[1 x 1], BIAS, OCV/CPU, true)
IN=4800 Kb [ 1 12 320 320 ]    OUT=12800 Kb [ 1 32 320 320 ]    Weights(parameters): 14 Kb    MFLOPS=711.066
[ PERFSTAT ]    (samples=100   mean=4.69   median=4.68   min=3.76   stddev=0.41 (8.7%))
[       OK ] Conv_3x3S1D1.conv/78 (487 ms)
[ RUN      ] Conv_3x3S1D1.conv/79, where GetParam() = (GFLOPS=0.711, K=[3 x 3], IN={1, 12, 320, 320}, OCN=32, P=[1 x 1], BIAS, OCV/CPU, false)
IN=4800 Kb [ 1 12 320 320 ]    OUT=12800 Kb [ 1 32 320 320 ]    Weights(parameters): 14 Kb    MFLOPS=711.066
[ PERFSTAT ]    (samples=100   mean=0.63   median=0.63   min=0.55   stddev=0.03 (5.1%))
[       OK ] Conv_3x3S1D1.conv/79 (69 ms)
[ RUN      ] Conv_3x3S1D1.conv/80, where GetParam() = (GFLOPS=1.416, K=[3 x 3], IN={1, 128, 62, 82}, OCN=128, BIAS, OCV/CPU, true)
IN=2542 Kb [ 1 128 62 82 ]    OUT=2400 Kb [ 1 128 60 80 ]    Weights(parameters): 577 Kb    MFLOPS=1416.19
[ PERFSTAT ]    (samples=10   mean=5.88   median=5.82   min=5.72   stddev=0.17 (2.8%))
[       OK ] Conv_3x3S1D1.conv/80 (68 ms)
[ RUN      ] Conv_3x3S1D1.conv/81, where GetParam() = (GFLOPS=1.416, K=[3 x 3], IN={1, 128, 62, 82}, OCN=128, BIAS, OCV/CPU, false)
IN=2542 Kb [ 1 128 62 82 ]    OUT=2400 Kb [ 1 128 60 80 ]    Weights(parameters): 577 Kb    MFLOPS=1416.19
[ PERFSTAT ]    (samples=100   mean=1.50   median=1.42   min=1.01   stddev=0.25 (16.3%))
[       OK ] Conv_3x3S1D1.conv/81 (162 ms)
[ RUN      ] Conv_3x3S1D1.conv/82, where GetParam() = (GFLOPS=0.701, K=[3 x 3], IN={1, 128, 38, 50}, OCN=160, PM=SAME, BIAS, OCV/CPU, true)
IN=950 Kb [ 1 128 38 50 ]    OUT=1188 Kb [ 1 160 38 50 ]    Weights(parameters): 721 Kb    MFLOPS=700.72
[ PERFSTAT ]    (samples=11   mean=3.38   median=3.36   min=3.26   stddev=0.10 (2.9%))
[       OK ] Conv_3x3S1D1.conv/82 (45 ms)
[ RUN      ] Conv_3x3S1D1.conv/83, where GetParam() = (GFLOPS=0.701, K=[3 x 3], IN={1, 128, 38, 50}, OCN=160, PM=SAME, BIAS, OCV/CPU, false)
IN=950 Kb [ 1 128 38 50 ]    OUT=1188 Kb [ 1 160 38 50 ]    Weights(parameters): 721 Kb    MFLOPS=700.72
[ PERFSTAT ]    (samples=10   mean=13.46   median=13.47   min=13.24   stddev=0.17 (1.2%))
[       OK ] Conv_3x3S1D1.conv/83 (151 ms)
[ RUN      ] Conv_3x3S1D1.conv/84, where GetParam() = (GFLOPS=0.231, K=[3 x 3], IN={1, 128, 56, 56}, OCN=32, P=[1 x 1], OCV/CPU, true)
IN=1568 Kb [ 1 128 56 56 ]    OUT=392 Kb [ 1 32 56 56 ]    Weights(parameters): 144 Kb    MFLOPS=231.311
[ PERFSTAT ]    (samples=100   mean=2.09   median=2.08   min=1.80   stddev=0.19 (9.0%))
[       OK ] Conv_3x3S1D1.conv/84 (224 ms)
[ RUN      ] Conv_3x3S1D1.conv/85, where GetParam() = (GFLOPS=0.231, K=[3 x 3], IN={1, 128, 56, 56}, OCN=32, P=[1 x 1], OCV/CPU, false)
IN=1568 Kb [ 1 128 56 56 ]    OUT=392 Kb [ 1 32 56 56 ]    Weights(parameters): 144 Kb    MFLOPS=231.311
[ PERFSTAT ]    (samples=100   mean=0.74   median=0.75   min=0.60   stddev=0.07 (10.1%))
[       OK ] Conv_3x3S1D1.conv/85 (80 ms)
[ RUN      ] Conv_3x3S1D1.conv/86, where GetParam() = (GFLOPS=0.231, K=[3 x 3], IN={1, 256, 14, 14}, OCN=256, P=[1 x 1], OCV/CPU, true)
IN=196 Kb [ 1 256 14 14 ]    OUT=196 Kb [ 1 256 14 14 ]    Weights(parameters): 2304 Kb    MFLOPS=231.261
[ PERFSTAT ]    (samples=50   mean=1.17   median=1.16   min=1.13   stddev=0.03 (2.6%))
[       OK ] Conv_3x3S1D1.conv/86 (68 ms)
[ RUN      ] Conv_3x3S1D1.conv/87, where GetParam() = (GFLOPS=0.231, K=[3 x 3], IN={1, 256, 14, 14}, OCN=256, P=[1 x 1], OCV/CPU, false)
IN=196 Kb [ 1 256 14 14 ]    OUT=196 Kb [ 1 256 14 14 ]    Weights(parameters): 2304 Kb    MFLOPS=231.261
[ PERFSTAT ]    (samples=10   mean=3.28   median=3.26   min=3.23   stddev=0.07 (2.2%))
[       OK ] Conv_3x3S1D1.conv/87 (40 ms)
[ RUN      ] Conv_3x3S1D1.conv/88, where GetParam() = (GFLOPS=0.420, K=[3 x 3], IN={1, 96, 38, 50}, OCN=128, PM=SAME, BIAS, OCV/CPU, true)
IN=713 Kb [ 1 96 38 50 ]    OUT=950 Kb [ 1 128 38 50 ]    Weights(parameters): 433 Kb    MFLOPS=420.493
[ PERFSTAT ]    (samples=10   mean=2.69   median=2.70   min=2.63   stddev=0.05 (1.8%))
[       OK ] Conv_3x3S1D1.conv/88 (33 ms)
[ RUN      ] Conv_3x3S1D1.conv/89, where GetParam() = (GFLOPS=0.420, K=[3 x 3], IN={1, 96, 38, 50}, OCN=128, PM=SAME, BIAS, OCV/CPU, false)
IN=713 Kb [ 1 96 38 50 ]    OUT=950 Kb [ 1 128 38 50 ]    Weights(parameters): 433 Kb    MFLOPS=420.493
[ PERFSTAT ]    (samples=10   mean=10.85   median=10.80   min=10.65   stddev=0.19 (1.8%))
[       OK ] Conv_3x3S1D1.conv/89 (120 ms)
[ RUN      ] Conv_3x3S1D1.conv/90, where GetParam() = (GFLOPS=1.258, K=[3 x 3], IN={1, 1280, 10, 10}, OCN=546, PM=SAME, BIAS, OCV/CPU, true)
IN=500 Kb [ 1 1280 10 10 ]    OUT=214 Kb [ 1 546 10 10 ]    Weights(parameters): 24573 Kb    MFLOPS=1258.04
[ PERFSTAT ]    (samples=10   mean=7.93   median=7.91   min=7.73   stddev=0.22 (2.7%))
[       OK ] Conv_3x3S1D1.conv/90 (122 ms)
[ RUN      ] Conv_3x3S1D1.conv/91, where GetParam() = (GFLOPS=1.258, K=[3 x 3], IN={1, 1280, 10, 10}, OCN=546, PM=SAME, BIAS, OCV/CPU, false)
IN=500 Kb [ 1 1280 10 10 ]    OUT=214 Kb [ 1 546 10 10 ]    Weights(parameters): 24573 Kb    MFLOPS=1258.04
[ PERFSTAT ]    (samples=100   mean=7.29   median=7.22   min=5.78   stddev=0.79 (10.9%))
[       OK ] Conv_3x3S1D1.conv/91 (809 ms)
[ RUN      ] Conv_3x3S1D1.conv/92, where GetParam() = (GFLOPS=1.248, K=[3 x 3], IN={1, 256, 46, 46}, OCN=128, P=[1 x 1], BIAS, OCV/CPU, true)
IN=2116 Kb [ 1 256 46 46 ]    OUT=1058 Kb [ 1 128 46 46 ]    Weights(parameters): 1153 Kb    MFLOPS=1248.34
[ PERFSTAT ]    (samples=10   mean=5.35   median=5.33   min=5.18   stddev=0.15 (2.8%))
[       OK ] Conv_3x3S1D1.conv/92 (65 ms)
[ RUN      ] Conv_3x3S1D1.conv/93, where GetParam() = (GFLOPS=1.248, K=[3 x 3], IN={1, 256, 46, 46}, OCN=128, P=[1 x 1], BIAS, OCV/CPU, false)
IN=2116 Kb [ 1 256 46 46 ]    OUT=1058 Kb [ 1 128 46 46 ]    Weights(parameters): 1153 Kb    MFLOPS=1248.34
[ PERFSTAT ]    (samples=100   mean=23.62   median=22.70   min=19.78   stddev=2.63 (11.1%))
[       OK ] Conv_3x3S1D1.conv/93 (2470 ms)
[ RUN      ] Conv_3x3S1D1.conv/94, where GetParam() = (GFLOPS=1.245, K=[3 x 3], IN={1, 64, 75, 75}, OCN=192, PM=SAME, BIAS, OCV/CPU, true)
IN=1407 Kb [ 1 64 75 75 ]    OUT=4219 Kb [ 1 192 75 75 ]    Weights(parameters): 433 Kb    MFLOPS=1245.24
[ PERFSTAT ]    (samples=10   mean=4.79   median=4.74   min=4.65   stddev=0.13 (2.7%))
[       OK ] Conv_3x3S1D1.conv/94 (56 ms)
[ RUN      ] Conv_3x3S1D1.conv/95, where GetParam() = (GFLOPS=1.245, K=[3 x 3], IN={1, 64, 75, 75}, OCN=192, PM=SAME, BIAS, OCV/CPU, false)
IN=1407 Kb [ 1 64 75 75 ]    OUT=4219 Kb [ 1 192 75 75 ]    Weights(parameters): 433 Kb    MFLOPS=1245.24
[ PERFSTAT ]    (samples=100   mean=1.23   median=1.22   min=1.03   stddev=0.11 (8.7%))
[       OK ] Conv_3x3S1D1.conv/95 (131 ms)
[ RUN      ] Conv_3x3S1D1.conv/96, where GetParam() = (GFLOPS=1.210, K=[3 x 3], IN={1, 32, 256, 256}, OCN=32, PM=SAME, OCV/CPU, true)
IN=8192 Kb [ 1 32 256 256 ]    OUT=8192 Kb [ 1 32 256 256 ]    Weights(parameters): 36 Kb    MFLOPS=1210.06
[ PERFSTAT ]    (samples=100   mean=8.72   median=8.24   min=5.56   stddev=1.82 (20.9%))
[       OK ] Conv_3x3S1D1.conv/96 (951 ms)
[ RUN      ] Conv_3x3S1D1.conv/97, where GetParam() = (GFLOPS=1.210, K=[3 x 3], IN={1, 32, 256, 256}, OCN=32, PM=SAME, OCV/CPU, false)
IN=8192 Kb [ 1 32 256 256 ]    OUT=8192 Kb [ 1 32 256 256 ]    Weights(parameters): 36 Kb    MFLOPS=1210.06
[ PERFSTAT ]    (samples=100   mean=2.72   median=2.69   min=2.59   stddev=0.09 (3.4%))
[       OK ] Conv_3x3S1D1.conv/97 (291 ms)
[ RUN      ] Conv_3x3S1D1.conv/98, where GetParam() = (GFLOPS=1.196, K=[3 x 3], IN={1, 384, 26, 26}, OCN=256, P=[1 x 1], OCV/CPU, true)
IN=1014 Kb [ 1 384 26 26 ]    OUT=676 Kb [ 1 256 26 26 ]    Weights(parameters): 3456 Kb    MFLOPS=1196.34
[ PERFSTAT ]    (samples=25   mean=3.25   median=3.25   min=3.08   stddev=0.10 (3.0%))
[       OK ] Conv_3x3S1D1.conv/98 (97 ms)
[ RUN      ] Conv_3x3S1D1.conv/99, where GetParam() = (GFLOPS=1.196, K=[3 x 3], IN={1, 384, 26, 26}, OCN=256, P=[1 x 1], OCV/CPU, false)
IN=1014 Kb [ 1 384 26 26 ]    OUT=676 Kb [ 1 256 26 26 ]    Weights(parameters): 3456 Kb    MFLOPS=1196.34
[ PERFSTAT ]    (samples=10   mean=12.34   median=12.31   min=12.18   stddev=0.12 (1.0%))
[       OK ] Conv_3x3S1D1.conv/99 (141 ms)
[ RUN      ] Conv_3x3S1D1.conv/100, where GetParam() = (GFLOPS=0.590, K=[3 x 3], IN={1, 64, 80, 80}, OCN=80, P=[1 x 1], BIAS, OCV/CPU, true)
IN=1600 Kb [ 1 64 80 80 ]    OUT=2000 Kb [ 1 80 80 80 ]    Weights(parameters): 181 Kb    MFLOPS=590.336
[ PERFSTAT ]    (samples=100   mean=3.21   median=3.23   min=2.98   stddev=0.15 (4.8%))
[       OK ] Conv_3x3S1D1.conv/100 (331 ms)
[ RUN      ] Conv_3x3S1D1.conv/101, where GetParam() = (GFLOPS=0.590, K=[3 x 3], IN={1, 64, 80, 80}, OCN=80, P=[1 x 1], BIAS, OCV/CPU, false)
IN=1600 Kb [ 1 64 80 80 ]    OUT=2000 Kb [ 1 80 80 80 ]    Weights(parameters): 181 Kb    MFLOPS=590.336
[ PERFSTAT ]    (samples=100   mean=0.64   median=0.65   min=0.43   stddev=0.06 (9.4%))
[       OK ] Conv_3x3S1D1.conv/101 (68 ms)
[ RUN      ] Conv_3x3S1D1.conv/102, where GetParam() = (GFLOPS=0.561, K=[3 x 3], IN={1, 128, 38, 50}, OCN=128, PM=SAME, BIAS, OCV/CPU, true)
IN=950 Kb [ 1 128 38 50 ]    OUT=950 Kb [ 1 128 38 50 ]    Weights(parameters): 577 Kb    MFLOPS=560.576
[ PERFSTAT ]    (samples=10   mean=3.08   median=3.07   min=2.98   stddev=0.08 (2.6%))
[       OK ] Conv_3x3S1D1.conv/102 (36 ms)
[ RUN      ] Conv_3x3S1D1.conv/103, where GetParam() = (GFLOPS=0.561, K=[3 x 3], IN={1, 128, 38, 50}, OCN=128, PM=SAME, BIAS, OCV/CPU, false)
IN=950 Kb [ 1 128 38 50 ]    OUT=950 Kb [ 1 128 38 50 ]    Weights(parameters): 577 Kb    MFLOPS=560.576
[ PERFSTAT ]    (samples=10   mean=12.16   median=12.10   min=12.07   stddev=0.18 (1.5%))
[       OK ] Conv_3x3S1D1.conv/103 (136 ms)
[ RUN      ] Conv_3x3S1D1.conv/104, where GetParam() = (GFLOPS=1.112, K=[3 x 3], IN={1, 512, 10, 10}, OCN=1206, P=[1 x 1], BIAS, OCV/CPU, true)
IN=200 Kb [ 1 512 10 10 ]    OUT=472 Kb [ 1 1206 10 10 ]    Weights(parameters): 21713 Kb    MFLOPS=1111.57
[ PERFSTAT ]    (samples=38   mean=3.52   median=3.48   min=3.38   stddev=0.10 (2.9%))
[       OK ] Conv_3x3S1D1.conv/104 (183 ms)
[ RUN      ] Conv_3x3S1D1.conv/105, where GetParam() = (GFLOPS=1.112, K=[3 x 3], IN={1, 512, 10, 10}, OCN=1206, P=[1 x 1], BIAS, OCV/CPU, false)
IN=200 Kb [ 1 512 10 10 ]    OUT=472 Kb [ 1 1206 10 10 ]    Weights(parameters): 21713 Kb    MFLOPS=1111.57
[ PERFSTAT ]    (samples=65   mean=3.58   median=3.55   min=3.41   stddev=0.11 (3.0%))
[       OK ] Conv_3x3S1D1.conv/105 (262 ms)
[ RUN      ] Conv_3x3S1D1.conv/106, where GetParam() = (GFLOPS=0.076, K=[3 x 3], IN={1, 64, 32, 32}, OCN=64, PM=SAME, OCV/CPU, true)
IN=256 Kb [ 1 64 32 32 ]    OUT=256 Kb [ 1 64 32 32 ]    Weights(parameters): 144 Kb    MFLOPS=75.563
[ PERFSTAT ]    (samples=100   mean=0.52   median=0.52   min=0.46   stddev=0.02 (3.4%))
[       OK ] Conv_3x3S1D1.conv/106 (54 ms)
[ RUN      ] Conv_3x3S1D1.conv/107, where GetParam() = (GFLOPS=0.076, K=[3 x 3], IN={1, 64, 32, 32}, OCN=64, PM=SAME, OCV/CPU, false)
IN=256 Kb [ 1 64 32 32 ]    OUT=256 Kb [ 1 64 32 32 ]    Weights(parameters): 144 Kb    MFLOPS=75.563
[ PERFSTAT ]    (samples=100   mean=2.52   median=2.59   min=2.11   stddev=0.24 (9.6%))
[       OK ] Conv_3x3S1D1.conv/107 (258 ms)
[ RUN      ] Conv_3x3S1D1.conv/108, where GetParam() = (GFLOPS=1.051, K=[3 x 3], IN={1, 160, 38, 50}, OCN=192, PM=SAME, BIAS, OCV/CPU, true)
IN=1188 Kb [ 1 160 38 50 ]    OUT=1425 Kb [ 1 192 38 50 ]    Weights(parameters): 1081 Kb    MFLOPS=1050.99
[ PERFSTAT ]    (samples=24   mean=4.24   median=4.19   min=4.00   stddev=0.13 (3.0%))
[       OK ] Conv_3x3S1D1.conv/108 (113 ms)
[ RUN      ] Conv_3x3S1D1.conv/109, where GetParam() = (GFLOPS=1.051, K=[3 x 3], IN={1, 160, 38, 50}, OCN=192, PM=SAME, BIAS, OCV/CPU, false)
IN=1188 Kb [ 1 160 38 50 ]    OUT=1425 Kb [ 1 192 38 50 ]    Weights(parameters): 1081 Kb    MFLOPS=1050.99
[ PERFSTAT ]    (samples=13   mean=16.93   median=16.87   min=16.62   stddev=0.49 (2.9%))
[       OK ] Conv_3x3S1D1.conv/109 (242 ms)
[ RUN      ] Conv_3x3S1D1.conv/110, where GetParam() = (GFLOPS=1.006, K=[3 x 3], IN={1, 1024, 10, 10}, OCN=546, PM=SAME, BIAS, OCV/CPU, true)
IN=400 Kb [ 1 1024 10 10 ]    OUT=214 Kb [ 1 546 10 10 ]    Weights(parameters): 19659 Kb    MFLOPS=1006.44
[ PERFSTAT ]    (samples=58   mean=5.86   median=5.88   min=5.35   stddev=0.17 (3.0%))
[       OK ] Conv_3x3S1D1.conv/110 (382 ms)
[ RUN      ] Conv_3x3S1D1.conv/111, where GetParam() = (GFLOPS=1.006, K=[3 x 3], IN={1, 1024, 10, 10}, OCN=546, PM=SAME, BIAS, OCV/CPU, false)
IN=400 Kb [ 1 1024 10 10 ]    OUT=214 Kb [ 1 546 10 10 ]    Weights(parameters): 19659 Kb    MFLOPS=1006.44
[ PERFSTAT ]    (samples=100   mean=4.63   median=4.63   min=4.23   stddev=0.32 (6.8%))
[       OK ] Conv_3x3S1D1.conv/111 (517 ms)
[ RUN      ] Conv_3x3S1D1.conv/112, where GetParam() = (GFLOPS=0.473, K=[3 x 3], IN={1, 32, 160, 160}, OCN=32, P=[1 x 1], BIAS, OCV/CPU, true)
IN=3200 Kb [ 1 32 160 160 ]    OUT=3200 Kb [ 1 32 160 160 ]    Weights(parameters): 37 Kb    MFLOPS=472.678
[ PERFSTAT ]    (samples=100   mean=3.31   median=3.38   min=2.82   stddev=0.17 (5.2%))
[       OK ] Conv_3x3S1D1.conv/112 (343 ms)
[ RUN      ] Conv_3x3S1D1.conv/113, where GetParam() = (GFLOPS=0.473, K=[3 x 3], IN={1, 32, 160, 160}, OCN=32, P=[1 x 1], BIAS, OCV/CPU, false)
IN=3200 Kb [ 1 32 160 160 ]    OUT=3200 Kb [ 1 32 160 160 ]    Weights(parameters): 37 Kb    MFLOPS=472.678
[ PERFSTAT ]    (samples=100   mean=0.53   median=0.51   min=0.41   stddev=0.07 (12.4%))
[       OK ] Conv_3x3S1D1.conv/113 (59 ms)
[ RUN      ] Conv_3x3S1D1.conv/114, where GetParam() = (GFLOPS=0.472, K=[3 x 3], IN={1, 512, 4, 25}, OCN=512, P=[1 x 1], OCV/CPU, true)
IN=200 Kb [ 1 512 4 25 ]    OUT=200 Kb [ 1 512 4 25 ]    Weights(parameters): 9216 Kb    MFLOPS=471.91
[ PERFSTAT ]    (samples=10   mean=2.06   median=2.05   min=2.01   stddev=0.04 (2.1%))
[       OK ] Conv_3x3S1D1.conv/114 (33 ms)
[ RUN      ] Conv_3x3S1D1.conv/115, where GetParam() = (GFLOPS=0.472, K=[3 x 3], IN={1, 512, 4, 25}, OCN=512, P=[1 x 1], OCV/CPU, false)
IN=200 Kb [ 1 512 4 25 ]    OUT=200 Kb [ 1 512 4 25 ]    Weights(parameters): 9216 Kb    MFLOPS=471.91
[ PERFSTAT ]    (samples=15   mean=2.03   median=2.02   min=1.97   stddev=0.06 (3.0%))
[       OK ] Conv_3x3S1D1.conv/115 (46 ms)
[ RUN      ] Conv_3x3S1D1.conv/116, where GetParam() = (GFLOPS=0.841, K=[3 x 3], IN={1, 128, 38, 50}, OCN=192, PM=SAME, BIAS, OCV/CPU, true)
IN=950 Kb [ 1 128 38 50 ]    OUT=1425 Kb [ 1 192 38 50 ]    Weights(parameters): 865 Kb    MFLOPS=840.864
[ PERFSTAT ]    (samples=10   mean=3.31   median=3.29   min=3.23   stddev=0.07 (2.0%))
[       OK ] Conv_3x3S1D1.conv/116 (40 ms)
[ RUN      ] Conv_3x3S1D1.conv/117, where GetParam() = (GFLOPS=0.841, K=[3 x 3], IN={1, 128, 38, 50}, OCN=192, PM=SAME, BIAS, OCV/CPU, false)
IN=950 Kb [ 1 128 38 50 ]    OUT=1425 Kb [ 1 192 38 50 ]    Weights(parameters): 865 Kb    MFLOPS=840.864
[ PERFSTAT ]    (samples=10   mean=12.54   median=12.53   min=12.44   stddev=0.06 (0.5%))
[       OK ] Conv_3x3S1D1.conv/117 (140 ms)
[ RUN      ] Conv_3x3S1D1.conv/118, where GetParam() = (GFLOPS=0.415, K=[3 x 3], IN={1, 32, 150, 150}, OCN=32, PM=SAME, OCV/CPU, true)
IN=2813 Kb [ 1 32 150 150 ]    OUT=2813 Kb [ 1 32 150 150 ]    Weights(parameters): 36 Kb    MFLOPS=415.44
[ PERFSTAT ]    (samples=100   mean=3.06   median=3.04   min=2.78   stddev=0.13 (4.3%))
[       OK ] Conv_3x3S1D1.conv/118 (316 ms)
[ RUN      ] Conv_3x3S1D1.conv/119, where GetParam() = (GFLOPS=0.415, K=[3 x 3], IN={1, 32, 150, 150}, OCN=32, PM=SAME, OCV/CPU, false)
IN=2813 Kb [ 1 32 150 150 ]    OUT=2813 Kb [ 1 32 150 150 ]    Weights(parameters): 36 Kb    MFLOPS=415.44
[ PERFSTAT ]    (samples=100   mean=0.44   median=0.44   min=0.36   stddev=0.04 (10.0%))
[       OK ] Conv_3x3S1D1.conv/119 (49 ms)
[ RUN      ] Conv_3x3S1D1.conv/120, where GetParam() = (GFLOPS=0.118, K=[3 x 3], IN={1, 16, 160, 160}, OCN=16, P=[1 x 1], BIAS, OCV/CPU, true)
IN=1600 Kb [ 1 16 160 160 ]    OUT=1600 Kb [ 1 16 160 160 ]    Weights(parameters): 10 Kb    MFLOPS=118.374
[ PERFSTAT ]    (samples=100   mean=1.22   median=1.23   min=0.86   stddev=0.10 (8.2%))
[       OK ] Conv_3x3S1D1.conv/120 (126 ms)
[ RUN      ] Conv_3x3S1D1.conv/121, where GetParam() = (GFLOPS=0.118, K=[3 x 3], IN={1, 16, 160, 160}, OCN=16, P=[1 x 1], BIAS, OCV/CPU, false)
IN=1600 Kb [ 1 16 160 160 ]    OUT=1600 Kb [ 1 16 160 160 ]    Weights(parameters): 10 Kb    MFLOPS=118.374
[ PERFSTAT ]    (samples=100   mean=0.20   median=0.20   min=0.16   stddev=0.02 (10.3%))
[       OK ] Conv_3x3S1D1.conv/121 (23 ms)
[ RUN      ] Conv_3x3S1D1.conv/122, where GetParam() = (GFLOPS=0.351, K=[3 x 3], IN={1, 96, 92, 92}, OCN=24, P=[1 x 1], OCV/CPU, true)
IN=3174 Kb [ 1 96 92 92 ]    OUT=794 Kb [ 1 24 92 92 ]    Weights(parameters): 81 Kb    MFLOPS=351.222
[ PERFSTAT ]    (samples=100   mean=2.92   median=2.88   min=2.61   stddev=0.16 (5.5%))
[       OK ] Conv_3x3S1D1.conv/122 (301 ms)
[ RUN      ] Conv_3x3S1D1.conv/123, where GetParam() = (GFLOPS=0.351, K=[3 x 3], IN={1, 96, 92, 92}, OCN=24, P=[1 x 1], OCV/CPU, false)
IN=3174 Kb [ 1 96 92 92 ]    OUT=794 Kb [ 1 24 92 92 ]    Weights(parameters): 81 Kb    MFLOPS=351.222
[ PERFSTAT ]    (samples=100   mean=0.62   median=0.63   min=0.48   stddev=0.06 (8.9%))
[       OK ] Conv_3x3S1D1.conv/123 (69 ms)
[ RUN      ] Conv_3x3S1D1.conv/124, where GetParam() = (GFLOPS=0.694, K=[3 x 3], IN={1, 64, 56, 56}, OCN=192, P=[1 x 1], BIAS, OCV/CPU, true)
IN=784 Kb [ 1 64 56 56 ]    OUT=2352 Kb [ 1 192 56 56 ]    Weights(parameters): 433 Kb    MFLOPS=694.235
[ PERFSTAT ]    (samples=10   mean=2.54   median=2.52   min=2.48   stddev=0.05 (2.1%))
[       OK ] Conv_3x3S1D1.conv/124 (31 ms)
[ RUN      ] Conv_3x3S1D1.conv/125, where GetParam() = (GFLOPS=0.694, K=[3 x 3], IN={1, 64, 56, 56}, OCN=192, P=[1 x 1], BIAS, OCV/CPU, false)
IN=784 Kb [ 1 64 56 56 ]    OUT=2352 Kb [ 1 192 56 56 ]    Weights(parameters): 433 Kb    MFLOPS=694.235
[ PERFSTAT ]    (samples=100   mean=0.73   median=0.73   min=0.60   stddev=0.06 (7.8%))
[       OK ] Conv_3x3S1D1.conv/125 (78 ms)
[ RUN      ] Conv_3x3S1D1.conv/126, where GetParam() = (GFLOPS=0.231, K=[3 x 3], IN={1, 512, 7, 7}, OCN=512, P=[1 x 1], OCV/CPU, true)
IN=98 Kb [ 1 512 7 7 ]    OUT=98 Kb [ 1 512 7 7 ]    Weights(parameters): 9216 Kb    MFLOPS=231.236
[ PERFSTAT ]    (samples=12   mean=1.35   median=1.34   min=1.32   stddev=0.04 (2.9%))
[       OK ] Conv_3x3S1D1.conv/126 (26 ms)
[ RUN      ] Conv_3x3S1D1.conv/127, where GetParam() = (GFLOPS=0.231, K=[3 x 3], IN={1, 512, 7, 7}, OCN=512, P=[1 x 1], OCV/CPU, false)
IN=98 Kb [ 1 512 7 7 ]    OUT=98 Kb [ 1 512 7 7 ]    Weights(parameters): 9216 Kb    MFLOPS=231.236
[ PERFSTAT ]    (samples=10   mean=1.47   median=1.48   min=1.41   stddev=0.03 (2.3%))
[       OK ] Conv_3x3S1D1.conv/127 (29 ms)
[ RUN      ] Conv_3x3S1D1.conv/128, where GetParam() = (GFLOPS=0.160, K=[3 x 3], IN={1, 64, 38, 38}, OCN=96, PM=SAME, BIAS, OCV/CPU, true)
IN=361 Kb [ 1 64 38 38 ]    OUT=542 Kb [ 1 96 38 38 ]    Weights(parameters): 217 Kb    MFLOPS=159.833
[ PERFSTAT ]    (samples=11   mean=0.43   median=0.42   min=0.41   stddev=0.01 (3.0%))
[       OK ] Conv_3x3S1D1.conv/128 (7 ms)
[ RUN      ] Conv_3x3S1D1.conv/129, where GetParam() = (GFLOPS=0.160, K=[3 x 3], IN={1, 64, 38, 38}, OCN=96, PM=SAME, BIAS, OCV/CPU, false)
IN=361 Kb [ 1 64 38 38 ]    OUT=542 Kb [ 1 96 38 38 ]    Weights(parameters): 217 Kb    MFLOPS=159.833
[ PERFSTAT ]    (samples=75   mean=3.42   median=3.42   min=3.20   stddev=0.10 (2.9%))
[       OK ] Conv_3x3S1D1.conv/129 (264 ms)
[ RUN      ] Conv_3x3S1D1.conv/130, where GetParam() = (GFLOPS=0.305, K=[3 x 3], IN={1, 3, 416, 416}, OCN=32, P=[1 x 1], OCV/CPU, true)
IN=2028 Kb [ 1 3 416 416 ]    OUT=21632 Kb [ 1 32 416 416 ]    Weights(parameters): 4 Kb    MFLOPS=304.579
[ PERFSTAT ]    (samples=100   mean=2.44   median=2.31   min=1.75   stddev=0.31 (12.7%))
[       OK ] Conv_3x3S1D1.conv/130 (260 ms)
[ RUN      ] Conv_3x3S1D1.conv/131, where GetParam() = (GFLOPS=0.305, K=[3 x 3], IN={1, 3, 416, 416}, OCN=32, P=[1 x 1], OCV/CPU, false)
IN=2028 Kb [ 1 3 416 416 ]    OUT=21632 Kb [ 1 32 416 416 ]    Weights(parameters): 4 Kb    MFLOPS=304.579
[ PERFSTAT ]    (samples=100   mean=0.60   median=0.59   min=0.46   stddev=0.06 (9.8%))
[       OK ] Conv_3x3S1D1.conv/131 (64 ms)
[ RUN      ] Conv_3x3S1D1.conv/132, where GetParam() = (GFLOPS=0.295, K=[3 x 3], IN={1, 128, 40, 40}, OCN=80, P=[1 x 1], BIAS, OCV/CPU, true)
IN=800 Kb [ 1 128 40 40 ]    OUT=500 Kb [ 1 80 40 40 ]    Weights(parameters): 361 Kb    MFLOPS=295.04
[ PERFSTAT ]    (samples=10   mean=0.82   median=0.82   min=0.79   stddev=0.02 (3.0%))
[       OK ] Conv_3x3S1D1.conv/132 (11 ms)
[ RUN      ] Conv_3x3S1D1.conv/133, where GetParam() = (GFLOPS=0.295, K=[3 x 3], IN={1, 128, 40, 40}, OCN=80, P=[1 x 1], BIAS, OCV/CPU, false)
IN=800 Kb [ 1 128 40 40 ]    OUT=500 Kb [ 1 80 40 40 ]    Weights(parameters): 361 Kb    MFLOPS=295.04
[ PERFSTAT ]    (samples=100   mean=3.27   median=3.51   min=2.57   stddev=0.50 (15.3%))
[       OK ] Conv_3x3S1D1.conv/133 (336 ms)
[ RUN      ] Conv_3x3S1D1.conv/134, where GetParam() = (GFLOPS=0.553, K=[3 x 3], IN={1, 64, 75, 100}, OCN=64, PM=SAME, BIAS, OCV/CPU, true)
IN=1875 Kb [ 1 64 75 100 ]    OUT=1875 Kb [ 1 64 75 100 ]    Weights(parameters): 145 Kb    MFLOPS=553.44
[ PERFSTAT ]    (samples=100   mean=1.87   median=1.87   min=1.70   stddev=0.09 (5.0%))
[       OK ] Conv_3x3S1D1.conv/134 (193 ms)
[ RUN      ] Conv_3x3S1D1.conv/135, where GetParam() = (GFLOPS=0.553, K=[3 x 3], IN={1, 64, 75, 100}, OCN=64, PM=SAME, BIAS, OCV/CPU, false)
IN=1875 Kb [ 1 64 75 100 ]    OUT=1875 Kb [ 1 64 75 100 ]    Weights(parameters): 145 Kb    MFLOPS=553.44
[ PERFSTAT ]    (samples=100   mean=0.43   median=0.42   min=0.34   stddev=0.04 (10.5%))
[       OK ] Conv_3x3S1D1.conv/135 (48 ms)
[ RUN      ] Conv_3x3S1D1.conv/136, where GetParam() = (GFLOPS=0.477, K=[3 x 3], IN={1, 3, 368, 368}, OCN=64, P=[1 x 1], BIAS, OCV/CPU, true)
IN=1587 Kb [ 1 3 368 368 ]    OUT=33856 Kb [ 1 64 368 368 ]    Weights(parameters): 7 Kb    MFLOPS=476.692
[ PERFSTAT ]    (samples=100   mean=2.53   median=2.55   min=2.12   stddev=0.12 (4.7%))
[       OK ] Conv_3x3S1D1.conv/136 (262 ms)
[ RUN      ] Conv_3x3S1D1.conv/137, where GetParam() = (GFLOPS=0.477, K=[3 x 3], IN={1, 3, 368, 368}, OCN=64, P=[1 x 1], BIAS, OCV/CPU, false)
IN=1587 Kb [ 1 3 368 368 ]    OUT=33856 Kb [ 1 64 368 368 ]    Weights(parameters): 7 Kb    MFLOPS=476.692
[ PERFSTAT ]    (samples=100   mean=0.72   median=0.72   min=0.64   stddev=0.04 (5.6%))
[       OK ] Conv_3x3S1D1.conv/137 (76 ms)
[ RUN      ] Conv_3x3S1D1.conv/138, where GetParam() = (GFLOPS=0.236, K=[3 x 3], IN={1, 128, 40, 40}, OCN=64, P=[1 x 1], BIAS, OCV/CPU, true)
IN=800 Kb [ 1 128 40 40 ]    OUT=400 Kb [ 1 64 40 40 ]    Weights(parameters): 289 Kb    MFLOPS=236.032
[ PERFSTAT ]    (samples=10   mean=1.28   median=1.27   min=1.25   stddev=0.02 (1.5%))
[       OK ] Conv_3x3S1D1.conv/138 (16 ms)
[ RUN      ] Conv_3x3S1D1.conv/139, where GetParam() = (GFLOPS=0.236, K=[3 x 3], IN={1, 128, 40, 40}, OCN=64, P=[1 x 1], BIAS, OCV/CPU, false)
IN=800 Kb [ 1 128 40 40 ]    OUT=400 Kb [ 1 64 40 40 ]    Weights(parameters): 289 Kb    MFLOPS=236.032
[ PERFSTAT ]    (samples=10   mean=3.30   median=3.28   min=3.22   stddev=0.07 (2.1%))
[       OK ] Conv_3x3S1D1.conv/139 (37 ms)
[ RUN      ] Conv_3x3S1D1.conv/140, where GetParam() = (GFLOPS=0.236, K=[3 x 3], IN={1, 256, 8, 25}, OCN=256, P=[1 x 1], BIAS, OCV/CPU, true)
IN=200 Kb [ 1 256 8 25 ]    OUT=200 Kb [ 1 256 8 25 ]    Weights(parameters): 2305 Kb    MFLOPS=235.981
[ PERFSTAT ]    (samples=10   mean=1.76   median=1.75   min=1.72   stddev=0.03 (1.8%))
[       OK ] Conv_3x3S1D1.conv/140 (22 ms)
[ RUN      ] Conv_3x3S1D1.conv/141, where GetParam() = (GFLOPS=0.236, K=[3 x 3], IN={1, 256, 8, 25}, OCN=256, P=[1 x 1], BIAS, OCV/CPU, false)
IN=200 Kb [ 1 256 8 25 ]    OUT=200 Kb [ 1 256 8 25 ]    Weights(parameters): 2305 Kb    MFLOPS=235.981
[ PERFSTAT ]    (samples=10   mean=1.76   median=1.76   min=1.71   stddev=0.03 (1.7%))
[       OK ] Conv_3x3S1D1.conv/141 (23 ms)
[ RUN      ] Conv_3x3S1D1.conv/142, where GetParam() = (GFLOPS=0.236, K=[3 x 3], IN={1, 256, 4, 25}, OCN=512, P=[1 x 1], OCV/CPU, true)
IN=100 Kb [ 1 256 4 25 ]    OUT=200 Kb [ 1 512 4 25 ]    Weights(parameters): 4608 Kb    MFLOPS=235.981
[ PERFSTAT ]    (samples=13   mean=1.15   median=1.15   min=1.14   stddev=0.02 (1.4%))
[       OK ] Conv_3x3S1D1.conv/142 (24 ms)
[ RUN      ] Conv_3x3S1D1.conv/143, where GetParam() = (GFLOPS=0.236, K=[3 x 3], IN={1, 256, 4, 25}, OCN=512, P=[1 x 1], OCV/CPU, false)
IN=100 Kb [ 1 256 4 25 ]    OUT=200 Kb [ 1 512 4 25 ]    Weights(parameters): 4608 Kb    MFLOPS=235.981
[ PERFSTAT ]    (samples=10   mean=1.15   median=1.15   min=1.14   stddev=0.01 (0.7%))
[       OK ] Conv_3x3S1D1.conv/143 (19 ms)
[ RUN      ] Conv_3x3S1D1.conv/144, where GetParam() = (GFLOPS=0.449, K=[3 x 3], IN={1, 384, 13, 13}, OCN=384, G=2, P=[1 x 1], BIAS, OCV/CPU, true)
IN=254 Kb [ 1 384 13 13 ]    OUT=254 Kb [ 1 384 13 13 ]    Weights(parameters): 2594 Kb    MFLOPS=448.626
[ PERFSTAT ]    (samples=13   mean=0.67   median=0.67   min=0.65   stddev=0.02 (2.6%))
[       OK ] Conv_3x3S1D1.conv/144 (17 ms)
[ RUN      ] Conv_3x3S1D1.conv/145, where GetParam() = (GFLOPS=0.449, K=[3 x 3], IN={1, 384, 13, 13}, OCN=384, G=2, P=[1 x 1], BIAS, OCV/CPU, false)
IN=254 Kb [ 1 384 13 13 ]    OUT=254 Kb [ 1 384 13 13 ]    Weights(parameters): 2594 Kb    MFLOPS=448.626
[ PERFSTAT ]    (samples=10   mean=1.42   median=1.40   min=1.38   stddev=0.04 (3.0%))
[       OK ] Conv_3x3S1D1.conv/145 (20 ms)
[ RUN      ] Conv_3x3S1D1.conv/146, where GetParam() = (GFLOPS=0.426, K=[3 x 3], IN={1, 128, 38, 38}, OCN=128, P=[1 x 1], OCV/CPU, true)
IN=722 Kb [ 1 128 38 38 ]    OUT=722 Kb [ 1 128 38 38 ]    Weights(parameters): 576 Kb    MFLOPS=426.038
[ PERFSTAT ]    (samples=13   mean=1.56   median=1.56   min=1.53   stddev=0.02 (1.1%))
[       OK ] Conv_3x3S1D1.conv/146 (28 ms)
[ RUN      ] Conv_3x3S1D1.conv/147, where GetParam() = (GFLOPS=0.426, K=[3 x 3], IN={1, 128, 38, 38}, OCN=128, P=[1 x 1], OCV/CPU, false)
IN=722 Kb [ 1 128 38 38 ]    OUT=722 Kb [ 1 128 38 38 ]    Weights(parameters): 576 Kb    MFLOPS=426.038
[ PERFSTAT ]    (samples=100   mean=5.11   median=4.94   min=3.79   stddev=0.51 (10.0%))
[       OK ] Conv_3x3S1D1.conv/147 (522 ms)
[ RUN      ] Conv_3x3S1D1.conv/148, where GetParam() = (GFLOPS=0.399, K=[3 x 3], IN={1, 256, 13, 13}, OCN=512, P=[1 x 1], OCV/CPU, true)
IN=169 Kb [ 1 256 13 13 ]    OUT=338 Kb [ 1 512 13 13 ]    Weights(parameters): 4608 Kb    MFLOPS=398.808
[ PERFSTAT ]    (samples=100   mean=1.30   median=1.34   min=1.14   stddev=0.09 (6.7%))
[       OK ] Conv_3x3S1D1.conv/148 (150 ms)
[ RUN      ] Conv_3x3S1D1.conv/149, where GetParam() = (GFLOPS=0.399, K=[3 x 3], IN={1, 256, 13, 13}, OCN=512, P=[1 x 1], OCV/CPU, false)
IN=169 Kb [ 1 256 13 13 ]    OUT=338 Kb [ 1 512 13 13 ]    Weights(parameters): 4608 Kb    MFLOPS=398.808
[ PERFSTAT ]    (samples=25   mean=2.23   median=2.21   min=2.19   stddev=0.05 (2.2%))
[       OK ] Conv_3x3S1D1.conv/149 (65 ms)
[ RUN      ] Conv_3x3S1D1.conv/150, where GetParam() = (GFLOPS=0.200, K=[3 x 3], IN={1, 32, 104, 104}, OCN=32, P=[1 x 1], OCV/CPU, true)
IN=1352 Kb [ 1 32 104 104 ]    OUT=1352 Kb [ 1 32 104 104 ]    Weights(parameters): 36 Kb    MFLOPS=199.707
[ PERFSTAT ]    (samples=100   mean=1.20   median=1.20   min=1.04   stddev=0.06 (4.9%))
[       OK ] Conv_3x3S1D1.conv/150 (125 ms)
[ RUN      ] Conv_3x3S1D1.conv/151, where GetParam() = (GFLOPS=0.200, K=[3 x 3], IN={1, 32, 104, 104}, OCN=32, P=[1 x 1], OCV/CPU, false)
IN=1352 Kb [ 1 32 104 104 ]    OUT=1352 Kb [ 1 32 104 104 ]    Weights(parameters): 36 Kb    MFLOPS=199.707
[ PERFSTAT ]    (samples=100   mean=0.24   median=0.23   min=0.19   stddev=0.03 (12.6%))
[       OK ] Conv_3x3S1D1.conv/151 (26 ms)
[ RUN      ] Conv_3x3S1D1.conv/152, where GetParam() = (GFLOPS=0.319, K=[3 x 3], IN={1, 192, 19, 19}, OCN=256, PM=SAME, BIAS, OCV/CPU, true)
IN=271 Kb [ 1 192 19 19 ]    OUT=361 Kb [ 1 256 19 19 ]    Weights(parameters): 1729 Kb    MFLOPS=319.482
[ PERFSTAT ]    (samples=24   mean=1.39   median=1.39   min=1.34   stddev=0.04 (2.9%))
[       OK ] Conv_3x3S1D1.conv/152 (42 ms)
[ RUN      ] Conv_3x3S1D1.conv/153, where GetParam() = (GFLOPS=0.319, K=[3 x 3], IN={1, 192, 19, 19}, OCN=256, PM=SAME, BIAS, OCV/CPU, false)
IN=271 Kb [ 1 192 19 19 ]    OUT=361 Kb [ 1 256 19 19 ]    Weights(parameters): 1729 Kb    MFLOPS=319.482
[ PERFSTAT ]    (samples=10   mean=2.94   median=2.94   min=2.89   stddev=0.03 (1.0%))
[       OK ] Conv_3x3S1D1.conv/153 (35 ms)
[ RUN      ] Conv_3x3S1D1.conv/154, where GetParam() = (GFLOPS=0.317, K=[3 x 3], IN={1, 3, 300, 300}, OCN=64, P=[1 x 1], BIAS, OCV/CPU, true)
IN=1055 Kb [ 1 3 300 300 ]    OUT=22500 Kb [ 1 64 300 300 ]    Weights(parameters): 7 Kb    MFLOPS=316.8
[ PERFSTAT ]    (samples=100   mean=1.91   median=1.94   min=1.55   stddev=0.12 (6.1%))
[       OK ] Conv_3x3S1D1.conv/154 (197 ms)
[ RUN      ] Conv_3x3S1D1.conv/155, where GetParam() = (GFLOPS=0.317, K=[3 x 3], IN={1, 3, 300, 300}, OCN=64, P=[1 x 1], BIAS, OCV/CPU, false)
IN=1055 Kb [ 1 3 300 300 ]    OUT=22500 Kb [ 1 64 300 300 ]    Weights(parameters): 7 Kb    MFLOPS=316.8
[ PERFSTAT ]    (samples=100   mean=0.53   median=0.54   min=0.44   stddev=0.04 (7.0%))
[       OK ] Conv_3x3S1D1.conv/155 (56 ms)
[ RUN      ] Conv_3x3S1D1.conv/156, where GetParam() = (GFLOPS=0.299, K=[3 x 3], IN={1, 256, 13, 13}, OCN=384, P=[1 x 1], BIAS, OCV/CPU, true)
IN=169 Kb [ 1 256 13 13 ]    OUT=254 Kb [ 1 384 13 13 ]    Weights(parameters): 3458 Kb    MFLOPS=299.106
[ PERFSTAT ]    (samples=30   mean=1.07   median=1.06   min=1.03   stddev=0.03 (3.0%))
[       OK ] Conv_3x3S1D1.conv/156 (41 ms)
[ RUN      ] Conv_3x3S1D1.conv/157, where GetParam() = (GFLOPS=0.299, K=[3 x 3], IN={1, 256, 13, 13}, OCN=384, P=[1 x 1], BIAS, OCV/CPU, false)
IN=169 Kb [ 1 256 13 13 ]    OUT=254 Kb [ 1 384 13 13 ]    Weights(parameters): 3458 Kb    MFLOPS=299.106
[ PERFSTAT ]    (samples=13   mean=1.73   median=1.71   min=1.70   stddev=0.03 (1.6%))
[       OK ] Conv_3x3S1D1.conv/157 (30 ms)
[ RUN      ] Conv_3x3S1D1.conv/158, where GetParam() = (GFLOPS=0.299, K=[3 x 3], IN={1, 384, 13, 13}, OCN=256, G=2, P=[1 x 1], BIAS, OCV/CPU, true)
IN=254 Kb [ 1 384 13 13 ]    OUT=169 Kb [ 1 256 13 13 ]    Weights(parameters): 1729 Kb    MFLOPS=299.084
[ PERFSTAT ]    (samples=36   mean=0.94   median=0.94   min=0.91   stddev=0.03 (3.0%))
[       OK ] Conv_3x3S1D1.conv/158 (42 ms)
[ RUN      ] Conv_3x3S1D1.conv/159, where GetParam() = (GFLOPS=0.299, K=[3 x 3], IN={1, 384, 13, 13}, OCN=256, G=2, P=[1 x 1], BIAS, OCV/CPU, false)
IN=254 Kb [ 1 384 13 13 ]    OUT=169 Kb [ 1 256 13 13 ]    Weights(parameters): 1729 Kb    MFLOPS=299.084
[ PERFSTAT ]    (samples=10   mean=1.42   median=1.42   min=1.39   stddev=0.02 (1.6%))
[       OK ] Conv_3x3S1D1.conv/159 (18 ms)
[ RUN      ] Conv_3x3S1D1.conv/160, where GetParam() = (GFLOPS=0.147, K=[3 x 3], IN={1, 256, 20, 20}, OCN=80, P=[1 x 1], BIAS, OCV/CPU, true)
IN=400 Kb [ 1 256 20 20 ]    OUT=125 Kb [ 1 80 20 20 ]    Weights(parameters): 721 Kb    MFLOPS=147.488
[ PERFSTAT ]    (samples=46   mean=0.91   median=0.92   min=0.86   stddev=0.03 (3.0%))
[       OK ] Conv_3x3S1D1.conv/160 (47 ms)
[ RUN      ] Conv_3x3S1D1.conv/161, where GetParam() = (GFLOPS=0.147, K=[3 x 3], IN={1, 256, 20, 20}, OCN=80, P=[1 x 1], BIAS, OCV/CPU, false)
IN=400 Kb [ 1 256 20 20 ]    OUT=125 Kb [ 1 80 20 20 ]    Weights(parameters): 721 Kb    MFLOPS=147.488
[ PERFSTAT ]    (samples=10   mean=2.50   median=2.50   min=2.46   stddev=0.02 (0.9%))
[       OK ] Conv_3x3S1D1.conv/161 (29 ms)
[ RUN      ] Conv_3x3S1D1.conv/162, where GetParam() = (GFLOPS=0.133, K=[3 x 3], IN={1, 128, 19, 19}, OCN=160, PM=SAME, BIAS, OCV/CPU, true)
IN=181 Kb [ 1 128 19 19 ]    OUT=226 Kb [ 1 160 19 19 ]    Weights(parameters): 721 Kb    MFLOPS=133.137
[ PERFSTAT ]    (samples=10   mean=0.47   median=0.47   min=0.44   stddev=0.01 (2.6%))
[       OK ] Conv_3x3S1D1.conv/162 (8 ms)
[ RUN      ] Conv_3x3S1D1.conv/163, where GetParam() = (GFLOPS=0.133, K=[3 x 3], IN={1, 128, 19, 19}, OCN=160, PM=SAME, BIAS, OCV/CPU, false)
IN=181 Kb [ 1 128 19 19 ]    OUT=226 Kb [ 1 160 19 19 ]    Weights(parameters): 721 Kb    MFLOPS=133.137
[ PERFSTAT ]    (samples=10   mean=1.26   median=1.26   min=1.22   stddev=0.02 (1.9%))
[       OK ] Conv_3x3S1D1.conv/163 (15 ms)
[ RUN      ] Conv_3x3S1D1.conv/164, where GetParam() = (GFLOPS=0.038, K=[3 x 3], IN={1, 16, 64, 128}, OCN=16, P=[1 x 1], BIAS, OCV/CPU, true)
IN=512 Kb [ 1 16 64 128 ]    OUT=512 Kb [ 1 16 64 128 ]    Weights(parameters): 10 Kb    MFLOPS=37.8798
[ PERFSTAT ]    (samples=100   mean=0.31   median=0.31   min=0.26   stddev=0.02 (7.6%))
[       OK ] Conv_3x3S1D1.conv/164 (33 ms)
[ RUN      ] Conv_3x3S1D1.conv/165, where GetParam() = (GFLOPS=0.038, K=[3 x 3], IN={1, 16, 64, 128}, OCN=16, P=[1 x 1], BIAS, OCV/CPU, false)
IN=512 Kb [ 1 16 64 128 ]    OUT=512 Kb [ 1 16 64 128 ]    Weights(parameters): 10 Kb    MFLOPS=37.8798
[ PERFSTAT ]    (samples=100   mean=0.09   median=0.09   min=0.07   stddev=0.01 (7.2%))
[       OK ] Conv_3x3S1D1.conv/165 (9 ms)
[ RUN      ] Conv_3x3S1D1.conv/166, where GetParam() = (GFLOPS=0.011, K=[3 x 3], IN={1, 16, 48, 48}, OCN=16, P=[1 x 1], PM=SAME, BIAS, OCV/CPU, true)
IN=144 Kb [ 1 16 48 48 ]    OUT=144 Kb [ 1 16 48 48 ]    Weights(parameters): 10 Kb    MFLOPS=10.6537
[ PERFSTAT ]    (samples=100   mean=0.11   median=0.11   min=0.10   stddev=0.01 (6.2%))
[       OK ] Conv_3x3S1D1.conv/166 (12 ms)
[ RUN      ] Conv_3x3S1D1.conv/167, where GetParam() = (GFLOPS=0.011, K=[3 x 3], IN={1, 16, 48, 48}, OCN=16, P=[1 x 1], PM=SAME, BIAS, OCV/CPU, false)
IN=144 Kb [ 1 16 48 48 ]    OUT=144 Kb [ 1 16 48 48 ]    Weights(parameters): 10 Kb    MFLOPS=10.6537
[ PERFSTAT ]    (samples=100   mean=0.37   median=0.37   min=0.32   stddev=0.03 (6.8%))
[       OK ] Conv_3x3S1D1.conv/167 (39 ms)
[ RUN      ] Conv_3x3S1D1.conv/168, where GetParam() = (GFLOPS=0.011, K=[3 x 3], IN={1, 32, 24, 24}, OCN=32, P=[1 x 1], PM=SAME, BIAS, OCV/CPU, true)
IN=72 Kb [ 1 32 24 24 ]    OUT=72 Kb [ 1 32 24 24 ]    Weights(parameters): 37 Kb    MFLOPS=10.6353
[ PERFSTAT ]    (samples=100   mean=0.10   median=0.10   min=0.09   stddev=0.00 (3.9%))
[       OK ] Conv_3x3S1D1.conv/168 (10 ms)
[ RUN      ] Conv_3x3S1D1.conv/169, where GetParam() = (GFLOPS=0.011, K=[3 x 3], IN={1, 32, 24, 24}, OCN=32, P=[1 x 1], PM=SAME, BIAS, OCV/CPU, false)
IN=72 Kb [ 1 32 24 24 ]    OUT=72 Kb [ 1 32 24 24 ]    Weights(parameters): 37 Kb    MFLOPS=10.6353
[ PERFSTAT ]    (samples=100   mean=0.32   median=0.33   min=0.28   stddev=0.02 (4.7%))
[       OK ] Conv_3x3S1D1.conv/169 (33 ms)
[ RUN      ] Conv_3x3S1D1.conv/170, where GetParam() = (GFLOPS=0.126, K=[3 x 3], IN={1, 512, 5, 5}, OCN=546, PM=SAME, BIAS, OCV/CPU, true)
IN=50 Kb [ 1 512 5 5 ]    OUT=54 Kb [ 1 546 5 5 ]    Weights(parameters): 9831 Kb    MFLOPS=125.812
[ PERFSTAT ]    (samples=16   mean=0.98   median=0.97   min=0.94   stddev=0.03 (3.0%))
[       OK ] Conv_3x3S1D1.conv/170 (33 ms)
[ RUN      ] Conv_3x3S1D1.conv/171, where GetParam() = (GFLOPS=0.126, K=[3 x 3], IN={1, 512, 5, 5}, OCN=546, PM=SAME, BIAS, OCV/CPU, false)
IN=50 Kb [ 1 512 5 5 ]    OUT=54 Kb [ 1 546 5 5 ]    Weights(parameters): 9831 Kb    MFLOPS=125.812
[ PERFSTAT ]    (samples=25   mean=0.98   median=0.98   min=0.94   stddev=0.03 (2.8%))
[       OK ] Conv_3x3S1D1.conv/171 (38 ms)
[ RUN      ] Conv_3x3S1D1.conv/172, where GetParam() = (GFLOPS=0.118, K=[3 x 3], IN={1, 64, 16, 50}, OCN=128, P=[1 x 1], BIAS, OCV/CPU, true)
IN=200 Kb [ 1 64 16 50 ]    OUT=400 Kb [ 1 128 16 50 ]    Weights(parameters): 289 Kb    MFLOPS=118.067
[ PERFSTAT ]    (samples=10   mean=0.48   median=0.48   min=0.46   stddev=0.01 (2.9%))
[       OK ] Conv_3x3S1D1.conv/172 (7 ms)
[ RUN      ] Conv_3x3S1D1.conv/173, where GetParam() = (GFLOPS=0.118, K=[3 x 3], IN={1, 64, 16, 50}, OCN=128, P=[1 x 1], BIAS, OCV/CPU, false)
IN=200 Kb [ 1 64 16 50 ]    OUT=400 Kb [ 1 128 16 50 ]    Weights(parameters): 289 Kb    MFLOPS=118.067
[ PERFSTAT ]    (samples=10   mean=1.31   median=1.31   min=1.28   stddev=0.02 (1.5%))
[       OK ] Conv_3x3S1D1.conv/173 (15 ms)
[ RUN      ] Conv_3x3S1D1.conv/174, where GetParam() = (GFLOPS=0.118, K=[3 x 3], IN={1, 128, 8, 25}, OCN=256, P=[1 x 1], BIAS, OCV/CPU, true)
IN=100 Kb [ 1 128 8 25 ]    OUT=200 Kb [ 1 256 8 25 ]    Weights(parameters): 1153 Kb    MFLOPS=118.016
[ PERFSTAT ]    (samples=10   mean=1.21   median=1.21   min=1.18   stddev=0.02 (2.0%))
[       OK ] Conv_3x3S1D1.conv/174 (15 ms)
[ RUN      ] Conv_3x3S1D1.conv/175, where GetParam() = (GFLOPS=0.118, K=[3 x 3], IN={1, 128, 8, 25}, OCN=256, P=[1 x 1], BIAS, OCV/CPU, false)
IN=100 Kb [ 1 128 8 25 ]    OUT=200 Kb [ 1 256 8 25 ]    Weights(parameters): 1153 Kb    MFLOPS=118.016
[ PERFSTAT ]    (samples=10   mean=1.21   median=1.20   min=1.18   stddev=0.02 (1.8%))
[       OK ] Conv_3x3S1D1.conv/175 (15 ms)
[ RUN      ] Conv_3x3S1D1.conv/176, where GetParam() = (GFLOPS=0.118, K=[3 x 3], IN={1, 256, 20, 20}, OCN=64, P=[1 x 1], BIAS, OCV/CPU, true)
IN=400 Kb [ 1 256 20 20 ]    OUT=100 Kb [ 1 64 20 20 ]    Weights(parameters): 577 Kb    MFLOPS=117.99
[ PERFSTAT ]    (samples=49   mean=0.84   median=0.84   min=0.77   stddev=0.03 (3.0%))
[       OK ] Conv_3x3S1D1.conv/176 (45 ms)
[ RUN      ] Conv_3x3S1D1.conv/177, where GetParam() = (GFLOPS=0.118, K=[3 x 3], IN={1, 256, 20, 20}, OCN=64, P=[1 x 1], BIAS, OCV/CPU, false)
IN=400 Kb [ 1 256 20 20 ]    OUT=100 Kb [ 1 64 20 20 ]    Weights(parameters): 577 Kb    MFLOPS=117.99
[ PERFSTAT ]    (samples=10   mean=2.10   median=2.08   min=2.04   stddev=0.04 (2.1%))
[       OK ] Conv_3x3S1D1.conv/177 (25 ms)
[ RUN      ] Conv_3x3S1D1.conv/178, where GetParam() = (GFLOPS=0.111, K=[3 x 3], IN={1, 192, 10, 10}, OCN=320, PM=SAME, BIAS, OCV/CPU, true)
IN=75 Kb [ 1 192 10 10 ]    OUT=125 Kb [ 1 320 10 10 ]    Weights(parameters): 2162 Kb    MFLOPS=110.624
[ PERFSTAT ]    (samples=10   mean=0.96   median=0.95   min=0.94   stddev=0.02 (2.2%))
[       OK ] Conv_3x3S1D1.conv/178 (14 ms)
[ RUN      ] Conv_3x3S1D1.conv/179, where GetParam() = (GFLOPS=0.111, K=[3 x 3], IN={1, 192, 10, 10}, OCN=320, PM=SAME, BIAS, OCV/CPU, false)
IN=75 Kb [ 1 192 10 10 ]    OUT=125 Kb [ 1 320 10 10 ]    Weights(parameters): 2162 Kb    MFLOPS=110.624
[ PERFSTAT ]    (samples=63   mean=1.00   median=1.00   min=0.94   stddev=0.03 (2.8%))
[       OK ] Conv_3x3S1D1.conv/179 (68 ms)
[ RUN      ] Conv_3x3S1D1.conv/180, where GetParam() = (GFLOPS=0.213, K=[3 x 3], IN={1, 256, 19, 19}, OCN=128, P=[1 x 1], OCV/CPU, true)
IN=361 Kb [ 1 256 19 19 ]    OUT=181 Kb [ 1 128 19 19 ]    Weights(parameters): 1152 Kb    MFLOPS=212.973
[ PERFSTAT ]    (samples=10   mean=1.70   median=1.70   min=1.68   stddev=0.02 (1.1%))
[       OK ] Conv_3x3S1D1.conv/180 (23 ms)
[ RUN      ] Conv_3x3S1D1.conv/181, where GetParam() = (GFLOPS=0.213, K=[3 x 3], IN={1, 256, 19, 19}, OCN=128, P=[1 x 1], OCV/CPU, false)
IN=361 Kb [ 1 256 19 19 ]    OUT=181 Kb [ 1 128 19 19 ]    Weights(parameters): 1152 Kb    MFLOPS=212.973
[ PERFSTAT ]    (samples=10   mean=2.98   median=3.01   min=2.88   stddev=0.08 (2.6%))
[       OK ] Conv_3x3S1D1.conv/181 (35 ms)
[ RUN      ] Conv_3x3S1D1.conv/182, where GetParam() = (GFLOPS=0.213, K=[3 x 3], IN={1, 512, 38, 38}, OCN=16, P=[1 x 1], BIAS, OCV/CPU, true)
IN=2888 Kb [ 1 512 38 38 ]    OUT=91 Kb [ 1 16 38 38 ]    Weights(parameters): 289 Kb    MFLOPS=212.95
[ PERFSTAT ]    (samples=100   mean=1.74   median=1.76   min=1.33   stddev=0.17 (10.0%))
[       OK ] Conv_3x3S1D1.conv/182 (185 ms)
[ RUN      ] Conv_3x3S1D1.conv/183, where GetParam() = (GFLOPS=0.213, K=[3 x 3], IN={1, 512, 38, 38}, OCN=16, P=[1 x 1], BIAS, OCV/CPU, false)
IN=2888 Kb [ 1 512 38 38 ]    OUT=91 Kb [ 1 16 38 38 ]    Weights(parameters): 289 Kb    MFLOPS=212.95
[ PERFSTAT ]    (samples=100   mean=10.76   median=10.07   min=5.54   stddev=3.86 (35.9%))
[       OK ] Conv_3x3S1D1.conv/183 (1198 ms)
[ RUN      ] Conv_3x3S1D1.conv/184, where GetParam() = (GFLOPS=0.210, K=[3 x 3], IN={1, 64, 38, 50}, OCN=96, PM=SAME, BIAS, OCV/CPU, true)
IN=475 Kb [ 1 64 38 50 ]    OUT=713 Kb [ 1 96 38 50 ]    Weights(parameters): 217 Kb    MFLOPS=210.307
[ PERFSTAT ]    (samples=14   mean=1.93   median=1.92   min=1.88   stddev=0.06 (2.9%))
[       OK ] Conv_3x3S1D1.conv/184 (31 ms)
[ RUN      ] Conv_3x3S1D1.conv/185, where GetParam() = (GFLOPS=0.210, K=[3 x 3], IN={1, 64, 38, 50}, OCN=96, PM=SAME, BIAS, OCV/CPU, false)
IN=475 Kb [ 1 64 38 50 ]    OUT=713 Kb [ 1 96 38 50 ]    Weights(parameters): 217 Kb    MFLOPS=210.307
[ PERFSTAT ]    (samples=100   mean=3.81   median=3.92   min=3.10   stddev=0.35 (9.1%))
[       OK ] Conv_3x3S1D1.conv/185 (395 ms)
[ RUN      ] Conv_3x3S1D1.conv/186, where GetParam() = (GFLOPS=0.104, K=[3 x 3], IN={1, 32, 75, 75}, OCN=32, P=[1 x 1], OCV/CPU, true)
IN=704 Kb [ 1 32 75 75 ]    OUT=704 Kb [ 1 32 75 75 ]    Weights(parameters): 36 Kb    MFLOPS=103.86
[ PERFSTAT ]    (samples=100   mean=0.54   median=0.54   min=0.48   stddev=0.03 (5.5%))
[       OK ] Conv_3x3S1D1.conv/186 (57 ms)
[ RUN      ] Conv_3x3S1D1.conv/187, where GetParam() = (GFLOPS=0.104, K=[3 x 3], IN={1, 32, 75, 75}, OCN=32, P=[1 x 1], OCV/CPU, false)
IN=704 Kb [ 1 32 75 75 ]    OUT=704 Kb [ 1 32 75 75 ]    Weights(parameters): 36 Kb    MFLOPS=103.86
[ PERFSTAT ]    (samples=100   mean=0.18   median=0.18   min=0.14   stddev=0.02 (13.9%))
[       OK ] Conv_3x3S1D1.conv/187 (19 ms)
[ RUN      ] Conv_3x3S1D1.conv/188, where GetParam() = (GFLOPS=0.200, K=[3 x 3], IN={1, 160, 19, 19}, OCN=192, PM=SAME, BIAS, OCV/CPU, true)
IN=226 Kb [ 1 160 19 19 ]    OUT=271 Kb [ 1 192 19 19 ]    Weights(parameters): 1081 Kb    MFLOPS=199.688
[ PERFSTAT ]    (samples=100   mean=0.46   median=0.45   min=0.43   stddev=0.04 (7.7%))
[       OK ] Conv_3x3S1D1.conv/188 (52 ms)
[ RUN      ] Conv_3x3S1D1.conv/189, where GetParam() = (GFLOPS=0.200, K=[3 x 3], IN={1, 160, 19, 19}, OCN=192, PM=SAME, BIAS, OCV/CPU, false)
IN=226 Kb [ 1 160 19 19 ]    OUT=271 Kb [ 1 192 19 19 ]    Weights(parameters): 1081 Kb    MFLOPS=199.688
[ PERFSTAT ]    (samples=10   mean=2.56   median=2.58   min=2.50   stddev=0.04 (1.7%))
[       OK ] Conv_3x3S1D1.conv/189 (30 ms)
[ RUN      ] Conv_3x3S1D1.conv/190, where GetParam() = (GFLOPS=0.038, K=[3 x 3], IN={1, 32, 32, 64}, OCN=32, P=[1 x 1], BIAS, OCV/CPU, true)
IN=256 Kb [ 1 32 32 64 ]    OUT=256 Kb [ 1 32 32 64 ]    Weights(parameters): 37 Kb    MFLOPS=37.8143
[ PERFSTAT ]    (samples=100   mean=0.27   median=0.27   min=0.22   stddev=0.02 (6.1%))
[       OK ] Conv_3x3S1D1.conv/190 (28 ms)
[ RUN      ] Conv_3x3S1D1.conv/191, where GetParam() = (GFLOPS=0.038, K=[3 x 3], IN={1, 32, 32, 64}, OCN=32, P=[1 x 1], BIAS, OCV/CPU, false)
IN=256 Kb [ 1 32 32 64 ]    OUT=256 Kb [ 1 32 32 64 ]    Weights(parameters): 37 Kb    MFLOPS=37.8143
[ PERFSTAT ]    (samples=100   mean=0.95   median=0.96   min=0.84   stddev=0.05 (4.8%))
[       OK ] Conv_3x3S1D1.conv/191 (97 ms)
[ RUN      ] Conv_3x3S1D1.conv/192, where GetParam() = (GFLOPS=0.090, K=[3 x 3], IN={1, 224, 10, 10}, OCN=224, PM=SAME, BIAS, OCV/CPU, true)
IN=88 Kb [ 1 224 10 10 ]    OUT=88 Kb [ 1 224 10 10 ]    Weights(parameters): 1765 Kb    MFLOPS=90.3392
[ PERFSTAT ]    (samples=10   mean=1.07   median=1.07   min=1.02   stddev=0.03 (2.8%))
[       OK ] Conv_3x3S1D1.conv/192 (14 ms)
[ RUN      ] Conv_3x3S1D1.conv/193, where GetParam() = (GFLOPS=0.090, K=[3 x 3], IN={1, 224, 10, 10}, OCN=224, PM=SAME, BIAS, OCV/CPU, false)
IN=88 Kb [ 1 224 10 10 ]    OUT=88 Kb [ 1 224 10 10 ]    Weights(parameters): 1765 Kb    MFLOPS=90.3392
[ PERFSTAT ]    (samples=10   mean=1.08   median=1.08   min=1.06   stddev=0.01 (1.2%))
[       OK ] Conv_3x3S1D1.conv/193 (15 ms)
[ RUN      ] Conv_3x3S1D1.conv/194, where GetParam() = (GFLOPS=0.088, K=[3 x 3], IN={1, 96, 46, 46}, OCN=24, P=[1 x 1], OCV/CPU, true)
IN=794 Kb [ 1 96 46 46 ]    OUT=199 Kb [ 1 24 46 46 ]    Weights(parameters): 81 Kb    MFLOPS=87.8055
[ PERFSTAT ]    (samples=100   mean=0.50   median=0.50   min=0.45   stddev=0.02 (4.8%))
[       OK ] Conv_3x3S1D1.conv/194 (53 ms)
[ RUN      ] Conv_3x3S1D1.conv/195, where GetParam() = (GFLOPS=0.088, K=[3 x 3], IN={1, 96, 46, 46}, OCN=24, P=[1 x 1], OCV/CPU, false)
IN=794 Kb [ 1 96 46 46 ]    OUT=199 Kb [ 1 24 46 46 ]    Weights(parameters): 81 Kb    MFLOPS=87.8055
[ PERFSTAT ]    (samples=100   mean=2.05   median=2.06   min=1.84   stddev=0.09 (4.3%))
[       OK ] Conv_3x3S1D1.conv/195 (210 ms)
[ RUN      ] Conv_3x3S1D1.conv/196, where GetParam() = (GFLOPS=0.160, K=[3 x 3], IN={1, 128, 19, 19}, OCN=192, PM=SAME, BIAS, OCV/CPU, true)
IN=181 Kb [ 1 128 19 19 ]    OUT=271 Kb [ 1 192 19 19 ]    Weights(parameters): 865 Kb    MFLOPS=159.764
[ PERFSTAT ]    (samples=50   mean=0.38   median=0.38   min=0.36   stddev=0.01 (2.9%))
[       OK ] Conv_3x3S1D1.conv/196 (23 ms)
[ RUN      ] Conv_3x3S1D1.conv/197, where GetParam() = (GFLOPS=0.160, K=[3 x 3], IN={1, 128, 19, 19}, OCN=192, PM=SAME, BIAS, OCV/CPU, false)
IN=181 Kb [ 1 128 19 19 ]    OUT=271 Kb [ 1 192 19 19 ]    Weights(parameters): 865 Kb    MFLOPS=159.764
[ PERFSTAT ]    (samples=10   mean=1.20   median=1.21   min=1.15   stddev=0.03 (2.3%))
[       OK ] Conv_3x3S1D1.conv/197 (15 ms)
[ RUN      ] Conv_3x3S1D1.conv/198, where GetParam() = (GFLOPS=0.146, K=[3 x 3], IN={1, 144, 14, 14}, OCN=288, P=[1 x 1], BIAS, OCV/CPU, true)
IN=111 Kb [ 1 144 14 14 ]    OUT=221 Kb [ 1 288 14 14 ]    Weights(parameters): 1460 Kb    MFLOPS=146.37
[ PERFSTAT ]    (samples=100   mean=0.34   median=0.34   min=0.31   stddev=0.01 (3.8%))
[       OK ] Conv_3x3S1D1.conv/198 (40 ms)
[ RUN      ] Conv_3x3S1D1.conv/199, where GetParam() = (GFLOPS=0.146, K=[3 x 3], IN={1, 144, 14, 14}, OCN=288, P=[1 x 1], BIAS, OCV/CPU, false)
IN=111 Kb [ 1 144 14 14 ]    OUT=221 Kb [ 1 288 14 14 ]    Weights(parameters): 1460 Kb    MFLOPS=146.37
[ PERFSTAT ]    (samples=10   mean=1.25   median=1.24   min=1.23   stddev=0.02 (1.5%))
[       OK ] Conv_3x3S1D1.conv/199 (16 ms)
[ RUN      ] Conv_3x3S1D1.conv/200, where GetParam() = (GFLOPS=0.139, K=[3 x 3], IN={1, 256, 5, 5}, OCN=1206, P=[1 x 1], BIAS, OCV/CPU, true)
IN=25 Kb [ 1 256 5 5 ]    OUT=118 Kb [ 1 1206 5 5 ]    Weights(parameters): 10859 Kb    MFLOPS=138.961
[ PERFSTAT ]    (samples=100   mean=0.53   median=0.52   min=0.48   stddev=0.02 (3.7%))
[       OK ] Conv_3x3S1D1.conv/200 (74 ms)
[ RUN      ] Conv_3x3S1D1.conv/201, where GetParam() = (GFLOPS=0.139, K=[3 x 3], IN={1, 256, 5, 5}, OCN=1206, P=[1 x 1], BIAS, OCV/CPU, false)
IN=25 Kb [ 1 256 5 5 ]    OUT=118 Kb [ 1 1206 5 5 ]    Weights(parameters): 10859 Kb    MFLOPS=138.961
[ PERFSTAT ]    (samples=100   mean=0.52   median=0.52   min=0.47   stddev=0.02 (4.6%))
[       OK ] Conv_3x3S1D1.conv/201 (68 ms)
[ RUN      ] Conv_3x3S1D1.conv/202, where GetParam() = (GFLOPS=0.128, K=[3 x 3], IN={1, 64, 24, 24}, OCN=192, P=[1 x 1], BIAS, OCV/CPU, true)
IN=144 Kb [ 1 64 24 24 ]    OUT=432 Kb [ 1 192 24 24 ]    Weights(parameters): 433 Kb    MFLOPS=127.513
[ PERFSTAT ]    (samples=50   mean=0.30   median=0.30   min=0.28   stddev=0.01 (2.9%))
[       OK ] Conv_3x3S1D1.conv/202 (18 ms)
[ RUN      ] Conv_3x3S1D1.conv/203, where GetParam() = (GFLOPS=0.128, K=[3 x 3], IN={1, 64, 24, 24}, OCN=192, P=[1 x 1], BIAS, OCV/CPU, false)
IN=144 Kb [ 1 64 24 24 ]    OUT=432 Kb [ 1 192 24 24 ]    Weights(parameters): 433 Kb    MFLOPS=127.513
[ PERFSTAT ]    (samples=10   mean=1.14   median=1.14   min=1.13   stddev=0.01 (0.7%))
[       OK ] Conv_3x3S1D1.conv/203 (13 ms)
[ RUN      ] Conv_3x3S1D1.conv/204, where GetParam() = (GFLOPS=0.058, K=[3 x 3], IN={1, 16, 56, 56}, OCN=64, P=[1 x 1], BIAS, OCV/CPU, true)
IN=196 Kb [ 1 16 56 56 ]    OUT=784 Kb [ 1 64 56 56 ]    Weights(parameters): 37 Kb    MFLOPS=58.0035
[ PERFSTAT ]    (samples=100   mean=0.20   median=0.20   min=0.19   stddev=0.01 (4.0%))
[       OK ] Conv_3x3S1D1.conv/204 (22 ms)
[ RUN      ] Conv_3x3S1D1.conv/205, where GetParam() = (GFLOPS=0.058, K=[3 x 3], IN={1, 16, 56, 56}, OCN=64, P=[1 x 1], BIAS, OCV/CPU, false)
IN=196 Kb [ 1 16 56 56 ]    OUT=784 Kb [ 1 64 56 56 ]    Weights(parameters): 37 Kb    MFLOPS=58.0035
[ PERFSTAT ]    (samples=100   mean=0.12   median=0.12   min=0.10   stddev=0.01 (7.6%))
[       OK ] Conv_3x3S1D1.conv/205 (12 ms)
[ RUN      ] Conv_3x3S1D1.conv/206, where GetParam() = (GFLOPS=0.058, K=[3 x 3], IN={1, 32, 28, 28}, OCN=128, P=[1 x 1], BIAS, OCV/CPU, true)
IN=98 Kb [ 1 32 28 28 ]    OUT=392 Kb [ 1 128 28 28 ]    Weights(parameters): 145 Kb    MFLOPS=57.9031
[ PERFSTAT ]    (samples=13   mean=0.20   median=0.20   min=0.19   stddev=0.00 (2.1%))
[       OK ] Conv_3x3S1D1.conv/206 (4 ms)
[ RUN      ] Conv_3x3S1D1.conv/207, where GetParam() = (GFLOPS=0.058, K=[3 x 3], IN={1, 32, 28, 28}, OCN=128, P=[1 x 1], BIAS, OCV/CPU, false)
IN=98 Kb [ 1 32 28 28 ]    OUT=392 Kb [ 1 128 28 28 ]    Weights(parameters): 145 Kb    MFLOPS=57.9031
[ PERFSTAT ]    (samples=10   mean=0.68   median=0.68   min=0.67   stddev=0.01 (1.0%))
[       OK ] Conv_3x3S1D1.conv/207 (8 ms)
[ RUN      ] Conv_3x3S1D1.conv/208, where GetParam() = (GFLOPS=0.058, K=[3 x 3], IN={1, 64, 14, 14}, OCN=256, P=[1 x 1], BIAS, OCV/CPU, true)
IN=49 Kb [ 1 64 14 14 ]    OUT=196 Kb [ 1 256 14 14 ]    Weights(parameters): 577 Kb    MFLOPS=57.8529
[ PERFSTAT ]    (samples=100   mean=0.20   median=0.20   min=0.18   stddev=0.01 (3.4%))
[       OK ] Conv_3x3S1D1.conv/208 (23 ms)
[ RUN      ] Conv_3x3S1D1.conv/209, where GetParam() = (GFLOPS=0.058, K=[3 x 3], IN={1, 64, 14, 14}, OCN=256, P=[1 x 1], BIAS, OCV/CPU, false)
IN=49 Kb [ 1 64 14 14 ]    OUT=196 Kb [ 1 256 14 14 ]    Weights(parameters): 577 Kb    MFLOPS=57.8529
[ PERFSTAT ]    (samples=39   mean=0.32   median=0.32   min=0.30   stddev=0.01 (3.0%))
[       OK ] Conv_3x3S1D1.conv/209 (14 ms)
[ RUN      ] Conv_3x3S1D1.conv/210, where GetParam() = (GFLOPS=0.045, K=[3 x 3], IN={1, 576, 19, 19}, OCN=12, PM=SAME, BIAS, OCV/CPU, true)
IN=813 Kb [ 1 576 19 19 ]    OUT=17 Kb [ 1 12 19 19 ]    Weights(parameters): 244 Kb    MFLOPS=44.9185
[ PERFSTAT ]    (samples=100   mean=0.63   median=0.63   min=0.57   stddev=0.02 (3.5%))
[       OK ] Conv_3x3S1D1.conv/210 (66 ms)
[ RUN      ] Conv_3x3S1D1.conv/211, where GetParam() = (GFLOPS=0.045, K=[3 x 3], IN={1, 576, 19, 19}, OCN=12, PM=SAME, BIAS, OCV/CPU, false)
IN=813 Kb [ 1 576 19 19 ]    OUT=17 Kb [ 1 12 19 19 ]    Weights(parameters): 244 Kb    MFLOPS=44.9185
[ PERFSTAT ]    (samples=100   mean=1.54   median=1.54   min=1.31   stddev=0.12 (7.7%))
[       OK ] Conv_3x3S1D1.conv/211 (160 ms)
[ RUN      ] Conv_3x3S1D1.conv/212, where GetParam() = (GFLOPS=0.089, K=[3 x 3], IN={1, 112, 14, 14}, OCN=224, P=[1 x 1], BIAS, OCV/CPU, true)
IN=86 Kb [ 1 112 14 14 ]    OUT=172 Kb [ 1 224 14 14 ]    Weights(parameters): 883 Kb    MFLOPS=88.5544
[ PERFSTAT ]    (samples=100   mean=0.31   median=0.31   min=0.29   stddev=0.01 (2.9%))
[       OK ] Conv_3x3S1D1.conv/212 (35 ms)
[ RUN      ] Conv_3x3S1D1.conv/213, where GetParam() = (GFLOPS=0.089, K=[3 x 3], IN={1, 112, 14, 14}, OCN=224, P=[1 x 1], BIAS, OCV/CPU, false)
IN=86 Kb [ 1 112 14 14 ]    OUT=172 Kb [ 1 224 14 14 ]    Weights(parameters): 883 Kb    MFLOPS=88.5544
[ PERFSTAT ]    (samples=10   mean=0.82   median=0.82   min=0.81   stddev=0.01 (1.4%))
[       OK ] Conv_3x3S1D1.conv/213 (10 ms)
[ RUN      ] Conv_3x3S1D1.conv/214, where GetParam() = (GFLOPS=0.043, K=[3 x 3], IN={1, 32, 48, 48}, OCN=32, P=[1 x 1], PM=SAME, BIAS, OCV/CPU, true)
IN=288 Kb [ 1 32 48 48 ]    OUT=288 Kb [ 1 32 48 48 ]    Weights(parameters): 37 Kb    MFLOPS=42.5411
[ PERFSTAT ]    (samples=100   mean=0.25   median=0.25   min=0.21   stddev=0.01 (5.9%))
[       OK ] Conv_3x3S1D1.conv/214 (26 ms)
[ RUN      ] Conv_3x3S1D1.conv/215, where GetParam() = (GFLOPS=0.043, K=[3 x 3], IN={1, 32, 48, 48}, OCN=32, P=[1 x 1], PM=SAME, BIAS, OCV/CPU, false)
IN=288 Kb [ 1 32 48 48 ]    OUT=288 Kb [ 1 32 48 48 ]    Weights(parameters): 37 Kb    MFLOPS=42.5411
[ PERFSTAT ]    (samples=100   mean=1.11   median=1.10   min=0.92   stddev=0.06 (5.3%))
[       OK ] Conv_3x3S1D1.conv/215 (113 ms)
[ RUN      ] Conv_3x3S1D1.conv/216, where GetParam() = (GFLOPS=0.011, K=[3 x 3], IN={1, 128, 6, 6}, OCN=128, P=[1 x 1], PM=SAME, BIAS, OCV/CPU, true)
IN=18 Kb [ 1 128 6 6 ]    OUT=18 Kb [ 1 128 6 6 ]    Weights(parameters): 577 Kb    MFLOPS=10.6214
[ PERFSTAT ]    (samples=12   mean=0.20   median=0.20   min=0.19   stddev=0.01 (2.9%))
[       OK ] Conv_3x3S1D1.conv/216 (4 ms)
[ RUN      ] Conv_3x3S1D1.conv/217, where GetParam() = (GFLOPS=0.011, K=[3 x 3], IN={1, 128, 6, 6}, OCN=128, P=[1 x 1], PM=SAME, BIAS, OCV/CPU, false)
IN=18 Kb [ 1 128 6 6 ]    OUT=18 Kb [ 1 128 6 6 ]    Weights(parameters): 577 Kb    MFLOPS=10.6214
[ PERFSTAT ]    (samples=18   mean=0.20   median=0.20   min=0.19   stddev=0.01 (3.0%))
[       OK ] Conv_3x3S1D1.conv/217 (4 ms)
[ RUN      ] Conv_3x3S1D1.conv/218, where GetParam() = (GFLOPS=0.077, K=[3 x 3], IN={1, 192, 10, 10}, OCN=224, PM=SAME, BIAS, OCV/CPU, true)
IN=75 Kb [ 1 192 10 10 ]    OUT=88 Kb [ 1 224 10 10 ]    Weights(parameters): 1513 Kb    MFLOPS=77.4368
[ PERFSTAT ]    (samples=10   mean=0.96   median=0.96   min=0.90   stddev=0.03 (2.6%))
[       OK ] Conv_3x3S1D1.conv/218 (14 ms)
[ RUN      ] Conv_3x3S1D1.conv/219, where GetParam() = (GFLOPS=0.077, K=[3 x 3], IN={1, 192, 10, 10}, OCN=224, PM=SAME, BIAS, OCV/CPU, false)
IN=75 Kb [ 1 192 10 10 ]    OUT=88 Kb [ 1 224 10 10 ]    Weights(parameters): 1513 Kb    MFLOPS=77.4368
[ PERFSTAT ]    (samples=15   mean=0.95   median=0.95   min=0.89   stddev=0.03 (3.0%))
[       OK ] Conv_3x3S1D1.conv/219 (17 ms)
[ RUN      ] Conv_3x3S1D1.conv/220, where GetParam() = (GFLOPS=0.070, K=[3 x 3], IN={1, 96, 14, 14}, OCN=208, P=[1 x 1], BIAS, OCV/CPU, true)
IN=74 Kb [ 1 96 14 14 ]    OUT=160 Kb [ 1 208 14 14 ]    Weights(parameters): 703 Kb    MFLOPS=70.4879
[ PERFSTAT ]    (samples=56   mean=0.31   median=0.31   min=0.29   stddev=0.01 (3.0%))
[       OK ] Conv_3x3S1D1.conv/220 (21 ms)
[ RUN      ] Conv_3x3S1D1.conv/221, where GetParam() = (GFLOPS=0.070, K=[3 x 3], IN={1, 96, 14, 14}, OCN=208, P=[1 x 1], BIAS, OCV/CPU, false)
IN=74 Kb [ 1 96 14 14 ]    OUT=160 Kb [ 1 208 14 14 ]    Weights(parameters): 703 Kb    MFLOPS=70.4879
[ PERFSTAT ]    (samples=10   mean=0.48   median=0.48   min=0.47   stddev=0.01 (2.6%))
[       OK ] Conv_3x3S1D1.conv/221 (6 ms)
[ RUN      ] Conv_3x3S1D1.conv/222, where GetParam() = (GFLOPS=0.069, K=[3 x 3], IN={1, 96, 14, 14}, OCN=204, PM=SAME, BIAS, OCV/CPU, true)
IN=74 Kb [ 1 96 14 14 ]    OUT=157 Kb [ 1 204 14 14 ]    Weights(parameters): 690 Kb    MFLOPS=69.1323
[ PERFSTAT ]    (samples=25   mean=0.31   median=0.31   min=0.30   stddev=0.01 (2.6%))
[       OK ] Conv_3x3S1D1.conv/222 (11 ms)
[ RUN      ] Conv_3x3S1D1.conv/223, where GetParam() = (GFLOPS=0.069, K=[3 x 3], IN={1, 96, 14, 14}, OCN=204, PM=SAME, BIAS, OCV/CPU, false)
IN=74 Kb [ 1 96 14 14 ]    OUT=157 Kb [ 1 204 14 14 ]    Weights(parameters): 690 Kb    MFLOPS=69.1323
[ PERFSTAT ]    (samples=10   mean=0.49   median=0.49   min=0.47   stddev=0.01 (2.2%))
[       OK ] Conv_3x3S1D1.conv/223 (7 ms)
[ RUN      ] Conv_3x3S1D1.conv/224, where GetParam() = (GFLOPS=0.065, K=[3 x 3], IN={1, 192, 7, 7}, OCN=384, P=[1 x 1], BIAS, OCV/CPU, true)
IN=37 Kb [ 1 192 7 7 ]    OUT=74 Kb [ 1 384 7 7 ]    Weights(parameters): 2594 Kb    MFLOPS=65.0469
[ PERFSTAT ]    (samples=10   mean=0.48   median=0.48   min=0.47   stddev=0.01 (2.7%))
[       OK ] Conv_3x3S1D1.conv/224 (10 ms)
[ RUN      ] Conv_3x3S1D1.conv/225, where GetParam() = (GFLOPS=0.065, K=[3 x 3], IN={1, 192, 7, 7}, OCN=384, P=[1 x 1], BIAS, OCV/CPU, false)
IN=37 Kb [ 1 192 7 7 ]    OUT=74 Kb [ 1 384 7 7 ]    Weights(parameters): 2594 Kb    MFLOPS=65.0469
[ PERFSTAT ]    (samples=10   mean=0.48   median=0.48   min=0.46   stddev=0.01 (1.8%))
[       OK ] Conv_3x3S1D1.conv/225 (8 ms)
[ RUN      ] Conv_3x3S1D1.conv/226, where GetParam() = (GFLOPS=0.065, K=[3 x 3], IN={1, 160, 10, 10}, OCN=224, PM=SAME, BIAS, OCV/CPU, true)
IN=63 Kb [ 1 160 10 10 ]    OUT=88 Kb [ 1 224 10 10 ]    Weights(parameters): 1261 Kb    MFLOPS=64.5344
[ PERFSTAT ]    (samples=10   mean=0.49   median=0.49   min=0.47   stddev=0.01 (3.0%))
[       OK ] Conv_3x3S1D1.conv/226 (8 ms)
[ RUN      ] Conv_3x3S1D1.conv/227, where GetParam() = (GFLOPS=0.065, K=[3 x 3], IN={1, 160, 10, 10}, OCN=224, PM=SAME, BIAS, OCV/CPU, false)
IN=63 Kb [ 1 160 10 10 ]    OUT=88 Kb [ 1 224 10 10 ]    Weights(parameters): 1261 Kb    MFLOPS=64.5344
[ PERFSTAT ]    (samples=10   mean=0.49   median=0.48   min=0.46   stddev=0.01 (3.0%))
[       OK ] Conv_3x3S1D1.conv/227 (7 ms)
[ RUN      ] Conv_3x3S1D1.conv/228, where GetParam() = (GFLOPS=0.033, K=[3 x 3], IN={1, 48, 14, 14}, OCN=192, P=[1 x 1], BIAS, OCV/CPU, true)
IN=37 Kb [ 1 48 14 14 ]    OUT=147 Kb [ 1 192 14 14 ]    Weights(parameters): 325 Kb    MFLOPS=32.5517
[ PERFSTAT ]    (samples=50   mean=0.18   median=0.18   min=0.17   stddev=0.01 (2.9%))
[       OK ] Conv_3x3S1D1.conv/228 (11 ms)
[ RUN      ] Conv_3x3S1D1.conv/229, where GetParam() = (GFLOPS=0.033, K=[3 x 3], IN={1, 48, 14, 14}, OCN=192, P=[1 x 1], BIAS, OCV/CPU, false)
IN=37 Kb [ 1 48 14 14 ]    OUT=147 Kb [ 1 192 14 14 ]    Weights(parameters): 325 Kb    MFLOPS=32.5517
[ PERFSTAT ]    (samples=10   mean=0.42   median=0.42   min=0.41   stddev=0.01 (1.3%))
[       OK ] Conv_3x3S1D1.conv/229 (5 ms)
[ RUN      ] Conv_3x3S1D1.conv/230, where GetParam() = (GFLOPS=0.032, K=[3 x 3], IN={1, 96, 12, 12}, OCN=128, P=[1 x 1], BIAS, OCV/CPU, true)
IN=54 Kb [ 1 96 12 12 ]    OUT=72 Kb [ 1 128 12 12 ]    Weights(parameters): 433 Kb    MFLOPS=31.8689
[ PERFSTAT ]    (samples=13   mean=0.17   median=0.17   min=0.17   stddev=0.00 (1.5%))
[       OK ] Conv_3x3S1D1.conv/230 (5 ms)
[ RUN      ] Conv_3x3S1D1.conv/231, where GetParam() = (GFLOPS=0.032, K=[3 x 3], IN={1, 96, 12, 12}, OCN=128, P=[1 x 1], BIAS, OCV/CPU, false)
IN=54 Kb [ 1 96 12 12 ]    OUT=72 Kb [ 1 128 12 12 ]    Weights(parameters): 433 Kb    MFLOPS=31.8689
[ PERFSTAT ]    (samples=10   mean=0.45   median=0.44   min=0.43   stddev=0.01 (2.0%))
[       OK ] Conv_3x3S1D1.conv/231 (5 ms)
[ RUN      ] Conv_3x3S1D1.conv/232, where GetParam() = (GFLOPS=0.004, K=[3 x 3], IN={1, 128, 7, 7}, OCN=32, P=[1 x 1], OCV/CPU, true)
IN=25 Kb [ 1 128 7 7 ]    OUT=7 Kb [ 1 32 7 7 ]    Weights(parameters): 144 Kb    MFLOPS=3.61424
[ PERFSTAT ]    (samples=10   mean=0.16   median=0.16   min=0.15   stddev=0.00 (2.5%))
[       OK ] Conv_3x3S1D1.conv/232 (2 ms)
[ RUN      ] Conv_3x3S1D1.conv/233, where GetParam() = (GFLOPS=0.004, K=[3 x 3], IN={1, 128, 7, 7}, OCN=32, P=[1 x 1], OCV/CPU, false)
IN=25 Kb [ 1 128 7 7 ]    OUT=7 Kb [ 1 32 7 7 ]    Weights(parameters): 144 Kb    MFLOPS=3.61424
[ PERFSTAT ]    (samples=100   mean=0.15   median=0.15   min=0.14   stddev=0.01 (4.1%))
[       OK ] Conv_3x3S1D1.conv/233 (16 ms)
[ RUN      ] Conv_3x3S1D1.conv/234, where GetParam() = (GFLOPS=0.055, K=[3 x 3], IN={1, 1280, 10, 10}, OCN=24, PM=SAME, BIAS, OCV/CPU, true)
IN=500 Kb [ 1 1280 10 10 ]    OUT=10 Kb [ 1 24 10 10 ]    Weights(parameters): 1081 Kb    MFLOPS=55.2984
[ PERFSTAT ]    (samples=10   mean=1.70   median=1.70   min=1.64   stddev=0.04 (2.3%))
[       OK ] Conv_3x3S1D1.conv/234 (22 ms)
[ RUN      ] Conv_3x3S1D1.conv/235, where GetParam() = (GFLOPS=0.055, K=[3 x 3], IN={1, 1280, 10, 10}, OCN=24, PM=SAME, BIAS, OCV/CPU, false)
IN=500 Kb [ 1 1280 10 10 ]    OUT=10 Kb [ 1 24 10 10 ]    Weights(parameters): 1081 Kb    MFLOPS=55.2984
[ PERFSTAT ]    (samples=100   mean=1.65   median=1.66   min=1.44   stddev=0.07 (4.0%))
[       OK ] Conv_3x3S1D1.conv/235 (169 ms)
[ RUN      ] Conv_3x3S1D1.conv/236, where GetParam() = (GFLOPS=0.053, K=[3 x 3], IN={1, 128, 38, 38}, OCN=16, P=[1 x 1], BIAS, OCV/CPU, true)
IN=722 Kb [ 1 128 38 38 ]    OUT=91 Kb [ 1 16 38 38 ]    Weights(parameters): 73 Kb    MFLOPS=53.2547
[ PERFSTAT ]    (samples=100   mean=0.43   median=0.43   min=0.36   stddev=0.03 (6.7%))
[       OK ] Conv_3x3S1D1.conv/236 (46 ms)
[ RUN      ] Conv_3x3S1D1.conv/237, where GetParam() = (GFLOPS=0.053, K=[3 x 3], IN={1, 128, 38, 38}, OCN=16, P=[1 x 1], BIAS, OCV/CPU, false)
IN=722 Kb [ 1 128 38 38 ]    OUT=91 Kb [ 1 16 38 38 ]    Weights(parameters): 73 Kb    MFLOPS=53.2547
[ PERFSTAT ]    (samples=100   mean=1.53   median=1.55   min=1.19   stddev=0.13 (8.7%))
[       OK ] Conv_3x3S1D1.conv/237 (156 ms)
[ RUN      ] Conv_3x3S1D1.conv/238, where GetParam() = (GFLOPS=0.045, K=[3 x 3], IN={1, 160, 7, 7}, OCN=320, P=[1 x 1], BIAS, OCV/CPU, true)
IN=31 Kb [ 1 160 7 7 ]    OUT=62 Kb [ 1 320 7 7 ]    Weights(parameters): 1802 Kb    MFLOPS=45.1741
[ PERFSTAT ]    (samples=17   mean=0.29   median=0.28   min=0.28   stddev=0.01 (3.0%))
[       OK ] Conv_3x3S1D1.conv/238 (8 ms)
[ RUN      ] Conv_3x3S1D1.conv/239, where GetParam() = (GFLOPS=0.045, K=[3 x 3], IN={1, 160, 7, 7}, OCN=320, P=[1 x 1], BIAS, OCV/CPU, false)
IN=31 Kb [ 1 160 7 7 ]    OUT=62 Kb [ 1 320 7 7 ]    Weights(parameters): 1802 Kb    MFLOPS=45.1741
[ PERFSTAT ]    (samples=38   mean=0.28   median=0.28   min=0.27   stddev=0.01 (3.0%))
[       OK ] Conv_3x3S1D1.conv/239 (14 ms)
[ RUN      ] Conv_3x3S1D1.conv/240, where GetParam() = (GFLOPS=0.044, K=[3 x 3], IN={1, 1024, 10, 10}, OCN=24, PM=SAME, BIAS, OCV/CPU, true)
IN=400 Kb [ 1 1024 10 10 ]    OUT=10 Kb [ 1 24 10 10 ]    Weights(parameters): 865 Kb    MFLOPS=44.2392
[ PERFSTAT ]    (samples=10   mean=1.36   median=1.37   min=1.28   stddev=0.04 (2.6%))
[       OK ] Conv_3x3S1D1.conv/240 (17 ms)
[ RUN      ] Conv_3x3S1D1.conv/241, where GetParam() = (GFLOPS=0.044, K=[3 x 3], IN={1, 1024, 10, 10}, OCN=24, PM=SAME, BIAS, OCV/CPU, false)
IN=400 Kb [ 1 1024 10 10 ]    OUT=10 Kb [ 1 24 10 10 ]    Weights(parameters): 865 Kb    MFLOPS=44.2392
[ PERFSTAT ]    (samples=100   mean=1.39   median=1.40   min=1.25   stddev=0.07 (4.7%))
[       OK ] Conv_3x3S1D1.conv/241 (143 ms)
[ RUN      ] Conv_3x3S1D1.conv/242, where GetParam() = (GFLOPS=0.022, K=[3 x 3], IN={1, 3, 112, 112}, OCN=32, P=[1 x 1], OCV/CPU, true)
IN=147 Kb [ 1 3 112 112 ]    OUT=1568 Kb [ 1 32 112 112 ]    Weights(parameters): 4 Kb    MFLOPS=22.0774
[ PERFSTAT ]    (samples=100   mean=0.26   median=0.27   min=0.20   stddev=0.02 (9.2%))
[       OK ] Conv_3x3S1D1.conv/242 (27 ms)
[ RUN      ] Conv_3x3S1D1.conv/243, where GetParam() = (GFLOPS=0.022, K=[3 x 3], IN={1, 3, 112, 112}, OCN=32, P=[1 x 1], OCV/CPU, false)
IN=147 Kb [ 1 3 112 112 ]    OUT=1568 Kb [ 1 32 112 112 ]    Weights(parameters): 4 Kb    MFLOPS=22.0774
[ PERFSTAT ]    (samples=100   mean=0.08   median=0.08   min=0.07   stddev=0.00 (5.9%))
[       OK ] Conv_3x3S1D1.conv/243 (8 ms)
[ RUN      ] Conv_3x3S1D1.conv/244, where GetParam() = (GFLOPS=0.022, K=[3 x 3], IN={1, 96, 23, 23}, OCN=24, P=[1 x 1], OCV/CPU, true)
IN=199 Kb [ 1 96 23 23 ]    OUT=50 Kb [ 1 24 23 23 ]    Weights(parameters): 81 Kb    MFLOPS=21.9514
[ PERFSTAT ]    (samples=100   mean=0.17   median=0.17   min=0.14   stddev=0.01 (8.0%))
[       OK ] Conv_3x3S1D1.conv/244 (18 ms)
[ RUN      ] Conv_3x3S1D1.conv/245, where GetParam() = (GFLOPS=0.022, K=[3 x 3], IN={1, 96, 23, 23}, OCN=24, P=[1 x 1], OCV/CPU, false)
IN=199 Kb [ 1 96 23 23 ]    OUT=50 Kb [ 1 24 23 23 ]    Weights(parameters): 81 Kb    MFLOPS=21.9514
[ PERFSTAT ]    (samples=100   mean=0.54   median=0.53   min=0.48   stddev=0.03 (5.1%))
[       OK ] Conv_3x3S1D1.conv/245 (56 ms)
[ RUN      ] Conv_3x3S1D1.conv/246, where GetParam() = (GFLOPS=0.007, K=[3 x 3], IN={1, 48, 16, 16}, OCN=32, P=[1 x 1], BIAS, OCV/CPU, true)
IN=48 Kb [ 1 48 16 16 ]    OUT=32 Kb [ 1 32 16 16 ]    Weights(parameters): 55 Kb    MFLOPS=7.08608
[ PERFSTAT ]    (samples=100   mean=0.08   median=0.08   min=0.08   stddev=0.00 (5.6%))
[       OK ] Conv_3x3S1D1.conv/246 (9 ms)
[ RUN      ] Conv_3x3S1D1.conv/247, where GetParam() = (GFLOPS=0.007, K=[3 x 3], IN={1, 48, 16, 16}, OCN=32, P=[1 x 1], BIAS, OCV/CPU, false)
IN=48 Kb [ 1 48 16 16 ]    OUT=32 Kb [ 1 32 16 16 ]    Weights(parameters): 55 Kb    MFLOPS=7.08608
[ PERFSTAT ]    (samples=13   mean=0.21   median=0.21   min=0.20   stddev=0.01 (2.7%))
[       OK ] Conv_3x3S1D1.conv/247 (3 ms)
[ RUN      ] Conv_3x3S1D1.conv/248, where GetParam() = (GFLOPS=0.040, K=[3 x 3], IN={1, 64, 19, 19}, OCN=96, PM=SAME, BIAS, OCV/CPU, true)
IN=91 Kb [ 1 64 19 19 ]    OUT=136 Kb [ 1 96 19 19 ]    Weights(parameters): 217 Kb    MFLOPS=39.9584
[ PERFSTAT ]    (samples=75   mean=0.21   median=0.21   min=0.20   stddev=0.01 (3.0%))
[       OK ] Conv_3x3S1D1.conv/248 (17 ms)
[ RUN      ] Conv_3x3S1D1.conv/249, where GetParam() = (GFLOPS=0.040, K=[3 x 3], IN={1, 64, 19, 19}, OCN=96, PM=SAME, BIAS, OCV/CPU, false)
IN=91 Kb [ 1 64 19 19 ]    OUT=136 Kb [ 1 96 19 19 ]    Weights(parameters): 217 Kb    MFLOPS=39.9584
[ PERFSTAT ]    (samples=10   mean=0.71   median=0.70   min=0.69   stddev=0.01 (1.5%))
[       OK ] Conv_3x3S1D1.conv/249 (9 ms)
[ RUN      ] Conv_3x3S1D1.conv/250, where GetParam() = (GFLOPS=0.027, K=[3 x 3], IN={1, 128, 38, 38}, OCN=8, P=[1 x 1], BIAS, OCV/CPU, true)
IN=722 Kb [ 1 128 38 38 ]    OUT=46 Kb [ 1 8 38 38 ]    Weights(parameters): 37 Kb    MFLOPS=26.6274
[ PERFSTAT ]    (samples=100   mean=0.37   median=0.38   min=0.31   stddev=0.02 (5.5%))
[       OK ] Conv_3x3S1D1.conv/250 (39 ms)
[ RUN      ] Conv_3x3S1D1.conv/251, where GetParam() = (GFLOPS=0.027, K=[3 x 3], IN={1, 128, 38, 38}, OCN=8, P=[1 x 1], BIAS, OCV/CPU, false)
IN=722 Kb [ 1 128 38 38 ]    OUT=46 Kb [ 1 8 38 38 ]    Weights(parameters): 37 Kb    MFLOPS=26.6274
[ PERFSTAT ]    (samples=100   mean=1.16   median=1.15   min=1.01   stddev=0.09 (7.6%))
[       OK ] Conv_3x3S1D1.conv/251 (119 ms)
[ RUN      ] Conv_3x3S1D1.conv/252, where GetParam() = (GFLOPS=0.010, K=[3 x 3], IN={1, 256, 2, 2}, OCN=546, PM=SAME, BIAS, OCV/CPU, true)
IN=4 Kb [ 1 256 2 2 ]    OUT=9 Kb [ 1 546 2 2 ]    Weights(parameters): 4917 Kb    MFLOPS=10.0661
[ PERFSTAT ]    (samples=100   mean=0.29   median=0.28   min=0.26   stddev=0.02 (5.5%))
[       OK ] Conv_3x3S1D1.conv/252 (39 ms)
[ RUN      ] Conv_3x3S1D1.conv/253, where GetParam() = (GFLOPS=0.010, K=[3 x 3], IN={1, 256, 2, 2}, OCN=546, PM=SAME, BIAS, OCV/CPU, false)
IN=4 Kb [ 1 256 2 2 ]    OUT=9 Kb [ 1 546 2 2 ]    Weights(parameters): 4917 Kb    MFLOPS=10.0661
[ PERFSTAT ]    (samples=100   mean=0.28   median=0.28   min=0.27   stddev=0.01 (5.1%))
[       OK ] Conv_3x3S1D1.conv/253 (36 ms)
[ RUN      ] Conv_3x3S1D1.conv/254, where GetParam() = (GFLOPS=0.010, K=[3 x 3], IN={1, 8, 256, 256}, OCN=1, P=[1 x 1], BIAS, OCV/CPU, true)
IN=2048 Kb [ 1 8 256 256 ]    OUT=256 Kb [ 1 1 256 256 ]    Weights(parameters): 1 Kb    MFLOPS=9.50272
[ PERFSTAT ]    (samples=100   mean=0.96   median=0.96   min=0.81   stddev=0.07 (6.9%))
[       OK ] Conv_3x3S1D1.conv/254 (101 ms)
[ RUN      ] Conv_3x3S1D1.conv/255, where GetParam() = (GFLOPS=0.010, K=[3 x 3], IN={1, 8, 256, 256}, OCN=1, P=[1 x 1], BIAS, OCV/CPU, false)
IN=2048 Kb [ 1 8 256 256 ]    OUT=256 Kb [ 1 1 256 256 ]    Weights(parameters): 1 Kb    MFLOPS=9.50272
[ PERFSTAT ]    (samples=100   mean=0.12   median=0.12   min=0.10   stddev=0.01 (10.6%))
[       OK ] Conv_3x3S1D1.conv/255 (15 ms)
[ RUN      ] Conv_3x3S1D1.conv/256, where GetParam() = (GFLOPS=0.002, K=[3 x 3], IN={1, 32, 16, 16}, OCN=16, P=[1 x 1], BIAS, OCV/CPU, true)
IN=32 Kb [ 1 32 16 16 ]    OUT=16 Kb [ 1 16 16 16 ]    Weights(parameters): 19 Kb    MFLOPS=2.36339
[ PERFSTAT ]    (samples=100   mean=0.06   median=0.06   min=0.05   stddev=0.00 (6.5%))
[       OK ] Conv_3x3S1D1.conv/256 (6 ms)
[ RUN      ] Conv_3x3S1D1.conv/257, where GetParam() = (GFLOPS=0.002, K=[3 x 3], IN={1, 32, 16, 16}, OCN=16, P=[1 x 1], BIAS, OCV/CPU, false)
IN=32 Kb [ 1 32 16 16 ]    OUT=16 Kb [ 1 16 16 16 ]    Weights(parameters): 19 Kb    MFLOPS=2.36339
[ PERFSTAT ]    (samples=100   mean=0.10   median=0.10   min=0.09   stddev=0.00 (5.0%))
[       OK ] Conv_3x3S1D1.conv/257 (11 ms)
[ RUN      ] Conv_3x3S1D1.conv/258, where GetParam() = (GFLOPS=0.001, K=[3 x 3], IN={1, 64, 4, 4}, OCN=64, PM=SAME, OCV/CPU, true)
IN=4 Kb [ 1 64 4 4 ]    OUT=4 Kb [ 1 64 4 4 ]    Weights(parameters): 144 Kb    MFLOPS=1.18067
[ PERFSTAT ]    (samples=100   mean=0.08   median=0.08   min=0.07   stddev=0.00 (4.3%))
[       OK ] Conv_3x3S1D1.conv/258 (8 ms)
[ RUN      ] Conv_3x3S1D1.conv/259, where GetParam() = (GFLOPS=0.001, K=[3 x 3], IN={1, 64, 4, 4}, OCN=64, PM=SAME, OCV/CPU, false)
IN=4 Kb [ 1 64 4 4 ]    OUT=4 Kb [ 1 64 4 4 ]    Weights(parameters): 144 Kb    MFLOPS=1.18067
[ PERFSTAT ]    (samples=100   mean=0.08   median=0.08   min=0.07   stddev=0.00 (3.6%))
[       OK ] Conv_3x3S1D1.conv/259 (8 ms)
[ RUN      ] Conv_3x3S1D1.conv/260, where GetParam() = (GFLOPS=0.012, K=[3 x 3], IN={1, 96, 6, 6}, OCN=192, P=[1 x 1], BIAS, OCV/CPU, true)
IN=14 Kb [ 1 96 6 6 ]    OUT=27 Kb [ 1 192 6 6 ]    Weights(parameters): 649 Kb    MFLOPS=11.9508
[ PERFSTAT ]    (samples=31   mean=0.15   median=0.15   min=0.14   stddev=0.00 (3.0%))
[       OK ] Conv_3x3S1D1.conv/260 (6 ms)
[ RUN      ] Conv_3x3S1D1.conv/261, where GetParam() = (GFLOPS=0.012, K=[3 x 3], IN={1, 96, 6, 6}, OCN=192, P=[1 x 1], BIAS, OCV/CPU, false)
IN=14 Kb [ 1 96 6 6 ]    OUT=27 Kb [ 1 192 6 6 ]    Weights(parameters): 649 Kb    MFLOPS=11.9508
[ PERFSTAT ]    (samples=52   mean=0.15   median=0.15   min=0.14   stddev=0.00 (3.0%))
[       OK ] Conv_3x3S1D1.conv/261 (9 ms)
[ RUN      ] Conv_3x3S1D1.conv/262, where GetParam() = (GFLOPS=0.006, K=[3 x 3], IN={1, 96, 3, 3}, OCN=384, P=[1 x 1], BIAS, OCV/CPU, true)
IN=4 Kb [ 1 96 3 3 ]    OUT=14 Kb [ 1 384 3 3 ]    Weights(parameters): 1298 Kb    MFLOPS=5.97542
[ PERFSTAT ]    (samples=72   mean=0.17   median=0.17   min=0.16   stddev=0.01 (3.0%))
[       OK ] Conv_3x3S1D1.conv/262 (15 ms)
[ RUN      ] Conv_3x3S1D1.conv/263, where GetParam() = (GFLOPS=0.006, K=[3 x 3], IN={1, 96, 3, 3}, OCN=384, P=[1 x 1], BIAS, OCV/CPU, false)
IN=4 Kb [ 1 96 3 3 ]    OUT=14 Kb [ 1 384 3 3 ]    Weights(parameters): 1298 Kb    MFLOPS=5.97542
[ PERFSTAT ]    (samples=25   mean=0.17   median=0.17   min=0.16   stddev=0.01 (2.9%))
[       OK ] Conv_3x3S1D1.conv/263 (6 ms)
[ RUN      ] Conv_3x3S1D1.conv/264, where GetParam() = (GFLOPS=0.006, K=[3 x 3], IN={1, 512, 5, 5}, OCN=24, PM=SAME, BIAS, OCV/CPU, true)
IN=50 Kb [ 1 512 5 5 ]    OUT=3 Kb [ 1 24 5 5 ]    Weights(parameters): 433 Kb    MFLOPS=5.5302
[ PERFSTAT ]    (samples=100   mean=0.32   median=0.32   min=0.29   stddev=0.01 (3.4%))
[       OK ] Conv_3x3S1D1.conv/264 (34 ms)
[ RUN      ] Conv_3x3S1D1.conv/265, where GetParam() = (GFLOPS=0.006, K=[3 x 3], IN={1, 512, 5, 5}, OCN=24, PM=SAME, BIAS, OCV/CPU, false)
IN=50 Kb [ 1 512 5 5 ]    OUT=3 Kb [ 1 24 5 5 ]    Weights(parameters): 433 Kb    MFLOPS=5.5302
[ PERFSTAT ]    (samples=51   mean=0.32   median=0.32   min=0.29   stddev=0.01 (3.0%))
[       OK ] Conv_3x3S1D1.conv/265 (17 ms)
[ RUN      ] Conv_3x3S1D1.conv/266, where GetParam() = (GFLOPS=0.010, K=[3 x 3], IN={1, 4, 128, 256}, OCN=4, P=[1 x 1], BIAS, OCV/CPU, true)
IN=512 Kb [ 1 4 128 256 ]    OUT=512 Kb [ 1 4 128 256 ]    Weights(parameters): 1 Kb    MFLOPS=9.56826
[ PERFSTAT ]    (samples=100   mean=0.51   median=0.52   min=0.33   stddev=0.05 (9.1%))
[       OK ] Conv_3x3S1D1.conv/266 (53 ms)
[ RUN      ] Conv_3x3S1D1.conv/267, where GetParam() = (GFLOPS=0.010, K=[3 x 3], IN={1, 4, 128, 256}, OCN=4, P=[1 x 1], BIAS, OCV/CPU, false)
IN=512 Kb [ 1 4 128 256 ]    OUT=512 Kb [ 1 4 128 256 ]    Weights(parameters): 1 Kb    MFLOPS=9.56826
[ PERFSTAT ]    (samples=100   mean=0.06   median=0.06   min=0.06   stddev=0.00 (6.2%))
[       OK ] Conv_3x3S1D1.conv/267 (8 ms)
[ RUN      ] Conv_3x3S1D1.conv/268, where GetParam() = (GFLOPS=0.006, K=[3 x 3], IN={1, 256, 10, 10}, OCN=12, P=[1 x 1], BIAS, OCV/CPU, true)
IN=100 Kb [ 1 256 10 10 ]    OUT=5 Kb [ 1 12 10 10 ]    Weights(parameters): 109 Kb    MFLOPS=5.5308
[ PERFSTAT ]    (samples=100   mean=0.29   median=0.28   min=0.24   stddev=0.02 (7.1%))
[       OK ] Conv_3x3S1D1.conv/268 (30 ms)
[ RUN      ] Conv_3x3S1D1.conv/269, where GetParam() = (GFLOPS=0.006, K=[3 x 3], IN={1, 256, 10, 10}, OCN=12, P=[1 x 1], BIAS, OCV/CPU, false)
IN=100 Kb [ 1 256 10 10 ]    OUT=5 Kb [ 1 12 10 10 ]    Weights(parameters): 109 Kb    MFLOPS=5.5308
[ PERFSTAT ]    (samples=100   mean=0.28   median=0.28   min=0.24   stddev=0.02 (6.2%))
[       OK ] Conv_3x3S1D1.conv/269 (29 ms)
[ RUN      ] Conv_3x3S1D1.conv/270, where GetParam() = (GFLOPS=0.004, K=[3 x 3], IN={1, 256, 1, 1}, OCN=804, P=[1 x 1], BIAS, OCV/CPU, true)
IN=1 Kb [ 1 256 1 1 ]    OUT=4 Kb [ 1 804 1 1 ]    Weights(parameters): 7240 Kb    MFLOPS=3.70564
[ PERFSTAT ]    (samples=100   mean=0.30   median=0.28   min=0.27   stddev=0.03 (10.6%))
[       OK ] Conv_3x3S1D1.conv/270 (41 ms)
[ RUN      ] Conv_3x3S1D1.conv/271, where GetParam() = (GFLOPS=0.004, K=[3 x 3], IN={1, 256, 1, 1}, OCN=804, P=[1 x 1], BIAS, OCV/CPU, false)
IN=1 Kb [ 1 256 1 1 ]    OUT=4 Kb [ 1 804 1 1 ]    Weights(parameters): 7240 Kb    MFLOPS=3.70564
[ PERFSTAT ]    (samples=100   mean=0.29   median=0.28   min=0.26   stddev=0.03 (9.6%))
[       OK ] Conv_3x3S1D1.conv/271 (40 ms)
[ RUN      ] Conv_3x3S1D1.conv/272, where GetParam() = (GFLOPS=0.001, K=[3 x 3], IN={1, 16, 16, 16}, OCN=8, P=[1 x 1], BIAS, OCV/CPU, true)
IN=16 Kb [ 1 16 16 16 ]    OUT=8 Kb [ 1 8 16 16 ]    Weights(parameters): 5 Kb    MFLOPS=0.591872
[ PERFSTAT ]    (samples=100   mean=0.04   median=0.04   min=0.04   stddev=0.00 (6.1%))
[       OK ] Conv_3x3S1D1.conv/272 (5 ms)
[ RUN      ] Conv_3x3S1D1.conv/273, where GetParam() = (GFLOPS=0.001, K=[3 x 3], IN={1, 16, 16, 16}, OCN=8, P=[1 x 1], BIAS, OCV/CPU, false)
IN=16 Kb [ 1 16 16 16 ]    OUT=8 Kb [ 1 8 16 16 ]    Weights(parameters): 5 Kb    MFLOPS=0.591872
[ PERFSTAT ]    (samples=100   mean=0.06   median=0.06   min=0.04   stddev=0.01 (10.5%))
[       OK ] Conv_3x3S1D1.conv/273 (6 ms)
[ RUN      ] Conv_3x3S1D1.conv/274, where GetParam() = (GFLOPS=0.001, K=[3 x 3], IN={1, 128, 1, 1}, OCN=546, PM=SAME, BIAS, OCV/CPU, true)
IN=1 Kb [ 1 128 1 1 ]    OUT=3 Kb [ 1 546 1 1 ]    Weights(parameters): 2460 Kb    MFLOPS=1.25853
[ PERFSTAT ]    (samples=100   mean=0.15   median=0.15   min=0.14   stddev=0.01 (3.6%))
[       OK ] Conv_3x3S1D1.conv/274 (18 ms)
[ RUN      ] Conv_3x3S1D1.conv/275, where GetParam() = (GFLOPS=0.001, K=[3 x 3], IN={1, 128, 1, 1}, OCN=546, PM=SAME, BIAS, OCV/CPU, false)
IN=1 Kb [ 1 128 1 1 ]    OUT=3 Kb [ 1 546 1 1 ]    Weights(parameters): 2460 Kb    MFLOPS=1.25853
[ PERFSTAT ]    (samples=100   mean=0.15   median=0.15   min=0.14   stddev=0.01 (3.6%))
[       OK ] Conv_3x3S1D1.conv/275 (19 ms)
[ RUN      ] Conv_3x3S1D1.conv/276, where GetParam() = (GFLOPS=0.001, K=[3 x 3], IN={1, 128, 5, 5}, OCN=12, P=[1 x 1], BIAS, OCV/CPU, true)
IN=13 Kb [ 1 128 5 5 ]    OUT=2 Kb [ 1 12 5 5 ]    Weights(parameters): 55 Kb    MFLOPS=0.6915
[ PERFSTAT ]    (samples=100   mean=0.08   median=0.08   min=0.07   stddev=0.01 (9.3%))
[       OK ] Conv_3x3S1D1.conv/276 (9 ms)
[ RUN      ] Conv_3x3S1D1.conv/277, where GetParam() = (GFLOPS=0.001, K=[3 x 3], IN={1, 128, 5, 5}, OCN=12, P=[1 x 1], BIAS, OCV/CPU, false)
IN=13 Kb [ 1 128 5 5 ]    OUT=2 Kb [ 1 12 5 5 ]    Weights(parameters): 55 Kb    MFLOPS=0.6915
[ PERFSTAT ]    (samples=100   mean=0.09   median=0.09   min=0.06   stddev=0.01 (10.3%))
[       OK ] Conv_3x3S1D1.conv/277 (9 ms)
[ RUN      ] Conv_3x3S1D1.conv/278, where GetParam() = (GFLOPS=0.001, K=[3 x 3], IN={1, 128, 3, 3}, OCN=256, BIAS, OCV/CPU, true)
IN=5 Kb [ 1 128 3 3 ]    OUT=1 Kb [ 1 256 1 1 ]    Weights(parameters): 1153 Kb    MFLOPS=0.59008
[ PERFSTAT ]    (samples=100   mean=0.15   median=0.14   min=0.13   stddev=0.01 (3.9%))
[       OK ] Conv_3x3S1D1.conv/278 (18 ms)
[ RUN      ] Conv_3x3S1D1.conv/279, where GetParam() = (GFLOPS=0.001, K=[3 x 3], IN={1, 128, 3, 3}, OCN=256, BIAS, OCV/CPU, false)
IN=5 Kb [ 1 128 3 3 ]    OUT=1 Kb [ 1 256 1 1 ]    Weights(parameters): 1153 Kb    MFLOPS=0.59008
[ PERFSTAT ]    (samples=50   mean=0.14   median=0.14   min=0.13   stddev=0.00 (2.9%))
[       OK ] Conv_3x3S1D1.conv/279 (9 ms)
[ RUN      ] Conv_3x3S1D1.conv/280, where GetParam() = (GFLOPS=0.000, K=[3 x 3], IN={1, 256, 2, 2}, OCN=24, PM=SAME, BIAS, OCV/CPU, true)
IN=4 Kb [ 1 256 2 2 ]    OUT=1 Kb [ 1 24 2 2 ]    Weights(parameters): 217 Kb    MFLOPS=0.442464
[ PERFSTAT ]    (samples=100   mean=0.11   median=0.11   min=0.10   stddev=0.01 (6.5%))
[       OK ] Conv_3x3S1D1.conv/280 (12 ms)
[ RUN      ] Conv_3x3S1D1.conv/281, where GetParam() = (GFLOPS=0.000, K=[3 x 3], IN={1, 256, 2, 2}, OCN=24, PM=SAME, BIAS, OCV/CPU, false)
IN=4 Kb [ 1 256 2 2 ]    OUT=1 Kb [ 1 24 2 2 ]    Weights(parameters): 217 Kb    MFLOPS=0.442464
[ PERFSTAT ]    (samples=100   mean=0.11   median=0.11   min=0.09   stddev=0.01 (5.9%))
[       OK ] Conv_3x3S1D1.conv/281 (12 ms)
[ RUN      ] Conv_3x3S1D1.conv/282, where GetParam() = (GFLOPS=0.000, K=[3 x 3], IN={1, 8, 16, 16}, OCN=4, P=[1 x 1], BIAS, OCV/CPU, true)
IN=8 Kb [ 1 8 16 16 ]    OUT=4 Kb [ 1 4 16 16 ]    Weights(parameters): 2 Kb    MFLOPS=0.14848
[ PERFSTAT ]    (samples=100   mean=0.03   median=0.03   min=0.03   stddev=0.00 (5.3%))
[       OK ] Conv_3x3S1D1.conv/282 (3 ms)
[ RUN      ] Conv_3x3S1D1.conv/283, where GetParam() = (GFLOPS=0.000, K=[3 x 3], IN={1, 8, 16, 16}, OCN=4, P=[1 x 1], BIAS, OCV/CPU, false)
IN=8 Kb [ 1 8 16 16 ]    OUT=4 Kb [ 1 4 16 16 ]    Weights(parameters): 2 Kb    MFLOPS=0.14848
[ PERFSTAT ]    (samples=100   mean=0.04   median=0.04   min=0.03   stddev=0.00 (5.8%))
[       OK ] Conv_3x3S1D1.conv/283 (5 ms)
[ RUN      ] Conv_3x3S1D1.conv/284, where GetParam() = (GFLOPS=0.000, K=[3 x 3], IN={1, 64, 3, 3}, OCN=128, BIAS, OCV/CPU, true)
IN=3 Kb [ 1 64 3 3 ]    OUT=1 Kb [ 1 128 1 1 ]    Weights(parameters): 289 Kb    MFLOPS=0.147584
[ PERFSTAT ]    (samples=100   mean=0.07   median=0.08   min=0.07   stddev=0.00 (4.4%))
[       OK ] Conv_3x3S1D1.conv/284 (8 ms)
[ RUN      ] Conv_3x3S1D1.conv/285, where GetParam() = (GFLOPS=0.000, K=[3 x 3], IN={1, 64, 3, 3}, OCN=128, BIAS, OCV/CPU, false)
IN=3 Kb [ 1 64 3 3 ]    OUT=1 Kb [ 1 128 1 1 ]    Weights(parameters): 289 Kb    MFLOPS=0.147584
[ PERFSTAT ]    (samples=100   mean=0.07   median=0.07   min=0.07   stddev=0.00 (3.6%))
[       OK ] Conv_3x3S1D1.conv/285 (8 ms)
[ RUN      ] Conv_3x3S1D1.conv/286, where GetParam() = (GFLOPS=0.000, K=[3 x 3], IN={1, 256, 1, 1}, OCN=16, P=[1 x 1], BIAS, OCV/CPU, true)
IN=1 Kb [ 1 256 1 1 ]    OUT=1 Kb [ 1 16 1 1 ]    Weights(parameters): 145 Kb    MFLOPS=0.073744
[ PERFSTAT ]    (samples=100   mean=0.08   median=0.08   min=0.07   stddev=0.00 (5.4%))
[       OK ] Conv_3x3S1D1.conv/286 (9 ms)
[ RUN      ] Conv_3x3S1D1.conv/287, where GetParam() = (GFLOPS=0.000, K=[3 x 3], IN={1, 256, 1, 1}, OCN=16, P=[1 x 1], BIAS, OCV/CPU, false)
IN=1 Kb [ 1 256 1 1 ]    OUT=1 Kb [ 1 16 1 1 ]    Weights(parameters): 145 Kb    MFLOPS=0.073744
[ PERFSTAT ]    (samples=100   mean=0.08   median=0.09   min=0.07   stddev=0.00 (5.8%))
[       OK ] Conv_3x3S1D1.conv/287 (9 ms)
[ RUN      ] Conv_3x3S1D1.conv/288, where GetParam() = (GFLOPS=0.000, K=[3 x 3], IN={1, 128, 1, 1}, OCN=24, PM=SAME, BIAS, OCV/CPU, true)
IN=1 Kb [ 1 128 1 1 ]    OUT=1 Kb [ 1 24 1 1 ]    Weights(parameters): 109 Kb    MFLOPS=0.05532
[ PERFSTAT ]    (samples=100   mean=0.06   median=0.06   min=0.05   stddev=0.00 (4.8%))
[       OK ] Conv_3x3S1D1.conv/288 (6 ms)
[ RUN      ] Conv_3x3S1D1.conv/289, where GetParam() = (GFLOPS=0.000, K=[3 x 3], IN={1, 128, 1, 1}, OCN=24, PM=SAME, BIAS, OCV/CPU, false)
IN=1 Kb [ 1 128 1 1 ]    OUT=1 Kb [ 1 24 1 1 ]    Weights(parameters): 109 Kb    MFLOPS=0.05532
[ PERFSTAT ]    (samples=100   mean=0.06   median=0.06   min=0.05   stddev=0.00 (5.3%))
[       OK ] Conv_3x3S1D1.conv/289 (6 ms)
[ RUN      ] Conv_3x3S1D1.conv/290, where GetParam() = (GFLOPS=0.000, K=[3 x 3], IN={1, 128, 1, 1}, OCN=16, P=[1 x 1], BIAS, OCV/CPU, true)
IN=1 Kb [ 1 128 1 1 ]    OUT=1 Kb [ 1 16 1 1 ]    Weights(parameters): 73 Kb    MFLOPS=0.03688
[ PERFSTAT ]    (samples=100   mean=0.05   median=0.06   min=0.04   stddev=0.01 (9.6%))
[       OK ] Conv_3x3S1D1.conv/290 (6 ms)
[ RUN      ] Conv_3x3S1D1.conv/291, where GetParam() = (GFLOPS=0.000, K=[3 x 3], IN={1, 128, 1, 1}, OCN=16, P=[1 x 1], BIAS, OCV/CPU, false)
IN=1 Kb [ 1 128 1 1 ]    OUT=1 Kb [ 1 16 1 1 ]    Weights(parameters): 73 Kb    MFLOPS=0.03688
[ PERFSTAT ]    (samples=100   mean=0.06   median=0.06   min=0.05   stddev=0.00 (6.3%))
[       OK ] Conv_3x3S1D1.conv/291 (7 ms)
[ RUN      ] Conv_3x3S1D1.conv/292, where GetParam() = (GFLOPS=0.000, K=[3 x 3], IN={1, 128, 1, 1}, OCN=8, P=[1 x 1], BIAS, OCV/CPU, true)
IN=1 Kb [ 1 128 1 1 ]    OUT=1 Kb [ 1 8 1 1 ]    Weights(parameters): 37 Kb    MFLOPS=0.01844
[ PERFSTAT ]    (samples=100   mean=0.05   median=0.05   min=0.04   stddev=0.00 (9.5%))
[       OK ] Conv_3x3S1D1.conv/292 (5 ms)
[ RUN      ] Conv_3x3S1D1.conv/293, where GetParam() = (GFLOPS=0.000, K=[3 x 3], IN={1, 128, 1, 1}, OCN=8, P=[1 x 1], BIAS, OCV/CPU, false)
IN=1 Kb [ 1 128 1 1 ]    OUT=1 Kb [ 1 8 1 1 ]    Weights(parameters): 37 Kb    MFLOPS=0.01844
[ PERFSTAT ]    (samples=100   mean=0.05   median=0.05   min=0.04   stddev=0.01 (10.1%))
[       OK ] Conv_3x3S1D1.conv/293 (5 ms)
[----------] 294 tests from Conv_3x3S1D1 (87416 ms total)

[----------] 84 tests from Conv_Depthwise
[ RUN      ] Conv_Depthwise.conv/0, where GetParam() = (GFLOPS=6.525, K=[5 x 5], IN={1, 1632, 7, 7}, OCN=1632, G=1632, P=[2 x 2], BIAS, OCV/CPU)
IN=313 Kb [ 1 1632 7 7 ]    OUT=313 Kb [ 1 1632 7 7 ]    Weights(parameters): 166 Kb    MFLOPS=6525.47
[ PERFSTAT ]    (samples=100   mean=0.13   median=0.13   min=0.10   stddev=0.01 (5.4%))
[       OK ] Conv_Depthwise.conv/0 (16 ms)
[ RUN      ] Conv_Depthwise.conv/1, where GetParam() = (GFLOPS=6.094, K=[5 x 5], IN={1, 480, 23, 23}, OCN=480, G=480, P=[2 x 2], BIAS, OCV/CPU)
IN=992 Kb [ 1 480 23 23 ]    OUT=992 Kb [ 1 480 23 23 ]    Weights(parameters): 49 Kb    MFLOPS=6094.33
[ PERFSTAT ]    (samples=84   mean=0.19   median=0.19   min=0.18   stddev=0.01 (3.0%))
[       OK ] Conv_Depthwise.conv/1 (18 ms)
[ RUN      ] Conv_Depthwise.conv/2, where GetParam() = (GFLOPS=0.925, K=[3 x 3], IN={1, 512, 14, 14}, OCN=512, G=512, P=[1 x 1], OCV/CPU)
IN=392 Kb [ 1 512 14 14 ]    OUT=392 Kb [ 1 512 14 14 ]    Weights(parameters): 18 Kb    MFLOPS=924.944
[ PERFSTAT ]    (samples=100   mean=0.09   median=0.09   min=0.07   stddev=0.00 (5.6%))
[       OK ] Conv_Depthwise.conv/2 (10 ms)
[ RUN      ] Conv_Depthwise.conv/3, where GetParam() = (GFLOPS=4.301, K=[3 x 3], IN={1, 336, 46, 46}, OCN=336, G=336, P=[1 x 1], BIAS, OCV/CPU)
IN=2778 Kb [ 1 336 46 46 ]    OUT=2778 Kb [ 1 336 46 46 ]    Weights(parameters): 14 Kb    MFLOPS=4300.69
[ PERFSTAT ]    (samples=10   mean=0.18   median=0.18   min=0.17   stddev=0.00 (2.3%))
[       OK ] Conv_Depthwise.conv/3 (5 ms)
[ RUN      ] Conv_Depthwise.conv/4, where GetParam() = (GFLOPS=1.734, K=[5 x 5], IN={1, 64, 92, 92}, OCN=64, G=64, P=[2 x 2], BIAS, OCV/CPU)
IN=2116 Kb [ 1 64 92 92 ]    OUT=2116 Kb [ 1 64 92 92 ]    Weights(parameters): 7 Kb    MFLOPS=1733.97
[ PERFSTAT ]    (samples=38   mean=0.30   median=0.29   min=0.28   stddev=0.01 (2.9%))
[       OK ] Conv_Depthwise.conv/4 (14 ms)
[ RUN      ] Conv_Depthwise.conv/5, where GetParam() = (GFLOPS=1.106, K=[5 x 5], IN={1, 672, 7, 7}, OCN=672, G=672, P=[2 x 2], BIAS, OCV/CPU)
IN=129 Kb [ 1 672 7 7 ]    OUT=129 Kb [ 1 672 7 7 ]    Weights(parameters): 69 Kb    MFLOPS=1106.41
[ PERFSTAT ]    (samples=100   mean=0.06   median=0.06   min=0.05   stddev=0.00 (3.4%))
[       OK ] Conv_Depthwise.conv/5 (7 ms)
[ RUN      ] Conv_Depthwise.conv/6, where GetParam() = (GFLOPS=1.062, K=[5 x 5], IN={1, 576, 8, 8}, OCN=576, G=576, P=[2 x 2], BIAS, OCV/CPU)
IN=144 Kb [ 1 576 8 8 ]    OUT=144 Kb [ 1 576 8 8 ]    Weights(parameters): 59 Kb    MFLOPS=1061.72
[ PERFSTAT ]    (samples=100   mean=0.06   median=0.06   min=0.05   stddev=0.00 (6.2%))
[       OK ] Conv_Depthwise.conv/6 (6 ms)
[ RUN      ] Conv_Depthwise.conv/7, where GetParam() = (GFLOPS=2.986, K=[5 x 5], IN={1, 336, 46, 46}, OCN=336, G=336, S=[2 x 2], P=[2 x 2], BIAS, OCV/CPU)
IN=2778 Kb [ 1 336 46 46 ]    OUT=695 Kb [ 1 336 23 23 ]    Weights(parameters): 35 Kb    MFLOPS=2986.28
[ PERFSTAT ]    (samples=100   mean=0.15   median=0.15   min=0.14   stddev=0.01 (4.5%))
[       OK ] Conv_Depthwise.conv/7 (20 ms)
[ RUN      ] Conv_Depthwise.conv/8, where GetParam() = (GFLOPS=1.445, K=[5 x 5], IN={1, 336, 16, 16}, OCN=336, G=336, P=[2 x 2], BIAS, OCV/CPU)
IN=336 Kb [ 1 336 16 16 ]    OUT=336 Kb [ 1 336 16 16 ]    Weights(parameters): 35 Kb    MFLOPS=1445.15
[ PERFSTAT ]    (samples=100   mean=0.08   median=0.08   min=0.08   stddev=0.00 (3.6%))
[       OK ] Conv_Depthwise.conv/8 (9 ms)
[ RUN      ] Conv_Depthwise.conv/9, where GetParam() = (GFLOPS=0.472, K=[5 x 5], IN={1, 128, 24, 24}, OCN=128, G=128, P=[2 x 2], BIAS, OCV/CPU)
IN=288 Kb [ 1 128 24 24 ]    OUT=288 Kb [ 1 128 24 24 ]    Weights(parameters): 13 Kb    MFLOPS=471.933
[ PERFSTAT ]    (samples=100   mean=0.07   median=0.07   min=0.06   stddev=0.00 (3.2%))
[       OK ] Conv_Depthwise.conv/9 (7 ms)
[ RUN      ] Conv_Depthwise.conv/10, where GetParam() = (GFLOPS=2.194, K=[3 x 3], IN={1, 240, 46, 46}, OCN=240, G=240, P=[1 x 1], BIAS, OCV/CPU)
IN=1984 Kb [ 1 240 46 46 ]    OUT=1984 Kb [ 1 240 46 46 ]    Weights(parameters): 10 Kb    MFLOPS=2194.38
[ PERFSTAT ]    (samples=14   mean=0.12   median=0.12   min=0.12   stddev=0.00 (2.9%))
[       OK ] Conv_Depthwise.conv/10 (3 ms)
[ RUN      ] Conv_Depthwise.conv/11, where GetParam() = (GFLOPS=1.889, K=[3 x 3], IN={1, 64, 160, 160}, OCN=64, G=64, P=[1 x 1], BIAS, OCV/CPU)
IN=6400 Kb [ 1 64 160 160 ]    OUT=6400 Kb [ 1 64 160 160 ]    Weights(parameters): 3 Kb    MFLOPS=1889.08
[ PERFSTAT ]    (samples=100   mean=0.21   median=0.21   min=0.15   stddev=0.02 (10.0%))
[       OK ] Conv_Depthwise.conv/11 (30 ms)
[ RUN      ] Conv_Depthwise.conv/12, where GetParam() = (GFLOPS=1.659, K=[5 x 5], IN={1, 960, 14, 14}, OCN=960, G=960, S=[2 x 2], P=[1 x 1], BIAS, OCV/CPU)
IN=735 Kb [ 1 960 14 14 ]    OUT=135 Kb [ 1 960 6 6 ]    Weights(parameters): 98 Kb    MFLOPS=1658.91
[ PERFSTAT ]    (samples=26   mean=0.06   median=0.06   min=0.06   stddev=0.00 (3.0%))
[       OK ] Conv_Depthwise.conv/12 (2 ms)
[ RUN      ] Conv_Depthwise.conv/13, where GetParam() = (GFLOPS=0.472, K=[3 x 3], IN={1, 64, 80, 80}, OCN=64, G=64, P=[1 x 1], BIAS, OCV/CPU)
IN=1600 Kb [ 1 64 80 80 ]    OUT=1600 Kb [ 1 64 80 80 ]    Weights(parameters): 3 Kb    MFLOPS=472.269
[ PERFSTAT ]    (samples=100   mean=0.09   median=0.09   min=0.08   stddev=0.01 (7.4%))
[       OK ] Conv_Depthwise.conv/13 (12 ms)
[ RUN      ] Conv_Depthwise.conv/14, where GetParam() = (GFLOPS=0.472, K=[5 x 5], IN={1, 64, 48, 48}, OCN=64, G=64, P=[2 x 2], BIAS, OCV/CPU)
IN=576 Kb [ 1 64 48 48 ]    OUT=576 Kb [ 1 64 48 48 ]    Weights(parameters): 7 Kb    MFLOPS=472.007
[ PERFSTAT ]    (samples=100   mean=0.12   median=0.11   min=0.11   stddev=0.01 (6.9%))
[       OK ] Conv_Depthwise.conv/14 (13 ms)
[ RUN      ] Conv_Depthwise.conv/15, where GetParam() = (GFLOPS=1.344, K=[5 x 5], IN={1, 192, 56, 56}, OCN=192, G=192, S=[2 x 2], P=[1 x 1], BIAS, OCV/CPU)
IN=2352 Kb [ 1 192 56 56 ]    OUT=547 Kb [ 1 192 27 27 ]    Weights(parameters): 20 Kb    MFLOPS=1343.83
[ PERFSTAT ]    (samples=100   mean=0.13   median=0.13   min=0.11   stddev=0.01 (5.3%))
[       OK ] Conv_Depthwise.conv/15 (16 ms)
[ RUN      ] Conv_Depthwise.conv/16, where GetParam() = (GFLOPS=0.382, K=[3 x 3], IN={1, 576, 8, 8}, OCN=576, G=576, P=[1 x 1], BIAS, OCV/CPU)
IN=144 Kb [ 1 576 8 8 ]    OUT=144 Kb [ 1 576 8 8 ]    Weights(parameters): 23 Kb    MFLOPS=382.243
[ PERFSTAT ]    (samples=100   mean=0.08   median=0.08   min=0.07   stddev=0.01 (6.6%))
[       OK ] Conv_Depthwise.conv/16 (8 ms)
[ RUN      ] Conv_Depthwise.conv/17, where GetParam() = (GFLOPS=1.130, K=[3 x 3], IN={1, 144, 112, 112}, OCN=144, G=144, S=[2 x 2], BIAS, OCV/CPU)
IN=7056 Kb [ 1 144 112 112 ]    OUT=1702 Kb [ 1 144 55 55 ]    Weights(parameters): 6 Kb    MFLOPS=1129.51
[ PERFSTAT ]    (samples=100   mean=0.10   median=0.10   min=0.08   stddev=0.02 (16.7%))
[       OK ] Conv_Depthwise.conv/17 (19 ms)
[ RUN      ] Conv_Depthwise.conv/18, where GetParam() = (GFLOPS=1.062, K=[5 x 5], IN={1, 144, 32, 32}, OCN=144, G=144, P=[2 x 2], BIAS, OCV/CPU)
IN=576 Kb [ 1 144 32 32 ]    OUT=576 Kb [ 1 144 32 32 ]    Weights(parameters): 15 Kb    MFLOPS=1061.83
[ PERFSTAT ]    (samples=100   mean=0.12   median=0.12   min=0.11   stddev=0.01 (4.4%))
[       OK ] Conv_Depthwise.conv/18 (13 ms)
[ RUN      ] Conv_Depthwise.conv/19, where GetParam() = (GFLOPS=0.976, K=[3 x 3], IN={1, 40, 184, 184}, OCN=40, G=40, P=[1 x 1], BIAS, OCV/CPU)
IN=5290 Kb [ 1 40 184 184 ]    OUT=5290 Kb [ 1 40 184 184 ]    Weights(parameters): 2 Kb    MFLOPS=976.407
[ PERFSTAT ]    (samples=100   mean=0.19   median=0.19   min=0.12   stddev=0.04 (18.4%))
[       OK ] Conv_Depthwise.conv/19 (24 ms)
[ RUN      ] Conv_Depthwise.conv/20, where GetParam() = (GFLOPS=0.473, K=[3 x 3], IN={1, 32, 160, 160}, OCN=32, G=32, P=[1 x 1], BIAS, OCV/CPU)
IN=3200 Kb [ 1 32 160 160 ]    OUT=3200 Kb [ 1 32 160 160 ]    Weights(parameters): 2 Kb    MFLOPS=472.678
[ PERFSTAT ]    (samples=100   mean=0.09   median=0.09   min=0.06   stddev=0.02 (16.1%))
[       OK ] Conv_Depthwise.conv/20 (12 ms)
[ RUN      ] Conv_Depthwise.conv/21, where GetParam() = (GFLOPS=0.925, K=[3 x 3], IN={1, 128, 56, 56}, OCN=128, G=128, P=[1 x 1], OCV/CPU)
IN=1568 Kb [ 1 128 56 56 ]    OUT=1568 Kb [ 1 128 56 56 ]    Weights(parameters): 5 Kb    MFLOPS=925.245
[ PERFSTAT ]    (samples=100   mean=0.09   median=0.09   min=0.09   stddev=0.00 (4.1%))
[       OK ] Conv_Depthwise.conv/21 (11 ms)
[ RUN      ] Conv_Depthwise.conv/22, where GetParam() = (GFLOPS=0.925, K=[3 x 3], IN={1, 256, 28, 28}, OCN=256, G=256, P=[1 x 1], OCV/CPU)
IN=784 Kb [ 1 256 28 28 ]    OUT=784 Kb [ 1 256 28 28 ]    Weights(parameters): 9 Kb    MFLOPS=925.045
[ PERFSTAT ]    (samples=100   mean=0.07   median=0.07   min=0.06   stddev=0.00 (3.1%))
[       OK ] Conv_Depthwise.conv/22 (7 ms)
[ RUN      ] Conv_Depthwise.conv/23, where GetParam() = (GFLOPS=0.925, K=[3 x 3], IN={1, 1024, 7, 7}, OCN=1024, G=1024, P=[1 x 1], OCV/CPU)
IN=196 Kb [ 1 1024 7 7 ]    OUT=196 Kb [ 1 1024 7 7 ]    Weights(parameters): 36 Kb    MFLOPS=924.894
[ PERFSTAT ]    (samples=100   mean=0.09   median=0.09   min=0.08   stddev=0.00 (5.3%))
[       OK ] Conv_Depthwise.conv/23 (10 ms)
[ RUN      ] Conv_Depthwise.conv/24, where GetParam() = (GFLOPS=1.704, K=[3 x 3], IN={1, 256, 38, 38}, OCN=256, G=256, P=[1 x 1], BIAS, OCV/CPU)
IN=1444 Kb [ 1 256 38 38 ]    OUT=1444 Kb [ 1 256 38 38 ]    Weights(parameters): 10 Kb    MFLOPS=1703.78
[ PERFSTAT ]    (samples=13   mean=0.11   median=0.11   min=0.10   stddev=0.00 (2.4%))
[       OK ] Conv_Depthwise.conv/24 (4 ms)
[ RUN      ] Conv_Depthwise.conv/25, where GetParam() = (GFLOPS=1.660, K=[3 x 3], IN={1, 128, 75, 75}, OCN=128, G=128, P=[1 x 1], BIAS, OCV/CPU)
IN=2813 Kb [ 1 128 75 75 ]    OUT=2813 Kb [ 1 128 75 75 ]    Weights(parameters): 5 Kb    MFLOPS=1659.6
[ PERFSTAT ]    (samples=94   mean=0.13   median=0.13   min=0.12   stddev=0.00 (3.0%))
[       OK ] Conv_Depthwise.conv/25 (16 ms)
[ RUN      ] Conv_Depthwise.conv/26, where GetParam() = (GFLOPS=0.813, K=[5 x 5], IN={1, 144, 28, 28}, OCN=144, G=144, P=[2 x 2], BIAS, OCV/CPU)
IN=441 Kb [ 1 144 28 28 ]    OUT=441 Kb [ 1 144 28 28 ]    Weights(parameters): 15 Kb    MFLOPS=812.964
[ PERFSTAT ]    (samples=100   mean=0.10   median=0.10   min=0.09   stddev=0.00 (3.3%))
[       OK ] Conv_Depthwise.conv/26 (10 ms)
[ RUN      ] Conv_Depthwise.conv/27, where GetParam() = (GFLOPS=0.813, K=[5 x 5], IN={1, 288, 14, 14}, OCN=288, G=288, P=[2 x 2], BIAS, OCV/CPU)
IN=221 Kb [ 1 288 14 14 ]    OUT=221 Kb [ 1 288 14 14 ]    Weights(parameters): 30 Kb    MFLOPS=812.908
[ PERFSTAT ]    (samples=100   mean=0.06   median=0.06   min=0.06   stddev=0.00 (3.8%))
[       OK ] Conv_Depthwise.conv/27 (7 ms)
[ RUN      ] Conv_Depthwise.conv/28, where GetParam() = (GFLOPS=0.737, K=[5 x 5], IN={1, 240, 16, 16}, OCN=240, G=240, P=[2 x 2], BIAS, OCV/CPU)
IN=240 Kb [ 1 240 16 16 ]    OUT=240 Kb [ 1 240 16 16 ]    Weights(parameters): 25 Kb    MFLOPS=737.341
[ PERFSTAT ]    (samples=100   mean=0.07   median=0.07   min=0.06   stddev=0.00 (3.2%))
[       OK ] Conv_Depthwise.conv/28 (8 ms)
[ RUN      ] Conv_Depthwise.conv/29, where GetParam() = (GFLOPS=0.351, K=[3 x 3], IN={1, 96, 46, 46}, OCN=96, G=96, P=[1 x 1], BIAS, OCV/CPU)
IN=794 Kb [ 1 96 46 46 ]    OUT=794 Kb [ 1 96 46 46 ]    Weights(parameters): 4 Kb    MFLOPS=351.222
[ PERFSTAT ]    (samples=100   mean=0.05   median=0.05   min=0.04   stddev=0.00 (3.2%))
[       OK ] Conv_Depthwise.conv/29 (5 ms)
[ RUN      ] Conv_Depthwise.conv/30, where GetParam() = (GFLOPS=0.680, K=[3 x 3], IN={1, 96, 64, 64}, OCN=96, G=96, P=[1 x 1], BIAS, OCV/CPU)
IN=1536 Kb [ 1 96 64 64 ]    OUT=1536 Kb [ 1 96 64 64 ]    Weights(parameters): 4 Kb    MFLOPS=679.87
[ PERFSTAT ]    (samples=100   mean=0.09   median=0.09   min=0.08   stddev=0.01 (6.6%))
[       OK ] Conv_Depthwise.conv/30 (10 ms)
[ RUN      ] Conv_Depthwise.conv/31, where GetParam() = (GFLOPS=0.677, K=[5 x 5], IN={1, 40, 184, 184}, OCN=40, G=40, S=[2 x 2], P=[2 x 2], BIAS, OCV/CPU)
IN=5290 Kb [ 1 40 184 184 ]    OUT=1323 Kb [ 1 40 92 92 ]    Weights(parameters): 5 Kb    MFLOPS=677.459
[ PERFSTAT ]    (samples=100   mean=0.31   median=0.30   min=0.29   stddev=0.02 (5.7%))
[       OK ] Conv_Depthwise.conv/31 (41 ms)
[ RUN      ] Conv_Depthwise.conv/32, where GetParam() = (GFLOPS=0.625, K=[3 x 3], IN={1, 32, 368, 368}, OCN=32, G=32, S=[2 x 2], P=[1 x 1], BIAS, OCV/CPU)
IN=16928 Kb [ 1 32 368 368 ]    OUT=4232 Kb [ 1 32 184 184 ]    Weights(parameters): 2 Kb    MFLOPS=625.117
[ PERFSTAT ]    (samples=100   mean=0.13   median=0.12   min=0.08   stddev=0.04 (30.2%))
[       OK ] Conv_Depthwise.conv/32 (31 ms)
[ RUN      ] Conv_Depthwise.conv/33, where GetParam() = (GFLOPS=0.293, K=[3 x 3], IN={1, 288, 14, 14}, OCN=288, G=288, P=[1 x 1], BIAS, OCV/CPU)
IN=221 Kb [ 1 288 14 14 ]    OUT=221 Kb [ 1 288 14 14 ]    Weights(parameters): 12 Kb    MFLOPS=292.683
[ PERFSTAT ]    (samples=100   mean=0.06   median=0.06   min=0.05   stddev=0.00 (6.5%))
[       OK ] Conv_Depthwise.conv/33 (7 ms)
[ RUN      ] Conv_Depthwise.conv/34, where GetParam() = (GFLOPS=0.549, K=[3 x 3], IN={1, 120, 92, 92}, OCN=120, G=120, S=[2 x 2], P=[1 x 1], BIAS, OCV/CPU)
IN=3968 Kb [ 1 120 92 92 ]    OUT=992 Kb [ 1 120 46 46 ]    Weights(parameters): 5 Kb    MFLOPS=548.721
[ PERFSTAT ]    (samples=100   mean=0.07   median=0.07   min=0.06   stddev=0.01 (14.6%))
[       OK ] Conv_Depthwise.conv/34 (10 ms)
[ RUN      ] Conv_Depthwise.conv/35, where GetParam() = (GFLOPS=0.265, K=[3 x 3], IN={1, 240, 16, 16}, OCN=240, G=240, P=[1 x 1], BIAS, OCV/CPU)
IN=240 Kb [ 1 240 16 16 ]    OUT=240 Kb [ 1 240 16 16 ]    Weights(parameters): 10 Kb    MFLOPS=265.482
[ PERFSTAT ]    (samples=100   mean=0.06   median=0.06   min=0.06   stddev=0.00 (4.0%))
[       OK ] Conv_Depthwise.conv/35 (7 ms)
[ RUN      ] Conv_Depthwise.conv/36, where GetParam() = (GFLOPS=0.473, K=[3 x 3], IN={1, 16, 320, 320}, OCN=16, G=16, P=[1 x 1], BIAS, OCV/CPU)
IN=6400 Kb [ 1 16 320 320 ]    OUT=6400 Kb [ 1 16 320 320 ]    Weights(parameters): 1 Kb    MFLOPS=473.498
[ PERFSTAT ]    (samples=100   mean=0.15   median=0.15   min=0.08   stddev=0.04 (25.2%))
[       OK ] Conv_Depthwise.conv/36 (23 ms)
[ RUN      ] Conv_Depthwise.conv/37, where GetParam() = (GFLOPS=0.472, K=[5 x 5], IN={1, 96, 64, 64}, OCN=96, G=96, S=[2 x 2], P=[2 x 2], BIAS, OCV/CPU)
IN=1536 Kb [ 1 96 64 64 ]    OUT=384 Kb [ 1 96 32 32 ]    Weights(parameters): 10 Kb    MFLOPS=471.958
[ PERFSTAT ]    (samples=100   mean=0.10   median=0.10   min=0.10   stddev=0.01 (5.6%))
[       OK ] Conv_Depthwise.conv/37 (12 ms)
[ RUN      ] Conv_Depthwise.conv/38, where GetParam() = (GFLOPS=0.398, K=[3 x 3], IN={1, 672, 7, 7}, OCN=672, G=672, P=[1 x 1], BIAS, OCV/CPU)
IN=129 Kb [ 1 672 7 7 ]    OUT=129 Kb [ 1 672 7 7 ]    Weights(parameters): 27 Kb    MFLOPS=398.33
[ PERFSTAT ]    (samples=100   mean=0.08   median=0.08   min=0.07   stddev=0.00 (4.4%))
[       OK ] Conv_Depthwise.conv/38 (8 ms)
[ RUN      ] Conv_Depthwise.conv/39, where GetParam() = (GFLOPS=0.361, K=[5 x 5], IN={1, 336, 16, 16}, OCN=336, G=336, S=[2 x 2], P=[2 x 2], BIAS, OCV/CPU)
IN=336 Kb [ 1 336 16 16 ]    OUT=84 Kb [ 1 336 8 8 ]    Weights(parameters): 35 Kb    MFLOPS=361.289
[ PERFSTAT ]    (samples=100   mean=0.04   median=0.04   min=0.04   stddev=0.00 (5.6%))
[       OK ] Conv_Depthwise.conv/39 (6 ms)
[ RUN      ] Conv_Depthwise.conv/40, where GetParam() = (GFLOPS=0.118, K=[3 x 3], IN={1, 64, 40, 40}, OCN=64, G=64, P=[1 x 1], BIAS, OCV/CPU)
IN=400 Kb [ 1 64 40 40 ]    OUT=400 Kb [ 1 64 40 40 ]    Weights(parameters): 3 Kb    MFLOPS=118.067
[ PERFSTAT ]    (samples=100   mean=0.04   median=0.04   min=0.03   stddev=0.00 (6.3%))
[       OK ] Conv_Depthwise.conv/40 (4 ms)
[ RUN      ] Conv_Depthwise.conv/41, where GetParam() = (GFLOPS=0.118, K=[5 x 5], IN={1, 256, 6, 6}, OCN=256, G=256, P=[2 x 2], BIAS, OCV/CPU)
IN=36 Kb [ 1 256 6 6 ]    OUT=36 Kb [ 1 256 6 6 ]    Weights(parameters): 26 Kb    MFLOPS=117.974
[ PERFSTAT ]    (samples=100   mean=0.04   median=0.04   min=0.03   stddev=0.00 (3.4%))
[       OK ] Conv_Depthwise.conv/41 (4 ms)
[ RUN      ] Conv_Depthwise.conv/42, where GetParam() = (GFLOPS=0.336, K=[5 x 5], IN={1, 96, 56, 56}, OCN=96, G=96, S=[2 x 2], P=[1 x 1], BIAS, OCV/CPU)
IN=1176 Kb [ 1 96 56 56 ]    OUT=274 Kb [ 1 96 27 27 ]    Weights(parameters): 10 Kb    MFLOPS=335.993
[ PERFSTAT ]    (samples=100   mean=0.08   median=0.08   min=0.07   stddev=0.00 (5.6%))
[       OK ] Conv_Depthwise.conv/42 (10 ms)
[ RUN      ] Conv_Depthwise.conv/43, where GetParam() = (GFLOPS=0.265, K=[5 x 5], IN={1, 384, 14, 14}, OCN=384, G=384, S=[2 x 2], P=[1 x 1], BIAS, OCV/CPU)
IN=294 Kb [ 1 384 14 14 ]    OUT=54 Kb [ 1 384 6 6 ]    Weights(parameters): 39 Kb    MFLOPS=265.435
[ PERFSTAT ]    (samples=100   mean=0.04   median=0.04   min=0.04   stddev=0.00 (3.4%))
[       OK ] Conv_Depthwise.conv/43 (5 ms)
[ RUN      ] Conv_Depthwise.conv/44, where GetParam() = (GFLOPS=0.472, K=[5 x 5], IN={1, 32, 96, 96}, OCN=32, G=32, P=[2 x 2], BIAS, OCV/CPU)
IN=1152 Kb [ 1 32 96 96 ]    OUT=1152 Kb [ 1 32 96 96 ]    Weights(parameters): 4 Kb    MFLOPS=472.154
[ PERFSTAT ]    (samples=100   mean=0.22   median=0.22   min=0.21   stddev=0.01 (3.7%))
[       OK ] Conv_Depthwise.conv/44 (25 ms)
[ RUN      ] Conv_Depthwise.conv/45, where GetParam() = (GFLOPS=0.232, K=[3 x 3], IN={1, 32, 112, 112}, OCN=32, G=32, P=[1 x 1], BIAS, OCV/CPU)
IN=1568 Kb [ 1 32 112 112 ]    OUT=1568 Kb [ 1 32 112 112 ]    Weights(parameters): 2 Kb    MFLOPS=231.612
[ PERFSTAT ]    (samples=100   mean=0.11   median=0.11   min=0.08   stddev=0.02 (14.2%))
[       OK ] Conv_Depthwise.conv/45 (13 ms)
[ RUN      ] Conv_Depthwise.conv/46, where GetParam() = (GFLOPS=0.231, K=[3 x 3], IN={1, 64, 112, 112}, OCN=64, G=64, S=[2 x 2], P=[1 x 1], OCV/CPU)
IN=3136 Kb [ 1 64 112 112 ]    OUT=784 Kb [ 1 64 56 56 ]    Weights(parameters): 3 Kb    MFLOPS=231.412
[ PERFSTAT ]    (samples=100   mean=0.06   median=0.06   min=0.04   stddev=0.02 (25.3%))
[       OK ] Conv_Depthwise.conv/46 (10 ms)
[ RUN      ] Conv_Depthwise.conv/47, where GetParam() = (GFLOPS=0.231, K=[3 x 3], IN={1, 128, 56, 56}, OCN=128, G=128, S=[2 x 2], P=[1 x 1], OCV/CPU)
IN=1568 Kb [ 1 128 56 56 ]    OUT=392 Kb [ 1 128 28 28 ]    Weights(parameters): 5 Kb    MFLOPS=231.311
[ PERFSTAT ]    (samples=100   mean=0.05   median=0.05   min=0.04   stddev=0.00 (8.5%))
[       OK ] Conv_Depthwise.conv/47 (6 ms)
[ RUN      ] Conv_Depthwise.conv/48, where GetParam() = (GFLOPS=0.231, K=[3 x 3], IN={1, 256, 28, 28}, OCN=256, G=256, S=[2 x 2], P=[1 x 1], OCV/CPU)
IN=784 Kb [ 1 256 28 28 ]    OUT=196 Kb [ 1 256 14 14 ]    Weights(parameters): 9 Kb    MFLOPS=231.261
[ PERFSTAT ]    (samples=100   mean=0.06   median=0.06   min=0.05   stddev=0.00 (5.9%))
[       OK ] Conv_Depthwise.conv/48 (7 ms)
[ RUN      ] Conv_Depthwise.conv/49, where GetParam() = (GFLOPS=0.231, K=[3 x 3], IN={1, 512, 14, 14}, OCN=512, G=512, S=[2 x 2], P=[1 x 1], OCV/CPU)
IN=392 Kb [ 1 512 14 14 ]    OUT=98 Kb [ 1 512 7 7 ]    Weights(parameters): 18 Kb    MFLOPS=231.236
[ PERFSTAT ]    (samples=10   mean=0.08   median=0.08   min=0.08   stddev=0.00 (2.9%))
[       OK ] Conv_Depthwise.conv/49 (2 ms)
[ RUN      ] Conv_Depthwise.conv/50, where GetParam() = (GFLOPS=0.426, K=[3 x 3], IN={1, 128, 75, 75}, OCN=128, G=128, S=[2 x 2], P=[1 x 1], BIAS, OCV/CPU)
IN=2813 Kb [ 1 128 75 75 ]    OUT=722 Kb [ 1 128 38 38 ]    Weights(parameters): 5 Kb    MFLOPS=426.038
[ PERFSTAT ]    (samples=100   mean=0.06   median=0.06   min=0.05   stddev=0.01 (11.5%))
[       OK ] Conv_Depthwise.conv/50 (10 ms)
[ RUN      ] Conv_Depthwise.conv/51, where GetParam() = (GFLOPS=0.426, K=[3 x 3], IN={1, 256, 38, 38}, OCN=256, G=256, S=[2 x 2], P=[1 x 1], BIAS, OCV/CPU)
IN=1444 Kb [ 1 256 38 38 ]    OUT=361 Kb [ 1 256 19 19 ]    Weights(parameters): 10 Kb    MFLOPS=425.945
[ PERFSTAT ]    (samples=100   mean=0.06   median=0.07   min=0.06   stddev=0.00 (6.7%))
[       OK ] Conv_Depthwise.conv/51 (8 ms)
[ RUN      ] Conv_Depthwise.conv/52, where GetParam() = (GFLOPS=0.415, K=[3 x 3], IN={1, 32, 150, 150}, OCN=32, G=32, P=[1 x 1], BIAS, OCV/CPU)
IN=2813 Kb [ 1 32 150 150 ]    OUT=2813 Kb [ 1 32 150 150 ]    Weights(parameters): 2 Kb    MFLOPS=415.44
[ PERFSTAT ]    (samples=100   mean=0.10   median=0.10   min=0.07   stddev=0.02 (14.9%))
[       OK ] Conv_Depthwise.conv/52 (15 ms)
[ RUN      ] Conv_Depthwise.conv/53, where GetParam() = (GFLOPS=0.415, K=[3 x 3], IN={1, 64, 150, 150}, OCN=64, G=64, S=[2 x 2], P=[1 x 1], BIAS, OCV/CPU)
IN=5625 Kb [ 1 64 150 150 ]    OUT=1407 Kb [ 1 64 75 75 ]    Weights(parameters): 3 Kb    MFLOPS=415.08
[ PERFSTAT ]    (samples=100   mean=0.09   median=0.08   min=0.06   stddev=0.03 (27.8%))
[       OK ] Conv_Depthwise.conv/53 (16 ms)
[ RUN      ] Conv_Depthwise.conv/54, where GetParam() = (GFLOPS=0.170, K=[3 x 3], IN={1, 24, 128, 128}, OCN=24, G=24, P=[1 x 1], BIAS, OCV/CPU)
IN=1536 Kb [ 1 24 128 128 ]    OUT=1536 Kb [ 1 24 128 128 ]    Weights(parameters): 1 Kb    MFLOPS=170.263
[ PERFSTAT ]    (samples=100   mean=0.09   median=0.09   min=0.05   stddev=0.02 (22.9%))
[       OK ] Conv_Depthwise.conv/54 (11 ms)
[ RUN      ] Conv_Depthwise.conv/55, where GetParam() = (GFLOPS=0.157, K=[3 x 3], IN={1, 8, 368, 368}, OCN=8, G=8, P=[1 x 1], BIAS, OCV/CPU)
IN=4232 Kb [ 1 8 368 368 ]    OUT=4232 Kb [ 1 8 368 368 ]    Weights(parameters): 1 Kb    MFLOPS=157.092
[ PERFSTAT ]    (samples=100   mean=0.24   median=0.21   min=0.09   stddev=0.12 (48.5%))
[       OK ] Conv_Depthwise.conv/55 (32 ms)
[ RUN      ] Conv_Depthwise.conv/56, where GetParam() = (GFLOPS=0.076, K=[3 x 3], IN={1, 8, 256, 256}, OCN=8, G=8, P=[1 x 1], BIAS, OCV/CPU)
IN=2048 Kb [ 1 8 256 256 ]    OUT=2048 Kb [ 1 8 256 256 ]    Weights(parameters): 1 Kb    MFLOPS=76.0218
[ PERFSTAT ]    (samples=100   mean=0.13   median=0.13   min=0.06   stddev=0.06 (44.3%))
[       OK ] Conv_Depthwise.conv/56 (17 ms)
[ RUN      ] Conv_Depthwise.conv/57, where GetParam() = (GFLOPS=0.130, K=[3 x 3], IN={1, 24, 112, 112}, OCN=24, G=24, P=[1 x 1], BIAS, OCV/CPU)
IN=1176 Kb [ 1 24 112 112 ]    OUT=1176 Kb [ 1 24 112 112 ]    Weights(parameters): 1 Kb    MFLOPS=130.357
[ PERFSTAT ]    (samples=100   mean=0.10   median=0.09   min=0.05   stddev=0.02 (20.5%))
[       OK ] Conv_Depthwise.conv/57 (11 ms)
[ RUN      ] Conv_Depthwise.conv/58, where GetParam() = (GFLOPS=0.118, K=[3 x 3], IN={1, 16, 160, 160}, OCN=16, G=16, P=[1 x 1], BIAS, OCV/CPU)
IN=1600 Kb [ 1 16 160 160 ]    OUT=1600 Kb [ 1 16 160 160 ]    Weights(parameters): 1 Kb    MFLOPS=118.374
[ PERFSTAT ]    (samples=100   mean=0.12   median=0.13   min=0.03   stddev=0.04 (33.3%))
[       OK ] Conv_Depthwise.conv/58 (14 ms)
[ RUN      ] Conv_Depthwise.conv/59, where GetParam() = (GFLOPS=0.113, K=[5 x 5], IN={1, 32, 96, 96}, OCN=32, G=32, S=[2 x 2], P=[1 x 1], BIAS, OCV/CPU)
IN=1152 Kb [ 1 32 96 96 ]    OUT=277 Kb [ 1 32 47 47 ]    Weights(parameters): 4 Kb    MFLOPS=113.171
[ PERFSTAT ]    (samples=100   mean=0.10   median=0.10   min=0.10   stddev=0.00 (4.4%))
[       OK ] Conv_Depthwise.conv/59 (12 ms)
[ RUN      ] Conv_Depthwise.conv/60, where GetParam() = (GFLOPS=0.108, K=[5 x 5], IN={1, 64, 48, 48}, OCN=64, G=64, S=[2 x 2], P=[1 x 1], BIAS, OCV/CPU)
IN=576 Kb [ 1 64 48 48 ]    OUT=133 Kb [ 1 64 23 23 ]    Weights(parameters): 7 Kb    MFLOPS=108.373
[ PERFSTAT ]    (samples=100   mean=0.06   median=0.06   min=0.05   stddev=0.00 (4.5%))
[       OK ] Conv_Depthwise.conv/60 (7 ms)
[ RUN      ] Conv_Depthwise.conv/61, where GetParam() = (GFLOPS=0.099, K=[5 x 5], IN={1, 128, 24, 24}, OCN=128, G=128, S=[2 x 2], P=[1 x 1], BIAS, OCV/CPU)
IN=288 Kb [ 1 128 24 24 ]    OUT=61 Kb [ 1 128 11 11 ]    Weights(parameters): 13 Kb    MFLOPS=99.1387
[ PERFSTAT ]    (samples=100   mean=0.04   median=0.04   min=0.04   stddev=0.00 (5.0%))
[       OK ] Conv_Depthwise.conv/61 (5 ms)
[ RUN      ] Conv_Depthwise.conv/62, where GetParam() = (GFLOPS=0.096, K=[3 x 3], IN={1, 144, 32, 32}, OCN=144, G=144, S=[2 x 2], P=[1 x 1], BIAS, OCV/CPU)
IN=576 Kb [ 1 144 32 32 ]    OUT=144 Kb [ 1 144 16 16 ]    Weights(parameters): 6 Kb    MFLOPS=95.5884
[ PERFSTAT ]    (samples=100   mean=0.05   median=0.05   min=0.05   stddev=0.00 (6.2%))
[       OK ] Conv_Depthwise.conv/62 (6 ms)
[ RUN      ] Conv_Depthwise.conv/63, where GetParam() = (GFLOPS=0.030, K=[3 x 3], IN={1, 64, 20, 20}, OCN=64, G=64, P=[1 x 1], BIAS, OCV/CPU)
IN=100 Kb [ 1 64 20 20 ]    OUT=100 Kb [ 1 64 20 20 ]    Weights(parameters): 3 Kb    MFLOPS=29.5168
[ PERFSTAT ]    (samples=100   mean=0.03   median=0.03   min=0.03   stddev=0.00 (6.3%))
[       OK ] Conv_Depthwise.conv/63 (3 ms)
[ RUN      ] Conv_Depthwise.conv/64, where GetParam() = (GFLOPS=0.082, K=[5 x 5], IN={1, 256, 12, 12}, OCN=256, G=256, S=[2 x 2], P=[1 x 1], BIAS, OCV/CPU)
IN=144 Kb [ 1 256 12 12 ]    OUT=25 Kb [ 1 256 5 5 ]    Weights(parameters): 26 Kb    MFLOPS=81.9264
[ PERFSTAT ]    (samples=100   mean=0.04   median=0.04   min=0.03   stddev=0.00 (4.0%))
[       OK ] Conv_Depthwise.conv/64 (4 ms)
[ RUN      ] Conv_Depthwise.conv/65, where GetParam() = (GFLOPS=0.076, K=[3 x 3], IN={1, 32, 64, 64}, OCN=32, G=32, P=[1 x 1], BIAS, OCV/CPU)
IN=512 Kb [ 1 32 64 64 ]    OUT=512 Kb [ 1 32 64 64 ]    Weights(parameters): 2 Kb    MFLOPS=75.6285
[ PERFSTAT ]    (samples=100   mean=0.04   median=0.04   min=0.03   stddev=0.01 (19.2%))
[       OK ] Conv_Depthwise.conv/65 (5 ms)
[ RUN      ] Conv_Depthwise.conv/66, where GetParam() = (GFLOPS=0.076, K=[3 x 3], IN={1, 32, 128, 128}, OCN=32, G=32, S=[2 x 2], P=[1 x 1], BIAS, OCV/CPU)
IN=2048 Kb [ 1 32 128 128 ]    OUT=512 Kb [ 1 32 64 64 ]    Weights(parameters): 2 Kb    MFLOPS=75.6285
[ PERFSTAT ]    (samples=100   mean=0.06   median=0.05   min=0.04   stddev=0.02 (31.3%))
[       OK ] Conv_Depthwise.conv/66 (10 ms)
[ RUN      ] Conv_Depthwise.conv/67, where GetParam() = (GFLOPS=0.063, K=[3 x 3], IN={1, 144, 28, 28}, OCN=144, G=144, S=[2 x 2], BIAS, OCV/CPU)
IN=441 Kb [ 1 144 28 28 ]    OUT=96 Kb [ 1 144 13 13 ]    Weights(parameters): 6 Kb    MFLOPS=63.1032
[ PERFSTAT ]    (samples=100   mean=0.05   median=0.05   min=0.04   stddev=0.00 (5.6%))
[       OK ] Conv_Depthwise.conv/67 (5 ms)
[ RUN      ] Conv_Depthwise.conv/68, where GetParam() = (GFLOPS=0.019, K=[3 x 3], IN={1, 8, 128, 128}, OCN=8, G=8, P=[1 x 1], BIAS, OCV/CPU)
IN=512 Kb [ 1 8 128 128 ]    OUT=512 Kb [ 1 8 128 128 ]    Weights(parameters): 1 Kb    MFLOPS=19.0054
[ PERFSTAT ]    (samples=100   mean=0.04   median=0.04   min=0.02   stddev=0.02 (41.1%))
[       OK ] Conv_Depthwise.conv/68 (5 ms)
[ RUN      ] Conv_Depthwise.conv/69, where GetParam() = (GFLOPS=0.019, K=[3 x 3], IN={1, 16, 64, 64}, OCN=16, G=16, P=[1 x 1], BIAS, OCV/CPU)
IN=256 Kb [ 1 16 64 64 ]    OUT=256 Kb [ 1 16 64 64 ]    Weights(parameters): 1 Kb    MFLOPS=18.9399
[ PERFSTAT ]    (samples=100   mean=0.03   median=0.03   min=0.02   stddev=0.01 (20.4%))
[       OK ] Conv_Depthwise.conv/69 (4 ms)
[ RUN      ] Conv_Depthwise.conv/70, where GetParam() = (GFLOPS=0.014, K=[3 x 3], IN={1, 56, 16, 16}, OCN=56, G=56, P=[1 x 1], BIAS, OCV/CPU)
IN=56 Kb [ 1 56 16 16 ]    OUT=56 Kb [ 1 56 16 16 ]    Weights(parameters): 3 Kb    MFLOPS=14.465
[ PERFSTAT ]    (samples=100   mean=0.03   median=0.03   min=0.02   stddev=0.00 (5.6%))
[       OK ] Conv_Depthwise.conv/70 (3 ms)
[ RUN      ] Conv_Depthwise.conv/71, where GetParam() = (GFLOPS=0.012, K=[3 x 3], IN={1, 10, 80, 80}, OCN=10, G=10, P=[1 x 1], BIAS, OCV/CPU)
IN=250 Kb [ 1 10 80 80 ]    OUT=250 Kb [ 1 10 80 80 ]    Weights(parameters): 1 Kb    MFLOPS=11.584
[ PERFSTAT ]    (samples=100   mean=0.03   median=0.02   min=0.02   stddev=0.01 (30.7%))
[       OK ] Conv_Depthwise.conv/71 (3 ms)
[ RUN      ] Conv_Depthwise.conv/72, where GetParam() = (GFLOPS=0.011, K=[3 x 3], IN={1, 24, 32, 32}, OCN=24, G=24, P=[1 x 1], BIAS, OCV/CPU)
IN=96 Kb [ 1 24 32 32 ]    OUT=96 Kb [ 1 24 32 32 ]    Weights(parameters): 1 Kb    MFLOPS=10.6414
[ PERFSTAT ]    (samples=100   mean=0.02   median=0.02   min=0.02   stddev=0.00 (7.2%))
[       OK ] Conv_Depthwise.conv/72 (3 ms)
[ RUN      ] Conv_Depthwise.conv/73, where GetParam() = (GFLOPS=0.003, K=[3 x 3], IN={1, 192, 2, 2}, OCN=192, G=192, P=[1 x 1], BIAS, OCV/CPU)
IN=3 Kb [ 1 192 2 2 ]    OUT=3 Kb [ 1 192 2 2 ]    Weights(parameters): 8 Kb    MFLOPS=2.65498
[ PERFSTAT ]    (samples=100   mean=0.06   median=0.06   min=0.06   stddev=0.00 (3.3%))
[       OK ] Conv_Depthwise.conv/73 (7 ms)
[ RUN      ] Conv_Depthwise.conv/74, where GetParam() = (GFLOPS=0.004, K=[3 x 3], IN={1, 1, 32, 100}, OCN=64, P=[1 x 1], BIAS, OCV/CPU)
IN=13 Kb [ 1 1 32 100 ]    OUT=800 Kb [ 1 64 32 100 ]    Weights(parameters): 3 Kb    MFLOPS=3.8912
[ PERFSTAT ]    (samples=100   mean=0.13   median=0.13   min=0.09   stddev=0.02 (15.8%))
[       OK ] Conv_Depthwise.conv/74 (14 ms)
[ RUN      ] Conv_Depthwise.conv/75, where GetParam() = (GFLOPS=0.003, K=[3 x 3], IN={1, 10, 40, 40}, OCN=10, G=10, P=[1 x 1], BIAS, OCV/CPU)
IN=63 Kb [ 1 10 40 40 ]    OUT=63 Kb [ 1 10 40 40 ]    Weights(parameters): 1 Kb    MFLOPS=2.896
[ PERFSTAT ]    (samples=100   mean=0.02   median=0.02   min=0.01   stddev=0.00 (14.0%))
[       OK ] Conv_Depthwise.conv/75 (2 ms)
[ RUN      ] Conv_Depthwise.conv/76, where GetParam() = (GFLOPS=0.002, K=[3 x 3], IN={1, 4, 80, 80}, OCN=4, G=4, P=[1 x 1], BIAS, OCV/CPU)
IN=100 Kb [ 1 4 80 80 ]    OUT=100 Kb [ 1 4 80 80 ]    Weights(parameters): 1 Kb    MFLOPS=1.8688
[ PERFSTAT ]    (samples=100   mean=0.03   median=0.03   min=0.01   stddev=0.01 (37.8%))
[       OK ] Conv_Depthwise.conv/76 (3 ms)
[ RUN      ] Conv_Depthwise.conv/77, where GetParam() = (GFLOPS=0.001, K=[3 x 3], IN={1, 10, 20, 20}, OCN=10, G=10, P=[1 x 1], BIAS, OCV/CPU)
IN=16 Kb [ 1 10 20 20 ]    OUT=16 Kb [ 1 10 20 20 ]    Weights(parameters): 1 Kb    MFLOPS=0.724
[ PERFSTAT ]    (samples=100   mean=0.01   median=0.01   min=0.01   stddev=0.00 (5.8%))
[       OK ] Conv_Depthwise.conv/77 (2 ms)
[ RUN      ] Conv_Depthwise.conv/78, where GetParam() = (GFLOPS=0.001, K=[3 x 3], IN={1, 192, 4, 4}, OCN=192, G=192, S=[2 x 2], BIAS, OCV/CPU)
IN=12 Kb [ 1 192 4 4 ]    OUT=1 Kb [ 1 192 1 1 ]    Weights(parameters): 8 Kb    MFLOPS=0.663744
[ PERFSTAT ]    (samples=75   mean=0.06   median=0.06   min=0.06   stddev=0.00 (3.0%))
[       OK ] Conv_Depthwise.conv/78 (5 ms)
[ RUN      ] Conv_Depthwise.conv/79, where GetParam() = (GFLOPS=0.000, K=[3 x 3], IN={1, 4, 40, 40}, OCN=4, G=4, P=[1 x 1], BIAS, OCV/CPU)
IN=25 Kb [ 1 4 40 40 ]    OUT=25 Kb [ 1 4 40 40 ]    Weights(parameters): 1 Kb    MFLOPS=0.4672
[ PERFSTAT ]    (samples=100   mean=0.01   median=0.01   min=0.01   stddev=0.00 (20.4%))
[       OK ] Conv_Depthwise.conv/79 (1 ms)
[ RUN      ] Conv_Depthwise.conv/80, where GetParam() = (GFLOPS=0.000, K=[3 x 3], IN={1, 1, 80, 80}, OCN=1, P=[1 x 1], BIAS, OCV/CPU)
IN=25 Kb [ 1 1 80 80 ]    OUT=25 Kb [ 1 1 80 80 ]    Weights(parameters): 1 Kb    MFLOPS=0.1216
[ PERFSTAT ]    (samples=100   mean=0.09   median=0.08   min=0.04   stddev=0.03 (34.1%))
[       OK ] Conv_Depthwise.conv/80 (10 ms)
[ RUN      ] Conv_Depthwise.conv/81, where GetParam() = (GFLOPS=0.000, K=[3 x 3], IN={1, 4, 20, 20}, OCN=4, G=4, P=[1 x 1], BIAS, OCV/CPU)
IN=7 Kb [ 1 4 20 20 ]    OUT=7 Kb [ 1 4 20 20 ]    Weights(parameters): 1 Kb    MFLOPS=0.1168
[ PERFSTAT ]    (samples=100   mean=0.01   median=0.01   min=0.01   stddev=0.00 (7.2%))
[       OK ] Conv_Depthwise.conv/81 (1 ms)
[ RUN      ] Conv_Depthwise.conv/82, where GetParam() = (GFLOPS=0.000, K=[3 x 3], IN={1, 1, 40, 40}, OCN=1, P=[1 x 1], BIAS, OCV/CPU)
IN=7 Kb [ 1 1 40 40 ]    OUT=7 Kb [ 1 1 40 40 ]    Weights(parameters): 1 Kb    MFLOPS=0.0304
[ PERFSTAT ]    (samples=100   mean=0.04   median=0.04   min=0.03   stddev=0.01 (16.9%))
[       OK ] Conv_Depthwise.conv/82 (5 ms)
[ RUN      ] Conv_Depthwise.conv/83, where GetParam() = (GFLOPS=0.000, K=[3 x 3], IN={1, 1, 20, 20}, OCN=1, P=[1 x 1], BIAS, OCV/CPU)
IN=2 Kb [ 1 1 20 20 ]    OUT=2 Kb [ 1 1 20 20 ]    Weights(parameters): 1 Kb    MFLOPS=0.0076
[ PERFSTAT ]    (samples=100   mean=0.03   median=0.03   min=0.03   stddev=0.00 (8.8%))
[       OK ] Conv_Depthwise.conv/83 (4 ms)
[----------] 84 tests from Conv_Depthwise (848 ms total)

[----------] 3 tests from Conv1D
[ RUN      ] Conv1D.conv1d/0, where GetParam() = (GFLOPS=0.000, K=[3], IN={1, 6, 10}, OCN=6, PM=VALID, BIAS, OCV/CPU)
IN=1 Kb [ 1 6 10 ]    OUT=1 Kb [ 1 6 8 ]    Weights(parameters): 1 Kb    MFLOPS=0.001776
[ PERFSTAT ]    (samples=100   mean=0.03   median=0.03   min=0.02   stddev=0.00 (6.5%))
[       OK ] Conv1D.conv1d/0 (3 ms)
[ RUN      ] Conv1D.conv1d/1, where GetParam() = (GFLOPS=0.000, K=[3], IN={1, 2, 19}, OCN=2, G=2, S=2, P=(1, 1), BIAS, OCV/CPU)
IN=1 Kb [ 1 2 19 ]    OUT=1 Kb [ 1 2 10 ]    Weights(parameters): 1 Kb    MFLOPS=0.00026
[ PERFSTAT ]    (samples=100   mean=0.00   median=0.00   min=0.00   stddev=0.00 (12.6%))
[       OK ] Conv1D.conv1d/1 (1 ms)
[ RUN      ] Conv1D.conv1d/2, where GetParam() = (GFLOPS=0.000, K=[3], IN={1, 2, 25}, OCN=2, G=2, P=(2, 2), PM=SAME, OCV/CPU)
IN=1 Kb [ 1 2 25 ]    OUT=1 Kb [ 1 2 25 ]    Weights(parameters): 1 Kb    MFLOPS=0.00065
[ PERFSTAT ]    (samples=100   mean=0.00   median=0.00   min=0.00   stddev=0.00 (10.6%))
[       OK ] Conv1D.conv1d/2 (0 ms)
[----------] 3 tests from Conv1D (4 ms total)

[----------] 16 tests from Conv3D
[ RUN      ] Conv3D.conv3d/0, where GetParam() = (GFLOPS=0.027, K=[3 x 3 x 3], IN={1, 6, 10, 38, 50}, OCN=6, PM=VALID, BIAS, OCV/CPU)
IN=446 Kb [ 1 6 10 38 50 ]    OUT=324 Kb [ 1 6 8 36 48 ]    Weights(parameters): 4 Kb    MFLOPS=26.9568
[ PERFSTAT ]    (samples=100   mean=0.12   median=0.12   min=0.09   stddev=0.02 (12.9%))
[       OK ] Conv3D.conv3d/0 (14 ms)
[ RUN      ] Conv3D.conv3d/1, where GetParam() = (GFLOPS=0.000, K=[3 x 3 x 3], IN={1, 2, 19, 19, 19}, OCN=2, G=2, S=[2 x 2 x 2], P=(1, 1) x (1, 1) x (1, 1), BIAS, OCV/CPU)
IN=54 Kb [ 1 2 19 19 19 ]    OUT=8 Kb [ 1 2 10 10 10 ]    Weights(parameters): 1 Kb    MFLOPS=0.218
[ PERFSTAT ]    (samples=100   mean=0.04   median=0.04   min=0.04   stddev=0.00 (5.8%))
[       OK ] Conv3D.conv3d/1 (5 ms)
[ RUN      ] Conv3D.conv3d/2, where GetParam() = (GFLOPS=0.001, K=[3 x 3 x 3], IN={1, 2, 25, 19, 19}, OCN=2, G=2, S=[1 x 2 x 2], P=(2, 2) x (2, 2) x (2, 2), PM=SAME, OCV/CPU)
IN=71 Kb [ 1 2 25 19 19 ]    OUT=20 Kb [ 1 2 25 10 10 ]    Weights(parameters): 1 Kb    MFLOPS=0.545
[ PERFSTAT ]    (samples=100   mean=0.08   median=0.08   min=0.07   stddev=0.00 (3.6%))
[       OK ] Conv3D.conv3d/2 (8 ms)
[ RUN      ] Conv3D.conv3d/3, where GetParam() = (GFLOPS=1.343, K=[3 x 3 x 3], IN={1, 11, 9, 150, 200}, OCN=11, PM=VALID, BIAS, OCV/CPU)
IN=11602 Kb [ 1 11 9 150 200 ]    OUT=8815 Kb [ 1 11 7 148 198 ]    Weights(parameters): 13 Kb    MFLOPS=1342.56
[ PERFSTAT ]    (samples=100   mean=1.49   median=1.47   min=1.35   stddev=0.10 (6.9%))
[       OK ] Conv3D.conv3d/3 (172 ms)
[ RUN      ] Conv3D.conv3d/4, where GetParam() = (GFLOPS=0.053, K=[3 x 3 x 3], IN={1, 10, 98, 10, 10}, OCN=10, PM=SAME, OCV/CPU)
IN=383 Kb [ 1 10 98 10 10 ]    OUT=383 Kb [ 1 10 98 10 10 ]    Weights(parameters): 11 Kb    MFLOPS=53.018
[ PERFSTAT ]    (samples=100   mean=0.13   median=0.13   min=0.10   stddev=0.01 (7.6%))
[       OK ] Conv3D.conv3d/4 (14 ms)
[ RUN      ] Conv3D.conv3d/5, where GetParam() = (GFLOPS=0.030, K=[5 x 5 x 5], IN={1, 6, 19, 19, 19}, OCN=6, G=2, OCV/CPU)
IN=161 Kb [ 1 6 19 19 19 ]    OUT=80 Kb [ 1 6 15 15 15 ]    Weights(parameters): 9 Kb    MFLOPS=30.3952
[ PERFSTAT ]    (samples=100   mean=0.14   median=0.14   min=0.11   stddev=0.01 (7.9%))
[       OK ] Conv3D.conv3d/5 (14 ms)
[ RUN      ] Conv3D.conv3d/6, where GetParam() = (GFLOPS=0.006, K=[5 x 5 x 5], IN={1, 4, 50, 19, 19}, OCN=4, S=[2 x 2 x 2], P=(1, 1) x (1, 1) x (1, 1), PM=VALID, OCV/CPU)
IN=283 Kb [ 1 4 50 19 19 ]    OUT=23 Kb [ 1 4 23 8 8 ]    Weights(parameters): 8 Kb    MFLOPS=5.89389
[ PERFSTAT ]    (samples=100   mean=0.56   median=0.58   min=0.46   stddev=0.05 (8.7%))
[       OK ] Conv3D.conv3d/6 (58 ms)
[ RUN      ] Conv3D.conv3d/7, where GetParam() = (GFLOPS=1.267, K=[5 x 5 x 5], IN={1, 3, 75, 75, 100}, OCN=3, PM=SAME, BIAS, OCV/CPU)
IN=6592 Kb [ 1 3 75 75 100 ]    OUT=6592 Kb [ 1 3 75 75 100 ]    Weights(parameters): 5 Kb    MFLOPS=1267.31
[ PERFSTAT ]    (samples=100   mean=6.12   median=6.09   min=5.78   stddev=0.20 (3.2%))
[       OK ] Conv3D.conv3d/7 (634 ms)
[ RUN      ] Conv3D.conv3d/8, where GetParam() = (GFLOPS=0.116, K=[5 x 5 x 5], IN={1, 2, 21, 75, 100}, OCN=2, BIAS, OCV/CPU)
IN=1231 Kb [ 1 2 21 75 100 ]    OUT=906 Kb [ 1 2 17 71 96 ]    Weights(parameters): 2 Kb    MFLOPS=116.104
[ PERFSTAT ]    (samples=100   mean=0.68   median=0.67   min=0.63   stddev=0.02 (2.9%))
[       OK ] Conv3D.conv3d/8 (72 ms)
[ RUN      ] Conv3D.conv3d/9, where GetParam() = (GFLOPS=0.093, K=[5 x 5 x 5], IN={1, 4, 40, 75, 75}, OCN=4, S=[2 x 2 x 2], OCV/CPU)
IN=3516 Kb [ 1 4 40 75 75 ]    OUT=365 Kb [ 1 4 18 36 36 ]    Weights(parameters): 8 Kb    MFLOPS=93.4053
[ PERFSTAT ]    (samples=100   mean=0.37   median=0.38   min=0.32   stddev=0.02 (5.6%))
[       OK ] Conv3D.conv3d/9 (42 ms)
[ RUN      ] Conv3D.conv3d/10, where GetParam() = (GFLOPS=0.071, K=[7 x 7 x 7], IN={1, 6, 15, 19, 19}, OCN=6, S=[2 x 1 x 1], P=(3, 3) x (3, 3) x (3, 3), PM=SAME, BIAS, OCV/CPU)
IN=127 Kb [ 1 6 15 19 19 ]    OUT=68 Kb [ 1 6 8 19 19 ]    Weights(parameters): 49 Kb    MFLOPS=71.3394
[ PERFSTAT ]    (samples=100   mean=0.83   median=0.83   min=0.53   stddev=0.09 (10.6%))
[       OK ] Conv3D.conv3d/10 (87 ms)
[ RUN      ] Conv3D.conv3d/11, where GetParam() = (GFLOPS=0.045, K=[7 x 7 x 7], IN={1, 2, 38, 38, 38}, OCN=2, S=[1 x 2 x 1], OCV/CPU)
IN=429 Kb [ 1 2 38 38 38 ]    OUT=128 Kb [ 1 2 32 16 32 ]    Weights(parameters): 6 Kb    MFLOPS=44.9905
[ PERFSTAT ]    (samples=100   mean=0.31   median=0.31   min=0.26   stddev=0.02 (6.0%))
[       OK ] Conv3D.conv3d/11 (33 ms)
[ RUN      ] Conv3D.conv3d/12, where GetParam() = (GFLOPS=0.000, K=[1 x 1 x 1], IN={1, 4, 9, 10, 10}, OCN=4, S=[1 x 1 x 2], P=(1, 1) x (1, 1) x (1, 1), PM=VALID, OCV/CPU)
IN=15 Kb [ 1 4 9 10 10 ]    OUT=8 Kb [ 1 4 9 10 5 ]    Weights(parameters): 1 Kb    MFLOPS=0.0162
[ PERFSTAT ]    (samples=100   mean=0.03   median=0.03   min=0.03   stddev=0.00 (5.7%))
[       OK ] Conv3D.conv3d/12 (3 ms)
[ RUN      ] Conv3D.conv3d/13, where GetParam() = (GFLOPS=0.002, K=[3 x 1 x 4], IN={1, 14, 5, 10, 10}, OCN=14, PM=SAME, OCV/CPU)
IN=28 Kb [ 1 14 5 10 10 ]    OUT=28 Kb [ 1 14 5 10 10 ]    Weights(parameters): 10 Kb    MFLOPS=2.359
[ PERFSTAT ]    (samples=100   mean=0.12   median=0.12   min=0.11   stddev=0.01 (6.7%))
[       OK ] Conv3D.conv3d/13 (13 ms)
[ RUN      ] Conv3D.conv3d/14, where GetParam() = (GFLOPS=0.000, K=[1 x 1 x 1], IN={1, 8, 1, 10, 10}, OCN=8, G=8, P=(1, 1) x (1, 1) x (1, 1), BIAS, OCV/CPU)
IN=4 Kb [ 1 8 1 10 10 ]    OUT=14 Kb [ 1 8 3 12 12 ]    Weights(parameters): 1 Kb    MFLOPS=0.058752
[ PERFSTAT ]    (samples=100   mean=0.02   median=0.02   min=0.02   stddev=0.00 (5.9%))
[       OK ] Conv3D.conv3d/14 (2 ms)
[ RUN      ] Conv3D.conv3d/15, where GetParam() = (GFLOPS=0.000, K=[3 x 4 x 2], IN={1, 4, 8, 10, 10}, OCN=4, G=4, S=[1 x 2 x 1], BIAS, OCV/CPU)
IN=13 Kb [ 1 4 8 10 10 ]    OUT=4 Kb [ 1 4 6 4 9 ]    Weights(parameters): 1 Kb    MFLOPS=0.166752
[ PERFSTAT ]    (samples=100   mean=0.02   median=0.02   min=0.02   stddev=0.00 (4.8%))
[       OK ] Conv3D.conv3d/15 (2 ms)
[----------] 16 tests from Conv3D (1173 ms total)

[----------] 12 tests from Layer_Einsum
[ RUN      ] Layer_Einsum.einsum/0, where GetParam() = Equation=ij, jk -> ik InputShape={{2, 3}, {3, 2}}
[ PERFSTAT ]    (samples=25   mean=0.00   median=0.00   min=0.00   stddev=0.00 (1.6%))
[       OK ] Layer_Einsum.einsum/0 (1 ms)
[ RUN      ] Layer_Einsum.einsum/1, where GetParam() = Equation=ij, jk -> ik InputShape={{20, 30}, {30, 20}}
[ PERFSTAT ]    (samples=13   mean=0.02   median=0.02   min=0.02   stddev=0.00 (1.5%))
[       OK ] Layer_Einsum.einsum/1 (0 ms)
[ RUN      ] Layer_Einsum.einsum/2, where GetParam() = Equation=ij, jk -> ik InputShape={{113, 127}, {127, 113}}
[ PERFSTAT ]    (samples=100   mean=0.39   median=0.39   min=0.36   stddev=0.02 (4.2%))
[       OK ] Layer_Einsum.einsum/2 (40 ms)
[ RUN      ] Layer_Einsum.einsum/3, where GetParam() = Equation=imkj, injs -> imnks InputShape={{1, 4, 7, 9}, {1, 5, 9, 8}}
[ PERFSTAT ]    (samples=10   mean=0.03   median=0.03   min=0.03   stddev=0.00 (3.0%))
[       OK ] Layer_Einsum.einsum/3 (0 ms)
[ RUN      ] Layer_Einsum.einsum/4, where GetParam() = Equation=imkj, injs -> imnks InputShape={{1, 4, 70, 90}, {1, 5, 90, 80}}
[ PERFSTAT ]    (samples=10   mean=2.04   median=2.05   min=1.98   stddev=0.06 (2.8%))
[       OK ] Layer_Einsum.einsum/4 (23 ms)
[ RUN      ] Layer_Einsum.einsum/5, where GetParam() = Equation=imkj, injs -> imnks InputShape={{1, 4, 73, 91}, {1, 5, 91, 57}}
[ PERFSTAT ]    (samples=100   mean=1.73   median=1.74   min=1.58   stddev=0.07 (4.3%))
[       OK ] Layer_Einsum.einsum/5 (177 ms)
[ RUN      ] Layer_Einsum.einsum/6, where GetParam() = Equation=ij -> i InputShape={{30, 40}}
[ PERFSTAT ]    (samples=24   mean=0.00   median=0.00   min=0.00   stddev=0.00 (3.0%))
[       OK ] Layer_Einsum.einsum/6 (3 ms)
[ RUN      ] Layer_Einsum.einsum/7, where GetParam() = Equation=ij -> i InputShape={{113, 374}}
[ PERFSTAT ]    (samples=13   mean=0.04   median=0.04   min=0.04   stddev=0.00 (0.7%))
[       OK ] Layer_Einsum.einsum/7 (1 ms)
[ RUN      ] Layer_Einsum.einsum/8, where GetParam() = Equation=...ij -> ...i InputShape={{30, 40}}
[ PERFSTAT ]    (samples=13   mean=0.00   median=0.00   min=0.00   stddev=0.00 (1.8%))
[       OK ] Layer_Einsum.einsum/8 (0 ms)
[ RUN      ] Layer_Einsum.einsum/9, where GetParam() = Equation=...ij -> ...i InputShape={{113, 374}}
[ PERFSTAT ]    (samples=23   mean=0.04   median=0.04   min=0.04   stddev=0.00 (3.0%))
[       OK ] Layer_Einsum.einsum/9 (1 ms)
[ RUN      ] Layer_Einsum.einsum/10, where GetParam() = Equation=...ij, ...jk -> ...ik InputShape={{40, 50}, {50, 80}}
[ PERFSTAT ]    (samples=10   mean=0.09   median=0.09   min=0.09   stddev=0.00 (2.7%))
[       OK ] Layer_Einsum.einsum/10 (1 ms)
[ RUN      ] Layer_Einsum.einsum/11, where GetParam() = Equation=...ij, ...jk -> ...ik InputShape={{47, 51}, {51, 83}}
[ PERFSTAT ]    (samples=10   mean=0.10   median=0.10   min=0.10   stddev=0.00 (1.7%))
[       OK ] Layer_Einsum.einsum/11 (1 ms)
[----------] 12 tests from Layer_Einsum (248 ms total)

[----------] 12 tests from Gemm
[ RUN      ] Gemm.gemm/0, where GetParam() = (A=[768, 768], B=[768, 768], C=[768], trans_a=0, trans_b=0, OCV/CPU)
[ PERFSTAT ]    (samples=100   mean=1.61   median=1.61   min=1.47   stddev=0.07 (4.2%))
[       OK ] Gemm.gemm/0 (171 ms)
[ RUN      ] Gemm.gemm/1, where GetParam() = (A=[1024, 1024], B=[1024, 1024], C=[1024], trans_a=0, trans_b=0, OCV/CPU)
[ PERFSTAT ]    (samples=10   mean=3.92   median=3.91   min=3.79   stddev=0.11 (2.9%))
[       OK ] Gemm.gemm/1 (57 ms)
[ RUN      ] Gemm.gemm/2, where GetParam() = (A=[50, 768], B=[768, 2304], trans_a=0, trans_b=0, OCV/CPU)
[ PERFSTAT ]    (samples=100   mean=0.65   median=0.65   min=0.59   stddev=0.03 (4.8%))
[       OK ] Gemm.gemm/2 (75 ms)
[ RUN      ] Gemm.gemm/3, where GetParam() = (A=[197, 768], B=[768, 2304], trans_a=0, trans_b=0, OCV/CPU)
[ PERFSTAT ]    (samples=50   mean=1.40   median=1.40   min=1.32   stddev=0.04 (2.8%))
[       OK ] Gemm.gemm/3 (80 ms)
[ RUN      ] Gemm.gemm/4, where GetParam() = (A=[50, 1024], B=[1024, 3072], trans_a=0, trans_b=0, OCV/CPU)
[ PERFSTAT ]    (samples=100   mean=1.13   median=1.12   min=1.02   stddev=0.06 (5.0%))
[       OK ] Gemm.gemm/4 (138 ms)
[ RUN      ] Gemm.gemm/5, where GetParam() = (A=[197, 1024], B=[1024, 3072], trans_a=0, trans_b=0, OCV/CPU)
[ PERFSTAT ]    (samples=10   mean=2.63   median=2.60   min=2.56   stddev=0.07 (2.8%))
[       OK ] Gemm.gemm/5 (50 ms)
[ RUN      ] Gemm.innerproduct/0, where GetParam() = (A=[768, 768], B=[768, 768], C=[768], trans_a=0, trans_b=0, OCV/CPU)
[ PERFSTAT ]    (samples=100   mean=0.97   median=0.96   min=0.92   stddev=0.03 (3.4%))
[       OK ] Gemm.innerproduct/0 (111 ms)
[ RUN      ] Gemm.innerproduct/1, where GetParam() = (A=[1024, 1024], B=[1024, 1024], C=[1024], trans_a=0, trans_b=0, OCV/CPU)
[ PERFSTAT ]    (samples=100   mean=2.33   median=2.31   min=2.24   stddev=0.08 (3.5%))
[       OK ] Gemm.innerproduct/1 (256 ms)
[ RUN      ] Gemm.innerproduct/2, where GetParam() = (A=[50, 768], B=[768, 2304], trans_a=0, trans_b=0, OCV/CPU)
[ PERFSTAT ]    (samples=100   mean=0.25   median=0.25   min=0.24   stddev=0.01 (3.3%))
[       OK ] Gemm.innerproduct/2 (41 ms)
[ RUN      ] Gemm.innerproduct/3, where GetParam() = (A=[197, 768], B=[768, 2304], trans_a=0, trans_b=0, OCV/CPU)
[ PERFSTAT ]    (samples=39   mean=0.73   median=0.73   min=0.69   stddev=0.02 (3.0%))
[       OK ] Gemm.innerproduct/3 (39 ms)
[ RUN      ] Gemm.innerproduct/4, where GetParam() = (A=[50, 1024], B=[1024, 3072], trans_a=0, trans_b=0, OCV/CPU)
[ PERFSTAT ]    (samples=100   mean=0.38   median=0.37   min=0.35   stddev=0.02 (5.5%))
[       OK ] Gemm.innerproduct/4 (62 ms)
[ RUN      ] Gemm.innerproduct/5, where GetParam() = (A=[197, 1024], B=[1024, 3072], trans_a=0, trans_b=0, OCV/CPU)
[ PERFSTAT ]    (samples=100   mean=1.59   median=1.57   min=1.38   stddev=0.07 (4.4%))
[       OK ] Gemm.innerproduct/5 (186 ms)
[----------] 12 tests from Gemm (1266 ms total)

[----------] 16 tests from MatMul
[ RUN      ] MatMul.matmul/0, where GetParam() = (A=[12, 197, 197], B=[12, 197, 64], trans_a=0, trans_b=0, OCV/CPU)
[ PERFSTAT ]    (samples=100   mean=0.54   median=0.54   min=0.52   stddev=0.02 (3.4%))
[       OK ] MatMul.matmul/0 (60 ms)
[ RUN      ] MatMul.matmul/1, where GetParam() = (A=[12, 197, 64], B=[12, 64, 197], trans_a=0, trans_b=0, OCV/CPU)
[ PERFSTAT ]    (samples=100   mean=0.44   median=0.44   min=0.40   stddev=0.02 (5.6%))
[       OK ] MatMul.matmul/1 (47 ms)
[ RUN      ] MatMul.matmul/2, where GetParam() = (A=[12, 50, 64], B=[12, 64, 50], trans_a=0, trans_b=0, OCV/CPU)
[ PERFSTAT ]    (samples=100   mean=0.08   median=0.08   min=0.08   stddev=0.00 (4.8%))
[       OK ] MatMul.matmul/2 (9 ms)
[ RUN      ] MatMul.matmul/3, where GetParam() = (A=[12, 50, 50], B=[12, 50, 64], trans_a=0, trans_b=0, OCV/CPU)
[ PERFSTAT ]    (samples=10   mean=0.07   median=0.07   min=0.07   stddev=0.00 (2.5%))
[       OK ] MatMul.matmul/3 (1 ms)
[ RUN      ] MatMul.matmul/4, where GetParam() = (A=[16, 197, 197], B=[16, 197, 64], trans_a=0, trans_b=0, OCV/CPU)
[ PERFSTAT ]    (samples=100   mean=0.75   median=0.74   min=0.69   stddev=0.04 (4.8%))
[       OK ] MatMul.matmul/4 (81 ms)
[ RUN      ] MatMul.matmul/5, where GetParam() = (A=[16, 197, 64], B=[16, 64, 197], trans_a=0, trans_b=0, OCV/CPU)
[ PERFSTAT ]    (samples=100   mean=0.58   median=0.58   min=0.54   stddev=0.03 (4.7%))
[       OK ] MatMul.matmul/5 (62 ms)
[ RUN      ] MatMul.matmul/6, where GetParam() = (A=[16, 50, 64], B=[16, 64, 50], trans_a=0, trans_b=0, OCV/CPU)
[ PERFSTAT ]    (samples=75   mean=0.11   median=0.11   min=0.11   stddev=0.00 (2.3%))
[       OK ] MatMul.matmul/6 (9 ms)
[ RUN      ] MatMul.matmul/7, where GetParam() = (A=[16, 50, 50], B=[16, 50, 64], trans_a=0, trans_b=0, OCV/CPU)
[ PERFSTAT ]    (samples=10   mean=0.10   median=0.10   min=0.10   stddev=0.00 (1.6%))
[       OK ] MatMul.matmul/7 (1 ms)
[ RUN      ] MatMul.innerproduct/0, where GetParam() = (A=[12, 197, 197], B=[12, 197, 64], trans_a=0, trans_b=0, OCV/CPU)
[ PERFSTAT ]    (samples=100   mean=0.28   median=0.28   min=0.26   stddev=0.01 (3.5%))
[       OK ] MatMul.innerproduct/0 (33 ms)
[ RUN      ] MatMul.innerproduct/1, where GetParam() = (A=[12, 197, 64], B=[12, 64, 197], trans_a=0, trans_b=0, OCV/CPU)
[ PERFSTAT ]    (samples=25   mean=0.29   median=0.29   min=0.27   stddev=0.01 (3.0%))
[       OK ] MatMul.innerproduct/1 (10 ms)
[ RUN      ] MatMul.innerproduct/2, where GetParam() = (A=[12, 50, 64], B=[12, 64, 50], trans_a=0, trans_b=0, OCV/CPU)
[ PERFSTAT ]    (samples=13   mean=0.15   median=0.15   min=0.15   stddev=0.00 (2.0%))
[       OK ] MatMul.innerproduct/2 (3 ms)
[ RUN      ] MatMul.innerproduct/3, where GetParam() = (A=[12, 50, 50], B=[12, 50, 64], trans_a=0, trans_b=0, OCV/CPU)
[ PERFSTAT ]    (samples=10   mean=0.16   median=0.16   min=0.15   stddev=0.00 (2.8%))
[       OK ] MatMul.innerproduct/3 (3 ms)
[ RUN      ] MatMul.innerproduct/4, where GetParam() = (A=[16, 197, 197], B=[16, 197, 64], trans_a=0, trans_b=0, OCV/CPU)
[ PERFSTAT ]    (samples=100   mean=0.39   median=0.39   min=0.35   stddev=0.01 (3.6%))
[       OK ] MatMul.innerproduct/4 (47 ms)
[ RUN      ] MatMul.innerproduct/5, where GetParam() = (A=[16, 197, 64], B=[16, 64, 197], trans_a=0, trans_b=0, OCV/CPU)
[ PERFSTAT ]    (samples=38   mean=0.40   median=0.40   min=0.38   stddev=0.01 (2.8%))
[       OK ] MatMul.innerproduct/5 (19 ms)
[ RUN      ] MatMul.innerproduct/6, where GetParam() = (A=[16, 50, 64], B=[16, 64, 50], trans_a=0, trans_b=0, OCV/CPU)
[ PERFSTAT ]    (samples=31   mean=0.24   median=0.23   min=0.23   stddev=0.01 (3.0%))
[       OK ] MatMul.innerproduct/6 (9 ms)
[ RUN      ] MatMul.innerproduct/7, where GetParam() = (A=[16, 50, 50], B=[16, 50, 64], trans_a=0, trans_b=0, OCV/CPU)
[ PERFSTAT ]    (samples=13   mean=0.24   median=0.24   min=0.23   stddev=0.01 (2.4%))
[       OK ] MatMul.innerproduct/7 (4 ms)
[----------] 16 tests from MatMul (398 ms total)

[----------] 20 tests from Layer_NaryEltwise
[ RUN      ] Layer_NaryEltwise.NCHW_NCHW_add/0, where GetParam() = OCV/CPU
[ PERFSTAT ]    (samples=10   mean=9.67   median=9.74   min=9.29   stddev=0.21 (2.2%))
[       OK ] Layer_NaryEltwise.NCHW_NCHW_add/0 (343 ms)
[ RUN      ] Layer_NaryEltwise.NCHW_NCHW_div/0, where GetParam() = OCV/CPU
[ PERFSTAT ]    (samples=10   mean=9.59   median=9.58   min=9.36   stddev=0.11 (1.1%))
[       OK ] Layer_NaryEltwise.NCHW_NCHW_div/0 (339 ms)
[ RUN      ] Layer_NaryEltwise.NCHW_NCHW_ref_div/0, where GetParam() = OCV/CPU
[ PERFSTAT ]    (samples=100   mean=15.23   median=15.06   min=10.80   stddev=1.94 (12.8%))
[       OK ] Layer_NaryEltwise.NCHW_NCHW_ref_div/0 (1810 ms)
[ RUN      ] Layer_NaryEltwise.NCHW_NCHW_equal/0, where GetParam() = OCV/CPU
[ PERFSTAT ]    (samples=13   mean=9.59   median=9.57   min=9.17   stddev=0.22 (2.3%))
[       OK ] Layer_NaryEltwise.NCHW_NCHW_equal/0 (406 ms)
[ RUN      ] Layer_NaryEltwise.NCHW_NCHW_greater/0, where GetParam() = OCV/CPU
[ PERFSTAT ]    (samples=10   mean=9.40   median=9.35   min=9.10   stddev=0.20 (2.2%))
[       OK ] Layer_NaryEltwise.NCHW_NCHW_greater/0 (341 ms)
[ RUN      ] Layer_NaryEltwise.NCHW_NCHW_less/0, where GetParam() = OCV/CPU
[ PERFSTAT ]    (samples=25   mean=9.39   median=9.29   min=9.07   stddev=0.26 (2.7%))
[       OK ] Layer_NaryEltwise.NCHW_NCHW_less/0 (486 ms)
[ RUN      ] Layer_NaryEltwise.NCHW_NCHW_max/0, where GetParam() = OCV/CPU
[ PERFSTAT ]    (samples=10   mean=9.53   median=9.62   min=9.11   stddev=0.24 (2.5%))
[       OK ] Layer_NaryEltwise.NCHW_NCHW_max/0 (377 ms)
[ RUN      ] Layer_NaryEltwise.NCHW_NCHW_ref_max/0, where GetParam() = OCV/CPU
[ PERFSTAT ]    (samples=100   mean=15.50   median=15.67   min=9.33   stddev=2.63 (17.0%))
[       OK ] Layer_NaryEltwise.NCHW_NCHW_ref_max/0 (1863 ms)
[ RUN      ] Layer_NaryEltwise.NCHW_NCHW_mean/0, where GetParam() = OCV/CPU
[ PERFSTAT ]    (samples=100   mean=15.50   median=11.15   min=10.11   stddev=10.33 (66.7%))
[       OK ] Layer_NaryEltwise.NCHW_NCHW_mean/0 (2173 ms)
[ RUN      ] Layer_NaryEltwise.NCHW_NCHW_min/0, where GetParam() = OCV/CPU
[ PERFSTAT ]    (samples=10   mean=10.35   median=10.33   min=10.19   stddev=0.14 (1.4%))
[       OK ] Layer_NaryEltwise.NCHW_NCHW_min/0 (347 ms)
[ RUN      ] Layer_NaryEltwise.NCHW_NCHW_ref_min/0, where GetParam() = OCV/CPU
[ PERFSTAT ]    (samples=100   mean=18.75   median=17.88   min=10.33   stddev=3.87 (20.7%))
[       OK ] Layer_NaryEltwise.NCHW_NCHW_ref_min/0 (2205 ms)
[ RUN      ] Layer_NaryEltwise.NCHW_NCHW_mul/0, where GetParam() = OCV/CPU
[ PERFSTAT ]    (samples=14   mean=9.27   median=9.17   min=9.03   stddev=0.28 (3.0%))
[       OK ] Layer_NaryEltwise.NCHW_NCHW_mul/0 (373 ms)
[ RUN      ] Layer_NaryEltwise.NCHW_NCHW_ref_mul/0, where GetParam() = OCV/CPU
[ PERFSTAT ]    (samples=100   mean=17.49   median=17.62   min=12.46   stddev=2.16 (12.4%))
[       OK ] Layer_NaryEltwise.NCHW_NCHW_ref_mul/0 (2039 ms)
[ RUN      ] Layer_NaryEltwise.NCHW_NCHW_pow/0, where GetParam() = OCV/CPU
[ PERFSTAT ]    (samples=100   mean=16.41   median=16.54   min=11.81   stddev=0.84 (5.1%))
[       OK ] Layer_NaryEltwise.NCHW_NCHW_pow/0 (1930 ms)
[ RUN      ] Layer_NaryEltwise.NCHW_NCHW_sub/0, where GetParam() = OCV/CPU
[ PERFSTAT ]    (samples=10   mean=9.38   median=9.31   min=9.20   stddev=0.20 (2.2%))
[       OK ] Layer_NaryEltwise.NCHW_NCHW_sub/0 (370 ms)
[ RUN      ] Layer_NaryEltwise.NCHW_NCHW_sum/0, where GetParam() = OCV/CPU
[ PERFSTAT ]    (samples=100   mean=9.54   median=9.71   min=8.59   stddev=0.60 (6.3%))
[       OK ] Layer_NaryEltwise.NCHW_NCHW_sum/0 (1208 ms)
[ RUN      ] Layer_NaryEltwise.NCHW_NCHW_ref_sum/0, where GetParam() = OCV/CPU
[ PERFSTAT ]    (samples=100   mean=16.18   median=16.13   min=12.51   stddev=1.69 (10.4%))
[       OK ] Layer_NaryEltwise.NCHW_NCHW_ref_sum/0 (1918 ms)
[ RUN      ] Layer_NaryEltwise.NCHW_C_sum/0, where GetParam() = OCV/CPU
[ PERFSTAT ]    (samples=10   mean=11.12   median=11.07   min=10.99   stddev=0.18 (1.6%))
[       OK ] Layer_NaryEltwise.NCHW_C_sum/0 (263 ms)
[ RUN      ] Layer_NaryEltwise.NHWC_C/0, where GetParam() = OCV/CPU
[ PERFSTAT ]    (samples=10   mean=11.64   median=11.58   min=11.57   stddev=0.11 (0.9%))
[       OK ] Layer_NaryEltwise.NHWC_C/0 (249 ms)
[ RUN      ] Layer_NaryEltwise.NHWC_H/0, where GetParam() = OCV/CPU
[ PERFSTAT ]    (samples=10   mean=11.18   median=11.13   min=11.11   stddev=0.13 (1.2%))
[       OK ] Layer_NaryEltwise.NHWC_H/0 (244 ms)
[----------] 20 tests from Layer_NaryEltwise (19284 ms total)

[----------] 4 tests from Layer_Slice
[ RUN      ] Layer_Slice.YOLOv4_tiny_1/0, where GetParam() = OCV/CPU
[ PERFSTAT ]    (samples=13   mean=0.05   median=0.05   min=0.05   stddev=0.00 (2.9%))
[       OK ] Layer_Slice.YOLOv4_tiny_1/0 (10 ms)
[ RUN      ] Layer_Slice.YOLOv4_tiny_2/0, where GetParam() = OCV/CPU
[ PERFSTAT ]    (samples=10   mean=0.03   median=0.03   min=0.03   stddev=0.00 (0.5%))
[       OK ] Layer_Slice.YOLOv4_tiny_2/0 (2 ms)
[ RUN      ] Layer_Slice.YOLOv4_tiny_3/0, where GetParam() = OCV/CPU
[ PERFSTAT ]    (samples=10   mean=0.01   median=0.01   min=0.01   stddev=0.00 (2.0%))
[       OK ] Layer_Slice.YOLOv4_tiny_3/0 (1 ms)
[ RUN      ] Layer_Slice.FastNeuralStyle_eccv16/0, where GetParam() = OCV/CPU
[ PERFSTAT ]    (samples=10   mean=0.28   median=0.28   min=0.27   stddev=0.00 (1.7%))
[       OK ] Layer_Slice.FastNeuralStyle_eccv16/0 (9 ms)
[----------] 4 tests from Layer_Slice (22 ms total)

[----------] 2 tests from Layer_Scatter
[ RUN      ] Layer_Scatter.scatter/0, where GetParam() = ({ 2, 128, 64, 50 }, "none", 0, OCV/CPU)
[ PERFSTAT ]    (samples=10   mean=2.66   median=2.67   min=2.58   stddev=0.05 (2.0%))
[       OK ] Layer_Scatter.scatter/0 (41 ms)
[ RUN      ] Layer_Scatter.scatter/1, where GetParam() = ({ 2, 128, 64, 50 }, "add", 0, OCV/CPU)
[ PERFSTAT ]    (samples=10   mean=2.95   median=2.94   min=2.92   stddev=0.03 (1.1%))
[       OK ] Layer_Scatter.scatter/1 (45 ms)
[----------] 2 tests from Layer_Scatter (86 ms total)

[----------] 2 tests from Layer_ScatterND
[ RUN      ] Layer_ScatterND.scatterND/0, where GetParam() = ({ 2, 128, 64, 50 }, "none", OCV/CPU)
[ PERFSTAT ]    (samples=21   mean=1.08   median=1.07   min=1.06   stddev=0.03 (3.0%))
[       OK ] Layer_ScatterND.scatterND/0 (59 ms)
[ RUN      ] Layer_ScatterND.scatterND/1, where GetParam() = ({ 2, 128, 64, 50 }, "add", OCV/CPU)
[ PERFSTAT ]    (samples=10   mean=1.08   median=1.08   min=1.07   stddev=0.01 (0.9%))
[       OK ] Layer_ScatterND.scatterND/1 (41 ms)
[----------] 2 tests from Layer_ScatterND (100 ms total)

[----------] 1 test from Layer_LayerNorm
[ RUN      ] Layer_LayerNorm.LayerNorm/0, where GetParam() = OCV/CPU
[ PERFSTAT ]    (samples=100   mean=0.02   median=0.02   min=0.02   stddev=0.00 (3.3%))
[       OK ] Layer_LayerNorm.LayerNorm/0 (3 ms)
[----------] 1 test from Layer_LayerNorm (3 ms total)

[----------] 1 test from Layer_GatherElements
[ RUN      ] Layer_GatherElements.GatherElements/0, where GetParam() = OCV/CPU
[ PERFSTAT ]    (samples=100   mean=0.08   median=0.08   min=0.07   stddev=0.02 (18.4%))
[       OK ] Layer_GatherElements.GatherElements/0 (38 ms)
[----------] 1 test from Layer_GatherElements (38 ms total)

[----------] 1 test from Layer_InstanceNorm
[ RUN      ] Layer_InstanceNorm.InstanceNorm/0, where GetParam() = OCV/CPU
[ PERFSTAT ]    (samples=100   mean=0.65   median=0.65   min=0.59   stddev=0.03 (4.9%))
[       OK ] Layer_InstanceNorm.InstanceNorm/0 (86 ms)
[----------] 1 test from Layer_InstanceNorm (86 ms total)

[----------] 1 test from Layer_Attention
[ RUN      ] Layer_Attention.VisionTransformer/0, where GetParam() = OCV/CPU
[ PERFSTAT ]    (samples=100   mean=1.86   median=1.86   min=1.72   stddev=0.06 (3.4%))
[       OK ] Layer_Attention.VisionTransformer/0 (205 ms)
[----------] 1 test from Layer_Attention (205 ms total)

[----------] 1 test from Layer_GroupNorm
[ RUN      ] Layer_GroupNorm.GroupNorm/0, where GetParam() = OCV/CPU
[ PERFSTAT ]    (samples=10   mean=1.86   median=1.86   min=1.85   stddev=0.02 (0.9%))
[       OK ] Layer_GroupNorm.GroupNorm/0 (48 ms)
[----------] 1 test from Layer_GroupNorm (48 ms total)

[----------] 15 tests from Layer_Activation
[ RUN      ] Layer_Activation.Exp/0, where GetParam() = OCV/CPU
[ PERFSTAT ]    (samples=100   mean=13.53   median=13.55   min=9.49   stddev=2.05 (15.1%))
[       OK ] Layer_Activation.Exp/0 (1582 ms)
[ RUN      ] Layer_Activation.TanH/0, where GetParam() = OCV/CPU
[ PERFSTAT ]    (samples=100   mean=12.21   median=12.25   min=7.78   stddev=1.81 (14.8%))
[       OK ] Layer_Activation.TanH/0 (1468 ms)
[ RUN      ] Layer_Activation.Log/0, where GetParam() = OCV/CPU
[ PERFSTAT ]    (samples=100   mean=13.04   median=12.99   min=8.94   stddev=1.73 (13.3%))
[       OK ] Layer_Activation.Log/0 (1559 ms)
[ RUN      ] Layer_Activation.Erf/0, where GetParam() = OCV/CPU
[ PERFSTAT ]    (samples=100   mean=12.47   median=12.34   min=9.42   stddev=1.61 (12.9%))
[       OK ] Layer_Activation.Erf/0 (1493 ms)
[ RUN      ] Layer_Activation.Sin/0, where GetParam() = OCV/CPU
[ PERFSTAT ]    (samples=100   mean=13.75   median=13.54   min=8.83   stddev=2.12 (15.4%))
[       OK ] Layer_Activation.Sin/0 (1624 ms)
[ RUN      ] Layer_Activation.Cos/0, where GetParam() = OCV/CPU
[ PERFSTAT ]    (samples=100   mean=13.10   median=13.18   min=8.86   stddev=1.64 (12.5%))
[       OK ] Layer_Activation.Cos/0 (1566 ms)
[ RUN      ] Layer_Activation.Sinh/0, where GetParam() = OCV/CPU
[ PERFSTAT ]    (samples=100   mean=13.01   median=13.13   min=10.85   stddev=1.13 (8.7%))
[       OK ] Layer_Activation.Sinh/0 (1536 ms)
[ RUN      ] Layer_Activation.Cosh/0, where GetParam() = OCV/CPU
[ PERFSTAT ]    (samples=100   mean=15.57   median=15.13   min=11.34   stddev=1.94 (12.5%))
[       OK ] Layer_Activation.Cosh/0 (1808 ms)
[ RUN      ] Layer_Activation.Tan/0, where GetParam() = OCV/CPU
[ PERFSTAT ]    (samples=100   mean=15.51   median=15.44   min=12.21   stddev=1.75 (11.3%))
[       OK ] Layer_Activation.Tan/0 (1807 ms)
[ RUN      ] Layer_Activation.Softplus/0, where GetParam() = OCV/CPU
[ PERFSTAT ]    (samples=100   mean=15.65   median=15.71   min=12.17   stddev=1.20 (7.7%))
[       OK ] Layer_Activation.Softplus/0 (1764 ms)
[ RUN      ] Layer_Activation.BNLL/0, where GetParam() = OCV/CPU
[ PERFSTAT ]    (samples=100   mean=14.85   median=14.63   min=10.03   stddev=2.95 (19.9%))
[       OK ] Layer_Activation.BNLL/0 (1746 ms)
[ RUN      ] Layer_Activation.Gelu/0, where GetParam() = OCV/CPU
[ PERFSTAT ]    (samples=100   mean=16.40   median=16.49   min=11.85   stddev=2.18 (13.3%))
[       OK ] Layer_Activation.Gelu/0 (1882 ms)
[ RUN      ] Layer_Activation.Asinh/0, where GetParam() = OCV/CPU
[ PERFSTAT ]    (samples=100   mean=14.02   median=13.86   min=9.50   stddev=1.98 (14.1%))
[       OK ] Layer_Activation.Asinh/0 (1661 ms)
[ RUN      ] Layer_Activation.Acosh/0, where GetParam() = OCV/CPU
[ PERFSTAT ]    (samples=100   mean=12.19   median=11.99   min=8.58   stddev=2.26 (18.5%))
[       OK ] Layer_Activation.Acosh/0 (1474 ms)
[ RUN      ] Layer_Activation.Atanh/0, where GetParam() = OCV/CPU
[ PERFSTAT ]    (samples=100   mean=13.03   median=13.10   min=8.91   stddev=1.75 (13.5%))
[       OK ] Layer_Activation.Atanh/0 (1551 ms)
[----------] 15 tests from Layer_Activation (24521 ms total)

[----------] 12 tests from Layer_FullyConnected
[ RUN      ] Layer_FullyConnected.fc/0, where GetParam() = ([5, 512, 384, 0], 256, false, OCV/CPU)
[ PERFSTAT ]    (samples=100   mean=0.46   median=0.46   min=0.44   stddev=0.02 (3.9%))
[       OK ] Layer_FullyConnected.fc/0 (59 ms)
[ RUN      ] Layer_FullyConnected.fc/1, where GetParam() = ([5, 512, 384, 0], 256, true, OCV/CPU)
[ PERFSTAT ]    (samples=26   mean=0.61   median=0.61   min=0.59   stddev=0.02 (3.0%))
[       OK ] Layer_FullyConnected.fc/1 (29 ms)
[ RUN      ] Layer_FullyConnected.fc/2, where GetParam() = ([5, 512, 384, 0], 512, false, OCV/CPU)
[ PERFSTAT ]    (samples=13   mean=1.21   median=1.20   min=1.17   stddev=0.03 (2.6%))
[       OK ] Layer_FullyConnected.fc/2 (27 ms)
[ RUN      ] Layer_FullyConnected.fc/3, where GetParam() = ([5, 512, 384, 0], 512, true, OCV/CPU)
[ PERFSTAT ]    (samples=50   mean=1.71   median=1.70   min=1.66   stddev=0.05 (2.6%))
[       OK ] Layer_FullyConnected.fc/3 (117 ms)
[ RUN      ] Layer_FullyConnected.fc/4, where GetParam() = ([5, 512, 384, 0], 1024, false, OCV/CPU)
[ PERFSTAT ]    (samples=10   mean=3.45   median=3.41   min=3.39   stddev=0.08 (2.3%))
[       OK ] Layer_FullyConnected.fc/4 (49 ms)
[ RUN      ] Layer_FullyConnected.fc/5, where GetParam() = ([5, 512, 384, 0], 1024, true, OCV/CPU)
[ PERFSTAT ]    (samples=12   mean=2.69   median=2.68   min=2.63   stddev=0.08 (2.9%))
[       OK ] Layer_FullyConnected.fc/5 (66 ms)
[ RUN      ] Layer_FullyConnected.fc/6, where GetParam() = ([5, 16, 512, 128], 256, false, OCV/CPU)
[ PERFSTAT ]    (samples=100   mean=2.12   median=2.12   min=1.87   stddev=0.16 (7.5%))
[       OK ] Layer_FullyConnected.fc/6 (288 ms)
[ RUN      ] Layer_FullyConnected.fc/7, where GetParam() = ([5, 16, 512, 128], 256, true, OCV/CPU)
[ PERFSTAT ]    (samples=100   mean=5.63   median=5.63   min=5.00   stddev=0.27 (4.8%))
[       OK ] Layer_FullyConnected.fc/7 (655 ms)
[ RUN      ] Layer_FullyConnected.fc/8, where GetParam() = ([5, 16, 512, 128], 512, false, OCV/CPU)
[ PERFSTAT ]    (samples=100   mean=4.09   median=4.05   min=3.80   stddev=0.20 (4.9%))
[       OK ] Layer_FullyConnected.fc/8 (477 ms)
[ RUN      ] Layer_FullyConnected.fc/9, where GetParam() = ([5, 16, 512, 128], 512, true, OCV/CPU)
[ PERFSTAT ]    (samples=25   mean=19.21   median=19.08   min=18.56   stddev=0.56 (2.9%))
[       OK ] Layer_FullyConnected.fc/9 (617 ms)
[ RUN      ] Layer_FullyConnected.fc/10, where GetParam() = ([5, 16, 512, 128], 1024, false, OCV/CPU)
[ PERFSTAT ]    (samples=100   mean=9.89   median=9.71   min=9.11   stddev=0.63 (6.4%))
[       OK ] Layer_FullyConnected.fc/10 (1082 ms)
[ RUN      ] Layer_FullyConnected.fc/11, where GetParam() = ([5, 16, 512, 128], 1024, true, OCV/CPU)
[ PERFSTAT ]    (samples=10   mean=53.16   median=52.94   min=52.33   stddev=0.86 (1.6%))
[       OK ] Layer_FullyConnected.fc/11 (701 ms)
[----------] 12 tests from Layer_FullyConnected (4167 ms total)

[----------] 9 tests from Layer_Softmax
[ RUN      ] Layer_Softmax.softmax_3d/0, where GetParam() = ({ 16, 50, 50 }, 0, OCV/CPU)
[ PERFSTAT ]    (samples=100   mean=0.13   median=0.13   min=0.12   stddev=0.00 (3.3%))
[       OK ] Layer_Softmax.softmax_3d/0 (14 ms)
[ RUN      ] Layer_Softmax.softmax_3d/1, where GetParam() = ({ 16, 50, 50 }, 1, OCV/CPU)
[ PERFSTAT ]    (samples=10   mean=0.15   median=0.15   min=0.15   stddev=0.00 (1.6%))
[       OK ] Layer_Softmax.softmax_3d/1 (2 ms)
[ RUN      ] Layer_Softmax.softmax_3d/2, where GetParam() = ({ 16, 50, 50 }, 2, OCV/CPU)
[ PERFSTAT ]    (samples=10   mean=0.13   median=0.13   min=0.13   stddev=0.00 (2.3%))
[       OK ] Layer_Softmax.softmax_3d/2 (2 ms)
[ RUN      ] Layer_Softmax.softmax_3d/3, where GetParam() = ({ 16, 197, 197 }, 0, OCV/CPU)
[ PERFSTAT ]    (samples=100   mean=0.28   median=0.27   min=0.24   stddev=0.02 (8.2%))
[       OK ] Layer_Softmax.softmax_3d/3 (32 ms)
[ RUN      ] Layer_Softmax.softmax_3d/4, where GetParam() = ({ 16, 197, 197 }, 1, OCV/CPU)
[ PERFSTAT ]    (samples=100   mean=0.90   median=0.89   min=0.84   stddev=0.05 (5.2%))
[       OK ] Layer_Softmax.softmax_3d/4 (98 ms)
[ RUN      ] Layer_Softmax.softmax_3d/5, where GetParam() = ({ 16, 197, 197 }, 2, OCV/CPU)
[ PERFSTAT ]    (samples=11   mean=0.62   median=0.61   min=0.60   stddev=0.02 (3.0%))
[       OK ] Layer_Softmax.softmax_3d/5 (11 ms)
[ RUN      ] Layer_Softmax.softmax_3d/6, where GetParam() = ({ 16, 1024, 1024 }, 0, OCV/CPU)
[ PERFSTAT ]    (samples=10   mean=18.76   median=18.74   min=18.61   stddev=0.12 (0.6%))
[       OK ] Layer_Softmax.softmax_3d/6 (293 ms)
[ RUN      ] Layer_Softmax.softmax_3d/7, where GetParam() = ({ 16, 1024, 1024 }, 1, OCV/CPU)
[ PERFSTAT ]    (samples=10   mean=24.60   median=24.58   min=24.15   stddev=0.35 (1.4%))
[       OK ] Layer_Softmax.softmax_3d/7 (368 ms)
[ RUN      ] Layer_Softmax.softmax_3d/8, where GetParam() = ({ 16, 1024, 1024 }, 2, OCV/CPU)
[ PERFSTAT ]    (samples=100   mean=4.05   median=3.87   min=3.26   stddev=0.51 (12.5%))
[       OK ] Layer_Softmax.softmax_3d/8 (523 ms)
[----------] 9 tests from Layer_Softmax (1343 ms total)

[----------] 7 tests from Layer_Elementwise
[ RUN      ] Layer_Elementwise.Gelu/0, where GetParam() = OCV/CPU
[ PERFSTAT ]    (samples=100   mean=0.06   median=0.06   min=0.06   stddev=0.00 (5.6%))
[       OK ] Layer_Elementwise.Gelu/0 (7 ms)
[ RUN      ] Layer_Elementwise.Swish/0, where GetParam() = OCV/CPU
[ PERFSTAT ]    (samples=100   mean=1.35   median=1.38   min=1.02   stddev=0.21 (15.3%))
[       OK ] Layer_Elementwise.Swish/0 (185 ms)
[ RUN      ] Layer_Elementwise.Mish/0, where GetParam() = OCV/CPU
[ PERFSTAT ]    (samples=100   mean=1.62   median=1.60   min=1.32   stddev=0.21 (13.0%))
[       OK ] Layer_Elementwise.Mish/0 (229 ms)
[ RUN      ] Layer_Elementwise.Elu/0, where GetParam() = OCV/CPU
[ PERFSTAT ]    (samples=100   mean=1.48   median=1.46   min=1.08   stddev=0.24 (15.9%))
[       OK ] Layer_Elementwise.Elu/0 (206 ms)
[ RUN      ] Layer_Elementwise.Celu/0, where GetParam() = OCV/CPU
[ PERFSTAT ]    (samples=100   mean=1.59   median=1.62   min=1.10   stddev=0.30 (19.0%))
[       OK ] Layer_Elementwise.Celu/0 (213 ms)
[ RUN      ] Layer_Elementwise.Selu/0, where GetParam() = OCV/CPU
[ PERFSTAT ]    (samples=100   mean=1.52   median=1.54   min=1.12   stddev=0.21 (14.0%))
[       OK ] Layer_Elementwise.Selu/0 (209 ms)
[ RUN      ] Layer_Elementwise.HardSwish/0, where GetParam() = OCV/CPU
[ PERFSTAT ]    (samples=100   mean=1.50   median=1.43   min=0.37   stddev=0.60 (40.0%))
[       OK ] Layer_Elementwise.HardSwish/0 (215 ms)
[----------] 7 tests from Layer_Elementwise (1264 ms total)

[----------] 6 tests from Layer_TopK
[ RUN      ] Layer_TopK.TopK_2D_Axis0/0, where GetParam() = OCV/CPU
[ PERFSTAT ]    (samples=100   mean=0.78   median=0.78   min=0.60   stddev=0.08 (9.8%))
[       OK ] Layer_TopK.TopK_2D_Axis0/0 (84 ms)
[ RUN      ] Layer_TopK.TopK_2D_Axis0_K5/0, where GetParam() = OCV/CPU
[ PERFSTAT ]    (samples=31   mean=0.30   median=0.30   min=0.29   stddev=0.01 (3.0%))
[       OK ] Layer_TopK.TopK_2D_Axis0_K5/0 (11 ms)
[ RUN      ] Layer_TopK.TopK_2D_Axis1/0, where GetParam() = OCV/CPU
[ PERFSTAT ]    (samples=10   mean=0.20   median=0.20   min=0.19   stddev=0.01 (2.6%))
[       OK ] Layer_TopK.TopK_2D_Axis1/0 (2 ms)
[ RUN      ] Layer_TopK.TopK_3D_Axis0/0, where GetParam() = OCV/CPU
[ PERFSTAT ]    (samples=10   mean=2.07   median=2.06   min=2.01   stddev=0.05 (2.4%))
[       OK ] Layer_TopK.TopK_3D_Axis0/0 (29 ms)
[ RUN      ] Layer_TopK.TopK_3D_Axis1/0, where GetParam() = OCV/CPU
[ PERFSTAT ]    (samples=10   mean=1.94   median=1.93   min=1.92   stddev=0.01 (0.8%))
[       OK ] Layer_TopK.TopK_3D_Axis1/0 (28 ms)
[ RUN      ] Layer_TopK.TopK_3D_Axis2/0, where GetParam() = OCV/CPU
[ PERFSTAT ]    (samples=10   mean=1.47   median=1.47   min=1.46   stddev=0.01 (0.6%))
[       OK ] Layer_TopK.TopK_3D_Axis2/0 (22 ms)
[----------] 6 tests from Layer_TopK (176 ms total)

[----------] 37 tests from DNNTestNetwork
[ RUN      ] DNNTestNetwork.AlexNet/0, where GetParam() = OCV/CPU
[     SKIP ] OpenCV tests: Can't find data file: dnn/bvlc_alexnet.caffemodel
[       OK ] DNNTestNetwork.AlexNet/0 (8 ms)
[ RUN      ] DNNTestNetwork.GoogLeNet/0, where GetParam() = OCV/CPU
[     SKIP ] OpenCV tests: Can't find data file: dnn/bvlc_googlenet.caffemodel
[       OK ] DNNTestNetwork.GoogLeNet/0 (1 ms)
[ RUN      ] DNNTestNetwork.ResNet_50/0, where GetParam() = OCV/CPU
[     SKIP ] OpenCV tests: Can't find data file: dnn/ResNet-50-model.caffemodel
[       OK ] DNNTestNetwork.ResNet_50/0 (1 ms)
[ RUN      ] DNNTestNetwork.SqueezeNet_v1_1/0, where GetParam() = OCV/CPU
[     SKIP ] OpenCV tests: Can't find data file: dnn/squeezenet_v1.1.caffemodel
[       OK ] DNNTestNetwork.SqueezeNet_v1_1/0 (1 ms)
[ RUN      ] DNNTestNetwork.Inception_5h/0, where GetParam() = OCV/CPU
[     SKIP ] OpenCV tests: Can't find data file: dnn/tensorflow_inception_graph.pb
[       OK ] DNNTestNetwork.Inception_5h/0 (1 ms)
[ RUN      ] DNNTestNetwork.ENet/0, where GetParam() = OCV/CPU
[     SKIP ] OpenCV tests: Can't find data file: dnn/Enet-model-best.net
[       OK ] DNNTestNetwork.ENet/0 (1 ms)
[ RUN      ] DNNTestNetwork.SSD/0, where GetParam() = OCV/CPU
[     SKIP ] OpenCV tests: Can't find data file: dnn/VGG_ILSVRC2016_SSD_300x300_iter_440000.caffemodel
[       OK ] DNNTestNetwork.SSD/0 (2 ms)
[ RUN      ] DNNTestNetwork.OpenFace/0, where GetParam() = OCV/CPU
[     SKIP ] OpenCV tests: Can't find data file: dnn/openface_nn4.small2.v1.t7
[       OK ] DNNTestNetwork.OpenFace/0 (1 ms)
[ RUN      ] DNNTestNetwork.MobileNet_SSD_Caffe/0, where GetParam() = OCV/CPU
[     SKIP ] OpenCV tests: Can't find data file: dnn/MobileNetSSD_deploy_19e3ec3.caffemodel
[       OK ] DNNTestNetwork.MobileNet_SSD_Caffe/0 (1 ms)
[ RUN      ] DNNTestNetwork.MobileNet_SSD_v1_TensorFlow/0, where GetParam() = OCV/CPU
[     SKIP ] OpenCV tests: Can't find data file: dnn/ssd_mobilenet_v1_coco_2017_11_17.pb
[       OK ] DNNTestNetwork.MobileNet_SSD_v1_TensorFlow/0 (1 ms)
[ RUN      ] DNNTestNetwork.MobileNet_SSD_v2_TensorFlow/0, where GetParam() = OCV/CPU
[     SKIP ] OpenCV tests: Can't find data file: dnn/ssd_mobilenet_v2_coco_2018_03_29.pb
[       OK ] DNNTestNetwork.MobileNet_SSD_v2_TensorFlow/0 (1 ms)
[ RUN      ] DNNTestNetwork.DenseNet_121/0, where GetParam() = OCV/CPU
[     SKIP ] OpenCV tests: Can't find data file: dnn/DenseNet_121.caffemodel
[       OK ] DNNTestNetwork.DenseNet_121/0 (1 ms)
[ RUN      ] DNNTestNetwork.OpenPose_pose_mpi_faster_4_stages/0, where GetParam() = OCV/CPU
[     SKIP ] OpenCV tests: Can't find data file: dnn/openpose_pose_mpi.caffemodel
[       OK ] DNNTestNetwork.OpenPose_pose_mpi_faster_4_stages/0 (2 ms)
[ RUN      ] DNNTestNetwork.opencv_face_detector/0, where GetParam() = OCV/CPU
[     SKIP ] OpenCV tests: Can't find data file: dnn/opencv_face_detector.caffemodel
[       OK ] DNNTestNetwork.opencv_face_detector/0 (1 ms)
[ RUN      ] DNNTestNetwork.Inception_v2_SSD_TensorFlow/0, where GetParam() = OCV/CPU
[     SKIP ] OpenCV tests: Can't find data file: dnn/ssd_inception_v2_coco_2017_11_17.pb
[       OK ] DNNTestNetwork.Inception_v2_SSD_TensorFlow/0 (1 ms)
[ RUN      ] DNNTestNetwork.YOLOv3/0, where GetParam() = OCV/CPU
[     SKIP ] OpenCV tests: Can't find data file: dnn/yolov3.weights
[       OK ] DNNTestNetwork.YOLOv3/0 (15 ms)
[ RUN      ] DNNTestNetwork.YOLOv4/0, where GetParam() = OCV/CPU
[     SKIP ] OpenCV tests: Can't find data file: dnn/yolov4.weights
[       OK ] DNNTestNetwork.YOLOv4/0 (7 ms)
[ RUN      ] DNNTestNetwork.YOLOv4_tiny/0, where GetParam() = OCV/CPU
[     SKIP ] OpenCV tests: Can't find data file: dnn/yolov4-tiny-2020-12.weights
[       OK ] DNNTestNetwork.YOLOv4_tiny/0 (7 ms)
[ RUN      ] DNNTestNetwork.YOLOv5/0, where GetParam() = OCV/CPU
[     SKIP ] OpenCV tests: Can't find data file: dnn/yolov5n.onnx
[       OK ] DNNTestNetwork.YOLOv5/0 (18 ms)
[ RUN      ] DNNTestNetwork.YOLOv8/0, where GetParam() = OCV/CPU
[     SKIP ] OpenCV tests: Can't find data file: dnn/yolov8n.onnx
[       OK ] DNNTestNetwork.YOLOv8/0 (9 ms)
[ RUN      ] DNNTestNetwork.YOLOX/0, where GetParam() = OCV/CPU
[     SKIP ] OpenCV tests: Can't find data file: dnn/yolox_s.onnx
[       OK ] DNNTestNetwork.YOLOX/0 (7 ms)
[ RUN      ] DNNTestNetwork.EAST_text_detection/0, where GetParam() = OCV/CPU
[     SKIP ] OpenCV tests: Can't find data file: dnn/frozen_east_text_detection.pb
[       OK ] DNNTestNetwork.EAST_text_detection/0 (2 ms)
[ RUN      ] DNNTestNetwork.FastNeuralStyle_eccv16/0, where GetParam() = OCV/CPU
[     SKIP ] OpenCV tests: Can't find data file: dnn/fast_neural_style_eccv16_starry_night.t7
[       OK ] DNNTestNetwork.FastNeuralStyle_eccv16/0 (1 ms)
[ RUN      ] DNNTestNetwork.Inception_v2_Faster_RCNN/0, where GetParam() = OCV/CPU
[     SKIP ] OpenCV tests: Can't find data file: dnn/faster_rcnn_inception_v2_coco_2018_01_28.pb
[       OK ] DNNTestNetwork.Inception_v2_Faster_RCNN/0 (12 ms)
[ RUN      ] DNNTestNetwork.EfficientDet/0, where GetParam() = OCV/CPU
[     SKIP ] OpenCV tests: Can't find data file: dnn/efficientdet-d0.pb
[       OK ] DNNTestNetwork.EfficientDet/0 (7 ms)
[ RUN      ] DNNTestNetwork.EfficientNet/0, where GetParam() = OCV/CPU
[     SKIP ] OpenCV tests: Can't find data file: dnn/efficientnet-lite4.onnx
[       OK ] DNNTestNetwork.EfficientNet/0 (9 ms)
[ RUN      ] DNNTestNetwork.YuNet/0, where GetParam() = OCV/CPU
[     SKIP ] OpenCV tests: Can't find data file: dnn/onnx/models/yunet-202303.onnx
[       OK ] DNNTestNetwork.YuNet/0 (4 ms)
[ RUN      ] DNNTestNetwork.SFace/0, where GetParam() = OCV/CPU
[     SKIP ] OpenCV tests: Can't find data file: dnn/face_recognition_sface_2021dec.onnx
[       OK ] DNNTestNetwork.SFace/0 (1 ms)
[ RUN      ] DNNTestNetwork.MPPalm/0, where GetParam() = OCV/CPU
[     SKIP ] OpenCV tests: Can't find data file: dnn/palm_detection_mediapipe_2023feb.onnx
[       OK ] DNNTestNetwork.MPPalm/0 (2 ms)
[ RUN      ] DNNTestNetwork.MPHand/0, where GetParam() = OCV/CPU
[     SKIP ] OpenCV tests: Can't find data file: dnn/handpose_estimation_mediapipe_2023feb.onnx
[       OK ] DNNTestNetwork.MPHand/0 (3 ms)
[ RUN      ] DNNTestNetwork.MPPose/0, where GetParam() = OCV/CPU
[     SKIP ] OpenCV tests: Can't find data file: dnn/pose_estimation_mediapipe_2023mar.onnx
[       OK ] DNNTestNetwork.MPPose/0 (4 ms)
[ RUN      ] DNNTestNetwork.PPOCRv3/0, where GetParam() = OCV/CPU
[     SKIP ] OpenCV tests: Can't find data file: dnn/onnx/models/PP_OCRv3_DB_text_det.onnx
[       OK ] DNNTestNetwork.PPOCRv3/0 (3 ms)
[ RUN      ] DNNTestNetwork.PPHumanSeg/0, where GetParam() = OCV/CPU
[     SKIP ] OpenCV tests: Can't find data file: dnn/human_segmentation_pphumanseg_2023mar.onnx
[       OK ] DNNTestNetwork.PPHumanSeg/0 (1 ms)
[ RUN      ] DNNTestNetwork.CRNN/0, where GetParam() = OCV/CPU
[     SKIP ] OpenCV tests: Can't find data file: dnn/text_recognition_CRNN_EN_2021sep.onnx
[       OK ] DNNTestNetwork.CRNN/0 (1 ms)
[ RUN      ] DNNTestNetwork.VitTrack/0, where GetParam() = OCV/CPU
[     SKIP ] OpenCV tests: Can't find data file: dnn/onnx/models/object_tracking_vittrack_2023sep.onnx
[       OK ] DNNTestNetwork.VitTrack/0 (1 ms)
[ RUN      ] DNNTestNetwork.EfficientDet_int8/0, where GetParam() = OCV/CPU
[     SKIP ] OpenCV tests: Can't find data file: dnn/tflite/coco_efficientdet_lite0_v1_1.0_quant_2021_09_06.tflite
[       OK ] DNNTestNetwork.EfficientDet_int8/0 (8 ms)
[ RUN      ] DNNTestNetwork.VIT_B_32/0, where GetParam() = OCV/CPU
[     SKIP ] OpenCV tests: Can't find data file: dnn/onnx/models/vit_b_32.onnx
[       OK ] DNNTestNetwork.VIT_B_32/0 (1 ms)
[----------] 37 tests from DNNTestNetwork (147 ms total)

[----------] 12 tests from Layer_LSTM
[ RUN      ] Layer_LSTM.lstm/0, where GetParam() = BATCH=1, IN=192, HIDDEN=192, TS=100
[ PERFSTAT ]    (samples=100   mean=2.72   median=2.71   min=2.58   stddev=0.09 (3.4%))
[       OK ] Layer_LSTM.lstm/0 (292 ms)
[ RUN      ] Layer_LSTM.lstm/1, where GetParam() = BATCH=1, IN=1024, HIDDEN=192, TS=100
[ PERFSTAT ]    (samples=25   mean=6.91   median=6.94   min=6.66   stddev=0.13 (1.9%))
[       OK ] Layer_LSTM.lstm/1 (184 ms)
[ RUN      ] Layer_LSTM.lstm/2, where GetParam() = BATCH=1, IN=64, HIDDEN=192, TS=100
[ PERFSTAT ]    (samples=10   mean=2.22   median=2.24   min=2.15   stddev=0.05 (2.3%))
[       OK ] Layer_LSTM.lstm/2 (24 ms)
[ RUN      ] Layer_LSTM.lstm/3, where GetParam() = BATCH=1, IN=192, HIDDEN=512, TS=100
[ PERFSTAT ]    (samples=50   mean=11.76   median=11.68   min=11.40   stddev=0.35 (3.0%))
[       OK ] Layer_LSTM.lstm/3 (620 ms)
[ RUN      ] Layer_LSTM.lstm/4, where GetParam() = BATCH=64, IN=192, HIDDEN=192, TS=2
[ PERFSTAT ]    (samples=25   mean=3.91   median=3.91   min=3.84   stddev=0.05 (1.2%))
[       OK ] Layer_LSTM.lstm/4 (106 ms)
[ RUN      ] Layer_LSTM.lstm/5, where GetParam() = BATCH=64, IN=1024, HIDDEN=192, TS=2
[ PERFSTAT ]    (samples=10   mean=8.92   median=8.90   min=8.86   stddev=0.05 (0.6%))
[       OK ] Layer_LSTM.lstm/5 (98 ms)
[ RUN      ] Layer_LSTM.lstm/6, where GetParam() = BATCH=64, IN=64, HIDDEN=192, TS=2
[ PERFSTAT ]    (samples=10   mean=3.34   median=3.31   min=3.25   stddev=0.10 (3.0%))
[       OK ] Layer_LSTM.lstm/6 (37 ms)
[ RUN      ] Layer_LSTM.lstm/7, where GetParam() = BATCH=64, IN=192, HIDDEN=512, TS=2
[ PERFSTAT ]    (samples=10   mean=14.46   median=14.44   min=14.32   stddev=0.12 (0.8%))
[       OK ] Layer_LSTM.lstm/7 (159 ms)
[ RUN      ] Layer_LSTM.lstm/8, where GetParam() = BATCH=128, IN=192, HIDDEN=192, TS=2
[ PERFSTAT ]    (samples=10   mean=7.86   median=7.83   min=7.69   stddev=0.14 (1.8%))
[       OK ] Layer_LSTM.lstm/8 (87 ms)
[ RUN      ] Layer_LSTM.lstm/9, where GetParam() = BATCH=128, IN=1024, HIDDEN=192, TS=2
[ PERFSTAT ]    (samples=10   mean=18.19   median=18.09   min=17.95   stddev=0.32 (1.8%))
[       OK ] Layer_LSTM.lstm/9 (200 ms)
[ RUN      ] Layer_LSTM.lstm/10, where GetParam() = BATCH=128, IN=64, HIDDEN=192, TS=2
[ PERFSTAT ]    (samples=10   mean=6.62   median=6.59   min=6.50   stddev=0.10 (1.5%))
[       OK ] Layer_LSTM.lstm/10 (74 ms)
[ RUN      ] Layer_LSTM.lstm/11, where GetParam() = BATCH=128, IN=192, HIDDEN=512, TS=2
[ PERFSTAT ]    (samples=10   mean=29.00   median=29.01   min=28.61   stddev=0.18 (0.6%))
[       OK ] Layer_LSTM.lstm/11 (319 ms)
[----------] 12 tests from Layer_LSTM (2200 ms total)

[----------] 2 tests from Layer_Resize
[ RUN      ] Layer_Resize.Resize_Upsample_Linear/0, where GetParam() = OCV/CPU
[ PERFSTAT ]    (samples=100   mean=0.70   median=0.69   min=0.62   stddev=0.03 (4.6%))
[       OK ] Layer_Resize.Resize_Upsample_Linear/0 (96 ms)
[ RUN      ] Layer_Resize.Resize_Downsample_Nearest/0, where GetParam() = OCV/CPU
[ PERFSTAT ]    (samples=100   mean=0.88   median=0.85   min=0.73   stddev=0.10 (11.6%))
[       OK ] Layer_Resize.Resize_Downsample_Nearest/0 (119 ms)
[----------] 2 tests from Layer_Resize (215 ms total)

[----------] 5 tests from Layer_Slice_Test
[ RUN      ] Layer_Slice_Test.Slice_Contiguous_Axis0/0, where GetParam() = OCV/CPU
[ PERFSTAT ]    (samples=10   mean=0.11   median=0.11   min=0.11   stddev=0.00 (1.3%))
[       OK ] Layer_Slice_Test.Slice_Contiguous_Axis0/0 (4 ms)
[ RUN      ] Layer_Slice_Test.Slice_Contiguous_Axis2/0, where GetParam() = OCV/CPU
[ PERFSTAT ]    (samples=10   mean=0.29   median=0.29   min=0.28   stddev=0.00 (0.7%))
[       OK ] Layer_Slice_Test.Slice_Contiguous_Axis2/0 (5 ms)
[ RUN      ] Layer_Slice_Test.Slice_Small_Middle/0, where GetParam() = OCV/CPU
[ PERFSTAT ]    (samples=10   mean=0.00   median=0.00   min=0.00   stddev=0.00 (2.4%))
[       OK ] Layer_Slice_Test.Slice_Small_Middle/0 (0 ms)
[ RUN      ] Layer_Slice_Test.Slice_Strided_Axis0_Step2/0, where GetParam() = OCV/CPU
[ PERFSTAT ]    (samples=100   mean=0.06   median=0.05   min=0.04   stddev=0.01 (14.9%))
[       OK ] Layer_Slice_Test.Slice_Strided_Axis0_Step2/0 (8 ms)
[ RUN      ] Layer_Slice_Test.Slice_Strided_Axis2_Step2/0, where GetParam() = OCV/CPU
[ PERFSTAT ]    (samples=100   mean=0.11   median=0.10   min=0.10   stddev=0.00 (3.0%))
[       OK ] Layer_Slice_Test.Slice_Strided_Axis2_Step2/0 (13 ms)
[----------] 5 tests from Layer_Slice_Test (30 ms total)

[----------] 7 tests from Utils_blobFromImage
[ RUN      ] Utils_blobFromImage.HWC_TO_NCHW/0, where GetParam() = { 32, 32 }
[ PERFSTAT ]    (samples=13   mean=0.00   median=0.00   min=0.00   stddev=0.00 (1.4%))
[       OK ] Utils_blobFromImage.HWC_TO_NCHW/0 (0 ms)
[ RUN      ] Utils_blobFromImage.HWC_TO_NCHW/1, where GetParam() = { 64, 64 }
[ PERFSTAT ]    (samples=13   mean=0.00   median=0.00   min=0.00   stddev=0.00 (0.3%))
[       OK ] Utils_blobFromImage.HWC_TO_NCHW/1 (0 ms)
[ RUN      ] Utils_blobFromImage.HWC_TO_NCHW/2, where GetParam() = { 128, 128 }
[ PERFSTAT ]    (samples=13   mean=0.02   median=0.02   min=0.02   stddev=0.00 (1.9%))
[       OK ] Utils_blobFromImage.HWC_TO_NCHW/2 (0 ms)
[ RUN      ] Utils_blobFromImage.HWC_TO_NCHW/3, where GetParam() = { 256, 256 }
[ PERFSTAT ]    (samples=17   mean=0.06   median=0.06   min=0.06   stddev=0.00 (2.9%))
[       OK ] Utils_blobFromImage.HWC_TO_NCHW/3 (1 ms)
[ RUN      ] Utils_blobFromImage.HWC_TO_NCHW/4, where GetParam() = { 512, 512 }
[ PERFSTAT ]    (samples=13   mean=0.25   median=0.25   min=0.25   stddev=0.00 (1.2%))
[       OK ] Utils_blobFromImage.HWC_TO_NCHW/4 (9 ms)
[ RUN      ] Utils_blobFromImage.HWC_TO_NCHW/5, where GetParam() = { 1024, 1024 }
[ PERFSTAT ]    (samples=10   mean=1.75   median=1.76   min=1.63   stddev=0.04 (2.5%))
[       OK ] Utils_blobFromImage.HWC_TO_NCHW/5 (24 ms)
[ RUN      ] Utils_blobFromImage.HWC_TO_NCHW/6, where GetParam() = { 2048, 2048 }
[ PERFSTAT ]    (samples=10   mean=14.61   median=14.50   min=14.44   stddev=0.20 (1.4%))
[       OK ] Utils_blobFromImage.HWC_TO_NCHW/6 (174 ms)
[----------] 7 tests from Utils_blobFromImage (208 ms total)

[----------] 7 tests from Utils_blobFromImages
[ RUN      ] Utils_blobFromImages.HWC_TO_NCHW/0, where GetParam() = { 16, 32, 32 }
[ PERFSTAT ]    (samples=38   mean=0.02   median=0.02   min=0.02   stddev=0.00 (1.8%))
[       OK ] Utils_blobFromImages.HWC_TO_NCHW/0 (1 ms)
[ RUN      ] Utils_blobFromImages.HWC_TO_NCHW/1, where GetParam() = { 16, 64, 64 }
[ PERFSTAT ]    (samples=13   mean=0.06   median=0.06   min=0.06   stddev=0.00 (0.6%))
[       OK ] Utils_blobFromImages.HWC_TO_NCHW/1 (1 ms)
[ RUN      ] Utils_blobFromImages.HWC_TO_NCHW/2, where GetParam() = { 16, 128, 128 }
[ PERFSTAT ]    (samples=13   mean=0.25   median=0.25   min=0.25   stddev=0.00 (1.2%))
[       OK ] Utils_blobFromImages.HWC_TO_NCHW/2 (5 ms)
[ RUN      ] Utils_blobFromImages.HWC_TO_NCHW/3, where GetParam() = { 16, 256, 256 }
[ PERFSTAT ]    (samples=28   mean=1.95   median=1.94   min=1.88   stddev=0.06 (3.0%))
[       OK ] Utils_blobFromImages.HWC_TO_NCHW/3 (60 ms)
[ RUN      ] Utils_blobFromImages.HWC_TO_NCHW/4, where GetParam() = { 16, 512, 512 }
[ PERFSTAT ]    (samples=10   mean=12.98   median=12.93   min=12.65   stddev=0.29 (2.2%))
[       OK ] Utils_blobFromImages.HWC_TO_NCHW/4 (150 ms)
[ RUN      ] Utils_blobFromImages.HWC_TO_NCHW/5, where GetParam() = { 16, 1024, 1024 }
[ PERFSTAT ]    (samples=10   mean=47.04   median=46.77   min=46.00   stddev=0.93 (2.0%))
[       OK ] Utils_blobFromImages.HWC_TO_NCHW/5 (572 ms)
[ RUN      ] Utils_blobFromImages.HWC_TO_NCHW/6, where GetParam() = { 16, 2048, 2048 }
[ PERFSTAT ]    (samples=10   mean=156.39   median=156.38   min=155.85   stddev=0.44 (0.3%))
[       OK ] Utils_blobFromImages.HWC_TO_NCHW/6 (1939 ms)
[----------] 7 tests from Utils_blobFromImages (2729 ms total)

[----------] 1 test from Utils_blobFromImage_8U_NCHW
[ RUN      ] Utils_blobFromImage_8U_NCHW.MeanScale_SwapRB/0, where GetParam() = { 640, 640 }
[ PERFSTAT ]    (samples=22   mean=0.54   median=0.53   min=0.52   stddev=0.02 (2.9%))
[       OK ] Utils_blobFromImage_8U_NCHW.MeanScale_SwapRB/0 (15 ms)
[----------] 1 test from Utils_blobFromImage_8U_NCHW (15 ms total)

[----------] 4 tests from Utils_blobFromImage_8U_NHWC
[ RUN      ] Utils_blobFromImage_8U_NHWC.SwapRB/0, where GetParam() = { 224, 224 }
[ PERFSTAT ]    (samples=13   mean=0.14   median=0.14   min=0.14   stddev=0.00 (1.3%))
[       OK ] Utils_blobFromImage_8U_NHWC.SwapRB/0 (6 ms)
[ RUN      ] Utils_blobFromImage_8U_NHWC.SwapRB/1, where GetParam() = { 640, 640 }
[ PERFSTAT ]    (samples=50   mean=1.78   median=1.78   min=1.74   stddev=0.05 (2.9%))
[       OK ] Utils_blobFromImage_8U_NHWC.SwapRB/1 (94 ms)
[ RUN      ] Utils_blobFromImage_8U_NHWC.MeanScale_SwapRB/0, where GetParam() = { 224, 224 }
[ PERFSTAT ]    (samples=13   mean=0.29   median=0.29   min=0.28   stddev=0.01 (2.7%))
[       OK ] Utils_blobFromImage_8U_NHWC.MeanScale_SwapRB/0 (5 ms)
[ RUN      ] Utils_blobFromImage_8U_NHWC.MeanScale_SwapRB/1, where GetParam() = { 640, 640 }
[ PERFSTAT ]    (samples=37   mean=3.39   median=3.41   min=3.09   stddev=0.10 (3.0%))
[       OK ] Utils_blobFromImage_8U_NHWC.MeanScale_SwapRB/1 (128 ms)
[----------] 4 tests from Utils_blobFromImage_8U_NHWC (233 ms total)

[----------] 4 tests from Utils_blobFromImage_32F_NHWC
[ RUN      ] Utils_blobFromImage_32F_NHWC.SwapRB/0, where GetParam() = { 224, 224 }
[ PERFSTAT ]    (samples=10   mean=0.12   median=0.11   min=0.11   stddev=0.00 (2.8%))
[       OK ] Utils_blobFromImage_32F_NHWC.SwapRB/0 (2 ms)
[ RUN      ] Utils_blobFromImage_32F_NHWC.SwapRB/1, where GetParam() = { 640, 640 }
[ PERFSTAT ]    (samples=38   mean=0.81   median=0.81   min=0.74   stddev=0.02 (2.9%))
[       OK ] Utils_blobFromImage_32F_NHWC.SwapRB/1 (33 ms)
[ RUN      ] Utils_blobFromImage_32F_NHWC.MeanScale_SwapRB/0, where GetParam() = { 224, 224 }
[ PERFSTAT ]    (samples=10   mean=0.26   median=0.26   min=0.25   stddev=0.01 (2.3%))
[       OK ] Utils_blobFromImage_32F_NHWC.MeanScale_SwapRB/0 (3 ms)
[ RUN      ] Utils_blobFromImage_32F_NHWC.MeanScale_SwapRB/1, where GetParam() = { 640, 640 }
[ PERFSTAT ]    (samples=100   mean=3.47   median=3.48   min=2.45   stddev=0.13 (3.8%))
[       OK ] Utils_blobFromImage_32F_NHWC.MeanScale_SwapRB/1 (356 ms)
[----------] 4 tests from Utils_blobFromImage_32F_NHWC (394 ms total)

[----------] 6 tests from Utils_blobFromImage_8U_Resize
[ RUN      ] Utils_blobFromImage_8U_Resize.NHWC_Crop_MeanScale_SwapRB/0, where GetParam() = { 720, 1280 }
[ PERFSTAT ]    (samples=10   mean=3.53   median=3.56   min=3.37   stddev=0.08 (2.2%))
[       OK ] Utils_blobFromImage_8U_Resize.NHWC_Crop_MeanScale_SwapRB/0 (44 ms)
[ RUN      ] Utils_blobFromImage_8U_Resize.NHWC_Crop_MeanScale_SwapRB/1, where GetParam() = { 1080, 1920 }
[ PERFSTAT ]    (samples=100   mean=4.06   median=4.06   min=3.78   stddev=0.14 (3.3%))
[       OK ] Utils_blobFromImage_8U_Resize.NHWC_Crop_MeanScale_SwapRB/1 (429 ms)
[ RUN      ] Utils_blobFromImage_8U_Resize.NHWC_Crop_MeanScale_SwapRB/2, where GetParam() = { 2160, 3840 }
[ PERFSTAT ]    (samples=20   mean=3.80   median=3.78   min=3.60   stddev=0.11 (3.0%))
[       OK ] Utils_blobFromImage_8U_Resize.NHWC_Crop_MeanScale_SwapRB/2 (153 ms)
[ RUN      ] Utils_blobFromImage_8U_Resize.NCHW_Crop_MeanScale_SwapRB/0, where GetParam() = { 720, 1280 }
[ PERFSTAT ]    (samples=100   mean=1.12   median=1.10   min=1.06   stddev=0.06 (5.5%))
[       OK ] Utils_blobFromImage_8U_Resize.NCHW_Crop_MeanScale_SwapRB/0 (130 ms)
[ RUN      ] Utils_blobFromImage_8U_Resize.NCHW_Crop_MeanScale_SwapRB/1, where GetParam() = { 1080, 1920 }
[ PERFSTAT ]    (samples=100   mean=1.24   median=1.24   min=1.17   stddev=0.04 (3.1%))
[       OK ] Utils_blobFromImage_8U_Resize.NCHW_Crop_MeanScale_SwapRB/1 (150 ms)
[ RUN      ] Utils_blobFromImage_8U_Resize.NCHW_Crop_MeanScale_SwapRB/2, where GetParam() = { 2160, 3840 }
[ PERFSTAT ]    (samples=25   mean=1.19   median=1.18   min=1.15   stddev=0.03 (2.8%))
[       OK ] Utils_blobFromImage_8U_Resize.NCHW_Crop_MeanScale_SwapRB/2 (111 ms)
[----------] 6 tests from Utils_blobFromImage_8U_Resize (1018 ms total)

[----------] 2 tests from Utils_blobFromImage_32F_NCHW_Resize
[ RUN      ] Utils_blobFromImage_32F_NCHW_Resize.Crop_MeanScale_SwapRB_To300/0, where GetParam() = { 720, 1280 }
[ PERFSTAT ]    (samples=100   mean=0.48   median=0.47   min=0.45   stddev=0.03 (5.3%))
[       OK ] Utils_blobFromImage_32F_NCHW_Resize.Crop_MeanScale_SwapRB_To300/0 (73 ms)
[ RUN      ] Utils_blobFromImage_32F_NCHW_Resize.Crop_MeanScale_SwapRB_To300/1, where GetParam() = { 1080, 1920 }
[ PERFSTAT ]    (samples=100   mean=0.48   median=0.48   min=0.45   stddev=0.02 (4.4%))
[       OK ] Utils_blobFromImage_32F_NCHW_Resize.Crop_MeanScale_SwapRB_To300/1 (75 ms)
[----------] 2 tests from Utils_blobFromImage_32F_NCHW_Resize (148 ms total)

[----------] 4 tests from Utils_blobFromImage_8U_to_8U_Crop
[ RUN      ] Utils_blobFromImage_8U_to_8U_Crop.NCHW_SwapRB/0, where GetParam() = { 1080, 1920 }
[ PERFSTAT ]    (samples=13   mean=1.27   median=1.27   min=1.25   stddev=0.02 (1.3%))
[       OK ] Utils_blobFromImage_8U_to_8U_Crop.NCHW_SwapRB/0 (37 ms)
[ RUN      ] Utils_blobFromImage_8U_to_8U_Crop.NCHW_SwapRB/1, where GetParam() = { 2160, 3840 }
[ PERFSTAT ]    (samples=59   mean=1.34   median=1.33   min=1.28   stddev=0.04 (3.0%))
[       OK ] Utils_blobFromImage_8U_to_8U_Crop.NCHW_SwapRB/1 (164 ms)
[ RUN      ] Utils_blobFromImage_8U_to_8U_Crop.NCHW/0, where GetParam() = { 1080, 1920 }
[ PERFSTAT ]    (samples=25   mean=1.50   median=1.49   min=1.43   stddev=0.04 (2.7%))
[       OK ] Utils_blobFromImage_8U_to_8U_Crop.NCHW/0 (62 ms)
[ RUN      ] Utils_blobFromImage_8U_to_8U_Crop.NCHW/1, where GetParam() = { 2160, 3840 }
[ PERFSTAT ]    (samples=34   mean=1.35   median=1.33   min=1.32   stddev=0.04 (3.0%))
[       OK ] Utils_blobFromImage_8U_to_8U_Crop.NCHW/1 (144 ms)
[----------] 4 tests from Utils_blobFromImage_8U_to_8U_Crop (407 ms total)

[----------] 2 tests from Utils_blobFromImage_8U_to_8U_Resize
[ RUN      ] Utils_blobFromImage_8U_to_8U_Resize.NCHW_SwapRB/0, where GetParam() = { 1080, 1920 }
[ PERFSTAT ]    (samples=13   mean=1.13   median=1.13   min=1.09   stddev=0.02 (1.9%))
[       OK ] Utils_blobFromImage_8U_to_8U_Resize.NCHW_SwapRB/0 (39 ms)
[ RUN      ] Utils_blobFromImage_8U_to_8U_Resize.NCHW_SwapRB/1, where GetParam() = { 2160, 3840 }
[ PERFSTAT ]    (samples=25   mean=1.15   median=1.15   min=1.11   stddev=0.01 (1.2%))
[       OK ] Utils_blobFromImage_8U_to_8U_Resize.NCHW_SwapRB/1 (126 ms)
[----------] 2 tests from Utils_blobFromImage_8U_to_8U_Resize (165 ms total)

[----------] 4 tests from Utils_blobFromImage_32F_NCHW_C1
[ RUN      ] Utils_blobFromImage_32F_NCHW_C1.Crop_MeanScale_To224/0, where GetParam() = { 1080, 1920 }
[ PERFSTAT ]    (samples=100   mean=0.17   median=0.16   min=0.13   stddev=0.02 (13.2%))
[       OK ] Utils_blobFromImage_32F_NCHW_C1.Crop_MeanScale_To224/0 (29 ms)
[ RUN      ] Utils_blobFromImage_32F_NCHW_C1.Crop_MeanScale_To224/1, where GetParam() = { 2160, 3840 }
[ PERFSTAT ]    (samples=100   mean=0.15   median=0.15   min=0.14   stddev=0.01 (6.3%))
[       OK ] Utils_blobFromImage_32F_NCHW_C1.Crop_MeanScale_To224/1 (40 ms)
[ RUN      ] Utils_blobFromImage_32F_NCHW_C1.Crop_MeanScale_To640/0, where GetParam() = { 1080, 1920 }
[ PERFSTAT ]    (samples=50   mean=0.94   median=0.93   min=0.89   stddev=0.03 (3.0%))
[       OK ] Utils_blobFromImage_32F_NCHW_C1.Crop_MeanScale_To640/0 (53 ms)
[ RUN      ] Utils_blobFromImage_32F_NCHW_C1.Crop_MeanScale_To640/1, where GetParam() = { 2160, 3840 }
[ PERFSTAT ]    (samples=100   mean=1.05   median=1.04   min=0.98   stddev=0.04 (3.6%))
[       OK ] Utils_blobFromImage_32F_NCHW_C1.Crop_MeanScale_To640/1 (135 ms)
[----------] 4 tests from Utils_blobFromImage_32F_NCHW_C1 (257 ms total)

[----------] 1 test from Utils_blobFromImages_NoResize
[ RUN      ] Utils_blobFromImages_NoResize.NHWC_MeanScale_SwapRB/0, where GetParam() = { 8, 640, 640 }
[ PERFSTAT ]    (samples=100   mean=32.84   median=33.57   min=30.28   stddev=1.67 (5.1%))
[       OK ] Utils_blobFromImages_NoResize.NHWC_MeanScale_SwapRB/0 (3356 ms)
[----------] 1 test from Utils_blobFromImages_NoResize (3356 ms total)

[----------] 4 tests from Utils_blobFromImages_Resize
[ RUN      ] Utils_blobFromImages_Resize.NHWC_Crop_MeanScale_SwapRB/0, where GetParam() = { 8, 720, 1280 }
[ PERFSTAT ]    (samples=20   mean=33.01   median=32.69   min=31.83   stddev=0.98 (3.0%))
[       OK ] Utils_blobFromImages_Resize.NHWC_Crop_MeanScale_SwapRB/0 (739 ms)
[ RUN      ] Utils_blobFromImages_Resize.NHWC_Crop_MeanScale_SwapRB/1, where GetParam() = { 8, 1080, 1920 }
[ PERFSTAT ]    (samples=13   mean=32.97   median=32.95   min=31.33   stddev=0.87 (2.6%))
[       OK ] Utils_blobFromImages_Resize.NHWC_Crop_MeanScale_SwapRB/1 (551 ms)
[ RUN      ] Utils_blobFromImages_Resize.NCHW_Crop_MeanScale_SwapRB/0, where GetParam() = { 8, 720, 1280 }
[ PERFSTAT ]    (samples=13   mean=17.43   median=17.33   min=16.78   stddev=0.49 (2.8%))
[       OK ] Utils_blobFromImages_Resize.NCHW_Crop_MeanScale_SwapRB/0 (289 ms)
[ RUN      ] Utils_blobFromImages_Resize.NCHW_Crop_MeanScale_SwapRB/1, where GetParam() = { 8, 1080, 1920 }
[ PERFSTAT ]    (samples=13   mean=18.01   median=17.93   min=17.72   stddev=0.26 (1.4%))
[       OK ] Utils_blobFromImages_Resize.NCHW_Crop_MeanScale_SwapRB/1 (396 ms)
[----------] 4 tests from Utils_blobFromImages_Resize (1975 ms total)

[----------] Global test environment tear-down
[ SKIPSTAT ] 37 tests skipped
[ SKIPSTAT ] TAG='skip_other' skip 37 tests
[==========] 1113 tests from 39 test cases ran. (193618 ms total)
[  PASSED  ] 1113 tests.

  YOU HAVE 1 DISABLED TEST

