[ERROR:0@0.022] global persistence.cpp:577 open Can't open file: '/data/xumengying/tool-verify/opencv-verify/src/opencv_extra/testdata/perf/imgcodecs.xml' in read mode
TEST: Skip tests with tags: 'mem_6gb', 'verylong'
CTEST_FULL_OUTPUT
OpenCV version: 4.14.0-pre
OpenCV VCS version: 4.13.0-493-g7aa163b83f
Build type: Release
Compiler: /usr/bin/c++  (ver 11.4.0)
Algorithm hint: ALGO_HINT_ACCURATE
HAL: YES (ipp (ver 0.0.1))
Parallel framework: pthreads (nthreads=30)
CPU features: SSE SSE2 SSE3 *SSE4.1 *SSE4.2 *AVX *FP16 *AVX2 *AVX512-SKX?
Intel(R) IPP version: ippIP AVX2 (l9) 2026.0.0 (-) Jun 30 2026
Intel(R) IPP features code: 0x8000
OpenCL is disabled
[==========] Running 121 tests from 11 test cases.
[----------] Global test environment set-up.
[----------] 3 tests from JPEG
[ RUN      ] JPEG.Decode
[ PERFSTAT ]    (samples=18   mean=32.74   median=32.45   min=32.39   stddev=0.96 (2.9%))
[       OK ] JPEG.Decode (605 ms)
[ RUN      ] JPEG.Decode_rgb
[ PERFSTAT ]    (samples=10   mean=32.77   median=32.72   min=32.52   stddev=0.29 (0.9%))
[       OK ] JPEG.Decode_rgb (332 ms)
[ RUN      ] JPEG.Encode
[ PERFSTAT ]    (samples=10   mean=27.61   median=27.57   min=27.30   stddev=0.32 (1.2%))
[       OK ] JPEG.Encode (315 ms)
[----------] 3 tests from JPEG (1252 ms total)

[----------] 3 tests from PNG
[ RUN      ] PNG.decode
[ PERFSTAT ]    (samples=10   mean=37.74   median=37.51   min=37.29   stddev=0.85 (2.2%))
[       OK ] PNG.decode (385 ms)
[ RUN      ] PNG.decode_rgb
[ PERFSTAT ]    (samples=10   mean=34.94   median=34.90   min=34.74   stddev=0.14 (0.4%))
[       OK ] PNG.decode_rgb (354 ms)
[ RUN      ] PNG.encode
[ PERFSTAT ]    (samples=10   mean=65.91   median=65.54   min=65.38   stddev=0.93 (1.4%))
[       OK ] PNG.encode (702 ms)
[----------] 3 tests from PNG (1441 ms total)

[----------] 9 tests from Decode_bgr
[ RUN      ] Decode_bgr.bgr/0, where GetParam() = ".bmp"
[ PERFSTAT ]    (samples=75   mean=0.23   median=0.23   min=0.22   stddev=0.01 (2.6%))
[       OK ] Decode_bgr.bgr/0 (64 ms)
[ RUN      ] Decode_bgr.bgr/1, where GetParam() = ".gif"
[ PERFSTAT ]    (samples=13   mean=61.22   median=61.25   min=60.25   stddev=0.49 (0.8%))
[       OK ] Decode_bgr.bgr/1 (938 ms)
[ RUN      ] Decode_bgr.bgr/2, where GetParam() = ".jp2"
[ PERFSTAT ]    (samples=10   mean=306.70   median=306.51   min=304.46   stddev=2.05 (0.7%))
[       OK ] Decode_bgr.bgr/2 (3514 ms)
[ RUN      ] Decode_bgr.bgr/3, where GetParam() = ".jpg"
[ PERFSTAT ]    (samples=10   mean=7.38   median=7.35   min=7.31   stddev=0.10 (1.3%))
[       OK ] Decode_bgr.bgr/3 (128 ms)
[ RUN      ] Decode_bgr.bgr/4, where GetParam() = ".png"
[ PERFSTAT ]    (samples=10   mean=34.09   median=33.61   min=33.56   stddev=0.81 (2.4%))
[       OK ] Decode_bgr.bgr/4 (456 ms)
[ RUN      ] Decode_bgr.bgr/5, where GetParam() = ".ppm"
[ PERFSTAT ]    (samples=13   mean=2.17   median=2.16   min=2.16   stddev=0.03 (1.3%))
[       OK ] Decode_bgr.bgr/5 (73 ms)
[ RUN      ] Decode_bgr.bgr/6, where GetParam() = ".ras"
[ PERFSTAT ]    (samples=100   mean=0.24   median=0.22   min=0.22   stddev=0.03 (13.7%))
[       OK ] Decode_bgr.bgr/6 (69 ms)
[ RUN      ] Decode_bgr.bgr/7, where GetParam() = ".tiff"
[ PERFSTAT ]    (samples=10   mean=21.47   median=21.43   min=21.38   stddev=0.13 (0.6%))
[       OK ] Decode_bgr.bgr/7 (314 ms)
[ RUN      ] Decode_bgr.bgr/8, where GetParam() = ".webp"
[ PERFSTAT ]    (samples=10   mean=23.83   median=23.86   min=22.95   stddev=0.52 (2.2%))
[       OK ] Decode_bgr.bgr/8 (1326 ms)
[----------] 9 tests from Decode_bgr (6882 ms total)

[----------] 9 tests from Decode_rgb
[ RUN      ] Decode_rgb.rgb/0, where GetParam() = ".bmp"
[ PERFSTAT ]    (samples=100   mean=9.14   median=9.01   min=3.09   stddev=2.97 (32.5%))
[       OK ] Decode_rgb.rgb/0 (1012 ms)
[ RUN      ] Decode_rgb.rgb/1, where GetParam() = ".gif"
[ PERFSTAT ]    (samples=10   mean=61.71   median=61.58   min=60.37   stddev=1.30 (2.1%))
[       OK ] Decode_rgb.rgb/1 (766 ms)
[ RUN      ] Decode_rgb.rgb/2, where GetParam() = ".jp2"
[ PERFSTAT ]    (samples=10   mean=306.30   median=305.90   min=304.98   stddev=1.39 (0.5%))
[       OK ] Decode_rgb.rgb/2 (3496 ms)
[ RUN      ] Decode_rgb.rgb/3, where GetParam() = ".jpg"
[ PERFSTAT ]    (samples=10   mean=7.36   median=7.35   min=7.29   stddev=0.07 (1.0%))
[       OK ] Decode_rgb.rgb/3 (128 ms)
[ RUN      ] Decode_rgb.rgb/4, where GetParam() = ".png"
[ PERFSTAT ]    (samples=10   mean=32.55   median=32.46   min=32.32   stddev=0.33 (1.0%))
[       OK ] Decode_rgb.rgb/4 (437 ms)
[ RUN      ] Decode_rgb.rgb/5, where GetParam() = ".ppm"
[ PERFSTAT ]    (samples=75   mean=0.23   median=0.23   min=0.23   stddev=0.01 (2.6%))
[       OK ] Decode_rgb.rgb/5 (63 ms)
[ RUN      ] Decode_rgb.rgb/6, where GetParam() = ".ras"
[ PERFSTAT ]    (samples=13   mean=2.17   median=2.16   min=2.15   stddev=0.03 (1.2%))
[       OK ] Decode_rgb.rgb/6 (71 ms)
[ RUN      ] Decode_rgb.rgb/7, where GetParam() = ".tiff"
[ PERFSTAT ]    (samples=10   mean=21.46   median=21.42   min=21.33   stddev=0.14 (0.6%))
[       OK ] Decode_rgb.rgb/7 (308 ms)
[ RUN      ] Decode_rgb.rgb/8, where GetParam() = ".webp"
[ PERFSTAT ]    (samples=10   mean=24.16   median=24.23   min=23.43   stddev=0.44 (1.8%))
[       OK ] Decode_rgb.rgb/8 (1325 ms)
[----------] 9 tests from Decode_rgb (7606 ms total)

[----------] 9 tests from Encode_bgr
[ RUN      ] Encode_bgr.bgr/0, where GetParam() = ".bmp"
  Encoded buffer size: 6220854 bytes, Compression ratio: 100.00%
[ PERFSTAT ]    (samples=28   mean=0.50   median=0.50   min=0.48   stddev=0.01 (3.0%))
[       OK ] Encode_bgr.bgr/0 (61 ms)
[ RUN      ] Encode_bgr.bgr/1, where GetParam() = ".gif"
  Encoded buffer size: 874508 bytes, Compression ratio: 14.06%
[ PERFSTAT ]    (samples=10   mean=85.70   median=85.78   min=85.25   stddev=0.27 (0.3%))
[       OK ] Encode_bgr.bgr/1 (898 ms)
[ RUN      ] Encode_bgr.bgr/2, where GetParam() = ".jp2"
  Encoded buffer size: 1554941 bytes, Compression ratio: 25.00%
[ PERFSTAT ]    (samples=10   mean=389.25   median=388.59   min=387.79   stddev=1.46 (0.4%))
[       OK ] Encode_bgr.bgr/2 (3935 ms)
[ RUN      ] Encode_bgr.bgr/3, where GetParam() = ".jpg"
  Encoded buffer size: 422907 bytes, Compression ratio: 6.80%
[ PERFSTAT ]    (samples=10   mean=6.29   median=6.26   min=6.22   stddev=0.09 (1.5%))
[       OK ] Encode_bgr.bgr/3 (113 ms)
[ RUN      ] Encode_bgr.bgr/4, where GetParam() = ".png"
  Encoded buffer size: 1807876 bytes, Compression ratio: 29.06%
[ PERFSTAT ]    (samples=10   mean=70.66   median=70.60   min=70.35   stddev=0.34 (0.5%))
[       OK ] Encode_bgr.bgr/4 (747 ms)
[ RUN      ] Encode_bgr.bgr/5, where GetParam() = ".ppm"
  Encoded buffer size: 6220817 bytes, Compression ratio: 100.00%
[ PERFSTAT ]    (samples=13   mean=2.51   median=2.50   min=2.46   stddev=0.05 (2.2%))
[       OK ] Encode_bgr.bgr/5 (74 ms)
[ RUN      ] Encode_bgr.bgr/6, where GetParam() = ".ras"
  Encoded buffer size: 6220832 bytes, Compression ratio: 100.00%
[ PERFSTAT ]    (samples=100   mean=0.51   median=0.48   min=0.45   stddev=0.06 (11.0%))
[       OK ] Encode_bgr.bgr/6 (94 ms)
[ RUN      ] Encode_bgr.bgr/7, where GetParam() = ".tiff"
  Encoded buffer size: 1989452 bytes, Compression ratio: 31.98%
[ PERFSTAT ]    (samples=10   mean=51.07   median=51.00   min=50.78   stddev=0.33 (0.6%))
[       OK ] Encode_bgr.bgr/7 (555 ms)
[ RUN      ] Encode_bgr.bgr/8, where GetParam() = ".webp"
.
  Encoded buffer size: 980436 bytes, Compression ratio: 15.76%
[ PERFSTAT ]    (samples=10   mean=1036.49   median=1035.80   min=1033.72   stddev=2.50 (0.2%))
[       OK ] Encode_bgr.bgr/8 (10406 ms)
[----------] 9 tests from Encode_bgr (16883 ms total)

[----------] 4 tests from Encode_multi
[ RUN      ] Encode_multi.multi/0, where GetParam() = ".gif"
  Encoded buffer size: 1748969 bytes, Compression ratio: 28.11%
[ PERFSTAT ]    (samples=10   mean=171.91   median=171.85   min=169.89   stddev=1.29 (0.8%))
[       OK ] Encode_multi.multi/0 (1957 ms)
[ RUN      ] Encode_multi.multi/1, where GetParam() = ".png"
  Encoded buffer size: 1677875 bytes, Compression ratio: 26.97%
[ PERFSTAT ]    (samples=10   mean=344.74   median=344.60   min=343.93   stddev=0.69 (0.2%))
[       OK ] Encode_multi.multi/1 (3857 ms)
[ RUN      ] Encode_multi.multi/2, where GetParam() = ".tiff"
  Encoded buffer size: 3981988 bytes, Compression ratio: 64.01%
[ PERFSTAT ]    (samples=10   mean=103.27   median=103.04   min=102.55   stddev=0.79 (0.8%))
[       OK ] Encode_multi.multi/2 (1406 ms)
[ RUN      ] Encode_multi.multi/3, where GetParam() = ".webp"
  Encoded buffer size: 99718 bytes, Compression ratio: 1.60%
[ PERFSTAT ]    (samples=10   mean=171.80   median=172.05   min=170.81   stddev=0.58 (0.3%))
[       OK ] Encode_multi.multi/3 (1944 ms)
[----------] 4 tests from Encode_multi (9164 ms total)

[----------] 3 tests from Encode_animation
[ RUN      ] Encode_animation.animation/0, where GetParam() = ".gif"
[ PERFSTAT ]    (samples=10   mean=300.34   median=299.83   min=299.25   stddev=1.40 (0.5%))
[       OK ] Encode_animation.animation/0 (3084 ms)
[ RUN      ] Encode_animation.animation/1, where GetParam() = ".png"
.
.
[ PERFSTAT ]    (samples=10   mean=2510.44   median=2505.49   min=2501.49   stddev=16.46 (0.7%))
[       OK ] Encode_animation.animation/1 (25183 ms)
[ RUN      ] Encode_animation.animation/2, where GetParam() = ".webp"
.
[ PERFSTAT ]    (samples=10   mean=1285.17   median=1284.70   min=1283.33   stddev=1.73 (0.1%))
[       OK ] Encode_animation.animation/2 (12930 ms)
[----------] 3 tests from Encode_animation (41197 ms total)

[----------] 4 tests from Encode_multi_page
[ RUN      ] Encode_multi_page.multi_page/0, where GetParam() = ".gif"
[ PERFSTAT ]    (samples=10   mean=299.95   median=299.92   min=299.63   stddev=0.22 (0.1%))
[       OK ] Encode_multi_page.multi_page/0 (3078 ms)
[ RUN      ] Encode_multi_page.multi_page/1, where GetParam() = ".png"
.
.
[ PERFSTAT ]    (samples=10   mean=2504.24   median=2504.35   min=2498.75   stddev=2.96 (0.1%))
[       OK ] Encode_multi_page.multi_page/1 (25120 ms)
[ RUN      ] Encode_multi_page.multi_page/2, where GetParam() = ".tiff"
[ PERFSTAT ]    (samples=10   mean=151.26   median=151.14   min=150.98   stddev=0.24 (0.2%))
[       OK ] Encode_multi_page.multi_page/2 (1590 ms)
[ RUN      ] Encode_multi_page.multi_page/3, where GetParam() = ".webp"
.
[ PERFSTAT ]    (samples=10   mean=1284.42   median=1284.33   min=1282.74   stddev=1.32 (0.1%))
[       OK ] Encode_multi_page.multi_page/3 (12922 ms)
[----------] 4 tests from Encode_multi_page (42710 ms total)

[----------] 3 tests from Decode_animation
[ RUN      ] Decode_animation.animation/0, where GetParam() = ".gif"
[ PERFSTAT ]    (samples=10   mean=184.89   median=184.62   min=184.12   stddev=0.73 (0.4%))
[       OK ] Decode_animation.animation/0 (2227 ms)
[ RUN      ] Decode_animation.animation/1, where GetParam() = ".png"
[ PERFSTAT ]    (samples=10   mean=108.20   median=108.03   min=107.70   stddev=0.57 (0.5%))
[       OK ] Decode_animation.animation/1 (3665 ms)
[ RUN      ] Decode_animation.animation/2, where GetParam() = ".webp"
[ PERFSTAT ]    (samples=10   mean=120.34   median=120.06   min=119.61   stddev=1.25 (1.0%))
[       OK ] Decode_animation.animation/2 (2567 ms)
[----------] 3 tests from Decode_animation (8459 ms total)

[----------] 4 tests from Decode_multi_page
[ RUN      ] Decode_multi_page.multi_page/0, where GetParam() = ".gif"
[ PERFSTAT ]    (samples=10   mean=183.65   median=183.49   min=183.27   stddev=0.61 (0.3%))
[       OK ] Decode_multi_page.multi_page/0 (2215 ms)
[ RUN      ] Decode_multi_page.multi_page/1, where GetParam() = ".png"
[ PERFSTAT ]    (samples=10   mean=107.68   median=107.75   min=106.80   stddev=0.44 (0.4%))
[       OK ] Decode_multi_page.multi_page/1 (3675 ms)
[ RUN      ] Decode_multi_page.multi_page/2, where GetParam() = ".tiff"
[ WARN:0@141.777] global grfmt_tiff.cpp:122 TIFF_Warning TIFFReadDirectory: Sum of Photometric type-related color channels and ExtraSamples doesn't match SamplesPerPixel. Defining non-color channels as ExtraSamples.
[ WARN:0@141.778] global grfmt_tiff.cpp:122 TIFF_Warning TIFFReadDirectory: Sum of Photometric type-related color channels and ExtraSamples doesn't match SamplesPerPixel. Defining non-color channels as ExtraSamples.
[ WARN:0@141.778] global grfmt_tiff.cpp:122 TIFF_Warning TIFFReadDirectory: Sum of Photometric type-related color channels and ExtraSamples doesn't match SamplesPerPixel. Defining non-color channels as ExtraSamples.
[ WARN:0@141.779] global grfmt_tiff.cpp:122 TIFF_Warning TIFFReadDirectory: Sum of Photometric type-related color channels and ExtraSamples doesn't match SamplesPerPixel. Defining non-color channels as ExtraSamples.
[ WARN:0@141.780] global grfmt_tiff.cpp:122 TIFF_Warning TIFFReadDirectory: Sum of Photometric type-related color channels and ExtraSamples doesn't match SamplesPerPixel. Defining non-color channels as ExtraSamples.
[ WARN:0@141.780] global grfmt_tiff.cpp:122 TIFF_Warning TIFFReadDirectory: Sum of Photometric type-related color channels and ExtraSamples doesn't match SamplesPerPixel. Defining non-color channels as ExtraSamples.
[ WARN:0@141.781] global grfmt_tiff.cpp:122 TIFF_Warning TIFFReadDirectory: Sum of Photometric type-related color channels and ExtraSamples doesn't match SamplesPerPixel. Defining non-color channels as ExtraSamples.
[ WARN:0@141.782] global grfmt_tiff.cpp:122 TIFF_Warning TIFFReadDirectory: Sum of Photometric type-related color channels and ExtraSamples doesn't match SamplesPerPixel. Defining non-color channels as ExtraSamples.
[ WARN:0@141.782] global grfmt_tiff.cpp:122 TIFF_Warning TIFFReadDirectory: Sum of Photometric type-related color channels and ExtraSamples doesn't match SamplesPerPixel. Defining non-color channels as ExtraSamples.
[ WARN:0@141.783] global grfmt_tiff.cpp:122 TIFF_Warning TIFFReadDirectory: Sum of Photometric type-related color channels and ExtraSamples doesn't match SamplesPerPixel. Defining non-color channels as ExtraSamples.
[ WARN:0@141.784] global grfmt_tiff.cpp:122 TIFF_Warning TIFFReadDirectory: Sum of Photometric type-related color channels and ExtraSamples doesn't match SamplesPerPixel. Defining non-color channels as ExtraSamples.
[ WARN:0@141.784] global grfmt_tiff.cpp:122 TIFF_Warning TIFFReadDirectory: Sum of Photometric type-related color channels and ExtraSamples doesn't match SamplesPerPixel. Defining non-color channels as ExtraSamples.
[ WARN:0@141.785] global grfmt_tiff.cpp:122 TIFF_Warning TIFFReadDirectory: Sum of Photometric type-related color channels and ExtraSamples doesn't match SamplesPerPixel. Defining non-color channels as ExtraSamples.
[ WARN:0@141.786] global grfmt_tiff.cpp:122 TIFF_Warning TIFFReadDirectory: Sum of Photometric type-related color channels and ExtraSamples doesn't match SamplesPerPixel. Defining non-color channels as ExtraSamples.
[ WARN:0@141.786] global grfmt_tiff.cpp:122 TIFF_Warning TIFFReadDirectory: Sum of Photometric type-related color channels and ExtraSamples doesn't match SamplesPerPixel. Defining non-color channels as ExtraSamples.
[ WARN:0@141.787] global grfmt_tiff.cpp:122 TIFF_Warning TIFFReadDirectory: Sum of Photometric type-related color channels and ExtraSamples doesn't match SamplesPerPixel. Defining non-color channels as ExtraSamples.
[ WARN:0@141.788] global grfmt_tiff.cpp:122 TIFF_Warning TIFFReadDirectory: Sum of Photometric type-related color channels and ExtraSamples doesn't match SamplesPerPixel. Defining non-color channels as ExtraSamples.
[ WARN:0@141.788] global grfmt_tiff.cpp:122 TIFF_Warning TIFFReadDirectory: Sum of Photometric type-related color channels and ExtraSamples doesn't match SamplesPerPixel. Defining non-color channels as ExtraSamples.
[ WARN:0@141.789] global grfmt_tiff.cpp:122 TIFF_Warning TIFFReadDirectory: Sum of Photometric type-related color channels and ExtraSamples doesn't match SamplesPerPixel. Defining non-color channels as ExtraSamples.
[ WARN:0@141.790] global grfmt_tiff.cpp:122 TIFF_Warning TIFFReadDirectory: Sum of Photometric type-related color channels and ExtraSamples doesn't match SamplesPerPixel. Defining non-color channels as ExtraSamples.
[ WARN:0@141.790] global grfmt_tiff.cpp:122 TIFF_Warning TIFFReadDirectory: Sum of Photometric type-related color channels and ExtraSamples doesn't match SamplesPerPixel. Defining non-color channels as ExtraSamples.
[ WARN:0@141.791] global grfmt_tiff.cpp:122 TIFF_Warning TIFFReadDirectory: Sum of Photometric type-related color channels and ExtraSamples doesn't match SamplesPerPixel. Defining non-color channels as ExtraSamples.
[ WARN:0@141.791] global grfmt_tiff.cpp:122 TIFF_Warning TIFFReadDirectory: Sum of Photometric type-related color channels and ExtraSamples doesn't match SamplesPerPixel. Defining non-color channels as ExtraSamples.
[ WARN:0@141.792] global grfmt_tiff.cpp:122 TIFF_Warning TIFFReadDirectory: Sum of Photometric type-related color channels and ExtraSamples doesn't match SamplesPerPixel. Defining non-color channels as ExtraSamples.
[ WARN:0@141.793] global grfmt_tiff.cpp:122 TIFF_Warning TIFFReadDirectory: Sum of Photometric type-related color channels and ExtraSamples doesn't match SamplesPerPixel. Defining non-color channels as ExtraSamples.
[ WARN:0@141.793] global grfmt_tiff.cpp:122 TIFF_Warning TIFFReadDirectory: Sum of Photometric type-related color channels and ExtraSamples doesn't match SamplesPerPixel. Defining non-color channels as ExtraSamples.
[ WARN:0@141.794] global grfmt_tiff.cpp:122 TIFF_Warning TIFFReadDirectory: Sum of Photometric type-related color channels and ExtraSamples doesn't match SamplesPerPixel. Defining non-color channels as ExtraSamples.
[ WARN:0@141.795] global grfmt_tiff.cpp:122 TIFF_Warning TIFFReadDirectory: Sum of Photometric type-related color channels and ExtraSamples doesn't match SamplesPerPixel. Defining non-color channels as ExtraSamples.
[ WARN:0@141.795] global grfmt_tiff.cpp:122 TIFF_Warning TIFFReadDirectory: Sum of Photometric type-related color channels and ExtraSamples doesn't match SamplesPerPixel. Defining non-color channels as ExtraSamples.
[ WARN:0@141.796] global grfmt_tiff.cpp:122 TIFF_Warning TIFFReadDirectory: Sum of Photometric type-related color channels and ExtraSamples doesn't match SamplesPerPixel. Defining non-color channels as ExtraSamples.
[ WARN:0@141.797] global grfmt_tiff.cpp:122 TIFF_Warning TIFFReadDirectory: Sum of Photometric type-related color channels and ExtraSamples doesn't match SamplesPerPixel. Defining non-color channels as ExtraSamples.
[ WARN:0@141.797] global grfmt_tiff.cpp:122 TIFF_Warning TIFFReadDirectory: Sum of Photometric type-related color channels and ExtraSamples doesn't match SamplesPerPixel. Defining non-color channels as ExtraSamples.
[ WARN:0@141.798] global grfmt_tiff.cpp:122 TIFF_Warning TIFFReadDirectory: Sum of Photometric type-related color channels and ExtraSamples doesn't match SamplesPerPixel. Defining non-color channels as ExtraSamples.
[ WARN:0@141.799] global grfmt_tiff.cpp:122 TIFF_Warning TIFFReadDirectory: Sum of Photometric type-related color channels and ExtraSamples doesn't match SamplesPerPixel. Defining non-color channels as ExtraSamples.
[ WARN:0@141.799] global grfmt_tiff.cpp:122 TIFF_Warning TIFFReadDirectory: Sum of Photometric type-related color channels and ExtraSamples doesn't match SamplesPerPixel. Defining non-color channels as ExtraSamples.
[ WARN:0@141.800] global grfmt_tiff.cpp:122 TIFF_Warning TIFFReadDirectory: Sum of Photometric type-related color channels and ExtraSamples doesn't match SamplesPerPixel. Defining non-color channels as ExtraSamples.
[ WARN:0@141.801] global grfmt_tiff.cpp:122 TIFF_Warning TIFFReadDirectory: Sum of Photometric type-related color channels and ExtraSamples doesn't match SamplesPerPixel. Defining non-color channels as ExtraSamples.
[ WARN:0@141.801] global grfmt_tiff.cpp:122 TIFF_Warning TIFFReadDirectory: Sum of Photometric type-related color channels and ExtraSamples doesn't match SamplesPerPixel. Defining non-color channels as ExtraSamples.
[ WARN:0@141.802] global grfmt_tiff.cpp:122 TIFF_Warning TIFFReadDirectory: Sum of Photometric type-related color channels and ExtraSamples doesn't match SamplesPerPixel. Defining non-color channels as ExtraSamples.
[ WARN:0@141.802] global grfmt_tiff.cpp:122 TIFF_Warning TIFFReadDirectory: Sum of Photometric type-related color channels and ExtraSamples doesn't match SamplesPerPixel. Defining non-color channels as ExtraSamples.
[ WARN:0@141.803] global grfmt_tiff.cpp:122 TIFF_Warning TIFFReadDirectory: Sum of Photometric type-related color channels and ExtraSamples doesn't match SamplesPerPixel. Defining non-color channels as ExtraSamples.
[ WARN:0@141.804] global grfmt_tiff.cpp:122 TIFF_Warning TIFFReadDirectory: Sum of Photometric type-related color channels and ExtraSamples doesn't match SamplesPerPixel. Defining non-color channels as ExtraSamples.
[ WARN:0@141.804] global grfmt_tiff.cpp:122 TIFF_Warning TIFFReadDirectory: Sum of Photometric type-related color channels and ExtraSamples doesn't match SamplesPerPixel. Defining non-color channels as ExtraSamples.
[ WARN:0@141.805] global grfmt_tiff.cpp:122 TIFF_Warning TIFFReadDirectory: Sum of Photometric type-related color channels and ExtraSamples doesn't match SamplesPerPixel. Defining non-color channels as ExtraSamples.
[ WARN:0@141.806] global grfmt_tiff.cpp:122 TIFF_Warning TIFFReadDirectory: Sum of Photometric type-related color channels and ExtraSamples doesn't match SamplesPerPixel. Defining non-color channels as ExtraSamples.
[ WARN:0@141.806] global grfmt_tiff.cpp:122 TIFF_Warning TIFFReadDirectory: Sum of Photometric type-related color channels and ExtraSamples doesn't match SamplesPerPixel. Defining non-color channels as ExtraSamples.
[ WARN:0@141.807] global grfmt_tiff.cpp:122 TIFF_Warning TIFFReadDirectory: Sum of Photometric type-related color channels and ExtraSamples doesn't match SamplesPerPixel. Defining non-color channels as ExtraSamples.
[ WARN:0@141.808] global grfmt_tiff.cpp:122 TIFF_Warning TIFFReadDirectory: Sum of Photometric type-related color channels and ExtraSamples doesn't match SamplesPerPixel. Defining non-color channels as ExtraSamples.
[ WARN:0@141.808] global grfmt_tiff.cpp:122 TIFF_Warning TIFFReadDirectory: Sum of Photometric type-related color channels and ExtraSamples doesn't match SamplesPerPixel. Defining non-color channels as ExtraSamples.
[ WARN:0@141.809] global grfmt_tiff.cpp:122 TIFF_Warning TIFFReadDirectory: Sum of Photometric type-related color channels and ExtraSamples doesn't match SamplesPerPixel. Defining non-color channels as ExtraSamples.
[ WARN:0@141.810] global grfmt_tiff.cpp:122 TIFF_Warning TIFFReadDirectory: Sum of Photometric type-related color channels and ExtraSamples doesn't match SamplesPerPixel. Defining non-color channels as ExtraSamples.
[ WARN:0@141.810] global grfmt_tiff.cpp:122 TIFF_Warning TIFFReadDirectory: Sum of Photometric type-related color channels and ExtraSamples doesn't match SamplesPerPixel. Defining non-color channels as ExtraSamples.
[ WARN:0@141.811] global grfmt_tiff.cpp:122 TIFF_Warning TIFFReadDirectory: Sum of Photometric type-related color channels and ExtraSamples doesn't match SamplesPerPixel. Defining non-color channels as ExtraSamples.
[ WARN:0@141.812] global grfmt_tiff.cpp:122 TIFF_Warning TIFFReadDirectory: Sum of Photometric type-related color channels and ExtraSamples doesn't match SamplesPerPixel. Defining non-color channels as ExtraSamples.
[ WARN:0@141.812] global grfmt_tiff.cpp:122 TIFF_Warning TIFFReadDirectory: Sum of Photometric type-related color channels and ExtraSamples doesn't match SamplesPerPixel. Defining non-color channels as ExtraSamples.
[ WARN:0@141.813] global grfmt_tiff.cpp:122 TIFF_Warning TIFFReadDirectory: Sum of Photometric type-related color channels and ExtraSamples doesn't match SamplesPerPixel. Defining non-color channels as ExtraSamples.
[ WARN:0@141.814] global grfmt_tiff.cpp:122 TIFF_Warning TIFFReadDirectory: Sum of Photometric type-related color channels and ExtraSamples doesn't match SamplesPerPixel. Defining non-color channels as ExtraSamples.
[ WARN:0@141.814] global grfmt_tiff.cpp:122 TIFF_Warning TIFFReadDirectory: Sum of Photometric type-related color channels and ExtraSamples doesn't match SamplesPerPixel. Defining non-color channels as ExtraSamples.
[ WARN:0@141.815] global grfmt_tiff.cpp:122 TIFF_Warning TIFFReadDirectory: Sum of Photometric type-related color channels and ExtraSamples doesn't match SamplesPerPixel. Defining non-color channels as ExtraSamples.
[ WARN:0@141.816] global grfmt_tiff.cpp:122 TIFF_Warning TIFFReadDirectory: Sum of Photometric type-related color channels and ExtraSamples doesn't match SamplesPerPixel. Defining non-color channels as ExtraSamples.
[ WARN:0@141.816] global grfmt_tiff.cpp:122 TIFF_Warning TIFFReadDirectory: Sum of Photometric type-related color channels and ExtraSamples doesn't match SamplesPerPixel. Defining non-color channels as ExtraSamples.
[ WARN:0@141.817] global grfmt_tiff.cpp:122 TIFF_Warning TIFFReadDirectory: Sum of Photometric type-related color channels and ExtraSamples doesn't match SamplesPerPixel. Defining non-color channels as ExtraSamples.
[ WARN:0@141.818] global grfmt_tiff.cpp:122 TIFF_Warning TIFFReadDirectory: Sum of Photometric type-related color channels and ExtraSamples doesn't match SamplesPerPixel. Defining non-color channels as ExtraSamples.
[ WARN:0@141.818] global grfmt_tiff.cpp:122 TIFF_Warning TIFFReadDirectory: Sum of Photometric type-related color channels and ExtraSamples doesn't match SamplesPerPixel. Defining non-color channels as ExtraSamples.
[ WARN:0@141.819] global grfmt_tiff.cpp:122 TIFF_Warning TIFFReadDirectory: Sum of Photometric type-related color channels and ExtraSamples doesn't match SamplesPerPixel. Defining non-color channels as ExtraSamples.
[ WARN:0@141.820] global grfmt_tiff.cpp:122 TIFF_Warning TIFFReadDirectory: Sum of Photometric type-related color channels and ExtraSamples doesn't match SamplesPerPixel. Defining non-color channels as ExtraSamples.
[ WARN:0@141.820] global grfmt_tiff.cpp:122 TIFF_Warning TIFFReadDirectory: Sum of Photometric type-related color channels and ExtraSamples doesn't match SamplesPerPixel. Defining non-color channels as ExtraSamples.
[ WARN:0@141.821] global grfmt_tiff.cpp:122 TIFF_Warning TIFFReadDirectory: Sum of Photometric type-related color channels and ExtraSamples doesn't match SamplesPerPixel. Defining non-color channels as ExtraSamples.
[ WARN:0@141.822] global grfmt_tiff.cpp:122 TIFF_Warning TIFFReadDirectory: Sum of Photometric type-related color channels and ExtraSamples doesn't match SamplesPerPixel. Defining non-color channels as ExtraSamples.
[ WARN:0@141.822] global grfmt_tiff.cpp:122 TIFF_Warning TIFFReadDirectory: Sum of Photometric type-related color channels and ExtraSamples doesn't match SamplesPerPixel. Defining non-color channels as ExtraSamples.
[ WARN:0@141.823] global grfmt_tiff.cpp:122 TIFF_Warning TIFFReadDirectory: Sum of Photometric type-related color channels and ExtraSamples doesn't match SamplesPerPixel. Defining non-color channels as ExtraSamples.
[ WARN:0@141.824] global grfmt_tiff.cpp:122 TIFF_Warning TIFFReadDirectory: Sum of Photometric type-related color channels and ExtraSamples doesn't match SamplesPerPixel. Defining non-color channels as ExtraSamples.
[ WARN:0@141.824] global grfmt_tiff.cpp:122 TIFF_Warning TIFFReadDirectory: Sum of Photometric type-related color channels and ExtraSamples doesn't match SamplesPerPixel. Defining non-color channels as ExtraSamples.
[ WARN:0@141.825] global grfmt_tiff.cpp:122 TIFF_Warning TIFFReadDirectory: Sum of Photometric type-related color channels and ExtraSamples doesn't match SamplesPerPixel. Defining non-color channels as ExtraSamples.
[ WARN:0@141.825] global grfmt_tiff.cpp:122 TIFF_Warning TIFFReadDirectory: Sum of Photometric type-related color channels and ExtraSamples doesn't match SamplesPerPixel. Defining non-color channels as ExtraSamples.
[ WARN:0@141.826] global grfmt_tiff.cpp:122 TIFF_Warning TIFFReadDirectory: Sum of Photometric type-related color channels and ExtraSamples doesn't match SamplesPerPixel. Defining non-color channels as ExtraSamples.
[ WARN:0@141.827] global grfmt_tiff.cpp:122 TIFF_Warning TIFFReadDirectory: Sum of Photometric type-related color channels and ExtraSamples doesn't match SamplesPerPixel. Defining non-color channels as ExtraSamples.
[ WARN:0@141.827] global grfmt_tiff.cpp:122 TIFF_Warning TIFFReadDirectory: Sum of Photometric type-related color channels and ExtraSamples doesn't match SamplesPerPixel. Defining non-color channels as ExtraSamples.
[ WARN:0@141.828] global grfmt_tiff.cpp:122 TIFF_Warning TIFFReadDirectory: Sum of Photometric type-related color channels and ExtraSamples doesn't match SamplesPerPixel. Defining non-color channels as ExtraSamples.
[ WARN:0@141.829] global grfmt_tiff.cpp:122 TIFF_Warning TIFFReadDirectory: Sum of Photometric type-related color channels and ExtraSamples doesn't match SamplesPerPixel. Defining non-color channels as ExtraSamples.
[ WARN:0@141.829] global grfmt_tiff.cpp:122 TIFF_Warning TIFFReadDirectory: Sum of Photometric type-related color channels and ExtraSamples doesn't match SamplesPerPixel. Defining non-color channels as ExtraSamples.
[ WARN:0@141.830] global grfmt_tiff.cpp:122 TIFF_Warning TIFFReadDirectory: Sum of Photometric type-related color channels and ExtraSamples doesn't match SamplesPerPixel. Defining non-color channels as ExtraSamples.
[ WARN:0@141.831] global grfmt_tiff.cpp:122 TIFF_Warning TIFFReadDirectory: Sum of Photometric type-related color channels and ExtraSamples doesn't match SamplesPerPixel. Defining non-color channels as ExtraSamples.
[ WARN:0@141.831] global grfmt_tiff.cpp:122 TIFF_Warning TIFFReadDirectory: Sum of Photometric type-related color channels and ExtraSamples doesn't match SamplesPerPixel. Defining non-color channels as ExtraSamples.
[ WARN:0@141.832] global grfmt_tiff.cpp:122 TIFF_Warning TIFFReadDirectory: Sum of Photometric type-related color channels and ExtraSamples doesn't match SamplesPerPixel. Defining non-color channels as ExtraSamples.
[ WARN:0@141.833] global grfmt_tiff.cpp:122 TIFF_Warning TIFFReadDirectory: Sum of Photometric type-related color channels and ExtraSamples doesn't match SamplesPerPixel. Defining non-color channels as ExtraSamples.
[ WARN:0@141.833] global grfmt_tiff.cpp:122 TIFF_Warning TIFFReadDirectory: Sum of Photometric type-related color channels and ExtraSamples doesn't match SamplesPerPixel. Defining non-color channels as ExtraSamples.
[ WARN:0@141.834] global grfmt_tiff.cpp:122 TIFF_Warning TIFFReadDirectory: Sum of Photometric type-related color channels and ExtraSamples doesn't match SamplesPerPixel. Defining non-color channels as ExtraSamples.
[ WARN:0@141.835] global grfmt_tiff.cpp:122 TIFF_Warning TIFFReadDirectory: Sum of Photometric type-related color channels and ExtraSamples doesn't match SamplesPerPixel. Defining non-color channels as ExtraSamples.
[ WARN:0@141.835] global grfmt_tiff.cpp:122 TIFF_Warning TIFFReadDirectory: Sum of Photometric type-related color channels and ExtraSamples doesn't match SamplesPerPixel. Defining non-color channels as ExtraSamples.
[ WARN:0@141.836] global grfmt_tiff.cpp:122 TIFF_Warning TIFFReadDirectory: Sum of Photometric type-related color channels and ExtraSamples doesn't match SamplesPerPixel. Defining non-color channels as ExtraSamples.
[ WARN:0@141.837] global grfmt_tiff.cpp:122 TIFF_Warning TIFFReadDirectory: Sum of Photometric type-related color channels and ExtraSamples doesn't match SamplesPerPixel. Defining non-color channels as ExtraSamples.
[ WARN:0@141.837] global grfmt_tiff.cpp:122 TIFF_Warning TIFFReadDirectory: Sum of Photometric type-related color channels and ExtraSamples doesn't match SamplesPerPixel. Defining non-color channels as ExtraSamples.
[ WARN:0@141.838] global grfmt_tiff.cpp:122 TIFF_Warning TIFFReadDirectory: Sum of Photometric type-related color channels and ExtraSamples doesn't match SamplesPerPixel. Defining non-color channels as ExtraSamples.
[ WARN:0@141.839] global grfmt_tiff.cpp:122 TIFF_Warning TIFFReadDirectory: Sum of Photometric type-related color channels and ExtraSamples doesn't match SamplesPerPixel. Defining non-color channels as ExtraSamples.
[ WARN:0@141.839] global grfmt_tiff.cpp:122 TIFF_Warning TIFFReadDirectory: Sum of Photometric type-related color channels and ExtraSamples doesn't match SamplesPerPixel. Defining non-color channels as ExtraSamples.
[ WARN:0@141.840] global grfmt_tiff.cpp:122 TIFF_Warning TIFFReadDirectory: Sum of Photometric type-related color channels and ExtraSamples doesn't match SamplesPerPixel. Defining non-color channels as ExtraSamples.
[ WARN:0@141.841] global grfmt_tiff.cpp:122 TIFF_Warning TIFFReadDirectory: Sum of Photometric type-related color channels and ExtraSamples doesn't match SamplesPerPixel. Defining non-color channels as ExtraSamples.
[ WARN:0@141.841] global grfmt_tiff.cpp:122 TIFF_Warning TIFFReadDirectory: Sum of Photometric type-related color channels and ExtraSamples doesn't match SamplesPerPixel. Defining non-color channels as ExtraSamples.
[ WARN:0@141.842] global grfmt_tiff.cpp:122 TIFF_Warning TIFFReadDirectory: Sum of Photometric type-related color channels and ExtraSamples doesn't match SamplesPerPixel. Defining non-color channels as ExtraSamples.
[ WARN:0@141.843] global grfmt_tiff.cpp:122 TIFF_Warning TIFFReadDirectory: Sum of Photometric type-related color channels and ExtraSamples doesn't match SamplesPerPixel. Defining non-color channels as ExtraSamples.
[ WARN:0@141.843] global grfmt_tiff.cpp:122 TIFF_Warning TIFFReadDirectory: Sum of Photometric type-related color channels and ExtraSamples doesn't match SamplesPerPixel. Defining non-color channels as ExtraSamples.
[ WARN:0@141.844] global grfmt_tiff.cpp:122 TIFF_Warning TIFFReadDirectory: Sum of Photometric type-related color channels and ExtraSamples doesn't match SamplesPerPixel. Defining non-color channels as ExtraSamples.
[ WARN:0@141.845] global grfmt_tiff.cpp:122 TIFF_Warning TIFFReadDirectory: Sum of Photometric type-related color channels and ExtraSamples doesn't match SamplesPerPixel. Defining non-color channels as ExtraSamples.
[ WARN:0@141.846] global grfmt_tiff.cpp:122 TIFF_Warning TIFFReadDirectory: Sum of Photometric type-related color channels and ExtraSamples doesn't match SamplesPerPixel. Defining non-color channels as ExtraSamples.
[ WARN:0@141.846] global grfmt_tiff.cpp:122 TIFF_Warning TIFFReadDirectory: Sum of Photometric type-related color channels and ExtraSamples doesn't match SamplesPerPixel. Defining non-color channels as ExtraSamples.
[ WARN:0@141.847] global grfmt_tiff.cpp:122 TIFF_Warning TIFFReadDirectory: Sum of Photometric type-related color channels and ExtraSamples doesn't match SamplesPerPixel. Defining non-color channels as ExtraSamples.
[ WARN:0@141.848] global grfmt_tiff.cpp:122 TIFF_Warning TIFFReadDirectory: Sum of Photometric type-related color channels and ExtraSamples doesn't match SamplesPerPixel. Defining non-color channels as ExtraSamples.
[ WARN:0@141.848] global grfmt_tiff.cpp:122 TIFF_Warning TIFFReadDirectory: Sum of Photometric type-related color channels and ExtraSamples doesn't match SamplesPerPixel. Defining non-color channels as ExtraSamples.
[ WARN:0@141.849] global grfmt_tiff.cpp:122 TIFF_Warning TIFFReadDirectory: Sum of Photometric type-related color channels and ExtraSamples doesn't match SamplesPerPixel. Defining non-color channels as ExtraSamples.
[ WARN:0@141.850] global grfmt_tiff.cpp:122 TIFF_Warning TIFFReadDirectory: Sum of Photometric type-related color channels and ExtraSamples doesn't match SamplesPerPixel. Defining non-color channels as ExtraSamples.
[ WARN:0@141.850] global grfmt_tiff.cpp:122 TIFF_Warning TIFFReadDirectory: Sum of Photometric type-related color channels and ExtraSamples doesn't match SamplesPerPixel. Defining non-color channels as ExtraSamples.
[ WARN:0@141.851] global grfmt_tiff.cpp:122 TIFF_Warning TIFFReadDirectory: Sum of Photometric type-related color channels and ExtraSamples doesn't match SamplesPerPixel. Defining non-color channels as ExtraSamples.
[ WARN:0@141.852] global grfmt_tiff.cpp:122 TIFF_Warning TIFFReadDirectory: Sum of Photometric type-related color channels and ExtraSamples doesn't match SamplesPerPixel. Defining non-color channels as ExtraSamples.
[ WARN:0@141.852] global grfmt_tiff.cpp:122 TIFF_Warning TIFFReadDirectory: Sum of Photometric type-related color channels and ExtraSamples doesn't match SamplesPerPixel. Defining non-color channels as ExtraSamples.
[ WARN:0@141.853] global grfmt_tiff.cpp:122 TIFF_Warning TIFFReadDirectory: Sum of Photometric type-related color channels and ExtraSamples doesn't match SamplesPerPixel. Defining non-color channels as ExtraSamples.
[ WARN:0@141.853] global grfmt_tiff.cpp:122 TIFF_Warning TIFFReadDirectory: Sum of Photometric type-related color channels and ExtraSamples doesn't match SamplesPerPixel. Defining non-color channels as ExtraSamples.
[ WARN:0@141.854] global grfmt_tiff.cpp:122 TIFF_Warning TIFFReadDirectory: Sum of Photometric type-related color channels and ExtraSamples doesn't match SamplesPerPixel. Defining non-color channels as ExtraSamples.
[ WARN:0@141.855] global grfmt_tiff.cpp:122 TIFF_Warning TIFFReadDirectory: Sum of Photometric type-related color channels and ExtraSamples doesn't match SamplesPerPixel. Defining non-color channels as ExtraSamples.
[ WARN:0@141.855] global grfmt_tiff.cpp:122 TIFF_Warning TIFFReadDirectory: Sum of Photometric type-related color channels and ExtraSamples doesn't match SamplesPerPixel. Defining non-color channels as ExtraSamples.
[ WARN:0@141.856] global grfmt_tiff.cpp:122 TIFF_Warning TIFFReadDirectory: Sum of Photometric type-related color channels and ExtraSamples doesn't match SamplesPerPixel. Defining non-color channels as ExtraSamples.
[ WARN:0@141.857] global grfmt_tiff.cpp:122 TIFF_Warning TIFFReadDirectory: Sum of Photometric type-related color channels and ExtraSamples doesn't match SamplesPerPixel. Defining non-color channels as ExtraSamples.
[ WARN:0@141.857] global grfmt_tiff.cpp:122 TIFF_Warning TIFFReadDirectory: Sum of Photometric type-related color channels and ExtraSamples doesn't match SamplesPerPixel. Defining non-color channels as ExtraSamples.
[ WARN:0@141.858] global grfmt_tiff.cpp:122 TIFF_Warning TIFFReadDirectory: Sum of Photometric type-related color channels and ExtraSamples doesn't match SamplesPerPixel. Defining non-color channels as ExtraSamples.
[ WARN:0@141.859] global grfmt_tiff.cpp:122 TIFF_Warning TIFFReadDirectory: Sum of Photometric type-related color channels and ExtraSamples doesn't match SamplesPerPixel. Defining non-color channels as ExtraSamples.
[ WARN:0@141.859] global grfmt_tiff.cpp:122 TIFF_Warning TIFFReadDirectory: Sum of Photometric type-related color channels and ExtraSamples doesn't match SamplesPerPixel. Defining non-color channels as ExtraSamples.
[ WARN:0@141.860] global grfmt_tiff.cpp:122 TIFF_Warning TIFFReadDirectory: Sum of Photometric type-related color channels and ExtraSamples doesn't match SamplesPerPixel. Defining non-color channels as ExtraSamples.
[ WARN:0@141.861] global grfmt_tiff.cpp:122 TIFF_Warning TIFFReadDirectory: Sum of Photometric type-related color channels and ExtraSamples doesn't match SamplesPerPixel. Defining non-color channels as ExtraSamples.
[ WARN:0@141.861] global grfmt_tiff.cpp:122 TIFF_Warning TIFFReadDirectory: Sum of Photometric type-related color channels and ExtraSamples doesn't match SamplesPerPixel. Defining non-color channels as ExtraSamples.
[ WARN:0@141.862] global grfmt_tiff.cpp:122 TIFF_Warning TIFFReadDirectory: Sum of Photometric type-related color channels and ExtraSamples doesn't match SamplesPerPixel. Defining non-color channels as ExtraSamples.
[ WARN:0@141.863] global grfmt_tiff.cpp:122 TIFF_Warning TIFFReadDirectory: Sum of Photometric type-related color channels and ExtraSamples doesn't match SamplesPerPixel. Defining non-color channels as ExtraSamples.
[ WARN:0@141.863] global grfmt_tiff.cpp:122 TIFF_Warning TIFFReadDirectory: Sum of Photometric type-related color channels and ExtraSamples doesn't match SamplesPerPixel. Defining non-color channels as ExtraSamples.
[ WARN:0@141.864] global grfmt_tiff.cpp:122 TIFF_Warning TIFFReadDirectory: Sum of Photometric type-related color channels and ExtraSamples doesn't match SamplesPerPixel. Defining non-color channels as ExtraSamples.
[ WARN:0@141.865] global grfmt_tiff.cpp:122 TIFF_Warning TIFFReadDirectory: Sum of Photometric type-related color channels and ExtraSamples doesn't match SamplesPerPixel. Defining non-color channels as ExtraSamples.
[ WARN:0@141.865] global grfmt_tiff.cpp:122 TIFF_Warning TIFFReadDirectory: Sum of Photometric type-related color channels and ExtraSamples doesn't match SamplesPerPixel. Defining non-color channels as ExtraSamples.
[ WARN:0@141.866] global grfmt_tiff.cpp:122 TIFF_Warning TIFFReadDirectory: Sum of Photometric type-related color channels and ExtraSamples doesn't match SamplesPerPixel. Defining non-color channels as ExtraSamples.
[ WARN:0@141.867] global grfmt_tiff.cpp:122 TIFF_Warning TIFFReadDirectory: Sum of Photometric type-related color channels and ExtraSamples doesn't match SamplesPerPixel. Defining non-color channels as ExtraSamples.
[ WARN:0@141.867] global grfmt_tiff.cpp:122 TIFF_Warning TIFFReadDirectory: Sum of Photometric type-related color channels and ExtraSamples doesn't match SamplesPerPixel. Defining non-color channels as ExtraSamples.
[ WARN:0@141.868] global grfmt_tiff.cpp:122 TIFF_Warning TIFFReadDirectory: Sum of Photometric type-related color channels and ExtraSamples doesn't match SamplesPerPixel. Defining non-color channels as ExtraSamples.
[ WARN:0@141.869] global grfmt_tiff.cpp:122 TIFF_Warning TIFFReadDirectory: Sum of Photometric type-related color channels and ExtraSamples doesn't match SamplesPerPixel. Defining non-color channels as ExtraSamples.
[ WARN:0@141.869] global grfmt_tiff.cpp:122 TIFF_Warning TIFFReadDirectory: Sum of Photometric type-related color channels and ExtraSamples doesn't match SamplesPerPixel. Defining non-color channels as ExtraSamples.
[ WARN:0@141.870] global grfmt_tiff.cpp:122 TIFF_Warning TIFFReadDirectory: Sum of Photometric type-related color channels and ExtraSamples doesn't match SamplesPerPixel. Defining non-color channels as ExtraSamples.
[ WARN:0@141.871] global grfmt_tiff.cpp:122 TIFF_Warning TIFFReadDirectory: Sum of Photometric type-related color channels and ExtraSamples doesn't match SamplesPerPixel. Defining non-color channels as ExtraSamples.
[ WARN:0@141.871] global grfmt_tiff.cpp:122 TIFF_Warning TIFFReadDirectory: Sum of Photometric type-related color channels and ExtraSamples doesn't match SamplesPerPixel. Defining non-color channels as ExtraSamples.
[ WARN:0@141.872] global grfmt_tiff.cpp:122 TIFF_Warning TIFFReadDirectory: Sum of Photometric type-related color channels and ExtraSamples doesn't match SamplesPerPixel. Defining non-color channels as ExtraSamples.
[ WARN:0@141.873] global grfmt_tiff.cpp:122 TIFF_Warning TIFFReadDirectory: Sum of Photometric type-related color channels and ExtraSamples doesn't match SamplesPerPixel. Defining non-color channels as ExtraSamples.
[ WARN:0@141.873] global grfmt_tiff.cpp:122 TIFF_Warning TIFFReadDirectory: Sum of Photometric type-related color channels and ExtraSamples doesn't match SamplesPerPixel. Defining non-color channels as ExtraSamples.
[ WARN:0@141.874] global grfmt_tiff.cpp:122 TIFF_Warning TIFFReadDirectory: Sum of Photometric type-related color channels and ExtraSamples doesn't match SamplesPerPixel. Defining non-color channels as ExtraSamples.
[ WARN:0@141.875] global grfmt_tiff.cpp:122 TIFF_Warning TIFFReadDirectory: Sum of Photometric type-related color channels and ExtraSamples doesn't match SamplesPerPixel. Defining non-color channels as ExtraSamples.
[ WARN:0@141.875] global grfmt_tiff.cpp:122 TIFF_Warning TIFFReadDirectory: Sum of Photometric type-related color channels and ExtraSamples doesn't match SamplesPerPixel. Defining non-color channels as ExtraSamples.
[ WARN:0@141.876] global grfmt_tiff.cpp:122 TIFF_Warning TIFFReadDirectory: Sum of Photometric type-related color channels and ExtraSamples doesn't match SamplesPerPixel. Defining non-color channels as ExtraSamples.
[ WARN:0@141.877] global grfmt_tiff.cpp:122 TIFF_Warning TIFFReadDirectory: Sum of Photometric type-related color channels and ExtraSamples doesn't match SamplesPerPixel. Defining non-color channels as ExtraSamples.
[ WARN:0@141.877] global grfmt_tiff.cpp:122 TIFF_Warning TIFFReadDirectory: Sum of Photometric type-related color channels and ExtraSamples doesn't match SamplesPerPixel. Defining non-color channels as ExtraSamples.
[ WARN:0@141.878] global grfmt_tiff.cpp:122 TIFF_Warning TIFFReadDirectory: Sum of Photometric type-related color channels and ExtraSamples doesn't match SamplesPerPixel. Defining non-color channels as ExtraSamples.
[ WARN:0@141.879] global grfmt_tiff.cpp:122 TIFF_Warning TIFFReadDirectory: Sum of Photometric type-related color channels and ExtraSamples doesn't match SamplesPerPixel. Defining non-color channels as ExtraSamples.
[ WARN:0@141.879] global grfmt_tiff.cpp:122 TIFF_Warning TIFFReadDirectory: Sum of Photometric type-related color channels and ExtraSamples doesn't match SamplesPerPixel. Defining non-color channels as ExtraSamples.
[ WARN:0@141.880] global grfmt_tiff.cpp:122 TIFF_Warning TIFFReadDirectory: Sum of Photometric type-related color channels and ExtraSamples doesn't match SamplesPerPixel. Defining non-color channels as ExtraSamples.
[ WARN:0@141.880] global grfmt_tiff.cpp:122 TIFF_Warning TIFFReadDirectory: Sum of Photometric type-related color channels and ExtraSamples doesn't match SamplesPerPixel. Defining non-color channels as ExtraSamples.
[ WARN:0@141.881] global grfmt_tiff.cpp:122 TIFF_Warning TIFFReadDirectory: Sum of Photometric type-related color channels and ExtraSamples doesn't match SamplesPerPixel. Defining non-color channels as ExtraSamples.
[ WARN:0@141.882] global grfmt_tiff.cpp:122 TIFF_Warning TIFFReadDirectory: Sum of Photometric type-related color channels and ExtraSamples doesn't match SamplesPerPixel. Defining non-color channels as ExtraSamples.
[ WARN:0@141.882] global grfmt_tiff.cpp:122 TIFF_Warning TIFFReadDirectory: Sum of Photometric type-related color channels and ExtraSamples doesn't match SamplesPerPixel. Defining non-color channels as ExtraSamples.
[ WARN:0@141.883] global grfmt_tiff.cpp:122 TIFF_Warning TIFFReadDirectory: Sum of Photometric type-related color channels and ExtraSamples doesn't match SamplesPerPixel. Defining non-color channels as ExtraSamples.
[ WARN:0@141.884] global grfmt_tiff.cpp:122 TIFF_Warning TIFFReadDirectory: Sum of Photometric type-related color channels and ExtraSamples doesn't match SamplesPerPixel. Defining non-color channels as ExtraSamples.
[ WARN:0@141.884] global grfmt_tiff.cpp:122 TIFF_Warning TIFFReadDirectory: Sum of Photometric type-related color channels and ExtraSamples doesn't match SamplesPerPixel. Defining non-color channels as ExtraSamples.
[ WARN:0@141.885] global grfmt_tiff.cpp:122 TIFF_Warning TIFFReadDirectory: Sum of Photometric type-related color channels and ExtraSamples doesn't match SamplesPerPixel. Defining non-color channels as ExtraSamples.
[ WARN:0@141.886] global grfmt_tiff.cpp:122 TIFF_Warning TIFFReadDirectory: Sum of Photometric type-related color channels and ExtraSamples doesn't match SamplesPerPixel. Defining non-color channels as ExtraSamples.
[ WARN:0@141.886] global grfmt_tiff.cpp:122 TIFF_Warning TIFFReadDirectory: Sum of Photometric type-related color channels and ExtraSamples doesn't match SamplesPerPixel. Defining non-color channels as ExtraSamples.
[ WARN:0@141.887] global grfmt_tiff.cpp:122 TIFF_Warning TIFFReadDirectory: Sum of Photometric type-related color channels and ExtraSamples doesn't match SamplesPerPixel. Defining non-color channels as ExtraSamples.
[ WARN:0@141.888] global grfmt_tiff.cpp:122 TIFF_Warning TIFFReadDirectory: Sum of Photometric type-related color channels and ExtraSamples doesn't match SamplesPerPixel. Defining non-color channels as ExtraSamples.
[ WARN:0@141.888] global grfmt_tiff.cpp:122 TIFF_Warning TIFFReadDirectory: Sum of Photometric type-related color channels and ExtraSamples doesn't match SamplesPerPixel. Defining non-color channels as ExtraSamples.
[ WARN:0@141.889] global grfmt_tiff.cpp:122 TIFF_Warning TIFFReadDirectory: Sum of Photometric type-related color channels and ExtraSamples doesn't match SamplesPerPixel. Defining non-color channels as ExtraSamples.
[ WARN:0@141.890] global grfmt_tiff.cpp:122 TIFF_Warning TIFFReadDirectory: Sum of Photometric type-related color channels and ExtraSamples doesn't match SamplesPerPixel. Defining non-color channels as ExtraSamples.
[ WARN:0@141.891] global grfmt_tiff.cpp:122 TIFF_Warning TIFFReadDirectory: Sum of Photometric type-related color channels and ExtraSamples doesn't match SamplesPerPixel. Defining non-color channels as ExtraSamples.
[ WARN:0@141.891] global grfmt_tiff.cpp:122 TIFF_Warning TIFFReadDirectory: Sum of Photometric type-related color channels and ExtraSamples doesn't match SamplesPerPixel. Defining non-color channels as ExtraSamples.
[ WARN:0@141.892] global grfmt_tiff.cpp:122 TIFF_Warning TIFFReadDirectory: Sum of Photometric type-related color channels and ExtraSamples doesn't match SamplesPerPixel. Defining non-color channels as ExtraSamples.
[ WARN:0@141.893] global grfmt_tiff.cpp:122 TIFF_Warning TIFFReadDirectory: Sum of Photometric type-related color channels and ExtraSamples doesn't match SamplesPerPixel. Defining non-color channels as ExtraSamples.
[ WARN:0@141.893] global grfmt_tiff.cpp:122 TIFF_Warning TIFFReadDirectory: Sum of Photometric type-related color channels and ExtraSamples doesn't match SamplesPerPixel. Defining non-color channels as ExtraSamples.
[ WARN:0@141.894] global grfmt_tiff.cpp:122 TIFF_Warning TIFFReadDirectory: Sum of Photometric type-related color channels and ExtraSamples doesn't match SamplesPerPixel. Defining non-color channels as ExtraSamples.
[ WARN:0@141.895] global grfmt_tiff.cpp:122 TIFF_Warning TIFFReadDirectory: Sum of Photometric type-related color channels and ExtraSamples doesn't match SamplesPerPixel. Defining non-color channels as ExtraSamples.
[ WARN:0@141.895] global grfmt_tiff.cpp:122 TIFF_Warning TIFFReadDirectory: Sum of Photometric type-related color channels and ExtraSamples doesn't match SamplesPerPixel. Defining non-color channels as ExtraSamples.
[ WARN:0@141.896] global grfmt_tiff.cpp:122 TIFF_Warning TIFFReadDirectory: Sum of Photometric type-related color channels and ExtraSamples doesn't match SamplesPerPixel. Defining non-color channels as ExtraSamples.
[ WARN:0@141.897] global grfmt_tiff.cpp:122 TIFF_Warning TIFFReadDirectory: Sum of Photometric type-related color channels and ExtraSamples doesn't match SamplesPerPixel. Defining non-color channels as ExtraSamples.
[ WARN:0@141.897] global grfmt_tiff.cpp:122 TIFF_Warning TIFFReadDirectory: Sum of Photometric type-related color channels and ExtraSamples doesn't match SamplesPerPixel. Defining non-color channels as ExtraSamples.
[ WARN:0@141.898] global grfmt_tiff.cpp:122 TIFF_Warning TIFFReadDirectory: Sum of Photometric type-related color channels and ExtraSamples doesn't match SamplesPerPixel. Defining non-color channels as ExtraSamples.
[ WARN:0@141.899] global grfmt_tiff.cpp:122 TIFF_Warning TIFFReadDirectory: Sum of Photometric type-related color channels and ExtraSamples doesn't match SamplesPerPixel. Defining non-color channels as ExtraSamples.
[ WARN:0@141.899] global grfmt_tiff.cpp:122 TIFF_Warning TIFFReadDirectory: Sum of Photometric type-related color channels and ExtraSamples doesn't match SamplesPerPixel. Defining non-color channels as ExtraSamples.
[ WARN:0@141.900] global grfmt_tiff.cpp:122 TIFF_Warning TIFFReadDirectory: Sum of Photometric type-related color channels and ExtraSamples doesn't match SamplesPerPixel. Defining non-color channels as ExtraSamples.
[ WARN:0@141.901] global grfmt_tiff.cpp:122 TIFF_Warning TIFFReadDirectory: Sum of Photometric type-related color channels and ExtraSamples doesn't match SamplesPerPixel. Defining non-color channels as ExtraSamples.
[ WARN:0@141.901] global grfmt_tiff.cpp:122 TIFF_Warning TIFFReadDirectory: Sum of Photometric type-related color channels and ExtraSamples doesn't match SamplesPerPixel. Defining non-color channels as ExtraSamples.
[ WARN:0@141.902] global grfmt_tiff.cpp:122 TIFF_Warning TIFFReadDirectory: Sum of Photometric type-related color channels and ExtraSamples doesn't match SamplesPerPixel. Defining non-color channels as ExtraSamples.
[ WARN:0@141.903] global grfmt_tiff.cpp:122 TIFF_Warning TIFFReadDirectory: Sum of Photometric type-related color channels and ExtraSamples doesn't match SamplesPerPixel. Defining non-color channels as ExtraSamples.
[ WARN:0@141.903] global grfmt_tiff.cpp:122 TIFF_Warning TIFFReadDirectory: Sum of Photometric type-related color channels and ExtraSamples doesn't match SamplesPerPixel. Defining non-color channels as ExtraSamples.
[ WARN:0@141.904] global grfmt_tiff.cpp:122 TIFF_Warning TIFFReadDirectory: Sum of Photometric type-related color channels and ExtraSamples doesn't match SamplesPerPixel. Defining non-color channels as ExtraSamples.
[ WARN:0@141.905] global grfmt_tiff.cpp:122 TIFF_Warning TIFFReadDirectory: Sum of Photometric type-related color channels and ExtraSamples doesn't match SamplesPerPixel. Defining non-color channels as ExtraSamples.
[ WARN:0@141.905] global grfmt_tiff.cpp:122 TIFF_Warning TIFFReadDirectory: Sum of Photometric type-related color channels and ExtraSamples doesn't match SamplesPerPixel. Defining non-color channels as ExtraSamples.
[ WARN:0@141.906] global grfmt_tiff.cpp:122 TIFF_Warning TIFFReadDirectory: Sum of Photometric type-related color channels and ExtraSamples doesn't match SamplesPerPixel. Defining non-color channels as ExtraSamples.
[ WARN:0@141.907] global grfmt_tiff.cpp:122 TIFF_Warning TIFFReadDirectory: Sum of Photometric type-related color channels and ExtraSamples doesn't match SamplesPerPixel. Defining non-color channels as ExtraSamples.
[ WARN:0@141.907] global grfmt_tiff.cpp:122 TIFF_Warning TIFFReadDirectory: Sum of Photometric type-related color channels and ExtraSamples doesn't match SamplesPerPixel. Defining non-color channels as ExtraSamples.
[ WARN:0@141.908] global grfmt_tiff.cpp:122 TIFF_Warning TIFFReadDirectory: Sum of Photometric type-related color channels and ExtraSamples doesn't match SamplesPerPixel. Defining non-color channels as ExtraSamples.
[ WARN:0@141.909] global grfmt_tiff.cpp:122 TIFF_Warning TIFFReadDirectory: Sum of Photometric type-related color channels and ExtraSamples doesn't match SamplesPerPixel. Defining non-color channels as ExtraSamples.
[ WARN:0@141.909] global grfmt_tiff.cpp:122 TIFF_Warning TIFFReadDirectory: Sum of Photometric type-related color channels and ExtraSamples doesn't match SamplesPerPixel. Defining non-color channels as ExtraSamples.
[ WARN:0@141.910] global grfmt_tiff.cpp:122 TIFF_Warning TIFFReadDirectory: Sum of Photometric type-related color channels and ExtraSamples doesn't match SamplesPerPixel. Defining non-color channels as ExtraSamples.
[ WARN:0@141.910] global grfmt_tiff.cpp:122 TIFF_Warning TIFFReadDirectory: Sum of Photometric type-related color channels and ExtraSamples doesn't match SamplesPerPixel. Defining non-color channels as ExtraSamples.
[ WARN:0@141.911] global grfmt_tiff.cpp:122 TIFF_Warning TIFFReadDirectory: Sum of Photometric type-related color channels and ExtraSamples doesn't match SamplesPerPixel. Defining non-color channels as ExtraSamples.
[ WARN:0@141.912] global grfmt_tiff.cpp:122 TIFF_Warning TIFFReadDirectory: Sum of Photometric type-related color channels and ExtraSamples doesn't match SamplesPerPixel. Defining non-color channels as ExtraSamples.
[ WARN:0@141.912] global grfmt_tiff.cpp:122 TIFF_Warning TIFFReadDirectory: Sum of Photometric type-related color channels and ExtraSamples doesn't match SamplesPerPixel. Defining non-color channels as ExtraSamples.
[ WARN:0@141.913] global grfmt_tiff.cpp:122 TIFF_Warning TIFFReadDirectory: Sum of Photometric type-related color channels and ExtraSamples doesn't match SamplesPerPixel. Defining non-color channels as ExtraSamples.
[ WARN:0@141.914] global grfmt_tiff.cpp:122 TIFF_Warning TIFFReadDirectory: Sum of Photometric type-related color channels and ExtraSamples doesn't match SamplesPerPixel. Defining non-color channels as ExtraSamples.
[ WARN:0@141.914] global grfmt_tiff.cpp:122 TIFF_Warning TIFFReadDirectory: Sum of Photometric type-related color channels and ExtraSamples doesn't match SamplesPerPixel. Defining non-color channels as ExtraSamples.
[ WARN:0@141.915] global grfmt_tiff.cpp:122 TIFF_Warning TIFFReadDirectory: Sum of Photometric type-related color channels and ExtraSamples doesn't match SamplesPerPixel. Defining non-color channels as ExtraSamples.
[ WARN:0@141.916] global grfmt_tiff.cpp:122 TIFF_Warning TIFFReadDirectory: Sum of Photometric type-related color channels and ExtraSamples doesn't match SamplesPerPixel. Defining non-color channels as ExtraSamples.
[ WARN:0@141.916] global grfmt_tiff.cpp:122 TIFF_Warning TIFFReadDirectory: Sum of Photometric type-related color channels and ExtraSamples doesn't match SamplesPerPixel. Defining non-color channels as ExtraSamples.
[ WARN:0@141.917] global grfmt_tiff.cpp:122 TIFF_Warning TIFFReadDirectory: Sum of Photometric type-related color channels and ExtraSamples doesn't match SamplesPerPixel. Defining non-color channels as ExtraSamples.
[ WARN:0@141.918] global grfmt_tiff.cpp:122 TIFF_Warning TIFFReadDirectory: Sum of Photometric type-related color channels and ExtraSamples doesn't match SamplesPerPixel. Defining non-color channels as ExtraSamples.
[ WARN:0@141.918] global grfmt_tiff.cpp:122 TIFF_Warning TIFFReadDirectory: Sum of Photometric type-related color channels and ExtraSamples doesn't match SamplesPerPixel. Defining non-color channels as ExtraSamples.
[ WARN:0@141.919] global grfmt_tiff.cpp:122 TIFF_Warning TIFFReadDirectory: Sum of Photometric type-related color channels and ExtraSamples doesn't match SamplesPerPixel. Defining non-color channels as ExtraSamples.
[ WARN:0@141.920] global grfmt_tiff.cpp:122 TIFF_Warning TIFFReadDirectory: Sum of Photometric type-related color channels and ExtraSamples doesn't match SamplesPerPixel. Defining non-color channels as ExtraSamples.
[ WARN:0@141.920] global grfmt_tiff.cpp:122 TIFF_Warning TIFFReadDirectory: Sum of Photometric type-related color channels and ExtraSamples doesn't match SamplesPerPixel. Defining non-color channels as ExtraSamples.
[ WARN:0@141.921] global grfmt_tiff.cpp:122 TIFF_Warning TIFFReadDirectory: Sum of Photometric type-related color channels and ExtraSamples doesn't match SamplesPerPixel. Defining non-color channels as ExtraSamples.
[ WARN:0@141.922] global grfmt_tiff.cpp:122 TIFF_Warning TIFFReadDirectory: Sum of Photometric type-related color channels and ExtraSamples doesn't match SamplesPerPixel. Defining non-color channels as ExtraSamples.
[ WARN:0@141.922] global grfmt_tiff.cpp:122 TIFF_Warning TIFFReadDirectory: Sum of Photometric type-related color channels and ExtraSamples doesn't match SamplesPerPixel. Defining non-color channels as ExtraSamples.
[ WARN:0@141.923] global grfmt_tiff.cpp:122 TIFF_Warning TIFFReadDirectory: Sum of Photometric type-related color channels and ExtraSamples doesn't match SamplesPerPixel. Defining non-color channels as ExtraSamples.
[ WARN:0@141.924] global grfmt_tiff.cpp:122 TIFF_Warning TIFFReadDirectory: Sum of Photometric type-related color channels and ExtraSamples doesn't match SamplesPerPixel. Defining non-color channels as ExtraSamples.
[ WARN:0@141.924] global grfmt_tiff.cpp:122 TIFF_Warning TIFFReadDirectory: Sum of Photometric type-related color channels and ExtraSamples doesn't match SamplesPerPixel. Defining non-color channels as ExtraSamples.
[ WARN:0@141.925] global grfmt_tiff.cpp:122 TIFF_Warning TIFFReadDirectory: Sum of Photometric type-related color channels and ExtraSamples doesn't match SamplesPerPixel. Defining non-color channels as ExtraSamples.
[ WARN:0@141.926] global grfmt_tiff.cpp:122 TIFF_Warning TIFFReadDirectory: Sum of Photometric type-related color channels and ExtraSamples doesn't match SamplesPerPixel. Defining non-color channels as ExtraSamples.
[ WARN:0@141.926] global grfmt_tiff.cpp:122 TIFF_Warning TIFFReadDirectory: Sum of Photometric type-related color channels and ExtraSamples doesn't match SamplesPerPixel. Defining non-color channels as ExtraSamples.
[ WARN:0@141.927] global grfmt_tiff.cpp:122 TIFF_Warning TIFFReadDirectory: Sum of Photometric type-related color channels and ExtraSamples doesn't match SamplesPerPixel. Defining non-color channels as ExtraSamples.
[ WARN:0@141.928] global grfmt_tiff.cpp:122 TIFF_Warning TIFFReadDirectory: Sum of Photometric type-related color channels and ExtraSamples doesn't match SamplesPerPixel. Defining non-color channels as ExtraSamples.
[ WARN:0@141.928] global grfmt_tiff.cpp:122 TIFF_Warning TIFFReadDirectory: Sum of Photometric type-related color channels and ExtraSamples doesn't match SamplesPerPixel. Defining non-color channels as ExtraSamples.
[ WARN:0@141.929] global grfmt_tiff.cpp:122 TIFF_Warning TIFFReadDirectory: Sum of Photometric type-related color channels and ExtraSamples doesn't match SamplesPerPixel. Defining non-color channels as ExtraSamples.
[ WARN:0@141.930] global grfmt_tiff.cpp:122 TIFF_Warning TIFFReadDirectory: Sum of Photometric type-related color channels and ExtraSamples doesn't match SamplesPerPixel. Defining non-color channels as ExtraSamples.
[ WARN:0@141.930] global grfmt_tiff.cpp:122 TIFF_Warning TIFFReadDirectory: Sum of Photometric type-related color channels and ExtraSamples doesn't match SamplesPerPixel. Defining non-color channels as ExtraSamples.
[ WARN:0@141.931] global grfmt_tiff.cpp:122 TIFF_Warning TIFFReadDirectory: Sum of Photometric type-related color channels and ExtraSamples doesn't match SamplesPerPixel. Defining non-color channels as ExtraSamples.
[ WARN:0@141.932] global grfmt_tiff.cpp:122 TIFF_Warning TIFFReadDirectory: Sum of Photometric type-related color channels and ExtraSamples doesn't match SamplesPerPixel. Defining non-color channels as ExtraSamples.
[ WARN:0@141.932] global grfmt_tiff.cpp:122 TIFF_Warning TIFFReadDirectory: Sum of Photometric type-related color channels and ExtraSamples doesn't match SamplesPerPixel. Defining non-color channels as ExtraSamples.
[ WARN:0@141.933] global grfmt_tiff.cpp:122 TIFF_Warning TIFFReadDirectory: Sum of Photometric type-related color channels and ExtraSamples doesn't match SamplesPerPixel. Defining non-color channels as ExtraSamples.
[ WARN:0@141.933] global grfmt_tiff.cpp:122 TIFF_Warning TIFFReadDirectory: Sum of Photometric type-related color channels and ExtraSamples doesn't match SamplesPerPixel. Defining non-color channels as ExtraSamples.
[ WARN:0@141.934] global grfmt_tiff.cpp:122 TIFF_Warning TIFFReadDirectory: Sum of Photometric type-related color channels and ExtraSamples doesn't match SamplesPerPixel. Defining non-color channels as ExtraSamples.
[ WARN:0@141.935] global grfmt_tiff.cpp:122 TIFF_Warning TIFFReadDirectory: Sum of Photometric type-related color channels and ExtraSamples doesn't match SamplesPerPixel. Defining non-color channels as ExtraSamples.
[ WARN:0@141.935] global grfmt_tiff.cpp:122 TIFF_Warning TIFFReadDirectory: Sum of Photometric type-related color channels and ExtraSamples doesn't match SamplesPerPixel. Defining non-color channels as ExtraSamples.
[ WARN:0@141.936] global grfmt_tiff.cpp:122 TIFF_Warning TIFFReadDirectory: Sum of Photometric type-related color channels and ExtraSamples doesn't match SamplesPerPixel. Defining non-color channels as ExtraSamples.
[ WARN:0@141.937] global grfmt_tiff.cpp:122 TIFF_Warning TIFFReadDirectory: Sum of Photometric type-related color channels and ExtraSamples doesn't match SamplesPerPixel. Defining non-color channels as ExtraSamples.
[ WARN:0@141.937] global grfmt_tiff.cpp:122 TIFF_Warning TIFFReadDirectory: Sum of Photometric type-related color channels and ExtraSamples doesn't match SamplesPerPixel. Defining non-color channels as ExtraSamples.
[ WARN:0@141.938] global grfmt_tiff.cpp:122 TIFF_Warning TIFFReadDirectory: Sum of Photometric type-related color channels and ExtraSamples doesn't match SamplesPerPixel. Defining non-color channels as ExtraSamples.
[ WARN:0@141.939] global grfmt_tiff.cpp:122 TIFF_Warning TIFFReadDirectory: Sum of Photometric type-related color channels and ExtraSamples doesn't match SamplesPerPixel. Defining non-color channels as ExtraSamples.
[ WARN:0@141.939] global grfmt_tiff.cpp:122 TIFF_Warning TIFFReadDirectory: Sum of Photometric type-related color channels and ExtraSamples doesn't match SamplesPerPixel. Defining non-color channels as ExtraSamples.
[ WARN:0@141.940] global grfmt_tiff.cpp:122 TIFF_Warning TIFFReadDirectory: Sum of Photometric type-related color channels and ExtraSamples doesn't match SamplesPerPixel. Defining non-color channels as ExtraSamples.
[ WARN:0@141.941] global grfmt_tiff.cpp:122 TIFF_Warning TIFFReadDirectory: Sum of Photometric type-related color channels and ExtraSamples doesn't match SamplesPerPixel. Defining non-color channels as ExtraSamples.
[ WARN:0@141.941] global grfmt_tiff.cpp:122 TIFF_Warning TIFFReadDirectory: Sum of Photometric type-related color channels and ExtraSamples doesn't match SamplesPerPixel. Defining non-color channels as ExtraSamples.
[ WARN:0@141.942] global grfmt_tiff.cpp:122 TIFF_Warning TIFFReadDirectory: Sum of Photometric type-related color channels and ExtraSamples doesn't match SamplesPerPixel. Defining non-color channels as ExtraSamples.
[ WARN:0@141.943] global grfmt_tiff.cpp:122 TIFF_Warning TIFFReadDirectory: Sum of Photometric type-related color channels and ExtraSamples doesn't match SamplesPerPixel. Defining non-color channels as ExtraSamples.
[ WARN:0@141.943] global grfmt_tiff.cpp:122 TIFF_Warning TIFFReadDirectory: Sum of Photometric type-related color channels and ExtraSamples doesn't match SamplesPerPixel. Defining non-color channels as ExtraSamples.
[ WARN:0@141.944] global grfmt_tiff.cpp:122 TIFF_Warning TIFFReadDirectory: Sum of Photometric type-related color channels and ExtraSamples doesn't match SamplesPerPixel. Defining non-color channels as ExtraSamples.
[ WARN:0@141.945] global grfmt_tiff.cpp:122 TIFF_Warning TIFFReadDirectory: Sum of Photometric type-related color channels and ExtraSamples doesn't match SamplesPerPixel. Defining non-color channels as ExtraSamples.
[ WARN:0@141.945] global grfmt_tiff.cpp:122 TIFF_Warning TIFFReadDirectory: Sum of Photometric type-related color channels and ExtraSamples doesn't match SamplesPerPixel. Defining non-color channels as ExtraSamples.
[ WARN:0@141.946] global grfmt_tiff.cpp:122 TIFF_Warning TIFFReadDirectory: Sum of Photometric type-related color channels and ExtraSamples doesn't match SamplesPerPixel. Defining non-color channels as ExtraSamples.
[ WARN:0@141.947] global grfmt_tiff.cpp:122 TIFF_Warning TIFFReadDirectory: Sum of Photometric type-related color channels and ExtraSamples doesn't match SamplesPerPixel. Defining non-color channels as ExtraSamples.
[ WARN:0@141.947] global grfmt_tiff.cpp:122 TIFF_Warning TIFFReadDirectory: Sum of Photometric type-related color channels and ExtraSamples doesn't match SamplesPerPixel. Defining non-color channels as ExtraSamples.
[ WARN:0@141.948] global grfmt_tiff.cpp:122 TIFF_Warning TIFFReadDirectory: Sum of Photometric type-related color channels and ExtraSamples doesn't match SamplesPerPixel. Defining non-color channels as ExtraSamples.
[ WARN:0@141.949] global grfmt_tiff.cpp:122 TIFF_Warning TIFFReadDirectory: Sum of Photometric type-related color channels and ExtraSamples doesn't match SamplesPerPixel. Defining non-color channels as ExtraSamples.
[ WARN:0@141.949] global grfmt_tiff.cpp:122 TIFF_Warning TIFFReadDirectory: Sum of Photometric type-related color channels and ExtraSamples doesn't match SamplesPerPixel. Defining non-color channels as ExtraSamples.
[ WARN:0@141.950] global grfmt_tiff.cpp:122 TIFF_Warning TIFFReadDirectory: Sum of Photometric type-related color channels and ExtraSamples doesn't match SamplesPerPixel. Defining non-color channels as ExtraSamples.
[ WARN:0@141.951] global grfmt_tiff.cpp:122 TIFF_Warning TIFFReadDirectory: Sum of Photometric type-related color channels and ExtraSamples doesn't match SamplesPerPixel. Defining non-color channels as ExtraSamples.
[ WARN:0@141.951] global grfmt_tiff.cpp:122 TIFF_Warning TIFFReadDirectory: Sum of Photometric type-related color channels and ExtraSamples doesn't match SamplesPerPixel. Defining non-color channels as ExtraSamples.
[ WARN:0@141.952] global grfmt_tiff.cpp:122 TIFF_Warning TIFFReadDirectory: Sum of Photometric type-related color channels and ExtraSamples doesn't match SamplesPerPixel. Defining non-color channels as ExtraSamples.
[ WARN:0@141.953] global grfmt_tiff.cpp:122 TIFF_Warning TIFFReadDirectory: Sum of Photometric type-related color channels and ExtraSamples doesn't match SamplesPerPixel. Defining non-color channels as ExtraSamples.
[ WARN:0@141.953] global grfmt_tiff.cpp:122 TIFF_Warning TIFFReadDirectory: Sum of Photometric type-related color channels and ExtraSamples doesn't match SamplesPerPixel. Defining non-color channels as ExtraSamples.
[ WARN:0@141.954] global grfmt_tiff.cpp:122 TIFF_Warning TIFFReadDirectory: Sum of Photometric type-related color channels and ExtraSamples doesn't match SamplesPerPixel. Defining non-color channels as ExtraSamples.
[ WARN:0@141.955] global grfmt_tiff.cpp:122 TIFF_Warning TIFFReadDirectory: Sum of Photometric type-related color channels and ExtraSamples doesn't match SamplesPerPixel. Defining non-color channels as ExtraSamples.
[ WARN:0@141.955] global grfmt_tiff.cpp:122 TIFF_Warning TIFFReadDirectory: Sum of Photometric type-related color channels and ExtraSamples doesn't match SamplesPerPixel. Defining non-color channels as ExtraSamples.
[ WARN:0@141.956] global grfmt_tiff.cpp:122 TIFF_Warning TIFFReadDirectory: Sum of Photometric type-related color channels and ExtraSamples doesn't match SamplesPerPixel. Defining non-color channels as ExtraSamples.
[ WARN:0@141.957] global grfmt_tiff.cpp:122 TIFF_Warning TIFFReadDirectory: Sum of Photometric type-related color channels and ExtraSamples doesn't match SamplesPerPixel. Defining non-color channels as ExtraSamples.
[ WARN:0@141.957] global grfmt_tiff.cpp:122 TIFF_Warning TIFFReadDirectory: Sum of Photometric type-related color channels and ExtraSamples doesn't match SamplesPerPixel. Defining non-color channels as ExtraSamples.
[ WARN:0@141.958] global grfmt_tiff.cpp:122 TIFF_Warning TIFFReadDirectory: Sum of Photometric type-related color channels and ExtraSamples doesn't match SamplesPerPixel. Defining non-color channels as ExtraSamples.
[ WARN:0@141.959] global grfmt_tiff.cpp:122 TIFF_Warning TIFFReadDirectory: Sum of Photometric type-related color channels and ExtraSamples doesn't match SamplesPerPixel. Defining non-color channels as ExtraSamples.
[ WARN:0@141.959] global grfmt_tiff.cpp:122 TIFF_Warning TIFFReadDirectory: Sum of Photometric type-related color channels and ExtraSamples doesn't match SamplesPerPixel. Defining non-color channels as ExtraSamples.
[ WARN:0@141.960] global grfmt_tiff.cpp:122 TIFF_Warning TIFFReadDirectory: Sum of Photometric type-related color channels and ExtraSamples doesn't match SamplesPerPixel. Defining non-color channels as ExtraSamples.
[ WARN:0@141.960] global grfmt_tiff.cpp:122 TIFF_Warning TIFFReadDirectory: Sum of Photometric type-related color channels and ExtraSamples doesn't match SamplesPerPixel. Defining non-color channels as ExtraSamples.
[ WARN:0@141.961] global grfmt_tiff.cpp:122 TIFF_Warning TIFFReadDirectory: Sum of Photometric type-related color channels and ExtraSamples doesn't match SamplesPerPixel. Defining non-color channels as ExtraSamples.
[ WARN:0@141.962] global grfmt_tiff.cpp:122 TIFF_Warning TIFFReadDirectory: Sum of Photometric type-related color channels and ExtraSamples doesn't match SamplesPerPixel. Defining non-color channels as ExtraSamples.
[ WARN:0@141.962] global grfmt_tiff.cpp:122 TIFF_Warning TIFFReadDirectory: Sum of Photometric type-related color channels and ExtraSamples doesn't match SamplesPerPixel. Defining non-color channels as ExtraSamples.
[ WARN:0@141.963] global grfmt_tiff.cpp:122 TIFF_Warning TIFFReadDirectory: Sum of Photometric type-related color channels and ExtraSamples doesn't match SamplesPerPixel. Defining non-color channels as ExtraSamples.
[ WARN:0@141.964] global grfmt_tiff.cpp:122 TIFF_Warning TIFFReadDirectory: Sum of Photometric type-related color channels and ExtraSamples doesn't match SamplesPerPixel. Defining non-color channels as ExtraSamples.
[ WARN:0@141.964] global grfmt_tiff.cpp:122 TIFF_Warning TIFFReadDirectory: Sum of Photometric type-related color channels and ExtraSamples doesn't match SamplesPerPixel. Defining non-color channels as ExtraSamples.
[ WARN:0@141.965] global grfmt_tiff.cpp:122 TIFF_Warning TIFFReadDirectory: Sum of Photometric type-related color channels and ExtraSamples doesn't match SamplesPerPixel. Defining non-color channels as ExtraSamples.
[ WARN:0@141.966] global grfmt_tiff.cpp:122 TIFF_Warning TIFFReadDirectory: Sum of Photometric type-related color channels and ExtraSamples doesn't match SamplesPerPixel. Defining non-color channels as ExtraSamples.
[ WARN:0@141.966] global grfmt_tiff.cpp:122 TIFF_Warning TIFFReadDirectory: Sum of Photometric type-related color channels and ExtraSamples doesn't match SamplesPerPixel. Defining non-color channels as ExtraSamples.
[ WARN:0@141.967] global grfmt_tiff.cpp:122 TIFF_Warning TIFFReadDirectory: Sum of Photometric type-related color channels and ExtraSamples doesn't match SamplesPerPixel. Defining non-color channels as ExtraSamples.
[ WARN:0@141.968] global grfmt_tiff.cpp:122 TIFF_Warning TIFFReadDirectory: Sum of Photometric type-related color channels and ExtraSamples doesn't match SamplesPerPixel. Defining non-color channels as ExtraSamples.
[ WARN:0@141.968] global grfmt_tiff.cpp:122 TIFF_Warning TIFFReadDirectory: Sum of Photometric type-related color channels and ExtraSamples doesn't match SamplesPerPixel. Defining non-color channels as ExtraSamples.
[ WARN:0@141.969] global grfmt_tiff.cpp:122 TIFF_Warning TIFFReadDirectory: Sum of Photometric type-related color channels and ExtraSamples doesn't match SamplesPerPixel. Defining non-color channels as ExtraSamples.
[ WARN:0@141.970] global grfmt_tiff.cpp:122 TIFF_Warning TIFFReadDirectory: Sum of Photometric type-related color channels and ExtraSamples doesn't match SamplesPerPixel. Defining non-color channels as ExtraSamples.
[ WARN:0@141.970] global grfmt_tiff.cpp:122 TIFF_Warning TIFFReadDirectory: Sum of Photometric type-related color channels and ExtraSamples doesn't match SamplesPerPixel. Defining non-color channels as ExtraSamples.
[ WARN:0@141.971] global grfmt_tiff.cpp:122 TIFF_Warning TIFFReadDirectory: Sum of Photometric type-related color channels and ExtraSamples doesn't match SamplesPerPixel. Defining non-color channels as ExtraSamples.
[ WARN:0@141.972] global grfmt_tiff.cpp:122 TIFF_Warning TIFFReadDirectory: Sum of Photometric type-related color channels and ExtraSamples doesn't match SamplesPerPixel. Defining non-color channels as ExtraSamples.
[ WARN:0@141.972] global grfmt_tiff.cpp:122 TIFF_Warning TIFFReadDirectory: Sum of Photometric type-related color channels and ExtraSamples doesn't match SamplesPerPixel. Defining non-color channels as ExtraSamples.
[ WARN:0@141.973] global grfmt_tiff.cpp:122 TIFF_Warning TIFFReadDirectory: Sum of Photometric type-related color channels and ExtraSamples doesn't match SamplesPerPixel. Defining non-color channels as ExtraSamples.
[ WARN:0@141.974] global grfmt_tiff.cpp:122 TIFF_Warning TIFFReadDirectory: Sum of Photometric type-related color channels and ExtraSamples doesn't match SamplesPerPixel. Defining non-color channels as ExtraSamples.
[ WARN:0@141.974] global grfmt_tiff.cpp:122 TIFF_Warning TIFFReadDirectory: Sum of Photometric type-related color channels and ExtraSamples doesn't match SamplesPerPixel. Defining non-color channels as ExtraSamples.
[ WARN:0@141.975] global grfmt_tiff.cpp:122 TIFF_Warning TIFFReadDirectory: Sum of Photometric type-related color channels and ExtraSamples doesn't match SamplesPerPixel. Defining non-color channels as ExtraSamples.
[ WARN:0@141.976] global grfmt_tiff.cpp:122 TIFF_Warning TIFFReadDirectory: Sum of Photometric type-related color channels and ExtraSamples doesn't match SamplesPerPixel. Defining non-color channels as ExtraSamples.
[ WARN:0@141.976] global grfmt_tiff.cpp:122 TIFF_Warning TIFFReadDirectory: Sum of Photometric type-related color channels and ExtraSamples doesn't match SamplesPerPixel. Defining non-color channels as ExtraSamples.
[ WARN:0@141.977] global grfmt_tiff.cpp:122 TIFF_Warning TIFFReadDirectory: Sum of Photometric type-related color channels and ExtraSamples doesn't match SamplesPerPixel. Defining non-color channels as ExtraSamples.
[ WARN:0@141.978] global grfmt_tiff.cpp:122 TIFF_Warning TIFFReadDirectory: Sum of Photometric type-related color channels and ExtraSamples doesn't match SamplesPerPixel. Defining non-color channels as ExtraSamples.
[ WARN:0@141.978] global grfmt_tiff.cpp:122 TIFF_Warning TIFFReadDirectory: Sum of Photometric type-related color channels and ExtraSamples doesn't match SamplesPerPixel. Defining non-color channels as ExtraSamples.
[ WARN:0@141.979] global grfmt_tiff.cpp:122 TIFF_Warning TIFFReadDirectory: Sum of Photometric type-related color channels and ExtraSamples doesn't match SamplesPerPixel. Defining non-color channels as ExtraSamples.
[ WARN:0@141.980] global grfmt_tiff.cpp:122 TIFF_Warning TIFFReadDirectory: Sum of Photometric type-related color channels and ExtraSamples doesn't match SamplesPerPixel. Defining non-color channels as ExtraSamples.
[ WARN:0@141.980] global grfmt_tiff.cpp:122 TIFF_Warning TIFFReadDirectory: Sum of Photometric type-related color channels and ExtraSamples doesn't match SamplesPerPixel. Defining non-color channels as ExtraSamples.
[ WARN:0@141.981] global grfmt_tiff.cpp:122 TIFF_Warning TIFFReadDirectory: Sum of Photometric type-related color channels and ExtraSamples doesn't match SamplesPerPixel. Defining non-color channels as ExtraSamples.
[ WARN:0@141.982] global grfmt_tiff.cpp:122 TIFF_Warning TIFFReadDirectory: Sum of Photometric type-related color channels and ExtraSamples doesn't match SamplesPerPixel. Defining non-color channels as ExtraSamples.
[ WARN:0@141.982] global grfmt_tiff.cpp:122 TIFF_Warning TIFFReadDirectory: Sum of Photometric type-related color channels and ExtraSamples doesn't match SamplesPerPixel. Defining non-color channels as ExtraSamples.
[ WARN:0@141.983] global grfmt_tiff.cpp:122 TIFF_Warning TIFFReadDirectory: Sum of Photometric type-related color channels and ExtraSamples doesn't match SamplesPerPixel. Defining non-color channels as ExtraSamples.
[ WARN:0@141.983] global grfmt_tiff.cpp:122 TIFF_Warning TIFFReadDirectory: Sum of Photometric type-related color channels and ExtraSamples doesn't match SamplesPerPixel. Defining non-color channels as ExtraSamples.
[ WARN:0@141.984] global grfmt_tiff.cpp:122 TIFF_Warning TIFFReadDirectory: Sum of Photometric type-related color channels and ExtraSamples doesn't match SamplesPerPixel. Defining non-color channels as ExtraSamples.
[ WARN:0@141.985] global grfmt_tiff.cpp:122 TIFF_Warning TIFFReadDirectory: Sum of Photometric type-related color channels and ExtraSamples doesn't match SamplesPerPixel. Defining non-color channels as ExtraSamples.
[ WARN:0@141.985] global grfmt_tiff.cpp:122 TIFF_Warning TIFFReadDirectory: Sum of Photometric type-related color channels and ExtraSamples doesn't match SamplesPerPixel. Defining non-color channels as ExtraSamples.
[ WARN:0@141.986] global grfmt_tiff.cpp:122 TIFF_Warning TIFFReadDirectory: Sum of Photometric type-related color channels and ExtraSamples doesn't match SamplesPerPixel. Defining non-color channels as ExtraSamples.
[ WARN:0@141.987] global grfmt_tiff.cpp:122 TIFF_Warning TIFFReadDirectory: Sum of Photometric type-related color channels and ExtraSamples doesn't match SamplesPerPixel. Defining non-color channels as ExtraSamples.
[ WARN:0@141.987] global grfmt_tiff.cpp:122 TIFF_Warning TIFFReadDirectory: Sum of Photometric type-related color channels and ExtraSamples doesn't match SamplesPerPixel. Defining non-color channels as ExtraSamples.
[ WARN:0@141.988] global grfmt_tiff.cpp:122 TIFF_Warning TIFFReadDirectory: Sum of Photometric type-related color channels and ExtraSamples doesn't match SamplesPerPixel. Defining non-color channels as ExtraSamples.
[ WARN:0@141.989] global grfmt_tiff.cpp:122 TIFF_Warning TIFFReadDirectory: Sum of Photometric type-related color channels and ExtraSamples doesn't match SamplesPerPixel. Defining non-color channels as ExtraSamples.
[ WARN:0@141.989] global grfmt_tiff.cpp:122 TIFF_Warning TIFFReadDirectory: Sum of Photometric type-related color channels and ExtraSamples doesn't match SamplesPerPixel. Defining non-color channels as ExtraSamples.
[ WARN:0@141.990] global grfmt_tiff.cpp:122 TIFF_Warning TIFFReadDirectory: Sum of Photometric type-related color channels and ExtraSamples doesn't match SamplesPerPixel. Defining non-color channels as ExtraSamples.
[ WARN:0@141.991] global grfmt_tiff.cpp:122 TIFF_Warning TIFFReadDirectory: Sum of Photometric type-related color channels and ExtraSamples doesn't match SamplesPerPixel. Defining non-color channels as ExtraSamples.
[ WARN:0@141.991] global grfmt_tiff.cpp:122 TIFF_Warning TIFFReadDirectory: Sum of Photometric type-related color channels and ExtraSamples doesn't match SamplesPerPixel. Defining non-color channels as ExtraSamples.
[ WARN:0@141.992] global grfmt_tiff.cpp:122 TIFF_Warning TIFFReadDirectory: Sum of Photometric type-related color channels and ExtraSamples doesn't match SamplesPerPixel. Defining non-color channels as ExtraSamples.
[ WARN:0@141.993] global grfmt_tiff.cpp:122 TIFF_Warning TIFFReadDirectory: Sum of Photometric type-related color channels and ExtraSamples doesn't match SamplesPerPixel. Defining non-color channels as ExtraSamples.
[ WARN:0@141.993] global grfmt_tiff.cpp:122 TIFF_Warning TIFFReadDirectory: Sum of Photometric type-related color channels and ExtraSamples doesn't match SamplesPerPixel. Defining non-color channels as ExtraSamples.
[ WARN:0@141.994] global grfmt_tiff.cpp:122 TIFF_Warning TIFFReadDirectory: Sum of Photometric type-related color channels and ExtraSamples doesn't match SamplesPerPixel. Defining non-color channels as ExtraSamples.
[ WARN:0@141.995] global grfmt_tiff.cpp:122 TIFF_Warning TIFFReadDirectory: Sum of Photometric type-related color channels and ExtraSamples doesn't match SamplesPerPixel. Defining non-color channels as ExtraSamples.
[ WARN:0@141.995] global grfmt_tiff.cpp:122 TIFF_Warning TIFFReadDirectory: Sum of Photometric type-related color channels and ExtraSamples doesn't match SamplesPerPixel. Defining non-color channels as ExtraSamples.
[ WARN:0@141.996] global grfmt_tiff.cpp:122 TIFF_Warning TIFFReadDirectory: Sum of Photometric type-related color channels and ExtraSamples doesn't match SamplesPerPixel. Defining non-color channels as ExtraSamples.
[ WARN:0@141.997] global grfmt_tiff.cpp:122 TIFF_Warning TIFFReadDirectory: Sum of Photometric type-related color channels and ExtraSamples doesn't match SamplesPerPixel. Defining non-color channels as ExtraSamples.
[ WARN:0@141.997] global grfmt_tiff.cpp:122 TIFF_Warning TIFFReadDirectory: Sum of Photometric type-related color channels and ExtraSamples doesn't match SamplesPerPixel. Defining non-color channels as ExtraSamples.
[ WARN:0@141.998] global grfmt_tiff.cpp:122 TIFF_Warning TIFFReadDirectory: Sum of Photometric type-related color channels and ExtraSamples doesn't match SamplesPerPixel. Defining non-color channels as ExtraSamples.
[ WARN:0@141.999] global grfmt_tiff.cpp:122 TIFF_Warning TIFFReadDirectory: Sum of Photometric type-related color channels and ExtraSamples doesn't match SamplesPerPixel. Defining non-color channels as ExtraSamples.
[ WARN:0@141.999] global grfmt_tiff.cpp:122 TIFF_Warning TIFFReadDirectory: Sum of Photometric type-related color channels and ExtraSamples doesn't match SamplesPerPixel. Defining non-color channels as ExtraSamples.
[ WARN:0@142.000] global grfmt_tiff.cpp:122 TIFF_Warning TIFFReadDirectory: Sum of Photometric type-related color channels and ExtraSamples doesn't match SamplesPerPixel. Defining non-color channels as ExtraSamples.
[ WARN:0@142.001] global grfmt_tiff.cpp:122 TIFF_Warning TIFFReadDirectory: Sum of Photometric type-related color channels and ExtraSamples doesn't match SamplesPerPixel. Defining non-color channels as ExtraSamples.
[ WARN:0@142.002] global grfmt_tiff.cpp:122 TIFF_Warning TIFFReadDirectory: Sum of Photometric type-related color channels and ExtraSamples doesn't match SamplesPerPixel. Defining non-color channels as ExtraSamples.
[ WARN:0@142.002] global grfmt_tiff.cpp:122 TIFF_Warning TIFFReadDirectory: Sum of Photometric type-related color channels and ExtraSamples doesn't match SamplesPerPixel. Defining non-color channels as ExtraSamples.
[ WARN:0@142.003] global grfmt_tiff.cpp:122 TIFF_Warning TIFFReadDirectory: Sum of Photometric type-related color channels and ExtraSamples doesn't match SamplesPerPixel. Defining non-color channels as ExtraSamples.
[ WARN:0@142.004] global grfmt_tiff.cpp:122 TIFF_Warning TIFFReadDirectory: Sum of Photometric type-related color channels and ExtraSamples doesn't match SamplesPerPixel. Defining non-color channels as ExtraSamples.
[ WARN:0@142.004] global grfmt_tiff.cpp:122 TIFF_Warning TIFFReadDirectory: Sum of Photometric type-related color channels and ExtraSamples doesn't match SamplesPerPixel. Defining non-color channels as ExtraSamples.
[ WARN:0@142.005] global grfmt_tiff.cpp:122 TIFF_Warning TIFFReadDirectory: Sum of Photometric type-related color channels and ExtraSamples doesn't match SamplesPerPixel. Defining non-color channels as ExtraSamples.
[ WARN:0@142.006] global grfmt_tiff.cpp:122 TIFF_Warning TIFFReadDirectory: Sum of Photometric type-related color channels and ExtraSamples doesn't match SamplesPerPixel. Defining non-color channels as ExtraSamples.
[ WARN:0@142.006] global grfmt_tiff.cpp:122 TIFF_Warning TIFFReadDirectory: Sum of Photometric type-related color channels and ExtraSamples doesn't match SamplesPerPixel. Defining non-color channels as ExtraSamples.
[ WARN:0@142.007] global grfmt_tiff.cpp:122 TIFF_Warning TIFFReadDirectory: Sum of Photometric type-related color channels and ExtraSamples doesn't match SamplesPerPixel. Defining non-color channels as ExtraSamples.
[ WARN:0@142.008] global grfmt_tiff.cpp:122 TIFF_Warning TIFFReadDirectory: Sum of Photometric type-related color channels and ExtraSamples doesn't match SamplesPerPixel. Defining non-color channels as ExtraSamples.
[ WARN:0@142.008] global grfmt_tiff.cpp:122 TIFF_Warning TIFFReadDirectory: Sum of Photometric type-related color channels and ExtraSamples doesn't match SamplesPerPixel. Defining non-color channels as ExtraSamples.
[ WARN:0@142.009] global grfmt_tiff.cpp:122 TIFF_Warning TIFFReadDirectory: Sum of Photometric type-related color channels and ExtraSamples doesn't match SamplesPerPixel. Defining non-color channels as ExtraSamples.
[ WARN:0@142.010] global grfmt_tiff.cpp:122 TIFF_Warning TIFFReadDirectory: Sum of Photometric type-related color channels and ExtraSamples doesn't match SamplesPerPixel. Defining non-color channels as ExtraSamples.
[ WARN:0@142.010] global grfmt_tiff.cpp:122 TIFF_Warning TIFFReadDirectory: Sum of Photometric type-related color channels and ExtraSamples doesn't match SamplesPerPixel. Defining non-color channels as ExtraSamples.
[ WARN:0@142.011] global grfmt_tiff.cpp:122 TIFF_Warning TIFFReadDirectory: Sum of Photometric type-related color channels and ExtraSamples doesn't match SamplesPerPixel. Defining non-color channels as ExtraSamples.
[ WARN:0@142.011] global grfmt_tiff.cpp:122 TIFF_Warning TIFFReadDirectory: Sum of Photometric type-related color channels and ExtraSamples doesn't match SamplesPerPixel. Defining non-color channels as ExtraSamples.
[ WARN:0@142.012] global grfmt_tiff.cpp:122 TIFF_Warning TIFFReadDirectory: Sum of Photometric type-related color channels and ExtraSamples doesn't match SamplesPerPixel. Defining non-color channels as ExtraSamples.
[ WARN:0@142.013] global grfmt_tiff.cpp:122 TIFF_Warning TIFFReadDirectory: Sum of Photometric type-related color channels and ExtraSamples doesn't match SamplesPerPixel. Defining non-color channels as ExtraSamples.
[ WARN:0@142.013] global grfmt_tiff.cpp:122 TIFF_Warning TIFFReadDirectory: Sum of Photometric type-related color channels and ExtraSamples doesn't match SamplesPerPixel. Defining non-color channels as ExtraSamples.
[ WARN:0@142.014] global grfmt_tiff.cpp:122 TIFF_Warning TIFFReadDirectory: Sum of Photometric type-related color channels and ExtraSamples doesn't match SamplesPerPixel. Defining non-color channels as ExtraSamples.
[ WARN:0@142.015] global grfmt_tiff.cpp:122 TIFF_Warning TIFFReadDirectory: Sum of Photometric type-related color channels and ExtraSamples doesn't match SamplesPerPixel. Defining non-color channels as ExtraSamples.
[ WARN:0@142.015] global grfmt_tiff.cpp:122 TIFF_Warning TIFFReadDirectory: Sum of Photometric type-related color channels and ExtraSamples doesn't match SamplesPerPixel. Defining non-color channels as ExtraSamples.
[ WARN:0@142.016] global grfmt_tiff.cpp:122 TIFF_Warning TIFFReadDirectory: Sum of Photometric type-related color channels and ExtraSamples doesn't match SamplesPerPixel. Defining non-color channels as ExtraSamples.
[ WARN:0@142.017] global grfmt_tiff.cpp:122 TIFF_Warning TIFFReadDirectory: Sum of Photometric type-related color channels and ExtraSamples doesn't match SamplesPerPixel. Defining non-color channels as ExtraSamples.
[ WARN:0@142.017] global grfmt_tiff.cpp:122 TIFF_Warning TIFFReadDirectory: Sum of Photometric type-related color channels and ExtraSamples doesn't match SamplesPerPixel. Defining non-color channels as ExtraSamples.
[ WARN:0@142.018] global grfmt_tiff.cpp:122 TIFF_Warning TIFFReadDirectory: Sum of Photometric type-related color channels and ExtraSamples doesn't match SamplesPerPixel. Defining non-color channels as ExtraSamples.
[ WARN:0@142.019] global grfmt_tiff.cpp:122 TIFF_Warning TIFFReadDirectory: Sum of Photometric type-related color channels and ExtraSamples doesn't match SamplesPerPixel. Defining non-color channels as ExtraSamples.
[ WARN:0@142.019] global grfmt_tiff.cpp:122 TIFF_Warning TIFFReadDirectory: Sum of Photometric type-related color channels and ExtraSamples doesn't match SamplesPerPixel. Defining non-color channels as ExtraSamples.
[ WARN:0@142.020] global grfmt_tiff.cpp:122 TIFF_Warning TIFFReadDirectory: Sum of Photometric type-related color channels and ExtraSamples doesn't match SamplesPerPixel. Defining non-color channels as ExtraSamples.
[ WARN:0@142.021] global grfmt_tiff.cpp:122 TIFF_Warning TIFFReadDirectory: Sum of Photometric type-related color channels and ExtraSamples doesn't match SamplesPerPixel. Defining non-color channels as ExtraSamples.
[ WARN:0@142.021] global grfmt_tiff.cpp:122 TIFF_Warning TIFFReadDirectory: Sum of Photometric type-related color channels and ExtraSamples doesn't match SamplesPerPixel. Defining non-color channels as ExtraSamples.
[ WARN:0@142.022] global grfmt_tiff.cpp:122 TIFF_Warning TIFFReadDirectory: Sum of Photometric type-related color channels and ExtraSamples doesn't match SamplesPerPixel. Defining non-color channels as ExtraSamples.
[ WARN:0@142.023] global grfmt_tiff.cpp:122 TIFF_Warning TIFFReadDirectory: Sum of Photometric type-related color channels and ExtraSamples doesn't match SamplesPerPixel. Defining non-color channels as ExtraSamples.
[ WARN:0@142.023] global grfmt_tiff.cpp:122 TIFF_Warning TIFFReadDirectory: Sum of Photometric type-related color channels and ExtraSamples doesn't match SamplesPerPixel. Defining non-color channels as ExtraSamples.
[ WARN:0@142.024] global grfmt_tiff.cpp:122 TIFF_Warning TIFFReadDirectory: Sum of Photometric type-related color channels and ExtraSamples doesn't match SamplesPerPixel. Defining non-color channels as ExtraSamples.
[ WARN:0@142.025] global grfmt_tiff.cpp:122 TIFF_Warning TIFFReadDirectory: Sum of Photometric type-related color channels and ExtraSamples doesn't match SamplesPerPixel. Defining non-color channels as ExtraSamples.
[ WARN:0@142.025] global grfmt_tiff.cpp:122 TIFF_Warning TIFFReadDirectory: Sum of Photometric type-related color channels and ExtraSamples doesn't match SamplesPerPixel. Defining non-color channels as ExtraSamples.
[ WARN:0@142.026] global grfmt_tiff.cpp:122 TIFF_Warning TIFFReadDirectory: Sum of Photometric type-related color channels and ExtraSamples doesn't match SamplesPerPixel. Defining non-color channels as ExtraSamples.
[ WARN:0@142.027] global grfmt_tiff.cpp:122 TIFF_Warning TIFFReadDirectory: Sum of Photometric type-related color channels and ExtraSamples doesn't match SamplesPerPixel. Defining non-color channels as ExtraSamples.
[ WARN:0@142.027] global grfmt_tiff.cpp:122 TIFF_Warning TIFFReadDirectory: Sum of Photometric type-related color channels and ExtraSamples doesn't match SamplesPerPixel. Defining non-color channels as ExtraSamples.
[ WARN:0@142.028] global grfmt_tiff.cpp:122 TIFF_Warning TIFFReadDirectory: Sum of Photometric type-related color channels and ExtraSamples doesn't match SamplesPerPixel. Defining non-color channels as ExtraSamples.
[ WARN:0@142.029] global grfmt_tiff.cpp:122 TIFF_Warning TIFFReadDirectory: Sum of Photometric type-related color channels and ExtraSamples doesn't match SamplesPerPixel. Defining non-color channels as ExtraSamples.
[ WARN:0@142.029] global grfmt_tiff.cpp:122 TIFF_Warning TIFFReadDirectory: Sum of Photometric type-related color channels and ExtraSamples doesn't match SamplesPerPixel. Defining non-color channels as ExtraSamples.
[ WARN:0@142.030] global grfmt_tiff.cpp:122 TIFF_Warning TIFFReadDirectory: Sum of Photometric type-related color channels and ExtraSamples doesn't match SamplesPerPixel. Defining non-color channels as ExtraSamples.
[ WARN:0@142.031] global grfmt_tiff.cpp:122 TIFF_Warning TIFFReadDirectory: Sum of Photometric type-related color channels and ExtraSamples doesn't match SamplesPerPixel. Defining non-color channels as ExtraSamples.
[ WARN:0@142.031] global grfmt_tiff.cpp:122 TIFF_Warning TIFFReadDirectory: Sum of Photometric type-related color channels and ExtraSamples doesn't match SamplesPerPixel. Defining non-color channels as ExtraSamples.
[ WARN:0@142.032] global grfmt_tiff.cpp:122 TIFF_Warning TIFFReadDirectory: Sum of Photometric type-related color channels and ExtraSamples doesn't match SamplesPerPixel. Defining non-color channels as ExtraSamples.
[ WARN:0@142.033] global grfmt_tiff.cpp:122 TIFF_Warning TIFFReadDirectory: Sum of Photometric type-related color channels and ExtraSamples doesn't match SamplesPerPixel. Defining non-color channels as ExtraSamples.
[ WARN:0@142.033] global grfmt_tiff.cpp:122 TIFF_Warning TIFFReadDirectory: Sum of Photometric type-related color channels and ExtraSamples doesn't match SamplesPerPixel. Defining non-color channels as ExtraSamples.
[ WARN:0@142.034] global grfmt_tiff.cpp:122 TIFF_Warning TIFFReadDirectory: Sum of Photometric type-related color channels and ExtraSamples doesn't match SamplesPerPixel. Defining non-color channels as ExtraSamples.
[ WARN:0@142.035] global grfmt_tiff.cpp:122 TIFF_Warning TIFFReadDirectory: Sum of Photometric type-related color channels and ExtraSamples doesn't match SamplesPerPixel. Defining non-color channels as ExtraSamples.
[ WARN:0@142.035] global grfmt_tiff.cpp:122 TIFF_Warning TIFFReadDirectory: Sum of Photometric type-related color channels and ExtraSamples doesn't match SamplesPerPixel. Defining non-color channels as ExtraSamples.
[ WARN:0@142.036] global grfmt_tiff.cpp:122 TIFF_Warning TIFFReadDirectory: Sum of Photometric type-related color channels and ExtraSamples doesn't match SamplesPerPixel. Defining non-color channels as ExtraSamples.
[ WARN:0@142.037] global grfmt_tiff.cpp:122 TIFF_Warning TIFFReadDirectory: Sum of Photometric type-related color channels and ExtraSamples doesn't match SamplesPerPixel. Defining non-color channels as ExtraSamples.
[ WARN:0@142.037] global grfmt_tiff.cpp:122 TIFF_Warning TIFFReadDirectory: Sum of Photometric type-related color channels and ExtraSamples doesn't match SamplesPerPixel. Defining non-color channels as ExtraSamples.
[ WARN:0@142.038] global grfmt_tiff.cpp:122 TIFF_Warning TIFFReadDirectory: Sum of Photometric type-related color channels and ExtraSamples doesn't match SamplesPerPixel. Defining non-color channels as ExtraSamples.
[ WARN:0@142.039] global grfmt_tiff.cpp:122 TIFF_Warning TIFFReadDirectory: Sum of Photometric type-related color channels and ExtraSamples doesn't match SamplesPerPixel. Defining non-color channels as ExtraSamples.
[ WARN:0@142.039] global grfmt_tiff.cpp:122 TIFF_Warning TIFFReadDirectory: Sum of Photometric type-related color channels and ExtraSamples doesn't match SamplesPerPixel. Defining non-color channels as ExtraSamples.
[ WARN:0@142.040] global grfmt_tiff.cpp:122 TIFF_Warning TIFFReadDirectory: Sum of Photometric type-related color channels and ExtraSamples doesn't match SamplesPerPixel. Defining non-color channels as ExtraSamples.
[ WARN:0@142.040] global grfmt_tiff.cpp:122 TIFF_Warning TIFFReadDirectory: Sum of Photometric type-related color channels and ExtraSamples doesn't match SamplesPerPixel. Defining non-color channels as ExtraSamples.
[ WARN:0@142.041] global grfmt_tiff.cpp:122 TIFF_Warning TIFFReadDirectory: Sum of Photometric type-related color channels and ExtraSamples doesn't match SamplesPerPixel. Defining non-color channels as ExtraSamples.
[ WARN:0@142.042] global grfmt_tiff.cpp:122 TIFF_Warning TIFFReadDirectory: Sum of Photometric type-related color channels and ExtraSamples doesn't match SamplesPerPixel. Defining non-color channels as ExtraSamples.
[ WARN:0@142.042] global grfmt_tiff.cpp:122 TIFF_Warning TIFFReadDirectory: Sum of Photometric type-related color channels and ExtraSamples doesn't match SamplesPerPixel. Defining non-color channels as ExtraSamples.
[ WARN:0@142.043] global grfmt_tiff.cpp:122 TIFF_Warning TIFFReadDirectory: Sum of Photometric type-related color channels and ExtraSamples doesn't match SamplesPerPixel. Defining non-color channels as ExtraSamples.
[ WARN:0@142.044] global grfmt_tiff.cpp:122 TIFF_Warning TIFFReadDirectory: Sum of Photometric type-related color channels and ExtraSamples doesn't match SamplesPerPixel. Defining non-color channels as ExtraSamples.
[ WARN:0@142.044] global grfmt_tiff.cpp:122 TIFF_Warning TIFFReadDirectory: Sum of Photometric type-related color channels and ExtraSamples doesn't match SamplesPerPixel. Defining non-color channels as ExtraSamples.
[ WARN:0@142.045] global grfmt_tiff.cpp:122 TIFF_Warning TIFFReadDirectory: Sum of Photometric type-related color channels and ExtraSamples doesn't match SamplesPerPixel. Defining non-color channels as ExtraSamples.
[ WARN:0@142.046] global grfmt_tiff.cpp:122 TIFF_Warning TIFFReadDirectory: Sum of Photometric type-related color channels and ExtraSamples doesn't match SamplesPerPixel. Defining non-color channels as ExtraSamples.
[ WARN:0@142.046] global grfmt_tiff.cpp:122 TIFF_Warning TIFFReadDirectory: Sum of Photometric type-related color channels and ExtraSamples doesn't match SamplesPerPixel. Defining non-color channels as ExtraSamples.
[ WARN:0@142.047] global grfmt_tiff.cpp:122 TIFF_Warning TIFFReadDirectory: Sum of Photometric type-related color channels and ExtraSamples doesn't match SamplesPerPixel. Defining non-color channels as ExtraSamples.
[ WARN:0@142.048] global grfmt_tiff.cpp:122 TIFF_Warning TIFFReadDirectory: Sum of Photometric type-related color channels and ExtraSamples doesn't match SamplesPerPixel. Defining non-color channels as ExtraSamples.
[ WARN:0@142.048] global grfmt_tiff.cpp:122 TIFF_Warning TIFFReadDirectory: Sum of Photometric type-related color channels and ExtraSamples doesn't match SamplesPerPixel. Defining non-color channels as ExtraSamples.
[ WARN:0@142.049] global grfmt_tiff.cpp:122 TIFF_Warning TIFFReadDirectory: Sum of Photometric type-related color channels and ExtraSamples doesn't match SamplesPerPixel. Defining non-color channels as ExtraSamples.
[ WARN:0@142.050] global grfmt_tiff.cpp:122 TIFF_Warning TIFFReadDirectory: Sum of Photometric type-related color channels and ExtraSamples doesn't match SamplesPerPixel. Defining non-color channels as ExtraSamples.
[ WARN:0@142.050] global grfmt_tiff.cpp:122 TIFF_Warning TIFFReadDirectory: Sum of Photometric type-related color channels and ExtraSamples doesn't match SamplesPerPixel. Defining non-color channels as ExtraSamples.
[ WARN:0@142.051] global grfmt_tiff.cpp:122 TIFF_Warning TIFFReadDirectory: Sum of Photometric type-related color channels and ExtraSamples doesn't match SamplesPerPixel. Defining non-color channels as ExtraSamples.
[ WARN:0@142.052] global grfmt_tiff.cpp:122 TIFF_Warning TIFFReadDirectory: Sum of Photometric type-related color channels and ExtraSamples doesn't match SamplesPerPixel. Defining non-color channels as ExtraSamples.
[ WARN:0@142.053] global grfmt_tiff.cpp:122 TIFF_Warning TIFFReadDirectory: Sum of Photometric type-related color channels and ExtraSamples doesn't match SamplesPerPixel. Defining non-color channels as ExtraSamples.
[ WARN:0@142.053] global grfmt_tiff.cpp:122 TIFF_Warning TIFFReadDirectory: Sum of Photometric type-related color channels and ExtraSamples doesn't match SamplesPerPixel. Defining non-color channels as ExtraSamples.
[ WARN:0@142.054] global grfmt_tiff.cpp:122 TIFF_Warning TIFFReadDirectory: Sum of Photometric type-related color channels and ExtraSamples doesn't match SamplesPerPixel. Defining non-color channels as ExtraSamples.
[ WARN:0@142.054] global grfmt_tiff.cpp:122 TIFF_Warning TIFFReadDirectory: Sum of Photometric type-related color channels and ExtraSamples doesn't match SamplesPerPixel. Defining non-color channels as ExtraSamples.
[ WARN:0@142.055] global grfmt_tiff.cpp:122 TIFF_Warning TIFFReadDirectory: Sum of Photometric type-related color channels and ExtraSamples doesn't match SamplesPerPixel. Defining non-color channels as ExtraSamples.
[ WARN:0@142.056] global grfmt_tiff.cpp:122 TIFF_Warning TIFFReadDirectory: Sum of Photometric type-related color channels and ExtraSamples doesn't match SamplesPerPixel. Defining non-color channels as ExtraSamples.
[ WARN:0@142.056] global grfmt_tiff.cpp:122 TIFF_Warning TIFFReadDirectory: Sum of Photometric type-related color channels and ExtraSamples doesn't match SamplesPerPixel. Defining non-color channels as ExtraSamples.
[ WARN:0@142.057] global grfmt_tiff.cpp:122 TIFF_Warning TIFFReadDirectory: Sum of Photometric type-related color channels and ExtraSamples doesn't match SamplesPerPixel. Defining non-color channels as ExtraSamples.
[ WARN:0@142.058] global grfmt_tiff.cpp:122 TIFF_Warning TIFFReadDirectory: Sum of Photometric type-related color channels and ExtraSamples doesn't match SamplesPerPixel. Defining non-color channels as ExtraSamples.
[ WARN:0@142.058] global grfmt_tiff.cpp:122 TIFF_Warning TIFFReadDirectory: Sum of Photometric type-related color channels and ExtraSamples doesn't match SamplesPerPixel. Defining non-color channels as ExtraSamples.
[ WARN:0@142.059] global grfmt_tiff.cpp:122 TIFF_Warning TIFFReadDirectory: Sum of Photometric type-related color channels and ExtraSamples doesn't match SamplesPerPixel. Defining non-color channels as ExtraSamples.
[ WARN:0@142.060] global grfmt_tiff.cpp:122 TIFF_Warning TIFFReadDirectory: Sum of Photometric type-related color channels and ExtraSamples doesn't match SamplesPerPixel. Defining non-color channels as ExtraSamples.
[ WARN:0@142.060] global grfmt_tiff.cpp:122 TIFF_Warning TIFFReadDirectory: Sum of Photometric type-related color channels and ExtraSamples doesn't match SamplesPerPixel. Defining non-color channels as ExtraSamples.
[ WARN:0@142.061] global grfmt_tiff.cpp:122 TIFF_Warning TIFFReadDirectory: Sum of Photometric type-related color channels and ExtraSamples doesn't match SamplesPerPixel. Defining non-color channels as ExtraSamples.
[ WARN:0@142.062] global grfmt_tiff.cpp:122 TIFF_Warning TIFFReadDirectory: Sum of Photometric type-related color channels and ExtraSamples doesn't match SamplesPerPixel. Defining non-color channels as ExtraSamples.
[ WARN:0@142.062] global grfmt_tiff.cpp:122 TIFF_Warning TIFFReadDirectory: Sum of Photometric type-related color channels and ExtraSamples doesn't match SamplesPerPixel. Defining non-color channels as ExtraSamples.
[ WARN:0@142.063] global grfmt_tiff.cpp:122 TIFF_Warning TIFFReadDirectory: Sum of Photometric type-related color channels and ExtraSamples doesn't match SamplesPerPixel. Defining non-color channels as ExtraSamples.
[ WARN:0@142.064] global grfmt_tiff.cpp:122 TIFF_Warning TIFFReadDirectory: Sum of Photometric type-related color channels and ExtraSamples doesn't match SamplesPerPixel. Defining non-color channels as ExtraSamples.
[ WARN:0@142.064] global grfmt_tiff.cpp:122 TIFF_Warning TIFFReadDirectory: Sum of Photometric type-related color channels and ExtraSamples doesn't match SamplesPerPixel. Defining non-color channels as ExtraSamples.
[ WARN:0@142.065] global grfmt_tiff.cpp:122 TIFF_Warning TIFFReadDirectory: Sum of Photometric type-related color channels and ExtraSamples doesn't match SamplesPerPixel. Defining non-color channels as ExtraSamples.
[ WARN:0@142.066] global grfmt_tiff.cpp:122 TIFF_Warning TIFFReadDirectory: Sum of Photometric type-related color channels and ExtraSamples doesn't match SamplesPerPixel. Defining non-color channels as ExtraSamples.
[ WARN:0@142.066] global grfmt_tiff.cpp:122 TIFF_Warning TIFFReadDirectory: Sum of Photometric type-related color channels and ExtraSamples doesn't match SamplesPerPixel. Defining non-color channels as ExtraSamples.
[ WARN:0@142.067] global grfmt_tiff.cpp:122 TIFF_Warning TIFFReadDirectory: Sum of Photometric type-related color channels and ExtraSamples doesn't match SamplesPerPixel. Defining non-color channels as ExtraSamples.
[ WARN:0@142.067] global grfmt_tiff.cpp:122 TIFF_Warning TIFFReadDirectory: Sum of Photometric type-related color channels and ExtraSamples doesn't match SamplesPerPixel. Defining non-color channels as ExtraSamples.
[ WARN:0@142.068] global grfmt_tiff.cpp:122 TIFF_Warning TIFFReadDirectory: Sum of Photometric type-related color channels and ExtraSamples doesn't match SamplesPerPixel. Defining non-color channels as ExtraSamples.
[ WARN:0@142.069] global grfmt_tiff.cpp:122 TIFF_Warning TIFFReadDirectory: Sum of Photometric type-related color channels and ExtraSamples doesn't match SamplesPerPixel. Defining non-color channels as ExtraSamples.
[ WARN:0@142.069] global grfmt_tiff.cpp:122 TIFF_Warning TIFFReadDirectory: Sum of Photometric type-related color channels and ExtraSamples doesn't match SamplesPerPixel. Defining non-color channels as ExtraSamples.
[ WARN:0@142.070] global grfmt_tiff.cpp:122 TIFF_Warning TIFFReadDirectory: Sum of Photometric type-related color channels and ExtraSamples doesn't match SamplesPerPixel. Defining non-color channels as ExtraSamples.
[ WARN:0@142.071] global grfmt_tiff.cpp:122 TIFF_Warning TIFFReadDirectory: Sum of Photometric type-related color channels and ExtraSamples doesn't match SamplesPerPixel. Defining non-color channels as ExtraSamples.
[ WARN:0@142.071] global grfmt_tiff.cpp:122 TIFF_Warning TIFFReadDirectory: Sum of Photometric type-related color channels and ExtraSamples doesn't match SamplesPerPixel. Defining non-color channels as ExtraSamples.
[ WARN:0@142.072] global grfmt_tiff.cpp:122 TIFF_Warning TIFFReadDirectory: Sum of Photometric type-related color channels and ExtraSamples doesn't match SamplesPerPixel. Defining non-color channels as ExtraSamples.
[ WARN:0@142.073] global grfmt_tiff.cpp:122 TIFF_Warning TIFFReadDirectory: Sum of Photometric type-related color channels and ExtraSamples doesn't match SamplesPerPixel. Defining non-color channels as ExtraSamples.
[ WARN:0@142.073] global grfmt_tiff.cpp:122 TIFF_Warning TIFFReadDirectory: Sum of Photometric type-related color channels and ExtraSamples doesn't match SamplesPerPixel. Defining non-color channels as ExtraSamples.
[ WARN:0@142.074] global grfmt_tiff.cpp:122 TIFF_Warning TIFFReadDirectory: Sum of Photometric type-related color channels and ExtraSamples doesn't match SamplesPerPixel. Defining non-color channels as ExtraSamples.
[ WARN:0@142.075] global grfmt_tiff.cpp:122 TIFF_Warning TIFFReadDirectory: Sum of Photometric type-related color channels and ExtraSamples doesn't match SamplesPerPixel. Defining non-color channels as ExtraSamples.
[ WARN:0@142.075] global grfmt_tiff.cpp:122 TIFF_Warning TIFFReadDirectory: Sum of Photometric type-related color channels and ExtraSamples doesn't match SamplesPerPixel. Defining non-color channels as ExtraSamples.
[ WARN:0@142.076] global grfmt_tiff.cpp:122 TIFF_Warning TIFFReadDirectory: Sum of Photometric type-related color channels and ExtraSamples doesn't match SamplesPerPixel. Defining non-color channels as ExtraSamples.
[ WARN:0@142.077] global grfmt_tiff.cpp:122 TIFF_Warning TIFFReadDirectory: Sum of Photometric type-related color channels and ExtraSamples doesn't match SamplesPerPixel. Defining non-color channels as ExtraSamples.
[ WARN:0@142.077] global grfmt_tiff.cpp:122 TIFF_Warning TIFFReadDirectory: Sum of Photometric type-related color channels and ExtraSamples doesn't match SamplesPerPixel. Defining non-color channels as ExtraSamples.
[ WARN:0@142.078] global grfmt_tiff.cpp:122 TIFF_Warning TIFFReadDirectory: Sum of Photometric type-related color channels and ExtraSamples doesn't match SamplesPerPixel. Defining non-color channels as ExtraSamples.
[ WARN:0@142.079] global grfmt_tiff.cpp:122 TIFF_Warning TIFFReadDirectory: Sum of Photometric type-related color channels and ExtraSamples doesn't match SamplesPerPixel. Defining non-color channels as ExtraSamples.
[ WARN:0@142.079] global grfmt_tiff.cpp:122 TIFF_Warning TIFFReadDirectory: Sum of Photometric type-related color channels and ExtraSamples doesn't match SamplesPerPixel. Defining non-color channels as ExtraSamples.
[ WARN:0@142.080] global grfmt_tiff.cpp:122 TIFF_Warning TIFFReadDirectory: Sum of Photometric type-related color channels and ExtraSamples doesn't match SamplesPerPixel. Defining non-color channels as ExtraSamples.
[ WARN:0@142.081] global grfmt_tiff.cpp:122 TIFF_Warning TIFFReadDirectory: Sum of Photometric type-related color channels and ExtraSamples doesn't match SamplesPerPixel. Defining non-color channels as ExtraSamples.
[ WARN:0@142.081] global grfmt_tiff.cpp:122 TIFF_Warning TIFFReadDirectory: Sum of Photometric type-related color channels and ExtraSamples doesn't match SamplesPerPixel. Defining non-color channels as ExtraSamples.
[ WARN:0@142.082] global grfmt_tiff.cpp:122 TIFF_Warning TIFFReadDirectory: Sum of Photometric type-related color channels and ExtraSamples doesn't match SamplesPerPixel. Defining non-color channels as ExtraSamples.
[ WARN:0@142.083] global grfmt_tiff.cpp:122 TIFF_Warning TIFFReadDirectory: Sum of Photometric type-related color channels and ExtraSamples doesn't match SamplesPerPixel. Defining non-color channels as ExtraSamples.
[ WARN:0@142.083] global grfmt_tiff.cpp:122 TIFF_Warning TIFFReadDirectory: Sum of Photometric type-related color channels and ExtraSamples doesn't match SamplesPerPixel. Defining non-color channels as ExtraSamples.
[ WARN:0@142.084] global grfmt_tiff.cpp:122 TIFF_Warning TIFFReadDirectory: Sum of Photometric type-related color channels and ExtraSamples doesn't match SamplesPerPixel. Defining non-color channels as ExtraSamples.
[ WARN:0@142.085] global grfmt_tiff.cpp:122 TIFF_Warning TIFFReadDirectory: Sum of Photometric type-related color channels and ExtraSamples doesn't match SamplesPerPixel. Defining non-color channels as ExtraSamples.
[ WARN:0@142.085] global grfmt_tiff.cpp:122 TIFF_Warning TIFFReadDirectory: Sum of Photometric type-related color channels and ExtraSamples doesn't match SamplesPerPixel. Defining non-color channels as ExtraSamples.
[ WARN:0@142.086] global grfmt_tiff.cpp:122 TIFF_Warning TIFFReadDirectory: Sum of Photometric type-related color channels and ExtraSamples doesn't match SamplesPerPixel. Defining non-color channels as ExtraSamples.
[ WARN:0@142.086] global grfmt_tiff.cpp:122 TIFF_Warning TIFFReadDirectory: Sum of Photometric type-related color channels and ExtraSamples doesn't match SamplesPerPixel. Defining non-color channels as ExtraSamples.
[ WARN:0@142.087] global grfmt_tiff.cpp:122 TIFF_Warning TIFFReadDirectory: Sum of Photometric type-related color channels and ExtraSamples doesn't match SamplesPerPixel. Defining non-color channels as ExtraSamples.
[ WARN:0@142.088] global grfmt_tiff.cpp:122 TIFF_Warning TIFFReadDirectory: Sum of Photometric type-related color channels and ExtraSamples doesn't match SamplesPerPixel. Defining non-color channels as ExtraSamples.
[ WARN:0@142.088] global grfmt_tiff.cpp:122 TIFF_Warning TIFFReadDirectory: Sum of Photometric type-related color channels and ExtraSamples doesn't match SamplesPerPixel. Defining non-color channels as ExtraSamples.
[ WARN:0@142.089] global grfmt_tiff.cpp:122 TIFF_Warning TIFFReadDirectory: Sum of Photometric type-related color channels and ExtraSamples doesn't match SamplesPerPixel. Defining non-color channels as ExtraSamples.
[ WARN:0@142.090] global grfmt_tiff.cpp:122 TIFF_Warning TIFFReadDirectory: Sum of Photometric type-related color channels and ExtraSamples doesn't match SamplesPerPixel. Defining non-color channels as ExtraSamples.
[ WARN:0@142.090] global grfmt_tiff.cpp:122 TIFF_Warning TIFFReadDirectory: Sum of Photometric type-related color channels and ExtraSamples doesn't match SamplesPerPixel. Defining non-color channels as ExtraSamples.
[ WARN:0@142.091] global grfmt_tiff.cpp:122 TIFF_Warning TIFFReadDirectory: Sum of Photometric type-related color channels and ExtraSamples doesn't match SamplesPerPixel. Defining non-color channels as ExtraSamples.
[ WARN:0@142.092] global grfmt_tiff.cpp:122 TIFF_Warning TIFFReadDirectory: Sum of Photometric type-related color channels and ExtraSamples doesn't match SamplesPerPixel. Defining non-color channels as ExtraSamples.
[ WARN:0@142.092] global grfmt_tiff.cpp:122 TIFF_Warning TIFFReadDirectory: Sum of Photometric type-related color channels and ExtraSamples doesn't match SamplesPerPixel. Defining non-color channels as ExtraSamples.
[ WARN:0@142.093] global grfmt_tiff.cpp:122 TIFF_Warning TIFFReadDirectory: Sum of Photometric type-related color channels and ExtraSamples doesn't match SamplesPerPixel. Defining non-color channels as ExtraSamples.
[ WARN:0@142.094] global grfmt_tiff.cpp:122 TIFF_Warning TIFFReadDirectory: Sum of Photometric type-related color channels and ExtraSamples doesn't match SamplesPerPixel. Defining non-color channels as ExtraSamples.
[ WARN:0@142.094] global grfmt_tiff.cpp:122 TIFF_Warning TIFFReadDirectory: Sum of Photometric type-related color channels and ExtraSamples doesn't match SamplesPerPixel. Defining non-color channels as ExtraSamples.
[ WARN:0@142.095] global grfmt_tiff.cpp:122 TIFF_Warning TIFFReadDirectory: Sum of Photometric type-related color channels and ExtraSamples doesn't match SamplesPerPixel. Defining non-color channels as ExtraSamples.
[ WARN:0@142.096] global grfmt_tiff.cpp:122 TIFF_Warning TIFFReadDirectory: Sum of Photometric type-related color channels and ExtraSamples doesn't match SamplesPerPixel. Defining non-color channels as ExtraSamples.
[ WARN:0@142.096] global grfmt_tiff.cpp:122 TIFF_Warning TIFFReadDirectory: Sum of Photometric type-related color channels and ExtraSamples doesn't match SamplesPerPixel. Defining non-color channels as ExtraSamples.
[ WARN:0@142.097] global grfmt_tiff.cpp:122 TIFF_Warning TIFFReadDirectory: Sum of Photometric type-related color channels and ExtraSamples doesn't match SamplesPerPixel. Defining non-color channels as ExtraSamples.
[ WARN:0@142.098] global grfmt_tiff.cpp:122 TIFF_Warning TIFFReadDirectory: Sum of Photometric type-related color channels and ExtraSamples doesn't match SamplesPerPixel. Defining non-color channels as ExtraSamples.
[ WARN:0@142.098] global grfmt_tiff.cpp:122 TIFF_Warning TIFFReadDirectory: Sum of Photometric type-related color channels and ExtraSamples doesn't match SamplesPerPixel. Defining non-color channels as ExtraSamples.
[ WARN:0@142.099] global grfmt_tiff.cpp:122 TIFF_Warning TIFFReadDirectory: Sum of Photometric type-related color channels and ExtraSamples doesn't match SamplesPerPixel. Defining non-color channels as ExtraSamples.
[ WARN:0@142.100] global grfmt_tiff.cpp:122 TIFF_Warning TIFFReadDirectory: Sum of Photometric type-related color channels and ExtraSamples doesn't match SamplesPerPixel. Defining non-color channels as ExtraSamples.
[ WARN:0@142.100] global grfmt_tiff.cpp:122 TIFF_Warning TIFFReadDirectory: Sum of Photometric type-related color channels and ExtraSamples doesn't match SamplesPerPixel. Defining non-color channels as ExtraSamples.
[ WARN:0@142.101] global grfmt_tiff.cpp:122 TIFF_Warning TIFFReadDirectory: Sum of Photometric type-related color channels and ExtraSamples doesn't match SamplesPerPixel. Defining non-color channels as ExtraSamples.
[ WARN:0@142.102] global grfmt_tiff.cpp:122 TIFF_Warning TIFFReadDirectory: Sum of Photometric type-related color channels and ExtraSamples doesn't match SamplesPerPixel. Defining non-color channels as ExtraSamples.
[ WARN:0@142.102] global grfmt_tiff.cpp:122 TIFF_Warning TIFFReadDirectory: Sum of Photometric type-related color channels and ExtraSamples doesn't match SamplesPerPixel. Defining non-color channels as ExtraSamples.
[ WARN:0@142.103] global grfmt_tiff.cpp:122 TIFF_Warning TIFFReadDirectory: Sum of Photometric type-related color channels and ExtraSamples doesn't match SamplesPerPixel. Defining non-color channels as ExtraSamples.
[ WARN:0@142.104] global grfmt_tiff.cpp:122 TIFF_Warning TIFFReadDirectory: Sum of Photometric type-related color channels and ExtraSamples doesn't match SamplesPerPixel. Defining non-color channels as ExtraSamples.
[ WARN:0@142.104] global grfmt_tiff.cpp:122 TIFF_Warning TIFFReadDirectory: Sum of Photometric type-related color channels and ExtraSamples doesn't match SamplesPerPixel. Defining non-color channels as ExtraSamples.
[ WARN:0@142.105] global grfmt_tiff.cpp:122 TIFF_Warning TIFFReadDirectory: Sum of Photometric type-related color channels and ExtraSamples doesn't match SamplesPerPixel. Defining non-color channels as ExtraSamples.
[ WARN:0@142.106] global grfmt_tiff.cpp:122 TIFF_Warning TIFFReadDirectory: Sum of Photometric type-related color channels and ExtraSamples doesn't match SamplesPerPixel. Defining non-color channels as ExtraSamples.
[ WARN:0@142.106] global grfmt_tiff.cpp:122 TIFF_Warning TIFFReadDirectory: Sum of Photometric type-related color channels and ExtraSamples doesn't match SamplesPerPixel. Defining non-color channels as ExtraSamples.
[ WARN:0@142.107] global grfmt_tiff.cpp:122 TIFF_Warning TIFFReadDirectory: Sum of Photometric type-related color channels and ExtraSamples doesn't match SamplesPerPixel. Defining non-color channels as ExtraSamples.
[ WARN:0@142.108] global grfmt_tiff.cpp:122 TIFF_Warning TIFFReadDirectory: Sum of Photometric type-related color channels and ExtraSamples doesn't match SamplesPerPixel. Defining non-color channels as ExtraSamples.
[ WARN:0@142.108] global grfmt_tiff.cpp:122 TIFF_Warning TIFFReadDirectory: Sum of Photometric type-related color channels and ExtraSamples doesn't match SamplesPerPixel. Defining non-color channels as ExtraSamples.
[ WARN:0@142.109] global grfmt_tiff.cpp:122 TIFF_Warning TIFFReadDirectory: Sum of Photometric type-related color channels and ExtraSamples doesn't match SamplesPerPixel. Defining non-color channels as ExtraSamples.
[ WARN:0@142.110] global grfmt_tiff.cpp:122 TIFF_Warning TIFFReadDirectory: Sum of Photometric type-related color channels and ExtraSamples doesn't match SamplesPerPixel. Defining non-color channels as ExtraSamples.
[ WARN:0@142.110] global grfmt_tiff.cpp:122 TIFF_Warning TIFFReadDirectory: Sum of Photometric type-related color channels and ExtraSamples doesn't match SamplesPerPixel. Defining non-color channels as ExtraSamples.
[ WARN:0@142.111] global grfmt_tiff.cpp:122 TIFF_Warning TIFFReadDirectory: Sum of Photometric type-related color channels and ExtraSamples doesn't match SamplesPerPixel. Defining non-color channels as ExtraSamples.
[ WARN:0@142.112] global grfmt_tiff.cpp:122 TIFF_Warning TIFFReadDirectory: Sum of Photometric type-related color channels and ExtraSamples doesn't match SamplesPerPixel. Defining non-color channels as ExtraSamples.
[ WARN:0@142.112] global grfmt_tiff.cpp:122 TIFF_Warning TIFFReadDirectory: Sum of Photometric type-related color channels and ExtraSamples doesn't match SamplesPerPixel. Defining non-color channels as ExtraSamples.
[ WARN:0@142.113] global grfmt_tiff.cpp:122 TIFF_Warning TIFFReadDirectory: Sum of Photometric type-related color channels and ExtraSamples doesn't match SamplesPerPixel. Defining non-color channels as ExtraSamples.
[ WARN:0@142.114] global grfmt_tiff.cpp:122 TIFF_Warning TIFFReadDirectory: Sum of Photometric type-related color channels and ExtraSamples doesn't match SamplesPerPixel. Defining non-color channels as ExtraSamples.
[ WARN:0@142.114] global grfmt_tiff.cpp:122 TIFF_Warning TIFFReadDirectory: Sum of Photometric type-related color channels and ExtraSamples doesn't match SamplesPerPixel. Defining non-color channels as ExtraSamples.
[ WARN:0@142.115] global grfmt_tiff.cpp:122 TIFF_Warning TIFFReadDirectory: Sum of Photometric type-related color channels and ExtraSamples doesn't match SamplesPerPixel. Defining non-color channels as ExtraSamples.
[ WARN:0@142.116] global grfmt_tiff.cpp:122 TIFF_Warning TIFFReadDirectory: Sum of Photometric type-related color channels and ExtraSamples doesn't match SamplesPerPixel. Defining non-color channels as ExtraSamples.
[ WARN:0@142.116] global grfmt_tiff.cpp:122 TIFF_Warning TIFFReadDirectory: Sum of Photometric type-related color channels and ExtraSamples doesn't match SamplesPerPixel. Defining non-color channels as ExtraSamples.
[ WARN:0@142.117] global grfmt_tiff.cpp:122 TIFF_Warning TIFFReadDirectory: Sum of Photometric type-related color channels and ExtraSamples doesn't match SamplesPerPixel. Defining non-color channels as ExtraSamples.
[ WARN:0@142.118] global grfmt_tiff.cpp:122 TIFF_Warning TIFFReadDirectory: Sum of Photometric type-related color channels and ExtraSamples doesn't match SamplesPerPixel. Defining non-color channels as ExtraSamples.
[ WARN:0@142.118] global grfmt_tiff.cpp:122 TIFF_Warning TIFFReadDirectory: Sum of Photometric type-related color channels and ExtraSamples doesn't match SamplesPerPixel. Defining non-color channels as ExtraSamples.
[ WARN:0@142.119] global grfmt_tiff.cpp:122 TIFF_Warning TIFFReadDirectory: Sum of Photometric type-related color channels and ExtraSamples doesn't match SamplesPerPixel. Defining non-color channels as ExtraSamples.
[ WARN:0@142.120] global grfmt_tiff.cpp:122 TIFF_Warning TIFFReadDirectory: Sum of Photometric type-related color channels and ExtraSamples doesn't match SamplesPerPixel. Defining non-color channels as ExtraSamples.
[ WARN:0@142.120] global grfmt_tiff.cpp:122 TIFF_Warning TIFFReadDirectory: Sum of Photometric type-related color channels and ExtraSamples doesn't match SamplesPerPixel. Defining non-color channels as ExtraSamples.
[ WARN:0@142.121] global grfmt_tiff.cpp:122 TIFF_Warning TIFFReadDirectory: Sum of Photometric type-related color channels and ExtraSamples doesn't match SamplesPerPixel. Defining non-color channels as ExtraSamples.
[ WARN:0@142.122] global grfmt_tiff.cpp:122 TIFF_Warning TIFFReadDirectory: Sum of Photometric type-related color channels and ExtraSamples doesn't match SamplesPerPixel. Defining non-color channels as ExtraSamples.
[ WARN:0@142.122] global grfmt_tiff.cpp:122 TIFF_Warning TIFFReadDirectory: Sum of Photometric type-related color channels and ExtraSamples doesn't match SamplesPerPixel. Defining non-color channels as ExtraSamples.
[ WARN:0@142.123] global grfmt_tiff.cpp:122 TIFF_Warning TIFFReadDirectory: Sum of Photometric type-related color channels and ExtraSamples doesn't match SamplesPerPixel. Defining non-color channels as ExtraSamples.
[ WARN:0@142.123] global grfmt_tiff.cpp:122 TIFF_Warning TIFFReadDirectory: Sum of Photometric type-related color channels and ExtraSamples doesn't match SamplesPerPixel. Defining non-color channels as ExtraSamples.
[ WARN:0@142.124] global grfmt_tiff.cpp:122 TIFF_Warning TIFFReadDirectory: Sum of Photometric type-related color channels and ExtraSamples doesn't match SamplesPerPixel. Defining non-color channels as ExtraSamples.
[ WARN:0@142.125] global grfmt_tiff.cpp:122 TIFF_Warning TIFFReadDirectory: Sum of Photometric type-related color channels and ExtraSamples doesn't match SamplesPerPixel. Defining non-color channels as ExtraSamples.
[ WARN:0@142.125] global grfmt_tiff.cpp:122 TIFF_Warning TIFFReadDirectory: Sum of Photometric type-related color channels and ExtraSamples doesn't match SamplesPerPixel. Defining non-color channels as ExtraSamples.
[ WARN:0@142.126] global grfmt_tiff.cpp:122 TIFF_Warning TIFFReadDirectory: Sum of Photometric type-related color channels and ExtraSamples doesn't match SamplesPerPixel. Defining non-color channels as ExtraSamples.
[ WARN:0@142.127] global grfmt_tiff.cpp:122 TIFF_Warning TIFFReadDirectory: Sum of Photometric type-related color channels and ExtraSamples doesn't match SamplesPerPixel. Defining non-color channels as ExtraSamples.
[ WARN:0@142.127] global grfmt_tiff.cpp:122 TIFF_Warning TIFFReadDirectory: Sum of Photometric type-related color channels and ExtraSamples doesn't match SamplesPerPixel. Defining non-color channels as ExtraSamples.
[ WARN:0@142.128] global grfmt_tiff.cpp:122 TIFF_Warning TIFFReadDirectory: Sum of Photometric type-related color channels and ExtraSamples doesn't match SamplesPerPixel. Defining non-color channels as ExtraSamples.
[ WARN:0@142.129] global grfmt_tiff.cpp:122 TIFF_Warning TIFFReadDirectory: Sum of Photometric type-related color channels and ExtraSamples doesn't match SamplesPerPixel. Defining non-color channels as ExtraSamples.
[ WARN:0@142.129] global grfmt_tiff.cpp:122 TIFF_Warning TIFFReadDirectory: Sum of Photometric type-related color channels and ExtraSamples doesn't match SamplesPerPixel. Defining non-color channels as ExtraSamples.
[ WARN:0@142.130] global grfmt_tiff.cpp:122 TIFF_Warning TIFFReadDirectory: Sum of Photometric type-related color channels and ExtraSamples doesn't match SamplesPerPixel. Defining non-color channels as ExtraSamples.
[ WARN:0@142.131] global grfmt_tiff.cpp:122 TIFF_Warning TIFFReadDirectory: Sum of Photometric type-related color channels and ExtraSamples doesn't match SamplesPerPixel. Defining non-color channels as ExtraSamples.
[ WARN:0@142.131] global grfmt_tiff.cpp:122 TIFF_Warning TIFFReadDirectory: Sum of Photometric type-related color channels and ExtraSamples doesn't match SamplesPerPixel. Defining non-color channels as ExtraSamples.
[ WARN:0@142.132] global grfmt_tiff.cpp:122 TIFF_Warning TIFFReadDirectory: Sum of Photometric type-related color channels and ExtraSamples doesn't match SamplesPerPixel. Defining non-color channels as ExtraSamples.
[ WARN:0@142.133] global grfmt_tiff.cpp:122 TIFF_Warning TIFFReadDirectory: Sum of Photometric type-related color channels and ExtraSamples doesn't match SamplesPerPixel. Defining non-color channels as ExtraSamples.
[ WARN:0@142.133] global grfmt_tiff.cpp:122 TIFF_Warning TIFFReadDirectory: Sum of Photometric type-related color channels and ExtraSamples doesn't match SamplesPerPixel. Defining non-color channels as ExtraSamples.
[ WARN:0@142.134] global grfmt_tiff.cpp:122 TIFF_Warning TIFFReadDirectory: Sum of Photometric type-related color channels and ExtraSamples doesn't match SamplesPerPixel. Defining non-color channels as ExtraSamples.
[ WARN:0@142.135] global grfmt_tiff.cpp:122 TIFF_Warning TIFFReadDirectory: Sum of Photometric type-related color channels and ExtraSamples doesn't match SamplesPerPixel. Defining non-color channels as ExtraSamples.
[ WARN:0@142.135] global grfmt_tiff.cpp:122 TIFF_Warning TIFFReadDirectory: Sum of Photometric type-related color channels and ExtraSamples doesn't match SamplesPerPixel. Defining non-color channels as ExtraSamples.
[ WARN:0@142.136] global grfmt_tiff.cpp:122 TIFF_Warning TIFFReadDirectory: Sum of Photometric type-related color channels and ExtraSamples doesn't match SamplesPerPixel. Defining non-color channels as ExtraSamples.
[ WARN:0@142.137] global grfmt_tiff.cpp:122 TIFF_Warning TIFFReadDirectory: Sum of Photometric type-related color channels and ExtraSamples doesn't match SamplesPerPixel. Defining non-color channels as ExtraSamples.
[ WARN:0@142.137] global grfmt_tiff.cpp:122 TIFF_Warning TIFFReadDirectory: Sum of Photometric type-related color channels and ExtraSamples doesn't match SamplesPerPixel. Defining non-color channels as ExtraSamples.
[ WARN:0@142.138] global grfmt_tiff.cpp:122 TIFF_Warning TIFFReadDirectory: Sum of Photometric type-related color channels and ExtraSamples doesn't match SamplesPerPixel. Defining non-color channels as ExtraSamples.
[ WARN:0@142.139] global grfmt_tiff.cpp:122 TIFF_Warning TIFFReadDirectory: Sum of Photometric type-related color channels and ExtraSamples doesn't match SamplesPerPixel. Defining non-color channels as ExtraSamples.
[ WARN:0@142.139] global grfmt_tiff.cpp:122 TIFF_Warning TIFFReadDirectory: Sum of Photometric type-related color channels and ExtraSamples doesn't match SamplesPerPixel. Defining non-color channels as ExtraSamples.
[ WARN:0@142.140] global grfmt_tiff.cpp:122 TIFF_Warning TIFFReadDirectory: Sum of Photometric type-related color channels and ExtraSamples doesn't match SamplesPerPixel. Defining non-color channels as ExtraSamples.
[ WARN:0@142.141] global grfmt_tiff.cpp:122 TIFF_Warning TIFFReadDirectory: Sum of Photometric type-related color channels and ExtraSamples doesn't match SamplesPerPixel. Defining non-color channels as ExtraSamples.
[ WARN:0@142.141] global grfmt_tiff.cpp:122 TIFF_Warning TIFFReadDirectory: Sum of Photometric type-related color channels and ExtraSamples doesn't match SamplesPerPixel. Defining non-color channels as ExtraSamples.
[ WARN:0@142.142] global grfmt_tiff.cpp:122 TIFF_Warning TIFFReadDirectory: Sum of Photometric type-related color channels and ExtraSamples doesn't match SamplesPerPixel. Defining non-color channels as ExtraSamples.
[ WARN:0@142.143] global grfmt_tiff.cpp:122 TIFF_Warning TIFFReadDirectory: Sum of Photometric type-related color channels and ExtraSamples doesn't match SamplesPerPixel. Defining non-color channels as ExtraSamples.
[ WARN:0@142.143] global grfmt_tiff.cpp:122 TIFF_Warning TIFFReadDirectory: Sum of Photometric type-related color channels and ExtraSamples doesn't match SamplesPerPixel. Defining non-color channels as ExtraSamples.
[ WARN:0@142.144] global grfmt_tiff.cpp:122 TIFF_Warning TIFFReadDirectory: Sum of Photometric type-related color channels and ExtraSamples doesn't match SamplesPerPixel. Defining non-color channels as ExtraSamples.
[ WARN:0@142.145] global grfmt_tiff.cpp:122 TIFF_Warning TIFFReadDirectory: Sum of Photometric type-related color channels and ExtraSamples doesn't match SamplesPerPixel. Defining non-color channels as ExtraSamples.
[ WARN:0@142.145] global grfmt_tiff.cpp:122 TIFF_Warning TIFFReadDirectory: Sum of Photometric type-related color channels and ExtraSamples doesn't match SamplesPerPixel. Defining non-color channels as ExtraSamples.
[ WARN:0@142.146] global grfmt_tiff.cpp:122 TIFF_Warning TIFFReadDirectory: Sum of Photometric type-related color channels and ExtraSamples doesn't match SamplesPerPixel. Defining non-color channels as ExtraSamples.
[ WARN:0@142.147] global grfmt_tiff.cpp:122 TIFF_Warning TIFFReadDirectory: Sum of Photometric type-related color channels and ExtraSamples doesn't match SamplesPerPixel. Defining non-color channels as ExtraSamples.
[ WARN:0@142.147] global grfmt_tiff.cpp:122 TIFF_Warning TIFFReadDirectory: Sum of Photometric type-related color channels and ExtraSamples doesn't match SamplesPerPixel. Defining non-color channels as ExtraSamples.
[ WARN:0@142.148] global grfmt_tiff.cpp:122 TIFF_Warning TIFFReadDirectory: Sum of Photometric type-related color channels and ExtraSamples doesn't match SamplesPerPixel. Defining non-color channels as ExtraSamples.
[ WARN:0@142.149] global grfmt_tiff.cpp:122 TIFF_Warning TIFFReadDirectory: Sum of Photometric type-related color channels and ExtraSamples doesn't match SamplesPerPixel. Defining non-color channels as ExtraSamples.
[ WARN:0@142.149] global grfmt_tiff.cpp:122 TIFF_Warning TIFFReadDirectory: Sum of Photometric type-related color channels and ExtraSamples doesn't match SamplesPerPixel. Defining non-color channels as ExtraSamples.
[ WARN:0@142.150] global grfmt_tiff.cpp:122 TIFF_Warning TIFFReadDirectory: Sum of Photometric type-related color channels and ExtraSamples doesn't match SamplesPerPixel. Defining non-color channels as ExtraSamples.
[ WARN:0@142.151] global grfmt_tiff.cpp:122 TIFF_Warning TIFFReadDirectory: Sum of Photometric type-related color channels and ExtraSamples doesn't match SamplesPerPixel. Defining non-color channels as ExtraSamples.
[ WARN:0@142.151] global grfmt_tiff.cpp:122 TIFF_Warning TIFFReadDirectory: Sum of Photometric type-related color channels and ExtraSamples doesn't match SamplesPerPixel. Defining non-color channels as ExtraSamples.
[ WARN:0@142.152] global grfmt_tiff.cpp:122 TIFF_Warning TIFFReadDirectory: Sum of Photometric type-related color channels and ExtraSamples doesn't match SamplesPerPixel. Defining non-color channels as ExtraSamples.
[ WARN:0@142.153] global grfmt_tiff.cpp:122 TIFF_Warning TIFFReadDirectory: Sum of Photometric type-related color channels and ExtraSamples doesn't match SamplesPerPixel. Defining non-color channels as ExtraSamples.
[ WARN:0@142.153] global grfmt_tiff.cpp:122 TIFF_Warning TIFFReadDirectory: Sum of Photometric type-related color channels and ExtraSamples doesn't match SamplesPerPixel. Defining non-color channels as ExtraSamples.
[ WARN:0@142.154] global grfmt_tiff.cpp:122 TIFF_Warning TIFFReadDirectory: Sum of Photometric type-related color channels and ExtraSamples doesn't match SamplesPerPixel. Defining non-color channels as ExtraSamples.
[ WARN:0@142.155] global grfmt_tiff.cpp:122 TIFF_Warning TIFFReadDirectory: Sum of Photometric type-related color channels and ExtraSamples doesn't match SamplesPerPixel. Defining non-color channels as ExtraSamples.
[ WARN:0@142.155] global grfmt_tiff.cpp:122 TIFF_Warning TIFFReadDirectory: Sum of Photometric type-related color channels and ExtraSamples doesn't match SamplesPerPixel. Defining non-color channels as ExtraSamples.
[ WARN:0@142.156] global grfmt_tiff.cpp:122 TIFF_Warning TIFFReadDirectory: Sum of Photometric type-related color channels and ExtraSamples doesn't match SamplesPerPixel. Defining non-color channels as ExtraSamples.
[ WARN:0@142.157] global grfmt_tiff.cpp:122 TIFF_Warning TIFFReadDirectory: Sum of Photometric type-related color channels and ExtraSamples doesn't match SamplesPerPixel. Defining non-color channels as ExtraSamples.
[ WARN:0@142.157] global grfmt_tiff.cpp:122 TIFF_Warning TIFFReadDirectory: Sum of Photometric type-related color channels and ExtraSamples doesn't match SamplesPerPixel. Defining non-color channels as ExtraSamples.
[ WARN:0@142.158] global grfmt_tiff.cpp:122 TIFF_Warning TIFFReadDirectory: Sum of Photometric type-related color channels and ExtraSamples doesn't match SamplesPerPixel. Defining non-color channels as ExtraSamples.
[ WARN:0@142.159] global grfmt_tiff.cpp:122 TIFF_Warning TIFFReadDirectory: Sum of Photometric type-related color channels and ExtraSamples doesn't match SamplesPerPixel. Defining non-color channels as ExtraSamples.
[ WARN:0@142.159] global grfmt_tiff.cpp:122 TIFF_Warning TIFFReadDirectory: Sum of Photometric type-related color channels and ExtraSamples doesn't match SamplesPerPixel. Defining non-color channels as ExtraSamples.
[ WARN:0@142.160] global grfmt_tiff.cpp:122 TIFF_Warning TIFFReadDirectory: Sum of Photometric type-related color channels and ExtraSamples doesn't match SamplesPerPixel. Defining non-color channels as ExtraSamples.
[ WARN:0@142.161] global grfmt_tiff.cpp:122 TIFF_Warning TIFFReadDirectory: Sum of Photometric type-related color channels and ExtraSamples doesn't match SamplesPerPixel. Defining non-color channels as ExtraSamples.
[ WARN:0@142.161] global grfmt_tiff.cpp:122 TIFF_Warning TIFFReadDirectory: Sum of Photometric type-related color channels and ExtraSamples doesn't match SamplesPerPixel. Defining non-color channels as ExtraSamples.
[ WARN:0@142.162] global grfmt_tiff.cpp:122 TIFF_Warning TIFFReadDirectory: Sum of Photometric type-related color channels and ExtraSamples doesn't match SamplesPerPixel. Defining non-color channels as ExtraSamples.
[ WARN:0@142.163] global grfmt_tiff.cpp:122 TIFF_Warning TIFFReadDirectory: Sum of Photometric type-related color channels and ExtraSamples doesn't match SamplesPerPixel. Defining non-color channels as ExtraSamples.
[ WARN:0@142.163] global grfmt_tiff.cpp:122 TIFF_Warning TIFFReadDirectory: Sum of Photometric type-related color channels and ExtraSamples doesn't match SamplesPerPixel. Defining non-color channels as ExtraSamples.
[ WARN:0@142.164] global grfmt_tiff.cpp:122 TIFF_Warning TIFFReadDirectory: Sum of Photometric type-related color channels and ExtraSamples doesn't match SamplesPerPixel. Defining non-color channels as ExtraSamples.
[ WARN:0@142.165] global grfmt_tiff.cpp:122 TIFF_Warning TIFFReadDirectory: Sum of Photometric type-related color channels and ExtraSamples doesn't match SamplesPerPixel. Defining non-color channels as ExtraSamples.
[ WARN:0@142.165] global grfmt_tiff.cpp:122 TIFF_Warning TIFFReadDirectory: Sum of Photometric type-related color channels and ExtraSamples doesn't match SamplesPerPixel. Defining non-color channels as ExtraSamples.
[ WARN:0@142.166] global grfmt_tiff.cpp:122 TIFF_Warning TIFFReadDirectory: Sum of Photometric type-related color channels and ExtraSamples doesn't match SamplesPerPixel. Defining non-color channels as ExtraSamples.
[ WARN:0@142.167] global grfmt_tiff.cpp:122 TIFF_Warning TIFFReadDirectory: Sum of Photometric type-related color channels and ExtraSamples doesn't match SamplesPerPixel. Defining non-color channels as ExtraSamples.
[ WARN:0@142.167] global grfmt_tiff.cpp:122 TIFF_Warning TIFFReadDirectory: Sum of Photometric type-related color channels and ExtraSamples doesn't match SamplesPerPixel. Defining non-color channels as ExtraSamples.
[ WARN:0@142.168] global grfmt_tiff.cpp:122 TIFF_Warning TIFFReadDirectory: Sum of Photometric type-related color channels and ExtraSamples doesn't match SamplesPerPixel. Defining non-color channels as ExtraSamples.
[ WARN:0@142.169] global grfmt_tiff.cpp:122 TIFF_Warning TIFFReadDirectory: Sum of Photometric type-related color channels and ExtraSamples doesn't match SamplesPerPixel. Defining non-color channels as ExtraSamples.
[ WARN:0@142.169] global grfmt_tiff.cpp:122 TIFF_Warning TIFFReadDirectory: Sum of Photometric type-related color channels and ExtraSamples doesn't match SamplesPerPixel. Defining non-color channels as ExtraSamples.
[ WARN:0@142.170] global grfmt_tiff.cpp:122 TIFF_Warning TIFFReadDirectory: Sum of Photometric type-related color channels and ExtraSamples doesn't match SamplesPerPixel. Defining non-color channels as ExtraSamples.
[ WARN:0@142.171] global grfmt_tiff.cpp:122 TIFF_Warning TIFFReadDirectory: Sum of Photometric type-related color channels and ExtraSamples doesn't match SamplesPerPixel. Defining non-color channels as ExtraSamples.
[ WARN:0@142.171] global grfmt_tiff.cpp:122 TIFF_Warning TIFFReadDirectory: Sum of Photometric type-related color channels and ExtraSamples doesn't match SamplesPerPixel. Defining non-color channels as ExtraSamples.
[ WARN:0@142.172] global grfmt_tiff.cpp:122 TIFF_Warning TIFFReadDirectory: Sum of Photometric type-related color channels and ExtraSamples doesn't match SamplesPerPixel. Defining non-color channels as ExtraSamples.
[ WARN:0@142.172] global grfmt_tiff.cpp:122 TIFF_Warning TIFFReadDirectory: Sum of Photometric type-related color channels and ExtraSamples doesn't match SamplesPerPixel. Defining non-color channels as ExtraSamples.
[ WARN:0@142.173] global grfmt_tiff.cpp:122 TIFF_Warning TIFFReadDirectory: Sum of Photometric type-related color channels and ExtraSamples doesn't match SamplesPerPixel. Defining non-color channels as ExtraSamples.
[ WARN:0@142.174] global grfmt_tiff.cpp:122 TIFF_Warning TIFFReadDirectory: Sum of Photometric type-related color channels and ExtraSamples doesn't match SamplesPerPixel. Defining non-color channels as ExtraSamples.
[ WARN:0@142.174] global grfmt_tiff.cpp:122 TIFF_Warning TIFFReadDirectory: Sum of Photometric type-related color channels and ExtraSamples doesn't match SamplesPerPixel. Defining non-color channels as ExtraSamples.
[ WARN:0@142.175] global grfmt_tiff.cpp:122 TIFF_Warning TIFFReadDirectory: Sum of Photometric type-related color channels and ExtraSamples doesn't match SamplesPerPixel. Defining non-color channels as ExtraSamples.
[ WARN:0@142.176] global grfmt_tiff.cpp:122 TIFF_Warning TIFFReadDirectory: Sum of Photometric type-related color channels and ExtraSamples doesn't match SamplesPerPixel. Defining non-color channels as ExtraSamples.
[ WARN:0@142.176] global grfmt_tiff.cpp:122 TIFF_Warning TIFFReadDirectory: Sum of Photometric type-related color channels and ExtraSamples doesn't match SamplesPerPixel. Defining non-color channels as ExtraSamples.
[ WARN:0@142.177] global grfmt_tiff.cpp:122 TIFF_Warning TIFFReadDirectory: Sum of Photometric type-related color channels and ExtraSamples doesn't match SamplesPerPixel. Defining non-color channels as ExtraSamples.
[ WARN:0@142.178] global grfmt_tiff.cpp:122 TIFF_Warning TIFFReadDirectory: Sum of Photometric type-related color channels and ExtraSamples doesn't match SamplesPerPixel. Defining non-color channels as ExtraSamples.
[ WARN:0@142.178] global grfmt_tiff.cpp:122 TIFF_Warning TIFFReadDirectory: Sum of Photometric type-related color channels and ExtraSamples doesn't match SamplesPerPixel. Defining non-color channels as ExtraSamples.
[ WARN:0@142.179] global grfmt_tiff.cpp:122 TIFF_Warning TIFFReadDirectory: Sum of Photometric type-related color channels and ExtraSamples doesn't match SamplesPerPixel. Defining non-color channels as ExtraSamples.
[ WARN:0@142.180] global grfmt_tiff.cpp:122 TIFF_Warning TIFFReadDirectory: Sum of Photometric type-related color channels and ExtraSamples doesn't match SamplesPerPixel. Defining non-color channels as ExtraSamples.
[ WARN:0@142.180] global grfmt_tiff.cpp:122 TIFF_Warning TIFFReadDirectory: Sum of Photometric type-related color channels and ExtraSamples doesn't match SamplesPerPixel. Defining non-color channels as ExtraSamples.
[ WARN:0@142.181] global grfmt_tiff.cpp:122 TIFF_Warning TIFFReadDirectory: Sum of Photometric type-related color channels and ExtraSamples doesn't match SamplesPerPixel. Defining non-color channels as ExtraSamples.
[ WARN:0@142.182] global grfmt_tiff.cpp:122 TIFF_Warning TIFFReadDirectory: Sum of Photometric type-related color channels and ExtraSamples doesn't match SamplesPerPixel. Defining non-color channels as ExtraSamples.
[ WARN:0@142.182] global grfmt_tiff.cpp:122 TIFF_Warning TIFFReadDirectory: Sum of Photometric type-related color channels and ExtraSamples doesn't match SamplesPerPixel. Defining non-color channels as ExtraSamples.
[ WARN:0@142.183] global grfmt_tiff.cpp:122 TIFF_Warning TIFFReadDirectory: Sum of Photometric type-related color channels and ExtraSamples doesn't match SamplesPerPixel. Defining non-color channels as ExtraSamples.
[ WARN:0@142.184] global grfmt_tiff.cpp:122 TIFF_Warning TIFFReadDirectory: Sum of Photometric type-related color channels and ExtraSamples doesn't match SamplesPerPixel. Defining non-color channels as ExtraSamples.
[ WARN:0@142.184] global grfmt_tiff.cpp:122 TIFF_Warning TIFFReadDirectory: Sum of Photometric type-related color channels and ExtraSamples doesn't match SamplesPerPixel. Defining non-color channels as ExtraSamples.
[ WARN:0@142.185] global grfmt_tiff.cpp:122 TIFF_Warning TIFFReadDirectory: Sum of Photometric type-related color channels and ExtraSamples doesn't match SamplesPerPixel. Defining non-color channels as ExtraSamples.
[ WARN:0@142.186] global grfmt_tiff.cpp:122 TIFF_Warning TIFFReadDirectory: Sum of Photometric type-related color channels and ExtraSamples doesn't match SamplesPerPixel. Defining non-color channels as ExtraSamples.
[ WARN:0@142.186] global grfmt_tiff.cpp:122 TIFF_Warning TIFFReadDirectory: Sum of Photometric type-related color channels and ExtraSamples doesn't match SamplesPerPixel. Defining non-color channels as ExtraSamples.
[ WARN:0@142.187] global grfmt_tiff.cpp:122 TIFF_Warning TIFFReadDirectory: Sum of Photometric type-related color channels and ExtraSamples doesn't match SamplesPerPixel. Defining non-color channels as ExtraSamples.
[ WARN:0@142.187] global grfmt_tiff.cpp:122 TIFF_Warning TIFFReadDirectory: Sum of Photometric type-related color channels and ExtraSamples doesn't match SamplesPerPixel. Defining non-color channels as ExtraSamples.
[ WARN:0@142.188] global grfmt_tiff.cpp:122 TIFF_Warning TIFFReadDirectory: Sum of Photometric type-related color channels and ExtraSamples doesn't match SamplesPerPixel. Defining non-color channels as ExtraSamples.
[ WARN:0@142.189] global grfmt_tiff.cpp:122 TIFF_Warning TIFFReadDirectory: Sum of Photometric type-related color channels and ExtraSamples doesn't match SamplesPerPixel. Defining non-color channels as ExtraSamples.
[ WARN:0@142.190] global grfmt_tiff.cpp:122 TIFF_Warning TIFFReadDirectory: Sum of Photometric type-related color channels and ExtraSamples doesn't match SamplesPerPixel. Defining non-color channels as ExtraSamples.
[ WARN:0@142.190] global grfmt_tiff.cpp:122 TIFF_Warning TIFFReadDirectory: Sum of Photometric type-related color channels and ExtraSamples doesn't match SamplesPerPixel. Defining non-color channels as ExtraSamples.
[ WARN:0@142.191] global grfmt_tiff.cpp:122 TIFF_Warning TIFFReadDirectory: Sum of Photometric type-related color channels and ExtraSamples doesn't match SamplesPerPixel. Defining non-color channels as ExtraSamples.
[ WARN:0@142.192] global grfmt_tiff.cpp:122 TIFF_Warning TIFFReadDirectory: Sum of Photometric type-related color channels and ExtraSamples doesn't match SamplesPerPixel. Defining non-color channels as ExtraSamples.
[ WARN:0@142.192] global grfmt_tiff.cpp:122 TIFF_Warning TIFFReadDirectory: Sum of Photometric type-related color channels and ExtraSamples doesn't match SamplesPerPixel. Defining non-color channels as ExtraSamples.
[ WARN:0@142.193] global grfmt_tiff.cpp:122 TIFF_Warning TIFFReadDirectory: Sum of Photometric type-related color channels and ExtraSamples doesn't match SamplesPerPixel. Defining non-color channels as ExtraSamples.
[ WARN:0@142.193] global grfmt_tiff.cpp:122 TIFF_Warning TIFFReadDirectory: Sum of Photometric type-related color channels and ExtraSamples doesn't match SamplesPerPixel. Defining non-color channels as ExtraSamples.
[ WARN:0@142.194] global grfmt_tiff.cpp:122 TIFF_Warning TIFFReadDirectory: Sum of Photometric type-related color channels and ExtraSamples doesn't match SamplesPerPixel. Defining non-color channels as ExtraSamples.
[ WARN:0@142.195] global grfmt_tiff.cpp:122 TIFF_Warning TIFFReadDirectory: Sum of Photometric type-related color channels and ExtraSamples doesn't match SamplesPerPixel. Defining non-color channels as ExtraSamples.
[ WARN:0@142.195] global grfmt_tiff.cpp:122 TIFF_Warning TIFFReadDirectory: Sum of Photometric type-related color channels and ExtraSamples doesn't match SamplesPerPixel. Defining non-color channels as ExtraSamples.
[ WARN:0@142.196] global grfmt_tiff.cpp:122 TIFF_Warning TIFFReadDirectory: Sum of Photometric type-related color channels and ExtraSamples doesn't match SamplesPerPixel. Defining non-color channels as ExtraSamples.
[ WARN:0@142.197] global grfmt_tiff.cpp:122 TIFF_Warning TIFFReadDirectory: Sum of Photometric type-related color channels and ExtraSamples doesn't match SamplesPerPixel. Defining non-color channels as ExtraSamples.
[ WARN:0@142.197] global grfmt_tiff.cpp:122 TIFF_Warning TIFFReadDirectory: Sum of Photometric type-related color channels and ExtraSamples doesn't match SamplesPerPixel. Defining non-color channels as ExtraSamples.
[ WARN:0@142.198] global grfmt_tiff.cpp:122 TIFF_Warning TIFFReadDirectory: Sum of Photometric type-related color channels and ExtraSamples doesn't match SamplesPerPixel. Defining non-color channels as ExtraSamples.
[ WARN:0@142.199] global grfmt_tiff.cpp:122 TIFF_Warning TIFFReadDirectory: Sum of Photometric type-related color channels and ExtraSamples doesn't match SamplesPerPixel. Defining non-color channels as ExtraSamples.
[ WARN:0@142.199] global grfmt_tiff.cpp:122 TIFF_Warning TIFFReadDirectory: Sum of Photometric type-related color channels and ExtraSamples doesn't match SamplesPerPixel. Defining non-color channels as ExtraSamples.
[ WARN:0@142.200] global grfmt_tiff.cpp:122 TIFF_Warning TIFFReadDirectory: Sum of Photometric type-related color channels and ExtraSamples doesn't match SamplesPerPixel. Defining non-color channels as ExtraSamples.
[ WARN:0@142.201] global grfmt_tiff.cpp:122 TIFF_Warning TIFFReadDirectory: Sum of Photometric type-related color channels and ExtraSamples doesn't match SamplesPerPixel. Defining non-color channels as ExtraSamples.
[ WARN:0@142.201] global grfmt_tiff.cpp:122 TIFF_Warning TIFFReadDirectory: Sum of Photometric type-related color channels and ExtraSamples doesn't match SamplesPerPixel. Defining non-color channels as ExtraSamples.
[ WARN:0@142.202] global grfmt_tiff.cpp:122 TIFF_Warning TIFFReadDirectory: Sum of Photometric type-related color channels and ExtraSamples doesn't match SamplesPerPixel. Defining non-color channels as ExtraSamples.
[ WARN:0@142.203] global grfmt_tiff.cpp:122 TIFF_Warning TIFFReadDirectory: Sum of Photometric type-related color channels and ExtraSamples doesn't match SamplesPerPixel. Defining non-color channels as ExtraSamples.
[ WARN:0@142.203] global grfmt_tiff.cpp:122 TIFF_Warning TIFFReadDirectory: Sum of Photometric type-related color channels and ExtraSamples doesn't match SamplesPerPixel. Defining non-color channels as ExtraSamples.
[ WARN:0@142.204] global grfmt_tiff.cpp:122 TIFF_Warning TIFFReadDirectory: Sum of Photometric type-related color channels and ExtraSamples doesn't match SamplesPerPixel. Defining non-color channels as ExtraSamples.
[ WARN:0@142.205] global grfmt_tiff.cpp:122 TIFF_Warning TIFFReadDirectory: Sum of Photometric type-related color channels and ExtraSamples doesn't match SamplesPerPixel. Defining non-color channels as ExtraSamples.
[ WARN:0@142.205] global grfmt_tiff.cpp:122 TIFF_Warning TIFFReadDirectory: Sum of Photometric type-related color channels and ExtraSamples doesn't match SamplesPerPixel. Defining non-color channels as ExtraSamples.
[ WARN:0@142.206] global grfmt_tiff.cpp:122 TIFF_Warning TIFFReadDirectory: Sum of Photometric type-related color channels and ExtraSamples doesn't match SamplesPerPixel. Defining non-color channels as ExtraSamples.
[ WARN:0@142.207] global grfmt_tiff.cpp:122 TIFF_Warning TIFFReadDirectory: Sum of Photometric type-related color channels and ExtraSamples doesn't match SamplesPerPixel. Defining non-color channels as ExtraSamples.
[ WARN:0@142.207] global grfmt_tiff.cpp:122 TIFF_Warning TIFFReadDirectory: Sum of Photometric type-related color channels and ExtraSamples doesn't match SamplesPerPixel. Defining non-color channels as ExtraSamples.
[ WARN:0@142.208] global grfmt_tiff.cpp:122 TIFF_Warning TIFFReadDirectory: Sum of Photometric type-related color channels and ExtraSamples doesn't match SamplesPerPixel. Defining non-color channels as ExtraSamples.
[ WARN:0@142.209] global grfmt_tiff.cpp:122 TIFF_Warning TIFFReadDirectory: Sum of Photometric type-related color channels and ExtraSamples doesn't match SamplesPerPixel. Defining non-color channels as ExtraSamples.
[ WARN:0@142.209] global grfmt_tiff.cpp:122 TIFF_Warning TIFFReadDirectory: Sum of Photometric type-related color channels and ExtraSamples doesn't match SamplesPerPixel. Defining non-color channels as ExtraSamples.
[ WARN:0@142.210] global grfmt_tiff.cpp:122 TIFF_Warning TIFFReadDirectory: Sum of Photometric type-related color channels and ExtraSamples doesn't match SamplesPerPixel. Defining non-color channels as ExtraSamples.
[ WARN:0@142.211] global grfmt_tiff.cpp:122 TIFF_Warning TIFFReadDirectory: Sum of Photometric type-related color channels and ExtraSamples doesn't match SamplesPerPixel. Defining non-color channels as ExtraSamples.
[ WARN:0@142.211] global grfmt_tiff.cpp:122 TIFF_Warning TIFFReadDirectory: Sum of Photometric type-related color channels and ExtraSamples doesn't match SamplesPerPixel. Defining non-color channels as ExtraSamples.
[ WARN:0@142.212] global grfmt_tiff.cpp:122 TIFF_Warning TIFFReadDirectory: Sum of Photometric type-related color channels and ExtraSamples doesn't match SamplesPerPixel. Defining non-color channels as ExtraSamples.
[ WARN:0@142.213] global grfmt_tiff.cpp:122 TIFF_Warning TIFFReadDirectory: Sum of Photometric type-related color channels and ExtraSamples doesn't match SamplesPerPixel. Defining non-color channels as ExtraSamples.
[ WARN:0@142.213] global grfmt_tiff.cpp:122 TIFF_Warning TIFFReadDirectory: Sum of Photometric type-related color channels and ExtraSamples doesn't match SamplesPerPixel. Defining non-color channels as ExtraSamples.
[ WARN:0@142.214] global grfmt_tiff.cpp:122 TIFF_Warning TIFFReadDirectory: Sum of Photometric type-related color channels and ExtraSamples doesn't match SamplesPerPixel. Defining non-color channels as ExtraSamples.
[ WARN:0@142.215] global grfmt_tiff.cpp:122 TIFF_Warning TIFFReadDirectory: Sum of Photometric type-related color channels and ExtraSamples doesn't match SamplesPerPixel. Defining non-color channels as ExtraSamples.
[ WARN:0@142.215] global grfmt_tiff.cpp:122 TIFF_Warning TIFFReadDirectory: Sum of Photometric type-related color channels and ExtraSamples doesn't match SamplesPerPixel. Defining non-color channels as ExtraSamples.
[ WARN:0@142.216] global grfmt_tiff.cpp:122 TIFF_Warning TIFFReadDirectory: Sum of Photometric type-related color channels and ExtraSamples doesn't match SamplesPerPixel. Defining non-color channels as ExtraSamples.
[ WARN:0@142.217] global grfmt_tiff.cpp:122 TIFF_Warning TIFFReadDirectory: Sum of Photometric type-related color channels and ExtraSamples doesn't match SamplesPerPixel. Defining non-color channels as ExtraSamples.
[ WARN:0@142.217] global grfmt_tiff.cpp:122 TIFF_Warning TIFFReadDirectory: Sum of Photometric type-related color channels and ExtraSamples doesn't match SamplesPerPixel. Defining non-color channels as ExtraSamples.
[ WARN:0@142.218] global grfmt_tiff.cpp:122 TIFF_Warning TIFFReadDirectory: Sum of Photometric type-related color channels and ExtraSamples doesn't match SamplesPerPixel. Defining non-color channels as ExtraSamples.
[ WARN:0@142.219] global grfmt_tiff.cpp:122 TIFF_Warning TIFFReadDirectory: Sum of Photometric type-related color channels and ExtraSamples doesn't match SamplesPerPixel. Defining non-color channels as ExtraSamples.
[ WARN:0@142.219] global grfmt_tiff.cpp:122 TIFF_Warning TIFFReadDirectory: Sum of Photometric type-related color channels and ExtraSamples doesn't match SamplesPerPixel. Defining non-color channels as ExtraSamples.
[ WARN:0@142.220] global grfmt_tiff.cpp:122 TIFF_Warning TIFFReadDirectory: Sum of Photometric type-related color channels and ExtraSamples doesn't match SamplesPerPixel. Defining non-color channels as ExtraSamples.
[ WARN:0@142.221] global grfmt_tiff.cpp:122 TIFF_Warning TIFFReadDirectory: Sum of Photometric type-related color channels and ExtraSamples doesn't match SamplesPerPixel. Defining non-color channels as ExtraSamples.
[ WARN:0@142.221] global grfmt_tiff.cpp:122 TIFF_Warning TIFFReadDirectory: Sum of Photometric type-related color channels and ExtraSamples doesn't match SamplesPerPixel. Defining non-color channels as ExtraSamples.
[ WARN:0@142.222] global grfmt_tiff.cpp:122 TIFF_Warning TIFFReadDirectory: Sum of Photometric type-related color channels and ExtraSamples doesn't match SamplesPerPixel. Defining non-color channels as ExtraSamples.
[ WARN:0@142.222] global grfmt_tiff.cpp:122 TIFF_Warning TIFFReadDirectory: Sum of Photometric type-related color channels and ExtraSamples doesn't match SamplesPerPixel. Defining non-color channels as ExtraSamples.
[ WARN:0@142.223] global grfmt_tiff.cpp:122 TIFF_Warning TIFFReadDirectory: Sum of Photometric type-related color channels and ExtraSamples doesn't match SamplesPerPixel. Defining non-color channels as ExtraSamples.
[ WARN:0@142.224] global grfmt_tiff.cpp:122 TIFF_Warning TIFFReadDirectory: Sum of Photometric type-related color channels and ExtraSamples doesn't match SamplesPerPixel. Defining non-color channels as ExtraSamples.
[ WARN:0@142.224] global grfmt_tiff.cpp:122 TIFF_Warning TIFFReadDirectory: Sum of Photometric type-related color channels and ExtraSamples doesn't match SamplesPerPixel. Defining non-color channels as ExtraSamples.
[ WARN:0@142.225] global grfmt_tiff.cpp:122 TIFF_Warning TIFFReadDirectory: Sum of Photometric type-related color channels and ExtraSamples doesn't match SamplesPerPixel. Defining non-color channels as ExtraSamples.
[ WARN:0@142.226] global grfmt_tiff.cpp:122 TIFF_Warning TIFFReadDirectory: Sum of Photometric type-related color channels and ExtraSamples doesn't match SamplesPerPixel. Defining non-color channels as ExtraSamples.
[ WARN:0@142.226] global grfmt_tiff.cpp:122 TIFF_Warning TIFFReadDirectory: Sum of Photometric type-related color channels and ExtraSamples doesn't match SamplesPerPixel. Defining non-color channels as ExtraSamples.
[ WARN:0@142.227] global grfmt_tiff.cpp:122 TIFF_Warning TIFFReadDirectory: Sum of Photometric type-related color channels and ExtraSamples doesn't match SamplesPerPixel. Defining non-color channels as ExtraSamples.
[ WARN:0@142.228] global grfmt_tiff.cpp:122 TIFF_Warning TIFFReadDirectory: Sum of Photometric type-related color channels and ExtraSamples doesn't match SamplesPerPixel. Defining non-color channels as ExtraSamples.
[ WARN:0@142.228] global grfmt_tiff.cpp:122 TIFF_Warning TIFFReadDirectory: Sum of Photometric type-related color channels and ExtraSamples doesn't match SamplesPerPixel. Defining non-color channels as ExtraSamples.
[ WARN:0@142.229] global grfmt_tiff.cpp:122 TIFF_Warning TIFFReadDirectory: Sum of Photometric type-related color channels and ExtraSamples doesn't match SamplesPerPixel. Defining non-color channels as ExtraSamples.
[ WARN:0@142.230] global grfmt_tiff.cpp:122 TIFF_Warning TIFFReadDirectory: Sum of Photometric type-related color channels and ExtraSamples doesn't match SamplesPerPixel. Defining non-color channels as ExtraSamples.
[ WARN:0@142.230] global grfmt_tiff.cpp:122 TIFF_Warning TIFFReadDirectory: Sum of Photometric type-related color channels and ExtraSamples doesn't match SamplesPerPixel. Defining non-color channels as ExtraSamples.
[ WARN:0@142.231] global grfmt_tiff.cpp:122 TIFF_Warning TIFFReadDirectory: Sum of Photometric type-related color channels and ExtraSamples doesn't match SamplesPerPixel. Defining non-color channels as ExtraSamples.
[ WARN:0@142.232] global grfmt_tiff.cpp:122 TIFF_Warning TIFFReadDirectory: Sum of Photometric type-related color channels and ExtraSamples doesn't match SamplesPerPixel. Defining non-color channels as ExtraSamples.
[ WARN:0@142.232] global grfmt_tiff.cpp:122 TIFF_Warning TIFFReadDirectory: Sum of Photometric type-related color channels and ExtraSamples doesn't match SamplesPerPixel. Defining non-color channels as ExtraSamples.
[ WARN:0@142.233] global grfmt_tiff.cpp:122 TIFF_Warning TIFFReadDirectory: Sum of Photometric type-related color channels and ExtraSamples doesn't match SamplesPerPixel. Defining non-color channels as ExtraSamples.
[ WARN:0@142.234] global grfmt_tiff.cpp:122 TIFF_Warning TIFFReadDirectory: Sum of Photometric type-related color channels and ExtraSamples doesn't match SamplesPerPixel. Defining non-color channels as ExtraSamples.
[ WARN:0@142.234] global grfmt_tiff.cpp:122 TIFF_Warning TIFFReadDirectory: Sum of Photometric type-related color channels and ExtraSamples doesn't match SamplesPerPixel. Defining non-color channels as ExtraSamples.
[ WARN:0@142.235] global grfmt_tiff.cpp:122 TIFF_Warning TIFFReadDirectory: Sum of Photometric type-related color channels and ExtraSamples doesn't match SamplesPerPixel. Defining non-color channels as ExtraSamples.
[ WARN:0@142.235] global grfmt_tiff.cpp:122 TIFF_Warning TIFFReadDirectory: Sum of Photometric type-related color channels and ExtraSamples doesn't match SamplesPerPixel. Defining non-color channels as ExtraSamples.
[ WARN:0@142.236] global grfmt_tiff.cpp:122 TIFF_Warning TIFFReadDirectory: Sum of Photometric type-related color channels and ExtraSamples doesn't match SamplesPerPixel. Defining non-color channels as ExtraSamples.
[ WARN:0@142.237] global grfmt_tiff.cpp:122 TIFF_Warning TIFFReadDirectory: Sum of Photometric type-related color channels and ExtraSamples doesn't match SamplesPerPixel. Defining non-color channels as ExtraSamples.
[ WARN:0@142.237] global grfmt_tiff.cpp:122 TIFF_Warning TIFFReadDirectory: Sum of Photometric type-related color channels and ExtraSamples doesn't match SamplesPerPixel. Defining non-color channels as ExtraSamples.
[ WARN:0@142.238] global grfmt_tiff.cpp:122 TIFF_Warning TIFFReadDirectory: Sum of Photometric type-related color channels and ExtraSamples doesn't match SamplesPerPixel. Defining non-color channels as ExtraSamples.
[ WARN:0@142.239] global grfmt_tiff.cpp:122 TIFF_Warning TIFFReadDirectory: Sum of Photometric type-related color channels and ExtraSamples doesn't match SamplesPerPixel. Defining non-color channels as ExtraSamples.
[ WARN:0@142.239] global grfmt_tiff.cpp:122 TIFF_Warning TIFFReadDirectory: Sum of Photometric type-related color channels and ExtraSamples doesn't match SamplesPerPixel. Defining non-color channels as ExtraSamples.
[ WARN:0@142.240] global grfmt_tiff.cpp:122 TIFF_Warning TIFFReadDirectory: Sum of Photometric type-related color channels and ExtraSamples doesn't match SamplesPerPixel. Defining non-color channels as ExtraSamples.
[ WARN:0@142.241] global grfmt_tiff.cpp:122 TIFF_Warning TIFFReadDirectory: Sum of Photometric type-related color channels and ExtraSamples doesn't match SamplesPerPixel. Defining non-color channels as ExtraSamples.
[ WARN:0@142.241] global grfmt_tiff.cpp:122 TIFF_Warning TIFFReadDirectory: Sum of Photometric type-related color channels and ExtraSamples doesn't match SamplesPerPixel. Defining non-color channels as ExtraSamples.
[ WARN:0@142.242] global grfmt_tiff.cpp:122 TIFF_Warning TIFFReadDirectory: Sum of Photometric type-related color channels and ExtraSamples doesn't match SamplesPerPixel. Defining non-color channels as ExtraSamples.
[ WARN:0@142.243] global grfmt_tiff.cpp:122 TIFF_Warning TIFFReadDirectory: Sum of Photometric type-related color channels and ExtraSamples doesn't match SamplesPerPixel. Defining non-color channels as ExtraSamples.
[ WARN:0@142.244] global grfmt_tiff.cpp:122 TIFF_Warning TIFFReadDirectory: Sum of Photometric type-related color channels and ExtraSamples doesn't match SamplesPerPixel. Defining non-color channels as ExtraSamples.
[ WARN:0@142.244] global grfmt_tiff.cpp:122 TIFF_Warning TIFFReadDirectory: Sum of Photometric type-related color channels and ExtraSamples doesn't match SamplesPerPixel. Defining non-color channels as ExtraSamples.
[ WARN:0@142.245] global grfmt_tiff.cpp:122 TIFF_Warning TIFFReadDirectory: Sum of Photometric type-related color channels and ExtraSamples doesn't match SamplesPerPixel. Defining non-color channels as ExtraSamples.
[ WARN:0@142.246] global grfmt_tiff.cpp:122 TIFF_Warning TIFFReadDirectory: Sum of Photometric type-related color channels and ExtraSamples doesn't match SamplesPerPixel. Defining non-color channels as ExtraSamples.
[ WARN:0@142.246] global grfmt_tiff.cpp:122 TIFF_Warning TIFFReadDirectory: Sum of Photometric type-related color channels and ExtraSamples doesn't match SamplesPerPixel. Defining non-color channels as ExtraSamples.
[ WARN:0@142.247] global grfmt_tiff.cpp:122 TIFF_Warning TIFFReadDirectory: Sum of Photometric type-related color channels and ExtraSamples doesn't match SamplesPerPixel. Defining non-color channels as ExtraSamples.
[ WARN:0@142.248] global grfmt_tiff.cpp:122 TIFF_Warning TIFFReadDirectory: Sum of Photometric type-related color channels and ExtraSamples doesn't match SamplesPerPixel. Defining non-color channels as ExtraSamples.
[ WARN:0@142.248] global grfmt_tiff.cpp:122 TIFF_Warning TIFFReadDirectory: Sum of Photometric type-related color channels and ExtraSamples doesn't match SamplesPerPixel. Defining non-color channels as ExtraSamples.
[ WARN:0@142.249] global grfmt_tiff.cpp:122 TIFF_Warning TIFFReadDirectory: Sum of Photometric type-related color channels and ExtraSamples doesn't match SamplesPerPixel. Defining non-color channels as ExtraSamples.
[ WARN:0@142.249] global grfmt_tiff.cpp:122 TIFF_Warning TIFFReadDirectory: Sum of Photometric type-related color channels and ExtraSamples doesn't match SamplesPerPixel. Defining non-color channels as ExtraSamples.
[ WARN:0@142.250] global grfmt_tiff.cpp:122 TIFF_Warning TIFFReadDirectory: Sum of Photometric type-related color channels and ExtraSamples doesn't match SamplesPerPixel. Defining non-color channels as ExtraSamples.
[ WARN:0@142.251] global grfmt_tiff.cpp:122 TIFF_Warning TIFFReadDirectory: Sum of Photometric type-related color channels and ExtraSamples doesn't match SamplesPerPixel. Defining non-color channels as ExtraSamples.
[ WARN:0@142.251] global grfmt_tiff.cpp:122 TIFF_Warning TIFFReadDirectory: Sum of Photometric type-related color channels and ExtraSamples doesn't match SamplesPerPixel. Defining non-color channels as ExtraSamples.
[ WARN:0@142.252] global grfmt_tiff.cpp:122 TIFF_Warning TIFFReadDirectory: Sum of Photometric type-related color channels and ExtraSamples doesn't match SamplesPerPixel. Defining non-color channels as ExtraSamples.
[ WARN:0@142.253] global grfmt_tiff.cpp:122 TIFF_Warning TIFFReadDirectory: Sum of Photometric type-related color channels and ExtraSamples doesn't match SamplesPerPixel. Defining non-color channels as ExtraSamples.
[ WARN:0@142.253] global grfmt_tiff.cpp:122 TIFF_Warning TIFFReadDirectory: Sum of Photometric type-related color channels and ExtraSamples doesn't match SamplesPerPixel. Defining non-color channels as ExtraSamples.
[ WARN:0@142.254] global grfmt_tiff.cpp:122 TIFF_Warning TIFFReadDirectory: Sum of Photometric type-related color channels and ExtraSamples doesn't match SamplesPerPixel. Defining non-color channels as ExtraSamples.
[ WARN:0@142.255] global grfmt_tiff.cpp:122 TIFF_Warning TIFFReadDirectory: Sum of Photometric type-related color channels and ExtraSamples doesn't match SamplesPerPixel. Defining non-color channels as ExtraSamples.
[ WARN:0@142.255] global grfmt_tiff.cpp:122 TIFF_Warning TIFFReadDirectory: Sum of Photometric type-related color channels and ExtraSamples doesn't match SamplesPerPixel. Defining non-color channels as ExtraSamples.
[ WARN:0@142.256] global grfmt_tiff.cpp:122 TIFF_Warning TIFFReadDirectory: Sum of Photometric type-related color channels and ExtraSamples doesn't match SamplesPerPixel. Defining non-color channels as ExtraSamples.
[ WARN:0@142.257] global grfmt_tiff.cpp:122 TIFF_Warning TIFFReadDirectory: Sum of Photometric type-related color channels and ExtraSamples doesn't match SamplesPerPixel. Defining non-color channels as ExtraSamples.
[ WARN:0@142.257] global grfmt_tiff.cpp:122 TIFF_Warning TIFFReadDirectory: Sum of Photometric type-related color channels and ExtraSamples doesn't match SamplesPerPixel. Defining non-color channels as ExtraSamples.
[ WARN:0@142.258] global grfmt_tiff.cpp:122 TIFF_Warning TIFFReadDirectory: Sum of Photometric type-related color channels and ExtraSamples doesn't match SamplesPerPixel. Defining non-color channels as ExtraSamples.
[ WARN:0@142.259] global grfmt_tiff.cpp:122 TIFF_Warning TIFFReadDirectory: Sum of Photometric type-related color channels and ExtraSamples doesn't match SamplesPerPixel. Defining non-color channels as ExtraSamples.
[ WARN:0@142.259] global grfmt_tiff.cpp:122 TIFF_Warning TIFFReadDirectory: Sum of Photometric type-related color channels and ExtraSamples doesn't match SamplesPerPixel. Defining non-color channels as ExtraSamples.
[ WARN:0@142.260] global grfmt_tiff.cpp:122 TIFF_Warning TIFFReadDirectory: Sum of Photometric type-related color channels and ExtraSamples doesn't match SamplesPerPixel. Defining non-color channels as ExtraSamples.
[ WARN:0@142.261] global grfmt_tiff.cpp:122 TIFF_Warning TIFFReadDirectory: Sum of Photometric type-related color channels and ExtraSamples doesn't match SamplesPerPixel. Defining non-color channels as ExtraSamples.
[ WARN:0@142.261] global grfmt_tiff.cpp:122 TIFF_Warning TIFFReadDirectory: Sum of Photometric type-related color channels and ExtraSamples doesn't match SamplesPerPixel. Defining non-color channels as ExtraSamples.
[ WARN:0@142.262] global grfmt_tiff.cpp:122 TIFF_Warning TIFFReadDirectory: Sum of Photometric type-related color channels and ExtraSamples doesn't match SamplesPerPixel. Defining non-color channels as ExtraSamples.
[ WARN:0@142.263] global grfmt_tiff.cpp:122 TIFF_Warning TIFFReadDirectory: Sum of Photometric type-related color channels and ExtraSamples doesn't match SamplesPerPixel. Defining non-color channels as ExtraSamples.
[ WARN:0@142.264] global grfmt_tiff.cpp:122 TIFF_Warning TIFFReadDirectory: Sum of Photometric type-related color channels and ExtraSamples doesn't match SamplesPerPixel. Defining non-color channels as ExtraSamples.
[ WARN:0@142.264] global grfmt_tiff.cpp:122 TIFF_Warning TIFFReadDirectory: Sum of Photometric type-related color channels and ExtraSamples doesn't match SamplesPerPixel. Defining non-color channels as ExtraSamples.
[ WARN:0@142.265] global grfmt_tiff.cpp:122 TIFF_Warning TIFFReadDirectory: Sum of Photometric type-related color channels and ExtraSamples doesn't match SamplesPerPixel. Defining non-color channels as ExtraSamples.
[ WARN:0@142.265] global grfmt_tiff.cpp:122 TIFF_Warning TIFFReadDirectory: Sum of Photometric type-related color channels and ExtraSamples doesn't match SamplesPerPixel. Defining non-color channels as ExtraSamples.
[ WARN:0@142.266] global grfmt_tiff.cpp:122 TIFF_Warning TIFFReadDirectory: Sum of Photometric type-related color channels and ExtraSamples doesn't match SamplesPerPixel. Defining non-color channels as ExtraSamples.
[ WARN:0@142.267] global grfmt_tiff.cpp:122 TIFF_Warning TIFFReadDirectory: Sum of Photometric type-related color channels and ExtraSamples doesn't match SamplesPerPixel. Defining non-color channels as ExtraSamples.
[ WARN:0@142.267] global grfmt_tiff.cpp:122 TIFF_Warning TIFFReadDirectory: Sum of Photometric type-related color channels and ExtraSamples doesn't match SamplesPerPixel. Defining non-color channels as ExtraSamples.
[ WARN:0@142.268] global grfmt_tiff.cpp:122 TIFF_Warning TIFFReadDirectory: Sum of Photometric type-related color channels and ExtraSamples doesn't match SamplesPerPixel. Defining non-color channels as ExtraSamples.
[ WARN:0@142.269] global grfmt_tiff.cpp:122 TIFF_Warning TIFFReadDirectory: Sum of Photometric type-related color channels and ExtraSamples doesn't match SamplesPerPixel. Defining non-color channels as ExtraSamples.
[ WARN:0@142.269] global grfmt_tiff.cpp:122 TIFF_Warning TIFFReadDirectory: Sum of Photometric type-related color channels and ExtraSamples doesn't match SamplesPerPixel. Defining non-color channels as ExtraSamples.
[ WARN:0@142.270] global grfmt_tiff.cpp:122 TIFF_Warning TIFFReadDirectory: Sum of Photometric type-related color channels and ExtraSamples doesn't match SamplesPerPixel. Defining non-color channels as ExtraSamples.
[ WARN:0@142.271] global grfmt_tiff.cpp:122 TIFF_Warning TIFFReadDirectory: Sum of Photometric type-related color channels and ExtraSamples doesn't match SamplesPerPixel. Defining non-color channels as ExtraSamples.
[ WARN:0@142.271] global grfmt_tiff.cpp:122 TIFF_Warning TIFFReadDirectory: Sum of Photometric type-related color channels and ExtraSamples doesn't match SamplesPerPixel. Defining non-color channels as ExtraSamples.
[ WARN:0@142.272] global grfmt_tiff.cpp:122 TIFF_Warning TIFFReadDirectory: Sum of Photometric type-related color channels and ExtraSamples doesn't match SamplesPerPixel. Defining non-color channels as ExtraSamples.
[ WARN:0@142.273] global grfmt_tiff.cpp:122 TIFF_Warning TIFFReadDirectory: Sum of Photometric type-related color channels and ExtraSamples doesn't match SamplesPerPixel. Defining non-color channels as ExtraSamples.
[ WARN:0@142.273] global grfmt_tiff.cpp:122 TIFF_Warning TIFFReadDirectory: Sum of Photometric type-related color channels and ExtraSamples doesn't match SamplesPerPixel. Defining non-color channels as ExtraSamples.
[ WARN:0@142.274] global grfmt_tiff.cpp:122 TIFF_Warning TIFFReadDirectory: Sum of Photometric type-related color channels and ExtraSamples doesn't match SamplesPerPixel. Defining non-color channels as ExtraSamples.
[ WARN:0@142.275] global grfmt_tiff.cpp:122 TIFF_Warning TIFFReadDirectory: Sum of Photometric type-related color channels and ExtraSamples doesn't match SamplesPerPixel. Defining non-color channels as ExtraSamples.
[ WARN:0@142.275] global grfmt_tiff.cpp:122 TIFF_Warning TIFFReadDirectory: Sum of Photometric type-related color channels and ExtraSamples doesn't match SamplesPerPixel. Defining non-color channels as ExtraSamples.
[ WARN:0@142.276] global grfmt_tiff.cpp:122 TIFF_Warning TIFFReadDirectory: Sum of Photometric type-related color channels and ExtraSamples doesn't match SamplesPerPixel. Defining non-color channels as ExtraSamples.
[ WARN:0@142.277] global grfmt_tiff.cpp:122 TIFF_Warning TIFFReadDirectory: Sum of Photometric type-related color channels and ExtraSamples doesn't match SamplesPerPixel. Defining non-color channels as ExtraSamples.
[ WARN:0@142.277] global grfmt_tiff.cpp:122 TIFF_Warning TIFFReadDirectory: Sum of Photometric type-related color channels and ExtraSamples doesn't match SamplesPerPixel. Defining non-color channels as ExtraSamples.
[ WARN:0@142.278] global grfmt_tiff.cpp:122 TIFF_Warning TIFFReadDirectory: Sum of Photometric type-related color channels and ExtraSamples doesn't match SamplesPerPixel. Defining non-color channels as ExtraSamples.
[ WARN:0@142.279] global grfmt_tiff.cpp:122 TIFF_Warning TIFFReadDirectory: Sum of Photometric type-related color channels and ExtraSamples doesn't match SamplesPerPixel. Defining non-color channels as ExtraSamples.
[ WARN:0@142.279] global grfmt_tiff.cpp:122 TIFF_Warning TIFFReadDirectory: Sum of Photometric type-related color channels and ExtraSamples doesn't match SamplesPerPixel. Defining non-color channels as ExtraSamples.
[ WARN:0@142.280] global grfmt_tiff.cpp:122 TIFF_Warning TIFFReadDirectory: Sum of Photometric type-related color channels and ExtraSamples doesn't match SamplesPerPixel. Defining non-color channels as ExtraSamples.
[ WARN:0@142.281] global grfmt_tiff.cpp:122 TIFF_Warning TIFFReadDirectory: Sum of Photometric type-related color channels and ExtraSamples doesn't match SamplesPerPixel. Defining non-color channels as ExtraSamples.
[ WARN:0@142.281] global grfmt_tiff.cpp:122 TIFF_Warning TIFFReadDirectory: Sum of Photometric type-related color channels and ExtraSamples doesn't match SamplesPerPixel. Defining non-color channels as ExtraSamples.
[ WARN:0@142.282] global grfmt_tiff.cpp:122 TIFF_Warning TIFFReadDirectory: Sum of Photometric type-related color channels and ExtraSamples doesn't match SamplesPerPixel. Defining non-color channels as ExtraSamples.
[ WARN:0@142.282] global grfmt_tiff.cpp:122 TIFF_Warning TIFFReadDirectory: Sum of Photometric type-related color channels and ExtraSamples doesn't match SamplesPerPixel. Defining non-color channels as ExtraSamples.
[ WARN:0@142.283] global grfmt_tiff.cpp:122 TIFF_Warning TIFFReadDirectory: Sum of Photometric type-related color channels and ExtraSamples doesn't match SamplesPerPixel. Defining non-color channels as ExtraSamples.
[ WARN:0@142.284] global grfmt_tiff.cpp:122 TIFF_Warning TIFFReadDirectory: Sum of Photometric type-related color channels and ExtraSamples doesn't match SamplesPerPixel. Defining non-color channels as ExtraSamples.
[ WARN:0@142.284] global grfmt_tiff.cpp:122 TIFF_Warning TIFFReadDirectory: Sum of Photometric type-related color channels and ExtraSamples doesn't match SamplesPerPixel. Defining non-color channels as ExtraSamples.
[ WARN:0@142.285] global grfmt_tiff.cpp:122 TIFF_Warning TIFFReadDirectory: Sum of Photometric type-related color channels and ExtraSamples doesn't match SamplesPerPixel. Defining non-color channels as ExtraSamples.
[ WARN:0@142.286] global grfmt_tiff.cpp:122 TIFF_Warning TIFFReadDirectory: Sum of Photometric type-related color channels and ExtraSamples doesn't match SamplesPerPixel. Defining non-color channels as ExtraSamples.
[ WARN:0@142.286] global grfmt_tiff.cpp:122 TIFF_Warning TIFFReadDirectory: Sum of Photometric type-related color channels and ExtraSamples doesn't match SamplesPerPixel. Defining non-color channels as ExtraSamples.
[ WARN:0@142.287] global grfmt_tiff.cpp:122 TIFF_Warning TIFFReadDirectory: Sum of Photometric type-related color channels and ExtraSamples doesn't match SamplesPerPixel. Defining non-color channels as ExtraSamples.
[ WARN:0@142.288] global grfmt_tiff.cpp:122 TIFF_Warning TIFFReadDirectory: Sum of Photometric type-related color channels and ExtraSamples doesn't match SamplesPerPixel. Defining non-color channels as ExtraSamples.
[ WARN:0@142.288] global grfmt_tiff.cpp:122 TIFF_Warning TIFFReadDirectory: Sum of Photometric type-related color channels and ExtraSamples doesn't match SamplesPerPixel. Defining non-color channels as ExtraSamples.
[ WARN:0@142.289] global grfmt_tiff.cpp:122 TIFF_Warning TIFFReadDirectory: Sum of Photometric type-related color channels and ExtraSamples doesn't match SamplesPerPixel. Defining non-color channels as ExtraSamples.
[ WARN:0@142.290] global grfmt_tiff.cpp:122 TIFF_Warning TIFFReadDirectory: Sum of Photometric type-related color channels and ExtraSamples doesn't match SamplesPerPixel. Defining non-color channels as ExtraSamples.
[ WARN:0@142.291] global grfmt_tiff.cpp:122 TIFF_Warning TIFFReadDirectory: Sum of Photometric type-related color channels and ExtraSamples doesn't match SamplesPerPixel. Defining non-color channels as ExtraSamples.
[ WARN:0@142.291] global grfmt_tiff.cpp:122 TIFF_Warning TIFFReadDirectory: Sum of Photometric type-related color channels and ExtraSamples doesn't match SamplesPerPixel. Defining non-color channels as ExtraSamples.
[ WARN:0@142.292] global grfmt_tiff.cpp:122 TIFF_Warning TIFFReadDirectory: Sum of Photometric type-related color channels and ExtraSamples doesn't match SamplesPerPixel. Defining non-color channels as ExtraSamples.
[ WARN:0@142.293] global grfmt_tiff.cpp:122 TIFF_Warning TIFFReadDirectory: Sum of Photometric type-related color channels and ExtraSamples doesn't match SamplesPerPixel. Defining non-color channels as ExtraSamples.
[ WARN:0@142.293] global grfmt_tiff.cpp:122 TIFF_Warning TIFFReadDirectory: Sum of Photometric type-related color channels and ExtraSamples doesn't match SamplesPerPixel. Defining non-color channels as ExtraSamples.
[ WARN:0@142.294] global grfmt_tiff.cpp:122 TIFF_Warning TIFFReadDirectory: Sum of Photometric type-related color channels and ExtraSamples doesn't match SamplesPerPixel. Defining non-color channels as ExtraSamples.
[ WARN:0@142.295] global grfmt_tiff.cpp:122 TIFF_Warning TIFFReadDirectory: Sum of Photometric type-related color channels and ExtraSamples doesn't match SamplesPerPixel. Defining non-color channels as ExtraSamples.
[ WARN:0@142.295] global grfmt_tiff.cpp:122 TIFF_Warning TIFFReadDirectory: Sum of Photometric type-related color channels and ExtraSamples doesn't match SamplesPerPixel. Defining non-color channels as ExtraSamples.
[ WARN:0@142.296] global grfmt_tiff.cpp:122 TIFF_Warning TIFFReadDirectory: Sum of Photometric type-related color channels and ExtraSamples doesn't match SamplesPerPixel. Defining non-color channels as ExtraSamples.
[ WARN:0@142.297] global grfmt_tiff.cpp:122 TIFF_Warning TIFFReadDirectory: Sum of Photometric type-related color channels and ExtraSamples doesn't match SamplesPerPixel. Defining non-color channels as ExtraSamples.
[ WARN:0@142.297] global grfmt_tiff.cpp:122 TIFF_Warning TIFFReadDirectory: Sum of Photometric type-related color channels and ExtraSamples doesn't match SamplesPerPixel. Defining non-color channels as ExtraSamples.
[ WARN:0@142.298] global grfmt_tiff.cpp:122 TIFF_Warning TIFFReadDirectory: Sum of Photometric type-related color channels and ExtraSamples doesn't match SamplesPerPixel. Defining non-color channels as ExtraSamples.
[ WARN:0@142.299] global grfmt_tiff.cpp:122 TIFF_Warning TIFFReadDirectory: Sum of Photometric type-related color channels and ExtraSamples doesn't match SamplesPerPixel. Defining non-color channels as ExtraSamples.
[ WARN:0@142.299] global grfmt_tiff.cpp:122 TIFF_Warning TIFFReadDirectory: Sum of Photometric type-related color channels and ExtraSamples doesn't match SamplesPerPixel. Defining non-color channels as ExtraSamples.
[ WARN:0@142.300] global grfmt_tiff.cpp:122 TIFF_Warning TIFFReadDirectory: Sum of Photometric type-related color channels and ExtraSamples doesn't match SamplesPerPixel. Defining non-color channels as ExtraSamples.
[ WARN:0@142.301] global grfmt_tiff.cpp:122 TIFF_Warning TIFFReadDirectory: Sum of Photometric type-related color channels and ExtraSamples doesn't match SamplesPerPixel. Defining non-color channels as ExtraSamples.
[ WARN:0@142.301] global grfmt_tiff.cpp:122 TIFF_Warning TIFFReadDirectory: Sum of Photometric type-related color channels and ExtraSamples doesn't match SamplesPerPixel. Defining non-color channels as ExtraSamples.
[ WARN:0@142.302] global grfmt_tiff.cpp:122 TIFF_Warning TIFFReadDirectory: Sum of Photometric type-related color channels and ExtraSamples doesn't match SamplesPerPixel. Defining non-color channels as ExtraSamples.
[ WARN:0@142.303] global grfmt_tiff.cpp:122 TIFF_Warning TIFFReadDirectory: Sum of Photometric type-related color channels and ExtraSamples doesn't match SamplesPerPixel. Defining non-color channels as ExtraSamples.
[ WARN:0@142.303] global grfmt_tiff.cpp:122 TIFF_Warning TIFFReadDirectory: Sum of Photometric type-related color channels and ExtraSamples doesn't match SamplesPerPixel. Defining non-color channels as ExtraSamples.
[ WARN:0@142.304] global grfmt_tiff.cpp:122 TIFF_Warning TIFFReadDirectory: Sum of Photometric type-related color channels and ExtraSamples doesn't match SamplesPerPixel. Defining non-color channels as ExtraSamples.
[ WARN:0@142.305] global grfmt_tiff.cpp:122 TIFF_Warning TIFFReadDirectory: Sum of Photometric type-related color channels and ExtraSamples doesn't match SamplesPerPixel. Defining non-color channels as ExtraSamples.
[ PERFSTAT ]    (samples=10   mean=52.84   median=52.86   min=52.43   stddev=0.30 (0.6%))
[       OK ] Decode_multi_page.multi_page/2 (758 ms)
[ RUN      ] Decode_multi_page.multi_page/3, where GetParam() = ".webp"
[ PERFSTAT ]    (samples=10   mean=119.54   median=119.56   min=118.95   stddev=0.28 (0.2%))
[       OK ] Decode_multi_page.multi_page/3 (2557 ms)
[----------] 4 tests from Decode_multi_page (9205 ms total)

[----------] 70 tests from PNG_params
[ RUN      ] PNG_params.params/0, where GetParam() = (IMWRITE_PNG_STRATEGY_DEFAULT, IMWRITE_PNG_FILTER_NONE, 1)
  Encoded buffer size: 2009581 bytes, Compression ratio: 32.30%
[ PERFSTAT ]    (samples=10   mean=84.86   median=84.56   min=84.23   stddev=0.60 (0.7%))
[       OK ] PNG_params.params/0 (898 ms)
[ RUN      ] PNG_params.params/1, where GetParam() = (IMWRITE_PNG_STRATEGY_DEFAULT, IMWRITE_PNG_FILTER_NONE, 6)
  Encoded buffer size: 1812612 bytes, Compression ratio: 29.14%
[ PERFSTAT ]    (samples=10   mean=128.67   median=128.41   min=127.35   stddev=0.98 (0.8%))
[       OK ] PNG_params.params/1 (1330 ms)
[ RUN      ] PNG_params.params/2, where GetParam() = (IMWRITE_PNG_STRATEGY_DEFAULT, IMWRITE_PNG_FILTER_SUB, 1)
  Encoded buffer size: 1814986 bytes, Compression ratio: 29.18%
[ PERFSTAT ]    (samples=10   mean=84.13   median=84.00   min=83.42   stddev=0.66 (0.8%))
[       OK ] PNG_params.params/2 (888 ms)
[ RUN      ] PNG_params.params/3, where GetParam() = (IMWRITE_PNG_STRATEGY_DEFAULT, IMWRITE_PNG_FILTER_SUB, 6)
  Encoded buffer size: 1529761 bytes, Compression ratio: 24.59%
[ PERFSTAT ]    (samples=10   mean=208.83   median=208.71   min=207.53   stddev=1.16 (0.6%))
[       OK ] PNG_params.params/3 (2131 ms)
[ RUN      ] PNG_params.params/4, where GetParam() = (IMWRITE_PNG_STRATEGY_DEFAULT, IMWRITE_PNG_FILTER_UP, 1)
  Encoded buffer size: 1682926 bytes, Compression ratio: 27.05%
[ PERFSTAT ]    (samples=10   mean=77.60   median=77.47   min=77.24   stddev=0.32 (0.4%))
[       OK ] PNG_params.params/4 (823 ms)
[ RUN      ] PNG_params.params/5, where GetParam() = (IMWRITE_PNG_STRATEGY_DEFAULT, IMWRITE_PNG_FILTER_UP, 6)
  Encoded buffer size: 1453523 bytes, Compression ratio: 23.37%
[ PERFSTAT ]    (samples=10   mean=193.19   median=193.11   min=192.84   stddev=0.36 (0.2%))
[       OK ] PNG_params.params/5 (1974 ms)
[ RUN      ] PNG_params.params/6, where GetParam() = (IMWRITE_PNG_STRATEGY_DEFAULT, IMWRITE_PNG_FILTER_AVG, 1)
  Encoded buffer size: 1890656 bytes, Compression ratio: 30.39%
[ PERFSTAT ]    (samples=10   mean=87.09   median=87.05   min=86.81   stddev=0.25 (0.3%))
[       OK ] PNG_params.params/6 (916 ms)
[ RUN      ] PNG_params.params/7, where GetParam() = (IMWRITE_PNG_STRATEGY_DEFAULT, IMWRITE_PNG_FILTER_AVG, 6)
  Encoded buffer size: 1620033 bytes, Compression ratio: 26.04%
[ PERFSTAT ]    (samples=10   mean=248.67   median=248.45   min=247.94   stddev=0.61 (0.2%))
[       OK ] PNG_params.params/7 (2529 ms)
[ RUN      ] PNG_params.params/8, where GetParam() = (IMWRITE_PNG_STRATEGY_DEFAULT, IMWRITE_PNG_FILTER_PAETH, 1)
  Encoded buffer size: 1672778 bytes, Compression ratio: 26.89%
[ PERFSTAT ]    (samples=10   mean=93.95   median=93.81   min=93.64   stddev=0.40 (0.4%))
[       OK ] PNG_params.params/8 (984 ms)
[ RUN      ] PNG_params.params/9, where GetParam() = (IMWRITE_PNG_STRATEGY_DEFAULT, IMWRITE_PNG_FILTER_PAETH, 6)
  Encoded buffer size: 1426785 bytes, Compression ratio: 22.94%
[ PERFSTAT ]    (samples=10   mean=240.00   median=239.96   min=239.19   stddev=0.43 (0.2%))
[       OK ] PNG_params.params/9 (2443 ms)
[ RUN      ] PNG_params.params/10, where GetParam() = (IMWRITE_PNG_STRATEGY_DEFAULT, IMWRITE_PNG_FAST_FILTERS, 1)
  Encoded buffer size: 1683542 bytes, Compression ratio: 27.06%
[ PERFSTAT ]    (samples=10   mean=91.57   median=91.21   min=91.11   stddev=1.05 (1.1%))
[       OK ] PNG_params.params/10 (962 ms)
[ RUN      ] PNG_params.params/11, where GetParam() = (IMWRITE_PNG_STRATEGY_DEFAULT, IMWRITE_PNG_FAST_FILTERS, 6)
  Encoded buffer size: 1440899 bytes, Compression ratio: 23.16%
[ PERFSTAT ]    (samples=10   mean=220.90   median=220.57   min=220.12   stddev=0.75 (0.3%))
[       OK ] PNG_params.params/11 (2250 ms)
[ RUN      ] PNG_params.params/12, where GetParam() = (IMWRITE_PNG_STRATEGY_DEFAULT, IMWRITE_PNG_ALL_FILTERS, 1)
  Encoded buffer size: 1670297 bytes, Compression ratio: 26.85%
[ PERFSTAT ]    (samples=10   mean=119.17   median=119.13   min=119.03   stddev=0.13 (0.1%))
[       OK ] PNG_params.params/12 (1235 ms)
[ RUN      ] PNG_params.params/13, where GetParam() = (IMWRITE_PNG_STRATEGY_DEFAULT, IMWRITE_PNG_ALL_FILTERS, 6)
  Encoded buffer size: 1425413 bytes, Compression ratio: 22.91%
[ PERFSTAT ]    (samples=10   mean=271.70   median=271.40   min=271.29   stddev=0.70 (0.3%))
[       OK ] PNG_params.params/13 (2763 ms)
[ RUN      ] PNG_params.params/14, where GetParam() = (IMWRITE_PNG_STRATEGY_FILTERED, IMWRITE_PNG_FILTER_NONE, 1)
  Encoded buffer size: 2009581 bytes, Compression ratio: 32.30%
[ PERFSTAT ]    (samples=10   mean=84.46   median=84.19   min=84.07   stddev=0.54 (0.6%))
[       OK ] PNG_params.params/14 (889 ms)
[ RUN      ] PNG_params.params/15, where GetParam() = (IMWRITE_PNG_STRATEGY_FILTERED, IMWRITE_PNG_FILTER_NONE, 6)
  Encoded buffer size: 1897320 bytes, Compression ratio: 30.50%
[ PERFSTAT ]    (samples=10   mean=128.92   median=128.63   min=128.36   stddev=0.78 (0.6%))
[       OK ] PNG_params.params/15 (1333 ms)
[ RUN      ] PNG_params.params/16, where GetParam() = (IMWRITE_PNG_STRATEGY_FILTERED, IMWRITE_PNG_FILTER_SUB, 1)
  Encoded buffer size: 1814986 bytes, Compression ratio: 29.18%
[ PERFSTAT ]    (samples=10   mean=82.87   median=82.80   min=82.69   stddev=0.22 (0.3%))
[       OK ] PNG_params.params/16 (876 ms)
[ RUN      ] PNG_params.params/17, where GetParam() = (IMWRITE_PNG_STRATEGY_FILTERED, IMWRITE_PNG_FILTER_SUB, 6)
  Encoded buffer size: 1503740 bytes, Compression ratio: 24.17%
[ PERFSTAT ]    (samples=10   mean=219.58   median=219.55   min=219.21   stddev=0.31 (0.1%))
[       OK ] PNG_params.params/17 (2237 ms)
[ RUN      ] PNG_params.params/18, where GetParam() = (IMWRITE_PNG_STRATEGY_FILTERED, IMWRITE_PNG_FILTER_UP, 1)
  Encoded buffer size: 1682926 bytes, Compression ratio: 27.05%
[ PERFSTAT ]    (samples=10   mean=77.78   median=77.56   min=77.41   stddev=0.69 (0.9%))
[       OK ] PNG_params.params/18 (823 ms)
[ RUN      ] PNG_params.params/19, where GetParam() = (IMWRITE_PNG_STRATEGY_FILTERED, IMWRITE_PNG_FILTER_UP, 6)
  Encoded buffer size: 1443308 bytes, Compression ratio: 23.20%
[ PERFSTAT ]    (samples=10   mean=203.08   median=202.99   min=202.79   stddev=0.24 (0.1%))
[       OK ] PNG_params.params/19 (2072 ms)
[ RUN      ] PNG_params.params/20, where GetParam() = (IMWRITE_PNG_STRATEGY_FILTERED, IMWRITE_PNG_FILTER_AVG, 1)
  Encoded buffer size: 1890656 bytes, Compression ratio: 30.39%
[ PERFSTAT ]    (samples=10   mean=87.05   median=86.96   min=86.81   stddev=0.23 (0.3%))
[       OK ] PNG_params.params/20 (915 ms)
[ RUN      ] PNG_params.params/21, where GetParam() = (IMWRITE_PNG_STRATEGY_FILTERED, IMWRITE_PNG_FILTER_AVG, 6)
  Encoded buffer size: 1600868 bytes, Compression ratio: 25.73%
[ PERFSTAT ]    (samples=10   mean=264.27   median=264.19   min=263.95   stddev=0.21 (0.1%))
[       OK ] PNG_params.params/21 (2684 ms)
[ RUN      ] PNG_params.params/22, where GetParam() = (IMWRITE_PNG_STRATEGY_FILTERED, IMWRITE_PNG_FILTER_PAETH, 1)
  Encoded buffer size: 1672778 bytes, Compression ratio: 26.89%
[ PERFSTAT ]    (samples=10   mean=93.80   median=93.78   min=93.66   stddev=0.14 (0.2%))
[       OK ] PNG_params.params/22 (984 ms)
[ RUN      ] PNG_params.params/23, where GetParam() = (IMWRITE_PNG_STRATEGY_FILTERED, IMWRITE_PNG_FILTER_PAETH, 6)
  Encoded buffer size: 1389455 bytes, Compression ratio: 22.34%
[ PERFSTAT ]    (samples=10   mean=255.11   median=254.94   min=254.63   stddev=0.62 (0.2%))
[       OK ] PNG_params.params/23 (2593 ms)
[ RUN      ] PNG_params.params/24, where GetParam() = (IMWRITE_PNG_STRATEGY_FILTERED, IMWRITE_PNG_FAST_FILTERS, 1)
  Encoded buffer size: 1683542 bytes, Compression ratio: 27.06%
[ PERFSTAT ]    (samples=10   mean=91.30   median=91.33   min=91.08   stddev=0.12 (0.1%))
[       OK ] PNG_params.params/24 (959 ms)
[ RUN      ] PNG_params.params/25, where GetParam() = (IMWRITE_PNG_STRATEGY_FILTERED, IMWRITE_PNG_FAST_FILTERS, 6)
  Encoded buffer size: 1414588 bytes, Compression ratio: 22.74%
[ PERFSTAT ]    (samples=10   mean=232.11   median=231.76   min=231.37   stddev=1.14 (0.5%))
[       OK ] PNG_params.params/25 (2364 ms)
[ RUN      ] PNG_params.params/26, where GetParam() = (IMWRITE_PNG_STRATEGY_FILTERED, IMWRITE_PNG_ALL_FILTERS, 1)
  Encoded buffer size: 1670297 bytes, Compression ratio: 26.85%
[ PERFSTAT ]    (samples=10   mean=119.27   median=119.20   min=119.12   stddev=0.14 (0.1%))
[       OK ] PNG_params.params/26 (1240 ms)
[ RUN      ] PNG_params.params/27, where GetParam() = (IMWRITE_PNG_STRATEGY_FILTERED, IMWRITE_PNG_ALL_FILTERS, 6)
  Encoded buffer size: 1387921 bytes, Compression ratio: 22.31%
[ PERFSTAT ]    (samples=10   mean=287.52   median=287.28   min=286.87   stddev=0.75 (0.3%))
[       OK ] PNG_params.params/27 (2919 ms)
[ RUN      ] PNG_params.params/28, where GetParam() = (IMWRITE_PNG_STRATEGY_HUFFMAN_ONLY, IMWRITE_PNG_FILTER_NONE, 1)
  Encoded buffer size: 5356097 bytes, Compression ratio: 86.10%
[ PERFSTAT ]    (samples=10   mean=106.57   median=106.45   min=105.92   stddev=0.68 (0.6%))
[       OK ] PNG_params.params/28 (1113 ms)
[ RUN      ] PNG_params.params/29, where GetParam() = (IMWRITE_PNG_STRATEGY_HUFFMAN_ONLY, IMWRITE_PNG_FILTER_NONE, 6)
  Encoded buffer size: 5356097 bytes, Compression ratio: 86.10%
[ PERFSTAT ]    (samples=10   mean=106.51   median=106.21   min=106.03   stddev=0.76 (0.7%))
[       OK ] PNG_params.params/29 (1110 ms)
[ RUN      ] PNG_params.params/30, where GetParam() = (IMWRITE_PNG_STRATEGY_HUFFMAN_ONLY, IMWRITE_PNG_FILTER_SUB, 1)
  Encoded buffer size: 2123627 bytes, Compression ratio: 34.14%
[ PERFSTAT ]    (samples=10   mean=105.63   median=105.54   min=105.36   stddev=0.36 (0.3%))
[       OK ] PNG_params.params/30 (1100 ms)
[ RUN      ] PNG_params.params/31, where GetParam() = (IMWRITE_PNG_STRATEGY_HUFFMAN_ONLY, IMWRITE_PNG_FILTER_SUB, 6)
  Encoded buffer size: 2123627 bytes, Compression ratio: 34.14%
[ PERFSTAT ]    (samples=10   mean=105.84   median=105.58   min=105.30   stddev=0.60 (0.6%))
[       OK ] PNG_params.params/31 (1102 ms)
[ RUN      ] PNG_params.params/32, where GetParam() = (IMWRITE_PNG_STRATEGY_HUFFMAN_ONLY, IMWRITE_PNG_FILTER_UP, 1)
  Encoded buffer size: 2226394 bytes, Compression ratio: 35.79%
[ PERFSTAT ]    (samples=10   mean=103.25   median=103.18   min=102.96   stddev=0.28 (0.3%))
[       OK ] PNG_params.params/32 (1079 ms)
[ RUN      ] PNG_params.params/33, where GetParam() = (IMWRITE_PNG_STRATEGY_HUFFMAN_ONLY, IMWRITE_PNG_FILTER_UP, 6)
  Encoded buffer size: 2226394 bytes, Compression ratio: 35.79%
[ PERFSTAT ]    (samples=10   mean=103.47   median=103.38   min=103.20   stddev=0.22 (0.2%))
[       OK ] PNG_params.params/33 (1079 ms)
[ RUN      ] PNG_params.params/34, where GetParam() = (IMWRITE_PNG_STRATEGY_HUFFMAN_ONLY, IMWRITE_PNG_FILTER_AVG, 1)
  Encoded buffer size: 2213193 bytes, Compression ratio: 35.58%
[ PERFSTAT ]    (samples=10   mean=105.60   median=105.61   min=105.06   stddev=0.36 (0.3%))
[       OK ] PNG_params.params/34 (1100 ms)
[ RUN      ] PNG_params.params/35, where GetParam() = (IMWRITE_PNG_STRATEGY_HUFFMAN_ONLY, IMWRITE_PNG_FILTER_AVG, 6)
  Encoded buffer size: 2213193 bytes, Compression ratio: 35.58%
[ PERFSTAT ]    (samples=10   mean=105.58   median=105.49   min=104.78   stddev=0.49 (0.5%))
[       OK ] PNG_params.params/35 (1101 ms)
[ RUN      ] PNG_params.params/36, where GetParam() = (IMWRITE_PNG_STRATEGY_HUFFMAN_ONLY, IMWRITE_PNG_FILTER_PAETH, 1)
  Encoded buffer size: 1814788 bytes, Compression ratio: 29.17%
[ PERFSTAT ]    (samples=10   mean=116.93   median=116.80   min=116.55   stddev=0.44 (0.4%))
[       OK ] PNG_params.params/36 (1216 ms)
[ RUN      ] PNG_params.params/37, where GetParam() = (IMWRITE_PNG_STRATEGY_HUFFMAN_ONLY, IMWRITE_PNG_FILTER_PAETH, 6)
  Encoded buffer size: 1814788 bytes, Compression ratio: 29.17%
[ PERFSTAT ]    (samples=10   mean=116.74   median=116.65   min=116.38   stddev=0.32 (0.3%))
[       OK ] PNG_params.params/37 (1213 ms)
[ RUN      ] PNG_params.params/38, where GetParam() = (IMWRITE_PNG_STRATEGY_HUFFMAN_ONLY, IMWRITE_PNG_FAST_FILTERS, 1)
  Encoded buffer size: 2016677 bytes, Compression ratio: 32.42%
[ PERFSTAT ]    (samples=10   mean=115.42   median=115.39   min=115.19   stddev=0.18 (0.2%))
[       OK ] PNG_params.params/38 (1200 ms)
[ RUN      ] PNG_params.params/39, where GetParam() = (IMWRITE_PNG_STRATEGY_HUFFMAN_ONLY, IMWRITE_PNG_FAST_FILTERS, 6)
  Encoded buffer size: 2016677 bytes, Compression ratio: 32.42%
[ PERFSTAT ]    (samples=10   mean=115.49   median=115.39   min=115.30   stddev=0.20 (0.2%))
[       OK ] PNG_params.params/39 (1200 ms)
[ RUN      ] PNG_params.params/40, where GetParam() = (IMWRITE_PNG_STRATEGY_HUFFMAN_ONLY, IMWRITE_PNG_ALL_FILTERS, 1)
  Encoded buffer size: 1818131 bytes, Compression ratio: 29.23%
[ PERFSTAT ]    (samples=10   mean=141.64   median=141.58   min=141.39   stddev=0.27 (0.2%))
[       OK ] PNG_params.params/40 (1462 ms)
[ RUN      ] PNG_params.params/41, where GetParam() = (IMWRITE_PNG_STRATEGY_HUFFMAN_ONLY, IMWRITE_PNG_ALL_FILTERS, 6)
  Encoded buffer size: 1818131 bytes, Compression ratio: 29.23%
[ PERFSTAT ]    (samples=10   mean=141.72   median=141.69   min=141.40   stddev=0.24 (0.2%))
[       OK ] PNG_params.params/41 (1462 ms)
[ RUN      ] PNG_params.params/42, where GetParam() = (IMWRITE_PNG_STRATEGY_RLE, IMWRITE_PNG_FILTER_NONE, 1)
  Encoded buffer size: 5180397 bytes, Compression ratio: 83.28%
[ PERFSTAT ]    (samples=10   mean=100.76   median=100.46   min=100.07   stddev=0.77 (0.8%))
[       OK ] PNG_params.params/42 (1054 ms)
[ RUN      ] PNG_params.params/43, where GetParam() = (IMWRITE_PNG_STRATEGY_RLE, IMWRITE_PNG_FILTER_NONE, 6)
  Encoded buffer size: 5180397 bytes, Compression ratio: 83.28%
[ PERFSTAT ]    (samples=10   mean=101.24   median=101.03   min=100.76   stddev=0.57 (0.6%))
[       OK ] PNG_params.params/43 (1058 ms)
[ RUN      ] PNG_params.params/44, where GetParam() = (IMWRITE_PNG_STRATEGY_RLE, IMWRITE_PNG_FILTER_SUB, 1)
  Encoded buffer size: 1807876 bytes, Compression ratio: 29.06%
[ PERFSTAT ]    (samples=10   mean=70.56   median=70.44   min=70.28   stddev=0.41 (0.6%))
[       OK ] PNG_params.params/44 (751 ms)
[ RUN      ] PNG_params.params/45, where GetParam() = (IMWRITE_PNG_STRATEGY_RLE, IMWRITE_PNG_FILTER_SUB, 6)
  Encoded buffer size: 1807876 bytes, Compression ratio: 29.06%
[ PERFSTAT ]    (samples=10   mean=70.63   median=70.63   min=70.39   stddev=0.16 (0.2%))
[       OK ] PNG_params.params/45 (747 ms)
[ RUN      ] PNG_params.params/46, where GetParam() = (IMWRITE_PNG_STRATEGY_RLE, IMWRITE_PNG_FILTER_UP, 1)
  Encoded buffer size: 1701756 bytes, Compression ratio: 27.36%
[ PERFSTAT ]    (samples=10   mean=63.86   median=63.79   min=63.63   stddev=0.26 (0.4%))
[       OK ] PNG_params.params/46 (685 ms)
[ RUN      ] PNG_params.params/47, where GetParam() = (IMWRITE_PNG_STRATEGY_RLE, IMWRITE_PNG_FILTER_UP, 6)
  Encoded buffer size: 1701756 bytes, Compression ratio: 27.36%
[ PERFSTAT ]    (samples=10   mean=63.70   median=63.62   min=63.51   stddev=0.18 (0.3%))
[       OK ] PNG_params.params/47 (678 ms)
[ RUN      ] PNG_params.params/48, where GetParam() = (IMWRITE_PNG_STRATEGY_RLE, IMWRITE_PNG_FILTER_AVG, 1)
  Encoded buffer size: 1886337 bytes, Compression ratio: 30.32%
[ PERFSTAT ]    (samples=10   mean=74.36   median=74.33   min=74.15   stddev=0.17 (0.2%))
[       OK ] PNG_params.params/48 (786 ms)
[ RUN      ] PNG_params.params/49, where GetParam() = (IMWRITE_PNG_STRATEGY_RLE, IMWRITE_PNG_FILTER_AVG, 6)
  Encoded buffer size: 1886337 bytes, Compression ratio: 30.32%
[ PERFSTAT ]    (samples=10   mean=74.31   median=74.25   min=74.15   stddev=0.17 (0.2%))
[       OK ] PNG_params.params/49 (784 ms)
[ RUN      ] PNG_params.params/50, where GetParam() = (IMWRITE_PNG_STRATEGY_RLE, IMWRITE_PNG_FILTER_PAETH, 1)
  Encoded buffer size: 1466376 bytes, Compression ratio: 23.57%
[ PERFSTAT ]    (samples=10   mean=79.18   median=78.92   min=78.64   stddev=0.66 (0.8%))
[       OK ] PNG_params.params/50 (837 ms)
[ RUN      ] PNG_params.params/51, where GetParam() = (IMWRITE_PNG_STRATEGY_RLE, IMWRITE_PNG_FILTER_PAETH, 6)
  Encoded buffer size: 1466376 bytes, Compression ratio: 23.57%
[ PERFSTAT ]    (samples=10   mean=78.73   median=78.64   min=78.59   stddev=0.32 (0.4%))
[       OK ] PNG_params.params/51 (829 ms)
[ RUN      ] PNG_params.params/52, where GetParam() = (IMWRITE_PNG_STRATEGY_RLE, IMWRITE_PNG_FAST_FILTERS, 1)
  Encoded buffer size: 1578229 bytes, Compression ratio: 25.37%
[ PERFSTAT ]    (samples=10   mean=76.59   median=76.59   min=76.41   stddev=0.18 (0.2%))
[       OK ] PNG_params.params/52 (812 ms)
[ RUN      ] PNG_params.params/53, where GetParam() = (IMWRITE_PNG_STRATEGY_RLE, IMWRITE_PNG_FAST_FILTERS, 6)
  Encoded buffer size: 1578229 bytes, Compression ratio: 25.37%
[ PERFSTAT ]    (samples=10   mean=76.64   median=76.52   min=76.34   stddev=0.34 (0.4%))
[       OK ] PNG_params.params/53 (808 ms)
[ RUN      ] PNG_params.params/54, where GetParam() = (IMWRITE_PNG_STRATEGY_RLE, IMWRITE_PNG_ALL_FILTERS, 1)
  Encoded buffer size: 1466507 bytes, Compression ratio: 23.57%
[ PERFSTAT ]    (samples=10   mean=104.25   median=104.13   min=104.02   stddev=0.32 (0.3%))
[       OK ] PNG_params.params/54 (1086 ms)
[ RUN      ] PNG_params.params/55, where GetParam() = (IMWRITE_PNG_STRATEGY_RLE, IMWRITE_PNG_ALL_FILTERS, 6)
  Encoded buffer size: 1466507 bytes, Compression ratio: 23.57%
[ PERFSTAT ]    (samples=10   mean=104.29   median=104.22   min=104.07   stddev=0.19 (0.2%))
[       OK ] PNG_params.params/55 (1088 ms)
[ RUN      ] PNG_params.params/56, where GetParam() = (IMWRITE_PNG_STRATEGY_FIXED, IMWRITE_PNG_FILTER_NONE, 1)
  Encoded buffer size: 2244886 bytes, Compression ratio: 36.09%
[ PERFSTAT ]    (samples=10   mean=83.66   median=83.48   min=83.32   stddev=0.47 (0.6%))
[       OK ] PNG_params.params/56 (883 ms)
[ RUN      ] PNG_params.params/57, where GetParam() = (IMWRITE_PNG_STRATEGY_FIXED, IMWRITE_PNG_FILTER_NONE, 6)
  Encoded buffer size: 1959504 bytes, Compression ratio: 31.50%
[ PERFSTAT ]    (samples=10   mean=125.31   median=125.20   min=124.87   stddev=0.42 (0.3%))
[       OK ] PNG_params.params/57 (1295 ms)
[ RUN      ] PNG_params.params/58, where GetParam() = (IMWRITE_PNG_STRATEGY_FIXED, IMWRITE_PNG_FILTER_SUB, 1)
  Encoded buffer size: 2113088 bytes, Compression ratio: 33.97%
[ PERFSTAT ]    (samples=10   mean=82.01   median=81.87   min=81.74   stddev=0.32 (0.4%))
[       OK ] PNG_params.params/58 (864 ms)
[ RUN      ] PNG_params.params/59, where GetParam() = (IMWRITE_PNG_STRATEGY_FIXED, IMWRITE_PNG_FILTER_SUB, 6)
  Encoded buffer size: 1745256 bytes, Compression ratio: 28.06%
[ PERFSTAT ]    (samples=10   mean=206.81   median=206.70   min=206.42   stddev=0.34 (0.2%))
[       OK ] PNG_params.params/59 (2109 ms)
[ RUN      ] PNG_params.params/60, where GetParam() = (IMWRITE_PNG_STRATEGY_FIXED, IMWRITE_PNG_FILTER_UP, 1)
  Encoded buffer size: 1968302 bytes, Compression ratio: 31.64%
[ PERFSTAT ]    (samples=10   mean=76.80   median=76.76   min=76.61   stddev=0.26 (0.3%))
[       OK ] PNG_params.params/60 (814 ms)
[ RUN      ] PNG_params.params/61, where GetParam() = (IMWRITE_PNG_STRATEGY_FIXED, IMWRITE_PNG_FILTER_UP, 6)
  Encoded buffer size: 1667164 bytes, Compression ratio: 26.80%
[ PERFSTAT ]    (samples=10   mean=192.57   median=192.50   min=192.33   stddev=0.31 (0.2%))
[       OK ] PNG_params.params/61 (1967 ms)
[ RUN      ] PNG_params.params/62, where GetParam() = (IMWRITE_PNG_STRATEGY_FIXED, IMWRITE_PNG_FILTER_AVG, 1)
  Encoded buffer size: 2217615 bytes, Compression ratio: 35.65%
[ PERFSTAT ]    (samples=10   mean=86.40   median=86.36   min=86.08   stddev=0.35 (0.4%))
[       OK ] PNG_params.params/62 (908 ms)
[ RUN      ] PNG_params.params/63, where GetParam() = (IMWRITE_PNG_STRATEGY_FIXED, IMWRITE_PNG_FILTER_AVG, 6)
  Encoded buffer size: 1858328 bytes, Compression ratio: 29.87%
[ PERFSTAT ]    (samples=10   mean=247.52   median=247.53   min=247.23   stddev=0.17 (0.1%))
[       OK ] PNG_params.params/63 (2517 ms)
[ RUN      ] PNG_params.params/64, where GetParam() = (IMWRITE_PNG_STRATEGY_FIXED, IMWRITE_PNG_FILTER_PAETH, 1)
  Encoded buffer size: 1984363 bytes, Compression ratio: 31.90%
[ PERFSTAT ]    (samples=10   mean=93.10   median=93.05   min=92.85   stddev=0.20 (0.2%))
[       OK ] PNG_params.params/64 (977 ms)
[ RUN      ] PNG_params.params/65, where GetParam() = (IMWRITE_PNG_STRATEGY_FIXED, IMWRITE_PNG_FILTER_PAETH, 6)
  Encoded buffer size: 1667131 bytes, Compression ratio: 26.80%
[ PERFSTAT ]    (samples=10   mean=238.86   median=238.82   min=238.63   stddev=0.21 (0.1%))
[       OK ] PNG_params.params/65 (2429 ms)
[ RUN      ] PNG_params.params/66, where GetParam() = (IMWRITE_PNG_STRATEGY_FIXED, IMWRITE_PNG_FAST_FILTERS, 1)
  Encoded buffer size: 1981779 bytes, Compression ratio: 31.86%
[ PERFSTAT ]    (samples=10   mean=90.97   median=90.87   min=90.49   stddev=0.52 (0.6%))
[       OK ] PNG_params.params/66 (956 ms)
[ RUN      ] PNG_params.params/67, where GetParam() = (IMWRITE_PNG_STRATEGY_FIXED, IMWRITE_PNG_FAST_FILTERS, 6)
  Encoded buffer size: 1665016 bytes, Compression ratio: 26.77%
[ PERFSTAT ]    (samples=10   mean=212.11   median=211.84   min=211.53   stddev=0.66 (0.3%))
[       OK ] PNG_params.params/67 (2163 ms)
[ RUN      ] PNG_params.params/68, where GetParam() = (IMWRITE_PNG_STRATEGY_FIXED, IMWRITE_PNG_ALL_FILTERS, 1)
  Encoded buffer size: 1982270 bytes, Compression ratio: 31.87%
[ PERFSTAT ]    (samples=10   mean=118.64   median=118.53   min=118.41   stddev=0.30 (0.3%))
[       OK ] PNG_params.params/68 (1231 ms)
[ RUN      ] PNG_params.params/69, where GetParam() = (IMWRITE_PNG_STRATEGY_FIXED, IMWRITE_PNG_ALL_FILTERS, 6)
  Encoded buffer size: 1666059 bytes, Compression ratio: 26.78%
[ PERFSTAT ]    (samples=10   mean=261.69   median=261.63   min=261.22   stddev=0.44 (0.2%))
[       OK ] PNG_params.params/69 (2663 ms)
[----------] 70 tests from PNG_params (95331 ms total)

[----------] Global test environment tear-down
[==========] 121 tests from 11 test cases ran. (240130 ms total)
[  PASSED  ] 121 tests.
