TEST: Skip tests with tags: 'mem_6gb', 'verylong'
CTEST_FULL_OUTPUT
OpenCV version: 4.14.0-pre
OpenCV VCS version: 4.13.0-493-g7aa163b83f
Build type: Release
Compiler: /usr/bin/c++  (ver 11.4.0)
Algorithm hint: ALGO_HINT_ACCURATE
HAL: YES (ipp (ver 0.0.1))
Parallel framework: pthreads (nthreads=30)
CPU features: SSE SSE2 SSE3 *SSE4.1 *SSE4.2 *AVX *FP16 *AVX2 *AVX512-SKX?
Intel(R) IPP version: ippIP AVX2 (l9) 2026.0.0 (-) Jun 30 2026
Intel(R) IPP features code: 0x8000
OpenCL is disabled
[==========] Running 155 tests from 10 test cases.
[----------] Global test environment set-up.
[----------] 1 test from OCL_HOGFixture_HOG
[ RUN      ] OCL_HOGFixture_HOG.HOG
[ PERFSTAT ]    (samples=100   mean=18.00   median=17.79   min=17.70   stddev=0.54 (3.0%))
[       OK ] OCL_HOGFixture_HOG.HOG (1876 ms)
[----------] 1 test from OCL_HOGFixture_HOG (1876 ms total)

[----------] 27 tests from OCL_Cascade_Image_MinSize_CascadeClassifier
[ RUN      ] OCL_Cascade_Image_MinSize_CascadeClassifier.CascadeClassifier/0, where GetParam() = ("cv/cascadeandhog/cascades/haarcascade_frontalface_alt.xml", "cv/shared/lena.png", 30)
[ PERFSTAT ]    (samples=10   mean=30.91   median=30.71   min=30.02   stddev=0.74 (2.4%))
[       OK ] OCL_Cascade_Image_MinSize_CascadeClassifier.CascadeClassifier/0 (343 ms)
[ RUN      ] OCL_Cascade_Image_MinSize_CascadeClassifier.CascadeClassifier/1, where GetParam() = ("cv/cascadeandhog/cascades/haarcascade_frontalface_alt.xml", "cv/shared/lena.png", 64)
[ PERFSTAT ]    (samples=13   mean=14.82   median=14.75   min=14.69   stddev=0.17 (1.1%))
[       OK ] OCL_Cascade_Image_MinSize_CascadeClassifier.CascadeClassifier/1 (221 ms)
[ RUN      ] OCL_Cascade_Image_MinSize_CascadeClassifier.CascadeClassifier/2, where GetParam() = ("cv/cascadeandhog/cascades/haarcascade_frontalface_alt.xml", "cv/shared/lena.png", 90)
[ PERFSTAT ]    (samples=10   mean=12.08   median=12.06   min=11.96   stddev=0.13 (1.1%))
[       OK ] OCL_Cascade_Image_MinSize_CascadeClassifier.CascadeClassifier/2 (148 ms)
[ RUN      ] OCL_Cascade_Image_MinSize_CascadeClassifier.CascadeClassifier/3, where GetParam() = ("cv/cascadeandhog/cascades/haarcascade_frontalface_alt.xml", "cv/cascadeandhog/images/bttf301.png", 30)
[ PERFSTAT ]    (samples=13   mean=26.47   median=26.37   min=25.18   stddev=0.62 (2.3%))
[       OK ] OCL_Cascade_Image_MinSize_CascadeClassifier.CascadeClassifier/3 (369 ms)
[ RUN      ] OCL_Cascade_Image_MinSize_CascadeClassifier.CascadeClassifier/4, where GetParam() = ("cv/cascadeandhog/cascades/haarcascade_frontalface_alt.xml", "cv/cascadeandhog/images/bttf301.png", 64)
[ PERFSTAT ]    (samples=10   mean=12.39   median=12.37   min=12.33   stddev=0.06 (0.5%))
[       OK ] OCL_Cascade_Image_MinSize_CascadeClassifier.CascadeClassifier/4 (147 ms)
[ RUN      ] OCL_Cascade_Image_MinSize_CascadeClassifier.CascadeClassifier/5, where GetParam() = ("cv/cascadeandhog/cascades/haarcascade_frontalface_alt.xml", "cv/cascadeandhog/images/bttf301.png", 90)
[ PERFSTAT ]    (samples=10   mean=5.93   median=5.87   min=5.86   stddev=0.10 (1.7%))
[       OK ] OCL_Cascade_Image_MinSize_CascadeClassifier.CascadeClassifier/5 (80 ms)
[ RUN      ] OCL_Cascade_Image_MinSize_CascadeClassifier.CascadeClassifier/6, where GetParam() = ("cv/cascadeandhog/cascades/haarcascade_frontalface_alt.xml", "cv/cascadeandhog/images/class57.png", 30)
[ PERFSTAT ]    (samples=28   mean=113.19   median=113.94   min=97.11   stddev=3.36 (3.0%))
[       OK ] OCL_Cascade_Image_MinSize_CascadeClassifier.CascadeClassifier/6 (3208 ms)
[ RUN      ] OCL_Cascade_Image_MinSize_CascadeClassifier.CascadeClassifier/7, where GetParam() = ("cv/cascadeandhog/cascades/haarcascade_frontalface_alt.xml", "cv/cascadeandhog/images/class57.png", 64)
[ PERFSTAT ]    (samples=10   mean=48.78   median=48.68   min=48.21   stddev=0.36 (0.7%))
[       OK ] OCL_Cascade_Image_MinSize_CascadeClassifier.CascadeClassifier/7 (521 ms)
[ RUN      ] OCL_Cascade_Image_MinSize_CascadeClassifier.CascadeClassifier/8, where GetParam() = ("cv/cascadeandhog/cascades/haarcascade_frontalface_alt.xml", "cv/cascadeandhog/images/class57.png", 90)
[ PERFSTAT ]    (samples=10   mean=31.34   median=31.25   min=31.02   stddev=0.29 (0.9%))
[       OK ] OCL_Cascade_Image_MinSize_CascadeClassifier.CascadeClassifier/8 (343 ms)
[ RUN      ] OCL_Cascade_Image_MinSize_CascadeClassifier.CascadeClassifier/9, where GetParam() = ("cv/cascadeandhog/cascades/haarcascade_frontalface_alt2.xml", "cv/shared/lena.png", 30)
[ PERFSTAT ]    (samples=10   mean=25.44   median=25.36   min=25.09   stddev=0.35 (1.4%))
[       OK ] OCL_Cascade_Image_MinSize_CascadeClassifier.CascadeClassifier/9 (279 ms)
[ RUN      ] OCL_Cascade_Image_MinSize_CascadeClassifier.CascadeClassifier/10, where GetParam() = ("cv/cascadeandhog/cascades/haarcascade_frontalface_alt2.xml", "cv/shared/lena.png", 64)
[ PERFSTAT ]    (samples=10   mean=12.44   median=12.42   min=12.33   stddev=0.07 (0.6%))
[       OK ] OCL_Cascade_Image_MinSize_CascadeClassifier.CascadeClassifier/10 (149 ms)
[ RUN      ] OCL_Cascade_Image_MinSize_CascadeClassifier.CascadeClassifier/11, where GetParam() = ("cv/cascadeandhog/cascades/haarcascade_frontalface_alt2.xml", "cv/shared/lena.png", 90)
[ PERFSTAT ]    (samples=10   mean=9.89   median=9.87   min=9.81   stddev=0.09 (0.9%))
[       OK ] OCL_Cascade_Image_MinSize_CascadeClassifier.CascadeClassifier/11 (121 ms)
[ RUN      ] OCL_Cascade_Image_MinSize_CascadeClassifier.CascadeClassifier/12, where GetParam() = ("cv/cascadeandhog/cascades/haarcascade_frontalface_alt2.xml", "cv/cascadeandhog/images/bttf301.png", 30)
[ PERFSTAT ]    (samples=10   mean=24.19   median=24.16   min=24.01   stddev=0.17 (0.7%))
[       OK ] OCL_Cascade_Image_MinSize_CascadeClassifier.CascadeClassifier/12 (260 ms)
[ RUN      ] OCL_Cascade_Image_MinSize_CascadeClassifier.CascadeClassifier/13, where GetParam() = ("cv/cascadeandhog/cascades/haarcascade_frontalface_alt2.xml", "cv/cascadeandhog/images/bttf301.png", 64)
[ PERFSTAT ]    (samples=10   mean=10.61   median=10.60   min=10.55   stddev=0.05 (0.5%))
[       OK ] OCL_Cascade_Image_MinSize_CascadeClassifier.CascadeClassifier/13 (125 ms)
[ RUN      ] OCL_Cascade_Image_MinSize_CascadeClassifier.CascadeClassifier/14, where GetParam() = ("cv/cascadeandhog/cascades/haarcascade_frontalface_alt2.xml", "cv/cascadeandhog/images/bttf301.png", 90)
[ PERFSTAT ]    (samples=10   mean=5.15   median=5.12   min=5.10   stddev=0.06 (1.2%))
[       OK ] OCL_Cascade_Image_MinSize_CascadeClassifier.CascadeClassifier/14 (69 ms)
[ RUN      ] OCL_Cascade_Image_MinSize_CascadeClassifier.CascadeClassifier/15, where GetParam() = ("cv/cascadeandhog/cascades/haarcascade_frontalface_alt2.xml", "cv/cascadeandhog/images/class57.png", 30)
[ PERFSTAT ]    (samples=10   mean=104.72   median=105.16   min=97.40   stddev=2.82 (2.7%))
[       OK ] OCL_Cascade_Image_MinSize_CascadeClassifier.CascadeClassifier/15 (1074 ms)
[ RUN      ] OCL_Cascade_Image_MinSize_CascadeClassifier.CascadeClassifier/16, where GetParam() = ("cv/cascadeandhog/cascades/haarcascade_frontalface_alt2.xml", "cv/cascadeandhog/images/class57.png", 64)
[ PERFSTAT ]    (samples=10   mean=42.82   median=42.63   min=42.16   stddev=0.60 (1.4%))
[       OK ] OCL_Cascade_Image_MinSize_CascadeClassifier.CascadeClassifier/16 (460 ms)
[ RUN      ] OCL_Cascade_Image_MinSize_CascadeClassifier.CascadeClassifier/17, where GetParam() = ("cv/cascadeandhog/cascades/haarcascade_frontalface_alt2.xml", "cv/cascadeandhog/images/class57.png", 90)
[ PERFSTAT ]    (samples=10   mean=27.34   median=27.36   min=27.03   stddev=0.14 (0.5%))
[       OK ] OCL_Cascade_Image_MinSize_CascadeClassifier.CascadeClassifier/17 (300 ms)
[ RUN      ] OCL_Cascade_Image_MinSize_CascadeClassifier.CascadeClassifier/18, where GetParam() = ("cv/cascadeandhog/cascades/lbpcascade_frontalface.xml", "cv/shared/lena.png", 30)
[ PERFSTAT ]    (samples=38   mean=9.58   median=9.50   min=9.31   stddev=0.27 (2.8%))
[       OK ] OCL_Cascade_Image_MinSize_CascadeClassifier.CascadeClassifier/18 (383 ms)
[ RUN      ] OCL_Cascade_Image_MinSize_CascadeClassifier.CascadeClassifier/19, where GetParam() = ("cv/cascadeandhog/cascades/lbpcascade_frontalface.xml", "cv/shared/lena.png", 64)
[ PERFSTAT ]    (samples=10   mean=5.28   median=5.25   min=5.13   stddev=0.14 (2.6%))
[       OK ] OCL_Cascade_Image_MinSize_CascadeClassifier.CascadeClassifier/19 (68 ms)
[ RUN      ] OCL_Cascade_Image_MinSize_CascadeClassifier.CascadeClassifier/20, where GetParam() = ("cv/cascadeandhog/cascades/lbpcascade_frontalface.xml", "cv/shared/lena.png", 90)
[ PERFSTAT ]    (samples=10   mean=3.30   median=3.29   min=3.25   stddev=0.03 (0.9%))
[       OK ] OCL_Cascade_Image_MinSize_CascadeClassifier.CascadeClassifier/20 (43 ms)
[ RUN      ] OCL_Cascade_Image_MinSize_CascadeClassifier.CascadeClassifier/21, where GetParam() = ("cv/cascadeandhog/cascades/lbpcascade_frontalface.xml", "cv/cascadeandhog/images/bttf301.png", 30)
[ PERFSTAT ]    (samples=100   mean=8.56   median=8.51   min=8.33   stddev=0.24 (2.8%))
[       OK ] OCL_Cascade_Image_MinSize_CascadeClassifier.CascadeClassifier/21 (879 ms)
[ RUN      ] OCL_Cascade_Image_MinSize_CascadeClassifier.CascadeClassifier/22, where GetParam() = ("cv/cascadeandhog/cascades/lbpcascade_frontalface.xml", "cv/cascadeandhog/images/bttf301.png", 64)
[ PERFSTAT ]    (samples=13   mean=3.98   median=3.95   min=3.91   stddev=0.11 (2.7%))
[       OK ] OCL_Cascade_Image_MinSize_CascadeClassifier.CascadeClassifier/22 (61 ms)
[ RUN      ] OCL_Cascade_Image_MinSize_CascadeClassifier.CascadeClassifier/23, where GetParam() = ("cv/cascadeandhog/cascades/lbpcascade_frontalface.xml", "cv/cascadeandhog/images/bttf301.png", 90)
[ PERFSTAT ]    (samples=75   mean=2.20   median=2.19   min=2.12   stddev=0.06 (2.9%))
[       OK ] OCL_Cascade_Image_MinSize_CascadeClassifier.CascadeClassifier/23 (178 ms)
[ RUN      ] OCL_Cascade_Image_MinSize_CascadeClassifier.CascadeClassifier/24, where GetParam() = ("cv/cascadeandhog/cascades/lbpcascade_frontalface.xml", "cv/cascadeandhog/images/class57.png", 30)
[ PERFSTAT ]    (samples=68   mean=33.05   median=32.83   min=31.50   stddev=0.99 (3.0%))
[       OK ] OCL_Cascade_Image_MinSize_CascadeClassifier.CascadeClassifier/24 (2292 ms)
[ RUN      ] OCL_Cascade_Image_MinSize_CascadeClassifier.CascadeClassifier/25, where GetParam() = ("cv/cascadeandhog/cascades/lbpcascade_frontalface.xml", "cv/cascadeandhog/images/class57.png", 64)
[ PERFSTAT ]    (samples=10   mean=14.45   median=14.38   min=14.28   stddev=0.18 (1.2%))
[       OK ] OCL_Cascade_Image_MinSize_CascadeClassifier.CascadeClassifier/25 (164 ms)
[ RUN      ] OCL_Cascade_Image_MinSize_CascadeClassifier.CascadeClassifier/26, where GetParam() = ("cv/cascadeandhog/cascades/lbpcascade_frontalface.xml", "cv/cascadeandhog/images/class57.png", 90)
[ PERFSTAT ]    (samples=10   mean=9.98   median=9.93   min=9.90   stddev=0.12 (1.2%))
[       OK ] OCL_Cascade_Image_MinSize_CascadeClassifier.CascadeClassifier/26 (114 ms)
[----------] 27 tests from OCL_Cascade_Image_MinSize_CascadeClassifier (12399 ms total)

[----------] 2 tests from EstimateAruco_ArucoFirst
[ RUN      ] EstimateAruco_ArucoFirst.ArucoFirst/0, where GetParam() = (false, -1)
[ PERFSTAT ]    (samples=25   mean=6.87   median=6.83   min=6.75   stddev=0.11 (1.6%))
[       OK ] EstimateAruco_ArucoFirst.ArucoFirst/0 (208 ms)
[ RUN      ] EstimateAruco_ArucoFirst.ArucoFirst/1, where GetParam() = (true, -1)
[ PERFSTAT ]    (samples=13   mean=5.04   median=5.02   min=4.89   stddev=0.08 (1.6%))
[       OK ] EstimateAruco_ArucoFirst.ArucoFirst/1 (75 ms)
[----------] 2 tests from EstimateAruco_ArucoFirst (283 ms total)

[----------] 2 tests from EstimateAruco_ArucoSecond
[ RUN      ] EstimateAruco_ArucoSecond.ArucoSecond/0, where GetParam() = (false, -1)
[ PERFSTAT ]    (samples=13   mean=22.13   median=21.97   min=21.68   stddev=0.56 (2.5%))
[       OK ] EstimateAruco_ArucoSecond.ArucoSecond/0 (322 ms)
[ RUN      ] EstimateAruco_ArucoSecond.ArucoSecond/1, where GetParam() = (true, -1)
[ PERFSTAT ]    (samples=13   mean=17.19   median=17.08   min=16.89   stddev=0.33 (1.9%))
[       OK ] EstimateAruco_ArucoSecond.ArucoSecond/1 (257 ms)
[----------] 2 tests from EstimateAruco_ArucoSecond (579 ms total)

[----------] 15 tests from EstimateLargeAruco_ArucoFHD
[ RUN      ] EstimateLargeAruco_ArucoFHD.ArucoFHD/0, where GetParam() = (0 0 0, (1440, 1))
[ PERFSTAT ]    (samples=13   mean=4.23   median=4.23   min=4.14   stddev=0.05 (1.3%))
[       OK ] EstimateLargeAruco_ArucoFHD.ArucoFHD/0 (59 ms)
[ RUN      ] EstimateLargeAruco_ArucoFHD.ArucoFHD/1, where GetParam() = (0 0 0, (480, 3))
[ PERFSTAT ]    (samples=10   mean=5.73   median=5.69   min=5.61   stddev=0.13 (2.3%))
[       OK ] EstimateLargeAruco_ArucoFHD.ArucoFHD/1 (64 ms)
[ RUN      ] EstimateLargeAruco_ArucoFHD.ArucoFHD/2, where GetParam() = (0 0 0, (144, 10))
[ PERFSTAT ]    (samples=10   mean=12.37   median=12.36   min=12.24   stddev=0.12 (1.0%))
[       OK ] EstimateLargeAruco_ArucoFHD.ArucoFHD/2 (139 ms)
[ RUN      ] EstimateLargeAruco_ArucoFHD.ArucoFHD/3, where GetParam() = (1 0 32, (1440, 1))
[ PERFSTAT ]    (samples=13   mean=4.45   median=4.43   min=4.36   stddev=0.10 (2.2%))
[       OK ] EstimateLargeAruco_ArucoFHD.ArucoFHD/3 (61 ms)
[ RUN      ] EstimateLargeAruco_ArucoFHD.ArucoFHD/4, where GetParam() = (1 0 32, (480, 3))
[ PERFSTAT ]    (samples=10   mean=5.52   median=5.46   min=5.38   stddev=0.16 (3.0%))
[       OK ] EstimateLargeAruco_ArucoFHD.ArucoFHD/4 (62 ms)
[ RUN      ] EstimateLargeAruco_ArucoFHD.ArucoFHD/5, where GetParam() = (1 0 32, (144, 10))
[ PERFSTAT ]    (samples=10   mean=9.04   median=9.01   min=8.93   stddev=0.11 (1.3%))
[       OK ] EstimateLargeAruco_ArucoFHD.ArucoFHD/5 (106 ms)
[ RUN      ] EstimateLargeAruco_ArucoFHD.ArucoFHD/6, where GetParam() = (1 0.015 32, (1440, 1))
[ PERFSTAT ]    (samples=38   mean=2.34   median=2.32   min=2.26   stddev=0.05 (2.3%))
[       OK ] EstimateLargeAruco_ArucoFHD.ArucoFHD/6 (92 ms)
[ RUN      ] EstimateLargeAruco_ArucoFHD.ArucoFHD/7, where GetParam() = (1 0.015 32, (480, 3))
[ PERFSTAT ]    (samples=13   mean=2.94   median=2.91   min=2.88   stddev=0.07 (2.4%))
[       OK ] EstimateLargeAruco_ArucoFHD.ArucoFHD/7 (45 ms)
[ RUN      ] EstimateLargeAruco_ArucoFHD.ArucoFHD/8, where GetParam() = (1 0.015 32, (144, 10))
[ PERFSTAT ]    (samples=10   mean=6.75   median=6.72   min=6.59   stddev=0.15 (2.2%))
[       OK ] EstimateLargeAruco_ArucoFHD.ArucoFHD/8 (83 ms)
[ RUN      ] EstimateLargeAruco_ArucoFHD.ArucoFHD/9, where GetParam() = (1 0 16, (1440, 1))
[ PERFSTAT ]    (samples=13   mean=4.42   median=4.41   min=4.38   stddev=0.04 (0.9%))
[       OK ] EstimateLargeAruco_ArucoFHD.ArucoFHD/9 (60 ms)
[ RUN      ] EstimateLargeAruco_ArucoFHD.ArucoFHD/10, where GetParam() = (1 0 16, (480, 3))
[ PERFSTAT ]    (samples=11   mean=5.83   median=5.76   min=5.67   stddev=0.17 (2.9%))
[       OK ] EstimateLargeAruco_ArucoFHD.ArucoFHD/10 (71 ms)
[ RUN      ] EstimateLargeAruco_ArucoFHD.ArucoFHD/11, where GetParam() = (1 0 16, (144, 10))
[ PERFSTAT ]    (samples=10   mean=9.77   median=9.72   min=9.64   stddev=0.16 (1.6%))
[       OK ] EstimateLargeAruco_ArucoFHD.ArucoFHD/11 (113 ms)
[ RUN      ] EstimateLargeAruco_ArucoFHD.ArucoFHD/12, where GetParam() = (1 0.0069 16, (1440, 1))
[ PERFSTAT ]    (samples=13   mean=2.51   median=2.51   min=2.42   stddev=0.06 (2.3%))
[       OK ] EstimateLargeAruco_ArucoFHD.ArucoFHD/12 (36 ms)
[ RUN      ] EstimateLargeAruco_ArucoFHD.ArucoFHD/13, where GetParam() = (1 0.0069 16, (480, 3))
[ PERFSTAT ]    (samples=10   mean=3.42   median=3.38   min=3.32   stddev=0.09 (2.5%))
[       OK ] EstimateLargeAruco_ArucoFHD.ArucoFHD/13 (40 ms)
[ RUN      ] EstimateLargeAruco_ArucoFHD.ArucoFHD/14, where GetParam() = (1 0.0069 16, (144, 10))
[ PERFSTAT ]    (samples=10   mean=7.45   median=7.43   min=7.26   stddev=0.16 (2.2%))
[       OK ] EstimateLargeAruco_ArucoFHD.ArucoFHD/14 (90 ms)
[----------] 15 tests from EstimateLargeAruco_ArucoFHD (1121 ms total)

[----------] 6 tests from Perf_Barcode_multi
[ RUN      ] Perf_Barcode_multi.detect/0, where GetParam() = ("4_barcodes.jpg", 2041x2722)
[ PERFSTAT ]    (samples=30   mean=7.35   median=7.30   min=7.00   stddev=0.22 (3.0%))
[       OK ] Perf_Barcode_multi.detect/0 (261 ms)
[ RUN      ] Perf_Barcode_multi.detect/1, where GetParam() = ("4_barcodes.jpg", 1361x1815)
[ PERFSTAT ]    (samples=100   mean=5.95   median=5.91   min=5.41   stddev=0.25 (4.1%))
[       OK ] Perf_Barcode_multi.detect/1 (631 ms)
[ RUN      ] Perf_Barcode_multi.detect/2, where GetParam() = ("4_barcodes.jpg", 680x907)
[ PERFSTAT ]    (samples=17   mean=4.68   median=4.67   min=4.55   stddev=0.14 (3.0%))
[       OK ] Perf_Barcode_multi.detect/2 (100 ms)
[ RUN      ] Perf_Barcode_multi.detect_decode/0, where GetParam() = ("4_barcodes.jpg", 2041x2722)
[ PERFSTAT ]    (samples=15   mean=11.67   median=11.67   min=11.20   stddev=0.34 (2.9%))
[       OK ] Perf_Barcode_multi.detect_decode/0 (196 ms)
[ RUN      ] Perf_Barcode_multi.detect_decode/1, where GetParam() = ("4_barcodes.jpg", 1361x1815)
[ PERFSTAT ]    (samples=15   mean=9.45   median=9.45   min=9.00   stddev=0.27 (2.9%))
[       OK ] Perf_Barcode_multi.detect_decode/1 (167 ms)
[ RUN      ] Perf_Barcode_multi.detect_decode/2, where GetParam() = ("4_barcodes.jpg", 680x907)
[ PERFSTAT ]    (samples=13   mean=7.66   median=7.65   min=7.52   stddev=0.08 (1.1%))
[       OK ] Perf_Barcode_multi.detect_decode/2 (142 ms)
[----------] 6 tests from Perf_Barcode_multi (1497 ms total)

[----------] 18 tests from Perf_Barcode_single
[ RUN      ] Perf_Barcode_single.detect/0, where GetParam() = ("book.jpg", 480x360)
[ PERFSTAT ]    (samples=13   mean=2.06   median=2.04   min=2.03   stddev=0.04 (1.9%))
[       OK ] Perf_Barcode_single.detect/0 (33 ms)
[ RUN      ] Perf_Barcode_single.detect/1, where GetParam() = ("book.jpg", 640x480)
[ PERFSTAT ]    (samples=13   mean=3.28   median=3.26   min=3.24   stddev=0.05 (1.5%))
[       OK ] Perf_Barcode_single.detect/1 (50 ms)
[ RUN      ] Perf_Barcode_single.detect/2, where GetParam() = ("book.jpg", 800x600)
[ PERFSTAT ]    (samples=10   mean=4.26   median=4.24   min=4.18   stddev=0.08 (1.9%))
[       OK ] Perf_Barcode_single.detect/2 (47 ms)
[ RUN      ] Perf_Barcode_single.detect/3, where GetParam() = ("bottle_1.jpg", 480x360)
[ PERFSTAT ]    (samples=13   mean=2.27   median=2.26   min=2.23   stddev=0.05 (2.1%))
[       OK ] Perf_Barcode_single.detect/3 (37 ms)
[ RUN      ] Perf_Barcode_single.detect/4, where GetParam() = ("bottle_1.jpg", 640x480)
[ PERFSTAT ]    (samples=13   mean=3.46   median=3.45   min=3.43   stddev=0.03 (0.8%))
[       OK ] Perf_Barcode_single.detect/4 (50 ms)
[ RUN      ] Perf_Barcode_single.detect/5, where GetParam() = ("bottle_1.jpg", 800x600)
[ PERFSTAT ]    (samples=13   mean=4.51   median=4.46   min=4.42   stddev=0.11 (2.5%))
[       OK ] Perf_Barcode_single.detect/5 (64 ms)
[ RUN      ] Perf_Barcode_single.detect/6, where GetParam() = ("bottle_2.jpg", 480x360)
[ PERFSTAT ]    (samples=13   mean=2.46   median=2.45   min=2.43   stddev=0.02 (1.0%))
[       OK ] Perf_Barcode_single.detect/6 (39 ms)
[ RUN      ] Perf_Barcode_single.detect/7, where GetParam() = ("bottle_2.jpg", 640x480)
[ PERFSTAT ]    (samples=11   mean=3.81   median=3.77   min=3.73   stddev=0.11 (2.9%))
[       OK ] Perf_Barcode_single.detect/7 (45 ms)
[ RUN      ] Perf_Barcode_single.detect/8, where GetParam() = ("bottle_2.jpg", 800x600)
[ PERFSTAT ]    (samples=10   mean=4.83   median=4.82   min=4.69   stddev=0.14 (2.8%))
[       OK ] Perf_Barcode_single.detect/8 (53 ms)
[ RUN      ] Perf_Barcode_single.detect_decode/0, where GetParam() = ("book.jpg", 480x360)
[ PERFSTAT ]    (samples=13   mean=3.80   median=3.78   min=3.76   stddev=0.05 (1.3%))
[       OK ] Perf_Barcode_single.detect_decode/0 (54 ms)
[ RUN      ] Perf_Barcode_single.detect_decode/1, where GetParam() = ("book.jpg", 640x480)
[ PERFSTAT ]    (samples=13   mean=4.01   median=3.97   min=3.91   stddev=0.11 (2.7%))
[       OK ] Perf_Barcode_single.detect_decode/1 (57 ms)
[ RUN      ] Perf_Barcode_single.detect_decode/2, where GetParam() = ("book.jpg", 800x600)
[ PERFSTAT ]    (samples=63   mean=5.06   median=5.04   min=4.87   stddev=0.12 (2.4%))
[       OK ] Perf_Barcode_single.detect_decode/2 (329 ms)
[ RUN      ] Perf_Barcode_single.detect_decode/3, where GetParam() = ("bottle_1.jpg", 480x360)
[ PERFSTAT ]    (samples=13   mean=2.83   median=2.82   min=2.81   stddev=0.02 (0.7%))
[       OK ] Perf_Barcode_single.detect_decode/3 (45 ms)
[ RUN      ] Perf_Barcode_single.detect_decode/4, where GetParam() = ("bottle_1.jpg", 640x480)
[ PERFSTAT ]    (samples=13   mean=3.83   median=3.83   min=3.81   stddev=0.02 (0.4%))
[       OK ] Perf_Barcode_single.detect_decode/4 (55 ms)
[ RUN      ] Perf_Barcode_single.detect_decode/5, where GetParam() = ("bottle_1.jpg", 800x600)
[ PERFSTAT ]    (samples=10   mean=4.91   median=4.90   min=4.77   stddev=0.11 (2.2%))
[       OK ] Perf_Barcode_single.detect_decode/5 (54 ms)
[ RUN      ] Perf_Barcode_single.detect_decode/6, where GetParam() = ("bottle_2.jpg", 480x360)
[ PERFSTAT ]    (samples=13   mean=3.85   median=3.85   min=3.82   stddev=0.01 (0.4%))
[       OK ] Perf_Barcode_single.detect_decode/6 (56 ms)
[ RUN      ] Perf_Barcode_single.detect_decode/7, where GetParam() = ("bottle_2.jpg", 640x480)
[ PERFSTAT ]    (samples=10   mean=5.26   median=5.23   min=5.17   stddev=0.11 (2.1%))
[       OK ] Perf_Barcode_single.detect_decode/7 (56 ms)
[ RUN      ] Perf_Barcode_single.detect_decode/8, where GetParam() = ("bottle_2.jpg", 800x600)
[ PERFSTAT ]    (samples=10   mean=6.47   median=6.41   min=6.28   stddev=0.16 (2.5%))
[       OK ] Perf_Barcode_single.detect_decode/8 (70 ms)
[----------] 18 tests from Perf_Barcode_single (1194 ms total)

[----------] 28 tests from Perf_Objdetect_QRCode
[ RUN      ] Perf_Objdetect_QRCode.detect/0, where GetParam() = "version_1_down.jpg"
[ PERFSTAT ]    (samples=13   mean=10.52   median=10.52   min=10.40   stddev=0.07 (0.7%))
[       OK ] Perf_Objdetect_QRCode.detect/0 (149 ms)
[ RUN      ] Perf_Objdetect_QRCode.detect/1, where GetParam() = "version_1_left.jpg"
[ PERFSTAT ]    (samples=10   mean=9.90   median=9.89   min=9.79   stddev=0.07 (0.7%))
[       OK ] Perf_Objdetect_QRCode.detect/1 (104 ms)
[ RUN      ] Perf_Objdetect_QRCode.detect/2, where GetParam() = "version_1_right.jpg"
[ PERFSTAT ]    (samples=10   mean=9.33   median=9.28   min=9.22   stddev=0.10 (1.1%))
[       OK ] Perf_Objdetect_QRCode.detect/2 (99 ms)
[ RUN      ] Perf_Objdetect_QRCode.detect/3, where GetParam() = "version_1_up.jpg"
[ PERFSTAT ]    (samples=10   mean=9.12   median=9.12   min=8.96   stddev=0.10 (1.1%))
[       OK ] Perf_Objdetect_QRCode.detect/3 (97 ms)
[ RUN      ] Perf_Objdetect_QRCode.detect/4, where GetParam() = "version_1_top.jpg"
[ PERFSTAT ]    (samples=10   mean=10.01   median=10.02   min=9.87   stddev=0.08 (0.8%))
[       OK ] Perf_Objdetect_QRCode.detect/4 (105 ms)
[ RUN      ] Perf_Objdetect_QRCode.detect/5, where GetParam() = "version_5_down.jpg"
[ PERFSTAT ]    (samples=13   mean=9.48   median=9.47   min=9.33   stddev=0.09 (0.9%))
[       OK ] Perf_Objdetect_QRCode.detect/5 (130 ms)
[ RUN      ] Perf_Objdetect_QRCode.detect/6, where GetParam() = "version_5_left.jpg"
[ PERFSTAT ]    (samples=10   mean=9.39   median=9.40   min=9.17   stddev=0.11 (1.2%))
[       OK ] Perf_Objdetect_QRCode.detect/6 (100 ms)
[ RUN      ] Perf_Objdetect_QRCode.detect/7, where GetParam() = "version_5_up.jpg"
[ PERFSTAT ]    (samples=10   mean=9.35   median=9.34   min=9.25   stddev=0.10 (1.1%))
[       OK ] Perf_Objdetect_QRCode.detect/7 (99 ms)
[ RUN      ] Perf_Objdetect_QRCode.detect/8, where GetParam() = "version_5_top.jpg"
[ PERFSTAT ]    (samples=10   mean=9.08   median=9.03   min=8.91   stddev=0.15 (1.6%))
[       OK ] Perf_Objdetect_QRCode.detect/8 (97 ms)
[ RUN      ] Perf_Objdetect_QRCode.detect/9, where GetParam() = "russian.jpg"
[ PERFSTAT ]    (samples=10   mean=9.74   median=9.74   min=9.59   stddev=0.09 (0.9%))
[       OK ] Perf_Objdetect_QRCode.detect/9 (103 ms)
[ RUN      ] Perf_Objdetect_QRCode.detect/10, where GetParam() = "kanji.jpg"
[ PERFSTAT ]    (samples=10   mean=9.50   median=9.48   min=9.31   stddev=0.16 (1.7%))
[       OK ] Perf_Objdetect_QRCode.detect/10 (101 ms)
[ RUN      ] Perf_Objdetect_QRCode.detect/11, where GetParam() = "link_github_ocv.jpg"
[ PERFSTAT ]    (samples=10   mean=9.61   median=9.61   min=9.51   stddev=0.07 (0.7%))
[       OK ] Perf_Objdetect_QRCode.detect/11 (102 ms)
[ RUN      ] Perf_Objdetect_QRCode.detect/12, where GetParam() = "link_ocv.jpg"
[ PERFSTAT ]    (samples=10   mean=9.41   median=9.37   min=9.26   stddev=0.11 (1.2%))
[       OK ] Perf_Objdetect_QRCode.detect/12 (100 ms)
[ RUN      ] Perf_Objdetect_QRCode.detect/13, where GetParam() = "link_wiki_cv.jpg"
[ PERFSTAT ]    (samples=10   mean=9.73   median=9.71   min=9.62   stddev=0.10 (1.0%))
[       OK ] Perf_Objdetect_QRCode.detect/13 (103 ms)
[ RUN      ] Perf_Objdetect_QRCode.decode/0, where GetParam() = "version_1_down.jpg"
[ PERFSTAT ]    (samples=13   mean=6.73   median=6.71   min=6.68   stddev=0.05 (0.8%))
[       OK ] Perf_Objdetect_QRCode.decode/0 (110 ms)
[ RUN      ] Perf_Objdetect_QRCode.decode/1, where GetParam() = "version_1_left.jpg"
[ PERFSTAT ]    (samples=10   mean=6.73   median=6.73   min=6.67   stddev=0.04 (0.6%))
[       OK ] Perf_Objdetect_QRCode.decode/1 (83 ms)
[ RUN      ] Perf_Objdetect_QRCode.decode/2, where GetParam() = "version_1_right.jpg"
[ PERFSTAT ]    (samples=10   mean=6.70   median=6.70   min=6.64   stddev=0.04 (0.6%))
[       OK ] Perf_Objdetect_QRCode.decode/2 (86 ms)
[ RUN      ] Perf_Objdetect_QRCode.decode/3, where GetParam() = "version_1_up.jpg"
[ PERFSTAT ]    (samples=25   mean=6.68   median=6.67   min=6.63   stddev=0.04 (0.6%))
[       OK ] Perf_Objdetect_QRCode.decode/3 (185 ms)
[ RUN      ] Perf_Objdetect_QRCode.decode/4, where GetParam() = "version_1_top.jpg"
[ PERFSTAT ]    (samples=13   mean=6.76   median=6.70   min=6.67   stddev=0.19 (2.9%))
[       OK ] Perf_Objdetect_QRCode.decode/4 (106 ms)
[ RUN      ] Perf_Objdetect_QRCode.decode/5, where GetParam() = "version_5_down.jpg"
[ PERFSTAT ]    (samples=38   mean=7.62   median=7.59   min=7.52   stddev=0.18 (2.4%))
[       OK ] Perf_Objdetect_QRCode.decode/5 (322 ms)
[ RUN      ] Perf_Objdetect_QRCode.decode/6, where GetParam() = "version_5_left.jpg"
[ PERFSTAT ]    (samples=10   mean=7.60   median=7.60   min=7.55   stddev=0.03 (0.4%))
[       OK ] Perf_Objdetect_QRCode.decode/6 (96 ms)
[ RUN      ] Perf_Objdetect_QRCode.decode/7, where GetParam() = "version_5_up.jpg"
[ PERFSTAT ]    (samples=10   mean=7.61   median=7.61   min=7.58   stddev=0.02 (0.3%))
[       OK ] Perf_Objdetect_QRCode.decode/7 (91 ms)
[ RUN      ] Perf_Objdetect_QRCode.decode/8, where GetParam() = "version_5_top.jpg"
[ PERFSTAT ]    (samples=13   mean=7.62   median=7.62   min=7.56   stddev=0.03 (0.4%))
[       OK ] Perf_Objdetect_QRCode.decode/8 (116 ms)
[ RUN      ] Perf_Objdetect_QRCode.decode/9, where GetParam() = "russian.jpg"
[ PERFSTAT ]    (samples=25   mean=7.85   median=7.81   min=7.77   stddev=0.17 (2.2%))
[       OK ] Perf_Objdetect_QRCode.decode/9 (217 ms)
[ RUN      ] Perf_Objdetect_QRCode.decode/10, where GetParam() = "kanji.jpg"
[ PERFSTAT ]    (samples=13   mean=7.44   median=7.42   min=7.39   stddev=0.03 (0.4%))
[       OK ] Perf_Objdetect_QRCode.decode/10 (113 ms)
[ RUN      ] Perf_Objdetect_QRCode.decode/11, where GetParam() = "link_github_ocv.jpg"
[ PERFSTAT ]    (samples=10   mean=7.32   median=7.31   min=7.28   stddev=0.04 (0.6%))
[       OK ] Perf_Objdetect_QRCode.decode/11 (94 ms)
[ RUN      ] Perf_Objdetect_QRCode.decode/12, where GetParam() = "link_ocv.jpg"
[ PERFSTAT ]    (samples=25   mean=7.47   median=7.43   min=7.36   stddev=0.17 (2.3%))
[       OK ] Perf_Objdetect_QRCode.decode/12 (208 ms)
[ RUN      ] Perf_Objdetect_QRCode.decode/13, where GetParam() = "link_wiki_cv.jpg"
[ PERFSTAT ]    (samples=41   mean=7.64   median=7.57   min=7.50   stddev=0.23 (3.0%))
[       OK ] Perf_Objdetect_QRCode.decode/13 (339 ms)
[----------] 28 tests from Perf_Objdetect_QRCode (3655 ms total)

[----------] 32 tests from Perf_Objdetect_QRCode_Multi
[ RUN      ] Perf_Objdetect_QRCode_Multi.detectMulti/0, where GetParam() = ("2_qrcodes.png", "contours_based")
[ PERFSTAT ]    (samples=13   mean=29.97   median=29.84   min=29.53   stddev=0.61 (2.1%))
[       OK ] Perf_Objdetect_QRCode_Multi.detectMulti/0 (403 ms)
[ RUN      ] Perf_Objdetect_QRCode_Multi.detectMulti/1, where GetParam() = ("2_qrcodes.png", "aruco_based")
[ PERFSTAT ]    (samples=23   mean=19.01   median=18.89   min=18.64   stddev=0.56 (3.0%))
[       OK ] Perf_Objdetect_QRCode_Multi.detectMulti/1 (452 ms)
[ RUN      ] Perf_Objdetect_QRCode_Multi.detectMulti/2, where GetParam() = ("3_close_qrcodes.png", "contours_based")
[ PERFSTAT ]    (samples=10   mean=16.98   median=16.94   min=16.77   stddev=0.22 (1.3%))
[       OK ] Perf_Objdetect_QRCode_Multi.detectMulti/2 (178 ms)
[ RUN      ] Perf_Objdetect_QRCode_Multi.detectMulti/3, where GetParam() = ("3_close_qrcodes.png", "aruco_based")
[ PERFSTAT ]    (samples=10   mean=5.67   median=5.65   min=5.57   stddev=0.08 (1.4%))
[       OK ] Perf_Objdetect_QRCode_Multi.detectMulti/3 (63 ms)
[ RUN      ] Perf_Objdetect_QRCode_Multi.detectMulti/4, where GetParam() = ("3_qrcodes.png", "contours_based")
[ PERFSTAT ]    (samples=10   mean=26.92   median=26.86   min=26.59   stddev=0.26 (1.0%))
[       OK ] Perf_Objdetect_QRCode_Multi.detectMulti/4 (278 ms)
[ RUN      ] Perf_Objdetect_QRCode_Multi.detectMulti/5, where GetParam() = ("3_qrcodes.png", "aruco_based")
[ PERFSTAT ]    (samples=10   mean=9.27   median=9.22   min=9.07   stddev=0.22 (2.4%))
[       OK ] Perf_Objdetect_QRCode_Multi.detectMulti/5 (101 ms)
[ RUN      ] Perf_Objdetect_QRCode_Multi.detectMulti/6, where GetParam() = ("4_qrcodes.png", "contours_based")
[ PERFSTAT ]    (samples=10   mean=18.93   median=18.94   min=18.61   stddev=0.26 (1.4%))
[       OK ] Perf_Objdetect_QRCode_Multi.detectMulti/6 (196 ms)
[ RUN      ] Perf_Objdetect_QRCode_Multi.detectMulti/7, where GetParam() = ("4_qrcodes.png", "aruco_based")
[ PERFSTAT ]    (samples=13   mean=5.74   median=5.70   min=5.62   stddev=0.14 (2.4%))
[       OK ] Perf_Objdetect_QRCode_Multi.detectMulti/7 (81 ms)
[ RUN      ] Perf_Objdetect_QRCode_Multi.detectMulti/8, where GetParam() = ("5_qrcodes.png", "contours_based")
[ PERFSTAT ]    (samples=10   mean=24.95   median=24.98   min=24.58   stddev=0.30 (1.2%))
[       OK ] Perf_Objdetect_QRCode_Multi.detectMulti/8 (258 ms)
[ RUN      ] Perf_Objdetect_QRCode_Multi.detectMulti/9, where GetParam() = ("5_qrcodes.png", "aruco_based")
[ PERFSTAT ]    (samples=10   mean=10.78   median=10.76   min=10.49   stddev=0.18 (1.6%))
[       OK ] Perf_Objdetect_QRCode_Multi.detectMulti/9 (115 ms)
[ RUN      ] Perf_Objdetect_QRCode_Multi.detectMulti/10, where GetParam() = ("6_qrcodes.png", "contours_based")
[ PERFSTAT ]    (samples=10   mean=34.62   median=34.63   min=34.22   stddev=0.19 (0.6%))
[       OK ] Perf_Objdetect_QRCode_Multi.detectMulti/10 (355 ms)
[ RUN      ] Perf_Objdetect_QRCode_Multi.detectMulti/11, where GetParam() = ("6_qrcodes.png", "aruco_based")
[ PERFSTAT ]    (samples=10   mean=16.73   median=16.67   min=16.37   stddev=0.24 (1.4%))
[       OK ] Perf_Objdetect_QRCode_Multi.detectMulti/11 (174 ms)
[ RUN      ] Perf_Objdetect_QRCode_Multi.detectMulti/12, where GetParam() = ("7_qrcodes.png", "contours_based")
[ PERFSTAT ]    (samples=13   mean=43.61   median=43.59   min=42.95   stddev=0.45 (1.0%))
[       OK ] Perf_Objdetect_QRCode_Multi.detectMulti/12 (585 ms)
[ RUN      ] Perf_Objdetect_QRCode_Multi.detectMulti/13, where GetParam() = ("7_qrcodes.png", "aruco_based")
[ PERFSTAT ]    (samples=10   mean=17.40   median=17.34   min=16.97   stddev=0.30 (1.7%))
[       OK ] Perf_Objdetect_QRCode_Multi.detectMulti/13 (184 ms)
[ RUN      ] Perf_Objdetect_QRCode_Multi.detectMulti/14, where GetParam() = ("8_close_qrcodes.png", "contours_based")
[ PERFSTAT ]    (samples=10   mean=120.14   median=120.13   min=119.10   stddev=0.97 (0.8%))
[       OK ] Perf_Objdetect_QRCode_Multi.detectMulti/14 (1221 ms)
[ RUN      ] Perf_Objdetect_QRCode_Multi.detectMulti/15, where GetParam() = ("8_close_qrcodes.png", "aruco_based")
[ PERFSTAT ]    (samples=13   mean=64.95   median=64.78   min=62.98   stddev=1.40 (2.2%))
[       OK ] Perf_Objdetect_QRCode_Multi.detectMulti/15 (868 ms)
[ RUN      ] Perf_Objdetect_QRCode_Multi.decodeMulti/0, where GetParam() = ("2_qrcodes.png", "contours_based")
[ WARN:0@28.245] global qrcode.cpp:2929 decodingProcess QR: ECI is not supported properly
[ WARN:1@28.245] global qrcode.cpp:2929 decodingProcess QR: ECI is not supported properly
[ WARN:1@28.259] global qrcode.cpp:2929 decodingProcess QR: ECI is not supported properly
[ WARN:0@28.259] global qrcode.cpp:2929 decodingProcess QR: ECI is not supported properly
[ WARN:1@28.272] global qrcode.cpp:2929 decodingProcess QR: ECI is not supported properly
[ WARN:0@28.272] global qrcode.cpp:2929 decodingProcess QR: ECI is not supported properly
[ WARN:0@28.285] global qrcode.cpp:2929 decodingProcess QR: ECI is not supported properly
[ WARN:1@28.287] global qrcode.cpp:2929 decodingProcess QR: ECI is not supported properly
[ WARN:1@28.300] global qrcode.cpp:2929 decodingProcess QR: ECI is not supported properly
[ WARN:0@28.301] global qrcode.cpp:2929 decodingProcess QR: ECI is not supported properly
[ WARN:0@28.314] global qrcode.cpp:2929 decodingProcess QR: ECI is not supported properly
[ WARN:1@28.315] global qrcode.cpp:2929 decodingProcess QR: ECI is not supported properly
[ WARN:1@28.329] global qrcode.cpp:2929 decodingProcess QR: ECI is not supported properly
[ WARN:0@28.329] global qrcode.cpp:2929 decodingProcess QR: ECI is not supported properly
[ WARN:1@28.343] global qrcode.cpp:2929 decodingProcess QR: ECI is not supported properly
[ WARN:0@28.343] global qrcode.cpp:2929 decodingProcess QR: ECI is not supported properly
[ WARN:1@28.357] global qrcode.cpp:2929 decodingProcess QR: ECI is not supported properly
[ WARN:0@28.357] global qrcode.cpp:2929 decodingProcess QR: ECI is not supported properly
[ WARN:1@28.371] global qrcode.cpp:2929 decodingProcess QR: ECI is not supported properly
[ WARN:0@28.371] global qrcode.cpp:2929 decodingProcess QR: ECI is not supported properly
[ PERFSTAT ]    (samples=10   mean=14.04   median=13.98   min=13.75   stddev=0.31 (2.2%))
[       OK ] Perf_Objdetect_QRCode_Multi.decodeMulti/0 (180 ms)
[ RUN      ] Perf_Objdetect_QRCode_Multi.decodeMulti/1, where GetParam() = ("2_qrcodes.png", "aruco_based")
[ WARN:0@28.413] global qrcode.cpp:2929 decodingProcess QR: ECI is not supported properly
[ WARN:1@28.413] global qrcode.cpp:2929 decodingProcess QR: ECI is not supported properly
[ WARN:0@28.426] global qrcode.cpp:2929 decodingProcess QR: ECI is not supported properly
[ WARN:1@28.427] global qrcode.cpp:2929 decodingProcess QR: ECI is not supported properly
[ WARN:0@28.440] global qrcode.cpp:2929 decodingProcess QR: ECI is not supported properly
[ WARN:2@28.442] global qrcode.cpp:2929 decodingProcess QR: ECI is not supported properly
[ WARN:0@28.456] global qrcode.cpp:2929 decodingProcess QR: ECI is not supported properly
[ WARN:1@28.457] global qrcode.cpp:2929 decodingProcess QR: ECI is not supported properly
[ WARN:0@28.470] global qrcode.cpp:2929 decodingProcess QR: ECI is not supported properly
[ WARN:1@28.471] global qrcode.cpp:2929 decodingProcess QR: ECI is not supported properly
[ WARN:0@28.484] global qrcode.cpp:2929 decodingProcess QR: ECI is not supported properly
[ WARN:1@28.485] global qrcode.cpp:2929 decodingProcess QR: ECI is not supported properly
[ WARN:0@28.498] global qrcode.cpp:2929 decodingProcess QR: ECI is not supported properly
[ WARN:1@28.499] global qrcode.cpp:2929 decodingProcess QR: ECI is not supported properly
[ WARN:0@28.513] global qrcode.cpp:2929 decodingProcess QR: ECI is not supported properly
[ WARN:2@28.514] global qrcode.cpp:2929 decodingProcess QR: ECI is not supported properly
[ WARN:0@28.528] global qrcode.cpp:2929 decodingProcess QR: ECI is not supported properly
[ WARN:1@28.529] global qrcode.cpp:2929 decodingProcess QR: ECI is not supported properly
[ WARN:0@28.542] global qrcode.cpp:2929 decodingProcess QR: ECI is not supported properly
[ WARN:1@28.544] global qrcode.cpp:2929 decodingProcess QR: ECI is not supported properly
[ WARN:0@28.557] global qrcode.cpp:2929 decodingProcess QR: ECI is not supported properly
[ WARN:1@28.558] global qrcode.cpp:2929 decodingProcess QR: ECI is not supported properly
[ PERFSTAT ]    (samples=11   mean=14.52   median=14.38   min=13.94   stddev=0.43 (3.0%))
[       OK ] Perf_Objdetect_QRCode_Multi.decodeMulti/1 (187 ms)
[ RUN      ] Perf_Objdetect_QRCode_Multi.decodeMulti/2, where GetParam() = ("3_close_qrcodes.png", "contours_based")
[ WARN:1@28.589] global qrcode.cpp:2929 decodingProcess QR: ECI is not supported properly
[ WARN:0@28.590] global qrcode.cpp:2929 decodingProcess QR: ECI is not supported properly
[ WARN:0@28.597] global qrcode.cpp:2929 decodingProcess QR: ECI is not supported properly
[ WARN:1@28.597] global qrcode.cpp:2929 decodingProcess QR: ECI is not supported properly
[ WARN:1@28.604] global qrcode.cpp:2929 decodingProcess QR: ECI is not supported properly
[ WARN:0@28.605] global qrcode.cpp:2929 decodingProcess QR: ECI is not supported properly
[ WARN:0@28.612] global qrcode.cpp:2929 decodingProcess QR: ECI is not supported properly
[ WARN:1@28.612] global qrcode.cpp:2929 decodingProcess QR: ECI is not supported properly
[ WARN:0@28.619] global qrcode.cpp:2929 decodingProcess QR: ECI is not supported properly
[ WARN:1@28.619] global qrcode.cpp:2929 decodingProcess QR: ECI is not supported properly
[ WARN:0@28.626] global qrcode.cpp:2929 decodingProcess QR: ECI is not supported properly
[ WARN:1@28.627] global qrcode.cpp:2929 decodingProcess QR: ECI is not supported properly
[ WARN:1@28.634] global qrcode.cpp:2929 decodingProcess QR: ECI is not supported properly
[ WARN:0@28.634] global qrcode.cpp:2929 decodingProcess QR: ECI is not supported properly
[ WARN:1@28.641] global qrcode.cpp:2929 decodingProcess QR: ECI is not supported properly
[ WARN:0@28.641] global qrcode.cpp:2929 decodingProcess QR: ECI is not supported properly
[ WARN:1@28.648] global qrcode.cpp:2929 decodingProcess QR: ECI is not supported properly
[ WARN:0@28.649] global qrcode.cpp:2929 decodingProcess QR: ECI is not supported properly
[ WARN:1@28.655] global qrcode.cpp:2929 decodingProcess QR: ECI is not supported properly
[ WARN:0@28.656] global qrcode.cpp:2929 decodingProcess QR: ECI is not supported properly
[ PERFSTAT ]    (samples=10   mean=7.32   median=7.27   min=7.23   stddev=0.09 (1.2%))
[       OK ] Perf_Objdetect_QRCode_Multi.decodeMulti/2 (97 ms)
[ RUN      ] Perf_Objdetect_QRCode_Multi.decodeMulti/3, where GetParam() = ("3_close_qrcodes.png", "aruco_based")
[ WARN:0@28.674] global qrcode.cpp:2929 decodingProcess QR: ECI is not supported properly
[ WARN:1@28.675] global qrcode.cpp:2929 decodingProcess QR: ECI is not supported properly
[ WARN:0@28.681] global qrcode.cpp:2929 decodingProcess QR: ECI is not supported properly
[ WARN:1@28.682] global qrcode.cpp:2929 decodingProcess QR: ECI is not supported properly
[ WARN:0@28.689] global qrcode.cpp:2929 decodingProcess QR: ECI is not supported properly
[ WARN:1@28.689] global qrcode.cpp:2929 decodingProcess QR: ECI is not supported properly
[ WARN:0@28.696] global qrcode.cpp:2929 decodingProcess QR: ECI is not supported properly
[ WARN:1@28.696] global qrcode.cpp:2929 decodingProcess QR: ECI is not supported properly
[ WARN:0@28.703] global qrcode.cpp:2929 decodingProcess QR: ECI is not supported properly
[ WARN:1@28.704] global qrcode.cpp:2929 decodingProcess QR: ECI is not supported properly
[ WARN:1@28.711] global qrcode.cpp:2929 decodingProcess QR: ECI is not supported properly
[ WARN:0@28.711] global qrcode.cpp:2929 decodingProcess QR: ECI is not supported properly
[ WARN:0@28.718] global qrcode.cpp:2929 decodingProcess QR: ECI is not supported properly
[ WARN:1@28.719] global qrcode.cpp:2929 decodingProcess QR: ECI is not supported properly
[ WARN:0@28.726] global qrcode.cpp:2929 decodingProcess QR: ECI is not supported properly
[ WARN:1@28.726] global qrcode.cpp:2929 decodingProcess QR: ECI is not supported properly
[ WARN:0@28.733] global qrcode.cpp:2929 decodingProcess QR: ECI is not supported properly
[ WARN:1@28.733] global qrcode.cpp:2929 decodingProcess QR: ECI is not supported properly
[ WARN:0@28.740] global qrcode.cpp:2929 decodingProcess QR: ECI is not supported properly
[ WARN:1@28.741] global qrcode.cpp:2929 decodingProcess QR: ECI is not supported properly
[ PERFSTAT ]    (samples=10   mean=7.34   median=7.33   min=7.26   stddev=0.06 (0.8%))
[       OK ] Perf_Objdetect_QRCode_Multi.decodeMulti/3 (85 ms)
[ RUN      ] Perf_Objdetect_QRCode_Multi.decodeMulti/4, where GetParam() = ("3_qrcodes.png", "contours_based")
[ WARN:2@28.787] global qrcode.cpp:2929 decodingProcess QR: ECI is not supported properly
[ WARN:1@28.788] global qrcode.cpp:2929 decodingProcess QR: ECI is not supported properly
[ WARN:0@28.788] global qrcode.cpp:2929 decodingProcess QR: ECI is not supported properly
[ WARN:1@28.800] global qrcode.cpp:2929 decodingProcess QR: ECI is not supported properly
[ WARN:2@28.801] global qrcode.cpp:2929 decodingProcess QR: ECI is not supported properly
[ WARN:0@28.801] global qrcode.cpp:2929 decodingProcess QR: ECI is not supported properly
[ WARN:1@28.813] global qrcode.cpp:2929 decodingProcess QR: ECI is not supported properly
[ WARN:2@28.814] global qrcode.cpp:2929 decodingProcess QR: ECI is not supported properly
[ WARN:0@28.814] global qrcode.cpp:2929 decodingProcess QR: ECI is not supported properly
[ WARN:2@28.826] global qrcode.cpp:2929 decodingProcess QR: ECI is not supported properly
[ WARN:0@28.827] global qrcode.cpp:2929 decodingProcess QR: ECI is not supported properly
[ WARN:1@28.827] global qrcode.cpp:2929 decodingProcess QR: ECI is not supported properly
[ WARN:0@28.839] global qrcode.cpp:2929 decodingProcess QR: ECI is not supported properly
[ WARN:1@28.840] global qrcode.cpp:2929 decodingProcess QR: ECI is not supported properly
[ WARN:2@28.840] global qrcode.cpp:2929 decodingProcess QR: ECI is not supported properly
[ WARN:1@28.852] global qrcode.cpp:2929 decodingProcess QR: ECI is not supported properly
[ WARN:0@28.853] global qrcode.cpp:2929 decodingProcess QR: ECI is not supported properly
[ WARN:3@28.853] global qrcode.cpp:2929 decodingProcess QR: ECI is not supported properly
[ WARN:3@28.866] global qrcode.cpp:2929 decodingProcess QR: ECI is not supported properly
[ WARN:0@28.866] global qrcode.cpp:2929 decodingProcess QR: ECI is not supported properly
[ WARN:2@28.867] global qrcode.cpp:2929 decodingProcess QR: ECI is not supported properly
[ WARN:0@28.879] global qrcode.cpp:2929 decodingProcess QR: ECI is not supported properly
[ WARN:1@28.879] global qrcode.cpp:2929 decodingProcess QR: ECI is not supported properly
[ WARN:2@28.880] global qrcode.cpp:2929 decodingProcess QR: ECI is not supported properly
[ WARN:1@28.892] global qrcode.cpp:2929 decodingProcess QR: ECI is not supported properly
[ WARN:0@28.892] global qrcode.cpp:2929 decodingProcess QR: ECI is not supported properly
[ WARN:2@28.893] global qrcode.cpp:2929 decodingProcess QR: ECI is not supported properly
[ WARN:2@28.905] global qrcode.cpp:2929 decodingProcess QR: ECI is not supported properly
[ WARN:0@28.905] global qrcode.cpp:2929 decodingProcess QR: ECI is not supported properly
[ WARN:1@28.905] global qrcode.cpp:2929 decodingProcess QR: ECI is not supported properly
[ PERFSTAT ]    (samples=10   mean=13.07   median=12.99   min=12.86   stddev=0.24 (1.8%))
[       OK ] Perf_Objdetect_QRCode_Multi.decodeMulti/4 (165 ms)
[ RUN      ] Perf_Objdetect_QRCode_Multi.decodeMulti/5, where GetParam() = ("3_qrcodes.png", "aruco_based")
[ WARN:1@28.934] global qrcode.cpp:2929 decodingProcess QR: ECI is not supported properly
[ WARN:0@28.935] global qrcode.cpp:2929 decodingProcess QR: ECI is not supported properly
[ WARN:2@28.935] global qrcode.cpp:2929 decodingProcess QR: ECI is not supported properly
[ WARN:1@28.948] global qrcode.cpp:2929 decodingProcess QR: ECI is not supported properly
[ WARN:2@28.948] global qrcode.cpp:2929 decodingProcess QR: ECI is not supported properly
[ WARN:3@28.948] global qrcode.cpp:2929 decodingProcess QR: ECI is not supported properly
[ WARN:0@28.961] global qrcode.cpp:2929 decodingProcess QR: ECI is not supported properly
[ WARN:2@28.961] global qrcode.cpp:2929 decodingProcess QR: ECI is not supported properly
[ WARN:1@28.961] global qrcode.cpp:2929 decodingProcess QR: ECI is not supported properly
[ WARN:2@28.974] global qrcode.cpp:2929 decodingProcess QR: ECI is not supported properly
[ WARN:1@28.974] global qrcode.cpp:2929 decodingProcess QR: ECI is not supported properly
[ WARN:0@28.974] global qrcode.cpp:2929 decodingProcess QR: ECI is not supported properly
[ WARN:1@28.986] global qrcode.cpp:2929 decodingProcess QR: ECI is not supported properly
[ WARN:0@28.987] global qrcode.cpp:2929 decodingProcess QR: ECI is not supported properly
[ WARN:2@28.987] global qrcode.cpp:2929 decodingProcess QR: ECI is not supported properly
[ WARN:2@28.999] global qrcode.cpp:2929 decodingProcess QR: ECI is not supported properly
[ WARN:0@29.000] global qrcode.cpp:2929 decodingProcess QR: ECI is not supported properly
[ WARN:1@29.000] global qrcode.cpp:2929 decodingProcess QR: ECI is not supported properly
[ WARN:1@29.012] global qrcode.cpp:2929 decodingProcess QR: ECI is not supported properly
[ WARN:2@29.013] global qrcode.cpp:2929 decodingProcess QR: ECI is not supported properly
[ WARN:3@29.013] global qrcode.cpp:2929 decodingProcess QR: ECI is not supported properly
[ WARN:0@29.025] global qrcode.cpp:2929 decodingProcess QR: ECI is not supported properly
[ WARN:3@29.026] global qrcode.cpp:2929 decodingProcess QR: ECI is not supported properly
[ WARN:1@29.026] global qrcode.cpp:2929 decodingProcess QR: ECI is not supported properly
[ WARN:0@29.038] global qrcode.cpp:2929 decodingProcess QR: ECI is not supported properly
[ WARN:1@29.039] global qrcode.cpp:2929 decodingProcess QR: ECI is not supported properly
[ WARN:2@29.039] global qrcode.cpp:2929 decodingProcess QR: ECI is not supported properly
[ WARN:1@29.051] global qrcode.cpp:2929 decodingProcess QR: ECI is not supported properly
[ WARN:0@29.052] global qrcode.cpp:2929 decodingProcess QR: ECI is not supported properly
[ WARN:2@29.052] global qrcode.cpp:2929 decodingProcess QR: ECI is not supported properly
[ PERFSTAT ]    (samples=10   mean=12.95   median=12.94   min=12.80   stddev=0.12 (0.9%))
[       OK ] Perf_Objdetect_QRCode_Multi.decodeMulti/5 (146 ms)
[ RUN      ] Perf_Objdetect_QRCode_Multi.decodeMulti/6, where GetParam() = ("4_qrcodes.png", "contours_based")
[ WARN:2@29.084] global qrcode.cpp:2929 decodingProcess QR: ECI is not supported properly
[ WARN:1@29.084] global qrcode.cpp:2929 decodingProcess QR: ECI is not supported properly
[ WARN:0@29.085] global qrcode.cpp:2929 decodingProcess QR: ECI is not supported properly
[ WARN:4@29.085] global qrcode.cpp:2929 decodingProcess QR: ECI is not supported properly
[ WARN:3@29.092] global qrcode.cpp:2929 decodingProcess QR: ECI is not supported properly
[ WARN:1@29.092] global qrcode.cpp:2929 decodingProcess QR: ECI is not supported properly
[ WARN:0@29.092] global qrcode.cpp:2929 decodingProcess QR: ECI is not supported properly
[ WARN:2@29.092] global qrcode.cpp:2929 decodingProcess QR: ECI is not supported properly
[ WARN:0@29.099] global qrcode.cpp:2929 decodingProcess QR: ECI is not supported properly
[ WARN:1@29.100] global qrcode.cpp:2929 decodingProcess QR: ECI is not supported properly
[ WARN:2@29.100] global qrcode.cpp:2929 decodingProcess QR: ECI is not supported properly
[ WARN:3@29.100] global qrcode.cpp:2929 decodingProcess QR: ECI is not supported properly
[ WARN:2@29.107] global qrcode.cpp:2929 decodingProcess QR: ECI is not supported properly
[ WARN:1@29.108] global qrcode.cpp:2929 decodingProcess QR: ECI is not supported properly
[ WARN:3@29.108] global qrcode.cpp:2929 decodingProcess QR: ECI is not supported properly
[ WARN:0@29.108] global qrcode.cpp:2929 decodingProcess QR: ECI is not supported properly
[ WARN:2@29.115] global qrcode.cpp:2929 decodingProcess QR: ECI is not supported properly
[ WARN:1@29.115] global qrcode.cpp:2929 decodingProcess QR: ECI is not supported properly
[ WARN:0@29.115] global qrcode.cpp:2929 decodingProcess QR: ECI is not supported properly
[ WARN:3@29.115] global qrcode.cpp:2929 decodingProcess QR: ECI is not supported properly
[ WARN:2@29.122] global qrcode.cpp:2929 decodingProcess QR: ECI is not supported properly
[ WARN:1@29.123] global qrcode.cpp:2929 decodingProcess QR: ECI is not supported properly
[ WARN:0@29.123] global qrcode.cpp:2929 decodingProcess QR: ECI is not supported properly
[ WARN:3@29.123] global qrcode.cpp:2929 decodingProcess QR: ECI is not supported properly
[ WARN:0@29.129] global qrcode.cpp:2929 decodingProcess QR: ECI is not supported properly
[ WARN:1@29.130] global qrcode.cpp:2929 decodingProcess QR: ECI is not supported properly
[ WARN:2@29.130] global qrcode.cpp:2929 decodingProcess QR: ECI is not supported properly
[ WARN:3@29.130] global qrcode.cpp:2929 decodingProcess QR: ECI is not supported properly
[ WARN:3@29.137] global qrcode.cpp:2929 decodingProcess QR: ECI is not supported properly
[ WARN:1@29.138] global qrcode.cpp:2929 decodingProcess QR: ECI is not supported properly
[ WARN:2@29.138] global qrcode.cpp:2929 decodingProcess QR: ECI is not supported properly
[ WARN:0@29.138] global qrcode.cpp:2929 decodingProcess QR: ECI is not supported properly
[ WARN:2@29.144] global qrcode.cpp:2929 decodingProcess QR: ECI is not supported properly
[ WARN:1@29.145] global qrcode.cpp:2929 decodingProcess QR: ECI is not supported properly
[ WARN:0@29.145] global qrcode.cpp:2929 decodingProcess QR: ECI is not supported properly
[ WARN:3@29.145] global qrcode.cpp:2929 decodingProcess QR: ECI is not supported properly
[ WARN:0@29.152] global qrcode.cpp:2929 decodingProcess QR: ECI is not supported properly
[ WARN:1@29.152] global qrcode.cpp:2929 decodingProcess QR: ECI is not supported properly
[ WARN:2@29.153] global qrcode.cpp:2929 decodingProcess QR: ECI is not supported properly
[ WARN:4@29.153] global qrcode.cpp:2929 decodingProcess QR: ECI is not supported properly
[ PERFSTAT ]    (samples=10   mean=7.59   median=7.55   min=7.48   stddev=0.13 (1.7%))
[       OK ] Perf_Objdetect_QRCode_Multi.decodeMulti/6 (101 ms)
[ RUN      ] Perf_Objdetect_QRCode_Multi.decodeMulti/7, where GetParam() = ("4_qrcodes.png", "aruco_based")
[ WARN:3@29.171] global qrcode.cpp:2929 decodingProcess QR: ECI is not supported properly
[ WARN:0@29.172] global qrcode.cpp:2929 decodingProcess QR: ECI is not supported properly
[ WARN:1@29.172] global qrcode.cpp:2929 decodingProcess QR: ECI is not supported properly
[ WARN:2@29.172] global qrcode.cpp:2929 decodingProcess QR: ECI is not supported properly
[ WARN:0@29.179] global qrcode.cpp:2929 decodingProcess QR: ECI is not supported properly
[ WARN:3@29.180] global qrcode.cpp:2929 decodingProcess QR: ECI is not supported properly
[ WARN:2@29.180] global qrcode.cpp:2929 decodingProcess QR: ECI is not supported properly
[ WARN:1@29.180] global qrcode.cpp:2929 decodingProcess QR: ECI is not supported properly
[ WARN:4@29.187] global qrcode.cpp:2929 decodingProcess QR: ECI is not supported properly
[ WARN:2@29.187] global qrcode.cpp:2929 decodingProcess QR: ECI is not supported properly
[ WARN:1@29.187] global qrcode.cpp:2929 decodingProcess QR: ECI is not supported properly
[ WARN:0@29.187] global qrcode.cpp:2929 decodingProcess QR: ECI is not supported properly
[ WARN:3@29.194] global qrcode.cpp:2929 decodingProcess QR: ECI is not supported properly
[ WARN:1@29.195] global qrcode.cpp:2929 decodingProcess QR: ECI is not supported properly
[ WARN:0@29.195] global qrcode.cpp:2929 decodingProcess QR: ECI is not supported properly
[ WARN:2@29.195] global qrcode.cpp:2929 decodingProcess QR: ECI is not supported properly
[ WARN:3@29.202] global qrcode.cpp:2929 decodingProcess QR: ECI is not supported properly
[ WARN:0@29.203] global qrcode.cpp:2929 decodingProcess QR: ECI is not supported properly
[ WARN:2@29.203] global qrcode.cpp:2929 decodingProcess QR: ECI is not supported properly
[ WARN:1@29.203] global qrcode.cpp:2929 decodingProcess QR: ECI is not supported properly
[ WARN:0@29.210] global qrcode.cpp:2929 decodingProcess QR: ECI is not supported properly
[ WARN:1@29.210] global qrcode.cpp:2929 decodingProcess QR: ECI is not supported properly
[ WARN:2@29.210] global qrcode.cpp:2929 decodingProcess QR: ECI is not supported properly
[ WARN:4@29.210] global qrcode.cpp:2929 decodingProcess QR: ECI is not supported properly
[ WARN:3@29.217] global qrcode.cpp:2929 decodingProcess QR: ECI is not supported properly
[ WARN:2@29.218] global qrcode.cpp:2929 decodingProcess QR: ECI is not supported properly
[ WARN:1@29.218] global qrcode.cpp:2929 decodingProcess QR: ECI is not supported properly
[ WARN:0@29.218] global qrcode.cpp:2929 decodingProcess QR: ECI is not supported properly
[ WARN:3@29.225] global qrcode.cpp:2929 decodingProcess QR: ECI is not supported properly
[ WARN:1@29.225] global qrcode.cpp:2929 decodingProcess QR: ECI is not supported properly
[ WARN:2@29.225] global qrcode.cpp:2929 decodingProcess QR: ECI is not supported properly
[ WARN:0@29.226] global qrcode.cpp:2929 decodingProcess QR: ECI is not supported properly
[ WARN:4@29.233] global qrcode.cpp:2929 decodingProcess QR: ECI is not supported properly
[ WARN:2@29.233] global qrcode.cpp:2929 decodingProcess QR: ECI is not supported properly
[ WARN:0@29.233] global qrcode.cpp:2929 decodingProcess QR: ECI is not supported properly
[ WARN:1@29.233] global qrcode.cpp:2929 decodingProcess QR: ECI is not supported properly
[ WARN:4@29.240] global qrcode.cpp:2929 decodingProcess QR: ECI is not supported properly
[ WARN:1@29.241] global qrcode.cpp:2929 decodingProcess QR: ECI is not supported properly
[ WARN:2@29.241] global qrcode.cpp:2929 decodingProcess QR: ECI is not supported properly
[ WARN:0@29.241] global qrcode.cpp:2929 decodingProcess QR: ECI is not supported properly
[ PERFSTAT ]    (samples=10   mean=7.62   median=7.63   min=7.54   stddev=0.05 (0.6%))
[       OK ] Perf_Objdetect_QRCode_Multi.decodeMulti/7 (88 ms)
[ RUN      ] Perf_Objdetect_QRCode_Multi.decodeMulti/8, where GetParam() = ("5_qrcodes.png", "contours_based")
[ WARN:1@29.279] global qrcode.cpp:2929 decodingProcess QR: ECI is not supported properly
[ WARN:3@29.280] global qrcode.cpp:2929 decodingProcess QR: ECI is not supported properly
[ WARN:0@29.280] global qrcode.cpp:2929 decodingProcess QR: ECI is not supported properly
[ WARN:4@29.280] global qrcode.cpp:2929 decodingProcess QR: ECI is not supported properly
[ WARN:2@29.280] global qrcode.cpp:2929 decodingProcess QR: ECI is not supported properly
[ WARN:2@29.287] global qrcode.cpp:2929 decodingProcess QR: ECI is not supported properly
[ WARN:3@29.287] global qrcode.cpp:2929 decodingProcess QR: ECI is not supported properly
[ WARN:0@29.287] global qrcode.cpp:2929 decodingProcess QR: ECI is not supported properly
[ WARN:4@29.287] global qrcode.cpp:2929 decodingProcess QR: ECI is not supported properly
[ WARN:1@29.288] global qrcode.cpp:2929 decodingProcess QR: ECI is not supported properly
[ WARN:2@29.295] global qrcode.cpp:2929 decodingProcess QR: ECI is not supported properly
[ WARN:3@29.295] global qrcode.cpp:2929 decodingProcess QR: ECI is not supported properly
[ WARN:4@29.295] global qrcode.cpp:2929 decodingProcess QR: ECI is not supported properly
[ WARN:1@29.295] global qrcode.cpp:2929 decodingProcess QR: ECI is not supported properly
[ WARN:0@29.295] global qrcode.cpp:2929 decodingProcess QR: ECI is not supported properly
[ WARN:2@29.302] global qrcode.cpp:2929 decodingProcess QR: ECI is not supported properly
[ WARN:3@29.303] global qrcode.cpp:2929 decodingProcess QR: ECI is not supported properly
[ WARN:4@29.303] global qrcode.cpp:2929 decodingProcess QR: ECI is not supported properly
[ WARN:1@29.303] global qrcode.cpp:2929 decodingProcess QR: ECI is not supported properly
[ WARN:5@29.303] global qrcode.cpp:2929 decodingProcess QR: ECI is not supported properly
[ WARN:2@29.310] global qrcode.cpp:2929 decodingProcess QR: ECI is not supported properly
[ WARN:3@29.310] global qrcode.cpp:2929 decodingProcess QR: ECI is not supported properly
[ WARN:5@29.311] global qrcode.cpp:2929 decodingProcess QR: ECI is not supported properly
[ WARN:1@29.311] global qrcode.cpp:2929 decodingProcess QR: ECI is not supported properly
[ WARN:0@29.311] global qrcode.cpp:2929 decodingProcess QR: ECI is not supported properly
[ WARN:2@29.318] global qrcode.cpp:2929 decodingProcess QR: ECI is not supported properly
[ WARN:3@29.318] global qrcode.cpp:2929 decodingProcess QR: ECI is not supported properly
[ WARN:5@29.318] global qrcode.cpp:2929 decodingProcess QR: ECI is not supported properly
[ WARN:1@29.318] global qrcode.cpp:2929 decodingProcess QR: ECI is not supported properly
[ WARN:0@29.319] global qrcode.cpp:2929 decodingProcess QR: ECI is not supported properly
[ WARN:3@29.325] global qrcode.cpp:2929 decodingProcess QR: ECI is not supported properly
[ WARN:2@29.326] global qrcode.cpp:2929 decodingProcess QR: ECI is not supported properly
[ WARN:4@29.326] global qrcode.cpp:2929 decodingProcess QR: ECI is not supported properly
[ WARN:1@29.326] global qrcode.cpp:2929 decodingProcess QR: ECI is not supported properly
[ WARN:0@29.326] global qrcode.cpp:2929 decodingProcess QR: ECI is not supported properly
[ WARN:3@29.333] global qrcode.cpp:2929 decodingProcess QR: ECI is not supported properly
[ WARN:2@29.333] global qrcode.cpp:2929 decodingProcess QR: ECI is not supported properly
[ WARN:4@29.333] global qrcode.cpp:2929 decodingProcess QR: ECI is not supported properly
[ WARN:1@29.334] global qrcode.cpp:2929 decodingProcess QR: ECI is not supported properly
[ WARN:0@29.334] global qrcode.cpp:2929 decodingProcess QR: ECI is not supported properly
[ WARN:3@29.341] global qrcode.cpp:2929 decodingProcess QR: ECI is not supported properly
[ WARN:2@29.341] global qrcode.cpp:2929 decodingProcess QR: ECI is not supported properly
[ WARN:1@29.341] global qrcode.cpp:2929 decodingProcess QR: ECI is not supported properly
[ WARN:0@29.341] global qrcode.cpp:2929 decodingProcess QR: ECI is not supported properly
[ WARN:4@29.341] global qrcode.cpp:2929 decodingProcess QR: ECI is not supported properly
[ WARN:1@29.348] global qrcode.cpp:2929 decodingProcess QR: ECI is not supported properly
[ WARN:3@29.349] global qrcode.cpp:2929 decodingProcess QR: ECI is not supported properly
[ WARN:4@29.349] global qrcode.cpp:2929 decodingProcess QR: ECI is not supported properly
[ WARN:2@29.349] global qrcode.cpp:2929 decodingProcess QR: ECI is not supported properly
[ WARN:0@29.349] global qrcode.cpp:2929 decodingProcess QR: ECI is not supported properly
[ PERFSTAT ]    (samples=10   mean=7.66   median=7.69   min=7.50   stddev=0.10 (1.4%))
[       OK ] Perf_Objdetect_QRCode_Multi.decodeMulti/8 (108 ms)
[ RUN      ] Perf_Objdetect_QRCode_Multi.decodeMulti/9, where GetParam() = ("5_qrcodes.png", "aruco_based")
[     SKIP ] 5_qrcodes.png is disabled sample for method aruco_based
[       OK ] Perf_Objdetect_QRCode_Multi.decodeMulti/9 (4 ms)
[ RUN      ] Perf_Objdetect_QRCode_Multi.decodeMulti/10, where GetParam() = ("6_qrcodes.png", "contours_based")
[ PERFSTAT ]    (samples=100   mean=14.37   median=14.17   min=13.79   stddev=0.74 (5.2%))
[       OK ] Perf_Objdetect_QRCode_Multi.decodeMulti/10 (1523 ms)
[ RUN      ] Perf_Objdetect_QRCode_Multi.decodeMulti/11, where GetParam() = ("6_qrcodes.png", "aruco_based")
[ PERFSTAT ]    (samples=13   mean=14.28   median=14.25   min=14.00   stddev=0.29 (2.1%))
[       OK ] Perf_Objdetect_QRCode_Multi.decodeMulti/11 (214 ms)
[ RUN      ] Perf_Objdetect_QRCode_Multi.decodeMulti/12, where GetParam() = ("7_qrcodes.png", "contours_based")
[ WARN:4@31.157] global qrcode.cpp:2929 decodingProcess QR: ECI is not supported properly
[ WARN:3@31.158] global qrcode.cpp:2929 decodingProcess QR: ECI is not supported properly
[ WARN:5@31.158] global qrcode.cpp:2929 decodingProcess QR: ECI is not supported properly
[ WARN:2@31.158] global qrcode.cpp:2929 decodingProcess QR: ECI is not supported properly
[ WARN:1@31.158] global qrcode.cpp:2929 decodingProcess QR: ECI is not supported properly
[ WARN:0@31.158] global qrcode.cpp:2929 decodingProcess QR: ECI is not supported properly
[ WARN:7@31.158] global qrcode.cpp:2929 decodingProcess QR: ECI is not supported properly
[ WARN:4@31.171] global qrcode.cpp:2929 decodingProcess QR: ECI is not supported properly
[ WARN:6@31.171] global qrcode.cpp:2929 decodingProcess QR: ECI is not supported properly
[ WARN:5@31.171] global qrcode.cpp:2929 decodingProcess QR: ECI is not supported properly
[ WARN:3@31.172] global qrcode.cpp:2929 decodingProcess QR: ECI is not supported properly
[ WARN:0@31.172] global qrcode.cpp:2929 decodingProcess QR: ECI is not supported properly
[ WARN:2@31.172] global qrcode.cpp:2929 decodingProcess QR: ECI is not supported properly
[ WARN:1@31.172] global qrcode.cpp:2929 decodingProcess QR: ECI is not supported properly
[ WARN:5@31.185] global qrcode.cpp:2929 decodingProcess QR: ECI is not supported properly
[ WARN:2@31.185] global qrcode.cpp:2929 decodingProcess QR: ECI is not supported properly
[ WARN:3@31.186] global qrcode.cpp:2929 decodingProcess QR: ECI is not supported properly
[ WARN:6@31.188] global qrcode.cpp:2929 decodingProcess QR: ECI is not supported properly
[ WARN:1@31.188] global qrcode.cpp:2929 decodingProcess QR: ECI is not supported properly
[ WARN:0@31.188] global qrcode.cpp:2929 decodingProcess QR: ECI is not supported properly
[ WARN:4@31.190] global qrcode.cpp:2929 decodingProcess QR: ECI is not supported properly
[ WARN:4@31.202] global qrcode.cpp:2929 decodingProcess QR: ECI is not supported properly
[ WARN:0@31.202] global qrcode.cpp:2929 decodingProcess QR: ECI is not supported properly
[ WARN:3@31.203] global qrcode.cpp:2929 decodingProcess QR: ECI is not supported properly
[ WARN:1@31.203] global qrcode.cpp:2929 decodingProcess QR: ECI is not supported properly
[ WARN:5@31.203] global qrcode.cpp:2929 decodingProcess QR: ECI is not supported properly
[ WARN:2@31.203] global qrcode.cpp:2929 decodingProcess QR: ECI is not supported properly
[ WARN:7@31.204] global qrcode.cpp:2929 decodingProcess QR: ECI is not supported properly
[ WARN:4@31.216] global qrcode.cpp:2929 decodingProcess QR: ECI is not supported properly
[ WARN:7@31.216] global qrcode.cpp:2929 decodingProcess QR: ECI is not supported properly
[ WARN:5@31.216] global qrcode.cpp:2929 decodingProcess QR: ECI is not supported properly
[ WARN:3@31.216] global qrcode.cpp:2929 decodingProcess QR: ECI is not supported properly
[ WARN:0@31.216] global qrcode.cpp:2929 decodingProcess QR: ECI is not supported properly
[ WARN:2@31.217] global qrcode.cpp:2929 decodingProcess QR: ECI is not supported properly
[ WARN:1@31.217] global qrcode.cpp:2929 decodingProcess QR: ECI is not supported properly
[ WARN:4@31.229] global qrcode.cpp:2929 decodingProcess QR: ECI is not supported properly
[ WARN:5@31.229] global qrcode.cpp:2929 decodingProcess QR: ECI is not supported properly
[ WARN:6@31.229] global qrcode.cpp:2929 decodingProcess QR: ECI is not supported properly
[ WARN:3@31.229] global qrcode.cpp:2929 decodingProcess QR: ECI is not supported properly
[ WARN:0@31.229] global qrcode.cpp:2929 decodingProcess QR: ECI is not supported properly
[ WARN:2@31.230] global qrcode.cpp:2929 decodingProcess QR: ECI is not supported properly
[ WARN:1@31.230] global qrcode.cpp:2929 decodingProcess QR: ECI is not supported properly
[ WARN:4@31.242] global qrcode.cpp:2929 decodingProcess QR: ECI is not supported properly
[ WARN:6@31.242] global qrcode.cpp:2929 decodingProcess QR: ECI is not supported properly
[ WARN:5@31.242] global qrcode.cpp:2929 decodingProcess QR: ECI is not supported properly
[ WARN:3@31.243] global qrcode.cpp:2929 decodingProcess QR: ECI is not supported properly
[ WARN:0@31.243] global qrcode.cpp:2929 decodingProcess QR: ECI is not supported properly
[ WARN:1@31.243] global qrcode.cpp:2929 decodingProcess QR: ECI is not supported properly
[ WARN:2@31.243] global qrcode.cpp:2929 decodingProcess QR: ECI is not supported properly
[ WARN:3@31.255] global qrcode.cpp:2929 decodingProcess QR: ECI is not supported properly
[ WARN:6@31.255] global qrcode.cpp:2929 decodingProcess QR: ECI is not supported properly
[ WARN:5@31.256] global qrcode.cpp:2929 decodingProcess QR: ECI is not supported properly
[ WARN:0@31.256] global qrcode.cpp:2929 decodingProcess QR: ECI is not supported properly
[ WARN:1@31.256] global qrcode.cpp:2929 decodingProcess QR: ECI is not supported properly
[ WARN:4@31.256] global qrcode.cpp:2929 decodingProcess QR: ECI is not supported properly
[ WARN:2@31.256] global qrcode.cpp:2929 decodingProcess QR: ECI is not supported properly
[ WARN:5@31.269] global qrcode.cpp:2929 decodingProcess QR: ECI is not supported properly
[ WARN:4@31.269] global qrcode.cpp:2929 decodingProcess QR: ECI is not supported properly
[ WARN:3@31.269] global qrcode.cpp:2929 decodingProcess QR: ECI is not supported properly
[ WARN:0@31.269] global qrcode.cpp:2929 decodingProcess QR: ECI is not supported properly
[ WARN:2@31.269] global qrcode.cpp:2929 decodingProcess QR: ECI is not supported properly
[ WARN:1@31.269] global qrcode.cpp:2929 decodingProcess QR: ECI is not supported properly
[ WARN:7@31.269] global qrcode.cpp:2929 decodingProcess QR: ECI is not supported properly
[ WARN:5@31.282] global qrcode.cpp:2929 decodingProcess QR: ECI is not supported properly
[ WARN:6@31.282] global qrcode.cpp:2929 decodingProcess QR: ECI is not supported properly
[ WARN:3@31.282] global qrcode.cpp:2929 decodingProcess QR: ECI is not supported properly
[ WARN:0@31.282] global qrcode.cpp:2929 decodingProcess QR: ECI is not supported properly
[ WARN:4@31.283] global qrcode.cpp:2929 decodingProcess QR: ECI is not supported properly
[ WARN:1@31.283] global qrcode.cpp:2929 decodingProcess QR: ECI is not supported properly
[ WARN:2@31.283] global qrcode.cpp:2929 decodingProcess QR: ECI is not supported properly
[ WARN:6@31.295] global qrcode.cpp:2929 decodingProcess QR: ECI is not supported properly
[ WARN:5@31.296] global qrcode.cpp:2929 decodingProcess QR: ECI is not supported properly
[ WARN:3@31.296] global qrcode.cpp:2929 decodingProcess QR: ECI is not supported properly
[ WARN:1@31.296] global qrcode.cpp:2929 decodingProcess QR: ECI is not supported properly
[ WARN:0@31.296] global qrcode.cpp:2929 decodingProcess QR: ECI is not supported properly
[ WARN:2@31.296] global qrcode.cpp:2929 decodingProcess QR: ECI is not supported properly
[ WARN:4@31.297] global qrcode.cpp:2929 decodingProcess QR: ECI is not supported properly
[ WARN:3@31.309] global qrcode.cpp:2929 decodingProcess QR: ECI is not supported properly
[ WARN:0@31.309] global qrcode.cpp:2929 decodingProcess QR: ECI is not supported properly
[ WARN:5@31.310] global qrcode.cpp:2929 decodingProcess QR: ECI is not supported properly
[ WARN:6@31.310] global qrcode.cpp:2929 decodingProcess QR: ECI is not supported properly
[ WARN:1@31.310] global qrcode.cpp:2929 decodingProcess QR: ECI is not supported properly
[ WARN:4@31.310] global qrcode.cpp:2929 decodingProcess QR: ECI is not supported properly
[ WARN:2@31.310] global qrcode.cpp:2929 decodingProcess QR: ECI is not supported properly
[ WARN:6@31.322] global qrcode.cpp:2929 decodingProcess QR: ECI is not supported properly
[ WARN:4@31.323] global qrcode.cpp:2929 decodingProcess QR: ECI is not supported properly
[ WARN:5@31.323] global qrcode.cpp:2929 decodingProcess QR: ECI is not supported properly
[ WARN:2@31.323] global qrcode.cpp:2929 decodingProcess QR: ECI is not supported properly
[ WARN:3@31.323] global qrcode.cpp:2929 decodingProcess QR: ECI is not supported properly
[ WARN:0@31.323] global qrcode.cpp:2929 decodingProcess QR: ECI is not supported properly
[ WARN:1@31.323] global qrcode.cpp:2929 decodingProcess QR: ECI is not supported properly
[ PERFSTAT ]    (samples=13   mean=13.40   median=13.37   min=13.04   stddev=0.27 (2.0%))
[       OK ] Perf_Objdetect_QRCode_Multi.decodeMulti/12 (233 ms)
[ RUN      ] Perf_Objdetect_QRCode_Multi.decodeMulti/13, where GetParam() = ("7_qrcodes.png", "aruco_based")
[ WARN:6@31.364] global qrcode.cpp:2929 decodingProcess QR: ECI is not supported properly
[ WARN:5@31.365] global qrcode.cpp:2929 decodingProcess QR: ECI is not supported properly
[ WARN:0@31.365] global qrcode.cpp:2929 decodingProcess QR: ECI is not supported properly
[ WARN:3@31.365] global qrcode.cpp:2929 decodingProcess QR: ECI is not supported properly
[ WARN:2@31.365] global qrcode.cpp:2929 decodingProcess QR: ECI is not supported properly
[ WARN:4@31.365] global qrcode.cpp:2929 decodingProcess QR: ECI is not supported properly
[ WARN:1@31.378] global qrcode.cpp:2929 decodingProcess QR: ECI is not supported properly
[ WARN:6@31.391] global qrcode.cpp:2929 decodingProcess QR: ECI is not supported properly
[ WARN:5@31.391] global qrcode.cpp:2929 decodingProcess QR: ECI is not supported properly
[ WARN:3@31.391] global qrcode.cpp:2929 decodingProcess QR: ECI is not supported properly
[ WARN:0@31.391] global qrcode.cpp:2929 decodingProcess QR: ECI is not supported properly
[ WARN:2@31.391] global qrcode.cpp:2929 decodingProcess QR: ECI is not supported properly
[ WARN:4@31.392] global qrcode.cpp:2929 decodingProcess QR: ECI is not supported properly
[ WARN:1@31.404] global qrcode.cpp:2929 decodingProcess QR: ECI is not supported properly
[ WARN:2@31.417] global qrcode.cpp:2929 decodingProcess QR: ECI is not supported properly
[ WARN:7@31.419] global qrcode.cpp:2929 decodingProcess QR: ECI is not supported properly
[ WARN:0@31.419] global qrcode.cpp:2929 decodingProcess QR: ECI is not supported properly
[ WARN:5@31.420] global qrcode.cpp:2929 decodingProcess QR: ECI is not supported properly
[ WARN:3@31.420] global qrcode.cpp:2929 decodingProcess QR: ECI is not supported properly
[ WARN:4@31.421] global qrcode.cpp:2929 decodingProcess QR: ECI is not supported properly
[ WARN:1@31.431] global qrcode.cpp:2929 decodingProcess QR: ECI is not supported properly
[ WARN:6@31.444] global qrcode.cpp:2929 decodingProcess QR: ECI is not supported properly
[ WARN:2@31.444] global qrcode.cpp:2929 decodingProcess QR: ECI is not supported properly
[ WARN:0@31.444] global qrcode.cpp:2929 decodingProcess QR: ECI is not supported properly
[ WARN:3@31.445] global qrcode.cpp:2929 decodingProcess QR: ECI is not supported properly
[ WARN:4@31.445] global qrcode.cpp:2929 decodingProcess QR: ECI is not supported properly
[ WARN:5@31.445] global qrcode.cpp:2929 decodingProcess QR: ECI is not supported properly
[ WARN:1@31.456] global qrcode.cpp:2929 decodingProcess QR: ECI is not supported properly
[ WARN:6@31.469] global qrcode.cpp:2929 decodingProcess QR: ECI is not supported properly
[ WARN:5@31.469] global qrcode.cpp:2929 decodingProcess QR: ECI is not supported properly
[ WARN:2@31.469] global qrcode.cpp:2929 decodingProcess QR: ECI is not supported properly
[ WARN:0@31.469] global qrcode.cpp:2929 decodingProcess QR: ECI is not supported properly
[ WARN:3@31.469] global qrcode.cpp:2929 decodingProcess QR: ECI is not supported properly
[ WARN:4@31.470] global qrcode.cpp:2929 decodingProcess QR: ECI is not supported properly
[ WARN:1@31.481] global qrcode.cpp:2929 decodingProcess QR: ECI is not supported properly
[ WARN:5@31.493] global qrcode.cpp:2929 decodingProcess QR: ECI is not supported properly
[ WARN:3@31.494] global qrcode.cpp:2929 decodingProcess QR: ECI is not supported properly
[ WARN:2@31.494] global qrcode.cpp:2929 decodingProcess QR: ECI is not supported properly
[ WARN:6@31.494] global qrcode.cpp:2929 decodingProcess QR: ECI is not supported properly
[ WARN:4@31.494] global qrcode.cpp:2929 decodingProcess QR: ECI is not supported properly
[ WARN:0@31.494] global qrcode.cpp:2929 decodingProcess QR: ECI is not supported properly
[ WARN:1@31.505] global qrcode.cpp:2929 decodingProcess QR: ECI is not supported properly
[ WARN:7@31.518] global qrcode.cpp:2929 decodingProcess QR: ECI is not supported properly
[ WARN:5@31.519] global qrcode.cpp:2929 decodingProcess QR: ECI is not supported properly
[ WARN:0@31.519] global qrcode.cpp:2929 decodingProcess QR: ECI is not supported properly
[ WARN:2@31.519] global qrcode.cpp:2929 decodingProcess QR: ECI is not supported properly
[ WARN:4@31.519] global qrcode.cpp:2929 decodingProcess QR: ECI is not supported properly
[ WARN:3@31.519] global qrcode.cpp:2929 decodingProcess QR: ECI is not supported properly
[ WARN:1@31.530] global qrcode.cpp:2929 decodingProcess QR: ECI is not supported properly
[ WARN:6@31.543] global qrcode.cpp:2929 decodingProcess QR: ECI is not supported properly
[ WARN:5@31.543] global qrcode.cpp:2929 decodingProcess QR: ECI is not supported properly
[ WARN:0@31.543] global qrcode.cpp:2929 decodingProcess QR: ECI is not supported properly
[ WARN:3@31.543] global qrcode.cpp:2929 decodingProcess QR: ECI is not supported properly
[ WARN:2@31.543] global qrcode.cpp:2929 decodingProcess QR: ECI is not supported properly
[ WARN:4@31.543] global qrcode.cpp:2929 decodingProcess QR: ECI is not supported properly
[ WARN:1@31.554] global qrcode.cpp:2929 decodingProcess QR: ECI is not supported properly
[ WARN:0@31.567] global qrcode.cpp:2929 decodingProcess QR: ECI is not supported properly
[ WARN:5@31.568] global qrcode.cpp:2929 decodingProcess QR: ECI is not supported properly
[ WARN:6@31.568] global qrcode.cpp:2929 decodingProcess QR: ECI is not supported properly
[ WARN:2@31.568] global qrcode.cpp:2929 decodingProcess QR: ECI is not supported properly
[ WARN:3@31.568] global qrcode.cpp:2929 decodingProcess QR: ECI is not supported properly
[ WARN:4@31.568] global qrcode.cpp:2929 decodingProcess QR: ECI is not supported properly
[ WARN:1@31.579] global qrcode.cpp:2929 decodingProcess QR: ECI is not supported properly
[ WARN:6@31.592] global qrcode.cpp:2929 decodingProcess QR: ECI is not supported properly
[ WARN:5@31.592] global qrcode.cpp:2929 decodingProcess QR: ECI is not supported properly
[ WARN:0@31.592] global qrcode.cpp:2929 decodingProcess QR: ECI is not supported properly
[ WARN:2@31.592] global qrcode.cpp:2929 decodingProcess QR: ECI is not supported properly
[ WARN:3@31.592] global qrcode.cpp:2929 decodingProcess QR: ECI is not supported properly
[ WARN:4@31.593] global qrcode.cpp:2929 decodingProcess QR: ECI is not supported properly
[ WARN:1@31.604] global qrcode.cpp:2929 decodingProcess QR: ECI is not supported properly
[ WARN:0@31.617] global qrcode.cpp:2929 decodingProcess QR: ECI is not supported properly
[ WARN:2@31.617] global qrcode.cpp:2929 decodingProcess QR: ECI is not supported properly
[ WARN:7@31.620] global qrcode.cpp:2929 decodingProcess QR: ECI is not supported properly
[ WARN:3@31.620] global qrcode.cpp:2929 decodingProcess QR: ECI is not supported properly
[ WARN:4@31.620] global qrcode.cpp:2929 decodingProcess QR: ECI is not supported properly
[ WARN:5@31.620] global qrcode.cpp:2929 decodingProcess QR: ECI is not supported properly
[ WARN:1@31.628] global qrcode.cpp:2929 decodingProcess QR: ECI is not supported properly
[ WARN:4@31.641] global qrcode.cpp:2929 decodingProcess QR: ECI is not supported properly
[ WARN:2@31.641] global qrcode.cpp:2929 decodingProcess QR: ECI is not supported properly
[ WARN:6@31.641] global qrcode.cpp:2929 decodingProcess QR: ECI is not supported properly
[ WARN:3@31.641] global qrcode.cpp:2929 decodingProcess QR: ECI is not supported properly
[ WARN:0@31.641] global qrcode.cpp:2929 decodingProcess QR: ECI is not supported properly
[ WARN:5@31.642] global qrcode.cpp:2929 decodingProcess QR: ECI is not supported properly
[ WARN:1@31.653] global qrcode.cpp:2929 decodingProcess QR: ECI is not supported properly
[ WARN:7@31.666] global qrcode.cpp:2929 decodingProcess QR: ECI is not supported properly
[ WARN:3@31.666] global qrcode.cpp:2929 decodingProcess QR: ECI is not supported properly
[ WARN:5@31.666] global qrcode.cpp:2929 decodingProcess QR: ECI is not supported properly
[ WARN:2@31.666] global qrcode.cpp:2929 decodingProcess QR: ECI is not supported properly
[ WARN:0@31.666] global qrcode.cpp:2929 decodingProcess QR: ECI is not supported properly
[ WARN:4@31.666] global qrcode.cpp:2929 decodingProcess QR: ECI is not supported properly
[ WARN:1@31.678] global qrcode.cpp:2929 decodingProcess QR: ECI is not supported properly
[ PERFSTAT ]    (samples=13   mean=24.89   median=24.67   min=24.33   stddev=0.63 (2.5%))
[       OK ] Perf_Objdetect_QRCode_Multi.decodeMulti/13 (355 ms)
[ RUN      ] Perf_Objdetect_QRCode_Multi.decodeMulti/14, where GetParam() = ("8_close_qrcodes.png", "contours_based")
[ WARN:1@31.851] global qrcode.cpp:2929 decodingProcess QR: ECI is not supported properly
[ WARN:0@31.852] global qrcode.cpp:2929 decodingProcess QR: ECI is not supported properly
[ WARN:6@31.854] global qrcode.cpp:2929 decodingProcess QR: ECI is not supported properly
[ WARN:2@31.854] global qrcode.cpp:2929 decodingProcess QR: ECI is not supported properly
[ WARN:3@31.854] global qrcode.cpp:2929 decodingProcess QR: ECI is not supported properly
[ WARN:7@31.854] global qrcode.cpp:2929 decodingProcess QR: ECI is not supported properly
[ WARN:4@31.856] global qrcode.cpp:2929 decodingProcess QR: ECI is not supported properly
[ WARN:8@31.856] global qrcode.cpp:2929 decodingProcess QR: ECI is not supported properly
[ WARN:1@31.891] global qrcode.cpp:2929 decodingProcess QR: ECI is not supported properly
[ WARN:2@31.892] global qrcode.cpp:2929 decodingProcess QR: ECI is not supported properly
[ WARN:6@31.893] global qrcode.cpp:2929 decodingProcess QR: ECI is not supported properly
[ WARN:3@31.893] global qrcode.cpp:2929 decodingProcess QR: ECI is not supported properly
[ WARN:4@31.893] global qrcode.cpp:2929 decodingProcess QR: ECI is not supported properly
[ WARN:0@31.893] global qrcode.cpp:2929 decodingProcess QR: ECI is not supported properly
[ WARN:7@31.894] global qrcode.cpp:2929 decodingProcess QR: ECI is not supported properly
[ WARN:5@31.894] global qrcode.cpp:2929 decodingProcess QR: ECI is not supported properly
[ WARN:1@31.930] global qrcode.cpp:2929 decodingProcess QR: ECI is not supported properly
[ WARN:2@31.930] global qrcode.cpp:2929 decodingProcess QR: ECI is not supported properly
[ WARN:4@31.930] global qrcode.cpp:2929 decodingProcess QR: ECI is not supported properly
[ WARN:3@31.931] global qrcode.cpp:2929 decodingProcess QR: ECI is not supported properly
[ WARN:0@31.932] global qrcode.cpp:2929 decodingProcess QR: ECI is not supported properly
[ WARN:6@31.932] global qrcode.cpp:2929 decodingProcess QR: ECI is not supported properly
[ WARN:5@31.933] global qrcode.cpp:2929 decodingProcess QR: ECI is not supported properly
[ WARN:7@31.933] global qrcode.cpp:2929 decodingProcess QR: ECI is not supported properly
[ WARN:1@31.968] global qrcode.cpp:2929 decodingProcess QR: ECI is not supported properly
[ WARN:2@31.969] global qrcode.cpp:2929 decodingProcess QR: ECI is not supported properly
[ WARN:4@31.970] global qrcode.cpp:2929 decodingProcess QR: ECI is not supported properly
[ WARN:3@31.970] global qrcode.cpp:2929 decodingProcess QR: ECI is not supported properly
[ WARN:6@31.971] global qrcode.cpp:2929 decodingProcess QR: ECI is not supported properly
[ WARN:0@31.971] global qrcode.cpp:2929 decodingProcess QR: ECI is not supported properly
[ WARN:5@31.972] global qrcode.cpp:2929 decodingProcess QR: ECI is not supported properly
[ WARN:7@31.972] global qrcode.cpp:2929 decodingProcess QR: ECI is not supported properly
[ WARN:1@32.007] global qrcode.cpp:2929 decodingProcess QR: ECI is not supported properly
[ WARN:3@32.008] global qrcode.cpp:2929 decodingProcess QR: ECI is not supported properly
[ WARN:8@32.008] global qrcode.cpp:2929 decodingProcess QR: ECI is not supported properly
[ WARN:5@32.008] global qrcode.cpp:2929 decodingProcess QR: ECI is not supported properly
[ WARN:2@32.009] global qrcode.cpp:2929 decodingProcess QR: ECI is not supported properly
[ WARN:4@32.009] global qrcode.cpp:2929 decodingProcess QR: ECI is not supported properly
[ WARN:0@32.009] global qrcode.cpp:2929 decodingProcess QR: ECI is not supported properly
[ WARN:6@32.009] global qrcode.cpp:2929 decodingProcess QR: ECI is not supported properly
[ WARN:8@32.045] global qrcode.cpp:2929 decodingProcess QR: ECI is not supported properly
[ WARN:2@32.046] global qrcode.cpp:2929 decodingProcess QR: ECI is not supported properly
[ WARN:1@32.048] global qrcode.cpp:2929 decodingProcess QR: ECI is not supported properly
[ WARN:4@32.049] global qrcode.cpp:2929 decodingProcess QR: ECI is not supported properly
[ WARN:6@32.049] global qrcode.cpp:2929 decodingProcess QR: ECI is not supported properly
[ WARN:0@32.050] global qrcode.cpp:2929 decodingProcess QR: ECI is not supported properly
[ WARN:3@32.051] global qrcode.cpp:2929 decodingProcess QR: ECI is not supported properly
[ WARN:7@32.051] global qrcode.cpp:2929 decodingProcess QR: ECI is not supported properly
[ WARN:1@32.086] global qrcode.cpp:2929 decodingProcess QR: ECI is not supported properly
[ WARN:3@32.087] global qrcode.cpp:2929 decodingProcess QR: ECI is not supported properly
[ WARN:4@32.087] global qrcode.cpp:2929 decodingProcess QR: ECI is not supported properly
[ WARN:6@32.087] global qrcode.cpp:2929 decodingProcess QR: ECI is not supported properly
[ WARN:0@32.088] global qrcode.cpp:2929 decodingProcess QR: ECI is not supported properly
[ WARN:5@32.088] global qrcode.cpp:2929 decodingProcess QR: ECI is not supported properly
[ WARN:2@32.088] global qrcode.cpp:2929 decodingProcess QR: ECI is not supported properly
[ WARN:7@32.089] global qrcode.cpp:2929 decodingProcess QR: ECI is not supported properly
[ WARN:1@32.124] global qrcode.cpp:2929 decodingProcess QR: ECI is not supported properly
[ WARN:4@32.125] global qrcode.cpp:2929 decodingProcess QR: ECI is not supported properly
[ WARN:5@32.126] global qrcode.cpp:2929 decodingProcess QR: ECI is not supported properly
[ WARN:6@32.126] global qrcode.cpp:2929 decodingProcess QR: ECI is not supported properly
[ WARN:2@32.126] global qrcode.cpp:2929 decodingProcess QR: ECI is not supported properly
[ WARN:3@32.126] global qrcode.cpp:2929 decodingProcess QR: ECI is not supported properly
[ WARN:0@32.127] global qrcode.cpp:2929 decodingProcess QR: ECI is not supported properly
[ WARN:7@32.127] global qrcode.cpp:2929 decodingProcess QR: ECI is not supported properly
[ WARN:1@32.162] global qrcode.cpp:2929 decodingProcess QR: ECI is not supported properly
[ WARN:2@32.163] global qrcode.cpp:2929 decodingProcess QR: ECI is not supported properly
[ WARN:4@32.163] global qrcode.cpp:2929 decodingProcess QR: ECI is not supported properly
[ WARN:8@32.164] global qrcode.cpp:2929 decodingProcess QR: ECI is not supported properly
[ WARN:3@32.164] global qrcode.cpp:2929 decodingProcess QR: ECI is not supported properly
[ WARN:6@32.164] global qrcode.cpp:2929 decodingProcess QR: ECI is not supported properly
[ WARN:5@32.164] global qrcode.cpp:2929 decodingProcess QR: ECI is not supported properly
[ WARN:0@32.164] global qrcode.cpp:2929 decodingProcess QR: ECI is not supported properly
[ WARN:1@32.200] global qrcode.cpp:2929 decodingProcess QR: ECI is not supported properly
[ WARN:2@32.201] global qrcode.cpp:2929 decodingProcess QR: ECI is not supported properly
[ WARN:5@32.204] global qrcode.cpp:2929 decodingProcess QR: ECI is not supported properly
[ WARN:0@32.205] global qrcode.cpp:2929 decodingProcess QR: ECI is not supported properly
[ WARN:6@32.205] global qrcode.cpp:2929 decodingProcess QR: ECI is not supported properly
[ WARN:4@32.205] global qrcode.cpp:2929 decodingProcess QR: ECI is not supported properly
[ WARN:3@32.206] global qrcode.cpp:2929 decodingProcess QR: ECI is not supported properly
[ WARN:7@32.208] global qrcode.cpp:2929 decodingProcess QR: ECI is not supported properly
[ WARN:1@32.242] global qrcode.cpp:2929 decodingProcess QR: ECI is not supported properly
[ WARN:5@32.243] global qrcode.cpp:2929 decodingProcess QR: ECI is not supported properly
[ WARN:6@32.244] global qrcode.cpp:2929 decodingProcess QR: ECI is not supported properly
[ WARN:2@32.244] global qrcode.cpp:2929 decodingProcess QR: ECI is not supported properly
[ WARN:4@32.244] global qrcode.cpp:2929 decodingProcess QR: ECI is not supported properly
[ WARN:3@32.244] global qrcode.cpp:2929 decodingProcess QR: ECI is not supported properly
[ WARN:0@32.245] global qrcode.cpp:2929 decodingProcess QR: ECI is not supported properly
[ WARN:7@32.245] global qrcode.cpp:2929 decodingProcess QR: ECI is not supported properly
[ WARN:1@32.281] global qrcode.cpp:2929 decodingProcess QR: ECI is not supported properly
[ WARN:2@32.282] global qrcode.cpp:2929 decodingProcess QR: ECI is not supported properly
[ WARN:4@32.282] global qrcode.cpp:2929 decodingProcess QR: ECI is not supported properly
[ WARN:3@32.282] global qrcode.cpp:2929 decodingProcess QR: ECI is not supported properly
[ WARN:5@32.282] global qrcode.cpp:2929 decodingProcess QR: ECI is not supported properly
[ WARN:6@32.282] global qrcode.cpp:2929 decodingProcess QR: ECI is not supported properly
[ WARN:0@32.283] global qrcode.cpp:2929 decodingProcess QR: ECI is not supported properly
[ WARN:7@32.284] global qrcode.cpp:2929 decodingProcess QR: ECI is not supported properly
[ WARN:1@32.319] global qrcode.cpp:2929 decodingProcess QR: ECI is not supported properly
[ WARN:8@32.319] global qrcode.cpp:2929 decodingProcess QR: ECI is not supported properly
[ WARN:5@32.320] global qrcode.cpp:2929 decodingProcess QR: ECI is not supported properly
[ WARN:2@32.320] global qrcode.cpp:2929 decodingProcess QR: ECI is not supported properly
[ WARN:3@32.320] global qrcode.cpp:2929 decodingProcess QR: ECI is not supported properly
[ WARN:6@32.320] global qrcode.cpp:2929 decodingProcess QR: ECI is not supported properly
[ WARN:4@32.320] global qrcode.cpp:2929 decodingProcess QR: ECI is not supported properly
[ WARN:0@32.320] global qrcode.cpp:2929 decodingProcess QR: ECI is not supported properly
[ WARN:1@32.356] global qrcode.cpp:2929 decodingProcess QR: ECI is not supported properly
[ WARN:2@32.356] global qrcode.cpp:2929 decodingProcess QR: ECI is not supported properly
[ WARN:5@32.357] global qrcode.cpp:2929 decodingProcess QR: ECI is not supported properly
[ WARN:3@32.357] global qrcode.cpp:2929 decodingProcess QR: ECI is not supported properly
[ WARN:4@32.357] global qrcode.cpp:2929 decodingProcess QR: ECI is not supported properly
[ WARN:6@32.357] global qrcode.cpp:2929 decodingProcess QR: ECI is not supported properly
[ WARN:0@32.358] global qrcode.cpp:2929 decodingProcess QR: ECI is not supported properly
[ WARN:7@32.361] global qrcode.cpp:2929 decodingProcess QR: ECI is not supported properly
[ WARN:1@32.397] global qrcode.cpp:2929 decodingProcess QR: ECI is not supported properly
[ WARN:8@32.398] global qrcode.cpp:2929 decodingProcess QR: ECI is not supported properly
[ WARN:2@32.398] global qrcode.cpp:2929 decodingProcess QR: ECI is not supported properly
[ WARN:4@32.399] global qrcode.cpp:2929 decodingProcess QR: ECI is not supported properly
[ WARN:3@32.401] global qrcode.cpp:2929 decodingProcess QR: ECI is not supported properly
[ WARN:0@32.401] global qrcode.cpp:2929 decodingProcess QR: ECI is not supported properly
[ WARN:6@32.402] global qrcode.cpp:2929 decodingProcess QR: ECI is not supported properly
[ WARN:7@32.402] global qrcode.cpp:2929 decodingProcess QR: ECI is not supported properly
[ WARN:1@32.437] global qrcode.cpp:2929 decodingProcess QR: ECI is not supported properly
[ WARN:2@32.438] global qrcode.cpp:2929 decodingProcess QR: ECI is not supported properly
[ WARN:8@32.439] global qrcode.cpp:2929 decodingProcess QR: ECI is not supported properly
[ WARN:3@32.439] global qrcode.cpp:2929 decodingProcess QR: ECI is not supported properly
[ WARN:4@32.439] global qrcode.cpp:2929 decodingProcess QR: ECI is not supported properly
[ WARN:0@32.440] global qrcode.cpp:2929 decodingProcess QR: ECI is not supported properly
[ WARN:6@32.440] global qrcode.cpp:2929 decodingProcess QR: ECI is not supported properly
[ WARN:5@32.451] global qrcode.cpp:2929 decodingProcess QR: ECI is not supported properly
[ WARN:1@32.486] global qrcode.cpp:2929 decodingProcess QR: ECI is not supported properly
[ WARN:2@32.487] global qrcode.cpp:2929 decodingProcess QR: ECI is not supported properly
[ WARN:4@32.488] global qrcode.cpp:2929 decodingProcess QR: ECI is not supported properly
[ WARN:3@32.488] global qrcode.cpp:2929 decodingProcess QR: ECI is not supported properly
[ WARN:6@32.489] global qrcode.cpp:2929 decodingProcess QR: ECI is not supported properly
[ WARN:8@32.489] global qrcode.cpp:2929 decodingProcess QR: ECI is not supported properly
[ WARN:0@32.490] global qrcode.cpp:2929 decodingProcess QR: ECI is not supported properly
[ WARN:5@32.499] global qrcode.cpp:2929 decodingProcess QR: ECI is not supported properly
[ WARN:2@32.535] global qrcode.cpp:2929 decodingProcess QR: ECI is not supported properly
[ WARN:1@32.538] global qrcode.cpp:2929 decodingProcess QR: ECI is not supported properly
[ WARN:6@32.539] global qrcode.cpp:2929 decodingProcess QR: ECI is not supported properly
[ WARN:0@32.539] global qrcode.cpp:2929 decodingProcess QR: ECI is not supported properly
[ WARN:3@32.539] global qrcode.cpp:2929 decodingProcess QR: ECI is not supported properly
[ WARN:4@32.540] global qrcode.cpp:2929 decodingProcess QR: ECI is not supported properly
[ WARN:7@32.541] global qrcode.cpp:2929 decodingProcess QR: ECI is not supported properly
[ WARN:5@32.549] global qrcode.cpp:2929 decodingProcess QR: ECI is not supported properly
[ WARN:1@32.584] global qrcode.cpp:2929 decodingProcess QR: ECI is not supported properly
[ WARN:3@32.585] global qrcode.cpp:2929 decodingProcess QR: ECI is not supported properly
[ WARN:2@32.585] global qrcode.cpp:2929 decodingProcess QR: ECI is not supported properly
[ WARN:4@32.585] global qrcode.cpp:2929 decodingProcess QR: ECI is not supported properly
[ WARN:5@32.587] global qrcode.cpp:2929 decodingProcess QR: ECI is not supported properly
[ WARN:0@32.587] global qrcode.cpp:2929 decodingProcess QR: ECI is not supported properly
[ WARN:8@32.587] global qrcode.cpp:2929 decodingProcess QR: ECI is not supported properly
[ WARN:6@32.588] global qrcode.cpp:2929 decodingProcess QR: ECI is not supported properly
[ WARN:1@32.623] global qrcode.cpp:2929 decodingProcess QR: ECI is not supported properly
[ WARN:2@32.624] global qrcode.cpp:2929 decodingProcess QR: ECI is not supported properly
[ WARN:4@32.625] global qrcode.cpp:2929 decodingProcess QR: ECI is not supported properly
[ WARN:8@32.625] global qrcode.cpp:2929 decodingProcess QR: ECI is not supported properly
[ WARN:5@32.626] global qrcode.cpp:2929 decodingProcess QR: ECI is not supported properly
[ WARN:6@32.627] global qrcode.cpp:2929 decodingProcess QR: ECI is not supported properly
[ WARN:0@32.627] global qrcode.cpp:2929 decodingProcess QR: ECI is not supported properly
[ WARN:7@32.628] global qrcode.cpp:2929 decodingProcess QR: ECI is not supported properly
[ WARN:1@32.663] global qrcode.cpp:2929 decodingProcess QR: ECI is not supported properly
[ WARN:2@32.664] global qrcode.cpp:2929 decodingProcess QR: ECI is not supported properly
[ WARN:8@32.664] global qrcode.cpp:2929 decodingProcess QR: ECI is not supported properly
[ WARN:3@32.665] global qrcode.cpp:2929 decodingProcess QR: ECI is not supported properly
[ WARN:5@32.665] global qrcode.cpp:2929 decodingProcess QR: ECI is not supported properly
[ WARN:0@32.665] global qrcode.cpp:2929 decodingProcess QR: ECI is not supported properly
[ WARN:6@32.666] global qrcode.cpp:2929 decodingProcess QR: ECI is not supported properly
[ WARN:7@32.666] global qrcode.cpp:2929 decodingProcess QR: ECI is not supported properly
[ WARN:1@32.701] global qrcode.cpp:2929 decodingProcess QR: ECI is not supported properly
[ WARN:8@32.702] global qrcode.cpp:2929 decodingProcess QR: ECI is not supported properly
[ WARN:3@32.702] global qrcode.cpp:2929 decodingProcess QR: ECI is not supported properly
[ WARN:2@32.702] global qrcode.cpp:2929 decodingProcess QR: ECI is not supported properly
[ WARN:0@32.703] global qrcode.cpp:2929 decodingProcess QR: ECI is not supported properly
[ WARN:6@32.703] global qrcode.cpp:2929 decodingProcess QR: ECI is not supported properly
[ WARN:5@32.703] global qrcode.cpp:2929 decodingProcess QR: ECI is not supported properly
[ WARN:4@32.703] global qrcode.cpp:2929 decodingProcess QR: ECI is not supported properly
[ WARN:2@32.740] global qrcode.cpp:2929 decodingProcess QR: ECI is not supported properly
[ WARN:8@32.741] global qrcode.cpp:2929 decodingProcess QR: ECI is not supported properly
[ WARN:7@32.743] global qrcode.cpp:2929 decodingProcess QR: ECI is not supported properly
[ WARN:0@32.744] global qrcode.cpp:2929 decodingProcess QR: ECI is not supported properly
[ WARN:1@32.744] global qrcode.cpp:2929 decodingProcess QR: ECI is not supported properly
[ WARN:6@32.744] global qrcode.cpp:2929 decodingProcess QR: ECI is not supported properly
[ WARN:3@32.746] global qrcode.cpp:2929 decodingProcess QR: ECI is not supported properly
[ WARN:4@32.746] global qrcode.cpp:2929 decodingProcess QR: ECI is not supported properly
[ WARN:1@32.782] global qrcode.cpp:2929 decodingProcess QR: ECI is not supported properly
[ WARN:2@32.783] global qrcode.cpp:2929 decodingProcess QR: ECI is not supported properly
[ WARN:4@32.783] global qrcode.cpp:2929 decodingProcess QR: ECI is not supported properly
[ WARN:3@32.783] global qrcode.cpp:2929 decodingProcess QR: ECI is not supported properly
[ WARN:6@32.784] global qrcode.cpp:2929 decodingProcess QR: ECI is not supported properly
[ WARN:0@32.784] global qrcode.cpp:2929 decodingProcess QR: ECI is not supported properly
[ WARN:8@32.784] global qrcode.cpp:2929 decodingProcess QR: ECI is not supported properly
[ WARN:5@32.784] global qrcode.cpp:2929 decodingProcess QR: ECI is not supported properly
[ WARN:4@32.821] global qrcode.cpp:2929 decodingProcess QR: ECI is not supported properly
[ WARN:3@32.821] global qrcode.cpp:2929 decodingProcess QR: ECI is not supported properly
[ WARN:5@32.822] global qrcode.cpp:2929 decodingProcess QR: ECI is not supported properly
[ WARN:6@32.822] global qrcode.cpp:2929 decodingProcess QR: ECI is not supported properly
[ WARN:1@32.822] global qrcode.cpp:2929 decodingProcess QR: ECI is not supported properly
[ WARN:2@32.823] global qrcode.cpp:2929 decodingProcess QR: ECI is not supported properly
[ WARN:0@32.823] global qrcode.cpp:2929 decodingProcess QR: ECI is not supported properly
[ WARN:7@32.823] global qrcode.cpp:2929 decodingProcess QR: ECI is not supported properly
[ WARN:1@32.859] global qrcode.cpp:2929 decodingProcess QR: ECI is not supported properly
[ WARN:4@32.860] global qrcode.cpp:2929 decodingProcess QR: ECI is not supported properly
[ WARN:3@32.860] global qrcode.cpp:2929 decodingProcess QR: ECI is not supported properly
[ WARN:6@32.861] global qrcode.cpp:2929 decodingProcess QR: ECI is not supported properly
[ WARN:2@32.861] global qrcode.cpp:2929 decodingProcess QR: ECI is not supported properly
[ WARN:5@32.861] global qrcode.cpp:2929 decodingProcess QR: ECI is not supported properly
[ WARN:0@32.861] global qrcode.cpp:2929 decodingProcess QR: ECI is not supported properly
[ WARN:7@32.862] global qrcode.cpp:2929 decodingProcess QR: ECI is not supported properly
[ WARN:2@32.898] global qrcode.cpp:2929 decodingProcess QR: ECI is not supported properly
[ WARN:5@32.899] global qrcode.cpp:2929 decodingProcess QR: ECI is not supported properly
[ WARN:6@32.900] global qrcode.cpp:2929 decodingProcess QR: ECI is not supported properly
[ WARN:1@32.900] global qrcode.cpp:2929 decodingProcess QR: ECI is not supported properly
[ WARN:7@32.901] global qrcode.cpp:2929 decodingProcess QR: ECI is not supported properly
[ WARN:0@32.901] global qrcode.cpp:2929 decodingProcess QR: ECI is not supported properly
[ WARN:3@32.902] global qrcode.cpp:2929 decodingProcess QR: ECI is not supported properly
[ WARN:4@32.902] global qrcode.cpp:2929 decodingProcess QR: ECI is not supported properly
[ WARN:1@32.937] global qrcode.cpp:2929 decodingProcess QR: ECI is not supported properly
[ WARN:2@32.938] global qrcode.cpp:2929 decodingProcess QR: ECI is not supported properly
[ WARN:4@32.939] global qrcode.cpp:2929 decodingProcess QR: ECI is not supported properly
[ WARN:3@32.939] global qrcode.cpp:2929 decodingProcess QR: ECI is not supported properly
[ WARN:6@32.940] global qrcode.cpp:2929 decodingProcess QR: ECI is not supported properly
[ WARN:5@32.940] global qrcode.cpp:2929 decodingProcess QR: ECI is not supported properly
[ WARN:7@32.940] global qrcode.cpp:2929 decodingProcess QR: ECI is not supported properly
[ WARN:0@32.940] global qrcode.cpp:2929 decodingProcess QR: ECI is not supported properly
[ WARN:1@32.976] global qrcode.cpp:2929 decodingProcess QR: ECI is not supported properly
[ WARN:2@32.977] global qrcode.cpp:2929 decodingProcess QR: ECI is not supported properly
[ WARN:3@32.977] global qrcode.cpp:2929 decodingProcess QR: ECI is not supported properly
[ WARN:4@32.978] global qrcode.cpp:2929 decodingProcess QR: ECI is not supported properly
[ WARN:5@32.978] global qrcode.cpp:2929 decodingProcess QR: ECI is not supported properly
[ WARN:0@32.978] global qrcode.cpp:2929 decodingProcess QR: ECI is not supported properly
[ WARN:8@32.978] global qrcode.cpp:2929 decodingProcess QR: ECI is not supported properly
[ WARN:6@32.979] global qrcode.cpp:2929 decodingProcess QR: ECI is not supported properly
[ WARN:1@33.013] global qrcode.cpp:2929 decodingProcess QR: ECI is not supported properly
[ WARN:2@33.015] global qrcode.cpp:2929 decodingProcess QR: ECI is not supported properly
[ WARN:4@33.015] global qrcode.cpp:2929 decodingProcess QR: ECI is not supported properly
[ WARN:8@33.015] global qrcode.cpp:2929 decodingProcess QR: ECI is not supported properly
[ WARN:0@33.016] global qrcode.cpp:2929 decodingProcess QR: ECI is not supported properly
[ WARN:5@33.016] global qrcode.cpp:2929 decodingProcess QR: ECI is not supported properly
[ WARN:6@33.016] global qrcode.cpp:2929 decodingProcess QR: ECI is not supported properly
[ WARN:7@33.017] global qrcode.cpp:2929 decodingProcess QR: ECI is not supported properly
[ WARN:1@33.052] global qrcode.cpp:2929 decodingProcess QR: ECI is not supported properly
[ WARN:2@33.053] global qrcode.cpp:2929 decodingProcess QR: ECI is not supported properly
[ WARN:3@33.053] global qrcode.cpp:2929 decodingProcess QR: ECI is not supported properly
[ WARN:5@33.053] global qrcode.cpp:2929 decodingProcess QR: ECI is not supported properly
[ WARN:0@33.054] global qrcode.cpp:2929 decodingProcess QR: ECI is not supported properly
[ WARN:4@33.054] global qrcode.cpp:2929 decodingProcess QR: ECI is not supported properly
[ WARN:6@33.054] global qrcode.cpp:2929 decodingProcess QR: ECI is not supported properly
[ WARN:7@33.054] global qrcode.cpp:2929 decodingProcess QR: ECI is not supported properly
[ WARN:1@33.090] global qrcode.cpp:2929 decodingProcess QR: ECI is not supported properly
[ WARN:2@33.091] global qrcode.cpp:2929 decodingProcess QR: ECI is not supported properly
[ WARN:3@33.091] global qrcode.cpp:2929 decodingProcess QR: ECI is not supported properly
[ WARN:5@33.092] global qrcode.cpp:2929 decodingProcess QR: ECI is not supported properly
[ WARN:4@33.092] global qrcode.cpp:2929 decodingProcess QR: ECI is not supported properly
[ WARN:6@33.092] global qrcode.cpp:2929 decodingProcess QR: ECI is not supported properly
[ WARN:0@33.093] global qrcode.cpp:2929 decodingProcess QR: ECI is not supported properly
[ WARN:7@33.093] global qrcode.cpp:2929 decodingProcess QR: ECI is not supported properly
[ WARN:1@33.128] global qrcode.cpp:2929 decodingProcess QR: ECI is not supported properly
[ WARN:2@33.128] global qrcode.cpp:2929 decodingProcess QR: ECI is not supported properly
[ WARN:3@33.129] global qrcode.cpp:2929 decodingProcess QR: ECI is not supported properly
[ WARN:5@33.130] global qrcode.cpp:2929 decodingProcess QR: ECI is not supported properly
[ WARN:4@33.130] global qrcode.cpp:2929 decodingProcess QR: ECI is not supported properly
[ WARN:6@33.130] global qrcode.cpp:2929 decodingProcess QR: ECI is not supported properly
[ WARN:0@33.130] global qrcode.cpp:2929 decodingProcess QR: ECI is not supported properly
[ WARN:7@33.132] global qrcode.cpp:2929 decodingProcess QR: ECI is not supported properly
[ WARN:1@33.167] global qrcode.cpp:2929 decodingProcess QR: ECI is not supported properly
[ WARN:5@33.168] global qrcode.cpp:2929 decodingProcess QR: ECI is not supported properly
[ WARN:2@33.168] global qrcode.cpp:2929 decodingProcess QR: ECI is not supported properly
[ WARN:3@33.168] global qrcode.cpp:2929 decodingProcess QR: ECI is not supported properly
[ WARN:6@33.169] global qrcode.cpp:2929 decodingProcess QR: ECI is not supported properly
[ WARN:4@33.169] global qrcode.cpp:2929 decodingProcess QR: ECI is not supported properly
[ WARN:0@33.169] global qrcode.cpp:2929 decodingProcess QR: ECI is not supported properly
[ WARN:7@33.169] global qrcode.cpp:2929 decodingProcess QR: ECI is not supported properly
[ WARN:1@33.204] global qrcode.cpp:2929 decodingProcess QR: ECI is not supported properly
[ WARN:3@33.205] global qrcode.cpp:2929 decodingProcess QR: ECI is not supported properly
[ WARN:4@33.206] global qrcode.cpp:2929 decodingProcess QR: ECI is not supported properly
[ WARN:8@33.206] global qrcode.cpp:2929 decodingProcess QR: ECI is not supported properly
[ WARN:6@33.207] global qrcode.cpp:2929 decodingProcess QR: ECI is not supported properly
[ WARN:7@33.207] global qrcode.cpp:2929 decodingProcess QR: ECI is not supported properly
[ WARN:0@33.207] global qrcode.cpp:2929 decodingProcess QR: ECI is not supported properly
[ WARN:2@33.208] global qrcode.cpp:2929 decodingProcess QR: ECI is not supported properly
[ WARN:1@33.243] global qrcode.cpp:2929 decodingProcess QR: ECI is not supported properly
[ WARN:5@33.244] global qrcode.cpp:2929 decodingProcess QR: ECI is not supported properly
[ WARN:3@33.244] global qrcode.cpp:2929 decodingProcess QR: ECI is not supported properly
[ WARN:2@33.245] global qrcode.cpp:2929 decodingProcess QR: ECI is not supported properly
[ WARN:4@33.245] global qrcode.cpp:2929 decodingProcess QR: ECI is not supported properly
[ WARN:0@33.245] global qrcode.cpp:2929 decodingProcess QR: ECI is not supported properly
[ WARN:6@33.245] global qrcode.cpp:2929 decodingProcess QR: ECI is not supported properly
[ WARN:7@33.245] global qrcode.cpp:2929 decodingProcess QR: ECI is not supported properly
[ WARN:1@33.280] global qrcode.cpp:2929 decodingProcess QR: ECI is not supported properly
[ WARN:2@33.282] global qrcode.cpp:2929 decodingProcess QR: ECI is not supported properly
[ WARN:3@33.282] global qrcode.cpp:2929 decodingProcess QR: ECI is not supported properly
[ WARN:4@33.282] global qrcode.cpp:2929 decodingProcess QR: ECI is not supported properly
[ WARN:5@33.282] global qrcode.cpp:2929 decodingProcess QR: ECI is not supported properly
[ WARN:0@33.283] global qrcode.cpp:2929 decodingProcess QR: ECI is not supported properly
[ WARN:7@33.283] global qrcode.cpp:2929 decodingProcess QR: ECI is not supported properly
[ WARN:6@33.283] global qrcode.cpp:2929 decodingProcess QR: ECI is not supported properly
[ WARN:1@33.319] global qrcode.cpp:2929 decodingProcess QR: ECI is not supported properly
[ WARN:2@33.319] global qrcode.cpp:2929 decodingProcess QR: ECI is not supported properly
[ WARN:4@33.320] global qrcode.cpp:2929 decodingProcess QR: ECI is not supported properly
[ WARN:5@33.321] global qrcode.cpp:2929 decodingProcess QR: ECI is not supported properly
[ WARN:3@33.321] global qrcode.cpp:2929 decodingProcess QR: ECI is not supported properly
[ WARN:0@33.321] global qrcode.cpp:2929 decodingProcess QR: ECI is not supported properly
[ WARN:7@33.322] global qrcode.cpp:2929 decodingProcess QR: ECI is not supported properly
[ WARN:6@33.322] global qrcode.cpp:2929 decodingProcess QR: ECI is not supported properly
[ WARN:1@33.357] global qrcode.cpp:2929 decodingProcess QR: ECI is not supported properly
[ WARN:3@33.358] global qrcode.cpp:2929 decodingProcess QR: ECI is not supported properly
[ WARN:2@33.358] global qrcode.cpp:2929 decodingProcess QR: ECI is not supported properly
[ WARN:5@33.359] global qrcode.cpp:2929 decodingProcess QR: ECI is not supported properly
[ WARN:4@33.359] global qrcode.cpp:2929 decodingProcess QR: ECI is not supported properly
[ WARN:0@33.359] global qrcode.cpp:2929 decodingProcess QR: ECI is not supported properly
[ WARN:6@33.359] global qrcode.cpp:2929 decodingProcess QR: ECI is not supported properly
[ WARN:7@33.360] global qrcode.cpp:2929 decodingProcess QR: ECI is not supported properly
[ WARN:1@33.395] global qrcode.cpp:2929 decodingProcess QR: ECI is not supported properly
[ WARN:2@33.396] global qrcode.cpp:2929 decodingProcess QR: ECI is not supported properly
[ WARN:3@33.396] global qrcode.cpp:2929 decodingProcess QR: ECI is not supported properly
[ WARN:4@33.397] global qrcode.cpp:2929 decodingProcess QR: ECI is not supported properly
[ WARN:5@33.397] global qrcode.cpp:2929 decodingProcess QR: ECI is not supported properly
[ WARN:6@33.397] global qrcode.cpp:2929 decodingProcess QR: ECI is not supported properly
[ WARN:0@33.397] global qrcode.cpp:2929 decodingProcess QR: ECI is not supported properly
[ WARN:7@33.398] global qrcode.cpp:2929 decodingProcess QR: ECI is not supported properly
[ WARN:1@33.433] global qrcode.cpp:2929 decodingProcess QR: ECI is not supported properly
[ WARN:2@33.434] global qrcode.cpp:2929 decodingProcess QR: ECI is not supported properly
[ WARN:6@33.435] global qrcode.cpp:2929 decodingProcess QR: ECI is not supported properly
[ WARN:3@33.435] global qrcode.cpp:2929 decodingProcess QR: ECI is not supported properly
[ WARN:8@33.435] global qrcode.cpp:2929 decodingProcess QR: ECI is not supported properly
[ WARN:5@33.435] global qrcode.cpp:2929 decodingProcess QR: ECI is not supported properly
[ WARN:4@33.435] global qrcode.cpp:2929 decodingProcess QR: ECI is not supported properly
[ WARN:0@33.435] global qrcode.cpp:2929 decodingProcess QR: ECI is not supported properly
[ WARN:1@33.470] global qrcode.cpp:2929 decodingProcess QR: ECI is not supported properly
[ WARN:2@33.471] global qrcode.cpp:2929 decodingProcess QR: ECI is not supported properly
[ WARN:3@33.472] global qrcode.cpp:2929 decodingProcess QR: ECI is not supported properly
[ WARN:5@33.472] global qrcode.cpp:2929 decodingProcess QR: ECI is not supported properly
[ WARN:4@33.472] global qrcode.cpp:2929 decodingProcess QR: ECI is not supported properly
[ WARN:0@33.473] global qrcode.cpp:2929 decodingProcess QR: ECI is not supported properly
[ WARN:8@33.473] global qrcode.cpp:2929 decodingProcess QR: ECI is not supported properly
[ WARN:7@33.473] global qrcode.cpp:2929 decodingProcess QR: ECI is not supported properly
[ WARN:1@33.508] global qrcode.cpp:2929 decodingProcess QR: ECI is not supported properly
[ WARN:2@33.509] global qrcode.cpp:2929 decodingProcess QR: ECI is not supported properly
[ WARN:3@33.510] global qrcode.cpp:2929 decodingProcess QR: ECI is not supported properly
[ WARN:5@33.510] global qrcode.cpp:2929 decodingProcess QR: ECI is not supported properly
[ WARN:4@33.510] global qrcode.cpp:2929 decodingProcess QR: ECI is not supported properly
[ WARN:0@33.511] global qrcode.cpp:2929 decodingProcess QR: ECI is not supported properly
[ WARN:7@33.511] global qrcode.cpp:2929 decodingProcess QR: ECI is not supported properly
[ WARN:6@33.512] global qrcode.cpp:2929 decodingProcess QR: ECI is not supported properly
[ WARN:1@33.548] global qrcode.cpp:2929 decodingProcess QR: ECI is not supported properly
[ WARN:2@33.549] global qrcode.cpp:2929 decodingProcess QR: ECI is not supported properly
[ WARN:4@33.549] global qrcode.cpp:2929 decodingProcess QR: ECI is not supported properly
[ WARN:3@33.549] global qrcode.cpp:2929 decodingProcess QR: ECI is not supported properly
[ WARN:5@33.549] global qrcode.cpp:2929 decodingProcess QR: ECI is not supported properly
[ WARN:6@33.550] global qrcode.cpp:2929 decodingProcess QR: ECI is not supported properly
[ WARN:7@33.550] global qrcode.cpp:2929 decodingProcess QR: ECI is not supported properly
[ WARN:0@33.550] global qrcode.cpp:2929 decodingProcess QR: ECI is not supported properly
[ WARN:1@33.585] global qrcode.cpp:2929 decodingProcess QR: ECI is not supported properly
[ WARN:2@33.586] global qrcode.cpp:2929 decodingProcess QR: ECI is not supported properly
[ WARN:4@33.587] global qrcode.cpp:2929 decodingProcess QR: ECI is not supported properly
[ WARN:3@33.587] global qrcode.cpp:2929 decodingProcess QR: ECI is not supported properly
[ WARN:6@33.587] global qrcode.cpp:2929 decodingProcess QR: ECI is not supported properly
[ WARN:5@33.587] global qrcode.cpp:2929 decodingProcess QR: ECI is not supported properly
[ WARN:0@33.588] global qrcode.cpp:2929 decodingProcess QR: ECI is not supported properly
[ WARN:7@33.589] global qrcode.cpp:2929 decodingProcess QR: ECI is not supported properly
[ WARN:1@33.624] global qrcode.cpp:2929 decodingProcess QR: ECI is not supported properly
[ WARN:3@33.624] global qrcode.cpp:2929 decodingProcess QR: ECI is not supported properly
[ WARN:2@33.625] global qrcode.cpp:2929 decodingProcess QR: ECI is not supported properly
[ WARN:4@33.625] global qrcode.cpp:2929 decodingProcess QR: ECI is not supported properly
[ WARN:5@33.625] global qrcode.cpp:2929 decodingProcess QR: ECI is not supported properly
[ WARN:6@33.626] global qrcode.cpp:2929 decodingProcess QR: ECI is not supported properly
[ WARN:0@33.626] global qrcode.cpp:2929 decodingProcess QR: ECI is not supported properly
[ WARN:7@33.627] global qrcode.cpp:2929 decodingProcess QR: ECI is not supported properly
[ WARN:1@33.662] global qrcode.cpp:2929 decodingProcess QR: ECI is not supported properly
[ WARN:2@33.663] global qrcode.cpp:2929 decodingProcess QR: ECI is not supported properly
[ WARN:3@33.664] global qrcode.cpp:2929 decodingProcess QR: ECI is not supported properly
[ WARN:0@33.664] global qrcode.cpp:2929 decodingProcess QR: ECI is not supported properly
[ WARN:4@33.664] global qrcode.cpp:2929 decodingProcess QR: ECI is not supported properly
[ WARN:8@33.664] global qrcode.cpp:2929 decodingProcess QR: ECI is not supported properly
[ WARN:6@33.665] global qrcode.cpp:2929 decodingProcess QR: ECI is not supported properly
[ WARN:7@33.666] global qrcode.cpp:2929 decodingProcess QR: ECI is not supported properly
[ WARN:1@33.700] global qrcode.cpp:2929 decodingProcess QR: ECI is not supported properly
[ WARN:2@33.701] global qrcode.cpp:2929 decodingProcess QR: ECI is not supported properly
[ WARN:4@33.702] global qrcode.cpp:2929 decodingProcess QR: ECI is not supported properly
[ WARN:3@33.702] global qrcode.cpp:2929 decodingProcess QR: ECI is not supported properly
[ WARN:5@33.702] global qrcode.cpp:2929 decodingProcess QR: ECI is not supported properly
[ WARN:8@33.703] global qrcode.cpp:2929 decodingProcess QR: ECI is not supported properly
[ WARN:0@33.703] global qrcode.cpp:2929 decodingProcess QR: ECI is not supported properly
[ WARN:6@33.703] global qrcode.cpp:2929 decodingProcess QR: ECI is not supported properly
[ WARN:1@33.738] global qrcode.cpp:2929 decodingProcess QR: ECI is not supported properly
[ WARN:3@33.739] global qrcode.cpp:2929 decodingProcess QR: ECI is not supported properly
[ WARN:4@33.740] global qrcode.cpp:2929 decodingProcess QR: ECI is not supported properly
[ WARN:8@33.740] global qrcode.cpp:2929 decodingProcess QR: ECI is not supported properly
[ WARN:5@33.740] global qrcode.cpp:2929 decodingProcess QR: ECI is not supported properly
[ WARN:2@33.740] global qrcode.cpp:2929 decodingProcess QR: ECI is not supported properly
[ WARN:0@33.740] global qrcode.cpp:2929 decodingProcess QR: ECI is not supported properly
[ WARN:6@33.741] global qrcode.cpp:2929 decodingProcess QR: ECI is not supported properly
[ WARN:1@33.776] global qrcode.cpp:2929 decodingProcess QR: ECI is not supported properly
[ WARN:3@33.777] global qrcode.cpp:2929 decodingProcess QR: ECI is not supported properly
[ WARN:4@33.778] global qrcode.cpp:2929 decodingProcess QR: ECI is not supported properly
[ WARN:2@33.778] global qrcode.cpp:2929 decodingProcess QR: ECI is not supported properly
[ WARN:5@33.778] global qrcode.cpp:2929 decodingProcess QR: ECI is not supported properly
[ WARN:0@33.778] global qrcode.cpp:2929 decodingProcess QR: ECI is not supported properly
[ WARN:6@33.779] global qrcode.cpp:2929 decodingProcess QR: ECI is not supported properly
[ WARN:7@33.780] global qrcode.cpp:2929 decodingProcess QR: ECI is not supported properly
[ WARN:1@33.815] global qrcode.cpp:2929 decodingProcess QR: ECI is not supported properly
[ WARN:2@33.816] global qrcode.cpp:2929 decodingProcess QR: ECI is not supported properly
[ WARN:4@33.816] global qrcode.cpp:2929 decodingProcess QR: ECI is not supported properly
[ WARN:3@33.817] global qrcode.cpp:2929 decodingProcess QR: ECI is not supported properly
[ WARN:5@33.817] global qrcode.cpp:2929 decodingProcess QR: ECI is not supported properly
[ WARN:6@33.817] global qrcode.cpp:2929 decodingProcess QR: ECI is not supported properly
[ WARN:7@33.818] global qrcode.cpp:2929 decodingProcess QR: ECI is not supported properly
[ WARN:0@33.818] global qrcode.cpp:2929 decodingProcess QR: ECI is not supported properly
[ WARN:1@33.854] global qrcode.cpp:2929 decodingProcess QR: ECI is not supported properly
[ WARN:2@33.855] global qrcode.cpp:2929 decodingProcess QR: ECI is not supported properly
[ WARN:3@33.855] global qrcode.cpp:2929 decodingProcess QR: ECI is not supported properly
[ WARN:5@33.856] global qrcode.cpp:2929 decodingProcess QR: ECI is not supported properly
[ WARN:0@33.856] global qrcode.cpp:2929 decodingProcess QR: ECI is not supported properly
[ WARN:6@33.857] global qrcode.cpp:2929 decodingProcess QR: ECI is not supported properly
[ WARN:4@33.858] global qrcode.cpp:2929 decodingProcess QR: ECI is not supported properly
[ WARN:7@33.866] global qrcode.cpp:2929 decodingProcess QR: ECI is not supported properly
[ WARN:1@33.901] global qrcode.cpp:2929 decodingProcess QR: ECI is not supported properly
[ WARN:2@33.902] global qrcode.cpp:2929 decodingProcess QR: ECI is not supported properly
[ WARN:3@33.903] global qrcode.cpp:2929 decodingProcess QR: ECI is not supported properly
[ WARN:0@33.904] global qrcode.cpp:2929 decodingProcess QR: ECI is not supported properly
[ WARN:4@33.904] global qrcode.cpp:2929 decodingProcess QR: ECI is not supported properly
[ WARN:5@33.904] global qrcode.cpp:2929 decodingProcess QR: ECI is not supported properly
[ WARN:7@33.904] global qrcode.cpp:2929 decodingProcess QR: ECI is not supported properly
[ WARN:6@33.905] global qrcode.cpp:2929 decodingProcess QR: ECI is not supported properly
[ WARN:1@33.939] global qrcode.cpp:2929 decodingProcess QR: ECI is not supported properly
[ WARN:2@33.940] global qrcode.cpp:2929 decodingProcess QR: ECI is not supported properly
[ WARN:3@33.941] global qrcode.cpp:2929 decodingProcess QR: ECI is not supported properly
[ WARN:4@33.941] global qrcode.cpp:2929 decodingProcess QR: ECI is not supported properly
[ WARN:5@33.941] global qrcode.cpp:2929 decodingProcess QR: ECI is not supported properly
[ WARN:0@33.941] global qrcode.cpp:2929 decodingProcess QR: ECI is not supported properly
[ WARN:8@33.942] global qrcode.cpp:2929 decodingProcess QR: ECI is not supported properly
[ WARN:6@33.943] global qrcode.cpp:2929 decodingProcess QR: ECI is not supported properly
[ WARN:1@33.977] global qrcode.cpp:2929 decodingProcess QR: ECI is not supported properly
[ WARN:2@33.978] global qrcode.cpp:2929 decodingProcess QR: ECI is not supported properly
[ WARN:4@33.979] global qrcode.cpp:2929 decodingProcess QR: ECI is not supported properly
[ WARN:5@33.979] global qrcode.cpp:2929 decodingProcess QR: ECI is not supported properly
[ WARN:3@33.979] global qrcode.cpp:2929 decodingProcess QR: ECI is not supported properly
[ WARN:8@33.979] global qrcode.cpp:2929 decodingProcess QR: ECI is not supported properly
[ WARN:0@33.980] global qrcode.cpp:2929 decodingProcess QR: ECI is not supported properly
[ WARN:6@33.981] global qrcode.cpp:2929 decodingProcess QR: ECI is not supported properly
[ WARN:1@34.015] global qrcode.cpp:2929 decodingProcess QR: ECI is not supported properly
[ WARN:3@34.017] global qrcode.cpp:2929 decodingProcess QR: ECI is not supported properly
[ WARN:2@34.017] global qrcode.cpp:2929 decodingProcess QR: ECI is not supported properly
[ WARN:4@34.017] global qrcode.cpp:2929 decodingProcess QR: ECI is not supported properly
[ WARN:7@34.017] global qrcode.cpp:2929 decodingProcess QR: ECI is not supported properly
[ WARN:0@34.018] global qrcode.cpp:2929 decodingProcess QR: ECI is not supported properly
[ WARN:5@34.018] global qrcode.cpp:2929 decodingProcess QR: ECI is not supported properly
[ WARN:6@34.019] global qrcode.cpp:2929 decodingProcess QR: ECI is not supported properly
[ WARN:1@34.053] global qrcode.cpp:2929 decodingProcess QR: ECI is not supported properly
[ WARN:8@34.054] global qrcode.cpp:2929 decodingProcess QR: ECI is not supported properly
[ WARN:2@34.054] global qrcode.cpp:2929 decodingProcess QR: ECI is not supported properly
[ WARN:3@34.055] global qrcode.cpp:2929 decodingProcess QR: ECI is not supported properly
[ WARN:4@34.055] global qrcode.cpp:2929 decodingProcess QR: ECI is not supported properly
[ WARN:5@34.055] global qrcode.cpp:2929 decodingProcess QR: ECI is not supported properly
[ WARN:0@34.056] global qrcode.cpp:2929 decodingProcess QR: ECI is not supported properly
[ WARN:6@34.057] global qrcode.cpp:2929 decodingProcess QR: ECI is not supported properly
[ WARN:1@34.091] global qrcode.cpp:2929 decodingProcess QR: ECI is not supported properly
[ WARN:2@34.092] global qrcode.cpp:2929 decodingProcess QR: ECI is not supported properly
[ WARN:3@34.093] global qrcode.cpp:2929 decodingProcess QR: ECI is not supported properly
[ WARN:4@34.093] global qrcode.cpp:2929 decodingProcess QR: ECI is not supported properly
[ WARN:7@34.093] global qrcode.cpp:2929 decodingProcess QR: ECI is not supported properly
[ WARN:0@34.094] global qrcode.cpp:2929 decodingProcess QR: ECI is not supported properly
[ WARN:5@34.094] global qrcode.cpp:2929 decodingProcess QR: ECI is not supported properly
[ WARN:6@34.095] global qrcode.cpp:2929 decodingProcess QR: ECI is not supported properly
[ WARN:1@34.130] global qrcode.cpp:2929 decodingProcess QR: ECI is not supported properly
[ WARN:2@34.130] global qrcode.cpp:2929 decodingProcess QR: ECI is not supported properly
[ WARN:4@34.131] global qrcode.cpp:2929 decodingProcess QR: ECI is not supported properly
[ WARN:7@34.131] global qrcode.cpp:2929 decodingProcess QR: ECI is not supported properly
[ WARN:5@34.132] global qrcode.cpp:2929 decodingProcess QR: ECI is not supported properly
[ WARN:0@34.132] global qrcode.cpp:2929 decodingProcess QR: ECI is not supported properly
[ WARN:3@34.132] global qrcode.cpp:2929 decodingProcess QR: ECI is not supported properly
[ WARN:6@34.133] global qrcode.cpp:2929 decodingProcess QR: ECI is not supported properly
[ WARN:1@34.168] global qrcode.cpp:2929 decodingProcess QR: ECI is not supported properly
[ WARN:2@34.169] global qrcode.cpp:2929 decodingProcess QR: ECI is not supported properly
[ WARN:8@34.169] global qrcode.cpp:2929 decodingProcess QR: ECI is not supported properly
[ WARN:5@34.169] global qrcode.cpp:2929 decodingProcess QR: ECI is not supported properly
[ WARN:6@34.170] global qrcode.cpp:2929 decodingProcess QR: ECI is not supported properly
[ WARN:3@34.170] global qrcode.cpp:2929 decodingProcess QR: ECI is not supported properly
[ WARN:0@34.170] global qrcode.cpp:2929 decodingProcess QR: ECI is not supported properly
[ WARN:4@34.171] global qrcode.cpp:2929 decodingProcess QR: ECI is not supported properly
[ WARN:1@34.205] global qrcode.cpp:2929 decodingProcess QR: ECI is not supported properly
[ WARN:2@34.206] global qrcode.cpp:2929 decodingProcess QR: ECI is not supported properly
[ WARN:3@34.207] global qrcode.cpp:2929 decodingProcess QR: ECI is not supported properly
[ WARN:5@34.207] global qrcode.cpp:2929 decodingProcess QR: ECI is not supported properly
[ WARN:6@34.207] global qrcode.cpp:2929 decodingProcess QR: ECI is not supported properly
[ WARN:4@34.207] global qrcode.cpp:2929 decodingProcess QR: ECI is not supported properly
[ WARN:7@34.207] global qrcode.cpp:2929 decodingProcess QR: ECI is not supported properly
[ WARN:0@34.207] global qrcode.cpp:2929 decodingProcess QR: ECI is not supported properly
[ WARN:1@34.242] global qrcode.cpp:2929 decodingProcess QR: ECI is not supported properly
[ WARN:7@34.243] global qrcode.cpp:2929 decodingProcess QR: ECI is not supported properly
[ WARN:3@34.244] global qrcode.cpp:2929 decodingProcess QR: ECI is not supported properly
[ WARN:6@34.244] global qrcode.cpp:2929 decodingProcess QR: ECI is not supported properly
[ WARN:2@34.244] global qrcode.cpp:2929 decodingProcess QR: ECI is not supported properly
[ WARN:0@34.245] global qrcode.cpp:2929 decodingProcess QR: ECI is not supported properly
[ WARN:4@34.245] global qrcode.cpp:2929 decodingProcess QR: ECI is not supported properly
[ WARN:5@34.247] global qrcode.cpp:2929 decodingProcess QR: ECI is not supported properly
[ WARN:1@34.283] global qrcode.cpp:2929 decodingProcess QR: ECI is not supported properly
[ WARN:2@34.283] global qrcode.cpp:2929 decodingProcess QR: ECI is not supported properly
[ WARN:7@34.284] global qrcode.cpp:2929 decodingProcess QR: ECI is not supported properly
[ WARN:4@34.284] global qrcode.cpp:2929 decodingProcess QR: ECI is not supported properly
[ WARN:3@34.284] global qrcode.cpp:2929 decodingProcess QR: ECI is not supported properly
[ WARN:6@34.284] global qrcode.cpp:2929 decodingProcess QR: ECI is not supported properly
[ WARN:5@34.284] global qrcode.cpp:2929 decodingProcess QR: ECI is not supported properly
[ WARN:0@34.285] global qrcode.cpp:2929 decodingProcess QR: ECI is not supported properly
[ WARN:1@34.319] global qrcode.cpp:2929 decodingProcess QR: ECI is not supported properly
[ WARN:2@34.320] global qrcode.cpp:2929 decodingProcess QR: ECI is not supported properly
[ WARN:7@34.321] global qrcode.cpp:2929 decodingProcess QR: ECI is not supported properly
[ WARN:6@34.321] global qrcode.cpp:2929 decodingProcess QR: ECI is not supported properly
[ WARN:4@34.321] global qrcode.cpp:2929 decodingProcess QR: ECI is not supported properly
[ WARN:3@34.321] global qrcode.cpp:2929 decodingProcess QR: ECI is not supported properly
[ WARN:0@34.321] global qrcode.cpp:2929 decodingProcess QR: ECI is not supported properly
[ WARN:5@34.324] global qrcode.cpp:2929 decodingProcess QR: ECI is not supported properly
[ WARN:1@34.359] global qrcode.cpp:2929 decodingProcess QR: ECI is not supported properly
[ WARN:2@34.360] global qrcode.cpp:2929 decodingProcess QR: ECI is not supported properly
[ WARN:5@34.360] global qrcode.cpp:2929 decodingProcess QR: ECI is not supported properly
[ WARN:7@34.360] global qrcode.cpp:2929 decodingProcess QR: ECI is not supported properly
[ WARN:3@34.361] global qrcode.cpp:2929 decodingProcess QR: ECI is not supported properly
[ WARN:6@34.361] global qrcode.cpp:2929 decodingProcess QR: ECI is not supported properly
[ WARN:0@34.361] global qrcode.cpp:2929 decodingProcess QR: ECI is not supported properly
[ WARN:4@34.361] global qrcode.cpp:2929 decodingProcess QR: ECI is not supported properly
[ WARN:1@34.397] global qrcode.cpp:2929 decodingProcess QR: ECI is not supported properly
[ WARN:3@34.398] global qrcode.cpp:2929 decodingProcess QR: ECI is not supported properly
[ WARN:2@34.398] global qrcode.cpp:2929 decodingProcess QR: ECI is not supported properly
[ WARN:7@34.398] global qrcode.cpp:2929 decodingProcess QR: ECI is not supported properly
[ WARN:6@34.399] global qrcode.cpp:2929 decodingProcess QR: ECI is not supported properly
[ WARN:0@34.399] global qrcode.cpp:2929 decodingProcess QR: ECI is not supported properly
[ WARN:4@34.399] global qrcode.cpp:2929 decodingProcess QR: ECI is not supported properly
[ WARN:5@34.402] global qrcode.cpp:2929 decodingProcess QR: ECI is not supported properly
[ WARN:1@34.437] global qrcode.cpp:2929 decodingProcess QR: ECI is not supported properly
[ WARN:2@34.437] global qrcode.cpp:2929 decodingProcess QR: ECI is not supported properly
[ WARN:7@34.438] global qrcode.cpp:2929 decodingProcess QR: ECI is not supported properly
[ WARN:3@34.438] global qrcode.cpp:2929 decodingProcess QR: ECI is not supported properly
[ WARN:6@34.439] global qrcode.cpp:2929 decodingProcess QR: ECI is not supported properly
[ WARN:4@34.439] global qrcode.cpp:2929 decodingProcess QR: ECI is not supported properly
[ WARN:5@34.439] global qrcode.cpp:2929 decodingProcess QR: ECI is not supported properly
[ WARN:0@34.439] global qrcode.cpp:2929 decodingProcess QR: ECI is not supported properly
[ WARN:1@34.474] global qrcode.cpp:2929 decodingProcess QR: ECI is not supported properly
[ WARN:2@34.475] global qrcode.cpp:2929 decodingProcess QR: ECI is not supported properly
[ WARN:3@34.476] global qrcode.cpp:2929 decodingProcess QR: ECI is not supported properly
[ WARN:4@34.476] global qrcode.cpp:2929 decodingProcess QR: ECI is not supported properly
[ WARN:6@34.476] global qrcode.cpp:2929 decodingProcess QR: ECI is not supported properly
[ WARN:8@34.476] global qrcode.cpp:2929 decodingProcess QR: ECI is not supported properly
[ WARN:0@34.476] global qrcode.cpp:2929 decodingProcess QR: ECI is not supported properly
[ WARN:5@34.480] global qrcode.cpp:2929 decodingProcess QR: ECI is not supported properly
[ WARN:2@34.516] global qrcode.cpp:2929 decodingProcess QR: ECI is not supported properly
[ WARN:1@34.516] global qrcode.cpp:2929 decodingProcess QR: ECI is not supported properly
[ WARN:0@34.519] global qrcode.cpp:2929 decodingProcess QR: ECI is not supported properly
[ WARN:4@34.519] global qrcode.cpp:2929 decodingProcess QR: ECI is not supported properly
[ WARN:7@34.522] global qrcode.cpp:2929 decodingProcess QR: ECI is not supported properly
[ WARN:3@34.522] global qrcode.cpp:2929 decodingProcess QR: ECI is not supported properly
[ WARN:5@34.524] global qrcode.cpp:2929 decodingProcess QR: ECI is not supported properly
[ WARN:6@34.524] global qrcode.cpp:2929 decodingProcess QR: ECI is not supported properly
[ WARN:1@34.558] global qrcode.cpp:2929 decodingProcess QR: ECI is not supported properly
[ WARN:7@34.560] global qrcode.cpp:2929 decodingProcess QR: ECI is not supported properly
[ WARN:2@34.560] global qrcode.cpp:2929 decodingProcess QR: ECI is not supported properly
[ WARN:3@34.560] global qrcode.cpp:2929 decodingProcess QR: ECI is not supported properly
[ WARN:0@34.561] global qrcode.cpp:2929 decodingProcess QR: ECI is not supported properly
[ WARN:4@34.561] global qrcode.cpp:2929 decodingProcess QR: ECI is not supported properly
[ WARN:6@34.561] global qrcode.cpp:2929 decodingProcess QR: ECI is not supported properly
[ WARN:5@34.563] global qrcode.cpp:2929 decodingProcess QR: ECI is not supported properly
[ WARN:1@34.598] global qrcode.cpp:2929 decodingProcess QR: ECI is not supported properly
[ WARN:3@34.599] global qrcode.cpp:2929 decodingProcess QR: ECI is not supported properly
[ WARN:2@34.599] global qrcode.cpp:2929 decodingProcess QR: ECI is not supported properly
[ WARN:4@34.600] global qrcode.cpp:2929 decodingProcess QR: ECI is not supported properly
[ WARN:7@34.600] global qrcode.cpp:2929 decodingProcess QR: ECI is not supported properly
[ WARN:5@34.600] global qrcode.cpp:2929 decodingProcess QR: ECI is not supported properly
[ WARN:6@34.600] global qrcode.cpp:2929 decodingProcess QR: ECI is not supported properly
[ WARN:0@34.600] global qrcode.cpp:2929 decodingProcess QR: ECI is not supported properly
[ WARN:1@34.635] global qrcode.cpp:2929 decodingProcess QR: ECI is not supported properly
[ WARN:2@34.636] global qrcode.cpp:2929 decodingProcess QR: ECI is not supported properly
[ WARN:3@34.637] global qrcode.cpp:2929 decodingProcess QR: ECI is not supported properly
[ WARN:7@34.637] global qrcode.cpp:2929 decodingProcess QR: ECI is not supported properly
[ WARN:4@34.637] global qrcode.cpp:2929 decodingProcess QR: ECI is not supported properly
[ WARN:0@34.637] global qrcode.cpp:2929 decodingProcess QR: ECI is not supported properly
[ WARN:6@34.638] global qrcode.cpp:2929 decodingProcess QR: ECI is not supported properly
[ WARN:5@34.640] global qrcode.cpp:2929 decodingProcess QR: ECI is not supported properly
[ WARN:1@34.674] global qrcode.cpp:2929 decodingProcess QR: ECI is not supported properly
[ WARN:2@34.676] global qrcode.cpp:2929 decodingProcess QR: ECI is not supported properly
[ WARN:7@34.676] global qrcode.cpp:2929 decodingProcess QR: ECI is not supported properly
[ WARN:4@34.676] global qrcode.cpp:2929 decodingProcess QR: ECI is not supported properly
[ WARN:3@34.677] global qrcode.cpp:2929 decodingProcess QR: ECI is not supported properly
[ WARN:6@34.677] global qrcode.cpp:2929 decodingProcess QR: ECI is not supported properly
[ WARN:0@34.677] global qrcode.cpp:2929 decodingProcess QR: ECI is not supported properly
[ WARN:5@34.677] global qrcode.cpp:2929 decodingProcess QR: ECI is not supported properly
[ WARN:1@34.712] global qrcode.cpp:2929 decodingProcess QR: ECI is not supported properly
[ WARN:2@34.713] global qrcode.cpp:2929 decodingProcess QR: ECI is not supported properly
[ WARN:3@34.713] global qrcode.cpp:2929 decodingProcess QR: ECI is not supported properly
[ WARN:8@34.713] global qrcode.cpp:2929 decodingProcess QR: ECI is not supported properly
[ WARN:5@34.714] global qrcode.cpp:2929 decodingProcess QR: ECI is not supported properly
[ WARN:6@34.714] global qrcode.cpp:2929 decodingProcess QR: ECI is not supported properly
[ WARN:4@34.714] global qrcode.cpp:2929 decodingProcess QR: ECI is not supported properly
[ WARN:0@34.714] global qrcode.cpp:2929 decodingProcess QR: ECI is not supported properly
[ WARN:1@34.750] global qrcode.cpp:2929 decodingProcess QR: ECI is not supported properly
[ WARN:2@34.750] global qrcode.cpp:2929 decodingProcess QR: ECI is not supported properly
[ WARN:3@34.751] global qrcode.cpp:2929 decodingProcess QR: ECI is not supported properly
[ WARN:6@34.751] global qrcode.cpp:2929 decodingProcess QR: ECI is not supported properly
[ WARN:4@34.752] global qrcode.cpp:2929 decodingProcess QR: ECI is not supported properly
[ WARN:8@34.752] global qrcode.cpp:2929 decodingProcess QR: ECI is not supported properly
[ WARN:0@34.752] global qrcode.cpp:2929 decodingProcess QR: ECI is not supported properly
[ WARN:5@34.754] global qrcode.cpp:2929 decodingProcess QR: ECI is not supported properly
[ WARN:1@34.789] global qrcode.cpp:2929 decodingProcess QR: ECI is not supported properly
[ WARN:2@34.790] global qrcode.cpp:2929 decodingProcess QR: ECI is not supported properly
[ WARN:5@34.790] global qrcode.cpp:2929 decodingProcess QR: ECI is not supported properly
[ WARN:3@34.790] global qrcode.cpp:2929 decodingProcess QR: ECI is not supported properly
[ WARN:6@34.791] global qrcode.cpp:2929 decodingProcess QR: ECI is not supported properly
[ WARN:7@34.791] global qrcode.cpp:2929 decodingProcess QR: ECI is not supported properly
[ WARN:4@34.791] global qrcode.cpp:2929 decodingProcess QR: ECI is not supported properly
[ WARN:0@34.791] global qrcode.cpp:2929 decodingProcess QR: ECI is not supported properly
[ WARN:1@34.826] global qrcode.cpp:2929 decodingProcess QR: ECI is not supported properly
[ WARN:2@34.827] global qrcode.cpp:2929 decodingProcess QR: ECI is not supported properly
[ WARN:3@34.828] global qrcode.cpp:2929 decodingProcess QR: ECI is not supported properly
[ WARN:8@34.828] global qrcode.cpp:2929 decodingProcess QR: ECI is not supported properly
[ WARN:6@34.828] global qrcode.cpp:2929 decodingProcess QR: ECI is not supported properly
[ WARN:4@34.828] global qrcode.cpp:2929 decodingProcess QR: ECI is not supported properly
[ WARN:0@34.828] global qrcode.cpp:2929 decodingProcess QR: ECI is not supported properly
[ WARN:5@34.832] global qrcode.cpp:2929 decodingProcess QR: ECI is not supported properly
[ WARN:1@34.867] global qrcode.cpp:2929 decodingProcess QR: ECI is not supported properly
[ WARN:2@34.868] global qrcode.cpp:2929 decodingProcess QR: ECI is not supported properly
[ WARN:4@34.868] global qrcode.cpp:2929 decodingProcess QR: ECI is not supported properly
[ WARN:8@34.868] global qrcode.cpp:2929 decodingProcess QR: ECI is not supported properly
[ WARN:6@34.868] global qrcode.cpp:2929 decodingProcess QR: ECI is not supported properly
[ WARN:5@34.868] global qrcode.cpp:2929 decodingProcess QR: ECI is not supported properly
[ WARN:3@34.869] global qrcode.cpp:2929 decodingProcess QR: ECI is not supported properly
[ WARN:0@34.869] global qrcode.cpp:2929 decodingProcess QR: ECI is not supported properly
[ WARN:8@34.906] global qrcode.cpp:2929 decodingProcess QR: ECI is not supported properly
[ WARN:0@34.907] global qrcode.cpp:2929 decodingProcess QR: ECI is not supported properly
[ WARN:1@34.908] global qrcode.cpp:2929 decodingProcess QR: ECI is not supported properly
[ WARN:2@34.908] global qrcode.cpp:2929 decodingProcess QR: ECI is not supported properly
[ WARN:3@34.908] global qrcode.cpp:2929 decodingProcess QR: ECI is not supported properly
[ WARN:6@34.913] global qrcode.cpp:2929 decodingProcess QR: ECI is not supported properly
[ WARN:5@34.913] global qrcode.cpp:2929 decodingProcess QR: ECI is not supported properly
[ WARN:4@34.914] global qrcode.cpp:2929 decodingProcess QR: ECI is not supported properly
[ WARN:2@34.949] global qrcode.cpp:2929 decodingProcess QR: ECI is not supported properly
[ WARN:1@34.950] global qrcode.cpp:2929 decodingProcess QR: ECI is not supported properly
[ WARN:3@34.951] global qrcode.cpp:2929 decodingProcess QR: ECI is not supported properly
[ WARN:4@34.952] global qrcode.cpp:2929 decodingProcess QR: ECI is not supported properly
[ WARN:6@34.952] global qrcode.cpp:2929 decodingProcess QR: ECI is not supported properly
[ WARN:5@34.952] global qrcode.cpp:2929 decodingProcess QR: ECI is not supported properly
[ WARN:7@34.952] global qrcode.cpp:2929 decodingProcess QR: ECI is not supported properly
[ WARN:0@34.954] global qrcode.cpp:2929 decodingProcess QR: ECI is not supported properly
[ WARN:1@34.989] global qrcode.cpp:2929 decodingProcess QR: ECI is not supported properly
[ WARN:2@34.990] global qrcode.cpp:2929 decodingProcess QR: ECI is not supported properly
[ WARN:4@34.990] global qrcode.cpp:2929 decodingProcess QR: ECI is not supported properly
[ WARN:8@34.990] global qrcode.cpp:2929 decodingProcess QR: ECI is not supported properly
[ WARN:6@34.990] global qrcode.cpp:2929 decodingProcess QR: ECI is not supported properly
[ WARN:3@34.991] global qrcode.cpp:2929 decodingProcess QR: ECI is not supported properly
[ WARN:5@34.994] global qrcode.cpp:2929 decodingProcess QR: ECI is not supported properly
[ WARN:0@34.994] global qrcode.cpp:2929 decodingProcess QR: ECI is not supported properly
[ WARN:1@35.029] global qrcode.cpp:2929 decodingProcess QR: ECI is not supported properly
[ WARN:2@35.030] global qrcode.cpp:2929 decodingProcess QR: ECI is not supported properly
[ WARN:6@35.030] global qrcode.cpp:2929 decodingProcess QR: ECI is not supported properly
[ WARN:4@35.031] global qrcode.cpp:2929 decodingProcess QR: ECI is not supported properly
[ WARN:3@35.031] global qrcode.cpp:2929 decodingProcess QR: ECI is not supported properly
[ WARN:7@35.031] global qrcode.cpp:2929 decodingProcess QR: ECI is not supported properly
[ WARN:5@35.033] global qrcode.cpp:2929 decodingProcess QR: ECI is not supported properly
[ WARN:0@35.034] global qrcode.cpp:2929 decodingProcess QR: ECI is not supported properly
[ WARN:4@35.074] global qrcode.cpp:2929 decodingProcess QR: ECI is not supported properly
[ WARN:2@35.075] global qrcode.cpp:2929 decodingProcess QR: ECI is not supported properly
[ WARN:0@35.078] global qrcode.cpp:2929 decodingProcess QR: ECI is not supported properly
[ WARN:8@35.079] global qrcode.cpp:2929 decodingProcess QR: ECI is not supported properly
[ WARN:7@35.079] global qrcode.cpp:2929 decodingProcess QR: ECI is not supported properly
[ WARN:1@35.079] global qrcode.cpp:2929 decodingProcess QR: ECI is not supported properly
[ WARN:5@35.080] global qrcode.cpp:2929 decodingProcess QR: ECI is not supported properly
[ WARN:6@35.080] global qrcode.cpp:2929 decodingProcess QR: ECI is not supported properly
[ WARN:1@35.114] global qrcode.cpp:2929 decodingProcess QR: ECI is not supported properly
[ WARN:6@35.116] global qrcode.cpp:2929 decodingProcess QR: ECI is not supported properly
[ WARN:4@35.117] global qrcode.cpp:2929 decodingProcess QR: ECI is not supported properly
[ WARN:5@35.118] global qrcode.cpp:2929 decodingProcess QR: ECI is not supported properly
[ WARN:3@35.118] global qrcode.cpp:2929 decodingProcess QR: ECI is not supported properly
[ WARN:7@35.119] global qrcode.cpp:2929 decodingProcess QR: ECI is not supported properly
[ WARN:0@35.119] global qrcode.cpp:2929 decodingProcess QR: ECI is not supported properly
[ WARN:2@35.120] global qrcode.cpp:2929 decodingProcess QR: ECI is not supported properly
[ WARN:1@35.155] global qrcode.cpp:2929 decodingProcess QR: ECI is not supported properly
[ WARN:5@35.155] global qrcode.cpp:2929 decodingProcess QR: ECI is not supported properly
[ WARN:6@35.156] global qrcode.cpp:2929 decodingProcess QR: ECI is not supported properly
[ WARN:3@35.156] global qrcode.cpp:2929 decodingProcess QR: ECI is not supported properly
[ WARN:4@35.156] global qrcode.cpp:2929 decodingProcess QR: ECI is not supported properly
[ WARN:0@35.157] global qrcode.cpp:2929 decodingProcess QR: ECI is not supported properly
[ WARN:2@35.159] global qrcode.cpp:2929 decodingProcess QR: ECI is not supported properly
[ WARN:7@35.159] global qrcode.cpp:2929 decodingProcess QR: ECI is not supported properly
[ WARN:1@35.194] global qrcode.cpp:2929 decodingProcess QR: ECI is not supported properly
[ WARN:4@35.195] global qrcode.cpp:2929 decodingProcess QR: ECI is not supported properly
[ WARN:3@35.195] global qrcode.cpp:2929 decodingProcess QR: ECI is not supported properly
[ WARN:6@35.196] global qrcode.cpp:2929 decodingProcess QR: ECI is not supported properly
[ WARN:5@35.196] global qrcode.cpp:2929 decodingProcess QR: ECI is not supported properly
[ WARN:0@35.196] global qrcode.cpp:2929 decodingProcess QR: ECI is not supported properly
[ WARN:7@35.199] global qrcode.cpp:2929 decodingProcess QR: ECI is not supported properly
[ WARN:2@35.200] global qrcode.cpp:2929 decodingProcess QR: ECI is not supported properly
[ WARN:4@35.235] global qrcode.cpp:2929 decodingProcess QR: ECI is not supported properly
[ WARN:1@35.235] global qrcode.cpp:2929 decodingProcess QR: ECI is not supported properly
[ WARN:6@35.236] global qrcode.cpp:2929 decodingProcess QR: ECI is not supported properly
[ WARN:3@35.236] global qrcode.cpp:2929 decodingProcess QR: ECI is not supported properly
[ WARN:5@35.236] global qrcode.cpp:2929 decodingProcess QR: ECI is not supported properly
[ WARN:0@35.236] global qrcode.cpp:2929 decodingProcess QR: ECI is not supported properly
[ WARN:7@35.238] global qrcode.cpp:2929 decodingProcess QR: ECI is not supported properly
[ WARN:2@35.239] global qrcode.cpp:2929 decodingProcess QR: ECI is not supported properly
[ WARN:1@35.274] global qrcode.cpp:2929 decodingProcess QR: ECI is not supported properly
[ WARN:3@35.274] global qrcode.cpp:2929 decodingProcess QR: ECI is not supported properly
[ WARN:4@35.274] global qrcode.cpp:2929 decodingProcess QR: ECI is not supported properly
[ WARN:6@35.275] global qrcode.cpp:2929 decodingProcess QR: ECI is not supported properly
[ WARN:5@35.275] global qrcode.cpp:2929 decodingProcess QR: ECI is not supported properly
[ WARN:0@35.276] global qrcode.cpp:2929 decodingProcess QR: ECI is not supported properly
[ WARN:7@35.278] global qrcode.cpp:2929 decodingProcess QR: ECI is not supported properly
[ WARN:2@35.278] global qrcode.cpp:2929 decodingProcess QR: ECI is not supported properly
[ WARN:4@35.314] global qrcode.cpp:2929 decodingProcess QR: ECI is not supported properly
[ WARN:6@35.314] global qrcode.cpp:2929 decodingProcess QR: ECI is not supported properly
[ WARN:3@35.315] global qrcode.cpp:2929 decodingProcess QR: ECI is not supported properly
[ WARN:5@35.315] global qrcode.cpp:2929 decodingProcess QR: ECI is not supported properly
[ WARN:1@35.315] global qrcode.cpp:2929 decodingProcess QR: ECI is not supported properly
[ WARN:0@35.316] global qrcode.cpp:2929 decodingProcess QR: ECI is not supported properly
[ WARN:2@35.316] global qrcode.cpp:2929 decodingProcess QR: ECI is not supported properly
[ WARN:8@35.317] global qrcode.cpp:2929 decodingProcess QR: ECI is not supported properly
[ WARN:1@35.352] global qrcode.cpp:2929 decodingProcess QR: ECI is not supported properly
[ WARN:4@35.352] global qrcode.cpp:2929 decodingProcess QR: ECI is not supported properly
[ WARN:6@35.353] global qrcode.cpp:2929 decodingProcess QR: ECI is not supported properly
[ WARN:3@35.353] global qrcode.cpp:2929 decodingProcess QR: ECI is not supported properly
[ WARN:5@35.353] global qrcode.cpp:2929 decodingProcess QR: ECI is not supported properly
[ WARN:0@35.354] global qrcode.cpp:2929 decodingProcess QR: ECI is not supported properly
[ WARN:7@35.356] global qrcode.cpp:2929 decodingProcess QR: ECI is not supported properly
[ WARN:2@35.356] global qrcode.cpp:2929 decodingProcess QR: ECI is not supported properly
[ WARN:1@35.391] global qrcode.cpp:2929 decodingProcess QR: ECI is not supported properly
[ WARN:4@35.392] global qrcode.cpp:2929 decodingProcess QR: ECI is not supported properly
[ WARN:6@35.392] global qrcode.cpp:2929 decodingProcess QR: ECI is not supported properly
[ WARN:3@35.393] global qrcode.cpp:2929 decodingProcess QR: ECI is not supported properly
[ WARN:5@35.393] global qrcode.cpp:2929 decodingProcess QR: ECI is not supported properly
[ WARN:0@35.394] global qrcode.cpp:2929 decodingProcess QR: ECI is not supported properly
[ WARN:7@35.395] global qrcode.cpp:2929 decodingProcess QR: ECI is not supported properly
[ WARN:2@35.395] global qrcode.cpp:2929 decodingProcess QR: ECI is not supported properly
[ WARN:4@35.431] global qrcode.cpp:2929 decodingProcess QR: ECI is not supported properly
[ WARN:3@35.432] global qrcode.cpp:2929 decodingProcess QR: ECI is not supported properly
[ WARN:6@35.432] global qrcode.cpp:2929 decodingProcess QR: ECI is not supported properly
[ WARN:5@35.432] global qrcode.cpp:2929 decodingProcess QR: ECI is not supported properly
[ WARN:2@35.432] global qrcode.cpp:2929 decodingProcess QR: ECI is not supported properly
[ WARN:1@35.432] global qrcode.cpp:2929 decodingProcess QR: ECI is not supported properly
[ WARN:0@35.433] global qrcode.cpp:2929 decodingProcess QR: ECI is not supported properly
[ WARN:8@35.434] global qrcode.cpp:2929 decodingProcess QR: ECI is not supported properly
[ WARN:1@35.469] global qrcode.cpp:2929 decodingProcess QR: ECI is not supported properly
[ WARN:6@35.470] global qrcode.cpp:2929 decodingProcess QR: ECI is not supported properly
[ WARN:3@35.470] global qrcode.cpp:2929 decodingProcess QR: ECI is not supported properly
[ WARN:5@35.470] global qrcode.cpp:2929 decodingProcess QR: ECI is not supported properly
[ WARN:4@35.470] global qrcode.cpp:2929 decodingProcess QR: ECI is not supported properly
[ WARN:0@35.471] global qrcode.cpp:2929 decodingProcess QR: ECI is not supported properly
[ WARN:2@35.473] global qrcode.cpp:2929 decodingProcess QR: ECI is not supported properly
[ WARN:7@35.473] global qrcode.cpp:2929 decodingProcess QR: ECI is not supported properly
[ WARN:1@35.507] global qrcode.cpp:2929 decodingProcess QR: ECI is not supported properly
[ WARN:3@35.508] global qrcode.cpp:2929 decodingProcess QR: ECI is not supported properly
[ WARN:4@35.509] global qrcode.cpp:2929 decodingProcess QR: ECI is not supported properly
[ WARN:6@35.509] global qrcode.cpp:2929 decodingProcess QR: ECI is not supported properly
[ WARN:5@35.509] global qrcode.cpp:2929 decodingProcess QR: ECI is not supported properly
[ WARN:0@35.510] global qrcode.cpp:2929 decodingProcess QR: ECI is not supported properly
[ WARN:2@35.512] global qrcode.cpp:2929 decodingProcess QR: ECI is not supported properly
[ WARN:7@35.512] global qrcode.cpp:2929 decodingProcess QR: ECI is not supported properly
[ WARN:1@35.547] global qrcode.cpp:2929 decodingProcess QR: ECI is not supported properly
[ WARN:4@35.548] global qrcode.cpp:2929 decodingProcess QR: ECI is not supported properly
[ WARN:6@35.548] global qrcode.cpp:2929 decodingProcess QR: ECI is not supported properly
[ WARN:5@35.549] global qrcode.cpp:2929 decodingProcess QR: ECI is not supported properly
[ WARN:3@35.549] global qrcode.cpp:2929 decodingProcess QR: ECI is not supported properly
[ WARN:0@35.549] global qrcode.cpp:2929 decodingProcess QR: ECI is not supported properly
[ WARN:7@35.551] global qrcode.cpp:2929 decodingProcess QR: ECI is not supported properly
[ WARN:2@35.551] global qrcode.cpp:2929 decodingProcess QR: ECI is not supported properly
[ WARN:1@35.585] global qrcode.cpp:2929 decodingProcess QR: ECI is not supported properly
[ WARN:4@35.587] global qrcode.cpp:2929 decodingProcess QR: ECI is not supported properly
[ WARN:3@35.587] global qrcode.cpp:2929 decodingProcess QR: ECI is not supported properly
[ WARN:6@35.587] global qrcode.cpp:2929 decodingProcess QR: ECI is not supported properly
[ WARN:5@35.587] global qrcode.cpp:2929 decodingProcess QR: ECI is not supported properly
[ WARN:0@35.588] global qrcode.cpp:2929 decodingProcess QR: ECI is not supported properly
[ WARN:7@35.590] global qrcode.cpp:2929 decodingProcess QR: ECI is not supported properly
[ WARN:2@35.590] global qrcode.cpp:2929 decodingProcess QR: ECI is not supported properly
[ WARN:2@35.626] global qrcode.cpp:2929 decodingProcess QR: ECI is not supported properly
[ WARN:4@35.626] global qrcode.cpp:2929 decodingProcess QR: ECI is not supported properly
[ WARN:3@35.626] global qrcode.cpp:2929 decodingProcess QR: ECI is not supported properly
[ WARN:6@35.626] global qrcode.cpp:2929 decodingProcess QR: ECI is not supported properly
[ WARN:1@35.626] global qrcode.cpp:2929 decodingProcess QR: ECI is not supported properly
[ WARN:5@35.627] global qrcode.cpp:2929 decodingProcess QR: ECI is not supported properly
[ WARN:0@35.627] global qrcode.cpp:2929 decodingProcess QR: ECI is not supported properly
[ WARN:8@35.628] global qrcode.cpp:2929 decodingProcess QR: ECI is not supported properly
[ WARN:4@35.664] global qrcode.cpp:2929 decodingProcess QR: ECI is not supported properly
[ WARN:2@35.664] global qrcode.cpp:2929 decodingProcess QR: ECI is not supported properly
[ WARN:3@35.665] global qrcode.cpp:2929 decodingProcess QR: ECI is not supported properly
[ WARN:6@35.665] global qrcode.cpp:2929 decodingProcess QR: ECI is not supported properly
[ WARN:1@35.665] global qrcode.cpp:2929 decodingProcess QR: ECI is not supported properly
[ WARN:5@35.665] global qrcode.cpp:2929 decodingProcess QR: ECI is not supported properly
[ WARN:0@35.665] global qrcode.cpp:2929 decodingProcess QR: ECI is not supported properly
[ WARN:8@35.666] global qrcode.cpp:2929 decodingProcess QR: ECI is not supported properly
[ WARN:2@35.702] global qrcode.cpp:2929 decodingProcess QR: ECI is not supported properly
[ WARN:5@35.702] global qrcode.cpp:2929 decodingProcess QR: ECI is not supported properly
[ WARN:6@35.702] global qrcode.cpp:2929 decodingProcess QR: ECI is not supported properly
[ WARN:4@35.702] global qrcode.cpp:2929 decodingProcess QR: ECI is not supported properly
[ WARN:3@35.702] global qrcode.cpp:2929 decodingProcess QR: ECI is not supported properly
[ WARN:1@35.703] global qrcode.cpp:2929 decodingProcess QR: ECI is not supported properly
[ WARN:0@35.703] global qrcode.cpp:2929 decodingProcess QR: ECI is not supported properly
[ WARN:8@35.704] global qrcode.cpp:2929 decodingProcess QR: ECI is not supported properly
[ WARN:4@35.740] global qrcode.cpp:2929 decodingProcess QR: ECI is not supported properly
[ WARN:2@35.740] global qrcode.cpp:2929 decodingProcess QR: ECI is not supported properly
[ WARN:6@35.740] global qrcode.cpp:2929 decodingProcess QR: ECI is not supported properly
[ WARN:3@35.740] global qrcode.cpp:2929 decodingProcess QR: ECI is not supported properly
[ WARN:5@35.741] global qrcode.cpp:2929 decodingProcess QR: ECI is not supported properly
[ WARN:1@35.741] global qrcode.cpp:2929 decodingProcess QR: ECI is not supported properly
[ WARN:0@35.741] global qrcode.cpp:2929 decodingProcess QR: ECI is not supported properly
[ WARN:8@35.742] global qrcode.cpp:2929 decodingProcess QR: ECI is not supported properly
[ PERFSTAT ]    (samples=100   mean=38.65   median=38.43   min=36.71   stddev=1.23 (3.2%))
[       OK ] Perf_Objdetect_QRCode_Multi.decodeMulti/14 (4068 ms)
[ RUN      ] Perf_Objdetect_QRCode_Multi.decodeMulti/15, where GetParam() = ("8_close_qrcodes.png", "aruco_based")
[ WARN:3@35.869] global qrcode.cpp:2929 decodingProcess QR: ECI is not supported properly
[ WARN:7@35.869] global qrcode.cpp:2929 decodingProcess QR: ECI is not supported properly
[ WARN:5@35.870] global qrcode.cpp:2929 decodingProcess QR: ECI is not supported properly
[ WARN:2@35.870] global qrcode.cpp:2929 decodingProcess QR: ECI is not supported properly
[ WARN:0@35.870] global qrcode.cpp:2929 decodingProcess QR: ECI is not supported properly
[ WARN:6@35.871] global qrcode.cpp:2929 decodingProcess QR: ECI is not supported properly
[ WARN:4@35.871] global qrcode.cpp:2929 decodingProcess QR: ECI is not supported properly
[ WARN:1@35.871] global qrcode.cpp:2929 decodingProcess QR: ECI is not supported properly
[ WARN:7@35.907] global qrcode.cpp:2929 decodingProcess QR: ECI is not supported properly
[ WARN:3@35.907] global qrcode.cpp:2929 decodingProcess QR: ECI is not supported properly
[ WARN:2@35.908] global qrcode.cpp:2929 decodingProcess QR: ECI is not supported properly
[ WARN:6@35.908] global qrcode.cpp:2929 decodingProcess QR: ECI is not supported properly
[ WARN:0@35.908] global qrcode.cpp:2929 decodingProcess QR: ECI is not supported properly
[ WARN:5@35.908] global qrcode.cpp:2929 decodingProcess QR: ECI is not supported properly
[ WARN:1@35.909] global qrcode.cpp:2929 decodingProcess QR: ECI is not supported properly
[ WARN:4@35.909] global qrcode.cpp:2929 decodingProcess QR: ECI is not supported properly
[ WARN:3@35.945] global qrcode.cpp:2929 decodingProcess QR: ECI is not supported properly
[ WARN:5@35.946] global qrcode.cpp:2929 decodingProcess QR: ECI is not supported properly
[ WARN:7@35.946] global qrcode.cpp:2929 decodingProcess QR: ECI is not supported properly
[ WARN:6@35.946] global qrcode.cpp:2929 decodingProcess QR: ECI is not supported properly
[ WARN:0@35.946] global qrcode.cpp:2929 decodingProcess QR: ECI is not supported properly
[ WARN:2@35.946] global qrcode.cpp:2929 decodingProcess QR: ECI is not supported properly
[ WARN:1@35.947] global qrcode.cpp:2929 decodingProcess QR: ECI is not supported properly
[ WARN:4@35.947] global qrcode.cpp:2929 decodingProcess QR: ECI is not supported properly
[ WARN:2@35.983] global qrcode.cpp:2929 decodingProcess QR: ECI is not supported properly
[ WARN:7@35.984] global qrcode.cpp:2929 decodingProcess QR: ECI is not supported properly
[ WARN:3@35.984] global qrcode.cpp:2929 decodingProcess QR: ECI is not supported properly
[ WARN:0@35.984] global qrcode.cpp:2929 decodingProcess QR: ECI is not supported properly
[ WARN:6@35.984] global qrcode.cpp:2929 decodingProcess QR: ECI is not supported properly
[ WARN:5@35.984] global qrcode.cpp:2929 decodingProcess QR: ECI is not supported properly
[ WARN:1@35.985] global qrcode.cpp:2929 decodingProcess QR: ECI is not supported properly
[ WARN:4@35.985] global qrcode.cpp:2929 decodingProcess QR: ECI is not supported properly
[ WARN:3@36.022] global qrcode.cpp:2929 decodingProcess QR: ECI is not supported properly
[ WARN:2@36.022] global qrcode.cpp:2929 decodingProcess QR: ECI is not supported properly
[ WARN:6@36.022] global qrcode.cpp:2929 decodingProcess QR: ECI is not supported properly
[ WARN:0@36.022] global qrcode.cpp:2929 decodingProcess QR: ECI is not supported properly
[ WARN:7@36.022] global qrcode.cpp:2929 decodingProcess QR: ECI is not supported properly
[ WARN:5@36.022] global qrcode.cpp:2929 decodingProcess QR: ECI is not supported properly
[ WARN:4@36.023] global qrcode.cpp:2929 decodingProcess QR: ECI is not supported properly
[ WARN:1@36.023] global qrcode.cpp:2929 decodingProcess QR: ECI is not supported properly
[ WARN:1@36.060] global qrcode.cpp:2929 decodingProcess QR: ECI is not supported properly
[ WARN:7@36.060] global qrcode.cpp:2929 decodingProcess QR: ECI is not supported properly
[ WARN:4@36.060] global qrcode.cpp:2929 decodingProcess QR: ECI is not supported properly
[ WARN:2@36.060] global qrcode.cpp:2929 decodingProcess QR: ECI is not supported properly
[ WARN:6@36.060] global qrcode.cpp:2929 decodingProcess QR: ECI is not supported properly
[ WARN:3@36.060] global qrcode.cpp:2929 decodingProcess QR: ECI is not supported properly
[ WARN:5@36.060] global qrcode.cpp:2929 decodingProcess QR: ECI is not supported properly
[ WARN:0@36.060] global qrcode.cpp:2929 decodingProcess QR: ECI is not supported properly
[ WARN:1@36.100] global qrcode.cpp:2929 decodingProcess QR: ECI is not supported properly
[ WARN:5@36.107] global qrcode.cpp:2929 decodingProcess QR: ECI is not supported properly
[ WARN:4@36.107] global qrcode.cpp:2929 decodingProcess QR: ECI is not supported properly
[ WARN:8@36.107] global qrcode.cpp:2929 decodingProcess QR: ECI is not supported properly
[ WARN:0@36.107] global qrcode.cpp:2929 decodingProcess QR: ECI is not supported properly
[ WARN:6@36.108] global qrcode.cpp:2929 decodingProcess QR: ECI is not supported properly
[ WARN:3@36.108] global qrcode.cpp:2929 decodingProcess QR: ECI is not supported properly
[ WARN:2@36.110] global qrcode.cpp:2929 decodingProcess QR: ECI is not supported properly
[ WARN:5@36.146] global qrcode.cpp:2929 decodingProcess QR: ECI is not supported properly
[ WARN:3@36.146] global qrcode.cpp:2929 decodingProcess QR: ECI is not supported properly
[ WARN:1@36.146] global qrcode.cpp:2929 decodingProcess QR: ECI is not supported properly
[ WARN:6@36.146] global qrcode.cpp:2929 decodingProcess QR: ECI is not supported properly
[ WARN:4@36.146] global qrcode.cpp:2929 decodingProcess QR: ECI is not supported properly
[ WARN:2@36.146] global qrcode.cpp:2929 decodingProcess QR: ECI is not supported properly
[ WARN:0@36.146] global qrcode.cpp:2929 decodingProcess QR: ECI is not supported properly
[ WARN:7@36.147] global qrcode.cpp:2929 decodingProcess QR: ECI is not supported properly
[ WARN:7@36.183] global qrcode.cpp:2929 decodingProcess QR: ECI is not supported properly
[ WARN:2@36.183] global qrcode.cpp:2929 decodingProcess QR: ECI is not supported properly
[ WARN:1@36.183] global qrcode.cpp:2929 decodingProcess QR: ECI is not supported properly
[ WARN:5@36.183] global qrcode.cpp:2929 decodingProcess QR: ECI is not supported properly
[ WARN:4@36.184] global qrcode.cpp:2929 decodingProcess QR: ECI is not supported properly
[ WARN:3@36.184] global qrcode.cpp:2929 decodingProcess QR: ECI is not supported properly
[ WARN:6@36.184] global qrcode.cpp:2929 decodingProcess QR: ECI is not supported properly
[ WARN:0@36.184] global qrcode.cpp:2929 decodingProcess QR: ECI is not supported properly
[ WARN:2@36.220] global qrcode.cpp:2929 decodingProcess QR: ECI is not supported properly
[ WARN:7@36.220] global qrcode.cpp:2929 decodingProcess QR: ECI is not supported properly
[ WARN:4@36.220] global qrcode.cpp:2929 decodingProcess QR: ECI is not supported properly
[ WARN:3@36.220] global qrcode.cpp:2929 decodingProcess QR: ECI is not supported properly
[ WARN:6@36.220] global qrcode.cpp:2929 decodingProcess QR: ECI is not supported properly
[ WARN:0@36.221] global qrcode.cpp:2929 decodingProcess QR: ECI is not supported properly
[ WARN:8@36.221] global qrcode.cpp:2929 decodingProcess QR: ECI is not supported properly
[ WARN:1@36.221] global qrcode.cpp:2929 decodingProcess QR: ECI is not supported properly
[ WARN:2@36.258] global qrcode.cpp:2929 decodingProcess QR: ECI is not supported properly
[ WARN:1@36.258] global qrcode.cpp:2929 decodingProcess QR: ECI is not supported properly
[ WARN:0@36.258] global qrcode.cpp:2929 decodingProcess QR: ECI is not supported properly
[ WARN:6@36.258] global qrcode.cpp:2929 decodingProcess QR: ECI is not supported properly
[ WARN:4@36.258] global qrcode.cpp:2929 decodingProcess QR: ECI is not supported properly
[ WARN:3@36.258] global qrcode.cpp:2929 decodingProcess QR: ECI is not supported properly
[ WARN:7@36.258] global qrcode.cpp:2929 decodingProcess QR: ECI is not supported properly
[ WARN:5@36.258] global qrcode.cpp:2929 decodingProcess QR: ECI is not supported properly
[ WARN:2@36.295] global qrcode.cpp:2929 decodingProcess QR: ECI is not supported properly
[ WARN:1@36.295] global qrcode.cpp:2929 decodingProcess QR: ECI is not supported properly
[ WARN:0@36.295] global qrcode.cpp:2929 decodingProcess QR: ECI is not supported properly
[ WARN:5@36.295] global qrcode.cpp:2929 decodingProcess QR: ECI is not supported properly
[ WARN:4@36.295] global qrcode.cpp:2929 decodingProcess QR: ECI is not supported properly
[ WARN:8@36.295] global qrcode.cpp:2929 decodingProcess QR: ECI is not supported properly
[ WARN:3@36.295] global qrcode.cpp:2929 decodingProcess QR: ECI is not supported properly
[ WARN:6@36.295] global qrcode.cpp:2929 decodingProcess QR: ECI is not supported properly
[ WARN:2@36.331] global qrcode.cpp:2929 decodingProcess QR: ECI is not supported properly
[ WARN:0@36.332] global qrcode.cpp:2929 decodingProcess QR: ECI is not supported properly
[ WARN:3@36.332] global qrcode.cpp:2929 decodingProcess QR: ECI is not supported properly
[ WARN:1@36.332] global qrcode.cpp:2929 decodingProcess QR: ECI is not supported properly
[ WARN:8@36.332] global qrcode.cpp:2929 decodingProcess QR: ECI is not supported properly
[ WARN:5@36.332] global qrcode.cpp:2929 decodingProcess QR: ECI is not supported properly
[ WARN:6@36.332] global qrcode.cpp:2929 decodingProcess QR: ECI is not supported properly
[ WARN:4@36.333] global qrcode.cpp:2929 decodingProcess QR: ECI is not supported properly
[ PERFSTAT ]    (samples=13   mean=37.62   median=37.51   min=36.79   stddev=0.68 (1.8%))
[       OK ] Perf_Objdetect_QRCode_Multi.decodeMulti/15 (588 ms)
[----------] 32 tests from Perf_Objdetect_QRCode_Multi (13654 ms total)

[----------] 24 tests from Perf_Objdetect_Not_QRCode
[ RUN      ] Perf_Objdetect_Not_QRCode.detect/0, where GetParam() = ("zero", 640x480)
[ PERFSTAT ]    (samples=10   mean=7.15   median=7.09   min=7.00   stddev=0.18 (2.5%))
[       OK ] Perf_Objdetect_Not_QRCode.detect/0 (71 ms)
[ RUN      ] Perf_Objdetect_Not_QRCode.detect/1, where GetParam() = ("zero", 1280x720)
[ PERFSTAT ]    (samples=10   mean=27.40   median=27.14   min=26.90   stddev=0.60 (2.2%))
[       OK ] Perf_Objdetect_Not_QRCode.detect/1 (274 ms)
[ RUN      ] Perf_Objdetect_Not_QRCode.detect/2, where GetParam() = ("zero", 1920x1080)
[ PERFSTAT ]    (samples=15   mean=20.43   median=20.23   min=19.76   stddev=0.61 (3.0%))
[       OK ] Perf_Objdetect_Not_QRCode.detect/2 (309 ms)
[ RUN      ] Perf_Objdetect_Not_QRCode.detect/3, where GetParam() = ("zero", 3840x2160)
[ PERFSTAT ]    (samples=100   mean=57.73   median=57.91   min=50.18   stddev=1.98 (3.4%))
[       OK ] Perf_Objdetect_Not_QRCode.detect/3 (5807 ms)
[ RUN      ] Perf_Objdetect_Not_QRCode.detect/4, where GetParam() = ("random", 640x480)
[ PERFSTAT ]    (samples=13   mean=6.92   median=6.93   min=6.77   stddev=0.09 (1.2%))
[       OK ] Perf_Objdetect_Not_QRCode.detect/4 (91 ms)
[ RUN      ] Perf_Objdetect_Not_QRCode.detect/5, where GetParam() = ("random", 1280x720)
[ PERFSTAT ]    (samples=10   mean=27.39   median=27.28   min=27.12   stddev=0.43 (1.6%))
[       OK ] Perf_Objdetect_Not_QRCode.detect/5 (275 ms)
[ RUN      ] Perf_Objdetect_Not_QRCode.detect/6, where GetParam() = ("random", 1920x1080)
[ PERFSTAT ]    (samples=13   mean=20.15   median=19.89   min=19.77   stddev=0.60 (3.0%))
[       OK ] Perf_Objdetect_Not_QRCode.detect/6 (272 ms)
[ RUN      ] Perf_Objdetect_Not_QRCode.detect/7, where GetParam() = ("random", 3840x2160)
[ PERFSTAT ]    (samples=81   mean=62.01   median=62.17   min=49.40   stddev=1.85 (3.0%))
[       OK ] Perf_Objdetect_Not_QRCode.detect/7 (5068 ms)
[ RUN      ] Perf_Objdetect_Not_QRCode.detect/8, where GetParam() = ("chessboard", 640x480)
[ PERFSTAT ]    (samples=10   mean=509.68   median=501.97   min=499.73   stddev=13.92 (2.7%))
[       OK ] Perf_Objdetect_Not_QRCode.detect/8 (5098 ms)
[ RUN      ] Perf_Objdetect_Not_QRCode.detect/9, where GetParam() = ("chessboard", 1280x720)
[ PERFSTAT ]    (samples=10   mean=32.78   median=32.76   min=32.54   stddev=0.23 (0.7%))
[       OK ] Perf_Objdetect_Not_QRCode.detect/9 (333 ms)
[ RUN      ] Perf_Objdetect_Not_QRCode.detect/10, where GetParam() = ("chessboard", 1920x1080)
[ PERFSTAT ]    (samples=10   mean=30.92   median=30.83   min=30.30   stddev=0.54 (1.7%))
[       OK ] Perf_Objdetect_Not_QRCode.detect/10 (321 ms)
[ RUN      ] Perf_Objdetect_Not_QRCode.detect/11, where GetParam() = ("chessboard", 3840x2160)
[ PERFSTAT ]    (samples=15   mean=94.84   median=95.37   min=85.34   stddev=2.79 (2.9%))
[       OK ] Perf_Objdetect_Not_QRCode.detect/11 (1474 ms)
[ RUN      ] Perf_Objdetect_Not_QRCode.decode/0, where GetParam() = ("zero", 640x480)
[ PERFSTAT ]    (samples=13   mean=10.34   median=10.28   min=10.20   stddev=0.18 (1.8%))
[       OK ] Perf_Objdetect_Not_QRCode.decode/0 (136 ms)
[ RUN      ] Perf_Objdetect_Not_QRCode.decode/1, where GetParam() = ("zero", 1280x720)
[ PERFSTAT ]    (samples=10   mean=23.54   median=23.34   min=23.21   stddev=0.62 (2.6%))
[       OK ] Perf_Objdetect_Not_QRCode.decode/1 (235 ms)
[ RUN      ] Perf_Objdetect_Not_QRCode.decode/2, where GetParam() = ("zero", 1920x1080)
[ PERFSTAT ]    (samples=13   mean=17.02   median=16.86   min=16.67   stddev=0.43 (2.5%))
[       OK ] Perf_Objdetect_Not_QRCode.decode/2 (224 ms)
[ RUN      ] Perf_Objdetect_Not_QRCode.decode/3, where GetParam() = ("zero", 3840x2160)
[ PERFSTAT ]    (samples=10   mean=63.33   median=63.76   min=59.58   stddev=1.45 (2.3%))
[       OK ] Perf_Objdetect_Not_QRCode.decode/3 (635 ms)
[ RUN      ] Perf_Objdetect_Not_QRCode.decode/4, where GetParam() = ("random", 640x480)
[ PERFSTAT ]    (samples=13   mean=10.28   median=10.21   min=10.13   stddev=0.18 (1.8%))
[       OK ] Perf_Objdetect_Not_QRCode.decode/4 (135 ms)
[ RUN      ] Perf_Objdetect_Not_QRCode.decode/5, where GetParam() = ("random", 1280x720)
[ PERFSTAT ]    (samples=10   mean=23.32   median=23.15   min=23.05   stddev=0.52 (2.2%))
[       OK ] Perf_Objdetect_Not_QRCode.decode/5 (235 ms)
[ RUN      ] Perf_Objdetect_Not_QRCode.decode/6, where GetParam() = ("random", 1920x1080)
[ PERFSTAT ]    (samples=10   mean=17.27   median=17.21   min=16.76   stddev=0.38 (2.2%))
[       OK ] Perf_Objdetect_Not_QRCode.decode/6 (174 ms)
[ RUN      ] Perf_Objdetect_Not_QRCode.decode/7, where GetParam() = ("random", 3840x2160)
[ PERFSTAT ]    (samples=13   mean=62.48   median=62.78   min=58.71   stddev=1.86 (3.0%))
[       OK ] Perf_Objdetect_Not_QRCode.decode/7 (844 ms)
[ RUN      ] Perf_Objdetect_Not_QRCode.decode/8, where GetParam() = ("chessboard", 640x480)
[ PERFSTAT ]    (samples=10   mean=11.03   median=10.97   min=10.89   stddev=0.17 (1.5%))
[       OK ] Perf_Objdetect_Not_QRCode.decode/8 (112 ms)
[ RUN      ] Perf_Objdetect_Not_QRCode.decode/9, where GetParam() = ("chessboard", 1280x720)
[ PERFSTAT ]    (samples=10   mean=23.75   median=23.69   min=23.49   stddev=0.28 (1.2%))
[       OK ] Perf_Objdetect_Not_QRCode.decode/9 (243 ms)
[ RUN      ] Perf_Objdetect_Not_QRCode.decode/10, where GetParam() = ("chessboard", 1920x1080)
[ PERFSTAT ]    (samples=10   mean=15.77   median=15.61   min=15.49   stddev=0.40 (2.5%))
[       OK ] Perf_Objdetect_Not_QRCode.decode/10 (169 ms)
[ RUN      ] Perf_Objdetect_Not_QRCode.decode/11, where GetParam() = ("chessboard", 3840x2160)
[ PERFSTAT ]    (samples=10   mean=56.73   median=56.65   min=55.50   stddev=1.01 (1.8%))
[       OK ] Perf_Objdetect_Not_QRCode.decode/11 (616 ms)
[----------] 24 tests from Perf_Objdetect_Not_QRCode (23152 ms total)

[----------] Global test environment tear-down
[ SKIPSTAT ] 1 tests skipped
[ SKIPSTAT ] TAG='skip_other' skip 1 tests
[==========] 155 tests from 10 test cases ran. (59411 ms total)
[  PASSED  ] 155 tests.
