[1/3882] Building C object 3rdparty/libtiff/CMakeFiles/libtiff.dir/tif_fax3sm.c.o
[2/3882] Building CXX object 3rdparty/openexr/CMakeFiles/IlmImf.dir/IlmImf/ImfFramesPerSecond.cpp.o
[3/3882] Building C object 3rdparty/libwebp/CMakeFiles/libwebp.dir/src/utils/random_utils.c.o
[4/3882] Building C object 3rdparty/libwebp/CMakeFiles/libwebp.dir/src/demux/anim_decode.c.o
[5/3882] Building C object 3rdparty/libwebp/CMakeFiles/libwebp.dir/src/utils/quant_levels_dec_utils.c.o
[6/3882] Building C object 3rdparty/libwebp/CMakeFiles/libwebp.dir/src/enc/config_enc.c.o
[7/3882] Building C object 3rdparty/libwebp/CMakeFiles/libwebp.dir/sharpyuv/sharpyuv_csp.c.o
[8/3882] Building C object 3rdparty/libwebp/CMakeFiles/libwebp.dir/sharpyuv/sharpyuv_gamma.c.o
[9/3882] Building C object 3rdparty/libwebp/CMakeFiles/libwebp.dir/src/dsp/alpha_processing_sse41.c.o
[10/3882] Building C object 3rdparty/libwebp/CMakeFiles/libwebp.dir/src/dsp/dec_neon.c.o
[11/3882] Building C object 3rdparty/libwebp/CMakeFiles/libwebp.dir/src/dsp/yuv_mips_dsp_r2.c.o
[12/3882] Building C object 3rdparty/libtiff/CMakeFiles/libtiff.dir/tif_getimage.c.o
[13/3882] Building C object 3rdparty/libwebp/CMakeFiles/libwebp.dir/src/dsp/alpha_processing_mips_dsp_r2.c.o
[14/3882] Building C object 3rdparty/libwebp/CMakeFiles/libwebp.dir/src/dsp/upsampling_sse41.c.o
[15/3882] Building C object 3rdparty/libwebp/CMakeFiles/libwebp.dir/src/dsp/alpha_processing_neon.c.o
[16/3882] Building C object 3rdparty/libwebp/CMakeFiles/libwebp.dir/src/dsp/lossless_enc_avx2.c.o
[17/3882] Building C object 3rdparty/libwebp/CMakeFiles/libwebp.dir/src/dsp/dec_msa.c.o
[18/3882] Building C object 3rdparty/libwebp/CMakeFiles/libwebp.dir/src/enc/iterator_enc.c.o
[19/3882] Building C object 3rdparty/libwebp/CMakeFiles/libwebp.dir/src/dsp/dec_mips_dsp_r2.c.o
[20/3882] Building C object 3rdparty/libwebp/CMakeFiles/libwebp.dir/src/dsp/lossless_neon.c.o
[21/3882] Building C object 3rdparty/libwebp/CMakeFiles/libwebp.dir/src/dsp/lossless_avx2.c.o
[22/3882] Building C object 3rdparty/libwebp/CMakeFiles/libwebp.dir/src/dsp/cost_mips32.c.o
[23/3882] Building C object 3rdparty/libwebp/CMakeFiles/libwebp.dir/src/utils/thread_utils.c.o
[24/3882] Building C object 3rdparty/libwebp/CMakeFiles/libwebp.dir/src/dsp/filters_msa.c.o
[25/3882] Building C object 3rdparty/libwebp/CMakeFiles/libwebp.dir/src/dsp/enc_mips_dsp_r2.c.o
[26/3882] Building C object 3rdparty/libwebp/CMakeFiles/libwebp.dir/src/dsp/rescaler.c.o
[27/3882] Building C object 3rdparty/libwebp/CMakeFiles/libwebp.dir/sharpyuv/sharpyuv_neon.c.o
[28/3882] Building C object 3rdparty/libwebp/CMakeFiles/libwebp.dir/src/dsp/yuv_sse41.c.o
[29/3882] Building C object 3rdparty/libwebp/CMakeFiles/libwebp.dir/src/enc/syntax_enc.c.o
[30/3882] Building C object 3rdparty/libwebp/CMakeFiles/libwebp.dir/src/enc/picture_tools_enc.c.o
[31/3882] Building CXX object 3rdparty/openexr/CMakeFiles/IlmImf.dir/IlmImf/ImfThreading.cpp.o
[32/3882] Building C object 3rdparty/libwebp/CMakeFiles/libwebp.dir/src/dsp/enc_sse41.c.o
[33/3882] Building C object 3rdparty/libwebp/CMakeFiles/libwebp.dir/src/dsp/rescaler_neon.c.o
[34/3882] Building C object 3rdparty/libwebp/CMakeFiles/libwebp.dir/src/dsp/enc_msa.c.o
[35/3882] Building C object 3rdparty/libwebp/CMakeFiles/libwebp.dir/src/dsp/lossless_enc_mips_dsp_r2.c.o
[36/3882] Building C object 3rdparty/openjpeg/openjp2/CMakeFiles/libopenjp2.dir/tgt.c.o
[37/3882] Building C object 3rdparty/libwebp/CMakeFiles/libwebp.dir/sharpyuv/sharpyuv_cpu.c.o
[38/3882] Building C object 3rdparty/libwebp/CMakeFiles/libwebp.dir/src/dsp/cost_neon.c.o
[39/3882] Building C object 3rdparty/libtiff/CMakeFiles/libtiff.dir/tif_dumpmode.c.o
[40/3882] Building C object 3rdparty/libwebp/CMakeFiles/libwebp.dir/src/dsp/dec_mips32.c.o
[41/3882] Building C object 3rdparty/libwebp/CMakeFiles/libwebp.dir/src/dsp/lossless_enc_mips32.c.o
[42/3882] Building CXX object 3rdparty/openexr/CMakeFiles/IlmImf.dir/IlmImf/ImfVersion.cpp.o
[43/3882] Building CXX object 3rdparty/openexr/CMakeFiles/IlmImf.dir/IlmImf/ImfWav.cpp.o
[44/3882] Building C object 3rdparty/libwebp/CMakeFiles/libwebp.dir/src/utils/huffman_utils.c.o
[45/3882] Building C object 3rdparty/libwebp/CMakeFiles/libwebp.dir/src/utils/quant_levels_utils.c.o
[46/3882] Building C object 3rdparty/libwebp/CMakeFiles/libwebp.dir/src/dsp/dec_sse41.c.o
[47/3882] Building C object 3rdparty/libwebp/CMakeFiles/libwebp.dir/src/dsp/lossless_enc_msa.c.o
[48/3882] Building CXX object 3rdparty/openexr/CMakeFiles/IlmImf.dir/IlmImf/ImfRle.cpp.o
[49/3882] Building CXX object 3rdparty/openexr/CMakeFiles/IlmImf.dir/IlmThread/IlmThreadMutex.cpp.o
[50/3882] Building C object 3rdparty/libwebp/CMakeFiles/libwebp.dir/src/dsp/lossless_enc_sse41.c.o
[51/3882] Building CXX object 3rdparty/openexr/CMakeFiles/IlmImf.dir/IlmThread/IlmThreadMutexPosix.cpp.o
[52/3882] Building CXX object CMakeFiles/ade.dir/3rdparty/ade/ade-0.1.2e/sources/ade/source/assert.cpp.o
[53/3882] Building CXX object 3rdparty/openexr/CMakeFiles/IlmImf.dir/IlmThread/IlmThreadPosix.cpp.o
[54/3882] Building CXX object 3rdparty/openexr/CMakeFiles/IlmImf.dir/IlmThread/IlmThreadSemaphore.cpp.o
[55/3882] Building CXX object 3rdparty/openexr/CMakeFiles/IlmImf.dir/IlmThread/IlmThreadSemaphorePosixCompat.cpp.o
[56/3882] Building C object 3rdparty/libwebp/CMakeFiles/libwebp.dir/src/dsp/rescaler_mips32.c.o
[57/3882] Building C object 3rdparty/libwebp/CMakeFiles/libwebp.dir/src/dsp/filters_neon.c.o
[58/3882] Building C object 3rdparty/libwebp/CMakeFiles/libwebp.dir/src/dsp/rescaler_msa.c.o
[59/3882] Building C object 3rdparty/libwebp/CMakeFiles/libwebp.dir/src/dsp/upsampling_msa.c.o
[60/3882] Building C object 3rdparty/libwebp/CMakeFiles/libwebp.dir/src/dsp/lossless_mips_dsp_r2.c.o
[61/3882] Building C object 3rdparty/openjpeg/openjp2/CMakeFiles/libopenjp2.dir/image.c.o
[62/3882] Building C object 3rdparty/libwebp/CMakeFiles/libwebp.dir/src/dsp/alpha_processing.c.o
[63/3882] Building C object 3rdparty/libwebp/CMakeFiles/libwebp.dir/src/dsp/upsampling_neon.c.o
[64/3882] Building C object 3rdparty/libwebp/CMakeFiles/libwebp.dir/src/dec/tree_dec.c.o
[65/3882] Building C object 3rdparty/libwebp/CMakeFiles/libwebp.dir/src/dsp/dec.c.o
[66/3882] Building C object 3rdparty/libwebp/CMakeFiles/libwebp.dir/src/dsp/rescaler_mips_dsp_r2.c.o
[67/3882] Building C object 3rdparty/libwebp/CMakeFiles/libwebp.dir/src/dsp/cost_mips_dsp_r2.c.o
[68/3882] Building C object 3rdparty/libwebp/CMakeFiles/libwebp.dir/src/enc/tree_enc.c.o
[69/3882] Building C object 3rdparty/libwebp/CMakeFiles/libwebp.dir/src/dsp/dec_clip_tables.c.o
[70/3882] Building C object 3rdparty/libwebp/CMakeFiles/libwebp.dir/src/utils/utils.c.o
[71/3882] Building C object 3rdparty/libwebp/CMakeFiles/libwebp.dir/src/dsp/enc_neon.c.o
[72/3882] Building C object 3rdparty/libtiff/CMakeFiles/libtiff.dir/tif_webp.c.o
[73/3882] Building C object 3rdparty/openjpeg/openjp2/CMakeFiles/libopenjp2.dir/tcd.c.o
[74/3882] Building C object 3rdparty/libwebp/CMakeFiles/libwebp.dir/src/dsp/cost.c.o
[75/3882] Building C object 3rdparty/libwebp/CMakeFiles/libwebp.dir/src/demux/demux.c.o
[76/3882] Building C object 3rdparty/libwebp/CMakeFiles/libwebp.dir/src/dsp/cpu.c.o
[77/3882] Building C object 3rdparty/libwebp/CMakeFiles/libwebp.dir/src/dsp/lossless_sse41.c.o
[78/3882] Building C object 3rdparty/libwebp/CMakeFiles/libwebp.dir/src/dsp/upsampling.c.o
[79/3882] Building C object 3rdparty/libwebp/CMakeFiles/libwebp.dir/src/dsp/enc_mips32.c.o
[80/3882] Building C object 3rdparty/libwebp/CMakeFiles/libwebp.dir/src/dsp/alpha_processing_sse2.c.o
[81/3882] Building C object 3rdparty/libwebp/CMakeFiles/libwebp.dir/sharpyuv/sharpyuv_dsp.c.o
[82/3882] Building C object 3rdparty/openjpeg/openjp2/CMakeFiles/libopenjp2.dir/mqc.c.o
[83/3882] Building C object 3rdparty/libwebp/CMakeFiles/libwebp.dir/src/enc/filter_enc.c.o
[84/3882] Building C object 3rdparty/libwebp/CMakeFiles/libwebp.dir/src/dec/buffer_dec.c.o
[85/3882] Building C object 3rdparty/libtiff/CMakeFiles/libtiff.dir/tif_compress.c.o
[86/3882] Building C object 3rdparty/libwebp/CMakeFiles/libwebp.dir/src/dsp/ssim.c.o
[87/3882] Building C object 3rdparty/libtiff/CMakeFiles/libtiff.dir/tif_thunder.c.o
[88/3882] Building C object 3rdparty/openjpeg/openjp2/CMakeFiles/libopenjp2.dir/function_list.c.o
[89/3882] Building CXX object 3rdparty/openexr/CMakeFiles/IlmImf.dir/Imath/ImathFun.cpp.o
[90/3882] Building C object 3rdparty/libwebp/CMakeFiles/libwebp.dir/src/utils/bit_reader_utils.c.o
[91/3882] Building C object 3rdparty/openjpeg/openjp2/CMakeFiles/libopenjp2.dir/jp2.c.o
[92/3882] Building C object 3rdparty/libwebp/CMakeFiles/libwebp.dir/src/dsp/yuv_neon.c.o
[93/3882] Building C object 3rdparty/libwebp/CMakeFiles/libwebp.dir/src/dec/quant_dec.c.o
[94/3882] Building C object 3rdparty/libwebp/CMakeFiles/libwebp.dir/src/dsp/rescaler_sse2.c.o
[95/3882] Building C object 3rdparty/libwebp/CMakeFiles/libwebp.dir/src/dsp/filters_mips_dsp_r2.c.o
[96/3882] Building C object 3rdparty/libtiff/CMakeFiles/libtiff.dir/tif_hash_set.c.o
[97/3882] Building C object 3rdparty/libtiff/CMakeFiles/libtiff.dir/tif_version.c.o
[98/3882] Building C object 3rdparty/libwebp/CMakeFiles/libwebp.dir/src/dsp/ssim_sse2.c.o
[99/3882] Building C object 3rdparty/libwebp/CMakeFiles/libwebp.dir/src/dsp/lossless_enc_neon.c.o
[100/3882] Building CXX object 3rdparty/protobuf/CMakeFiles/libprotobuf.dir/src/google/protobuf/io/io_win32.cc.o
[101/3882] Building C object 3rdparty/libwebp/CMakeFiles/libwebp.dir/src/mux/muxedit.c.o
[102/3882] Building C object 3rdparty/openjpeg/openjp2/CMakeFiles/libopenjp2.dir/event.c.o
[103/3882] Building C object 3rdparty/libtiff/CMakeFiles/libtiff.dir/tif_dirinfo.c.o
[104/3882] Building CXX object CMakeFiles/ade.dir/3rdparty/ade/ade-0.1.2e/sources/ade/source/alloc.cpp.o
[105/3882] Building C object 3rdparty/libwebp/CMakeFiles/libwebp.dir/src/dec/frame_dec.c.o
[106/3882] Building C object 3rdparty/libtiff/CMakeFiles/libtiff.dir/tif_open.c.o
[107/3882] Building C object 3rdparty/libwebp/CMakeFiles/libwebp.dir/src/dsp/upsampling_mips_dsp_r2.c.o
[108/3882] Building C object 3rdparty/libtiff/CMakeFiles/libtiff.dir/tif_dir.c.o
[109/3882] Building C object 3rdparty/libtiff/CMakeFiles/libtiff.dir/tif_write.c.o
[110/3882] Building C object 3rdparty/libwebp/CMakeFiles/libwebp.dir/src/dsp/enc_sse2.c.o
[111/3882] Building C object 3rdparty/libwebp/CMakeFiles/libwebp.dir/src/dec/webp_dec.c.o
[112/3882] Building C object 3rdparty/libwebp/CMakeFiles/libwebp.dir/sharpyuv/sharpyuv.c.o
[113/3882] Building C object 3rdparty/libwebp/CMakeFiles/libwebp.dir/sharpyuv/sharpyuv_sse2.c.o
[114/3882] Building C object 3rdparty/libwebp/CMakeFiles/libwebp.dir/src/dsp/yuv_mips32.c.o
[115/3882] Building C object 3rdparty/libtiff/CMakeFiles/libtiff.dir/tif_ojpeg.c.o
[116/3882] Building C object 3rdparty/libwebp/CMakeFiles/libwebp.dir/src/dsp/cost_sse2.c.o
[117/3882] Building C object 3rdparty/openjpeg/openjp2/CMakeFiles/libopenjp2.dir/bio.c.o
[118/3882] Building C object 3rdparty/libwebp/CMakeFiles/libwebp.dir/src/dsp/lossless_msa.c.o
[119/3882] Building C object 3rdparty/libwebp/CMakeFiles/libwebp.dir/src/utils/filters_utils.c.o
[120/3882] Building C object 3rdparty/libwebp/CMakeFiles/libwebp.dir/src/enc/predictor_enc.c.o
[121/3882] Building C object 3rdparty/libtiff/CMakeFiles/libtiff.dir/tif_zstd.c.o
[122/3882] Building C object 3rdparty/libwebp/CMakeFiles/libwebp.dir/src/dsp/lossless_sse2.c.o
[123/3882] Building C object 3rdparty/openjpeg/openjp2/CMakeFiles/libopenjp2.dir/opj_clock.c.o
[124/3882] Building C object 3rdparty/libwebp/CMakeFiles/libwebp.dir/src/dsp/yuv.c.o
[125/3882] Building C object 3rdparty/libwebp/CMakeFiles/libwebp.dir/src/dsp/lossless.c.o
[126/3882] Building C object 3rdparty/libwebp/CMakeFiles/libwebp.dir/src/dsp/filters.c.o
[127/3882] Building C object 3rdparty/libwebp/CMakeFiles/libwebp.dir/src/mux/muxread.c.o
[128/3882] Building C object 3rdparty/libwebp/CMakeFiles/libwebp.dir/src/utils/huffman_encode_utils.c.o
[129/3882] Building C object 3rdparty/libwebp/CMakeFiles/libwebp.dir/src/utils/color_cache_utils.c.o
[130/3882] Building C object 3rdparty/libwebp/CMakeFiles/libwebp.dir/src/dsp/lossless_enc_sse2.c.o
[131/3882] Building C object 3rdparty/openjpeg/openjp2/CMakeFiles/libopenjp2.dir/cio.c.o
[132/3882] Building C object 3rdparty/libtiff/CMakeFiles/libtiff.dir/tif_fax3.c.o
[133/3882] Building C object 3rdparty/libtiff/CMakeFiles/libtiff.dir/tif_jpeg.c.o
[134/3882] Building C object 3rdparty/libtiff/CMakeFiles/libtiff.dir/tif_flush.c.o
[135/3882] Building C object 3rdparty/libtiff/CMakeFiles/libtiff.dir/tif_next.c.o
[136/3882] Building C object 3rdparty/libtiff/CMakeFiles/libtiff.dir/tif_lzma.c.o
[137/3882] Building C object 3rdparty/libtiff/CMakeFiles/libtiff.dir/tif_dirwrite.c.o
[138/3882] Building C object 3rdparty/libwebp/CMakeFiles/libwebp.dir/src/dsp/upsampling_sse2.c.o
[139/3882] Building C object 3rdparty/libwebp/CMakeFiles/libwebp.dir/src/enc/cost_enc.c.o
[140/3882] Building C object 3rdparty/libwebp/CMakeFiles/libwebp.dir/src/enc/webp_enc.c.o
[141/3882] Building C object 3rdparty/openjpeg/openjp2/CMakeFiles/libopenjp2.dir/invert.c.o
[142/3882] Building C object 3rdparty/libwebp/CMakeFiles/libwebp.dir/src/utils/palette.c.o
[143/3882] Building C object 3rdparty/libtiff/CMakeFiles/libtiff.dir/tif_close.c.o
[144/3882] Building C object 3rdparty/libtiff/CMakeFiles/libtiff.dir/tif_packbits.c.o
[145/3882] Building C object 3rdparty/libtiff/CMakeFiles/libtiff.dir/tif_read.c.o
[146/3882] Building C object 3rdparty/libtiff/CMakeFiles/libtiff.dir/tif_pixarlog.c.o
[147/3882] Building C object 3rdparty/libwebp/CMakeFiles/libwebp.dir/src/enc/alpha_enc.c.o
[148/3882] Building C object 3rdparty/libwebp/CMakeFiles/libwebp.dir/src/dec/vp8l_dec.c.o
[149/3882] Building C object 3rdparty/libtiff/CMakeFiles/libtiff.dir/tif_lzw.c.o
[150/3882] Building C object 3rdparty/libwebp/CMakeFiles/libwebp.dir/src/dsp/filters_sse2.c.o
[151/3882] Building C object 3rdparty/libtiff/CMakeFiles/libtiff.dir/tif_tile.c.o
[152/3882] Building C object 3rdparty/openjpeg/openjp2/CMakeFiles/libopenjp2.dir/sparse_array.c.o
[153/3882] Building C object 3rdparty/libwebp/CMakeFiles/libwebp.dir/src/dsp/enc.c.o
[154/3882] Building C object 3rdparty/libwebp/CMakeFiles/libwebp.dir/src/enc/picture_rescale_enc.c.o
[155/3882] Building C object 3rdparty/libtiff/CMakeFiles/libtiff.dir/tif_jpeg_12.c.o
[156/3882] Building C object 3rdparty/libwebp/CMakeFiles/libwebp.dir/src/enc/vp8l_enc.c.o
[157/3882] Building C object 3rdparty/libwebp/CMakeFiles/libwebp.dir/src/enc/histogram_enc.c.o
[158/3882] Building C object 3rdparty/libtiff/CMakeFiles/libtiff.dir/tif_jbig.c.o
[159/3882] Building C object 3rdparty/libwebp/CMakeFiles/libwebp.dir/src/enc/analysis_enc.c.o
[160/3882] Building C object 3rdparty/openjpeg/openjp2/CMakeFiles/libopenjp2.dir/t2.c.o
[161/3882] Building C object 3rdparty/libwebp/CMakeFiles/libwebp.dir/src/dec/io_dec.c.o
[162/3882] Building C object 3rdparty/libwebp/CMakeFiles/libwebp.dir/src/dsp/yuv_sse2.c.o
[163/3882] Building C object 3rdparty/libwebp/CMakeFiles/libwebp.dir/src/enc/picture_csp_enc.c.o
[164/3882] Building C object 3rdparty/libwebp/CMakeFiles/libwebp.dir/src/dec/idec_dec.c.o
[165/3882] Building C object 3rdparty/libwebp/CMakeFiles/libwebp.dir/src/utils/rescaler_utils.c.o
[166/3882] Building C object 3rdparty/libwebp/CMakeFiles/libwebp.dir/src/enc/backward_references_enc.c.o
[167/3882] Building C object 3rdparty/libtiff/CMakeFiles/libtiff.dir/tif_warning.c.o
[168/3882] Building C object 3rdparty/libtiff/CMakeFiles/libtiff.dir/tif_aux.c.o
[169/3882] Building C object 3rdparty/openjpeg/openjp2/CMakeFiles/libopenjp2.dir/pi.c.o
[170/3882] Building C object 3rdparty/libtiff/CMakeFiles/libtiff.dir/tif_strip.c.o
[171/3882] Building C object 3rdparty/libwebp/CMakeFiles/libwebp.dir/src/enc/picture_enc.c.o
[172/3882] Building C object 3rdparty/libwebp/CMakeFiles/libwebp.dir/src/enc/near_lossless_enc.c.o
[173/3882] Building C object 3rdparty/libtiff/CMakeFiles/libtiff.dir/tif_print.c.o
[174/3882] Building C object 3rdparty/libwebp/CMakeFiles/libwebp.dir/src/dsp/dec_sse2.c.o
[175/3882] Building C object 3rdparty/openjpeg/openjp2/CMakeFiles/libopenjp2.dir/t1.c.o
[176/3882] Building C object 3rdparty/libwebp/CMakeFiles/libwebp.dir/src/utils/bit_writer_utils.c.o
[177/3882] Building C object 3rdparty/libtiff/CMakeFiles/libtiff.dir/tif_codec.c.o
[178/3882] Building C object 3rdparty/openjpeg/openjp2/CMakeFiles/libopenjp2.dir/opj_malloc.c.o
[179/3882] Building C object 3rdparty/libtiff/CMakeFiles/libtiff.dir/tif_error.c.o
[180/3882] Building C object 3rdparty/openjpeg/openjp2/CMakeFiles/libopenjp2.dir/j2k.c.o
[181/3882] Building C object 3rdparty/libwebp/CMakeFiles/libwebp.dir/src/mux/muxinternal.c.o
[182/3882] Building CXX object 3rdparty/openexr/CMakeFiles/IlmImf.dir/IlmImf/ImfDeepCompositing.cpp.o
[183/3882] Building C object 3rdparty/libwebp/CMakeFiles/libwebp.dir/src/mux/anim_encode.c.o
[184/3882] Building C object 3rdparty/libtiff/CMakeFiles/libtiff.dir/tif_extension.c.o
[185/3882] Building C object 3rdparty/libtiff/CMakeFiles/libtiff.dir/tif_predict.c.o
[186/3882] Building C object 3rdparty/libwebp/CMakeFiles/libwebp.dir/src/enc/backward_references_cost_enc.c.o
[187/3882] Building C object 3rdparty/libwebp/CMakeFiles/libwebp.dir/src/dec/alpha_dec.c.o
[188/3882] Building C object 3rdparty/openjpeg/openjp2/CMakeFiles/libopenjp2.dir/openjpeg.c.o
[189/3882] Building C object 3rdparty/libwebp/CMakeFiles/libwebp.dir/src/enc/picture_psnr_enc.c.o
[190/3882] Building C object 3rdparty/libwebp/CMakeFiles/libwebp.dir/src/enc/quant_enc.c.o
[191/3882] Building C object 3rdparty/libwebp/CMakeFiles/libwebp.dir/src/enc/frame_enc.c.o
[192/3882] Building CXX object 3rdparty/openexr/CMakeFiles/IlmImf.dir/IlmImf/ImfRational.cpp.o
[193/3882] Building C object 3rdparty/libwebp/CMakeFiles/libwebp.dir/src/dec/vp8_dec.c.o
[194/3882] Building C object 3rdparty/libtiff/CMakeFiles/libtiff.dir/tif_swab.c.o
[195/3882] Building C object 3rdparty/libwebp/CMakeFiles/libwebp.dir/src/enc/token_enc.c.o
[196/3882] Building C object 3rdparty/openjpeg/openjp2/CMakeFiles/libopenjp2.dir/mct.c.o
[197/3882] Building C object 3rdparty/libtiff/CMakeFiles/libtiff.dir/tif_dirread.c.o
[198/3882] Building C object 3rdparty/libtiff/CMakeFiles/libtiff.dir/tif_zip.c.o
[199/3882] Building C object 3rdparty/libwebp/CMakeFiles/libwebp.dir/src/dsp/lossless_enc.c.o
[200/3882] Generate files for Python bindings and documentation
Note: Class cv::detail::GraphCutSeamFinder has more than 1 base class (not supported by Python C extensions)
      Bases:  cv::detail::GraphCutSeamFinderBase, cv::detail::SeamFinder
      Only the first base class will be used
[201/3882] Building C object 3rdparty/libtiff/CMakeFiles/libtiff.dir/tif_luv.c.o
[202/3882] Building C object 3rdparty/openjpeg/openjp2/CMakeFiles/libopenjp2.dir/ht_dec.c.o
[203/3882] Building C object 3rdparty/ippiw/CMakeFiles/ippiw.dir/src/iw_image_filter_morphology.c.o
[204/3882] Linking C static library 3rdparty/lib/liblibwebp.a
[205/3882] Building C object 3rdparty/ippiw/CMakeFiles/ippiw.dir/src/iw_image_filter_laplacian.c.o
[206/3882] Building C object 3rdparty/ippiw/CMakeFiles/ippiw.dir/src/iw_image_filter_box.c.o
[207/3882] Building C object 3rdparty/libtiff/CMakeFiles/libtiff.dir/tif_color.c.o
[208/3882] Building C object 3rdparty/openjpeg/openjp2/CMakeFiles/libopenjp2.dir/dwt.c.o
[209/3882] Building C object 3rdparty/ippiw/CMakeFiles/ippiw.dir/src/iw_core.c.o
[210/3882] Building C object 3rdparty/ippiw/CMakeFiles/ippiw.dir/src/iw_image_filter_bilateral.c.o
[211/3882] Building C object 3rdparty/ippiw/CMakeFiles/ippiw.dir/src/iw_image_color_convert_rgbs.c.o
[212/3882] Building CXX object 3rdparty/openexr/CMakeFiles/IlmImf.dir/Imath/ImathRandom.cpp.o
[213/3882] Building CXX object 3rdparty/openexr/CMakeFiles/IlmImf.dir/IlmImf/ImfSystemSpecific.cpp.o
[214/3882] Building C object 3rdparty/ippiw/CMakeFiles/ippiw.dir/src/iw_image_transform_rotate.c.o
[215/3882] Building C object 3rdparty/ippiw/CMakeFiles/ippiw.dir/src/mem_primitives_lib.c.o
[216/3882] Building C object 3rdparty/ippiw/CMakeFiles/ippiw.dir/src/iw_image_filter_general.c.o
[217/3882] Building C object 3rdparty/libtiff/CMakeFiles/libtiff.dir/tif_unix.c.o
[218/3882] Building C object 3rdparty/ippiw/CMakeFiles/ippiw.dir/src/iw_image_filter_gaussian.c.o
[219/3882] Building C object 3rdparty/ippiw/CMakeFiles/ippiw.dir/src/iw_image_op_scale.c.o
[220/3882] Building C object 3rdparty/ippiw/CMakeFiles/ippiw.dir/src/iw_image_transform_warp_perspective.c.o
[221/3882] Building C object 3rdparty/openjpeg/openjp2/CMakeFiles/libopenjp2.dir/thread.c.o
[222/3882] Building C object 3rdparty/ippiw/CMakeFiles/ippiw.dir/src/iw_image_op_swap_channels.c.o
[223/3882] Linking C static library 3rdparty/lib/liblibopenjp2.a
[224/3882] Building C object 3rdparty/ippiw/CMakeFiles/ippiw.dir/src/iw_image_op_copy.c.o
[225/3882] Building C object 3rdparty/ippiw/CMakeFiles/ippiw.dir/src/iw_image_op_copy_channel.c.o
[226/3882] Building C object 3rdparty/ippiw/CMakeFiles/ippiw.dir/src/iw_image_op_copy_merge.c.o
[227/3882] Building C object 3rdparty/ippiw/CMakeFiles/ippiw.dir/src/iw_image_color_convert_all.c.o
[228/3882] Building C object 3rdparty/ippiw/CMakeFiles/ippiw.dir/src/memset_s.c.o
[229/3882] Building C object 3rdparty/ippiw/CMakeFiles/ippiw.dir/src/iw_image_transform_resize.c.o
[230/3882] Building C object 3rdparty/ippiw/CMakeFiles/ippiw.dir/src/iw_image_filter_scharr.c.o
[231/3882] Building C object 3rdparty/ippiw/CMakeFiles/ippiw.dir/src/iw_image_transform_remap.c.o
[232/3882] Building C object 3rdparty/ippiw/CMakeFiles/ippiw.dir/src/iw_image_op_copy_split.c.o
[233/3882] Building C object 3rdparty/ippiw/CMakeFiles/ippiw.dir/src/iw_image_filter_canny.c.o
[234/3882] Building C object 3rdparty/ippiw/CMakeFiles/ippiw.dir/src/iw_image_op_set.c.o
[235/3882] Building C object 3rdparty/ippiw/CMakeFiles/ippiw.dir/src/iw_image_op_set_channel.c.o
[236/3882] Building C object 3rdparty/ippiw/CMakeFiles/ippiw.dir/src/iw_image_transform_warpaffine.c.o
[237/3882] Building C object 3rdparty/ippiw/CMakeFiles/ippiw.dir/src/iw_image_op_copy_make_border.c.o
[238/3882] Building C object 3rdparty/ippiw/CMakeFiles/ippiw.dir/src/iw_image_transform_mirror.c.o
[239/3882] Building C object 3rdparty/ippiw/CMakeFiles/ippiw.dir/src/iw_image.c.o
[240/3882] Building CXX object modules/cudev/CMakeFiles/opencv_cudev.dir/src/stub.cpp.o
[241/3882] Building C object 3rdparty/ippiw/CMakeFiles/ippiw.dir/src/iw_image_filter_sobel.c.o
[242/3882] Building C object 3rdparty/ippiw/CMakeFiles/ippiw.dir/src/memcpy_s.c.o
[243/3882] Building CXX object 3rdparty/openexr/CMakeFiles/IlmImf.dir/IlmImf/ImfPartType.cpp.o
[244/3882] Building CXX object 3rdparty/openexr/CMakeFiles/IlmImf.dir/IlmImf/ImfFloatVectorAttribute.cpp.o
[245/3882] Building CXX object 3rdparty/openexr/CMakeFiles/IlmImf.dir/IlmImf/ImfIO.cpp.o
[246/3882] Building CXX object 3rdparty/ippiw/CMakeFiles/ippiw.dir/src/iw_own.cpp.o
[247/3882] Building CXX object CMakeFiles/ade.dir/3rdparty/ade/ade-0.1.2e/sources/ade/source/memory_descriptor.cpp.o
[248/3882] Linking CXX static library 3rdparty/lib/libippiw.a
[249/3882] Building C object 3rdparty/ittnotify/CMakeFiles/ittnotify.dir/src/ittnotify/jitprofiling.c.o
[250/3882] Building CXX object CMakeFiles/ade.dir/3rdparty/ade/ade-0.1.2e/sources/ade/source/check_cycles.cpp.o
[251/3882] Building CXX object 3rdparty/openexr/CMakeFiles/IlmImf.dir/IlmImf/ImfKeyCode.cpp.o
[252/3882] Building CXX object 3rdparty/openexr/CMakeFiles/IlmImf.dir/IlmImf/ImfKeyCodeAttribute.cpp.o
[253/3882] Building CXX object 3rdparty/openexr/CMakeFiles/IlmImf.dir/IlmImf/ImfLineOrderAttribute.cpp.o
[254/3882] Building CXX object CMakeFiles/ade.dir/3rdparty/ade/ade-0.1.2e/sources/ade/source/memory_descriptor_ref.cpp.o
[255/3882] Building CXX object CMakeFiles/ade.dir/3rdparty/ade/ade-0.1.2e/sources/ade/source/node.cpp.o
[256/3882] Building CXX object 3rdparty/openexr/CMakeFiles/IlmImf.dir/Half/half.cpp.o
[257/3882] Building CXX object 3rdparty/openexr/CMakeFiles/IlmImf.dir/IlmImf/ImfCompressionAttribute.cpp.o
[258/3882] Building CXX object 3rdparty/openexr/CMakeFiles/IlmImf.dir/IlmImf/ImfChannelList.cpp.o
[259/3882] Building CXX object 3rdparty/openexr/CMakeFiles/IlmImf.dir/IlmImf/ImfDoubleAttribute.cpp.o
[260/3882] Building CXX object 3rdparty/openexr/CMakeFiles/IlmImf.dir/IlmImf/ImfBoxAttribute.cpp.o
[261/3882] Building CXX object 3rdparty/openexr/CMakeFiles/IlmImf.dir/Iex/IexThrowErrnoExc.cpp.o
[262/3882] Building CXX object 3rdparty/openexr/CMakeFiles/IlmImf.dir/IlmImf/ImfEnvmapAttribute.cpp.o
[263/3882] Building CXX object 3rdparty/openexr/CMakeFiles/IlmImf.dir/IlmImf/ImfIntAttribute.cpp.o
[264/3882] Building C object 3rdparty/ittnotify/CMakeFiles/ittnotify.dir/src/ittnotify/ittnotify_static.c.o
[265/3882] Building CXX object 3rdparty/openexr/CMakeFiles/IlmImf.dir/IlmImf/ImfRationalAttribute.cpp.o
[266/3882] Linking C static library 3rdparty/lib/libittnotify.a
[267/3882] Building CXX object CMakeFiles/ade.dir/3rdparty/ade/ade-0.1.2e/sources/ade/source/edge.cpp.o
[268/3882] Building CXX object 3rdparty/openexr/CMakeFiles/IlmImf.dir/IlmImf/ImfConvert.cpp.o
[269/3882] Building CXX object 3rdparty/openexr/CMakeFiles/IlmImf.dir/Iex/IexBaseExc.cpp.o
[270/3882] Building CXX object 3rdparty/openexr/CMakeFiles/IlmImf.dir/IlmImf/ImfEnvmap.cpp.o
[271/3882] Building CXX object 3rdparty/openexr/CMakeFiles/IlmImf.dir/IlmImf/ImfFloatAttribute.cpp.o
[272/3882] Building CXX object 3rdparty/openexr/CMakeFiles/IlmImf.dir/IlmImf/ImfPreviewImageAttribute.cpp.o
[273/3882] Building CXX object 3rdparty/openexr/CMakeFiles/IlmImf.dir/IlmImf/ImfHuf.cpp.o
[274/3882] Building CXX object 3rdparty/openexr/CMakeFiles/IlmImf.dir/IlmImf/ImfAttribute.cpp.o
[275/3882] Building CXX object 3rdparty/openexr/CMakeFiles/IlmImf.dir/IlmImf/ImfMatrixAttribute.cpp.o
[276/3882] Building CXX object 3rdparty/openexr/CMakeFiles/IlmImf.dir/IlmImf/ImfMultiView.cpp.o
[277/3882] Building CXX object 3rdparty/openexr/CMakeFiles/IlmImf.dir/IlmImf/ImfChannelListAttribute.cpp.o
[278/3882] Building CXX object 3rdparty/openexr/CMakeFiles/IlmImf.dir/IlmImf/ImfDeepTiledOutputPart.cpp.o
[279/3882] Building CXX object 3rdparty/openexr/CMakeFiles/IlmImf.dir/IlmImf/ImfStringVectorAttribute.cpp.o
[280/3882] Building CXX object 3rdparty/openexr/CMakeFiles/IlmImf.dir/IlmImf/ImfFrameBuffer.cpp.o
[281/3882] Building CXX object 3rdparty/openexr/CMakeFiles/IlmImf.dir/IlmImf/ImfDeepFrameBuffer.cpp.o
[282/3882] Building CXX object CMakeFiles/ade.dir/3rdparty/ade/ade-0.1.2e/sources/ade/source/graph.cpp.o
[283/3882] Building CXX object 3rdparty/openexr/CMakeFiles/IlmImf.dir/IlmImf/ImfLut.cpp.o
[284/3882] Building CXX object 3rdparty/libtiff/CMakeFiles/libtiff.dir/tif_stream.cxx.o
[285/3882] Building CXX object 3rdparty/openexr/CMakeFiles/IlmImf.dir/IlmImf/ImfMisc.cpp.o
[286/3882] Building CXX object 3rdparty/openexr/CMakeFiles/IlmImf.dir/IlmImf/ImfFastHuf.cpp.o
[287/3882] Building CXX object 3rdparty/openexr/CMakeFiles/IlmImf.dir/IlmImf/ImfPreviewImage.cpp.o
[288/3882] Building CXX object CMakeFiles/ade.dir/3rdparty/ade/ade-0.1.2e/sources/ade/source/topological_sort.cpp.o
[289/3882] Building CXX object 3rdparty/openexr/CMakeFiles/IlmImf.dir/IlmImf/ImfDeepTiledInputPart.cpp.o
[290/3882] Linking CXX static library 3rdparty/lib/liblibtiff.a
[291/3882] Building CXX object 3rdparty/openexr/CMakeFiles/IlmImf.dir/IlmImf/ImfVecAttribute.cpp.o
[292/3882] Building CXX object 3rdparty/openexr/CMakeFiles/IlmImf.dir/IlmImf/ImfGenericInputFile.cpp.o
[293/3882] Building CXX object 3rdparty/openexr/CMakeFiles/IlmImf.dir/IlmImf/ImfTimeCodeAttribute.cpp.o
[294/3882] Building CXX object 3rdparty/openexr/CMakeFiles/IlmImf.dir/IlmImf/ImfCompressor.cpp.o
[295/3882] Building CXX object 3rdparty/openexr/CMakeFiles/IlmImf.dir/IlmImf/ImfDeepImageStateAttribute.cpp.o
[296/3882] Building CXX object 3rdparty/openexr/CMakeFiles/IlmImf.dir/IlmThread/IlmThreadSemaphorePosix.cpp.o
[297/3882] Building CXX object 3rdparty/openexr/CMakeFiles/IlmImf.dir/IlmImf/ImfB44Compressor.cpp.o
[298/3882] Building CXX object 3rdparty/openexr/CMakeFiles/IlmImf.dir/IlmImf/ImfInputPart.cpp.o
[299/3882] Building CXX object 3rdparty/openexr/CMakeFiles/IlmImf.dir/IlmImf/ImfDeepScanLineOutputPart.cpp.o
[300/3882] Building CXX object 3rdparty/openexr/CMakeFiles/IlmImf.dir/IlmImf/ImfStringAttribute.cpp.o
[301/3882] Building CXX object 3rdparty/openexr/CMakeFiles/IlmImf.dir/IlmImf/ImfStdIO.cpp.o
[302/3882] Building CXX object CMakeFiles/ade.dir/3rdparty/ade/ade-0.1.2e/sources/ade/source/memory_descriptor_view.cpp.o
[303/3882] Building CXX object 3rdparty/openexr/CMakeFiles/IlmImf.dir/IlmThread/IlmThread.cpp.o
[304/3882] Building CXX object CMakeFiles/ade.dir/3rdparty/ade/ade-0.1.2e/sources/ade/source/metadata.cpp.o
[305/3882] Building CXX object 3rdparty/openexr/CMakeFiles/IlmImf.dir/IlmImf/ImfChromaticitiesAttribute.cpp.o
[306/3882] Building CXX object CMakeFiles/ade.dir/3rdparty/ade/ade-0.1.2e/sources/ade/source/passes/communications.cpp.o
[307/3882] Building CXX object 3rdparty/openexr/CMakeFiles/IlmImf.dir/Imath/ImathColorAlgo.cpp.o
[308/3882] Building CXX object 3rdparty/openexr/CMakeFiles/IlmImf.dir/IlmImf/ImfCompositeDeepScanLine.cpp.o
[309/3882] Building CXX object 3rdparty/openexr/CMakeFiles/IlmImf.dir/IlmImf/ImfChromaticities.cpp.o
[310/3882] Building CXX object 3rdparty/openexr/CMakeFiles/IlmImf.dir/IlmImf/ImfAcesFile.cpp.o
[311/3882] Building CXX object 3rdparty/openexr/CMakeFiles/IlmImf.dir/Imath/ImathVec.cpp.o
[312/3882] Building CXX object 3rdparty/openexr/CMakeFiles/IlmImf.dir/IlmImf/ImfMultiPartOutputFile.cpp.o
[313/3882] Building CXX object 3rdparty/openexr/CMakeFiles/IlmImf.dir/IlmImf/ImfTileOffsets.cpp.o
[314/3882] Building CXX object 3rdparty/openexr/CMakeFiles/IlmImf.dir/IlmImf/ImfTileDescriptionAttribute.cpp.o
[315/3882] Building CXX object 3rdparty/openexr/CMakeFiles/IlmImf.dir/IlmImf/ImfDeepScanLineOutputFile.cpp.o
[316/3882] Building CXX object 3rdparty/openexr/CMakeFiles/IlmImf.dir/IlmImf/ImfOutputPartData.cpp.o
[317/3882] Building CXX object 3rdparty/openexr/CMakeFiles/IlmImf.dir/IlmImf/ImfCRgbaFile.cpp.o
[318/3882] Building CXX object 3rdparty/openexr/CMakeFiles/IlmImf.dir/IlmImf/ImfZipCompressor.cpp.o
[319/3882] Building CXX object 3rdparty/openexr/CMakeFiles/IlmImf.dir/IlmImf/ImfStandardAttributes.cpp.o
[320/3882] Building CXX object 3rdparty/openexr/CMakeFiles/IlmImf.dir/Imath/ImathShear.cpp.o
[321/3882] Building CXX object 3rdparty/openexr/CMakeFiles/IlmImf.dir/IlmImf/ImfTimeCode.cpp.o
[322/3882] Building CXX object 3rdparty/openexr/CMakeFiles/IlmImf.dir/IlmImf/ImfDeepScanLineInputPart.cpp.o
[323/3882] Building CXX object 3rdparty/openexr/CMakeFiles/IlmImf.dir/IlmImf/ImfTestFile.cpp.o
[324/3882] Building CXX object 3rdparty/openexr/CMakeFiles/IlmImf.dir/IlmImf/ImfTiledInputPart.cpp.o
[325/3882] Building CXX object 3rdparty/protobuf/CMakeFiles/libprotobuf.dir/src/google/protobuf/stubs/int128.cc.o
[326/3882] Building CXX object 3rdparty/openexr/CMakeFiles/IlmImf.dir/IlmImf/ImfOutputFile.cpp.o
[327/3882] Building CXX object 3rdparty/openexr/CMakeFiles/IlmImf.dir/IlmImf/ImfOpaqueAttribute.cpp.o
[328/3882] Building CXX object 3rdparty/openexr/CMakeFiles/IlmImf.dir/IlmImf/ImfTiledOutputPart.cpp.o
[329/3882] Building CXX object 3rdparty/openexr/CMakeFiles/IlmImf.dir/IlmImf/ImfTiledMisc.cpp.o
[330/3882] Building CXX object CMakeFiles/ade.dir/3rdparty/ade/ade-0.1.2e/sources/ade/source/memory_accessor.cpp.o
[331/3882] Building CXX object 3rdparty/protobuf/CMakeFiles/libprotobuf.dir/src/google/protobuf/stubs/status.cc.o
[332/3882] Building CXX object 3rdparty/openexr/CMakeFiles/IlmImf.dir/IlmImf/ImfRleCompressor.cpp.o
[333/3882] Building CXX object 3rdparty/openexr/CMakeFiles/IlmImf.dir/IlmImf/ImfInputPartData.cpp.o
[334/3882] Building CXX object CMakeFiles/ade.dir/3rdparty/ade/ade-0.1.2e/sources/ade/source/metatypes.cpp.o
[335/3882] Building CXX object 3rdparty/openexr/CMakeFiles/IlmImf.dir/IlmImf/ImfGenericOutputFile.cpp.o
[336/3882] Building CXX object CMakeFiles/ade.dir/3rdparty/ade/ade-0.1.2e/sources/ade/source/subgraphs.cpp.o
[337/3882] Building CXX object CMakeFiles/ade.dir/3rdparty/ade/ade-0.1.2e/sources/ade/source/execution_engine.cpp.o
[338/3882] Building CXX object 3rdparty/openexr/CMakeFiles/IlmImf.dir/IlmThread/IlmThreadPool.cpp.o
[339/3882] Building CXX object hal/ipp/CMakeFiles/ipphal.dir/src/filter_ipp.cpp.o
[340/3882] Building CXX object 3rdparty/openexr/CMakeFiles/IlmImf.dir/IlmImf/ImfZip.cpp.o
[341/3882] Building CXX object 3rdparty/protobuf/CMakeFiles/libprotobuf.dir/src/google/protobuf/stubs/bytestream.cc.o
[342/3882] Building CXX object 3rdparty/protobuf/CMakeFiles/libprotobuf.dir/src/google/protobuf/any_lite.cc.o
[343/3882] Building CXX object 3rdparty/openexr/CMakeFiles/IlmImf.dir/IlmImf/ImfInputFile.cpp.o
[344/3882] Building CXX object 3rdparty/protobuf/CMakeFiles/libprotobuf.dir/src/google/protobuf/repeated_ptr_field.cc.o
[345/3882] Building CXX object 3rdparty/protobuf/CMakeFiles/libprotobuf.dir/src/google/protobuf/stubs/substitute.cc.o
[346/3882] Building CXX object hal/ipp/CMakeFiles/ipphal.dir/src/minmax_ipp.cpp.o
[347/3882] Building CXX object 3rdparty/openexr/CMakeFiles/IlmImf.dir/IlmImf/ImfOutputPart.cpp.o
[348/3882] Building CXX object 3rdparty/protobuf/CMakeFiles/libprotobuf.dir/src/google/protobuf/io/tokenizer.cc.o
[349/3882] Building CXX object 3rdparty/openexr/CMakeFiles/IlmImf.dir/IlmImf/ImfPizCompressor.cpp.o
[350/3882] Building CXX object hal/ipp/CMakeFiles/ipphal.dir/src/transforms_ipp.cpp.o
[351/3882] Building CXX object 3rdparty/protobuf/CMakeFiles/libprotobuf.dir/src/google/protobuf/io/zero_copy_stream.cc.o
[352/3882] Building CXX object 3rdparty/openexr/CMakeFiles/IlmImf.dir/IlmImf/ImfRgbaYca.cpp.o
[353/3882] Building CXX object 3rdparty/openexr/CMakeFiles/IlmImf.dir/Imath/ImathMatrixAlgo.cpp.o
[354/3882] Building CXX object 3rdparty/protobuf/CMakeFiles/libprotobuf.dir/src/google/protobuf/any.cc.o
[355/3882] Building CXX object 3rdparty/openexr/CMakeFiles/IlmImf.dir/Imath/ImathBox.cpp.o
[356/3882] Building CXX object 3rdparty/openexr/CMakeFiles/IlmImf.dir/IlmImf/ImfDeepScanLineInputFile.cpp.o
[357/3882] Building CXX object CMakeFiles/ade.dir/3rdparty/ade/ade-0.1.2e/sources/ade/source/search.cpp.o
[358/3882] Building CXX object 3rdparty/openexr/CMakeFiles/IlmImf.dir/IlmImf/ImfDeepTiledOutputFile.cpp.o
[359/3882] Building CXX object hal/ipp/CMakeFiles/ipphal.dir/src/histogram_ipp.cpp.o
[360/3882] Linking CXX static library 3rdparty/lib/libade.a
[361/3882] Building CXX object 3rdparty/protobuf/CMakeFiles/libprotobuf.dir/src/google/protobuf/io/zero_copy_stream_impl_lite.cc.o
[362/3882] Building CXX object 3rdparty/openexr/CMakeFiles/IlmImf.dir/IlmImf/ImfHeader.cpp.o
[363/3882] Building CXX object hal/ipp/CMakeFiles/ipphal.dir/src/deriv_ipp.cpp.o
[364/3882] Building CXX object hal/ipp/CMakeFiles/ipphal.dir/src/mean_ipp.cpp.o
[365/3882] Building CXX object hal/ipp/CMakeFiles/ipphal.dir/src/box_filter_ipp.cpp.o
[366/3882] Building CXX object 3rdparty/protobuf/CMakeFiles/libprotobuf.dir/src/google/protobuf/map.cc.o
[367/3882] Building CXX object 3rdparty/openexr/CMakeFiles/IlmImf.dir/IlmImf/ImfPxr24Compressor.cpp.o
[368/3882] Building CXX object 3rdparty/openexr/CMakeFiles/IlmImf.dir/IlmImf/dwaLookups.cpp.o
[369/3882] Building CXX object 3rdparty/protobuf/CMakeFiles/libprotobuf.dir/src/google/protobuf/io/strtod.cc.o
[370/3882] Building CXX object 3rdparty/protobuf/CMakeFiles/libprotobuf.dir/src/google/protobuf/stubs/stringprintf.cc.o
[371/3882] Building CXX object 3rdparty/protobuf/CMakeFiles/libprotobuf.dir/src/google/protobuf/stubs/structurally_valid.cc.o
[372/3882] Building CXX object 3rdparty/protobuf/CMakeFiles/libprotobuf.dir/src/google/protobuf/wire_format_lite.cc.o
[373/3882] Building CXX object 3rdparty/openexr/CMakeFiles/IlmImf.dir/IlmImf/ImfMultiPartInputFile.cpp.o
[374/3882] Building CXX object hal/ipp/CMakeFiles/ipphal.dir/src/color_ipp.cpp.o
[375/3882] Building CXX object 3rdparty/protobuf/CMakeFiles/libprotobuf.dir/src/google/protobuf/stubs/stringpiece.cc.o
[376/3882] Building CXX object hal/ipp/CMakeFiles/ipphal.dir/src/canny_ipp.cpp.o
[377/3882] Building CXX object 3rdparty/protobuf/CMakeFiles/libprotobuf.dir/src/google/protobuf/io/zero_copy_stream_impl.cc.o
[378/3882] Building CXX object 3rdparty/protobuf/CMakeFiles/libprotobuf.dir/src/google/protobuf/arenastring.cc.o
[379/3882] Building CXX object hal/ipp/CMakeFiles/ipphal.dir/src/distancetransform_ipp.cpp.o
[380/3882] Building CXX object hal/ipp/CMakeFiles/ipphal.dir/src/threshold_ipp.cpp.o
[381/3882] Building CXX object 3rdparty/protobuf/CMakeFiles/libprotobuf.dir/src/google/protobuf/parse_context.cc.o
[382/3882] Building CXX object 3rdparty/openexr/CMakeFiles/IlmImf.dir/IlmImf/ImfTiledInputFile.cpp.o
[383/3882] Building CXX object hal/ipp/CMakeFiles/ipphal.dir/src/cart_polar_ipp.cpp.o
[384/3882] Building CXX object hal/ipp/CMakeFiles/ipphal.dir/src/sum_ipp.cpp.o
[385/3882] Building CXX object hal/ipp/CMakeFiles/ipphal.dir/src/math_ipp.cpp.o
[386/3882] Building CXX object 3rdparty/protobuf/CMakeFiles/libprotobuf.dir/src/google/protobuf/implicit_weak_message.cc.o
[387/3882] Building CXX object 3rdparty/openexr/CMakeFiles/IlmImf.dir/IlmImf/ImfScanLineInputFile.cpp.o
[388/3882] Building CXX object 3rdparty/protobuf/CMakeFiles/libprotobuf.dir/src/google/protobuf/arena.cc.o
[389/3882] Building CXX object 3rdparty/openexr/CMakeFiles/IlmImf.dir/IlmImf/ImfDeepTiledInputFile.cpp.o
[390/3882] Building CXX object hal/ipp/CMakeFiles/ipphal.dir/src/norm_ipp.cpp.o
[391/3882] Building CXX object 3rdparty/protobuf/CMakeFiles/libprotobuf.dir/src/google/protobuf/stubs/common.cc.o
[392/3882] Building CXX object hal/ipp/CMakeFiles/ipphal.dir/src/resize_ipp.cpp.o
[393/3882] Building CXX object 3rdparty/protobuf/CMakeFiles/libprotobuf.dir/src/google/protobuf/io/coded_stream.cc.o
[394/3882] Building CXX object hal/ipp/CMakeFiles/ipphal.dir/src/warp_ipp.cpp.o
[395/3882] Building CXX object 3rdparty/openexr/CMakeFiles/IlmImf.dir/IlmImf/ImfRgbaFile.cpp.o
[396/3882] Building CXX object 3rdparty/protobuf/CMakeFiles/libprotobuf.dir/src/google/protobuf/unknown_field_set.cc.o
[397/3882] Building CXX object hal/ipp/CMakeFiles/ipphal.dir/src/matchtemplate_ipp.cpp.o
[398/3882] Linking CXX static library 3rdparty/lib/libipphal.a
[399/3882] Building CXX object 3rdparty/openexr/CMakeFiles/IlmImf.dir/IlmImf/ImfTiledRgbaFile.cpp.o
[400/3882] Building CXX object 3rdparty/protobuf/CMakeFiles/libprotobuf.dir/src/google/protobuf/message_lite.cc.o
[401/3882] Building CXX object 3rdparty/openexr/CMakeFiles/IlmImf.dir/IlmImf/ImfTiledOutputFile.cpp.o
[402/3882] Building CXX object 3rdparty/protobuf/CMakeFiles/libprotobuf.dir/src/google/protobuf/reflection_ops.cc.o
[403/3882] Building CXX object 3rdparty/protobuf/CMakeFiles/libprotobuf.dir/src/google/protobuf/generated_message_util.cc.o
[404/3882] Building CXX object 3rdparty/protobuf/CMakeFiles/libprotobuf.dir/src/google/protobuf/stubs/strutil.cc.o
[405/3882] Linking CXX shared library lib/libopencv_cudev.so.4.14.0
[406/3882] Creating library symlink lib/libopencv_cudev.so.414 lib/libopencv_cudev.so
[407/3882] Building CXX object 3rdparty/openexr/CMakeFiles/IlmImf.dir/IlmImf/ImfDwaCompressor.cpp.o
[408/3882] Building CXX object 3rdparty/protobuf/CMakeFiles/libprotobuf.dir/src/google/protobuf/dynamic_message.cc.o
[409/3882] Processing OpenCL kernels (core)
[410/3882] Building CXX object 3rdparty/protobuf/CMakeFiles/libprotobuf.dir/src/google/protobuf/wire_format.cc.o
[411/3882] Building CXX object 3rdparty/protobuf/CMakeFiles/libprotobuf.dir/src/google/protobuf/extension_set_heavy.cc.o
[412/3882] Building CXX object 3rdparty/protobuf/CMakeFiles/libprotobuf.dir/src/google/protobuf/map_field.cc.o
[413/3882] Building CXX object 3rdparty/protobuf/CMakeFiles/libprotobuf.dir/src/google/protobuf/message.cc.o
[414/3882] Building CXX object 3rdparty/protobuf/CMakeFiles/libprotobuf.dir/src/google/protobuf/generated_message_reflection.cc.o
[415/3882] Linking CXX static library 3rdparty/lib/libIlmImf.a
[416/3882] Building CXX object 3rdparty/protobuf/CMakeFiles/libprotobuf.dir/src/google/protobuf/repeated_field.cc.o
[417/3882] Building CXX object 3rdparty/protobuf/CMakeFiles/libprotobuf.dir/src/google/protobuf/extension_set.cc.o
[418/3882] Building CXX object 3rdparty/protobuf/CMakeFiles/libprotobuf.dir/src/google/protobuf/descriptor_database.cc.o
[419/3882] Building CXX object 3rdparty/protobuf/CMakeFiles/libprotobuf.dir/src/google/protobuf/text_format.cc.o
[420/3882] Building CXX object 3rdparty/protobuf/CMakeFiles/libprotobuf.dir/src/google/protobuf/descriptor.pb.cc.o
[421/3882] Building CXX object 3rdparty/protobuf/CMakeFiles/libprotobuf.dir/src/google/protobuf/descriptor.cc.o
[422/3882] Linking CXX static library 3rdparty/lib/liblibprotobuf.a
[423/3882] Building NVCC (Device) object modules/core/CMakeFiles/cuda_compile_1.dir/src/cuda/cuda_compile_1_generated_gpu_mat_nd.cu.o
[424/3882] Building NVCC (Device) object modules/core/CMakeFiles/cuda_compile_1.dir/src/cuda/cuda_compile_1_generated_gpu_mat.cu.o
[425/3882] Building CXX object modules/core/CMakeFiles/opencv_core.dir/src/directx.cpp.o
[426/3882] Building CXX object modules/core/CMakeFiles/opencv_core.dir/src/cuda_gpu_mat.cpp.o
[427/3882] Building CXX object modules/core/CMakeFiles/opencv_core.dir/src/buffer_area.cpp.o
[428/3882] Building CXX object modules/core/CMakeFiles/opencv_core.dir/src/stl.cpp.o
[429/3882] Building CXX object modules/core/CMakeFiles/opencv_core.dir/src/conjugate_gradient.cpp.o
[430/3882] Building CXX object modules/ml/CMakeFiles/opencv_ml.dir/src/ann_mlp.cpp.o
[431/3882] Building CXX object modules/core/CMakeFiles/opencv_core.dir/count_non_zero.avx2.cpp.o
[432/3882] Building CXX object modules/core/CMakeFiles/opencv_core.dir/src/convert.dispatch.cpp.o
[433/3882] Building CXX object modules/core/CMakeFiles/opencv_core.dir/stat.sse4_2.cpp.o
[434/3882] Building CXX object modules/signal/CMakeFiles/opencv_signal.dir/src/signal_resample.cpp.o
[435/3882] Building CXX object modules/core/CMakeFiles/opencv_core.dir/src/persistence_xml.cpp.o
[436/3882] Building CXX object modules/core/CMakeFiles/opencv_core.dir/src/parallel/parallel.cpp.o
[437/3882] Building CXX object modules/core/CMakeFiles/opencv_core.dir/src/ovx.cpp.o
[438/3882] Building CXX object modules/ml/CMakeFiles/opencv_ml.dir/src/gbt.cpp.o
[439/3882] Building CXX object modules/core/CMakeFiles/opencv_core.dir/mean.avx2.cpp.o
[440/3882] Building CXX object modules/core/CMakeFiles/opencv_core.dir/merge.avx2.cpp.o
[441/3882] Building CXX object modules/core/CMakeFiles/opencv_core.dir/src/lpsolver.cpp.o
[442/3882] Building CXX object modules/core/CMakeFiles/opencv_core.dir/src/array.cpp.o
[443/3882] Building CXX object modules/core/CMakeFiles/opencv_core.dir/src/types.cpp.o
[444/3882] Building CXX object modules/core/CMakeFiles/opencv_core.dir/src/logger.cpp.o
[445/3882] Building CXX object modules/core/CMakeFiles/opencv_core.dir/src/datastructs.cpp.o
[446/3882] Building CXX object modules/core/CMakeFiles/opencv_core.dir/src/has_non_zero.dispatch.cpp.o
[447/3882] Building CXX object modules/core/CMakeFiles/opencv_core.dir/matmul.avx2.cpp.o
[448/3882] Building CXX object modules/ml/CMakeFiles/opencv_ml.dir/src/svmsgd.cpp.o
[449/3882] Building CXX object modules/ml/CMakeFiles/opencv_ml.dir/src/knearest.cpp.o
[450/3882] Building CXX object modules/core/CMakeFiles/opencv_core.dir/src/lut.cpp.o
[451/3882] Building CXX object modules/core/CMakeFiles/opencv_core.dir/src/stat_c.cpp.o
[452/3882] Building CXX object modules/core/CMakeFiles/opencv_core.dir/split.avx2.cpp.o
[453/3882] Building CXX object modules/core/CMakeFiles/opencv_core.dir/src/persistence_json.cpp.o
[454/3882] Building CXX object modules/core/CMakeFiles/opencv_core.dir/src/pca.cpp.o
[455/3882] Building CXX object modules/core/CMakeFiles/opencv_core.dir/src/mathfuncs_core.dispatch.cpp.o
[456/3882] Building CXX object modules/core/CMakeFiles/opencv_core.dir/src/check.cpp.o
[457/3882] Building CXX object modules/core/CMakeFiles/opencv_core.dir/src/cuda_info.cpp.o
[458/3882] Building CXX object modules/core/CMakeFiles/opencv_core.dir/src/batch_distance.cpp.o
[459/3882] Building CXX object modules/core/CMakeFiles/opencv_core.dir/src/copy.cpp.o
[460/3882] Building CXX object modules/core/CMakeFiles/opencv_core.dir/minmax.avx2.cpp.o
[461/3882] Building CXX object modules/ml/CMakeFiles/opencv_ml.dir/src/inner_functions.cpp.o
[462/3882] Building CXX object apps/version/CMakeFiles/opencv_version.dir/opencv_version.cpp.o
[463/3882] Building CXX object modules/core/CMakeFiles/opencv_core.dir/src/opencl/runtime/opencl_clfft.cpp.o
[464/3882] Building CXX object modules/core/CMakeFiles/opencv_core.dir/opencl_kernels_core.cpp.o
[465/3882] Building CXX object modules/core/CMakeFiles/opencv_core.dir/src/utils/datafile.cpp.o
[466/3882] Building CXX object modules/core/CMakeFiles/opencv_core.dir/src/stat.dispatch.cpp.o
[467/3882] Building CXX object modules/core/CMakeFiles/opencv_core.dir/src/umatrix.cpp.o
[468/3882] Building CXX object modules/core/CMakeFiles/opencv_core.dir/src/convert_c.cpp.o
[469/3882] Building CXX object modules/core/CMakeFiles/opencv_core.dir/src/opengl.cpp.o
[470/3882] Building CXX object modules/core/CMakeFiles/opencv_core.dir/src/parallel/parallel_openmp.cpp.o
[471/3882] Building CXX object modules/core/CMakeFiles/opencv_core.dir/src/kmeans.cpp.o
[472/3882] Building CXX object modules/core/CMakeFiles/opencv_core.dir/src/async.cpp.o
[473/3882] Building CXX object modules/flann/CMakeFiles/opencv_flann.dir/src/flann.cpp.o
[474/3882] Building CXX object modules/core/CMakeFiles/opencv_core.dir/stat.avx2.cpp.o
[475/3882] Building CXX object modules/core/CMakeFiles/opencv_core.dir/norm.sse4_1.cpp.o
[476/3882] Building CXX object modules/core/CMakeFiles/opencv_core.dir/src/count_non_zero.dispatch.cpp.o
[477/3882] Building CXX object modules/ml/CMakeFiles/opencv_ml.dir/src/testset.cpp.o
[478/3882] Building CXX object modules/core/CMakeFiles/opencv_core.dir/src/matrix_decomp.cpp.o
[479/3882] Building CXX object modules/core/CMakeFiles/opencv_core.dir/src/matrix_transform.cpp.o
[480/3882] Building CXX object modules/core/CMakeFiles/opencv_core.dir/src/trace.cpp.o
[481/3882] Building CXX object modules/ml/CMakeFiles/opencv_ml.dir/src/lr.cpp.o
[482/3882] Building CXX object modules/core/CMakeFiles/opencv_core.dir/sum.avx512_skx.cpp.o
[483/3882] Building CXX object modules/core/CMakeFiles/opencv_core.dir/src/glob.cpp.o
[484/3882] Building CXX object modules/ml/CMakeFiles/opencv_ml.dir/src/nbayes.cpp.o
[485/3882] Building CXX object modules/core/CMakeFiles/opencv_core.dir/src/opencl/runtime/opencl_clblas.cpp.o
[486/3882] Building CXX object modules/core/CMakeFiles/opencv_core.dir/src/matrix.cpp.o
[487/3882] Building CXX object modules/core/CMakeFiles/opencv_core.dir/src/utils/logtagmanager.cpp.o
[488/3882] Building CXX object modules/core/CMakeFiles/opencv_core.dir/src/tables.cpp.o
[489/3882] Building CXX object modules/core/CMakeFiles/opencv_core.dir/mean.avx512_skx.cpp.o
[490/3882] Building CXX object modules/core/CMakeFiles/opencv_core.dir/minmax.avx512_skx.cpp.o
[491/3882] Building CXX object modules/core/CMakeFiles/opencv_core.dir/src/ocl.cpp.o
[492/3882] Building CXX object modules/core/CMakeFiles/opencv_core.dir/mathfuncs_core.avx.cpp.o
[493/3882] Building CXX object modules/core/CMakeFiles/opencv_core.dir/src/parallel_impl.cpp.o
[494/3882] Building CXX object modules/core/CMakeFiles/opencv_core.dir/src/opencl/runtime/opencl_core.cpp.o
[495/3882] Building CXX object modules/core/CMakeFiles/opencv_core.dir/src/minmax.dispatch.cpp.o
[496/3882] Building CXX object modules/surface_matching/CMakeFiles/opencv_surface_matching.dir/src/icp.cpp.o
[497/3882] Building CXX object modules/core/CMakeFiles/opencv_core.dir/src/out.cpp.o
[498/3882] Building CXX object modules/core/CMakeFiles/opencv_core.dir/src/channels.cpp.o
[499/3882] Building CXX object modules/core/CMakeFiles/opencv_core.dir/src/cuda_gpu_mat_nd.cpp.o
[500/3882] Building CXX object modules/core/CMakeFiles/opencv_core.dir/src/sum.dispatch.cpp.o
[501/3882] Building CXX object modules/core/CMakeFiles/opencv_core.dir/src/persistence_yml.cpp.o
[502/3882] Building CXX object modules/surface_matching/CMakeFiles/opencv_surface_matching.dir/src/t_hash_int.cpp.o
[503/3882] Building CXX object modules/core/CMakeFiles/opencv_core.dir/src/utils/samples.cpp.o
[504/3882] Building CXX object modules/core/CMakeFiles/opencv_core.dir/sum.avx2.cpp.o
[505/3882] Building CXX object modules/surface_matching/CMakeFiles/opencv_surface_matching.dir/src/pose_3d.cpp.o
[506/3882] Building CXX object modules/core/CMakeFiles/opencv_core.dir/minmax.sse4_1.cpp.o
[507/3882] Building CXX object modules/core/CMakeFiles/opencv_core.dir/matmul.avx512_skx.cpp.o
[508/3882] Building CXX object modules/core/CMakeFiles/opencv_core.dir/src/parallel.cpp.o
[509/3882] Building CXX object modules/core/CMakeFiles/opencv_core.dir/src/parallel/parallel_tbb.cpp.o
[510/3882] Building CXX object modules/core/CMakeFiles/opencv_core.dir/src/arithm.dispatch.cpp.o
[511/3882] Building CXX object modules/core/CMakeFiles/opencv_core.dir/src/algorithm.cpp.o
[512/3882] Building CXX object modules/ml/CMakeFiles/opencv_ml.dir/src/boost.cpp.o
[513/3882] Building CXX object modules/ml/CMakeFiles/opencv_ml.dir/src/em.cpp.o
[514/3882] Building CXX object modules/core/CMakeFiles/opencv_core.dir/src/split.dispatch.cpp.o
[515/3882] Building CXX object modules/core/CMakeFiles/opencv_core.dir/stat.avx512_skx.cpp.o
[516/3882] Building CXX object modules/core/CMakeFiles/opencv_core.dir/src/utils/logtagconfigparser.cpp.o
[517/3882] Building CXX object modules/core/CMakeFiles/opencv_core.dir/src/lut.dispatch.cpp.o
[518/3882] Building CXX object modules/hdf/CMakeFiles/opencv_hdf.dir/src/hdf5.cpp.o
[519/3882] Building CXX object modules/ml/CMakeFiles/opencv_ml.dir/src/kdtree.cpp.o
[520/3882] Building CXX object modules/surface_matching/CMakeFiles/opencv_surface_matching.dir/src/ppf_match_3d.cpp.o
[521/3882] Building CXX object modules/core/CMakeFiles/opencv_core.dir/src/matrix_iterator.cpp.o
[522/3882] Building CXX object modules/core/CMakeFiles/opencv_core.dir/src/merge.dispatch.cpp.o
[523/3882] Building CXX object modules/core/CMakeFiles/opencv_core.dir/src/matrix_c.cpp.o
[524/3882] Building CXX object modules/core/CMakeFiles/opencv_core.dir/src/hal_internal.cpp.o
[525/3882] Building CXX object modules/core/CMakeFiles/opencv_core.dir/src/va_intel.cpp.o
[526/3882] Building CXX object modules/core/CMakeFiles/opencv_core.dir/src/cuda_host_mem.cpp.o
[527/3882] Building CXX object modules/core/CMakeFiles/opencv_core.dir/src/persistence_base64_encoding.cpp.o
[528/3882] Building CXX object modules/core/CMakeFiles/opencv_core.dir/src/utils/filesystem.cpp.o
[529/3882] Building CXX object modules/core/CMakeFiles/opencv_core.dir/src/alloc.cpp.o
[530/3882] Building CXX object modules/core/CMakeFiles/opencv_core.dir/src/mean.dispatch.cpp.o
[531/3882] Building CXX object modules/ml/CMakeFiles/opencv_ml.dir/src/rtrees.cpp.o
[532/3882] Building CXX object modules/core/CMakeFiles/opencv_core.dir/src/bindings_utils.cpp.o
[533/3882] Building CXX object modules/core/CMakeFiles/opencv_core.dir/src/rand.cpp.o
[534/3882] Building CXX object modules/core/CMakeFiles/opencv_core.dir/has_non_zero.avx2.cpp.o
[535/3882] Building CXX object modules/core/CMakeFiles/opencv_core.dir/src/persistence_types.cpp.o
[536/3882] Building CXX object modules/core/CMakeFiles/opencv_core.dir/src/downhill_simplex.cpp.o
[537/3882] Building CXX object modules/core/CMakeFiles/opencv_core.dir/src/system.cpp.o
[538/3882] Building CXX object modules/core/CMakeFiles/opencv_core.dir/count_non_zero.avx512_skx.cpp.o
[539/3882] Building CXX object modules/core/CMakeFiles/opencv_core.dir/src/softfloat.cpp.o
[540/3882] Building CXX object modules/core/CMakeFiles/opencv_core.dir/src/dxt.cpp.o
[541/3882] Building CXX object modules/core/CMakeFiles/opencv_core.dir/mathfuncs_core.avx2.cpp.o
[542/3882] Building CXX object modules/core/CMakeFiles/opencv_core.dir/src/mathfuncs.cpp.o
[543/3882] Building CXX object modules/core/CMakeFiles/opencv_core.dir/src/cuda_stream.cpp.o
[544/3882] Building CXX object modules/core/CMakeFiles/opencv_core.dir/matmul.sse4_1.cpp.o
[545/3882] Building CXX object modules/ml/CMakeFiles/opencv_ml.dir/src/data.cpp.o
[546/3882] Building CXX object modules/core/CMakeFiles/opencv_core.dir/src/arithm.cpp.o
[547/3882] Building CXX object modules/core/CMakeFiles/opencv_core.dir/src/command_line_parser.cpp.o
[548/3882] Building CXX object modules/core/CMakeFiles/opencv_core.dir/src/matrix_expressions.cpp.o
[549/3882] Building CXX object modules/core/CMakeFiles/opencv_core.dir/src/convert_scale.dispatch.cpp.o
[550/3882] Building CXX object modules/core/CMakeFiles/opencv_core.dir/src/lapack.cpp.o
[551/3882] Building CXX object modules/core/CMakeFiles/opencv_core.dir/arithm.avx2.cpp.o
[552/3882] Building CXX object modules/core/CMakeFiles/opencv_core.dir/src/lda.cpp.o
[553/3882] Building CXX object modules/ml/CMakeFiles/opencv_ml.dir/src/svm.cpp.o
[554/3882] Building CXX object modules/ml/CMakeFiles/opencv_ml.dir/src/tree.cpp.o
[555/3882] Building CXX object modules/core/CMakeFiles/opencv_core.dir/src/matrix_sparse.cpp.o
[556/3882] Building CXX object modules/core/CMakeFiles/opencv_core.dir/convert.avx2.cpp.o
[557/3882] Building CXX object modules/core/CMakeFiles/opencv_core.dir/convert_scale.avx2.cpp.o
[558/3882] Building CXX object modules/core/CMakeFiles/opencv_core.dir/src/reduce.dispatch.cpp.o
[559/3882] Building CXX object modules/core/CMakeFiles/opencv_core.dir/src/persistence.cpp.o
[560/3882] Building CXX object modules/core/CMakeFiles/opencv_core.dir/norm.avx.cpp.o
[561/3882] Building CXX object modules/core/CMakeFiles/opencv_core.dir/src/norm.dispatch.cpp.o
[562/3882] Building CXX object modules/core/CMakeFiles/opencv_core.dir/norm.avx2.cpp.o
[563/3882] Building CXX object modules/core/CMakeFiles/opencv_core.dir/norm.avx512_skx.cpp.o
[564/3882] Building CXX object modules/surface_matching/CMakeFiles/opencv_surface_matching.dir/src/ppf_helpers.cpp.o
[565/3882] Building CXX object modules/core/CMakeFiles/opencv_core.dir/arithm.sse4_1.cpp.o
[566/3882] Building CXX object modules/core/CMakeFiles/opencv_core.dir/src/matrix_wrap.cpp.o
[567/3882] Building CXX object modules/core/CMakeFiles/opencv_core.dir/src/gl_core_3_1.cpp.o
[568/3882] Building CXX object modules/core/CMakeFiles/opencv_core.dir/src/matrix_operations.cpp.o
[569/3882] Building CXX object modules/core/CMakeFiles/opencv_core.dir/reduce.avx2.cpp.o
[570/3882] Building CXX object modules/core/CMakeFiles/opencv_core.dir/src/matmul.dispatch.cpp.o
[571/3882] Building CXX object modules/flann/CMakeFiles/opencv_flann.dir/src/miniflann.cpp.o
[572/3882] Linking CXX shared library lib/libopencv_core.so.4.14.0
[573/3882] Creating library symlink lib/libopencv_core.so.414 lib/libopencv_core.so
[574/3882] Processing OpenCL kernels (imgproc)
[575/3882] Linking CXX shared library lib/libopencv_signal.so.4.14.0
[576/3882] Building CXX object modules/core/CMakeFiles/opencv_test_core.dir/test/test_cuda.cpp.o
[577/3882] Linking CXX executable bin/opencv_version
[578/3882] Linking CXX shared library lib/libopencv_hdf.so.4.14.0
[579/3882] Creating library symlink lib/libopencv_hdf.so.414 lib/libopencv_hdf.so
[580/3882] Linking CXX shared library lib/libopencv_ml.so.4.14.0
[581/3882] Linking CXX shared library lib/libopencv_flann.so.4.14.0
[582/3882] Creating library symlink lib/libopencv_flann.so.414 lib/libopencv_flann.so
[583/3882] Building CXX object modules/imgproc/CMakeFiles/opencv_imgproc.dir/median_blur.avx512_skx.cpp.o
[584/3882] Building CXX object modules/imgproc/CMakeFiles/opencv_imgproc.dir/src/approx.cpp.o
[585/3882] Building CXX object modules/hdf/CMakeFiles/example_hdf_create_read_write_datasets.dir/samples/create_read_write_datasets.cpp.o
[586/3882] Building CXX object modules/imgproc/CMakeFiles/opencv_imgproc.dir/src/color.cpp.o
[587/3882] Building CXX object modules/imgproc/CMakeFiles/opencv_imgproc.dir/src/main.cpp.o
[588/3882] Building CXX object modules/imgproc/CMakeFiles/opencv_imgproc.dir/src/subdivision2d.cpp.o
[589/3882] Building CXX object modules/imgproc/CMakeFiles/opencv_imgproc.dir/src/rotcalipers.cpp.o
[590/3882] Building CXX object modules/imgproc/CMakeFiles/opencv_imgproc.dir/src/matchcontours.cpp.o
[591/3882] Building CXX object modules/imgproc/CMakeFiles/opencv_imgproc.dir/src/grabcut.cpp.o
[592/3882] Building CXX object modules/imgproc/CMakeFiles/opencv_imgproc.dir/src/cornersubpix.cpp.o
[593/3882] Building CXX object modules/imgproc/CMakeFiles/opencv_imgproc.dir/src/hershey_fonts.cpp.o
[594/3882] Building CXX object modules/imgproc/CMakeFiles/opencv_imgproc.dir/imgwarp.avx512_skx.cpp.o
[595/3882] Building CXX object modules/imgproc/CMakeFiles/opencv_imgproc.dir/src/templmatch.cpp.o
[596/3882] Building CXX object modules/imgproc/CMakeFiles/opencv_imgproc.dir/median_blur.sse4_1.cpp.o
[597/3882] Building CXX object modules/imgproc/CMakeFiles/opencv_imgproc.dir/src/drawing.cpp.o
[598/3882] Building CXX object modules/imgproc/CMakeFiles/opencv_imgproc.dir/src/samplers.cpp.o
[599/3882] Building CXX object modules/imgproc/CMakeFiles/opencv_imgproc.dir/src/clahe.cpp.o
[600/3882] Building CXX object modules/imgproc/CMakeFiles/opencv_imgproc.dir/src/contours_common.cpp.o
[601/3882] Building CXX object modules/imgproc/CMakeFiles/opencv_imgproc.dir/src/contours.cpp.o
[602/3882] Building CXX object modules/imgproc/CMakeFiles/opencv_imgproc.dir/color_yuv.sse4_1.cpp.o
[603/3882] Building CXX object modules/imgproc/CMakeFiles/opencv_imgproc.dir/src/colormap.cpp.o
[604/3882] Building CXX object modules/imgproc/CMakeFiles/opencv_imgproc.dir/src/moments.cpp.o
[605/3882] Building CXX object modules/imgproc/CMakeFiles/opencv_imgproc.dir/src/phasecorr.cpp.o
[606/3882] Building CXX object modules/imgproc/CMakeFiles/opencv_imgproc.dir/src/contours_link.cpp.o
[607/3882] Building CXX object modules/imgproc/CMakeFiles/opencv_imgproc.dir/src/spatialgradient.cpp.o
[608/3882] Building CXX object modules/imgproc/CMakeFiles/opencv_imgproc.dir/src/contours_truco.cpp.o
[609/3882] Building CXX object modules/imgproc/CMakeFiles/opencv_imgproc.dir/src/resize.sse4_1.cpp.o
[610/3882] Building CXX object modules/imgproc/CMakeFiles/opencv_imgproc.dir/src/sumpixels.dispatch.cpp.o
[611/3882] Building CXX object modules/imgproc/CMakeFiles/opencv_imgproc.dir/bilateral_filter.avx2.cpp.o
[612/3882] Building CXX object modules/imgproc/CMakeFiles/opencv_imgproc.dir/color_rgb.avx2.cpp.o
[613/3882] Building CXX object modules/imgproc/CMakeFiles/opencv_imgproc.dir/color_hsv.sse4_1.cpp.o
[614/3882] Building CXX object modules/imgproc/CMakeFiles/opencv_imgproc.dir/src/morph.dispatch.cpp.o
[615/3882] Building CXX object modules/imgproc/CMakeFiles/opencv_imgproc.dir/color_hsv.avx512_skx.cpp.o
[616/3882] Building CXX object modules/imgproc/CMakeFiles/opencv_imgproc.dir/src/min_enclosing_triangle.cpp.o
[617/3882] Building CXX object modules/imgproc/CMakeFiles/opencv_imgproc.dir/src/convhull.cpp.o
[618/3882] Building CXX object modules/imgproc/CMakeFiles/opencv_imgproc.dir/opencl_kernels_imgproc.cpp.o
[619/3882] Building CXX object modules/imgproc/CMakeFiles/opencv_imgproc.dir/src/intersection.cpp.o
[620/3882] Building CXX object modules/imgproc/CMakeFiles/opencv_imgproc.dir/bilateral_filter.avx512_skx.cpp.o
[621/3882] Building CXX object modules/imgproc/CMakeFiles/opencv_imgproc.dir/src/contours_approx.cpp.o
[622/3882] Building CXX object modules/imgproc/CMakeFiles/opencv_imgproc.dir/src/lsd.cpp.o
[623/3882] Building CXX object modules/imgproc/CMakeFiles/opencv_imgproc.dir/src/corner.avx.cpp.o
[624/3882] Building CXX object modules/imgproc/CMakeFiles/opencv_imgproc.dir/src/floodfill.cpp.o
[625/3882] Building CXX object modules/imgproc/CMakeFiles/opencv_imgproc.dir/src/linefit.cpp.o
[626/3882] Building CXX object modules/imgproc/CMakeFiles/opencv_imgproc.dir/src/hough.cpp.o
[627/3882] Building CXX object modules/imgproc/CMakeFiles/opencv_imgproc.dir/src/accum.cpp.o
[628/3882] Building CXX object modules/imgproc/CMakeFiles/opencv_imgproc.dir/src/canny.cpp.o
[629/3882] Building CXX object modules/imgproc/CMakeFiles/opencv_imgproc.dir/src/resize.cpp.o
[630/3882] Building CXX object modules/imgproc/CMakeFiles/opencv_imgproc.dir/src/utils.cpp.o
[631/3882] Building CXX object modules/imgproc/CMakeFiles/opencv_imgproc.dir/src/emd_new.cpp.o
[632/3882] Building CXX object modules/imgproc/CMakeFiles/opencv_imgproc.dir/smooth.avx2.cpp.o
[633/3882] Building CXX object modules/hdf/CMakeFiles/example_hdf_create_groups.dir/samples/create_groups.cpp.o
[634/3882] Building CXX object modules/imgproc/CMakeFiles/opencv_imgproc.dir/src/resize.avx2.cpp.o
[635/3882] Building CXX object modules/imgproc/CMakeFiles/opencv_imgproc.dir/src/featureselect.cpp.o
[636/3882] Building CXX object modules/imgproc/CMakeFiles/opencv_imgproc.dir/src/geometry.cpp.o
[637/3882] Building CXX object modules/imgproc/CMakeFiles/opencv_imgproc.dir/accum.sse4_1.cpp.o
[638/3882] Building CXX object modules/imgproc/CMakeFiles/opencv_imgproc.dir/src/imgwarp.sse4_1.cpp.o
[639/3882] Building CXX object modules/imgproc/CMakeFiles/opencv_imgproc.dir/src/pyramids.cpp.o
[640/3882] Building CXX object modules/imgproc/CMakeFiles/opencv_imgproc.dir/morph.sse4_1.cpp.o
[641/3882] Building CXX object modules/imgproc/CMakeFiles/opencv_imgproc.dir/src/intelligent_scissors.cpp.o
[642/3882] Building CXX object modules/core/CMakeFiles/opencv_test_core.dir/test/test_lpsolver.cpp.o
[643/3882] Building CXX object modules/imgproc/CMakeFiles/opencv_imgproc.dir/color_rgb.sse4_1.cpp.o
[644/3882] Building CXX object modules/imgproc/CMakeFiles/opencv_imgproc.dir/src/color_rgb.dispatch.cpp.o
[645/3882] Building CXX object modules/imgproc/CMakeFiles/opencv_imgproc.dir/src/min_enclosing_convex_polygon.cpp.o
[646/3882] Building CXX object modules/imgproc/CMakeFiles/opencv_imgproc.dir/src/phasecorr_iterative.cpp.o
[647/3882] Building CXX object modules/imgproc/CMakeFiles/opencv_imgproc.dir/src/segmentation.cpp.o
[648/3882] Building CXX object modules/imgproc/CMakeFiles/opencv_imgproc.dir/src/tables.cpp.o
[649/3882] Building CXX object modules/imgproc/CMakeFiles/opencv_imgproc.dir/src/emd.cpp.o
[650/3882] Building CXX object modules/imgproc/CMakeFiles/opencv_imgproc.dir/src/smooth.dispatch.cpp.o
[651/3882] Building CXX object modules/imgproc/CMakeFiles/opencv_imgproc.dir/src/bilateral_filter.dispatch.cpp.o
[652/3882] Building CXX object modules/imgproc/CMakeFiles/opencv_imgproc.dir/src/median_blur.dispatch.cpp.o
[653/3882] Building CXX object modules/imgproc/CMakeFiles/opencv_imgproc.dir/box_filter.avx2.cpp.o
[654/3882] Building CXX object modules/imgproc/CMakeFiles/opencv_imgproc.dir/box_filter.sse4_1.cpp.o
[655/3882] Building CXX object modules/imgproc/CMakeFiles/opencv_imgproc.dir/src/thresh.cpp.o
[656/3882] Building CXX object modules/imgproc/CMakeFiles/opencv_imgproc.dir/src/color_yuv.dispatch.cpp.o
[657/3882] Building CXX object modules/imgproc/CMakeFiles/opencv_imgproc.dir/src/stackblur.cpp.o
[658/3882] Building CXX object modules/imgproc/CMakeFiles/opencv_imgproc.dir/src/box_filter.dispatch.cpp.o
[659/3882] Building CXX object modules/imgproc/CMakeFiles/opencv_imgproc.dir/src/color_hsv.dispatch.cpp.o
[660/3882] Building CXX object modules/imgproc/CMakeFiles/opencv_imgproc.dir/box_filter.avx512_skx.cpp.o
[661/3882] Building CXX object modules/imgproc/CMakeFiles/opencv_imgproc.dir/src/pyramids_avx512_vbmi.dispatch.cpp.o
[662/3882] Building CXX object modules/imgproc/CMakeFiles/opencv_imgproc.dir/src/corner.cpp.o
[663/3882] Building CXX object modules/imgproc/CMakeFiles/opencv_imgproc.dir/color_hsv.avx2.cpp.o
[664/3882] Building CXX object modules/core/CMakeFiles/opencv_test_core.dir/test/test_logtagconfigparser.cpp.o
[665/3882] Building CXX object modules/imgproc/CMakeFiles/opencv_imgproc.dir/src/imgwarp.cpp.o
[666/3882] Building CXX object modules/core/CMakeFiles/opencv_perf_core.dir/perf/perf_bitwise.cpp.o
[667/3882] Building CXX object modules/imgproc/CMakeFiles/opencv_imgproc.dir/accum.avx2.cpp.o
[668/3882] Building CXX object modules/imgproc/CMakeFiles/opencv_imgproc.dir/src/accum.dispatch.cpp.o
[669/3882] Building CXX object modules/hdf/CMakeFiles/example_hdf_read_write_attributes.dir/samples/read_write_attributes.cpp.o
[670/3882] Building CXX object modules/imgproc/CMakeFiles/opencv_imgproc.dir/src/distransform.cpp.o
[671/3882] Building CXX object modules/imgproc/CMakeFiles/opencv_imgproc.dir/src/gabor.cpp.o
[672/3882] Creating library symlink lib/libopencv_ml.so.414 lib/libopencv_ml.so
[673/3882] Building CXX object modules/imgproc/CMakeFiles/opencv_imgproc.dir/src/shapedescr.cpp.o
[674/3882] Building CXX object modules/core/CMakeFiles/opencv_perf_core.dir/perf/cuda/perf_gpumat.cpp.o
[675/3882] Building CXX object modules/imgproc/CMakeFiles/opencv_imgproc.dir/src/deriv.cpp.o
[676/3882] Building CXX object modules/core/CMakeFiles/opencv_test_core.dir/test/test_main.cpp.o
[677/3882] Building CXX object modules/imgproc/CMakeFiles/opencv_test_imgproc.dir/test/ocl/test_sepfilter2d.cpp.o
[678/3882] Building CXX object modules/imgproc/CMakeFiles/opencv_imgproc.dir/color_rgb.avx512_skx.cpp.o
[679/3882] Building CXX object modules/imgproc/CMakeFiles/opencv_imgproc.dir/median_blur.avx2.cpp.o
[680/3882] Building CXX object modules/imgproc/CMakeFiles/opencv_imgproc.dir/color_yuv.avx2.cpp.o
[681/3882] Building CXX object modules/core/CMakeFiles/opencv_perf_core.dir/perf/opencl/perf_dxt.cpp.o
[682/3882] Building CXX object modules/core/CMakeFiles/opencv_test_core.dir/test/test_async.cpp.o
[683/3882] Building CXX object modules/imgproc/CMakeFiles/opencv_imgproc.dir/sumpixels.avx2.cpp.o
[684/3882] Building CXX object modules/imgproc/CMakeFiles/opencv_imgproc.dir/morph.avx2.cpp.o
[685/3882] Building CXX object modules/imgproc/CMakeFiles/opencv_imgproc.dir/src/demosaicing.cpp.o
[686/3882] Building CXX object modules/imgproc/CMakeFiles/opencv_imgproc.dir/color_yuv.avx512_skx.cpp.o
[687/3882] Building CXX object modules/core/CMakeFiles/opencv_test_core.dir/test/ocl/test_image2d.cpp.o
[688/3882] Building CXX object modules/core/CMakeFiles/opencv_test_core.dir/test/test_allocator.cpp.o
[689/3882] Building CXX object modules/core/CMakeFiles/opencv_test_core.dir/test/test_downhill_simplex.cpp.o
[690/3882] Building CXX object modules/core/CMakeFiles/opencv_perf_core.dir/perf/perf_io_base64.cpp.o
[691/3882] Building CXX object modules/imgproc/CMakeFiles/opencv_imgproc.dir/sumpixels.avx512_skx.cpp.o
[692/3882] Building CXX object modules/imgproc/CMakeFiles/opencv_imgproc.dir/filter.sse4_1.cpp.o
[693/3882] Building CXX object modules/imgproc/CMakeFiles/opencv_imgproc.dir/src/filter.dispatch.cpp.o
[694/3882] Building CXX object modules/imgproc/CMakeFiles/opencv_imgproc.dir/src/contours_new.cpp.o
[695/3882] Building CXX object modules/core/CMakeFiles/opencv_perf_core.dir/perf/perf_abs.cpp.o
[696/3882] Building CXX object modules/imgproc/CMakeFiles/opencv_imgproc.dir/src/blend.cpp.o
[697/3882] Building CXX object modules/hdf/CMakeFiles/opencv_test_hdf.dir/test/test_main.cpp.o
[698/3882] Building CXX object modules/core/CMakeFiles/opencv_perf_core.dir/perf/perf_mat.cpp.o
[699/3882] Building CXX object modules/imgproc/CMakeFiles/opencv_imgproc.dir/src/generalized_hough.cpp.o
[700/3882] Building CXX object modules/core/CMakeFiles/opencv_test_core.dir/test/test_conjugate_gradient.cpp.o
[701/3882] Building CXX object modules/core/CMakeFiles/opencv_test_core.dir/test/test_ds.cpp.o
[702/3882] Building CXX object modules/core/CMakeFiles/opencv_perf_core.dir/perf/perf_inRange.cpp.o
[703/3882] Building CXX object modules/imgproc/CMakeFiles/opencv_imgproc.dir/src/equalize_hist.dispatch.cpp.o
[704/3882] Building CXX object modules/imgproc/CMakeFiles/opencv_imgproc.dir/src/histogram.cpp.o
[705/3882] Building CXX object modules/core/CMakeFiles/opencv_perf_core.dir/perf/perf_dft.cpp.o
[706/3882] Building CXX object modules/core/CMakeFiles/opencv_test_core.dir/test/test_logger_replace.cpp.o
[707/3882] Building CXX object modules/imgproc/CMakeFiles/opencv_imgproc.dir/filter.avx2.cpp.o
[708/3882] Building CXX object modules/core/CMakeFiles/opencv_test_core.dir/test/test_dxt.cpp.o
[709/3882] Building CXX object modules/imgproc/CMakeFiles/opencv_imgproc.dir/src/connectedcomponents.cpp.o
[710/3882] Building CXX object modules/core/CMakeFiles/opencv_test_core.dir/test/ocl/test_channels.cpp.o
[711/3882] Building CXX object modules/core/CMakeFiles/opencv_perf_core.dir/perf/perf_reduce.cpp.o
[712/3882] Building CXX object modules/flann/CMakeFiles/opencv_test_flann.dir/test/test_radius_search.cpp.o
[713/3882] Building CXX object modules/core/CMakeFiles/opencv_test_core.dir/test/test_eigen.cpp.o
[714/3882] Building CXX object modules/core/CMakeFiles/opencv_test_core.dir/test/test_hal_core.cpp.o
[715/3882] Building CXX object modules/core/CMakeFiles/opencv_perf_core.dir/perf/perf_split.cpp.o
[716/3882] Building CXX object modules/core/CMakeFiles/opencv_perf_core.dir/perf/perf_minmaxloc.cpp.o
[717/3882] Building CXX object modules/imgproc/CMakeFiles/opencv_test_imgproc.dir/test/ocl/test_blend.cpp.o
[718/3882] Building CXX object modules/imgproc/CMakeFiles/opencv_imgproc.dir/src/imgwarp.avx2.cpp.o
[719/3882] Building CXX object modules/imgproc/CMakeFiles/opencv_test_imgproc.dir/test/test_bilateral_filter.cpp.o
[720/3882] Building CXX object modules/core/CMakeFiles/opencv_perf_core.dir/perf/perf_sort.cpp.o
[721/3882] Building CXX object modules/imgproc/CMakeFiles/opencv_test_imgproc.dir/test/test_boundingrect.cpp.o
[722/3882] Creating library symlink lib/libopencv_signal.so.414 lib/libopencv_signal.so
[723/3882] Building CXX object modules/imgproc/CMakeFiles/opencv_imgproc.dir/smooth.sse4_1.cpp.o
[724/3882] Building CXX object modules/core/CMakeFiles/opencv_perf_core.dir/perf/perf_compare.cpp.o
[725/3882] Building CXX object modules/imgproc/CMakeFiles/opencv_test_imgproc.dir/test/ocl/test_canny.cpp.o
[726/3882] Building CXX object modules/core/CMakeFiles/opencv_test_core.dir/test/test_utils.cpp.o
[727/3882] Building CXX object modules/imgproc/CMakeFiles/opencv_test_imgproc.dir/test/ocl/test_color.cpp.o
[728/3882] Building CXX object modules/imgproc/CMakeFiles/opencv_test_imgproc.dir/test/ocl/test_houghlines.cpp.o
[729/3882] Building CXX object modules/core/CMakeFiles/opencv_perf_core.dir/perf/perf_umat.cpp.o
[730/3882] Building CXX object modules/imgproc/CMakeFiles/opencv_imgproc.dir/src/color_lab.cpp.o
[731/3882] Building CXX object modules/flann/CMakeFiles/opencv_test_flann.dir/test/test_heap.cpp.o
[732/3882] Building CXX object modules/imgproc/CMakeFiles/opencv_test_imgproc.dir/test/test_canny.cpp.o
[733/3882] Building CXX object modules/core/CMakeFiles/opencv_perf_core.dir/perf/opencl/perf_matop.cpp.o
[734/3882] Building CXX object modules/core/CMakeFiles/opencv_perf_core.dir/perf/opencl/perf_usage_flags.cpp.o
[735/3882] Building CXX object modules/core/CMakeFiles/opencv_test_core.dir/test/test_opencl.cpp.o
[736/3882] Building CXX object modules/imgproc/CMakeFiles/opencv_test_imgproc.dir/test/ocl/test_pyramids.cpp.o
[737/3882] Building CXX object modules/core/CMakeFiles/opencv_test_core.dir/test/test_intrin128.sse2.cpp.o
[738/3882] Building CXX object modules/core/CMakeFiles/opencv_perf_core.dir/perf/opencl/perf_channels.cpp.o
[739/3882] Building CXX object modules/imgproc/CMakeFiles/opencv_test_imgproc.dir/test/ocl/test_filter2d.cpp.o
[740/3882] Building CXX object modules/flann/CMakeFiles/opencv_test_flann.dir/test/test_main.cpp.o
[741/3882] Building CXX object modules/core/CMakeFiles/opencv_perf_core.dir/perf/perf_norm.cpp.o
[742/3882] Linking CXX shared library lib/libopencv_surface_matching.so.4.14.0
[743/3882] Creating library symlink lib/libopencv_surface_matching.so.414 lib/libopencv_surface_matching.so
[744/3882] Building CXX object modules/core/CMakeFiles/opencv_perf_core.dir/perf/perf_lut.cpp.o
[745/3882] Building CXX object modules/core/CMakeFiles/opencv_test_core.dir/test/test_concatenation.cpp.o
[746/3882] Building CXX object modules/core/CMakeFiles/opencv_perf_core.dir/perf/perf_convertTo.cpp.o
[747/3882] Building CXX object modules/core/CMakeFiles/opencv_test_core.dir/test/test_rotatedrect.cpp.o
[748/3882] Building CXX object modules/imgproc/CMakeFiles/opencv_test_imgproc.dir/test/ocl/test_gftt.cpp.o
[749/3882] Building CXX object modules/core/CMakeFiles/opencv_test_core.dir/test/test_hasnonzero.cpp.o
[750/3882] Building CXX object modules/hdf/CMakeFiles/opencv_test_hdf.dir/test/test_hdf5.cpp.o
[751/3882] Building CXX object modules/core/CMakeFiles/opencv_test_core.dir/test/test_rand.cpp.o
[752/3882] Building CXX object modules/core/CMakeFiles/opencv_test_core.dir/test/test_countnonzero.cpp.o
[753/3882] Building CXX object modules/core/CMakeFiles/opencv_test_core.dir/test/ocl/test_matrix_operation.cpp.o
[754/3882] Building CXX object modules/imgproc/CMakeFiles/opencv_test_imgproc.dir/test/test_connectedcomponents.cpp.o
[755/3882] Building CXX object modules/core/CMakeFiles/opencv_test_core.dir/test/test_math.cpp.o
[756/3882] Building CXX object modules/core/CMakeFiles/opencv_perf_core.dir/perf/opencl/perf_bufferpool.cpp.o
[757/3882] Building CXX object modules/core/CMakeFiles/opencv_test_core.dir/test/ocl/test_opencl.cpp.o
[758/3882] Building CXX object modules/core/CMakeFiles/opencv_perf_core.dir/perf/perf_main.cpp.o
[759/3882] Building CXX object modules/core/CMakeFiles/opencv_test_core.dir/test/ocl/test_matrix_expr.cpp.o
[760/3882] Building CXX object modules/imgproc/CMakeFiles/opencv_test_imgproc.dir/test/ocl/test_boxfilter.cpp.o
[761/3882] Building CXX object modules/core/CMakeFiles/opencv_test_core.dir/test/test_misc.cpp.o
[762/3882] Building CXX object modules/core/CMakeFiles/opencv_test_core.dir/test/test_logtagmanager.cpp.o
[763/3882] Building CXX object modules/core/CMakeFiles/opencv_perf_core.dir/perf/opencl/perf_gemm.cpp.o
[764/3882] Building CXX object modules/core/CMakeFiles/opencv_test_core.dir/test/ocl/test_gemm.cpp.o
[765/3882] Building CXX object modules/imgproc/CMakeFiles/opencv_test_imgproc.dir/test/ocl/test_accumulate.cpp.o
[766/3882] Building CXX object modules/core/CMakeFiles/opencv_perf_core.dir/perf/perf_cvround.cpp.o
[767/3882] Building CXX object modules/core/CMakeFiles/opencv_perf_core.dir/perf/perf_merge.cpp.o
[768/3882] Building CXX object modules/core/CMakeFiles/opencv_perf_core.dir/perf/perf_addWeighted.cpp.o
[769/3882] Building CXX object modules/core/CMakeFiles/opencv_perf_core.dir/perf/perf_allocation.cpp.o
[770/3882] Building CXX object modules/imgproc/CMakeFiles/opencv_test_imgproc.dir/test/ocl/test_imgproc.cpp.o
[771/3882] Building CXX object modules/core/CMakeFiles/opencv_perf_core.dir/perf/perf_flip.cpp.o
[772/3882] Building CXX object modules/imgproc/CMakeFiles/opencv_test_imgproc.dir/test/ocl/test_warp.cpp.o
[773/3882] Building CXX object modules/imgproc/CMakeFiles/opencv_test_imgproc.dir/test/ocl/test_match_template.cpp.o
[774/3882] Building CXX object modules/core/CMakeFiles/opencv_test_core.dir/test/test_mat.cpp.o
[775/3882] Building CXX object modules/core/CMakeFiles/opencv_perf_core.dir/perf/opencl/perf_arithm.cpp.o
[776/3882] Building CXX object modules/imgproc/CMakeFiles/opencv_test_imgproc.dir/test/ocl/test_filters.cpp.o
[777/3882] Building CXX object modules/core/CMakeFiles/opencv_perf_core.dir/perf/perf_gemm.cpp.o
[778/3882] Building CXX object modules/imgproc/CMakeFiles/opencv_test_imgproc.dir/test/test_approxpoly.cpp.o
[779/3882] Building CXX object modules/core/CMakeFiles/opencv_test_core.dir/test/ocl/test_dft.cpp.o
[780/3882] Building CXX object modules/core/CMakeFiles/opencv_perf_core.dir/perf/perf_math.cpp.o
[781/3882] Building CXX object modules/core/CMakeFiles/opencv_test_core.dir/test/test_io.cpp.o
[782/3882] Building CXX object modules/core/CMakeFiles/opencv_perf_core.dir/perf/perf_dot.cpp.o
[783/3882] Building CXX object modules/core/CMakeFiles/opencv_test_core.dir/test/ocl/test_arithm.cpp.o
[784/3882] Building CXX object modules/imgproc/CMakeFiles/opencv_test_imgproc.dir/test/ocl/test_histogram.cpp.o
[785/3882] Building CXX object modules/core/CMakeFiles/opencv_test_core.dir/test/test_intrin_emulator.cpp.o
[786/3882] Building CXX object modules/core/CMakeFiles/opencv_perf_core.dir/perf/perf_stat.cpp.o
[787/3882] Building CXX object modules/imgproc/CMakeFiles/opencv_test_imgproc.dir/test/ocl/test_medianfilter.cpp.o
[788/3882] Building CXX object modules/core/CMakeFiles/opencv_perf_core.dir/perf/perf_arithm.cpp.o
[789/3882] Building CXX object modules/imgproc/CMakeFiles/opencv_imgproc.dir/accum.avx.cpp.o
[790/3882] Building CXX object modules/core/CMakeFiles/opencv_test_core.dir/test/test_intrin128.avx.cpp.o
[791/3882] Building CXX object modules/core/CMakeFiles/opencv_test_core.dir/test/test_intrin128.sse4_1.cpp.o
[792/3882] Building CXX object modules/core/CMakeFiles/opencv_test_core.dir/test/test_quaternion.cpp.o
[793/3882] Building CXX object modules/core/CMakeFiles/opencv_test_core.dir/test/test_intrin128.fp16.cpp.o
[794/3882] Building CXX object modules/core/CMakeFiles/opencv_test_core.dir/test/test_intrin128.avx512_skx.cpp.o
[795/3882] Building CXX object modules/flann/CMakeFiles/opencv_test_flann.dir/test/test_lshtable_badarg.cpp.o
[796/3882] Building CXX object modules/core/CMakeFiles/opencv_test_core.dir/test/test_intrin256.avx2.cpp.o
[797/3882] Building CXX object modules/core/CMakeFiles/opencv_test_core.dir/test/test_intrin128.sse4_2.cpp.o
[798/3882] Building CXX object modules/core/CMakeFiles/opencv_test_core.dir/test/test_intrin128.avx2.cpp.o
[799/3882] Building CXX object modules/imgproc/CMakeFiles/opencv_test_imgproc.dir/test/test_contours.cpp.o
[800/3882] Building CXX object modules/core/CMakeFiles/opencv_test_core.dir/test/test_umat.cpp.o
[801/3882] Building CXX object modules/core/CMakeFiles/opencv_test_core.dir/test/test_intrin128.sse3.cpp.o
[802/3882] Building CXX object modules/core/CMakeFiles/opencv_test_core.dir/test/test_arithm.cpp.o
[803/3882] Building CXX object modules/core/CMakeFiles/opencv_test_core.dir/test/test_intrin512.avx512_skx.cpp.o
[804/3882] Building CXX object modules/core/CMakeFiles/opencv_test_core.dir/test/test_ptr.cpp.o
[805/3882] Building CXX object modules/imgproc/CMakeFiles/opencv_test_imgproc.dir/test/test_color.cpp.o
[806/3882] Building CXX object modules/core/CMakeFiles/opencv_test_core.dir/test/test_operations.cpp.o
[807/3882] Building CXX object modules/core/CMakeFiles/opencv_test_core.dir/test/test_intrin128.ssse3.cpp.o
[808/3882] Building CXX object modules/core/CMakeFiles/opencv_test_core.dir/test/test_intrin.cpp.o
[809/3882] Building CXX object modules/core/CMakeFiles/opencv_test_core.dir/test/test_intrin256.avx512_skx.cpp.o
[810/3882] Building CXX object modules/reg/CMakeFiles/opencv_reg.dir/src/mapshift.cpp.o
[811/3882] Building CXX object modules/imgproc/CMakeFiles/opencv_test_imgproc.dir/test/test_fitellipse.cpp.o
[812/3882] Building CXX object modules/quality/CMakeFiles/opencv_quality.dir/src/qualitymse.cpp.o
[813/3882] Building CXX object modules/plot/CMakeFiles/example_plot_plot_demo.dir/samples/plot_demo.cpp.o
[814/3882] Building CXX object modules/quality/CMakeFiles/example_quality_brisque_trainer_livedb.dir/samples/brisque_trainer_livedb.cpp.o
[815/3882] Building CXX object modules/phase_unwrapping/CMakeFiles/example_phase_unwrapping_unwrap.dir/samples/unwrap.cpp.o
[816/3882] Building CXX object modules/reg/CMakeFiles/opencv_reg.dir/src/mapprojec.cpp.o
[817/3882] Building CXX object modules/intensity_transform/CMakeFiles/opencv_intensity_transform.dir/src/bimef.cpp.o
[818/3882] Building CXX object modules/reg/CMakeFiles/opencv_reg.dir/src/mappergradsimilar.cpp.o
[819/3882] Building CXX object modules/imgproc/CMakeFiles/opencv_test_imgproc.dir/test/test_moments.cpp.o
[820/3882] Building CXX object modules/quality/CMakeFiles/opencv_quality.dir/src/qualityssim.cpp.o
[821/3882] Building CXX object modules/reg/CMakeFiles/opencv_reg.dir/src/mappergradaffine.cpp.o
[822/3882] Building CXX object modules/reg/CMakeFiles/opencv_reg.dir/src/map.cpp.o
[823/3882] Building CXX object modules/intensity_transform/CMakeFiles/example_intensity_transform_intensity_transform.dir/samples/intensity_transform.cpp.o
[824/3882] Building CXX object modules/videoio/CMakeFiles/opencv_test_videoio.dir/test/test_v4l2.cpp.o
[825/3882] Building CXX object modules/intensity_transform/CMakeFiles/opencv_intensity_transform.dir/src/intensity_transform.cpp.o
[826/3882] Building CXX object modules/fuzzy/CMakeFiles/opencv_fuzzy.dir/src/fuzzy_image.cpp.o
[827/3882] Building CXX object modules/imgproc/CMakeFiles/opencv_perf_imgproc.dir/perf/perf_houghlines.cpp.o
[828/3882] Building CXX object modules/imgproc/CMakeFiles/opencv_perf_imgproc.dir/perf/opencl/perf_blend.cpp.o
[829/3882] Building CXX object modules/imgproc/CMakeFiles/opencv_test_imgproc.dir/test/test_fitellipse_ams.cpp.o
[830/3882] Building CXX object modules/imgproc/CMakeFiles/opencv_test_imgproc.dir/test/test_cvtyuv.cpp.o
[831/3882] Building CXX object modules/plot/CMakeFiles/opencv_plot.dir/src/plot.cpp.o
[832/3882] Building CXX object modules/img_hash/CMakeFiles/opencv_img_hash.dir/src/marr_hildreth_hash.cpp.o
[833/3882] Building CXX object modules/reg/CMakeFiles/opencv_reg.dir/src/mappergradproj.cpp.o
[834/3882] Building CXX object modules/reg/CMakeFiles/opencv_reg.dir/src/mapperpyramid.cpp.o
[835/3882] Building CXX object modules/imgproc/CMakeFiles/opencv_test_imgproc.dir/test/test_subdivision2d.cpp.o
[836/3882] Building CXX object modules/img_hash/CMakeFiles/opencv_img_hash.dir/src/radial_variance_hash.cpp.o
[837/3882] Building CXX object modules/ml/CMakeFiles/opencv_test_ml.dir/test/test_utils.cpp.o
[838/3882] Building CXX object modules/quality/CMakeFiles/opencv_quality.dir/src/qualitygmsd.cpp.o
[839/3882] Building CXX object modules/imgproc/CMakeFiles/opencv_test_imgproc.dir/test/test_imgwarp_strict.cpp.o
[840/3882] Building CXX object modules/imgproc/CMakeFiles/opencv_perf_imgproc.dir/perf/perf_goodFeaturesToTrack.cpp.o
[841/3882] Building CXX object modules/imgproc/CMakeFiles/opencv_test_imgproc.dir/test/test_cornersubpix.cpp.o
[842/3882] Building CXX object modules/imgproc/CMakeFiles/opencv_test_imgproc.dir/test/test_pyramid.cpp.o
[843/3882] Building CXX object modules/surface_matching/CMakeFiles/example_surface_matching_ppf_load_match.dir/samples/ppf_load_match.cpp.o
[844/3882] Building CXX object modules/reg/CMakeFiles/opencv_reg.dir/src/mappergradshift.cpp.o
[845/3882] Building CXX object modules/img_hash/CMakeFiles/opencv_img_hash.dir/src/color_moment_hash.cpp.o
[846/3882] Building CXX object modules/imgproc/CMakeFiles/opencv_test_imgproc.dir/test/test_thresh.cpp.o
[847/3882] Building CXX object modules/imgproc/CMakeFiles/opencv_perf_imgproc.dir/perf/opencl/perf_moments.cpp.o
[848/3882] Building CXX object modules/fuzzy/CMakeFiles/example_fuzzy_fuzzy_inpainting.dir/samples/fuzzy_inpainting.cpp.o
[849/3882] Building CXX object modules/quality/CMakeFiles/example_quality_brisque_eval_tid2008.dir/samples/brisque_eval_tid2008.cpp.o
[850/3882] Building CXX object modules/fuzzy/CMakeFiles/opencv_fuzzy.dir/src/fuzzy_F1_math.cpp.o
[851/3882] Building CXX object modules/imgcodecs/CMakeFiles/opencv_imgcodecs.dir/src/grfmt_pam.cpp.o
[852/3882] Building CXX object modules/img_hash/CMakeFiles/opencv_img_hash.dir/src/img_hash_base.cpp.o
[853/3882] Building CXX object modules/imgcodecs/CMakeFiles/opencv_imgcodecs.dir/src/bitstrm.cpp.o
[854/3882] Building CXX object modules/imgcodecs/CMakeFiles/opencv_imgcodecs.dir/src/grfmt_jpeg.cpp.o
[855/3882] Building CXX object modules/imgproc/CMakeFiles/opencv_test_imgproc.dir/test/test_stackblur.cpp.o
[856/3882] Building CXX object modules/imgcodecs/CMakeFiles/opencv_imgcodecs.dir/src/utils.cpp.o
[857/3882] Building CXX object modules/fuzzy/CMakeFiles/opencv_fuzzy.dir/src/fuzzy_F0_math.cpp.o
[858/3882] Building CXX object modules/imgproc/CMakeFiles/opencv_test_imgproc.dir/test/test_distancetransform.cpp.o
[859/3882] Building CXX object modules/fuzzy/CMakeFiles/example_fuzzy_fuzzy_filtering.dir/samples/fuzzy_filtering.cpp.o
[860/3882] Building CXX object modules/imgproc/CMakeFiles/opencv_perf_imgproc.dir/perf/perf_phasecorr.cpp.o
[861/3882] Building CXX object modules/imgproc/CMakeFiles/opencv_test_imgproc.dir/test/test_pc.cpp.o
[862/3882] Building CXX object modules/imgproc/CMakeFiles/opencv_perf_imgproc.dir/perf/opencl/perf_filters.cpp.o
[863/3882] Building CXX object modules/intensity_transform/CMakeFiles/opencv_test_intensity_transform.dir/test/test_intensity_transform.cpp.o
[864/3882] Building CXX object modules/imgproc/CMakeFiles/opencv_test_imgproc.dir/test/test_intersectconvexconvex.cpp.o
[865/3882] Building CXX object modules/quality/CMakeFiles/opencv_quality.dir/src/qualitybrisque.cpp.o
[866/3882] Building CXX object modules/reg/CMakeFiles/opencv_reg.dir/src/mapper.cpp.o
[867/3882] Building CXX object modules/img_hash/CMakeFiles/example_img_hash_hash_samples.dir/samples/hash_samples.cpp.o
[868/3882] Building CXX object modules/img_hash/CMakeFiles/opencv_img_hash.dir/src/block_mean_hash.cpp.o
[869/3882] Building CXX object modules/phase_unwrapping/CMakeFiles/opencv_test_phase_unwrapping.dir/test/test_main.cpp.o
[870/3882] Building CXX object modules/imgproc/CMakeFiles/opencv_test_imgproc.dir/test/test_imgwarp.cpp.o
[871/3882] Building CXX object modules/imgcodecs/CMakeFiles/opencv_imgcodecs.dir/src/grfmt_hdr.cpp.o
[872/3882] Building CXX object modules/imgproc/CMakeFiles/opencv_test_imgproc.dir/test/test_contours_new.cpp.o
[873/3882] Building CXX object modules/imgproc/CMakeFiles/opencv_perf_imgproc.dir/perf/perf_distanceTransform.cpp.o
[874/3882] Building CXX object modules/imgproc/CMakeFiles/opencv_test_imgproc.dir/test/test_resize_bitexact.cpp.o
[875/3882] Building CXX object modules/imgproc/CMakeFiles/opencv_test_imgproc.dir/test/test_fitellipse_direct.cpp.o
[876/3882] Building CXX object modules/imgproc/CMakeFiles/opencv_test_imgproc.dir/test/test_floodfill.cpp.o
[877/3882] Building CXX object modules/imgproc/CMakeFiles/opencv_test_imgproc.dir/test/test_intelligent_scissors.cpp.o
[878/3882] Building CXX object modules/imgcodecs/CMakeFiles/opencv_imgcodecs.dir/src/grfmt_avif.cpp.o
[879/3882] Building CXX object modules/imgcodecs/CMakeFiles/opencv_imgcodecs.dir/src/grfmt_jpegxl.cpp.o
[880/3882] Building CXX object modules/quality/CMakeFiles/opencv_test_quality.dir/test/test_mse.cpp.o
[881/3882] Building CXX object modules/imgproc/CMakeFiles/opencv_perf_imgproc.dir/perf/perf_emd.cpp.o
[882/3882] Building CXX object modules/imgcodecs/CMakeFiles/opencv_imgcodecs.dir/src/grfmt_pxm.cpp.o
[883/3882] Building CXX object modules/imgproc/CMakeFiles/opencv_perf_imgproc.dir/perf/opencl/perf_imgwarp.cpp.o
[884/3882] Building CXX object modules/ml/CMakeFiles/opencv_test_ml.dir/test/test_svmtrainauto.cpp.o
[885/3882] Building CXX object modules/imgproc/CMakeFiles/opencv_perf_imgproc.dir/perf/opencl/perf_matchTemplate.cpp.o
[886/3882] Building CXX object modules/imgcodecs/CMakeFiles/opencv_imgcodecs.dir/src/grfmt_spng.cpp.o
[887/3882] Building CXX object modules/reg/CMakeFiles/opencv_reg.dir/src/mappergradeuclid.cpp.o
[888/3882] Building CXX object modules/imgcodecs/CMakeFiles/opencv_imgcodecs.dir/src/grfmt_bmp.cpp.o
[889/3882] Building CXX object modules/imgproc/CMakeFiles/opencv_test_imgproc.dir/test/test_contours_truco.cpp.o
[890/3882] Building CXX object modules/imgcodecs/CMakeFiles/opencv_imgcodecs.dir/src/grfmt_gif.cpp.o
[891/3882] Building CXX object modules/imgproc/CMakeFiles/opencv_perf_imgproc.dir/perf/opencl/perf_houghlines.cpp.o
[892/3882] Building CXX object modules/reg/CMakeFiles/opencv_reg.dir/src/mapaffine.cpp.o
[893/3882] Building CXX object modules/ml/CMakeFiles/opencv_test_ml.dir/test/test_kmeans.cpp.o
[894/3882] Building CXX object modules/imgcodecs/CMakeFiles/opencv_imgcodecs.dir/src/grfmt_base.cpp.o
[895/3882] Building CXX object modules/reg/CMakeFiles/example_reg_map_test.dir/samples/map_test.cpp.o
[896/3882] Building CXX object modules/imgproc/CMakeFiles/opencv_perf_imgproc.dir/perf/opencl/perf_accumulate.cpp.o
[897/3882] Building CXX object modules/imgproc/CMakeFiles/opencv_test_imgproc.dir/test/test_main.cpp.o
[898/3882] Building CXX object modules/imgcodecs/CMakeFiles/opencv_imgcodecs.dir/src/grfmt_exr.cpp.o
[899/3882] Building CXX object modules/imgcodecs/CMakeFiles/opencv_imgcodecs.dir/src/rgbe.cpp.o
[900/3882] Building CXX object modules/imgproc/CMakeFiles/opencv_test_imgproc.dir/test/test_imgproc_umat.cpp.o
[901/3882] Building CXX object modules/imgproc/CMakeFiles/opencv_perf_imgproc.dir/perf/perf_warp.cpp.o
[902/3882] Building CXX object modules/imgproc/CMakeFiles/opencv_perf_imgproc.dir/perf/perf_houghcircles.cpp.o
[903/3882] Building CXX object modules/ml/CMakeFiles/opencv_test_ml.dir/test/test_bayes.cpp.o
[904/3882] Building CXX object modules/imgproc/CMakeFiles/opencv_test_imgproc.dir/test/test_convhull.cpp.o
[905/3882] Building CXX object modules/imgcodecs/CMakeFiles/opencv_imgcodecs.dir/src/grfmt_jpeg2000_openjpeg.cpp.o
[906/3882] Building CXX object modules/imgcodecs/CMakeFiles/opencv_imgcodecs.dir/src/grfmt_gdcm.cpp.o
[907/3882] Building CXX object modules/ml/CMakeFiles/opencv_test_ml.dir/test/test_main.cpp.o
[908/3882] Building CXX object modules/surface_matching/CMakeFiles/example_surface_matching_ppf_normal_computation.dir/samples/ppf_normal_computation.cpp.o
[909/3882] Building CXX object modules/imgproc/CMakeFiles/opencv_perf_imgproc.dir/perf/opencl/perf_gftt.cpp.o
[910/3882] Building CXX object modules/imgproc/CMakeFiles/opencv_test_imgproc.dir/test/test_watershed.cpp.o
[911/3882] Building CXX object modules/imgproc/CMakeFiles/opencv_perf_imgproc.dir/perf/perf_main.cpp.o
[912/3882] Building CXX object modules/imgproc/CMakeFiles/opencv_test_imgproc.dir/test/test_houghcircles.cpp.o
[913/3882] Building CXX object modules/imgproc/CMakeFiles/opencv_perf_imgproc.dir/perf/perf_intelligent_scissors.cpp.o
[914/3882] Building CXX object modules/imgcodecs/CMakeFiles/opencv_imgcodecs.dir/src/grfmt_jpeg2000.cpp.o
[915/3882] Building CXX object modules/ml/CMakeFiles/opencv_test_ml.dir/test/test_svmsgd.cpp.o
[916/3882] Building CXX object modules/imgproc/CMakeFiles/opencv_test_imgproc.dir/test/test_goodfeaturetotrack.cpp.o
[917/3882] Building CXX object modules/imgcodecs/CMakeFiles/opencv_imgcodecs.dir/src/grfmt_pfm.cpp.o
[918/3882] Building CXX object modules/imgproc/CMakeFiles/opencv_test_imgproc.dir/test/test_filter.cpp.o
[919/3882] Building CXX object modules/imgproc/CMakeFiles/opencv_perf_imgproc.dir/perf/perf_filter2d.cpp.o
[920/3882] Building CXX object modules/phase_unwrapping/CMakeFiles/opencv_phase_unwrapping.dir/src/histogramphaseunwrapping.cpp.o
[921/3882] Building CXX object modules/ml/CMakeFiles/opencv_perf_ml.dir/perf/perf_knn.cpp.o
[922/3882] Building CXX object modules/imgproc/CMakeFiles/opencv_perf_imgproc.dir/perf/opencl/perf_3vs4.cpp.o
[923/3882] Building CXX object modules/ml/CMakeFiles/opencv_perf_ml.dir/perf/perf_main.cpp.o
[924/3882] Building CXX object modules/imgcodecs/CMakeFiles/opencv_imgcodecs.dir/src/grfmt_gdal.cpp.o
[925/3882] Building CXX object modules/imgcodecs/CMakeFiles/opencv_imgcodecs.dir/src/grfmt_sunras.cpp.o
[926/3882] Building CXX object modules/img_hash/CMakeFiles/opencv_img_hash.dir/src/phash.cpp.o
[927/3882] Building CXX object modules/imgproc/CMakeFiles/opencv_test_imgproc.dir/test/test_drawing.cpp.o
[928/3882] Building CXX object modules/ml/CMakeFiles/opencv_test_ml.dir/test/test_ann.cpp.o
[929/3882] Building CXX object modules/ml/CMakeFiles/opencv_test_ml.dir/test/test_rtrees.cpp.o
[930/3882] Building CXX object modules/imgproc/CMakeFiles/opencv_test_imgproc.dir/test/test_grabcut.cpp.o
[931/3882] Building CXX object modules/signal/CMakeFiles/opencv_test_signal.dir/test/test_main.cpp.o
[932/3882] Building CXX object modules/imgcodecs/CMakeFiles/opencv_imgcodecs.dir/src/grfmt_png.cpp.o
[933/3882] Building CXX object modules/quality/CMakeFiles/opencv_test_quality.dir/test/test_main.cpp.o
[934/3882] Linking CXX shared library lib/libopencv_imgproc.so.4.14.0
[935/3882] Building CXX object modules/img_hash/CMakeFiles/opencv_img_hash.dir/src/average_hash.cpp.o
[936/3882] Creating library symlink lib/libopencv_imgproc.so.414 lib/libopencv_imgproc.so
[937/3882] Building CXX object modules/imgproc/CMakeFiles/opencv_perf_imgproc.dir/perf/perf_floodfill.cpp.o
[938/3882] Building CXX object modules/imgproc/CMakeFiles/opencv_test_imgproc.dir/test/test_structuring_element.cpp.o
[939/3882] Building CXX object modules/quality/CMakeFiles/opencv_test_quality.dir/test/test_gmsd.cpp.o
[940/3882] Building CXX object modules/imgproc/CMakeFiles/opencv_perf_imgproc.dir/perf/perf_threshold.cpp.o
[941/3882] Processing OpenCL kernels (features2d)
[942/3882] Building CXX object modules/imgproc/CMakeFiles/opencv_perf_imgproc.dir/perf/opencl/perf_color.cpp.o
[943/3882] Building CXX object modules/imgcodecs/CMakeFiles/opencv_imgcodecs.dir/src/grfmt_webp.cpp.o
[944/3882] Building CXX object modules/imgproc/CMakeFiles/opencv_perf_imgproc.dir/perf/perf_histogram.cpp.o
[945/3882] Building CXX object modules/imgproc/CMakeFiles/opencv_test_imgproc.dir/test/test_ipc.cpp.o
[946/3882] Building CXX object modules/imgproc/CMakeFiles/opencv_perf_imgproc.dir/perf/perf_resize.cpp.o
[947/3882] Linking CXX shared library lib/libopencv_intensity_transform.so.4.14.0
[948/3882] Creating library symlink lib/libopencv_intensity_transform.so.414 lib/libopencv_intensity_transform.so
[949/3882] Linking CXX shared library lib/libopencv_fuzzy.so.4.14.0
[950/3882] Linking CXX shared library lib/libopencv_plot.so.4.14.0
[951/3882] Creating library symlink lib/libopencv_fuzzy.so.414 lib/libopencv_fuzzy.so
[952/3882] Creating library symlink lib/libopencv_plot.so.414 lib/libopencv_plot.so
[953/3882] Linking CXX shared library lib/libopencv_phase_unwrapping.so.4.14.0
[954/3882] Building CXX object modules/imgproc/CMakeFiles/opencv_perf_imgproc.dir/perf/opencl/perf_pyramid.cpp.o
[955/3882] Creating library symlink lib/libopencv_phase_unwrapping.so.414 lib/libopencv_phase_unwrapping.so
[956/3882] Building CXX object modules/ml/CMakeFiles/opencv_test_ml.dir/test/test_knearest.cpp.o
[957/3882] Linking CXX shared library lib/libopencv_quality.so.4.14.0
[958/3882] Building CXX object modules/ml/CMakeFiles/opencv_test_ml.dir/test/test_save_load.cpp.o
[959/3882] Creating library symlink lib/libopencv_quality.so.414 lib/libopencv_quality.so
[960/3882] Linking CXX shared library lib/libopencv_reg.so.4.14.0
[961/3882] Creating library symlink lib/libopencv_reg.so.414 lib/libopencv_reg.so
[962/3882] Building CXX object modules/imgproc/CMakeFiles/opencv_perf_imgproc.dir/perf/perf_cvt_color.cpp.o
[963/3882] Building CXX object modules/ml/CMakeFiles/opencv_test_ml.dir/test/test_lr.cpp.o
[964/3882] Linking CXX shared library lib/libopencv_img_hash.so.4.14.0
[965/3882] Building CXX object modules/imgcodecs/CMakeFiles/opencv_imgcodecs.dir/src/grfmt_tiff.cpp.o
[966/3882] Creating library symlink lib/libopencv_img_hash.so.414 lib/libopencv_img_hash.so
[967/3882] Building CXX object modules/videoio/CMakeFiles/opencv_videoio.dir/src/videoio_c.cpp.o
[968/3882] Building CXX object modules/imgproc/CMakeFiles/opencv_perf_imgproc.dir/perf/perf_moments.cpp.o
[969/3882] Building CXX object modules/imgproc/CMakeFiles/opencv_perf_imgproc.dir/perf/perf_integral.cpp.o
[970/3882] Building CXX object modules/quality/CMakeFiles/opencv_test_quality.dir/test/test_brisque.cpp.o
[971/3882] Building CXX object modules/reg/CMakeFiles/opencv_test_reg.dir/test/test_reg.cpp.o
[972/3882] Building CXX object modules/imgcodecs/CMakeFiles/opencv_imgcodecs.dir/src/exif.cpp.o
[973/3882] Building CXX object modules/signal/CMakeFiles/opencv_test_signal.dir/test/test_signal.cpp.o
[974/3882] Building CXX object modules/ml/CMakeFiles/opencv_test_ml.dir/test/test_em.cpp.o
[975/3882] Building CXX object modules/fuzzy/CMakeFiles/opencv_test_fuzzy.dir/test/test_main.cpp.o
[976/3882] Building CXX object modules/imgproc/CMakeFiles/opencv_perf_imgproc.dir/perf/perf_pyramids.cpp.o
[977/3882] Building CXX object modules/quality/CMakeFiles/opencv_test_quality.dir/test/test_ssim.cpp.o
[978/3882] Building CXX object modules/imgproc/CMakeFiles/opencv_test_imgproc.dir/test/test_templmatch.cpp.o
[979/3882] Building CXX object modules/ml/CMakeFiles/opencv_test_ml.dir/test/test_mltests.cpp.o
[980/3882] Building CXX object modules/imgproc/CMakeFiles/opencv_test_imgproc.dir/test/test_emd.cpp.o
[981/3882] Building CXX object modules/reg/CMakeFiles/opencv_perf_reg.dir/perf/perf_main.cpp.o
[982/3882] Building NVCC (Device) object modules/cudaarithm/CMakeFiles/cuda_compile_1.dir/src/cuda/cuda_compile_1_generated_absdiff_mat.cu.o
[983/3882] Building CXX object modules/img_hash/CMakeFiles/opencv_test_img_hash.dir/test/test_average_hash.cpp.o
[984/3882] Building CXX object modules/imgproc/CMakeFiles/opencv_perf_imgproc.dir/perf/perf_canny.cpp.o
[985/3882] Building CXX object modules/imgproc/CMakeFiles/opencv_perf_imgproc.dir/perf/perf_morph.cpp.o
[986/3882] Building CXX object modules/imgproc/CMakeFiles/opencv_perf_imgproc.dir/perf/perf_remap.cpp.o
[987/3882] Building CXX object modules/videoio/CMakeFiles/opencv_videoio.dir/src/cap_images.cpp.o
[988/3882] Building CXX object modules/intensity_transform/CMakeFiles/opencv_test_intensity_transform.dir/test/test_main.cpp.o
[989/3882] Building CXX object modules/imgcodecs/CMakeFiles/opencv_imgcodecs.dir/src/loadsave.cpp.o
[990/3882] Building CXX object modules/img_hash/CMakeFiles/opencv_test_img_hash.dir/test/test_block_mean_hash.cpp.o
[991/3882] Building CXX object modules/imgproc/CMakeFiles/opencv_perf_imgproc.dir/perf/perf_spatialgradient.cpp.o
[992/3882] Building CXX object modules/imgproc/CMakeFiles/opencv_perf_imgproc.dir/perf/perf_matchTemplate.cpp.o
[993/3882] Building CXX object modules/imgproc/CMakeFiles/opencv_perf_imgproc.dir/perf/perf_laplacian.cpp.o
[994/3882] Building CXX object modules/imgproc/CMakeFiles/opencv_test_imgproc.dir/test/test_intersection.cpp.o
[995/3882] Building CXX object modules/imgproc/CMakeFiles/opencv_perf_imgproc.dir/perf/perf_sepfilters.cpp.o
[996/3882] Building CXX object modules/imgproc/CMakeFiles/opencv_test_imgproc.dir/test/test_templmatchmask.cpp.o
[997/3882] Building CXX object modules/imgproc/CMakeFiles/opencv_test_imgproc.dir/test/test_histograms.cpp.o
[998/3882] Building NVCC (Device) object modules/cudaarithm/CMakeFiles/cuda_compile_1.dir/src/cuda/cuda_compile_1_generated_split_merge.cu.o
[999/3882] Building CXX object modules/img_hash/CMakeFiles/opencv_test_img_hash.dir/test/test_marr_hildreth_hash.cpp.o
[1000/3882] Building CXX object modules/imgproc/CMakeFiles/opencv_perf_imgproc.dir/perf/perf_corners.cpp.o
[1001/3882] Building CXX object modules/fuzzy/CMakeFiles/opencv_test_fuzzy.dir/test/test_f1.cpp.o
[1002/3882] Building CXX object modules/fuzzy/CMakeFiles/opencv_test_fuzzy.dir/test/test_image.cpp.o
[1003/3882] Building CXX object modules/reg/CMakeFiles/opencv_perf_reg.dir/perf/perf_reg.cpp.o
[1004/3882] Building CXX object modules/videoio/CMakeFiles/opencv_videoio.dir/src/backend_plugin.cpp.o
[1005/3882] Building CXX object modules/imgproc/CMakeFiles/opencv_perf_imgproc.dir/perf/perf_bilateral.cpp.o
[1006/3882] Building CXX object modules/imgproc/CMakeFiles/opencv_test_imgproc.dir/test/test_houghlines.cpp.o
[1007/3882] Building NVCC (Device) object modules/cudaarithm/CMakeFiles/cuda_compile_1.dir/src/cuda/cuda_compile_1_generated_norm.cu.o
[1008/3882] Building CXX object modules/ml/CMakeFiles/opencv_perf_ml.dir/perf/perf_svm.cpp.o
[1009/3882] Building CXX object modules/imgproc/CMakeFiles/opencv_perf_imgproc.dir/perf/opencl/perf_imgproc.cpp.o
[1010/3882] Building CXX object modules/imgproc/CMakeFiles/opencv_perf_imgproc.dir/perf/perf_contours.cpp.o
[1011/3882] Building NVCC (Device) object modules/cudaarithm/CMakeFiles/cuda_compile_1.dir/src/cuda/cuda_compile_1_generated_integral.cu.o
[1012/3882] Building CXX object modules/fuzzy/CMakeFiles/opencv_test_fuzzy.dir/test/test_f0.cpp.o
[1013/3882] Building NVCC (Device) object modules/cudaarithm/CMakeFiles/cuda_compile_1.dir/src/cuda/cuda_compile_1_generated_polar_cart.cu.o
[1014/3882] Building NVCC (Device) object modules/cudaarithm/CMakeFiles/cuda_compile_1.dir/src/cuda/cuda_compile_1_generated_bitwise_mat.cu.o
[1015/3882] Building CXX object modules/videoio/CMakeFiles/opencv_videoio.dir/src/container_avi.cpp.o
[1016/3882] Building CXX object modules/imgproc/CMakeFiles/opencv_test_imgproc.dir/test/test_smooth_bitexact.cpp.o
[1017/3882] Building CXX object modules/reg/CMakeFiles/opencv_test_reg.dir/test/test_main.cpp.o
[1018/3882] Building CXX object modules/imgproc/CMakeFiles/opencv_perf_imgproc.dir/perf/perf_accumulate.cpp.o
[1019/3882] Building NVCC (Device) object modules/cudaarithm/CMakeFiles/cuda_compile_1.dir/src/cuda/cuda_compile_1_generated_copy_make_border.cu.o
[1020/3882] Building NVCC (Device) object modules/cudaarithm/CMakeFiles/cuda_compile_1.dir/src/cuda/cuda_compile_1_generated_cmp_mat.cu.o
[1021/3882] Building CXX object modules/imgproc/CMakeFiles/opencv_test_imgproc.dir/test/test_lsd.cpp.o
[1022/3882] Building CXX object modules/phase_unwrapping/CMakeFiles/opencv_test_phase_unwrapping.dir/test/test_unwrapping.cpp.o
[1023/3882] Building CXX object modules/imgproc/CMakeFiles/opencv_perf_imgproc.dir/perf/perf_blur.cpp.o
[1024/3882] Building CXX object modules/videoio/CMakeFiles/opencv_videoio.dir/src/cap_mjpeg_encoder.cpp.o
[1025/3882] Building CXX object modules/signal/CMakeFiles/opencv_perf_signal.dir/perf/perf_main.cpp.o
[1026/3882] Building CXX object modules/signal/CMakeFiles/opencv_perf_signal.dir/perf/perf_resample.cpp.o
[1027/3882] Building CXX object modules/imgcodecs/CMakeFiles/opencv_perf_imgcodecs.dir/perf/perf_main.cpp.o
[1028/3882] Building NVCC (Device) object modules/cudaarithm/CMakeFiles/cuda_compile_1.dir/src/cuda/cuda_compile_1_generated_math.cu.o
[1029/3882] Building CXX object modules/img_hash/CMakeFiles/opencv_test_img_hash.dir/test/test_radial_variance_hash.cpp.o
[1030/3882] Building CXX object modules/quality/CMakeFiles/opencv_test_quality.dir/test/test_psnr.cpp.o
[1031/3882] Building CXX object modules/imgcodecs/CMakeFiles/opencv_test_imgcodecs.dir/test/test_grfmt.cpp.o
[1032/3882] Building CXX object modules/videoio/CMakeFiles/opencv_videoio.dir/src/videoio_registry.cpp.o
[1033/3882] Building CXX object modules/videoio/CMakeFiles/opencv_videoio.dir/src/cap.cpp.o
[1034/3882] Building NVCC (Device) object modules/cudaarithm/CMakeFiles/cuda_compile_1.dir/src/cuda/cuda_compile_1_generated_transpose.cu.o
[1035/3882] Building CXX object modules/imgcodecs/CMakeFiles/opencv_test_imgcodecs.dir/test/test_main.cpp.o
[1036/3882] Building CXX object modules/img_hash/CMakeFiles/opencv_test_img_hash.dir/test/test_main.cpp.o
[1037/3882] Building NVCC (Device) object modules/cudaarithm/CMakeFiles/cuda_compile_1.dir/src/cuda/cuda_compile_1_generated_sum.cu.o
[1038/3882] Building CXX object modules/imgcodecs/CMakeFiles/opencv_test_imgcodecs.dir/test/test_exif.cpp.o
[1039/3882] Building CXX object modules/videoio/CMakeFiles/opencv_videoio.dir/src/cap_obsensor/obsensor_uvc_stream_channel.cpp.o
[1040/3882] Building NVCC (Device) object modules/cudaarithm/CMakeFiles/cuda_compile_1.dir/src/cuda/cuda_compile_1_generated_lut.cu.o
[1041/3882] Building NVCC (Device) object modules/cudaarithm/CMakeFiles/cuda_compile_1.dir/src/cuda/cuda_compile_1_generated_threshold.cu.o
[1042/3882] Building NVCC (Device) object modules/cudaarithm/CMakeFiles/cuda_compile_1.dir/src/cuda/cuda_compile_1_generated_mul_scalar.cu.o
[1043/3882] Building NVCC (Device) object modules/cudaarithm/CMakeFiles/cuda_compile_1.dir/src/cuda/cuda_compile_1_generated_minmax_mat.cu.o
[1044/3882] Building CXX object modules/videoio/CMakeFiles/opencv_videoio.dir/src/cap_mjpeg_decoder.cpp.o
[1045/3882] Building CXX object modules/imgcodecs/CMakeFiles/opencv_test_imgcodecs.dir/test/test_gif.cpp.o
[1046/3882] Building CXX object modules/videoio/CMakeFiles/opencv_videoio.dir/src/backend_static.cpp.o
[1047/3882] Building CXX object modules/imgcodecs/CMakeFiles/opencv_test_imgcodecs.dir/test/test_png.cpp.o
[1048/3882] Building CXX object modules/imgcodecs/CMakeFiles/opencv_test_imgcodecs.dir/test/test_webp.cpp.o
[1049/3882] Building CXX object modules/imgcodecs/CMakeFiles/opencv_test_imgcodecs.dir/test/test_gdal.cpp.o
[1050/3882] Building CXX object modules/img_hash/CMakeFiles/opencv_test_img_hash.dir/test/test_phash.cpp.o
[1051/3882] Building CXX object modules/imgcodecs/CMakeFiles/opencv_test_imgcodecs.dir/test/test_jpeg.cpp.o
[1052/3882] Building CXX object modules/imgcodecs/CMakeFiles/opencv_test_imgcodecs.dir/test/test_jpegxl.cpp.o
[1053/3882] Building CXX object modules/imgcodecs/CMakeFiles/opencv_perf_imgcodecs.dir/perf/perf_png.cpp.o
[1054/3882] Building CXX object modules/imgcodecs/CMakeFiles/opencv_test_imgcodecs.dir/test/test_bmp.cpp.o
[1055/3882] Building CXX object modules/imgcodecs/CMakeFiles/opencv_test_imgcodecs.dir/test/test_common.cpp.o
[1056/3882] Building NVCC (Device) object modules/cudaarithm/CMakeFiles/cuda_compile_1.dir/src/cuda/cuda_compile_1_generated_sub_scalar.cu.o
[1057/3882] Building NVCC (Device) object modules/cudaarithm/CMakeFiles/cuda_compile_1.dir/src/cuda/cuda_compile_1_generated_absdiff_scalar.cu.o
[1058/3882] Building NVCC (Device) object modules/cudaarithm/CMakeFiles/cuda_compile_1.dir/src/cuda/cuda_compile_1_generated_add_mat.cu.o
[1059/3882] Building CXX object modules/imgcodecs/CMakeFiles/opencv_test_imgcodecs.dir/test/test_tiff.cpp.o
[1060/3882] Building CXX object modules/imgcodecs/CMakeFiles/opencv_perf_imgcodecs.dir/perf/perf_jpeg.cpp.o
[1061/3882] Building NVCC (Device) object modules/cudaarithm/CMakeFiles/cuda_compile_1.dir/src/cuda/cuda_compile_1_generated_countnonzero.cu.o
[1062/3882] Building CXX object modules/imgcodecs/CMakeFiles/opencv_test_imgcodecs.dir/test/test_animation.cpp.o
[1063/3882] Building CXX object modules/videoio/CMakeFiles/opencv_videoio.dir/src/cap_obsensor_capture.cpp.o
[1064/3882] Building CXX object modules/imgcodecs/CMakeFiles/opencv_test_imgcodecs.dir/test/test_avif.cpp.o
[1065/3882] Linking CXX shared library lib/libopencv_imgcodecs.so.4.14.0
[1066/3882] Creating library symlink lib/libopencv_imgcodecs.so.414 lib/libopencv_imgcodecs.so
[1067/3882] Building CXX object modules/imgcodecs/CMakeFiles/opencv_perf_imgcodecs.dir/perf/perf_decode_encode.cpp.o
[1068/3882] Building NVCC (Device) object modules/cudaarithm/CMakeFiles/cuda_compile_1.dir/src/cuda/cuda_compile_1_generated_cmp_scalar.cu.o
[1069/3882] Building CXX object modules/imgcodecs/CMakeFiles/opencv_test_imgcodecs.dir/test/test_read_write.cpp.o
[1070/3882] Building NVCC (Device) object modules/cudaarithm/CMakeFiles/cuda_compile_1.dir/src/cuda/cuda_compile_1_generated_mul_mat.cu.o
[1071/3882] Building CXX object modules/imgcodecs/CMakeFiles/opencv_test_imgcodecs.dir/test/test_sunraster.cpp.o
[1072/3882] Building NVCC (Device) object modules/cudaarithm/CMakeFiles/cuda_compile_1.dir/src/cuda/cuda_compile_1_generated_add_scalar.cu.o
[1073/3882] Building NVCC (Device) object modules/cudaarithm/CMakeFiles/cuda_compile_1.dir/src/cuda/cuda_compile_1_generated_bitwise_scalar.cu.o
[1074/3882] Building NVCC (Device) object modules/cudaarithm/CMakeFiles/cuda_compile_1.dir/src/cuda/cuda_compile_1_generated_add_weighted.cu.o
[1075/3882] Building NVCC (Device) object modules/cudaarithm/CMakeFiles/cuda_compile_1.dir/src/cuda/cuda_compile_1_generated_div_scalar.cu.o
[1076/3882] Building NVCC (Device) object modules/cudaarithm/CMakeFiles/cuda_compile_1.dir/src/cuda/cuda_compile_1_generated_minmax.cu.o
[1077/3882] Building NVCC (Device) object modules/cudaarithm/CMakeFiles/cuda_compile_1.dir/src/cuda/cuda_compile_1_generated_normalize.cu.o
[1078/3882] Building NVCC (Device) object modules/cudaarithm/CMakeFiles/cuda_compile_1.dir/src/cuda/cuda_compile_1_generated_in_range.cu.o
[1079/3882] Building CXX object modules/videoio/CMakeFiles/opencv_videoio.dir/src/cap_obsensor/obsensor_stream_channel_v4l2.cpp.o
[1080/3882] Building NVCC (Device) object modules/cudaarithm/CMakeFiles/cuda_compile_1.dir/src/cuda/cuda_compile_1_generated_minmaxloc.cu.o
[1081/3882] Building NVCC (Device) object modules/cudaarithm/CMakeFiles/cuda_compile_1.dir/src/cuda/cuda_compile_1_generated_mul_spectrums.cu.o
[1082/3882] Linking CXX shared library lib/libopencv_videoio.so.4.14.0
[1083/3882] Creating library symlink lib/libopencv_videoio.so.414 lib/libopencv_videoio.so
[1084/3882] Building CXX object modules/highgui/CMakeFiles/opencv_highgui.dir/src/backend.cpp.o
[1085/3882] Building CXX object apps/visualisation/CMakeFiles/opencv_visualisation.dir/opencv_visualisation.cpp.o
[1086/3882] Building CXX object modules/highgui/CMakeFiles/opencv_highgui.dir/src/roiSelector.cpp.o
[1087/3882] Building CXX object apps/annotation/CMakeFiles/opencv_annotation.dir/opencv_annotation.cpp.o
[1088/3882] Building CXX object modules/videoio/CMakeFiles/opencv_test_videoio.dir/test/test_main.cpp.o
[1089/3882] Building NVCC (Device) object modules/cudaarithm/CMakeFiles/cuda_compile_1.dir/src/cuda/cuda_compile_1_generated_div_mat.cu.o
[1090/3882] Building NVCC (Device) object modules/cudaarithm/CMakeFiles/cuda_compile_1.dir/src/cuda/cuda_compile_1_generated_sub_mat.cu.o
[1091/3882] Building CXX object samples/cpp/CMakeFiles/example_cpp_intelligent_scissors.dir/intelligent_scissors.cpp.o
[1092/3882] Building CXX object modules/features2d/CMakeFiles/opencv_features2d.dir/src/kaze/fed.cpp.o
[1093/3882] Building CXX object modules/videoio/CMakeFiles/opencv_test_videoio.dir/test/test_camera.cpp.o
[1094/3882] Building CXX object modules/features2d/CMakeFiles/opencv_features2d.dir/src/kaze/nldiffusion_functions.cpp.o
[1095/3882] Building CXX object modules/videoio/CMakeFiles/opencv_test_videoio.dir/test/test_container_avi.cpp.o
[1096/3882] Building CXX object modules/ts/CMakeFiles/opencv_ts.dir/src/ocl_perf.cpp.o
[1097/3882] Building CXX object modules/highgui/CMakeFiles/opencv_highgui.dir/src/window.cpp.o
[1098/3882] Building CXX object modules/line_descriptor/CMakeFiles/opencv_line_descriptor.dir/src/draw.cpp.o
[1099/3882] Linking CXX shared library lib/libopencv_highgui.so.4.14.0
[1100/3882] Creating library symlink lib/libopencv_highgui.so.414 lib/libopencv_highgui.so
[1101/3882] Processing OpenCL kernels (bioinspired)
[1102/3882] Building CXX object modules/videoio/CMakeFiles/opencv_test_videoio.dir/test/test_audio.cpp.o
[1103/3882] Linking CXX executable bin/example_fuzzy_fuzzy_inpainting
[1104/3882] Building CXX object samples/cpp/CMakeFiles/example_snippet_imgproc_segmentation.dir/tutorial_code/snippets/imgproc_segmentation.cpp.o
[1105/3882] Linking CXX executable bin/example_surface_matching_ppf_load_match
[1106/3882] Linking CXX executable bin/example_fuzzy_fuzzy_filtering
[1107/3882] Linking CXX executable bin/example_quality_brisque_trainer_livedb
[1108/3882] Linking CXX executable bin/example_intensity_transform_intensity_transform
[1109/3882] Linking CXX executable bin/example_surface_matching_ppf_normal_computation
[1110/3882] Linking CXX executable bin/example_plot_plot_demo
[1111/3882] Linking CXX executable bin/example_cpp_intelligent_scissors
[1112/3882] Linking CXX executable bin/example_quality_brisque_eval_tid2008
[1113/3882] Linking CXX executable bin/example_img_hash_hash_samples
[1114/3882] Linking CXX executable bin/example_phase_unwrapping_unwrap
[1115/3882] Linking CXX executable bin/opencv_annotation
[1116/3882] Linking CXX executable bin/example_reg_map_test
[1117/3882] Linking CXX executable bin/opencv_visualisation
[1118/3882] Linking CXX executable bin/example_hdf_read_write_attributes
[1119/3882] Linking CXX executable bin/example_hdf_create_groups
[1120/3882] Linking CXX executable bin/example_snippet_imgproc_segmentation
[1121/3882] Linking CXX executable bin/example_hdf_create_read_write_datasets
[1122/3882] Building CXX object modules/videoio/CMakeFiles/opencv_test_videoio.dir/test/test_mfx.cpp.o
[1123/3882] Building CXX object modules/videoio/CMakeFiles/opencv_test_videoio.dir/test/test_images.cpp.o
[1124/3882] Building CXX object modules/ts/CMakeFiles/opencv_ts.dir/src/cuda_test.cpp.o
[1125/3882] Building NVCC (Device) object modules/cudaarithm/CMakeFiles/cuda_compile_1.dir/src/cuda/cuda_compile_1_generated_reduce.cu.o
[1126/3882] Building CXX object modules/saliency/CMakeFiles/opencv_saliency.dir/src/objectness.cpp.o
[1127/3882] Building CXX object modules/saliency/CMakeFiles/example_saliency_computeSaliency.dir/samples/computeSaliency.cpp.o
[1128/3882] Building CXX object modules/features2d/CMakeFiles/opencv_features2d.dir/src/draw.cpp.o
[1129/3882] Building CXX object modules/features2d/CMakeFiles/opencv_features2d.dir/src/feature2d.cpp.o
[1130/3882] Building CXX object modules/ts/CMakeFiles/opencv_ts.dir/src/ocl_test.cpp.o
[1131/3882] Building CXX object modules/videoio/CMakeFiles/opencv_test_videoio.dir/test/test_orientation.cpp.o
[1132/3882] Building CXX object modules/saliency/CMakeFiles/opencv_saliency.dir/src/motionSaliency.cpp.o
[1133/3882] Building CXX object modules/features2d/CMakeFiles/opencv_features2d.dir/src/affine_feature.cpp.o
[1134/3882] Building CXX object modules/features2d/CMakeFiles/opencv_features2d.dir/src/kaze.cpp.o
[1135/3882] Building CXX object modules/ts/CMakeFiles/opencv_ts.dir/src/cuda_perf.cpp.o
[1136/3882] Building CXX object modules/features2d/CMakeFiles/opencv_features2d.dir/src/fast.cpp.o
[1137/3882] Building CXX object modules/highgui/CMakeFiles/opencv_test_highgui.dir/test/test_gui.cpp.o
[1138/3882] Building CXX object modules/videoio/CMakeFiles/opencv_perf_videoio.dir/perf/perf_input.cpp.o
[1139/3882] Building CXX object modules/line_descriptor/CMakeFiles/example_line_descriptor_radius_matching.dir/samples/radius_matching.cpp.o
[1140/3882] Building CXX object modules/line_descriptor/CMakeFiles/opencv_line_descriptor.dir/src/binary_descriptor_matcher.cpp.o
[1141/3882] Building CXX object modules/ts/CMakeFiles/opencv_ts.dir/src/ts_tags.cpp.o
[1142/3882] Building CXX object modules/features2d/CMakeFiles/opencv_features2d.dir/src/bagofwords.cpp.o
[1143/3882] Building CXX object modules/saliency/CMakeFiles/opencv_saliency.dir/src/BING/ValStructVec.cpp.o
[1144/3882] Building CXX object modules/features2d/CMakeFiles/opencv_features2d.dir/src/dynamic.cpp.o
[1145/3882] Building CXX object modules/features2d/CMakeFiles/opencv_features2d.dir/sift.sse4_1.cpp.o
[1146/3882] Building CXX object modules/videoio/CMakeFiles/opencv_test_videoio.dir/test/test_plugins.cpp.o
[1147/3882] Building CXX object modules/features2d/CMakeFiles/opencv_features2d.dir/src/evaluation.cpp.o
[1148/3882] Building CXX object modules/videoio/CMakeFiles/opencv_test_videoio.dir/test/test_gstreamer.cpp.o
[1149/3882] Building CXX object modules/features2d/CMakeFiles/opencv_features2d.dir/src/matchers.cpp.o
[1150/3882] Building CXX object modules/line_descriptor/CMakeFiles/example_line_descriptor_compute_descriptors.dir/samples/compute_descriptors.cpp.o
[1151/3882] Building CXX object modules/line_descriptor/CMakeFiles/opencv_line_descriptor.dir/src/LSDDetector.cpp.o
[1152/3882] Building CXX object modules/features2d/CMakeFiles/opencv_features2d.dir/opencl_kernels_features2d.cpp.o
[1153/3882] Building CXX object modules/highgui/CMakeFiles/opencv_test_highgui.dir/test/test_main.cpp.o
[1154/3882] Building CXX object modules/videoio/CMakeFiles/opencv_perf_videoio.dir/perf/perf_output.cpp.o
[1155/3882] Building CXX object modules/features2d/CMakeFiles/opencv_features2d.dir/src/sift.dispatch.cpp.o
[1156/3882] Building CXX object modules/saliency/CMakeFiles/opencv_saliency.dir/src/staticSaliencySpectralResidual.cpp.o
[1157/3882] Building CXX object modules/features2d/CMakeFiles/opencv_features2d.dir/src/mser.cpp.o
[1158/3882] Building CXX object modules/ts/CMakeFiles/opencv_ts.dir/src/ts.cpp.o
[1159/3882] Building CXX object modules/features2d/CMakeFiles/opencv_features2d.dir/src/gftt.cpp.o
[1160/3882] Building CXX object modules/features2d/CMakeFiles/opencv_features2d.dir/src/akaze.cpp.o
[1161/3882] Building CXX object modules/features2d/CMakeFiles/opencv_features2d.dir/src/blobdetector.cpp.o
[1162/3882] Building CXX object modules/features2d/CMakeFiles/opencv_features2d.dir/src/agast.cpp.o
[1163/3882] Building CXX object modules/ts/CMakeFiles/opencv_ts.dir/src/ts_perf.cpp.o
[1164/3882] Building CXX object modules/videoio/CMakeFiles/opencv_test_videoio.dir/test/test_video_io.cpp.o
[1165/3882] Building CXX object modules/saliency/CMakeFiles/opencv_saliency.dir/src/BING/FilterTIG.cpp.o
[1166/3882] Building CXX object modules/features2d/CMakeFiles/opencv_features2d.dir/src/keypoint.cpp.o
[1167/3882] Building CXX object modules/features2d/CMakeFiles/opencv_features2d.dir/src/kaze/KAZEFeatures.cpp.o
[1168/3882] Building CXX object modules/saliency/CMakeFiles/opencv_saliency.dir/src/saliency.cpp.o
[1169/3882] Building CXX object modules/features2d/CMakeFiles/opencv_features2d.dir/src/fast.avx2.cpp.o
[1170/3882] Building CXX object modules/ts/CMakeFiles/opencv_ts.dir/src/ts_gtest.cpp.o
[1171/3882] Building CXX object modules/line_descriptor/CMakeFiles/example_line_descriptor_lsd_lines_extraction.dir/samples/lsd_lines_extraction.cpp.o
[1172/3882] Building CXX object modules/features2d/CMakeFiles/opencv_features2d.dir/src/main.cpp.o
[1173/3882] Building CXX object modules/videoio/CMakeFiles/opencv_perf_videoio.dir/perf/perf_main.cpp.o
[1174/3882] Building CXX object modules/line_descriptor/CMakeFiles/example_line_descriptor_knn_matching.dir/samples/knn_matching.cpp.o
[1175/3882] Building CXX object modules/features2d/CMakeFiles/opencv_features2d.dir/src/brisk.cpp.o
[1176/3882] Building CXX object modules/features2d/CMakeFiles/opencv_features2d.dir/sift.avx512_skx.cpp.o
[1177/3882] Building CXX object modules/saliency/CMakeFiles/opencv_saliency.dir/src/staticSaliencyFineGrained.cpp.o
[1178/3882] Building CXX object modules/videoio/CMakeFiles/opencv_test_videoio.dir/test/test_dynamic.cpp.o
[1179/3882] Building CXX object modules/line_descriptor/CMakeFiles/example_line_descriptor_matching.dir/samples/matching.cpp.o
[1180/3882] Building CXX object modules/saliency/CMakeFiles/opencv_saliency.dir/src/BING/CmShow.cpp.o
[1181/3882] Building CXX object modules/features2d/CMakeFiles/opencv_features2d.dir/src/fast_score.cpp.o
[1182/3882] Building CXX object modules/features2d/CMakeFiles/opencv_features2d.dir/src/agast_score.cpp.o
[1183/3882] Building CXX object modules/features2d/CMakeFiles/opencv_features2d.dir/src/kaze/AKAZEFeatures.cpp.o
[1184/3882] Building CXX object modules/features2d/CMakeFiles/opencv_perf_features2d.dir/perf/perf_fast.cpp.o
[1185/3882] Building CXX object modules/videoio/CMakeFiles/opencv_test_videoio.dir/test/test_microphone.cpp.o
[1186/3882] Building CXX object modules/saliency/CMakeFiles/opencv_saliency.dir/src/BING/objectnessBING.cpp.o
[1187/3882] Building CXX object modules/features2d/CMakeFiles/opencv_test_features2d.dir/test/test_main.cpp.o
[1188/3882] Building CXX object modules/features2d/CMakeFiles/opencv_test_features2d.dir/test/test_akaze.cpp.o
[1189/3882] Building CXX object modules/features2d/CMakeFiles/opencv_features2d.dir/sift.avx2.cpp.o
[1190/3882] Building CXX object modules/features2d/CMakeFiles/opencv_features2d.dir/src/orb.cpp.o
[1191/3882] Building CXX object modules/line_descriptor/CMakeFiles/opencv_line_descriptor.dir/src/binary_descriptor.cpp.o
[1192/3882] Building CXX object modules/features2d/CMakeFiles/opencv_perf_features2d.dir/perf/opencl/perf_feature2d.cpp.o
[1193/3882] Building CXX object modules/ts/CMakeFiles/opencv_ts.dir/src/ts_arrtest.cpp.o
[1194/3882] Building CXX object modules/features2d/CMakeFiles/opencv_perf_features2d.dir/perf/perf_batchDistance.cpp.o
[1195/3882] Building CXX object modules/features2d/CMakeFiles/opencv_test_features2d.dir/test/test_brisk.cpp.o
[1196/3882] Building CXX object modules/saliency/CMakeFiles/opencv_saliency.dir/src/staticSaliency.cpp.o
[1197/3882] Building CXX object modules/features2d/CMakeFiles/opencv_test_features2d.dir/test/test_blobdetector.cpp.o
[1198/3882] Building CXX object modules/saliency/CMakeFiles/opencv_saliency.dir/src/BING/CmFile.cpp.o
[1199/3882] Building CXX object modules/features2d/CMakeFiles/opencv_test_features2d.dir/test/test_nearestneighbors.cpp.o
[1200/3882] Building CXX object modules/ts/CMakeFiles/opencv_ts.dir/src/ts_func.cpp.o
[1201/3882] Building CXX object modules/saliency/CMakeFiles/opencv_test_saliency.dir/test/test_main.cpp.o
[1202/3882] Building CXX object modules/features2d/CMakeFiles/opencv_test_features2d.dir/test/test_descriptors_invariance.cpp.o
[1203/3882] Building CXX object modules/line_descriptor/CMakeFiles/opencv_test_line_descriptor.dir/test/test_main.cpp.o
[1204/3882] Building CXX object modules/saliency/CMakeFiles/opencv_saliency.dir/src/motionSaliencyBinWangApr2014.cpp.o
[1205/3882] Building CXX object modules/line_descriptor/CMakeFiles/opencv_perf_line_descriptor.dir/perf/perf_matching.cpp.o
[1206/3882] Linking CXX static library lib/libopencv_ts.a
[1207/3882] Building CXX object modules/features2d/CMakeFiles/opencv_test_features2d.dir/test/ocl/test_feature2d.cpp.o
[1208/3882] Building CXX object modules/features2d/CMakeFiles/opencv_test_features2d.dir/test/test_mser.cpp.o
[1209/3882] Building CXX object modules/features2d/CMakeFiles/opencv_test_features2d.dir/test/test_detectors_regression.cpp.o
[1210/3882] Building CXX object modules/features2d/CMakeFiles/opencv_test_features2d.dir/test/test_keypoints.cpp.o
[1211/3882] Building CXX object modules/line_descriptor/CMakeFiles/opencv_perf_line_descriptor.dir/perf/perf_main.cpp.o
[1212/3882] Building CXX object modules/line_descriptor/CMakeFiles/opencv_test_line_descriptor.dir/test/test_detector_regression.cpp.o
[1213/3882] Building CXX object modules/features2d/CMakeFiles/opencv_test_features2d.dir/test/test_fast.cpp.o
[1214/3882] Building CXX object modules/line_descriptor/CMakeFiles/example_line_descriptor_lines_extraction.dir/samples/lines_extraction.cpp.o
[1215/3882] Building CXX object modules/saliency/CMakeFiles/opencv_test_saliency.dir/test/test_static_saliency_spectral_residual.cpp.o
[1216/3882] Building CXX object modules/features2d/CMakeFiles/opencv_test_features2d.dir/test/test_utils.cpp.o
[1217/3882] Building CXX object modules/features2d/CMakeFiles/opencv_test_features2d.dir/test/ocl/test_akaze.cpp.o
[1218/3882] Building CXX object modules/line_descriptor/CMakeFiles/opencv_perf_line_descriptor.dir/perf/perf_descriptors.cpp.o
[1219/3882] Linking CXX shared library lib/libopencv_features2d.so.4.14.0
[1220/3882] Building CXX object modules/features2d/CMakeFiles/opencv_test_features2d.dir/test/ocl/test_brute_force_matcher.cpp.o
[1221/3882] Creating library symlink lib/libopencv_features2d.so.414 lib/libopencv_features2d.so
[1222/3882] Processing OpenCL kernels (calib3d)
[1223/3882] Building CXX object modules/line_descriptor/CMakeFiles/opencv_test_line_descriptor.dir/test/test_descriptors_regression.cpp.o
[1224/3882] Building CXX object modules/features2d/CMakeFiles/opencv_test_features2d.dir/test/test_orb.cpp.o
[1225/3882] Building CXX object modules/line_descriptor/CMakeFiles/opencv_perf_line_descriptor.dir/perf/perf_detection.cpp.o
[1226/3882] Linking CXX shared library lib/libopencv_line_descriptor.so.4.14.0
[1227/3882] Building CXX object modules/features2d/CMakeFiles/opencv_test_features2d.dir/test/test_affine_feature.cpp.o
[1228/3882] Linking CXX shared library lib/libopencv_saliency.so.4.14.0
[1229/3882] Creating library symlink lib/libopencv_line_descriptor.so.414 lib/libopencv_line_descriptor.so
[1230/3882] Building CXX object modules/features2d/CMakeFiles/opencv_test_features2d.dir/test/test_sift.cpp.o
[1231/3882] Creating library symlink lib/libopencv_saliency.so.414 lib/libopencv_saliency.so
[1232/3882] Building CXX object modules/line_descriptor/CMakeFiles/opencv_test_line_descriptor.dir/test/test_matcher_regression.cpp.o
[1233/3882] Building CXX object modules/features2d/CMakeFiles/opencv_test_features2d.dir/test/test_descriptors_regression.cpp.o
[1234/3882] Building CXX object modules/features2d/CMakeFiles/opencv_perf_features2d.dir/perf/perf_main.cpp.o
[1235/3882] Linking CXX executable bin/example_line_descriptor_lines_extraction
[1236/3882] Linking CXX executable bin/example_line_descriptor_radius_matching
[1237/3882] Linking CXX executable bin/example_line_descriptor_lsd_lines_extraction
[1238/3882] Linking CXX executable bin/example_line_descriptor_compute_descriptors
[1239/3882] Linking CXX executable bin/example_line_descriptor_knn_matching
[1240/3882] Linking CXX executable bin/example_saliency_computeSaliency
[1241/3882] Linking CXX executable bin/example_line_descriptor_matching
[1242/3882] Building CXX object modules/features2d/CMakeFiles/opencv_perf_features2d.dir/perf/opencl/perf_brute_force_matcher.cpp.o
[1243/3882] Building CXX object modules/features2d/CMakeFiles/opencv_perf_features2d.dir/perf/perf_feature2d.cpp.o
[1244/3882] Building CXX object modules/features2d/CMakeFiles/opencv_test_features2d.dir/test/test_drawing.cpp.o
[1245/3882] Building CXX object modules/features2d/CMakeFiles/opencv_test_features2d.dir/test/test_matchers_algorithmic.cpp.o
[1246/3882] Linking CXX executable bin/opencv_test_phase_unwrapping
[1247/3882] Building CXX object modules/features2d/CMakeFiles/opencv_test_features2d.dir/test/test_agast.cpp.o
[1248/3882] Building CXX object modules/features2d/CMakeFiles/opencv_perf_features2d.dir/perf/perf_matcher.cpp.o
[1249/3882] Linking CXX executable bin/opencv_perf_signal
[1250/3882] Linking CXX executable bin/opencv_test_intensity_transform
[1251/3882] Linking CXX executable bin/opencv_test_fuzzy
[1252/3882] Linking CXX executable bin/opencv_test_highgui
[1253/3882] Linking CXX executable bin/opencv_perf_ml
[1254/3882] Linking CXX executable bin/opencv_test_img_hash
[1255/3882] Linking CXX executable bin/opencv_test_hdf
[1256/3882] Linking CXX executable bin/opencv_test_signal
[1257/3882] Building CXX object modules/videoio/CMakeFiles/opencv_test_videoio.dir/test/test_ffmpeg.cpp.o
[1258/3882] Linking CXX executable bin/opencv_test_reg
[1259/3882] Linking CXX executable bin/opencv_test_quality
[1260/3882] Linking CXX executable bin/opencv_perf_videoio
[1261/3882] Linking CXX executable bin/opencv_perf_reg
[1262/3882] Linking CXX executable bin/opencv_test_flann
[1263/3882] Linking CXX executable bin/opencv_test_saliency
[1264/3882] Linking CXX executable bin/opencv_test_line_descriptor
[1265/3882] Building CXX object modules/features2d/CMakeFiles/opencv_test_features2d.dir/test/test_detectors_invariance.cpp.o
[1266/3882] Linking CXX executable bin/opencv_perf_imgcodecs
[1267/3882] Linking CXX executable bin/opencv_perf_line_descriptor
[1268/3882] Linking CXX executable bin/opencv_test_ml
[1269/3882] Building CXX object modules/features2d/CMakeFiles/opencv_perf_features2d.dir/perf/opencl/perf_akaze.cpp.o
[1270/3882] Linking CXX executable bin/opencv_perf_features2d
[1271/3882] Linking CXX executable bin/opencv_test_features2d
[1272/3882] Building CXX object modules/bioinspired/CMakeFiles/opencv_bioinspired.dir/src/retinafasttonemapping.cpp.o
[1273/3882] Linking CXX executable bin/opencv_test_imgcodecs
[1274/3882] Building CXX object modules/cudaarithm/CMakeFiles/opencv_cudaarithm.dir/src/element_operations.cpp.o
[1275/3882] Linking CXX executable bin/opencv_test_videoio
[1276/3882] Building CXX object modules/bioinspired/CMakeFiles/opencv_bioinspired.dir/src/imagelogpolprojection.cpp.o
[1277/3882] Building CXX object modules/bioinspired/CMakeFiles/opencv_bioinspired.dir/src/retinafilter.cpp.o
[1278/3882] Building CXX object modules/bioinspired/CMakeFiles/opencv_bioinspired.dir/src/retina.cpp.o
[1279/3882] Building CXX object modules/bioinspired/CMakeFiles/opencv_bioinspired.dir/src/parvoretinafilter.cpp.o
[1280/3882] Building CXX object modules/bioinspired/CMakeFiles/opencv_bioinspired.dir/src/basicretinafilter.cpp.o
[1281/3882] Building CXX object modules/cudaarithm/CMakeFiles/opencv_cudaarithm.dir/src/core.cpp.o
[1282/3882] Linking CXX executable bin/opencv_perf_core
[1283/3882] Building CXX object modules/bioinspired/CMakeFiles/example_bioinspired_OpenEXRimages_HDR_Retina_toneMapping.dir/samples/OpenEXRimages_HDR_Retina_toneMapping.cpp.o
[1284/3882] Building CXX object modules/bioinspired/CMakeFiles/opencv_bioinspired.dir/src/retina_ocl.cpp.o
[1285/3882] Building CXX object modules/bioinspired/CMakeFiles/example_bioinspired_retinaDemo.dir/samples/retinaDemo.cpp.o
[1286/3882] Building CXX object modules/bioinspired/CMakeFiles/opencv_bioinspired.dir/src/transientareassegmentationmodule.cpp.o
[1287/3882] Building CXX object modules/bioinspired/CMakeFiles/opencv_bioinspired.dir/src/magnoretinafilter.cpp.o
[1288/3882] Building CXX object modules/bioinspired/CMakeFiles/opencv_bioinspired.dir/opencl_kernels_bioinspired.cpp.o
[1289/3882] Building CXX object modules/cudaarithm/CMakeFiles/opencv_cudaarithm.dir/src/reductions.cpp.o
[1290/3882] Building CXX object modules/bioinspired/CMakeFiles/opencv_bioinspired.dir/src/retinacolor.cpp.o
[1291/3882] Linking CXX shared library lib/libopencv_bioinspired.so.4.14.0
[1292/3882] Creating library symlink lib/libopencv_bioinspired.so.414 lib/libopencv_bioinspired.so
[1293/3882] Linking CXX executable bin/example_bioinspired_retinaDemo
[1294/3882] Linking CXX executable bin/example_bioinspired_OpenEXRimages_HDR_Retina_toneMapping
[1295/3882] Building CXX object modules/bioinspired/CMakeFiles/opencv_test_bioinspired.dir/test/test_main.cpp.o
[1296/3882] Building CXX object modules/bioinspired/CMakeFiles/opencv_perf_bioinspired.dir/perf/opencl/perf_retina.ocl.cpp.o
[1297/3882] Building CXX object modules/cudaarithm/CMakeFiles/opencv_perf_cudaarithm.dir/perf/perf_main.cpp.o
[1298/3882] Linking CXX executable bin/opencv_perf_imgproc
[1299/3882] Building CXX object modules/cudaarithm/CMakeFiles/opencv_cudaarithm.dir/src/arithm.cpp.o
[1300/3882] Building CXX object modules/calib3d/CMakeFiles/opencv_calib3d.dir/src/usac/essential_solver.cpp.o
[1301/3882] Building CXX object modules/rapid/CMakeFiles/opencv_rapid.dir/src/rapid.cpp.o
[1302/3882] Building CXX object modules/shape/CMakeFiles/opencv_shape.dir/src/sc_dis.cpp.o
[1303/3882] Building CXX object modules/cudaarithm/CMakeFiles/opencv_test_cudaarithm.dir/test/test_main.cpp.o
[1304/3882] Building CXX object modules/shape/CMakeFiles/opencv_shape.dir/src/haus_dis.cpp.o
[1305/3882] Building CXX object modules/cudaarithm/CMakeFiles/opencv_cudaarithm.dir/src/lut.cpp.o
[1306/3882] Building CXX object modules/cudaarithm/CMakeFiles/opencv_test_cudaarithm.dir/test/test_opengl.cpp.o
[1307/3882] Building CXX object modules/calib3d/CMakeFiles/opencv_calib3d.dir/src/homography_decomp.cpp.o
[1308/3882] Building CXX object modules/cudaarithm/CMakeFiles/opencv_perf_cudaarithm.dir/perf/perf_reductions.cpp.o
[1309/3882] Building CXX object modules/ccalib/CMakeFiles/example_ccalib_omni_stereo_calibration.dir/samples/omni_stereo_calibration.cpp.o
[1310/3882] Building CXX object modules/calib3d/CMakeFiles/opencv_calib3d.dir/src/usac/estimator.cpp.o
[1311/3882] Building CXX object modules/calib3d/CMakeFiles/opencv_calib3d.dir/src/epnp.cpp.o
[1312/3882] Building CXX object modules/ccalib/CMakeFiles/example_ccalib_random_pattern_generator.dir/samples/random_pattern_generator.cpp.o
[1313/3882] Building CXX object modules/structured_light/CMakeFiles/example_structured_light_cap_pattern.dir/samples/cap_pattern.cpp.o
[1314/3882] Building CXX object modules/ccalib/CMakeFiles/opencv_ccalib.dir/src/randpattern.cpp.o
[1315/3882] Building CXX object modules/calib3d/CMakeFiles/opencv_calib3d.dir/src/levmarq.cpp.o
[1316/3882] Building CXX object modules/bioinspired/CMakeFiles/opencv_test_bioinspired.dir/test/test_retina_ocl.cpp.o
[1317/3882] Building CXX object modules/calib3d/CMakeFiles/opencv_calib3d.dir/src/ap3p.cpp.o
[1318/3882] Building CXX object modules/shape/CMakeFiles/example_shape_shape_example.dir/samples/shape_example.cpp.o
[1319/3882] Building CXX object modules/calib3d/CMakeFiles/opencv_calib3d.dir/src/usac/ransac_solvers.cpp.o
[1320/3882] Building CXX object modules/calib3d/CMakeFiles/opencv_calib3d.dir/src/usac/gamma_values.cpp.o
[1321/3882] Building CXX object modules/calib3d/CMakeFiles/opencv_calib3d.dir/src/calibration_handeye.cpp.o
[1322/3882] Building CXX object modules/calib3d/CMakeFiles/opencv_calib3d.dir/src/triangulate.cpp.o
[1323/3882] Building CXX object modules/calib3d/CMakeFiles/opencv_calib3d.dir/src/sqpnp.cpp.o
[1324/3882] Building CXX object modules/ccalib/CMakeFiles/example_ccalib_omni_calibration.dir/samples/omni_calibration.cpp.o
[1325/3882] Building CXX object modules/structured_light/CMakeFiles/example_structured_light_projectorcalibration.dir/samples/projectorcalibration.cpp.o
[1326/3882] Building CXX object modules/calib3d/CMakeFiles/opencv_calib3d.dir/src/stereosgbm.cpp.o
[1327/3882] Building CXX object modules/cudaarithm/CMakeFiles/opencv_test_cudaarithm.dir/test/test_event.cpp.o
[1328/3882] Building CXX object modules/bioinspired/CMakeFiles/opencv_perf_bioinspired.dir/perf/perf_main.cpp.o
[1329/3882] Building CXX object modules/shape/CMakeFiles/opencv_shape.dir/src/hist_cost.cpp.o
[1330/3882] Building CXX object modules/calib3d/CMakeFiles/opencv_calib3d.dir/src/stereobm.cpp.o
[1331/3882] Building CXX object modules/cudaarithm/CMakeFiles/opencv_perf_cudaarithm.dir/perf/perf_arithm.cpp.o
[1332/3882] Building CXX object modules/shape/CMakeFiles/opencv_shape.dir/src/aff_trans.cpp.o
[1333/3882] Building CXX object modules/structured_light/CMakeFiles/opencv_structured_light.dir/src/sinusoidalpattern.cpp.o
[1334/3882] Building CXX object modules/calib3d/CMakeFiles/opencv_calib3d.dir/src/dls.cpp.o
[1335/3882] Building CXX object modules/calib3d/CMakeFiles/opencv_calib3d.dir/src/usac/sampler.cpp.o
[1336/3882] Building CXX object modules/shape/CMakeFiles/opencv_shape.dir/src/tps_trans.cpp.o
[1337/3882] Building CXX object modules/ccalib/CMakeFiles/opencv_ccalib.dir/src/ccalib.cpp.o
[1338/3882] Building CXX object modules/calib3d/CMakeFiles/opencv_calib3d.dir/src/ippe.cpp.o
[1339/3882] Building CXX object modules/calib3d/CMakeFiles/opencv_calib3d.dir/src/rho.cpp.o
[1340/3882] Linking CXX executable bin/opencv_test_bioinspired
[1341/3882] Building CXX object modules/rapid/CMakeFiles/opencv_rapid.dir/src/histogram.cpp.o
[1342/3882] Building CXX object modules/cudaarithm/CMakeFiles/opencv_perf_cudaarithm.dir/perf/perf_core.cpp.o
[1343/3882] Building CXX object modules/calib3d/CMakeFiles/opencv_calib3d.dir/src/fundam.cpp.o
[1344/3882] Building CXX object modules/calib3d/CMakeFiles/opencv_calib3d.dir/src/usac/dls_solver.cpp.o
[1345/3882] Building CXX object modules/calib3d/CMakeFiles/opencv_calib3d.dir/src/usac/pnp_solver.cpp.o
[1346/3882] Building CXX object modules/calib3d/CMakeFiles/opencv_calib3d.dir/src/usac/local_optimization.cpp.o
[1347/3882] Building CXX object modules/calib3d/CMakeFiles/opencv_calib3d.dir/src/solvepnp.cpp.o
[1348/3882] Building CXX object modules/shape/CMakeFiles/opencv_shape.dir/src/emdL1.cpp.o
[1349/3882] Building CXX object modules/calib3d/CMakeFiles/opencv_calib3d.dir/opencl_kernels_calib3d.cpp.o
[1350/3882] Building CXX object modules/calib3d/CMakeFiles/opencv_calib3d.dir/src/calibration.cpp.o
[1351/3882] Building CXX object modules/ccalib/CMakeFiles/opencv_ccalib.dir/src/omnidir.cpp.o
[1352/3882] Building CXX object modules/cudaarithm/CMakeFiles/opencv_test_cudaarithm.dir/test/test_buffer_pool.cpp.o
[1353/3882] Building CXX object modules/calib3d/CMakeFiles/opencv_calib3d.dir/undistort.avx2.cpp.o
[1354/3882] Building CXX object modules/calib3d/CMakeFiles/opencv_calib3d.dir/src/usac/termination.cpp.o
[1355/3882] Building CXX object modules/ccalib/CMakeFiles/example_ccalib_random_pattern_calibration.dir/samples/random_pattern_calibration.cpp.o
[1356/3882] Building CXX object modules/calib3d/CMakeFiles/opencv_calib3d.dir/src/quadsubpix.cpp.o
[1357/3882] Building CXX object modules/structured_light/CMakeFiles/example_structured_light_capsinpattern.dir/samples/capsinpattern.cpp.o
[1358/3882] Building CXX object modules/calib3d/CMakeFiles/opencv_test_calib3d.dir/test/test_stereomatching.cpp.o
[1359/3882] Building CXX object modules/ccalib/CMakeFiles/opencv_ccalib.dir/src/multicalib.cpp.o
[1360/3882] Building CXX object modules/structured_light/CMakeFiles/example_structured_light_pointcloud.dir/samples/pointcloud.cpp.o
[1361/3882] Building CXX object modules/calib3d/CMakeFiles/opencv_calib3d.dir/src/polynom_solver.cpp.o
[1362/3882] Building CXX object modules/calib3d/CMakeFiles/opencv_calib3d.dir/src/upnp.cpp.o
[1363/3882] Building CXX object modules/calib3d/CMakeFiles/opencv_calib3d.dir/src/usac/degeneracy.cpp.o
[1364/3882] Building CXX object modules/ccalib/CMakeFiles/example_ccalib_multi_cameras_calibration.dir/samples/multi_cameras_calibration.cpp.o
[1365/3882] Building CXX object modules/calib3d/CMakeFiles/opencv_test_calib3d.dir/test/test_affine3.cpp.o
[1366/3882] Building CXX object modules/calib3d/CMakeFiles/opencv_test_calib3d.dir/test/test_posit.cpp.o
[1367/3882] Building CXX object modules/cudaarithm/CMakeFiles/opencv_test_cudaarithm.dir/test/test_gpumat.cpp.o
[1368/3882] Building CXX object modules/calib3d/CMakeFiles/opencv_test_calib3d.dir/test/test_affine3d_estimator.cpp.o
[1369/3882] Linking CXX executable bin/opencv_perf_bioinspired
[1370/3882] Building CXX object modules/calib3d/CMakeFiles/opencv_calib3d.dir/src/compat_ptsetreg.cpp.o
[1371/3882] Building CXX object modules/cudaarithm/CMakeFiles/opencv_test_cudaarithm.dir/test/test_reductions.cpp.o
[1372/3882] Building CXX object modules/calib3d/CMakeFiles/opencv_calib3d.dir/src/chessboard.cpp.o
[1373/3882] Linking CXX executable bin/opencv_test_imgproc
[1374/3882] Building CXX object modules/calib3d/CMakeFiles/opencv_calib3d.dir/src/undistort.dispatch.cpp.o
[1375/3882] Building CXX object modules/calib3d/CMakeFiles/opencv_calib3d.dir/src/ptsetreg.cpp.o
[1376/3882] Building CXX object modules/calib3d/CMakeFiles/opencv_calib3d.dir/src/calibration_base.cpp.o
[1377/3882] Building CXX object modules/cudaarithm/CMakeFiles/opencv_test_cudaarithm.dir/test/test_arithm.cpp.o
[1378/3882] Building CXX object modules/calib3d/CMakeFiles/opencv_calib3d.dir/src/stereo_geom.cpp.o
[1379/3882] Building CXX object modules/calib3d/CMakeFiles/opencv_calib3d.dir/src/usac/quality.cpp.o
[1380/3882] Building CXX object modules/calib3d/CMakeFiles/opencv_test_calib3d.dir/test/test_chesscorners_badarg.cpp.o
[1381/3882] Building CXX object modules/structured_light/CMakeFiles/opencv_structured_light.dir/src/graycodepattern.cpp.o
[1382/3882] Building CXX object modules/calib3d/CMakeFiles/opencv_calib3d.dir/src/usac/bundle.cpp.o
[1383/3882] Building CXX object modules/calib3d/CMakeFiles/opencv_calib3d.dir/src/usac/homography_solver.cpp.o
[1384/3882] Building CXX object modules/calib3d/CMakeFiles/opencv_test_calib3d.dir/test/test_translation_2d_estimator.cpp.o
[1385/3882] Building CXX object modules/calib3d/CMakeFiles/opencv_perf_calib3d.dir/perf/perf_pnp.cpp.o
[1386/3882] Building CXX object modules/calib3d/CMakeFiles/opencv_calib3d.dir/src/p3p.cpp.o
[1387/3882] Building CXX object modules/calib3d/CMakeFiles/opencv_calib3d.dir/src/usac/fundamental_solver.cpp.o
[1388/3882] Building CXX object modules/rapid/CMakeFiles/opencv_test_rapid.dir/test/test_main.cpp.o
[1389/3882] Building CXX object modules/structured_light/CMakeFiles/opencv_test_structured_light.dir/test/test_faps.cpp.o
[1390/3882] Building CXX object modules/calib3d/CMakeFiles/opencv_test_calib3d.dir/test/test_calibration_hand_eye.cpp.o
[1391/3882] Building CXX object modules/calib3d/CMakeFiles/opencv_calib3d.dir/src/fisheye.cpp.o
[1392/3882] Building CXX object modules/calib3d/CMakeFiles/opencv_test_calib3d.dir/test/opencl/test_stereobm.cpp.o
[1393/3882] Building CXX object modules/cudaarithm/CMakeFiles/opencv_test_cudaarithm.dir/test/test_stream.cpp.o
[1394/3882] Building CXX object modules/calib3d/CMakeFiles/opencv_perf_calib3d.dir/perf/perf_main.cpp.o
[1395/3882] Building CXX object modules/calib3d/CMakeFiles/opencv_calib3d.dir/src/checkchessboard.cpp.o
[1396/3882] Building CXX object modules/calib3d/CMakeFiles/opencv_test_calib3d.dir/test/test_decompose_projection.cpp.o
[1397/3882] Building CXX object modules/calib3d/CMakeFiles/opencv_perf_calib3d.dir/perf/perf_undistort.cpp.o
[1398/3882] Building CXX object modules/calib3d/CMakeFiles/opencv_perf_calib3d.dir/perf/perf_calibratecamera.cpp.o
[1399/3882] Building CXX object modules/calib3d/CMakeFiles/opencv_calib3d.dir/src/usac/utils.cpp.o
[1400/3882] Building CXX object modules/calib3d/CMakeFiles/opencv_test_calib3d.dir/test/test_chesscorners_timing.cpp.o
[1401/3882] Building CXX object modules/calib3d/CMakeFiles/opencv_test_calib3d.dir/test/test_homography_decomp.cpp.o
[1402/3882] Building CXX object modules/calib3d/CMakeFiles/opencv_test_calib3d.dir/test/test_undistort_points.cpp.o
[1403/3882] Building CXX object modules/calib3d/CMakeFiles/opencv_test_calib3d.dir/test/test_filter_homography_decomp.cpp.o
[1404/3882] Building CXX object modules/calib3d/CMakeFiles/opencv_calib3d.dir/src/main.cpp.o
[1405/3882] Building CXX object modules/calib3d/CMakeFiles/opencv_test_calib3d.dir/test/test_cameracalibration_artificial.cpp.o
[1406/3882] Building CXX object modules/calib3d/CMakeFiles/opencv_test_calib3d.dir/test/test_fundam.cpp.o
[1407/3882] Building CXX object modules/calib3d/CMakeFiles/opencv_perf_calib3d.dir/perf/perf_cicrlesGrid.cpp.o
[1408/3882] Building CXX object modules/calib3d/CMakeFiles/opencv_test_calib3d.dir/test/test_cornerssubpix.cpp.o
[1409/3882] Building CXX object modules/calib3d/CMakeFiles/opencv_test_calib3d.dir/test/test_translation3d_estimator.cpp.o
[1410/3882] Building CXX object modules/structured_light/CMakeFiles/opencv_test_structured_light.dir/test/test_getProjPixel.cpp.o
[1411/3882] Building CXX object modules/shape/CMakeFiles/opencv_test_shape.dir/test/test_main.cpp.o
[1412/3882] Building CXX object modules/structured_light/CMakeFiles/opencv_test_structured_light.dir/test/test_plane.cpp.o
[1413/3882] Building CXX object modules/structured_light/CMakeFiles/opencv_test_structured_light.dir/test/test_main.cpp.o
[1414/3882] Building CXX object modules/calib3d/CMakeFiles/opencv_test_calib3d.dir/test/test_chessboardgenerator.cpp.o
[1415/3882] Building CXX object modules/calib3d/CMakeFiles/opencv_test_calib3d.dir/test/test_main.cpp.o
[1416/3882] Building CXX object modules/calib3d/CMakeFiles/opencv_perf_calib3d.dir/perf/opencl/perf_stereobm.cpp.o
[1417/3882] Building CXX object modules/shape/CMakeFiles/opencv_test_shape.dir/test/test_shape.cpp.o
[1418/3882] Building CXX object modules/calib3d/CMakeFiles/opencv_test_calib3d.dir/test/test_undistort_badarg.cpp.o
[1419/3882] Building CXX object modules/calib3d/CMakeFiles/opencv_test_calib3d.dir/test/test_affine2d_estimator.cpp.o
[1420/3882] Building CXX object modules/calib3d/CMakeFiles/opencv_test_calib3d.dir/test/test_compose_rt.cpp.o
[1421/3882] Building CXX object modules/calib3d/CMakeFiles/opencv_test_calib3d.dir/test/test_modelest.cpp.o
[1422/3882] Building CXX object modules/calib3d/CMakeFiles/opencv_calib3d.dir/src/calibinit.cpp.o
[1423/3882] Building CXX object modules/calib3d/CMakeFiles/opencv_test_calib3d.dir/test/test_affine_partial2d_estimator.cpp.o
[1424/3882] Building CXX object modules/calib3d/CMakeFiles/opencv_test_calib3d.dir/test/test_cameracalibration_tilt.cpp.o
[1425/3882] Building CXX object modules/calib3d/CMakeFiles/opencv_test_calib3d.dir/test/test_cameracalibration.cpp.o
[1426/3882] Building CXX object modules/calib3d/CMakeFiles/opencv_test_calib3d.dir/test/test_cameracalibration_badarg.cpp.o
[1427/3882] Building CXX object modules/calib3d/CMakeFiles/opencv_test_calib3d.dir/test/test_reproject_image_to_3d.cpp.o
[1428/3882] Building CXX object modules/calib3d/CMakeFiles/opencv_calib3d.dir/src/circlesgrid.cpp.o
[1429/3882] Linking CXX shared library lib/libopencv_cudaarithm.so.4.14.0
[1430/3882] Creating library symlink lib/libopencv_cudaarithm.so.414 lib/libopencv_cudaarithm.so
[1431/3882] Building CXX object modules/calib3d/CMakeFiles/opencv_test_calib3d.dir/test/test_homography.cpp.o
[1432/3882] Building CXX object modules/calib3d/CMakeFiles/opencv_perf_calib3d.dir/perf/perf_translation2d.cpp.o
[1433/3882] Building CXX object modules/calib3d/CMakeFiles/opencv_calib3d.dir/src/five-point.cpp.o
[1434/3882] Building CXX object modules/calib3d/CMakeFiles/opencv_test_calib3d.dir/test/test_chesscorners.cpp.o
[1435/3882] Building CXX object modules/calib3d/CMakeFiles/opencv_perf_calib3d.dir/perf/perf_affine2d.cpp.o
[1436/3882] Building CXX object modules/calib3d/CMakeFiles/opencv_test_calib3d.dir/test/test_usac.cpp.o
[1437/3882] Building CXX object modules/calib3d/CMakeFiles/opencv_perf_calib3d.dir/perf/perf_stereosgbm.cpp.o
[1438/3882] Building CXX object modules/calib3d/CMakeFiles/opencv_test_calib3d.dir/test/test_undistort.cpp.o
[1439/3882] Building NVCC (Device) object modules/hfs/CMakeFiles/cuda_compile_1.dir/src/cuda/cuda_compile_1_generated_gslic_seg_engine_gpu.cu.o
/data/xumengying/tool-verify/opencv-verify/src/opencv_contrib/modules/hfs/src/cuda/../or_utils/or_memory_block.hpp: In instantiation of ‘void cv::hfs::orutils::MemoryBlock<T>::clear(unsigned char) [with T = cv::hfs::orutils::Vector4<unsigned char>]’:
/data/xumengying/tool-verify/opencv-verify/src/opencv_contrib/modules/hfs/src/cuda/../or_utils/or_memory_block.hpp:42:1:   required from ‘cv::hfs::orutils::MemoryBlock<T>::MemoryBlock(size_t) [with T = cv::hfs::orutils::Vector4<unsigned char>; size_t = long unsigned int]’
/data/xumengying/tool-verify/opencv-verify/src/opencv_contrib/modules/hfs/src/cuda/../or_utils/or_image.hpp:18:84:   required from ‘cv::hfs::orutils::Image<T>::Image(cv::hfs::orutils::Vector2<int>) [with T = cv::hfs::orutils::Vector4<unsigned char>]’
/data/xumengying/tool-verify/opencv-verify/src/opencv_contrib/modules/hfs/src/cuda/gslic_seg_engine_gpu.cu:43:115:   required from here
/data/xumengying/tool-verify/opencv-verify/src/opencv_contrib/modules/hfs/src/cuda/../or_utils/or_memory_block.hpp:47:7: warning: ‘void* memset(void*, int, size_t)’ writing to an object of non-trivial type ‘class cv::hfs::orutils::Vector4<unsigned char>’; use assignment instead [-Wclass-memaccess]
   47 |         memset(data_cpu, defaultValue, dataSize * sizeof(T));
      |       ^ ~~~~~~~~~~~~~~~~~~~~~~~~~~~~~~~~~~~~~~~~~~~~~~
/data/xumengying/tool-verify/opencv-verify/src/opencv_contrib/modules/hfs/src/cuda/../or_utils/or_vector.hpp:63:26: note: ‘class cv::hfs::orutils::Vector4<unsigned char>’ declared here
   63 | template <class T> class Vector4 : public Vector4_ < T >
      |                          ^~~~~~~
/data/xumengying/tool-verify/opencv-verify/src/opencv_contrib/modules/hfs/src/cuda/../or_utils/or_memory_block.hpp: In instantiation of ‘void cv::hfs::orutils::MemoryBlock<T>::clear(unsigned char) [with T = cv::hfs::orutils::Vector4<float>]’:
/data/xumengying/tool-verify/opencv-verify/src/opencv_contrib/modules/hfs/src/cuda/../or_utils/or_memory_block.hpp:42:1:   required from ‘cv::hfs::orutils::MemoryBlock<T>::MemoryBlock(size_t) [with T = cv::hfs::orutils::Vector4<float>; size_t = long unsigned int]’
/data/xumengying/tool-verify/opencv-verify/src/opencv_contrib/modules/hfs/src/cuda/../or_utils/or_image.hpp:18:84:   required from ‘cv::hfs::orutils::Image<T>::Image(cv::hfs::orutils::Vector2<int>) [with T = cv::hfs::orutils::Vector4<float>]’
/data/xumengying/tool-verify/opencv-verify/src/opencv_contrib/modules/hfs/src/cuda/gslic_seg_engine_gpu.cu:44:104:   required from here
/data/xumengying/tool-verify/opencv-verify/src/opencv_contrib/modules/hfs/src/cuda/../or_utils/or_memory_block.hpp:47:7: warning: ‘void* memset(void*, int, size_t)’ writing to an object of non-trivial type ‘class cv::hfs::orutils::Vector4<float>’; use assignment instead [-Wclass-memaccess]
   47 |         memset(data_cpu, defaultValue, dataSize * sizeof(T));
      |       ^ ~~~~~~~~~~~~~~~~~~~~~~~~~~~~~~~~~~~~~~~~~~~~~~
/data/xumengying/tool-verify/opencv-verify/src/opencv_contrib/modules/hfs/src/cuda/../or_utils/or_vector.hpp:63:26: note: ‘class cv::hfs::orutils::Vector4<float>’ declared here
   63 | template <class T> class Vector4 : public Vector4_ < T >
      |                          ^~~~~~~
/data/xumengying/tool-verify/opencv-verify/src/opencv_contrib/modules/hfs/src/cuda/../or_utils/or_memory_block.hpp: In instantiation of ‘void cv::hfs::orutils::MemoryBlock<T>::clear(unsigned char) [with T = cv::hfs::slic::gSpixelInfo]’:
/data/xumengying/tool-verify/opencv-verify/src/opencv_contrib/modules/hfs/src/cuda/../or_utils/or_memory_block.hpp:42:1:   required from ‘cv::hfs::orutils::MemoryBlock<T>::MemoryBlock(size_t) [with T = cv::hfs::slic::gSpixelInfo; size_t = long unsigned int]’
/data/xumengying/tool-verify/opencv-verify/src/opencv_contrib/modules/hfs/src/cuda/../or_utils/or_image.hpp:18:84:   required from ‘cv::hfs::orutils::Image<T>::Image(cv::hfs::orutils::Vector2<int>) [with T = cv::hfs::slic::gSpixelInfo]’
/data/xumengying/tool-verify/opencv-verify/src/opencv_contrib/modules/hfs/src/cuda/gslic_seg_engine_gpu.cu:54:80:   required from here
/data/xumengying/tool-verify/opencv-verify/src/opencv_contrib/modules/hfs/src/cuda/../or_utils/or_memory_block.hpp:47:7: warning: ‘void* memset(void*, int, size_t)’ writing to an object of non-trivial type ‘struct cv::hfs::slic::gSpixelInfo’; use assignment instead [-Wclass-memaccess]
   47 |         memset(data_cpu, defaultValue, dataSize * sizeof(T));
      |       ^ ~~~~~~~~~~~~~~~~~~~~~~~~~~~~~~~~~~~~~~~~~~~~~~
/data/xumengying/tool-verify/opencv-verify/src/opencv_contrib/modules/hfs/src/cuda/../slic/slic.hpp:67:8: note: ‘struct cv::hfs::slic::gSpixelInfo’ declared here
   67 | struct gSpixelInfo
      |        ^~~~~~~~~~~
[1440/3882] Building CXX object modules/cudaarithm/CMakeFiles/opencv_test_cudaarithm.dir/test/test_core.cpp.o
[1441/3882] Building CXX object modules/calib3d/CMakeFiles/opencv_test_calib3d.dir/test/test_fisheye.cpp.o
[1442/3882] Building CXX object modules/calib3d/CMakeFiles/opencv_test_calib3d.dir/test/test_solvepnp_ransac.cpp.o
[1443/3882] Building NVCC (Device) object modules/dnn/CMakeFiles/cuda_compile_1.dir/src/cuda/cuda_compile_1_generated_fill_copy.cu.o
[1444/3882] Building NVCC (Device) object modules/dnn/CMakeFiles/cuda_compile_1.dir/src/cuda/cuda_compile_1_generated_region.cu.o
[1445/3882] Building NVCC (Device) object modules/dnn/CMakeFiles/cuda_compile_1.dir/src/cuda/cuda_compile_1_generated_slice.cu.o
[1446/3882] Building NVCC (Device) object modules/dnn/CMakeFiles/cuda_compile_1.dir/src/cuda/cuda_compile_1_generated_prior_box.cu.o
[1447/3882] Building NVCC (Device) object modules/dnn/CMakeFiles/cuda_compile_1.dir/src/cuda/cuda_compile_1_generated_mvn.cu.o
[1448/3882] Building NVCC (Device) object modules/dnn/CMakeFiles/cuda_compile_1.dir/src/cuda/cuda_compile_1_generated_shortcut.cu.o
[1449/3882] Building NVCC (Device) object modules/hfs/CMakeFiles/cuda_compile_1.dir/src/cuda/cuda_compile_1_generated_magnitude.cu.o
[1450/3882] Building NVCC (Device) object modules/dnn/CMakeFiles/cuda_compile_1.dir/src/cuda/cuda_compile_1_generated_padding.cu.o
[1451/3882] Building NVCC (Device) object modules/cudawarping/CMakeFiles/cuda_compile_1.dir/src/cuda/cuda_compile_1_generated_pyr_down.cu.o
[1452/3882] Building NVCC (Device) object modules/dnn/CMakeFiles/cuda_compile_1.dir/src/cuda/cuda_compile_1_generated_bias_eltwise_activation.cu.o
[1453/3882] Building NVCC (Device) object modules/dnn/CMakeFiles/cuda_compile_1.dir/src/cuda/cuda_compile_1_generated_bias_activation_eltwise.cu.o
[1454/3882] Building NVCC (Device) object modules/cudawarping/CMakeFiles/cuda_compile_1.dir/src/cuda/cuda_compile_1_generated_pyr_up.cu.o
[1455/3882] Building NVCC (Device) object modules/dnn/CMakeFiles/cuda_compile_1.dir/src/cuda/cuda_compile_1_generated_eltwise_activation.cu.o
[1456/3882] Building NVCC (Device) object modules/dnn/CMakeFiles/cuda_compile_1.dir/src/cuda/cuda_compile_1_generated_scale_shift.cu.o
[1457/3882] Building NVCC (Device) object modules/dnn/CMakeFiles/cuda_compile_1.dir/src/cuda/cuda_compile_1_generated_resize.cu.o
[1458/3882] Building NVCC (Device) object modules/dnn/CMakeFiles/cuda_compile_1.dir/src/cuda/cuda_compile_1_generated_grid_nms.cu.o
[1459/3882] Building NVCC (Device) object modules/dnn/CMakeFiles/cuda_compile_1.dir/src/cuda/cuda_compile_1_generated_activation_eltwise.cu.o
[1460/3882] Building NVCC (Device) object modules/dnn/CMakeFiles/cuda_compile_1.dir/src/cuda/cuda_compile_1_generated_normalize.cu.o
[1461/3882] Building NVCC (Device) object modules/dnn/CMakeFiles/cuda_compile_1.dir/src/cuda/cuda_compile_1_generated_max_unpooling.cu.o
[1462/3882] Building NVCC (Device) object modules/dnn/CMakeFiles/cuda_compile_1.dir/src/cuda/cuda_compile_1_generated_fp_conversion.cu.o
[1463/3882] Building NVCC (Device) object modules/dnn/CMakeFiles/cuda_compile_1.dir/src/cuda/cuda_compile_1_generated_bias_activation.cu.o
[1464/3882] Building NVCC (Device) object modules/dnn/CMakeFiles/cuda_compile_1.dir/src/cuda/cuda_compile_1_generated_crop_and_resize.cu.o
[1465/3882] Building NVCC (Device) object modules/dnn/CMakeFiles/cuda_compile_1.dir/src/cuda/cuda_compile_1_generated_roi_pooling.cu.o
[1466/3882] Building NVCC (Device) object modules/dnn/CMakeFiles/cuda_compile_1.dir/src/cuda/cuda_compile_1_generated_permute.cu.o
[1467/3882] Building NVCC (Device) object modules/dnn/CMakeFiles/cuda_compile_1.dir/src/cuda/cuda_compile_1_generated_concat.cu.o
[1468/3882] Building NVCC (Device) object modules/dnn/CMakeFiles/cuda_compile_1.dir/src/cuda/cuda_compile_1_generated_detection_output.cu.o
[1469/3882] Building CXX object modules/hfs/CMakeFiles/example_hfs_example.dir/samples/example.cpp.o
[1470/3882] Building CXX object modules/hfs/CMakeFiles/opencv_hfs.dir/src/hfs.cpp.o
[1471/3882] Building CXX object modules/hfs/CMakeFiles/opencv_hfs.dir/src/merge/merge.cpp.o
[1472/3882] Building CXX object modules/hfs/CMakeFiles/opencv_hfs.dir/src/slic/gslic_engine.cpp.o
[1473/3882] Building CXX object modules/hfs/CMakeFiles/opencv_hfs.dir/src/slic/slic.cpp.o
[1474/3882] Building CXX object modules/hfs/CMakeFiles/opencv_hfs.dir/src/magnitude/magnitude.cpp.o
[1475/3882] Building CXX object modules/hfs/CMakeFiles/opencv_hfs.dir/src/hfs_core.cpp.o
In file included from /data/xumengying/tool-verify/opencv-verify/src/opencv_contrib/modules/hfs/src/or_utils/or_image.hpp:9,
                 from /data/xumengying/tool-verify/opencv-verify/src/opencv_contrib/modules/hfs/src/or_utils/or_types.hpp:9,
                 from /data/xumengying/tool-verify/opencv-verify/src/opencv_contrib/modules/hfs/src/precomp.hpp:12,
                 from /data/xumengying/tool-verify/opencv-verify/src/opencv_contrib/modules/hfs/src/hfs_core.cpp:5:
/data/xumengying/tool-verify/opencv-verify/src/opencv_contrib/modules/hfs/src/or_utils/or_memory_block.hpp: In instantiation of ‘void cv::hfs::orutils::MemoryBlock<T>::clear(unsigned char) [with T = cv::hfs::orutils::Vector4<unsigned char>]’:
/data/xumengying/tool-verify/opencv-verify/src/opencv_contrib/modules/hfs/src/or_utils/or_memory_block.hpp:42:9:   required from ‘cv::hfs::orutils::MemoryBlock<T>::MemoryBlock(size_t) [with T = cv::hfs::orutils::Vector4<unsigned char>; size_t = long unsigned int]’
/data/xumengying/tool-verify/opencv-verify/src/opencv_contrib/modules/hfs/src/or_utils/or_image.hpp:19:49:   required from ‘cv::hfs::orutils::Image<T>::Image(cv::hfs::orutils::Vector2<int>) [with T = cv::hfs::orutils::Vector4<unsigned char>]’
/data/xumengying/tool-verify/opencv-verify/src/opencv_contrib/modules/hfs/src/hfs_core.cpp:66:58:   required from here
/data/xumengying/tool-verify/opencv-verify/src/opencv_contrib/modules/hfs/src/or_utils/or_memory_block.hpp:47:15: warning: ‘void* memset(void*, int, size_t)’ writing to an object of non-trivial type ‘class cv::hfs::orutils::Vector4<unsigned char>’; use assignment instead [-Wclass-memaccess]
   47 |         memset(data_cpu, defaultValue, dataSize * sizeof(T));
      |         ~~~~~~^~~~~~~~~~~~~~~~~~~~~~~~~~~~~~~~~~~~~~~~~~~~~~
In file included from /data/xumengying/tool-verify/opencv-verify/src/opencv_contrib/modules/hfs/src/or_utils/or_types.hpp:8,
                 from /data/xumengying/tool-verify/opencv-verify/src/opencv_contrib/modules/hfs/src/precomp.hpp:12,
                 from /data/xumengying/tool-verify/opencv-verify/src/opencv_contrib/modules/hfs/src/hfs_core.cpp:5:
/data/xumengying/tool-verify/opencv-verify/src/opencv_contrib/modules/hfs/src/or_utils/or_vector.hpp:63:26: note: ‘class cv::hfs::orutils::Vector4<unsigned char>’ declared here
   63 | template <class T> class Vector4 : public Vector4_ < T >
      |                          ^~~~~~~
[1476/3882] Building CXX object modules/cudaarithm/CMakeFiles/opencv_perf_cudaarithm.dir/perf/perf_element_operations.cpp.o
[1477/3882] Linking CXX shared library lib/libopencv_hfs.so.4.14.0
[1478/3882] Creating library symlink lib/libopencv_hfs.so.414 lib/libopencv_hfs.so
[1479/3882] Linking CXX executable bin/example_hfs_example
[1480/3882] Building CXX object modules/cudaarithm/CMakeFiles/opencv_test_cudaarithm.dir/test/test_element_operations.cpp.o
[1481/3882] Linking CXX shared library lib/libopencv_calib3d.so.4.14.0
[1482/3882] Creating library symlink lib/libopencv_calib3d.so.414 lib/libopencv_calib3d.so
[1483/3882] Processing OpenCL kernels (rgbd)
[1484/3882] Linking CXX shared library lib/libopencv_rapid.so.4.14.0
[1485/3882] Creating library symlink lib/libopencv_rapid.so.414 lib/libopencv_rapid.so
[1486/3882] Linking CXX shared library lib/libopencv_structured_light.so.4.14.0
[1487/3882] Creating library symlink lib/libopencv_structured_light.so.414 lib/libopencv_structured_light.so
[1488/3882] Linking CXX shared library lib/libopencv_ccalib.so.4.14.0
[1489/3882] Linking CXX executable bin/example_structured_light_cap_pattern
[1490/3882] Creating library symlink lib/libopencv_ccalib.so.414 lib/libopencv_ccalib.so
[1491/3882] Linking CXX executable bin/example_structured_light_capsinpattern
[1492/3882] Linking CXX executable bin/example_structured_light_pointcloud
[1493/3882] Linking CXX executable bin/example_structured_light_projectorcalibration
[1494/3882] Building NVCC (Device) object modules/dnn/CMakeFiles/cuda_compile_1.dir/src/cuda/cuda_compile_1_generated_activations.cu.o
[1495/3882] Linking CXX executable bin/example_ccalib_multi_cameras_calibration
[1496/3882] Linking CXX executable bin/example_ccalib_random_pattern_generator
[1497/3882] Linking CXX executable bin/example_ccalib_random_pattern_calibration
[1498/3882] Linking CXX shared library lib/libopencv_shape.so.4.14.0
[1499/3882] Linking CXX executable bin/example_ccalib_omni_stereo_calibration
[1500/3882] Linking CXX executable bin/example_ccalib_omni_calibration
[1501/3882] Creating library symlink lib/libopencv_shape.so.414 lib/libopencv_shape.so
[1502/3882] Processing OpenCL kernels (xfeatures2d)
[1503/3882] Linking CXX executable bin/example_shape_shape_example
[1504/3882] Linking CXX executable bin/opencv_test_rapid
[1505/3882] Linking CXX executable bin/opencv_test_structured_light
[1506/3882] Building NVCC (Device) object modules/cudawarping/CMakeFiles/cuda_compile_1.dir/src/cuda/cuda_compile_1_generated_resize.cu.o
[1507/3882] Linking CXX executable bin/opencv_test_shape
[1508/3882] Linking CXX executable bin/opencv_perf_calib3d
[1509/3882] Building NVCC (Device) object modules/dnn/CMakeFiles/cuda_compile_1.dir/src/cuda/cuda_compile_1_generated_eltwise_ops.cu.o
[1510/3882] Linking CXX executable bin/opencv_test_core
[1511/3882] Linking CXX executable bin/opencv_test_calib3d
[1512/3882] Building NVCC (Device) object modules/cudawarping/CMakeFiles/cuda_compile_1.dir/src/cuda/cuda_compile_1_generated_remap.cu.o
[1513/3882] Linking CXX executable bin/opencv_perf_cudaarithm
[1514/3882] Building NVCC (Device) object modules/cudev/test/CMakeFiles/opencv_test_cudev.dir/opencv_test_cudev_generated_test_lut.cu.o
[1515/3882] Building NVCC (Device) object modules/cudawarping/CMakeFiles/cuda_compile_1.dir/src/cuda/cuda_compile_1_generated_warp.cu.o
[1516/3882] Building NVCC (Device) object modules/cudev/test/CMakeFiles/opencv_test_cudev.dir/opencv_test_cudev_generated_test_cvt.cu.o
[1517/3882] Building NVCC (Device) object modules/cudev/test/CMakeFiles/opencv_test_cudev.dir/opencv_test_cudev_generated_test_bitwize_op.cu.o
[1518/3882] Building NVCC (Device) object modules/cudev/test/CMakeFiles/opencv_test_cudev.dir/opencv_test_cudev_generated_test_integral.cu.o
[1519/3882] Building NVCC (Device) object modules/cudev/test/CMakeFiles/opencv_test_cudev.dir/opencv_test_cudev_generated_test_warp.cu.o
[1520/3882] Building NVCC (Device) object modules/cudev/test/CMakeFiles/opencv_test_cudev.dir/opencv_test_cudev_generated_test_split_merge.cu.o
[1521/3882] Linking CXX executable bin/opencv_test_cudaarithm
[1522/3882] Building NVCC (Device) object modules/cudev/test/CMakeFiles/opencv_test_cudev.dir/opencv_test_cudev_generated_test_pyramids.cu.o
[1523/3882] Building NVCC (Device) object modules/cudafilters/CMakeFiles/cuda_compile_1.dir/src/cuda/cuda_compile_1_generated_row_filter.32fc1.cu.o
[1524/3882] Building CXX object modules/rgbd/CMakeFiles/example_rgbd_large_kinfu_demo.dir/samples/large_kinfu_demo.cpp.o
[1525/3882] Building NVCC (Device) object modules/cudev/test/CMakeFiles/opencv_test_cudev.dir/opencv_test_cudev_generated_transpose.cu.o
[1526/3882] Building NVCC (Device) object modules/cudev/test/CMakeFiles/opencv_test_cudev.dir/opencv_test_cudev_generated_test_deriv.cu.o
[1527/3882] Building NVCC (Device) object modules/cudev/test/CMakeFiles/opencv_test_cudev.dir/opencv_test_cudev_generated_test_arithm_func.cu.o
[1528/3882] Building NVCC (Device) object modules/cudafilters/CMakeFiles/cuda_compile_1.dir/src/cuda/cuda_compile_1_generated_column_filter.32fc3.cu.o
[1529/3882] Building NVCC (Device) object modules/cudev/test/CMakeFiles/opencv_test_cudev.dir/opencv_test_cudev_generated_test_reduction.cu.o
[1530/3882] Building NVCC (Device) object modules/cudev/test/CMakeFiles/opencv_test_cudev.dir/opencv_test_cudev_generated_test_scan.cu.o
[1531/3882] Building NVCC (Device) object modules/cudev/test/CMakeFiles/opencv_test_cudev.dir/opencv_test_cudev_generated_test_cmp_op.cu.o
[1532/3882] Building NVCC (Device) object modules/cudev/test/CMakeFiles/opencv_test_cudev.dir/opencv_test_cudev_generated_test_color_cvt.cu.o
[1533/3882] Building NVCC (Device) object modules/cudafilters/CMakeFiles/cuda_compile_1.dir/src/cuda/cuda_compile_1_generated_column_filter.16sc1.cu.o
[1534/3882] Building CXX object modules/rgbd/CMakeFiles/opencv_rgbd.dir/src/colored_kinfu.cpp.o
[1535/3882] Building CXX object modules/rgbd/CMakeFiles/opencv_rgbd.dir/src/colored_tsdf.cpp.o
[1536/3882] Building CXX object modules/rgbd/CMakeFiles/opencv_rgbd.dir/src/dqb.cpp.o
[1537/3882] Building NVCC (Device) object modules/cudafilters/CMakeFiles/cuda_compile_1.dir/src/cuda/cuda_compile_1_generated_column_filter.16uc4.cu.o
[1538/3882] Building CXX object modules/rgbd/CMakeFiles/opencv_rgbd.dir/src/fast_icp.cpp.o
[1539/3882] Building CXX object modules/rgbd/CMakeFiles/opencv_rgbd.dir/src/utils.cpp.o
[1540/3882] Building CXX object modules/rgbd/CMakeFiles/example_rgbd_odometry_evaluation.dir/samples/odometry_evaluation.cpp.o
[1541/3882] Building CXX object modules/rgbd/CMakeFiles/opencv_rgbd.dir/src/plane.cpp.o
[1542/3882] Building CXX object modules/rgbd/CMakeFiles/opencv_rgbd.dir/src/linemod.cpp.o
[1543/3882] Building NVCC (Device) object modules/cudev/test/CMakeFiles/opencv_test_cudev.dir/opencv_test_cudev_generated_test_nd.cu.o
[1544/3882] Building NVCC (Device) object modules/cudafilters/CMakeFiles/cuda_compile_1.dir/src/cuda/cuda_compile_1_generated_row_filter.32sc3.cu.o
[1545/3882] Building CXX object modules/rgbd/CMakeFiles/opencv_rgbd.dir/opencl_kernels_rgbd.cpp.o
[1546/3882] Building CXX object modules/rgbd/CMakeFiles/example_rgbd_linemod.dir/samples/linemod.cpp.o
[1547/3882] Building NVCC (Device) object modules/cudafilters/CMakeFiles/cuda_compile_1.dir/src/cuda/cuda_compile_1_generated_row_filter.32fc3.cu.o
[1548/3882] Building CXX object modules/rgbd/CMakeFiles/opencv_rgbd.dir/src/odometry.cpp.o
[1549/3882] Building NVCC (Device) object modules/cudafilters/CMakeFiles/cuda_compile_1.dir/src/cuda/cuda_compile_1_generated_row_filter.16uc4.cu.o
[1550/3882] Building CXX object modules/rgbd/CMakeFiles/opencv_rgbd.dir/src/pose_graph.cpp.o
[1551/3882] Building NVCC (Device) object modules/cudafilters/CMakeFiles/cuda_compile_1.dir/src/cuda/cuda_compile_1_generated_column_filter.32fc1.cu.o
[1552/3882] Building CXX object modules/rgbd/CMakeFiles/opencv_rgbd.dir/src/large_kinfu.cpp.o
[1553/3882] Building CXX object modules/dnn/CMakeFiles/opencv_perf_dnn.dir/perf/perf_caffe.cpp.o
[1554/3882] Building CXX object modules/rgbd/CMakeFiles/opencv_rgbd.dir/src/hash_tsdf.cpp.o
[1555/3882] Building CXX object modules/rgbd/CMakeFiles/opencv_rgbd.dir/src/kinfu.cpp.o
[1556/3882] Building CXX object modules/rgbd/CMakeFiles/opencv_rgbd.dir/src/dynafu.cpp.o
[1557/3882] Building NVCC (Device) object modules/cudafilters/CMakeFiles/cuda_compile_1.dir/src/cuda/cuda_compile_1_generated_row_filter.16uc1.cu.o
[1558/3882] Building CXX object modules/rgbd/CMakeFiles/opencv_rgbd.dir/src/warpfield.cpp.o
[1559/3882] Building CXX object modules/rgbd/CMakeFiles/opencv_rgbd.dir/src/normal.cpp.o
[1560/3882] Building CXX object modules/rgbd/CMakeFiles/opencv_rgbd.dir/src/nonrigid_icp.cpp.o
[1561/3882] Building NVCC (Device) object modules/cudafilters/CMakeFiles/cuda_compile_1.dir/src/cuda/cuda_compile_1_generated_row_filter.16sc1.cu.o
[1562/3882] Building CXX object modules/rgbd/CMakeFiles/opencv_rgbd.dir/src/tsdf_functions.cpp.o
[1563/3882] Building CXX object modules/rgbd/CMakeFiles/opencv_rgbd.dir/src/kinfu_frame.cpp.o
[1564/3882] Building CXX object modules/rgbd/CMakeFiles/opencv_rgbd.dir/src/depth_to_3d.cpp.o
[1565/3882] Building CXX object modules/rgbd/CMakeFiles/opencv_rgbd.dir/src/depth_cleaner.cpp.o
[1566/3882] Building CXX object modules/rgbd/CMakeFiles/example_rgbd_kinfu_demo.dir/samples/kinfu_demo.cpp.o
[1567/3882] Building CXX object modules/rgbd/CMakeFiles/example_rgbd_dynafu_demo.dir/samples/dynafu_demo.cpp.o
[1568/3882] Building NVCC (Device) object modules/cudafilters/CMakeFiles/cuda_compile_1.dir/src/cuda/cuda_compile_1_generated_column_filter.16uc1.cu.o
[1569/3882] Building NVCC (Device) object modules/cudafilters/CMakeFiles/cuda_compile_1.dir/src/cuda/cuda_compile_1_generated_row_filter.8uc1.cu.o
[1570/3882] Building CXX object modules/rgbd/CMakeFiles/example_rgbd_colored_kinfu_demo.dir/samples/colored_kinfu_demo.cpp.o
[1571/3882] Building CXX object modules/rgbd/CMakeFiles/opencv_rgbd.dir/src/dynafu_tsdf.cpp.o
[1572/3882] Building CXX object modules/rgbd/CMakeFiles/opencv_rgbd.dir/src/depth_registration.cpp.o
[1573/3882] Building NVCC (Device) object modules/cudafilters/CMakeFiles/cuda_compile_1.dir/src/cuda/cuda_compile_1_generated_row_filter.8uc3.cu.o
[1574/3882] Building CXX object modules/rgbd/CMakeFiles/opencv_rgbd.dir/src/tsdf.cpp.o
[1575/3882] Building NVCC (Device) object modules/cudafilters/CMakeFiles/cuda_compile_1.dir/src/cuda/cuda_compile_1_generated_column_filter.16uc3.cu.o
[1576/3882] Building CXX object modules/rgbd/CMakeFiles/opencv_test_rgbd.dir/test/test_odometry.cpp.o
[1577/3882] Building NVCC (Device) object modules/cudafilters/CMakeFiles/cuda_compile_1.dir/src/cuda/cuda_compile_1_generated_column_filter.32fc4.cu.o
[1578/3882] Building NVCC (Device) object modules/cudafilters/CMakeFiles/cuda_compile_1.dir/src/cuda/cuda_compile_1_generated_filter2d.cu.o
[1579/3882] Building NVCC (Device) object modules/cudafilters/CMakeFiles/cuda_compile_1.dir/src/cuda/cuda_compile_1_generated_row_filter.32sc1.cu.o
[1580/3882] Building CXX object modules/rgbd/CMakeFiles/opencv_test_rgbd.dir/test/test_dynafu.cpp.o
[1581/3882] Building NVCC (Device) object modules/cudafilters/CMakeFiles/cuda_compile_1.dir/src/cuda/cuda_compile_1_generated_row_filter.8uc4.cu.o
[1582/3882] Building NVCC (Device) object modules/cudev/test/CMakeFiles/opencv_test_cudev.dir/opencv_test_cudev_generated_test_arithm_op.cu.o
[1583/3882] Building NVCC (Device) object modules/cudafilters/CMakeFiles/cuda_compile_1.dir/src/cuda/cuda_compile_1_generated_row_filter.16sc3.cu.o
[1584/3882] Building CXX object modules/rgbd/CMakeFiles/opencv_test_rgbd.dir/test/test_main.cpp.o
[1585/3882] Building NVCC (Device) object modules/cudafilters/CMakeFiles/cuda_compile_1.dir/src/cuda/cuda_compile_1_generated_column_filter.16sc3.cu.o
[1586/3882] Building NVCC (Device) object modules/cudafilters/CMakeFiles/cuda_compile_1.dir/src/cuda/cuda_compile_1_generated_row_filter.32sc4.cu.o
[1587/3882] Building NVCC (Device) object modules/cudafilters/CMakeFiles/cuda_compile_1.dir/src/cuda/cuda_compile_1_generated_column_filter.8uc4.cu.o
[1588/3882] Building NVCC (Device) object modules/cudafilters/CMakeFiles/cuda_compile_1.dir/src/cuda/cuda_compile_1_generated_row_filter.32fc4.cu.o
[1589/3882] Building CXX object modules/rgbd/CMakeFiles/opencv_perf_rgbd.dir/perf/perf_main.cpp.o
[1590/3882] Building NVCC (Device) object modules/cudafilters/CMakeFiles/cuda_compile_1.dir/src/cuda/cuda_compile_1_generated_column_filter.32sc1.cu.o
[1591/3882] Building NVCC (Device) object modules/cudafilters/CMakeFiles/cuda_compile_1.dir/src/cuda/cuda_compile_1_generated_column_filter.8uc3.cu.o
[1592/3882] Building NVCC (Device) object modules/cudafilters/CMakeFiles/cuda_compile_1.dir/src/cuda/cuda_compile_1_generated_row_filter.16sc4.cu.o
[1593/3882] Building CXX object modules/rgbd/CMakeFiles/opencv_test_rgbd.dir/test/ocl/test_tsdf.cpp.o
[1594/3882] Building NVCC (Device) object modules/cudafilters/CMakeFiles/cuda_compile_1.dir/src/cuda/cuda_compile_1_generated_column_filter.32sc4.cu.o
[1595/3882] Building CXX object modules/rgbd/CMakeFiles/opencv_test_rgbd.dir/test/test_registration.cpp.o
[1596/3882] Building CXX object modules/rgbd/CMakeFiles/opencv_test_rgbd.dir/test/test_pose_graph.cpp.o
[1597/3882] Building NVCC (Device) object modules/cudafilters/CMakeFiles/cuda_compile_1.dir/src/cuda/cuda_compile_1_generated_row_filter.16uc3.cu.o
[1598/3882] Building CXX object modules/rgbd/CMakeFiles/opencv_rgbd.dir/src/volume.cpp.o
[1599/3882] Building CXX object modules/rgbd/CMakeFiles/opencv_test_rgbd.dir/test/test_kinfu.cpp.o
[1600/3882] Building CXX object modules/rgbd/CMakeFiles/opencv_test_rgbd.dir/test/test_utils.cpp.o
[1601/3882] Building CXX object modules/rgbd/CMakeFiles/opencv_test_rgbd.dir/test/test_colored_kinfu.cpp.o
[1602/3882] Building CXX object modules/rgbd/CMakeFiles/opencv_perf_rgbd.dir/perf/perf_tsdf.cpp.o
[1603/3882] Building CXX object modules/rgbd/CMakeFiles/opencv_test_rgbd.dir/test/test_tsdf.cpp.o
[1604/3882] Building CXX object modules/dnn/CMakeFiles/opencv_dnn.dir/src/dnn_params.cpp.o
[1605/3882] Building CXX object modules/dnn/CMakeFiles/opencv_dnn.dir/misc/tensorflow/versions.pb.cc.o
[1606/3882] Building CXX object modules/dnn/CMakeFiles/opencv_dnn.dir/misc/tensorflow/op_def.pb.cc.o
[1607/3882] Building CXX object modules/dnn/CMakeFiles/opencv_dnn.dir/src/layers/flow_warp_layer.cpp.o
[1608/3882] Building NVCC (Device) object modules/cudafilters/CMakeFiles/cuda_compile_1.dir/src/cuda/cuda_compile_1_generated_column_filter.8uc1.cu.o
[1609/3882] Building CXX object modules/cudawarping/CMakeFiles/opencv_cudawarping.dir/src/warp.cpp.o
[1610/3882] Building CXX object modules/dnn/CMakeFiles/opencv_dnn.dir/src/op_halide.cpp.o
[1611/3882] Building CXX object modules/dnn/CMakeFiles/opencv_dnn.dir/misc/tensorflow/types.pb.cc.o
[1612/3882] Building CXX object modules/dnn/CMakeFiles/opencv_dnn.dir/src/layers/prior_box_layer.cpp.o
[1613/3882] Building CXX object modules/dnn/CMakeFiles/opencv_dnn.dir/src/int8layers/elementwise_layers.cpp.o
[1614/3882] Building CXX object modules/dnn/CMakeFiles/opencv_dnn.dir/src/layers/shuffle_channel_layer.cpp.o
[1615/3882] Building CXX object modules/dnn/CMakeFiles/opencv_dnn.dir/src/debug_utils.cpp.o
[1616/3882] Building CXX object modules/dnn/CMakeFiles/opencv_dnn.dir/misc/tensorflow/tensor.pb.cc.o
[1617/3882] Building CXX object modules/dnn/CMakeFiles/opencv_dnn.dir/src/vkcom/vulkan/vk_loader.cpp.o
[1618/3882] Building CXX object modules/dnn/CMakeFiles/opencv_dnn.dir/src/layers/tile_layer.cpp.o
[1619/3882] Building CXX object modules/dnn/CMakeFiles/opencv_dnn.dir/src/layers/group_norm_layer.cpp.o
[1620/3882] Building CXX object modules/dnn/CMakeFiles/opencv_dnn.dir/src/vkcom/shader/conv_1x1_fast_spv.cpp.o
[1621/3882] Building CXX object modules/dnn/CMakeFiles/opencv_dnn.dir/src/layers/cpu_kernels/fast_norm.cpp.o
[1622/3882] Building CXX object modules/dnn/CMakeFiles/opencv_dnn.dir/src/net_impl_backend.cpp.o
[1623/3882] Building CXX object modules/dnn/CMakeFiles/opencv_dnn.dir/src/torch/THFile.cpp.o
[1624/3882] Building CXX object modules/dnn/CMakeFiles/opencv_dnn.dir/src/vkcom/src/buffer.cpp.o
[1625/3882] Building CXX object modules/dnn/CMakeFiles/opencv_dnn.dir/src/layers/region_layer.cpp.o
[1626/3882] Building CXX object modules/dnn/CMakeFiles/opencv_dnn.dir/src/torch/torch_importer.cpp.o
[1627/3882] Building CXX object modules/dnn/CMakeFiles/opencv_dnn.dir/src/op_cann.cpp.o
[1628/3882] Building CXX object modules/dnn/CMakeFiles/opencv_dnn.dir/src/torch/THDiskFile.cpp.o
[1629/3882] Building CXX object modules/dnn/CMakeFiles/opencv_dnn.dir/src/layers/cpu_kernels/conv_winograd_f63.dispatch.cpp.o
[1630/3882] Building CXX object modules/rgbd/CMakeFiles/opencv_test_rgbd.dir/test/test_normal.cpp.o
[1631/3882] Building CXX object modules/dnn/CMakeFiles/opencv_dnn.dir/src/layers/gather_elements_layer.cpp.o
[1632/3882] Building CXX object modules/dnn/CMakeFiles/opencv_dnn.dir/src/torch/THGeneral.cpp.o
[1633/3882] Building CXX object modules/dnn/CMakeFiles/opencv_dnn.dir/src/layer_factory.cpp.o
[1634/3882] Building CXX object modules/dnn/CMakeFiles/opencv_dnn.dir/layers/layers_common.avx.cpp.o
[1635/3882] Building CXX object modules/dnn/CMakeFiles/opencv_dnn.dir/misc/onnx/opencv-onnx.pb.cc.o
[1636/3882] Building CXX object modules/dnn/CMakeFiles/opencv_dnn.dir/src/layers/expand_layer.cpp.o
[1637/3882] Building CXX object modules/dnn/CMakeFiles/opencv_dnn.dir/src/layers/normalize_bbox_layer.cpp.o
[1638/3882] Building CXX object modules/dnn/CMakeFiles/opencv_dnn.dir/src/vkcom/shader/conv_depthwise_3x3_spv.cpp.o
[1639/3882] Building CXX object modules/dnn/CMakeFiles/opencv_dnn.dir/src/layers/blank_layer.cpp.o
[1640/3882] Building CXX object modules/cudawarping/CMakeFiles/opencv_cudawarping.dir/src/resize.cpp.o
[1641/3882] Building CXX object modules/dnn/CMakeFiles/opencv_dnn.dir/src/layers/arg_layer.cpp.o
[1642/3882] Building CXX object modules/dnn/CMakeFiles/opencv_dnn.dir/src/layers/topk_layer.cpp.o
[1643/3882] Building CXX object modules/dnn/CMakeFiles/opencv_dnn.dir/src/layers/mvn_layer.cpp.o
[1644/3882] Building NVCC (Device) object modules/cudafilters/CMakeFiles/cuda_compile_1.dir/src/cuda/cuda_compile_1_generated_column_filter.32sc3.cu.o
[1645/3882] Building CXX object modules/dnn/CMakeFiles/opencv_dnn.dir/src/layers/scale_layer.cpp.o
[1646/3882] Building CXX object modules/dnn/CMakeFiles/opencv_dnn.dir/src/net_quantization.cpp.o
[1647/3882] Building CXX object modules/dnn/CMakeFiles/opencv_dnn.dir/misc/tensorflow/graph.pb.cc.o
[1648/3882] Building CXX object modules/dnn/CMakeFiles/opencv_dnn.dir/misc/tensorflow/function.pb.cc.o
[1649/3882] Building CXX object modules/dnn/CMakeFiles/opencv_dnn.dir/src/vkcom/src/op_naryEltwise.cpp.o
[1650/3882] Building CXX object modules/dnn/CMakeFiles/opencv_dnn.dir/src/layers/attention_layer.cpp.o
[1651/3882] Building CXX object modules/dnn/CMakeFiles/opencv_dnn.dir/src/vkcom/shader/gemm_spv.cpp.o
[1652/3882] Building CXX object modules/dnn/CMakeFiles/opencv_dnn.dir/src/layers/permute_layer.cpp.o
[1653/3882] Building CXX object modules/dnn/CMakeFiles/opencv_dnn.dir/layers/cpu_kernels/conv_block.avx.cpp.o
[1654/3882] Building CXX object modules/dnn/CMakeFiles/opencv_dnn.dir/src/layers/randomnormallike_layer.cpp.o
[1655/3882] Building CXX object modules/dnn/CMakeFiles/opencv_dnn.dir/src/int8layers/scale_layer.cpp.o
[1656/3882] Building CXX object modules/dnn/CMakeFiles/opencv_dnn.dir/src/int8layers/layers_rvp052.cpp.o
[1657/3882] Building CXX object modules/dnn/CMakeFiles/opencv_dnn.dir/src/layers/recurrent_layers.cpp.o
[1658/3882] Building CXX object modules/dnn/CMakeFiles/opencv_dnn.dir/src/halide_scheduler.cpp.o
[1659/3882] Building CXX object modules/cudawarping/CMakeFiles/opencv_cudawarping.dir/src/remap.cpp.o
[1660/3882] Building CXX object modules/dnn/CMakeFiles/opencv_dnn.dir/src/op_inf_engine.cpp.o
[1661/3882] Building CXX object modules/dnn/CMakeFiles/opencv_dnn.dir/src/vkcom/src/tensor.cpp.o
[1662/3882] Building CXX object modules/dnn/CMakeFiles/opencv_dnn.dir/src/layers/reorg_layer.cpp.o
[1663/3882] Building CXX object modules/dnn/CMakeFiles/opencv_dnn.dir/src/init.cpp.o
[1664/3882] Building CXX object modules/dnn/CMakeFiles/opencv_dnn.dir/src/layers/cpu_kernels/conv_depthwise.cpp.o
[1665/3882] Building CXX object modules/dnn/CMakeFiles/opencv_dnn.dir/src/vkcom/src/pipeline.cpp.o
[1666/3882] Building CXX object modules/dnn/CMakeFiles/opencv_dnn.dir/src/vkcom/shader/nary_eltwise_binary_forward_spv.cpp.o
[1667/3882] Building CXX object modules/dnn/CMakeFiles/opencv_dnn.dir/src/layer.cpp.o
[1668/3882] Building CXX object modules/dnn/CMakeFiles/opencv_dnn.dir/src/layers/layers_common.cpp.o
[1669/3882] Building CXX object modules/dnn/CMakeFiles/opencv_dnn.dir/src/vkcom/shader/conv_implicit_gemm_spv.cpp.o
[1670/3882] Building CXX object modules/dnn/CMakeFiles/opencv_dnn.dir/src/vkcom/src/op_base.cpp.o
[1671/3882] Building CXX object modules/dnn/CMakeFiles/opencv_dnn.dir/src/op_webnn.cpp.o
[1672/3882] Building CXX object modules/dnn/CMakeFiles/opencv_dnn.dir/misc/tensorflow/tensor_shape.pb.cc.o
[1673/3882] Building CXX object modules/dnn/CMakeFiles/opencv_dnn.dir/src/layers/correlation_layer.cpp.o
[1674/3882] Building CXX object modules/dnn/CMakeFiles/opencv_dnn.dir/src/vkcom/src/context.cpp.o
[1675/3882] Building CXX object modules/dnn/CMakeFiles/opencv_dnn.dir/src/vkcom/src/fence.cpp.o
[1676/3882] Building CXX object modules/dnn/CMakeFiles/opencv_dnn.dir/layers/cpu_kernels/conv_block.avx2.cpp.o
[1677/3882] Building CXX object modules/dnn/CMakeFiles/opencv_dnn.dir/src/op_vkcom.cpp.o
[1678/3882] Building CXX object modules/dnn/CMakeFiles/opencv_dnn.dir/src/ie_ngraph.cpp.o
[1679/3882] Building CXX object modules/dnn/CMakeFiles/opencv_dnn.dir/src/op_cuda.cpp.o
[1680/3882] Building CXX object modules/dnn/CMakeFiles/opencv_dnn.dir/src/layers/not_implemented_layer.cpp.o
[1681/3882] Building CXX object modules/dnn/CMakeFiles/opencv_dnn.dir/src/int8layers/batch_norm_layer.cpp.o
[1682/3882] Building CXX object modules/dnn/CMakeFiles/opencv_dnn.dir/src/vkcom/src/internal.cpp.o
[1683/3882] Building CXX object modules/dnn/CMakeFiles/opencv_dnn.dir/src/layers/convolution_layer.cpp.o
[1684/3882] Building CXX object modules/dnn/CMakeFiles/opencv_dnn.dir/src/int8layers/eltwise_layer.cpp.o
[1685/3882] Building CXX object modules/dnn/CMakeFiles/opencv_dnn.dir/src/layers/const_layer.cpp.o
[1686/3882] Building CXX object modules/dnn/CMakeFiles/opencv_dnn.dir/src/caffe/caffe_io.cpp.o
[1687/3882] Building CXX object modules/dnn/CMakeFiles/opencv_dnn.dir/src/int8layers/pooling_layer.cpp.o
[1688/3882] Building CXX object modules/dnn/CMakeFiles/opencv_dnn.dir/src/layers/batch_norm_layer.cpp.o
[1689/3882] Building CXX object modules/dnn/CMakeFiles/opencv_dnn.dir/src/int8layers/quantize_dynamic_layer.cpp.o
[1690/3882] Building CXX object modules/dnn/CMakeFiles/opencv_dnn.dir/src/layers/reshape_layer.cpp.o
[1691/3882] Building CXX object modules/dnn/CMakeFiles/opencv_dnn.dir/src/registry.cpp.o
[1692/3882] Building CXX object modules/dnn/CMakeFiles/opencv_dnn.dir/src/layers/crop_and_resize_layer.cpp.o
[1693/3882] Building CXX object modules/dnn/CMakeFiles/opencv_dnn.dir/src/layers/reduce_layer.cpp.o
[1694/3882] Building CXX object modules/dnn/CMakeFiles/opencv_dnn.dir/src/layers/max_unpooling_layer.cpp.o
[1695/3882] Building CXX object modules/dnn/CMakeFiles/opencv_dnn.dir/src/layers/detection_output_layer.cpp.o
[1696/3882] Building CXX object modules/dnn/CMakeFiles/opencv_dnn.dir/src/onnx/onnx_graph_simplifier.cpp.o
[1697/3882] Building CXX object modules/dnn/CMakeFiles/opencv_dnn.dir/src/layers/resize_layer.cpp.o
[1698/3882] Building CXX object modules/dnn/CMakeFiles/opencv_dnn.dir/src/caffe/caffe_importer.cpp.o
[1699/3882] Building CXX object modules/dnn/CMakeFiles/opencv_dnn.dir/src/layers/depth_space_ops_layer.cpp.o
[1700/3882] Building CXX object modules/dnn/CMakeFiles/opencv_dnn.dir/src/layers/fully_connected_layer.cpp.o
[1701/3882] Building CXX object modules/dnn/CMakeFiles/opencv_dnn.dir/layers/cpu_kernels/conv_winograd_f63.avx.cpp.o
[1702/3882] Building CXX object modules/dnn/CMakeFiles/opencv_dnn.dir/src/model.cpp.o
[1703/3882] Building CXX object modules/dnn/CMakeFiles/opencv_dnn.dir/src/tflite/tflite_importer.cpp.o
[1704/3882] Building CXX object modules/dnn/CMakeFiles/opencv_dnn.dir/src/vkcom/src/op_conv.cpp.o
[1705/3882] Building CXX object modules/dnn/CMakeFiles/opencv_dnn.dir/src/layers/matmul_layer.cpp.o
[1706/3882] Building CXX object modules/dnn/CMakeFiles/opencv_dnn.dir/src/layers/proposal_layer.cpp.o
[1707/3882] Building CXX object modules/dnn/CMakeFiles/opencv_dnn.dir/src/vkcom/shader/conv_depthwise_spv.cpp.o
[1708/3882] Building CXX object modules/dnn/CMakeFiles/opencv_dnn.dir/src/layers/cpu_kernels/conv_winograd_f63.cpp.o
[1709/3882] Building CXX object modules/cudawarping/CMakeFiles/opencv_cudawarping.dir/src/pyramids.cpp.o
[1710/3882] Building NVCC (Device) object modules/cudafilters/CMakeFiles/cuda_compile_1.dir/src/cuda/cuda_compile_1_generated_column_filter.16sc4.cu.o
[1711/3882] Building CXX object modules/dnn/CMakeFiles/opencv_dnn.dir/src/int8layers/convolution_layer.cpp.o
[1712/3882] Building CXX object modules/dnn/CMakeFiles/opencv_dnn.dir/src/legacy_backend.cpp.o
[1713/3882] Building CXX object modules/dnn/CMakeFiles/opencv_dnn.dir/src/dnn.cpp.o
[1714/3882] Building CXX object modules/dnn/CMakeFiles/opencv_dnn.dir/src/vkcom/src/op_matmul.cpp.o
[1715/3882] Building CXX object modules/dnn/CMakeFiles/opencv_dnn.dir/src/darknet/darknet_importer.cpp.o
[1716/3882] Building CXX object modules/dnn/CMakeFiles/opencv_dnn.dir/misc/tensorflow/attr_value.pb.cc.o
[1717/3882] Building CXX object modules/dnn/CMakeFiles/opencv_dnn.dir/src/layers/flatten_layer.cpp.o
[1718/3882] Building CXX object modules/dnn/CMakeFiles/opencv_dnn.dir/src/layers/scatter_layer.cpp.o
[1719/3882] Building CXX object modules/dnn/CMakeFiles/opencv_dnn.dir/src/nms.cpp.o
[1720/3882] Building CXX object modules/dnn/CMakeFiles/opencv_dnn.dir/src/vkcom/shader/spv_shader.cpp.o
[1721/3882] Building CXX object modules/dnn/CMakeFiles/opencv_dnn.dir/src/tensorflow/tf_importer.cpp.o
[1722/3882] Building CXX object modules/dnn/CMakeFiles/opencv_dnn.dir/src/layers/eltwise_layer.cpp.o
[1723/3882] Building CXX object modules/dnn/CMakeFiles/opencv_dnn.dir/src/vkcom/src/command.cpp.o
[1724/3882] Building CXX object modules/dnn/CMakeFiles/opencv_dnn.dir/src/int8layers/softmax_layer.cpp.o
[1725/3882] Building CXX object modules/dnn/CMakeFiles/opencv_dnn.dir/src/layers/cumsum_layer.cpp.o
[1726/3882] Building CXX object modules/dnn/CMakeFiles/opencv_dnn.dir/src/net_impl_fuse.cpp.o
[1727/3882] Building CXX object modules/dnn/CMakeFiles/opencv_dnn.dir/src/tensorflow/tf_io.cpp.o
[1728/3882] Building CXX object modules/dnn/CMakeFiles/opencv_dnn.dir/src/layers/cpu_kernels/fast_gemm.cpp.o
[1729/3882] Building CXX object modules/dnn/CMakeFiles/opencv_dnn.dir/src/layers/accum_layer.cpp.o
[1730/3882] Building CXX object modules/dnn/CMakeFiles/opencv_dnn.dir/layers/cpu_kernels/conv_depthwise.avx.cpp.o
[1731/3882] Building CXX object modules/dnn/CMakeFiles/opencv_dnn.dir/src/int8layers/quantization_utils.cpp.o
[1732/3882] Building CXX object modules/dnn/CMakeFiles/opencv_dnn.dir/src/net_cann.cpp.o
[1733/3882] Building CXX object modules/dnn/CMakeFiles/opencv_dnn.dir/src/dnn_utils.cpp.o
[1734/3882] Building CXX object modules/dnn/CMakeFiles/opencv_dnn.dir/src/layers/cpu_kernels/convolution.cpp.o
[1735/3882] Building CXX object modules/dnn/CMakeFiles/opencv_dnn.dir/src/dnn_read.cpp.o
[1736/3882] Building CXX object modules/dnn/CMakeFiles/opencv_dnn.dir/src/layers/einsum_layer.cpp.o
[1737/3882] Building CXX object modules/dnn/CMakeFiles/opencv_dnn.dir/src/layers/lrn_layer.cpp.o
[1738/3882] Building CXX object modules/dnn/CMakeFiles/opencv_dnn.dir/src/net.cpp.o
[1739/3882] Building NVCC (Device) object modules/xfeatures2d/CMakeFiles/cuda_compile_1.dir/src/cuda/cuda_compile_1_generated_surf.cu.o
[1740/3882] Building CXX object modules/dnn/CMakeFiles/opencv_dnn.dir/src/layers/gather_layer.cpp.o
[1741/3882] Building CXX object modules/dnn/CMakeFiles/opencv_dnn.dir/src/layers/gemm_layer.cpp.o
[1742/3882] Building CXX object modules/dnn/CMakeFiles/opencv_dnn.dir/src/net_openvino.cpp.o
[1743/3882] Building CXX object modules/dnn/CMakeFiles/opencv_dnn.dir/src/int8layers/fully_connected_layer.cpp.o
[1744/3882] Building CXX object modules/dnn/CMakeFiles/opencv_dnn.dir/src/darknet/darknet_io.cpp.o
[1745/3882] Linking CXX shared library lib/libopencv_rgbd.so.4.14.0
[1746/3882] Creating library symlink lib/libopencv_rgbd.so.414 lib/libopencv_rgbd.so
[1747/3882] Building CXX object modules/dnn/CMakeFiles/opencv_dnn.dir/src/layers/cpu_kernels/softmax.cpp.o
[1748/3882] Building CXX object modules/dnn/CMakeFiles/opencv_dnn.dir/layers/cpu_kernels/fast_gemm_kernels.avx.cpp.o
[1749/3882] Building CXX object modules/dnn/CMakeFiles/opencv_dnn.dir/src/op_timvx.cpp.o
[1750/3882] Building CXX object modules/dnn/CMakeFiles/opencv_dnn.dir/src/layers/padding_layer.cpp.o
[1751/3882] Building CXX object modules/cudawarping/CMakeFiles/opencv_test_cudawarping.dir/test/test_lanczos.cpp.o
[1752/3882] Linking CXX executable bin/example_rgbd_colored_kinfu_demo
[1753/3882] Building CXX object modules/dnn/CMakeFiles/opencv_dnn.dir/src/layers/slice_layer.cpp.o
[1754/3882] Building CXX object modules/dnn/CMakeFiles/opencv_dnn.dir/int8layers/layers_common.avx2.cpp.o
[1755/3882] Linking CXX executable bin/example_rgbd_dynafu_demo
[1756/3882] Building CXX object modules/dnn/CMakeFiles/opencv_dnn.dir/src/net_impl.cpp.o
[1757/3882] Linking CXX executable bin/example_rgbd_large_kinfu_demo
[1758/3882] Building CXX object modules/dnn/CMakeFiles/opencv_dnn.dir/src/graph_simplifier.cpp.o
[1759/3882] Building CXX object modules/dnn/CMakeFiles/opencv_dnn.dir/src/backend.cpp.o
[1760/3882] Linking CXX executable bin/example_rgbd_linemod
[1761/3882] Linking CXX executable bin/example_rgbd_odometry_evaluation
[1762/3882] Linking CXX executable bin/example_rgbd_kinfu_demo
[1763/3882] Building CXX object modules/dnn/CMakeFiles/opencv_dnn.dir/src/layers/instance_norm_layer.cpp.o
[1764/3882] Building NVCC (Device) object modules/cudafilters/CMakeFiles/cuda_compile_1.dir/src/cuda/cuda_compile_1_generated_median_filter.cu.o
/data/xumengying/tool-verify/opencv-verify/src/opencv_contrib/modules/cudafilters/src/cuda/wavelet_matrix_2d.cuh(451): warning #2912-D: constexpr if statements are a C++17 feature
                  if constexpr(CH_NUM > 1) {
                     ^

Remark: The warnings can be suppressed with "-diag-suppress <warning-number>"

/data/xumengying/tool-verify/opencv-verify/src/opencv_contrib/modules/cudafilters/src/cuda/wavelet_matrix_float_supporter.cuh(81): warning #2912-D: constexpr if statements are a C++17 feature
      if constexpr (CH_NUM >= 2) {
         ^
          detected during:
            instantiation of "void cv::cuda::device::wavelet_matrix_median::WMMedianFloatSupporter::WMMedianFloatSupporter<ValT, CH_NUM, IdxT>::sort_and_set(IdxT *, IdxT) [with ValT=float, CH_NUM=1, IdxT=uint32_t]" at line 381 of /data/xumengying/tool-verify/opencv-verify/src/opencv_contrib/modules/cudafilters/src/cuda/median_filter.cu
            instantiation of "void cv::cuda::device::medianFiltering_wavelet_matrix_gpu<CH_NUM,T>(cv::cuda::PtrStepSz<T>, cv::cuda::PtrStepSz<T>, int, cudaStream_t) [with CH_NUM=1, T=unsigned char]" at line 400 of /data/xumengying/tool-verify/opencv-verify/src/opencv_contrib/modules/cudafilters/src/cuda/median_filter.cu
            instantiation of "void cv::cuda::device::medianFiltering_wavelet_matrix_gpu(cv::cuda::PtrStepSz<T>, cv::cuda::PtrStepSz<T>, int, int, cudaStream_t) [with T=unsigned char]" at line 410 of /data/xumengying/tool-verify/opencv-verify/src/opencv_contrib/modules/cudafilters/src/cuda/median_filter.cu

Remark: The warnings can be suppressed with "-diag-suppress <warning-number>"

/data/xumengying/tool-verify/opencv-verify/src/opencv_contrib/modules/cudafilters/src/cuda/wavelet_matrix_2d.cuh: In member function ‘void cv::cuda::device::wavelet_matrix_median::WaveletMatrix2dCu5C<ValT, CH_NUM, MultiWaveletMatrixImpl, TH_NUM, WORD_SIZE>::construct(const ValT*, cudaStream_t, bool)’:
/data/xumengying/tool-verify/opencv-verify/src/opencv_contrib/modules/cudafilters/src/cuda/wavelet_matrix_2d.cuh:885:4: warning: ‘if constexpr’ only available with ‘-std=c++17’ or ‘-std=gnu++17’
  885 |         if constexpr (sizeof(ValT) >= 4) for (; h > 16; --h) {
      |    ^    ~~~~
/data/xumengying/tool-verify/opencv-verify/src/opencv_contrib/modules/cudafilters/src/cuda/wavelet_matrix_2d.cuh:903:4: warning: ‘if constexpr’ only available with ‘-std=c++17’ or ‘-std=gnu++17’
  903 |         if constexpr (sizeof(ValT) >= 4) if (h == 16 || (is_same<ValT, uint32_t>::value && h >= 0)) do {
      |    ^    ~~~~
/data/xumengying/tool-verify/opencv-verify/src/opencv_contrib/modules/cudafilters/src/cuda/wavelet_matrix_2d.cuh:922:4: warning: ‘if constexpr’ only available with ‘-std=c++17’ or ‘-std=gnu++17’
  922 |         if constexpr (sizeof(ValT) >= 2) for (; h > 8; --h) {
      |    ^    ~~~~
/data/xumengying/tool-verify/opencv-verify/src/opencv_contrib/modules/cudafilters/src/cuda/wavelet_matrix_2d.cuh:940:4: warning: ‘if constexpr’ only available with ‘-std=c++17’ or ‘-std=gnu++17’
  940 |         if constexpr (sizeof(ValT) >= 2) if (h == 8 || (is_same<ValT, uint32_t>::value && h >= 0)) do {
      |    ^    ~~~~
[1765/3882] Building CXX object modules/dnn/CMakeFiles/opencv_dnn.dir/src/layers/concat_layer.cpp.o
[1766/3882] Building CXX object modules/dnn/CMakeFiles/opencv_dnn.dir/src/vkcom/vulkan/vk_functions.cpp.o
[1767/3882] Building CXX object modules/dnn/CMakeFiles/opencv_dnn.dir/src/layers/softmax_layer.cpp.o
[1768/3882] Building CXX object modules/dnn/CMakeFiles/opencv_dnn.dir/src/layers/nary_eltwise_layers.cpp.o
[1769/3882] Linking CXX executable bin/opencv_perf_rgbd
[1770/3882] Building CXX object modules/dnn/CMakeFiles/opencv_dnn.dir/src/layers/layer_norm.cpp.o
[1771/3882] Building CXX object modules/dnn/CMakeFiles/opencv_dnn.dir/src/caffe/caffe_shrinker.cpp.o
[1772/3882] Building CXX object modules/datasets/CMakeFiles/opencv_datasets.dir/src/tinyxml2/tinyxml2.cpp.o
[1773/3882] Building CXX object modules/dnn/CMakeFiles/opencv_dnn.dir/layers/layers_common.avx2.cpp.o
[1774/3882] Building CXX object modules/dnn/CMakeFiles/opencv_dnn.dir/src/layers/scatterND_layer.cpp.o
[1775/3882] Linking CXX executable bin/opencv_test_rgbd
[1776/3882] Building CXX object modules/dnn/CMakeFiles/opencv_dnn.dir/int8layers/layers_common.avx512_skx.cpp.o
[1777/3882] Building CXX object modules/dnn/CMakeFiles/opencv_dnn.dir/src/tensorflow/tf_graph_simplifier.cpp.o
[1778/3882] Building CXX object modules/dnn/CMakeFiles/opencv_dnn.dir/src/layers/pooling_layer.cpp.o
[1779/3882] Linking CXX shared library lib/libopencv_cudawarping.so.4.14.0
[1780/3882] Creating library symlink lib/libopencv_cudawarping.so.414 lib/libopencv_cudawarping.so
[1781/3882] Building CXX object modules/dnn/CMakeFiles/opencv_dnn.dir/layers/cpu_kernels/fast_gemm_kernels.avx2.cpp.o
[1782/3882] Building CXX object modules/dnn/CMakeFiles/opencv_dnn.dir/layers/cpu_kernels/conv_winograd_f63.avx2.cpp.o
[1783/3882] Building CXX object modules/dnn/CMakeFiles/opencv_dnn.dir/src/onnx/onnx_importer.cpp.o
[1784/3882] Building CXX object modules/cudawarping/CMakeFiles/opencv_test_cudawarping.dir/test/test_pyramids.cpp.o
[1785/3882] Building CXX object modules/dnn/CMakeFiles/opencv_dnn.dir/src/layers/split_layer.cpp.o
[1786/3882] Building CXX object modules/dnn/CMakeFiles/opencv_dnn.dir/layers/cpu_kernels/conv_depthwise.avx2.cpp.o
[1787/3882] Building CXX object modules/dnn/CMakeFiles/opencv_dnn.dir/misc/caffe/opencv-caffe.pb.cc.o
[1788/3882] Building CXX object modules/cudawarping/CMakeFiles/opencv_test_cudawarping.dir/test/test_remap.cpp.o
[1789/3882] Building CXX object modules/dnn/CMakeFiles/opencv_dnn.dir/src/layers/elementwise_layers.cpp.o
[1790/3882] Building CXX object modules/cudawarping/CMakeFiles/opencv_perf_cudawarping.dir/perf/perf_warping.cpp.o
[1791/3882] Building CXX object modules/dnn_superres/CMakeFiles/example_dnn_superres_dnn_superres_benchmark_quality.dir/samples/dnn_superres_benchmark_quality.cpp.o
[1792/3882] Building CXX object modules/cudawarping/CMakeFiles/opencv_test_cudawarping.dir/test/test_main.cpp.o
[1793/3882] Building CXX object modules/text/CMakeFiles/opencv_text.dir/src/text_detectorCNN.cpp.o
[1794/3882] Building CXX object modules/dnn/CMakeFiles/opencv_dnn.dir/layers/layers_common.avx512_skx.cpp.o
[1795/3882] Building CXX object modules/cudawarping/CMakeFiles/opencv_perf_cudawarping.dir/perf/perf_main.cpp.o
[1796/3882] Building CXX object modules/dnn/CMakeFiles/opencv_test_dnn.dir/test/test_googlenet.cpp.o
[1797/3882] Building CXX object modules/dnn/CMakeFiles/opencv_test_dnn.dir/test/test_graph_simplifier.cpp.o
[1798/3882] Building CXX object modules/text/CMakeFiles/example_text_cropped_word_recognition.dir/samples/cropped_word_recognition.cpp.o
[1799/3882] Building CXX object modules/text/CMakeFiles/example_text_end_to_end_recognition.dir/samples/end_to_end_recognition.cpp.o
[1800/3882] Building CXX object modules/text/CMakeFiles/example_text_text_recognition_cnn.dir/samples/text_recognition_cnn.cpp.o
[1801/3882] Building CXX object modules/text/CMakeFiles/opencv_text.dir/src/text_detector_swt.cpp.o
[1802/3882] Building CXX object modules/dnn_superres/CMakeFiles/example_dnn_superres_dnn_superres_benchmark_time.dir/samples/dnn_superres_benchmark_time.cpp.o
[1803/3882] Building CXX object modules/dnn_superres/CMakeFiles/opencv_test_dnn_superres.dir/test/test_dnn_superres.cpp.o
[1804/3882] Building CXX object modules/dnn/CMakeFiles/opencv_test_dnn.dir/test/test_model.cpp.o
[1805/3882] Building CXX object modules/text/CMakeFiles/example_text_textdetection_swt.dir/samples/textdetection_swt.cpp.o
[1806/3882] Building CXX object modules/text/CMakeFiles/opencv_text.dir/src/ocr_holistic.cpp.o
[1807/3882] Building CXX object modules/dnn/CMakeFiles/opencv_perf_dnn.dir/perf/perf_gemm.cpp.o
[1808/3882] Building CXX object modules/datasets/CMakeFiles/opencv_datasets.dir/src/ar_sports.cpp.o
[1809/3882] Building CXX object modules/text/CMakeFiles/opencv_text.dir/src/erfilter.cpp.o
[1810/3882] Building CXX object modules/text/CMakeFiles/opencv_text.dir/src/ocr_tesseract.cpp.o
[1811/3882] Building CXX object modules/text/CMakeFiles/example_text_segmented_word_recognition.dir/samples/segmented_word_recognition.cpp.o
[1812/3882] Building CXX object modules/dnn_superres/CMakeFiles/opencv_dnn_superres.dir/src/dnn_superres.cpp.o
[1813/3882] Building CXX object modules/cudawarping/CMakeFiles/opencv_test_cudawarping.dir/test/test_warp_affine.cpp.o
[1814/3882] Building CXX object modules/dnn/CMakeFiles/opencv_test_dnn.dir/test/test_nms.cpp.o
[1815/3882] Building CXX object modules/cudawarping/CMakeFiles/opencv_test_cudawarping.dir/test/test_warp_perspective.cpp.o
[1816/3882] Building CXX object modules/dnn_superres/CMakeFiles/example_dnn_superres_dnn_superres_video.dir/samples/dnn_superres_video.cpp.o
[1817/3882] Building CXX object modules/datasets/CMakeFiles/opencv_datasets.dir/src/ir_robot.cpp.o
[1818/3882] Building CXX object modules/dnn/CMakeFiles/opencv_test_dnn.dir/test/test_main.cpp.o
[1819/3882] Building CXX object modules/dnn/CMakeFiles/opencv_perf_dnn.dir/perf/perf_recurrent.cpp.o
[1820/3882] Building CXX object modules/dnn_superres/CMakeFiles/example_dnn_superres_dnn_superres.dir/samples/dnn_superres.cpp.o
[1821/3882] Building CXX object modules/dnn/CMakeFiles/opencv_test_dnn.dir/test/test_tflite_importer.cpp.o
[1822/3882] Building CXX object modules/dnn/CMakeFiles/opencv_perf_dnn.dir/perf/perf_main.cpp.o
[1823/3882] Building CXX object modules/datasets/CMakeFiles/opencv_datasets.dir/src/sr_general100.cpp.o
[1824/3882] Building CXX object modules/datasets/CMakeFiles/opencv_datasets.dir/src/pd_inria.cpp.o
[1825/3882] Building CXX object modules/dnn/CMakeFiles/opencv_test_dnn.dir/test/test_common.cpp.o
[1826/3882] Building CXX object modules/datasets/CMakeFiles/example_datasets_fr_lfw_benchmark.dir/samples/fr_lfw_benchmark.cpp.o
[1827/3882] Building CXX object modules/dnn_superres/CMakeFiles/example_dnn_superres_dnn_superres_multioutput.dir/samples/dnn_superres_multioutput.cpp.o
[1828/3882] Linking CXX executable bin/opencv_perf_cudawarping
[1829/3882] Building CXX object modules/datasets/CMakeFiles/opencv_datasets.dir/src/tr_chars.cpp.o
[1830/3882] Building CXX object modules/dnn/CMakeFiles/opencv_perf_dnn.dir/perf/perf_utils.cpp.o
[1831/3882] Building CXX object modules/datasets/CMakeFiles/opencv_datasets.dir/src/gr_chalearn.cpp.o
[1832/3882] Building CXX object modules/text/CMakeFiles/example_text_textdetection.dir/samples/textdetection.cpp.o
[1833/3882] Building CXX object modules/dnn/CMakeFiles/opencv_test_dnn.dir/test/test_onnx_conformance.cpp.o
[1834/3882] Building CXX object modules/datasets/CMakeFiles/opencv_datasets.dir/src/ar_hmdb.cpp.o
[1835/3882] Building CXX object modules/text/CMakeFiles/opencv_text.dir/src/ocr_beamsearch_decoder.cpp.o
[1836/3882] Building CXX object modules/dnn/CMakeFiles/opencv_test_dnn.dir/test/test_caffe_importer.cpp.o
[1837/3882] Building CXX object modules/datasets/CMakeFiles/example_datasets_sr_general100.dir/samples/sr_general100.cpp.o
[1838/3882] Building CXX object modules/dnn/CMakeFiles/opencv_test_dnn.dir/test/test_ie_models.cpp.o
[1839/3882] Building CXX object modules/text/CMakeFiles/opencv_text.dir/src/ocr_hmm_decoder.cpp.o
[1840/3882] Building CXX object modules/dnn/CMakeFiles/opencv_perf_dnn.dir/perf/perf_convolution3d.cpp.o
[1841/3882] Building CXX object modules/text/CMakeFiles/example_text_webcam_demo.dir/samples/webcam_demo.cpp.o
[1842/3882] Building CXX object modules/datasets/CMakeFiles/example_datasets_slam_tumindoor.dir/samples/slam_tumindoor.cpp.o
[1843/3882] Building CXX object modules/datasets/CMakeFiles/opencv_datasets.dir/src/dataset.cpp.o
[1844/3882] Building CXX object modules/dnn/CMakeFiles/opencv_test_dnn.dir/test/npy_blob.cpp.o
[1845/3882] Building CXX object modules/text/CMakeFiles/example_text_dictnet_demo.dir/samples/dictnet_demo.cpp.o
[1846/3882] Building CXX object modules/datasets/CMakeFiles/example_datasets_msm_epfl.dir/samples/msm_epfl.cpp.o
[1847/3882] Building CXX object modules/datasets/CMakeFiles/opencv_datasets.dir/src/hpe_humaneva.cpp.o
[1848/3882] Building CXX object modules/datasets/CMakeFiles/opencv_datasets.dir/src/is_weizmann.cpp.o
[1849/3882] Building CXX object modules/datasets/CMakeFiles/example_datasets_tr_svt.dir/samples/tr_svt.cpp.o
[1850/3882] Building CXX object modules/cudawarping/CMakeFiles/opencv_test_cudawarping.dir/test/test_resize.cpp.o
[1851/3882] Building CXX object modules/datasets/CMakeFiles/opencv_datasets.dir/src/gr_skig.cpp.o
[1852/3882] Building CXX object modules/datasets/CMakeFiles/example_datasets_sr_div2k.dir/samples/sr_div2k.cpp.o
[1853/3882] Building CXX object modules/datasets/CMakeFiles/opencv_datasets.dir/src/hpe_parse.cpp.o
[1854/3882] Building CXX object modules/dnn/CMakeFiles/opencv_perf_dnn.dir/perf/perf_convolution1d.cpp.o
[1855/3882] Building CXX object modules/datasets/CMakeFiles/opencv_datasets.dir/src/fr_adience.cpp.o
[1856/3882] Building CXX object modules/dnn_superres/CMakeFiles/opencv_test_dnn_superres.dir/test/test_main.cpp.o
[1857/3882] Building CXX object modules/mcc/CMakeFiles/opencv_mcc.dir/src/graph_cluster.cpp.o
[1858/3882] Building CXX object modules/datasets/CMakeFiles/example_datasets_is_weizmann.dir/samples/is_weizmann.cpp.o
[1859/3882] Building CXX object modules/datasets/CMakeFiles/opencv_datasets.dir/src/ir_affine.cpp.o
[1860/3882] Building CXX object modules/dnn/CMakeFiles/opencv_perf_dnn.dir/perf/perf_einsum.cpp.o
[1861/3882] Building CXX object modules/datasets/CMakeFiles/example_datasets_ar_sports.dir/samples/ar_sports.cpp.o
[1862/3882] Building CXX object modules/datasets/CMakeFiles/opencv_datasets.dir/src/slam_tumindoor.cpp.o
[1863/3882] Building CXX object modules/datasets/CMakeFiles/opencv_datasets.dir/src/or_mnist.cpp.o
[1864/3882] Building CXX object modules/text/CMakeFiles/opencv_test_text.dir/test/test_detection_swt.cpp.o
[1865/3882] Building CXX object modules/datasets/CMakeFiles/example_datasets_msm_middlebury.dir/samples/msm_middlebury.cpp.o
[1866/3882] Building CXX object modules/dnn/CMakeFiles/opencv_perf_dnn.dir/perf/perf_convolution.cpp.o
[1867/3882] Building CXX object apps/model-diagnostics/CMakeFiles/opencv_model_diagnostics.dir/model_diagnostics.cpp.o
[1868/3882] Building CXX object modules/datasets/CMakeFiles/opencv_datasets.dir/src/or_sun.cpp.o
[1869/3882] Building CXX object modules/dnn/CMakeFiles/opencv_test_dnn.dir/test/test_layers.cpp.o
[1870/3882] Building CXX object modules/datasets/CMakeFiles/opencv_datasets.dir/src/fr_lfw.cpp.o
[1871/3882] Building CXX object modules/datasets/CMakeFiles/example_datasets_tr_chars_benchmark.dir/samples/tr_chars_benchmark.cpp.o
[1872/3882] Building CXX object modules/mcc/CMakeFiles/opencv_mcc.dir/src/utils.cpp.o
[1873/3882] Building CXX object modules/dnn/CMakeFiles/opencv_test_dnn.dir/test/test_darknet_importer.cpp.o
[1874/3882] Building CXX object modules/datasets/CMakeFiles/opencv_datasets.dir/src/pd_caltech.cpp.o
[1875/3882] Building CXX object modules/datasets/CMakeFiles/opencv_datasets.dir/src/msm_epfl.cpp.o
[1876/3882] Building CXX object modules/datasets/CMakeFiles/example_datasets_sr_bsds.dir/samples/sr_bsds.cpp.o
[1877/3882] Building CXX object modules/datasets/CMakeFiles/opencv_datasets.dir/src/or_pascal.cpp.o
[1878/3882] Building CXX object modules/datasets/CMakeFiles/opencv_datasets.dir/src/sr_div2k.cpp.o
[1879/3882] Building CXX object modules/datasets/CMakeFiles/opencv_datasets.dir/src/tr_icdar.cpp.o
[1880/3882] Building CXX object modules/dnn/CMakeFiles/opencv_test_dnn.dir/test/test_int8_layers.cpp.o
[1881/3882] Building CXX object modules/datasets/CMakeFiles/example_datasets_fr_lfw.dir/samples/fr_lfw.cpp.o
[1882/3882] Building CXX object modules/mcc/CMakeFiles/opencv_mcc.dir/src/charts.cpp.o
[1883/3882] Building CXX object modules/mcc/CMakeFiles/example_mcc_chart_detection.dir/samples/chart_detection.cpp.o
[1884/3882] Building CXX object modules/datasets/CMakeFiles/opencv_datasets.dir/src/or_imagenet.cpp.o
[1885/3882] Building CXX object modules/cudev/test/CMakeFiles/opencv_test_cudev.dir/test_main.cpp.o
[1886/3882] Building CXX object modules/mcc/CMakeFiles/opencv_mcc.dir/src/bound_min.cpp.o
[1887/3882] Building CXX object modules/mcc/CMakeFiles/opencv_mcc.dir/src/io.cpp.o
[1888/3882] Building CXX object modules/xfeatures2d/CMakeFiles/opencv_xfeatures2d.dir/src/pct_signatures/grayscale_bitmap.cpp.o
[1889/3882] Building CXX object modules/datasets/CMakeFiles/opencv_datasets.dir/src/slam_kitti.cpp.o
[1890/3882] Building CXX object modules/text/CMakeFiles/example_text_character_recognition.dir/samples/character_recognition.cpp.o
[1891/3882] Building CXX object modules/text/CMakeFiles/example_text_textbox_demo.dir/samples/textbox_demo.cpp.o
[1892/3882] Building CXX object modules/text/CMakeFiles/opencv_test_text.dir/test/test_main.cpp.o
[1893/3882] Building CXX object modules/dnn_superres/CMakeFiles/opencv_perf_dnn_superres.dir/perf/perf_main.cpp.o
[1894/3882] Building CXX object modules/datasets/CMakeFiles/example_datasets_pd_caltech.dir/samples/pd_caltech.cpp.o
[1895/3882] Building CXX object modules/xfeatures2d/CMakeFiles/opencv_xfeatures2d.dir/src/gms.cpp.o
[1896/3882] Building CXX object modules/datasets/CMakeFiles/opencv_datasets.dir/src/tr_svt.cpp.o
[1897/3882] Building CXX object modules/mcc/CMakeFiles/opencv_mcc.dir/src/linearize.cpp.o
[1898/3882] Building CXX object modules/datasets/CMakeFiles/example_datasets_fr_adience.dir/samples/fr_adience.cpp.o
[1899/3882] Building CXX object modules/datasets/CMakeFiles/example_datasets_gr_skig.dir/samples/gr_skig.cpp.o
[1900/3882] Building CXX object modules/mcc/CMakeFiles/example_mcc_color_correction_model.dir/samples/color_correction_model.cpp.o
[1901/3882] Building CXX object modules/datasets/CMakeFiles/example_datasets_tr_icdar.dir/samples/tr_icdar.cpp.o
[1902/3882] Building CXX object modules/datasets/CMakeFiles/example_datasets_or_mnist.dir/samples/or_mnist.cpp.o
[1903/3882] Building CXX object modules/datasets/CMakeFiles/opencv_datasets.dir/src/is_bsds.cpp.o
[1904/3882] Building CXX object modules/datasets/CMakeFiles/example_datasets_gr_chalearn.dir/samples/gr_chalearn.cpp.o
[1905/3882] Building CXX object modules/datasets/CMakeFiles/example_datasets_is_bsds.dir/samples/is_bsds.cpp.o
[1906/3882] Building CXX object modules/text/CMakeFiles/opencv_test_text.dir/test/test_detection.cpp.o
[1907/3882] Building CXX object modules/datasets/CMakeFiles/example_datasets_or_sun.dir/samples/or_sun.cpp.o
[1908/3882] Building CXX object modules/dnn_superres/CMakeFiles/opencv_perf_dnn_superres.dir/perf/perf_dnn_superres.cpp.o
[1909/3882] Building CXX object modules/datasets/CMakeFiles/example_datasets_ir_affine.dir/samples/ir_affine.cpp.o
[1910/3882] Building CXX object modules/mcc/CMakeFiles/opencv_mcc.dir/src/debug.cpp.o
[1911/3882] Building CXX object modules/datasets/CMakeFiles/example_datasets_tr_svt_benchmark.dir/samples/tr_svt_benchmark.cpp.o
[1912/3882] Building CXX object modules/datasets/CMakeFiles/opencv_datasets.dir/src/track_vot.cpp.o
[1913/3882] Building CXX object modules/datasets/CMakeFiles/example_datasets_or_imagenet.dir/samples/or_imagenet.cpp.o
[1914/3882] Building CXX object modules/mcc/CMakeFiles/opencv_mcc.dir/src/mcc.cpp.o
[1915/3882] Building CXX object modules/mcc/CMakeFiles/opencv_mcc.dir/src/ccm.cpp.o
[1916/3882] Building CXX object modules/mcc/CMakeFiles/opencv_mcc.dir/src/operations.cpp.o
[1917/3882] Building CXX object modules/datasets/CMakeFiles/example_datasets_tr_chars.dir/samples/tr_chars.cpp.o
[1918/3882] Building CXX object modules/datasets/CMakeFiles/example_datasets_ir_robot.dir/samples/ir_robot.cpp.o
[1919/3882] Building CXX object modules/datasets/CMakeFiles/example_datasets_or_pascal.dir/samples/or_pascal.cpp.o
[1920/3882] Building CXX object modules/xfeatures2d/CMakeFiles/opencv_xfeatures2d.dir/src/logos/Point.cpp.o
[1921/3882] Building CXX object modules/xfeatures2d/CMakeFiles/opencv_xfeatures2d.dir/src/logos/Match.cpp.o
[1922/3882] Building CXX object modules/xfeatures2d/CMakeFiles/opencv_xfeatures2d.dir/src/ellipticKeyPoint.cpp.o
[1923/3882] Building CXX object modules/datasets/CMakeFiles/example_datasets_slam_kitti.dir/samples/slam_kitti.cpp.o
[1924/3882] Building CXX object modules/datasets/CMakeFiles/example_datasets_ar_hmdb.dir/samples/ar_hmdb.cpp.o
[1925/3882] Building CXX object modules/xfeatures2d/CMakeFiles/opencv_xfeatures2d.dir/opencl_kernels_xfeatures2d.cpp.o
[1926/3882] Building CXX object modules/datasets/CMakeFiles/example_datasets_tr_icdar_benchmark.dir/samples/tr_icdar_benchmark.cpp.o
[1927/3882] Building CXX object modules/xfeatures2d/CMakeFiles/opencv_xfeatures2d.dir/src/fast.cpp.o
[1928/3882] Building CXX object modules/datasets/CMakeFiles/example_datasets_hpe_parse.dir/samples/hpe_parse.cpp.o
[1929/3882] Building CXX object modules/xfeatures2d/CMakeFiles/opencv_xfeatures2d.dir/src/xfeatures2d_init.cpp.o
[1930/3882] Building CXX object modules/xfeatures2d/CMakeFiles/opencv_xfeatures2d.dir/src/logos/PointPair.cpp.o
[1931/3882] Building CXX object modules/xfeatures2d/CMakeFiles/opencv_xfeatures2d.dir/src/logos.cpp.o
[1932/3882] Building CXX object modules/datasets/CMakeFiles/example_datasets_hpe_humaneva.dir/samples/hpe_humaneva.cpp.o
[1933/3882] Building CXX object modules/xfeatures2d/CMakeFiles/opencv_xfeatures2d.dir/src/tbmr.cpp.o
[1934/3882] Building CXX object modules/xfeatures2d/CMakeFiles/opencv_xfeatures2d.dir/src/logos/Logos.cpp.o
[1935/3882] Building CXX object modules/dnn/CMakeFiles/opencv_test_dnn.dir/test/test_torch_importer.cpp.o
[1936/3882] Building CXX object modules/datasets/CMakeFiles/example_datasets_track_vot.dir/samples/track_vot.cpp.o
[1937/3882] Building CXX object modules/mcc/CMakeFiles/opencv_mcc.dir/src/color.cpp.o
[1938/3882] Building CXX object modules/xfeatures2d/CMakeFiles/opencv_xfeatures2d.dir/src/pct_signatures.cpp.o
[1939/3882] Building CXX object modules/dnn/CMakeFiles/opencv_perf_dnn.dir/perf/perf_slice.cpp.o
[1940/3882] Building CXX object modules/dnn_objdetect/CMakeFiles/example_dnn_objdetect_image_classification.dir/samples/image_classification.cpp.o
[1941/3882] Building CXX object modules/mcc/CMakeFiles/opencv_mcc.dir/src/distance.cpp.o
[1942/3882] Building CXX object modules/xfeatures2d/CMakeFiles/opencv_xfeatures2d.dir/src/surf.cpp.o
[1943/3882] Building CXX object modules/xfeatures2d/CMakeFiles/opencv_xfeatures2d.dir/src/stardetector.cpp.o
[1944/3882] Building CXX object modules/xfeatures2d/CMakeFiles/example_xfeatures2d_pct_webcam.dir/samples/pct_webcam.cpp.o
[1945/3882] Building CXX object modules/dnn_objdetect/CMakeFiles/example_dnn_objdetect_obj_detect.dir/samples/obj_detect.cpp.o
[1946/3882] Building CXX object modules/xfeatures2d/CMakeFiles/opencv_xfeatures2d.dir/src/surf.ocl.cpp.o
[1947/3882] Building CXX object modules/mcc/CMakeFiles/example_mcc_chart_detection_with_network.dir/samples/chart_detection_with_network.cpp.o
[1948/3882] Building CXX object modules/mcc/CMakeFiles/opencv_mcc.dir/src/wiener_filter.cpp.o
[1949/3882] Building CXX object modules/xfeatures2d/CMakeFiles/opencv_xfeatures2d.dir/src/vgg.cpp.o
[1950/3882] Building CXX object modules/datasets/CMakeFiles/opencv_datasets.dir/src/util.cpp.o
[1951/3882] Building CXX object modules/datasets/CMakeFiles/opencv_datasets.dir/src/sr_bsds.cpp.o
[1952/3882] Building CXX object modules/datasets/CMakeFiles/opencv_datasets.dir/src/track_alov.cpp.o
[1953/3882] Building CXX object modules/datasets/CMakeFiles/example_datasets_pd_inria.dir/samples/pd_inria.cpp.o
[1954/3882] Building CXX object modules/xfeatures2d/CMakeFiles/example_xfeatures2d_video_homography.dir/samples/video_homography.cpp.o
[1955/3882] Building CXX object modules/mcc/CMakeFiles/opencv_mcc.dir/src/checker_model.cpp.o
[1956/3882] Building CXX object modules/xfeatures2d/CMakeFiles/opencv_xfeatures2d.dir/src/pct_signatures_sqfd.cpp.o
[1957/3882] Building CXX object modules/xfeatures2d/CMakeFiles/opencv_xfeatures2d.dir/src/boostdesc.cpp.o
[1958/3882] Building CXX object modules/datasets/CMakeFiles/opencv_datasets.dir/src/msm_middlebury.cpp.o
[1959/3882] Building CXX object modules/dnn/CMakeFiles/opencv_perf_dnn.dir/perf/perf_common.cpp.o
[1960/3882] Building CXX object modules/xfeatures2d/CMakeFiles/opencv_xfeatures2d.dir/src/harris_lapace_detector.cpp.o
[1961/3882] Linking CXX executable bin/opencv_test_cudawarping
[1962/3882] Building CXX object modules/dnn_objdetect/CMakeFiles/opencv_dnn_objdetect.dir/src/core_detect.cpp.o
[1963/3882] Building CXX object modules/xfeatures2d/CMakeFiles/opencv_xfeatures2d.dir/src/lucid.cpp.o
[1964/3882] Building CXX object modules/xfeatures2d/CMakeFiles/example_xfeatures2d_shape_transformation.dir/samples/shape_transformation.cpp.o
[1965/3882] Building CXX object modules/cudafilters/CMakeFiles/opencv_test_cudafilters.dir/test/test_main.cpp.o
[1966/3882] Building CXX object modules/xfeatures2d/CMakeFiles/opencv_xfeatures2d.dir/src/beblid.cpp.o
[1967/3882] Building CXX object modules/mcc/CMakeFiles/opencv_mcc.dir/src/common.cpp.o
[1968/3882] Building CXX object modules/xfeatures2d/CMakeFiles/opencv_xfeatures2d.dir/src/pct_signatures/pct_sampler.cpp.o
[1969/3882] Building CXX object modules/xfeatures2d/CMakeFiles/example_xfeatures2d_surf_matcher.dir/samples/surf_matcher.cpp.o
[1970/3882] Building CXX object modules/xfeatures2d/CMakeFiles/opencv_perf_xfeatures2d.dir/perf/perf_latch.cpp.o
[1971/3882] Building CXX object modules/dnn/CMakeFiles/opencv_perf_dnn.dir/perf/perf_resize.cpp.o
[1972/3882] Building CXX object modules/xfeatures2d/CMakeFiles/example_xfeatures2d_pct_signatures.dir/samples/pct_signatures.cpp.o
[1973/3882] Building CXX object modules/xfeatures2d/CMakeFiles/example_xfeatures2d_gms_matcher.dir/samples/gms_matcher.cpp.o
[1974/3882] Building CXX object modules/xfeatures2d/CMakeFiles/opencv_perf_xfeatures2d.dir/perf/perf_surf.cpp.o
[1975/3882] Building CXX object modules/xfeatures2d/CMakeFiles/opencv_test_xfeatures2d.dir/test/test_surf.cuda.cpp.o
[1976/3882] Building CXX object modules/xfeatures2d/CMakeFiles/opencv_xfeatures2d.dir/src/surf.cuda.cpp.o
[1977/3882] Building CXX object modules/xfeatures2d/CMakeFiles/opencv_perf_xfeatures2d.dir/perf/perf_vgg.cpp.o
[1978/3882] Building CXX object modules/mcc/CMakeFiles/opencv_perf_mcc.dir/perf/perf_main.cpp.o
[1979/3882] Building CXX object modules/mcc/CMakeFiles/opencv_perf_mcc.dir/perf/perf_mcc.cpp.o
[1980/3882] Building CXX object modules/xfeatures2d/CMakeFiles/opencv_perf_xfeatures2d.dir/perf/perf_main.cpp.o
[1981/3882] Building CXX object modules/xfeatures2d/CMakeFiles/opencv_perf_xfeatures2d.dir/perf/perf_surf.ocl.cpp.o
[1982/3882] Building CXX object modules/xfeatures2d/CMakeFiles/opencv_xfeatures2d.dir/src/msd.cpp.o
[1983/3882] Building CXX object modules/xfeatures2d/CMakeFiles/opencv_xfeatures2d.dir/src/pct_signatures/pct_clusterizer.cpp.o
[1984/3882] Building CXX object modules/mcc/CMakeFiles/opencv_test_mcc.dir/test/test_ccm.cpp.o
[1985/3882] Building CXX object modules/xfeatures2d/CMakeFiles/opencv_perf_xfeatures2d.dir/perf/perf_beblid.cpp.o
[1986/3882] Building CXX object modules/mcc/CMakeFiles/opencv_test_mcc.dir/test/test_main.cpp.o
[1987/3882] Building CXX object modules/xfeatures2d/CMakeFiles/opencv_xfeatures2d.dir/src/daisy.cpp.o
[1988/3882] Building CXX object modules/xfeatures2d/CMakeFiles/opencv_xfeatures2d.dir/src/latch.cpp.o
[1989/3882] Building CXX object modules/xfeatures2d/CMakeFiles/opencv_perf_xfeatures2d.dir/perf/perf_surf.cuda.cpp.o
[1990/3882] Building CXX object modules/xfeatures2d/CMakeFiles/opencv_test_xfeatures2d.dir/test/test_logos_matcher.cpp.o
[1991/3882] Building CXX object modules/xfeatures2d/CMakeFiles/opencv_test_xfeatures2d.dir/test/test_surf.ocl.cpp.o
[1992/3882] Building CXX object modules/cudafilters/CMakeFiles/opencv_perf_cudafilters.dir/perf/perf_main.cpp.o
[1993/3882] Building CXX object modules/xfeatures2d/CMakeFiles/opencv_perf_xfeatures2d.dir/perf/perf_teblid.cpp.o
[1994/3882] Building CXX object modules/xfeatures2d/CMakeFiles/opencv_xfeatures2d.dir/src/affine_feature2d.cpp.o
[1995/3882] Building CXX object modules/mcc/CMakeFiles/opencv_mcc.dir/src/colorspace.cpp.o
[1996/3882] Building CXX object modules/xfeatures2d/CMakeFiles/opencv_test_xfeatures2d.dir/test/test_gms_matcher.cpp.o
[1997/3882] Building CXX object modules/xfeatures2d/CMakeFiles/opencv_test_xfeatures2d.dir/test/test_main.cpp.o
[1998/3882] Building CXX object modules/cudafilters/CMakeFiles/opencv_cudafilters.dir/src/filtering.cpp.o
[1999/3882] Building CXX object modules/mcc/CMakeFiles/opencv_test_mcc.dir/test/test_mcc.cpp.o
[2000/3882] Building CXX object modules/xfeatures2d/CMakeFiles/opencv_xfeatures2d.dir/src/freak.cpp.o
[2001/3882] Building CXX object modules/xfeatures2d/CMakeFiles/opencv_perf_xfeatures2d.dir/perf/perf_daisy.cpp.o
[2002/3882] Building CXX object modules/xfeatures2d/CMakeFiles/opencv_test_xfeatures2d.dir/test/test_detectors.cpp.o
[2003/3882] Building CXX object modules/mcc/CMakeFiles/opencv_mcc.dir/src/checker_detector.cpp.o
[2004/3882] Building CXX object modules/xfeatures2d/CMakeFiles/opencv_perf_xfeatures2d.dir/perf/perf_msd.cpp.o
[2005/3882] Building CXX object modules/xfeatures2d/CMakeFiles/opencv_test_xfeatures2d.dir/test/test_keypoints.cpp.o
[2006/3882] Building CXX object modules/dnn/CMakeFiles/opencv_perf_dnn.dir/perf/perf_net.cpp.o
[2007/3882] Building CXX object modules/datasets/CMakeFiles/example_datasets_ar_hmdb_benchmark.dir/samples/ar_hmdb_benchmark.cpp.o
[2008/3882] Building CXX object modules/dnn/CMakeFiles/opencv_test_dnn.dir/test/test_misc.cpp.o
[2009/3882] Building CXX object modules/xfeatures2d/CMakeFiles/opencv_xfeatures2d.dir/src/brief.cpp.o
[2010/3882] Building NVCC (Device) object modules/cudastereo/CMakeFiles/cuda_compile_1.dir/src/cuda/cuda_compile_1_generated_util.cu.o
[2011/3882] Building NVCC (Device) object modules/cudastereo/CMakeFiles/cuda_compile_1.dir/src/cuda/cuda_compile_1_generated_disparity_bilateral_filter.cu.o
[2012/3882] Building CXX object modules/xfeatures2d/CMakeFiles/opencv_test_xfeatures2d.dir/test/test_rotation_and_scale_invariance.cpp.o
[2013/3882] Building CXX object modules/xfeatures2d/CMakeFiles/example_xfeatures2d_bagofwords_classification.dir/samples/bagofwords_classification.cpp.o
[2014/3882] Building CXX object modules/xfeatures2d/CMakeFiles/opencv_test_xfeatures2d.dir/test/test_features2d.cpp.o
[2015/3882] Building NVCC (Device) object modules/cudastereo/CMakeFiles/cuda_compile_1.dir/src/cuda/cuda_compile_1_generated_stereobp.cu.o
[2016/3882] Building CXX object modules/dnn/CMakeFiles/opencv_test_dnn.dir/test/test_backends.cpp.o
[2017/3882] Building CXX object modules/cudafilters/CMakeFiles/opencv_perf_cudafilters.dir/perf/perf_filters.cpp.o
[2018/3882] Linking CXX shared library lib/libopencv_xfeatures2d.so.4.14.0
[2019/3882] Creating library symlink lib/libopencv_xfeatures2d.so.414 lib/libopencv_xfeatures2d.so
[2020/3882] Linking CXX executable bin/example_xfeatures2d_surf_matcher
[2021/3882] Linking CXX executable bin/example_xfeatures2d_gms_matcher
[2022/3882] Linking CXX executable bin/example_xfeatures2d_shape_transformation
[2023/3882] Linking CXX executable bin/example_xfeatures2d_video_homography
[2024/3882] Linking CXX executable bin/example_xfeatures2d_pct_webcam
[2025/3882] Linking CXX executable bin/example_xfeatures2d_pct_signatures
[2026/3882] Linking CXX executable bin/example_xfeatures2d_bagofwords_classification
[2027/3882] Building NVCC (Device) object modules/cudacodec/CMakeFiles/cuda_compile_1.dir/src/cuda/cuda_compile_1_generated_ColorSpace.cu.o
/data/xumengying/tool-verify/opencv-verify/src/opencv_contrib/modules/cudacodec/src/cuda/ColorSpace.cu:308:6: warning: no previous declaration for ‘void cv::cuda::device::Y8ToGray8(uint8_t*, int, uint8_t*, int, int, int, cv::cuda::device::ColorMatrix, bool, cudaStream_t)’ [-Wmissing-declarations]
  308 | void Y8ToGray8(uint8_t* dpY8, int nY8Pitch, uint8_t* dpGray, int nGrayPitch, int nWidth, int nHeight, ColorMatrix matYuv2Color, bool videoFullRangeFlag, const cudaStream_t stream) {
      |      ^~~~~~~~~
/data/xumengying/tool-verify/opencv-verify/src/opencv_contrib/modules/cudacodec/src/cuda/ColorSpace.cu:316:6: warning: no previous declaration for ‘void cv::cuda::device::Y8ToGray16(uint8_t*, int, uint8_t*, int, int, int, cv::cuda::device::ColorMatrix, bool, cudaStream_t)’ [-Wmissing-declarations]
  316 | void Y8ToGray16(uint8_t* dpY8, int nY8Pitch, uint8_t* dpGray, int nGrayPitch, int nWidth, int nHeight, ColorMatrix matYuv2Color, bool videoFullRangeFlag, const cudaStream_t stream) {
      |      ^~~~~~~~~~
/data/xumengying/tool-verify/opencv-verify/src/opencv_contrib/modules/cudacodec/src/cuda/ColorSpace.cu:324:6: warning: no previous declaration for ‘void cv::cuda::device::Y16ToGray8(uint8_t*, int, uint8_t*, int, int, int, cv::cuda::device::ColorMatrix, bool, cudaStream_t)’ [-Wmissing-declarations]
  324 | void Y16ToGray8(uint8_t* dpY16, int nY16Pitch, uint8_t* dpGray, int nGrayPitch, int nWidth, int nHeight, ColorMatrix matYuv2Color, bool videoFullRangeFlag, const cudaStream_t stream) {
      |      ^~~~~~~~~~
/data/xumengying/tool-verify/opencv-verify/src/opencv_contrib/modules/cudacodec/src/cuda/ColorSpace.cu:332:6: warning: no previous declaration for ‘void cv::cuda::device::Y16ToGray16(uint8_t*, int, uint8_t*, int, int, int, cv::cuda::device::ColorMatrix, bool, cudaStream_t)’ [-Wmissing-declarations]
  332 | void Y16ToGray16(uint8_t* dpY16, int nY16Pitch, uint8_t* dpGray, int nGrayPitch, int nWidth, int nHeight, ColorMatrix matYuv2Color, bool videoFullRangeFlag, const cudaStream_t stream) {
      |      ^~~~~~~~~~~
[2028/3882] Building NVCC (Device) object modules/cudastereo/CMakeFiles/cuda_compile_1.dir/src/cuda/cuda_compile_1_generated_stereocsbp.cu.o
[2029/3882] Linking CXX executable bin/opencv_perf_xfeatures2d
[2030/3882] Building NVCC (Device) object modules/cudastereo/CMakeFiles/cuda_compile_1.dir/src/cuda/cuda_compile_1_generated_stereosgm.cu.o
[2031/3882] Building CXX object modules/dnn/CMakeFiles/opencv_perf_dnn.dir/perf/perf_layer.cpp.o
[2032/3882] Building CXX object modules/cudacodec/CMakeFiles/opencv_cudacodec.dir/src/video_source.cpp.o
[2033/3882] Building CXX object modules/cudacodec/CMakeFiles/opencv_cudacodec.dir/src/NvEncoderCuda.cpp.o
[2034/3882] Building CXX object modules/cudacodec/CMakeFiles/opencv_cudacodec.dir/src/cuvid_video_source.cpp.o
[2035/3882] Building CXX object modules/cudacodec/CMakeFiles/opencv_cudacodec.dir/src/frame_queue.cpp.o
[2036/3882] Building CXX object modules/cudacodec/CMakeFiles/opencv_cudacodec.dir/src/NvEncoder.cpp.o
[2037/3882] Building CXX object modules/cudacodec/CMakeFiles/opencv_cudacodec.dir/src/video_decoder.cpp.o
[2038/3882] Building CXX object modules/cudacodec/CMakeFiles/opencv_cudacodec.dir/src/video_parser.cpp.o
[2039/3882] Building CXX object modules/cudacodec/CMakeFiles/opencv_cudacodec.dir/src/thread.cpp.o
[2040/3882] Building CXX object modules/cudacodec/CMakeFiles/opencv_cudacodec.dir/src/video_reader.cpp.o
[2041/3882] Building CXX object modules/cudafilters/CMakeFiles/opencv_test_cudafilters.dir/test/test_filters.cpp.o
[2042/3882] Building CXX object modules/cudacodec/CMakeFiles/opencv_cudacodec.dir/src/video_writer.cpp.o
[2043/3882] Building CXX object modules/cudacodec/CMakeFiles/opencv_cudacodec.dir/src/ffmpeg_video_source.cpp.o
[2044/3882] Building CXX object modules/cudacodec/CMakeFiles/opencv_cudacodec.dir/src/nvidia_surface_format_to_color_converter.cpp.o
[2045/3882] Building CXX object modules/cudacodec/CMakeFiles/opencv_test_cudacodec.dir/test/test_main.cpp.o
[2046/3882] Building CXX object modules/cudacodec/CMakeFiles/opencv_perf_cudacodec.dir/perf/perf_main.cpp.o
[2047/3882] Building CXX object modules/cudacodec/CMakeFiles/opencv_perf_cudacodec.dir/perf/perf_video.cpp.o
[2048/3882] Linking CXX shared library lib/libopencv_cudacodec.so.4.14.0
[2049/3882] Linking CXX executable bin/opencv_test_xfeatures2d
[2050/3882] Creating library symlink lib/libopencv_cudacodec.so.414 lib/libopencv_cudacodec.so
[2051/3882] Building CXX object modules/cudacodec/CMakeFiles/opencv_test_cudacodec.dir/test/test_video.cpp.o
[2052/3882] Linking CXX executable bin/opencv_perf_cudacodec
[2053/3882] Building NVCC (Device) object modules/cudastereo/CMakeFiles/cuda_compile_1.dir/src/cuda/cuda_compile_1_generated_stereobm.cu.o
[2054/3882] Building CXX object modules/dnn/CMakeFiles/opencv_test_dnn.dir/test/test_tf_importer.cpp.o
[2055/3882] Linking CXX executable bin/opencv_test_cudacodec
[2056/3882] Building CXX object modules/cudastereo/CMakeFiles/opencv_cudastereo.dir/src/util.cpp.o
[2057/3882] Building CXX object modules/cudastereo/CMakeFiles/opencv_cudastereo.dir/src/stereobm.cpp.o
[2058/3882] Building CXX object modules/cudastereo/CMakeFiles/opencv_cudastereo.dir/src/disparity_bilateral_filter.cpp.o
[2059/3882] Building CXX object modules/cudastereo/CMakeFiles/opencv_cudastereo.dir/src/stereosgm.cpp.o
[2060/3882] Building CXX object modules/cudastereo/CMakeFiles/opencv_cudastereo.dir/src/stereobp.cpp.o
[2061/3882] Building CXX object modules/cudastereo/CMakeFiles/opencv_cudastereo.dir/src/stereocsbp.cpp.o
[2062/3882] Building CXX object modules/cudastereo/CMakeFiles/opencv_test_cudastereo.dir/test/test_main.cpp.o
[2063/3882] Building CXX object modules/cudastereo/CMakeFiles/opencv_perf_cudastereo.dir/perf/perf_main.cpp.o
[2064/3882] Linking CXX shared library lib/libopencv_cudastereo.so.4.14.0
[2065/3882] Creating library symlink lib/libopencv_cudastereo.so.414 lib/libopencv_cudastereo.so
[2066/3882] Building CXX object modules/cudastereo/CMakeFiles/opencv_perf_cudastereo.dir/perf/perf_stereo.cpp.o
[2067/3882] Building CXX object modules/cudastereo/CMakeFiles/opencv_test_cudastereo.dir/test/test_sgm_funcs.cpp.o
[2068/3882] Building CXX object modules/cudastereo/CMakeFiles/opencv_test_cudastereo.dir/test/test_stereo.cpp.o
[2069/3882] Linking CXX executable bin/opencv_perf_cudastereo
[2070/3882] Linking CXX executable bin/opencv_test_cudastereo
[2071/3882] Linking CXX shared library lib/libopencv_cudafilters.so.4.14.0
[2072/3882] Creating library symlink lib/libopencv_cudafilters.so.414 lib/libopencv_cudafilters.so
[2073/3882] Building CXX object modules/dnn/CMakeFiles/opencv_test_dnn.dir/test/test_onnx_importer.cpp.o
[2074/3882] Linking CXX executable bin/opencv_perf_cudafilters
[2075/3882] Building NVCC (Device) object modules/cudaimgproc/CMakeFiles/cuda_compile_1.dir/src/cuda/cuda_compile_1_generated_build_point_list.cu.o
[2076/3882] Building NVCC (Device) object modules/cudaimgproc/CMakeFiles/cuda_compile_1.dir/src/cuda/cuda_compile_1_generated_blend.cu.o
[2077/3882] Building NVCC (Device) object modules/cudaimgproc/CMakeFiles/cuda_compile_1.dir/src/cuda/cuda_compile_1_generated_hough_circles.cu.o
[2078/3882] Building NVCC (Device) object modules/cudaimgproc/CMakeFiles/cuda_compile_1.dir/src/cuda/cuda_compile_1_generated_connectedcomponents.cu.o
[2079/3882] Building NVCC (Device) object modules/cudaimgproc/CMakeFiles/cuda_compile_1.dir/src/cuda/cuda_compile_1_generated_hist.cu.o
[2080/3882] Building NVCC (Device) object modules/cudafeatures2d/CMakeFiles/cuda_compile_1.dir/src/cuda/cuda_compile_1_generated_fast.cu.o
[2081/3882] Building NVCC (Device) object modules/cudaimgproc/CMakeFiles/cuda_compile_1.dir/src/cuda/cuda_compile_1_generated_canny.cu.o
[2082/3882] Building NVCC (Device) object modules/cudaimgproc/CMakeFiles/cuda_compile_1.dir/src/cuda/cuda_compile_1_generated_mean_shift.cu.o
[2083/3882] Building NVCC (Device) object modules/cudaimgproc/CMakeFiles/cuda_compile_1.dir/src/cuda/cuda_compile_1_generated_corners.cu.o
[2084/3882] Building NVCC (Device) object modules/cudaimgproc/CMakeFiles/cuda_compile_1.dir/src/cuda/cuda_compile_1_generated_match_template.cu.o
[2085/3882] Building NVCC (Device) object modules/cudaimgproc/CMakeFiles/cuda_compile_1.dir/src/cuda/cuda_compile_1_generated_debayer.cu.o
[2086/3882] Building NVCC (Device) object modules/cudaimgproc/CMakeFiles/cuda_compile_1.dir/src/cuda/cuda_compile_1_generated_moments.cu.o
[2087/3882] Building NVCC (Device) object modules/cudaimgproc/CMakeFiles/cuda_compile_1.dir/src/cuda/cuda_compile_1_generated_clahe.cu.o
[2088/3882] Building NVCC (Device) object modules/cudaimgproc/CMakeFiles/cuda_compile_1.dir/src/cuda/cuda_compile_1_generated_generalized_hough.cu.o
[2089/3882] Building NVCC (Device) object modules/cudaimgproc/CMakeFiles/cuda_compile_1.dir/src/cuda/cuda_compile_1_generated_hough_segments.cu.o
[2090/3882] Linking CXX executable bin/opencv_test_cudafilters
[2091/3882] Building NVCC (Device) object modules/cudaimgproc/CMakeFiles/cuda_compile_1.dir/src/cuda/cuda_compile_1_generated_gftt.cu.o
[2092/3882] Building NVCC (Device) object modules/cudaimgproc/CMakeFiles/cuda_compile_1.dir/src/cuda/cuda_compile_1_generated_bilateral_filter.cu.o
[2093/3882] Building NVCC (Device) object modules/cudafeatures2d/CMakeFiles/cuda_compile_1.dir/src/cuda/cuda_compile_1_generated_bf_radius_match.cu.o
[2094/3882] Building NVCC (Device) object modules/cudafeatures2d/CMakeFiles/cuda_compile_1.dir/src/cuda/cuda_compile_1_generated_bf_match.cu.o
[2095/3882] Building NVCC (Device) object modules/cudaimgproc/CMakeFiles/cuda_compile_1.dir/src/cuda/cuda_compile_1_generated_hough_lines.cu.o
[2096/3882] Building NVCC (Device) object modules/cudafeatures2d/CMakeFiles/cuda_compile_1.dir/src/cuda/cuda_compile_1_generated_orb.cu.o
[2097/3882] Linking CXX executable bin/opencv_test_cudev
[2098/3882] Building NVCC (Device) object modules/cudafeatures2d/CMakeFiles/cuda_compile_1.dir/src/cuda/cuda_compile_1_generated_bf_knnmatch.cu.o
[2099/3882] Building CXX object modules/cudafeatures2d/CMakeFiles/opencv_cudafeatures2d.dir/src/feature2d_async.cpp.o
[2100/3882] Building CXX object modules/cudafeatures2d/CMakeFiles/opencv_cudafeatures2d.dir/src/fast.cpp.o
[2101/3882] Building CXX object modules/cudafeatures2d/CMakeFiles/opencv_test_cudafeatures2d.dir/test/test_main.cpp.o
[2102/3882] Building CXX object modules/cudafeatures2d/CMakeFiles/opencv_perf_cudafeatures2d.dir/perf/perf_main.cpp.o
[2103/3882] Building CXX object modules/cudafeatures2d/CMakeFiles/opencv_cudafeatures2d.dir/src/orb.cpp.o
[2104/3882] Building CXX object modules/cudafeatures2d/CMakeFiles/opencv_cudafeatures2d.dir/src/brute_force_matcher.cpp.o
[2105/3882] Linking CXX shared library lib/libopencv_cudafeatures2d.so.4.14.0
[2106/3882] Creating library symlink lib/libopencv_cudafeatures2d.so.414 lib/libopencv_cudafeatures2d.so
[2107/3882] Building NVCC (Device) object modules/cudaimgproc/CMakeFiles/cuda_compile_1.dir/src/cuda/cuda_compile_1_generated_color.cu.o
[2108/3882] Building CXX object modules/cudafeatures2d/CMakeFiles/opencv_perf_cudafeatures2d.dir/perf/perf_features2d.cpp.o
[2109/3882] Building CXX object modules/cudafeatures2d/CMakeFiles/opencv_test_cudafeatures2d.dir/test/test_features2d.cpp.o
[2110/3882] Linking CXX executable bin/opencv_perf_cudafeatures2d
[2111/3882] Building CXX object modules/cudaimgproc/CMakeFiles/opencv_cudaimgproc.dir/src/connectedcomponents.cpp.o
[2112/3882] Building CXX object modules/cudaimgproc/CMakeFiles/example_cudaimgproc_connected_components.dir/samples/connected_components.cpp.o
[2113/3882] Building CXX object modules/cudaimgproc/CMakeFiles/opencv_cudaimgproc.dir/src/bilateral_filter.cpp.o
[2114/3882] Building CXX object modules/cudaimgproc/CMakeFiles/opencv_cudaimgproc.dir/src/blend.cpp.o
[2115/3882] Building CXX object modules/cudaimgproc/CMakeFiles/opencv_cudaimgproc.dir/src/mean_shift.cpp.o
[2116/3882] Building CXX object modules/cudaimgproc/CMakeFiles/opencv_cudaimgproc.dir/src/moments.cpp.o
[2117/3882] Building CXX object modules/cudaimgproc/CMakeFiles/opencv_cudaimgproc.dir/src/hough_segments.cpp.o
[2118/3882] Building CXX object modules/cudaimgproc/CMakeFiles/opencv_cudaimgproc.dir/src/corners.cpp.o
[2119/3882] Building CXX object modules/cudaimgproc/CMakeFiles/opencv_cudaimgproc.dir/src/mssegmentation.cpp.o
[2120/3882] Building CXX object modules/cudaimgproc/CMakeFiles/opencv_cudaimgproc.dir/src/gftt.cpp.o
[2121/3882] Building CXX object modules/cudaimgproc/CMakeFiles/opencv_cudaimgproc.dir/src/canny.cpp.o
[2122/3882] Building CXX object modules/cudaimgproc/CMakeFiles/opencv_cudaimgproc.dir/src/hough_lines.cpp.o
[2123/3882] Building CXX object modules/cudaimgproc/CMakeFiles/opencv_cudaimgproc.dir/src/hough_circles.cpp.o
[2124/3882] Building CXX object modules/cudaimgproc/CMakeFiles/opencv_cudaimgproc.dir/src/match_template.cpp.o
[2125/3882] Building CXX object modules/cudaimgproc/CMakeFiles/opencv_cudaimgproc.dir/src/histogram.cpp.o
[2126/3882] Linking CXX executable bin/opencv_test_cudafeatures2d
[2127/3882] Building CXX object modules/cudaimgproc/CMakeFiles/opencv_cudaimgproc.dir/src/generalized_hough.cpp.o
[2128/3882] Building CXX object modules/cudaimgproc/CMakeFiles/opencv_cudaimgproc.dir/src/color.cpp.o
[2129/3882] Building CXX object modules/cudaimgproc/CMakeFiles/opencv_test_cudaimgproc.dir/test/test_main.cpp.o
[2130/3882] Building CXX object modules/cudaimgproc/CMakeFiles/opencv_perf_cudaimgproc.dir/perf/perf_main.cpp.o
[2131/3882] Building CXX object modules/cudaimgproc/CMakeFiles/opencv_perf_cudaimgproc.dir/perf/perf_blend.cpp.o
[2132/3882] Building CXX object modules/cudaimgproc/CMakeFiles/opencv_perf_cudaimgproc.dir/perf/perf_gftt.cpp.o
[2133/3882] Building CXX object modules/cudaimgproc/CMakeFiles/opencv_perf_cudaimgproc.dir/perf/perf_moments.cpp.o
[2134/3882] Building CXX object modules/cudaimgproc/CMakeFiles/opencv_test_cudaimgproc.dir/test/test_bilateral_filter.cpp.o
[2135/3882] Building CXX object modules/cudaimgproc/CMakeFiles/opencv_perf_cudaimgproc.dir/perf/perf_mean_shift.cpp.o
[2136/3882] Building CXX object modules/cudaimgproc/CMakeFiles/opencv_test_cudaimgproc.dir/test/test_blend.cpp.o
[2137/3882] Building CXX object modules/cudaimgproc/CMakeFiles/opencv_test_cudaimgproc.dir/test/test_mean_shift.cpp.o
[2138/3882] Building CXX object modules/cudaimgproc/CMakeFiles/opencv_test_cudaimgproc.dir/test/test_canny.cpp.o
[2139/3882] Building CXX object modules/cudaimgproc/CMakeFiles/opencv_test_cudaimgproc.dir/test/test_moments.cpp.o
[2140/3882] Building CXX object modules/cudaimgproc/CMakeFiles/opencv_perf_cudaimgproc.dir/perf/perf_canny.cpp.o
[2141/3882] Building CXX object modules/cudaimgproc/CMakeFiles/opencv_test_cudaimgproc.dir/test/test_corners.cpp.o
[2142/3882] Building CXX object modules/cudaimgproc/CMakeFiles/opencv_perf_cudaimgproc.dir/perf/perf_match_template.cpp.o
[2143/3882] Building CXX object modules/cudaimgproc/CMakeFiles/opencv_test_cudaimgproc.dir/test/test_connectedcomponents.cpp.o
[2144/3882] Building CXX object modules/cudaimgproc/CMakeFiles/opencv_test_cudaimgproc.dir/test/test_gftt.cpp.o
[2145/3882] Building CXX object modules/cudaimgproc/CMakeFiles/opencv_perf_cudaimgproc.dir/perf/perf_corners.cpp.o
[2146/3882] Building CXX object modules/cudaimgproc/CMakeFiles/opencv_perf_cudaimgproc.dir/perf/perf_bilateral_filter.cpp.o
[2147/3882] Building CXX object modules/cudaimgproc/CMakeFiles/opencv_perf_cudaimgproc.dir/perf/perf_histogram.cpp.o
[2148/3882] Building CXX object modules/cudaimgproc/CMakeFiles/opencv_perf_cudaimgproc.dir/perf/perf_hough.cpp.o
[2149/3882] Building CXX object modules/cudaimgproc/CMakeFiles/opencv_test_cudaimgproc.dir/test/test_hough.cpp.o
[2150/3882] Building CXX object modules/cudaimgproc/CMakeFiles/opencv_perf_cudaimgproc.dir/perf/perf_color.cpp.o
[2151/3882] Building CXX object modules/cudaimgproc/CMakeFiles/opencv_test_cudaimgproc.dir/test/test_match_template.cpp.o
[2152/3882] Building CXX object modules/cudaimgproc/CMakeFiles/opencv_test_cudaimgproc.dir/test/test_histogram.cpp.o
[2153/3882] Linking CXX shared library lib/libopencv_dnn.so.4.14.0
[2154/3882] Creating library symlink lib/libopencv_dnn.so.414 lib/libopencv_dnn.so
[2155/3882] Processing OpenCL kernels (objdetect)
[2156/3882] Processing OpenCL kernels (video)
[2157/3882] Linking CXX shared library lib/libopencv_cudaimgproc.so.4.14.0
[2158/3882] Linking CXX shared library lib/libopencv_dnn_objdetect.so.4.14.0
[2159/3882] Linking CXX executable bin/opencv_model_diagnostics
[2160/3882] Linking CXX shared library lib/libopencv_dnn_superres.so.4.14.0
[2161/3882] Creating library symlink lib/libopencv_cudaimgproc.so.414 lib/libopencv_cudaimgproc.so
[2162/3882] Creating library symlink lib/libopencv_dnn_objdetect.so.414 lib/libopencv_dnn_objdetect.so
[2163/3882] Creating library symlink lib/libopencv_dnn_superres.so.414 lib/libopencv_dnn_superres.so
[2164/3882] Building CXX object modules/gapi/CMakeFiles/opencv_gapi.dir/src/executor/gtbbexecutor.cpp.o
[2165/3882] Linking CXX executable bin/example_cudaimgproc_connected_components
[2166/3882] Linking CXX executable bin/example_dnn_superres_dnn_superres
[2167/3882] Linking CXX executable bin/example_dnn_superres_dnn_superres_benchmark_quality
[2168/3882] Linking CXX executable bin/example_dnn_superres_dnn_superres_benchmark_time
[2169/3882] Linking CXX shared library lib/libopencv_text.so.4.14.0
[2170/3882] Linking CXX executable bin/example_dnn_superres_dnn_superres_multioutput
[2171/3882] Linking CXX executable bin/example_dnn_superres_dnn_superres_video
[2172/3882] Processing OpenCL kernels (photo)
[2173/3882] Creating library symlink lib/libopencv_text.so.414 lib/libopencv_text.so
[2174/3882] Linking CXX shared library lib/libopencv_mcc.so.4.14.0
[2175/3882] Linking CXX executable bin/example_text_character_recognition
[2176/3882] Linking CXX executable bin/example_text_cropped_word_recognition
[2177/3882] Linking CXX executable bin/example_text_dictnet_demo
[2178/3882] Linking CXX executable bin/opencv_test_dnn_superres
[2179/3882] Linking CXX executable bin/example_text_end_to_end_recognition
[2180/3882] Linking CXX executable bin/example_text_text_recognition_cnn
[2181/3882] Linking CXX executable bin/example_text_segmented_word_recognition
[2182/3882] Linking CXX executable bin/example_text_textbox_demo
[2183/3882] Linking CXX executable bin/example_text_textdetection
[2184/3882] Linking CXX executable bin/opencv_perf_dnn_superres
[2185/3882] Linking CXX executable bin/example_text_textdetection_swt
[2186/3882] Creating library symlink lib/libopencv_mcc.so.414 lib/libopencv_mcc.so
[2187/3882] Linking CXX executable bin/example_text_webcam_demo
[2188/3882] Linking CXX executable bin/opencv_test_text
[2189/3882] Linking CXX executable bin/example_mcc_chart_detection
[2190/3882] Linking CXX executable bin/example_mcc_chart_detection_with_network
[2191/3882] Linking CXX executable bin/example_mcc_color_correction_model
[2192/3882] Linking CXX executable bin/example_dnn_objdetect_image_classification
[2193/3882] Linking CXX executable bin/example_dnn_objdetect_obj_detect
[2194/3882] Linking CXX shared library lib/libopencv_datasets.so.4.14.0
[2195/3882] Creating library symlink lib/libopencv_datasets.so.414 lib/libopencv_datasets.so
[2196/3882] Linking CXX executable bin/opencv_perf_mcc
[2197/3882] Linking CXX executable bin/opencv_test_mcc
[2198/3882] Linking CXX executable bin/example_datasets_ar_hmdb
[2199/3882] Linking CXX executable bin/example_datasets_ar_sports
[2200/3882] Linking CXX executable bin/example_datasets_fr_adience
[2201/3882] Linking CXX executable bin/example_datasets_fr_lfw
[2202/3882] Linking CXX executable bin/example_datasets_fr_lfw_benchmark
[2203/3882] Linking CXX executable bin/example_datasets_gr_chalearn
[2204/3882] Building CXX object modules/cudaimgproc/CMakeFiles/opencv_test_cudaimgproc.dir/test/test_color.cpp.o
[2205/3882] Linking CXX executable bin/example_datasets_gr_skig
[2206/3882] Linking CXX executable bin/example_datasets_ar_hmdb_benchmark
[2207/3882] Linking CXX executable bin/example_datasets_hpe_humaneva
[2208/3882] Linking CXX executable bin/example_datasets_hpe_parse
[2209/3882] Linking CXX executable bin/example_datasets_ir_affine
[2210/3882] Linking CXX executable bin/example_datasets_is_bsds
[2211/3882] Linking CXX executable bin/example_datasets_ir_robot
[2212/3882] Linking CXX executable bin/example_datasets_is_weizmann
[2213/3882] Linking CXX executable bin/example_datasets_msm_middlebury
[2214/3882] Linking CXX executable bin/example_datasets_msm_epfl
[2215/3882] Linking CXX executable bin/example_datasets_or_imagenet
[2216/3882] Linking CXX executable bin/example_datasets_or_mnist
[2217/3882] Linking CXX executable bin/example_datasets_or_pascal
[2218/3882] Linking CXX executable bin/example_datasets_or_sun
[2219/3882] Linking CXX executable bin/example_datasets_pd_inria
[2220/3882] Linking CXX executable bin/example_datasets_pd_caltech
[2221/3882] Linking CXX executable bin/example_datasets_slam_kitti
[2222/3882] Linking CXX executable bin/example_datasets_slam_tumindoor
[2223/3882] Linking CXX executable bin/example_datasets_sr_bsds
[2224/3882] Linking CXX executable bin/example_datasets_sr_div2k
[2225/3882] Linking CXX executable bin/example_datasets_sr_general100
[2226/3882] Linking CXX executable bin/example_datasets_tr_chars
[2227/3882] Linking CXX executable bin/example_datasets_tr_chars_benchmark
[2228/3882] Linking CXX executable bin/example_datasets_tr_icdar
[2229/3882] Linking CXX executable bin/opencv_perf_cudaimgproc
[2230/3882] Linking CXX executable bin/example_datasets_tr_icdar_benchmark
[2231/3882] Linking CXX executable bin/example_datasets_track_vot
[2232/3882] Linking CXX executable bin/example_datasets_tr_svt
[2233/3882] Linking CXX executable bin/example_datasets_tr_svt_benchmark
[2234/3882] Linking CXX executable bin/opencv_perf_dnn
[2235/3882] Building CXX object modules/dpm/CMakeFiles/opencv_dpm.dir/src/dpm_nms.cpp.o
[2236/3882] Linking CXX executable bin/opencv_test_cudaimgproc
[2237/3882] Building CXX object modules/wechat_qrcode/CMakeFiles/opencv_wechat_qrcode.dir/src/zxing/resultpoint.cpp.o
[2238/3882] Building CXX object modules/wechat_qrcode/CMakeFiles/opencv_wechat_qrcode.dir/src/zxing/common/bytematrix.cpp.o
[2239/3882] Building CXX object modules/wechat_qrcode/CMakeFiles/opencv_wechat_qrcode.dir/src/zxing/common/greyscale_rotated_luminance_source.cpp.o
[2240/3882] Building CXX object modules/wechat_qrcode/CMakeFiles/opencv_wechat_qrcode.dir/src/zxing/qrcode/detector/pattern_result.cpp.o
[2241/3882] Building CXX object modules/wechat_qrcode/CMakeFiles/opencv_wechat_qrcode.dir/src/zxing/common/unicomblock.cpp.o
[2242/3882] Building CXX object modules/wechat_qrcode/CMakeFiles/opencv_wechat_qrcode.dir/src/zxing/qrcode/decoder/bitmatrixparser.cpp.o
[2243/3882] Building CXX object modules/wechat_qrcode/CMakeFiles/opencv_wechat_qrcode.dir/src/zxing/common/binarizer/fast_window_binarizer.cpp.o
[2244/3882] Building CXX object modules/wechat_qrcode/CMakeFiles/opencv_wechat_qrcode.dir/src/zxing/qrcode/detector/alignment_pattern.cpp.o
[2245/3882] Building CXX object modules/wechat_qrcode/CMakeFiles/opencv_wechat_qrcode.dir/src/zxing/common/imagecut.cpp.o
[2246/3882] Building CXX object modules/wechat_qrcode/CMakeFiles/opencv_wechat_qrcode.dir/src/zxing/common/binarizer/simple_adaptive_binarizer.cpp.o
[2247/3882] Building CXX object modules/wechat_qrcode/CMakeFiles/opencv_wechat_qrcode.dir/src/zxing/qrcode/decoder/datamask.cpp.o
[2248/3882] Building CXX object modules/objdetect/CMakeFiles/opencv_objdetect.dir/src/aruco/aruco_board.cpp.o
[2249/3882] Building CXX object modules/video/CMakeFiles/opencv_video.dir/src/tracking/detail/tracking_feature.cpp.o
[2250/3882] Building CXX object modules/wechat_qrcode/CMakeFiles/opencv_wechat_qrcode.dir/src/zxing/common/reedsolomon/genericgf.cpp.o
[2251/3882] Building CXX object modules/objdetect/CMakeFiles/opencv_objdetect.dir/src/barcode_detector/bardetect.cpp.o
[2252/3882] Building CXX object modules/wechat_qrcode/CMakeFiles/opencv_wechat_qrcode.dir/src/zxing/common/stringutils.cpp.o
[2253/3882] Building CXX object modules/video/CMakeFiles/opencv_video.dir/src/tracking/detail/tracking_online_mil.cpp.o
[2254/3882] Building CXX object modules/gapi/CMakeFiles/opencv_gapi.dir/src/backends/ie/giebackend/giewrapper.cpp.o
[2255/3882] Building CXX object modules/wechat_qrcode/CMakeFiles/opencv_wechat_qrcode.dir/src/zxing/qrcode/format_information.cpp.o
[2256/3882] Building CXX object modules/video/CMakeFiles/opencv_video.dir/src/tracking/tracker_nano.cpp.o
[2257/3882] Building CXX object modules/wechat_qrcode/CMakeFiles/opencv_wechat_qrcode.dir/src/zxing/common/binarizer/global_histogram_binarizer.cpp.o
[2258/3882] Building CXX object modules/objdetect/CMakeFiles/opencv_objdetect.dir/src/qrcode_encoder.cpp.o
[2259/3882] Building CXX object modules/video/CMakeFiles/opencv_video.dir/src/tracking/detail/tracker_model.cpp.o
[2260/3882] Building CXX object modules/wechat_qrcode/CMakeFiles/opencv_wechat_qrcode.dir/src/zxing/binarybitmap.cpp.o
[2261/3882] Building CXX object modules/wechat_qrcode/CMakeFiles/opencv_wechat_qrcode.dir/src/zxing/qrcode/error_correction_level.cpp.o
[2262/3882] Building CXX object modules/gapi/CMakeFiles/opencv_gapi.dir/src/backends/plaidml/gplaidmlbackend.cpp.o
[2263/3882] Building CXX object modules/video/CMakeFiles/opencv_video.dir/lkpyramid.sse4_1.cpp.o
[2264/3882] Building CXX object modules/wechat_qrcode/CMakeFiles/opencv_wechat_qrcode.dir/src/zxing/qrcode/detector/finder_pattern_info.cpp.o
[2265/3882] Building CXX object modules/wechat_qrcode/CMakeFiles/opencv_wechat_qrcode.dir/src/zxing/common/detector_result.cpp.o
[2266/3882] Building CXX object modules/objdetect/CMakeFiles/opencv_objdetect.dir/src/cascadedetect.cpp.o
[2267/3882] Building CXX object modules/wechat_qrcode/CMakeFiles/opencv_wechat_qrcode.dir/src/zxing/qrcode/detector/finder_pattern_finder.cpp.o
[2268/3882] Building CXX object modules/wechat_qrcode/CMakeFiles/opencv_wechat_qrcode.dir/src/zxing/common/characterseteci.cpp.o
[2269/3882] Building CXX object modules/wechat_qrcode/CMakeFiles/opencv_wechat_qrcode.dir/src/zxing/common/bitarray.cpp.o
[2270/3882] Building CXX object modules/gapi/CMakeFiles/opencv_gapi.dir/src/api/gcall.cpp.o
[2271/3882] Building CXX object modules/wechat_qrcode/CMakeFiles/opencv_wechat_qrcode.dir/src/zxing/binarizer.cpp.o
[2272/3882] Building CXX object modules/objdetect/CMakeFiles/opencv_objdetect.dir/src/barcode.cpp.o
[2273/3882] Building CXX object modules/video/CMakeFiles/opencv_video.dir/src/tracking/tracker.cpp.o
[2274/3882] Building CXX object modules/wechat_qrcode/CMakeFiles/opencv_wechat_qrcode.dir/src/zxing/common/reedsolomon/genericgfpoly.cpp.o
[2275/3882] Building CXX object modules/wechat_qrcode/CMakeFiles/opencv_wechat_qrcode.dir/src/zxing/reader.cpp.o
[2276/3882] Building CXX object modules/video/CMakeFiles/opencv_video.dir/src/tracking/detail/tracker_state_estimator.cpp.o
[2277/3882] Building CXX object modules/wechat_qrcode/CMakeFiles/opencv_wechat_qrcode.dir/src/zxing/common/kmeans.cpp.o
[2278/3882] Building CXX object modules/objdetect/CMakeFiles/opencv_objdetect.dir/opencl_kernels_objdetect.cpp.o
[2279/3882] Building CXX object modules/objdetect/CMakeFiles/opencv_objdetect.dir/src/aruco/aruco_utils.cpp.o
[2280/3882] Building CXX object modules/objdetect/CMakeFiles/opencv_objdetect.dir/src/hog.cpp.o
[2281/3882] Building CXX object modules/wechat_qrcode/CMakeFiles/opencv_wechat_qrcode.dir/src/zxing/common/perspective_transform.cpp.o
[2282/3882] Building CXX object modules/objdetect/CMakeFiles/opencv_objdetect.dir/src/barcode_decoder/common/hybrid_binarizer.cpp.o
[2283/3882] Building CXX object modules/objdetect/CMakeFiles/opencv_objdetect.dir/src/graphical_code_detector.cpp.o
[2284/3882] Building CXX object modules/video/CMakeFiles/opencv_video.dir/src/tracking/detail/tracker_sampler_algorithm.cpp.o
[2285/3882] Building CXX object apps/interactive-calibration/CMakeFiles/opencv_interactive-calibration.dir/frameProcessor.cpp.o
[2286/3882] Building CXX object modules/video/CMakeFiles/opencv_video.dir/src/tracking/tracker_dasiamrpn.cpp.o
[2287/3882] Building CXX object modules/video/CMakeFiles/opencv_video.dir/src/camshift.cpp.o
[2288/3882] Building CXX object modules/gapi/CMakeFiles/opencv_gapi.dir/src/streaming/onevpl/accelerators/accel_policy_cpu.cpp.o
[2289/3882] Building CXX object modules/gapi/CMakeFiles/opencv_gapi.dir/src/streaming/onevpl/accelerators/accel_policy_dx11.cpp.o
[2290/3882] Building CXX object modules/wechat_qrcode/CMakeFiles/opencv_wechat_qrcode.dir/src/zxing/qrcode/detector/detector.cpp.o
[2291/3882] Building CXX object modules/gapi/CMakeFiles/opencv_gapi.dir/src/streaming/onevpl/accelerators/accel_policy_va_api.cpp.o
[2292/3882] Building CXX object modules/gapi/CMakeFiles/opencv_gapi.dir/src/streaming/onevpl/accelerators/dx11_alloc_resource.cpp.o
[2293/3882] Building CXX object modules/wechat_qrcode/CMakeFiles/opencv_wechat_qrcode.dir/src/zxing/common/binarizer/hybrid_binarizer.cpp.o
[2294/3882] Building CXX object modules/gapi/CMakeFiles/opencv_gapi.dir/src/streaming/onevpl/engine/engine_session.cpp.o
[2295/3882] Building CXX object modules/gapi/CMakeFiles/opencv_gapi.dir/src/streaming/onevpl/engine/processing_engine_base.cpp.o
[2296/3882] Building CXX object modules/gapi/CMakeFiles/opencv_gapi.dir/src/streaming/onevpl/engine/decode/decode_engine_legacy.cpp.o
[2297/3882] Building CXX object apps/interactive-calibration/CMakeFiles/opencv_interactive-calibration.dir/rotationConverters.cpp.o
[2298/3882] Building CXX object modules/wechat_qrcode/CMakeFiles/opencv_wechat_qrcode.dir/src/zxing/common/decoder_result.cpp.o
[2299/3882] Building CXX object modules/gapi/CMakeFiles/opencv_gapi.dir/src/streaming/onevpl/engine/decode/decode_session.cpp.o
[2300/3882] Building CXX object modules/gapi/CMakeFiles/opencv_gapi.dir/src/streaming/onevpl/engine/transcode/transcode_engine_legacy.cpp.o
[2301/3882] Building CXX object modules/objdetect/CMakeFiles/opencv_objdetect.dir/src/barcode_decoder/common/utils.cpp.o
[2302/3882] Building CXX object modules/gapi/CMakeFiles/opencv_gapi.dir/src/streaming/onevpl/engine/transcode/transcode_session.cpp.o
[2303/3882] Building CXX object modules/gapi/CMakeFiles/opencv_gapi.dir/src/streaming/onevpl/engine/preproc/preproc_engine.cpp.o
[2304/3882] Building CXX object modules/gapi/CMakeFiles/opencv_gapi.dir/src/streaming/onevpl/engine/preproc/preproc_session.cpp.o
[2305/3882] Building CXX object modules/gapi/CMakeFiles/opencv_gapi.dir/src/streaming/onevpl/demux/async_mfp_demux_data_provider.cpp.o
[2306/3882] Building CXX object modules/gapi/CMakeFiles/opencv_gapi.dir/src/streaming/onevpl/data_provider_dispatcher.cpp.o
[2307/3882] Building CXX object modules/gapi/CMakeFiles/opencv_gapi.dir/src/streaming/onevpl/cfg_param_device_selector.cpp.o
[2308/3882] Building CXX object modules/video/CMakeFiles/opencv_video.dir/src/tracking/tracker_goturn.cpp.o
[2309/3882] Building CXX object modules/wechat_qrcode/CMakeFiles/opencv_wechat_qrcode.dir/src/zxing/common/grid_sampler.cpp.o
[2310/3882] Building CXX object modules/gapi/CMakeFiles/opencv_gapi.dir/src/compiler/passes/perform_substitution.cpp.o
[2311/3882] Building CXX object modules/wechat_qrcode/CMakeFiles/opencv_wechat_qrcode.dir/src/imgsource.cpp.o
[2312/3882] Building CXX object modules/gapi/CMakeFiles/opencv_gapi.dir/src/api/rmat.cpp.o
[2313/3882] Building CXX object modules/gapi/CMakeFiles/opencv_gapi.dir/src/api/gframe.cpp.o
[2314/3882] Building CXX object modules/wechat_qrcode/CMakeFiles/opencv_wechat_qrcode.dir/src/zxing/common/bitmatrix.cpp.o
[2315/3882] Building CXX object modules/gapi/CMakeFiles/opencv_gapi.dir/src/api/kernels_streaming.cpp.o
[2316/3882] Building CXX object modules/gapi/CMakeFiles/opencv_gapi.dir/src/api/gnode.cpp.o
[2317/3882] Building CXX object modules/video/CMakeFiles/opencv_video.dir/lkpyramid.avx2.cpp.o
[2318/3882] Building CXX object modules/wechat_qrcode/CMakeFiles/opencv_wechat_qrcode.dir/src/zxing/errorhandler.cpp.o
[2319/3882] Building CXX object modules/video/CMakeFiles/opencv_video.dir/src/lkpyramid.dispatch.cpp.o
[2320/3882] Building CXX object modules/gapi/CMakeFiles/opencv_gapi.dir/src/api/gopaque.cpp.o
[2321/3882] Building CXX object apps/interactive-calibration/CMakeFiles/opencv_interactive-calibration.dir/calibPipeline.cpp.o
[2322/3882] Building CXX object modules/xobjdetect/tools/waldboost_detector/CMakeFiles/opencv_waldboost_detector.dir/waldboost_detector.cpp.o
[2323/3882] Building CXX object modules/aruco/CMakeFiles/opencv_aruco.dir/src/aruco.cpp.o
[2324/3882] Building CXX object modules/objdetect/CMakeFiles/opencv_objdetect.dir/src/barcode_decoder/abs_decoder.cpp.o
[2325/3882] Building CXX object modules/video/CMakeFiles/opencv_video.dir/src/dis_flow.cpp.o
[2326/3882] Building CXX object modules/video/CMakeFiles/opencv_video.dir/src/tracking/tracker_vit.cpp.o
[2327/3882] Building CXX object modules/wechat_qrcode/CMakeFiles/opencv_wechat_qrcode.dir/src/zxing/common/str.cpp.o
[2328/3882] Building CXX object modules/xobjdetect/CMakeFiles/opencv_xobjdetect.dir/src/feature_evaluator.cpp.o
[2329/3882] Building CXX object modules/wechat_qrcode/CMakeFiles/opencv_wechat_qrcode.dir/src/zxing/qrcode/detector/alignment_pattern_finder.cpp.o
[2330/3882] Building CXX object modules/objdetect/CMakeFiles/opencv_objdetect.dir/src/detection_based_tracker.cpp.o
[2331/3882] Building CXX object modules/objdetect/CMakeFiles/opencv_objdetect.dir/src/aruco/aruco_dictionary.cpp.o
[2332/3882] Building CXX object modules/gapi/CMakeFiles/opencv_gapi.dir/src/api/kernels_stereo.cpp.o
[2333/3882] Building CXX object modules/wechat_qrcode/CMakeFiles/opencv_wechat_qrcode.dir/src/zxing/qrcode/version.cpp.o
[2334/3882] Building CXX object modules/objdetect/CMakeFiles/opencv_objdetect.dir/src/aruco/apriltag/apriltag_quad_thresh.cpp.o
[2335/3882] Building CXX object modules/bgsegm/CMakeFiles/opencv_bgsegm.dir/src/synthetic_seq.cpp.o
[2336/3882] Building CXX object modules/video/CMakeFiles/opencv_video.dir/src/tracking/detail/tracker_sampler.cpp.o
[2337/3882] Building CXX object modules/video/CMakeFiles/opencv_video.dir/src/tracking/detail/tracker_mil_state.cpp.o
[2338/3882] Building CXX object modules/wechat_qrcode/CMakeFiles/opencv_wechat_qrcode.dir/src/detector/align.cpp.o
[2339/3882] Building CXX object modules/dpm/CMakeFiles/opencv_dpm.dir/src/dpm_model.cpp.o
[2340/3882] Building CXX object modules/objdetect/CMakeFiles/opencv_objdetect.dir/src/aruco/aruco_detector.cpp.o
[2341/3882] Building CXX object modules/wechat_qrcode/CMakeFiles/opencv_wechat_qrcode.dir/src/zxing/result.cpp.o
[2342/3882] Building CXX object modules/video/CMakeFiles/opencv_video.dir/opencl_kernels_video.cpp.o
[2343/3882] Building CXX object modules/xobjdetect/CMakeFiles/opencv_xobjdetect.dir/src/lbpfeatures.cpp.o
[2344/3882] Building CXX object modules/wechat_qrcode/CMakeFiles/example_wechat_qrcode_qrcode_example.dir/samples/qrcode_example.cpp.o
[2345/3882] Building CXX object modules/gapi/CMakeFiles/opencv_test_gapi.dir/test/executor/gtbbexecutor_internal_tests.cpp.o
[2346/3882] Building CXX object modules/aruco/CMakeFiles/opencv_aruco.dir/src/charuco.cpp.o
[2347/3882] Building CXX object modules/objdetect/CMakeFiles/opencv_objdetect.dir/src/barcode_decoder/common/super_scale.cpp.o
[2348/3882] Building CXX object modules/wechat_qrcode/CMakeFiles/opencv_wechat_qrcode.dir/src/zxing/common/reedsolomon/reed_solomon_decoder.cpp.o
[2349/3882] Building CXX object modules/video/CMakeFiles/opencv_video.dir/src/tracking/detail/tracker_mil_model.cpp.o
[2350/3882] Building CXX object modules/objdetect/CMakeFiles/opencv_objdetect.dir/src/face_recognize.cpp.o
[2351/3882] Building CXX object modules/wechat_qrcode/CMakeFiles/opencv_wechat_qrcode.dir/src/zxing/luminance_source.cpp.o
[2352/3882] Building CXX object modules/wechat_qrcode/CMakeFiles/opencv_wechat_qrcode.dir/src/zxing/common/binarizer/adaptive_threshold_mean_binarizer.cpp.o
[2353/3882] Building CXX object apps/interactive-calibration/CMakeFiles/opencv_interactive-calibration.dir/main.cpp.o
[2354/3882] Building CXX object modules/objdetect/CMakeFiles/opencv_objdetect.dir/src/barcode_decoder/upcean_decoder.cpp.o
[2355/3882] Building CXX object modules/video/CMakeFiles/opencv_video.dir/src/optflowgf.cpp.o
[2356/3882] Building CXX object modules/bgsegm/CMakeFiles/opencv_bgsegm.dir/src/bgfg_gaussmix.cpp.o
[2357/3882] Building CXX object modules/video/CMakeFiles/opencv_video.dir/src/variational_refinement.cpp.o
[2358/3882] Building CXX object modules/objdetect/CMakeFiles/opencv_objdetect.dir/src/face_detect.cpp.o
[2359/3882] Building CXX object modules/wechat_qrcode/CMakeFiles/opencv_wechat_qrcode.dir/src/zxing/qrcode/decoder/datablock.cpp.o
[2360/3882] Building CXX object modules/aruco/CMakeFiles/opencv_aruco.dir/src/aruco_calib.cpp.o
[2361/3882] Building CXX object modules/gapi/CMakeFiles/opencv_gapi.dir/src/executor/thread_pool.cpp.o
[2362/3882] Building CXX object modules/wechat_qrcode/CMakeFiles/opencv_wechat_qrcode.dir/src/scale/super_scale.cpp.o
[2363/3882] Building CXX object modules/objdetect/CMakeFiles/opencv_objdetect.dir/src/cascadedetect_convert.cpp.o
[2364/3882] Building CXX object modules/wechat_qrcode/CMakeFiles/opencv_wechat_qrcode.dir/src/binarizermgr.cpp.o
[2365/3882] Building CXX object modules/gapi/CMakeFiles/opencv_gapi.dir/src/api/gcommon.cpp.o
[2366/3882] Building CXX object modules/objdetect/CMakeFiles/opencv_objdetect.dir/src/barcode_decoder/ean13_decoder.cpp.o
[2367/3882] Building CXX object modules/gapi/CMakeFiles/opencv_gapi.dir/src/compiler/passes/intrin.cpp.o
[2368/3882] Building CXX object modules/video/CMakeFiles/opencv_video.dir/src/ecc.cpp.o
[2369/3882] Building CXX object modules/video/CMakeFiles/opencv_video.dir/src/kalman.cpp.o
[2370/3882] Building CXX object modules/wechat_qrcode/CMakeFiles/opencv_wechat_qrcode.dir/src/zxing/qrcode/decoder/decoder.cpp.o
[2371/3882] Building CXX object modules/gapi/CMakeFiles/opencv_gapi.dir/src/api/gkernel.cpp.o
[2372/3882] Building CXX object modules/objdetect/CMakeFiles/opencv_objdetect.dir/src/barcode_decoder/ean8_decoder.cpp.o
[2373/3882] Building CXX object apps/interactive-calibration/CMakeFiles/opencv_interactive-calibration.dir/parametersController.cpp.o
[2374/3882] Building CXX object modules/gapi/CMakeFiles/opencv_gapi.dir/src/api/gscalar.cpp.o
[2375/3882] Building CXX object modules/bgsegm/CMakeFiles/opencv_bgsegm.dir/src/bgfg_gsoc.cpp.o
[2376/3882] Building CXX object modules/dpm/CMakeFiles/opencv_dpm.dir/src/dpm_convolution.cpp.o
[2377/3882] Building CXX object modules/gapi/CMakeFiles/opencv_test_gapi.dir/test/infer/gapi_infer_ov_tests.cpp.o
[2378/3882] Building CXX object modules/dpm/CMakeFiles/opencv_dpm.dir/src/dpm_cascade.cpp.o
[2379/3882] Building CXX object modules/gapi/CMakeFiles/opencv_gapi.dir/src/api/operators.cpp.o
[2380/3882] Building CXX object modules/video/CMakeFiles/opencv_video.dir/src/bgfg_gaussmix2.cpp.o
[2381/3882] Building CXX object modules/bgsegm/CMakeFiles/opencv_bgsegm.dir/src/bgfg_subcnt.cpp.o
[2382/3882] Building CXX object modules/gapi/CMakeFiles/opencv_gapi.dir/src/api/gmat.cpp.o
[2383/3882] Building CXX object modules/gapi/CMakeFiles/opencv_gapi.dir/src/api/render.cpp.o
[2384/3882] Building CXX object modules/video/CMakeFiles/opencv_video.dir/src/optical_flow_io.cpp.o
[2385/3882] Building CXX object modules/gapi/CMakeFiles/opencv_gapi.dir/src/api/grunarg.cpp.o
[2386/3882] Building CXX object modules/gapi/CMakeFiles/opencv_gapi.dir/src/api/kernels_nnparsers.cpp.o
[2387/3882] Building CXX object apps/interactive-calibration/CMakeFiles/opencv_interactive-calibration.dir/calibController.cpp.o
[2388/3882] Building CXX object modules/wechat_qrcode/CMakeFiles/example_wechat_qrcode_qrcode_example_without_nn.dir/samples/qrcode_example_without_nn.cpp.o
[2389/3882] Building CXX object modules/video/CMakeFiles/opencv_video.dir/src/tracking/detail/tracker_feature_set.cpp.o
[2390/3882] Building CXX object modules/gapi/CMakeFiles/opencv_gapi.dir/src/compiler/gcompiled.cpp.o
[2391/3882] Building CXX object modules/wechat_qrcode/CMakeFiles/opencv_wechat_qrcode.dir/src/zxing/qrcode/detector/finder_pattern.cpp.o
[2392/3882] Building CXX object modules/video/CMakeFiles/opencv_video.dir/src/bgfg_KNN.cpp.o
[2393/3882] Building CXX object modules/gapi/CMakeFiles/opencv_gapi.dir/src/api/kernels_core.cpp.o
[2394/3882] Building CXX object modules/gapi/CMakeFiles/opencv_gapi.dir/src/api/render_ocv.cpp.o
[2395/3882] Building CXX object modules/objdetect/CMakeFiles/opencv_objdetect.dir/src/main.cpp.o
[2396/3882] Building CXX object modules/wechat_qrcode/CMakeFiles/opencv_wechat_qrcode.dir/src/zxing/qrcode/decoder/decoded_bit_stream_parser.cpp.o
[2397/3882] Building CXX object modules/bgsegm/CMakeFiles/example_bgsegm_bgfg.dir/samples/bgfg.cpp.o
[2398/3882] Building CXX object modules/xobjdetect/CMakeFiles/opencv_xobjdetect.dir/src/waldboost.cpp.o
[2399/3882] Building CXX object modules/wechat_qrcode/CMakeFiles/opencv_wechat_qrcode.dir/src/zxing/common/greyscale_luminance_source.cpp.o
[2400/3882] Building CXX object modules/video/CMakeFiles/opencv_video.dir/src/tracking/detail/tracker_feature.cpp.o
[2401/3882] Building CXX object modules/video/CMakeFiles/opencv_perf_video.dir/perf/opencl/perf_motempl.cpp.o
[2402/3882] Building CXX object modules/objdetect/CMakeFiles/opencv_objdetect.dir/src/aruco/apriltag/zmaxheap.cpp.o
[2403/3882] Building CXX object modules/wechat_qrcode/CMakeFiles/opencv_wechat_qrcode.dir/src/wechat_qrcode.cpp.o
[2404/3882] Building CXX object modules/gapi/CMakeFiles/opencv_gapi.dir/src/api/gbackend.cpp.o
[2405/3882] Building CXX object modules/objdetect/CMakeFiles/opencv_objdetect.dir/src/aruco/charuco_detector.cpp.o
[2406/3882] Building CXX object modules/video/CMakeFiles/opencv_video.dir/src/eccms.cpp.o
[2407/3882] Building CXX object modules/wechat_qrcode/CMakeFiles/opencv_wechat_qrcode.dir/src/zxing/qrcode/qrcode_reader.cpp.o
[2408/3882] Building CXX object modules/wechat_qrcode/CMakeFiles/opencv_wechat_qrcode.dir/src/zxing/qrcode/decoder/mode.cpp.o
[2409/3882] Building CXX object modules/gapi/CMakeFiles/opencv_gapi.dir/src/api/gorigin.cpp.o
[2410/3882] Building CXX object modules/gapi/CMakeFiles/opencv_gapi.dir/src/executor/gthreadedexecutor.cpp.o
[2411/3882] Building CXX object modules/gapi/CMakeFiles/opencv_gapi.dir/src/executor/gexecutor.cpp.o
[2412/3882] Building CXX object modules/gapi/CMakeFiles/opencv_gapi.dir/src/compiler/gmodelbuilder.cpp.o
[2413/3882] Building CXX object modules/gapi/CMakeFiles/opencv_test_gapi.dir/test/streaming/gapi_streaming_vpl_data_provider.cpp.o
[2414/3882] Building CXX object modules/video/CMakeFiles/opencv_test_video.dir/test/test_bgfg2.cpp.o
[2415/3882] Building CXX object modules/gapi/CMakeFiles/opencv_gapi.dir/src/compiler/passes/transformations.cpp.o
[2416/3882] Building CXX object modules/video/CMakeFiles/opencv_video.dir/lkpyramid.avx512_skx.cpp.o
[2417/3882] Building CXX object modules/wechat_qrcode/CMakeFiles/opencv_wechat_qrcode.dir/src/decodermgr.cpp.o
[2418/3882] Building CXX object modules/wechat_qrcode/CMakeFiles/opencv_wechat_qrcode.dir/src/zxing/common/bitsource.cpp.o
[2419/3882] Building CXX object modules/xobjdetect/CMakeFiles/opencv_xobjdetect.dir/src/wbdetector.cpp.o
[2420/3882] Building CXX object modules/dpm/CMakeFiles/opencv_dpm.dir/src/dpm_feature.cpp.o
[2421/3882] Building CXX object modules/video/CMakeFiles/opencv_video.dir/src/tracking/tracker_mil.cpp.o
[2422/3882] Building CXX object modules/bgsegm/CMakeFiles/opencv_bgsegm.dir/src/bgfg_gmg.cpp.o
[2423/3882] Building CXX object modules/gapi/CMakeFiles/opencv_gapi.dir/src/api/kernels_video.cpp.o
[2424/3882] Building CXX object modules/gapi/CMakeFiles/opencv_gapi.dir/src/compiler/passes/meta.cpp.o
[2425/3882] Building CXX object modules/wechat_qrcode/CMakeFiles/opencv_wechat_qrcode.dir/src/detector/ssd_detector.cpp.o
[2426/3882] Building CXX object modules/gapi/CMakeFiles/opencv_gapi.dir/src/api/kernels_imgproc.cpp.o
[2427/3882] Building CXX object modules/dpm/CMakeFiles/example_dpm_cascade_detect_sequence.dir/samples/cascade_detect_sequence.cpp.o
[2428/3882] Building CXX object modules/video/CMakeFiles/opencv_video.dir/src/lkpyramid.cpp.o
[2429/3882] Building CXX object modules/gapi/CMakeFiles/opencv_gapi.dir/src/compiler/passes/islands.cpp.o
[2430/3882] Building CXX object modules/gapi/CMakeFiles/opencv_gapi.dir/src/compiler/passes/pattern_matching.cpp.o
[2431/3882] Building CXX object modules/dpm/CMakeFiles/opencv_dpm.dir/src/dpm_cascade_detector.cpp.o
[2432/3882] Building CXX object modules/gapi/CMakeFiles/opencv_gapi.dir/src/api/ginfer.cpp.o
[2433/3882] Building CXX object modules/gapi/CMakeFiles/opencv_gapi.dir/src/executor/gasync.cpp.o
[2434/3882] Building CXX object modules/gapi/CMakeFiles/opencv_gapi.dir/src/api/gproto.cpp.o
[2435/3882] Building CXX object modules/gapi/CMakeFiles/opencv_gapi.dir/src/backends/cpu/gcpukernel.cpp.o
[2436/3882] Building CXX object modules/gapi/CMakeFiles/opencv_perf_gapi.dir/perf/streaming/gapi_streaming_source_perf_tests.cpp.o
[2437/3882] Building CXX object modules/gapi/CMakeFiles/opencv_gapi.dir/src/api/media.cpp.o
[2438/3882] Building CXX object modules/objdetect/CMakeFiles/opencv_perf_objdetect.dir/perf/perf_qrcode_pipeline.cpp.o
[2439/3882] Building CXX object modules/gapi/CMakeFiles/opencv_gapi.dir/src/compiler/gislandmodel.cpp.o
[2440/3882] Building CXX object modules/gapi/CMakeFiles/opencv_gapi.dir/src/api/gcomputation.cpp.o
[2441/3882] Building CXX object modules/video/CMakeFiles/opencv_perf_video.dir/perf/opencl/perf_bgfg_knn.cpp.o
[2442/3882] Building CXX object modules/objdetect/CMakeFiles/opencv_test_objdetect.dir/test/test_barcode.cpp.o
[2443/3882] Building CXX object modules/gapi/CMakeFiles/opencv_gapi.dir/src/api/garray.cpp.o
[2444/3882] Building CXX object modules/video/CMakeFiles/opencv_test_video.dir/test/test_OF_accuracy.cpp.o
[2445/3882] Building CXX object modules/gapi/CMakeFiles/opencv_gapi.dir/src/api/kernels_ot.cpp.o
[2446/3882] Building CXX object modules/dpm/CMakeFiles/example_dpm_cascade_detect_camera.dir/samples/cascade_detect_camera.cpp.o
[2447/3882] Linking CXX shared library lib/libopencv_video.so.4.14.0
[2448/3882] Creating library symlink lib/libopencv_video.so.414 lib/libopencv_video.so
[2449/3882] Processing OpenCL kernels (ximgproc)
[2450/3882] Building CXX object modules/gapi/CMakeFiles/opencv_gapi.dir/src/executor/gabstractexecutor.cpp.o
[2451/3882] Building CXX object modules/video/CMakeFiles/opencv_test_video.dir/test/test_trackers.cpp.o
[2452/3882] Building CXX object modules/gapi/CMakeFiles/opencv_gapi.dir/src/compiler/passes/exec.cpp.o
[2453/3882] Building CXX object modules/wechat_qrcode/CMakeFiles/opencv_test_wechat_qrcode.dir/test/test_qrcode.cpp.o
[2454/3882] Building CXX object modules/gapi/CMakeFiles/opencv_gapi.dir/src/compiler/gcompiler.cpp.o
[2455/3882] Building CXX object modules/video/CMakeFiles/opencv_test_video.dir/test/test_optflowpyrlk.cpp.o
[2456/3882] Building CXX object modules/gapi/CMakeFiles/opencv_gapi.dir/src/compiler/gstreaming.cpp.o
[2457/3882] Building CXX object modules/gapi/CMakeFiles/opencv_gapi.dir/src/compiler/passes/helpers.cpp.o
[2458/3882] Building CXX object modules/objdetect/CMakeFiles/opencv_perf_objdetect.dir/perf/opencl/perf_hogdetect.cpp.o
[2459/3882] Building CXX object modules/objdetect/CMakeFiles/opencv_test_objdetect.dir/test/opencl/test_hogdetector.cpp.o
[2460/3882] Building CXX object modules/objdetect/CMakeFiles/opencv_objdetect.dir/src/qrcode.cpp.o
[2461/3882] Building CXX object modules/gapi/CMakeFiles/opencv_gapi.dir/src/compiler/passes/kernels.cpp.o
[2462/3882] Building CXX object modules/gapi/CMakeFiles/opencv_gapi.dir/src/executor/gabstractstreamingexecutor.cpp.o
[2463/3882] Building CXX object modules/gapi/CMakeFiles/opencv_gapi.dir/src/executor/gstreamingexecutor.cpp.o
[2464/3882] Building CXX object modules/video/CMakeFiles/opencv_perf_video.dir/perf/opencl/perf_dis_optflow.cpp.o
[2465/3882] Building CXX object modules/gapi/CMakeFiles/opencv_gapi.dir/src/compiler/gmodel.cpp.o
[2466/3882] Building CXX object modules/bgsegm/CMakeFiles/opencv_test_bgsegm.dir/test/test_main.cpp.o
[2467/3882] Building CXX object modules/video/CMakeFiles/opencv_test_video.dir/test/ocl/test_optflowpyrlk.cpp.o
[2468/3882] Building CXX object modules/objdetect/CMakeFiles/opencv_perf_objdetect.dir/perf/perf_barcode.cpp.o
[2469/3882] Building CXX object modules/wechat_qrcode/CMakeFiles/opencv_perf_wechat_qrcode.dir/perf/perf_main.cpp.o
[2470/3882] Building CXX object modules/gapi/CMakeFiles/opencv_gapi.dir/src/compiler/passes/dump_dot.cpp.o
[2471/3882] Building CXX object modules/video/CMakeFiles/opencv_test_video.dir/test/test_estimaterigid.cpp.o
[2472/3882] Building CXX object modules/video/CMakeFiles/opencv_test_video.dir/test/test_accum.cpp.o
[2473/3882] Building CXX object modules/video/CMakeFiles/opencv_test_video.dir/test/test_OF_reproducibility.cpp.o
[2474/3882] Building CXX object modules/gapi/CMakeFiles/opencv_gapi.dir/src/backends/cpu/gcpustereo.cpp.o
[2475/3882] Building CXX object modules/gapi/CMakeFiles/opencv_gapi.dir/src/compiler/passes/streaming.cpp.o
[2476/3882] Building CXX object modules/video/CMakeFiles/opencv_test_video.dir/test/test_kalman.cpp.o
[2477/3882] Building CXX object modules/video/CMakeFiles/opencv_test_video.dir/test/test_main.cpp.o
[2478/3882] Building CXX object modules/video/CMakeFiles/opencv_perf_video.dir/perf/perf_trackers.cpp.o
[2479/3882] Building CXX object modules/video/CMakeFiles/opencv_test_video.dir/test/ocl/test_dis.cpp.o
[2480/3882] Building CXX object modules/objdetect/CMakeFiles/opencv_test_objdetect.dir/test/test_main.cpp.o
[2481/3882] Building CXX object modules/gapi/CMakeFiles/opencv_gapi.dir/src/backends/cpu/gcpuimgproc.cpp.o
[2482/3882] Building CXX object modules/video/CMakeFiles/opencv_perf_video.dir/perf/opencl/perf_optflow_farneback.cpp.o
[2483/3882] Linking CXX shared library lib/libopencv_objdetect.so.4.14.0
[2484/3882] Creating library symlink lib/libopencv_objdetect.so.414 lib/libopencv_objdetect.so
[2485/3882] Building CXX object modules/video/CMakeFiles/opencv_test_video.dir/test/ocl/test_optflow_farneback.cpp.o
[2486/3882] Building CXX object modules/objdetect/CMakeFiles/opencv_perf_objdetect.dir/perf/perf_aruco.cpp.o
[2487/3882] Building CXX object modules/objdetect/CMakeFiles/opencv_perf_objdetect.dir/perf/perf_main.cpp.o
[2488/3882] Building CXX object modules/video/CMakeFiles/opencv_perf_video.dir/perf/perf_bgfg_knn.cpp.o
[2489/3882] Building CXX object modules/video/CMakeFiles/opencv_perf_video.dir/perf/perf_variational_refinement.cpp.o
[2490/3882] Building CXX object modules/wechat_qrcode/CMakeFiles/opencv_perf_wechat_qrcode.dir/perf/perf_wechat_qrcode_pipeline.cpp.o
[2491/3882] Building CXX object modules/objdetect/CMakeFiles/opencv_test_objdetect.dir/test/test_aruco_tutorial.cpp.o
[2492/3882] Building CXX object modules/video/CMakeFiles/opencv_perf_video.dir/perf/perf_ecc.cpp.o
[2493/3882] Building CXX object modules/objdetect/CMakeFiles/opencv_test_objdetect.dir/test/test_cascadeandhog.cpp.o
[2494/3882] Building CXX object modules/video/CMakeFiles/opencv_test_video.dir/test/test_ecc.cpp.o
[2495/3882] Linking CXX shared library lib/libopencv_wechat_qrcode.so.4.14.0
[2496/3882] Creating library symlink lib/libopencv_wechat_qrcode.so.414 lib/libopencv_wechat_qrcode.so
[2497/3882] Building CXX object modules/objdetect/CMakeFiles/opencv_test_objdetect.dir/test/test_charucodetection.cpp.o
[2498/3882] Building CXX object modules/gapi/CMakeFiles/opencv_gapi.dir/src/backends/cpu/gcpubackend.cpp.o
[2499/3882] Building CXX object modules/gapi/CMakeFiles/opencv_gapi.dir/src/backends/cpu/gcpuvideo.cpp.o
[2500/3882] Linking CXX executable bin/example_wechat_qrcode_qrcode_example
[2501/3882] Linking CXX executable bin/example_wechat_qrcode_qrcode_example_without_nn
[2502/3882] Building CXX object modules/video/CMakeFiles/opencv_perf_video.dir/perf/perf_main.cpp.o
[2503/3882] Building CXX object modules/video/CMakeFiles/opencv_perf_video.dir/perf/opencl/perf_optflow_pyrlk.cpp.o
[2504/3882] Building CXX object modules/video/CMakeFiles/opencv_perf_video.dir/perf/perf_optflowpyrlk.cpp.o
[2505/3882] Building CXX object modules/video/CMakeFiles/opencv_perf_video.dir/perf/perf_disflow.cpp.o
[2506/3882] Building CXX object modules/video/CMakeFiles/opencv_test_video.dir/test/test_camshift.cpp.o
[2507/3882] Building CXX object modules/wechat_qrcode/CMakeFiles/opencv_test_wechat_qrcode.dir/test/test_main.cpp.o
[2508/3882] Building CXX object modules/objdetect/CMakeFiles/opencv_perf_objdetect.dir/perf/opencl/perf_cascades.cpp.o
[2509/3882] Linking CXX executable bin/opencv_perf_wechat_qrcode
[2510/3882] Building CXX object modules/video/CMakeFiles/opencv_perf_video.dir/perf/perf_bgfg_mog2.cpp.o
[2511/3882] Building CXX object modules/objdetect/CMakeFiles/opencv_test_objdetect.dir/test/test_arucodetection.cpp.o
[2512/3882] Building CXX object modules/video/CMakeFiles/opencv_test_video.dir/test/ocl/test_bgfg_mog2.cpp.o
[2513/3882] Building CXX object modules/objdetect/CMakeFiles/opencv_test_objdetect.dir/test/test_face.cpp.o
[2514/3882] Building CXX object modules/objdetect/CMakeFiles/opencv_test_objdetect.dir/test/test_aruco_utils.cpp.o
[2515/3882] Linking CXX executable bin/opencv_test_wechat_qrcode
[2516/3882] Building CXX object modules/bgsegm/CMakeFiles/opencv_test_bgsegm.dir/test/test_backgroundsubtractor_lsbp.cpp.o
[2517/3882] Building CXX object modules/objdetect/CMakeFiles/opencv_test_objdetect.dir/test/test_qrcode.cpp.o
[2518/3882] Linking CXX executable bin/opencv_perf_objdetect
[2519/3882] Building CXX object modules/bgsegm/CMakeFiles/opencv_test_bgsegm.dir/test/test_backgroundsubtractor_gbh.cpp.o
[2520/3882] Building CXX object modules/objdetect/CMakeFiles/opencv_test_objdetect.dir/test/test_qrcode_encode.cpp.o
[2521/3882] Linking CXX executable bin/opencv_test_video
[2522/3882] Linking CXX executable bin/opencv_test_dnn
[2523/3882] Building CXX object modules/gapi/CMakeFiles/opencv_gapi.dir/src/backends/cpu/gcpuot.cpp.o
[2524/3882] Building CXX object modules/video/CMakeFiles/opencv_perf_video.dir/perf/opencl/perf_bgfg_mog2.cpp.o
[2525/3882] Building CXX object modules/gapi/CMakeFiles/opencv_gapi.dir/src/backends/cpu/gnnparsers.cpp.o
[2526/3882] Building CXX object modules/gapi/CMakeFiles/opencv_gapi.dir/src/backends/ov/bindings_ov.cpp.o
[2527/3882] Building CXX object modules/objdetect/CMakeFiles/opencv_test_objdetect.dir/test/test_boarddetection.cpp.o
[2528/3882] Building CXX object modules/gapi/CMakeFiles/opencv_gapi.dir/src/streaming/onevpl/utils.cpp.o
[2529/3882] Building CXX object modules/gapi/CMakeFiles/opencv_gapi.dir/src/backends/fluid/gfluidbuffer.cpp.o
[2530/3882] Building CXX object modules/gapi/CMakeFiles/opencv_gapi.dir/src/backends/onnx/coreml_ep.cpp.o
[2531/3882] Building CXX object modules/gapi/CMakeFiles/opencv_gapi.dir/src/backends/fluid/gfluidimgproc_func.dispatch.cpp.o
[2532/3882] Building CXX object modules/gapi/CMakeFiles/opencv_gapi.dir/src/backends/fluid/gfluidcore_func.dispatch.cpp.o
[2533/3882] Building CXX object modules/gapi/CMakeFiles/opencv_gapi.dir/src/backends/cpu/gcpucore.cpp.o
[2534/3882] Building CXX object modules/gapi/CMakeFiles/opencv_gapi.dir/src/streaming/onevpl/accelerators/utils/shared_lock.cpp.o
[2535/3882] Building CXX object modules/gapi/CMakeFiles/opencv_gapi.dir/src/backends/ocl/goclcore.cpp.o
[2536/3882] Building CXX object modules/gapi/CMakeFiles/opencv_gapi.dir/src/utils/itt.cpp.o
[2537/3882] Building CXX object modules/gapi/CMakeFiles/opencv_gapi.dir/src/backends/oak/goakbackend.cpp.o
[2538/3882] Building CXX object modules/gapi/CMakeFiles/opencv_gapi.dir/src/streaming/onevpl/accelerators/surface/surface.cpp.o
[2539/3882] Building CXX object modules/gapi/CMakeFiles/opencv_gapi.dir/src/backends/ov/govbackend.cpp.o
[2540/3882] Building CXX object modules/gapi/CMakeFiles/opencv_gapi.dir/src/backends/oak/goak.cpp.o
[2541/3882] Building CXX object modules/gapi/CMakeFiles/opencv_gapi.dir/src/streaming/onevpl/cfg_params_parser.cpp.o
[2542/3882] Building CXX object modules/gapi/CMakeFiles/opencv_gapi.dir/src/streaming/onevpl/accelerators/surface/base_frame_adapter.cpp.o
[2543/3882] Building CXX object modules/gapi/CMakeFiles/opencv_gapi.dir/src/streaming/onevpl/engine/preproc/preproc_dispatcher.cpp.o
[2544/3882] Building CXX object modules/gapi/CMakeFiles/opencv_gapi.dir/src/streaming/onevpl/data_provider_interface_exception.cpp.o
[2545/3882] Linking CXX executable bin/opencv_perf_video
[2546/3882] Building CXX object modules/gapi/CMakeFiles/opencv_gapi.dir/src/backends/oak/goak_memory_adapters.cpp.o
[2547/3882] Building CXX object modules/gapi/CMakeFiles/opencv_gapi.dir/src/backends/ocl/goclkernel.cpp.o
[2548/3882] Building CXX object modules/gapi/CMakeFiles/opencv_gapi.dir/src/3rdparty/vasot/src/components/ot/mtt/hungarian_wrap.cpp.o
[2549/3882] Building CXX object modules/gapi/CMakeFiles/opencv_gapi.dir/src/streaming/gstreamer/gstreamer_media_adapter.cpp.o
[2550/3882] Building CXX object modules/gapi/CMakeFiles/opencv_gapi.dir/src/streaming/gstreamer/gstreamerenv.cpp.o
[2551/3882] Building CXX object modules/gapi/CMakeFiles/opencv_gapi.dir/src/3rdparty/vasot/src/components/ot/kalman_filter/kalman_filter_no_opencv.cpp.o
[2552/3882] Building CXX object modules/gapi/CMakeFiles/opencv_gapi.dir/src/streaming/onevpl/source.cpp.o
[2553/3882] Building CXX object modules/gapi/CMakeFiles/opencv_gapi.dir/src/streaming/onevpl/default.cpp.o
[2554/3882] Building CXX object modules/gapi/CMakeFiles/opencv_gapi.dir/src/streaming/onevpl/source_priv.cpp.o
[2555/3882] Building CXX object modules/gapi/CMakeFiles/opencv_gapi.dir/src/backends/common/gcompoundbackend.cpp.o
[2556/3882] Building CXX object modules/gapi/CMakeFiles/opencv_gapi.dir/src/streaming/onevpl/accelerators/surface/surface_pool.cpp.o
[2557/3882] Building CXX object modules/gapi/CMakeFiles/opencv_gapi.dir/src/backends/python/gpythonbackend.cpp.o
[2558/3882] Building CXX object modules/gapi/CMakeFiles/opencv_gapi.dir/src/streaming/onevpl/device_selector_interface.cpp.o
[2559/3882] Building CXX object modules/gapi/CMakeFiles/opencv_gapi.dir/src/streaming/gstreamer/gstreamer_buffer_utils.cpp.o
[2560/3882] Building CXX object modules/gapi/CMakeFiles/opencv_gapi.dir/src/backends/fluid/gfluidimgproc.cpp.o
[2561/3882] Building CXX object modules/gapi/CMakeFiles/opencv_gapi.dir/src/api/s11n.cpp.o
[2562/3882] Linking CXX executable bin/opencv_test_objdetect
[2563/3882] Building CXX object modules/gapi/CMakeFiles/opencv_gapi.dir/src/backends/render/grenderocv.cpp.o
[2564/3882] Building CXX object modules/gapi/CMakeFiles/opencv_gapi.dir/src/backends/onnx/dml_ep.cpp.o
[2565/3882] Building CXX object modules/gapi/CMakeFiles/opencv_gapi.dir/backends/fluid/gfluidcore_func.avx2.cpp.o
[2566/3882] Building CXX object modules/gapi/CMakeFiles/opencv_gapi.dir/src/backends/streaming/gstreamingbackend.cpp.o
[2567/3882] Building CXX object modules/gapi/CMakeFiles/opencv_gapi.dir/backends/fluid/gfluidcore_func.sse4_1.cpp.o
[2568/3882] Building CXX object modules/gapi/CMakeFiles/opencv_gapi.dir/src/backends/render/ft_render.cpp.o
[2569/3882] Building CXX object modules/gapi/CMakeFiles/opencv_gapi.dir/src/backends/ocl/goclbackend.cpp.o
[2570/3882] Building CXX object modules/gapi/CMakeFiles/opencv_gapi.dir/src/backends/onnx/bindings_onnx.cpp.o
[2571/3882] Building CXX object modules/gapi/CMakeFiles/opencv_gapi.dir/src/streaming/onevpl/file_data_provider.cpp.o
[2572/3882] Building CXX object modules/gapi/CMakeFiles/opencv_gapi.dir/src/backends/ie/bindings_ie.cpp.o
[2573/3882] Building CXX object modules/gapi/CMakeFiles/opencv_gapi.dir/src/streaming/gstreamer/gstreamerpipeline.cpp.o
[2574/3882] Building CXX object modules/gapi/CMakeFiles/opencv_gapi.dir/src/3rdparty/vasot/src/components/ot/mtt/rgb_histogram.cpp.o
[2575/3882] Building CXX object modules/gapi/CMakeFiles/opencv_gapi.dir/src/streaming/onevpl/cfg_params.cpp.o
[2576/3882] Building CXX object modules/gapi/CMakeFiles/opencv_gapi.dir/backends/fluid/gfluidimgproc_func.avx2.cpp.o
[2577/3882] Building CXX object modules/gapi/CMakeFiles/opencv_gapi.dir/src/3rdparty/vasot/src/components/ot/zero_term_imageless_tracker.cpp.o
[2578/3882] Building CXX object modules/gapi/CMakeFiles/opencv_gapi.dir/src/backends/fluid/gfluidcore.cpp.o
[2579/3882] Building CXX object modules/gapi/CMakeFiles/opencv_gapi.dir/src/backends/common/gcompoundkernel.cpp.o
[2580/3882] Linking CXX shared library lib/libopencv_aruco.so.4.14.0
[2581/3882] Creating library symlink lib/libopencv_aruco.so.414 lib/libopencv_aruco.so
[2582/3882] Linking CXX shared library lib/libopencv_xobjdetect.so.4.14.0
[2583/3882] Creating library symlink lib/libopencv_xobjdetect.so.414 lib/libopencv_xobjdetect.so
[2584/3882] Building CXX object modules/gapi/CMakeFiles/opencv_gapi.dir/src/backends/ocl/goclimgproc.cpp.o
[2585/3882] Building CXX object modules/gapi/CMakeFiles/opencv_gapi.dir/src/streaming/gstreamer/gstreamersource.cpp.o
[2586/3882] Building CXX object modules/gapi/CMakeFiles/opencv_gapi.dir/src/pysrc/python_stream_source.cpp.o
[2587/3882] Linking CXX executable bin/opencv_waldboost_detector
[2588/3882] Linking CXX shared library lib/libopencv_bgsegm.so.4.14.0
[2589/3882] Creating library symlink lib/libopencv_bgsegm.so.414 lib/libopencv_bgsegm.so
[2590/3882] Building CXX object modules/ximgproc/CMakeFiles/opencv_ximgproc.dir/src/adaptive_manifold_filter_n.cpp.o
[2591/3882] Building CXX object modules/gapi/CMakeFiles/opencv_gapi.dir/src/3rdparty/vasot/src/components/ot/short_term_imageless_tracker.cpp.o
[2592/3882] Building CXX object modules/gapi/CMakeFiles/opencv_gapi.dir/src/3rdparty/vasot/src/components/ot/object_tracker.cpp.o
[2593/3882] Building CXX object modules/gapi/CMakeFiles/opencv_gapi.dir/src/streaming/onevpl/accelerators/surface/dx11_frame_adapter.cpp.o
[2594/3882] Building CXX object modules/gapi/CMakeFiles/opencv_gapi.dir/src/streaming/queue_source.cpp.o
[2595/3882] Linking CXX executable bin/example_bgsegm_bgfg
[2596/3882] Building CXX object modules/gapi/CMakeFiles/opencv_gapi.dir/src/3rdparty/vasot/src/components/ot/tracklet.cpp.o
[2597/3882] Building CXX object modules/gapi/CMakeFiles/opencv_gapi.dir/src/backends/ie/giebackend.cpp.o
[2598/3882] Building CXX object modules/gapi/CMakeFiles/opencv_gapi.dir/src/backends/common/gmetabackend.cpp.o
[2599/3882] Building CXX object modules/gapi/CMakeFiles/opencv_gapi.dir/src/streaming/onevpl/engine/preproc_engine_interface.cpp.o
[2600/3882] Building CXX object modules/gapi/CMakeFiles/opencv_gapi.dir/src/backends/plaidml/gplaidmlcore.cpp.o
[2601/3882] Linking CXX shared library lib/libopencv_dpm.so.4.14.0
[2602/3882] Creating library symlink lib/libopencv_dpm.so.414 lib/libopencv_dpm.so
[2603/3882] Linking CXX executable bin/example_dpm_cascade_detect_camera
[2604/3882] Linking CXX executable bin/opencv_test_bgsegm
[2605/3882] Linking CXX executable bin/example_dpm_cascade_detect_sequence
[2606/3882] Building CXX object modules/gapi/CMakeFiles/opencv_gapi.dir/src/backends/onnx/gonnxbackend.cpp.o
[2607/3882] Building CXX object modules/gapi/CMakeFiles/opencv_gapi.dir/backends/fluid/gfluidimgproc_func.sse4_1.cpp.o
[2608/3882] Building CXX object modules/gapi/CMakeFiles/opencv_test_gapi.dir/test/common/gapi_compoundkernel_tests.cpp.o
[2609/3882] Building CXX object modules/gapi/CMakeFiles/example_gapi_oak_copy.dir/samples/oak_copy.cpp.o
[2610/3882] Building CXX object modules/ximgproc/CMakeFiles/opencv_ximgproc.dir/src/fgs_filter.cpp.o
[2611/3882] Building CXX object modules/gapi/CMakeFiles/opencv_gapi.dir/src/3rdparty/vasot/src/components/ot/tracker.cpp.o
[2612/3882] Building CXX object modules/gapi/CMakeFiles/opencv_gapi.dir/src/streaming/gstreamer/gstreamer_pipeline_facade.cpp.o
[2613/3882] Processing OpenCL kernels (tracking)
[2614/3882] Building CXX object modules/gapi/CMakeFiles/example_gapi_oak_basic_infer.dir/samples/oak_basic_infer.cpp.o
[2615/3882] Building CXX object modules/ximgproc/CMakeFiles/opencv_ximgproc.dir/src/guided_filter.cpp.o
[2616/3882] Building CXX object modules/gapi/CMakeFiles/example_gapi_api_example.dir/samples/api_example.cpp.o
[2617/3882] Building CXX object modules/gapi/CMakeFiles/example_gapi_oak_small_hetero_pipeline.dir/samples/oak_small_hetero_pipeline.cpp.o
[2618/3882] Building CXX object modules/gapi/CMakeFiles/opencv_gapi.dir/src/3rdparty/vasot/src/components/ot/mtt/objects_associator.cpp.o
[2619/3882] Building CXX object modules/ximgproc/CMakeFiles/opencv_ximgproc.dir/src/deriche_filter.cpp.o
[2620/3882] Building CXX object modules/ximgproc/CMakeFiles/opencv_ximgproc.dir/src/edgeboxes.cpp.o
[2621/3882] Building CXX object modules/ximgproc/CMakeFiles/opencv_ximgproc.dir/src/joint_bilateral_filter.cpp.o
[2622/3882] Building CXX object modules/ximgproc/CMakeFiles/opencv_ximgproc.dir/src/niblack_thresholding.cpp.o
[2623/3882] Building CXX object modules/gapi/CMakeFiles/opencv_gapi.dir/src/streaming/onevpl/accelerators/surface/cpu_frame_adapter.cpp.o
[2624/3882] Building CXX object modules/gapi/CMakeFiles/opencv_test_gapi.dir/test/gapi_typed_tests.cpp.o
[2625/3882] Building CXX object modules/ximgproc/CMakeFiles/opencv_ximgproc.dir/src/fast_line_detector.cpp.o
[2626/3882] Building CXX object modules/gapi/CMakeFiles/opencv_gapi.dir/src/backends/fluid/gfluidbackend.cpp.o
[2627/3882] Building CXX object modules/ximgproc/CMakeFiles/opencv_ximgproc.dir/src/find_ellipses.cpp.o
[2628/3882] Building CXX object modules/ximgproc/CMakeFiles/opencv_ximgproc.dir/src/fbs_filter.cpp.o
[2629/3882] Building CXX object modules/ximgproc/CMakeFiles/opencv_ximgproc.dir/src/domain_transform.cpp.o
[2630/3882] Building CXX object modules/gapi/CMakeFiles/opencv_test_gapi.dir/test/cpu/gapi_operators_tests_cpu.cpp.o
[2631/3882] Building CXX object modules/ximgproc/CMakeFiles/opencv_ximgproc.dir/src/l0_smooth.cpp.o
[2632/3882] Building CXX object modules/ximgproc/CMakeFiles/opencv_ximgproc.dir/src/quaternion.cpp.o
[2633/3882] Building CXX object modules/ximgproc/CMakeFiles/opencv_ximgproc.dir/src/rolling_guidance_filter.cpp.o
[2634/3882] Building CXX object modules/gapi/CMakeFiles/example_gapi_gaze_estimation.dir/samples/gaze_estimation.cpp.o
[2635/3882] Building CXX object modules/ximgproc/CMakeFiles/opencv_ximgproc.dir/src/dtfilter_cpu.cpp.o
[2636/3882] Building CXX object modules/ximgproc/CMakeFiles/opencv_ximgproc.dir/src/slic.cpp.o
[2637/3882] Building CXX object modules/gapi/CMakeFiles/example_gapi_draw_example.dir/samples/draw_example.cpp.o
[2638/3882] Building CXX object modules/ximgproc/CMakeFiles/opencv_ximgproc.dir/src/edgeaware_filters_common.cpp.o
[2639/3882] Building CXX object modules/gapi/CMakeFiles/opencv_test_gapi.dir/test/gapi_basic_hetero_tests.cpp.o
[2640/3882] Building CXX object modules/ximgproc/CMakeFiles/opencv_ximgproc.dir/src/graphsegmentation.cpp.o
[2641/3882] Building CXX object modules/ximgproc/CMakeFiles/opencv_ximgproc.dir/src/edge_drawing.cpp.o
[2642/3882] Building CXX object modules/ximgproc/CMakeFiles/opencv_ximgproc.dir/src/anisodiff.cpp.o
[2643/3882] Building CXX object modules/ximgproc/CMakeFiles/opencv_ximgproc.dir/src/scansegment.cpp.o
[2644/3882] Building CXX object modules/ximgproc/CMakeFiles/opencv_ximgproc.dir/src/lsc.cpp.o
[2645/3882] Building CXX object modules/ximgproc/CMakeFiles/opencv_ximgproc.dir/src/edgepreserving_filter.cpp.o
[2646/3882] Building CXX object modules/gapi/CMakeFiles/opencv_test_gapi.dir/test/gapi_plaidml_pipelines.cpp.o
[2647/3882] Building CXX object modules/gapi/CMakeFiles/opencv_test_gapi.dir/test/gapi_gcompiled_tests.cpp.o
[2648/3882] Building CXX object modules/ximgproc/CMakeFiles/opencv_ximgproc.dir/src/bilateral_texture_filter.cpp.o
[2649/3882] Building CXX object modules/ximgproc/CMakeFiles/opencv_ximgproc.dir/src/run_length_morphology.cpp.o
[2650/3882] Building CXX object modules/gapi/CMakeFiles/opencv_test_gapi.dir/test/gapi_transform_tests.cpp.o
[2651/3882] Building CXX object modules/gapi/CMakeFiles/opencv_test_gapi.dir/test/cpu/gapi_stereo_tests_cpu.cpp.o
[2652/3882] Building CXX object modules/gapi/CMakeFiles/opencv_test_gapi.dir/test/gapi_array_tests.cpp.o
[2653/3882] Building CXX object modules/gapi/CMakeFiles/opencv_test_gapi.dir/test/infer/gapi_infer_onnx_test.cpp.o
[2654/3882] Building CXX object modules/gapi/CMakeFiles/example_gapi_infer_ie_onnx_hybrid.dir/samples/infer_ie_onnx_hybrid.cpp.o
[2655/3882] Building CXX object modules/ximgproc/CMakeFiles/opencv_ximgproc.dir/src/estimated_covariance.cpp.o
[2656/3882] Building CXX object modules/gapi/CMakeFiles/opencv_gapi.dir/src/backends/common/serialization.cpp.o
[2657/3882] Building CXX object modules/ximgproc/CMakeFiles/opencv_ximgproc.dir/src/disparity_filters.cpp.o
[2658/3882] Building CXX object modules/ximgproc/CMakeFiles/opencv_ximgproc.dir/src/thinning.cpp.o
[2659/3882] Building CXX object modules/gapi/CMakeFiles/opencv_test_gapi.dir/test/gapi_gcomputation_tests.cpp.o
[2660/3882] Building CXX object modules/ximgproc/CMakeFiles/opencv_ximgproc.dir/opencl_kernels_ximgproc.cpp.o
[2661/3882] Building CXX object modules/ximgproc/CMakeFiles/opencv_ximgproc.dir/src/ridgedetectionfilter.cpp.o
[2662/3882] Building CXX object modules/ximgproc/CMakeFiles/opencv_ximgproc.dir/src/brightedges.cpp.o
[2663/3882] Building CXX object modules/ximgproc/CMakeFiles/opencv_ximgproc.dir/src/peilin.cpp.o
[2664/3882] Building CXX object modules/gapi/CMakeFiles/opencv_test_gapi.dir/test/own/gapi_types_tests.cpp.o
[2665/3882] Building CXX object modules/gapi/CMakeFiles/opencv_test_gapi.dir/test/cpu/gapi_ot_tests_cpu.cpp.o
[2666/3882] Building CXX object modules/gapi/CMakeFiles/opencv_test_gapi.dir/test/gapi_fluid_test_kernels.cpp.o
[2667/3882] Building CXX object modules/gapi/CMakeFiles/example_gapi_infer_ssd_onnx.dir/samples/infer_ssd_onnx.cpp.o
[2668/3882] Building CXX object modules/gapi/CMakeFiles/opencv_test_gapi.dir/test/gapi_frame_tests.cpp.o
[2669/3882] Building CXX object modules/ximgproc/CMakeFiles/opencv_ximgproc.dir/src/radon_transform.cpp.o
[2670/3882] Building CXX object modules/gapi/CMakeFiles/opencv_test_gapi.dir/test/internal/gapi_int_proto_tests.cpp.o
[2671/3882] Building CXX object modules/gapi/CMakeFiles/opencv_test_gapi.dir/test/common/gapi_operators_tests.cpp.o
[2672/3882] Building CXX object modules/gapi/CMakeFiles/opencv_test_gapi.dir/test/gapi_scalar_tests.cpp.o
[2673/3882] Building CXX object modules/gapi/CMakeFiles/opencv_test_gapi.dir/test/gapi_util_tests.cpp.o
[2674/3882] Building CXX object modules/gapi/CMakeFiles/opencv_test_gapi.dir/test/internal/gapi_int_island_fusion_tests.cpp.o
[2675/3882] Building CXX object modules/ximgproc/CMakeFiles/opencv_ximgproc.dir/src/structured_edge_detection.cpp.o
[2676/3882] Building CXX object modules/gapi/CMakeFiles/opencv_test_gapi.dir/test/gapi_opaque_tests.cpp.o
[2677/3882] Building CXX object modules/ximgproc/CMakeFiles/opencv_ximgproc.dir/src/seeds.cpp.o
[2678/3882] Building CXX object modules/ximgproc/CMakeFiles/opencv_ximgproc.dir/src/fourier_descriptors.cpp.o
[2679/3882] Building CXX object modules/gapi/CMakeFiles/opencv_test_gapi.dir/test/infer/gapi_infer_tests.cpp.o
[2680/3882] Building CXX object modules/gapi/CMakeFiles/opencv_test_gapi.dir/test/infer/gapi_infer_ie_test.cpp.o
[2681/3882] Building CXX object modules/gapi/CMakeFiles/opencv_test_gapi.dir/test/gapi_planar_test.cpp.o
[2682/3882] Building CXX object modules/gapi/CMakeFiles/opencv_test_gapi.dir/test/streaming/gapi_streaming_queue_source_tests.cpp.o
[2683/3882] Building CXX object modules/gapi/CMakeFiles/opencv_test_gapi.dir/test/cpu/gapi_video_tests_cpu.cpp.o
[2684/3882] Building CXX object modules/gapi/CMakeFiles/opencv_test_gapi.dir/test/gapi_fluid_resize_test.cpp.o
[2685/3882] Building CXX object modules/gapi/CMakeFiles/example_gapi_infer_single_roi.dir/samples/infer_single_roi.cpp.o
[2686/3882] Building CXX object modules/gapi/CMakeFiles/opencv_test_gapi.dir/test/streaming/gapi_streaming_vpl_core_test.cpp.o
[2687/3882] Building CXX object modules/gapi/CMakeFiles/opencv_test_gapi.dir/test/own/conc_queue_tests.cpp.o
[2688/3882] Building CXX object modules/gapi/CMakeFiles/example_gapi_face_detection_mtcnn.dir/samples/face_detection_mtcnn.cpp.o
[2689/3882] Building CXX object modules/gapi/CMakeFiles/opencv_test_gapi.dir/test/gapi_gpu_test.cpp.o
[2690/3882] Building CXX object modules/gapi/CMakeFiles/opencv_test_gapi.dir/test/internal/gapi_int_dynamic_graph.cpp.o
[2691/3882] Building CXX object modules/gapi/CMakeFiles/opencv_test_gapi.dir/test/internal/gapi_int_perform_substitution_test.cpp.o
[2692/3882] Building CXX object modules/gapi/CMakeFiles/opencv_test_gapi.dir/test/internal/gapi_int_gmetaarg_test.cpp.o
[2693/3882] Building CXX object modules/gapi/CMakeFiles/opencv_test_gapi.dir/test/gapi_fluid_roi_test.cpp.o
[2694/3882] Linking CXX executable bin/opencv_interactive-calibration
[2695/3882] Building CXX object modules/ximgproc/CMakeFiles/opencv_ximgproc.dir/src/paillou_filter.cpp.o
[2696/3882] Building CXX object modules/gapi/CMakeFiles/opencv_test_gapi.dir/test/gapi_graph_meta_tests.cpp.o
[2697/3882] Building CXX object modules/gapi/CMakeFiles/example_gapi_oak_rgb_camera_encoding.dir/samples/oak_rgb_camera_encoding.cpp.o
[2698/3882] Building CXX object modules/ximgproc/CMakeFiles/opencv_ximgproc.dir/src/weighted_median_filter.cpp.o
[2699/3882] Building CXX object modules/gapi/CMakeFiles/opencv_test_gapi.dir/test/internal/gapi_int_recompilation_test.cpp.o
[2700/3882] Building CXX object modules/gapi/CMakeFiles/opencv_test_gapi.dir/test/rmat/rmat_view_tests.cpp.o
[2701/3882] Building CXX object modules/gapi/CMakeFiles/opencv_test_gapi.dir/test/internal/gapi_int_island_tests.cpp.o
[2702/3882] Building CXX object modules/gapi/CMakeFiles/opencv_test_gapi.dir/test/render/ftp_render_test.cpp.o
[2703/3882] Building CXX object modules/gapi/CMakeFiles/opencv_test_gapi.dir/test/rmat/rmat_integration_tests.cpp.o
[2704/3882] Building CXX object modules/gapi/CMakeFiles/opencv_test_gapi.dir/test/internal/gapi_int_backend_tests.cpp.o
[2705/3882] Building CXX object modules/gapi/CMakeFiles/opencv_test_gapi.dir/test/gapi_fluid_parallel_rois_test.cpp.o
[2706/3882] Building CXX object modules/gapi/CMakeFiles/opencv_test_gapi.dir/test/gpu/gapi_operators_tests_gpu.cpp.o
[2707/3882] Building CXX object modules/gapi/CMakeFiles/opencv_test_gapi.dir/test/streaming/gapi_gstreamer_pipeline_facade_int_tests.cpp.o
[2708/3882] Building CXX object modules/gapi/CMakeFiles/opencv_test_gapi.dir/test/internal/gapi_transactions_test.cpp.o
[2709/3882] Building CXX object modules/gapi/CMakeFiles/opencv_test_gapi.dir/test/test_main.cpp.o
[2710/3882] Building CXX object modules/gapi/CMakeFiles/opencv_test_gapi.dir/test/gapi_desc_tests.cpp.o
[2711/3882] Building CXX object modules/gapi/CMakeFiles/opencv_test_gapi.dir/test/gapi_sample_pipelines.cpp.o
[2712/3882] Building CXX object modules/gapi/CMakeFiles/opencv_test_gapi.dir/test/gapi_async_test.cpp.o
[2713/3882] Building CXX object modules/ximgproc/CMakeFiles/opencv_ximgproc.dir/src/sparse_match_interpolators.cpp.o
[2714/3882] Building CXX object modules/gapi/CMakeFiles/opencv_test_gapi.dir/test/gapi_fluid_test.cpp.o
[2715/3882] Building CXX object modules/gapi/CMakeFiles/opencv_test_gapi.dir/test/own/thread_pool_tests.cpp.o
[2716/3882] Building CXX object modules/gapi/CMakeFiles/opencv_test_gapi.dir/test/gapi_kernel_tests.cpp.o
[2717/3882] Building CXX object modules/gapi/CMakeFiles/opencv_perf_gapi.dir/perf/common/gapi_render_perf_tests.cpp.o
[2718/3882] Building CXX object modules/gapi/CMakeFiles/opencv_test_gapi.dir/test/cpu/gapi_operators_tests_fluid.cpp.o
[2719/3882] Building CXX object modules/gapi/CMakeFiles/opencv_test_gapi.dir/test/oak/gapi_tests_oak.cpp.o
[2720/3882] Building CXX object modules/gapi/CMakeFiles/opencv_test_gapi.dir/test/common/gapi_render_tests.cpp.o
[2721/3882] Building CXX object modules/ximgproc/CMakeFiles/opencv_ximgproc.dir/src/fast_hough_transform.cpp.o
[2722/3882] Building CXX object modules/gapi/CMakeFiles/opencv_test_gapi.dir/test/streaming/gapi_streaming_vpp_preproc_test.cpp.o
[2723/3882] Building CXX object modules/gapi/CMakeFiles/opencv_test_gapi.dir/test/gapi_compile_args_tests.cpp.o
[2724/3882] Building CXX object modules/gapi/CMakeFiles/opencv_perf_gapi.dir/perf/perf_main.cpp.o
[2725/3882] Building CXX object modules/gapi/CMakeFiles/opencv_test_gapi.dir/test/streaming/gapi_streaming_sync_tests.cpp.o
[2726/3882] Building CXX object modules/gapi/CMakeFiles/opencv_test_gapi.dir/test/rmat/rmat_tests.cpp.o
[2727/3882] Building CXX object modules/ximgproc/CMakeFiles/opencv_ximgproc.dir/src/selectivesearchsegmentation.cpp.o
[2728/3882] Building CXX object modules/gapi/CMakeFiles/opencv_test_gapi.dir/test/own/mat_tests.cpp.o
[2729/3882] Building CXX object modules/gapi/CMakeFiles/opencv_test_gapi.dir/test/cpu/gapi_imgproc_tests_fluid.cpp.o
[2730/3882] Building CXX object modules/gapi/CMakeFiles/opencv_test_gapi.dir/test/own/scalar_tests.cpp.o
[2731/3882] Building CXX object modules/gapi/CMakeFiles/opencv_test_gapi.dir/test/common/gapi_stereo_tests.cpp.o
[2732/3882] Building CXX object modules/gapi/CMakeFiles/opencv_test_gapi.dir/test/internal/gapi_int_garg_test.cpp.o
[2733/3882] Building CXX object modules/gapi/CMakeFiles/opencv_test_gapi.dir/test/internal/gapi_int_gmodel_builder_test.cpp.o
[2734/3882] Building CXX object modules/gapi/CMakeFiles/opencv_perf_gapi.dir/perf/cpu/gapi_video_perf_tests_cpu.cpp.o
[2735/3882] Building CXX object modules/gapi/CMakeFiles/opencv_test_gapi.dir/test/gapi_mat_tests.cpp.o
[2736/3882] Building CXX object modules/gapi/CMakeFiles/opencv_test_gapi.dir/test/internal/gapi_int_executor_tests.cpp.o
[2737/3882] Building CXX object modules/gapi/CMakeFiles/opencv_test_gapi.dir/test/util/any_tests.cpp.o
[2738/3882] Building CXX object modules/gapi/CMakeFiles/opencv_test_gapi.dir/test/streaming/gapi_streaming_vpl_device_selector.cpp.o
[2739/3882] Building CXX object modules/gapi/CMakeFiles/opencv_perf_gapi.dir/perf/perf_bench.cpp.o
[2740/3882] Building CXX object modules/gapi/CMakeFiles/opencv_test_gapi.dir/test/streaming/gapi_streaming_utils_test.cpp.o
[2741/3882] Building CXX object modules/gapi/CMakeFiles/opencv_test_gapi.dir/test/own/last_written_value_tests.cpp.o
[2742/3882] Building CXX object modules/gapi/CMakeFiles/opencv_test_gapi.dir/test/streaming/gapi_gstreamersource_tests.cpp.o
[2743/3882] Building CXX object modules/ximgproc/CMakeFiles/opencv_test_ximgproc.dir/test/test_bilateral_texture_filter.cpp.o
[2744/3882] Building CXX object modules/gapi/CMakeFiles/opencv_perf_gapi.dir/perf/cpu/gapi_imgproc_perf_tests_fluid.cpp.o
[2745/3882] Building CXX object modules/ximgproc/CMakeFiles/example_ximgproc_edge_drawing_demo.dir/samples/edge_drawing_demo.cpp.o
[2746/3882] Building CXX object modules/ximgproc/CMakeFiles/opencv_test_ximgproc.dir/test/test_edgeboxes.cpp.o
[2747/3882] Building CXX object modules/gapi/CMakeFiles/opencv_test_gapi.dir/test/gpu/gapi_imgproc_tests_gpu.cpp.o
[2748/3882] Building CXX object modules/gapi/CMakeFiles/opencv_test_gapi.dir/test/cpu/gapi_core_tests_cpu.cpp.o
[2749/3882] Building CXX object modules/gapi/CMakeFiles/opencv_test_gapi.dir/test/gpu/gapi_core_tests_gpu.cpp.o
[2750/3882] Building CXX object modules/gapi/CMakeFiles/opencv_test_gapi.dir/test/util/optional_tests.cpp.o
[2751/3882] Building CXX object modules/gapi/CMakeFiles/opencv_test_gapi.dir/test/s11n/gapi_sample_pipelines_s11n.cpp.o
[2752/3882] Building CXX object modules/gapi/CMakeFiles/opencv_test_gapi.dir/test/cpu/gapi_core_tests_fluid.cpp.o
[2753/3882] Building CXX object modules/gapi/CMakeFiles/opencv_test_gapi.dir/test/common/gapi_video_tests.cpp.o
[2754/3882] Building CXX object modules/ximgproc/CMakeFiles/opencv_test_ximgproc.dir/test/test_fast_hough_transform.cpp.o
[2755/3882] Building CXX object modules/gapi/CMakeFiles/opencv_test_gapi.dir/test/gapi_smoke_test.cpp.o
[2756/3882] Building CXX object modules/gapi/CMakeFiles/opencv_test_gapi.dir/test/s11n/gapi_s11n_tests.cpp.o
[2757/3882] Building CXX object modules/ximgproc/CMakeFiles/opencv_test_ximgproc.dir/test/test_niblack_threshold.cpp.o
[2758/3882] Building CXX object modules/gapi/CMakeFiles/opencv_perf_gapi.dir/perf/internal/gapi_compiler_perf_tests.cpp.o
[2759/3882] Building CXX object modules/ximgproc/CMakeFiles/opencv_test_ximgproc.dir/test/test_find_ellipses.cpp.o
[2760/3882] Building CXX object modules/gapi/CMakeFiles/opencv_test_gapi.dir/test/util/variant_tests.cpp.o
[2761/3882] Building CXX object modules/ximgproc/CMakeFiles/opencv_test_ximgproc.dir/test/test_fourier_descriptors.cpp.o
[2762/3882] Building CXX object modules/gapi/CMakeFiles/opencv_test_gapi.dir/test/common/gapi_imgproc_tests.cpp.o
[2763/3882] Linking CXX shared library lib/libopencv_ximgproc.so.4.14.0
[2764/3882] Creating library symlink lib/libopencv_ximgproc.so.414 lib/libopencv_ximgproc.so
[2765/3882] Processing OpenCL kernels (optflow)
[2766/3882] Building CXX object modules/ximgproc/CMakeFiles/example_ximgproc_fourier_descriptors_demo.dir/samples/fourier_descriptors_demo.cpp.o
[2767/3882] Building CXX object modules/gapi/CMakeFiles/opencv_perf_gapi.dir/perf/common/gapi_video_perf_tests.cpp.o
[2768/3882] Building CXX object modules/gapi/CMakeFiles/opencv_test_gapi.dir/test/cpu/gapi_ocv_stateful_kernel_tests.cpp.o
[2769/3882] Building CXX object modules/ximgproc/CMakeFiles/opencv_test_ximgproc.dir/test/test_main.cpp.o
[2770/3882] Building CXX object modules/ximgproc/CMakeFiles/opencv_test_ximgproc.dir/test/test_slic.cpp.o
[2771/3882] Linking CXX executable bin/example_ximgproc_edge_drawing_demo
[2772/3882] Linking CXX executable bin/example_ximgproc_fourier_descriptors_demo
[2773/3882] Building CXX object modules/ximgproc/CMakeFiles/example_ximgproc_edgeboxes_demo.dir/samples/edgeboxes_demo.cpp.o
[2774/3882] Building CXX object modules/ximgproc/CMakeFiles/example_ximgproc_color_match_template.dir/samples/color_match_template.cpp.o
[2775/3882] Linking CXX executable bin/example_ximgproc_edgeboxes_demo
[2776/3882] Linking CXX executable bin/example_ximgproc_color_match_template
[2777/3882] Building CXX object modules/ximgproc/CMakeFiles/opencv_test_ximgproc.dir/test/test_deriche_filter.cpp.o
[2778/3882] Building CXX object modules/ximgproc/CMakeFiles/example_ximgproc_disparity_filtering.dir/samples/disparity_filtering.cpp.o
[2779/3882] Building CXX object modules/ximgproc/CMakeFiles/example_ximgproc_deriche_demo.dir/samples/deriche_demo.cpp.o
[2780/3882] Building CXX object modules/ximgproc/CMakeFiles/opencv_test_ximgproc.dir/test/test_disparity_wls_filter.cpp.o
[2781/3882] Building CXX object modules/ximgproc/CMakeFiles/opencv_test_ximgproc.dir/test/test_matchcolortemplate.cpp.o
[2782/3882] Linking CXX executable bin/example_ximgproc_disparity_filtering
[2783/3882] Linking CXX executable bin/example_ximgproc_deriche_demo
[2784/3882] Building CXX object modules/ximgproc/CMakeFiles/opencv_test_ximgproc.dir/test/test_anisodiff.cpp.o
[2785/3882] Building CXX object modules/ximgproc/CMakeFiles/opencv_test_ximgproc.dir/test/test_fgs_filter.cpp.o
[2786/3882] Building CXX object modules/gapi/CMakeFiles/opencv_perf_gapi.dir/perf/gpu/gapi_imgproc_perf_tests_gpu.cpp.o
[2787/3882] Building CXX object modules/ximgproc/CMakeFiles/opencv_test_ximgproc.dir/test/test_thinning.cpp.o
[2788/3882] Building CXX object modules/gapi/CMakeFiles/opencv_test_gapi.dir/test/internal/gapi_int_vectorref_test.cpp.o
[2789/3882] Building CXX object modules/ximgproc/CMakeFiles/opencv_test_ximgproc.dir/test/test_domain_transform.cpp.o
[2790/3882] Building CXX object modules/ximgproc/CMakeFiles/example_ximgproc_edgepreserving_filter_demo.dir/samples/edgepreserving_filter_demo.cpp.o
[2791/3882] Building CXX object modules/ximgproc/CMakeFiles/example_ximgproc_fld_lines.dir/samples/fld_lines.cpp.o
[2792/3882] Linking CXX executable bin/example_ximgproc_edgepreserving_filter_demo
[2793/3882] Building CXX object modules/gapi/CMakeFiles/opencv_perf_gapi.dir/perf/gpu/gapi_core_perf_tests_gpu.cpp.o
[2794/3882] Building CXX object modules/ximgproc/CMakeFiles/opencv_test_ximgproc.dir/test/test_guided_filter.cpp.o
[2795/3882] Building CXX object modules/ximgproc/CMakeFiles/example_ximgproc_peilin.dir/samples/peilin.cpp.o
[2796/3882] Linking CXX executable bin/example_ximgproc_fld_lines
[2797/3882] Building CXX object modules/ximgproc/CMakeFiles/example_ximgproc_brightedgesexample.dir/samples/brightedgesexample.cpp.o
[2798/3882] Linking CXX executable bin/example_ximgproc_peilin
[2799/3882] Building CXX object modules/ximgproc/CMakeFiles/opencv_test_ximgproc.dir/test/test_adaptive_manifold.cpp.o
[2800/3882] Linking CXX executable bin/example_ximgproc_brightedgesexample
[2801/3882] Building CXX object modules/ximgproc/CMakeFiles/opencv_test_ximgproc.dir/test/test_structured_edge_detection.cpp.o
[2802/3882] Building CXX object modules/ximgproc/CMakeFiles/opencv_test_ximgproc.dir/test/test_fld.cpp.o
[2803/3882] Building CXX object modules/ximgproc/CMakeFiles/example_ximgproc_colorize.dir/samples/colorize.cpp.o
[2804/3882] Linking CXX executable bin/example_ximgproc_colorize
[2805/3882] Building CXX object modules/ximgproc/CMakeFiles/example_ximgproc_radon_transform_demo.dir/samples/radon_transform_demo.cpp.o
[2806/3882] Building CXX object modules/ximgproc/CMakeFiles/example_ximgproc_run_length_morphology_demo.dir/samples/run_length_morphology_demo.cpp.o
[2807/3882] Building CXX object modules/ximgproc/CMakeFiles/opencv_test_ximgproc.dir/test/test_edgepreserving_filter.cpp.o
[2808/3882] Building CXX object modules/ximgproc/CMakeFiles/example_ximgproc_fast_hough_transform.dir/samples/fast_hough_transform.cpp.o
[2809/3882] Building CXX object modules/ximgproc/CMakeFiles/example_ximgproc_find_ellipses.dir/samples/find_ellipses.cpp.o
[2810/3882] Building CXX object modules/ximgproc/CMakeFiles/example_ximgproc_live_demo.dir/samples/live_demo.cpp.o
[2811/3882] Linking CXX executable bin/example_ximgproc_radon_transform_demo
[2812/3882] Linking CXX executable bin/example_ximgproc_run_length_morphology_demo
[2813/3882] Linking CXX executable bin/example_ximgproc_find_ellipses
[2814/3882] Building CXX object modules/gapi/CMakeFiles/opencv_test_gapi.dir/test/internal/gapi_int_pattern_matching_test.cpp.o
[2815/3882] Linking CXX executable bin/example_ximgproc_fast_hough_transform
[2816/3882] Linking CXX executable bin/example_ximgproc_live_demo
[2817/3882] Building CXX object modules/gapi/CMakeFiles/opencv_perf_gapi.dir/perf/cpu/gapi_core_perf_tests_fluid.cpp.o
[2818/3882] Building CXX object modules/ximgproc/CMakeFiles/example_ximgproc_niblack_thresholding.dir/samples/niblack_thresholding.cpp.o
[2819/3882] Building CXX object modules/gapi/CMakeFiles/opencv_test_gapi.dir/test/streaming/gapi_streaming_tests.cpp.o
[2820/3882] Building CXX object modules/ximgproc/CMakeFiles/example_ximgproc_paillou_demo.dir/samples/paillou_demo.cpp.o
[2821/3882] Building CXX object modules/ximgproc/CMakeFiles/example_ximgproc_slic.dir/samples/slic.cpp.o
[2822/3882] Linking CXX executable bin/example_ximgproc_niblack_thresholding
[2823/3882] Linking CXX executable bin/example_ximgproc_paillou_demo
[2824/3882] Building CXX object modules/ximgproc/CMakeFiles/example_ximgproc_graphsegmentation_demo.dir/samples/graphsegmentation_demo.cpp.o
[2825/3882] Building CXX object modules/ximgproc/CMakeFiles/opencv_test_ximgproc.dir/test/test_adaptive_manifold_ref_impl.cpp.o
[2826/3882] Building CXX object modules/ximgproc/CMakeFiles/opencv_test_ximgproc.dir/test/test_scansegment.cpp.o
[2827/3882] Linking CXX executable bin/example_ximgproc_slic
[2828/3882] Building CXX object modules/ximgproc/CMakeFiles/example_ximgproc_seeds.dir/samples/seeds.cpp.o
[2829/3882] Building CXX object modules/gapi/CMakeFiles/opencv_perf_gapi.dir/perf/cpu/gapi_imgproc_perf_tests_cpu.cpp.o
[2830/3882] Building CXX object modules/gapi/CMakeFiles/opencv_test_gapi.dir/test/cpu/gapi_imgproc_tests_cpu.cpp.o
[2831/3882] Building CXX object modules/ximgproc/CMakeFiles/opencv_test_ximgproc.dir/test/test_ridge_detection_filter.cpp.o
[2832/3882] Linking CXX executable bin/example_ximgproc_graphsegmentation_demo
[2833/3882] Linking CXX executable bin/example_ximgproc_seeds
[2834/3882] Building CXX object modules/ximgproc/CMakeFiles/opencv_test_ximgproc.dir/test/test_sparse_match_interpolator.cpp.o
[2835/3882] Building CXX object modules/ximgproc/CMakeFiles/opencv_perf_ximgproc.dir/perf/perf_fgs_filter.cpp.o
[2836/3882] Building CXX object modules/ximgproc/CMakeFiles/example_ximgproc_selectivesearchsegmentation_demo.dir/samples/selectivesearchsegmentation_demo.cpp.o
[2837/3882] Building CXX object modules/ximgproc/CMakeFiles/example_ximgproc_structured_edge_detection.dir/samples/structured_edge_detection.cpp.o
[2838/3882] Linking CXX executable bin/example_ximgproc_selectivesearchsegmentation_demo
[2839/3882] Building CXX object modules/ximgproc/CMakeFiles/example_ximgproc_filterdemo.dir/samples/filterdemo.cpp.o
[2840/3882] Linking CXX executable bin/example_ximgproc_structured_edge_detection
[2841/3882] Building CXX object modules/tracking/CMakeFiles/opencv_tracking.dir/src/multiTracker_alt.cpp.o
[2842/3882] Building CXX object modules/gapi/CMakeFiles/opencv_test_gapi.dir/test/render/gapi_render_tests_ocv.cpp.o
[2843/3882] Building CXX object modules/ximgproc/CMakeFiles/opencv_test_ximgproc.dir/test/test_fbs_filter.cpp.o
[2844/3882] Building CXX object modules/gapi/CMakeFiles/opencv_perf_gapi.dir/perf/render/gapi_render_perf_tests_ocv.cpp.o
[2845/3882] Linking CXX executable bin/example_ximgproc_filterdemo
[2846/3882] Building CXX object modules/gapi/CMakeFiles/opencv_perf_gapi.dir/perf/common/gapi_imgproc_perf_tests.cpp.o
[2847/3882] Building CXX object modules/gapi/CMakeFiles/opencv_test_gapi.dir/test/common/gapi_core_tests.cpp.o
[2848/3882] Building CXX object modules/ximgproc/CMakeFiles/opencv_perf_ximgproc.dir/perf/perf_main.cpp.o
[2849/3882] Building CXX object modules/ximgproc/CMakeFiles/opencv_perf_ximgproc.dir/perf/perf_l0_smooth.cpp.o
[2850/3882] Building CXX object modules/ximgproc/CMakeFiles/opencv_test_ximgproc.dir/test/test_radon_transform.cpp.o
[2851/3882] Building CXX object modules/ximgproc/CMakeFiles/opencv_test_ximgproc.dir/test/test_l0_smooth.cpp.o
[2852/3882] Building CXX object modules/ximgproc/CMakeFiles/opencv_test_ximgproc.dir/test/test_run_length_morphology.cpp.o
[2853/3882] Building CXX object modules/tracking/CMakeFiles/opencv_tracking.dir/src/gtrUtils.cpp.o
[2854/3882] Building CXX object modules/tracking/CMakeFiles/opencv_tracking.dir/src/feature.cpp.o
[2855/3882] Building CXX object modules/gapi/CMakeFiles/example_gapi_onevpl_source_to_bgr_conv.dir/samples/onevpl_source_to_bgr_conv.cpp.o
[2856/3882] Building CXX object modules/ximgproc/CMakeFiles/opencv_perf_ximgproc.dir/perf/perf_domain_transform.cpp.o
[2857/3882] Building CXX object modules/ximgproc/CMakeFiles/opencv_perf_ximgproc.dir/perf/perf_edgepreserving_filter.cpp.o
[2858/3882] Building CXX object modules/ximgproc/CMakeFiles/opencv_test_ximgproc.dir/test/test_weighted_median_filter.cpp.o
[2859/3882] Building CXX object modules/gapi/CMakeFiles/opencv_perf_gapi.dir/perf/common/gapi_core_perf_tests.cpp.o
[2860/3882] Building CXX object modules/ximgproc/CMakeFiles/opencv_perf_ximgproc.dir/perf/perf_adaptive_manifold.cpp.o
[2861/3882] Building CXX object modules/ximgproc/CMakeFiles/example_ximgproc_thinning.dir/samples/thinning.cpp.o
[2862/3882] Building CXX object modules/ximgproc/CMakeFiles/opencv_perf_ximgproc.dir/perf/perf_joint_bilateral_filter.cpp.o
[2863/3882] Building CXX object modules/ximgproc/CMakeFiles/opencv_test_ximgproc.dir/test/test_rolling_guidance_filter.cpp.o
[2864/3882] Building CXX object modules/ximgproc/CMakeFiles/opencv_test_ximgproc.dir/test/test_joint_bilateral_filter.cpp.o
[2865/3882] Building CXX object modules/tracking/CMakeFiles/opencv_tracking.dir/src/mosseTracker.cpp.o
[2866/3882] Linking CXX executable bin/example_ximgproc_thinning
[2867/3882] Building CXX object modules/tracking/CMakeFiles/opencv_tracking.dir/src/tldDataset.cpp.o
[2868/3882] Building CXX object modules/tracking/CMakeFiles/opencv_tracking.dir/src/tldUtils.cpp.o
[2869/3882] Building CXX object modules/gapi/CMakeFiles/example_gapi_slides_sobel_cv.dir/samples/slides_sobel_cv.cpp.o
[2870/3882] Building CXX object modules/ximgproc/CMakeFiles/opencv_perf_ximgproc.dir/perf/perf_bilateral_texture_filter.cpp.o
[2871/3882] Building CXX object modules/stereo/CMakeFiles/example_stereo_dense_disparity.dir/samples/dense_disparity.cpp.o
[2872/3882] Building CXX object modules/tracking/CMakeFiles/opencv_tracking.dir/src/tldEnsembleClassifier.cpp.o
[2873/3882] Building CXX object modules/tracking/CMakeFiles/opencv_tracking.dir/src/tracking_utils.cpp.o
[2874/3882] Building CXX object modules/tracking/CMakeFiles/opencv_tracking.dir/src/trackerBoostingModel.cpp.o
[2875/3882] Building CXX object modules/tracking/CMakeFiles/opencv_tracking.dir/src/featureColorName.cpp.o
[2876/3882] Building CXX object modules/gapi/CMakeFiles/example_gapi_privacy_masking_camera.dir/samples/privacy_masking_camera.cpp.o
[2877/3882] Building CXX object modules/ximgproc/CMakeFiles/opencv_perf_ximgproc.dir/perf/perf_weighted_median_filter.cpp.o
[2878/3882] Building CXX object modules/tracking/CMakeFiles/opencv_tracking.dir/src/kuhn_munkres.cpp.o
[2879/3882] Building CXX object modules/tracking/CMakeFiles/opencv_tracking.dir/src/tldDetector.cpp.o
[2880/3882] Building CXX object modules/tracking/CMakeFiles/opencv_tracking.dir/src/twist.cpp.o
[2881/3882] Building CXX object modules/ximgproc/CMakeFiles/opencv_perf_ximgproc.dir/perf/perf_fast_hough_transform.cpp.o
[2882/3882] Building CXX object modules/gapi/CMakeFiles/example_gapi_slides_sobel_gapi.dir/samples/slides_sobel_gapi.cpp.o
[2883/3882] Building CXX object modules/ximgproc/CMakeFiles/opencv_perf_ximgproc.dir/perf/perf_radon_transform.cpp.o
[2884/3882] Building CXX object modules/tracking/CMakeFiles/opencv_tracking.dir/src/trackerBoosting.cpp.o
[2885/3882] Building CXX object modules/tracking/CMakeFiles/opencv_tracking.dir/src/tracker.cpp.o
[2886/3882] Building CXX object modules/ximgproc/CMakeFiles/opencv_perf_ximgproc.dir/perf/perf_guided_filter.cpp.o
[2887/3882] Building CXX object modules/ximgproc/CMakeFiles/opencv_perf_ximgproc.dir/perf/perf_rolling_guidance_filter.cpp.o
[2888/3882] Building CXX object modules/ximgproc/CMakeFiles/opencv_perf_ximgproc.dir/perf/perf_thining.cpp.o
[2889/3882] Building CXX object modules/ximgproc/CMakeFiles/opencv_perf_ximgproc.dir/perf/perf_find_ellipses.cpp.o
[2890/3882] Building CXX object modules/tracking/CMakeFiles/opencv_tracking.dir/src/trackerCSRTSegmentation.cpp.o
[2891/3882] Building CXX object modules/tracking/CMakeFiles/opencv_tracking.dir/src/trackerStateEstimator.cpp.o
[2892/3882] Building CXX object modules/ximgproc/CMakeFiles/opencv_perf_ximgproc.dir/perf/perf_disparity_wls_filter.cpp.o
[2893/3882] Building CXX object modules/tracking/CMakeFiles/opencv_tracking.dir/src/onlineBoosting.cpp.o
[2894/3882] Building CXX object samples/tapi/CMakeFiles/example_tapi_squares.dir/squares.cpp.o
[2895/3882] Building CXX object modules/tracking/CMakeFiles/opencv_tracking.dir/src/augmented_unscented_kalman.cpp.o
[2896/3882] Building CXX object modules/tracking/CMakeFiles/opencv_tracking.dir/src/trackerFeatureSet.cpp.o
[2897/3882] Building CXX object modules/tracking/CMakeFiles/example_tracking_multiTracker_dataset.dir/samples/multiTracker_dataset.cpp.o
[2898/3882] Linking CXX executable bin/example_tapi_squares
[2899/3882] Building CXX object modules/tracking/CMakeFiles/opencv_tracking.dir/opencl_kernels_tracking.cpp.o
[2900/3882] Building CXX object modules/tracking/CMakeFiles/example_tracking_goturnTracker.dir/samples/goturnTracker.cpp.o
[2901/3882] Building CXX object modules/tracking/CMakeFiles/opencv_tracking.dir/src/unscented_kalman.cpp.o
[2902/3882] Building CXX object modules/tracking/CMakeFiles/opencv_tracking.dir/src/trackerSamplerAlgorithm.cpp.o
[2903/3882] Building CXX object samples/dnn/CMakeFiles/example_dnn_human_parsing.dir/human_parsing.cpp.o
[2904/3882] Linking CXX executable bin/example_dnn_human_parsing
[2905/3882] Building CXX object samples/dnn/CMakeFiles/example_dnn_vit_tracker.dir/vit_tracker.cpp.o
[2906/3882] Building CXX object modules/tracking/CMakeFiles/example_tracking_benchmark.dir/samples/benchmark.cpp.o
[2907/3882] Building CXX object modules/tracking/CMakeFiles/opencv_tracking.dir/src/tldModel.cpp.o
[2908/3882] Building CXX object modules/ximgproc/CMakeFiles/opencv_perf_ximgproc.dir/perf/perf_run_length_morphology.cpp.o
[2909/3882] Building CXX object modules/tracking/CMakeFiles/example_tracking_tutorial_introduction_to_tracker.dir/samples/tutorial_introduction_to_tracker.cpp.o
[2910/3882] Building CXX object samples/dnn/CMakeFiles/example_dnn_colorization.dir/colorization.cpp.o
[2911/3882] Building CXX object samples/dnn/CMakeFiles/example_dnn_scene_text_spotting.dir/scene_text_spotting.cpp.o
[2912/3882] Building CXX object samples/dnn/CMakeFiles/example_dnn_classification.dir/classification.cpp.o
[2913/3882] Linking CXX executable bin/example_dnn_vit_tracker
[2914/3882] Building CXX object modules/tracking/CMakeFiles/example_tracking_tracker.dir/samples/tracker.cpp.o
[2915/3882] Linking CXX executable bin/example_dnn_colorization
[2916/3882] Building CXX object modules/gapi/CMakeFiles/example_gapi_onevpl_infer_with_advanced_device_selection.dir/samples/onevpl_infer_with_advanced_device_selection.cpp.o
[2917/3882] Building CXX object modules/ximgproc/CMakeFiles/opencv_perf_ximgproc.dir/perf/perf_ridge_detection_filter.cpp.o
[2918/3882] Building CXX object modules/gapi/CMakeFiles/example_gapi_slides_blur_gapi.dir/samples/slides_blur_gapi.cpp.o
[2919/3882] Linking CXX executable bin/example_dnn_classification
[2920/3882] Building CXX object modules/gapi/CMakeFiles/example_gapi_semantic_segmentation.dir/samples/semantic_segmentation.cpp.o
[2921/3882] Building CXX object samples/dnn/CMakeFiles/example_dnn_speech_recognition.dir/speech_recognition.cpp.o
[2922/3882] Building CXX object modules/tracking/CMakeFiles/opencv_tracking.dir/src/trackerCSRTScaleEstimation.cpp.o
[2923/3882] Linking CXX executable bin/example_dnn_scene_text_spotting
[2924/3882] Building CXX object modules/tracking/CMakeFiles/opencv_tracking.dir/src/trackerFeature.cpp.o
[2925/3882] Building CXX object modules/tracking/CMakeFiles/example_tracking_multitracker.dir/samples/multitracker.cpp.o
[2926/3882] Building CXX object modules/stereo/CMakeFiles/example_stereo_export_param_file.dir/samples/export_param_file.cpp.o
[2927/3882] Building CXX object modules/tracking/CMakeFiles/example_tracking_tracking_by_matching.dir/samples/tracking_by_matching.cpp.o
[2928/3882] Building CXX object samples/tapi/CMakeFiles/example_tapi_ufacedetect.dir/ufacedetect.cpp.o
[2929/3882] Building CXX object modules/gapi/CMakeFiles/opencv_perf_gapi.dir/perf/cpu/gapi_core_perf_tests_cpu.cpp.o
[2930/3882] Building CXX object modules/stereo/CMakeFiles/opencv_stereo.dir/src/stereo_binary_bm.cpp.o
[2931/3882] Building CXX object samples/dnn/CMakeFiles/example_dnn_segmentation.dir/segmentation.cpp.o
[2932/3882] Building CXX object modules/tracking/CMakeFiles/opencv_tracking.dir/src/multiTracker.cpp.o
[2933/3882] Building CXX object modules/stereo/CMakeFiles/opencv_stereo.dir/src/stereo_binary_sgbm.cpp.o
[2934/3882] Building CXX object modules/tracking/CMakeFiles/opencv_tracking.dir/src/trackerMIL_legacy.cpp.o
[2935/3882] Building CXX object modules/tracking/CMakeFiles/example_tracking_kcf.dir/samples/kcf.cpp.o
[2936/3882] Linking CXX executable bin/example_dnn_speech_recognition
[2937/3882] Linking CXX executable bin/example_tapi_ufacedetect
[2938/3882] Building CXX object samples/dnn/CMakeFiles/example_dnn_scene_text_detection.dir/scene_text_detection.cpp.o
[2939/3882] Building CXX object modules/tracking/CMakeFiles/example_tracking_tracker_dataset.dir/samples/tracker_dataset.cpp.o
[2940/3882] Building CXX object samples/tapi/CMakeFiles/example_tapi_hog.dir/hog.cpp.o
[2941/3882] Building CXX object samples/tapi/CMakeFiles/example_tapi_camshift.dir/camshift.cpp.o
[2942/3882] Building CXX object samples/tapi/CMakeFiles/example_tapi_clahe.dir/clahe.cpp.o
[2943/3882] Building CXX object modules/tracking/CMakeFiles/opencv_tracking.dir/src/trackerSampler.cpp.o
[2944/3882] Linking CXX executable bin/example_dnn_segmentation
[2945/3882] Building CXX object samples/tapi/CMakeFiles/example_tapi_video_acceleration.dir/video_acceleration.cpp.o
[2946/3882] Building CXX object modules/stereo/CMakeFiles/example_stereo_sample.dir/samples/sample.cpp.o
[2947/3882] Linking CXX executable bin/example_dnn_scene_text_detection
[2948/3882] Building CXX object modules/tracking/CMakeFiles/opencv_tracking.dir/src/trackerKCF.cpp.o
[2949/3882] Building CXX object modules/tracking/CMakeFiles/example_tracking_tutorial_multitracker.dir/samples/tutorial_multitracker.cpp.o
[2950/3882] Linking CXX executable bin/example_tapi_video_acceleration
[2951/3882] Linking CXX executable bin/example_tapi_clahe
[2952/3882] Linking CXX executable bin/example_tapi_hog
[2953/3882] Building CXX object samples/tapi/CMakeFiles/example_tapi_opencl_custom_kernel.dir/opencl_custom_kernel.cpp.o
[2954/3882] Building CXX object samples/dnn/CMakeFiles/example_dnn_scene_text_recognition.dir/scene_text_recognition.cpp.o
[2955/3882] Linking CXX executable bin/example_tapi_camshift
[2956/3882] Building CXX object modules/tracking/CMakeFiles/example_tracking_csrt.dir/samples/csrt.cpp.o
[2957/3882] Building CXX object samples/dnn/CMakeFiles/example_dnn_nanotrack_tracker.dir/nanotrack_tracker.cpp.o
[2958/3882] Building CXX object modules/tracking/CMakeFiles/opencv_tracking.dir/src/trackerCSRTUtils.cpp.o
[2959/3882] Building CXX object modules/tracking/CMakeFiles/opencv_test_tracking.dir/test/test_aukf.cpp.o
[2960/3882] Linking CXX executable bin/example_tapi_opencl_custom_kernel
[2961/3882] Building CXX object modules/tracking/CMakeFiles/opencv_tracking.dir/src/trackerMedianFlow.cpp.o
[2962/3882] Linking CXX executable bin/example_dnn_scene_text_recognition
[2963/3882] Building CXX object samples/dnn/CMakeFiles/example_dnn_text_detection.dir/text_detection.cpp.o
[2964/3882] Building CXX object modules/tracking/CMakeFiles/opencv_tracking.dir/src/tldTracker.cpp.o
[2965/3882] Building CXX object samples/tapi/CMakeFiles/example_tapi_bgfg_segm.dir/bgfg_segm.cpp.o
[2966/3882] Building CXX object modules/optflow/CMakeFiles/opencv_optflow.dir/src/interfaces.cpp.o
[2967/3882] Building CXX object modules/tracking/CMakeFiles/example_tracking_tutorial_customizing_cn_tracker.dir/samples/tutorial_customizing_cn_tracker.cpp.o
[2968/3882] Building CXX object modules/tracking/CMakeFiles/opencv_tracking.dir/src/trackerCSRT.cpp.o
[2969/3882] Linking CXX executable bin/example_dnn_nanotrack_tracker
[2970/3882] Building CXX object samples/dnn/CMakeFiles/example_dnn_face_detect.dir/face_detect.cpp.o
[2971/3882] Building CXX object samples/dnn/CMakeFiles/example_dnn_yolo_detector.dir/yolo_detector.cpp.o
[2972/3882] Building CXX object samples/dnn/CMakeFiles/example_dnn_openpose.dir/openpose.cpp.o
[2973/3882] Building CXX object modules/gapi/CMakeFiles/example_gapi_text_detection.dir/samples/text_detection.cpp.o
[2974/3882] Building CXX object modules/optflow/CMakeFiles/opencv_optflow.dir/src/motempl.cpp.o
[2975/3882] Building CXX object modules/stereo/CMakeFiles/opencv_stereo.dir/src/descriptor.cpp.o
[2976/3882] Linking CXX executable bin/example_dnn_text_detection
[2977/3882] Linking CXX executable bin/example_tapi_bgfg_segm
[2978/3882] Building CXX object samples/tapi/CMakeFiles/example_tapi_pyrlk_optical_flow.dir/pyrlk_optical_flow.cpp.o
[2979/3882] Linking CXX executable bin/example_dnn_face_detect
[2980/3882] Linking CXX executable bin/example_dnn_openpose
[2981/3882] Linking CXX executable bin/example_dnn_yolo_detector
[2982/3882] Building CXX object samples/tapi/CMakeFiles/example_tapi_dense_optical_flow.dir/dense_optical_flow.cpp.o
[2983/3882] Building CXX object modules/tracking/CMakeFiles/opencv_test_tracking.dir/test/test_twist.cpp.o
[2984/3882] Building CXX object modules/tracking/CMakeFiles/opencv_perf_tracking.dir/perf/perf_main.cpp.o
[2985/3882] Building CXX object modules/tracking/CMakeFiles/opencv_test_tracking.dir/test/test_main.cpp.o
[2986/3882] Building CXX object modules/optflow/CMakeFiles/example_optflow_pcaflow_demo.dir/samples/pcaflow_demo.cpp.o
[2987/3882] Linking CXX executable bin/example_tapi_pyrlk_optical_flow
[2988/3882] Building CXX object modules/stereo/CMakeFiles/opencv_test_stereo.dir/test/test_main.cpp.o
[2989/3882] Building CXX object modules/stereo/CMakeFiles/opencv_test_stereo.dir/test/test_qds_matching.cpp.o
[2990/3882] Building CXX object modules/stereo/CMakeFiles/opencv_stereo.dir/src/quasi_dense_stereo.cpp.o
[2991/3882] Building CXX object samples/dnn/CMakeFiles/example_dnn_object_detection.dir/object_detection.cpp.o
[2992/3882] Linking CXX executable bin/example_tapi_dense_optical_flow
[2993/3882] Building CXX object samples/dnn/CMakeFiles/example_dnn_dasiamrpn_tracker.dir/dasiamrpn_tracker.cpp.o
[2994/3882] Building CXX object modules/optflow/CMakeFiles/opencv_optflow.dir/src/simpleflow.cpp.o
[2995/3882] Building CXX object modules/optflow/CMakeFiles/example_optflow_gpc_train.dir/samples/gpc_train.cpp.o
[2996/3882] Building CXX object modules/optflow/CMakeFiles/example_optflow_simpleflow_demo.dir/samples/simpleflow_demo.cpp.o
[2997/3882] Building CXX object modules/optflow/CMakeFiles/opencv_optflow.dir/opencl_kernels_optflow.cpp.o
[2998/3882] Linking CXX executable bin/example_dnn_object_detection
[2999/3882] Building CXX object modules/stereo/CMakeFiles/opencv_perf_stereo.dir/perf/perf_main.cpp.o
[3000/3882] Building CXX object modules/optflow/CMakeFiles/opencv_perf_optflow.dir/perf/perf_main.cpp.o
[3001/3882] Building CXX object modules/optflow/CMakeFiles/example_optflow_motempl.dir/samples/motempl.cpp.o
[3002/3882] Building CXX object modules/optflow/CMakeFiles/example_optflow_gpc_evaluate.dir/samples/gpc_evaluate.cpp.o
[3003/3882] Linking CXX executable bin/example_dnn_dasiamrpn_tracker
[3004/3882] Building CXX object samples/dnn/CMakeFiles/example_dnn_person_reid.dir/person_reid.cpp.o
[3005/3882] Building CXX object modules/tracking/CMakeFiles/opencv_test_tracking.dir/test/test_ukf.cpp.o
[3006/3882] Building CXX object modules/optflow/CMakeFiles/opencv_optflow.dir/src/sparsetodenseflow.cpp.o
[3007/3882] Building CXX object modules/tracking/CMakeFiles/opencv_perf_tracking.dir/perf/perf_trackers.cpp.o
[3008/3882] Building CXX object modules/stereo/CMakeFiles/opencv_test_stereo.dir/test/test_block_matching.cpp.o
[3009/3882] Linking CXX executable bin/example_dnn_person_reid
[3010/3882] Building CXX object modules/optflow/CMakeFiles/opencv_optflow.dir/src/rlof/geo_interpolation.cpp.o
[3011/3882] Building CXX object modules/optflow/CMakeFiles/opencv_optflow.dir/src/pcaflow.cpp.o
[3012/3882] Building CXX object modules/stereo/CMakeFiles/opencv_test_stereo.dir/test/test_descriptors.cpp.o
[3013/3882] Building CXX object modules/tracking/CMakeFiles/opencv_tracking.dir/src/tracking_by_matching.cpp.o
[3014/3882] Building CXX object modules/tracking/CMakeFiles/opencv_test_tracking.dir/test/test_trackerParametersIO.cpp.o
[3015/3882] Building CXX object modules/optflow/CMakeFiles/opencv_test_optflow.dir/test/ocl/test_motempl.cpp.o
[3016/3882] Building CXX object modules/optflow/CMakeFiles/example_optflow_optical_flow_evaluation.dir/samples/optical_flow_evaluation.cpp.o
[3017/3882] Building CXX object modules/optflow/CMakeFiles/example_optflow_tvl1_optical_flow.dir/samples/tvl1_optical_flow.cpp.o
[3018/3882] Building CXX object modules/optflow/CMakeFiles/opencv_test_optflow.dir/test/test_motiontemplates.cpp.o
[3019/3882] Building CXX object modules/optflow/CMakeFiles/opencv_optflow.dir/src/tvl1flow.cpp.o
[3020/3882] Building CXX object modules/optflow/CMakeFiles/opencv_optflow.dir/src/deepflow.cpp.o
[3021/3882] Building CXX object modules/optflow/CMakeFiles/opencv_optflow.dir/src/sparse_matching_gpc.cpp.o
[3022/3882] Building CXX object modules/optflow/CMakeFiles/opencv_test_optflow.dir/test/ocl/test_optflow_tvl1flow.cpp.o
[3023/3882] Building CXX object modules/optflow/CMakeFiles/opencv_test_optflow.dir/test/test_main.cpp.o
[3024/3882] Building CXX object modules/gapi/CMakeFiles/example_gapi_pipeline_modeling_tool.dir/samples/pipeline_modeling_tool.cpp.o
[3025/3882] Building CXX object modules/optflow/CMakeFiles/opencv_test_optflow.dir/test/test_tvl1optflow.cpp.o
[3026/3882] Building CXX object modules/optflow/CMakeFiles/opencv_optflow.dir/src/rlofflow.cpp.o
[3027/3882] Building CXX object modules/optflow/CMakeFiles/opencv_perf_optflow.dir/perf/opencl/perf_optflow_dualTVL1.cpp.o
[3028/3882] Linking CXX shared library lib/libopencv_gapi.so.4.14.0
[3029/3882] Creating library symlink lib/libopencv_gapi.so.414 lib/libopencv_gapi.so
[3030/3882] Building CXX object modules/optflow/CMakeFiles/opencv_perf_optflow.dir/perf/perf_tvl1optflow.cpp.o
[3031/3882] Building NVCC (Device) object modules/photo/CMakeFiles/cuda_compile_1.dir/src/cuda/cuda_compile_1_generated_nlm.cu.o
[3032/3882] Building CXX object modules/optflow/CMakeFiles/opencv_perf_optflow.dir/perf/perf_deepflow.cpp.o
[3033/3882] Linking CXX executable bin/example_gapi_slides_sobel_cv
[3034/3882] Linking CXX executable bin/example_gapi_api_example
[3035/3882] Linking CXX executable bin/example_gapi_slides_sobel_gapi
[3036/3882] Building CXX object modules/optflow/CMakeFiles/opencv_optflow.dir/src/rlof/rlof_localflow.cpp.o
[3037/3882] Linking CXX executable bin/example_gapi_slides_blur_gapi
[3038/3882] Linking CXX executable bin/example_gapi_draw_example
[3039/3882] Linking CXX executable bin/example_gapi_oak_small_hetero_pipeline
[3040/3882] Linking CXX executable bin/example_gapi_oak_copy
[3041/3882] Linking CXX executable bin/example_gapi_oak_rgb_camera_encoding
[3042/3882] Building CXX object modules/optflow/CMakeFiles/opencv_test_optflow.dir/test/test_OF_accuracy.cpp.o
[3043/3882] Linking CXX executable bin/example_gapi_onevpl_source_to_bgr_conv
[3044/3882] Building CXX object modules/stereo/CMakeFiles/opencv_perf_stereo.dir/perf/perf_bm.cpp.o
[3045/3882] Building CXX object modules/stereo/CMakeFiles/opencv_perf_stereo.dir/perf/perf_descriptor.cpp.o
[3046/3882] Building CXX object modules/optflow/CMakeFiles/opencv_perf_optflow.dir/perf/perf_rlof.cpp.o
[3047/3882] Linking CXX executable bin/example_gapi_oak_basic_infer
[3048/3882] Linking CXX executable bin/example_gapi_semantic_segmentation
[3049/3882] Linking CXX executable bin/example_gapi_infer_ssd_onnx
[3050/3882] Linking CXX executable bin/example_gapi_gaze_estimation
[3051/3882] Linking CXX executable bin/example_gapi_privacy_masking_camera
[3052/3882] Linking CXX executable bin/example_gapi_text_detection
[3053/3882] Linking CXX shared library lib/libopencv_optflow.so.4.14.0
[3054/3882] Building CXX object modules/tracking/CMakeFiles/opencv_test_tracking.dir/test/test_trackers.cpp.o
[3055/3882] Creating library symlink lib/libopencv_optflow.so.414 lib/libopencv_optflow.so
[3056/3882] Linking CXX executable bin/example_gapi_infer_single_roi
[3057/3882] Linking CXX executable bin/example_optflow_simpleflow_demo
[3058/3882] Linking CXX executable bin/example_optflow_motempl
[3059/3882] Linking CXX executable bin/example_optflow_tvl1_optical_flow
[3060/3882] Linking CXX executable bin/example_optflow_pcaflow_demo
[3061/3882] Linking CXX executable bin/example_optflow_gpc_train
[3062/3882] Linking CXX executable bin/example_optflow_gpc_evaluate
[3063/3882] Linking CXX executable bin/example_optflow_optical_flow_evaluation
[3064/3882] Linking CXX executable bin/example_gapi_onevpl_infer_with_advanced_device_selection
[3065/3882] Linking CXX executable bin/example_gapi_face_detection_mtcnn
[3066/3882] Linking CXX executable bin/example_gapi_infer_ie_onnx_hybrid
[3067/3882] Linking CXX shared library lib/libopencv_tracking.so.4.14.0
[3068/3882] Linking CXX executable bin/example_gapi_pipeline_modeling_tool
[3069/3882] Creating library symlink lib/libopencv_tracking.so.414 lib/libopencv_tracking.so
[3070/3882] Linking CXX executable bin/example_tracking_kcf
[3071/3882] Linking CXX executable bin/example_tracking_tracker_dataset
[3072/3882] Linking CXX executable bin/example_tracking_tutorial_multitracker
[3073/3882] Linking CXX executable bin/example_tracking_goturnTracker
[3074/3882] Linking CXX executable bin/example_tracking_tutorial_introduction_to_tracker
[3075/3882] Linking CXX executable bin/example_tracking_tracker
[3076/3882] Linking CXX executable bin/example_tracking_multiTracker_dataset
[3077/3882] Linking CXX executable bin/example_tracking_tutorial_customizing_cn_tracker
[3078/3882] Linking CXX executable bin/example_tracking_multitracker
[3079/3882] Linking CXX executable bin/example_tracking_csrt
[3080/3882] Linking CXX executable bin/example_tracking_benchmark
[3081/3882] Linking CXX executable bin/opencv_perf_ximgproc
[3082/3882] Linking CXX executable bin/example_tracking_tracking_by_matching
[3083/3882] Building NVCC (Device) object modules/cudalegacy/CMakeFiles/cuda_compile_1.dir/src/cuda/cuda_compile_1_generated_NCVPyramid.cu.o
[3084/3882] Linking CXX shared library lib/libopencv_stereo.so.4.14.0
[3085/3882] Creating library symlink lib/libopencv_stereo.so.414 lib/libopencv_stereo.so
[3086/3882] Linking CXX executable bin/example_stereo_sample
[3087/3882] Linking CXX executable bin/example_stereo_dense_disparity
[3088/3882] Linking CXX executable bin/example_stereo_export_param_file
[3089/3882] Linking CXX executable bin/opencv_test_optflow
[3090/3882] Linking CXX executable bin/opencv_perf_optflow
[3091/3882] Building NVCC (Device) object modules/cudalegacy/CMakeFiles/cuda_compile_1.dir/src/cuda/cuda_compile_1_generated_gmg.cu.o
[3092/3882] Linking CXX executable bin/opencv_test_ximgproc
[3093/3882] Building NVCC (Device) object modules/cudalegacy/CMakeFiles/cuda_compile_1.dir/src/cuda/cuda_compile_1_generated_bm_fast.cu.o
[3094/3882] Linking CXX executable bin/opencv_perf_tracking
[3095/3882] Building NVCC (Device) object modules/cudabgsegm/CMakeFiles/cuda_compile_1.dir/src/cuda/cuda_compile_1_generated_mog2.cu.o
[3096/3882] Building NVCC (Device) object modules/cudalegacy/CMakeFiles/cuda_compile_1.dir/src/cuda/cuda_compile_1_generated_NCVBroxOpticalFlow.cu.o
[3097/3882] Linking CXX executable bin/opencv_test_stereo
[3098/3882] Building NVCC (Device) object modules/cudalegacy/CMakeFiles/cuda_compile_1.dir/src/cuda/cuda_compile_1_generated_NCV.cu.o
[3099/3882] Linking CXX executable bin/opencv_perf_stereo
[3100/3882] Building NVCC (Device) object modules/cudabgsegm/CMakeFiles/cuda_compile_1.dir/src/cuda/cuda_compile_1_generated_mog.cu.o
[3101/3882] Building NVCC (Device) object modules/cudalegacy/CMakeFiles/cuda_compile_1.dir/src/cuda/cuda_compile_1_generated_needle_map.cu.o
[3102/3882] Building NVCC (Device) object modules/cudalegacy/CMakeFiles/cuda_compile_1.dir/src/cuda/cuda_compile_1_generated_bm.cu.o
[3103/3882] Building NVCC (Device) object modules/cudalegacy/CMakeFiles/cuda_compile_1.dir/src/cuda/cuda_compile_1_generated_ccomponetns.cu.o
[3104/3882] Building CXX object modules/photo/CMakeFiles/opencv_photo.dir/src/merge.cpp.o
[3105/3882] Linking CXX executable bin/opencv_test_tracking
[3106/3882] Building CXX object modules/face/CMakeFiles/opencv_face.dir/src/predict_collector.cpp.o
[3107/3882] Building CXX object modules/xphoto/CMakeFiles/opencv_xphoto.dir/src/oilpainting.cpp.o
[3108/3882] Building CXX object modules/photo/CMakeFiles/opencv_photo.dir/src/seamless_cloning.cpp.o
[3109/3882] Building NVCC (Device) object modules/cudalegacy/CMakeFiles/cuda_compile_1.dir/src/cuda/cuda_compile_1_generated_calib3d.cu.o
[3110/3882] Building CXX object modules/face/CMakeFiles/example_face_facerec_save_load.dir/samples/facerec_save_load.cpp.o
[3111/3882] Building CXX object modules/photo/CMakeFiles/opencv_photo.dir/src/calibrate.cpp.o
[3112/3882] Building NVCC (Device) object modules/cudalegacy/CMakeFiles/cuda_compile_1.dir/src/cuda/cuda_compile_1_generated_fgd.cu.o
[3113/3882] Building CXX object modules/photo/CMakeFiles/opencv_photo.dir/opencl_kernels_photo.cpp.o
[3114/3882] Building CXX object modules/photo/CMakeFiles/opencv_photo.dir/src/denoising.cuda.cpp.o
[3115/3882] Building CXX object modules/xphoto/CMakeFiles/example_xphoto_dct_image_denoising.dir/samples/dct_image_denoising.cpp.o
[3116/3882] Building CXX object modules/face/CMakeFiles/example_face_facemark_lbf_fitting.dir/samples/facemark_lbf_fitting.cpp.o
[3117/3882] Building CXX object modules/face/CMakeFiles/opencv_face.dir/src/bif.cpp.o
[3118/3882] Building CXX object modules/photo/CMakeFiles/opencv_photo.dir/src/contrast_preserve.cpp.o
[3119/3882] Building CXX object modules/face/CMakeFiles/example_face_sampleDetectLandmarks.dir/samples/sampleDetectLandmarks.cpp.o
[3120/3882] Building CXX object modules/xphoto/CMakeFiles/opencv_xphoto.dir/src/learning_based_color_balance.cpp.o
[3121/3882] Building CXX object modules/face/CMakeFiles/example_face_mace_webcam.dir/samples/mace_webcam.cpp.o
[3122/3882] Building CXX object modules/photo/CMakeFiles/opencv_photo.dir/src/denoise_tvl1.cpp.o
[3123/3882] Building CXX object modules/xphoto/CMakeFiles/opencv_xphoto.dir/src/tonemap.cpp.o
[3124/3882] Building CXX object modules/xphoto/CMakeFiles/opencv_xphoto.dir/src/simple_color_balance.cpp.o
[3125/3882] Building CXX object modules/face/CMakeFiles/example_face_sampleDetectLandmarksvideo.dir/samples/sampleDetectLandmarksvideo.cpp.o
[3126/3882] Building CXX object modules/photo/CMakeFiles/opencv_photo.dir/src/align.cpp.o
[3127/3882] Building CXX object modules/xphoto/CMakeFiles/example_xphoto_bm3d_image_denoising.dir/samples/bm3d_image_denoising.cpp.o
[3128/3882] Building CXX object modules/xphoto/CMakeFiles/example_xphoto_oil.dir/samples/oil.cpp.o
[3129/3882] Building CXX object modules/face/CMakeFiles/example_face_facerec_fisherfaces.dir/samples/facerec_fisherfaces.cpp.o
[3130/3882] Building CXX object modules/photo/CMakeFiles/opencv_photo.dir/src/hdr_common.cpp.o
[3131/3882] Building CXX object modules/face/CMakeFiles/example_face_samplewriteconfigfile.dir/samples/samplewriteconfigfile.cpp.o
[3132/3882] Building CXX object modules/xphoto/CMakeFiles/opencv_test_xphoto.dir/test/test_denoise_bm3d.cpp.o
[3133/3882] Building CXX object modules/photo/CMakeFiles/opencv_photo.dir/src/seamless_cloning_impl.cpp.o
[3134/3882] Building CXX object modules/face/CMakeFiles/opencv_face.dir/src/mace.cpp.o
[3135/3882] Building CXX object modules/face/CMakeFiles/opencv_face.dir/src/facerec.cpp.o
[3136/3882] Building CXX object modules/face/CMakeFiles/example_face_sample_train_landmark_detector2.dir/samples/sample_train_landmark_detector2.cpp.o
[3137/3882] Building CXX object modules/face/CMakeFiles/opencv_face.dir/src/regtree.cpp.o
[3138/3882] Building CXX object modules/face/CMakeFiles/example_face_facerec_eigenfaces.dir/samples/facerec_eigenfaces.cpp.o
[3139/3882] Building CXX object modules/face/CMakeFiles/opencv_face.dir/src/face_basic.cpp.o
[3140/3882] Building CXX object modules/face/CMakeFiles/opencv_face.dir/src/fisher_faces.cpp.o
[3141/3882] Building CXX object modules/xphoto/CMakeFiles/opencv_xphoto.dir/src/grayworld_white_balance.cpp.o
[3142/3882] Building CXX object modules/xphoto/CMakeFiles/opencv_xphoto.dir/src/bm3d_image_denoising.cpp.o
[3143/3882] Building CXX object modules/face/CMakeFiles/example_face_sample_train_landmark_detector.dir/samples/sample_train_landmark_detector.cpp.o
[3144/3882] Building CXX object modules/face/CMakeFiles/opencv_face.dir/src/lbph_faces.cpp.o
[3145/3882] Building CXX object modules/face/CMakeFiles/opencv_face.dir/src/trainFacemark.cpp.o
[3146/3882] Building CXX object modules/face/CMakeFiles/example_face_sample_face_swapping.dir/samples/sample_face_swapping.cpp.o
[3147/3882] Building CXX object modules/face/CMakeFiles/example_face_facemark_demo_lbf.dir/samples/facemark_demo_lbf.cpp.o
[3148/3882] Building CXX object modules/face/CMakeFiles/example_face_facemark_demo_aam.dir/samples/facemark_demo_aam.cpp.o
[3149/3882] Building CXX object modules/face/CMakeFiles/example_face_facerec_lbph.dir/samples/facerec_lbph.cpp.o
[3150/3882] Building NVCC (Device) object modules/cudalegacy/CMakeFiles/cuda_compile_1.dir/src/cuda/cuda_compile_1_generated_NPP_staging.cu.o
[3151/3882] Building CXX object modules/xphoto/CMakeFiles/opencv_test_xphoto.dir/test/test_hdr.cpp.o
[3152/3882] Building CXX object modules/photo/CMakeFiles/opencv_test_photo.dir/test/test_main.cpp.o
[3153/3882] Building CXX object modules/xphoto/CMakeFiles/opencv_xphoto.dir/src/dct_image_denoising.cpp.o
[3154/3882] Building CXX object modules/photo/CMakeFiles/opencv_photo.dir/src/tonemap.cpp.o
[3155/3882] Building CXX object modules/xphoto/CMakeFiles/example_xphoto_color_balance.dir/samples/color_balance.cpp.o
[3156/3882] Building CXX object modules/face/CMakeFiles/example_face_facerec_demo.dir/samples/facerec_demo.cpp.o
[3157/3882] Building CXX object modules/photo/CMakeFiles/opencv_photo.dir/src/npr.cpp.o
[3158/3882] Building CXX object modules/face/CMakeFiles/example_face_facerec_video.dir/samples/facerec_video.cpp.o
[3159/3882] Building CXX object modules/xphoto/CMakeFiles/opencv_test_xphoto.dir/test/dct_image_denoising.cpp.o
[3160/3882] Building CXX object modules/face/CMakeFiles/opencv_face.dir/src/eigen_faces.cpp.o
[3161/3882] Building NVCC (Device) object modules/cudalegacy/CMakeFiles/cuda_compile_1.dir/src/cuda/cuda_compile_1_generated_NCVHaarObjectDetection.cu.o
[3162/3882] Building CXX object modules/photo/CMakeFiles/opencv_photo.dir/src/inpaint.cpp.o
[3163/3882] Building CXX object modules/photo/CMakeFiles/opencv_perf_photo.dir/perf/opencl/perf_denoising.cpp.o
[3164/3882] Building CXX object modules/xphoto/CMakeFiles/example_xphoto_inpainting.dir/samples/inpainting.cpp.o
[3165/3882] Building CXX object modules/xphoto/CMakeFiles/opencv_test_xphoto.dir/test/test_learning_based_color_balance.cpp.o
[3166/3882] Building CXX object modules/xphoto/CMakeFiles/opencv_perf_xphoto.dir/perf/perf_main.cpp.o
[3167/3882] Building CXX object modules/xphoto/CMakeFiles/opencv_test_xphoto.dir/test/test_main.cpp.o
[3168/3882] Building CXX object modules/face/CMakeFiles/opencv_face.dir/src/face_alignment.cpp.o
[3169/3882] Building CXX object modules/photo/CMakeFiles/opencv_perf_photo.dir/perf/perf_hdr.cpp.o
[3170/3882] Building CXX object modules/face/CMakeFiles/opencv_test_face.dir/test/test_bif.cpp.o
[3171/3882] Building CXX object modules/face/CMakeFiles/opencv_test_face.dir/test/test_main.cpp.o
[3172/3882] Building CXX object modules/photo/CMakeFiles/opencv_test_photo.dir/test/test_denoise_tvl1.cpp.o
[3173/3882] Building CXX object modules/photo/CMakeFiles/opencv_test_photo.dir/test/test_decolor.cpp.o
[3174/3882] Building CXX object modules/photo/CMakeFiles/opencv_test_photo.dir/test/test_denoising.cuda.cpp.o
[3175/3882] Building CXX object modules/face/CMakeFiles/opencv_face.dir/src/facemarkAAM.cpp.o
[3176/3882] Building CXX object modules/face/CMakeFiles/opencv_face.dir/src/facemark.cpp.o
[3177/3882] Building CXX object modules/photo/CMakeFiles/opencv_test_photo.dir/test/ocl/test_denoising.cpp.o
[3178/3882] Building CXX object modules/face/CMakeFiles/opencv_test_face.dir/test/test_mace.cpp.o
[3179/3882] Building CXX object modules/photo/CMakeFiles/opencv_perf_photo.dir/perf/perf_main.cpp.o
[3180/3882] Building CXX object modules/face/CMakeFiles/opencv_face.dir/src/facemarkLBF.cpp.o
[3181/3882] Building CXX object modules/face/CMakeFiles/opencv_test_face.dir/test/test_loadsave.cpp.o
[3182/3882] Building CXX object modules/face/CMakeFiles/opencv_face.dir/src/getlandmarks.cpp.o
[3183/3882] Building CXX object modules/xphoto/CMakeFiles/opencv_test_xphoto.dir/test/test_oil_painting.cpp.o
[3184/3882] Building CXX object modules/photo/CMakeFiles/opencv_test_photo.dir/test/test_npr.cpp.o
[3185/3882] Building CXX object modules/face/CMakeFiles/opencv_test_face.dir/test/test_facemark_aam.cpp.o
[3186/3882] Building CXX object modules/xphoto/CMakeFiles/opencv_test_xphoto.dir/test/test_inpainting.cpp.o
[3187/3882] Building CXX object modules/face/CMakeFiles/opencv_test_face.dir/test/test_face_align.cpp.o
[3188/3882] Building CXX object modules/xphoto/CMakeFiles/opencv_test_xphoto.dir/test/test_grayworld.cpp.o
[3189/3882] Building CXX object modules/face/CMakeFiles/opencv_test_face.dir/test/test_facemark.cpp.o
[3190/3882] Building CXX object modules/cudabgsegm/CMakeFiles/opencv_cudabgsegm.dir/src/mog2.cpp.o
[3191/3882] Building CXX object modules/photo/CMakeFiles/opencv_test_photo.dir/test/test_hdr.cpp.o
[3192/3882] Building CXX object modules/cudabgsegm/CMakeFiles/opencv_cudabgsegm.dir/src/mog.cpp.o
[3193/3882] Building CXX object modules/xphoto/CMakeFiles/opencv_test_xphoto.dir/test/simple_color_balance.cpp.o
[3194/3882] Building CXX object modules/photo/CMakeFiles/opencv_test_photo.dir/test/test_cloning.cpp.o
[3195/3882] Building CXX object modules/photo/CMakeFiles/opencv_test_photo.dir/test/test_denoising.cpp.o
[3196/3882] Building CXX object modules/xphoto/CMakeFiles/opencv_xphoto.dir/src/inpainting.cpp.o
[3197/3882] Building CXX object modules/face/CMakeFiles/opencv_test_face.dir/test/test_facemark_lbf.cpp.o
[3198/3882] Building CXX object modules/xphoto/CMakeFiles/opencv_perf_xphoto.dir/perf/perf_learning_based_color_balance.cpp.o
[3199/3882] Building CXX object modules/cudabgsegm/CMakeFiles/opencv_test_cudabgsegm.dir/test/test_bgsegm.cpp.o
[3200/3882] Building CXX object modules/cudabgsegm/CMakeFiles/opencv_perf_cudabgsegm.dir/perf/perf_bgsegm.cpp.o
[3201/3882] Building CXX object modules/cudabgsegm/CMakeFiles/opencv_test_cudabgsegm.dir/test/test_main.cpp.o
[3202/3882] Building CXX object modules/photo/CMakeFiles/opencv_test_photo.dir/test/test_inpaint.cpp.o
[3203/3882] Linking CXX shared library lib/libopencv_cudabgsegm.so.4.14.0
[3204/3882] Building CXX object modules/cudabgsegm/CMakeFiles/opencv_perf_cudabgsegm.dir/perf/perf_main.cpp.o
[3205/3882] Creating library symlink lib/libopencv_cudabgsegm.so.414 lib/libopencv_cudabgsegm.so
[3206/3882] Building CXX object modules/photo/CMakeFiles/opencv_perf_photo.dir/perf/perf_cuda.cpp.o
[3207/3882] Building CXX object modules/xphoto/CMakeFiles/opencv_perf_xphoto.dir/perf/perf_grayworld.cpp.o
[3208/3882] Building CXX object modules/photo/CMakeFiles/opencv_perf_photo.dir/perf/perf_inpaint.cpp.o
[3209/3882] Linking CXX executable bin/opencv_test_cudabgsegm
[3210/3882] Linking CXX executable bin/opencv_perf_cudabgsegm
[3211/3882] Building CXX object modules/cudalegacy/CMakeFiles/opencv_cudalegacy.dir/src/graphcuts.cpp.o
[3212/3882] Building CXX object modules/cudalegacy/CMakeFiles/opencv_cudalegacy.dir/src/bm_fast.cpp.o
[3213/3882] Building CXX object modules/cudalegacy/CMakeFiles/opencv_cudalegacy.dir/src/needle_map.cpp.o
[3214/3882] Building CXX object modules/cudalegacy/CMakeFiles/opencv_cudalegacy.dir/src/interpolate_frames.cpp.o
[3215/3882] Building CXX object modules/cudalegacy/CMakeFiles/opencv_cudalegacy.dir/src/image_pyramid.cpp.o
[3216/3882] Building CXX object modules/cudalegacy/CMakeFiles/opencv_cudalegacy.dir/src/calib3d.cpp.o
[3217/3882] Building CXX object modules/cudalegacy/CMakeFiles/opencv_cudalegacy.dir/src/bm.cpp.o
[3218/3882] Building CXX object modules/cudalegacy/CMakeFiles/opencv_cudalegacy.dir/src/gmg.cpp.o
[3219/3882] Building CXX object modules/cudalegacy/CMakeFiles/opencv_cudalegacy.dir/src/fgd.cpp.o
[3220/3882] Building CXX object modules/cudalegacy/CMakeFiles/opencv_cudalegacy.dir/src/NCV.cpp.o
[3221/3882] Building CXX object modules/cudalegacy/CMakeFiles/opencv_perf_cudalegacy.dir/perf/perf_bgsegm.cpp.o
[3222/3882] Building CXX object modules/cudalegacy/CMakeFiles/opencv_perf_cudalegacy.dir/perf/perf_main.cpp.o
[3223/3882] Building CXX object modules/cudalegacy/CMakeFiles/opencv_test_cudalegacy.dir/test/test_main.cpp.o
[3224/3882] Building CXX object modules/cudalegacy/CMakeFiles/opencv_test_cudalegacy.dir/test/TestCompact.cpp.o
[3225/3882] Building CXX object modules/cudalegacy/CMakeFiles/opencv_test_cudalegacy.dir/test/TestHaarCascadeLoader.cpp.o
[3226/3882] Building CXX object modules/cudalegacy/CMakeFiles/opencv_test_cudalegacy.dir/test/TestIntegralImageSquared.cpp.o
[3227/3882] Building CXX object modules/cudalegacy/CMakeFiles/opencv_test_cudalegacy.dir/test/TestTranspose.cpp.o
[3228/3882] Building CXX object modules/cudalegacy/CMakeFiles/opencv_test_cudalegacy.dir/test/TestHypothesesFilter.cpp.o
[3229/3882] Building CXX object modules/cudalegacy/CMakeFiles/opencv_test_cudalegacy.dir/test/TestHypothesesGrow.cpp.o
[3230/3882] Building CXX object modules/cudalegacy/CMakeFiles/opencv_test_cudalegacy.dir/test/TestRectStdDev.cpp.o
[3231/3882] Building CXX object modules/cudalegacy/CMakeFiles/opencv_test_cudalegacy.dir/test/TestResize.cpp.o
[3232/3882] Building CXX object modules/cudalegacy/CMakeFiles/opencv_test_cudalegacy.dir/test/TestIntegralImage.cpp.o
[3233/3882] Building CXX object modules/cudalegacy/CMakeFiles/opencv_test_cudalegacy.dir/test/test_labeling.cpp.o
[3234/3882] Building CXX object modules/cudalegacy/CMakeFiles/opencv_test_cudalegacy.dir/test/TestDrawRects.cpp.o
[3235/3882] Building CXX object modules/cudalegacy/CMakeFiles/opencv_perf_cudalegacy.dir/perf/perf_calib3d.cpp.o
[3236/3882] Building CXX object modules/cudalegacy/CMakeFiles/opencv_perf_cudalegacy.dir/perf/perf_labeling.cpp.o
[3237/3882] Building CXX object modules/cudalegacy/CMakeFiles/opencv_test_cudalegacy.dir/test/TestHaarCascadeApplication.cpp.o
[3238/3882] Building CXX object modules/cudalegacy/CMakeFiles/opencv_test_cudalegacy.dir/test/main_nvidia.cpp.o
[3239/3882] Building CXX object modules/photo/CMakeFiles/opencv_photo.dir/src/denoising.cpp.o
[3240/3882] Linking CXX shared library lib/libopencv_cudalegacy.so.4.14.0
[3241/3882] Creating library symlink lib/libopencv_cudalegacy.so.414 lib/libopencv_cudalegacy.so
[3242/3882] Processing OpenCL kernels (stitching)
[3243/3882] Building CXX object modules/cudalegacy/CMakeFiles/opencv_test_cudalegacy.dir/test/test_nvidia.cpp.o
[3244/3882] Building CXX object modules/cudalegacy/CMakeFiles/opencv_test_cudalegacy.dir/test/test_calib3d.cpp.o
[3245/3882] Linking CXX shared library lib/libopencv_photo.so.4.14.0
[3246/3882] Creating library symlink lib/libopencv_photo.so.414 lib/libopencv_photo.so
[3247/3882] Linking CXX shared library lib/libopencv_xphoto.so.4.14.0
[3248/3882] Creating library symlink lib/libopencv_xphoto.so.414 lib/libopencv_xphoto.so
[3249/3882] Linking CXX executable bin/example_xphoto_color_balance
[3250/3882] Linking CXX executable bin/example_xphoto_dct_image_denoising
[3251/3882] Linking CXX executable bin/opencv_perf_cudalegacy
[3252/3882] Linking CXX executable bin/example_xphoto_inpainting
[3253/3882] Linking CXX executable bin/example_xphoto_bm3d_image_denoising
[3254/3882] Linking CXX executable bin/example_xphoto_oil
[3255/3882] Building NVCC (Device) object modules/cudaoptflow/CMakeFiles/cuda_compile_1.dir/src/cuda/cuda_compile_1_generated_nvidiaOpticalFlow.cu.o
[3256/3882] Linking CXX shared library lib/libopencv_face.so.4.14.0
[3257/3882] Creating library symlink lib/libopencv_face.so.414 lib/libopencv_face.so
[3258/3882] Linking CXX executable bin/example_face_samplewriteconfigfile
[3259/3882] Linking CXX executable bin/example_face_sample_train_landmark_detector
[3260/3882] Linking CXX executable bin/example_face_facerec_save_load
[3261/3882] Linking CXX executable bin/example_face_facemark_demo_lbf
[3262/3882] Linking CXX executable bin/example_face_mace_webcam
[3263/3882] Linking CXX executable bin/example_face_facemark_lbf_fitting
[3264/3882] Linking CXX executable bin/example_face_facerec_video
[3265/3882] Linking CXX executable bin/example_face_facemark_demo_aam
[3266/3882] Linking CXX executable bin/example_face_facerec_fisherfaces
[3267/3882] Linking CXX executable bin/example_face_facerec_demo
[3268/3882] Linking CXX executable bin/example_face_facerec_lbph
[3269/3882] Linking CXX executable bin/example_face_sample_train_landmark_detector2
[3270/3882] Linking CXX executable bin/example_face_sampleDetectLandmarksvideo
[3271/3882] Linking CXX executable bin/example_face_sampleDetectLandmarks
[3272/3882] Linking CXX executable bin/example_face_facerec_eigenfaces
[3273/3882] Linking CXX executable bin/example_face_sample_face_swapping
[3274/3882] Linking CXX executable bin/opencv_test_cudalegacy
[3275/3882] Linking CXX executable bin/opencv_perf_xphoto
[3276/3882] Linking CXX executable bin/opencv_test_xphoto
[3277/3882] Linking CXX executable bin/opencv_perf_photo
[3278/3882] Linking CXX executable bin/opencv_test_photo
[3279/3882] Linking CXX executable bin/opencv_test_face
[3280/3882] Building NVCC (Device) object modules/cudaobjdetect/CMakeFiles/cuda_compile_1.dir/src/cuda/cuda_compile_1_generated_lbp.cu.o
[3281/3882] Building NVCC (Device) object modules/stitching/CMakeFiles/cuda_compile_1.dir/src/cuda/cuda_compile_1_generated_multiband_blend.cu.o
[3282/3882] Building NVCC (Device) object modules/stitching/CMakeFiles/cuda_compile_1.dir/src/cuda/cuda_compile_1_generated_build_warp_maps.cu.o
[3283/3882] Building NVCC (Device) object modules/cudaoptflow/CMakeFiles/cuda_compile_1.dir/src/cuda/cuda_compile_1_generated_tvl1flow.cu.o
[3284/3882] Building NVCC (Device) object modules/cudaoptflow/CMakeFiles/cuda_compile_1.dir/src/cuda/cuda_compile_1_generated_farneback.cu.o
[3285/3882] Building NVCC (Device) object modules/cudaobjdetect/CMakeFiles/cuda_compile_1.dir/src/cuda/cuda_compile_1_generated_hog.cu.o
[3286/3882] Building CXX object modules/stitching/CMakeFiles/opencv_stitching.dir/opencl_kernels_stitching.cpp.o
[3287/3882] Building CXX object modules/stitching/CMakeFiles/opencv_stitching.dir/src/camera.cpp.o
[3288/3882] Building CXX object modules/stitching/CMakeFiles/opencv_stitching.dir/src/util.cpp.o
[3289/3882] Building CXX object modules/stitching/CMakeFiles/opencv_stitching.dir/src/autocalib.cpp.o
[3290/3882] Building CXX object modules/stitching/CMakeFiles/opencv_stitching.dir/src/timelapsers.cpp.o
[3291/3882] Building CXX object modules/cudaobjdetect/CMakeFiles/opencv_cudaobjdetect.dir/src/hog.cpp.o
[3292/3882] Building CXX object modules/stitching/CMakeFiles/opencv_stitching.dir/src/warpers_cuda.cpp.o
[3293/3882] Building CXX object modules/cudaobjdetect/CMakeFiles/opencv_test_cudaobjdetect.dir/test/test_main.cpp.o
[3294/3882] Building CXX object modules/stitching/CMakeFiles/opencv_perf_stitching.dir/perf/perf_main.cpp.o
[3295/3882] Building CXX object modules/cudaobjdetect/CMakeFiles/opencv_perf_cudaobjdetect.dir/perf/perf_main.cpp.o
[3296/3882] Building CXX object modules/stitching/CMakeFiles/opencv_stitching.dir/src/blenders.cpp.o
[3297/3882] Building CXX object modules/stitching/CMakeFiles/opencv_stitching.dir/src/matchers.cpp.o
[3298/3882] Building CXX object modules/stitching/CMakeFiles/opencv_test_stitching.dir/test/ocl/test_warpers.cpp.o
[3299/3882] Building CXX object modules/stitching/CMakeFiles/opencv_perf_stitching.dir/perf/opencl/perf_stitch.cpp.o
[3300/3882] Building CXX object modules/stitching/CMakeFiles/opencv_test_stitching.dir/test/test_main.cpp.o
[3301/3882] Building CXX object modules/stitching/CMakeFiles/opencv_perf_stitching.dir/perf/opencl/perf_warpers.cpp.o
[3302/3882] Building CXX object modules/cudaobjdetect/CMakeFiles/opencv_cudaobjdetect.dir/src/cascadeclassifier.cpp.o
[3303/3882] Building CXX object modules/stitching/CMakeFiles/opencv_stitching.dir/src/exposure_compensate.cpp.o
[3304/3882] Building CXX object modules/stitching/CMakeFiles/opencv_test_stitching.dir/test/test_wave_correction.cpp.o
[3305/3882] Building CXX object modules/stitching/CMakeFiles/opencv_test_stitching.dir/test/test_blenders.cuda.cpp.o
[3306/3882] Building CXX object modules/stitching/CMakeFiles/opencv_test_stitching.dir/test/test_blenders.cpp.o
[3307/3882] Building CXX object modules/stitching/CMakeFiles/opencv_test_stitching.dir/test/test_exposure_compensate.cpp.o
[3308/3882] Building CXX object modules/stitching/CMakeFiles/opencv_test_stitching.dir/test/test_stitcher.cpp.o
[3309/3882] Building CXX object modules/stitching/CMakeFiles/opencv_stitching.dir/src/motion_estimators.cpp.o
[3310/3882] Building CXX object modules/stitching/CMakeFiles/opencv_test_stitching.dir/test/test_matchers.cpp.o
[3311/3882] Building CXX object modules/stitching/CMakeFiles/opencv_stitching.dir/src/stitcher.cpp.o
[3312/3882] Linking CXX shared library lib/libopencv_cudaobjdetect.so.4.14.0
[3313/3882] Creating library symlink lib/libopencv_cudaobjdetect.so.414 lib/libopencv_cudaobjdetect.so
[3314/3882] Building CXX object modules/cudaobjdetect/CMakeFiles/opencv_perf_cudaobjdetect.dir/perf/perf_objdetect.cpp.o
[3315/3882] Building CXX object modules/stitching/CMakeFiles/opencv_stitching.dir/src/seam_finders.cpp.o
[3316/3882] Building CXX object modules/stitching/CMakeFiles/opencv_perf_stitching.dir/perf/perf_estimators.cpp.o
[3317/3882] Building CXX object modules/stitching/CMakeFiles/opencv_stitching.dir/src/warpers.cpp.o
[3318/3882] Building CXX object modules/cudaobjdetect/CMakeFiles/opencv_test_cudaobjdetect.dir/test/test_objdetect.cpp.o
[3319/3882] Building CXX object modules/stitching/CMakeFiles/opencv_perf_stitching.dir/perf/perf_stich.cpp.o
[3320/3882] Building CXX object modules/stitching/CMakeFiles/opencv_test_stitching.dir/test/test_reprojection.cpp.o
[3321/3882] Building CXX object modules/stitching/CMakeFiles/opencv_perf_stitching.dir/perf/perf_matchers.cpp.o
[3322/3882] Linking CXX executable bin/opencv_perf_cudaobjdetect
[3323/3882] Linking CXX executable bin/opencv_test_cudaobjdetect
[3324/3882] Linking CXX shared library lib/libopencv_stitching.so.4.14.0
[3325/3882] Creating library symlink lib/libopencv_stitching.so.414 lib/libopencv_stitching.so
[3326/3882] Linking CXX executable bin/opencv_perf_stitching
[3327/3882] Linking CXX executable bin/opencv_test_stitching
[3328/3882] Linking CXX executable bin/opencv_perf_gapi
[3329/3882] Building NVCC (Device) object modules/cudaoptflow/CMakeFiles/cuda_compile_1.dir/src/cuda/cuda_compile_1_generated_pyrlk.cu.o
[3330/3882] Building CXX object modules/cudaoptflow/CMakeFiles/example_cudaoptflow_optical_flow.dir/samples/optical_flow.cpp.o
[3331/3882] Building CXX object modules/cudaoptflow/CMakeFiles/opencv_cudaoptflow.dir/src/brox.cpp.o
[3332/3882] Building CXX object modules/cudaoptflow/CMakeFiles/example_cudaoptflow_nvidia_optical_flow.dir/samples/nvidia_optical_flow.cpp.o
[3333/3882] Building CXX object modules/cudaoptflow/CMakeFiles/opencv_cudaoptflow.dir/src/tvl1flow.cpp.o
[3334/3882] Building CXX object modules/cudaoptflow/CMakeFiles/opencv_cudaoptflow.dir/src/pyrlk.cpp.o
[3335/3882] Building CXX object modules/cudaoptflow/CMakeFiles/opencv_cudaoptflow.dir/src/farneback.cpp.o
[3336/3882] Building CXX object modules/cudaoptflow/CMakeFiles/opencv_perf_cudaoptflow.dir/perf/perf_main.cpp.o
[3337/3882] Building CXX object modules/cudaoptflow/CMakeFiles/opencv_test_cudaoptflow.dir/test/test_main.cpp.o
[3338/3882] Building CXX object modules/cudaoptflow/CMakeFiles/opencv_cudaoptflow.dir/src/nvidiaOpticalFlow.cpp.o
[3339/3882] Building CXX object modules/cudaoptflow/CMakeFiles/opencv_perf_cudaoptflow.dir/perf/perf_optflow.cpp.o
[3340/3882] Linking CXX shared library lib/libopencv_cudaoptflow.so.4.14.0
[3341/3882] Creating library symlink lib/libopencv_cudaoptflow.so.414 lib/libopencv_cudaoptflow.so
[3342/3882] Processing OpenCL kernels (superres)
[3343/3882] Linking CXX executable bin/example_cudaoptflow_optical_flow
[3344/3882] Linking CXX executable bin/example_cudaoptflow_nvidia_optical_flow
[3345/3882] Building CXX object modules/cudaoptflow/CMakeFiles/opencv_test_cudaoptflow.dir/test/test_optflow.cpp.o
[3346/3882] Linking CXX executable bin/opencv_perf_cudaoptflow
[3347/3882] Linking CXX executable bin/opencv_test_cudaoptflow
[3348/3882] Linking CXX executable bin/opencv_test_gapi
[3349/3882] Building NVCC (Device) object modules/superres/CMakeFiles/cuda_compile_1.dir/src/cuda/cuda_compile_1_generated_btv_l1_gpu.cu.o
[3350/3882] Building NVCC (Device) object modules/videostab/CMakeFiles/cuda_compile_1.dir/src/cuda/cuda_compile_1_generated_global_motion.cu.o
[3351/3882] Building CXX object modules/superres/CMakeFiles/opencv_superres.dir/opencl_kernels_superres.cpp.o
[3352/3882] Building CXX object modules/superres/CMakeFiles/opencv_superres.dir/src/super_resolution.cpp.o
[3353/3882] Building CXX object modules/superres/CMakeFiles/opencv_superres.dir/src/input_array_utility.cpp.o
[3354/3882] Building CXX object samples/gpu/CMakeFiles/example_gpu_generalized_hough.dir/generalized_hough.cpp.o
[3355/3882] Building CXX object modules/superres/CMakeFiles/opencv_superres.dir/src/frame_source.cpp.o
[3356/3882] Building CXX object samples/gpu/CMakeFiles/example_gpu_alpha_comp.dir/alpha_comp.cpp.o
[3357/3882] Building CXX object samples/gpu/CMakeFiles/example_gpu_multi.dir/multi.cpp.o
[3358/3882] Building CXX object modules/superres/CMakeFiles/opencv_superres.dir/src/btv_l1_cuda.cpp.o
[3359/3882] Building CXX object samples/gpu/CMakeFiles/example_gpu_morphology.dir/morphology.cpp.o
[3360/3882] Building CXX object samples/gpu/CMakeFiles/example_gpu_video_writer.dir/video_writer.cpp.o
[3361/3882] Building CXX object samples/gpu/CMakeFiles/example_gpu_houghlines.dir/houghlines.cpp.o
[3362/3882] Building CXX object samples/gpu/CMakeFiles/example_gpu_surf_keypoint_matcher.dir/surf_keypoint_matcher.cpp.o
[3363/3882] Building CXX object modules/superres/CMakeFiles/opencv_superres.dir/src/optical_flow.cpp.o
[3364/3882] Building CXX object modules/superres/CMakeFiles/opencv_superres.dir/src/btv_l1.cpp.o
[3365/3882] Building CXX object samples/gpu/CMakeFiles/example_gpu_bgfg_segm.dir/bgfg_segm.cpp.o
[3366/3882] Building CXX object samples/gpu/CMakeFiles/example_gpu_video_reader.dir/video_reader.cpp.o
[3367/3882] Building CXX object samples/gpu/CMakeFiles/example_gpu_farneback_optical_flow.dir/farneback_optical_flow.cpp.o
[3368/3882] Building CXX object samples/gpu/CMakeFiles/example_gpu_super_resolution.dir/super_resolution.cpp.o
[3369/3882] Building CXX object samples/gpu/CMakeFiles/example_gpu_pyrlk_optical_flow.dir/pyrlk_optical_flow.cpp.o
[3370/3882] Building CXX object samples/gpu/CMakeFiles/example_gpu_stereo_match.dir/stereo_match.cpp.o
[3371/3882] Building CXX object samples/gpu/CMakeFiles/example_gpu_cascadeclassifier.dir/cascadeclassifier.cpp.o
[3372/3882] Linking CXX shared library lib/libopencv_superres.so.4.14.0
[3373/3882] Creating library symlink lib/libopencv_superres.so.414 lib/libopencv_superres.so
[3374/3882] Building CXX object samples/gpu/CMakeFiles/example_gpu_hog.dir/hog.cpp.o
[3375/3882] Building CXX object samples/gpu/CMakeFiles/example_gpu_stereo_multi.dir/stereo_multi.cpp.o
[3376/3882] Building CXX object modules/superres/CMakeFiles/opencv_perf_superres.dir/perf/perf_main.cpp.o
[3377/3882] Building CXX object modules/superres/CMakeFiles/opencv_perf_superres.dir/perf/perf_superres.cpp.o
[3378/3882] Building CXX object modules/superres/CMakeFiles/opencv_test_superres.dir/test/test_main.cpp.o
[3379/3882] Building CXX object modules/superres/CMakeFiles/opencv_test_superres.dir/test/test_superres.cpp.o
[3380/3882] Linking CXX executable bin/opencv_perf_superres
[3381/3882] Linking CXX executable bin/opencv_test_superres
[3382/3882] Building CXX object samples/cpp/CMakeFiles/example_tutorial_documentation.dir/tutorial_code/introduction/documentation/documentation.cpp.o
[3383/3882] Building CXX object modules/videostab/CMakeFiles/opencv_videostab.dir/src/optical_flow.cpp.o
[3384/3882] Building CXX object modules/videostab/CMakeFiles/opencv_videostab.dir/src/frame_source.cpp.o
[3385/3882] Linking CXX executable bin/example_gpu_alpha_comp
[3386/3882] Linking CXX executable bin/example_gpu_bgfg_segm
[3387/3882] Building CXX object modules/videostab/CMakeFiles/opencv_videostab.dir/src/fast_marching.cpp.o
[3388/3882] Building CXX object modules/videostab/CMakeFiles/opencv_videostab.dir/src/wobble_suppression.cpp.o
[3389/3882] Linking CXX executable bin/example_gpu_cascadeclassifier
[3390/3882] Building CXX object samples/cpp/CMakeFiles/example_tutorial_AddingImages.dir/tutorial_code/core/AddingImages/AddingImages.cpp.o
[3391/3882] Building CXX object samples/cpp/CMakeFiles/example_snippet_core_various.dir/tutorial_code/snippets/core_various.cpp.o
[3392/3882] Building CXX object samples/cpp/CMakeFiles/example_cpp_application_trace.dir/application_trace.cpp.o
[3393/3882] Linking CXX executable bin/example_gpu_farneback_optical_flow
[3394/3882] Building CXX object samples/cpp/CMakeFiles/example_tutorial_Laplace_Demo.dir/tutorial_code/ImgTrans/Laplace_Demo.cpp.o
[3395/3882] Linking CXX executable bin/example_gpu_generalized_hough
[3396/3882] Linking CXX executable bin/example_gpu_morphology
[3397/3882] Linking CXX executable bin/example_gpu_hog
[3398/3882] Building CXX object samples/cpp/CMakeFiles/example_cpp_squares.dir/squares.cpp.o
[3399/3882] Building CXX object samples/cpp/CMakeFiles/example_tutorial_motion_deblur_filter.dir/tutorial_code/ImgProc/motion_deblur_filter/motion_deblur_filter.cpp.o
[3400/3882] Building CXX object samples/cpp/CMakeFiles/example_tutorial_Morphology_2.dir/tutorial_code/ImgProc/Morphology_2.cpp.o
[3401/3882] Linking CXX executable bin/example_gpu_multi
[3402/3882] Linking CXX executable bin/example_gpu_stereo_match
[3403/3882] Linking CXX executable bin/example_gpu_houghlines
[3404/3882] Linking CXX executable bin/example_gpu_stereo_multi
[3405/3882] Linking CXX executable bin/example_gpu_pyrlk_optical_flow
[3406/3882] Building CXX object samples/cpp/CMakeFiles/example_tutorial_mat_the_basic_image_container.dir/tutorial_code/core/mat_the_basic_image_container/mat_the_basic_image_container.cpp.o
[3407/3882] Building CXX object samples/cpp/CMakeFiles/example_cpp_create_mask.dir/create_mask.cpp.o
[3408/3882] Linking CXX executable bin/example_gpu_video_writer
[3409/3882] Linking CXX executable bin/example_gpu_video_reader
[3410/3882] Building CXX object samples/cpp/CMakeFiles/example_tutorial_anisotropic_image_segmentation.dir/tutorial_code/ImgProc/anisotropic_image_segmentation/anisotropic_image_segmentation.cpp.o
[3411/3882] Linking CXX executable bin/example_gpu_surf_keypoint_matcher
[3412/3882] Linking CXX executable bin/example_gpu_super_resolution
[3413/3882] Building CXX object samples/cpp/CMakeFiles/example_snippet_core_split.dir/tutorial_code/snippets/core_split.cpp.o
[3414/3882] Building CXX object samples/cpp/CMakeFiles/example_cpp_minarea.dir/minarea.cpp.o
[3415/3882] Building CXX object samples/cpp/CMakeFiles/example_cpp_videocapture_audio_combination.dir/videocapture_audio_combination.cpp.o
[3416/3882] Building CXX object modules/videostab/CMakeFiles/opencv_videostab.dir/src/outlier_rejection.cpp.o
[3417/3882] Building CXX object samples/cpp/CMakeFiles/example_cpp_inpaint.dir/inpaint.cpp.o
[3418/3882] Building CXX object samples/cpp/CMakeFiles/example_tutorial_calcBackProject_Demo1.dir/tutorial_code/Histograms_Matching/calcBackProject_Demo1.cpp.o
[3419/3882] Building CXX object samples/cpp/CMakeFiles/example_tutorial_objectDetection.dir/tutorial_code/objectDetection/objectDetection.cpp.o
[3420/3882] Building CXX object samples/cpp/CMakeFiles/example_cpp_ffilldemo.dir/ffilldemo.cpp.o
[3421/3882] Building CXX object modules/videostab/CMakeFiles/example_videostab_videostab.dir/samples/videostab.cpp.o
[3422/3882] Building CXX object samples/cpp/CMakeFiles/example_tutorial_mat_operations.dir/tutorial_code/core/mat_operations/mat_operations.cpp.o
[3423/3882] Building CXX object samples/cpp/CMakeFiles/example_cpp_lsd_lines.dir/lsd_lines.cpp.o
[3424/3882] Building CXX object samples/cpp/CMakeFiles/example_tutorial_filter2D_demo.dir/tutorial_code/ImgTrans/filter2D_demo.cpp.o
[3425/3882] Building CXX object samples/cpp/CMakeFiles/example_cpp_phase_corr.dir/phase_corr.cpp.o
[3426/3882] Building CXX object samples/cpp/CMakeFiles/example_cpp_smiledetect.dir/smiledetect.cpp.o
[3427/3882] Building CXX object samples/cpp/CMakeFiles/example_cpp_example.dir/example_cmake/example.cpp.o
[3428/3882] Building CXX object samples/cpp/CMakeFiles/example_snippet_imgproc_drawContours.dir/tutorial_code/snippets/imgproc_drawContours.cpp.o
[3429/3882] Building CXX object samples/cpp/CMakeFiles/example_tutorial_create_board.dir/tutorial_code/objectDetection/create_board.cpp.o
[3430/3882] Building CXX object samples/cpp/CMakeFiles/example_cpp_barcode.dir/barcode.cpp.o
[3431/3882] Building CXX object samples/cpp/CMakeFiles/example_tutorial_SURF_FLANN_matching_homography_Demo.dir/tutorial_code/features2D/feature_homography/SURF_FLANN_matching_homography_Demo.cpp.o
[3432/3882] Building CXX object samples/cpp/CMakeFiles/example_tutorial_optical_flow_dense.dir/tutorial_code/video/optical_flow/optical_flow_dense.cpp.o
[3433/3882] Building CXX object modules/videostab/CMakeFiles/opencv_videostab.dir/src/stabilizer.cpp.o
[3434/3882] Building CXX object samples/cpp/CMakeFiles/example_snippet_core_mat_checkVector.dir/tutorial_code/snippets/core_mat_checkVector.cpp.o
[3435/3882] Building CXX object samples/cpp/CMakeFiles/example_cpp_delaunay2.dir/delaunay2.cpp.o
[3436/3882] Building CXX object samples/cpp/CMakeFiles/example_cpp_videocapture_image_sequence.dir/videocapture_image_sequence.cpp.o
[3437/3882] Building CXX object modules/videostab/CMakeFiles/opencv_videostab.dir/src/motion_stabilizing.cpp.o
[3438/3882] Building CXX object samples/cpp/CMakeFiles/example_tutorial_copyMakeBorder_demo.dir/tutorial_code/ImgTrans/copyMakeBorder_demo.cpp.o
[3439/3882] Building CXX object samples/cpp/CMakeFiles/example_cpp_polar_transforms.dir/polar_transforms.cpp.o
[3440/3882] Building CXX object samples/cpp/CMakeFiles/example_cpp_dis_opticalflow.dir/dis_opticalflow.cpp.o
[3441/3882] Building CXX object samples/cpp/CMakeFiles/example_cpp_text_skewness_correction.dir/text_skewness_correction.cpp.o
[3442/3882] Building CXX object samples/cpp/CMakeFiles/example_cpp_digits_lenet.dir/digits_lenet.cpp.o
[3443/3882] Building CXX object samples/cpp/CMakeFiles/example_tutorial_generalContours_demo2.dir/tutorial_code/ShapeDescriptors/generalContours_demo2.cpp.o
[3444/3882] Building CXX object samples/cpp/CMakeFiles/example_tutorial_generalContours_demo1.dir/tutorial_code/ShapeDescriptors/generalContours_demo1.cpp.o
[3445/3882] Building CXX object samples/cpp/CMakeFiles/example_tutorial_cornerSubPix_Demo.dir/tutorial_code/TrackingMotion/cornerSubPix_Demo.cpp.o
[3446/3882] Building CXX object samples/cpp/CMakeFiles/example_tutorial_HitMiss.dir/tutorial_code/ImgProc/HitMiss/HitMiss.cpp.o
[3447/3882] Building CXX object modules/videostab/CMakeFiles/opencv_videostab.dir/src/global_motion.cpp.o
[3448/3882] Building CXX object samples/cpp/CMakeFiles/example_cpp_kmeans.dir/kmeans.cpp.o
[3449/3882] Building CXX object samples/cpp/CMakeFiles/example_tutorial_Geometric_Transforms_Demo.dir/tutorial_code/ImgTrans/Geometric_Transforms_Demo.cpp.o
[3450/3882] Building CXX object samples/cpp/CMakeFiles/example_tutorial_hull_demo.dir/tutorial_code/ShapeDescriptors/hull_demo.cpp.o
[3451/3882] Building CXX object samples/cpp/CMakeFiles/example_tutorial_Remap_Demo.dir/tutorial_code/ImgTrans/Remap_Demo.cpp.o
[3452/3882] Building CXX object samples/cpp/CMakeFiles/example_cpp_fitellipse.dir/fitellipse.cpp.o
[3453/3882] Building CXX object samples/cpp/CMakeFiles/example_tutorial_gpu-basics-similarity.dir/tutorial_code/gpu/gpu-basics-similarity/gpu-basics-similarity.cpp.o
[3454/3882] Building CXX object samples/cpp/CMakeFiles/example_tutorial_BasicLinearTransforms.dir/tutorial_code/ImgProc/BasicLinearTransforms.cpp.o
[3455/3882] Building CXX object samples/cpp/CMakeFiles/example_tutorial_introduction_to_pca.dir/tutorial_code/ml/introduction_to_pca/introduction_to_pca.cpp.o
[3456/3882] Building CXX object samples/cpp/CMakeFiles/example_cpp_cloning_gui.dir/cloning_gui.cpp.o
[3457/3882] Building CXX object samples/cpp/CMakeFiles/example_tutorial_npr_demo.dir/tutorial_code/photo/non_photorealistic_rendering/npr_demo.cpp.o
[3458/3882] Building CXX object samples/cpp/CMakeFiles/example_cpp_contours2.dir/contours2.cpp.o
[3459/3882] Building CXX object samples/cpp/CMakeFiles/example_tutorial_how_to_use_OpenCV_parallel_for_.dir/tutorial_code/core/how_to_use_OpenCV_parallel_for_/how_to_use_OpenCV_parallel_for_.cpp.o
[3460/3882] Building CXX object samples/cpp/CMakeFiles/example_cpp_em.dir/em.cpp.o
[3461/3882] Building CXX object samples/cpp/CMakeFiles/example_tutorial_Morphology_1.dir/tutorial_code/ImgProc/Morphology_1.cpp.o
[3462/3882] Building CXX object samples/cpp/CMakeFiles/example_cpp_kalman.dir/kalman.cpp.o
[3463/3882] Building CXX object samples/cpp/CMakeFiles/example_tutorial_cloning_demo.dir/tutorial_code/photo/seamless_cloning/cloning_demo.cpp.o
[3464/3882] Building CXX object samples/cpp/CMakeFiles/example_cpp_points_classifier.dir/points_classifier.cpp.o
[3465/3882] Building CXX object samples/cpp/CMakeFiles/example_cpp_dft.dir/dft.cpp.o
[3466/3882] Building CXX object samples/cpp/CMakeFiles/example_tutorial_decompose_homography.dir/tutorial_code/features2D/Homography/decompose_homography.cpp.o
[3467/3882] Building CXX object samples/cpp/CMakeFiles/example_cpp_facial_features.dir/facial_features.cpp.o
[3468/3882] Building CXX object samples/cpp/CMakeFiles/example_tutorial_decolor.dir/tutorial_code/photo/decolorization/decolor.cpp.o
[3469/3882] Building CXX object samples/cpp/CMakeFiles/example_tutorial_univ_intrin.dir/tutorial_code/core/univ_intrin/univ_intrin.cpp.o
[3470/3882] Building CXX object samples/cpp/CMakeFiles/example_snippet_imgproc_calcHist.dir/tutorial_code/snippets/imgproc_calcHist.cpp.o
[3471/3882] Building CXX object samples/cpp/CMakeFiles/example_cpp_videocapture_gphoto2_autofocus.dir/videocapture_gphoto2_autofocus.cpp.o
[3472/3882] Building CXX object samples/cpp/CMakeFiles/example_tutorial_create_diamond.dir/tutorial_code/objectDetection/create_diamond.cpp.o
[3473/3882] Building CXX object samples/cpp/CMakeFiles/example_tutorial_HoughCircle_Demo.dir/tutorial_code/ImgTrans/HoughCircle_Demo.cpp.o
[3474/3882] Building CXX object samples/cpp/CMakeFiles/example_tutorial_cornerDetector_Demo.dir/tutorial_code/TrackingMotion/cornerDetector_Demo.cpp.o
[3475/3882] Building CXX object samples/cpp/CMakeFiles/example_cpp_imagelist_reader.dir/imagelist_reader.cpp.o
[3476/3882] Building CXX object modules/videostab/CMakeFiles/opencv_videostab.dir/src/log.cpp.o
[3477/3882] Building CXX object samples/cpp/CMakeFiles/example_tutorial_how_to_scan_images.dir/tutorial_code/core/how_to_scan_images/how_to_scan_images.cpp.o
[3478/3882] Building CXX object samples/cpp/CMakeFiles/example_tutorial_periodic_noise_removing_filter.dir/tutorial_code/ImgProc/periodic_noise_removing_filter/periodic_noise_removing_filter.cpp.o
[3479/3882] Building CXX object samples/cpp/CMakeFiles/example_tutorial_detect_board_charuco.dir/tutorial_code/objectDetection/detect_board_charuco.cpp.o
[3480/3882] Building CXX object samples/cpp/CMakeFiles/example_cpp_distrans.dir/distrans.cpp.o
[3481/3882] Building CXX object samples/cpp/CMakeFiles/example_snippet_core_merge.dir/tutorial_code/snippets/core_merge.cpp.o
[3482/3882] Building CXX object samples/cpp/CMakeFiles/example_tutorial_generalizedHoughTransform.dir/tutorial_code/ImgTrans/generalizedHoughTransform.cpp.o
[3483/3882] Building CXX object samples/cpp/CMakeFiles/example_tutorial_Threshold.dir/tutorial_code/ImgProc/Threshold.cpp.o
[3484/3882] Building CXX object samples/cpp/CMakeFiles/example_tutorial_mat_mask_operations.dir/tutorial_code/core/mat_mask_operations/mat_mask_operations.cpp.o
[3485/3882] Building CXX object samples/cpp/CMakeFiles/example_cpp_facedetect.dir/facedetect.cpp.o
[3486/3882] Building CXX object samples/cpp/CMakeFiles/example_cpp_falsecolor.dir/falsecolor.cpp.o
[3487/3882] Building CXX object samples/cpp/CMakeFiles/example_tutorial_changing_contrast_brightness_image.dir/tutorial_code/ImgProc/changing_contrast_brightness_image/changing_contrast_brightness_image.cpp.o
[3488/3882] Building CXX object samples/cpp/CMakeFiles/example_tutorial_SURF_FLANN_matching_Demo.dir/tutorial_code/features2D/feature_flann_matcher/SURF_FLANN_matching_Demo.cpp.o
[3489/3882] Building CXX object samples/cpp/CMakeFiles/example_cpp_connected_components.dir/connected_components.cpp.o
[3490/3882] Building CXX object samples/cpp/CMakeFiles/example_tutorial_perspective_correction.dir/tutorial_code/features2D/Homography/perspective_correction.cpp.o
[3491/3882] Building CXX object samples/cpp/CMakeFiles/example_snippet_imgcodecs_imwrite.dir/tutorial_code/snippets/imgcodecs_imwrite.cpp.o
[3492/3882] Building CXX object samples/cpp/CMakeFiles/example_cpp_logistic_regression.dir/logistic_regression.cpp.o
[3493/3882] Building CXX object samples/cpp/CMakeFiles/example_tutorial_discrete_fourier_transform.dir/tutorial_code/core/discrete_fourier_transform/discrete_fourier_transform.cpp.o
[3494/3882] Building CXX object samples/cpp/CMakeFiles/example_cpp_morphology2.dir/morphology2.cpp.o
[3495/3882] Building CXX object samples/cpp/CMakeFiles/example_cpp_aruco_dict_utils.dir/aruco_dict_utils.cpp.o
[3496/3882] Building CXX object samples/cpp/CMakeFiles/example_cpp_asift.dir/asift.cpp.o
[3497/3882] Building CXX object samples/cpp/CMakeFiles/example_snippet_imgproc_HoughLinesCircles.dir/tutorial_code/snippets/imgproc_HoughLinesCircles.cpp.o
[3498/3882] Building CXX object samples/cpp/CMakeFiles/example_tutorial_findContours_demo.dir/tutorial_code/ShapeDescriptors/findContours_demo.cpp.o
[3499/3882] Building CXX object samples/cpp/CMakeFiles/example_tutorial_Threshold_inRange.dir/tutorial_code/ImgProc/Threshold_inRange.cpp.o
[3500/3882] Building CXX object samples/cpp/CMakeFiles/example_cpp_simd_basic.dir/simd_basic.cpp.o
[3501/3882] Building CXX object samples/cpp/CMakeFiles/example_tutorial_display_image.dir/tutorial_code/introduction/display_image/display_image.cpp.o
[3502/3882] Building CXX object samples/cpp/CMakeFiles/example_cpp_mask_tmpl.dir/mask_tmpl.cpp.o
[3503/3882] Building CXX object samples/cpp/CMakeFiles/example_cpp_gauge.dir/gauge.cpp.o
[3504/3882] Building CXX object samples/cpp/CMakeFiles/example_cpp_essential_mat_reconstr.dir/essential_mat_reconstr.cpp.o
[3505/3882] Building CXX object samples/cpp/CMakeFiles/example_tutorial_create_marker.dir/tutorial_code/objectDetection/create_marker.cpp.o
[3506/3882] Building CXX object samples/cpp/CMakeFiles/example_cpp_ela.dir/ela.cpp.o
[3507/3882] Building CXX object samples/cpp/CMakeFiles/example_cpp_imgcodecs_jpeg.dir/imgcodecs_jpeg.cpp.o
[3508/3882] Building CXX object samples/cpp/CMakeFiles/example_cpp_travelsalesman.dir/travelsalesman.cpp.o
[3509/3882] Building CXX object samples/cpp/CMakeFiles/example_tutorial_detect_markers.dir/tutorial_code/objectDetection/detect_markers.cpp.o
[3510/3882] Building CXX object samples/cpp/CMakeFiles/example_cpp_intersectExample.dir/intersectExample.cpp.o
[3511/3882] Building CXX object samples/cpp/CMakeFiles/example_cpp_qrcode.dir/qrcode.cpp.o
[3512/3882] Building CXX object samples/cpp/CMakeFiles/example_tutorial_Smoothing.dir/tutorial_code/ImgProc/Smoothing/Smoothing.cpp.o
[3513/3882] Building CXX object samples/cpp/CMakeFiles/example_cpp_tree_engine.dir/tree_engine.cpp.o
[3514/3882] Building CXX object samples/cpp/CMakeFiles/example_cpp_videocapture_gstreamer_pipeline.dir/videocapture_gstreamer_pipeline.cpp.o
[3515/3882] Building CXX object samples/cpp/CMakeFiles/example_cpp_cout_mat.dir/cout_mat.cpp.o
[3516/3882] Building CXX object samples/cpp/CMakeFiles/example_snippet_imgproc_HoughLinesPointSet.dir/tutorial_code/snippets/imgproc_HoughLinesPointSet.cpp.o
[3517/3882] Building CXX object samples/cpp/CMakeFiles/example_cpp_videocapture_microphone.dir/videocapture_microphone.cpp.o
[3518/3882] Building CXX object samples/cpp/CMakeFiles/example_tutorial_compareHist_Demo.dir/tutorial_code/Histograms_Matching/compareHist_Demo.cpp.o
[3519/3882] Building CXX object samples/cpp/CMakeFiles/example_cpp_dbt_face_detection.dir/dbt_face_detection.cpp.o
[3520/3882] Building CXX object samples/cpp/CMakeFiles/example_cpp_videocapture_realsense.dir/videocapture_realsense.cpp.o
[3521/3882] Building CXX object samples/cpp/CMakeFiles/example_tutorial_goodFeaturesToTrack_Demo.dir/tutorial_code/TrackingMotion/goodFeaturesToTrack_Demo.cpp.o
[3522/3882] Building CXX object samples/cpp/CMakeFiles/example_tutorial_MatchTemplate_Demo.dir/tutorial_code/Histograms_Matching/MatchTemplate_Demo.cpp.o
[3523/3882] Building CXX object samples/cpp/CMakeFiles/example_cpp_videocapture_obsensor.dir/videocapture_obsensor.cpp.o
[3524/3882] Building CXX object samples/cpp/CMakeFiles/example_tutorial_panorama_stitching_rotating_camera.dir/tutorial_code/features2D/Homography/panorama_stitching_rotating_camera.cpp.o
[3525/3882] Building CXX object samples/cpp/CMakeFiles/example_cpp_laplace.dir/laplace.cpp.o
[3526/3882] Building CXX object samples/cpp/CMakeFiles/example_tutorial_how_to_use_OpenCV_parallel_for_new.dir/tutorial_code/core/how_to_use_OpenCV_parallel_for_/how_to_use_OpenCV_parallel_for_new.cpp.o
[3527/3882] Building CXX object samples/cpp/CMakeFiles/example_tutorial_pnp_registration.dir/tutorial_code/calib3d/real_time_pose_estimation/src/ModelRegistration.cpp.o
[3528/3882] Building CXX object samples/cpp/CMakeFiles/example_snippet_imgproc_applyColorMap.dir/tutorial_code/snippets/imgproc_applyColorMap.cpp.o
[3529/3882] Building CXX object samples/cpp/CMakeFiles/example_tutorial_calibrate_camera_charuco.dir/tutorial_code/objectDetection/calibrate_camera_charuco.cpp.o
[3530/3882] Building CXX object samples/cpp/CMakeFiles/example_tutorial_homography_from_camera_displacement.dir/tutorial_code/features2D/Homography/homography_from_camera_displacement.cpp.o
[3531/3882] Building CXX object samples/cpp/CMakeFiles/example_tutorial_CannyDetector_Demo.dir/tutorial_code/ImgTrans/CannyDetector_Demo.cpp.o
[3532/3882] Building CXX object samples/cpp/CMakeFiles/example_tutorial_Sobel_Demo.dir/tutorial_code/ImgTrans/Sobel_Demo.cpp.o
[3533/3882] Building CXX object samples/cpp/CMakeFiles/example_cpp_matchmethod_orb_akaze_brisk.dir/matchmethod_orb_akaze_brisk.cpp.o
[3534/3882] Building CXX object samples/cpp/CMakeFiles/example_cpp_imagelist_creator.dir/imagelist_creator.cpp.o
[3535/3882] Building CXX object samples/cpp/CMakeFiles/example_cpp_stereo_calib.dir/stereo_calib.cpp.o
[3536/3882] Building CXX object samples/cpp/CMakeFiles/example_cpp_cloning_demo.dir/cloning_demo.cpp.o
[3537/3882] Building CXX object samples/cpp/CMakeFiles/example_tutorial_openni_orbbec_astra.dir/tutorial_code/videoio/openni_orbbec_astra/openni_orbbec_astra.cpp.o
[3538/3882] Building CXX object samples/cpp/CMakeFiles/example_cpp_videocapture_camera.dir/videocapture_camera.cpp.o
[3539/3882] Building CXX object samples/cpp/CMakeFiles/example_cpp_demhist.dir/demhist.cpp.o
[3540/3882] Building CXX object samples/cpp/CMakeFiles/example_tutorial_AddingImagesTrackbar.dir/tutorial_code/HighGUI/AddingImagesTrackbar.cpp.o
[3541/3882] Building CXX object samples/cpp/CMakeFiles/example_cpp_lkdemo.dir/lkdemo.cpp.o
[3542/3882] Building CXX object samples/cpp/CMakeFiles/example_cpp_convexhull.dir/convexhull.cpp.o
[3543/3882] Building CXX object samples/cpp/CMakeFiles/example_tutorial_houghlines.dir/tutorial_code/ImgTrans/houghlines.cpp.o
[3544/3882] Building CXX object samples/cpp/CMakeFiles/example_cpp_train_svmsgd.dir/train_svmsgd.cpp.o
[3545/3882] Building CXX object samples/cpp/CMakeFiles/example_cpp_videocapture_starter.dir/videocapture_starter.cpp.o
[3546/3882] Building CXX object modules/videostab/CMakeFiles/opencv_videostab.dir/src/deblurring.cpp.o
[3547/3882] Building CXX object samples/cpp/CMakeFiles/example_cpp_3calibration.dir/3calibration.cpp.o
[3548/3882] Building CXX object samples/cpp/CMakeFiles/example_tutorial_introduction_windows_vs.dir/tutorial_code/introduction/windows_visual_studio_opencv/introduction_windows_vs.cpp.o
[3549/3882] Building CXX object samples/cpp/CMakeFiles/example_snippet_core_reduce.dir/tutorial_code/snippets/core_reduce.cpp.o
[3550/3882] Building CXX object samples/cpp/CMakeFiles/example_cpp_letter_recog.dir/letter_recog.cpp.o
[3551/3882] Building CXX object samples/cpp/CMakeFiles/example_cpp_camshiftdemo.dir/camshiftdemo.cpp.o
[3552/3882] Building CXX object samples/cpp/CMakeFiles/example_tutorial_calcHist_Demo.dir/tutorial_code/Histograms_Matching/calcHist_Demo.cpp.o
[3553/3882] Building CXX object samples/cpp/CMakeFiles/example_tutorial_video-write.dir/tutorial_code/videoio/video-write/video-write.cpp.o
[3554/3882] Building CXX object samples/cpp/CMakeFiles/example_tutorial_moments_demo.dir/tutorial_code/ShapeDescriptors/moments_demo.cpp.o
[3555/3882] Building CXX object samples/cpp/CMakeFiles/example_tutorial_LATCH_match.dir/tutorial_code/xfeatures2D/LATCH_match.cpp.o
[3556/3882] Building CXX object samples/cpp/CMakeFiles/example_cpp_opencv_version.dir/opencv_version.cpp.o
[3557/3882] Building CXX object samples/cpp/CMakeFiles/example_cpp_neural_network.dir/neural_network.cpp.o
[3558/3882] Building CXX object samples/cpp/CMakeFiles/example_tutorial_AKAZE_match.dir/tutorial_code/features2D/AKAZE_match.cpp.o
[3559/3882] Building CXX object samples/cpp/CMakeFiles/example_tutorial_Morphology_3.dir/tutorial_code/ImgProc/morph_lines_detection/Morphology_3.cpp.o
[3560/3882] Building CXX object samples/cpp/CMakeFiles/example_tutorial_pointPolygonTest_demo.dir/tutorial_code/ShapeDescriptors/pointPolygonTest_demo.cpp.o
[3561/3882] Building CXX object samples/cpp/CMakeFiles/example_cpp_warpPerspective_demo.dir/warpPerspective_demo.cpp.o
[3562/3882] Building CXX object samples/cpp/CMakeFiles/example_cpp_stitching.dir/stitching.cpp.o
[3563/3882] Building CXX object modules/videostab/CMakeFiles/opencv_videostab.dir/src/inpainting.cpp.o
[3564/3882] Building CXX object samples/cpp/CMakeFiles/example_tutorial_EqualizeHist_Demo.dir/tutorial_code/Histograms_Matching/EqualizeHist_Demo.cpp.o
[3565/3882] Building CXX object samples/cpp/CMakeFiles/example_tutorial_calcBackProject_Demo2.dir/tutorial_code/Histograms_Matching/calcBackProject_Demo2.cpp.o
[3566/3882] Building CXX object samples/cpp/CMakeFiles/example_cpp_segment_objects.dir/segment_objects.cpp.o
[3567/3882] Building CXX object samples/cpp/CMakeFiles/example_cpp_peopledetect.dir/peopledetect.cpp.o
[3568/3882] Building CXX object samples/cpp/CMakeFiles/example_tutorial_animations.dir/tutorial_code/imgcodecs/animations.cpp.o
[3569/3882] Building CXX object samples/cpp/CMakeFiles/example_tutorial_pnp_registration.dir/tutorial_code/calib3d/real_time_pose_estimation/src/Mesh.cpp.o
[3570/3882] Building CXX object samples/cpp/CMakeFiles/example_tutorial_Drawing_1.dir/tutorial_code/ImgProc/basic_drawing/Drawing_1.cpp.o
[3571/3882] Building CXX object samples/cpp/CMakeFiles/example_cpp_digits_svm.dir/digits_svm.cpp.o
[3572/3882] Building CXX object samples/cpp/CMakeFiles/example_tutorial_BasicLinearTransformsTrackbar.dir/tutorial_code/HighGUI/BasicLinearTransformsTrackbar.cpp.o
[3573/3882] Building CXX object samples/cpp/CMakeFiles/example_tutorial_HoughLines_Demo.dir/tutorial_code/ImgTrans/HoughLines_Demo.cpp.o
[3574/3882] Building CXX object samples/cpp/CMakeFiles/example_tutorial_pnp_registration.dir/tutorial_code/calib3d/real_time_pose_estimation/src/PnPProblem.cpp.o
[3575/3882] Building CXX object samples/cpp/CMakeFiles/example_cpp_drawing.dir/drawing.cpp.o
[3576/3882] Building CXX object samples/cpp/CMakeFiles/example_cpp_stereo_match.dir/stereo_match.cpp.o
[3577/3882] Building CXX object samples/cpp/CMakeFiles/example_tutorial_Drawing_2.dir/tutorial_code/ImgProc/basic_drawing/Drawing_2.cpp.o
[3578/3882] Building CXX object samples/cpp/CMakeFiles/example_cpp_audio_spectrogram.dir/audio_spectrogram.cpp.o
[3579/3882] Building CXX object samples/cpp/CMakeFiles/example_tutorial_cloning_gui.dir/tutorial_code/photo/seamless_cloning/cloning_gui.cpp.o
[3580/3882] Building CXX object samples/cpp/CMakeFiles/example_tutorial_meanshift.dir/tutorial_code/video/meanshift/meanshift.cpp.o
[3581/3882] Building CXX object samples/cpp/CMakeFiles/example_tutorial_out_of_focus_deblur_filter.dir/tutorial_code/ImgProc/out_of_focus_deblur_filter/out_of_focus_deblur_filter.cpp.o
[3582/3882] Building CXX object samples/cpp/CMakeFiles/example_tutorial_houghcircles.dir/tutorial_code/ImgTrans/houghcircles.cpp.o
[3583/3882] Building CXX object samples/cpp/CMakeFiles/example_tutorial_pnp_registration.dir/tutorial_code/calib3d/real_time_pose_estimation/src/Model.cpp.o
[3584/3882] Building CXX object samples/cpp/CMakeFiles/example_snippet_imgproc_HoughLinesP.dir/tutorial_code/snippets/imgproc_HoughLinesP.cpp.o
[3585/3882] Building CXX object samples/cpp/CMakeFiles/example_tutorial_SURF_detection_Demo.dir/tutorial_code/features2D/feature_detection/SURF_detection_Demo.cpp.o
[3586/3882] Building CXX object samples/cpp/CMakeFiles/example_tutorial_video-input-psnr-ssim.dir/tutorial_code/videoio/video-input-psnr-ssim/video-input-psnr-ssim.cpp.o
[3587/3882] Building CXX object samples/cpp/CMakeFiles/example_cpp_fback.dir/fback.cpp.o
[3588/3882] Building CXX object samples/cpp/CMakeFiles/example_tutorial_optical_flow.dir/tutorial_code/video/optical_flow/optical_flow.cpp.o
[3589/3882] Building CXX object samples/cpp/CMakeFiles/example_cpp_videowriter_basic.dir/videowriter_basic.cpp.o
[3590/3882] Building CXX object samples/cpp/CMakeFiles/example_tutorial_hdr_imaging.dir/tutorial_code/photo/hdr_imaging/hdr_imaging.cpp.o
[3591/3882] Building CXX object samples/cpp/CMakeFiles/example_cpp_bgfg_segm.dir/bgfg_segm.cpp.o
[3592/3882] Building CXX object samples/cpp/CMakeFiles/example_cpp_npr_demo.dir/npr_demo.cpp.o
[3593/3882] Building CXX object samples/cpp/CMakeFiles/example_tutorial_create_board_charuco.dir/tutorial_code/objectDetection/create_board_charuco.cpp.o
[3594/3882] Building CXX object samples/cpp/CMakeFiles/example_tutorial_gdal-image.dir/tutorial_code/imgcodecs/GDAL_IO/gdal-image.cpp.o
[3595/3882] Building CXX object samples/cpp/CMakeFiles/example_cpp_videocapture_audio.dir/videocapture_audio.cpp.o
[3596/3882] Building CXX object samples/cpp/CMakeFiles/example_tutorial_pnp_registration.dir/tutorial_code/calib3d/real_time_pose_estimation/src/CsvWriter.cpp.o
[3597/3882] Building CXX object samples/cpp/CMakeFiles/example_cpp_edge.dir/edge.cpp.o
[3598/3882] Building CXX object samples/cpp/CMakeFiles/example_tutorial_bg_sub.dir/tutorial_code/video/bg_sub.cpp.o
[3599/3882] Building CXX object modules/videostab/CMakeFiles/opencv_test_videostab.dir/test/test_main.cpp.o
[3600/3882] Building CXX object samples/cpp/CMakeFiles/example_tutorial_pnp_detection.dir/tutorial_code/calib3d/real_time_pose_estimation/src/CsvWriter.cpp.o
[3601/3882] Building CXX object modules/python3/CMakeFiles/opencv_python3.dir/__/src2/cv2_util.cpp.o
[3602/3882] Building CXX object samples/cpp/CMakeFiles/example_tutorial_pnp_detection.dir/tutorial_code/calib3d/real_time_pose_estimation/src/CsvReader.cpp.o
[3603/3882] Building CXX object samples/cpp/CMakeFiles/example_cpp_epipolar_lines.dir/epipolar_lines.cpp.o
[3604/3882] Building CXX object samples/cpp/CMakeFiles/example_cpp_videocapture_openni.dir/videocapture_openni.cpp.o
[3605/3882] Building CXX object modules/python3/CMakeFiles/opencv_python3.dir/__/src2/cv2_numpy.cpp.o
[3606/3882] Building CXX object samples/cpp/CMakeFiles/example_cpp_videocapture_basic.dir/videocapture_basic.cpp.o
[3607/3882] Building CXX object samples/cpp/CMakeFiles/example_cpp_image_alignment.dir/image_alignment.cpp.o
[3608/3882] Building CXX object samples/cpp/CMakeFiles/example_cpp_pca.dir/pca.cpp.o
[3609/3882] Building CXX object samples/cpp/CMakeFiles/example_tutorial_pnp_registration.dir/tutorial_code/calib3d/real_time_pose_estimation/src/RobustMatcher.cpp.o
[3610/3882] Building CXX object samples/cpp/CMakeFiles/example_cpp_grabcut.dir/grabcut.cpp.o
[3611/3882] Building CXX object samples/cpp/CMakeFiles/example_tutorial_imageSegmentation.dir/tutorial_code/ImgTrans/imageSegmentation.cpp.o
[3612/3882] Building CXX object samples/cpp/CMakeFiles/example_tutorial_SURF_matching_Demo.dir/tutorial_code/features2D/feature_description/SURF_matching_Demo.cpp.o
[3613/3882] Building CXX object samples/cpp/CMakeFiles/example_cpp_detect_mser.dir/detect_mser.cpp.o
[3614/3882] Building CXX object samples/cpp/CMakeFiles/example_tutorial_file_input_output.dir/tutorial_code/core/file_input_output/file_input_output.cpp.o
[3615/3882] Building CXX object samples/cpp/CMakeFiles/example_tutorial_non_linear_svms.dir/tutorial_code/ml/non_linear_svms/non_linear_svms.cpp.o
[3616/3882] Building CXX object samples/cpp/CMakeFiles/example_tutorial_cornerHarris_Demo.dir/tutorial_code/TrackingMotion/cornerHarris_Demo.cpp.o
[3617/3882] Building CXX object samples/cpp/CMakeFiles/example_cpp_watershed.dir/watershed.cpp.o
[3618/3882] Building CXX object samples/cpp/CMakeFiles/example_tutorial_detect_diamonds.dir/tutorial_code/objectDetection/detect_diamonds.cpp.o
[3619/3882] Building CXX object samples/cpp/CMakeFiles/example_cpp_detect_blob.dir/detect_blob.cpp.o
[3620/3882] Building CXX object modules/python3/CMakeFiles/opencv_python3.dir/__/src2/cv2_highgui.cpp.o
[3621/3882] Building CXX object samples/cpp/CMakeFiles/example_tutorial_Pyramids.dir/tutorial_code/ImgProc/Pyramids/Pyramids.cpp.o
[3622/3882] Building CXX object samples/cpp/CMakeFiles/example_tutorial_camera_calibration.dir/tutorial_code/calib3d/camera_calibration/camera_calibration.cpp.o
[3623/3882] Building CXX object samples/cpp/CMakeFiles/example_tutorial_camshift.dir/tutorial_code/video/meanshift/camshift.cpp.o
[3624/3882] Building CXX object samples/cpp/CMakeFiles/example_tutorial_planar_tracking.dir/tutorial_code/features2D/AKAZE_tracking/planar_tracking.cpp.o
[3625/3882] Building CXX object samples/cpp/CMakeFiles/example_cpp_train_HOG.dir/train_HOG.cpp.o
[3626/3882] Building CXX object samples/cpp/CMakeFiles/example_tutorial_pnp_registration.dir/tutorial_code/calib3d/real_time_pose_estimation/src/CsvReader.cpp.o
[3627/3882] Building CXX object samples/cpp/CMakeFiles/example_tutorial_pnp_registration.dir/tutorial_code/calib3d/real_time_pose_estimation/src/main_registration.cpp.o
[3628/3882] Building CXX object samples/cpp/CMakeFiles/example_tutorial_pose_from_homography.dir/tutorial_code/features2D/Homography/pose_from_homography.cpp.o
[3629/3882] Building CXX object samples/cpp/CMakeFiles/example_tutorial_introduction_to_svm.dir/tutorial_code/ml/introduction_to_svm/introduction_to_svm.cpp.o
[3630/3882] Building CXX object samples/cpp/CMakeFiles/example_tutorial_calibrate_camera.dir/tutorial_code/objectDetection/calibrate_camera.cpp.o
[3631/3882] Building CXX object samples/cpp/CMakeFiles/example_tutorial_detect_board.dir/tutorial_code/objectDetection/detect_board.cpp.o
[3632/3882] Building CXX object samples/cpp/CMakeFiles/example_cpp_select3dobj.dir/select3dobj.cpp.o
[3633/3882] Building CXX object modules/videostab/CMakeFiles/opencv_test_videostab.dir/test/test_stabilizer.cpp.o
[3634/3882] Building CXX object samples/cpp/CMakeFiles/example_cpp_calibration.dir/calibration.cpp.o
[3635/3882] Building CXX object samples/cpp/CMakeFiles/example_tutorial_api_ref_snippets.dir/tutorial_code/gapi/doc_snippets/api_ref_snippets.cpp.o
[3636/3882] Building CXX object modules/python3/CMakeFiles/opencv_python3.dir/__/src2/cv2_convert.cpp.o
[3637/3882] Building CXX object modules/videostab/CMakeFiles/opencv_test_videostab.dir/test/test_motion_estimation.cpp.o
[3638/3882] Linking CXX shared library lib/libopencv_videostab.so.4.14.0
[3639/3882] Creating library symlink lib/libopencv_videostab.so.414 lib/libopencv_videostab.so
[3640/3882] Building CXX object samples/cpp/CMakeFiles/example_tutorial_kernel_api_snippets.dir/tutorial_code/gapi/doc_snippets/kernel_api_snippets.cpp.o
[3641/3882] Building CXX object samples/cpp/CMakeFiles/example_tutorial_pnp_detection.dir/tutorial_code/calib3d/real_time_pose_estimation/src/main_detection.cpp.o
[3642/3882] Building CXX object samples/cpp/CMakeFiles/example_tutorial_porting_anisotropic_image_segmentation_gapi.dir/tutorial_code/gapi/porting_anisotropic_image_segmentation/porting_anisotropic_image_segmentation_gapi.cpp.o
[3643/3882] Building CXX object samples/cpp/CMakeFiles/example_tutorial_pnp_detection.dir/tutorial_code/calib3d/real_time_pose_estimation/src/PnPProblem.cpp.o
[3644/3882] Linking CXX executable bin/example_cpp_contours2
[3645/3882] Linking CXX executable bin/example_cpp_digits_svm
[3646/3882] Linking CXX executable bin/example_cpp_dft
[3647/3882] Linking CXX executable bin/example_cpp_demhist
[3648/3882] Building CXX object samples/cpp/CMakeFiles/example_tutorial_pnp_detection.dir/tutorial_code/calib3d/real_time_pose_estimation/src/Mesh.cpp.o
[3649/3882] Linking CXX executable bin/example_cpp_application_trace
[3650/3882] Linking CXX executable bin/example_cpp_bgfg_segm
[3651/3882] Linking CXX executable bin/example_cpp_imagelist_reader
[3652/3882] Linking CXX executable bin/example_cpp_detect_mser
[3653/3882] Linking CXX executable bin/example_cpp_delaunay2
[3654/3882] Linking CXX executable bin/example_cpp_audio_spectrogram
[3655/3882] Linking CXX executable bin/example_cpp_aruco_dict_utils
[3656/3882] Linking CXX executable bin/example_cpp_digits_lenet
[3657/3882] Linking CXX executable bin/example_cpp_detect_blob
[3658/3882] Linking CXX executable bin/example_cpp_example
[3659/3882] Linking CXX executable bin/example_cpp_cout_mat
[3660/3882] Linking CXX executable bin/example_cpp_3calibration
[3661/3882] Linking CXX executable bin/example_cpp_camshiftdemo
[3662/3882] Linking CXX executable bin/example_cpp_edge
[3663/3882] Linking CXX executable bin/example_cpp_dis_opticalflow
[3664/3882] Linking CXX executable bin/example_cpp_cloning_demo
[3665/3882] Linking CXX executable bin/example_cpp_asift
[3666/3882] Linking CXX executable bin/example_cpp_barcode
[3667/3882] Linking CXX executable bin/example_cpp_dbt_face_detection
[3668/3882] Linking CXX executable bin/example_cpp_cloning_gui
[3669/3882] Building CXX object samples/cpp/CMakeFiles/example_tutorial_pnp_detection.dir/tutorial_code/calib3d/real_time_pose_estimation/src/ModelRegistration.cpp.o
[3670/3882] Linking CXX executable bin/example_cpp_calibration
[3671/3882] Building CXX object samples/cpp/CMakeFiles/example_tutorial_porting_anisotropic_image_segmentation_gapi_fluid.dir/tutorial_code/gapi/porting_anisotropic_image_segmentation/porting_anisotropic_image_segmentation_gapi_fluid.cpp.o
[3672/3882] Building CXX object samples/cpp/CMakeFiles/example_tutorial_dynamic_graph_snippets.dir/tutorial_code/gapi/doc_snippets/dynamic_graph_snippets.cpp.o
[3673/3882] Building CXX object samples/cpp/CMakeFiles/example_tutorial_pnp_registration.dir/tutorial_code/calib3d/real_time_pose_estimation/src/Utils.cpp.o
[3674/3882] Linking CXX executable bin/example_cpp_connected_components
[3675/3882] Linking CXX executable bin/example_cpp_videocapture_starter
[3676/3882] Linking CXX executable bin/example_videostab_videostab
[3677/3882] Linking CXX executable bin/example_tutorial_SURF_FLANN_matching_Demo
[3678/3882] Linking CXX executable bin/example_tutorial_introduction_windows_vs
[3679/3882] Linking CXX executable bin/example_cpp_inpaint
[3680/3882] Linking CXX executable bin/example_tutorial_generalContours_demo2
[3681/3882] Building CXX object samples/cpp/CMakeFiles/example_cpp_flann_search_dataset.dir/flann_search_dataset.cpp.o
[3682/3882] Linking CXX executable bin/example_tutorial_Remap_Demo
[3683/3882] Linking CXX executable bin/example_cpp_epipolar_lines
[3684/3882] Linking CXX executable bin/example_cpp_simd_basic
[3685/3882] Linking CXX executable bin/example_snippet_imgproc_HoughLinesPointSet
[3686/3882] Building CXX object samples/cpp/CMakeFiles/example_tutorial_pnp_detection.dir/tutorial_code/calib3d/real_time_pose_estimation/src/Model.cpp.o
[3687/3882] Linking CXX executable bin/example_cpp_matchmethod_orb_akaze_brisk
[3688/3882] Linking CXX executable bin/example_cpp_fback
[3689/3882] Linking CXX executable bin/example_cpp_videocapture_basic
[3690/3882] Linking CXX executable bin/example_cpp_distrans
[3691/3882] Linking CXX executable bin/example_tutorial_filter2D_demo
[3692/3882] Linking CXX executable bin/example_cpp_train_svmsgd
[3693/3882] Linking CXX executable bin/example_cpp_segment_objects
[3694/3882] Linking CXX executable bin/example_tutorial_calcHist_Demo
[3695/3882] Linking CXX executable bin/example_cpp_videocapture_realsense
[3696/3882] Building CXX object samples/cpp/CMakeFiles/example_tutorial_face_beautification.dir/tutorial_code/gapi/face_beautification/face_beautification.cpp.o
[3697/3882] Linking CXX executable bin/example_tutorial_Morphology_2
[3698/3882] Linking CXX executable bin/example_tutorial_perspective_correction
[3699/3882] Linking CXX executable bin/example_tutorial_cloning_demo
[3700/3882] Linking CXX executable bin/example_cpp_phase_corr
[3701/3882] Linking CXX executable bin/example_cpp_opencv_version
[3702/3882] Linking CXX executable bin/example_cpp_minarea
[3703/3882] Linking CXX executable bin/example_tutorial_introduction_to_pca
[3704/3882] Linking CXX executable bin/example_tutorial_meanshift
[3705/3882] Linking CXX executable bin/example_tutorial_EqualizeHist_Demo
[3706/3882] Linking CXX executable bin/example_snippet_core_split
[3707/3882] Linking CXX executable bin/example_tutorial_motion_deblur_filter
[3708/3882] Linking CXX executable bin/example_tutorial_univ_intrin
[3709/3882] Linking CXX executable bin/example_tutorial_goodFeaturesToTrack_Demo
[3710/3882] Linking CXX executable bin/example_tutorial_create_board
[3711/3882] Linking CXX executable bin/example_tutorial_mat_the_basic_image_container
[3712/3882] Linking CXX executable bin/example_tutorial_hull_demo
[3713/3882] Linking CXX executable bin/example_tutorial_out_of_focus_deblur_filter
[3714/3882] Linking CXX executable bin/example_cpp_pca
[3715/3882] Linking CXX executable bin/example_tutorial_gpu-basics-similarity
[3716/3882] Linking CXX executable bin/example_cpp_select3dobj
[3717/3882] Linking CXX executable bin/example_tutorial_cornerDetector_Demo
[3718/3882] Linking CXX executable bin/example_cpp_imagelist_creator
[3719/3882] Linking CXX executable bin/example_snippet_imgproc_HoughLinesCircles
[3720/3882] Linking CXX executable bin/example_tutorial_mat_operations
[3721/3882] Linking CXX executable bin/example_cpp_ela
[3722/3882] Linking CXX executable bin/example_snippet_imgproc_calcHist
[3723/3882] Linking CXX executable bin/example_tutorial_LATCH_match
[3724/3882] Linking CXX executable bin/example_tutorial_panorama_stitching_rotating_camera
[3725/3882] Linking CXX executable bin/example_cpp_fitellipse
[3726/3882] Linking CXX executable bin/example_tutorial_camera_calibration
[3727/3882] Linking CXX executable bin/example_cpp_logistic_regression
[3728/3882] Linking CXX executable bin/example_cpp_polar_transforms
[3729/3882] Linking CXX executable bin/example_tutorial_pointPolygonTest_demo
[3730/3882] Linking CXX executable bin/example_cpp_essential_mat_reconstr
[3731/3882] Linking CXX executable bin/example_tutorial_mat_mask_operations
[3732/3882] Linking CXX executable bin/example_tutorial_copyMakeBorder_demo
[3733/3882] Linking CXX executable bin/example_cpp_mask_tmpl
[3734/3882] Linking CXX executable bin/example_tutorial_compareHist_Demo
[3735/3882] Linking CXX executable bin/example_tutorial_HoughLines_Demo
[3736/3882] Linking CXX executable bin/example_cpp_travelsalesman
[3737/3882] Linking CXX executable bin/example_cpp_points_classifier
[3738/3882] Linking CXX executable bin/example_tutorial_calcBackProject_Demo1
[3739/3882] Linking CXX executable bin/example_cpp_peopledetect
[3740/3882] Linking CXX executable bin/example_tutorial_Geometric_Transforms_Demo
[3741/3882] Linking CXX executable bin/example_tutorial_HoughCircle_Demo
[3742/3882] Linking CXX executable bin/example_tutorial_calcBackProject_Demo2
[3743/3882] Linking CXX executable bin/example_tutorial_detect_markers
[3744/3882] Linking CXX executable bin/example_cpp_videocapture_camera
[3745/3882] Linking CXX executable bin/example_cpp_videocapture_obsensor
[3746/3882] Linking CXX executable bin/example_tutorial_findContours_demo
[3747/3882] Linking CXX executable bin/example_cpp_text_skewness_correction
[3748/3882] Linking CXX executable bin/example_tutorial_Morphology_1
[3749/3882] Linking CXX executable bin/example_cpp_npr_demo
[3750/3882] Linking CXX executable bin/example_tutorial_BasicLinearTransformsTrackbar
[3751/3882] Linking CXX executable bin/example_tutorial_objectDetection
[3752/3882] Linking CXX executable bin/example_cpp_convexhull
[3753/3882] Linking CXX executable bin/example_tutorial_create_diamond
[3754/3882] Linking CXX executable bin/example_cpp_gauge
[3755/3882] Linking CXX executable bin/example_tutorial_moments_demo
[3756/3882] Linking CXX executable bin/example_tutorial_Drawing_2
[3757/3882] Linking CXX executable bin/example_cpp_train_HOG
[3758/3882] Linking CXX executable bin/example_tutorial_Smoothing
[3759/3882] Building CXX object samples/cpp/CMakeFiles/example_cpp_stitching_detailed.dir/stitching_detailed.cpp.o
[3760/3882] Linking CXX executable bin/example_cpp_facedetect
[3761/3882] Linking CXX executable bin/example_tutorial_video-input-psnr-ssim
[3762/3882] Linking CXX executable bin/example_cpp_watershed
[3763/3882] Linking CXX executable bin/example_tutorial_kernel_api_snippets
[3764/3882] Linking CXX executable bin/example_tutorial_anisotropic_image_segmentation
[3765/3882] Linking CXX executable bin/example_tutorial_CannyDetector_Demo
[3766/3882] Linking CXX executable bin/example_tutorial_discrete_fourier_transform
[3767/3882] Linking CXX executable bin/example_snippet_imgproc_HoughLinesP
[3768/3882] Linking CXX executable bin/example_cpp_imgcodecs_jpeg
[3769/3882] Linking CXX executable bin/example_cpp_videocapture_audio
[3770/3882] Linking CXX executable bin/example_tutorial_houghlines
[3771/3882] Linking CXX executable bin/example_cpp_videocapture_microphone
[3772/3882] Linking CXX executable bin/example_tutorial_pose_from_homography
[3773/3882] Linking CXX executable bin/example_tutorial_Threshold
[3774/3882] Linking CXX executable bin/example_snippet_imgcodecs_imwrite
[3775/3882] Linking CXX executable bin/example_snippet_core_various
[3776/3882] Linking CXX executable bin/example_tutorial_homography_from_camera_displacement
[3777/3882] Linking CXX executable bin/example_tutorial_generalizedHoughTransform
[3778/3882] Linking CXX executable bin/example_snippet_imgproc_drawContours
[3779/3882] Linking CXX executable bin/example_cpp_neural_network
[3780/3882] Linking CXX executable bin/example_tutorial_gdal-image
[3781/3882] Linking CXX executable bin/example_tutorial_cornerSubPix_Demo
[3782/3882] Linking CXX executable bin/example_tutorial_Threshold_inRange
[3783/3882] Linking CXX executable bin/example_cpp_lkdemo
[3784/3882] Linking CXX executable bin/example_cpp_falsecolor
[3785/3882] Linking CXX executable bin/example_snippet_core_mat_checkVector
[3786/3882] Linking CXX executable bin/example_cpp_qrcode
[3787/3882] Linking CXX executable bin/example_cpp_letter_recog
[3788/3882] Linking CXX executable bin/example_cpp_videocapture_audio_combination
[3789/3882] Linking CXX executable bin/example_cpp_ffilldemo
[3790/3882] Linking CXX executable bin/example_snippet_core_reduce
[3791/3882] Linking CXX executable bin/example_tutorial_MatchTemplate_Demo
[3792/3882] Linking CXX executable bin/example_tutorial_generalContours_demo1
[3793/3882] Linking CXX executable bin/example_tutorial_create_board_charuco
[3794/3882] Linking CXX executable bin/example_cpp_squares
[3795/3882] Linking CXX executable bin/example_cpp_tree_engine
[3796/3882] Linking CXX executable bin/example_snippet_core_merge
[3797/3882] Linking CXX executable bin/example_cpp_videowriter_basic
[3798/3882] Linking CXX executable bin/example_tutorial_Morphology_3
[3799/3882] Linking CXX executable bin/example_tutorial_Laplace_Demo
[3800/3882] Linking CXX executable bin/example_cpp_drawing
[3801/3882] Linking CXX executable bin/example_tutorial_bg_sub
[3802/3882] Linking CXX executable bin/example_tutorial_AddingImages
[3803/3882] Linking CXX executable bin/example_cpp_intersectExample
[3804/3882] Linking CXX executable bin/example_tutorial_porting_anisotropic_image_segmentation_gapi
[3805/3882] Linking CXX executable bin/example_tutorial_houghcircles
[3806/3882] Linking CXX executable bin/example_tutorial_animations
[3807/3882] Linking CXX executable bin/example_cpp_morphology2
[3808/3882] Linking CXX executable bin/example_tutorial_Drawing_1
[3809/3882] Linking CXX executable bin/example_tutorial_SURF_detection_Demo
[3810/3882] Linking CXX executable bin/example_cpp_kmeans
[3811/3882] Linking CXX executable bin/example_tutorial_periodic_noise_removing_filter
[3812/3882] Linking CXX executable bin/example_tutorial_optical_flow
[3813/3882] Linking CXX executable bin/example_tutorial_SURF_matching_Demo
[3814/3882] Linking CXX executable bin/example_cpp_kalman
[3815/3882] Linking CXX executable bin/example_cpp_videocapture_openni
[3816/3882] Linking CXX executable bin/example_tutorial_optical_flow_dense
[3817/3882] Linking CXX executable bin/example_cpp_facial_features
[3818/3882] Linking CXX executable bin/example_tutorial_create_marker
[3819/3882] Linking CXX executable bin/example_tutorial_cloning_gui
[3820/3882] Linking CXX executable bin/example_tutorial_introduction_to_svm
[3821/3882] Linking CXX executable bin/example_cpp_create_mask
[3822/3882] Linking CXX executable bin/example_cpp_stereo_match
[3823/3882] Linking CXX executable bin/example_tutorial_npr_demo
[3824/3882] Linking CXX executable bin/example_cpp_smiledetect
[3825/3882] Linking CXX executable bin/example_tutorial_openni_orbbec_astra
[3826/3882] Linking CXX executable bin/example_cpp_videocapture_gphoto2_autofocus
[3827/3882] Linking CXX executable bin/example_cpp_grabcut
[3828/3882] Linking CXX executable bin/example_cpp_warpPerspective_demo
[3829/3882] Linking CXX executable bin/example_tutorial_planar_tracking
[3830/3882] Linking CXX executable bin/example_cpp_videocapture_image_sequence
[3831/3882] Linking CXX executable bin/example_tutorial_detect_board_charuco
[3832/3882] Linking CXX executable bin/example_tutorial_how_to_use_OpenCV_parallel_for_new
[3833/3882] Linking CXX executable bin/example_cpp_image_alignment
[3834/3882] Linking CXX executable bin/example_tutorial_Pyramids
[3835/3882] Linking CXX executable bin/example_cpp_lsd_lines
[3836/3882] Linking CXX executable bin/example_tutorial_imageSegmentation
[3837/3882] Linking CXX executable bin/example_tutorial_how_to_scan_images
[3838/3882] Linking CXX executable bin/example_tutorial_AddingImagesTrackbar
[3839/3882] Linking CXX executable bin/example_tutorial_BasicLinearTransforms
[3840/3882] Linking CXX executable bin/example_tutorial_AKAZE_match
[3841/3882] Linking CXX executable bin/example_tutorial_SURF_FLANN_matching_homography_Demo
[3842/3882] Linking CXX executable bin/example_tutorial_HitMiss
[3843/3882] Linking CXX executable bin/example_tutorial_decolor
[3844/3882] Linking CXX executable bin/example_tutorial_non_linear_svms
[3845/3882] Linking CXX executable bin/example_tutorial_cornerHarris_Demo
[3846/3882] Linking CXX executable bin/example_cpp_stitching
[3847/3882] Linking CXX executable bin/example_tutorial_video-write
[3848/3882] Linking CXX executable bin/example_cpp_stereo_calib
[3849/3882] Linking CXX executable bin/example_tutorial_how_to_use_OpenCV_parallel_for_
[3850/3882] Linking CXX executable bin/example_tutorial_hdr_imaging
[3851/3882] Linking CXX executable bin/example_tutorial_camshift
[3852/3882] Linking CXX executable bin/example_tutorial_display_image
[3853/3882] Linking CXX executable bin/example_tutorial_calibrate_camera
[3854/3882] Linking CXX executable bin/example_tutorial_Sobel_Demo
[3855/3882] Linking CXX executable bin/example_tutorial_decompose_homography
[3856/3882] Linking CXX executable bin/example_cpp_laplace
[3857/3882] Linking CXX executable bin/example_cpp_em
[3858/3882] Linking CXX executable bin/example_snippet_imgproc_applyColorMap
[3859/3882] Linking CXX executable bin/example_tutorial_changing_contrast_brightness_image
[3860/3882] Linking CXX executable bin/example_tutorial_documentation
[3861/3882] Linking CXX executable bin/example_tutorial_detect_diamonds
[3862/3882] Linking CXX executable bin/example_cpp_videocapture_gstreamer_pipeline
[3863/3882] Linking CXX executable bin/example_tutorial_file_input_output
[3864/3882] Linking CXX executable bin/example_tutorial_calibrate_camera_charuco
[3865/3882] Linking CXX executable bin/example_tutorial_detect_board
[3866/3882] Linking CXX executable bin/example_tutorial_porting_anisotropic_image_segmentation_gapi_fluid
[3867/3882] Linking CXX executable bin/example_tutorial_pnp_registration
[3868/3882] Building CXX object samples/cpp/CMakeFiles/example_tutorial_security_barrier_camera.dir/tutorial_code/gapi/security_barrier_camera/security_barrier_camera.cpp.o
[3869/3882] Linking CXX executable bin/example_tutorial_dynamic_graph_snippets
[3870/3882] Building CXX object samples/cpp/CMakeFiles/example_tutorial_age_gender_emotion_recognition.dir/tutorial_code/gapi/age_gender_emotion_recognition/age_gender_emotion_recognition.cpp.o
[3871/3882] Linking CXX executable bin/example_tutorial_api_ref_snippets
[3872/3882] Building CXX object samples/cpp/CMakeFiles/example_tutorial_pnp_detection.dir/tutorial_code/calib3d/real_time_pose_estimation/src/RobustMatcher.cpp.o
[3873/3882] Building CXX object samples/cpp/CMakeFiles/example_tutorial_pnp_detection.dir/tutorial_code/calib3d/real_time_pose_estimation/src/Utils.cpp.o
[3874/3882] Linking CXX executable bin/example_cpp_flann_search_dataset
[3875/3882] Linking CXX executable bin/opencv_test_videostab
[3876/3882] Linking CXX executable bin/example_tutorial_face_beautification
[3877/3882] Linking CXX executable bin/example_tutorial_age_gender_emotion_recognition
[3878/3882] Linking CXX executable bin/example_tutorial_pnp_detection
[3879/3882] Linking CXX executable bin/example_tutorial_security_barrier_camera
[3880/3882] Linking CXX executable bin/example_cpp_stitching_detailed
[3881/3882] Building CXX object modules/python3/CMakeFiles/opencv_python3.dir/__/src2/cv2.cpp.o
[3882/3882] Linking CXX shared module lib/python3/cv2.cpython-310-x86_64-linux-gnu.so
