[----------]
[   INFO   ] 	Implementation variant: cuda.
[----------]
[----------]
[ GPU INFO ] 	Run test suite on NVIDIA A100-SXM4-40GB GPU.
[----------]
*** CUDA Device Query (Runtime API) version (CUDART static linking) *** 

Device count: 1

Device 0: "NVIDIA A100-SXM4-40GB"
  CUDA Driver Version / Runtime Version          12.40 / 12.40
  CUDA Capability Major/Minor version number:    8.0
  Total amount of global memory:                 40507 MBytes (42474471424 bytes)
  GPU Clock Speed:                               1.41 GHz
  Max Texture Dimension Size (x,y,z)             1D=(131072), 2D=(131072,65536), 3D=(16384,16384,16384)
  Max Layered Texture Size (dim) x layers        1D=(32768) x 2048, 2D=(32768,32768) x 2048
  Total amount of constant memory:               65536 bytes
  Total amount of shared memory per block:       49152 bytes
  Total number of registers available per block: 65536
  Warp size:                                     32
  Maximum number of threads per block:           1024
  Maximum sizes of each dimension of a block:    1024 x 1024 x 64
  Maximum sizes of each dimension of a grid:     2147483647 x 65535 x 65535
  Maximum memory pitch:                          2147483647 bytes
  Texture alignment:                             512 bytes
  Concurrent copy and execution:                 Yes with 3 copy engine(s)
  Run time limit on kernels:                     No
  Integrated GPU sharing Host Memory:            No
  Support host page-locked memory mapping:       Yes
  Concurrent kernel execution:                   Yes
  Alignment requirement for Surfaces:            Yes
  Device has ECC support enabled:                Yes
  Device is using TCC driver mode:               No
  Device supports Unified Addressing (UVA):      Yes
  Device PCI Bus ID / PCI location ID:           163 / 0
  Compute Mode:
      Default (multiple host threads can use ::cudaSetDevice() with device simultaneously) 

deviceQuery, CUDA Driver = CUDART, CUDA Driver Version  = 12.40, CUDA Runtime Version = 12.40, NumDevs = 1

TEST: Skip tests with tags: 'mem_6gb', 'verylong'
CTEST_FULL_OUTPUT
OpenCV version: 4.14.0-pre
OpenCV VCS version: 4.13.0-493-g7aa163b83f
Build type: Release
Compiler: /usr/bin/c++  (ver 11.4.0)
Algorithm hint: ALGO_HINT_ACCURATE
HAL: YES (ipp (ver 0.0.1))
Parallel framework: pthreads (nthreads=30)
CPU features: SSE SSE2 SSE3 *SSE4.1 *SSE4.2 *AVX *FP16 *AVX2 *AVX512-SKX?
Intel(R) IPP version: ippIP AVX2 (l9) 2026.0.0 (-) Jun 30 2026
Intel(R) IPP features code: 0x8000
[==========] Running 1881 tests from 67 test cases.
[----------] Global test environment set-up.
[----------] 42 tests from Sz_Type_Flags_GEMM
[ RUN      ] Sz_Type_Flags_GEMM.GEMM/0, where GetParam() = (512x512, 32FC1, 0)
[ PERFSTAT ]    (samples=25   mean=0.86   median=0.86   min=0.84   stddev=0.01 (1.4%))
[       OK ] Sz_Type_Flags_GEMM.GEMM/0 (80 ms)
[ RUN      ] Sz_Type_Flags_GEMM.GEMM/1, where GetParam() = (512x512, 32FC1, 0|cv::GEMM_1_T)
[ PERFSTAT ]    (samples=13   mean=0.86   median=0.86   min=0.85   stddev=0.01 (0.6%))
[       OK ] Sz_Type_Flags_GEMM.GEMM/1 (15 ms)
[ RUN      ] Sz_Type_Flags_GEMM.GEMM/2, where GetParam() = (512x512, 32FC1, 0|cv::GEMM_2_T)
[ PERFSTAT ]    (samples=10   mean=0.86   median=0.86   min=0.83   stddev=0.01 (1.1%))
[       OK ] Sz_Type_Flags_GEMM.GEMM/2 (11 ms)
[ RUN      ] Sz_Type_Flags_GEMM.GEMM/3, where GetParam() = (512x512, 32FC1, 0|cv::GEMM_3_T)
[ PERFSTAT ]    (samples=13   mean=0.87   median=0.86   min=0.86   stddev=0.02 (2.4%))
[       OK ] Sz_Type_Flags_GEMM.GEMM/3 (24 ms)
[ RUN      ] Sz_Type_Flags_GEMM.GEMM/4, where GetParam() = (512x512, 32FC1, 0|cv::GEMM_1_T|cv::GEMM_2_T)
[ PERFSTAT ]    (samples=13   mean=0.87   median=0.87   min=0.86   stddev=0.02 (2.5%))
[       OK ] Sz_Type_Flags_GEMM.GEMM/4 (17 ms)
[ RUN      ] Sz_Type_Flags_GEMM.GEMM/5, where GetParam() = (512x512, 32FC1, 0|cv::GEMM_1_T|cv::GEMM_3_T)
[ PERFSTAT ]    (samples=10   mean=0.86   median=0.86   min=0.84   stddev=0.01 (0.7%))
[       OK ] Sz_Type_Flags_GEMM.GEMM/5 (11 ms)
[ RUN      ] Sz_Type_Flags_GEMM.GEMM/6, where GetParam() = (512x512, 32FC1, 0|cv::GEMM_1_T|cv::GEMM_2_T|cv::GEMM_3_T)
[ PERFSTAT ]    (samples=10   mean=0.86   median=0.86   min=0.85   stddev=0.01 (0.6%))
[       OK ] Sz_Type_Flags_GEMM.GEMM/6 (11 ms)
[ RUN      ] Sz_Type_Flags_GEMM.GEMM/7, where GetParam() = (512x512, 32FC2, 0)
[ PERFSTAT ]    (samples=13   mean=0.96   median=0.95   min=0.95   stddev=0.02 (2.3%))
[       OK ] Sz_Type_Flags_GEMM.GEMM/7 (23 ms)
[ RUN      ] Sz_Type_Flags_GEMM.GEMM/8, where GetParam() = (512x512, 32FC2, 0|cv::GEMM_1_T)
[ PERFSTAT ]    (samples=13   mean=0.95   median=0.95   min=0.94   stddev=0.00 (0.4%))
[       OK ] Sz_Type_Flags_GEMM.GEMM/8 (17 ms)
[ RUN      ] Sz_Type_Flags_GEMM.GEMM/9, where GetParam() = (512x512, 32FC2, 0|cv::GEMM_2_T)
[ PERFSTAT ]    (samples=25   mean=0.95   median=0.95   min=0.94   stddev=0.02 (2.5%))
[       OK ] Sz_Type_Flags_GEMM.GEMM/9 (29 ms)
[ RUN      ] Sz_Type_Flags_GEMM.GEMM/10, where GetParam() = (512x512, 32FC2, 0|cv::GEMM_3_T)
[ PERFSTAT ]    (samples=13   mean=0.94   median=0.94   min=0.93   stddev=0.00 (0.4%))
[       OK ] Sz_Type_Flags_GEMM.GEMM/10 (17 ms)
[ RUN      ] Sz_Type_Flags_GEMM.GEMM/11, where GetParam() = (512x512, 32FC2, 0|cv::GEMM_1_T|cv::GEMM_2_T)
[ PERFSTAT ]    (samples=13   mean=0.95   median=0.95   min=0.94   stddev=0.00 (0.3%))
[       OK ] Sz_Type_Flags_GEMM.GEMM/11 (17 ms)
[ RUN      ] Sz_Type_Flags_GEMM.GEMM/12, where GetParam() = (512x512, 32FC2, 0|cv::GEMM_1_T|cv::GEMM_3_T)
[ PERFSTAT ]    (samples=23   mean=0.95   median=0.95   min=0.94   stddev=0.03 (3.0%))
[       OK ] Sz_Type_Flags_GEMM.GEMM/12 (27 ms)
[ RUN      ] Sz_Type_Flags_GEMM.GEMM/13, where GetParam() = (512x512, 32FC2, 0|cv::GEMM_1_T|cv::GEMM_2_T|cv::GEMM_3_T)
[ PERFSTAT ]    (samples=13   mean=0.94   median=0.94   min=0.94   stddev=0.00 (0.3%))
[       OK ] Sz_Type_Flags_GEMM.GEMM/13 (17 ms)
[ RUN      ] Sz_Type_Flags_GEMM.GEMM/14, where GetParam() = (512x512, 64FC1, 0)
[ PERFSTAT ]    (samples=25   mean=0.85   median=0.85   min=0.84   stddev=0.01 (0.8%))
[       OK ] Sz_Type_Flags_GEMM.GEMM/14 (46 ms)
[ RUN      ] Sz_Type_Flags_GEMM.GEMM/15, where GetParam() = (512x512, 64FC1, 0|cv::GEMM_1_T)
[ PERFSTAT ]    (samples=13   mean=0.85   median=0.85   min=0.85   stddev=0.00 (0.5%))
[       OK ] Sz_Type_Flags_GEMM.GEMM/15 (15 ms)
[ RUN      ] Sz_Type_Flags_GEMM.GEMM/16, where GetParam() = (512x512, 64FC1, 0|cv::GEMM_2_T)
[ PERFSTAT ]    (samples=13   mean=0.86   median=0.86   min=0.85   stddev=0.00 (0.5%))
[       OK ] Sz_Type_Flags_GEMM.GEMM/16 (14 ms)
[ RUN      ] Sz_Type_Flags_GEMM.GEMM/17, where GetParam() = (512x512, 64FC1, 0|cv::GEMM_3_T)
[ PERFSTAT ]    (samples=13   mean=0.85   median=0.85   min=0.85   stddev=0.00 (0.5%))
[       OK ] Sz_Type_Flags_GEMM.GEMM/17 (15 ms)
[ RUN      ] Sz_Type_Flags_GEMM.GEMM/18, where GetParam() = (512x512, 64FC1, 0|cv::GEMM_1_T|cv::GEMM_2_T)
[ PERFSTAT ]    (samples=13   mean=0.86   median=0.86   min=0.85   stddev=0.00 (0.4%))
[       OK ] Sz_Type_Flags_GEMM.GEMM/18 (15 ms)
[ RUN      ] Sz_Type_Flags_GEMM.GEMM/19, where GetParam() = (512x512, 64FC1, 0|cv::GEMM_1_T|cv::GEMM_3_T)
[ PERFSTAT ]    (samples=13   mean=0.86   median=0.86   min=0.85   stddev=0.01 (0.7%))
[       OK ] Sz_Type_Flags_GEMM.GEMM/19 (14 ms)
[ RUN      ] Sz_Type_Flags_GEMM.GEMM/20, where GetParam() = (512x512, 64FC1, 0|cv::GEMM_1_T|cv::GEMM_2_T|cv::GEMM_3_T)
[ PERFSTAT ]    (samples=13   mean=0.86   median=0.86   min=0.85   stddev=0.00 (0.5%))
[       OK ] Sz_Type_Flags_GEMM.GEMM/20 (15 ms)
[ RUN      ] Sz_Type_Flags_GEMM.GEMM/21, where GetParam() = (1024x1024, 32FC1, 0)
[ PERFSTAT ]    (samples=13   mean=1.00   median=1.00   min=0.98   stddev=0.01 (0.9%))
[       OK ] Sz_Type_Flags_GEMM.GEMM/21 (24 ms)
[ RUN      ] Sz_Type_Flags_GEMM.GEMM/22, where GetParam() = (1024x1024, 32FC1, 0|cv::GEMM_1_T)
[ PERFSTAT ]    (samples=13   mean=1.00   median=1.01   min=0.99   stddev=0.01 (0.9%))
[       OK ] Sz_Type_Flags_GEMM.GEMM/22 (23 ms)
[ RUN      ] Sz_Type_Flags_GEMM.GEMM/23, where GetParam() = (1024x1024, 32FC1, 0|cv::GEMM_2_T)
[ PERFSTAT ]    (samples=13   mean=1.00   median=1.01   min=0.98   stddev=0.01 (1.3%))
[       OK ] Sz_Type_Flags_GEMM.GEMM/23 (22 ms)
[ RUN      ] Sz_Type_Flags_GEMM.GEMM/24, where GetParam() = (1024x1024, 32FC1, 0|cv::GEMM_3_T)
[ PERFSTAT ]    (samples=19   mean=1.00   median=1.00   min=0.97   stddev=0.03 (2.9%))
[       OK ] Sz_Type_Flags_GEMM.GEMM/24 (29 ms)
[ RUN      ] Sz_Type_Flags_GEMM.GEMM/25, where GetParam() = (1024x1024, 32FC1, 0|cv::GEMM_1_T|cv::GEMM_2_T)
[ PERFSTAT ]    (samples=13   mean=1.00   median=1.01   min=0.98   stddev=0.02 (1.8%))
[       OK ] Sz_Type_Flags_GEMM.GEMM/25 (22 ms)
[ RUN      ] Sz_Type_Flags_GEMM.GEMM/26, where GetParam() = (1024x1024, 32FC1, 0|cv::GEMM_1_T|cv::GEMM_3_T)
[ PERFSTAT ]    (samples=13   mean=1.00   median=1.01   min=0.99   stddev=0.01 (1.1%))
[       OK ] Sz_Type_Flags_GEMM.GEMM/26 (22 ms)
[ RUN      ] Sz_Type_Flags_GEMM.GEMM/27, where GetParam() = (1024x1024, 32FC1, 0|cv::GEMM_1_T|cv::GEMM_2_T|cv::GEMM_3_T)
[ PERFSTAT ]    (samples=13   mean=1.01   median=1.01   min=0.99   stddev=0.01 (1.0%))
[       OK ] Sz_Type_Flags_GEMM.GEMM/27 (23 ms)
[ RUN      ] Sz_Type_Flags_GEMM.GEMM/28, where GetParam() = (1024x1024, 32FC2, 0)
/data/xumengying/tool-verify/opencv-verify/src/opencv/modules/ts/src/ts_perf.cpp:366: Failure
The difference between expect_min and actual_min is 2048, which exceeds eps, where
expect_min evaluates to -1227700992,
actual_min evaluates to -1227703040, and
eps evaluates to 1327.407616.
Argument "gpu_dst" has unexpected minimal value

params    = (1024x1024, 32FC2, 0)
termination reason:  unknown
bytesIn   =   25165824
bytesOut  =          0
samples   =         13 of 100
outliers  =          1
frequency = 1000000000
min       =    1422329 = 1.42ms
median    =    1444771 = 1.44ms
gmean     =    1442129 = 1.44ms
gstddev   = 0.00698013 = 0.06ms for 97% dispersion interval
mean      =    1442161 = 1.44ms
stddev    =      10044 = 0.01ms
[  FAILED  ] Sz_Type_Flags_GEMM.GEMM/28, where GetParam() = (1024x1024, 32FC2, 0) (37 ms)
[ RUN      ] Sz_Type_Flags_GEMM.GEMM/29, where GetParam() = (1024x1024, 32FC2, 0|cv::GEMM_1_T)
/data/xumengying/tool-verify/opencv-verify/src/opencv/modules/ts/src/ts_perf.cpp:366: Failure
The difference between expect_min and actual_min is 1280, which exceeds eps, where
expect_min evaluates to -1209004032,
actual_min evaluates to -1209005312, and
eps evaluates to 1209.0040320000001.
Argument "gpu_dst" has unexpected minimal value

params    = (1024x1024, 32FC2, 0|cv::GEMM_1_T)
termination reason:  unknown
bytesIn   =   25165824
bytesOut  =          0
samples   =         13 of 100
outliers  =          1
frequency = 1000000000
min       =    1419493 = 1.42ms
median    =    1441745 = 1.44ms
gmean     =    1440764 = 1.44ms
gstddev   = 0.00904655 = 0.08ms for 97% dispersion interval
mean      =    1440818 = 1.44ms
stddev    =      13044 = 0.01ms
[  FAILED  ] Sz_Type_Flags_GEMM.GEMM/29, where GetParam() = (1024x1024, 32FC2, 0|cv::GEMM_1_T) (39 ms)
[ RUN      ] Sz_Type_Flags_GEMM.GEMM/30, where GetParam() = (1024x1024, 32FC2, 0|cv::GEMM_2_T)
/data/xumengying/tool-verify/opencv-verify/src/opencv/modules/ts/src/ts_perf.cpp:366: Failure
The difference between expect_min and actual_min is 1664, which exceeds eps, where
expect_min evaluates to -1359289600,
actual_min evaluates to -1359291264, and
eps evaluates to 1359.2895999999998.
Argument "gpu_dst" has unexpected minimal value

params    = (1024x1024, 32FC2, 0|cv::GEMM_2_T)
termination reason:  unknown
bytesIn   =   25165824
bytesOut  =          0
samples   =         13 of 100
outliers  =          1
frequency = 1000000000
min       =    1437347 = 1.44ms
median    =    1452751 = 1.45ms
gmean     =    1455781 = 1.46ms
gstddev   = 0.01666370 = 0.15ms for 97% dispersion interval
mean      =    1455969 = 1.46ms
stddev    =      24754 = 0.02ms
[  FAILED  ] Sz_Type_Flags_GEMM.GEMM/30, where GetParam() = (1024x1024, 32FC2, 0|cv::GEMM_2_T) (38 ms)
[ RUN      ] Sz_Type_Flags_GEMM.GEMM/31, where GetParam() = (1024x1024, 32FC2, 0|cv::GEMM_3_T)
/data/xumengying/tool-verify/opencv-verify/src/opencv/modules/ts/src/ts_perf.cpp:366: Failure
The difference between expect_min and actual_min is 2048, which exceeds eps, where
expect_min evaluates to -1227705600,
actual_min evaluates to -1227707648, and
eps evaluates to 1327.4123519999998.
Argument "gpu_dst" has unexpected minimal value

params    = (1024x1024, 32FC2, 0|cv::GEMM_3_T)
termination reason:  unknown
bytesIn   =   25165824
bytesOut  =          0
samples   =         25 of 100
outliers  =          2
frequency = 1000000000
min       =    1423380 = 1.42ms
median    =    1445732 = 1.45ms
gmean     =    1445991 = 1.45ms
gstddev   = 0.00659868 = 0.06ms for 97% dispersion interval
mean      =    1446021 = 1.45ms
stddev    =       9516 = 0.01ms
[  FAILED  ] Sz_Type_Flags_GEMM.GEMM/31, where GetParam() = (1024x1024, 32FC2, 0|cv::GEMM_3_T) (58 ms)
[ RUN      ] Sz_Type_Flags_GEMM.GEMM/32, where GetParam() = (1024x1024, 32FC2, 0|cv::GEMM_1_T|cv::GEMM_2_T)
[ PERFSTAT ]    (samples=13   mean=1.39   median=1.40   min=1.37   stddev=0.01 (1.0%))
[       OK ] Sz_Type_Flags_GEMM.GEMM/32 (37 ms)
[ RUN      ] Sz_Type_Flags_GEMM.GEMM/33, where GetParam() = (1024x1024, 32FC2, 0|cv::GEMM_1_T|cv::GEMM_3_T)
/data/xumengying/tool-verify/opencv-verify/src/opencv/modules/ts/src/ts_perf.cpp:366: Failure
The difference between expect_min and actual_min is 1408, which exceeds eps, where
expect_min evaluates to -1208999552,
actual_min evaluates to -1209000960, and
eps evaluates to 1208.999552.
Argument "gpu_dst" has unexpected minimal value

params    = (1024x1024, 32FC2, 0|cv::GEMM_1_T|cv::GEMM_3_T)
termination reason:  unknown
bytesIn   =   25165824
bytesOut  =          0
samples   =         25 of 100
outliers  =          2
frequency = 1000000000
min       =    1370640 = 1.37ms
median    =    1395528 = 1.40ms
gmean     =    1394224 = 1.39ms
gstddev   = 0.01115812 = 0.09ms for 97% dispersion interval
mean      =    1394308 = 1.39ms
stddev    =      15673 = 0.02ms
[  FAILED  ] Sz_Type_Flags_GEMM.GEMM/33, where GetParam() = (1024x1024, 32FC2, 0|cv::GEMM_1_T|cv::GEMM_3_T) (56 ms)
[ RUN      ] Sz_Type_Flags_GEMM.GEMM/34, where GetParam() = (1024x1024, 32FC2, 0|cv::GEMM_1_T|cv::GEMM_2_T|cv::GEMM_3_T)
[ PERFSTAT ]    (samples=13   mean=1.40   median=1.40   min=1.38   stddev=0.04 (2.6%))
[       OK ] Sz_Type_Flags_GEMM.GEMM/34 (38 ms)
[ RUN      ] Sz_Type_Flags_GEMM.GEMM/35, where GetParam() = (1024x1024, 64FC1, 0)
[ PERFSTAT ]    (samples=25   mean=0.96   median=0.96   min=0.94   stddev=0.01 (1.0%))
[       OK ] Sz_Type_Flags_GEMM.GEMM/35 (40 ms)
[ RUN      ] Sz_Type_Flags_GEMM.GEMM/36, where GetParam() = (1024x1024, 64FC1, 0|cv::GEMM_1_T)
[ PERFSTAT ]    (samples=13   mean=0.95   median=0.95   min=0.94   stddev=0.01 (0.9%))
[       OK ] Sz_Type_Flags_GEMM.GEMM/36 (28 ms)
[ RUN      ] Sz_Type_Flags_GEMM.GEMM/37, where GetParam() = (1024x1024, 64FC1, 0|cv::GEMM_2_T)
[ PERFSTAT ]    (samples=18   mean=0.97   median=0.97   min=0.94   stddev=0.03 (3.0%))
[       OK ] Sz_Type_Flags_GEMM.GEMM/37 (33 ms)
[ RUN      ] Sz_Type_Flags_GEMM.GEMM/38, where GetParam() = (1024x1024, 64FC1, 0|cv::GEMM_3_T)
[ PERFSTAT ]    (samples=28   mean=0.96   median=0.96   min=0.93   stddev=0.03 (3.0%))
[       OK ] Sz_Type_Flags_GEMM.GEMM/38 (43 ms)
[ RUN      ] Sz_Type_Flags_GEMM.GEMM/39, where GetParam() = (1024x1024, 64FC1, 0|cv::GEMM_1_T|cv::GEMM_2_T)
[ PERFSTAT ]    (samples=13   mean=0.95   median=0.95   min=0.94   stddev=0.01 (0.9%))
[       OK ] Sz_Type_Flags_GEMM.GEMM/39 (28 ms)
[ RUN      ] Sz_Type_Flags_GEMM.GEMM/40, where GetParam() = (1024x1024, 64FC1, 0|cv::GEMM_1_T|cv::GEMM_3_T)
[ PERFSTAT ]    (samples=25   mean=0.95   median=0.96   min=0.94   stddev=0.01 (0.9%))
[       OK ] Sz_Type_Flags_GEMM.GEMM/40 (41 ms)
[ RUN      ] Sz_Type_Flags_GEMM.GEMM/41, where GetParam() = (1024x1024, 64FC1, 0|cv::GEMM_1_T|cv::GEMM_2_T|cv::GEMM_3_T)
[ PERFSTAT ]    (samples=13   mean=0.96   median=0.95   min=0.94   stddev=0.02 (1.8%))
[       OK ] Sz_Type_Flags_GEMM.GEMM/41 (28 ms)
[----------] 42 tests from Sz_Type_Flags_GEMM (1159 ms total)

[----------] 6 tests from Sz_Flags_MulSpectrums
[ RUN      ] Sz_Flags_MulSpectrums.MulSpectrums/0, where GetParam() = (1280x720, 0)
[ PERFSTAT ]    (samples=25   mean=0.02   median=0.02   min=0.02   stddev=0.00 (1.8%))
[       OK ] Sz_Flags_MulSpectrums.MulSpectrums/0 (17 ms)
[ RUN      ] Sz_Flags_MulSpectrums.MulSpectrums/1, where GetParam() = (1280x720, 0|cv::DFT_ROWS)
[ PERFSTAT ]    (samples=25   mean=0.02   median=0.02   min=0.02   stddev=0.00 (2.6%))
[       OK ] Sz_Flags_MulSpectrums.MulSpectrums/1 (13 ms)
[ RUN      ] Sz_Flags_MulSpectrums.MulSpectrums/2, where GetParam() = (1280x1024, 0)
[ PERFSTAT ]    (samples=25   mean=0.03   median=0.03   min=0.03   stddev=0.00 (2.7%))
[       OK ] Sz_Flags_MulSpectrums.MulSpectrums/2 (16 ms)
[ RUN      ] Sz_Flags_MulSpectrums.MulSpectrums/3, where GetParam() = (1280x1024, 0|cv::DFT_ROWS)
[ PERFSTAT ]    (samples=23   mean=0.03   median=0.03   min=0.03   stddev=0.00 (3.0%))
[       OK ] Sz_Flags_MulSpectrums.MulSpectrums/3 (18 ms)
[ RUN      ] Sz_Flags_MulSpectrums.MulSpectrums/4, where GetParam() = (1920x1080, 0)
[ PERFSTAT ]    (samples=13   mean=0.05   median=0.05   min=0.05   stddev=0.00 (2.4%))
[       OK ] Sz_Flags_MulSpectrums.MulSpectrums/4 (25 ms)
[ RUN      ] Sz_Flags_MulSpectrums.MulSpectrums/5, where GetParam() = (1920x1080, 0|cv::DFT_ROWS)
[ PERFSTAT ]    (samples=13   mean=0.05   median=0.05   min=0.05   stddev=0.00 (2.0%))
[       OK ] Sz_Flags_MulSpectrums.MulSpectrums/5 (25 ms)
[----------] 6 tests from Sz_Flags_MulSpectrums (114 ms total)

[----------] 3 tests from Sz_MulAndScaleSpectrums
[ RUN      ] Sz_MulAndScaleSpectrums.MulAndScaleSpectrums/0, where GetParam() = 1280x720
[ PERFSTAT ]    (samples=63   mean=0.02   median=0.02   min=0.02   stddev=0.00 (2.7%))
[       OK ] Sz_MulAndScaleSpectrums.MulAndScaleSpectrums/0 (11 ms)
[ RUN      ] Sz_MulAndScaleSpectrums.MulAndScaleSpectrums/1, where GetParam() = 1280x1024
[ PERFSTAT ]    (samples=18   mean=0.03   median=0.03   min=0.03   stddev=0.00 (3.0%))
[       OK ] Sz_MulAndScaleSpectrums.MulAndScaleSpectrums/1 (15 ms)
[ RUN      ] Sz_MulAndScaleSpectrums.MulAndScaleSpectrums/2, where GetParam() = 1920x1080
[ PERFSTAT ]    (samples=13   mean=0.05   median=0.05   min=0.05   stddev=0.00 (2.2%))
[       OK ] Sz_MulAndScaleSpectrums.MulAndScaleSpectrums/2 (23 ms)
[----------] 3 tests from Sz_MulAndScaleSpectrums (49 ms total)

[----------] 9 tests from Sz_Flags_Dft
[ RUN      ] Sz_Flags_Dft.Dft/0, where GetParam() = (1280x720, 0)
[ PERFSTAT ]    (samples=10   mean=107.48   median=106.90   min=106.67   stddev=1.70 (1.6%))
[       OK ] Sz_Flags_Dft.Dft/0 (1080 ms)
[ RUN      ] Sz_Flags_Dft.Dft/1, where GetParam() = (1280x720, 0|cv::DFT_ROWS)
[ PERFSTAT ]    (samples=10   mean=70.78   median=70.61   min=70.30   stddev=0.47 (0.7%))
[       OK ] Sz_Flags_Dft.Dft/1 (713 ms)
[ RUN      ] Sz_Flags_Dft.Dft/2, where GetParam() = (1280x720, 0|cv::DFT_INVERSE)
[ PERFSTAT ]    (samples=10   mean=107.22   median=107.28   min=106.65   stddev=0.43 (0.4%))
[       OK ] Sz_Flags_Dft.Dft/2 (1078 ms)
[ RUN      ] Sz_Flags_Dft.Dft/3, where GetParam() = (1280x1024, 0)
[ PERFSTAT ]    (samples=10   mean=121.86   median=121.79   min=121.56   stddev=0.41 (0.3%))
[       OK ] Sz_Flags_Dft.Dft/3 (1226 ms)
[ RUN      ] Sz_Flags_Dft.Dft/4, where GetParam() = (1280x1024, 0|cv::DFT_ROWS)
[ PERFSTAT ]    (samples=10   mean=71.06   median=70.79   min=70.52   stddev=0.62 (0.9%))
[       OK ] Sz_Flags_Dft.Dft/4 (718 ms)
[ RUN      ] Sz_Flags_Dft.Dft/5, where GetParam() = (1280x1024, 0|cv::DFT_INVERSE)
[ PERFSTAT ]    (samples=10   mean=122.42   median=122.32   min=122.03   stddev=0.30 (0.2%))
[       OK ] Sz_Flags_Dft.Dft/5 (1231 ms)
[ RUN      ] Sz_Flags_Dft.Dft/6, where GetParam() = (1920x1080, 0)
[ PERFSTAT ]    (samples=10   mean=213.20   median=212.60   min=212.01   stddev=1.36 (0.6%))
[       OK ] Sz_Flags_Dft.Dft/6 (2146 ms)
[ RUN      ] Sz_Flags_Dft.Dft/7, where GetParam() = (1920x1080, 0|cv::DFT_ROWS)
[ PERFSTAT ]    (samples=10   mean=212.47   median=212.08   min=211.78   stddev=1.19 (0.6%))
[       OK ] Sz_Flags_Dft.Dft/7 (2139 ms)
[ RUN      ] Sz_Flags_Dft.Dft/8, where GetParam() = (1920x1080, 0|cv::DFT_INVERSE)
[ PERFSTAT ]    (samples=10   mean=213.26   median=212.70   min=212.29   stddev=1.32 (0.6%))
[       OK ] Sz_Flags_Dft.Dft/8 (2147 ms)
[----------] 9 tests from Sz_Flags_Dft (12478 ms total)

[----------] 24 tests from Sz_KernelSz_Ccorr_Convolve
[ RUN      ] Sz_KernelSz_Ccorr_Convolve.Convolve/0, where GetParam() = (1280x720, 17, false)
[ PERFSTAT ]    (samples=13   mean=0.42   median=0.42   min=0.41   stddev=0.00 (0.8%))
[       OK ] Sz_KernelSz_Ccorr_Convolve.Convolve/0 (119 ms)
[ RUN      ] Sz_KernelSz_Ccorr_Convolve.Convolve/1, where GetParam() = (1280x720, 17, true)
[ PERFSTAT ]    (samples=13   mean=0.42   median=0.42   min=0.41   stddev=0.00 (0.7%))
[       OK ] Sz_KernelSz_Ccorr_Convolve.Convolve/1 (112 ms)
[ RUN      ] Sz_KernelSz_Ccorr_Convolve.Convolve/2, where GetParam() = (1280x720, 27, false)
[ PERFSTAT ]    (samples=13   mean=0.42   median=0.42   min=0.41   stddev=0.00 (0.6%))
[       OK ] Sz_KernelSz_Ccorr_Convolve.Convolve/2 (111 ms)
[ RUN      ] Sz_KernelSz_Ccorr_Convolve.Convolve/3, where GetParam() = (1280x720, 27, true)
[ PERFSTAT ]    (samples=13   mean=0.42   median=0.42   min=0.41   stddev=0.00 (0.5%))
[       OK ] Sz_KernelSz_Ccorr_Convolve.Convolve/3 (112 ms)
[ RUN      ] Sz_KernelSz_Ccorr_Convolve.Convolve/4, where GetParam() = (1280x720, 32, false)
[ PERFSTAT ]    (samples=50   mean=0.42   median=0.42   min=0.41   stddev=0.01 (2.8%))
[       OK ] Sz_KernelSz_Ccorr_Convolve.Convolve/4 (128 ms)
[ RUN      ] Sz_KernelSz_Ccorr_Convolve.Convolve/5, where GetParam() = (1280x720, 32, true)
[ PERFSTAT ]    (samples=13   mean=0.42   median=0.42   min=0.42   stddev=0.00 (0.4%))
[       OK ] Sz_KernelSz_Ccorr_Convolve.Convolve/5 (134 ms)
[ RUN      ] Sz_KernelSz_Ccorr_Convolve.Convolve/6, where GetParam() = (1280x720, 64, false)
[ PERFSTAT ]    (samples=13   mean=0.42   median=0.42   min=0.42   stddev=0.00 (0.6%))
[       OK ] Sz_KernelSz_Ccorr_Convolve.Convolve/6 (112 ms)
[ RUN      ] Sz_KernelSz_Ccorr_Convolve.Convolve/7, where GetParam() = (1280x720, 64, true)
[ PERFSTAT ]    (samples=13   mean=0.42   median=0.42   min=0.41   stddev=0.00 (0.4%))
[       OK ] Sz_KernelSz_Ccorr_Convolve.Convolve/7 (111 ms)
[ RUN      ] Sz_KernelSz_Ccorr_Convolve.Convolve/8, where GetParam() = (1280x1024, 17, false)
[ PERFSTAT ]    (samples=13   mean=0.62   median=0.61   min=0.61   stddev=0.00 (0.4%))
[       OK ] Sz_KernelSz_Ccorr_Convolve.Convolve/8 (116 ms)
[ RUN      ] Sz_KernelSz_Ccorr_Convolve.Convolve/9, where GetParam() = (1280x1024, 17, true)
[ PERFSTAT ]    (samples=13   mean=0.62   median=0.62   min=0.61   stddev=0.00 (0.2%))
[       OK ] Sz_KernelSz_Ccorr_Convolve.Convolve/9 (115 ms)
[ RUN      ] Sz_KernelSz_Ccorr_Convolve.Convolve/10, where GetParam() = (1280x1024, 27, false)
[ PERFSTAT ]    (samples=25   mean=0.62   median=0.61   min=0.61   stddev=0.00 (0.4%))
[       OK ] Sz_KernelSz_Ccorr_Convolve.Convolve/10 (123 ms)
[ RUN      ] Sz_KernelSz_Ccorr_Convolve.Convolve/11, where GetParam() = (1280x1024, 27, true)
[ PERFSTAT ]    (samples=13   mean=0.61   median=0.61   min=0.61   stddev=0.00 (0.3%))
[       OK ] Sz_KernelSz_Ccorr_Convolve.Convolve/11 (115 ms)
[ RUN      ] Sz_KernelSz_Ccorr_Convolve.Convolve/12, where GetParam() = (1280x1024, 32, false)
[ PERFSTAT ]    (samples=13   mean=0.62   median=0.62   min=0.61   stddev=0.00 (0.6%))
[       OK ] Sz_KernelSz_Ccorr_Convolve.Convolve/12 (115 ms)
[ RUN      ] Sz_KernelSz_Ccorr_Convolve.Convolve/13, where GetParam() = (1280x1024, 32, true)
[ PERFSTAT ]    (samples=13   mean=0.62   median=0.62   min=0.61   stddev=0.00 (0.4%))
[       OK ] Sz_KernelSz_Ccorr_Convolve.Convolve/13 (115 ms)
[ RUN      ] Sz_KernelSz_Ccorr_Convolve.Convolve/14, where GetParam() = (1280x1024, 64, false)
[ PERFSTAT ]    (samples=13   mean=0.62   median=0.62   min=0.61   stddev=0.00 (0.4%))
[       OK ] Sz_KernelSz_Ccorr_Convolve.Convolve/14 (116 ms)
[ RUN      ] Sz_KernelSz_Ccorr_Convolve.Convolve/15, where GetParam() = (1280x1024, 64, true)
[ PERFSTAT ]    (samples=13   mean=0.62   median=0.62   min=0.61   stddev=0.00 (0.6%))
[       OK ] Sz_KernelSz_Ccorr_Convolve.Convolve/15 (116 ms)
[ RUN      ] Sz_KernelSz_Ccorr_Convolve.Convolve/16, where GetParam() = (1920x1080, 17, false)
[ PERFSTAT ]    (samples=13   mean=0.50   median=0.50   min=0.49   stddev=0.00 (0.4%))
[       OK ] Sz_KernelSz_Ccorr_Convolve.Convolve/16 (158 ms)
[ RUN      ] Sz_KernelSz_Ccorr_Convolve.Convolve/17, where GetParam() = (1920x1080, 17, true)
[ PERFSTAT ]    (samples=13   mean=0.50   median=0.50   min=0.50   stddev=0.00 (0.4%))
[       OK ] Sz_KernelSz_Ccorr_Convolve.Convolve/17 (158 ms)
[ RUN      ] Sz_KernelSz_Ccorr_Convolve.Convolve/18, where GetParam() = (1920x1080, 27, false)
[ PERFSTAT ]    (samples=13   mean=0.50   median=0.50   min=0.50   stddev=0.00 (0.3%))
[       OK ] Sz_KernelSz_Ccorr_Convolve.Convolve/18 (158 ms)
[ RUN      ] Sz_KernelSz_Ccorr_Convolve.Convolve/19, where GetParam() = (1920x1080, 27, true)
[ PERFSTAT ]    (samples=13   mean=0.50   median=0.50   min=0.49   stddev=0.00 (0.8%))
[       OK ] Sz_KernelSz_Ccorr_Convolve.Convolve/19 (160 ms)
[ RUN      ] Sz_KernelSz_Ccorr_Convolve.Convolve/20, where GetParam() = (1920x1080, 32, false)
[ PERFSTAT ]    (samples=13   mean=0.50   median=0.50   min=0.50   stddev=0.00 (0.5%))
[       OK ] Sz_KernelSz_Ccorr_Convolve.Convolve/20 (160 ms)
[ RUN      ] Sz_KernelSz_Ccorr_Convolve.Convolve/21, where GetParam() = (1920x1080, 32, true)
[ PERFSTAT ]    (samples=13   mean=0.50   median=0.50   min=0.50   stddev=0.00 (0.2%))
[       OK ] Sz_KernelSz_Ccorr_Convolve.Convolve/21 (158 ms)
[ RUN      ] Sz_KernelSz_Ccorr_Convolve.Convolve/22, where GetParam() = (1920x1080, 64, false)
[ PERFSTAT ]    (samples=13   mean=0.50   median=0.50   min=0.50   stddev=0.00 (0.4%))
[       OK ] Sz_KernelSz_Ccorr_Convolve.Convolve/22 (158 ms)
[ RUN      ] Sz_KernelSz_Ccorr_Convolve.Convolve/23, where GetParam() = (1920x1080, 64, true)
[ PERFSTAT ]    (samples=13   mean=0.50   median=0.50   min=0.49   stddev=0.00 (0.4%))
[       OK ] Sz_KernelSz_Ccorr_Convolve.Convolve/23 (159 ms)
[----------] 24 tests from Sz_KernelSz_Ccorr_Convolve (3139 ms total)

[----------] 36 tests from Sz_Depth_Cn_Merge
[ RUN      ] Sz_Depth_Cn_Merge.Merge/0, where GetParam() = (1280x720, CV_8U, TwoChannel)
[ PERFSTAT ]    (samples=22   mean=0.02   median=0.02   min=0.02   stddev=0.00 (3.0%))
[       OK ] Sz_Depth_Cn_Merge.Merge/0 (7 ms)
[ RUN      ] Sz_Depth_Cn_Merge.Merge/1, where GetParam() = (1280x720, CV_8U, BGR)
[ PERFSTAT ]    (samples=13   mean=0.02   median=0.02   min=0.02   stddev=0.00 (2.1%))
[       OK ] Sz_Depth_Cn_Merge.Merge/1 (4 ms)
[ RUN      ] Sz_Depth_Cn_Merge.Merge/2, where GetParam() = (1280x720, CV_8U, BGRA)
[ PERFSTAT ]    (samples=13   mean=0.02   median=0.02   min=0.02   stddev=0.00 (1.5%))
[       OK ] Sz_Depth_Cn_Merge.Merge/2 (6 ms)
[ RUN      ] Sz_Depth_Cn_Merge.Merge/3, where GetParam() = (1280x720, CV_16U, TwoChannel)
[ PERFSTAT ]    (samples=13   mean=0.02   median=0.02   min=0.02   stddev=0.00 (2.0%))
[       OK ] Sz_Depth_Cn_Merge.Merge/3 (4 ms)
[ RUN      ] Sz_Depth_Cn_Merge.Merge/4, where GetParam() = (1280x720, CV_16U, BGR)
[ PERFSTAT ]    (samples=13   mean=0.02   median=0.02   min=0.02   stddev=0.00 (1.9%))
[       OK ] Sz_Depth_Cn_Merge.Merge/4 (7 ms)
[ RUN      ] Sz_Depth_Cn_Merge.Merge/5, where GetParam() = (1280x720, CV_16U, BGRA)
[ PERFSTAT ]    (samples=13   mean=0.02   median=0.02   min=0.02   stddev=0.00 (2.0%))
[       OK ] Sz_Depth_Cn_Merge.Merge/5 (8 ms)
[ RUN      ] Sz_Depth_Cn_Merge.Merge/6, where GetParam() = (1280x720, CV_32F, TwoChannel)
[ PERFSTAT ]    (samples=13   mean=0.02   median=0.02   min=0.02   stddev=0.00 (2.1%))
[       OK ] Sz_Depth_Cn_Merge.Merge/6 (6 ms)
[ RUN      ] Sz_Depth_Cn_Merge.Merge/7, where GetParam() = (1280x720, CV_32F, BGR)
[ PERFSTAT ]    (samples=13   mean=0.02   median=0.02   min=0.02   stddev=0.00 (2.2%))
[       OK ] Sz_Depth_Cn_Merge.Merge/7 (10 ms)
[ RUN      ] Sz_Depth_Cn_Merge.Merge/8, where GetParam() = (1280x720, CV_32F, BGRA)
[ PERFSTAT ]    (samples=13   mean=0.02   median=0.02   min=0.02   stddev=0.00 (3.0%))
[       OK ] Sz_Depth_Cn_Merge.Merge/8 (12 ms)
[ RUN      ] Sz_Depth_Cn_Merge.Merge/9, where GetParam() = (1280x720, CV_64F, TwoChannel)
[ PERFSTAT ]    (samples=13   mean=0.02   median=0.02   min=0.02   stddev=0.00 (2.9%))
[       OK ] Sz_Depth_Cn_Merge.Merge/9 (9 ms)
[ RUN      ] Sz_Depth_Cn_Merge.Merge/10, where GetParam() = (1280x720, CV_64F, BGR)
[ PERFSTAT ]    (samples=13   mean=0.05   median=0.05   min=0.05   stddev=0.00 (1.3%))
[       OK ] Sz_Depth_Cn_Merge.Merge/10 (16 ms)
[ RUN      ] Sz_Depth_Cn_Merge.Merge/11, where GetParam() = (1280x720, CV_64F, BGRA)
[ PERFSTAT ]    (samples=13   mean=0.06   median=0.06   min=0.06   stddev=0.00 (1.4%))
[       OK ] Sz_Depth_Cn_Merge.Merge/11 (20 ms)
[ RUN      ] Sz_Depth_Cn_Merge.Merge/12, where GetParam() = (1280x1024, CV_8U, TwoChannel)
[ PERFSTAT ]    (samples=13   mean=0.02   median=0.02   min=0.02   stddev=0.00 (2.6%))
[       OK ] Sz_Depth_Cn_Merge.Merge/12 (4 ms)
[ RUN      ] Sz_Depth_Cn_Merge.Merge/13, where GetParam() = (1280x1024, CV_8U, BGR)
[ PERFSTAT ]    (samples=13   mean=0.02   median=0.02   min=0.02   stddev=0.00 (1.8%))
[       OK ] Sz_Depth_Cn_Merge.Merge/13 (5 ms)
[ RUN      ] Sz_Depth_Cn_Merge.Merge/14, where GetParam() = (1280x1024, CV_8U, BGRA)
[ PERFSTAT ]    (samples=25   mean=0.02   median=0.02   min=0.02   stddev=0.00 (1.5%))
[       OK ] Sz_Depth_Cn_Merge.Merge/14 (7 ms)
[ RUN      ] Sz_Depth_Cn_Merge.Merge/15, where GetParam() = (1280x1024, CV_16U, TwoChannel)
[ PERFSTAT ]    (samples=13   mean=0.02   median=0.02   min=0.02   stddev=0.00 (1.7%))
[       OK ] Sz_Depth_Cn_Merge.Merge/15 (6 ms)
[ RUN      ] Sz_Depth_Cn_Merge.Merge/16, where GetParam() = (1280x1024, CV_16U, BGR)
[ PERFSTAT ]    (samples=13   mean=0.02   median=0.02   min=0.02   stddev=0.00 (2.1%))
[       OK ] Sz_Depth_Cn_Merge.Merge/16 (9 ms)
[ RUN      ] Sz_Depth_Cn_Merge.Merge/17, where GetParam() = (1280x1024, CV_16U, BGRA)
[ PERFSTAT ]    (samples=13   mean=0.02   median=0.02   min=0.02   stddev=0.00 (1.4%))
[       OK ] Sz_Depth_Cn_Merge.Merge/17 (11 ms)
[ RUN      ] Sz_Depth_Cn_Merge.Merge/18, where GetParam() = (1280x1024, CV_32F, TwoChannel)
[ PERFSTAT ]    (samples=13   mean=0.02   median=0.02   min=0.02   stddev=0.00 (1.8%))
[       OK ] Sz_Depth_Cn_Merge.Merge/18 (8 ms)
[ RUN      ] Sz_Depth_Cn_Merge.Merge/19, where GetParam() = (1280x1024, CV_32F, BGR)
[ PERFSTAT ]    (samples=13   mean=0.03   median=0.03   min=0.03   stddev=0.00 (2.0%))
[       OK ] Sz_Depth_Cn_Merge.Merge/19 (13 ms)
[ RUN      ] Sz_Depth_Cn_Merge.Merge/20, where GetParam() = (1280x1024, CV_32F, BGRA)
[ PERFSTAT ]    (samples=13   mean=0.04   median=0.04   min=0.04   stddev=0.00 (2.4%))
[       OK ] Sz_Depth_Cn_Merge.Merge/20 (17 ms)
[ RUN      ] Sz_Depth_Cn_Merge.Merge/21, where GetParam() = (1280x1024, CV_64F, TwoChannel)
[ PERFSTAT ]    (samples=13   mean=0.04   median=0.04   min=0.04   stddev=0.00 (2.9%))
[       OK ] Sz_Depth_Cn_Merge.Merge/21 (14 ms)
[ RUN      ] Sz_Depth_Cn_Merge.Merge/22, where GetParam() = (1280x1024, CV_64F, BGR)
[ PERFSTAT ]    (samples=13   mean=0.06   median=0.06   min=0.06   stddev=0.00 (1.4%))
[       OK ] Sz_Depth_Cn_Merge.Merge/22 (20 ms)
[ RUN      ] Sz_Depth_Cn_Merge.Merge/23, where GetParam() = (1280x1024, CV_64F, BGRA)
[ PERFSTAT ]    (samples=13   mean=0.08   median=0.08   min=0.08   stddev=0.00 (2.0%))
[       OK ] Sz_Depth_Cn_Merge.Merge/23 (28 ms)
[ RUN      ] Sz_Depth_Cn_Merge.Merge/24, where GetParam() = (1920x1080, CV_8U, TwoChannel)
[ PERFSTAT ]    (samples=25   mean=0.02   median=0.02   min=0.02   stddev=0.00 (2.0%))
[       OK ] Sz_Depth_Cn_Merge.Merge/24 (5 ms)
[ RUN      ] Sz_Depth_Cn_Merge.Merge/25, where GetParam() = (1920x1080, CV_8U, BGR)
[ PERFSTAT ]    (samples=13   mean=0.02   median=0.02   min=0.02   stddev=0.00 (1.9%))
[       OK ] Sz_Depth_Cn_Merge.Merge/25 (7 ms)
[ RUN      ] Sz_Depth_Cn_Merge.Merge/26, where GetParam() = (1920x1080, CV_8U, BGRA)
[ PERFSTAT ]    (samples=25   mean=0.02   median=0.02   min=0.02   stddev=0.00 (2.2%))
[       OK ] Sz_Depth_Cn_Merge.Merge/26 (10 ms)
[ RUN      ] Sz_Depth_Cn_Merge.Merge/27, where GetParam() = (1920x1080, CV_16U, TwoChannel)
[ PERFSTAT ]    (samples=13   mean=0.02   median=0.02   min=0.02   stddev=0.00 (1.8%))
[       OK ] Sz_Depth_Cn_Merge.Merge/27 (8 ms)
[ RUN      ] Sz_Depth_Cn_Merge.Merge/28, where GetParam() = (1920x1080, CV_16U, BGR)
[ PERFSTAT ]    (samples=13   mean=0.03   median=0.03   min=0.03   stddev=0.00 (1.6%))
[       OK ] Sz_Depth_Cn_Merge.Merge/28 (13 ms)
[ RUN      ] Sz_Depth_Cn_Merge.Merge/29, where GetParam() = (1920x1080, CV_16U, BGRA)
[ PERFSTAT ]    (samples=13   mean=0.04   median=0.04   min=0.04   stddev=0.00 (2.0%))
[       OK ] Sz_Depth_Cn_Merge.Merge/29 (18 ms)
[ RUN      ] Sz_Depth_Cn_Merge.Merge/30, where GetParam() = (1920x1080, CV_32F, TwoChannel)
[ PERFSTAT ]    (samples=13   mean=0.03   median=0.03   min=0.03   stddev=0.00 (2.9%))
[       OK ] Sz_Depth_Cn_Merge.Merge/30 (12 ms)
[ RUN      ] Sz_Depth_Cn_Merge.Merge/31, where GetParam() = (1920x1080, CV_32F, BGR)
[ PERFSTAT ]    (samples=13   mean=0.05   median=0.05   min=0.05   stddev=0.00 (1.3%))
[       OK ] Sz_Depth_Cn_Merge.Merge/31 (18 ms)
[ RUN      ] Sz_Depth_Cn_Merge.Merge/32, where GetParam() = (1920x1080, CV_32F, BGRA)
[ PERFSTAT ]    (samples=13   mean=0.06   median=0.06   min=0.06   stddev=0.00 (1.3%))
[       OK ] Sz_Depth_Cn_Merge.Merge/32 (27 ms)
[ RUN      ] Sz_Depth_Cn_Merge.Merge/33, where GetParam() = (1920x1080, CV_64F, TwoChannel)
[ PERFSTAT ]    (samples=13   mean=0.06   median=0.06   min=0.06   stddev=0.00 (1.7%))
[       OK ] Sz_Depth_Cn_Merge.Merge/33 (22 ms)
[ RUN      ] Sz_Depth_Cn_Merge.Merge/34, where GetParam() = (1920x1080, CV_64F, BGR)
[ PERFSTAT ]    (samples=13   mean=0.09   median=0.09   min=0.09   stddev=0.00 (1.5%))
[       OK ] Sz_Depth_Cn_Merge.Merge/34 (36 ms)
[ RUN      ] Sz_Depth_Cn_Merge.Merge/35, where GetParam() = (1920x1080, CV_64F, BGRA)
[ PERFSTAT ]    (samples=13   mean=0.12   median=0.12   min=0.12   stddev=0.00 (1.8%))
[       OK ] Sz_Depth_Cn_Merge.Merge/35 (43 ms)
[----------] 36 tests from Sz_Depth_Cn_Merge (471 ms total)

[----------] 36 tests from Sz_Depth_Cn_Split
[ RUN      ] Sz_Depth_Cn_Split.Split/0, where GetParam() = (1280x720, CV_8U, TwoChannel)
[ PERFSTAT ]    (samples=13   mean=0.02   median=0.02   min=0.01   stddev=0.00 (2.3%))
[       OK ] Sz_Depth_Cn_Split.Split/0 (5 ms)
[ RUN      ] Sz_Depth_Cn_Split.Split/1, where GetParam() = (1280x720, CV_8U, BGR)
[ PERFSTAT ]    (samples=25   mean=0.02   median=0.02   min=0.02   stddev=0.00 (2.0%))
[       OK ] Sz_Depth_Cn_Split.Split/1 (4 ms)
[ RUN      ] Sz_Depth_Cn_Split.Split/2, where GetParam() = (1280x720, CV_8U, BGRA)
[ PERFSTAT ]    (samples=13   mean=0.02   median=0.02   min=0.02   stddev=0.00 (2.5%))
[       OK ] Sz_Depth_Cn_Split.Split/2 (5 ms)
[ RUN      ] Sz_Depth_Cn_Split.Split/3, where GetParam() = (1280x720, CV_16U, TwoChannel)
[ PERFSTAT ]    (samples=13   mean=0.02   median=0.02   min=0.02   stddev=0.00 (1.6%))
[       OK ] Sz_Depth_Cn_Split.Split/3 (5 ms)
[ RUN      ] Sz_Depth_Cn_Split.Split/4, where GetParam() = (1280x720, CV_16U, BGR)
[ PERFSTAT ]    (samples=25   mean=0.02   median=0.02   min=0.02   stddev=0.00 (1.9%))
[       OK ] Sz_Depth_Cn_Split.Split/4 (6 ms)
[ RUN      ] Sz_Depth_Cn_Split.Split/5, where GetParam() = (1280x720, CV_16U, BGRA)
[ PERFSTAT ]    (samples=16   mean=0.02   median=0.02   min=0.02   stddev=0.00 (3.0%))
[       OK ] Sz_Depth_Cn_Split.Split/5 (8 ms)
[ RUN      ] Sz_Depth_Cn_Split.Split/6, where GetParam() = (1280x720, CV_32F, TwoChannel)
[ PERFSTAT ]    (samples=13   mean=0.02   median=0.02   min=0.02   stddev=0.00 (2.1%))
[       OK ] Sz_Depth_Cn_Split.Split/6 (7 ms)
[ RUN      ] Sz_Depth_Cn_Split.Split/7, where GetParam() = (1280x720, CV_32F, BGR)
[ PERFSTAT ]    (samples=15   mean=0.02   median=0.02   min=0.02   stddev=0.00 (3.0%))
[       OK ] Sz_Depth_Cn_Split.Split/7 (8 ms)
[ RUN      ] Sz_Depth_Cn_Split.Split/8, where GetParam() = (1280x720, CV_32F, BGRA)
[ PERFSTAT ]    (samples=17   mean=0.02   median=0.02   min=0.02   stddev=0.00 (3.0%))
[       OK ] Sz_Depth_Cn_Split.Split/8 (12 ms)
[ RUN      ] Sz_Depth_Cn_Split.Split/9, where GetParam() = (1280x720, CV_64F, TwoChannel)
[ PERFSTAT ]    (samples=24   mean=0.02   median=0.02   min=0.02   stddev=0.00 (2.9%))
[       OK ] Sz_Depth_Cn_Split.Split/9 (9 ms)
[ RUN      ] Sz_Depth_Cn_Split.Split/10, where GetParam() = (1280x720, CV_64F, BGR)
[ PERFSTAT ]    (samples=13   mean=0.04   median=0.04   min=0.04   stddev=0.00 (2.9%))
[       OK ] Sz_Depth_Cn_Split.Split/10 (13 ms)
[ RUN      ] Sz_Depth_Cn_Split.Split/11, where GetParam() = (1280x720, CV_64F, BGRA)
[ PERFSTAT ]    (samples=13   mean=0.06   median=0.06   min=0.05   stddev=0.00 (1.9%))
[       OK ] Sz_Depth_Cn_Split.Split/11 (16 ms)
[ RUN      ] Sz_Depth_Cn_Split.Split/12, where GetParam() = (1280x1024, CV_8U, TwoChannel)
[ PERFSTAT ]    (samples=13   mean=0.02   median=0.02   min=0.02   stddev=0.00 (1.9%))
[       OK ] Sz_Depth_Cn_Split.Split/12 (4 ms)
[ RUN      ] Sz_Depth_Cn_Split.Split/13, where GetParam() = (1280x1024, CV_8U, BGR)
[ PERFSTAT ]    (samples=20   mean=0.02   median=0.02   min=0.02   stddev=0.00 (3.0%))
[       OK ] Sz_Depth_Cn_Split.Split/13 (5 ms)
[ RUN      ] Sz_Depth_Cn_Split.Split/14, where GetParam() = (1280x1024, CV_8U, BGRA)
[ PERFSTAT ]    (samples=13   mean=0.02   median=0.02   min=0.02   stddev=0.00 (1.4%))
[       OK ] Sz_Depth_Cn_Split.Split/14 (6 ms)
[ RUN      ] Sz_Depth_Cn_Split.Split/15, where GetParam() = (1280x1024, CV_16U, TwoChannel)
[ PERFSTAT ]    (samples=13   mean=0.02   median=0.02   min=0.02   stddev=0.00 (1.6%))
[       OK ] Sz_Depth_Cn_Split.Split/15 (6 ms)
[ RUN      ] Sz_Depth_Cn_Split.Split/16, where GetParam() = (1280x1024, CV_16U, BGR)
[ PERFSTAT ]    (samples=13   mean=0.02   median=0.02   min=0.02   stddev=0.00 (1.9%))
[       OK ] Sz_Depth_Cn_Split.Split/16 (8 ms)
[ RUN      ] Sz_Depth_Cn_Split.Split/17, where GetParam() = (1280x1024, CV_16U, BGRA)
[ PERFSTAT ]    (samples=25   mean=0.02   median=0.02   min=0.02   stddev=0.00 (2.2%))
[       OK ] Sz_Depth_Cn_Split.Split/17 (12 ms)
[ RUN      ] Sz_Depth_Cn_Split.Split/18, where GetParam() = (1280x1024, CV_32F, TwoChannel)
[ PERFSTAT ]    (samples=13   mean=0.02   median=0.02   min=0.02   stddev=0.00 (2.6%))
[       OK ] Sz_Depth_Cn_Split.Split/18 (8 ms)
[ RUN      ] Sz_Depth_Cn_Split.Split/19, where GetParam() = (1280x1024, CV_32F, BGR)
[ PERFSTAT ]    (samples=24   mean=0.03   median=0.03   min=0.02   stddev=0.00 (3.0%))
[       OK ] Sz_Depth_Cn_Split.Split/19 (11 ms)
[ RUN      ] Sz_Depth_Cn_Split.Split/20, where GetParam() = (1280x1024, CV_32F, BGRA)
[ PERFSTAT ]    (samples=13   mean=0.04   median=0.04   min=0.04   stddev=0.00 (2.6%))
[       OK ] Sz_Depth_Cn_Split.Split/20 (14 ms)
[ RUN      ] Sz_Depth_Cn_Split.Split/21, where GetParam() = (1280x1024, CV_64F, TwoChannel)
[ PERFSTAT ]    (samples=13   mean=0.04   median=0.04   min=0.04   stddev=0.00 (2.8%))
[       OK ] Sz_Depth_Cn_Split.Split/21 (13 ms)
[ RUN      ] Sz_Depth_Cn_Split.Split/22, where GetParam() = (1280x1024, CV_64F, BGR)
[ PERFSTAT ]    (samples=13   mean=0.06   median=0.06   min=0.06   stddev=0.00 (1.5%))
[       OK ] Sz_Depth_Cn_Split.Split/22 (18 ms)
[ RUN      ] Sz_Depth_Cn_Split.Split/23, where GetParam() = (1280x1024, CV_64F, BGRA)
[ PERFSTAT ]    (samples=13   mean=0.07   median=0.07   min=0.07   stddev=0.00 (1.4%))
[       OK ] Sz_Depth_Cn_Split.Split/23 (21 ms)
[ RUN      ] Sz_Depth_Cn_Split.Split/24, where GetParam() = (1920x1080, CV_8U, TwoChannel)
[ PERFSTAT ]    (samples=13   mean=0.02   median=0.02   min=0.02   stddev=0.00 (2.2%))
[       OK ] Sz_Depth_Cn_Split.Split/24 (5 ms)
[ RUN      ] Sz_Depth_Cn_Split.Split/25, where GetParam() = (1920x1080, CV_8U, BGR)
[ PERFSTAT ]    (samples=13   mean=0.02   median=0.02   min=0.02   stddev=0.00 (2.4%))
[       OK ] Sz_Depth_Cn_Split.Split/25 (7 ms)
[ RUN      ] Sz_Depth_Cn_Split.Split/26, where GetParam() = (1920x1080, CV_8U, BGRA)
[ PERFSTAT ]    (samples=13   mean=0.02   median=0.02   min=0.02   stddev=0.00 (2.4%))
[       OK ] Sz_Depth_Cn_Split.Split/26 (9 ms)
[ RUN      ] Sz_Depth_Cn_Split.Split/27, where GetParam() = (1920x1080, CV_16U, TwoChannel)
[ PERFSTAT ]    (samples=13   mean=0.02   median=0.02   min=0.02   stddev=0.00 (1.9%))
[       OK ] Sz_Depth_Cn_Split.Split/27 (9 ms)
[ RUN      ] Sz_Depth_Cn_Split.Split/28, where GetParam() = (1920x1080, CV_16U, BGR)
[ PERFSTAT ]    (samples=13   mean=0.02   median=0.02   min=0.02   stddev=0.00 (2.4%))
[       OK ] Sz_Depth_Cn_Split.Split/28 (13 ms)
[ RUN      ] Sz_Depth_Cn_Split.Split/29, where GetParam() = (1920x1080, CV_16U, BGRA)
[ PERFSTAT ]    (samples=13   mean=0.03   median=0.03   min=0.03   stddev=0.00 (2.4%))
[       OK ] Sz_Depth_Cn_Split.Split/29 (17 ms)
[ RUN      ] Sz_Depth_Cn_Split.Split/30, where GetParam() = (1920x1080, CV_32F, TwoChannel)
[ PERFSTAT ]    (samples=25   mean=0.03   median=0.03   min=0.03   stddev=0.00 (2.8%))
[       OK ] Sz_Depth_Cn_Split.Split/30 (12 ms)
[ RUN      ] Sz_Depth_Cn_Split.Split/31, where GetParam() = (1920x1080, CV_32F, BGR)
[ PERFSTAT ]    (samples=13   mean=0.05   median=0.05   min=0.05   stddev=0.00 (2.0%))
[       OK ] Sz_Depth_Cn_Split.Split/31 (17 ms)
[ RUN      ] Sz_Depth_Cn_Split.Split/32, where GetParam() = (1920x1080, CV_32F, BGRA)
[ PERFSTAT ]    (samples=13   mean=0.06   median=0.06   min=0.06   stddev=0.00 (1.5%))
[       OK ] Sz_Depth_Cn_Split.Split/32 (21 ms)
[ RUN      ] Sz_Depth_Cn_Split.Split/33, where GetParam() = (1920x1080, CV_64F, TwoChannel)
[ PERFSTAT ]    (samples=13   mean=0.06   median=0.06   min=0.06   stddev=0.00 (1.0%))
[       OK ] Sz_Depth_Cn_Split.Split/33 (19 ms)
[ RUN      ] Sz_Depth_Cn_Split.Split/34, where GetParam() = (1920x1080, CV_64F, BGR)
[ PERFSTAT ]    (samples=13   mean=0.08   median=0.08   min=0.08   stddev=0.00 (0.8%))
[       OK ] Sz_Depth_Cn_Split.Split/34 (27 ms)
[ RUN      ] Sz_Depth_Cn_Split.Split/35, where GetParam() = (1920x1080, CV_64F, BGRA)
[ PERFSTAT ]    (samples=13   mean=0.11   median=0.11   min=0.11   stddev=0.00 (1.3%))
[       OK ] Sz_Depth_Cn_Split.Split/35 (37 ms)
[----------] 36 tests from Sz_Depth_Cn_Split (417 ms total)

[----------] 21 tests from Sz_Type_Transpose
[ RUN      ] Sz_Type_Transpose.Transpose/0, where GetParam() = (1280x720, 8UC1)
[ PERFSTAT ]    (samples=25   mean=0.02   median=0.02   min=0.02   stddev=0.00 (1.3%))
[       OK ] Sz_Type_Transpose.Transpose/0 (5 ms)
[ RUN      ] Sz_Type_Transpose.Transpose/1, where GetParam() = (1280x720, 8UC4)
[ PERFSTAT ]    (samples=13   mean=0.02   median=0.02   min=0.02   stddev=0.00 (1.4%))
[       OK ] Sz_Type_Transpose.Transpose/1 (4 ms)
[ RUN      ] Sz_Type_Transpose.Transpose/2, where GetParam() = (1280x720, 16UC2)
[ PERFSTAT ]    (samples=25   mean=0.02   median=0.02   min=0.02   stddev=0.00 (2.0%))
[       OK ] Sz_Type_Transpose.Transpose/2 (5 ms)
[ RUN      ] Sz_Type_Transpose.Transpose/3, where GetParam() = (1280x720, 16SC2)
[ PERFSTAT ]    (samples=13   mean=0.02   median=0.02   min=0.02   stddev=0.00 (1.5%))
[       OK ] Sz_Type_Transpose.Transpose/3 (5 ms)
[ RUN      ] Sz_Type_Transpose.Transpose/4, where GetParam() = (1280x720, 32SC1)
[ PERFSTAT ]    (samples=13   mean=0.02   median=0.02   min=0.02   stddev=0.00 (2.2%))
[       OK ] Sz_Type_Transpose.Transpose/4 (5 ms)
[ RUN      ] Sz_Type_Transpose.Transpose/5, where GetParam() = (1280x720, 32SC2)
[ PERFSTAT ]    (samples=17   mean=0.02   median=0.02   min=0.02   stddev=0.00 (2.9%))
[       OK ] Sz_Type_Transpose.Transpose/5 (8 ms)
[ RUN      ] Sz_Type_Transpose.Transpose/6, where GetParam() = (1280x720, 64FC1)
[ PERFSTAT ]    (samples=13   mean=0.02   median=0.02   min=0.02   stddev=0.00 (2.4%))
[       OK ] Sz_Type_Transpose.Transpose/6 (4 ms)
[ RUN      ] Sz_Type_Transpose.Transpose/7, where GetParam() = (1280x1024, 8UC1)
[ PERFSTAT ]    (samples=13   mean=0.02   median=0.02   min=0.02   stddev=0.00 (2.4%))
[       OK ] Sz_Type_Transpose.Transpose/7 (2 ms)
[ RUN      ] Sz_Type_Transpose.Transpose/8, where GetParam() = (1280x1024, 8UC4)
[ PERFSTAT ]    (samples=13   mean=0.02   median=0.02   min=0.02   stddev=0.00 (1.7%))
[       OK ] Sz_Type_Transpose.Transpose/8 (6 ms)
[ RUN      ] Sz_Type_Transpose.Transpose/9, where GetParam() = (1280x1024, 16UC2)
[ PERFSTAT ]    (samples=13   mean=0.02   median=0.02   min=0.02   stddev=0.00 (1.3%))
[       OK ] Sz_Type_Transpose.Transpose/9 (6 ms)
[ RUN      ] Sz_Type_Transpose.Transpose/10, where GetParam() = (1280x1024, 16SC2)
[ PERFSTAT ]    (samples=13   mean=0.02   median=0.02   min=0.02   stddev=0.00 (2.0%))
[       OK ] Sz_Type_Transpose.Transpose/10 (6 ms)
[ RUN      ] Sz_Type_Transpose.Transpose/11, where GetParam() = (1280x1024, 32SC1)
[ PERFSTAT ]    (samples=13   mean=0.02   median=0.02   min=0.02   stddev=0.00 (1.4%))
[       OK ] Sz_Type_Transpose.Transpose/11 (6 ms)
[ RUN      ] Sz_Type_Transpose.Transpose/12, where GetParam() = (1280x1024, 32SC2)
[ PERFSTAT ]    (samples=13   mean=0.02   median=0.02   min=0.02   stddev=0.00 (1.8%))
[       OK ] Sz_Type_Transpose.Transpose/12 (12 ms)
[ RUN      ] Sz_Type_Transpose.Transpose/13, where GetParam() = (1280x1024, 64FC1)
[ PERFSTAT ]    (samples=13   mean=0.02   median=0.02   min=0.02   stddev=0.00 (1.7%))
[       OK ] Sz_Type_Transpose.Transpose/13 (6 ms)
[ RUN      ] Sz_Type_Transpose.Transpose/14, where GetParam() = (1920x1080, 8UC1)
[ PERFSTAT ]    (samples=13   mean=0.02   median=0.02   min=0.02   stddev=0.00 (1.8%))
[       OK ] Sz_Type_Transpose.Transpose/14 (3 ms)
[ RUN      ] Sz_Type_Transpose.Transpose/15, where GetParam() = (1920x1080, 8UC4)
[ PERFSTAT ]    (samples=13   mean=0.03   median=0.03   min=0.03   stddev=0.00 (1.0%))
[       OK ] Sz_Type_Transpose.Transpose/15 (9 ms)
[ RUN      ] Sz_Type_Transpose.Transpose/16, where GetParam() = (1920x1080, 16UC2)
[ PERFSTAT ]    (samples=28   mean=0.03   median=0.03   min=0.03   stddev=0.00 (3.0%))
[       OK ] Sz_Type_Transpose.Transpose/16 (8 ms)
[ RUN      ] Sz_Type_Transpose.Transpose/17, where GetParam() = (1920x1080, 16SC2)
[ PERFSTAT ]    (samples=13   mean=0.03   median=0.03   min=0.03   stddev=0.00 (1.6%))
[       OK ] Sz_Type_Transpose.Transpose/17 (9 ms)
[ RUN      ] Sz_Type_Transpose.Transpose/18, where GetParam() = (1920x1080, 32SC1)
[ PERFSTAT ]    (samples=13   mean=0.03   median=0.03   min=0.03   stddev=0.00 (1.2%))
[       OK ] Sz_Type_Transpose.Transpose/18 (9 ms)
[ RUN      ] Sz_Type_Transpose.Transpose/19, where GetParam() = (1920x1080, 32SC2)
[ PERFSTAT ]    (samples=13   mean=0.04   median=0.04   min=0.04   stddev=0.00 (2.3%))
[       OK ] Sz_Type_Transpose.Transpose/19 (19 ms)
[ RUN      ] Sz_Type_Transpose.Transpose/20, where GetParam() = (1920x1080, 64FC1)
[ PERFSTAT ]    (samples=13   mean=0.04   median=0.04   min=0.04   stddev=0.00 (2.1%))
[       OK ] Sz_Type_Transpose.Transpose/20 (10 ms)
[----------] 21 tests from Sz_Type_Transpose (147 ms total)

[----------] 81 tests from Sz_Depth_Cn_Code_Flip
[ RUN      ] Sz_Depth_Cn_Code_Flip.Flip/0, where GetParam() = (1280x720, CV_8U, Gray, FLIP_BOTH)
[ PERFSTAT ]    (samples=25   mean=0.01   median=0.01   min=0.01   stddev=0.00 (1.5%))
[       OK ] Sz_Depth_Cn_Code_Flip.Flip/0 (4 ms)
[ RUN      ] Sz_Depth_Cn_Code_Flip.Flip/1, where GetParam() = (1280x720, CV_8U, Gray, FLIP_X)
[ PERFSTAT ]    (samples=13   mean=0.01   median=0.02   min=0.01   stddev=0.00 (2.0%))
[       OK ] Sz_Depth_Cn_Code_Flip.Flip/1 (2 ms)
[ RUN      ] Sz_Depth_Cn_Code_Flip.Flip/2, where GetParam() = (1280x720, CV_8U, Gray, FLIP_Y)
[ PERFSTAT ]    (samples=100   mean=0.02   median=0.02   min=0.01   stddev=0.00 (3.1%))
[       OK ] Sz_Depth_Cn_Code_Flip.Flip/2 (3 ms)
[ RUN      ] Sz_Depth_Cn_Code_Flip.Flip/3, where GetParam() = (1280x720, CV_8U, BGR, FLIP_BOTH)
[ PERFSTAT ]    (samples=13   mean=0.02   median=0.02   min=0.02   stddev=0.00 (2.3%))
[       OK ] Sz_Depth_Cn_Code_Flip.Flip/3 (3 ms)
[ RUN      ] Sz_Depth_Cn_Code_Flip.Flip/4, where GetParam() = (1280x720, CV_8U, BGR, FLIP_X)
[ PERFSTAT ]    (samples=13   mean=0.02   median=0.02   min=0.02   stddev=0.00 (1.5%))
[       OK ] Sz_Depth_Cn_Code_Flip.Flip/4 (4 ms)
[ RUN      ] Sz_Depth_Cn_Code_Flip.Flip/5, where GetParam() = (1280x720, CV_8U, BGR, FLIP_Y)
[ PERFSTAT ]    (samples=25   mean=0.02   median=0.02   min=0.02   stddev=0.00 (1.5%))
[       OK ] Sz_Depth_Cn_Code_Flip.Flip/5 (4 ms)
[ RUN      ] Sz_Depth_Cn_Code_Flip.Flip/6, where GetParam() = (1280x720, CV_8U, BGRA, FLIP_BOTH)
[ PERFSTAT ]    (samples=13   mean=0.02   median=0.02   min=0.02   stddev=0.00 (2.1%))
[       OK ] Sz_Depth_Cn_Code_Flip.Flip/6 (4 ms)
[ RUN      ] Sz_Depth_Cn_Code_Flip.Flip/7, where GetParam() = (1280x720, CV_8U, BGRA, FLIP_X)
[ PERFSTAT ]    (samples=13   mean=0.02   median=0.02   min=0.01   stddev=0.00 (1.7%))
[       OK ] Sz_Depth_Cn_Code_Flip.Flip/7 (4 ms)
[ RUN      ] Sz_Depth_Cn_Code_Flip.Flip/8, where GetParam() = (1280x720, CV_8U, BGRA, FLIP_Y)
[ PERFSTAT ]    (samples=13   mean=0.02   median=0.02   min=0.02   stddev=0.00 (1.4%))
[       OK ] Sz_Depth_Cn_Code_Flip.Flip/8 (4 ms)
[ RUN      ] Sz_Depth_Cn_Code_Flip.Flip/9, where GetParam() = (1280x720, CV_16U, Gray, FLIP_BOTH)
[ PERFSTAT ]    (samples=13   mean=0.02   median=0.02   min=0.01   stddev=0.00 (2.1%))
[       OK ] Sz_Depth_Cn_Code_Flip.Flip/9 (3 ms)
[ RUN      ] Sz_Depth_Cn_Code_Flip.Flip/10, where GetParam() = (1280x720, CV_16U, Gray, FLIP_X)
[ PERFSTAT ]    (samples=13   mean=0.01   median=0.01   min=0.01   stddev=0.00 (1.9%))
[       OK ] Sz_Depth_Cn_Code_Flip.Flip/10 (2 ms)
[ RUN      ] Sz_Depth_Cn_Code_Flip.Flip/11, where GetParam() = (1280x720, CV_16U, Gray, FLIP_Y)
[ PERFSTAT ]    (samples=13   mean=0.02   median=0.02   min=0.01   stddev=0.00 (2.6%))
[       OK ] Sz_Depth_Cn_Code_Flip.Flip/11 (3 ms)
[ RUN      ] Sz_Depth_Cn_Code_Flip.Flip/12, where GetParam() = (1280x720, CV_16U, BGR, FLIP_BOTH)
[ PERFSTAT ]    (samples=13   mean=0.02   median=0.02   min=0.02   stddev=0.00 (2.2%))
[       OK ] Sz_Depth_Cn_Code_Flip.Flip/12 (6 ms)
[ RUN      ] Sz_Depth_Cn_Code_Flip.Flip/13, where GetParam() = (1280x720, CV_16U, BGR, FLIP_X)
[ PERFSTAT ]    (samples=13   mean=0.02   median=0.02   min=0.02   stddev=0.00 (1.9%))
[       OK ] Sz_Depth_Cn_Code_Flip.Flip/13 (6 ms)
[ RUN      ] Sz_Depth_Cn_Code_Flip.Flip/14, where GetParam() = (1280x720, CV_16U, BGR, FLIP_Y)
[ PERFSTAT ]    (samples=13   mean=0.02   median=0.02   min=0.02   stddev=0.00 (1.5%))
[       OK ] Sz_Depth_Cn_Code_Flip.Flip/14 (6 ms)
[ RUN      ] Sz_Depth_Cn_Code_Flip.Flip/15, where GetParam() = (1280x720, CV_16U, BGRA, FLIP_BOTH)
[ PERFSTAT ]    (samples=13   mean=0.02   median=0.02   min=0.02   stddev=0.00 (3.0%))
[       OK ] Sz_Depth_Cn_Code_Flip.Flip/15 (7 ms)
[ RUN      ] Sz_Depth_Cn_Code_Flip.Flip/16, where GetParam() = (1280x720, CV_16U, BGRA, FLIP_X)
[ PERFSTAT ]    (samples=13   mean=0.02   median=0.02   min=0.02   stddev=0.00 (2.8%))
[       OK ] Sz_Depth_Cn_Code_Flip.Flip/16 (7 ms)
[ RUN      ] Sz_Depth_Cn_Code_Flip.Flip/17, where GetParam() = (1280x720, CV_16U, BGRA, FLIP_Y)
[ PERFSTAT ]    (samples=25   mean=0.02   median=0.02   min=0.02   stddev=0.00 (1.3%))
[       OK ] Sz_Depth_Cn_Code_Flip.Flip/17 (8 ms)
[ RUN      ] Sz_Depth_Cn_Code_Flip.Flip/18, where GetParam() = (1280x720, CV_32F, Gray, FLIP_BOTH)
[ PERFSTAT ]    (samples=13   mean=0.02   median=0.01   min=0.01   stddev=0.00 (2.8%))
[       OK ] Sz_Depth_Cn_Code_Flip.Flip/18 (3 ms)
[ RUN      ] Sz_Depth_Cn_Code_Flip.Flip/19, where GetParam() = (1280x720, CV_32F, Gray, FLIP_X)
[ PERFSTAT ]    (samples=13   mean=0.02   median=0.01   min=0.01   stddev=0.00 (2.0%))
[       OK ] Sz_Depth_Cn_Code_Flip.Flip/19 (3 ms)
[ RUN      ] Sz_Depth_Cn_Code_Flip.Flip/20, where GetParam() = (1280x720, CV_32F, Gray, FLIP_Y)
[ PERFSTAT ]    (samples=13   mean=0.02   median=0.02   min=0.01   stddev=0.00 (1.8%))
[       OK ] Sz_Depth_Cn_Code_Flip.Flip/20 (3 ms)
[ RUN      ] Sz_Depth_Cn_Code_Flip.Flip/21, where GetParam() = (1280x720, CV_32F, BGR, FLIP_BOTH)
[ PERFSTAT ]    (samples=13   mean=0.02   median=0.02   min=0.02   stddev=0.00 (1.8%))
[       OK ] Sz_Depth_Cn_Code_Flip.Flip/21 (8 ms)
[ RUN      ] Sz_Depth_Cn_Code_Flip.Flip/22, where GetParam() = (1280x720, CV_32F, BGR, FLIP_X)
[ PERFSTAT ]    (samples=13   mean=0.02   median=0.02   min=0.02   stddev=0.00 (2.5%))
[       OK ] Sz_Depth_Cn_Code_Flip.Flip/22 (8 ms)
[ RUN      ] Sz_Depth_Cn_Code_Flip.Flip/23, where GetParam() = (1280x720, CV_32F, BGR, FLIP_Y)
[ PERFSTAT ]    (samples=13   mean=0.02   median=0.02   min=0.02   stddev=0.00 (1.9%))
[       OK ] Sz_Depth_Cn_Code_Flip.Flip/23 (8 ms)
[ RUN      ] Sz_Depth_Cn_Code_Flip.Flip/24, where GetParam() = (1280x720, CV_32F, BGRA, FLIP_BOTH)
[ PERFSTAT ]    (samples=14   mean=0.02   median=0.02   min=0.02   stddev=0.00 (3.0%))
[       OK ] Sz_Depth_Cn_Code_Flip.Flip/24 (10 ms)
[ RUN      ] Sz_Depth_Cn_Code_Flip.Flip/25, where GetParam() = (1280x720, CV_32F, BGRA, FLIP_X)
[ PERFSTAT ]    (samples=21   mean=0.02   median=0.02   min=0.02   stddev=0.00 (3.0%))
[       OK ] Sz_Depth_Cn_Code_Flip.Flip/25 (11 ms)
[ RUN      ] Sz_Depth_Cn_Code_Flip.Flip/26, where GetParam() = (1280x720, CV_32F, BGRA, FLIP_Y)
[ PERFSTAT ]    (samples=18   mean=0.02   median=0.02   min=0.02   stddev=0.00 (3.0%))
[       OK ] Sz_Depth_Cn_Code_Flip.Flip/26 (11 ms)
[ RUN      ] Sz_Depth_Cn_Code_Flip.Flip/27, where GetParam() = (1280x1024, CV_8U, Gray, FLIP_BOTH)
[ PERFSTAT ]    (samples=13   mean=0.02   median=0.02   min=0.02   stddev=0.00 (2.5%))
[       OK ] Sz_Depth_Cn_Code_Flip.Flip/27 (2 ms)
[ RUN      ] Sz_Depth_Cn_Code_Flip.Flip/28, where GetParam() = (1280x1024, CV_8U, Gray, FLIP_X)
[ PERFSTAT ]    (samples=13   mean=0.02   median=0.02   min=0.02   stddev=0.00 (1.7%))
[       OK ] Sz_Depth_Cn_Code_Flip.Flip/28 (2 ms)
[ RUN      ] Sz_Depth_Cn_Code_Flip.Flip/29, where GetParam() = (1280x1024, CV_8U, Gray, FLIP_Y)
[ PERFSTAT ]    (samples=25   mean=0.02   median=0.02   min=0.02   stddev=0.00 (1.7%))
[       OK ] Sz_Depth_Cn_Code_Flip.Flip/29 (2 ms)
[ RUN      ] Sz_Depth_Cn_Code_Flip.Flip/30, where GetParam() = (1280x1024, CV_8U, BGR, FLIP_BOTH)
[ PERFSTAT ]    (samples=13   mean=0.02   median=0.02   min=0.02   stddev=0.00 (1.6%))
[       OK ] Sz_Depth_Cn_Code_Flip.Flip/30 (5 ms)
[ RUN      ] Sz_Depth_Cn_Code_Flip.Flip/31, where GetParam() = (1280x1024, CV_8U, BGR, FLIP_X)
[ PERFSTAT ]    (samples=13   mean=0.02   median=0.02   min=0.02   stddev=0.00 (2.0%))
[       OK ] Sz_Depth_Cn_Code_Flip.Flip/31 (4 ms)
[ RUN      ] Sz_Depth_Cn_Code_Flip.Flip/32, where GetParam() = (1280x1024, CV_8U, BGR, FLIP_Y)
[ PERFSTAT ]    (samples=13   mean=0.02   median=0.02   min=0.02   stddev=0.00 (1.8%))
[       OK ] Sz_Depth_Cn_Code_Flip.Flip/32 (5 ms)
[ RUN      ] Sz_Depth_Cn_Code_Flip.Flip/33, where GetParam() = (1280x1024, CV_8U, BGRA, FLIP_BOTH)
[ PERFSTAT ]    (samples=13   mean=0.02   median=0.02   min=0.02   stddev=0.00 (1.7%))
[       OK ] Sz_Depth_Cn_Code_Flip.Flip/33 (5 ms)
[ RUN      ] Sz_Depth_Cn_Code_Flip.Flip/34, where GetParam() = (1280x1024, CV_8U, BGRA, FLIP_X)
[ PERFSTAT ]    (samples=13   mean=0.02   median=0.02   min=0.02   stddev=0.00 (1.6%))
[       OK ] Sz_Depth_Cn_Code_Flip.Flip/34 (6 ms)
[ RUN      ] Sz_Depth_Cn_Code_Flip.Flip/35, where GetParam() = (1280x1024, CV_8U, BGRA, FLIP_Y)
[ PERFSTAT ]    (samples=25   mean=0.02   median=0.02   min=0.02   stddev=0.00 (1.9%))
[       OK ] Sz_Depth_Cn_Code_Flip.Flip/35 (6 ms)
[ RUN      ] Sz_Depth_Cn_Code_Flip.Flip/36, where GetParam() = (1280x1024, CV_16U, Gray, FLIP_BOTH)
[ PERFSTAT ]    (samples=13   mean=0.02   median=0.02   min=0.02   stddev=0.00 (1.4%))
[       OK ] Sz_Depth_Cn_Code_Flip.Flip/36 (3 ms)
[ RUN      ] Sz_Depth_Cn_Code_Flip.Flip/37, where GetParam() = (1280x1024, CV_16U, Gray, FLIP_X)
[ PERFSTAT ]    (samples=13   mean=0.02   median=0.02   min=0.02   stddev=0.00 (1.3%))
[       OK ] Sz_Depth_Cn_Code_Flip.Flip/37 (3 ms)
[ RUN      ] Sz_Depth_Cn_Code_Flip.Flip/38, where GetParam() = (1280x1024, CV_16U, Gray, FLIP_Y)
[ PERFSTAT ]    (samples=13   mean=0.02   median=0.02   min=0.02   stddev=0.00 (1.8%))
[       OK ] Sz_Depth_Cn_Code_Flip.Flip/38 (4 ms)
[ RUN      ] Sz_Depth_Cn_Code_Flip.Flip/39, where GetParam() = (1280x1024, CV_16U, BGR, FLIP_BOTH)
[ PERFSTAT ]    (samples=13   mean=0.02   median=0.02   min=0.02   stddev=0.00 (1.7%))
[       OK ] Sz_Depth_Cn_Code_Flip.Flip/39 (8 ms)
[ RUN      ] Sz_Depth_Cn_Code_Flip.Flip/40, where GetParam() = (1280x1024, CV_16U, BGR, FLIP_X)
[ PERFSTAT ]    (samples=13   mean=0.02   median=0.02   min=0.02   stddev=0.00 (1.7%))
[       OK ] Sz_Depth_Cn_Code_Flip.Flip/40 (8 ms)
[ RUN      ] Sz_Depth_Cn_Code_Flip.Flip/41, where GetParam() = (1280x1024, CV_16U, BGR, FLIP_Y)
[ PERFSTAT ]    (samples=13   mean=0.02   median=0.02   min=0.02   stddev=0.00 (1.3%))
[       OK ] Sz_Depth_Cn_Code_Flip.Flip/41 (8 ms)
[ RUN      ] Sz_Depth_Cn_Code_Flip.Flip/42, where GetParam() = (1280x1024, CV_16U, BGRA, FLIP_BOTH)
[ PERFSTAT ]    (samples=13   mean=0.02   median=0.02   min=0.02   stddev=0.00 (2.4%))
[       OK ] Sz_Depth_Cn_Code_Flip.Flip/42 (10 ms)
[ RUN      ] Sz_Depth_Cn_Code_Flip.Flip/43, where GetParam() = (1280x1024, CV_16U, BGRA, FLIP_X)
[ PERFSTAT ]    (samples=15   mean=0.02   median=0.02   min=0.02   stddev=0.00 (3.0%))
[       OK ] Sz_Depth_Cn_Code_Flip.Flip/43 (10 ms)
[ RUN      ] Sz_Depth_Cn_Code_Flip.Flip/44, where GetParam() = (1280x1024, CV_16U, BGRA, FLIP_Y)
[ PERFSTAT ]    (samples=38   mean=0.02   median=0.02   min=0.02   stddev=0.00 (2.7%))
[       OK ] Sz_Depth_Cn_Code_Flip.Flip/44 (11 ms)
[ RUN      ] Sz_Depth_Cn_Code_Flip.Flip/45, where GetParam() = (1280x1024, CV_32F, Gray, FLIP_BOTH)
[ PERFSTAT ]    (samples=13   mean=0.02   median=0.02   min=0.02   stddev=0.00 (2.0%))
[       OK ] Sz_Depth_Cn_Code_Flip.Flip/45 (4 ms)
[ RUN      ] Sz_Depth_Cn_Code_Flip.Flip/46, where GetParam() = (1280x1024, CV_32F, Gray, FLIP_X)
[ PERFSTAT ]    (samples=13   mean=0.02   median=0.02   min=0.02   stddev=0.00 (1.5%))
[       OK ] Sz_Depth_Cn_Code_Flip.Flip/46 (3 ms)
[ RUN      ] Sz_Depth_Cn_Code_Flip.Flip/47, where GetParam() = (1280x1024, CV_32F, Gray, FLIP_Y)
[ PERFSTAT ]    (samples=13   mean=0.02   median=0.02   min=0.02   stddev=0.00 (1.4%))
[       OK ] Sz_Depth_Cn_Code_Flip.Flip/47 (4 ms)
[ RUN      ] Sz_Depth_Cn_Code_Flip.Flip/48, where GetParam() = (1280x1024, CV_32F, BGR, FLIP_BOTH)
[ PERFSTAT ]    (samples=13   mean=0.03   median=0.03   min=0.03   stddev=0.00 (2.4%))
[       OK ] Sz_Depth_Cn_Code_Flip.Flip/48 (12 ms)
[ RUN      ] Sz_Depth_Cn_Code_Flip.Flip/49, where GetParam() = (1280x1024, CV_32F, BGR, FLIP_X)
[ PERFSTAT ]    (samples=13   mean=0.03   median=0.03   min=0.03   stddev=0.00 (2.5%))
[       OK ] Sz_Depth_Cn_Code_Flip.Flip/49 (11 ms)
[ RUN      ] Sz_Depth_Cn_Code_Flip.Flip/50, where GetParam() = (1280x1024, CV_32F, BGR, FLIP_Y)
[ PERFSTAT ]    (samples=13   mean=0.03   median=0.03   min=0.03   stddev=0.00 (2.7%))
[       OK ] Sz_Depth_Cn_Code_Flip.Flip/50 (11 ms)
[ RUN      ] Sz_Depth_Cn_Code_Flip.Flip/51, where GetParam() = (1280x1024, CV_32F, BGRA, FLIP_BOTH)
[ PERFSTAT ]    (samples=22   mean=0.04   median=0.04   min=0.04   stddev=0.00 (3.0%))
[       OK ] Sz_Depth_Cn_Code_Flip.Flip/51 (16 ms)
[ RUN      ] Sz_Depth_Cn_Code_Flip.Flip/52, where GetParam() = (1280x1024, CV_32F, BGRA, FLIP_X)
[ PERFSTAT ]    (samples=13   mean=0.04   median=0.04   min=0.04   stddev=0.00 (2.6%))
[       OK ] Sz_Depth_Cn_Code_Flip.Flip/52 (16 ms)
[ RUN      ] Sz_Depth_Cn_Code_Flip.Flip/53, where GetParam() = (1280x1024, CV_32F, BGRA, FLIP_Y)
[ PERFSTAT ]    (samples=13   mean=0.04   median=0.04   min=0.04   stddev=0.00 (2.6%))
[       OK ] Sz_Depth_Cn_Code_Flip.Flip/53 (15 ms)
[ RUN      ] Sz_Depth_Cn_Code_Flip.Flip/54, where GetParam() = (1920x1080, CV_8U, Gray, FLIP_BOTH)
[ PERFSTAT ]    (samples=13   mean=0.02   median=0.02   min=0.02   stddev=0.00 (1.7%))
[       OK ] Sz_Depth_Cn_Code_Flip.Flip/54 (3 ms)
[ RUN      ] Sz_Depth_Cn_Code_Flip.Flip/55, where GetParam() = (1920x1080, CV_8U, Gray, FLIP_X)
[ PERFSTAT ]    (samples=13   mean=0.02   median=0.02   min=0.02   stddev=0.00 (1.7%))
[       OK ] Sz_Depth_Cn_Code_Flip.Flip/55 (3 ms)
[ RUN      ] Sz_Depth_Cn_Code_Flip.Flip/56, where GetParam() = (1920x1080, CV_8U, Gray, FLIP_Y)
[ PERFSTAT ]    (samples=13   mean=0.02   median=0.02   min=0.02   stddev=0.00 (1.6%))
[       OK ] Sz_Depth_Cn_Code_Flip.Flip/56 (2 ms)
[ RUN      ] Sz_Depth_Cn_Code_Flip.Flip/57, where GetParam() = (1920x1080, CV_8U, BGR, FLIP_BOTH)
[ PERFSTAT ]    (samples=13   mean=0.02   median=0.02   min=0.02   stddev=0.00 (1.7%))
[       OK ] Sz_Depth_Cn_Code_Flip.Flip/57 (7 ms)
[ RUN      ] Sz_Depth_Cn_Code_Flip.Flip/58, where GetParam() = (1920x1080, CV_8U, BGR, FLIP_X)
[ PERFSTAT ]    (samples=25   mean=0.02   median=0.02   min=0.02   stddev=0.00 (1.3%))
[       OK ] Sz_Depth_Cn_Code_Flip.Flip/58 (7 ms)
[ RUN      ] Sz_Depth_Cn_Code_Flip.Flip/59, where GetParam() = (1920x1080, CV_8U, BGR, FLIP_Y)
[ PERFSTAT ]    (samples=13   mean=0.02   median=0.02   min=0.02   stddev=0.00 (1.5%))
[       OK ] Sz_Depth_Cn_Code_Flip.Flip/59 (6 ms)
[ RUN      ] Sz_Depth_Cn_Code_Flip.Flip/60, where GetParam() = (1920x1080, CV_8U, BGRA, FLIP_BOTH)
[ PERFSTAT ]    (samples=25   mean=0.02   median=0.02   min=0.02   stddev=0.00 (3.0%))
[       OK ] Sz_Depth_Cn_Code_Flip.Flip/60 (9 ms)
[ RUN      ] Sz_Depth_Cn_Code_Flip.Flip/61, where GetParam() = (1920x1080, CV_8U, BGRA, FLIP_X)
[ PERFSTAT ]    (samples=13   mean=0.02   median=0.02   min=0.02   stddev=0.00 (1.4%))
[       OK ] Sz_Depth_Cn_Code_Flip.Flip/61 (8 ms)
[ RUN      ] Sz_Depth_Cn_Code_Flip.Flip/62, where GetParam() = (1920x1080, CV_8U, BGRA, FLIP_Y)
[ PERFSTAT ]    (samples=13   mean=0.02   median=0.02   min=0.02   stddev=0.00 (1.7%))
[       OK ] Sz_Depth_Cn_Code_Flip.Flip/62 (8 ms)
[ RUN      ] Sz_Depth_Cn_Code_Flip.Flip/63, where GetParam() = (1920x1080, CV_16U, Gray, FLIP_BOTH)
[ PERFSTAT ]    (samples=13   mean=0.02   median=0.02   min=0.02   stddev=0.00 (1.7%))
[       OK ] Sz_Depth_Cn_Code_Flip.Flip/63 (5 ms)
[ RUN      ] Sz_Depth_Cn_Code_Flip.Flip/64, where GetParam() = (1920x1080, CV_16U, Gray, FLIP_X)
[ PERFSTAT ]    (samples=13   mean=0.02   median=0.02   min=0.02   stddev=0.00 (1.4%))
[       OK ] Sz_Depth_Cn_Code_Flip.Flip/64 (5 ms)
[ RUN      ] Sz_Depth_Cn_Code_Flip.Flip/65, where GetParam() = (1920x1080, CV_16U, Gray, FLIP_Y)
[ PERFSTAT ]    (samples=13   mean=0.02   median=0.02   min=0.02   stddev=0.00 (1.5%))
[       OK ] Sz_Depth_Cn_Code_Flip.Flip/65 (4 ms)
[ RUN      ] Sz_Depth_Cn_Code_Flip.Flip/66, where GetParam() = (1920x1080, CV_16U, BGR, FLIP_BOTH)
[ PERFSTAT ]    (samples=13   mean=0.03   median=0.03   min=0.03   stddev=0.00 (1.7%))
[       OK ] Sz_Depth_Cn_Code_Flip.Flip/66 (12 ms)
[ RUN      ] Sz_Depth_Cn_Code_Flip.Flip/67, where GetParam() = (1920x1080, CV_16U, BGR, FLIP_X)
[ PERFSTAT ]    (samples=25   mean=0.03   median=0.03   min=0.03   stddev=0.00 (1.0%))
[       OK ] Sz_Depth_Cn_Code_Flip.Flip/67 (13 ms)
[ RUN      ] Sz_Depth_Cn_Code_Flip.Flip/68, where GetParam() = (1920x1080, CV_16U, BGR, FLIP_Y)
[ PERFSTAT ]    (samples=13   mean=0.03   median=0.03   min=0.03   stddev=0.00 (1.9%))
[       OK ] Sz_Depth_Cn_Code_Flip.Flip/68 (12 ms)
[ RUN      ] Sz_Depth_Cn_Code_Flip.Flip/69, where GetParam() = (1920x1080, CV_16U, BGRA, FLIP_BOTH)
[ PERFSTAT ]    (samples=25   mean=0.03   median=0.03   min=0.03   stddev=0.00 (2.9%))
[       OK ] Sz_Depth_Cn_Code_Flip.Flip/69 (17 ms)
[ RUN      ] Sz_Depth_Cn_Code_Flip.Flip/70, where GetParam() = (1920x1080, CV_16U, BGRA, FLIP_X)
[ PERFSTAT ]    (samples=81   mean=0.03   median=0.03   min=0.03   stddev=0.00 (3.0%))
[       OK ] Sz_Depth_Cn_Code_Flip.Flip/70 (20 ms)
[ RUN      ] Sz_Depth_Cn_Code_Flip.Flip/71, where GetParam() = (1920x1080, CV_16U, BGRA, FLIP_Y)
[ PERFSTAT ]    (samples=29   mean=0.03   median=0.03   min=0.03   stddev=0.00 (3.0%))
[       OK ] Sz_Depth_Cn_Code_Flip.Flip/71 (17 ms)
[ RUN      ] Sz_Depth_Cn_Code_Flip.Flip/72, where GetParam() = (1920x1080, CV_32F, Gray, FLIP_BOTH)
[ PERFSTAT ]    (samples=13   mean=0.02   median=0.02   min=0.02   stddev=0.00 (1.9%))
[       OK ] Sz_Depth_Cn_Code_Flip.Flip/72 (6 ms)
[ RUN      ] Sz_Depth_Cn_Code_Flip.Flip/73, where GetParam() = (1920x1080, CV_32F, Gray, FLIP_X)
[ PERFSTAT ]    (samples=13   mean=0.02   median=0.02   min=0.02   stddev=0.00 (2.0%))
[       OK ] Sz_Depth_Cn_Code_Flip.Flip/73 (6 ms)
[ RUN      ] Sz_Depth_Cn_Code_Flip.Flip/74, where GetParam() = (1920x1080, CV_32F, Gray, FLIP_Y)
[ PERFSTAT ]    (samples=13   mean=0.02   median=0.02   min=0.02   stddev=0.00 (1.9%))
[       OK ] Sz_Depth_Cn_Code_Flip.Flip/74 (6 ms)
[ RUN      ] Sz_Depth_Cn_Code_Flip.Flip/75, where GetParam() = (1920x1080, CV_32F, BGR, FLIP_BOTH)
[ PERFSTAT ]    (samples=13   mean=0.05   median=0.05   min=0.05   stddev=0.00 (2.0%))
[       OK ] Sz_Depth_Cn_Code_Flip.Flip/75 (19 ms)
[ RUN      ] Sz_Depth_Cn_Code_Flip.Flip/76, where GetParam() = (1920x1080, CV_32F, BGR, FLIP_X)
[ PERFSTAT ]    (samples=13   mean=0.05   median=0.05   min=0.05   stddev=0.00 (1.7%))
[       OK ] Sz_Depth_Cn_Code_Flip.Flip/76 (17 ms)
[ RUN      ] Sz_Depth_Cn_Code_Flip.Flip/77, where GetParam() = (1920x1080, CV_32F, BGR, FLIP_Y)
[ PERFSTAT ]    (samples=13   mean=0.05   median=0.05   min=0.05   stddev=0.00 (2.0%))
[       OK ] Sz_Depth_Cn_Code_Flip.Flip/77 (18 ms)
[ RUN      ] Sz_Depth_Cn_Code_Flip.Flip/78, where GetParam() = (1920x1080, CV_32F, BGRA, FLIP_BOTH)
[ PERFSTAT ]    (samples=13   mean=0.06   median=0.06   min=0.06   stddev=0.00 (1.6%))
[       OK ] Sz_Depth_Cn_Code_Flip.Flip/78 (25 ms)
[ RUN      ] Sz_Depth_Cn_Code_Flip.Flip/79, where GetParam() = (1920x1080, CV_32F, BGRA, FLIP_X)
[ PERFSTAT ]    (samples=13   mean=0.06   median=0.06   min=0.06   stddev=0.00 (1.6%))
[       OK ] Sz_Depth_Cn_Code_Flip.Flip/79 (29 ms)
[ RUN      ] Sz_Depth_Cn_Code_Flip.Flip/80, where GetParam() = (1920x1080, CV_32F, BGRA, FLIP_Y)
[ PERFSTAT ]    (samples=13   mean=0.06   median=0.06   min=0.06   stddev=0.00 (2.6%))
[       OK ] Sz_Depth_Cn_Code_Flip.Flip/80 (28 ms)
[----------] 81 tests from Sz_Depth_Cn_Code_Flip (652 ms total)

[----------] 6 tests from Sz_Type_LutOneChannel
[ RUN      ] Sz_Type_LutOneChannel.LutOneChannel/0, where GetParam() = (1280x720, 8UC1)
[ PERFSTAT ]    (samples=38   mean=0.02   median=0.02   min=0.02   stddev=0.00 (2.5%))
[       OK ] Sz_Type_LutOneChannel.LutOneChannel/0 (8 ms)
[ RUN      ] Sz_Type_LutOneChannel.LutOneChannel/1, where GetParam() = (1280x720, 8UC3)
[ PERFSTAT ]    (samples=13   mean=0.03   median=0.03   min=0.03   stddev=0.00 (2.9%))
[       OK ] Sz_Type_LutOneChannel.LutOneChannel/1 (5 ms)
[ RUN      ] Sz_Type_LutOneChannel.LutOneChannel/2, where GetParam() = (1280x1024, 8UC1)
[ PERFSTAT ]    (samples=13   mean=0.02   median=0.02   min=0.02   stddev=0.00 (2.6%))
[       OK ] Sz_Type_LutOneChannel.LutOneChannel/2 (2 ms)
[ RUN      ] Sz_Type_LutOneChannel.LutOneChannel/3, where GetParam() = (1280x1024, 8UC3)
[ PERFSTAT ]    (samples=13   mean=0.03   median=0.03   min=0.03   stddev=0.00 (2.6%))
[       OK ] Sz_Type_LutOneChannel.LutOneChannel/3 (6 ms)
[ RUN      ] Sz_Type_LutOneChannel.LutOneChannel/4, where GetParam() = (1920x1080, 8UC1)
[ PERFSTAT ]    (samples=13   mean=0.02   median=0.02   min=0.02   stddev=0.00 (2.6%))
[       OK ] Sz_Type_LutOneChannel.LutOneChannel/4 (4 ms)
[ RUN      ] Sz_Type_LutOneChannel.LutOneChannel/5, where GetParam() = (1920x1080, 8UC3)
[ PERFSTAT ]    (samples=25   mean=0.04   median=0.04   min=0.04   stddev=0.00 (2.3%))
[       OK ] Sz_Type_LutOneChannel.LutOneChannel/5 (8 ms)
[----------] 6 tests from Sz_Type_LutOneChannel (33 ms total)

[----------] 3 tests from Sz_Type_LutMultiChannel
[ RUN      ] Sz_Type_LutMultiChannel.LutMultiChannel/0, where GetParam() = (1280x720, 8UC3)
[ PERFSTAT ]    (samples=13   mean=0.03   median=0.03   min=0.03   stddev=0.00 (2.3%))
[       OK ] Sz_Type_LutMultiChannel.LutMultiChannel/0 (37 ms)
[ RUN      ] Sz_Type_LutMultiChannel.LutMultiChannel/1, where GetParam() = (1280x1024, 8UC3)
[ PERFSTAT ]    (samples=13   mean=0.03   median=0.03   min=0.03   stddev=0.00 (1.4%))
[       OK ] Sz_Type_LutMultiChannel.LutMultiChannel/1 (5 ms)
[ RUN      ] Sz_Type_LutMultiChannel.LutMultiChannel/2, where GetParam() = (1920x1080, 8UC3)
[ PERFSTAT ]    (samples=13   mean=0.04   median=0.04   min=0.04   stddev=0.00 (1.1%))
[       OK ] Sz_Type_LutMultiChannel.LutMultiChannel/2 (7 ms)
[----------] 3 tests from Sz_Type_LutMultiChannel (49 ms total)

[----------] 135 tests from Sz_Depth_Cn_Border_CopyMakeBorder
[ RUN      ] Sz_Depth_Cn_Border_CopyMakeBorder.CopyMakeBorder/0, where GetParam() = (1280x720, CV_8U, Gray, BORDER_REFLECT101)
[ PERFSTAT ]    (samples=13   mean=0.02   median=0.02   min=0.02   stddev=0.00 (1.7%))
[       OK ] Sz_Depth_Cn_Border_CopyMakeBorder.CopyMakeBorder/0 (2 ms)
[ RUN      ] Sz_Depth_Cn_Border_CopyMakeBorder.CopyMakeBorder/1, where GetParam() = (1280x720, CV_8U, Gray, BORDER_REPLICATE)
[ PERFSTAT ]    (samples=13   mean=0.02   median=0.02   min=0.01   stddev=0.00 (2.1%))
[       OK ] Sz_Depth_Cn_Border_CopyMakeBorder.CopyMakeBorder/1 (3 ms)
[ RUN      ] Sz_Depth_Cn_Border_CopyMakeBorder.CopyMakeBorder/2, where GetParam() = (1280x720, CV_8U, Gray, BORDER_CONSTANT)
[ PERFSTAT ]    (samples=13   mean=0.02   median=0.02   min=0.01   stddev=0.00 (1.9%))
[       OK ] Sz_Depth_Cn_Border_CopyMakeBorder.CopyMakeBorder/2 (2 ms)
[ RUN      ] Sz_Depth_Cn_Border_CopyMakeBorder.CopyMakeBorder/3, where GetParam() = (1280x720, CV_8U, Gray, BORDER_REFLECT)
[ PERFSTAT ]    (samples=13   mean=0.02   median=0.02   min=0.02   stddev=0.00 (1.5%))
[       OK ] Sz_Depth_Cn_Border_CopyMakeBorder.CopyMakeBorder/3 (2 ms)
[ RUN      ] Sz_Depth_Cn_Border_CopyMakeBorder.CopyMakeBorder/4, where GetParam() = (1280x720, CV_8U, Gray, BORDER_WRAP)
[ PERFSTAT ]    (samples=13   mean=0.02   median=0.02   min=0.02   stddev=0.00 (2.0%))
[       OK ] Sz_Depth_Cn_Border_CopyMakeBorder.CopyMakeBorder/4 (2 ms)
[ RUN      ] Sz_Depth_Cn_Border_CopyMakeBorder.CopyMakeBorder/5, where GetParam() = (1280x720, CV_8U, BGR, BORDER_REFLECT101)
[ PERFSTAT ]    (samples=13   mean=0.02   median=0.02   min=0.02   stddev=0.00 (1.9%))
[       OK ] Sz_Depth_Cn_Border_CopyMakeBorder.CopyMakeBorder/5 (4 ms)
[ RUN      ] Sz_Depth_Cn_Border_CopyMakeBorder.CopyMakeBorder/6, where GetParam() = (1280x720, CV_8U, BGR, BORDER_REPLICATE)
[ PERFSTAT ]    (samples=13   mean=0.02   median=0.02   min=0.02   stddev=0.00 (2.5%))
[       OK ] Sz_Depth_Cn_Border_CopyMakeBorder.CopyMakeBorder/6 (3 ms)
[ RUN      ] Sz_Depth_Cn_Border_CopyMakeBorder.CopyMakeBorder/7, where GetParam() = (1280x720, CV_8U, BGR, BORDER_CONSTANT)
[ PERFSTAT ]    (samples=13   mean=0.02   median=0.02   min=0.02   stddev=0.00 (2.3%))
[       OK ] Sz_Depth_Cn_Border_CopyMakeBorder.CopyMakeBorder/7 (4 ms)
[ RUN      ] Sz_Depth_Cn_Border_CopyMakeBorder.CopyMakeBorder/8, where GetParam() = (1280x720, CV_8U, BGR, BORDER_REFLECT)
[ PERFSTAT ]    (samples=13   mean=0.02   median=0.02   min=0.02   stddev=0.00 (1.6%))
[       OK ] Sz_Depth_Cn_Border_CopyMakeBorder.CopyMakeBorder/8 (3 ms)
[ RUN      ] Sz_Depth_Cn_Border_CopyMakeBorder.CopyMakeBorder/9, where GetParam() = (1280x720, CV_8U, BGR, BORDER_WRAP)
[ PERFSTAT ]    (samples=13   mean=0.02   median=0.02   min=0.02   stddev=0.00 (2.0%))
[       OK ] Sz_Depth_Cn_Border_CopyMakeBorder.CopyMakeBorder/9 (4 ms)
[ RUN      ] Sz_Depth_Cn_Border_CopyMakeBorder.CopyMakeBorder/10, where GetParam() = (1280x720, CV_8U, BGRA, BORDER_REFLECT101)
[ PERFSTAT ]    (samples=13   mean=0.02   median=0.02   min=0.02   stddev=0.00 (2.8%))
[       OK ] Sz_Depth_Cn_Border_CopyMakeBorder.CopyMakeBorder/10 (4 ms)
[ RUN      ] Sz_Depth_Cn_Border_CopyMakeBorder.CopyMakeBorder/11, where GetParam() = (1280x720, CV_8U, BGRA, BORDER_REPLICATE)
[ PERFSTAT ]    (samples=25   mean=0.02   median=0.02   min=0.02   stddev=0.00 (2.3%))
[       OK ] Sz_Depth_Cn_Border_CopyMakeBorder.CopyMakeBorder/11 (5 ms)
[ RUN      ] Sz_Depth_Cn_Border_CopyMakeBorder.CopyMakeBorder/12, where GetParam() = (1280x720, CV_8U, BGRA, BORDER_CONSTANT)
[ PERFSTAT ]    (samples=13   mean=0.02   median=0.02   min=0.02   stddev=0.00 (1.9%))
[       OK ] Sz_Depth_Cn_Border_CopyMakeBorder.CopyMakeBorder/12 (4 ms)
[ RUN      ] Sz_Depth_Cn_Border_CopyMakeBorder.CopyMakeBorder/13, where GetParam() = (1280x720, CV_8U, BGRA, BORDER_REFLECT)
[ PERFSTAT ]    (samples=13   mean=0.02   median=0.02   min=0.02   stddev=0.00 (2.0%))
[       OK ] Sz_Depth_Cn_Border_CopyMakeBorder.CopyMakeBorder/13 (4 ms)
[ RUN      ] Sz_Depth_Cn_Border_CopyMakeBorder.CopyMakeBorder/14, where GetParam() = (1280x720, CV_8U, BGRA, BORDER_WRAP)
[ PERFSTAT ]    (samples=25   mean=0.02   median=0.02   min=0.02   stddev=0.00 (1.4%))
[       OK ] Sz_Depth_Cn_Border_CopyMakeBorder.CopyMakeBorder/14 (5 ms)
[ RUN      ] Sz_Depth_Cn_Border_CopyMakeBorder.CopyMakeBorder/15, where GetParam() = (1280x720, CV_16U, Gray, BORDER_REFLECT101)
[ PERFSTAT ]    (samples=19   mean=0.02   median=0.02   min=0.02   stddev=0.00 (3.0%))
[       OK ] Sz_Depth_Cn_Border_CopyMakeBorder.CopyMakeBorder/15 (3 ms)
[ RUN      ] Sz_Depth_Cn_Border_CopyMakeBorder.CopyMakeBorder/16, where GetParam() = (1280x720, CV_16U, Gray, BORDER_REPLICATE)
[ PERFSTAT ]    (samples=25   mean=0.02   median=0.02   min=0.01   stddev=0.00 (1.7%))
[       OK ] Sz_Depth_Cn_Border_CopyMakeBorder.CopyMakeBorder/16 (3 ms)
[ RUN      ] Sz_Depth_Cn_Border_CopyMakeBorder.CopyMakeBorder/17, where GetParam() = (1280x720, CV_16U, Gray, BORDER_CONSTANT)
[ PERFSTAT ]    (samples=27   mean=0.02   median=0.02   min=0.01   stddev=0.00 (3.0%))
[       OK ] Sz_Depth_Cn_Border_CopyMakeBorder.CopyMakeBorder/17 (2 ms)
[ RUN      ] Sz_Depth_Cn_Border_CopyMakeBorder.CopyMakeBorder/18, where GetParam() = (1280x720, CV_16U, Gray, BORDER_REFLECT)
[ PERFSTAT ]    (samples=13   mean=0.02   median=0.02   min=0.02   stddev=0.00 (1.4%))
[       OK ] Sz_Depth_Cn_Border_CopyMakeBorder.CopyMakeBorder/18 (3 ms)
[ RUN      ] Sz_Depth_Cn_Border_CopyMakeBorder.CopyMakeBorder/19, where GetParam() = (1280x720, CV_16U, Gray, BORDER_WRAP)
[ PERFSTAT ]    (samples=13   mean=0.02   median=0.02   min=0.02   stddev=0.00 (1.7%))
[       OK ] Sz_Depth_Cn_Border_CopyMakeBorder.CopyMakeBorder/19 (3 ms)
[ RUN      ] Sz_Depth_Cn_Border_CopyMakeBorder.CopyMakeBorder/20, where GetParam() = (1280x720, CV_16U, BGR, BORDER_REFLECT101)
[ PERFSTAT ]    (samples=13   mean=0.02   median=0.02   min=0.02   stddev=0.00 (1.4%))
[       OK ] Sz_Depth_Cn_Border_CopyMakeBorder.CopyMakeBorder/20 (6 ms)
[ RUN      ] Sz_Depth_Cn_Border_CopyMakeBorder.CopyMakeBorder/21, where GetParam() = (1280x720, CV_16U, BGR, BORDER_REPLICATE)
[ PERFSTAT ]    (samples=13   mean=0.02   median=0.02   min=0.02   stddev=0.00 (2.1%))
[       OK ] Sz_Depth_Cn_Border_CopyMakeBorder.CopyMakeBorder/21 (6 ms)
[ RUN      ] Sz_Depth_Cn_Border_CopyMakeBorder.CopyMakeBorder/22, where GetParam() = (1280x720, CV_16U, BGR, BORDER_CONSTANT)
[ PERFSTAT ]    (samples=13   mean=0.02   median=0.02   min=0.02   stddev=0.00 (1.7%))
[       OK ] Sz_Depth_Cn_Border_CopyMakeBorder.CopyMakeBorder/22 (6 ms)
[ RUN      ] Sz_Depth_Cn_Border_CopyMakeBorder.CopyMakeBorder/23, where GetParam() = (1280x720, CV_16U, BGR, BORDER_REFLECT)
[ PERFSTAT ]    (samples=13   mean=0.02   median=0.02   min=0.02   stddev=0.00 (2.0%))
[       OK ] Sz_Depth_Cn_Border_CopyMakeBorder.CopyMakeBorder/23 (6 ms)
[ RUN      ] Sz_Depth_Cn_Border_CopyMakeBorder.CopyMakeBorder/24, where GetParam() = (1280x720, CV_16U, BGR, BORDER_WRAP)
[ PERFSTAT ]    (samples=13   mean=0.02   median=0.02   min=0.02   stddev=0.00 (1.7%))
[       OK ] Sz_Depth_Cn_Border_CopyMakeBorder.CopyMakeBorder/24 (6 ms)
[ RUN      ] Sz_Depth_Cn_Border_CopyMakeBorder.CopyMakeBorder/25, where GetParam() = (1280x720, CV_16U, BGRA, BORDER_REFLECT101)
[ PERFSTAT ]    (samples=13   mean=0.02   median=0.02   min=0.02   stddev=0.00 (1.9%))
[       OK ] Sz_Depth_Cn_Border_CopyMakeBorder.CopyMakeBorder/25 (8 ms)
[ RUN      ] Sz_Depth_Cn_Border_CopyMakeBorder.CopyMakeBorder/26, where GetParam() = (1280x720, CV_16U, BGRA, BORDER_REPLICATE)
[ PERFSTAT ]    (samples=13   mean=0.02   median=0.02   min=0.02   stddev=0.00 (1.6%))
[       OK ] Sz_Depth_Cn_Border_CopyMakeBorder.CopyMakeBorder/26 (8 ms)
[ RUN      ] Sz_Depth_Cn_Border_CopyMakeBorder.CopyMakeBorder/27, where GetParam() = (1280x720, CV_16U, BGRA, BORDER_CONSTANT)
[ PERFSTAT ]    (samples=13   mean=0.02   median=0.02   min=0.02   stddev=0.00 (2.7%))
[       OK ] Sz_Depth_Cn_Border_CopyMakeBorder.CopyMakeBorder/27 (7 ms)
[ RUN      ] Sz_Depth_Cn_Border_CopyMakeBorder.CopyMakeBorder/28, where GetParam() = (1280x720, CV_16U, BGRA, BORDER_REFLECT)
[ PERFSTAT ]    (samples=13   mean=0.02   median=0.02   min=0.02   stddev=0.00 (1.7%))
[       OK ] Sz_Depth_Cn_Border_CopyMakeBorder.CopyMakeBorder/28 (8 ms)
[ RUN      ] Sz_Depth_Cn_Border_CopyMakeBorder.CopyMakeBorder/29, where GetParam() = (1280x720, CV_16U, BGRA, BORDER_WRAP)
[ PERFSTAT ]    (samples=13   mean=0.02   median=0.02   min=0.02   stddev=0.00 (1.9%))
[       OK ] Sz_Depth_Cn_Border_CopyMakeBorder.CopyMakeBorder/29 (7 ms)
[ RUN      ] Sz_Depth_Cn_Border_CopyMakeBorder.CopyMakeBorder/30, where GetParam() = (1280x720, CV_32F, Gray, BORDER_REFLECT101)
[ PERFSTAT ]    (samples=13   mean=0.02   median=0.02   min=0.02   stddev=0.00 (1.8%))
[       OK ] Sz_Depth_Cn_Border_CopyMakeBorder.CopyMakeBorder/30 (3 ms)
[ RUN      ] Sz_Depth_Cn_Border_CopyMakeBorder.CopyMakeBorder/31, where GetParam() = (1280x720, CV_32F, Gray, BORDER_REPLICATE)
[ PERFSTAT ]    (samples=13   mean=0.02   median=0.02   min=0.01   stddev=0.00 (2.4%))
[       OK ] Sz_Depth_Cn_Border_CopyMakeBorder.CopyMakeBorder/31 (3 ms)
[ RUN      ] Sz_Depth_Cn_Border_CopyMakeBorder.CopyMakeBorder/32, where GetParam() = (1280x720, CV_32F, Gray, BORDER_CONSTANT)
[ PERFSTAT ]    (samples=13   mean=0.02   median=0.02   min=0.02   stddev=0.00 (1.8%))
[       OK ] Sz_Depth_Cn_Border_CopyMakeBorder.CopyMakeBorder/32 (3 ms)
[ RUN      ] Sz_Depth_Cn_Border_CopyMakeBorder.CopyMakeBorder/33, where GetParam() = (1280x720, CV_32F, Gray, BORDER_REFLECT)
[ PERFSTAT ]    (samples=13   mean=0.02   median=0.02   min=0.02   stddev=0.00 (1.7%))
[       OK ] Sz_Depth_Cn_Border_CopyMakeBorder.CopyMakeBorder/33 (4 ms)
[ RUN      ] Sz_Depth_Cn_Border_CopyMakeBorder.CopyMakeBorder/34, where GetParam() = (1280x720, CV_32F, Gray, BORDER_WRAP)
[ PERFSTAT ]    (samples=25   mean=0.02   median=0.02   min=0.02   stddev=0.00 (1.7%))
[       OK ] Sz_Depth_Cn_Border_CopyMakeBorder.CopyMakeBorder/34 (3 ms)
[ RUN      ] Sz_Depth_Cn_Border_CopyMakeBorder.CopyMakeBorder/35, where GetParam() = (1280x720, CV_32F, BGR, BORDER_REFLECT101)
[ PERFSTAT ]    (samples=13   mean=0.02   median=0.02   min=0.02   stddev=0.00 (2.4%))
[       OK ] Sz_Depth_Cn_Border_CopyMakeBorder.CopyMakeBorder/35 (9 ms)
[ RUN      ] Sz_Depth_Cn_Border_CopyMakeBorder.CopyMakeBorder/36, where GetParam() = (1280x720, CV_32F, BGR, BORDER_REPLICATE)
[ PERFSTAT ]    (samples=13   mean=0.02   median=0.02   min=0.02   stddev=0.00 (1.8%))
[       OK ] Sz_Depth_Cn_Border_CopyMakeBorder.CopyMakeBorder/36 (8 ms)
[ RUN      ] Sz_Depth_Cn_Border_CopyMakeBorder.CopyMakeBorder/37, where GetParam() = (1280x720, CV_32F, BGR, BORDER_CONSTANT)
[ PERFSTAT ]    (samples=13   mean=0.02   median=0.02   min=0.02   stddev=0.00 (1.5%))
[       OK ] Sz_Depth_Cn_Border_CopyMakeBorder.CopyMakeBorder/37 (8 ms)
[ RUN      ] Sz_Depth_Cn_Border_CopyMakeBorder.CopyMakeBorder/38, where GetParam() = (1280x720, CV_32F, BGR, BORDER_REFLECT)
[ PERFSTAT ]    (samples=25   mean=0.02   median=0.02   min=0.02   stddev=0.00 (1.0%))
[       OK ] Sz_Depth_Cn_Border_CopyMakeBorder.CopyMakeBorder/38 (9 ms)
[ RUN      ] Sz_Depth_Cn_Border_CopyMakeBorder.CopyMakeBorder/39, where GetParam() = (1280x720, CV_32F, BGR, BORDER_WRAP)
[ PERFSTAT ]    (samples=13   mean=0.02   median=0.02   min=0.02   stddev=0.00 (2.5%))
[       OK ] Sz_Depth_Cn_Border_CopyMakeBorder.CopyMakeBorder/39 (8 ms)
[ RUN      ] Sz_Depth_Cn_Border_CopyMakeBorder.CopyMakeBorder/40, where GetParam() = (1280x720, CV_32F, BGRA, BORDER_REFLECT101)
[ PERFSTAT ]    (samples=18   mean=0.03   median=0.03   min=0.02   stddev=0.00 (3.0%))
[       OK ] Sz_Depth_Cn_Border_CopyMakeBorder.CopyMakeBorder/40 (12 ms)
[ RUN      ] Sz_Depth_Cn_Border_CopyMakeBorder.CopyMakeBorder/41, where GetParam() = (1280x720, CV_32F, BGRA, BORDER_REPLICATE)
[ PERFSTAT ]    (samples=17   mean=0.03   median=0.03   min=0.02   stddev=0.00 (3.0%))
[       OK ] Sz_Depth_Cn_Border_CopyMakeBorder.CopyMakeBorder/41 (11 ms)
[ RUN      ] Sz_Depth_Cn_Border_CopyMakeBorder.CopyMakeBorder/42, where GetParam() = (1280x720, CV_32F, BGRA, BORDER_CONSTANT)
[ PERFSTAT ]    (samples=13   mean=0.03   median=0.03   min=0.02   stddev=0.00 (2.9%))
[       OK ] Sz_Depth_Cn_Border_CopyMakeBorder.CopyMakeBorder/42 (11 ms)
[ RUN      ] Sz_Depth_Cn_Border_CopyMakeBorder.CopyMakeBorder/43, where GetParam() = (1280x720, CV_32F, BGRA, BORDER_REFLECT)
[ PERFSTAT ]    (samples=25   mean=0.03   median=0.03   min=0.02   stddev=0.00 (2.6%))
[       OK ] Sz_Depth_Cn_Border_CopyMakeBorder.CopyMakeBorder/43 (11 ms)
[ RUN      ] Sz_Depth_Cn_Border_CopyMakeBorder.CopyMakeBorder/44, where GetParam() = (1280x720, CV_32F, BGRA, BORDER_WRAP)
[ PERFSTAT ]    (samples=16   mean=0.03   median=0.03   min=0.02   stddev=0.00 (2.9%))
[       OK ] Sz_Depth_Cn_Border_CopyMakeBorder.CopyMakeBorder/44 (11 ms)
[ RUN      ] Sz_Depth_Cn_Border_CopyMakeBorder.CopyMakeBorder/45, where GetParam() = (1280x1024, CV_8U, Gray, BORDER_REFLECT101)
[ PERFSTAT ]    (samples=13   mean=0.02   median=0.02   min=0.02   stddev=0.00 (1.5%))
[       OK ] Sz_Depth_Cn_Border_CopyMakeBorder.CopyMakeBorder/45 (2 ms)
[ RUN      ] Sz_Depth_Cn_Border_CopyMakeBorder.CopyMakeBorder/46, where GetParam() = (1280x1024, CV_8U, Gray, BORDER_REPLICATE)
[ PERFSTAT ]    (samples=13   mean=0.02   median=0.02   min=0.02   stddev=0.00 (1.8%))
[       OK ] Sz_Depth_Cn_Border_CopyMakeBorder.CopyMakeBorder/46 (3 ms)
[ RUN      ] Sz_Depth_Cn_Border_CopyMakeBorder.CopyMakeBorder/47, where GetParam() = (1280x1024, CV_8U, Gray, BORDER_CONSTANT)
[ PERFSTAT ]    (samples=13   mean=0.02   median=0.02   min=0.02   stddev=0.00 (1.4%))
[       OK ] Sz_Depth_Cn_Border_CopyMakeBorder.CopyMakeBorder/47 (2 ms)
[ RUN      ] Sz_Depth_Cn_Border_CopyMakeBorder.CopyMakeBorder/48, where GetParam() = (1280x1024, CV_8U, Gray, BORDER_REFLECT)
[ PERFSTAT ]    (samples=13   mean=0.02   median=0.02   min=0.02   stddev=0.00 (1.6%))
[       OK ] Sz_Depth_Cn_Border_CopyMakeBorder.CopyMakeBorder/48 (3 ms)
[ RUN      ] Sz_Depth_Cn_Border_CopyMakeBorder.CopyMakeBorder/49, where GetParam() = (1280x1024, CV_8U, Gray, BORDER_WRAP)
[ PERFSTAT ]    (samples=13   mean=0.02   median=0.02   min=0.02   stddev=0.00 (1.3%))
[       OK ] Sz_Depth_Cn_Border_CopyMakeBorder.CopyMakeBorder/49 (2 ms)
[ RUN      ] Sz_Depth_Cn_Border_CopyMakeBorder.CopyMakeBorder/50, where GetParam() = (1280x1024, CV_8U, BGR, BORDER_REFLECT101)
[ PERFSTAT ]    (samples=25   mean=0.02   median=0.02   min=0.02   stddev=0.00 (1.3%))
[       OK ] Sz_Depth_Cn_Border_CopyMakeBorder.CopyMakeBorder/50 (5 ms)
[ RUN      ] Sz_Depth_Cn_Border_CopyMakeBorder.CopyMakeBorder/51, where GetParam() = (1280x1024, CV_8U, BGR, BORDER_REPLICATE)
[ PERFSTAT ]    (samples=25   mean=0.02   median=0.02   min=0.02   stddev=0.00 (1.5%))
[       OK ] Sz_Depth_Cn_Border_CopyMakeBorder.CopyMakeBorder/51 (5 ms)
[ RUN      ] Sz_Depth_Cn_Border_CopyMakeBorder.CopyMakeBorder/52, where GetParam() = (1280x1024, CV_8U, BGR, BORDER_CONSTANT)
[ PERFSTAT ]    (samples=13   mean=0.02   median=0.02   min=0.02   stddev=0.00 (1.4%))
[       OK ] Sz_Depth_Cn_Border_CopyMakeBorder.CopyMakeBorder/52 (4 ms)
[ RUN      ] Sz_Depth_Cn_Border_CopyMakeBorder.CopyMakeBorder/53, where GetParam() = (1280x1024, CV_8U, BGR, BORDER_REFLECT)
[ PERFSTAT ]    (samples=13   mean=0.02   median=0.02   min=0.02   stddev=0.00 (1.6%))
[       OK ] Sz_Depth_Cn_Border_CopyMakeBorder.CopyMakeBorder/53 (5 ms)
[ RUN      ] Sz_Depth_Cn_Border_CopyMakeBorder.CopyMakeBorder/54, where GetParam() = (1280x1024, CV_8U, BGR, BORDER_WRAP)
[ PERFSTAT ]    (samples=13   mean=0.02   median=0.02   min=0.02   stddev=0.00 (1.9%))
[       OK ] Sz_Depth_Cn_Border_CopyMakeBorder.CopyMakeBorder/54 (5 ms)
[ RUN      ] Sz_Depth_Cn_Border_CopyMakeBorder.CopyMakeBorder/55, where GetParam() = (1280x1024, CV_8U, BGRA, BORDER_REFLECT101)
[ PERFSTAT ]    (samples=13   mean=0.02   median=0.02   min=0.02   stddev=0.00 (0.8%))
[       OK ] Sz_Depth_Cn_Border_CopyMakeBorder.CopyMakeBorder/55 (6 ms)
[ RUN      ] Sz_Depth_Cn_Border_CopyMakeBorder.CopyMakeBorder/56, where GetParam() = (1280x1024, CV_8U, BGRA, BORDER_REPLICATE)
[ PERFSTAT ]    (samples=13   mean=0.02   median=0.02   min=0.02   stddev=0.00 (2.3%))
[       OK ] Sz_Depth_Cn_Border_CopyMakeBorder.CopyMakeBorder/56 (5 ms)
[ RUN      ] Sz_Depth_Cn_Border_CopyMakeBorder.CopyMakeBorder/57, where GetParam() = (1280x1024, CV_8U, BGRA, BORDER_CONSTANT)
[ PERFSTAT ]    (samples=13   mean=0.02   median=0.02   min=0.02   stddev=0.00 (1.9%))
[       OK ] Sz_Depth_Cn_Border_CopyMakeBorder.CopyMakeBorder/57 (6 ms)
[ RUN      ] Sz_Depth_Cn_Border_CopyMakeBorder.CopyMakeBorder/58, where GetParam() = (1280x1024, CV_8U, BGRA, BORDER_REFLECT)
[ PERFSTAT ]    (samples=13   mean=0.02   median=0.02   min=0.02   stddev=0.00 (1.6%))
[       OK ] Sz_Depth_Cn_Border_CopyMakeBorder.CopyMakeBorder/58 (6 ms)
[ RUN      ] Sz_Depth_Cn_Border_CopyMakeBorder.CopyMakeBorder/59, where GetParam() = (1280x1024, CV_8U, BGRA, BORDER_WRAP)
[ PERFSTAT ]    (samples=13   mean=0.02   median=0.02   min=0.02   stddev=0.00 (2.2%))
[       OK ] Sz_Depth_Cn_Border_CopyMakeBorder.CopyMakeBorder/59 (5 ms)
[ RUN      ] Sz_Depth_Cn_Border_CopyMakeBorder.CopyMakeBorder/60, where GetParam() = (1280x1024, CV_16U, Gray, BORDER_REFLECT101)
[ PERFSTAT ]    (samples=13   mean=0.02   median=0.02   min=0.02   stddev=0.00 (1.2%))
[       OK ] Sz_Depth_Cn_Border_CopyMakeBorder.CopyMakeBorder/60 (4 ms)
[ RUN      ] Sz_Depth_Cn_Border_CopyMakeBorder.CopyMakeBorder/61, where GetParam() = (1280x1024, CV_16U, Gray, BORDER_REPLICATE)
[ PERFSTAT ]    (samples=13   mean=0.02   median=0.02   min=0.02   stddev=0.00 (1.5%))
[       OK ] Sz_Depth_Cn_Border_CopyMakeBorder.CopyMakeBorder/61 (3 ms)
[ RUN      ] Sz_Depth_Cn_Border_CopyMakeBorder.CopyMakeBorder/62, where GetParam() = (1280x1024, CV_16U, Gray, BORDER_CONSTANT)
[ PERFSTAT ]    (samples=13   mean=0.02   median=0.02   min=0.02   stddev=0.00 (2.0%))
[       OK ] Sz_Depth_Cn_Border_CopyMakeBorder.CopyMakeBorder/62 (4 ms)
[ RUN      ] Sz_Depth_Cn_Border_CopyMakeBorder.CopyMakeBorder/63, where GetParam() = (1280x1024, CV_16U, Gray, BORDER_REFLECT)
[ PERFSTAT ]    (samples=13   mean=0.02   median=0.02   min=0.02   stddev=0.00 (1.2%))
[       OK ] Sz_Depth_Cn_Border_CopyMakeBorder.CopyMakeBorder/63 (3 ms)
[ RUN      ] Sz_Depth_Cn_Border_CopyMakeBorder.CopyMakeBorder/64, where GetParam() = (1280x1024, CV_16U, Gray, BORDER_WRAP)
[ PERFSTAT ]    (samples=13   mean=0.02   median=0.02   min=0.02   stddev=0.00 (1.3%))
[       OK ] Sz_Depth_Cn_Border_CopyMakeBorder.CopyMakeBorder/64 (4 ms)
[ RUN      ] Sz_Depth_Cn_Border_CopyMakeBorder.CopyMakeBorder/65, where GetParam() = (1280x1024, CV_16U, BGR, BORDER_REFLECT101)
[ PERFSTAT ]    (samples=13   mean=0.02   median=0.02   min=0.02   stddev=0.00 (1.6%))
[       OK ] Sz_Depth_Cn_Border_CopyMakeBorder.CopyMakeBorder/65 (8 ms)
[ RUN      ] Sz_Depth_Cn_Border_CopyMakeBorder.CopyMakeBorder/66, where GetParam() = (1280x1024, CV_16U, BGR, BORDER_REPLICATE)
[ PERFSTAT ]    (samples=13   mean=0.02   median=0.02   min=0.02   stddev=0.00 (1.2%))
[       OK ] Sz_Depth_Cn_Border_CopyMakeBorder.CopyMakeBorder/66 (8 ms)
[ RUN      ] Sz_Depth_Cn_Border_CopyMakeBorder.CopyMakeBorder/67, where GetParam() = (1280x1024, CV_16U, BGR, BORDER_CONSTANT)
[ PERFSTAT ]    (samples=13   mean=0.02   median=0.02   min=0.02   stddev=0.00 (1.0%))
[       OK ] Sz_Depth_Cn_Border_CopyMakeBorder.CopyMakeBorder/67 (8 ms)
[ RUN      ] Sz_Depth_Cn_Border_CopyMakeBorder.CopyMakeBorder/68, where GetParam() = (1280x1024, CV_16U, BGR, BORDER_REFLECT)
[ PERFSTAT ]    (samples=13   mean=0.02   median=0.02   min=0.02   stddev=0.00 (1.6%))
[       OK ] Sz_Depth_Cn_Border_CopyMakeBorder.CopyMakeBorder/68 (8 ms)
[ RUN      ] Sz_Depth_Cn_Border_CopyMakeBorder.CopyMakeBorder/69, where GetParam() = (1280x1024, CV_16U, BGR, BORDER_WRAP)
[ PERFSTAT ]    (samples=13   mean=0.02   median=0.02   min=0.02   stddev=0.00 (1.2%))
[       OK ] Sz_Depth_Cn_Border_CopyMakeBorder.CopyMakeBorder/69 (8 ms)
[ RUN      ] Sz_Depth_Cn_Border_CopyMakeBorder.CopyMakeBorder/70, where GetParam() = (1280x1024, CV_16U, BGRA, BORDER_REFLECT101)
[ PERFSTAT ]    (samples=13   mean=0.02   median=0.02   min=0.02   stddev=0.00 (1.7%))
[       OK ] Sz_Depth_Cn_Border_CopyMakeBorder.CopyMakeBorder/70 (11 ms)
[ RUN      ] Sz_Depth_Cn_Border_CopyMakeBorder.CopyMakeBorder/71, where GetParam() = (1280x1024, CV_16U, BGRA, BORDER_REPLICATE)
[ PERFSTAT ]    (samples=13   mean=0.02   median=0.02   min=0.02   stddev=0.00 (2.4%))
[       OK ] Sz_Depth_Cn_Border_CopyMakeBorder.CopyMakeBorder/71 (11 ms)
[ RUN      ] Sz_Depth_Cn_Border_CopyMakeBorder.CopyMakeBorder/72, where GetParam() = (1280x1024, CV_16U, BGRA, BORDER_CONSTANT)
[ PERFSTAT ]    (samples=25   mean=0.02   median=0.02   min=0.02   stddev=0.00 (2.0%))
[       OK ] Sz_Depth_Cn_Border_CopyMakeBorder.CopyMakeBorder/72 (10 ms)
[ RUN      ] Sz_Depth_Cn_Border_CopyMakeBorder.CopyMakeBorder/73, where GetParam() = (1280x1024, CV_16U, BGRA, BORDER_REFLECT)
[ PERFSTAT ]    (samples=13   mean=0.02   median=0.02   min=0.02   stddev=0.00 (1.3%))
[       OK ] Sz_Depth_Cn_Border_CopyMakeBorder.CopyMakeBorder/73 (11 ms)
[ RUN      ] Sz_Depth_Cn_Border_CopyMakeBorder.CopyMakeBorder/74, where GetParam() = (1280x1024, CV_16U, BGRA, BORDER_WRAP)
[ PERFSTAT ]    (samples=13   mean=0.02   median=0.02   min=0.02   stddev=0.00 (1.9%))
[       OK ] Sz_Depth_Cn_Border_CopyMakeBorder.CopyMakeBorder/74 (10 ms)
[ RUN      ] Sz_Depth_Cn_Border_CopyMakeBorder.CopyMakeBorder/75, where GetParam() = (1280x1024, CV_32F, Gray, BORDER_REFLECT101)
[ PERFSTAT ]    (samples=13   mean=0.02   median=0.02   min=0.02   stddev=0.00 (1.3%))
[       OK ] Sz_Depth_Cn_Border_CopyMakeBorder.CopyMakeBorder/75 (4 ms)
[ RUN      ] Sz_Depth_Cn_Border_CopyMakeBorder.CopyMakeBorder/76, where GetParam() = (1280x1024, CV_32F, Gray, BORDER_REPLICATE)
[ PERFSTAT ]    (samples=13   mean=0.02   median=0.02   min=0.02   stddev=0.00 (2.2%))
[       OK ] Sz_Depth_Cn_Border_CopyMakeBorder.CopyMakeBorder/76 (4 ms)
[ RUN      ] Sz_Depth_Cn_Border_CopyMakeBorder.CopyMakeBorder/77, where GetParam() = (1280x1024, CV_32F, Gray, BORDER_CONSTANT)
[ PERFSTAT ]    (samples=13   mean=0.02   median=0.02   min=0.02   stddev=0.00 (2.0%))
[       OK ] Sz_Depth_Cn_Border_CopyMakeBorder.CopyMakeBorder/77 (5 ms)
[ RUN      ] Sz_Depth_Cn_Border_CopyMakeBorder.CopyMakeBorder/78, where GetParam() = (1280x1024, CV_32F, Gray, BORDER_REFLECT)
[ PERFSTAT ]    (samples=13   mean=0.02   median=0.02   min=0.02   stddev=0.00 (1.6%))
[       OK ] Sz_Depth_Cn_Border_CopyMakeBorder.CopyMakeBorder/78 (4 ms)
[ RUN      ] Sz_Depth_Cn_Border_CopyMakeBorder.CopyMakeBorder/79, where GetParam() = (1280x1024, CV_32F, Gray, BORDER_WRAP)
[ PERFSTAT ]    (samples=13   mean=0.02   median=0.02   min=0.02   stddev=0.00 (2.2%))
[       OK ] Sz_Depth_Cn_Border_CopyMakeBorder.CopyMakeBorder/79 (4 ms)
[ RUN      ] Sz_Depth_Cn_Border_CopyMakeBorder.CopyMakeBorder/80, where GetParam() = (1280x1024, CV_32F, BGR, BORDER_REFLECT101)
[ PERFSTAT ]    (samples=20   mean=0.03   median=0.03   min=0.03   stddev=0.00 (3.0%))
[       OK ] Sz_Depth_Cn_Border_CopyMakeBorder.CopyMakeBorder/80 (12 ms)
[ RUN      ] Sz_Depth_Cn_Border_CopyMakeBorder.CopyMakeBorder/81, where GetParam() = (1280x1024, CV_32F, BGR, BORDER_REPLICATE)
[ PERFSTAT ]    (samples=14   mean=0.03   median=0.03   min=0.03   stddev=0.00 (2.9%))
[       OK ] Sz_Depth_Cn_Border_CopyMakeBorder.CopyMakeBorder/81 (12 ms)
[ RUN      ] Sz_Depth_Cn_Border_CopyMakeBorder.CopyMakeBorder/82, where GetParam() = (1280x1024, CV_32F, BGR, BORDER_CONSTANT)
[ PERFSTAT ]    (samples=25   mean=0.03   median=0.03   min=0.03   stddev=0.00 (2.5%))
[       OK ] Sz_Depth_Cn_Border_CopyMakeBorder.CopyMakeBorder/82 (12 ms)
[ RUN      ] Sz_Depth_Cn_Border_CopyMakeBorder.CopyMakeBorder/83, where GetParam() = (1280x1024, CV_32F, BGR, BORDER_REFLECT)
[ PERFSTAT ]    (samples=13   mean=0.03   median=0.03   min=0.03   stddev=0.00 (2.5%))
[       OK ] Sz_Depth_Cn_Border_CopyMakeBorder.CopyMakeBorder/83 (11 ms)
[ RUN      ] Sz_Depth_Cn_Border_CopyMakeBorder.CopyMakeBorder/84, where GetParam() = (1280x1024, CV_32F, BGR, BORDER_WRAP)
[ PERFSTAT ]    (samples=13   mean=0.03   median=0.03   min=0.03   stddev=0.00 (2.8%))
[       OK ] Sz_Depth_Cn_Border_CopyMakeBorder.CopyMakeBorder/84 (12 ms)
[ RUN      ] Sz_Depth_Cn_Border_CopyMakeBorder.CopyMakeBorder/85, where GetParam() = (1280x1024, CV_32F, BGRA, BORDER_REFLECT101)
[ PERFSTAT ]    (samples=25   mean=0.04   median=0.04   min=0.04   stddev=0.00 (2.1%))
[       OK ] Sz_Depth_Cn_Border_CopyMakeBorder.CopyMakeBorder/85 (17 ms)
[ RUN      ] Sz_Depth_Cn_Border_CopyMakeBorder.CopyMakeBorder/86, where GetParam() = (1280x1024, CV_32F, BGRA, BORDER_REPLICATE)
[ PERFSTAT ]    (samples=13   mean=0.04   median=0.04   min=0.04   stddev=0.00 (2.1%))
[       OK ] Sz_Depth_Cn_Border_CopyMakeBorder.CopyMakeBorder/86 (15 ms)
[ RUN      ] Sz_Depth_Cn_Border_CopyMakeBorder.CopyMakeBorder/87, where GetParam() = (1280x1024, CV_32F, BGRA, BORDER_CONSTANT)
[ PERFSTAT ]    (samples=13   mean=0.04   median=0.04   min=0.04   stddev=0.00 (2.2%))
[       OK ] Sz_Depth_Cn_Border_CopyMakeBorder.CopyMakeBorder/87 (15 ms)
[ RUN      ] Sz_Depth_Cn_Border_CopyMakeBorder.CopyMakeBorder/88, where GetParam() = (1280x1024, CV_32F, BGRA, BORDER_REFLECT)
[ PERFSTAT ]    (samples=13   mean=0.04   median=0.04   min=0.04   stddev=0.00 (1.8%))
[       OK ] Sz_Depth_Cn_Border_CopyMakeBorder.CopyMakeBorder/88 (15 ms)
[ RUN      ] Sz_Depth_Cn_Border_CopyMakeBorder.CopyMakeBorder/89, where GetParam() = (1280x1024, CV_32F, BGRA, BORDER_WRAP)
[ PERFSTAT ]    (samples=13   mean=0.04   median=0.04   min=0.04   stddev=0.00 (2.1%))
[       OK ] Sz_Depth_Cn_Border_CopyMakeBorder.CopyMakeBorder/89 (16 ms)
[ RUN      ] Sz_Depth_Cn_Border_CopyMakeBorder.CopyMakeBorder/90, where GetParam() = (1920x1080, CV_8U, Gray, BORDER_REFLECT101)
[ PERFSTAT ]    (samples=13   mean=0.03   median=0.03   min=0.03   stddev=0.00 (0.8%))
[       OK ] Sz_Depth_Cn_Border_CopyMakeBorder.CopyMakeBorder/90 (3 ms)
[ RUN      ] Sz_Depth_Cn_Border_CopyMakeBorder.CopyMakeBorder/91, where GetParam() = (1920x1080, CV_8U, Gray, BORDER_REPLICATE)
[ PERFSTAT ]    (samples=13   mean=0.02   median=0.02   min=0.02   stddev=0.00 (2.3%))
[       OK ] Sz_Depth_Cn_Border_CopyMakeBorder.CopyMakeBorder/91 (3 ms)
[ RUN      ] Sz_Depth_Cn_Border_CopyMakeBorder.CopyMakeBorder/92, where GetParam() = (1920x1080, CV_8U, Gray, BORDER_CONSTANT)
[ PERFSTAT ]    (samples=13   mean=0.02   median=0.02   min=0.02   stddev=0.00 (1.3%))
[       OK ] Sz_Depth_Cn_Border_CopyMakeBorder.CopyMakeBorder/92 (3 ms)
[ RUN      ] Sz_Depth_Cn_Border_CopyMakeBorder.CopyMakeBorder/93, where GetParam() = (1920x1080, CV_8U, Gray, BORDER_REFLECT)
[ PERFSTAT ]    (samples=13   mean=0.03   median=0.03   min=0.03   stddev=0.00 (1.0%))
[       OK ] Sz_Depth_Cn_Border_CopyMakeBorder.CopyMakeBorder/93 (3 ms)
[ RUN      ] Sz_Depth_Cn_Border_CopyMakeBorder.CopyMakeBorder/94, where GetParam() = (1920x1080, CV_8U, Gray, BORDER_WRAP)
[ PERFSTAT ]    (samples=25   mean=0.02   median=0.02   min=0.02   stddev=0.00 (1.2%))
[       OK ] Sz_Depth_Cn_Border_CopyMakeBorder.CopyMakeBorder/94 (4 ms)
[ RUN      ] Sz_Depth_Cn_Border_CopyMakeBorder.CopyMakeBorder/95, where GetParam() = (1920x1080, CV_8U, BGR, BORDER_REFLECT101)
[ PERFSTAT ]    (samples=13   mean=0.03   median=0.03   min=0.03   stddev=0.00 (0.9%))
[       OK ] Sz_Depth_Cn_Border_CopyMakeBorder.CopyMakeBorder/95 (7 ms)
[ RUN      ] Sz_Depth_Cn_Border_CopyMakeBorder.CopyMakeBorder/96, where GetParam() = (1920x1080, CV_8U, BGR, BORDER_REPLICATE)
[ PERFSTAT ]    (samples=13   mean=0.02   median=0.02   min=0.02   stddev=0.00 (2.2%))
[       OK ] Sz_Depth_Cn_Border_CopyMakeBorder.CopyMakeBorder/96 (6 ms)
[ RUN      ] Sz_Depth_Cn_Border_CopyMakeBorder.CopyMakeBorder/97, where GetParam() = (1920x1080, CV_8U, BGR, BORDER_CONSTANT)
[ PERFSTAT ]    (samples=13   mean=0.02   median=0.02   min=0.02   stddev=0.00 (2.9%))
[       OK ] Sz_Depth_Cn_Border_CopyMakeBorder.CopyMakeBorder/97 (7 ms)
[ RUN      ] Sz_Depth_Cn_Border_CopyMakeBorder.CopyMakeBorder/98, where GetParam() = (1920x1080, CV_8U, BGR, BORDER_REFLECT)
[ PERFSTAT ]    (samples=13   mean=0.03   median=0.03   min=0.03   stddev=0.00 (0.9%))
[       OK ] Sz_Depth_Cn_Border_CopyMakeBorder.CopyMakeBorder/98 (6 ms)
[ RUN      ] Sz_Depth_Cn_Border_CopyMakeBorder.CopyMakeBorder/99, where GetParam() = (1920x1080, CV_8U, BGR, BORDER_WRAP)
[ PERFSTAT ]    (samples=13   mean=0.02   median=0.02   min=0.02   stddev=0.00 (1.5%))
[       OK ] Sz_Depth_Cn_Border_CopyMakeBorder.CopyMakeBorder/99 (6 ms)
[ RUN      ] Sz_Depth_Cn_Border_CopyMakeBorder.CopyMakeBorder/100, where GetParam() = (1920x1080, CV_8U, BGRA, BORDER_REFLECT101)
[ PERFSTAT ]    (samples=13   mean=0.03   median=0.03   min=0.03   stddev=0.00 (0.9%))
[       OK ] Sz_Depth_Cn_Border_CopyMakeBorder.CopyMakeBorder/100 (9 ms)
[ RUN      ] Sz_Depth_Cn_Border_CopyMakeBorder.CopyMakeBorder/101, where GetParam() = (1920x1080, CV_8U, BGRA, BORDER_REPLICATE)
[ PERFSTAT ]    (samples=13   mean=0.02   median=0.02   min=0.02   stddev=0.00 (1.8%))
[       OK ] Sz_Depth_Cn_Border_CopyMakeBorder.CopyMakeBorder/101 (9 ms)
[ RUN      ] Sz_Depth_Cn_Border_CopyMakeBorder.CopyMakeBorder/102, where GetParam() = (1920x1080, CV_8U, BGRA, BORDER_CONSTANT)
[ PERFSTAT ]    (samples=13   mean=0.02   median=0.02   min=0.02   stddev=0.00 (1.8%))
[       OK ] Sz_Depth_Cn_Border_CopyMakeBorder.CopyMakeBorder/102 (9 ms)
[ RUN      ] Sz_Depth_Cn_Border_CopyMakeBorder.CopyMakeBorder/103, where GetParam() = (1920x1080, CV_8U, BGRA, BORDER_REFLECT)
[ PERFSTAT ]    (samples=25   mean=0.03   median=0.03   min=0.03   stddev=0.00 (1.1%))
[       OK ] Sz_Depth_Cn_Border_CopyMakeBorder.CopyMakeBorder/103 (8 ms)
[ RUN      ] Sz_Depth_Cn_Border_CopyMakeBorder.CopyMakeBorder/104, where GetParam() = (1920x1080, CV_8U, BGRA, BORDER_WRAP)
[ PERFSTAT ]    (samples=13   mean=0.02   median=0.02   min=0.02   stddev=0.00 (1.6%))
[       OK ] Sz_Depth_Cn_Border_CopyMakeBorder.CopyMakeBorder/104 (8 ms)
[ RUN      ] Sz_Depth_Cn_Border_CopyMakeBorder.CopyMakeBorder/105, where GetParam() = (1920x1080, CV_16U, Gray, BORDER_REFLECT101)
[ PERFSTAT ]    (samples=25   mean=0.03   median=0.03   min=0.03   stddev=0.00 (0.8%))
[       OK ] Sz_Depth_Cn_Border_CopyMakeBorder.CopyMakeBorder/105 (5 ms)
[ RUN      ] Sz_Depth_Cn_Border_CopyMakeBorder.CopyMakeBorder/106, where GetParam() = (1920x1080, CV_16U, Gray, BORDER_REPLICATE)
[ PERFSTAT ]    (samples=13   mean=0.02   median=0.02   min=0.02   stddev=0.00 (2.0%))
[       OK ] Sz_Depth_Cn_Border_CopyMakeBorder.CopyMakeBorder/106 (5 ms)
[ RUN      ] Sz_Depth_Cn_Border_CopyMakeBorder.CopyMakeBorder/107, where GetParam() = (1920x1080, CV_16U, Gray, BORDER_CONSTANT)
[ PERFSTAT ]    (samples=13   mean=0.02   median=0.02   min=0.02   stddev=0.00 (2.3%))
[       OK ] Sz_Depth_Cn_Border_CopyMakeBorder.CopyMakeBorder/107 (5 ms)
[ RUN      ] Sz_Depth_Cn_Border_CopyMakeBorder.CopyMakeBorder/108, where GetParam() = (1920x1080, CV_16U, Gray, BORDER_REFLECT)
[ PERFSTAT ]    (samples=25   mean=0.03   median=0.03   min=0.03   stddev=0.00 (1.0%))
[       OK ] Sz_Depth_Cn_Border_CopyMakeBorder.CopyMakeBorder/108 (5 ms)
[ RUN      ] Sz_Depth_Cn_Border_CopyMakeBorder.CopyMakeBorder/109, where GetParam() = (1920x1080, CV_16U, Gray, BORDER_WRAP)
[ PERFSTAT ]    (samples=13   mean=0.02   median=0.02   min=0.02   stddev=0.00 (1.8%))
[       OK ] Sz_Depth_Cn_Border_CopyMakeBorder.CopyMakeBorder/109 (5 ms)
[ RUN      ] Sz_Depth_Cn_Border_CopyMakeBorder.CopyMakeBorder/110, where GetParam() = (1920x1080, CV_16U, BGR, BORDER_REFLECT101)
[ PERFSTAT ]    (samples=13   mean=0.03   median=0.03   min=0.03   stddev=0.00 (1.1%))
[       OK ] Sz_Depth_Cn_Border_CopyMakeBorder.CopyMakeBorder/110 (13 ms)
[ RUN      ] Sz_Depth_Cn_Border_CopyMakeBorder.CopyMakeBorder/111, where GetParam() = (1920x1080, CV_16U, BGR, BORDER_REPLICATE)
[ PERFSTAT ]    (samples=13   mean=0.03   median=0.03   min=0.03   stddev=0.00 (2.0%))
[       OK ] Sz_Depth_Cn_Border_CopyMakeBorder.CopyMakeBorder/111 (12 ms)
[ RUN      ] Sz_Depth_Cn_Border_CopyMakeBorder.CopyMakeBorder/112, where GetParam() = (1920x1080, CV_16U, BGR, BORDER_CONSTANT)
[ PERFSTAT ]    (samples=13   mean=0.03   median=0.03   min=0.03   stddev=0.00 (0.8%))
[       OK ] Sz_Depth_Cn_Border_CopyMakeBorder.CopyMakeBorder/112 (13 ms)
[ RUN      ] Sz_Depth_Cn_Border_CopyMakeBorder.CopyMakeBorder/113, where GetParam() = (1920x1080, CV_16U, BGR, BORDER_REFLECT)
[ PERFSTAT ]    (samples=13   mean=0.03   median=0.03   min=0.03   stddev=0.00 (1.0%))
[       OK ] Sz_Depth_Cn_Border_CopyMakeBorder.CopyMakeBorder/113 (12 ms)
[ RUN      ] Sz_Depth_Cn_Border_CopyMakeBorder.CopyMakeBorder/114, where GetParam() = (1920x1080, CV_16U, BGR, BORDER_WRAP)
[ PERFSTAT ]    (samples=25   mean=0.03   median=0.03   min=0.03   stddev=0.00 (1.5%))
[       OK ] Sz_Depth_Cn_Border_CopyMakeBorder.CopyMakeBorder/114 (13 ms)
[ RUN      ] Sz_Depth_Cn_Border_CopyMakeBorder.CopyMakeBorder/115, where GetParam() = (1920x1080, CV_16U, BGRA, BORDER_REFLECT101)
[ PERFSTAT ]    (samples=13   mean=0.04   median=0.04   min=0.04   stddev=0.00 (1.6%))
[       OK ] Sz_Depth_Cn_Border_CopyMakeBorder.CopyMakeBorder/115 (17 ms)
[ RUN      ] Sz_Depth_Cn_Border_CopyMakeBorder.CopyMakeBorder/116, where GetParam() = (1920x1080, CV_16U, BGRA, BORDER_REPLICATE)
[ PERFSTAT ]    (samples=13   mean=0.03   median=0.03   min=0.03   stddev=0.00 (2.9%))
[       OK ] Sz_Depth_Cn_Border_CopyMakeBorder.CopyMakeBorder/116 (16 ms)
[ RUN      ] Sz_Depth_Cn_Border_CopyMakeBorder.CopyMakeBorder/117, where GetParam() = (1920x1080, CV_16U, BGRA, BORDER_CONSTANT)
[ PERFSTAT ]    (samples=15   mean=0.03   median=0.04   min=0.03   stddev=0.00 (3.0%))
[       OK ] Sz_Depth_Cn_Border_CopyMakeBorder.CopyMakeBorder/117 (17 ms)
[ RUN      ] Sz_Depth_Cn_Border_CopyMakeBorder.CopyMakeBorder/118, where GetParam() = (1920x1080, CV_16U, BGRA, BORDER_REFLECT)
[ PERFSTAT ]    (samples=13   mean=0.04   median=0.04   min=0.04   stddev=0.00 (1.4%))
[       OK ] Sz_Depth_Cn_Border_CopyMakeBorder.CopyMakeBorder/118 (17 ms)
[ RUN      ] Sz_Depth_Cn_Border_CopyMakeBorder.CopyMakeBorder/119, where GetParam() = (1920x1080, CV_16U, BGRA, BORDER_WRAP)
[ PERFSTAT ]    (samples=13   mean=0.04   median=0.04   min=0.03   stddev=0.00 (1.9%))
[       OK ] Sz_Depth_Cn_Border_CopyMakeBorder.CopyMakeBorder/119 (17 ms)
[ RUN      ] Sz_Depth_Cn_Border_CopyMakeBorder.CopyMakeBorder/120, where GetParam() = (1920x1080, CV_32F, Gray, BORDER_REFLECT101)
[ PERFSTAT ]    (samples=13   mean=0.03   median=0.03   min=0.03   stddev=0.00 (1.0%))
[       OK ] Sz_Depth_Cn_Border_CopyMakeBorder.CopyMakeBorder/120 (6 ms)
[ RUN      ] Sz_Depth_Cn_Border_CopyMakeBorder.CopyMakeBorder/121, where GetParam() = (1920x1080, CV_32F, Gray, BORDER_REPLICATE)
[ PERFSTAT ]    (samples=13   mean=0.02   median=0.02   min=0.02   stddev=0.00 (1.9%))
[       OK ] Sz_Depth_Cn_Border_CopyMakeBorder.CopyMakeBorder/121 (6 ms)
[ RUN      ] Sz_Depth_Cn_Border_CopyMakeBorder.CopyMakeBorder/122, where GetParam() = (1920x1080, CV_32F, Gray, BORDER_CONSTANT)
[ PERFSTAT ]    (samples=13   mean=0.02   median=0.02   min=0.02   stddev=0.00 (2.6%))
[       OK ] Sz_Depth_Cn_Border_CopyMakeBorder.CopyMakeBorder/122 (6 ms)
[ RUN      ] Sz_Depth_Cn_Border_CopyMakeBorder.CopyMakeBorder/123, where GetParam() = (1920x1080, CV_32F, Gray, BORDER_REFLECT)
[ PERFSTAT ]    (samples=13   mean=0.03   median=0.03   min=0.03   stddev=0.00 (1.1%))
[       OK ] Sz_Depth_Cn_Border_CopyMakeBorder.CopyMakeBorder/123 (6 ms)
[ RUN      ] Sz_Depth_Cn_Border_CopyMakeBorder.CopyMakeBorder/124, where GetParam() = (1920x1080, CV_32F, Gray, BORDER_WRAP)
[ PERFSTAT ]    (samples=13   mean=0.02   median=0.02   min=0.02   stddev=0.00 (2.0%))
[       OK ] Sz_Depth_Cn_Border_CopyMakeBorder.CopyMakeBorder/124 (7 ms)
[ RUN      ] Sz_Depth_Cn_Border_CopyMakeBorder.CopyMakeBorder/125, where GetParam() = (1920x1080, CV_32F, BGR, BORDER_REFLECT101)
[ PERFSTAT ]    (samples=13   mean=0.05   median=0.05   min=0.05   stddev=0.00 (1.8%))
[       OK ] Sz_Depth_Cn_Border_CopyMakeBorder.CopyMakeBorder/125 (18 ms)
[ RUN      ] Sz_Depth_Cn_Border_CopyMakeBorder.CopyMakeBorder/126, where GetParam() = (1920x1080, CV_32F, BGR, BORDER_REPLICATE)
[ PERFSTAT ]    (samples=13   mean=0.05   median=0.05   min=0.05   stddev=0.00 (2.1%))
[       OK ] Sz_Depth_Cn_Border_CopyMakeBorder.CopyMakeBorder/126 (18 ms)
[ RUN      ] Sz_Depth_Cn_Border_CopyMakeBorder.CopyMakeBorder/127, where GetParam() = (1920x1080, CV_32F, BGR, BORDER_CONSTANT)
[ PERFSTAT ]    (samples=13   mean=0.05   median=0.05   min=0.05   stddev=0.00 (2.0%))
[       OK ] Sz_Depth_Cn_Border_CopyMakeBorder.CopyMakeBorder/127 (18 ms)
[ RUN      ] Sz_Depth_Cn_Border_CopyMakeBorder.CopyMakeBorder/128, where GetParam() = (1920x1080, CV_32F, BGR, BORDER_REFLECT)
[ PERFSTAT ]    (samples=13   mean=0.05   median=0.05   min=0.05   stddev=0.00 (1.9%))
[       OK ] Sz_Depth_Cn_Border_CopyMakeBorder.CopyMakeBorder/128 (18 ms)
[ RUN      ] Sz_Depth_Cn_Border_CopyMakeBorder.CopyMakeBorder/129, where GetParam() = (1920x1080, CV_32F, BGR, BORDER_WRAP)
[ PERFSTAT ]    (samples=25   mean=0.05   median=0.05   min=0.05   stddev=0.00 (1.0%))
[       OK ] Sz_Depth_Cn_Border_CopyMakeBorder.CopyMakeBorder/129 (18 ms)
[ RUN      ] Sz_Depth_Cn_Border_CopyMakeBorder.CopyMakeBorder/130, where GetParam() = (1920x1080, CV_32F, BGRA, BORDER_REFLECT101)
[ PERFSTAT ]    (samples=63   mean=0.06   median=0.06   min=0.06   stddev=0.00 (2.8%))
[       OK ] Sz_Depth_Cn_Border_CopyMakeBorder.CopyMakeBorder/130 (29 ms)
[ RUN      ] Sz_Depth_Cn_Border_CopyMakeBorder.CopyMakeBorder/131, where GetParam() = (1920x1080, CV_32F, BGRA, BORDER_REPLICATE)
[ PERFSTAT ]    (samples=22   mean=0.06   median=0.06   min=0.06   stddev=0.00 (3.0%))
[       OK ] Sz_Depth_Cn_Border_CopyMakeBorder.CopyMakeBorder/131 (25 ms)
[ RUN      ] Sz_Depth_Cn_Border_CopyMakeBorder.CopyMakeBorder/132, where GetParam() = (1920x1080, CV_32F, BGRA, BORDER_CONSTANT)
[ PERFSTAT ]    (samples=13   mean=0.06   median=0.06   min=0.06   stddev=0.00 (1.5%))
[       OK ] Sz_Depth_Cn_Border_CopyMakeBorder.CopyMakeBorder/132 (24 ms)
[ RUN      ] Sz_Depth_Cn_Border_CopyMakeBorder.CopyMakeBorder/133, where GetParam() = (1920x1080, CV_32F, BGRA, BORDER_REFLECT)
[ PERFSTAT ]    (samples=13   mean=0.06   median=0.06   min=0.06   stddev=0.00 (1.3%))
[       OK ] Sz_Depth_Cn_Border_CopyMakeBorder.CopyMakeBorder/133 (24 ms)
[ RUN      ] Sz_Depth_Cn_Border_CopyMakeBorder.CopyMakeBorder/134, where GetParam() = (1920x1080, CV_32F, BGRA, BORDER_WRAP)
[ PERFSTAT ]    (samples=13   mean=0.06   median=0.06   min=0.06   stddev=0.00 (1.3%))
[       OK ] Sz_Depth_Cn_Border_CopyMakeBorder.CopyMakeBorder/134 (25 ms)
[----------] 135 tests from Sz_Depth_Cn_Border_CopyMakeBorder (1093 ms total)

[----------] 12 tests from Sz_Depth_AddMat
[ RUN      ] Sz_Depth_AddMat.AddMat/0, where GetParam() = (1280x720, CV_8U)
[ PERFSTAT ]    (samples=25   mean=0.01   median=0.01   min=0.01   stddev=0.00 (1.8%))
[       OK ] Sz_Depth_AddMat.AddMat/0 (15 ms)
[ RUN      ] Sz_Depth_AddMat.AddMat/1, where GetParam() = (1280x720, CV_16U)
[ PERFSTAT ]    (samples=13   mean=0.01   median=0.01   min=0.01   stddev=0.00 (1.9%))
[       OK ] Sz_Depth_AddMat.AddMat/1 (5 ms)
[ RUN      ] Sz_Depth_AddMat.AddMat/2, where GetParam() = (1280x720, CV_32F)
[ PERFSTAT ]    (samples=38   mean=0.01   median=0.01   min=0.01   stddev=0.00 (2.5%))
[       OK ] Sz_Depth_AddMat.AddMat/2 (6 ms)
[ RUN      ] Sz_Depth_AddMat.AddMat/3, where GetParam() = (1280x720, CV_64F)
[ PERFSTAT ]    (samples=13   mean=0.02   median=0.02   min=0.02   stddev=0.00 (2.4%))
[       OK ] Sz_Depth_AddMat.AddMat/3 (8 ms)
[ RUN      ] Sz_Depth_AddMat.AddMat/4, where GetParam() = (1280x1024, CV_8U)
[ PERFSTAT ]    (samples=13   mean=0.01   median=0.01   min=0.01   stddev=0.00 (1.7%))
[       OK ] Sz_Depth_AddMat.AddMat/4 (3 ms)
[ RUN      ] Sz_Depth_AddMat.AddMat/5, where GetParam() = (1280x1024, CV_16U)
[ PERFSTAT ]    (samples=13   mean=0.02   median=0.01   min=0.01   stddev=0.00 (2.2%))
[       OK ] Sz_Depth_AddMat.AddMat/5 (6 ms)
[ RUN      ] Sz_Depth_AddMat.AddMat/6, where GetParam() = (1280x1024, CV_32F)
[ PERFSTAT ]    (samples=13   mean=0.02   median=0.02   min=0.02   stddev=0.00 (2.6%))
[       OK ] Sz_Depth_AddMat.AddMat/6 (7 ms)
[ RUN      ] Sz_Depth_AddMat.AddMat/7, where GetParam() = (1280x1024, CV_64F)
[ PERFSTAT ]    (samples=25   mean=0.03   median=0.03   min=0.03   stddev=0.00 (2.7%))
[       OK ] Sz_Depth_AddMat.AddMat/7 (11 ms)
[ RUN      ] Sz_Depth_AddMat.AddMat/8, where GetParam() = (1920x1080, CV_8U)
[ PERFSTAT ]    (samples=38   mean=0.01   median=0.01   min=0.01   stddev=0.00 (1.7%))
[       OK ] Sz_Depth_AddMat.AddMat/8 (5 ms)
[ RUN      ] Sz_Depth_AddMat.AddMat/9, where GetParam() = (1920x1080, CV_16U)
[ PERFSTAT ]    (samples=13   mean=0.02   median=0.02   min=0.02   stddev=0.00 (2.9%))
[       OK ] Sz_Depth_AddMat.AddMat/9 (8 ms)
[ RUN      ] Sz_Depth_AddMat.AddMat/10, where GetParam() = (1920x1080, CV_32F)
[ PERFSTAT ]    (samples=27   mean=0.02   median=0.02   min=0.02   stddev=0.00 (3.0%))
[       OK ] Sz_Depth_AddMat.AddMat/10 (11 ms)
[ RUN      ] Sz_Depth_AddMat.AddMat/11, where GetParam() = (1920x1080, CV_64F)
[ PERFSTAT ]    (samples=13   mean=0.05   median=0.05   min=0.05   stddev=0.00 (1.2%))
[       OK ] Sz_Depth_AddMat.AddMat/11 (17 ms)
[----------] 12 tests from Sz_Depth_AddMat (102 ms total)

[----------] 12 tests from Sz_Depth_AddScalar
[ RUN      ] Sz_Depth_AddScalar.AddScalar/0, where GetParam() = (1280x720, CV_8U)
[ PERFSTAT ]    (samples=25   mean=0.01   median=0.01   min=0.01   stddev=0.00 (1.4%))
[       OK ] Sz_Depth_AddScalar.AddScalar/0 (18 ms)
[ RUN      ] Sz_Depth_AddScalar.AddScalar/1, where GetParam() = (1280x720, CV_16U)
[ PERFSTAT ]    (samples=25   mean=0.02   median=0.02   min=0.02   stddev=0.00 (1.7%))
[       OK ] Sz_Depth_AddScalar.AddScalar/1 (4 ms)
[ RUN      ] Sz_Depth_AddScalar.AddScalar/2, where GetParam() = (1280x720, CV_32F)
[ PERFSTAT ]    (samples=85   mean=0.02   median=0.02   min=0.01   stddev=0.00 (3.0%))
[       OK ] Sz_Depth_AddScalar.AddScalar/2 (5 ms)
[ RUN      ] Sz_Depth_AddScalar.AddScalar/3, where GetParam() = (1280x720, CV_64F)
[ PERFSTAT ]    (samples=38   mean=0.02   median=0.02   min=0.02   stddev=0.00 (2.8%))
[       OK ] Sz_Depth_AddScalar.AddScalar/3 (5 ms)
[ RUN      ] Sz_Depth_AddScalar.AddScalar/4, where GetParam() = (1280x1024, CV_8U)
[ PERFSTAT ]    (samples=13   mean=0.01   median=0.01   min=0.01   stddev=0.00 (2.8%))
[       OK ] Sz_Depth_AddScalar.AddScalar/4 (2 ms)
[ RUN      ] Sz_Depth_AddScalar.AddScalar/5, where GetParam() = (1280x1024, CV_16U)
[ PERFSTAT ]    (samples=25   mean=0.02   median=0.02   min=0.02   stddev=0.00 (2.8%))
[       OK ] Sz_Depth_AddScalar.AddScalar/5 (4 ms)
[ RUN      ] Sz_Depth_AddScalar.AddScalar/6, where GetParam() = (1280x1024, CV_32F)
[ PERFSTAT ]    (samples=13   mean=0.02   median=0.02   min=0.02   stddev=0.00 (3.0%))
[       OK ] Sz_Depth_AddScalar.AddScalar/6 (4 ms)
[ RUN      ] Sz_Depth_AddScalar.AddScalar/7, where GetParam() = (1280x1024, CV_64F)
[ PERFSTAT ]    (samples=23   mean=0.02   median=0.02   min=0.02   stddev=0.00 (3.0%))
[       OK ] Sz_Depth_AddScalar.AddScalar/7 (6 ms)
[ RUN      ] Sz_Depth_AddScalar.AddScalar/8, where GetParam() = (1920x1080, CV_8U)
[ PERFSTAT ]    (samples=13   mean=0.02   median=0.02   min=0.02   stddev=0.00 (2.3%))
[       OK ] Sz_Depth_AddScalar.AddScalar/8 (3 ms)
[ RUN      ] Sz_Depth_AddScalar.AddScalar/9, where GetParam() = (1920x1080, CV_16U)
[ PERFSTAT ]    (samples=25   mean=0.02   median=0.02   min=0.02   stddev=0.00 (2.4%))
[       OK ] Sz_Depth_AddScalar.AddScalar/9 (5 ms)
[ RUN      ] Sz_Depth_AddScalar.AddScalar/10, where GetParam() = (1920x1080, CV_32F)
[ PERFSTAT ]    (samples=25   mean=0.02   median=0.02   min=0.02   stddev=0.00 (2.2%))
[       OK ] Sz_Depth_AddScalar.AddScalar/10 (6 ms)
[ RUN      ] Sz_Depth_AddScalar.AddScalar/11, where GetParam() = (1920x1080, CV_64F)
[ PERFSTAT ]    (samples=56   mean=0.03   median=0.03   min=0.03   stddev=0.00 (3.0%))
[       OK ] Sz_Depth_AddScalar.AddScalar/11 (11 ms)
[----------] 12 tests from Sz_Depth_AddScalar (73 ms total)

[----------] 12 tests from Sz_Depth_SubtractMat
[ RUN      ] Sz_Depth_SubtractMat.SubtractMat/0, where GetParam() = (1280x720, CV_8U)
[ PERFSTAT ]    (samples=25   mean=0.01   median=0.01   min=0.01   stddev=0.00 (2.0%))
[       OK ] Sz_Depth_SubtractMat.SubtractMat/0 (12 ms)
[ RUN      ] Sz_Depth_SubtractMat.SubtractMat/1, where GetParam() = (1280x720, CV_16U)
[ PERFSTAT ]    (samples=25   mean=0.01   median=0.01   min=0.01   stddev=0.00 (2.6%))
[       OK ] Sz_Depth_SubtractMat.SubtractMat/1 (5 ms)
[ RUN      ] Sz_Depth_SubtractMat.SubtractMat/2, where GetParam() = (1280x720, CV_32F)
[ PERFSTAT ]    (samples=13   mean=0.02   median=0.02   min=0.02   stddev=0.00 (1.9%))
[       OK ] Sz_Depth_SubtractMat.SubtractMat/2 (5 ms)
[ RUN      ] Sz_Depth_SubtractMat.SubtractMat/3, where GetParam() = (1280x720, CV_64F)
[ PERFSTAT ]    (samples=13   mean=0.02   median=0.02   min=0.02   stddev=0.00 (2.3%))
[       OK ] Sz_Depth_SubtractMat.SubtractMat/3 (8 ms)
[ RUN      ] Sz_Depth_SubtractMat.SubtractMat/4, where GetParam() = (1280x1024, CV_8U)
[ PERFSTAT ]    (samples=25   mean=0.01   median=0.01   min=0.01   stddev=0.00 (1.7%))
[       OK ] Sz_Depth_SubtractMat.SubtractMat/4 (4 ms)
[ RUN      ] Sz_Depth_SubtractMat.SubtractMat/5, where GetParam() = (1280x1024, CV_16U)
[ PERFSTAT ]    (samples=13   mean=0.01   median=0.01   min=0.01   stddev=0.00 (2.0%))
[       OK ] Sz_Depth_SubtractMat.SubtractMat/5 (5 ms)
[ RUN      ] Sz_Depth_SubtractMat.SubtractMat/6, where GetParam() = (1280x1024, CV_32F)
[ PERFSTAT ]    (samples=13   mean=0.02   median=0.02   min=0.02   stddev=0.00 (2.4%))
[       OK ] Sz_Depth_SubtractMat.SubtractMat/6 (7 ms)
[ RUN      ] Sz_Depth_SubtractMat.SubtractMat/7, where GetParam() = (1280x1024, CV_64F)
[ PERFSTAT ]    (samples=13   mean=0.03   median=0.03   min=0.03   stddev=0.00 (3.0%))
[       OK ] Sz_Depth_SubtractMat.SubtractMat/7 (11 ms)
[ RUN      ] Sz_Depth_SubtractMat.SubtractMat/8, where GetParam() = (1920x1080, CV_8U)
[ PERFSTAT ]    (samples=13   mean=0.01   median=0.01   min=0.01   stddev=0.00 (1.1%))
[       OK ] Sz_Depth_SubtractMat.SubtractMat/8 (5 ms)
[ RUN      ] Sz_Depth_SubtractMat.SubtractMat/9, where GetParam() = (1920x1080, CV_16U)
[ PERFSTAT ]    (samples=13   mean=0.02   median=0.02   min=0.02   stddev=0.00 (3.0%))
[       OK ] Sz_Depth_SubtractMat.SubtractMat/9 (9 ms)
[ RUN      ] Sz_Depth_SubtractMat.SubtractMat/10, where GetParam() = (1920x1080, CV_32F)
[ PERFSTAT ]    (samples=25   mean=0.02   median=0.02   min=0.02   stddev=0.00 (1.7%))
[       OK ] Sz_Depth_SubtractMat.SubtractMat/10 (10 ms)
[ RUN      ] Sz_Depth_SubtractMat.SubtractMat/11, where GetParam() = (1920x1080, CV_64F)
[ PERFSTAT ]    (samples=13   mean=0.05   median=0.05   min=0.05   stddev=0.00 (2.1%))
[       OK ] Sz_Depth_SubtractMat.SubtractMat/11 (18 ms)
[----------] 12 tests from Sz_Depth_SubtractMat (99 ms total)

[----------] 12 tests from Sz_Depth_SubtractScalar
[ RUN      ] Sz_Depth_SubtractScalar.SubtractScalar/0, where GetParam() = (1280x720, CV_8U)
[ PERFSTAT ]    (samples=38   mean=0.01   median=0.01   min=0.01   stddev=0.00 (2.9%))
[       OK ] Sz_Depth_SubtractScalar.SubtractScalar/0 (26 ms)
[ RUN      ] Sz_Depth_SubtractScalar.SubtractScalar/1, where GetParam() = (1280x720, CV_16U)
[ PERFSTAT ]    (samples=38   mean=0.02   median=0.02   min=0.02   stddev=0.00 (1.6%))
[       OK ] Sz_Depth_SubtractScalar.SubtractScalar/1 (5 ms)
[ RUN      ] Sz_Depth_SubtractScalar.SubtractScalar/2, where GetParam() = (1280x720, CV_32F)
[ PERFSTAT ]    (samples=25   mean=0.02   median=0.02   min=0.01   stddev=0.00 (1.9%))
[       OK ] Sz_Depth_SubtractScalar.SubtractScalar/2 (4 ms)
[ RUN      ] Sz_Depth_SubtractScalar.SubtractScalar/3, where GetParam() = (1280x720, CV_64F)
[ PERFSTAT ]    (samples=25   mean=0.02   median=0.02   min=0.02   stddev=0.00 (1.7%))
[       OK ] Sz_Depth_SubtractScalar.SubtractScalar/3 (5 ms)
[ RUN      ] Sz_Depth_SubtractScalar.SubtractScalar/4, where GetParam() = (1280x1024, CV_8U)
[ PERFSTAT ]    (samples=25   mean=0.01   median=0.01   min=0.01   stddev=0.00 (2.7%))
[       OK ] Sz_Depth_SubtractScalar.SubtractScalar/4 (2 ms)
[ RUN      ] Sz_Depth_SubtractScalar.SubtractScalar/5, where GetParam() = (1280x1024, CV_16U)
[ PERFSTAT ]    (samples=13   mean=0.02   median=0.02   min=0.02   stddev=0.00 (2.7%))
[       OK ] Sz_Depth_SubtractScalar.SubtractScalar/5 (4 ms)
[ RUN      ] Sz_Depth_SubtractScalar.SubtractScalar/6, where GetParam() = (1280x1024, CV_32F)
[ PERFSTAT ]    (samples=13   mean=0.02   median=0.02   min=0.01   stddev=0.00 (3.0%))
[       OK ] Sz_Depth_SubtractScalar.SubtractScalar/6 (4 ms)
[ RUN      ] Sz_Depth_SubtractScalar.SubtractScalar/7, where GetParam() = (1280x1024, CV_64F)
[ PERFSTAT ]    (samples=15   mean=0.02   median=0.02   min=0.02   stddev=0.00 (3.0%))
[       OK ] Sz_Depth_SubtractScalar.SubtractScalar/7 (6 ms)
[ RUN      ] Sz_Depth_SubtractScalar.SubtractScalar/8, where GetParam() = (1920x1080, CV_8U)
[ PERFSTAT ]    (samples=26   mean=0.02   median=0.02   min=0.01   stddev=0.00 (3.0%))
[       OK ] Sz_Depth_SubtractScalar.SubtractScalar/8 (3 ms)
[ RUN      ] Sz_Depth_SubtractScalar.SubtractScalar/9, where GetParam() = (1920x1080, CV_16U)
[ PERFSTAT ]    (samples=14   mean=0.02   median=0.02   min=0.02   stddev=0.00 (3.0%))
[       OK ] Sz_Depth_SubtractScalar.SubtractScalar/9 (5 ms)
[ RUN      ] Sz_Depth_SubtractScalar.SubtractScalar/10, where GetParam() = (1920x1080, CV_32F)
[ PERFSTAT ]    (samples=16   mean=0.02   median=0.02   min=0.02   stddev=0.00 (2.9%))
[       OK ] Sz_Depth_SubtractScalar.SubtractScalar/10 (6 ms)
[ RUN      ] Sz_Depth_SubtractScalar.SubtractScalar/11, where GetParam() = (1920x1080, CV_64F)
[ PERFSTAT ]    (samples=44   mean=0.03   median=0.03   min=0.03   stddev=0.00 (3.0%))
[       OK ] Sz_Depth_SubtractScalar.SubtractScalar/11 (12 ms)
[----------] 12 tests from Sz_Depth_SubtractScalar (82 ms total)

[----------] 12 tests from Sz_Depth_MultiplyMat
[ RUN      ] Sz_Depth_MultiplyMat.MultiplyMat/0, where GetParam() = (1280x720, CV_8U)
[ PERFSTAT ]    (samples=38   mean=0.01   median=0.01   min=0.01   stddev=0.00 (2.4%))
[       OK ] Sz_Depth_MultiplyMat.MultiplyMat/0 (13 ms)
[ RUN      ] Sz_Depth_MultiplyMat.MultiplyMat/1, where GetParam() = (1280x720, CV_16U)
[ PERFSTAT ]    (samples=15   mean=0.02   median=0.02   min=0.01   stddev=0.00 (3.0%))
[       OK ] Sz_Depth_MultiplyMat.MultiplyMat/1 (4 ms)
[ RUN      ] Sz_Depth_MultiplyMat.MultiplyMat/2, where GetParam() = (1280x720, CV_32F)
[ PERFSTAT ]    (samples=13   mean=0.01   median=0.01   min=0.01   stddev=0.00 (2.5%))
[       OK ] Sz_Depth_MultiplyMat.MultiplyMat/2 (6 ms)
[ RUN      ] Sz_Depth_MultiplyMat.MultiplyMat/3, where GetParam() = (1280x720, CV_64F)
[ PERFSTAT ]    (samples=19   mean=0.02   median=0.02   min=0.02   stddev=0.00 (2.9%))
[       OK ] Sz_Depth_MultiplyMat.MultiplyMat/3 (8 ms)
[ RUN      ] Sz_Depth_MultiplyMat.MultiplyMat/4, where GetParam() = (1280x1024, CV_8U)
[ PERFSTAT ]    (samples=13   mean=0.01   median=0.01   min=0.01   stddev=0.00 (1.5%))
[       OK ] Sz_Depth_MultiplyMat.MultiplyMat/4 (4 ms)
[ RUN      ] Sz_Depth_MultiplyMat.MultiplyMat/5, where GetParam() = (1280x1024, CV_16U)
[ PERFSTAT ]    (samples=25   mean=0.02   median=0.02   min=0.02   stddev=0.00 (2.1%))
[       OK ] Sz_Depth_MultiplyMat.MultiplyMat/5 (6 ms)
[ RUN      ] Sz_Depth_MultiplyMat.MultiplyMat/6, where GetParam() = (1280x1024, CV_32F)
[ PERFSTAT ]    (samples=21   mean=0.02   median=0.02   min=0.02   stddev=0.00 (3.0%))
[       OK ] Sz_Depth_MultiplyMat.MultiplyMat/6 (7 ms)
[ RUN      ] Sz_Depth_MultiplyMat.MultiplyMat/7, where GetParam() = (1280x1024, CV_64F)
[ PERFSTAT ]    (samples=16   mean=0.03   median=0.03   min=0.03   stddev=0.00 (3.0%))
[       OK ] Sz_Depth_MultiplyMat.MultiplyMat/7 (11 ms)
[ RUN      ] Sz_Depth_MultiplyMat.MultiplyMat/8, where GetParam() = (1920x1080, CV_8U)
[ PERFSTAT ]    (samples=13   mean=0.01   median=0.01   min=0.01   stddev=0.00 (2.4%))
[       OK ] Sz_Depth_MultiplyMat.MultiplyMat/8 (5 ms)
[ RUN      ] Sz_Depth_MultiplyMat.MultiplyMat/9, where GetParam() = (1920x1080, CV_16U)
[ PERFSTAT ]    (samples=13   mean=0.02   median=0.02   min=0.02   stddev=0.00 (2.7%))
[       OK ] Sz_Depth_MultiplyMat.MultiplyMat/9 (8 ms)
[ RUN      ] Sz_Depth_MultiplyMat.MultiplyMat/10, where GetParam() = (1920x1080, CV_32F)
[ PERFSTAT ]    (samples=25   mean=0.02   median=0.02   min=0.02   stddev=0.00 (1.9%))
[       OK ] Sz_Depth_MultiplyMat.MultiplyMat/10 (11 ms)
[ RUN      ] Sz_Depth_MultiplyMat.MultiplyMat/11, where GetParam() = (1920x1080, CV_64F)
[ PERFSTAT ]    (samples=13   mean=0.05   median=0.05   min=0.05   stddev=0.00 (1.9%))
[       OK ] Sz_Depth_MultiplyMat.MultiplyMat/11 (18 ms)
[----------] 12 tests from Sz_Depth_MultiplyMat (101 ms total)

[----------] 12 tests from Sz_Depth_MultiplyScalar
[ RUN      ] Sz_Depth_MultiplyScalar.MultiplyScalar/0, where GetParam() = (1280x720, CV_8U)
[ PERFSTAT ]    (samples=25   mean=0.01   median=0.01   min=0.01   stddev=0.00 (1.8%))
[       OK ] Sz_Depth_MultiplyScalar.MultiplyScalar/0 (7 ms)
[ RUN      ] Sz_Depth_MultiplyScalar.MultiplyScalar/1, where GetParam() = (1280x720, CV_16U)
[ PERFSTAT ]    (samples=20   mean=0.02   median=0.02   min=0.02   stddev=0.00 (3.0%))
[       OK ] Sz_Depth_MultiplyScalar.MultiplyScalar/1 (3 ms)
[ RUN      ] Sz_Depth_MultiplyScalar.MultiplyScalar/2, where GetParam() = (1280x720, CV_32F)
[ PERFSTAT ]    (samples=25   mean=0.01   median=0.01   min=0.01   stddev=0.00 (1.9%))
[       OK ] Sz_Depth_MultiplyScalar.MultiplyScalar/2 (3 ms)
[ RUN      ] Sz_Depth_MultiplyScalar.MultiplyScalar/3, where GetParam() = (1280x720, CV_64F)
[ PERFSTAT ]    (samples=25   mean=0.02   median=0.02   min=0.02   stddev=0.00 (2.1%))
[       OK ] Sz_Depth_MultiplyScalar.MultiplyScalar/3 (5 ms)
[ RUN      ] Sz_Depth_MultiplyScalar.MultiplyScalar/4, where GetParam() = (1280x1024, CV_8U)
[ PERFSTAT ]    (samples=25   mean=0.01   median=0.01   min=0.01   stddev=0.00 (1.7%))
[       OK ] Sz_Depth_MultiplyScalar.MultiplyScalar/4 (2 ms)
[ RUN      ] Sz_Depth_MultiplyScalar.MultiplyScalar/5, where GetParam() = (1280x1024, CV_16U)
[ PERFSTAT ]    (samples=22   mean=0.02   median=0.02   min=0.02   stddev=0.00 (2.9%))
[       OK ] Sz_Depth_MultiplyScalar.MultiplyScalar/5 (4 ms)
[ RUN      ] Sz_Depth_MultiplyScalar.MultiplyScalar/6, where GetParam() = (1280x1024, CV_32F)
[ PERFSTAT ]    (samples=14   mean=0.02   median=0.02   min=0.02   stddev=0.00 (2.9%))
[       OK ] Sz_Depth_MultiplyScalar.MultiplyScalar/6 (4 ms)
[ RUN      ] Sz_Depth_MultiplyScalar.MultiplyScalar/7, where GetParam() = (1280x1024, CV_64F)
[ PERFSTAT ]    (samples=25   mean=0.02   median=0.02   min=0.02   stddev=0.00 (1.1%))
[       OK ] Sz_Depth_MultiplyScalar.MultiplyScalar/7 (6 ms)
[ RUN      ] Sz_Depth_MultiplyScalar.MultiplyScalar/8, where GetParam() = (1920x1080, CV_8U)
[ PERFSTAT ]    (samples=25   mean=0.02   median=0.02   min=0.01   stddev=0.00 (2.4%))
[       OK ] Sz_Depth_MultiplyScalar.MultiplyScalar/8 (3 ms)
[ RUN      ] Sz_Depth_MultiplyScalar.MultiplyScalar/9, where GetParam() = (1920x1080, CV_16U)
[ PERFSTAT ]    (samples=25   mean=0.02   median=0.02   min=0.02   stddev=0.00 (2.1%))
[       OK ] Sz_Depth_MultiplyScalar.MultiplyScalar/9 (5 ms)
[ RUN      ] Sz_Depth_MultiplyScalar.MultiplyScalar/10, where GetParam() = (1920x1080, CV_32F)
[ PERFSTAT ]    (samples=25   mean=0.02   median=0.02   min=0.02   stddev=0.00 (1.7%))
[       OK ] Sz_Depth_MultiplyScalar.MultiplyScalar/10 (6 ms)
[ RUN      ] Sz_Depth_MultiplyScalar.MultiplyScalar/11, where GetParam() = (1920x1080, CV_64F)
[ PERFSTAT ]    (samples=52   mean=0.03   median=0.03   min=0.03   stddev=0.00 (3.0%))
[       OK ] Sz_Depth_MultiplyScalar.MultiplyScalar/11 (11 ms)
[----------] 12 tests from Sz_Depth_MultiplyScalar (59 ms total)

[----------] 12 tests from Sz_Depth_DivideMat
[ RUN      ] Sz_Depth_DivideMat.DivideMat/0, where GetParam() = (1280x720, CV_8U)
[ PERFSTAT ]    (samples=25   mean=0.02   median=0.02   min=0.02   stddev=0.00 (1.7%))
[       OK ] Sz_Depth_DivideMat.DivideMat/0 (13 ms)
[ RUN      ] Sz_Depth_DivideMat.DivideMat/1, where GetParam() = (1280x720, CV_16U)
[ PERFSTAT ]    (samples=24   mean=0.02   median=0.02   min=0.02   stddev=0.00 (3.0%))
[       OK ] Sz_Depth_DivideMat.DivideMat/1 (5 ms)
[ RUN      ] Sz_Depth_DivideMat.DivideMat/2, where GetParam() = (1280x720, CV_32F)
[ PERFSTAT ]    (samples=18   mean=0.02   median=0.02   min=0.02   stddev=0.00 (2.9%))
[       OK ] Sz_Depth_DivideMat.DivideMat/2 (5 ms)
[ RUN      ] Sz_Depth_DivideMat.DivideMat/3, where GetParam() = (1280x720, CV_64F)
[ PERFSTAT ]    (samples=25   mean=0.02   median=0.02   min=0.02   stddev=0.00 (1.9%))
[       OK ] Sz_Depth_DivideMat.DivideMat/3 (8 ms)
[ RUN      ] Sz_Depth_DivideMat.DivideMat/4, where GetParam() = (1280x1024, CV_8U)
[ PERFSTAT ]    (samples=13   mean=0.02   median=0.02   min=0.02   stddev=0.00 (1.8%))
[       OK ] Sz_Depth_DivideMat.DivideMat/4 (3 ms)
[ RUN      ] Sz_Depth_DivideMat.DivideMat/5, where GetParam() = (1280x1024, CV_16U)
[ PERFSTAT ]    (samples=13   mean=0.02   median=0.02   min=0.02   stddev=0.00 (1.9%))
[       OK ] Sz_Depth_DivideMat.DivideMat/5 (6 ms)
[ RUN      ] Sz_Depth_DivideMat.DivideMat/6, where GetParam() = (1280x1024, CV_32F)
[ PERFSTAT ]    (samples=13   mean=0.03   median=0.03   min=0.03   stddev=0.00 (2.2%))
[       OK ] Sz_Depth_DivideMat.DivideMat/6 (7 ms)
[ RUN      ] Sz_Depth_DivideMat.DivideMat/7, where GetParam() = (1280x1024, CV_64F)
[ PERFSTAT ]    (samples=38   mean=0.03   median=0.03   min=0.03   stddev=0.00 (1.2%))
[       OK ] Sz_Depth_DivideMat.DivideMat/7 (11 ms)
[ RUN      ] Sz_Depth_DivideMat.DivideMat/8, where GetParam() = (1920x1080, CV_8U)
[ PERFSTAT ]    (samples=13   mean=0.02   median=0.02   min=0.02   stddev=0.00 (1.6%))
[       OK ] Sz_Depth_DivideMat.DivideMat/8 (5 ms)
[ RUN      ] Sz_Depth_DivideMat.DivideMat/9, where GetParam() = (1920x1080, CV_16U)
[ PERFSTAT ]    (samples=13   mean=0.02   median=0.02   min=0.02   stddev=0.00 (2.4%))
[       OK ] Sz_Depth_DivideMat.DivideMat/9 (9 ms)
[ RUN      ] Sz_Depth_DivideMat.DivideMat/10, where GetParam() = (1920x1080, CV_32F)
[ PERFSTAT ]    (samples=13   mean=0.03   median=0.03   min=0.03   stddev=0.00 (1.9%))
[       OK ] Sz_Depth_DivideMat.DivideMat/10 (11 ms)
[ RUN      ] Sz_Depth_DivideMat.DivideMat/11, where GetParam() = (1920x1080, CV_64F)
[ PERFSTAT ]    (samples=13   mean=0.05   median=0.05   min=0.05   stddev=0.00 (2.6%))
[       OK ] Sz_Depth_DivideMat.DivideMat/11 (17 ms)
[----------] 12 tests from Sz_Depth_DivideMat (100 ms total)

[----------] 12 tests from Sz_Depth_DivideScalar
[ RUN      ] Sz_Depth_DivideScalar.DivideScalar/0, where GetParam() = (1280x720, CV_8U)
[ PERFSTAT ]    (samples=25   mean=0.02   median=0.02   min=0.02   stddev=0.00 (1.2%))
[       OK ] Sz_Depth_DivideScalar.DivideScalar/0 (21 ms)
[ RUN      ] Sz_Depth_DivideScalar.DivideScalar/1, where GetParam() = (1280x720, CV_16U)
[ PERFSTAT ]    (samples=25   mean=0.02   median=0.02   min=0.02   stddev=0.00 (2.6%))
[       OK ] Sz_Depth_DivideScalar.DivideScalar/1 (5 ms)
[ RUN      ] Sz_Depth_DivideScalar.DivideScalar/2, where GetParam() = (1280x720, CV_32F)
[ PERFSTAT ]    (samples=13   mean=0.02   median=0.02   min=0.02   stddev=0.00 (3.0%))
[       OK ] Sz_Depth_DivideScalar.DivideScalar/2 (4 ms)
[ RUN      ] Sz_Depth_DivideScalar.DivideScalar/3, where GetParam() = (1280x720, CV_64F)
[ PERFSTAT ]    (samples=17   mean=0.02   median=0.02   min=0.02   stddev=0.00 (3.0%))
[       OK ] Sz_Depth_DivideScalar.DivideScalar/3 (4 ms)
[ RUN      ] Sz_Depth_DivideScalar.DivideScalar/4, where GetParam() = (1280x1024, CV_8U)
[ PERFSTAT ]    (samples=14   mean=0.02   median=0.02   min=0.02   stddev=0.00 (2.9%))
[       OK ] Sz_Depth_DivideScalar.DivideScalar/4 (3 ms)
[ RUN      ] Sz_Depth_DivideScalar.DivideScalar/5, where GetParam() = (1280x1024, CV_16U)
[ PERFSTAT ]    (samples=25   mean=0.02   median=0.02   min=0.02   stddev=0.00 (1.1%))
[       OK ] Sz_Depth_DivideScalar.DivideScalar/5 (4 ms)
[ RUN      ] Sz_Depth_DivideScalar.DivideScalar/6, where GetParam() = (1280x1024, CV_32F)
[ PERFSTAT ]    (samples=25   mean=0.03   median=0.03   min=0.03   stddev=0.00 (2.0%))
[       OK ] Sz_Depth_DivideScalar.DivideScalar/6 (4 ms)
[ RUN      ] Sz_Depth_DivideScalar.DivideScalar/7, where GetParam() = (1280x1024, CV_64F)
[ PERFSTAT ]    (samples=14   mean=0.02   median=0.02   min=0.02   stddev=0.00 (3.0%))
[       OK ] Sz_Depth_DivideScalar.DivideScalar/7 (6 ms)
[ RUN      ] Sz_Depth_DivideScalar.DivideScalar/8, where GetParam() = (1920x1080, CV_8U)
[ PERFSTAT ]    (samples=13   mean=0.02   median=0.02   min=0.02   stddev=0.00 (2.8%))
[       OK ] Sz_Depth_DivideScalar.DivideScalar/8 (3 ms)
[ RUN      ] Sz_Depth_DivideScalar.DivideScalar/9, where GetParam() = (1920x1080, CV_16U)
[ PERFSTAT ]    (samples=13   mean=0.02   median=0.02   min=0.02   stddev=0.00 (2.0%))
[       OK ] Sz_Depth_DivideScalar.DivideScalar/9 (5 ms)
[ RUN      ] Sz_Depth_DivideScalar.DivideScalar/10, where GetParam() = (1920x1080, CV_32F)
[ PERFSTAT ]    (samples=13   mean=0.03   median=0.03   min=0.03   stddev=0.00 (1.8%))
[       OK ] Sz_Depth_DivideScalar.DivideScalar/10 (6 ms)
[ RUN      ] Sz_Depth_DivideScalar.DivideScalar/11, where GetParam() = (1920x1080, CV_64F)
[ PERFSTAT ]    (samples=25   mean=0.03   median=0.03   min=0.03   stddev=0.00 (3.0%))
[       OK ] Sz_Depth_DivideScalar.DivideScalar/11 (10 ms)
[----------] 12 tests from Sz_Depth_DivideScalar (75 ms total)

[----------] 12 tests from Sz_Depth_DivideScalarInv
[ RUN      ] Sz_Depth_DivideScalarInv.DivideScalarInv/0, where GetParam() = (1280x720, CV_8U)
[ PERFSTAT ]    (samples=25   mean=0.01   median=0.01   min=0.01   stddev=0.00 (1.3%))
[       OK ] Sz_Depth_DivideScalarInv.DivideScalarInv/0 (2 ms)
[ RUN      ] Sz_Depth_DivideScalarInv.DivideScalarInv/1, where GetParam() = (1280x720, CV_16U)
[ PERFSTAT ]    (samples=28   mean=0.02   median=0.02   min=0.02   stddev=0.00 (3.0%))
[       OK ] Sz_Depth_DivideScalarInv.DivideScalarInv/1 (4 ms)
[ RUN      ] Sz_Depth_DivideScalarInv.DivideScalarInv/2, where GetParam() = (1280x720, CV_32F)
[ PERFSTAT ]    (samples=25   mean=0.02   median=0.02   min=0.02   stddev=0.00 (2.7%))
[       OK ] Sz_Depth_DivideScalarInv.DivideScalarInv/2 (3 ms)
[ RUN      ] Sz_Depth_DivideScalarInv.DivideScalarInv/3, where GetParam() = (1280x720, CV_64F)
[ PERFSTAT ]    (samples=25   mean=0.02   median=0.02   min=0.02   stddev=0.00 (2.3%))
[       OK ] Sz_Depth_DivideScalarInv.DivideScalarInv/3 (5 ms)
[ RUN      ] Sz_Depth_DivideScalarInv.DivideScalarInv/4, where GetParam() = (1280x1024, CV_8U)
[ PERFSTAT ]    (samples=13   mean=0.02   median=0.02   min=0.02   stddev=0.00 (2.8%))
[       OK ] Sz_Depth_DivideScalarInv.DivideScalarInv/4 (2 ms)
[ RUN      ] Sz_Depth_DivideScalarInv.DivideScalarInv/5, where GetParam() = (1280x1024, CV_16U)
[ PERFSTAT ]    (samples=13   mean=0.02   median=0.02   min=0.02   stddev=0.00 (1.7%))
[       OK ] Sz_Depth_DivideScalarInv.DivideScalarInv/5 (3 ms)
[ RUN      ] Sz_Depth_DivideScalarInv.DivideScalarInv/6, where GetParam() = (1280x1024, CV_32F)
[ PERFSTAT ]    (samples=13   mean=0.03   median=0.03   min=0.03   stddev=0.00 (2.2%))
[       OK ] Sz_Depth_DivideScalarInv.DivideScalarInv/6 (4 ms)
[ RUN      ] Sz_Depth_DivideScalarInv.DivideScalarInv/7, where GetParam() = (1280x1024, CV_64F)
[ PERFSTAT ]    (samples=13   mean=0.02   median=0.02   min=0.02   stddev=0.00 (2.8%))
[       OK ] Sz_Depth_DivideScalarInv.DivideScalarInv/7 (6 ms)
[ RUN      ] Sz_Depth_DivideScalarInv.DivideScalarInv/8, where GetParam() = (1920x1080, CV_8U)
[ PERFSTAT ]    (samples=25   mean=0.02   median=0.02   min=0.02   stddev=0.00 (1.7%))
[       OK ] Sz_Depth_DivideScalarInv.DivideScalarInv/8 (4 ms)
[ RUN      ] Sz_Depth_DivideScalarInv.DivideScalarInv/9, where GetParam() = (1920x1080, CV_16U)
[ PERFSTAT ]    (samples=13   mean=0.02   median=0.02   min=0.02   stddev=0.00 (2.3%))
[       OK ] Sz_Depth_DivideScalarInv.DivideScalarInv/9 (4 ms)
[ RUN      ] Sz_Depth_DivideScalarInv.DivideScalarInv/10, where GetParam() = (1920x1080, CV_32F)
[ PERFSTAT ]    (samples=13   mean=0.03   median=0.03   min=0.03   stddev=0.00 (1.8%))
[       OK ] Sz_Depth_DivideScalarInv.DivideScalarInv/10 (6 ms)
[ RUN      ] Sz_Depth_DivideScalarInv.DivideScalarInv/11, where GetParam() = (1920x1080, CV_64F)
[ PERFSTAT ]    (samples=25   mean=0.03   median=0.03   min=0.03   stddev=0.00 (2.8%))
[       OK ] Sz_Depth_DivideScalarInv.DivideScalarInv/11 (11 ms)
[----------] 12 tests from Sz_Depth_DivideScalarInv (54 ms total)

[----------] 12 tests from Sz_Depth_AbsDiffMat
[ RUN      ] Sz_Depth_AbsDiffMat.AbsDiffMat/0, where GetParam() = (1280x720, CV_8U)
[ PERFSTAT ]    (samples=25   mean=0.01   median=0.01   min=0.01   stddev=0.00 (1.7%))
[       OK ] Sz_Depth_AbsDiffMat.AbsDiffMat/0 (4 ms)
[ RUN      ] Sz_Depth_AbsDiffMat.AbsDiffMat/1, where GetParam() = (1280x720, CV_16U)
[ PERFSTAT ]    (samples=25   mean=0.01   median=0.01   min=0.01   stddev=0.00 (2.1%))
[       OK ] Sz_Depth_AbsDiffMat.AbsDiffMat/1 (5 ms)
[ RUN      ] Sz_Depth_AbsDiffMat.AbsDiffMat/2, where GetParam() = (1280x720, CV_32F)
[ PERFSTAT ]    (samples=13   mean=0.02   median=0.02   min=0.02   stddev=0.00 (2.6%))
[       OK ] Sz_Depth_AbsDiffMat.AbsDiffMat/2 (5 ms)
[ RUN      ] Sz_Depth_AbsDiffMat.AbsDiffMat/3, where GetParam() = (1280x720, CV_64F)
[ PERFSTAT ]    (samples=19   mean=0.02   median=0.02   min=0.02   stddev=0.00 (3.0%))
[       OK ] Sz_Depth_AbsDiffMat.AbsDiffMat/3 (7 ms)
[ RUN      ] Sz_Depth_AbsDiffMat.AbsDiffMat/4, where GetParam() = (1280x1024, CV_8U)
[ PERFSTAT ]    (samples=19   mean=0.01   median=0.01   min=0.01   stddev=0.00 (3.0%))
[       OK ] Sz_Depth_AbsDiffMat.AbsDiffMat/4 (4 ms)
[ RUN      ] Sz_Depth_AbsDiffMat.AbsDiffMat/5, where GetParam() = (1280x1024, CV_16U)
[ PERFSTAT ]    (samples=25   mean=0.02   median=0.02   min=0.01   stddev=0.00 (1.6%))
[       OK ] Sz_Depth_AbsDiffMat.AbsDiffMat/5 (6 ms)
[ RUN      ] Sz_Depth_AbsDiffMat.AbsDiffMat/6, where GetParam() = (1280x1024, CV_32F)
[ PERFSTAT ]    (samples=13   mean=0.02   median=0.02   min=0.02   stddev=0.00 (2.6%))
[       OK ] Sz_Depth_AbsDiffMat.AbsDiffMat/6 (7 ms)
[ RUN      ] Sz_Depth_AbsDiffMat.AbsDiffMat/7, where GetParam() = (1280x1024, CV_64F)
[ PERFSTAT ]    (samples=22   mean=0.03   median=0.03   min=0.03   stddev=0.00 (3.0%))
[       OK ] Sz_Depth_AbsDiffMat.AbsDiffMat/7 (10 ms)
[ RUN      ] Sz_Depth_AbsDiffMat.AbsDiffMat/8, where GetParam() = (1920x1080, CV_8U)
[ PERFSTAT ]    (samples=13   mean=0.01   median=0.01   min=0.01   stddev=0.00 (1.5%))
[       OK ] Sz_Depth_AbsDiffMat.AbsDiffMat/8 (5 ms)
[ RUN      ] Sz_Depth_AbsDiffMat.AbsDiffMat/9, where GetParam() = (1920x1080, CV_16U)
[ PERFSTAT ]    (samples=13   mean=0.02   median=0.02   min=0.02   stddev=0.00 (2.7%))
[       OK ] Sz_Depth_AbsDiffMat.AbsDiffMat/9 (9 ms)
[ RUN      ] Sz_Depth_AbsDiffMat.AbsDiffMat/10, where GetParam() = (1920x1080, CV_32F)
[ PERFSTAT ]    (samples=25   mean=0.02   median=0.02   min=0.02   stddev=0.00 (1.7%))
[       OK ] Sz_Depth_AbsDiffMat.AbsDiffMat/10 (11 ms)
[ RUN      ] Sz_Depth_AbsDiffMat.AbsDiffMat/11, where GetParam() = (1920x1080, CV_64F)
[ PERFSTAT ]    (samples=13   mean=0.05   median=0.05   min=0.05   stddev=0.00 (2.2%))
[       OK ] Sz_Depth_AbsDiffMat.AbsDiffMat/11 (17 ms)
[----------] 12 tests from Sz_Depth_AbsDiffMat (90 ms total)

[----------] 12 tests from Sz_Depth_AbsDiffScalar
[ RUN      ] Sz_Depth_AbsDiffScalar.AbsDiffScalar/0, where GetParam() = (1280x720, CV_8U)
[ PERFSTAT ]    (samples=38   mean=0.01   median=0.01   min=0.01   stddev=0.00 (1.6%))
[       OK ] Sz_Depth_AbsDiffScalar.AbsDiffScalar/0 (4 ms)
[ RUN      ] Sz_Depth_AbsDiffScalar.AbsDiffScalar/1, where GetParam() = (1280x720, CV_16U)
[ PERFSTAT ]    (samples=34   mean=0.02   median=0.02   min=0.01   stddev=0.00 (3.0%))
[       OK ] Sz_Depth_AbsDiffScalar.AbsDiffScalar/1 (3 ms)
[ RUN      ] Sz_Depth_AbsDiffScalar.AbsDiffScalar/2, where GetParam() = (1280x720, CV_32F)
[ PERFSTAT ]    (samples=20   mean=0.01   median=0.01   min=0.01   stddev=0.00 (3.0%))
[       OK ] Sz_Depth_AbsDiffScalar.AbsDiffScalar/2 (3 ms)
[ RUN      ] Sz_Depth_AbsDiffScalar.AbsDiffScalar/3, where GetParam() = (1280x720, CV_64F)
[ PERFSTAT ]    (samples=15   mean=0.02   median=0.02   min=0.02   stddev=0.00 (2.9%))
[       OK ] Sz_Depth_AbsDiffScalar.AbsDiffScalar/3 (4 ms)
[ RUN      ] Sz_Depth_AbsDiffScalar.AbsDiffScalar/4, where GetParam() = (1280x1024, CV_8U)
[ PERFSTAT ]    (samples=15   mean=0.01   median=0.01   min=0.01   stddev=0.00 (3.0%))
[       OK ] Sz_Depth_AbsDiffScalar.AbsDiffScalar/4 (3 ms)
[ RUN      ] Sz_Depth_AbsDiffScalar.AbsDiffScalar/5, where GetParam() = (1280x1024, CV_16U)
[ PERFSTAT ]    (samples=13   mean=0.02   median=0.02   min=0.02   stddev=0.00 (2.9%))
[       OK ] Sz_Depth_AbsDiffScalar.AbsDiffScalar/5 (3 ms)
[ RUN      ] Sz_Depth_AbsDiffScalar.AbsDiffScalar/6, where GetParam() = (1280x1024, CV_32F)
[ PERFSTAT ]    (samples=13   mean=0.02   median=0.02   min=0.02   stddev=0.00 (2.8%))
[       OK ] Sz_Depth_AbsDiffScalar.AbsDiffScalar/6 (4 ms)
[ RUN      ] Sz_Depth_AbsDiffScalar.AbsDiffScalar/7, where GetParam() = (1280x1024, CV_64F)
[ PERFSTAT ]    (samples=16   mean=0.02   median=0.02   min=0.02   stddev=0.00 (2.9%))
[       OK ] Sz_Depth_AbsDiffScalar.AbsDiffScalar/7 (6 ms)
[ RUN      ] Sz_Depth_AbsDiffScalar.AbsDiffScalar/8, where GetParam() = (1920x1080, CV_8U)
[ PERFSTAT ]    (samples=13   mean=0.02   median=0.02   min=0.02   stddev=0.00 (2.5%))
[       OK ] Sz_Depth_AbsDiffScalar.AbsDiffScalar/8 (3 ms)
[ RUN      ] Sz_Depth_AbsDiffScalar.AbsDiffScalar/9, where GetParam() = (1920x1080, CV_16U)
[ PERFSTAT ]    (samples=14   mean=0.02   median=0.02   min=0.02   stddev=0.00 (3.0%))
[       OK ] Sz_Depth_AbsDiffScalar.AbsDiffScalar/9 (5 ms)
[ RUN      ] Sz_Depth_AbsDiffScalar.AbsDiffScalar/10, where GetParam() = (1920x1080, CV_32F)
[ PERFSTAT ]    (samples=13   mean=0.02   median=0.02   min=0.02   stddev=0.00 (1.7%))
[       OK ] Sz_Depth_AbsDiffScalar.AbsDiffScalar/10 (6 ms)
[ RUN      ] Sz_Depth_AbsDiffScalar.AbsDiffScalar/11, where GetParam() = (1920x1080, CV_64F)
[ PERFSTAT ]    (samples=56   mean=0.03   median=0.03   min=0.03   stddev=0.00 (3.0%))
[       OK ] Sz_Depth_AbsDiffScalar.AbsDiffScalar/11 (11 ms)
[----------] 12 tests from Sz_Depth_AbsDiffScalar (55 ms total)

[----------] 6 tests from Sz_Depth_Abs
[ RUN      ] Sz_Depth_Abs.Abs/0, where GetParam() = (1280x720, CV_16S)
[ PERFSTAT ]    (samples=25   mean=0.01   median=0.01   min=0.01   stddev=0.00 (2.5%))
[       OK ] Sz_Depth_Abs.Abs/0 (8 ms)
[ RUN      ] Sz_Depth_Abs.Abs/1, where GetParam() = (1280x720, CV_32F)
[ PERFSTAT ]    (samples=25   mean=0.01   median=0.01   min=0.01   stddev=0.00 (1.9%))
[       OK ] Sz_Depth_Abs.Abs/1 (3 ms)
[ RUN      ] Sz_Depth_Abs.Abs/2, where GetParam() = (1280x1024, CV_16S)
[ PERFSTAT ]    (samples=13   mean=0.01   median=0.01   min=0.01   stddev=0.00 (2.1%))
[       OK ] Sz_Depth_Abs.Abs/2 (3 ms)
[ RUN      ] Sz_Depth_Abs.Abs/3, where GetParam() = (1280x1024, CV_32F)
[ PERFSTAT ]    (samples=13   mean=0.02   median=0.02   min=0.01   stddev=0.00 (1.5%))
[       OK ] Sz_Depth_Abs.Abs/3 (4 ms)
[ RUN      ] Sz_Depth_Abs.Abs/4, where GetParam() = (1920x1080, CV_16S)
[ PERFSTAT ]    (samples=13   mean=0.01   median=0.01   min=0.01   stddev=0.00 (1.7%))
[       OK ] Sz_Depth_Abs.Abs/4 (5 ms)
[ RUN      ] Sz_Depth_Abs.Abs/5, where GetParam() = (1920x1080, CV_32F)
[ PERFSTAT ]    (samples=25   mean=0.02   median=0.02   min=0.02   stddev=0.00 (2.0%))
[       OK ] Sz_Depth_Abs.Abs/5 (6 ms)
[----------] 6 tests from Sz_Depth_Abs (29 ms total)

[----------] 9 tests from Sz_Depth_Sqr
[ RUN      ] Sz_Depth_Sqr.Sqr/0, where GetParam() = (1280x720, CV_8U)
[ PERFSTAT ]    (samples=17   mean=0.01   median=0.01   min=0.01   stddev=0.00 (2.9%))
[       OK ] Sz_Depth_Sqr.Sqr/0 (2 ms)
[ RUN      ] Sz_Depth_Sqr.Sqr/1, where GetParam() = (1280x720, CV_16S)
[ PERFSTAT ]    (samples=16   mean=0.01   median=0.01   min=0.01   stddev=0.00 (3.0%))
[       OK ] Sz_Depth_Sqr.Sqr/1 (2 ms)
[ RUN      ] Sz_Depth_Sqr.Sqr/2, where GetParam() = (1280x720, CV_32F)
[ PERFSTAT ]    (samples=13   mean=0.01   median=0.01   min=0.01   stddev=0.00 (2.2%))
[       OK ] Sz_Depth_Sqr.Sqr/2 (4 ms)
[ RUN      ] Sz_Depth_Sqr.Sqr/3, where GetParam() = (1280x1024, CV_8U)
[ PERFSTAT ]    (samples=13   mean=0.01   median=0.01   min=0.01   stddev=0.00 (1.5%))
[       OK ] Sz_Depth_Sqr.Sqr/3 (2 ms)
[ RUN      ] Sz_Depth_Sqr.Sqr/4, where GetParam() = (1280x1024, CV_16S)
[ PERFSTAT ]    (samples=13   mean=0.02   median=0.02   min=0.02   stddev=0.00 (1.6%))
[       OK ] Sz_Depth_Sqr.Sqr/4 (3 ms)
[ RUN      ] Sz_Depth_Sqr.Sqr/5, where GetParam() = (1280x1024, CV_32F)
[ PERFSTAT ]    (samples=13   mean=0.02   median=0.02   min=0.02   stddev=0.00 (2.5%))
[       OK ] Sz_Depth_Sqr.Sqr/5 (4 ms)
[ RUN      ] Sz_Depth_Sqr.Sqr/6, where GetParam() = (1920x1080, CV_8U)
[ PERFSTAT ]    (samples=13   mean=0.01   median=0.01   min=0.01   stddev=0.00 (2.8%))
[       OK ] Sz_Depth_Sqr.Sqr/6 (3 ms)
[ RUN      ] Sz_Depth_Sqr.Sqr/7, where GetParam() = (1920x1080, CV_16S)
[ PERFSTAT ]    (samples=25   mean=0.02   median=0.02   min=0.02   stddev=0.00 (2.7%))
[       OK ] Sz_Depth_Sqr.Sqr/7 (5 ms)
[ RUN      ] Sz_Depth_Sqr.Sqr/8, where GetParam() = (1920x1080, CV_32F)
[ PERFSTAT ]    (samples=13   mean=0.02   median=0.02   min=0.02   stddev=0.00 (2.6%))
[       OK ] Sz_Depth_Sqr.Sqr/8 (5 ms)
[----------] 9 tests from Sz_Depth_Sqr (30 ms total)

[----------] 9 tests from Sz_Depth_Sqrt
[ RUN      ] Sz_Depth_Sqrt.Sqrt/0, where GetParam() = (1280x720, CV_8U)
[ PERFSTAT ]    (samples=13   mean=0.01   median=0.01   min=0.01   stddev=0.00 (1.9%))
[       OK ] Sz_Depth_Sqrt.Sqrt/0 (4 ms)
[ RUN      ] Sz_Depth_Sqrt.Sqrt/1, where GetParam() = (1280x720, CV_16S)
[ PERFSTAT ]    (samples=25   mean=0.01   median=0.01   min=0.01   stddev=0.00 (1.3%))
[       OK ] Sz_Depth_Sqrt.Sqrt/1 (7 ms)
[ RUN      ] Sz_Depth_Sqrt.Sqrt/2, where GetParam() = (1280x720, CV_32F)
[ PERFSTAT ]    (samples=13   mean=0.01   median=0.01   min=0.01   stddev=0.00 (2.2%))
[       OK ] Sz_Depth_Sqrt.Sqrt/2 (3 ms)
[ RUN      ] Sz_Depth_Sqrt.Sqrt/3, where GetParam() = (1280x1024, CV_8U)
[ PERFSTAT ]    (samples=13   mean=0.01   median=0.01   min=0.01   stddev=0.00 (1.7%))
[       OK ] Sz_Depth_Sqrt.Sqrt/3 (5 ms)
[ RUN      ] Sz_Depth_Sqrt.Sqrt/4, where GetParam() = (1280x1024, CV_16S)
[ PERFSTAT ]    (samples=13   mean=0.01   median=0.01   min=0.01   stddev=0.00 (1.8%))
[       OK ] Sz_Depth_Sqrt.Sqrt/4 (8 ms)
[ RUN      ] Sz_Depth_Sqrt.Sqrt/5, where GetParam() = (1280x1024, CV_32F)
[ PERFSTAT ]    (samples=13   mean=0.02   median=0.02   min=0.02   stddev=0.00 (2.2%))
[       OK ] Sz_Depth_Sqrt.Sqrt/5 (4 ms)
[ RUN      ] Sz_Depth_Sqrt.Sqrt/6, where GetParam() = (1920x1080, CV_8U)
[ PERFSTAT ]    (samples=13   mean=0.02   median=0.02   min=0.02   stddev=0.00 (1.6%))
[       OK ] Sz_Depth_Sqrt.Sqrt/6 (6 ms)
[ RUN      ] Sz_Depth_Sqrt.Sqrt/7, where GetParam() = (1920x1080, CV_16S)
[ PERFSTAT ]    (samples=13   mean=0.02   median=0.02   min=0.02   stddev=0.00 (3.0%))
[       OK ] Sz_Depth_Sqrt.Sqrt/7 (14 ms)
[ RUN      ] Sz_Depth_Sqrt.Sqrt/8, where GetParam() = (1920x1080, CV_32F)
[ PERFSTAT ]    (samples=13   mean=0.02   median=0.02   min=0.02   stddev=0.00 (2.1%))
[       OK ] Sz_Depth_Sqrt.Sqrt/8 (6 ms)
[----------] 9 tests from Sz_Depth_Sqrt (57 ms total)

[----------] 9 tests from Sz_Depth_Log
[ RUN      ] Sz_Depth_Log.Log/0, where GetParam() = (1280x720, CV_8U)
[ PERFSTAT ]    (samples=13   mean=0.01   median=0.01   min=0.01   stddev=0.00 (2.7%))
[       OK ] Sz_Depth_Log.Log/0 (3 ms)
[ RUN      ] Sz_Depth_Log.Log/1, where GetParam() = (1280x720, CV_16S)
[ PERFSTAT ]    (samples=13   mean=0.02   median=0.02   min=0.02   stddev=0.00 (2.3%))
[       OK ] Sz_Depth_Log.Log/1 (7 ms)
[ RUN      ] Sz_Depth_Log.Log/2, where GetParam() = (1280x720, CV_32F)
[ PERFSTAT ]    (samples=13   mean=0.02   median=0.02   min=0.02   stddev=0.00 (2.1%))
[       OK ] Sz_Depth_Log.Log/2 (3 ms)
[ RUN      ] Sz_Depth_Log.Log/3, where GetParam() = (1280x1024, CV_8U)
[ PERFSTAT ]    (samples=13   mean=0.02   median=0.02   min=0.02   stddev=0.00 (1.7%))
[       OK ] Sz_Depth_Log.Log/3 (4 ms)
[ RUN      ] Sz_Depth_Log.Log/4, where GetParam() = (1280x1024, CV_16S)
[ PERFSTAT ]    (samples=13   mean=0.02   median=0.02   min=0.02   stddev=0.00 (1.6%))
[       OK ] Sz_Depth_Log.Log/4 (9 ms)
[ RUN      ] Sz_Depth_Log.Log/5, where GetParam() = (1280x1024, CV_32F)
[ PERFSTAT ]    (samples=13   mean=0.02   median=0.02   min=0.02   stddev=0.00 (1.8%))
[       OK ] Sz_Depth_Log.Log/5 (4 ms)
[ RUN      ] Sz_Depth_Log.Log/6, where GetParam() = (1920x1080, CV_8U)
[ PERFSTAT ]    (samples=13   mean=0.02   median=0.02   min=0.02   stddev=0.00 (1.0%))
[       OK ] Sz_Depth_Log.Log/6 (6 ms)
[ RUN      ] Sz_Depth_Log.Log/7, where GetParam() = (1920x1080, CV_16S)
[ PERFSTAT ]    (samples=25   mean=0.02   median=0.02   min=0.02   stddev=0.00 (2.0%))
[       OK ] Sz_Depth_Log.Log/7 (14 ms)
[ RUN      ] Sz_Depth_Log.Log/8, where GetParam() = (1920x1080, CV_32F)
[ PERFSTAT ]    (samples=13   mean=0.02   median=0.02   min=0.02   stddev=0.00 (1.7%))
[       OK ] Sz_Depth_Log.Log/8 (6 ms)
[----------] 9 tests from Sz_Depth_Log (56 ms total)

[----------] 9 tests from Sz_Depth_Exp
[ RUN      ] Sz_Depth_Exp.Exp/0, where GetParam() = (1280x720, CV_8U)
[ PERFSTAT ]    (samples=13   mean=0.01   median=0.01   min=0.01   stddev=0.00 (1.8%))
[       OK ] Sz_Depth_Exp.Exp/0 (3 ms)
[ RUN      ] Sz_Depth_Exp.Exp/1, where GetParam() = (1280x720, CV_16S)
[ PERFSTAT ]    (samples=13   mean=0.01   median=0.01   min=0.01   stddev=0.00 (2.3%))
[       OK ] Sz_Depth_Exp.Exp/1 (3 ms)
[ RUN      ] Sz_Depth_Exp.Exp/2, where GetParam() = (1280x720, CV_32F)
[ PERFSTAT ]    (samples=13   mean=0.01   median=0.01   min=0.01   stddev=0.00 (2.3%))
[       OK ] Sz_Depth_Exp.Exp/2 (3 ms)
[ RUN      ] Sz_Depth_Exp.Exp/3, where GetParam() = (1280x1024, CV_8U)
[ PERFSTAT ]    (samples=13   mean=0.01   median=0.01   min=0.01   stddev=0.00 (1.5%))
[       OK ] Sz_Depth_Exp.Exp/3 (4 ms)
[ RUN      ] Sz_Depth_Exp.Exp/4, where GetParam() = (1280x1024, CV_16S)
[ PERFSTAT ]    (samples=13   mean=0.02   median=0.02   min=0.01   stddev=0.00 (2.3%))
[       OK ] Sz_Depth_Exp.Exp/4 (4 ms)
[ RUN      ] Sz_Depth_Exp.Exp/5, where GetParam() = (1280x1024, CV_32F)
[ PERFSTAT ]    (samples=17   mean=0.02   median=0.02   min=0.01   stddev=0.00 (3.0%))
[       OK ] Sz_Depth_Exp.Exp/5 (4 ms)
[ RUN      ] Sz_Depth_Exp.Exp/6, where GetParam() = (1920x1080, CV_8U)
[ PERFSTAT ]    (samples=13   mean=0.02   median=0.02   min=0.02   stddev=0.00 (1.7%))
[       OK ] Sz_Depth_Exp.Exp/6 (6 ms)
[ RUN      ] Sz_Depth_Exp.Exp/7, where GetParam() = (1920x1080, CV_16S)
[ PERFSTAT ]    (samples=13   mean=0.02   median=0.02   min=0.02   stddev=0.00 (2.7%))
[       OK ] Sz_Depth_Exp.Exp/7 (6 ms)
[ RUN      ] Sz_Depth_Exp.Exp/8, where GetParam() = (1920x1080, CV_32F)
[ PERFSTAT ]    (samples=63   mean=0.02   median=0.02   min=0.02   stddev=0.00 (2.9%))
[       OK ] Sz_Depth_Exp.Exp/8 (7 ms)
[----------] 9 tests from Sz_Depth_Exp (40 ms total)

[----------] 27 tests from Sz_Depth_Power_Pow
[ RUN      ] Sz_Depth_Power_Pow.Pow/0, where GetParam() = (1280x720, CV_8U, 0.3)
[ PERFSTAT ]    (samples=13   mean=0.01   median=0.01   min=0.01   stddev=0.00 (2.7%))
[       OK ] Sz_Depth_Power_Pow.Pow/0 (2 ms)
[ RUN      ] Sz_Depth_Power_Pow.Pow/1, where GetParam() = (1280x720, CV_8U, 2)
[ PERFSTAT ]    (samples=13   mean=0.01   median=0.01   min=0.01   stddev=0.00 (2.8%))
[       OK ] Sz_Depth_Power_Pow.Pow/1 (1 ms)
[ RUN      ] Sz_Depth_Power_Pow.Pow/2, where GetParam() = (1280x720, CV_8U, 2.4)
[ PERFSTAT ]    (samples=25   mean=0.01   median=0.01   min=0.01   stddev=0.00 (2.4%))
[       OK ] Sz_Depth_Power_Pow.Pow/2 (2 ms)
[ RUN      ] Sz_Depth_Power_Pow.Pow/3, where GetParam() = (1280x720, CV_16S, 0.3)
[ PERFSTAT ]    (samples=13   mean=0.02   median=0.02   min=0.02   stddev=0.00 (2.3%))
[       OK ] Sz_Depth_Power_Pow.Pow/3 (3 ms)
[ RUN      ] Sz_Depth_Power_Pow.Pow/4, where GetParam() = (1280x720, CV_16S, 2)
[ PERFSTAT ]    (samples=13   mean=0.01   median=0.01   min=0.01   stddev=0.00 (2.6%))
[       OK ] Sz_Depth_Power_Pow.Pow/4 (3 ms)
[ RUN      ] Sz_Depth_Power_Pow.Pow/5, where GetParam() = (1280x720, CV_16S, 2.4)
[ PERFSTAT ]    (samples=25   mean=0.02   median=0.02   min=0.01   stddev=0.00 (2.6%))
[       OK ] Sz_Depth_Power_Pow.Pow/5 (3 ms)
[ RUN      ] Sz_Depth_Power_Pow.Pow/6, where GetParam() = (1280x720, CV_32F, 0.3)
[ PERFSTAT ]    (samples=13   mean=0.02   median=0.02   min=0.01   stddev=0.00 (1.9%))
[       OK ] Sz_Depth_Power_Pow.Pow/6 (3 ms)
[ RUN      ] Sz_Depth_Power_Pow.Pow/7, where GetParam() = (1280x720, CV_32F, 2)
[ PERFSTAT ]    (samples=13   mean=0.01   median=0.01   min=0.01   stddev=0.00 (2.8%))
[       OK ] Sz_Depth_Power_Pow.Pow/7 (3 ms)
[ RUN      ] Sz_Depth_Power_Pow.Pow/8, where GetParam() = (1280x720, CV_32F, 2.4)
[ PERFSTAT ]    (samples=13   mean=0.01   median=0.01   min=0.01   stddev=0.00 (2.2%))
[       OK ] Sz_Depth_Power_Pow.Pow/8 (3 ms)
[ RUN      ] Sz_Depth_Power_Pow.Pow/9, where GetParam() = (1280x1024, CV_8U, 0.3)
[ PERFSTAT ]    (samples=13   mean=0.01   median=0.01   min=0.01   stddev=0.00 (1.2%))
[       OK ] Sz_Depth_Power_Pow.Pow/9 (2 ms)
[ RUN      ] Sz_Depth_Power_Pow.Pow/10, where GetParam() = (1280x1024, CV_8U, 2)
[ PERFSTAT ]    (samples=13   mean=0.01   median=0.01   min=0.01   stddev=0.00 (2.2%))
[       OK ] Sz_Depth_Power_Pow.Pow/10 (2 ms)
[ RUN      ] Sz_Depth_Power_Pow.Pow/11, where GetParam() = (1280x1024, CV_8U, 2.4)
[ PERFSTAT ]    (samples=13   mean=0.01   median=0.01   min=0.01   stddev=0.00 (2.7%))
[       OK ] Sz_Depth_Power_Pow.Pow/11 (2 ms)
[ RUN      ] Sz_Depth_Power_Pow.Pow/12, where GetParam() = (1280x1024, CV_16S, 0.3)
[ PERFSTAT ]    (samples=13   mean=0.02   median=0.02   min=0.02   stddev=0.00 (2.7%))
[       OK ] Sz_Depth_Power_Pow.Pow/12 (4 ms)
[ RUN      ] Sz_Depth_Power_Pow.Pow/13, where GetParam() = (1280x1024, CV_16S, 2)
[ PERFSTAT ]    (samples=13   mean=0.02   median=0.02   min=0.02   stddev=0.00 (2.2%))
[       OK ] Sz_Depth_Power_Pow.Pow/13 (3 ms)
[ RUN      ] Sz_Depth_Power_Pow.Pow/14, where GetParam() = (1280x1024, CV_16S, 2.4)
[ PERFSTAT ]    (samples=13   mean=0.02   median=0.02   min=0.02   stddev=0.00 (2.6%))
[       OK ] Sz_Depth_Power_Pow.Pow/14 (3 ms)
[ RUN      ] Sz_Depth_Power_Pow.Pow/15, where GetParam() = (1280x1024, CV_32F, 0.3)
[ PERFSTAT ]    (samples=13   mean=0.02   median=0.02   min=0.02   stddev=0.00 (1.7%))
[       OK ] Sz_Depth_Power_Pow.Pow/15 (4 ms)
[ RUN      ] Sz_Depth_Power_Pow.Pow/16, where GetParam() = (1280x1024, CV_32F, 2)
[ PERFSTAT ]    (samples=13   mean=0.02   median=0.02   min=0.02   stddev=0.00 (2.3%))
[       OK ] Sz_Depth_Power_Pow.Pow/16 (4 ms)
[ RUN      ] Sz_Depth_Power_Pow.Pow/17, where GetParam() = (1280x1024, CV_32F, 2.4)
[ PERFSTAT ]    (samples=13   mean=0.02   median=0.02   min=0.02   stddev=0.00 (2.3%))
[       OK ] Sz_Depth_Power_Pow.Pow/17 (5 ms)
[ RUN      ] Sz_Depth_Power_Pow.Pow/18, where GetParam() = (1920x1080, CV_8U, 0.3)
[ PERFSTAT ]    (samples=13   mean=0.02   median=0.02   min=0.02   stddev=0.00 (1.4%))
[       OK ] Sz_Depth_Power_Pow.Pow/18 (3 ms)
[ RUN      ] Sz_Depth_Power_Pow.Pow/19, where GetParam() = (1920x1080, CV_8U, 2)
[ PERFSTAT ]    (samples=13   mean=0.02   median=0.02   min=0.02   stddev=0.00 (3.0%))
[       OK ] Sz_Depth_Power_Pow.Pow/19 (2 ms)
[ RUN      ] Sz_Depth_Power_Pow.Pow/20, where GetParam() = (1920x1080, CV_8U, 2.4)
[ PERFSTAT ]    (samples=13   mean=0.02   median=0.02   min=0.02   stddev=0.00 (1.4%))
[       OK ] Sz_Depth_Power_Pow.Pow/20 (3 ms)
[ RUN      ] Sz_Depth_Power_Pow.Pow/21, where GetParam() = (1920x1080, CV_16S, 0.3)
[ PERFSTAT ]    (samples=13   mean=0.02   median=0.02   min=0.02   stddev=0.00 (2.0%))
[       OK ] Sz_Depth_Power_Pow.Pow/21 (5 ms)
[ RUN      ] Sz_Depth_Power_Pow.Pow/22, where GetParam() = (1920x1080, CV_16S, 2)
[ PERFSTAT ]    (samples=13   mean=0.02   median=0.02   min=0.02   stddev=0.00 (2.1%))
[       OK ] Sz_Depth_Power_Pow.Pow/22 (5 ms)
[ RUN      ] Sz_Depth_Power_Pow.Pow/23, where GetParam() = (1920x1080, CV_16S, 2.4)
[ PERFSTAT ]    (samples=25   mean=0.02   median=0.02   min=0.02   stddev=0.00 (1.2%))
[       OK ] Sz_Depth_Power_Pow.Pow/23 (5 ms)
[ RUN      ] Sz_Depth_Power_Pow.Pow/24, where GetParam() = (1920x1080, CV_32F, 0.3)
[ PERFSTAT ]    (samples=13   mean=0.02   median=0.02   min=0.02   stddev=0.00 (1.6%))
[       OK ] Sz_Depth_Power_Pow.Pow/24 (6 ms)
[ RUN      ] Sz_Depth_Power_Pow.Pow/25, where GetParam() = (1920x1080, CV_32F, 2)
[ PERFSTAT ]    (samples=13   mean=0.02   median=0.02   min=0.02   stddev=0.00 (2.1%))
[       OK ] Sz_Depth_Power_Pow.Pow/25 (6 ms)
[ RUN      ] Sz_Depth_Power_Pow.Pow/26, where GetParam() = (1920x1080, CV_32F, 2.4)
[ PERFSTAT ]    (samples=13   mean=0.02   median=0.02   min=0.02   stddev=0.00 (2.3%))
[       OK ] Sz_Depth_Power_Pow.Pow/26 (5 ms)
[----------] 27 tests from Sz_Depth_Power_Pow (92 ms total)

[----------] 72 tests from Sz_Depth_Code_CompareMat
[ RUN      ] Sz_Depth_Code_CompareMat.CompareMat/0, where GetParam() = (1280x720, CV_8U, cv::CMP_EQ)
[ PERFSTAT ]    (samples=25   mean=0.01   median=0.01   min=0.01   stddev=0.00 (1.3%))
[       OK ] Sz_Depth_Code_CompareMat.CompareMat/0 (11 ms)
[ RUN      ] Sz_Depth_Code_CompareMat.CompareMat/1, where GetParam() = (1280x720, CV_8U, cv::CMP_GT)
[ PERFSTAT ]    (samples=13   mean=0.01   median=0.01   min=0.01   stddev=0.00 (1.7%))
[       OK ] Sz_Depth_Code_CompareMat.CompareMat/1 (3 ms)
[ RUN      ] Sz_Depth_Code_CompareMat.CompareMat/2, where GetParam() = (1280x720, CV_8U, cv::CMP_GE)
[ PERFSTAT ]    (samples=44   mean=0.01   median=0.01   min=0.01   stddev=0.00 (3.0%))
[       OK ] Sz_Depth_Code_CompareMat.CompareMat/2 (3 ms)
[ RUN      ] Sz_Depth_Code_CompareMat.CompareMat/3, where GetParam() = (1280x720, CV_8U, cv::CMP_LT)
[ PERFSTAT ]    (samples=13   mean=0.01   median=0.01   min=0.01   stddev=0.00 (1.5%))
[       OK ] Sz_Depth_Code_CompareMat.CompareMat/3 (3 ms)
[ RUN      ] Sz_Depth_Code_CompareMat.CompareMat/4, where GetParam() = (1280x720, CV_8U, cv::CMP_LE)
[ PERFSTAT ]    (samples=13   mean=0.01   median=0.01   min=0.01   stddev=0.00 (2.7%))
[       OK ] Sz_Depth_Code_CompareMat.CompareMat/4 (3 ms)
[ RUN      ] Sz_Depth_Code_CompareMat.CompareMat/5, where GetParam() = (1280x720, CV_8U, cv::CMP_NE)
[ PERFSTAT ]    (samples=13   mean=0.01   median=0.01   min=0.01   stddev=0.00 (1.8%))
[       OK ] Sz_Depth_Code_CompareMat.CompareMat/5 (3 ms)
[ RUN      ] Sz_Depth_Code_CompareMat.CompareMat/6, where GetParam() = (1280x720, CV_16U, cv::CMP_EQ)
[ PERFSTAT ]    (samples=13   mean=0.01   median=0.01   min=0.01   stddev=0.00 (2.1%))
[       OK ] Sz_Depth_Code_CompareMat.CompareMat/6 (4 ms)
[ RUN      ] Sz_Depth_Code_CompareMat.CompareMat/7, where GetParam() = (1280x720, CV_16U, cv::CMP_GT)
[ PERFSTAT ]    (samples=25   mean=0.01   median=0.01   min=0.01   stddev=0.00 (1.8%))
[       OK ] Sz_Depth_Code_CompareMat.CompareMat/7 (4 ms)
[ RUN      ] Sz_Depth_Code_CompareMat.CompareMat/8, where GetParam() = (1280x720, CV_16U, cv::CMP_GE)
[ PERFSTAT ]    (samples=13   mean=0.01   median=0.01   min=0.01   stddev=0.00 (2.3%))
[       OK ] Sz_Depth_Code_CompareMat.CompareMat/8 (5 ms)
[ RUN      ] Sz_Depth_Code_CompareMat.CompareMat/9, where GetParam() = (1280x720, CV_16U, cv::CMP_LT)
[ PERFSTAT ]    (samples=13   mean=0.01   median=0.01   min=0.01   stddev=0.00 (1.8%))
[       OK ] Sz_Depth_Code_CompareMat.CompareMat/9 (4 ms)
[ RUN      ] Sz_Depth_Code_CompareMat.CompareMat/10, where GetParam() = (1280x720, CV_16U, cv::CMP_LE)
[ PERFSTAT ]    (samples=13   mean=0.01   median=0.01   min=0.01   stddev=0.00 (1.8%))
[       OK ] Sz_Depth_Code_CompareMat.CompareMat/10 (4 ms)
[ RUN      ] Sz_Depth_Code_CompareMat.CompareMat/11, where GetParam() = (1280x720, CV_16U, cv::CMP_NE)
[ PERFSTAT ]    (samples=13   mean=0.01   median=0.01   min=0.01   stddev=0.00 (1.4%))
[       OK ] Sz_Depth_Code_CompareMat.CompareMat/11 (5 ms)
[ RUN      ] Sz_Depth_Code_CompareMat.CompareMat/12, where GetParam() = (1280x720, CV_32F, cv::CMP_EQ)
[ PERFSTAT ]    (samples=25   mean=0.01   median=0.01   min=0.01   stddev=0.00 (2.0%))
[       OK ] Sz_Depth_Code_CompareMat.CompareMat/12 (5 ms)
[ RUN      ] Sz_Depth_Code_CompareMat.CompareMat/13, where GetParam() = (1280x720, CV_32F, cv::CMP_GT)
[ PERFSTAT ]    (samples=13   mean=0.02   median=0.01   min=0.01   stddev=0.00 (1.5%))
[       OK ] Sz_Depth_Code_CompareMat.CompareMat/13 (5 ms)
[ RUN      ] Sz_Depth_Code_CompareMat.CompareMat/14, where GetParam() = (1280x720, CV_32F, cv::CMP_GE)
[ PERFSTAT ]    (samples=13   mean=0.01   median=0.01   min=0.01   stddev=0.00 (2.8%))
[       OK ] Sz_Depth_Code_CompareMat.CompareMat/14 (4 ms)
[ RUN      ] Sz_Depth_Code_CompareMat.CompareMat/15, where GetParam() = (1280x720, CV_32F, cv::CMP_LT)
[ PERFSTAT ]    (samples=13   mean=0.01   median=0.01   min=0.01   stddev=0.00 (2.0%))
[       OK ] Sz_Depth_Code_CompareMat.CompareMat/15 (5 ms)
[ RUN      ] Sz_Depth_Code_CompareMat.CompareMat/16, where GetParam() = (1280x720, CV_32F, cv::CMP_LE)
[ PERFSTAT ]    (samples=13   mean=0.02   median=0.01   min=0.01   stddev=0.00 (1.5%))
[       OK ] Sz_Depth_Code_CompareMat.CompareMat/16 (5 ms)
[ RUN      ] Sz_Depth_Code_CompareMat.CompareMat/17, where GetParam() = (1280x720, CV_32F, cv::CMP_NE)
[ PERFSTAT ]    (samples=13   mean=0.01   median=0.01   min=0.01   stddev=0.00 (1.7%))
[       OK ] Sz_Depth_Code_CompareMat.CompareMat/17 (4 ms)
[ RUN      ] Sz_Depth_Code_CompareMat.CompareMat/18, where GetParam() = (1280x720, CV_64F, cv::CMP_EQ)
[ PERFSTAT ]    (samples=13   mean=0.02   median=0.02   min=0.02   stddev=0.00 (2.3%))
[       OK ] Sz_Depth_Code_CompareMat.CompareMat/18 (6 ms)
[ RUN      ] Sz_Depth_Code_CompareMat.CompareMat/19, where GetParam() = (1280x720, CV_64F, cv::CMP_GT)
[ PERFSTAT ]    (samples=16   mean=0.02   median=0.02   min=0.02   stddev=0.00 (3.0%))
[       OK ] Sz_Depth_Code_CompareMat.CompareMat/19 (6 ms)
[ RUN      ] Sz_Depth_Code_CompareMat.CompareMat/20, where GetParam() = (1280x720, CV_64F, cv::CMP_GE)
[ PERFSTAT ]    (samples=25   mean=0.02   median=0.02   min=0.02   stddev=0.00 (2.8%))
[       OK ] Sz_Depth_Code_CompareMat.CompareMat/20 (7 ms)
[ RUN      ] Sz_Depth_Code_CompareMat.CompareMat/21, where GetParam() = (1280x720, CV_64F, cv::CMP_LT)
[ PERFSTAT ]    (samples=25   mean=0.02   median=0.02   min=0.02   stddev=0.00 (2.0%))
[       OK ] Sz_Depth_Code_CompareMat.CompareMat/21 (6 ms)
[ RUN      ] Sz_Depth_Code_CompareMat.CompareMat/22, where GetParam() = (1280x720, CV_64F, cv::CMP_LE)
[ PERFSTAT ]    (samples=13   mean=0.02   median=0.02   min=0.02   stddev=0.00 (2.0%))
[       OK ] Sz_Depth_Code_CompareMat.CompareMat/22 (6 ms)
[ RUN      ] Sz_Depth_Code_CompareMat.CompareMat/23, where GetParam() = (1280x720, CV_64F, cv::CMP_NE)
[ PERFSTAT ]    (samples=25   mean=0.02   median=0.02   min=0.02   stddev=0.00 (1.9%))
[       OK ] Sz_Depth_Code_CompareMat.CompareMat/23 (6 ms)
[ RUN      ] Sz_Depth_Code_CompareMat.CompareMat/24, where GetParam() = (1280x1024, CV_8U, cv::CMP_EQ)
[ PERFSTAT ]    (samples=13   mean=0.01   median=0.01   min=0.01   stddev=0.00 (1.8%))
[       OK ] Sz_Depth_Code_CompareMat.CompareMat/24 (4 ms)
[ RUN      ] Sz_Depth_Code_CompareMat.CompareMat/25, where GetParam() = (1280x1024, CV_8U, cv::CMP_GT)
[ PERFSTAT ]    (samples=13   mean=0.01   median=0.01   min=0.01   stddev=0.00 (1.9%))
[       OK ] Sz_Depth_Code_CompareMat.CompareMat/25 (3 ms)
[ RUN      ] Sz_Depth_Code_CompareMat.CompareMat/26, where GetParam() = (1280x1024, CV_8U, cv::CMP_GE)
[ PERFSTAT ]    (samples=13   mean=0.01   median=0.01   min=0.01   stddev=0.00 (2.4%))
[       OK ] Sz_Depth_Code_CompareMat.CompareMat/26 (4 ms)
[ RUN      ] Sz_Depth_Code_CompareMat.CompareMat/27, where GetParam() = (1280x1024, CV_8U, cv::CMP_LT)
[ PERFSTAT ]    (samples=13   mean=0.01   median=0.01   min=0.01   stddev=0.00 (1.6%))
[       OK ] Sz_Depth_Code_CompareMat.CompareMat/27 (3 ms)
[ RUN      ] Sz_Depth_Code_CompareMat.CompareMat/28, where GetParam() = (1280x1024, CV_8U, cv::CMP_LE)
[ PERFSTAT ]    (samples=13   mean=0.01   median=0.01   min=0.01   stddev=0.00 (2.2%))
[       OK ] Sz_Depth_Code_CompareMat.CompareMat/28 (4 ms)
[ RUN      ] Sz_Depth_Code_CompareMat.CompareMat/29, where GetParam() = (1280x1024, CV_8U, cv::CMP_NE)
[ PERFSTAT ]    (samples=13   mean=0.01   median=0.01   min=0.01   stddev=0.00 (1.7%))
[       OK ] Sz_Depth_Code_CompareMat.CompareMat/29 (3 ms)
[ RUN      ] Sz_Depth_Code_CompareMat.CompareMat/30, where GetParam() = (1280x1024, CV_16U, cv::CMP_EQ)
[ PERFSTAT ]    (samples=13   mean=0.01   median=0.01   min=0.01   stddev=0.00 (1.7%))
[       OK ] Sz_Depth_Code_CompareMat.CompareMat/30 (6 ms)
[ RUN      ] Sz_Depth_Code_CompareMat.CompareMat/31, where GetParam() = (1280x1024, CV_16U, cv::CMP_GT)
[ PERFSTAT ]    (samples=13   mean=0.01   median=0.01   min=0.01   stddev=0.00 (1.9%))
[       OK ] Sz_Depth_Code_CompareMat.CompareMat/31 (7 ms)
[ RUN      ] Sz_Depth_Code_CompareMat.CompareMat/32, where GetParam() = (1280x1024, CV_16U, cv::CMP_GE)
[ PERFSTAT ]    (samples=25   mean=0.01   median=0.01   min=0.01   stddev=0.00 (1.5%))
[       OK ] Sz_Depth_Code_CompareMat.CompareMat/32 (6 ms)
[ RUN      ] Sz_Depth_Code_CompareMat.CompareMat/33, where GetParam() = (1280x1024, CV_16U, cv::CMP_LT)
[ PERFSTAT ]    (samples=13   mean=0.01   median=0.01   min=0.01   stddev=0.00 (1.6%))
[       OK ] Sz_Depth_Code_CompareMat.CompareMat/33 (5 ms)
[ RUN      ] Sz_Depth_Code_CompareMat.CompareMat/34, where GetParam() = (1280x1024, CV_16U, cv::CMP_LE)
[ PERFSTAT ]    (samples=25   mean=0.01   median=0.01   min=0.01   stddev=0.00 (2.7%))
[       OK ] Sz_Depth_Code_CompareMat.CompareMat/34 (6 ms)
[ RUN      ] Sz_Depth_Code_CompareMat.CompareMat/35, where GetParam() = (1280x1024, CV_16U, cv::CMP_NE)
[ PERFSTAT ]    (samples=13   mean=0.01   median=0.01   min=0.01   stddev=0.00 (1.8%))
[       OK ] Sz_Depth_Code_CompareMat.CompareMat/35 (5 ms)
[ RUN      ] Sz_Depth_Code_CompareMat.CompareMat/36, where GetParam() = (1280x1024, CV_32F, cv::CMP_EQ)
[ PERFSTAT ]    (samples=13   mean=0.02   median=0.02   min=0.01   stddev=0.00 (2.1%))
[       OK ] Sz_Depth_Code_CompareMat.CompareMat/36 (6 ms)
[ RUN      ] Sz_Depth_Code_CompareMat.CompareMat/37, where GetParam() = (1280x1024, CV_32F, cv::CMP_GT)
[ PERFSTAT ]    (samples=13   mean=0.01   median=0.01   min=0.01   stddev=0.00 (2.1%))
[       OK ] Sz_Depth_Code_CompareMat.CompareMat/37 (6 ms)
[ RUN      ] Sz_Depth_Code_CompareMat.CompareMat/38, where GetParam() = (1280x1024, CV_32F, cv::CMP_GE)
[ PERFSTAT ]    (samples=13   mean=0.01   median=0.01   min=0.01   stddev=0.00 (2.1%))
[       OK ] Sz_Depth_Code_CompareMat.CompareMat/38 (6 ms)
[ RUN      ] Sz_Depth_Code_CompareMat.CompareMat/39, where GetParam() = (1280x1024, CV_32F, cv::CMP_LT)
[ PERFSTAT ]    (samples=25   mean=0.01   median=0.01   min=0.01   stddev=0.00 (2.1%))
[       OK ] Sz_Depth_Code_CompareMat.CompareMat/39 (7 ms)
[ RUN      ] Sz_Depth_Code_CompareMat.CompareMat/40, where GetParam() = (1280x1024, CV_32F, cv::CMP_LE)
[ PERFSTAT ]    (samples=13   mean=0.02   median=0.02   min=0.02   stddev=0.00 (1.9%))
[       OK ] Sz_Depth_Code_CompareMat.CompareMat/40 (6 ms)
[ RUN      ] Sz_Depth_Code_CompareMat.CompareMat/41, where GetParam() = (1280x1024, CV_32F, cv::CMP_NE)
[ PERFSTAT ]    (samples=13   mean=0.01   median=0.01   min=0.01   stddev=0.00 (2.7%))
[       OK ] Sz_Depth_Code_CompareMat.CompareMat/41 (6 ms)
[ RUN      ] Sz_Depth_Code_CompareMat.CompareMat/42, where GetParam() = (1280x1024, CV_64F, cv::CMP_EQ)
[ PERFSTAT ]    (samples=13   mean=0.02   median=0.02   min=0.02   stddev=0.00 (2.0%))
[       OK ] Sz_Depth_Code_CompareMat.CompareMat/42 (8 ms)
[ RUN      ] Sz_Depth_Code_CompareMat.CompareMat/43, where GetParam() = (1280x1024, CV_64F, cv::CMP_GT)
[ PERFSTAT ]    (samples=13   mean=0.02   median=0.02   min=0.02   stddev=0.00 (2.6%))
[       OK ] Sz_Depth_Code_CompareMat.CompareMat/43 (9 ms)
[ RUN      ] Sz_Depth_Code_CompareMat.CompareMat/44, where GetParam() = (1280x1024, CV_64F, cv::CMP_GE)
[ PERFSTAT ]    (samples=25   mean=0.02   median=0.02   min=0.02   stddev=0.00 (1.9%))
[       OK ] Sz_Depth_Code_CompareMat.CompareMat/44 (9 ms)
[ RUN      ] Sz_Depth_Code_CompareMat.CompareMat/45, where GetParam() = (1280x1024, CV_64F, cv::CMP_LT)
[ PERFSTAT ]    (samples=23   mean=0.02   median=0.02   min=0.02   stddev=0.00 (3.0%))
[       OK ] Sz_Depth_Code_CompareMat.CompareMat/45 (9 ms)
[ RUN      ] Sz_Depth_Code_CompareMat.CompareMat/46, where GetParam() = (1280x1024, CV_64F, cv::CMP_LE)
[ PERFSTAT ]    (samples=16   mean=0.02   median=0.02   min=0.02   stddev=0.00 (2.9%))
[       OK ] Sz_Depth_Code_CompareMat.CompareMat/46 (8 ms)
[ RUN      ] Sz_Depth_Code_CompareMat.CompareMat/47, where GetParam() = (1280x1024, CV_64F, cv::CMP_NE)
[ PERFSTAT ]    (samples=13   mean=0.02   median=0.02   min=0.02   stddev=0.00 (2.8%))
[       OK ] Sz_Depth_Code_CompareMat.CompareMat/47 (9 ms)
[ RUN      ] Sz_Depth_Code_CompareMat.CompareMat/48, where GetParam() = (1920x1080, CV_8U, cv::CMP_EQ)
[ PERFSTAT ]    (samples=13   mean=0.01   median=0.01   min=0.01   stddev=0.00 (1.8%))
[       OK ] Sz_Depth_Code_CompareMat.CompareMat/48 (5 ms)
[ RUN      ] Sz_Depth_Code_CompareMat.CompareMat/49, where GetParam() = (1920x1080, CV_8U, cv::CMP_GT)
[ PERFSTAT ]    (samples=13   mean=0.01   median=0.01   min=0.01   stddev=0.00 (1.7%))
[       OK ] Sz_Depth_Code_CompareMat.CompareMat/49 (4 ms)
[ RUN      ] Sz_Depth_Code_CompareMat.CompareMat/50, where GetParam() = (1920x1080, CV_8U, cv::CMP_GE)
[ PERFSTAT ]    (samples=13   mean=0.02   median=0.02   min=0.02   stddev=0.00 (1.3%))
[       OK ] Sz_Depth_Code_CompareMat.CompareMat/50 (5 ms)
[ RUN      ] Sz_Depth_Code_CompareMat.CompareMat/51, where GetParam() = (1920x1080, CV_8U, cv::CMP_LT)
[ PERFSTAT ]    (samples=13   mean=0.02   median=0.02   min=0.02   stddev=0.00 (2.1%))
[       OK ] Sz_Depth_Code_CompareMat.CompareMat/51 (5 ms)
[ RUN      ] Sz_Depth_Code_CompareMat.CompareMat/52, where GetParam() = (1920x1080, CV_8U, cv::CMP_LE)
[ PERFSTAT ]    (samples=13   mean=0.02   median=0.02   min=0.02   stddev=0.00 (2.0%))
[       OK ] Sz_Depth_Code_CompareMat.CompareMat/52 (5 ms)
[ RUN      ] Sz_Depth_Code_CompareMat.CompareMat/53, where GetParam() = (1920x1080, CV_8U, cv::CMP_NE)
[ PERFSTAT ]    (samples=13   mean=0.02   median=0.02   min=0.02   stddev=0.00 (1.8%))
[       OK ] Sz_Depth_Code_CompareMat.CompareMat/53 (4 ms)
[ RUN      ] Sz_Depth_Code_CompareMat.CompareMat/54, where GetParam() = (1920x1080, CV_16U, cv::CMP_EQ)
[ PERFSTAT ]    (samples=13   mean=0.02   median=0.02   min=0.01   stddev=0.00 (2.6%))
[       OK ] Sz_Depth_Code_CompareMat.CompareMat/54 (8 ms)
[ RUN      ] Sz_Depth_Code_CompareMat.CompareMat/55, where GetParam() = (1920x1080, CV_16U, cv::CMP_GT)
[ PERFSTAT ]    (samples=13   mean=0.02   median=0.02   min=0.02   stddev=0.00 (2.3%))
[       OK ] Sz_Depth_Code_CompareMat.CompareMat/55 (8 ms)
[ RUN      ] Sz_Depth_Code_CompareMat.CompareMat/56, where GetParam() = (1920x1080, CV_16U, cv::CMP_GE)
[ PERFSTAT ]    (samples=13   mean=0.02   median=0.02   min=0.02   stddev=0.00 (2.1%))
[       OK ] Sz_Depth_Code_CompareMat.CompareMat/56 (8 ms)
[ RUN      ] Sz_Depth_Code_CompareMat.CompareMat/57, where GetParam() = (1920x1080, CV_16U, cv::CMP_LT)
[ PERFSTAT ]    (samples=13   mean=0.02   median=0.02   min=0.02   stddev=0.00 (1.9%))
[       OK ] Sz_Depth_Code_CompareMat.CompareMat/57 (8 ms)
[ RUN      ] Sz_Depth_Code_CompareMat.CompareMat/58, where GetParam() = (1920x1080, CV_16U, cv::CMP_LE)
[ PERFSTAT ]    (samples=13   mean=0.02   median=0.02   min=0.02   stddev=0.00 (1.5%))
[       OK ] Sz_Depth_Code_CompareMat.CompareMat/58 (8 ms)
[ RUN      ] Sz_Depth_Code_CompareMat.CompareMat/59, where GetParam() = (1920x1080, CV_16U, cv::CMP_NE)
[ PERFSTAT ]    (samples=13   mean=0.02   median=0.02   min=0.02   stddev=0.00 (1.5%))
[       OK ] Sz_Depth_Code_CompareMat.CompareMat/59 (8 ms)
[ RUN      ] Sz_Depth_Code_CompareMat.CompareMat/60, where GetParam() = (1920x1080, CV_32F, cv::CMP_EQ)
[ PERFSTAT ]    (samples=13   mean=0.02   median=0.02   min=0.02   stddev=0.00 (2.6%))
[       OK ] Sz_Depth_Code_CompareMat.CompareMat/60 (10 ms)
[ RUN      ] Sz_Depth_Code_CompareMat.CompareMat/61, where GetParam() = (1920x1080, CV_32F, cv::CMP_GT)
[ PERFSTAT ]    (samples=13   mean=0.02   median=0.02   min=0.02   stddev=0.00 (2.5%))
[       OK ] Sz_Depth_Code_CompareMat.CompareMat/61 (9 ms)
[ RUN      ] Sz_Depth_Code_CompareMat.CompareMat/62, where GetParam() = (1920x1080, CV_32F, cv::CMP_GE)
[ PERFSTAT ]    (samples=13   mean=0.02   median=0.02   min=0.02   stddev=0.00 (2.0%))
[       OK ] Sz_Depth_Code_CompareMat.CompareMat/62 (10 ms)
[ RUN      ] Sz_Depth_Code_CompareMat.CompareMat/63, where GetParam() = (1920x1080, CV_32F, cv::CMP_LT)
[ PERFSTAT ]    (samples=13   mean=0.02   median=0.02   min=0.02   stddev=0.00 (1.8%))
[       OK ] Sz_Depth_Code_CompareMat.CompareMat/63 (9 ms)
[ RUN      ] Sz_Depth_Code_CompareMat.CompareMat/64, where GetParam() = (1920x1080, CV_32F, cv::CMP_LE)
[ PERFSTAT ]    (samples=22   mean=0.02   median=0.02   min=0.02   stddev=0.00 (3.0%))
[       OK ] Sz_Depth_Code_CompareMat.CompareMat/64 (10 ms)
[ RUN      ] Sz_Depth_Code_CompareMat.CompareMat/65, where GetParam() = (1920x1080, CV_32F, cv::CMP_NE)
[ PERFSTAT ]    (samples=13   mean=0.02   median=0.02   min=0.02   stddev=0.00 (2.2%))
[       OK ] Sz_Depth_Code_CompareMat.CompareMat/65 (9 ms)
[ RUN      ] Sz_Depth_Code_CompareMat.CompareMat/66, where GetParam() = (1920x1080, CV_64F, cv::CMP_EQ)
[ PERFSTAT ]    (samples=26   mean=0.04   median=0.04   min=0.04   stddev=0.00 (3.0%))
[       OK ] Sz_Depth_Code_CompareMat.CompareMat/66 (14 ms)
[ RUN      ] Sz_Depth_Code_CompareMat.CompareMat/67, where GetParam() = (1920x1080, CV_64F, cv::CMP_GT)
[ PERFSTAT ]    (samples=18   mean=0.04   median=0.04   min=0.04   stddev=0.00 (2.9%))
[       OK ] Sz_Depth_Code_CompareMat.CompareMat/67 (14 ms)
[ RUN      ] Sz_Depth_Code_CompareMat.CompareMat/68, where GetParam() = (1920x1080, CV_64F, cv::CMP_GE)
[ PERFSTAT ]    (samples=35   mean=0.04   median=0.04   min=0.04   stddev=0.00 (3.0%))
[       OK ] Sz_Depth_Code_CompareMat.CompareMat/68 (14 ms)
[ RUN      ] Sz_Depth_Code_CompareMat.CompareMat/69, where GetParam() = (1920x1080, CV_64F, cv::CMP_LT)
[ PERFSTAT ]    (samples=20   mean=0.04   median=0.04   min=0.04   stddev=0.00 (3.0%))
[       OK ] Sz_Depth_Code_CompareMat.CompareMat/69 (13 ms)
[ RUN      ] Sz_Depth_Code_CompareMat.CompareMat/70, where GetParam() = (1920x1080, CV_64F, cv::CMP_LE)
[ PERFSTAT ]    (samples=21   mean=0.04   median=0.04   min=0.04   stddev=0.00 (3.0%))
[       OK ] Sz_Depth_Code_CompareMat.CompareMat/70 (13 ms)
[ RUN      ] Sz_Depth_Code_CompareMat.CompareMat/71, where GetParam() = (1920x1080, CV_64F, cv::CMP_NE)
[ PERFSTAT ]    (samples=17   mean=0.04   median=0.04   min=0.04   stddev=0.00 (2.9%))
[       OK ] Sz_Depth_Code_CompareMat.CompareMat/71 (14 ms)
[----------] 72 tests from Sz_Depth_Code_CompareMat (477 ms total)

[----------] 72 tests from Sz_Depth_Code_CompareScalar
[ RUN      ] Sz_Depth_Code_CompareScalar.CompareScalar/0, where GetParam() = (1280x720, CV_8U, cv::CMP_EQ)
[ PERFSTAT ]    (samples=25   mean=0.01   median=0.01   min=0.01   stddev=0.00 (1.6%))
[       OK ] Sz_Depth_Code_CompareScalar.CompareScalar/0 (12 ms)
[ RUN      ] Sz_Depth_Code_CompareScalar.CompareScalar/1, where GetParam() = (1280x720, CV_8U, cv::CMP_GT)
[ PERFSTAT ]    (samples=25   mean=0.01   median=0.01   min=0.01   stddev=0.00 (1.3%))
[       OK ] Sz_Depth_Code_CompareScalar.CompareScalar/1 (2 ms)
[ RUN      ] Sz_Depth_Code_CompareScalar.CompareScalar/2, where GetParam() = (1280x720, CV_8U, cv::CMP_GE)
[ PERFSTAT ]    (samples=23   mean=0.01   median=0.01   min=0.01   stddev=0.00 (3.0%))
[       OK ] Sz_Depth_Code_CompareScalar.CompareScalar/2 (2 ms)
[ RUN      ] Sz_Depth_Code_CompareScalar.CompareScalar/3, where GetParam() = (1280x720, CV_8U, cv::CMP_LT)
[ PERFSTAT ]    (samples=19   mean=0.01   median=0.01   min=0.01   stddev=0.00 (3.0%))
[       OK ] Sz_Depth_Code_CompareScalar.CompareScalar/3 (2 ms)
[ RUN      ] Sz_Depth_Code_CompareScalar.CompareScalar/4, where GetParam() = (1280x720, CV_8U, cv::CMP_LE)
[ PERFSTAT ]    (samples=25   mean=0.01   median=0.01   min=0.01   stddev=0.00 (1.4%))
[       OK ] Sz_Depth_Code_CompareScalar.CompareScalar/4 (2 ms)
[ RUN      ] Sz_Depth_Code_CompareScalar.CompareScalar/5, where GetParam() = (1280x720, CV_8U, cv::CMP_NE)
[ PERFSTAT ]    (samples=20   mean=0.01   median=0.01   min=0.01   stddev=0.00 (3.0%))
[       OK ] Sz_Depth_Code_CompareScalar.CompareScalar/5 (2 ms)
[ RUN      ] Sz_Depth_Code_CompareScalar.CompareScalar/6, where GetParam() = (1280x720, CV_16U, cv::CMP_EQ)
[ PERFSTAT ]    (samples=25   mean=0.01   median=0.01   min=0.01   stddev=0.00 (1.3%))
[       OK ] Sz_Depth_Code_CompareScalar.CompareScalar/6 (3 ms)
[ RUN      ] Sz_Depth_Code_CompareScalar.CompareScalar/7, where GetParam() = (1280x720, CV_16U, cv::CMP_GT)
[ PERFSTAT ]    (samples=25   mean=0.01   median=0.01   min=0.01   stddev=0.00 (2.4%))
[       OK ] Sz_Depth_Code_CompareScalar.CompareScalar/7 (2 ms)
[ RUN      ] Sz_Depth_Code_CompareScalar.CompareScalar/8, where GetParam() = (1280x720, CV_16U, cv::CMP_GE)
[ PERFSTAT ]    (samples=13   mean=0.01   median=0.01   min=0.01   stddev=0.00 (2.9%))
[       OK ] Sz_Depth_Code_CompareScalar.CompareScalar/8 (3 ms)
[ RUN      ] Sz_Depth_Code_CompareScalar.CompareScalar/9, where GetParam() = (1280x720, CV_16U, cv::CMP_LT)
[ PERFSTAT ]    (samples=13   mean=0.01   median=0.01   min=0.01   stddev=0.00 (2.9%))
[       OK ] Sz_Depth_Code_CompareScalar.CompareScalar/9 (3 ms)
[ RUN      ] Sz_Depth_Code_CompareScalar.CompareScalar/10, where GetParam() = (1280x720, CV_16U, cv::CMP_LE)
[ PERFSTAT ]    (samples=15   mean=0.01   median=0.01   min=0.01   stddev=0.00 (3.0%))
[       OK ] Sz_Depth_Code_CompareScalar.CompareScalar/10 (2 ms)
[ RUN      ] Sz_Depth_Code_CompareScalar.CompareScalar/11, where GetParam() = (1280x720, CV_16U, cv::CMP_NE)
[ PERFSTAT ]    (samples=16   mean=0.01   median=0.01   min=0.01   stddev=0.00 (3.0%))
[       OK ] Sz_Depth_Code_CompareScalar.CompareScalar/11 (3 ms)
[ RUN      ] Sz_Depth_Code_CompareScalar.CompareScalar/12, where GetParam() = (1280x720, CV_32F, cv::CMP_EQ)
[ PERFSTAT ]    (samples=25   mean=0.01   median=0.01   min=0.01   stddev=0.00 (2.1%))
[       OK ] Sz_Depth_Code_CompareScalar.CompareScalar/12 (3 ms)
[ RUN      ] Sz_Depth_Code_CompareScalar.CompareScalar/13, where GetParam() = (1280x720, CV_32F, cv::CMP_GT)
[ PERFSTAT ]    (samples=25   mean=0.01   median=0.01   min=0.01   stddev=0.00 (1.6%))
[       OK ] Sz_Depth_Code_CompareScalar.CompareScalar/13 (2 ms)
[ RUN      ] Sz_Depth_Code_CompareScalar.CompareScalar/14, where GetParam() = (1280x720, CV_32F, cv::CMP_GE)
[ PERFSTAT ]    (samples=26   mean=0.01   median=0.01   min=0.01   stddev=0.00 (3.0%))
[       OK ] Sz_Depth_Code_CompareScalar.CompareScalar/14 (3 ms)
[ RUN      ] Sz_Depth_Code_CompareScalar.CompareScalar/15, where GetParam() = (1280x720, CV_32F, cv::CMP_LT)
[ PERFSTAT ]    (samples=25   mean=0.01   median=0.01   min=0.01   stddev=0.00 (3.0%))
[       OK ] Sz_Depth_Code_CompareScalar.CompareScalar/15 (3 ms)
[ RUN      ] Sz_Depth_Code_CompareScalar.CompareScalar/16, where GetParam() = (1280x720, CV_32F, cv::CMP_LE)
[ PERFSTAT ]    (samples=16   mean=0.01   median=0.01   min=0.01   stddev=0.00 (3.0%))
[       OK ] Sz_Depth_Code_CompareScalar.CompareScalar/16 (3 ms)
[ RUN      ] Sz_Depth_Code_CompareScalar.CompareScalar/17, where GetParam() = (1280x720, CV_32F, cv::CMP_NE)
[ PERFSTAT ]    (samples=25   mean=0.01   median=0.01   min=0.01   stddev=0.00 (2.5%))
[       OK ] Sz_Depth_Code_CompareScalar.CompareScalar/17 (2 ms)
[ RUN      ] Sz_Depth_Code_CompareScalar.CompareScalar/18, where GetParam() = (1280x720, CV_64F, cv::CMP_EQ)
[ PERFSTAT ]    (samples=19   mean=0.02   median=0.02   min=0.02   stddev=0.00 (2.9%))
[       OK ] Sz_Depth_Code_CompareScalar.CompareScalar/18 (4 ms)
[ RUN      ] Sz_Depth_Code_CompareScalar.CompareScalar/19, where GetParam() = (1280x720, CV_64F, cv::CMP_GT)
[ PERFSTAT ]    (samples=22   mean=0.02   median=0.02   min=0.02   stddev=0.00 (3.0%))
[       OK ] Sz_Depth_Code_CompareScalar.CompareScalar/19 (3 ms)
[ RUN      ] Sz_Depth_Code_CompareScalar.CompareScalar/20, where GetParam() = (1280x720, CV_64F, cv::CMP_GE)
[ PERFSTAT ]    (samples=15   mean=0.02   median=0.02   min=0.02   stddev=0.00 (2.9%))
[       OK ] Sz_Depth_Code_CompareScalar.CompareScalar/20 (3 ms)
[ RUN      ] Sz_Depth_Code_CompareScalar.CompareScalar/21, where GetParam() = (1280x720, CV_64F, cv::CMP_LT)
[ PERFSTAT ]    (samples=17   mean=0.02   median=0.02   min=0.02   stddev=0.00 (3.0%))
[       OK ] Sz_Depth_Code_CompareScalar.CompareScalar/21 (3 ms)
[ RUN      ] Sz_Depth_Code_CompareScalar.CompareScalar/22, where GetParam() = (1280x720, CV_64F, cv::CMP_LE)
[ PERFSTAT ]    (samples=19   mean=0.02   median=0.02   min=0.02   stddev=0.00 (3.0%))
[       OK ] Sz_Depth_Code_CompareScalar.CompareScalar/22 (3 ms)
[ RUN      ] Sz_Depth_Code_CompareScalar.CompareScalar/23, where GetParam() = (1280x720, CV_64F, cv::CMP_NE)
[ PERFSTAT ]    (samples=25   mean=0.02   median=0.02   min=0.02   stddev=0.00 (2.9%))
[       OK ] Sz_Depth_Code_CompareScalar.CompareScalar/23 (3 ms)
[ RUN      ] Sz_Depth_Code_CompareScalar.CompareScalar/24, where GetParam() = (1280x1024, CV_8U, cv::CMP_EQ)
[ PERFSTAT ]    (samples=25   mean=0.01   median=0.01   min=0.01   stddev=0.00 (1.7%))
[       OK ] Sz_Depth_Code_CompareScalar.CompareScalar/24 (3 ms)
[ RUN      ] Sz_Depth_Code_CompareScalar.CompareScalar/25, where GetParam() = (1280x1024, CV_8U, cv::CMP_GT)
[ PERFSTAT ]    (samples=13   mean=0.01   median=0.01   min=0.01   stddev=0.00 (2.3%))
[       OK ] Sz_Depth_Code_CompareScalar.CompareScalar/25 (2 ms)
[ RUN      ] Sz_Depth_Code_CompareScalar.CompareScalar/26, where GetParam() = (1280x1024, CV_8U, cv::CMP_GE)
[ PERFSTAT ]    (samples=14   mean=0.01   median=0.01   min=0.01   stddev=0.00 (3.0%))
[       OK ] Sz_Depth_Code_CompareScalar.CompareScalar/26 (2 ms)
[ RUN      ] Sz_Depth_Code_CompareScalar.CompareScalar/27, where GetParam() = (1280x1024, CV_8U, cv::CMP_LT)
[ PERFSTAT ]    (samples=13   mean=0.01   median=0.01   min=0.01   stddev=0.00 (2.8%))
[       OK ] Sz_Depth_Code_CompareScalar.CompareScalar/27 (2 ms)
[ RUN      ] Sz_Depth_Code_CompareScalar.CompareScalar/28, where GetParam() = (1280x1024, CV_8U, cv::CMP_LE)
[ PERFSTAT ]    (samples=13   mean=0.01   median=0.01   min=0.01   stddev=0.00 (2.6%))
[       OK ] Sz_Depth_Code_CompareScalar.CompareScalar/28 (2 ms)
[ RUN      ] Sz_Depth_Code_CompareScalar.CompareScalar/29, where GetParam() = (1280x1024, CV_8U, cv::CMP_NE)
[ PERFSTAT ]    (samples=25   mean=0.01   median=0.01   min=0.01   stddev=0.00 (1.9%))
[       OK ] Sz_Depth_Code_CompareScalar.CompareScalar/29 (2 ms)
[ RUN      ] Sz_Depth_Code_CompareScalar.CompareScalar/30, where GetParam() = (1280x1024, CV_16U, cv::CMP_EQ)
[ PERFSTAT ]    (samples=13   mean=0.01   median=0.01   min=0.01   stddev=0.00 (2.3%))
[       OK ] Sz_Depth_Code_CompareScalar.CompareScalar/30 (4 ms)
[ RUN      ] Sz_Depth_Code_CompareScalar.CompareScalar/31, where GetParam() = (1280x1024, CV_16U, cv::CMP_GT)
[ PERFSTAT ]    (samples=13   mean=0.01   median=0.01   min=0.01   stddev=0.00 (2.4%))
[       OK ] Sz_Depth_Code_CompareScalar.CompareScalar/31 (3 ms)
[ RUN      ] Sz_Depth_Code_CompareScalar.CompareScalar/32, where GetParam() = (1280x1024, CV_16U, cv::CMP_GE)
[ PERFSTAT ]    (samples=25   mean=0.01   median=0.01   min=0.01   stddev=0.00 (2.8%))
[       OK ] Sz_Depth_Code_CompareScalar.CompareScalar/32 (3 ms)
[ RUN      ] Sz_Depth_Code_CompareScalar.CompareScalar/33, where GetParam() = (1280x1024, CV_16U, cv::CMP_LT)
[ PERFSTAT ]    (samples=13   mean=0.01   median=0.01   min=0.01   stddev=0.00 (2.8%))
[       OK ] Sz_Depth_Code_CompareScalar.CompareScalar/33 (3 ms)
[ RUN      ] Sz_Depth_Code_CompareScalar.CompareScalar/34, where GetParam() = (1280x1024, CV_16U, cv::CMP_LE)
[ PERFSTAT ]    (samples=13   mean=0.01   median=0.01   min=0.01   stddev=0.00 (1.9%))
[       OK ] Sz_Depth_Code_CompareScalar.CompareScalar/34 (3 ms)
[ RUN      ] Sz_Depth_Code_CompareScalar.CompareScalar/35, where GetParam() = (1280x1024, CV_16U, cv::CMP_NE)
[ PERFSTAT ]    (samples=20   mean=0.01   median=0.01   min=0.01   stddev=0.00 (3.0%))
[       OK ] Sz_Depth_Code_CompareScalar.CompareScalar/35 (4 ms)
[ RUN      ] Sz_Depth_Code_CompareScalar.CompareScalar/36, where GetParam() = (1280x1024, CV_32F, cv::CMP_EQ)
[ PERFSTAT ]    (samples=14   mean=0.01   median=0.01   min=0.01   stddev=0.00 (3.0%))
[       OK ] Sz_Depth_Code_CompareScalar.CompareScalar/36 (3 ms)
[ RUN      ] Sz_Depth_Code_CompareScalar.CompareScalar/37, where GetParam() = (1280x1024, CV_32F, cv::CMP_GT)
[ PERFSTAT ]    (samples=13   mean=0.01   median=0.01   min=0.01   stddev=0.00 (2.5%))
[       OK ] Sz_Depth_Code_CompareScalar.CompareScalar/37 (3 ms)
[ RUN      ] Sz_Depth_Code_CompareScalar.CompareScalar/38, where GetParam() = (1280x1024, CV_32F, cv::CMP_GE)
[ PERFSTAT ]    (samples=14   mean=0.01   median=0.01   min=0.01   stddev=0.00 (2.9%))
[       OK ] Sz_Depth_Code_CompareScalar.CompareScalar/38 (3 ms)
[ RUN      ] Sz_Depth_Code_CompareScalar.CompareScalar/39, where GetParam() = (1280x1024, CV_32F, cv::CMP_LT)
[ PERFSTAT ]    (samples=13   mean=0.01   median=0.01   min=0.01   stddev=0.00 (2.2%))
[       OK ] Sz_Depth_Code_CompareScalar.CompareScalar/39 (5 ms)
[ RUN      ] Sz_Depth_Code_CompareScalar.CompareScalar/40, where GetParam() = (1280x1024, CV_32F, cv::CMP_LE)
[ PERFSTAT ]    (samples=13   mean=0.01   median=0.01   min=0.01   stddev=0.00 (2.6%))
[       OK ] Sz_Depth_Code_CompareScalar.CompareScalar/40 (3 ms)
[ RUN      ] Sz_Depth_Code_CompareScalar.CompareScalar/41, where GetParam() = (1280x1024, CV_32F, cv::CMP_NE)
[ PERFSTAT ]    (samples=25   mean=0.01   median=0.01   min=0.01   stddev=0.00 (1.5%))
[       OK ] Sz_Depth_Code_CompareScalar.CompareScalar/41 (4 ms)
[ RUN      ] Sz_Depth_Code_CompareScalar.CompareScalar/42, where GetParam() = (1280x1024, CV_64F, cv::CMP_EQ)
[ PERFSTAT ]    (samples=25   mean=0.02   median=0.02   min=0.02   stddev=0.00 (2.2%))
[       OK ] Sz_Depth_Code_CompareScalar.CompareScalar/42 (4 ms)
[ RUN      ] Sz_Depth_Code_CompareScalar.CompareScalar/43, where GetParam() = (1280x1024, CV_64F, cv::CMP_GT)
[ PERFSTAT ]    (samples=17   mean=0.02   median=0.02   min=0.02   stddev=0.00 (3.0%))
[       OK ] Sz_Depth_Code_CompareScalar.CompareScalar/43 (4 ms)
[ RUN      ] Sz_Depth_Code_CompareScalar.CompareScalar/44, where GetParam() = (1280x1024, CV_64F, cv::CMP_GE)
[ PERFSTAT ]    (samples=13   mean=0.02   median=0.02   min=0.02   stddev=0.00 (2.6%))
[       OK ] Sz_Depth_Code_CompareScalar.CompareScalar/44 (4 ms)
[ RUN      ] Sz_Depth_Code_CompareScalar.CompareScalar/45, where GetParam() = (1280x1024, CV_64F, cv::CMP_LT)
[ PERFSTAT ]    (samples=25   mean=0.02   median=0.02   min=0.02   stddev=0.00 (2.2%))
[       OK ] Sz_Depth_Code_CompareScalar.CompareScalar/45 (4 ms)
[ RUN      ] Sz_Depth_Code_CompareScalar.CompareScalar/46, where GetParam() = (1280x1024, CV_64F, cv::CMP_LE)
[ PERFSTAT ]    (samples=25   mean=0.02   median=0.02   min=0.02   stddev=0.00 (1.4%))
[       OK ] Sz_Depth_Code_CompareScalar.CompareScalar/46 (4 ms)
[ RUN      ] Sz_Depth_Code_CompareScalar.CompareScalar/47, where GetParam() = (1280x1024, CV_64F, cv::CMP_NE)
[ PERFSTAT ]    (samples=13   mean=0.02   median=0.02   min=0.02   stddev=0.00 (2.6%))
[       OK ] Sz_Depth_Code_CompareScalar.CompareScalar/47 (4 ms)
[ RUN      ] Sz_Depth_Code_CompareScalar.CompareScalar/48, where GetParam() = (1920x1080, CV_8U, cv::CMP_EQ)
[ PERFSTAT ]    (samples=75   mean=0.01   median=0.01   min=0.01   stddev=0.00 (2.8%))
[       OK ] Sz_Depth_Code_CompareScalar.CompareScalar/48 (4 ms)
[ RUN      ] Sz_Depth_Code_CompareScalar.CompareScalar/49, where GetParam() = (1920x1080, CV_8U, cv::CMP_GT)
[ PERFSTAT ]    (samples=14   mean=0.01   median=0.01   min=0.01   stddev=0.00 (3.0%))
[       OK ] Sz_Depth_Code_CompareScalar.CompareScalar/49 (3 ms)
[ RUN      ] Sz_Depth_Code_CompareScalar.CompareScalar/50, where GetParam() = (1920x1080, CV_8U, cv::CMP_GE)
[ PERFSTAT ]    (samples=13   mean=0.01   median=0.01   min=0.01   stddev=0.00 (2.9%))
[       OK ] Sz_Depth_Code_CompareScalar.CompareScalar/50 (3 ms)
[ RUN      ] Sz_Depth_Code_CompareScalar.CompareScalar/51, where GetParam() = (1920x1080, CV_8U, cv::CMP_LT)
[ PERFSTAT ]    (samples=13   mean=0.02   median=0.02   min=0.01   stddev=0.00 (2.7%))
[       OK ] Sz_Depth_Code_CompareScalar.CompareScalar/51 (2 ms)
[ RUN      ] Sz_Depth_Code_CompareScalar.CompareScalar/52, where GetParam() = (1920x1080, CV_8U, cv::CMP_LE)
[ PERFSTAT ]    (samples=13   mean=0.01   median=0.01   min=0.01   stddev=0.00 (2.5%))
[       OK ] Sz_Depth_Code_CompareScalar.CompareScalar/52 (3 ms)
[ RUN      ] Sz_Depth_Code_CompareScalar.CompareScalar/53, where GetParam() = (1920x1080, CV_8U, cv::CMP_NE)
[ PERFSTAT ]    (samples=13   mean=0.01   median=0.01   min=0.01   stddev=0.00 (2.7%))
[       OK ] Sz_Depth_Code_CompareScalar.CompareScalar/53 (3 ms)
[ RUN      ] Sz_Depth_Code_CompareScalar.CompareScalar/54, where GetParam() = (1920x1080, CV_16U, cv::CMP_EQ)
[ PERFSTAT ]    (samples=16   mean=0.02   median=0.02   min=0.01   stddev=0.00 (3.0%))
[       OK ] Sz_Depth_Code_CompareScalar.CompareScalar/54 (5 ms)
[ RUN      ] Sz_Depth_Code_CompareScalar.CompareScalar/55, where GetParam() = (1920x1080, CV_16U, cv::CMP_GT)
[ PERFSTAT ]    (samples=13   mean=0.02   median=0.02   min=0.02   stddev=0.00 (2.6%))
[       OK ] Sz_Depth_Code_CompareScalar.CompareScalar/55 (4 ms)
[ RUN      ] Sz_Depth_Code_CompareScalar.CompareScalar/56, where GetParam() = (1920x1080, CV_16U, cv::CMP_GE)
[ PERFSTAT ]    (samples=13   mean=0.01   median=0.01   min=0.01   stddev=0.00 (2.0%))
[       OK ] Sz_Depth_Code_CompareScalar.CompareScalar/56 (4 ms)
[ RUN      ] Sz_Depth_Code_CompareScalar.CompareScalar/57, where GetParam() = (1920x1080, CV_16U, cv::CMP_LT)
[ PERFSTAT ]    (samples=13   mean=0.02   median=0.02   min=0.02   stddev=0.00 (2.5%))
[       OK ] Sz_Depth_Code_CompareScalar.CompareScalar/57 (5 ms)
[ RUN      ] Sz_Depth_Code_CompareScalar.CompareScalar/58, where GetParam() = (1920x1080, CV_16U, cv::CMP_LE)
[ PERFSTAT ]    (samples=13   mean=0.01   median=0.01   min=0.01   stddev=0.00 (2.6%))
[       OK ] Sz_Depth_Code_CompareScalar.CompareScalar/58 (4 ms)
[ RUN      ] Sz_Depth_Code_CompareScalar.CompareScalar/59, where GetParam() = (1920x1080, CV_16U, cv::CMP_NE)
[ PERFSTAT ]    (samples=13   mean=0.02   median=0.02   min=0.02   stddev=0.00 (2.3%))
[       OK ] Sz_Depth_Code_CompareScalar.CompareScalar/59 (5 ms)
[ RUN      ] Sz_Depth_Code_CompareScalar.CompareScalar/60, where GetParam() = (1920x1080, CV_32F, cv::CMP_EQ)
[ PERFSTAT ]    (samples=14   mean=0.02   median=0.02   min=0.02   stddev=0.00 (3.0%))
[       OK ] Sz_Depth_Code_CompareScalar.CompareScalar/60 (5 ms)
[ RUN      ] Sz_Depth_Code_CompareScalar.CompareScalar/61, where GetParam() = (1920x1080, CV_32F, cv::CMP_GT)
[ PERFSTAT ]    (samples=13   mean=0.01   median=0.01   min=0.01   stddev=0.00 (2.7%))
[       OK ] Sz_Depth_Code_CompareScalar.CompareScalar/61 (4 ms)
[ RUN      ] Sz_Depth_Code_CompareScalar.CompareScalar/62, where GetParam() = (1920x1080, CV_32F, cv::CMP_GE)
[ PERFSTAT ]    (samples=13   mean=0.01   median=0.01   min=0.01   stddev=0.00 (2.7%))
[       OK ] Sz_Depth_Code_CompareScalar.CompareScalar/62 (5 ms)
[ RUN      ] Sz_Depth_Code_CompareScalar.CompareScalar/63, where GetParam() = (1920x1080, CV_32F, cv::CMP_LT)
[ PERFSTAT ]    (samples=22   mean=0.02   median=0.02   min=0.02   stddev=0.00 (3.0%))
[       OK ] Sz_Depth_Code_CompareScalar.CompareScalar/63 (4 ms)
[ RUN      ] Sz_Depth_Code_CompareScalar.CompareScalar/64, where GetParam() = (1920x1080, CV_32F, cv::CMP_LE)
[ PERFSTAT ]    (samples=15   mean=0.01   median=0.01   min=0.01   stddev=0.00 (2.9%))
[       OK ] Sz_Depth_Code_CompareScalar.CompareScalar/64 (5 ms)
[ RUN      ] Sz_Depth_Code_CompareScalar.CompareScalar/65, where GetParam() = (1920x1080, CV_32F, cv::CMP_NE)
[ PERFSTAT ]    (samples=17   mean=0.02   median=0.02   min=0.02   stddev=0.00 (3.0%))
[       OK ] Sz_Depth_Code_CompareScalar.CompareScalar/65 (5 ms)
[ RUN      ] Sz_Depth_Code_CompareScalar.CompareScalar/66, where GetParam() = (1920x1080, CV_64F, cv::CMP_EQ)
[ PERFSTAT ]    (samples=13   mean=0.02   median=0.02   min=0.02   stddev=0.00 (2.4%))
[       OK ] Sz_Depth_Code_CompareScalar.CompareScalar/66 (7 ms)
[ RUN      ] Sz_Depth_Code_CompareScalar.CompareScalar/67, where GetParam() = (1920x1080, CV_64F, cv::CMP_GT)
[ PERFSTAT ]    (samples=13   mean=0.02   median=0.02   min=0.02   stddev=0.00 (2.8%))
[       OK ] Sz_Depth_Code_CompareScalar.CompareScalar/67 (7 ms)
[ RUN      ] Sz_Depth_Code_CompareScalar.CompareScalar/68, where GetParam() = (1920x1080, CV_64F, cv::CMP_GE)
[ PERFSTAT ]    (samples=25   mean=0.02   median=0.02   min=0.02   stddev=0.00 (2.6%))
[       OK ] Sz_Depth_Code_CompareScalar.CompareScalar/68 (7 ms)
[ RUN      ] Sz_Depth_Code_CompareScalar.CompareScalar/69, where GetParam() = (1920x1080, CV_64F, cv::CMP_LT)
[ PERFSTAT ]    (samples=13   mean=0.02   median=0.02   min=0.02   stddev=0.00 (2.5%))
[       OK ] Sz_Depth_Code_CompareScalar.CompareScalar/69 (6 ms)
[ RUN      ] Sz_Depth_Code_CompareScalar.CompareScalar/70, where GetParam() = (1920x1080, CV_64F, cv::CMP_LE)
[ PERFSTAT ]    (samples=13   mean=0.02   median=0.02   min=0.02   stddev=0.00 (2.7%))
[       OK ] Sz_Depth_Code_CompareScalar.CompareScalar/70 (7 ms)
[ RUN      ] Sz_Depth_Code_CompareScalar.CompareScalar/71, where GetParam() = (1920x1080, CV_64F, cv::CMP_NE)
[ PERFSTAT ]    (samples=18   mean=0.02   median=0.02   min=0.02   stddev=0.00 (3.0%))
[       OK ] Sz_Depth_Code_CompareScalar.CompareScalar/71 (7 ms)
[----------] 72 tests from Sz_Depth_Code_CompareScalar (265 ms total)

[----------] 9 tests from Sz_Depth_BitwiseNot
[ RUN      ] Sz_Depth_BitwiseNot.BitwiseNot/0, where GetParam() = (1280x720, CV_8U)
[ PERFSTAT ]    (samples=50   mean=0.01   median=0.01   min=0.01   stddev=0.00 (2.9%))
[       OK ] Sz_Depth_BitwiseNot.BitwiseNot/0 (8 ms)
[ RUN      ] Sz_Depth_BitwiseNot.BitwiseNot/1, where GetParam() = (1280x720, CV_16U)
[ PERFSTAT ]    (samples=13   mean=0.01   median=0.01   min=0.01   stddev=0.00 (2.4%))
[       OK ] Sz_Depth_BitwiseNot.BitwiseNot/1 (2 ms)
[ RUN      ] Sz_Depth_BitwiseNot.BitwiseNot/2, where GetParam() = (1280x720, CV_32S)
[ PERFSTAT ]    (samples=13   mean=0.01   median=0.01   min=0.01   stddev=0.00 (2.4%))
[       OK ] Sz_Depth_BitwiseNot.BitwiseNot/2 (5 ms)
[ RUN      ] Sz_Depth_BitwiseNot.BitwiseNot/3, where GetParam() = (1280x1024, CV_8U)
[ PERFSTAT ]    (samples=13   mean=0.01   median=0.01   min=0.01   stddev=0.00 (1.9%))
[       OK ] Sz_Depth_BitwiseNot.BitwiseNot/3 (2 ms)
[ RUN      ] Sz_Depth_BitwiseNot.BitwiseNot/4, where GetParam() = (1280x1024, CV_16U)
[ PERFSTAT ]    (samples=13   mean=0.01   median=0.01   min=0.01   stddev=0.00 (1.7%))
[       OK ] Sz_Depth_BitwiseNot.BitwiseNot/4 (3 ms)
[ RUN      ] Sz_Depth_BitwiseNot.BitwiseNot/5, where GetParam() = (1280x1024, CV_32S)
[ PERFSTAT ]    (samples=13   mean=0.02   median=0.02   min=0.02   stddev=0.00 (2.4%))
[       OK ] Sz_Depth_BitwiseNot.BitwiseNot/5 (6 ms)
[ RUN      ] Sz_Depth_BitwiseNot.BitwiseNot/6, where GetParam() = (1920x1080, CV_8U)
[ PERFSTAT ]    (samples=13   mean=0.01   median=0.01   min=0.01   stddev=0.00 (2.3%))
[       OK ] Sz_Depth_BitwiseNot.BitwiseNot/6 (3 ms)
[ RUN      ] Sz_Depth_BitwiseNot.BitwiseNot/7, where GetParam() = (1920x1080, CV_16U)
[ PERFSTAT ]    (samples=13   mean=0.01   median=0.01   min=0.01   stddev=0.00 (2.1%))
[       OK ] Sz_Depth_BitwiseNot.BitwiseNot/7 (4 ms)
[ RUN      ] Sz_Depth_BitwiseNot.BitwiseNot/8, where GetParam() = (1920x1080, CV_32S)
[ PERFSTAT ]    (samples=13   mean=0.02   median=0.02   min=0.02   stddev=0.00 (2.3%))
[       OK ] Sz_Depth_BitwiseNot.BitwiseNot/8 (9 ms)
[----------] 9 tests from Sz_Depth_BitwiseNot (42 ms total)

[----------] 9 tests from Sz_Depth_BitwiseAndMat
[ RUN      ] Sz_Depth_BitwiseAndMat.BitwiseAndMat/0, where GetParam() = (1280x720, CV_8U)
[ PERFSTAT ]    (samples=25   mean=0.01   median=0.01   min=0.01   stddev=0.00 (2.1%))
[       OK ] Sz_Depth_BitwiseAndMat.BitwiseAndMat/0 (5 ms)
[ RUN      ] Sz_Depth_BitwiseAndMat.BitwiseAndMat/1, where GetParam() = (1280x720, CV_16U)
[ PERFSTAT ]    (samples=13   mean=0.01   median=0.01   min=0.01   stddev=0.00 (2.7%))
[       OK ] Sz_Depth_BitwiseAndMat.BitwiseAndMat/1 (5 ms)
[ RUN      ] Sz_Depth_BitwiseAndMat.BitwiseAndMat/2, where GetParam() = (1280x720, CV_32S)
[ PERFSTAT ]    (samples=13   mean=0.02   median=0.02   min=0.02   stddev=0.00 (1.4%))
[       OK ] Sz_Depth_BitwiseAndMat.BitwiseAndMat/2 (7 ms)
[ RUN      ] Sz_Depth_BitwiseAndMat.BitwiseAndMat/3, where GetParam() = (1280x1024, CV_8U)
[ PERFSTAT ]    (samples=13   mean=0.01   median=0.01   min=0.01   stddev=0.00 (2.0%))
[       OK ] Sz_Depth_BitwiseAndMat.BitwiseAndMat/3 (4 ms)
[ RUN      ] Sz_Depth_BitwiseAndMat.BitwiseAndMat/4, where GetParam() = (1280x1024, CV_16U)
[ PERFSTAT ]    (samples=25   mean=0.01   median=0.01   min=0.01   stddev=0.00 (2.3%))
[       OK ] Sz_Depth_BitwiseAndMat.BitwiseAndMat/4 (6 ms)
[ RUN      ] Sz_Depth_BitwiseAndMat.BitwiseAndMat/5, where GetParam() = (1280x1024, CV_32S)
[ PERFSTAT ]    (samples=50   mean=0.02   median=0.02   min=0.02   stddev=0.00 (2.9%))
[       OK ] Sz_Depth_BitwiseAndMat.BitwiseAndMat/5 (11 ms)
[ RUN      ] Sz_Depth_BitwiseAndMat.BitwiseAndMat/6, where GetParam() = (1920x1080, CV_8U)
[ PERFSTAT ]    (samples=13   mean=0.01   median=0.01   min=0.01   stddev=0.00 (1.7%))
[       OK ] Sz_Depth_BitwiseAndMat.BitwiseAndMat/6 (5 ms)
[ RUN      ] Sz_Depth_BitwiseAndMat.BitwiseAndMat/7, where GetParam() = (1920x1080, CV_16U)
[ PERFSTAT ]    (samples=13   mean=0.02   median=0.02   min=0.01   stddev=0.00 (2.6%))
[       OK ] Sz_Depth_BitwiseAndMat.BitwiseAndMat/7 (8 ms)
[ RUN      ] Sz_Depth_BitwiseAndMat.BitwiseAndMat/8, where GetParam() = (1920x1080, CV_32S)
[ PERFSTAT ]    (samples=25   mean=0.02   median=0.02   min=0.02   stddev=0.00 (2.0%))
[       OK ] Sz_Depth_BitwiseAndMat.BitwiseAndMat/8 (17 ms)
[----------] 9 tests from Sz_Depth_BitwiseAndMat (68 ms total)

[----------] 27 tests from Sz_Depth_Cn_BitwiseAndScalar
[ RUN      ] Sz_Depth_Cn_BitwiseAndScalar.BitwiseAndScalar/0, where GetParam() = (1280x720, CV_8U, Gray)
[ PERFSTAT ]    (samples=38   mean=0.01   median=0.01   min=0.01   stddev=0.00 (2.7%))
[       OK ] Sz_Depth_Cn_BitwiseAndScalar.BitwiseAndScalar/0 (3 ms)
[ RUN      ] Sz_Depth_Cn_BitwiseAndScalar.BitwiseAndScalar/1, where GetParam() = (1280x720, CV_8U, BGR)
[ PERFSTAT ]    (samples=38   mean=0.02   median=0.02   min=0.02   stddev=0.00 (2.0%))
[       OK ] Sz_Depth_Cn_BitwiseAndScalar.BitwiseAndScalar/1 (6 ms)
[ RUN      ] Sz_Depth_Cn_BitwiseAndScalar.BitwiseAndScalar/2, where GetParam() = (1280x720, CV_8U, BGRA)
[ PERFSTAT ]    (samples=13   mean=0.02   median=0.02   min=0.01   stddev=0.00 (2.8%))
[       OK ] Sz_Depth_Cn_BitwiseAndScalar.BitwiseAndScalar/2 (4 ms)
[ RUN      ] Sz_Depth_Cn_BitwiseAndScalar.BitwiseAndScalar/3, where GetParam() = (1280x720, CV_16U, Gray)
[ PERFSTAT ]    (samples=25   mean=0.01   median=0.01   min=0.01   stddev=0.00 (1.8%))
[       OK ] Sz_Depth_Cn_BitwiseAndScalar.BitwiseAndScalar/3 (3 ms)
[ RUN      ] Sz_Depth_Cn_BitwiseAndScalar.BitwiseAndScalar/4, where GetParam() = (1280x720, CV_16U, BGR)
[ PERFSTAT ]    (samples=21   mean=0.02   median=0.02   min=0.02   stddev=0.00 (3.0%))
[       OK ] Sz_Depth_Cn_BitwiseAndScalar.BitwiseAndScalar/4 (7 ms)
[ RUN      ] Sz_Depth_Cn_BitwiseAndScalar.BitwiseAndScalar/5, where GetParam() = (1280x720, CV_16U, BGRA)
[ PERFSTAT ]    (samples=13   mean=0.03   median=0.03   min=0.03   stddev=0.00 (1.6%))
[       OK ] Sz_Depth_Cn_BitwiseAndScalar.BitwiseAndScalar/5 (9 ms)
[ RUN      ] Sz_Depth_Cn_BitwiseAndScalar.BitwiseAndScalar/6, where GetParam() = (1280x720, CV_32S, Gray)
[ PERFSTAT ]    (samples=18   mean=0.01   median=0.01   min=0.01   stddev=0.00 (3.0%))
[       OK ] Sz_Depth_Cn_BitwiseAndScalar.BitwiseAndScalar/6 (4 ms)
[ RUN      ] Sz_Depth_Cn_BitwiseAndScalar.BitwiseAndScalar/7, where GetParam() = (1280x720, CV_32S, BGR)
[ PERFSTAT ]    (samples=19   mean=0.03   median=0.03   min=0.03   stddev=0.00 (3.0%))
[       OK ] Sz_Depth_Cn_BitwiseAndScalar.BitwiseAndScalar/7 (14 ms)
[ RUN      ] Sz_Depth_Cn_BitwiseAndScalar.BitwiseAndScalar/8, where GetParam() = (1280x720, CV_32S, BGRA)
[ PERFSTAT ]    (samples=13   mean=0.05   median=0.05   min=0.05   stddev=0.00 (1.8%))
[       OK ] Sz_Depth_Cn_BitwiseAndScalar.BitwiseAndScalar/8 (17 ms)
[ RUN      ] Sz_Depth_Cn_BitwiseAndScalar.BitwiseAndScalar/9, where GetParam() = (1280x1024, CV_8U, Gray)
[ PERFSTAT ]    (samples=50   mean=0.01   median=0.01   min=0.01   stddev=0.00 (3.0%))
[       OK ] Sz_Depth_Cn_BitwiseAndScalar.BitwiseAndScalar/9 (3 ms)
[ RUN      ] Sz_Depth_Cn_BitwiseAndScalar.BitwiseAndScalar/10, where GetParam() = (1280x1024, CV_8U, BGR)
[ PERFSTAT ]    (samples=13   mean=0.02   median=0.02   min=0.02   stddev=0.00 (2.5%))
[       OK ] Sz_Depth_Cn_BitwiseAndScalar.BitwiseAndScalar/10 (5 ms)
[ RUN      ] Sz_Depth_Cn_BitwiseAndScalar.BitwiseAndScalar/11, where GetParam() = (1280x1024, CV_8U, BGRA)
[ PERFSTAT ]    (samples=22   mean=0.02   median=0.02   min=0.02   stddev=0.00 (3.0%))
[       OK ] Sz_Depth_Cn_BitwiseAndScalar.BitwiseAndScalar/11 (7 ms)
[ RUN      ] Sz_Depth_Cn_BitwiseAndScalar.BitwiseAndScalar/12, where GetParam() = (1280x1024, CV_16U, Gray)
[ PERFSTAT ]    (samples=25   mean=0.01   median=0.01   min=0.01   stddev=0.00 (2.8%))
[       OK ] Sz_Depth_Cn_BitwiseAndScalar.BitwiseAndScalar/12 (4 ms)
[ RUN      ] Sz_Depth_Cn_BitwiseAndScalar.BitwiseAndScalar/13, where GetParam() = (1280x1024, CV_16U, BGR)
[ PERFSTAT ]    (samples=13   mean=0.03   median=0.03   min=0.03   stddev=0.00 (2.1%))
[       OK ] Sz_Depth_Cn_BitwiseAndScalar.BitwiseAndScalar/13 (9 ms)
[ RUN      ] Sz_Depth_Cn_BitwiseAndScalar.BitwiseAndScalar/14, where GetParam() = (1280x1024, CV_16U, BGRA)
[ PERFSTAT ]    (samples=13   mean=0.04   median=0.04   min=0.04   stddev=0.00 (1.9%))
[       OK ] Sz_Depth_Cn_BitwiseAndScalar.BitwiseAndScalar/14 (11 ms)
[ RUN      ] Sz_Depth_Cn_BitwiseAndScalar.BitwiseAndScalar/15, where GetParam() = (1280x1024, CV_32S, Gray)
[ PERFSTAT ]    (samples=21   mean=0.02   median=0.02   min=0.02   stddev=0.00 (2.9%))
[       OK ] Sz_Depth_Cn_BitwiseAndScalar.BitwiseAndScalar/15 (7 ms)
[ RUN      ] Sz_Depth_Cn_BitwiseAndScalar.BitwiseAndScalar/16, where GetParam() = (1280x1024, CV_32S, BGR)
[ PERFSTAT ]    (samples=25   mean=0.04   median=0.04   min=0.04   stddev=0.00 (2.7%))
[       OK ] Sz_Depth_Cn_BitwiseAndScalar.BitwiseAndScalar/16 (18 ms)
[ RUN      ] Sz_Depth_Cn_BitwiseAndScalar.BitwiseAndScalar/17, where GetParam() = (1280x1024, CV_32S, BGRA)
[ PERFSTAT ]    (samples=17   mean=0.07   median=0.07   min=0.07   stddev=0.00 (2.9%))
[       OK ] Sz_Depth_Cn_BitwiseAndScalar.BitwiseAndScalar/17 (25 ms)
[ RUN      ] Sz_Depth_Cn_BitwiseAndScalar.BitwiseAndScalar/18, where GetParam() = (1920x1080, CV_8U, Gray)
[ PERFSTAT ]    (samples=24   mean=0.01   median=0.01   min=0.01   stddev=0.00 (2.9%))
[       OK ] Sz_Depth_Cn_BitwiseAndScalar.BitwiseAndScalar/18 (3 ms)
[ RUN      ] Sz_Depth_Cn_BitwiseAndScalar.BitwiseAndScalar/19, where GetParam() = (1920x1080, CV_8U, BGR)
[ PERFSTAT ]    (samples=13   mean=0.02   median=0.02   min=0.02   stddev=0.00 (2.6%))
[       OK ] Sz_Depth_Cn_BitwiseAndScalar.BitwiseAndScalar/19 (7 ms)
[ RUN      ] Sz_Depth_Cn_BitwiseAndScalar.BitwiseAndScalar/20, where GetParam() = (1920x1080, CV_8U, BGRA)
[ PERFSTAT ]    (samples=25   mean=0.02   median=0.02   min=0.02   stddev=0.00 (2.4%))
[       OK ] Sz_Depth_Cn_BitwiseAndScalar.BitwiseAndScalar/20 (8 ms)
[ RUN      ] Sz_Depth_Cn_BitwiseAndScalar.BitwiseAndScalar/21, where GetParam() = (1920x1080, CV_16U, Gray)
[ PERFSTAT ]    (samples=25   mean=0.01   median=0.01   min=0.01   stddev=0.00 (1.6%))
[       OK ] Sz_Depth_Cn_BitwiseAndScalar.BitwiseAndScalar/21 (5 ms)
[ RUN      ] Sz_Depth_Cn_BitwiseAndScalar.BitwiseAndScalar/22, where GetParam() = (1920x1080, CV_16U, BGR)
[ PERFSTAT ]    (samples=13   mean=0.04   median=0.04   min=0.04   stddev=0.00 (1.3%))
[       OK ] Sz_Depth_Cn_BitwiseAndScalar.BitwiseAndScalar/22 (13 ms)
[ RUN      ] Sz_Depth_Cn_BitwiseAndScalar.BitwiseAndScalar/23, where GetParam() = (1920x1080, CV_16U, BGRA)
[ PERFSTAT ]    (samples=13   mean=0.05   median=0.05   min=0.05   stddev=0.00 (1.0%))
[       OK ] Sz_Depth_Cn_BitwiseAndScalar.BitwiseAndScalar/23 (18 ms)
[ RUN      ] Sz_Depth_Cn_BitwiseAndScalar.BitwiseAndScalar/24, where GetParam() = (1920x1080, CV_32S, Gray)
[ PERFSTAT ]    (samples=21   mean=0.02   median=0.02   min=0.02   stddev=0.00 (2.9%))
[       OK ] Sz_Depth_Cn_BitwiseAndScalar.BitwiseAndScalar/24 (9 ms)
[ RUN      ] Sz_Depth_Cn_BitwiseAndScalar.BitwiseAndScalar/25, where GetParam() = (1920x1080, CV_32S, BGR)
[ PERFSTAT ]    (samples=13   mean=0.06   median=0.06   min=0.06   stddev=0.00 (1.4%))
[       OK ] Sz_Depth_Cn_BitwiseAndScalar.BitwiseAndScalar/25 (29 ms)
[ RUN      ] Sz_Depth_Cn_BitwiseAndScalar.BitwiseAndScalar/26, where GetParam() = (1920x1080, CV_32S, BGRA)
[ PERFSTAT ]    (samples=13   mean=0.10   median=0.10   min=0.10   stddev=0.00 (0.8%))
[       OK ] Sz_Depth_Cn_BitwiseAndScalar.BitwiseAndScalar/26 (38 ms)
[----------] 27 tests from Sz_Depth_Cn_BitwiseAndScalar (287 ms total)

[----------] 9 tests from Sz_Depth_BitwiseOrMat
[ RUN      ] Sz_Depth_BitwiseOrMat.BitwiseOrMat/0, where GetParam() = (1280x720, CV_8U)
[ PERFSTAT ]    (samples=16   mean=0.01   median=0.01   min=0.01   stddev=0.00 (3.0%))
[       OK ] Sz_Depth_BitwiseOrMat.BitwiseOrMat/0 (4 ms)
[ RUN      ] Sz_Depth_BitwiseOrMat.BitwiseOrMat/1, where GetParam() = (1280x720, CV_16U)
[ PERFSTAT ]    (samples=25   mean=0.01   median=0.01   min=0.01   stddev=0.00 (2.0%))
[       OK ] Sz_Depth_BitwiseOrMat.BitwiseOrMat/1 (5 ms)
[ RUN      ] Sz_Depth_BitwiseOrMat.BitwiseOrMat/2, where GetParam() = (1280x720, CV_32S)
[ PERFSTAT ]    (samples=13   mean=0.02   median=0.02   min=0.02   stddev=0.00 (2.7%))
[       OK ] Sz_Depth_BitwiseOrMat.BitwiseOrMat/2 (9 ms)
[ RUN      ] Sz_Depth_BitwiseOrMat.BitwiseOrMat/3, where GetParam() = (1280x1024, CV_8U)
[ PERFSTAT ]    (samples=17   mean=0.01   median=0.01   min=0.01   stddev=0.00 (3.0%))
[       OK ] Sz_Depth_BitwiseOrMat.BitwiseOrMat/3 (4 ms)
[ RUN      ] Sz_Depth_BitwiseOrMat.BitwiseOrMat/4, where GetParam() = (1280x1024, CV_16U)
[ PERFSTAT ]    (samples=13   mean=0.01   median=0.01   min=0.01   stddev=0.00 (1.6%))
[       OK ] Sz_Depth_BitwiseOrMat.BitwiseOrMat/4 (6 ms)
[ RUN      ] Sz_Depth_BitwiseOrMat.BitwiseOrMat/5, where GetParam() = (1280x1024, CV_32S)
[ PERFSTAT ]    (samples=25   mean=0.02   median=0.02   min=0.02   stddev=0.00 (2.0%))
[       OK ] Sz_Depth_BitwiseOrMat.BitwiseOrMat/5 (39 ms)
[ RUN      ] Sz_Depth_BitwiseOrMat.BitwiseOrMat/6, where GetParam() = (1920x1080, CV_8U)
[ PERFSTAT ]    (samples=13   mean=0.01   median=0.01   min=0.01   stddev=0.00 (1.7%))
[       OK ] Sz_Depth_BitwiseOrMat.BitwiseOrMat/6 (5 ms)
[ RUN      ] Sz_Depth_BitwiseOrMat.BitwiseOrMat/7, where GetParam() = (1920x1080, CV_16U)
[ PERFSTAT ]    (samples=13   mean=0.02   median=0.02   min=0.02   stddev=0.00 (2.2%))
[       OK ] Sz_Depth_BitwiseOrMat.BitwiseOrMat/7 (9 ms)
[ RUN      ] Sz_Depth_BitwiseOrMat.BitwiseOrMat/8, where GetParam() = (1920x1080, CV_32S)
[ PERFSTAT ]    (samples=22   mean=0.02   median=0.02   min=0.02   stddev=0.00 (3.0%))
[       OK ] Sz_Depth_BitwiseOrMat.BitwiseOrMat/8 (18 ms)
[----------] 9 tests from Sz_Depth_BitwiseOrMat (99 ms total)

[----------] 27 tests from Sz_Depth_Cn_BitwiseOrScalar
[ RUN      ] Sz_Depth_Cn_BitwiseOrScalar.BitwiseOrScalar/0, where GetParam() = (1280x720, CV_8U, Gray)
[ PERFSTAT ]    (samples=25   mean=0.01   median=0.01   min=0.01   stddev=0.00 (2.6%))
[       OK ] Sz_Depth_Cn_BitwiseOrScalar.BitwiseOrScalar/0 (2 ms)
[ RUN      ] Sz_Depth_Cn_BitwiseOrScalar.BitwiseOrScalar/1, where GetParam() = (1280x720, CV_8U, BGR)
[ PERFSTAT ]    (samples=27   mean=0.02   median=0.02   min=0.02   stddev=0.00 (3.0%))
[       OK ] Sz_Depth_Cn_BitwiseOrScalar.BitwiseOrScalar/1 (3 ms)
[ RUN      ] Sz_Depth_Cn_BitwiseOrScalar.BitwiseOrScalar/2, where GetParam() = (1280x720, CV_8U, BGRA)
[ PERFSTAT ]    (samples=25   mean=0.01   median=0.01   min=0.01   stddev=0.00 (2.0%))
[       OK ] Sz_Depth_Cn_BitwiseOrScalar.BitwiseOrScalar/2 (5 ms)
[ RUN      ] Sz_Depth_Cn_BitwiseOrScalar.BitwiseOrScalar/3, where GetParam() = (1280x720, CV_16U, Gray)
[ PERFSTAT ]    (samples=15   mean=0.01   median=0.01   min=0.01   stddev=0.00 (3.0%))
[       OK ] Sz_Depth_Cn_BitwiseOrScalar.BitwiseOrScalar/3 (3 ms)
[ RUN      ] Sz_Depth_Cn_BitwiseOrScalar.BitwiseOrScalar/4, where GetParam() = (1280x720, CV_16U, BGR)
[ PERFSTAT ]    (samples=25   mean=0.02   median=0.02   min=0.02   stddev=0.00 (1.8%))
[       OK ] Sz_Depth_Cn_BitwiseOrScalar.BitwiseOrScalar/4 (6 ms)
[ RUN      ] Sz_Depth_Cn_BitwiseOrScalar.BitwiseOrScalar/5, where GetParam() = (1280x720, CV_16U, BGRA)
[ PERFSTAT ]    (samples=13   mean=0.03   median=0.03   min=0.03   stddev=0.00 (1.3%))
[       OK ] Sz_Depth_Cn_BitwiseOrScalar.BitwiseOrScalar/5 (8 ms)
[ RUN      ] Sz_Depth_Cn_BitwiseOrScalar.BitwiseOrScalar/6, where GetParam() = (1280x720, CV_32S, Gray)
[ PERFSTAT ]    (samples=25   mean=0.01   median=0.01   min=0.01   stddev=0.00 (2.8%))
[       OK ] Sz_Depth_Cn_BitwiseOrScalar.BitwiseOrScalar/6 (4 ms)
[ RUN      ] Sz_Depth_Cn_BitwiseOrScalar.BitwiseOrScalar/7, where GetParam() = (1280x720, CV_32S, BGR)
[ PERFSTAT ]    (samples=13   mean=0.03   median=0.03   min=0.03   stddev=0.00 (2.2%))
[       OK ] Sz_Depth_Cn_BitwiseOrScalar.BitwiseOrScalar/7 (13 ms)
[ RUN      ] Sz_Depth_Cn_BitwiseOrScalar.BitwiseOrScalar/8, where GetParam() = (1280x720, CV_32S, BGRA)
[ PERFSTAT ]    (samples=13   mean=0.05   median=0.05   min=0.05   stddev=0.00 (1.2%))
[       OK ] Sz_Depth_Cn_BitwiseOrScalar.BitwiseOrScalar/8 (17 ms)
[ RUN      ] Sz_Depth_Cn_BitwiseOrScalar.BitwiseOrScalar/9, where GetParam() = (1280x1024, CV_8U, Gray)
[ PERFSTAT ]    (samples=14   mean=0.01   median=0.01   min=0.01   stddev=0.00 (3.0%))
[       OK ] Sz_Depth_Cn_BitwiseOrScalar.BitwiseOrScalar/9 (2 ms)
[ RUN      ] Sz_Depth_Cn_BitwiseOrScalar.BitwiseOrScalar/10, where GetParam() = (1280x1024, CV_8U, BGR)
[ PERFSTAT ]    (samples=38   mean=0.02   median=0.02   min=0.02   stddev=0.00 (1.5%))
[       OK ] Sz_Depth_Cn_BitwiseOrScalar.BitwiseOrScalar/10 (5 ms)
[ RUN      ] Sz_Depth_Cn_BitwiseOrScalar.BitwiseOrScalar/11, where GetParam() = (1280x1024, CV_8U, BGRA)
[ PERFSTAT ]    (samples=13   mean=0.02   median=0.02   min=0.02   stddev=0.00 (2.5%))
[       OK ] Sz_Depth_Cn_BitwiseOrScalar.BitwiseOrScalar/11 (6 ms)
[ RUN      ] Sz_Depth_Cn_BitwiseOrScalar.BitwiseOrScalar/12, where GetParam() = (1280x1024, CV_16U, Gray)
[ PERFSTAT ]    (samples=13   mean=0.01   median=0.01   min=0.01   stddev=0.00 (2.8%))
[       OK ] Sz_Depth_Cn_BitwiseOrScalar.BitwiseOrScalar/12 (3 ms)
[ RUN      ] Sz_Depth_Cn_BitwiseOrScalar.BitwiseOrScalar/13, where GetParam() = (1280x1024, CV_16U, BGR)
[ PERFSTAT ]    (samples=13   mean=0.03   median=0.03   min=0.03   stddev=0.00 (1.9%))
[       OK ] Sz_Depth_Cn_BitwiseOrScalar.BitwiseOrScalar/13 (8 ms)
[ RUN      ] Sz_Depth_Cn_BitwiseOrScalar.BitwiseOrScalar/14, where GetParam() = (1280x1024, CV_16U, BGRA)
[ PERFSTAT ]    (samples=13   mean=0.04   median=0.04   min=0.04   stddev=0.00 (2.4%))
[       OK ] Sz_Depth_Cn_BitwiseOrScalar.BitwiseOrScalar/14 (11 ms)
[ RUN      ] Sz_Depth_Cn_BitwiseOrScalar.BitwiseOrScalar/15, where GetParam() = (1280x1024, CV_32S, Gray)
[ PERFSTAT ]    (samples=15   mean=0.02   median=0.02   min=0.01   stddev=0.00 (3.0%))
[       OK ] Sz_Depth_Cn_BitwiseOrScalar.BitwiseOrScalar/15 (6 ms)
[ RUN      ] Sz_Depth_Cn_BitwiseOrScalar.BitwiseOrScalar/16, where GetParam() = (1280x1024, CV_32S, BGR)
[ PERFSTAT ]    (samples=13   mean=0.04   median=0.04   min=0.04   stddev=0.00 (1.7%))
[       OK ] Sz_Depth_Cn_BitwiseOrScalar.BitwiseOrScalar/16 (18 ms)
[ RUN      ] Sz_Depth_Cn_BitwiseOrScalar.BitwiseOrScalar/17, where GetParam() = (1280x1024, CV_32S, BGRA)
[ PERFSTAT ]    (samples=13   mean=0.07   median=0.07   min=0.07   stddev=0.00 (0.9%))
[       OK ] Sz_Depth_Cn_BitwiseOrScalar.BitwiseOrScalar/17 (24 ms)
[ RUN      ] Sz_Depth_Cn_BitwiseOrScalar.BitwiseOrScalar/18, where GetParam() = (1920x1080, CV_8U, Gray)
[ PERFSTAT ]    (samples=38   mean=0.01   median=0.01   min=0.01   stddev=0.00 (2.1%))
[       OK ] Sz_Depth_Cn_BitwiseOrScalar.BitwiseOrScalar/18 (4 ms)
[ RUN      ] Sz_Depth_Cn_BitwiseOrScalar.BitwiseOrScalar/19, where GetParam() = (1920x1080, CV_8U, BGR)
[ PERFSTAT ]    (samples=13   mean=0.02   median=0.02   min=0.02   stddev=0.00 (2.3%))
[       OK ] Sz_Depth_Cn_BitwiseOrScalar.BitwiseOrScalar/19 (6 ms)
[ RUN      ] Sz_Depth_Cn_BitwiseOrScalar.BitwiseOrScalar/20, where GetParam() = (1920x1080, CV_8U, BGRA)
[ PERFSTAT ]    (samples=20   mean=0.02   median=0.02   min=0.02   stddev=0.00 (2.9%))
[       OK ] Sz_Depth_Cn_BitwiseOrScalar.BitwiseOrScalar/20 (9 ms)
[ RUN      ] Sz_Depth_Cn_BitwiseOrScalar.BitwiseOrScalar/21, where GetParam() = (1920x1080, CV_16U, Gray)
[ PERFSTAT ]    (samples=50   mean=0.01   median=0.01   min=0.01   stddev=0.00 (2.6%))
[       OK ] Sz_Depth_Cn_BitwiseOrScalar.BitwiseOrScalar/21 (5 ms)
[ RUN      ] Sz_Depth_Cn_BitwiseOrScalar.BitwiseOrScalar/22, where GetParam() = (1920x1080, CV_16U, BGR)
[ PERFSTAT ]    (samples=13   mean=0.04   median=0.04   min=0.04   stddev=0.00 (1.2%))
[       OK ] Sz_Depth_Cn_BitwiseOrScalar.BitwiseOrScalar/22 (12 ms)
[ RUN      ] Sz_Depth_Cn_BitwiseOrScalar.BitwiseOrScalar/23, where GetParam() = (1920x1080, CV_16U, BGRA)
[ PERFSTAT ]    (samples=13   mean=0.05   median=0.05   min=0.05   stddev=0.00 (1.3%))
[       OK ] Sz_Depth_Cn_BitwiseOrScalar.BitwiseOrScalar/23 (17 ms)
[ RUN      ] Sz_Depth_Cn_BitwiseOrScalar.BitwiseOrScalar/24, where GetParam() = (1920x1080, CV_32S, Gray)
[ PERFSTAT ]    (samples=15   mean=0.02   median=0.02   min=0.02   stddev=0.00 (2.9%))
[       OK ] Sz_Depth_Cn_BitwiseOrScalar.BitwiseOrScalar/24 (9 ms)
[ RUN      ] Sz_Depth_Cn_BitwiseOrScalar.BitwiseOrScalar/25, where GetParam() = (1920x1080, CV_32S, BGR)
[ PERFSTAT ]    (samples=13   mean=0.06   median=0.06   min=0.06   stddev=0.00 (1.0%))
[       OK ] Sz_Depth_Cn_BitwiseOrScalar.BitwiseOrScalar/25 (29 ms)
[ RUN      ] Sz_Depth_Cn_BitwiseOrScalar.BitwiseOrScalar/26, where GetParam() = (1920x1080, CV_32S, BGRA)
[ PERFSTAT ]    (samples=13   mean=0.10   median=0.10   min=0.10   stddev=0.00 (0.8%))
[       OK ] Sz_Depth_Cn_BitwiseOrScalar.BitwiseOrScalar/26 (39 ms)
[----------] 27 tests from Sz_Depth_Cn_BitwiseOrScalar (274 ms total)

[----------] 9 tests from Sz_Depth_BitwiseXorMat
[ RUN      ] Sz_Depth_BitwiseXorMat.BitwiseXorMat/0, where GetParam() = (1280x720, CV_8U)
[ PERFSTAT ]    (samples=13   mean=0.01   median=0.01   min=0.01   stddev=0.00 (2.6%))
[       OK ] Sz_Depth_BitwiseXorMat.BitwiseXorMat/0 (3 ms)
[ RUN      ] Sz_Depth_BitwiseXorMat.BitwiseXorMat/1, where GetParam() = (1280x720, CV_16U)
[ PERFSTAT ]    (samples=13   mean=0.01   median=0.01   min=0.01   stddev=0.00 (1.3%))
[       OK ] Sz_Depth_BitwiseXorMat.BitwiseXorMat/1 (5 ms)
[ RUN      ] Sz_Depth_BitwiseXorMat.BitwiseXorMat/2, where GetParam() = (1280x720, CV_32S)
[ PERFSTAT ]    (samples=13   mean=0.02   median=0.01   min=0.01   stddev=0.00 (2.5%))
[       OK ] Sz_Depth_BitwiseXorMat.BitwiseXorMat/2 (9 ms)
[ RUN      ] Sz_Depth_BitwiseXorMat.BitwiseXorMat/3, where GetParam() = (1280x1024, CV_8U)
[ PERFSTAT ]    (samples=13   mean=0.01   median=0.01   min=0.01   stddev=0.00 (1.6%))
[       OK ] Sz_Depth_BitwiseXorMat.BitwiseXorMat/3 (3 ms)
[ RUN      ] Sz_Depth_BitwiseXorMat.BitwiseXorMat/4, where GetParam() = (1280x1024, CV_16U)
[ PERFSTAT ]    (samples=13   mean=0.01   median=0.01   min=0.01   stddev=0.00 (2.0%))
[       OK ] Sz_Depth_BitwiseXorMat.BitwiseXorMat/4 (6 ms)
[ RUN      ] Sz_Depth_BitwiseXorMat.BitwiseXorMat/5, where GetParam() = (1280x1024, CV_32S)
[ PERFSTAT ]    (samples=13   mean=0.02   median=0.02   min=0.02   stddev=0.00 (1.7%))
[       OK ] Sz_Depth_BitwiseXorMat.BitwiseXorMat/5 (12 ms)
[ RUN      ] Sz_Depth_BitwiseXorMat.BitwiseXorMat/6, where GetParam() = (1920x1080, CV_8U)
[ PERFSTAT ]    (samples=25   mean=0.01   median=0.01   min=0.01   stddev=0.00 (2.3%))
[       OK ] Sz_Depth_BitwiseXorMat.BitwiseXorMat/6 (5 ms)
[ RUN      ] Sz_Depth_BitwiseXorMat.BitwiseXorMat/7, where GetParam() = (1920x1080, CV_16U)
[ PERFSTAT ]    (samples=25   mean=0.01   median=0.01   min=0.01   stddev=0.00 (2.4%))
[       OK ] Sz_Depth_BitwiseXorMat.BitwiseXorMat/7 (8 ms)
[ RUN      ] Sz_Depth_BitwiseXorMat.BitwiseXorMat/8, where GetParam() = (1920x1080, CV_32S)
[ PERFSTAT ]    (samples=25   mean=0.02   median=0.02   min=0.02   stddev=0.00 (2.0%))
[       OK ] Sz_Depth_BitwiseXorMat.BitwiseXorMat/8 (18 ms)
[----------] 9 tests from Sz_Depth_BitwiseXorMat (69 ms total)

[----------] 27 tests from Sz_Depth_Cn_BitwiseXorScalar
[ RUN      ] Sz_Depth_Cn_BitwiseXorScalar.BitwiseXorScalar/0, where GetParam() = (1280x720, CV_8U, Gray)
[ PERFSTAT ]    (samples=25   mean=0.01   median=0.01   min=0.01   stddev=0.00 (2.6%))
[       OK ] Sz_Depth_Cn_BitwiseXorScalar.BitwiseXorScalar/0 (2 ms)
[ RUN      ] Sz_Depth_Cn_BitwiseXorScalar.BitwiseXorScalar/1, where GetParam() = (1280x720, CV_8U, BGR)
[ PERFSTAT ]    (samples=17   mean=0.02   median=0.02   min=0.02   stddev=0.00 (3.0%))
[       OK ] Sz_Depth_Cn_BitwiseXorScalar.BitwiseXorScalar/1 (4 ms)
[ RUN      ] Sz_Depth_Cn_BitwiseXorScalar.BitwiseXorScalar/2, where GetParam() = (1280x720, CV_8U, BGRA)
[ PERFSTAT ]    (samples=25   mean=0.02   median=0.02   min=0.01   stddev=0.00 (1.8%))
[       OK ] Sz_Depth_Cn_BitwiseXorScalar.BitwiseXorScalar/2 (4 ms)
[ RUN      ] Sz_Depth_Cn_BitwiseXorScalar.BitwiseXorScalar/3, where GetParam() = (1280x720, CV_16U, Gray)
[ PERFSTAT ]    (samples=21   mean=0.01   median=0.01   min=0.01   stddev=0.00 (3.0%))
[       OK ] Sz_Depth_Cn_BitwiseXorScalar.BitwiseXorScalar/3 (3 ms)
[ RUN      ] Sz_Depth_Cn_BitwiseXorScalar.BitwiseXorScalar/4, where GetParam() = (1280x720, CV_16U, BGR)
[ PERFSTAT ]    (samples=13   mean=0.02   median=0.02   min=0.02   stddev=0.00 (2.4%))
[       OK ] Sz_Depth_Cn_BitwiseXorScalar.BitwiseXorScalar/4 (6 ms)
[ RUN      ] Sz_Depth_Cn_BitwiseXorScalar.BitwiseXorScalar/5, where GetParam() = (1280x720, CV_16U, BGRA)
[ PERFSTAT ]    (samples=13   mean=0.03   median=0.03   min=0.03   stddev=0.00 (1.9%))
[       OK ] Sz_Depth_Cn_BitwiseXorScalar.BitwiseXorScalar/5 (8 ms)
[ RUN      ] Sz_Depth_Cn_BitwiseXorScalar.BitwiseXorScalar/6, where GetParam() = (1280x720, CV_32S, Gray)
[ PERFSTAT ]    (samples=13   mean=0.01   median=0.01   min=0.01   stddev=0.00 (2.7%))
[       OK ] Sz_Depth_Cn_BitwiseXorScalar.BitwiseXorScalar/6 (4 ms)
[ RUN      ] Sz_Depth_Cn_BitwiseXorScalar.BitwiseXorScalar/7, where GetParam() = (1280x720, CV_32S, BGR)
[ PERFSTAT ]    (samples=13   mean=0.03   median=0.03   min=0.03   stddev=0.00 (2.3%))
[       OK ] Sz_Depth_Cn_BitwiseXorScalar.BitwiseXorScalar/7 (14 ms)
[ RUN      ] Sz_Depth_Cn_BitwiseXorScalar.BitwiseXorScalar/8, where GetParam() = (1280x720, CV_32S, BGRA)
[ PERFSTAT ]    (samples=13   mean=0.05   median=0.05   min=0.05   stddev=0.00 (1.4%))
[       OK ] Sz_Depth_Cn_BitwiseXorScalar.BitwiseXorScalar/8 (17 ms)
[ RUN      ] Sz_Depth_Cn_BitwiseXorScalar.BitwiseXorScalar/9, where GetParam() = (1280x1024, CV_8U, Gray)
[ PERFSTAT ]    (samples=15   mean=0.01   median=0.01   min=0.01   stddev=0.00 (2.9%))
[       OK ] Sz_Depth_Cn_BitwiseXorScalar.BitwiseXorScalar/9 (2 ms)
[ RUN      ] Sz_Depth_Cn_BitwiseXorScalar.BitwiseXorScalar/10, where GetParam() = (1280x1024, CV_8U, BGR)
[ PERFSTAT ]    (samples=13   mean=0.02   median=0.02   min=0.02   stddev=0.00 (2.1%))
[       OK ] Sz_Depth_Cn_BitwiseXorScalar.BitwiseXorScalar/10 (4 ms)
[ RUN      ] Sz_Depth_Cn_BitwiseXorScalar.BitwiseXorScalar/11, where GetParam() = (1280x1024, CV_8U, BGRA)
[ PERFSTAT ]    (samples=13   mean=0.02   median=0.02   min=0.02   stddev=0.00 (3.0%))
[       OK ] Sz_Depth_Cn_BitwiseXorScalar.BitwiseXorScalar/11 (6 ms)
[ RUN      ] Sz_Depth_Cn_BitwiseXorScalar.BitwiseXorScalar/12, where GetParam() = (1280x1024, CV_16U, Gray)
[ PERFSTAT ]    (samples=25   mean=0.01   median=0.01   min=0.01   stddev=0.00 (2.3%))
[       OK ] Sz_Depth_Cn_BitwiseXorScalar.BitwiseXorScalar/12 (3 ms)
[ RUN      ] Sz_Depth_Cn_BitwiseXorScalar.BitwiseXorScalar/13, where GetParam() = (1280x1024, CV_16U, BGR)
[ PERFSTAT ]    (samples=13   mean=0.03   median=0.03   min=0.03   stddev=0.00 (2.1%))
[       OK ] Sz_Depth_Cn_BitwiseXorScalar.BitwiseXorScalar/13 (9 ms)
[ RUN      ] Sz_Depth_Cn_BitwiseXorScalar.BitwiseXorScalar/14, where GetParam() = (1280x1024, CV_16U, BGRA)
[ PERFSTAT ]    (samples=13   mean=0.04   median=0.04   min=0.04   stddev=0.00 (2.2%))
[       OK ] Sz_Depth_Cn_BitwiseXorScalar.BitwiseXorScalar/14 (10 ms)
[ RUN      ] Sz_Depth_Cn_BitwiseXorScalar.BitwiseXorScalar/15, where GetParam() = (1280x1024, CV_32S, Gray)
[ PERFSTAT ]    (samples=16   mean=0.02   median=0.02   min=0.02   stddev=0.00 (3.0%))
[       OK ] Sz_Depth_Cn_BitwiseXorScalar.BitwiseXorScalar/15 (6 ms)
[ RUN      ] Sz_Depth_Cn_BitwiseXorScalar.BitwiseXorScalar/16, where GetParam() = (1280x1024, CV_32S, BGR)
[ PERFSTAT ]    (samples=13   mean=0.04   median=0.04   min=0.04   stddev=0.00 (1.6%))
[       OK ] Sz_Depth_Cn_BitwiseXorScalar.BitwiseXorScalar/16 (18 ms)
[ RUN      ] Sz_Depth_Cn_BitwiseXorScalar.BitwiseXorScalar/17, where GetParam() = (1280x1024, CV_32S, BGRA)
[ PERFSTAT ]    (samples=13   mean=0.07   median=0.07   min=0.07   stddev=0.00 (0.8%))
[       OK ] Sz_Depth_Cn_BitwiseXorScalar.BitwiseXorScalar/17 (24 ms)
[ RUN      ] Sz_Depth_Cn_BitwiseXorScalar.BitwiseXorScalar/18, where GetParam() = (1920x1080, CV_8U, Gray)
[ PERFSTAT ]    (samples=25   mean=0.01   median=0.01   min=0.01   stddev=0.00 (2.7%))
[       OK ] Sz_Depth_Cn_BitwiseXorScalar.BitwiseXorScalar/18 (4 ms)
[ RUN      ] Sz_Depth_Cn_BitwiseXorScalar.BitwiseXorScalar/19, where GetParam() = (1920x1080, CV_8U, BGR)
[ PERFSTAT ]    (samples=13   mean=0.02   median=0.02   min=0.02   stddev=0.00 (2.5%))
[       OK ] Sz_Depth_Cn_BitwiseXorScalar.BitwiseXorScalar/19 (41 ms)
[ RUN      ] Sz_Depth_Cn_BitwiseXorScalar.BitwiseXorScalar/20, where GetParam() = (1920x1080, CV_8U, BGRA)
[ PERFSTAT ]    (samples=13   mean=0.02   median=0.02   min=0.02   stddev=0.00 (2.8%))
[       OK ] Sz_Depth_Cn_BitwiseXorScalar.BitwiseXorScalar/20 (8 ms)
[ RUN      ] Sz_Depth_Cn_BitwiseXorScalar.BitwiseXorScalar/21, where GetParam() = (1920x1080, CV_16U, Gray)
[ PERFSTAT ]    (samples=25   mean=0.02   median=0.02   min=0.01   stddev=0.00 (2.7%))
[       OK ] Sz_Depth_Cn_BitwiseXorScalar.BitwiseXorScalar/21 (5 ms)
[ RUN      ] Sz_Depth_Cn_BitwiseXorScalar.BitwiseXorScalar/22, where GetParam() = (1920x1080, CV_16U, BGR)
[ PERFSTAT ]    (samples=24   mean=0.04   median=0.04   min=0.04   stddev=0.00 (3.0%))
[       OK ] Sz_Depth_Cn_BitwiseXorScalar.BitwiseXorScalar/22 (13 ms)
[ RUN      ] Sz_Depth_Cn_BitwiseXorScalar.BitwiseXorScalar/23, where GetParam() = (1920x1080, CV_16U, BGRA)
[ PERFSTAT ]    (samples=13   mean=0.05   median=0.05   min=0.05   stddev=0.00 (1.2%))
[       OK ] Sz_Depth_Cn_BitwiseXorScalar.BitwiseXorScalar/23 (17 ms)
[ RUN      ] Sz_Depth_Cn_BitwiseXorScalar.BitwiseXorScalar/24, where GetParam() = (1920x1080, CV_32S, Gray)
[ PERFSTAT ]    (samples=25   mean=0.02   median=0.02   min=0.02   stddev=0.00 (2.4%))
[       OK ] Sz_Depth_Cn_BitwiseXorScalar.BitwiseXorScalar/24 (10 ms)
[ RUN      ] Sz_Depth_Cn_BitwiseXorScalar.BitwiseXorScalar/25, where GetParam() = (1920x1080, CV_32S, BGR)
[ PERFSTAT ]    (samples=13   mean=0.06   median=0.06   min=0.06   stddev=0.00 (0.8%))
[       OK ] Sz_Depth_Cn_BitwiseXorScalar.BitwiseXorScalar/25 (28 ms)
[ RUN      ] Sz_Depth_Cn_BitwiseXorScalar.BitwiseXorScalar/26, where GetParam() = (1920x1080, CV_32S, BGRA)
[ PERFSTAT ]    (samples=13   mean=0.10   median=0.10   min=0.10   stddev=0.00 (0.7%))
[       OK ] Sz_Depth_Cn_BitwiseXorScalar.BitwiseXorScalar/26 (39 ms)
[----------] 27 tests from Sz_Depth_Cn_BitwiseXorScalar (309 ms total)

[----------] 27 tests from Sz_Depth_Cn_RShift
[ RUN      ] Sz_Depth_Cn_RShift.RShift/0, where GetParam() = (1280x720, CV_8U, Gray)
[ PERFSTAT ]    (samples=17   mean=0.01   median=0.01   min=0.01   stddev=0.00 (3.0%))
[       OK ] Sz_Depth_Cn_RShift.RShift/0 (2 ms)
[ RUN      ] Sz_Depth_Cn_RShift.RShift/1, where GetParam() = (1280x720, CV_8U, BGR)
[ PERFSTAT ]    (samples=13   mean=0.02   median=0.02   min=0.02   stddev=0.00 (2.4%))
[       OK ] Sz_Depth_Cn_RShift.RShift/1 (4 ms)
[ RUN      ] Sz_Depth_Cn_RShift.RShift/2, where GetParam() = (1280x720, CV_8U, BGRA)
[ PERFSTAT ]    (samples=13   mean=0.02   median=0.02   min=0.01   stddev=0.00 (2.3%))
[       OK ] Sz_Depth_Cn_RShift.RShift/2 (6 ms)
[ RUN      ] Sz_Depth_Cn_RShift.RShift/3, where GetParam() = (1280x720, CV_16U, Gray)
[ PERFSTAT ]    (samples=25   mean=0.01   median=0.01   min=0.01   stddev=0.00 (2.9%))
[       OK ] Sz_Depth_Cn_RShift.RShift/3 (2 ms)
[ RUN      ] Sz_Depth_Cn_RShift.RShift/4, where GetParam() = (1280x720, CV_16U, BGR)
[ PERFSTAT ]    (samples=13   mean=0.02   median=0.02   min=0.02   stddev=0.00 (1.1%))
[       OK ] Sz_Depth_Cn_RShift.RShift/4 (7 ms)
[ RUN      ] Sz_Depth_Cn_RShift.RShift/5, where GetParam() = (1280x720, CV_16U, BGRA)
[ PERFSTAT ]    (samples=25   mean=0.03   median=0.03   min=0.03   stddev=0.00 (1.3%))
[       OK ] Sz_Depth_Cn_RShift.RShift/5 (10 ms)
[ RUN      ] Sz_Depth_Cn_RShift.RShift/6, where GetParam() = (1280x720, CV_32S, Gray)
[ PERFSTAT ]    (samples=13   mean=0.02   median=0.02   min=0.02   stddev=0.00 (2.2%))
[       OK ] Sz_Depth_Cn_RShift.RShift/6 (4 ms)
[ RUN      ] Sz_Depth_Cn_RShift.RShift/7, where GetParam() = (1280x720, CV_32S, BGR)
[ PERFSTAT ]    (samples=25   mean=0.03   median=0.03   min=0.03   stddev=0.00 (1.5%))
[       OK ] Sz_Depth_Cn_RShift.RShift/7 (14 ms)
[ RUN      ] Sz_Depth_Cn_RShift.RShift/8, where GetParam() = (1280x720, CV_32S, BGRA)
[ PERFSTAT ]    (samples=13   mean=0.05   median=0.05   min=0.05   stddev=0.00 (1.5%))
[       OK ] Sz_Depth_Cn_RShift.RShift/8 (17 ms)
[ RUN      ] Sz_Depth_Cn_RShift.RShift/9, where GetParam() = (1280x1024, CV_8U, Gray)
[ PERFSTAT ]    (samples=13   mean=0.01   median=0.01   min=0.01   stddev=0.00 (2.5%))
[       OK ] Sz_Depth_Cn_RShift.RShift/9 (3 ms)
[ RUN      ] Sz_Depth_Cn_RShift.RShift/10, where GetParam() = (1280x1024, CV_8U, BGR)
[ PERFSTAT ]    (samples=13   mean=0.02   median=0.02   min=0.02   stddev=0.00 (1.1%))
[       OK ] Sz_Depth_Cn_RShift.RShift/10 (4 ms)
[ RUN      ] Sz_Depth_Cn_RShift.RShift/11, where GetParam() = (1280x1024, CV_8U, BGRA)
[ PERFSTAT ]    (samples=13   mean=0.02   median=0.02   min=0.02   stddev=0.00 (2.3%))
[       OK ] Sz_Depth_Cn_RShift.RShift/11 (6 ms)
[ RUN      ] Sz_Depth_Cn_RShift.RShift/12, where GetParam() = (1280x1024, CV_16U, Gray)
[ PERFSTAT ]    (samples=13   mean=0.01   median=0.01   min=0.01   stddev=0.00 (2.1%))
[       OK ] Sz_Depth_Cn_RShift.RShift/12 (4 ms)
[ RUN      ] Sz_Depth_Cn_RShift.RShift/13, where GetParam() = (1280x1024, CV_16U, BGR)
[ PERFSTAT ]    (samples=13   mean=0.03   median=0.03   min=0.03   stddev=0.00 (1.6%))
[       OK ] Sz_Depth_Cn_RShift.RShift/13 (8 ms)
[ RUN      ] Sz_Depth_Cn_RShift.RShift/14, where GetParam() = (1280x1024, CV_16U, BGRA)
[ PERFSTAT ]    (samples=13   mean=0.04   median=0.04   min=0.04   stddev=0.00 (0.7%))
[       OK ] Sz_Depth_Cn_RShift.RShift/14 (12 ms)
[ RUN      ] Sz_Depth_Cn_RShift.RShift/15, where GetParam() = (1280x1024, CV_32S, Gray)
[ PERFSTAT ]    (samples=25   mean=0.02   median=0.02   min=0.02   stddev=0.00 (2.4%))
[       OK ] Sz_Depth_Cn_RShift.RShift/15 (6 ms)
[ RUN      ] Sz_Depth_Cn_RShift.RShift/16, where GetParam() = (1280x1024, CV_32S, BGR)
[ PERFSTAT ]    (samples=13   mean=0.04   median=0.04   min=0.04   stddev=0.00 (1.0%))
[       OK ] Sz_Depth_Cn_RShift.RShift/16 (18 ms)
[ RUN      ] Sz_Depth_Cn_RShift.RShift/17, where GetParam() = (1280x1024, CV_32S, BGRA)
[ PERFSTAT ]    (samples=13   mean=0.07   median=0.07   min=0.07   stddev=0.00 (2.0%))
[       OK ] Sz_Depth_Cn_RShift.RShift/17 (25 ms)
[ RUN      ] Sz_Depth_Cn_RShift.RShift/18, where GetParam() = (1920x1080, CV_8U, Gray)
[ PERFSTAT ]    (samples=15   mean=0.01   median=0.01   min=0.01   stddev=0.00 (2.9%))
[       OK ] Sz_Depth_Cn_RShift.RShift/18 (3 ms)
[ RUN      ] Sz_Depth_Cn_RShift.RShift/19, where GetParam() = (1920x1080, CV_8U, BGR)
[ PERFSTAT ]    (samples=13   mean=0.02   median=0.02   min=0.02   stddev=0.00 (1.0%))
[       OK ] Sz_Depth_Cn_RShift.RShift/19 (7 ms)
[ RUN      ] Sz_Depth_Cn_RShift.RShift/20, where GetParam() = (1920x1080, CV_8U, BGRA)
[ PERFSTAT ]    (samples=25   mean=0.02   median=0.02   min=0.02   stddev=0.00 (2.7%))
[       OK ] Sz_Depth_Cn_RShift.RShift/20 (9 ms)
[ RUN      ] Sz_Depth_Cn_RShift.RShift/21, where GetParam() = (1920x1080, CV_16U, Gray)
[ PERFSTAT ]    (samples=63   mean=0.01   median=0.01   min=0.01   stddev=0.00 (2.9%))
[       OK ] Sz_Depth_Cn_RShift.RShift/21 (6 ms)
[ RUN      ] Sz_Depth_Cn_RShift.RShift/22, where GetParam() = (1920x1080, CV_16U, BGR)
[ PERFSTAT ]    (samples=13   mean=0.04   median=0.04   min=0.04   stddev=0.00 (1.0%))
[       OK ] Sz_Depth_Cn_RShift.RShift/22 (13 ms)
[ RUN      ] Sz_Depth_Cn_RShift.RShift/23, where GetParam() = (1920x1080, CV_16U, BGRA)
[ PERFSTAT ]    (samples=13   mean=0.05   median=0.05   min=0.05   stddev=0.00 (1.0%))
[       OK ] Sz_Depth_Cn_RShift.RShift/23 (19 ms)
[ RUN      ] Sz_Depth_Cn_RShift.RShift/24, where GetParam() = (1920x1080, CV_32S, Gray)
[ PERFSTAT ]    (samples=13   mean=0.02   median=0.02   min=0.02   stddev=0.00 (2.4%))
[       OK ] Sz_Depth_Cn_RShift.RShift/24 (9 ms)
[ RUN      ] Sz_Depth_Cn_RShift.RShift/25, where GetParam() = (1920x1080, CV_32S, BGR)
[ PERFSTAT ]    (samples=18   mean=0.06   median=0.06   min=0.06   stddev=0.00 (2.9%))
[       OK ] Sz_Depth_Cn_RShift.RShift/25 (29 ms)
[ RUN      ] Sz_Depth_Cn_RShift.RShift/26, where GetParam() = (1920x1080, CV_32S, BGRA)
[ PERFSTAT ]    (samples=13   mean=0.10   median=0.10   min=0.10   stddev=0.00 (0.6%))
[       OK ] Sz_Depth_Cn_RShift.RShift/26 (39 ms)
[----------] 27 tests from Sz_Depth_Cn_RShift (286 ms total)

[----------] 27 tests from Sz_Depth_Cn_LShift
[ RUN      ] Sz_Depth_Cn_LShift.LShift/0, where GetParam() = (1280x720, CV_8U, Gray)
[ PERFSTAT ]    (samples=18   mean=0.01   median=0.01   min=0.01   stddev=0.00 (3.0%))
[       OK ] Sz_Depth_Cn_LShift.LShift/0 (2 ms)
[ RUN      ] Sz_Depth_Cn_LShift.LShift/1, where GetParam() = (1280x720, CV_8U, BGR)
[ PERFSTAT ]    (samples=13   mean=0.02   median=0.02   min=0.02   stddev=0.00 (2.3%))
[       OK ] Sz_Depth_Cn_LShift.LShift/1 (4 ms)
[ RUN      ] Sz_Depth_Cn_LShift.LShift/2, where GetParam() = (1280x720, CV_8U, BGRA)
[ PERFSTAT ]    (samples=13   mean=0.02   median=0.02   min=0.01   stddev=0.00 (2.9%))
[       OK ] Sz_Depth_Cn_LShift.LShift/2 (6 ms)
[ RUN      ] Sz_Depth_Cn_LShift.LShift/3, where GetParam() = (1280x720, CV_16U, Gray)
[ PERFSTAT ]    (samples=13   mean=0.01   median=0.01   min=0.01   stddev=0.00 (1.9%))
[       OK ] Sz_Depth_Cn_LShift.LShift/3 (2 ms)
[ RUN      ] Sz_Depth_Cn_LShift.LShift/4, where GetParam() = (1280x720, CV_16U, BGR)
[ PERFSTAT ]    (samples=13   mean=0.02   median=0.02   min=0.02   stddev=0.00 (1.5%))
[       OK ] Sz_Depth_Cn_LShift.LShift/4 (6 ms)
[ RUN      ] Sz_Depth_Cn_LShift.LShift/5, where GetParam() = (1280x720, CV_16U, BGRA)
[ PERFSTAT ]    (samples=13   mean=0.03   median=0.03   min=0.03   stddev=0.00 (1.8%))
[       OK ] Sz_Depth_Cn_LShift.LShift/5 (8 ms)
[ RUN      ] Sz_Depth_Cn_LShift.LShift/6, where GetParam() = (1280x720, CV_32S, Gray)
[ PERFSTAT ]    (samples=13   mean=0.02   median=0.02   min=0.02   stddev=0.00 (2.0%))
[       OK ] Sz_Depth_Cn_LShift.LShift/6 (5 ms)
[ RUN      ] Sz_Depth_Cn_LShift.LShift/7, where GetParam() = (1280x720, CV_32S, BGR)
[ PERFSTAT ]    (samples=13   mean=0.03   median=0.03   min=0.03   stddev=0.00 (1.5%))
[       OK ] Sz_Depth_Cn_LShift.LShift/7 (13 ms)
[ RUN      ] Sz_Depth_Cn_LShift.LShift/8, where GetParam() = (1280x720, CV_32S, BGRA)
[ PERFSTAT ]    (samples=13   mean=0.05   median=0.05   min=0.05   stddev=0.00 (1.1%))
[       OK ] Sz_Depth_Cn_LShift.LShift/8 (18 ms)
[ RUN      ] Sz_Depth_Cn_LShift.LShift/9, where GetParam() = (1280x1024, CV_8U, Gray)
[ PERFSTAT ]    (samples=13   mean=0.01   median=0.01   min=0.01   stddev=0.00 (2.3%))
[       OK ] Sz_Depth_Cn_LShift.LShift/9 (2 ms)
[ RUN      ] Sz_Depth_Cn_LShift.LShift/10, where GetParam() = (1280x1024, CV_8U, BGR)
[ PERFSTAT ]    (samples=25   mean=0.02   median=0.02   min=0.02   stddev=0.00 (1.2%))
[       OK ] Sz_Depth_Cn_LShift.LShift/10 (5 ms)
[ RUN      ] Sz_Depth_Cn_LShift.LShift/11, where GetParam() = (1280x1024, CV_8U, BGRA)
[ PERFSTAT ]    (samples=25   mean=0.02   median=0.02   min=0.02   stddev=0.00 (1.7%))
[       OK ] Sz_Depth_Cn_LShift.LShift/11 (6 ms)
[ RUN      ] Sz_Depth_Cn_LShift.LShift/12, where GetParam() = (1280x1024, CV_16U, Gray)
[ PERFSTAT ]    (samples=25   mean=0.01   median=0.01   min=0.01   stddev=0.00 (1.9%))
[       OK ] Sz_Depth_Cn_LShift.LShift/12 (4 ms)
[ RUN      ] Sz_Depth_Cn_LShift.LShift/13, where GetParam() = (1280x1024, CV_16U, BGR)
[ PERFSTAT ]    (samples=13   mean=0.03   median=0.03   min=0.03   stddev=0.00 (1.1%))
[       OK ] Sz_Depth_Cn_LShift.LShift/13 (8 ms)
[ RUN      ] Sz_Depth_Cn_LShift.LShift/14, where GetParam() = (1280x1024, CV_16U, BGRA)
[ PERFSTAT ]    (samples=13   mean=0.04   median=0.04   min=0.04   stddev=0.00 (1.5%))
[       OK ] Sz_Depth_Cn_LShift.LShift/14 (12 ms)
[ RUN      ] Sz_Depth_Cn_LShift.LShift/15, where GetParam() = (1280x1024, CV_32S, Gray)
[ PERFSTAT ]    (samples=13   mean=0.02   median=0.02   min=0.02   stddev=0.00 (1.3%))
[       OK ] Sz_Depth_Cn_LShift.LShift/15 (6 ms)
[ RUN      ] Sz_Depth_Cn_LShift.LShift/16, where GetParam() = (1280x1024, CV_32S, BGR)
[ PERFSTAT ]    (samples=13   mean=0.04   median=0.04   min=0.04   stddev=0.00 (1.2%))
[       OK ] Sz_Depth_Cn_LShift.LShift/16 (18 ms)
[ RUN      ] Sz_Depth_Cn_LShift.LShift/17, where GetParam() = (1280x1024, CV_32S, BGRA)
[ PERFSTAT ]    (samples=13   mean=0.07   median=0.07   min=0.07   stddev=0.00 (0.6%))
[       OK ] Sz_Depth_Cn_LShift.LShift/17 (25 ms)
[ RUN      ] Sz_Depth_Cn_LShift.LShift/18, where GetParam() = (1920x1080, CV_8U, Gray)
[ PERFSTAT ]    (samples=13   mean=0.01   median=0.01   min=0.01   stddev=0.00 (2.3%))
[       OK ] Sz_Depth_Cn_LShift.LShift/18 (3 ms)
[ RUN      ] Sz_Depth_Cn_LShift.LShift/19, where GetParam() = (1920x1080, CV_8U, BGR)
[ PERFSTAT ]    (samples=13   mean=0.02   median=0.02   min=0.02   stddev=0.00 (1.7%))
[       OK ] Sz_Depth_Cn_LShift.LShift/19 (7 ms)
[ RUN      ] Sz_Depth_Cn_LShift.LShift/20, where GetParam() = (1920x1080, CV_8U, BGRA)
[ PERFSTAT ]    (samples=13   mean=0.02   median=0.02   min=0.02   stddev=0.00 (2.3%))
[       OK ] Sz_Depth_Cn_LShift.LShift/20 (9 ms)
[ RUN      ] Sz_Depth_Cn_LShift.LShift/21, where GetParam() = (1920x1080, CV_16U, Gray)
[ PERFSTAT ]    (samples=13   mean=0.01   median=0.01   min=0.01   stddev=0.00 (2.4%))
[       OK ] Sz_Depth_Cn_LShift.LShift/21 (5 ms)
[ RUN      ] Sz_Depth_Cn_LShift.LShift/22, where GetParam() = (1920x1080, CV_16U, BGR)
[ PERFSTAT ]    (samples=13   mean=0.04   median=0.04   min=0.04   stddev=0.00 (1.0%))
[       OK ] Sz_Depth_Cn_LShift.LShift/22 (13 ms)
[ RUN      ] Sz_Depth_Cn_LShift.LShift/23, where GetParam() = (1920x1080, CV_16U, BGRA)
[ PERFSTAT ]    (samples=13   mean=0.05   median=0.05   min=0.05   stddev=0.00 (1.6%))
[       OK ] Sz_Depth_Cn_LShift.LShift/23 (18 ms)
[ RUN      ] Sz_Depth_Cn_LShift.LShift/24, where GetParam() = (1920x1080, CV_32S, Gray)
[ PERFSTAT ]    (samples=18   mean=0.02   median=0.02   min=0.02   stddev=0.00 (3.0%))
[       OK ] Sz_Depth_Cn_LShift.LShift/24 (10 ms)
[ RUN      ] Sz_Depth_Cn_LShift.LShift/25, where GetParam() = (1920x1080, CV_32S, BGR)
[ PERFSTAT ]    (samples=13   mean=0.06   median=0.06   min=0.06   stddev=0.00 (1.0%))
[       OK ] Sz_Depth_Cn_LShift.LShift/25 (28 ms)
[ RUN      ] Sz_Depth_Cn_LShift.LShift/26, where GetParam() = (1920x1080, CV_32S, BGRA)
[ PERFSTAT ]    (samples=13   mean=0.10   median=0.10   min=0.10   stddev=0.00 (0.4%))
[       OK ] Sz_Depth_Cn_LShift.LShift/26 (39 ms)
[----------] 27 tests from Sz_Depth_Cn_LShift (284 ms total)

[----------] 9 tests from Sz_Depth_MinMat
[ RUN      ] Sz_Depth_MinMat.MinMat/0, where GetParam() = (1280x720, CV_8U)
[ PERFSTAT ]    (samples=26   mean=0.01   median=0.01   min=0.01   stddev=0.00 (3.0%))
[       OK ] Sz_Depth_MinMat.MinMat/0 (9 ms)
[ RUN      ] Sz_Depth_MinMat.MinMat/1, where GetParam() = (1280x720, CV_16U)
[ PERFSTAT ]    (samples=13   mean=0.01   median=0.01   min=0.01   stddev=0.00 (2.2%))
[       OK ] Sz_Depth_MinMat.MinMat/1 (6 ms)
[ RUN      ] Sz_Depth_MinMat.MinMat/2, where GetParam() = (1280x720, CV_32F)
[ PERFSTAT ]    (samples=13   mean=0.02   median=0.02   min=0.01   stddev=0.00 (2.6%))
[       OK ] Sz_Depth_MinMat.MinMat/2 (6 ms)
[ RUN      ] Sz_Depth_MinMat.MinMat/3, where GetParam() = (1280x1024, CV_8U)
[ PERFSTAT ]    (samples=13   mean=0.01   median=0.01   min=0.01   stddev=0.00 (1.9%))
[       OK ] Sz_Depth_MinMat.MinMat/3 (3 ms)
[ RUN      ] Sz_Depth_MinMat.MinMat/4, where GetParam() = (1280x1024, CV_16U)
[ PERFSTAT ]    (samples=13   mean=0.01   median=0.01   min=0.01   stddev=0.00 (1.6%))
[       OK ] Sz_Depth_MinMat.MinMat/4 (6 ms)
[ RUN      ] Sz_Depth_MinMat.MinMat/5, where GetParam() = (1280x1024, CV_32F)
[ PERFSTAT ]    (samples=13   mean=0.02   median=0.02   min=0.02   stddev=0.00 (2.2%))
[       OK ] Sz_Depth_MinMat.MinMat/5 (8 ms)
[ RUN      ] Sz_Depth_MinMat.MinMat/6, where GetParam() = (1920x1080, CV_8U)
[ PERFSTAT ]    (samples=25   mean=0.01   median=0.01   min=0.01   stddev=0.00 (2.4%))
[       OK ] Sz_Depth_MinMat.MinMat/6 (5 ms)
[ RUN      ] Sz_Depth_MinMat.MinMat/7, where GetParam() = (1920x1080, CV_16U)
[ PERFSTAT ]    (samples=13   mean=0.02   median=0.02   min=0.02   stddev=0.00 (1.9%))
[       OK ] Sz_Depth_MinMat.MinMat/7 (8 ms)
[ RUN      ] Sz_Depth_MinMat.MinMat/8, where GetParam() = (1920x1080, CV_32F)
[ PERFSTAT ]    (samples=22   mean=0.02   median=0.02   min=0.02   stddev=0.00 (3.0%))
[       OK ] Sz_Depth_MinMat.MinMat/8 (12 ms)
[----------] 9 tests from Sz_Depth_MinMat (63 ms total)

[----------] 9 tests from Sz_Depth_MinScalar
[ RUN      ] Sz_Depth_MinScalar.MinScalar/0, where GetParam() = (1280x720, CV_8U)
[ PERFSTAT ]    (samples=38   mean=0.01   median=0.01   min=0.01   stddev=0.00 (1.6%))
[       OK ] Sz_Depth_MinScalar.MinScalar/0 (2 ms)
[ RUN      ] Sz_Depth_MinScalar.MinScalar/1, where GetParam() = (1280x720, CV_16U)
[ PERFSTAT ]    (samples=23   mean=0.01   median=0.01   min=0.01   stddev=0.00 (3.0%))
[       OK ] Sz_Depth_MinScalar.MinScalar/1 (2 ms)
[ RUN      ] Sz_Depth_MinScalar.MinScalar/2, where GetParam() = (1280x720, CV_32F)
[ PERFSTAT ]    (samples=38   mean=0.01   median=0.01   min=0.01   stddev=0.00 (1.8%))
[       OK ] Sz_Depth_MinScalar.MinScalar/2 (4 ms)
[ RUN      ] Sz_Depth_MinScalar.MinScalar/3, where GetParam() = (1280x1024, CV_8U)
[ PERFSTAT ]    (samples=16   mean=0.01   median=0.01   min=0.01   stddev=0.00 (3.0%))
[       OK ] Sz_Depth_MinScalar.MinScalar/3 (2 ms)
[ RUN      ] Sz_Depth_MinScalar.MinScalar/4, where GetParam() = (1280x1024, CV_16U)
[ PERFSTAT ]    (samples=20   mean=0.01   median=0.01   min=0.01   stddev=0.00 (2.9%))
[       OK ] Sz_Depth_MinScalar.MinScalar/4 (4 ms)
[ RUN      ] Sz_Depth_MinScalar.MinScalar/5, where GetParam() = (1280x1024, CV_32F)
[ PERFSTAT ]    (samples=13   mean=0.02   median=0.02   min=0.02   stddev=0.00 (3.0%))
[       OK ] Sz_Depth_MinScalar.MinScalar/5 (4 ms)
[ RUN      ] Sz_Depth_MinScalar.MinScalar/6, where GetParam() = (1920x1080, CV_8U)
[ PERFSTAT ]    (samples=25   mean=0.01   median=0.01   min=0.01   stddev=0.00 (2.5%))
[       OK ] Sz_Depth_MinScalar.MinScalar/6 (3 ms)
[ RUN      ] Sz_Depth_MinScalar.MinScalar/7, where GetParam() = (1920x1080, CV_16U)
[ PERFSTAT ]    (samples=14   mean=0.02   median=0.02   min=0.02   stddev=0.00 (3.0%))
[       OK ] Sz_Depth_MinScalar.MinScalar/7 (4 ms)
[ RUN      ] Sz_Depth_MinScalar.MinScalar/8, where GetParam() = (1920x1080, CV_32F)
[ PERFSTAT ]    (samples=13   mean=0.02   median=0.02   min=0.02   stddev=0.00 (2.4%))
[       OK ] Sz_Depth_MinScalar.MinScalar/8 (6 ms)
[----------] 9 tests from Sz_Depth_MinScalar (32 ms total)

[----------] 9 tests from Sz_Depth_MaxMat
[ RUN      ] Sz_Depth_MaxMat.MaxMat/0, where GetParam() = (1280x720, CV_8U)
[ PERFSTAT ]    (samples=13   mean=0.01   median=0.01   min=0.01   stddev=0.00 (2.9%))
[       OK ] Sz_Depth_MaxMat.MaxMat/0 (3 ms)
[ RUN      ] Sz_Depth_MaxMat.MaxMat/1, where GetParam() = (1280x720, CV_16U)
[ PERFSTAT ]    (samples=14   mean=0.01   median=0.01   min=0.01   stddev=0.00 (3.0%))
[       OK ] Sz_Depth_MaxMat.MaxMat/1 (5 ms)
[ RUN      ] Sz_Depth_MaxMat.MaxMat/2, where GetParam() = (1280x720, CV_32F)
[ PERFSTAT ]    (samples=50   mean=0.01   median=0.01   min=0.01   stddev=0.00 (3.0%))
[       OK ] Sz_Depth_MaxMat.MaxMat/2 (6 ms)
[ RUN      ] Sz_Depth_MaxMat.MaxMat/3, where GetParam() = (1280x1024, CV_8U)
[ PERFSTAT ]    (samples=13   mean=0.01   median=0.01   min=0.01   stddev=0.00 (2.0%))
[       OK ] Sz_Depth_MaxMat.MaxMat/3 (3 ms)
[ RUN      ] Sz_Depth_MaxMat.MaxMat/4, where GetParam() = (1280x1024, CV_16U)
[ PERFSTAT ]    (samples=13   mean=0.01   median=0.01   min=0.01   stddev=0.00 (1.9%))
[       OK ] Sz_Depth_MaxMat.MaxMat/4 (6 ms)
[ RUN      ] Sz_Depth_MaxMat.MaxMat/5, where GetParam() = (1280x1024, CV_32F)
[ PERFSTAT ]    (samples=17   mean=0.02   median=0.02   min=0.02   stddev=0.00 (2.9%))
[       OK ] Sz_Depth_MaxMat.MaxMat/5 (7 ms)
[ RUN      ] Sz_Depth_MaxMat.MaxMat/6, where GetParam() = (1920x1080, CV_8U)
[ PERFSTAT ]    (samples=59   mean=0.01   median=0.01   min=0.01   stddev=0.00 (3.0%))
[       OK ] Sz_Depth_MaxMat.MaxMat/6 (5 ms)
[ RUN      ] Sz_Depth_MaxMat.MaxMat/7, where GetParam() = (1920x1080, CV_16U)
[ PERFSTAT ]    (samples=13   mean=0.02   median=0.02   min=0.02   stddev=0.00 (2.8%))
[       OK ] Sz_Depth_MaxMat.MaxMat/7 (9 ms)
[ RUN      ] Sz_Depth_MaxMat.MaxMat/8, where GetParam() = (1920x1080, CV_32F)
[ PERFSTAT ]    (samples=27   mean=0.02   median=0.02   min=0.02   stddev=0.00 (3.0%))
[       OK ] Sz_Depth_MaxMat.MaxMat/8 (11 ms)
[----------] 9 tests from Sz_Depth_MaxMat (55 ms total)

[----------] 9 tests from Sz_Depth_MaxScalar
[ RUN      ] Sz_Depth_MaxScalar.MaxScalar/0, where GetParam() = (1280x720, CV_8U)
[ PERFSTAT ]    (samples=25   mean=0.01   median=0.01   min=0.01   stddev=0.00 (1.1%))
[       OK ] Sz_Depth_MaxScalar.MaxScalar/0 (2 ms)
[ RUN      ] Sz_Depth_MaxScalar.MaxScalar/1, where GetParam() = (1280x720, CV_16U)
[ PERFSTAT ]    (samples=25   mean=0.01   median=0.01   min=0.01   stddev=0.00 (1.3%))
[       OK ] Sz_Depth_MaxScalar.MaxScalar/1 (3 ms)
[ RUN      ] Sz_Depth_MaxScalar.MaxScalar/2, where GetParam() = (1280x720, CV_32F)
[ PERFSTAT ]    (samples=17   mean=0.01   median=0.01   min=0.01   stddev=0.00 (3.0%))
[       OK ] Sz_Depth_MaxScalar.MaxScalar/2 (3 ms)
[ RUN      ] Sz_Depth_MaxScalar.MaxScalar/3, where GetParam() = (1280x1024, CV_8U)
[ PERFSTAT ]    (samples=25   mean=0.01   median=0.01   min=0.01   stddev=0.00 (2.8%))
[       OK ] Sz_Depth_MaxScalar.MaxScalar/3 (2 ms)
[ RUN      ] Sz_Depth_MaxScalar.MaxScalar/4, where GetParam() = (1280x1024, CV_16U)
[ PERFSTAT ]    (samples=17   mean=0.01   median=0.01   min=0.01   stddev=0.00 (2.9%))
[       OK ] Sz_Depth_MaxScalar.MaxScalar/4 (4 ms)
[ RUN      ] Sz_Depth_MaxScalar.MaxScalar/5, where GetParam() = (1280x1024, CV_32F)
[ PERFSTAT ]    (samples=13   mean=0.02   median=0.02   min=0.02   stddev=0.00 (2.9%))
[       OK ] Sz_Depth_MaxScalar.MaxScalar/5 (4 ms)
[ RUN      ] Sz_Depth_MaxScalar.MaxScalar/6, where GetParam() = (1920x1080, CV_8U)
[ PERFSTAT ]    (samples=25   mean=0.01   median=0.01   min=0.01   stddev=0.00 (2.3%))
[       OK ] Sz_Depth_MaxScalar.MaxScalar/6 (3 ms)
[ RUN      ] Sz_Depth_MaxScalar.MaxScalar/7, where GetParam() = (1920x1080, CV_16U)
[ PERFSTAT ]    (samples=25   mean=0.02   median=0.02   min=0.02   stddev=0.00 (1.4%))
[       OK ] Sz_Depth_MaxScalar.MaxScalar/7 (5 ms)
[ RUN      ] Sz_Depth_MaxScalar.MaxScalar/8, where GetParam() = (1920x1080, CV_32F)
[ PERFSTAT ]    (samples=15   mean=0.02   median=0.02   min=0.02   stddev=0.00 (2.9%))
[       OK ] Sz_Depth_MaxScalar.MaxScalar/8 (6 ms)
[----------] 9 tests from Sz_Depth_MaxScalar (32 ms total)

[----------] 192 tests from Sz_3Depth_AddWeighted
[ RUN      ] Sz_3Depth_AddWeighted.AddWeighted/0, where GetParam() = (1280x720, CV_8U, CV_8U, CV_8U)
[ PERFSTAT ]    (samples=38   mean=0.01   median=0.01   min=0.01   stddev=0.00 (1.5%))
[       OK ] Sz_3Depth_AddWeighted.AddWeighted/0 (24 ms)
[ RUN      ] Sz_3Depth_AddWeighted.AddWeighted/1, where GetParam() = (1280x720, CV_8U, CV_8U, CV_16U)
[ PERFSTAT ]    (samples=13   mean=0.01   median=0.01   min=0.01   stddev=0.00 (2.3%))
[       OK ] Sz_3Depth_AddWeighted.AddWeighted/1 (3 ms)
[ RUN      ] Sz_3Depth_AddWeighted.AddWeighted/2, where GetParam() = (1280x720, CV_8U, CV_8U, CV_32F)
[ PERFSTAT ]    (samples=13   mean=0.01   median=0.01   min=0.01   stddev=0.00 (2.0%))
[       OK ] Sz_3Depth_AddWeighted.AddWeighted/2 (3 ms)
[ RUN      ] Sz_3Depth_AddWeighted.AddWeighted/3, where GetParam() = (1280x720, CV_8U, CV_8U, CV_64F)
[ PERFSTAT ]    (samples=13   mean=0.02   median=0.02   min=0.02   stddev=0.00 (2.2%))
[       OK ] Sz_3Depth_AddWeighted.AddWeighted/3 (6 ms)
[ RUN      ] Sz_3Depth_AddWeighted.AddWeighted/4, where GetParam() = (1280x720, CV_8U, CV_16U, CV_8U)
[ PERFSTAT ]    (samples=13   mean=0.01   median=0.01   min=0.01   stddev=0.00 (2.5%))
[       OK ] Sz_3Depth_AddWeighted.AddWeighted/4 (4 ms)
[ RUN      ] Sz_3Depth_AddWeighted.AddWeighted/5, where GetParam() = (1280x720, CV_8U, CV_16U, CV_16U)
[ PERFSTAT ]    (samples=13   mean=0.01   median=0.01   min=0.01   stddev=0.00 (2.4%))
[       OK ] Sz_3Depth_AddWeighted.AddWeighted/5 (4 ms)
[ RUN      ] Sz_3Depth_AddWeighted.AddWeighted/6, where GetParam() = (1280x720, CV_8U, CV_16U, CV_32F)
[ PERFSTAT ]    (samples=25   mean=0.01   median=0.01   min=0.01   stddev=0.00 (1.5%))
[       OK ] Sz_3Depth_AddWeighted.AddWeighted/6 (4 ms)
[ RUN      ] Sz_3Depth_AddWeighted.AddWeighted/7, where GetParam() = (1280x720, CV_8U, CV_16U, CV_64F)
[ PERFSTAT ]    (samples=13   mean=0.02   median=0.02   min=0.02   stddev=0.00 (2.4%))
[       OK ] Sz_3Depth_AddWeighted.AddWeighted/7 (5 ms)
[ RUN      ] Sz_3Depth_AddWeighted.AddWeighted/8, where GetParam() = (1280x720, CV_8U, CV_32F, CV_8U)
[ PERFSTAT ]    (samples=13   mean=0.01   median=0.01   min=0.01   stddev=0.00 (2.6%))
[       OK ] Sz_3Depth_AddWeighted.AddWeighted/8 (4 ms)
[ RUN      ] Sz_3Depth_AddWeighted.AddWeighted/9, where GetParam() = (1280x720, CV_8U, CV_32F, CV_16U)
[ PERFSTAT ]    (samples=13   mean=0.01   median=0.01   min=0.01   stddev=0.00 (2.3%))
[       OK ] Sz_3Depth_AddWeighted.AddWeighted/9 (4 ms)
[ RUN      ] Sz_3Depth_AddWeighted.AddWeighted/10, where GetParam() = (1280x720, CV_8U, CV_32F, CV_32F)
[ PERFSTAT ]    (samples=20   mean=0.01   median=0.01   min=0.01   stddev=0.00 (3.0%))
[       OK ] Sz_3Depth_AddWeighted.AddWeighted/10 (4 ms)
[ RUN      ] Sz_3Depth_AddWeighted.AddWeighted/11, where GetParam() = (1280x720, CV_8U, CV_32F, CV_64F)
[ PERFSTAT ]    (samples=13   mean=0.02   median=0.02   min=0.02   stddev=0.00 (2.3%))
[       OK ] Sz_3Depth_AddWeighted.AddWeighted/11 (5 ms)
[ RUN      ] Sz_3Depth_AddWeighted.AddWeighted/12, where GetParam() = (1280x720, CV_8U, CV_64F, CV_8U)
[ PERFSTAT ]    (samples=13   mean=0.02   median=0.02   min=0.02   stddev=0.00 (2.4%))
[       OK ] Sz_3Depth_AddWeighted.AddWeighted/12 (5 ms)
[ RUN      ] Sz_3Depth_AddWeighted.AddWeighted/13, where GetParam() = (1280x720, CV_8U, CV_64F, CV_16U)
[ PERFSTAT ]    (samples=13   mean=0.02   median=0.02   min=0.02   stddev=0.00 (2.8%))
[       OK ] Sz_3Depth_AddWeighted.AddWeighted/13 (4 ms)
[ RUN      ] Sz_3Depth_AddWeighted.AddWeighted/14, where GetParam() = (1280x720, CV_8U, CV_64F, CV_32F)
[ PERFSTAT ]    (samples=13   mean=0.02   median=0.02   min=0.02   stddev=0.00 (2.4%))
[       OK ] Sz_3Depth_AddWeighted.AddWeighted/14 (5 ms)
[ RUN      ] Sz_3Depth_AddWeighted.AddWeighted/15, where GetParam() = (1280x720, CV_8U, CV_64F, CV_64F)
[ PERFSTAT ]    (samples=13   mean=0.02   median=0.02   min=0.02   stddev=0.00 (2.6%))
[       OK ] Sz_3Depth_AddWeighted.AddWeighted/15 (6 ms)
[ RUN      ] Sz_3Depth_AddWeighted.AddWeighted/16, where GetParam() = (1280x720, CV_16U, CV_8U, CV_8U)
[ PERFSTAT ]    (samples=13   mean=0.01   median=0.01   min=0.01   stddev=0.00 (2.4%))
[       OK ] Sz_3Depth_AddWeighted.AddWeighted/16 (3 ms)
[ RUN      ] Sz_3Depth_AddWeighted.AddWeighted/17, where GetParam() = (1280x720, CV_16U, CV_8U, CV_16U)
[ PERFSTAT ]    (samples=14   mean=0.01   median=0.01   min=0.01   stddev=0.00 (2.9%))
[       OK ] Sz_3Depth_AddWeighted.AddWeighted/17 (4 ms)
[ RUN      ] Sz_3Depth_AddWeighted.AddWeighted/18, where GetParam() = (1280x720, CV_16U, CV_8U, CV_32F)
[ PERFSTAT ]    (samples=13   mean=0.01   median=0.01   min=0.01   stddev=0.00 (1.8%))
[       OK ] Sz_3Depth_AddWeighted.AddWeighted/18 (4 ms)
[ RUN      ] Sz_3Depth_AddWeighted.AddWeighted/19, where GetParam() = (1280x720, CV_16U, CV_8U, CV_64F)
[ PERFSTAT ]    (samples=13   mean=0.02   median=0.02   min=0.02   stddev=0.00 (1.9%))
[       OK ] Sz_3Depth_AddWeighted.AddWeighted/19 (5 ms)
[ RUN      ] Sz_3Depth_AddWeighted.AddWeighted/20, where GetParam() = (1280x720, CV_16U, CV_16U, CV_8U)
[ PERFSTAT ]    (samples=13   mean=0.01   median=0.01   min=0.01   stddev=0.00 (2.7%))
[       OK ] Sz_3Depth_AddWeighted.AddWeighted/20 (4 ms)
[ RUN      ] Sz_3Depth_AddWeighted.AddWeighted/21, where GetParam() = (1280x720, CV_16U, CV_16U, CV_16U)
[ PERFSTAT ]    (samples=13   mean=0.01   median=0.01   min=0.01   stddev=0.00 (1.9%))
[       OK ] Sz_3Depth_AddWeighted.AddWeighted/21 (5 ms)
[ RUN      ] Sz_3Depth_AddWeighted.AddWeighted/22, where GetParam() = (1280x720, CV_16U, CV_16U, CV_32F)
[ PERFSTAT ]    (samples=13   mean=0.01   median=0.01   min=0.01   stddev=0.00 (1.9%))
[       OK ] Sz_3Depth_AddWeighted.AddWeighted/22 (4 ms)
[ RUN      ] Sz_3Depth_AddWeighted.AddWeighted/23, where GetParam() = (1280x720, CV_16U, CV_16U, CV_64F)
[ PERFSTAT ]    (samples=13   mean=0.02   median=0.02   min=0.02   stddev=0.00 (2.3%))
[       OK ] Sz_3Depth_AddWeighted.AddWeighted/23 (6 ms)
[ RUN      ] Sz_3Depth_AddWeighted.AddWeighted/24, where GetParam() = (1280x720, CV_16U, CV_32F, CV_8U)
[ PERFSTAT ]    (samples=13   mean=0.02   median=0.02   min=0.01   stddev=0.00 (2.4%))
[       OK ] Sz_3Depth_AddWeighted.AddWeighted/24 (4 ms)
[ RUN      ] Sz_3Depth_AddWeighted.AddWeighted/25, where GetParam() = (1280x720, CV_16U, CV_32F, CV_16U)
[ PERFSTAT ]    (samples=13   mean=0.01   median=0.01   min=0.01   stddev=0.00 (1.5%))
[       OK ] Sz_3Depth_AddWeighted.AddWeighted/25 (5 ms)
[ RUN      ] Sz_3Depth_AddWeighted.AddWeighted/26, where GetParam() = (1280x720, CV_16U, CV_32F, CV_32F)
[ PERFSTAT ]    (samples=74   mean=0.01   median=0.01   min=0.01   stddev=0.00 (3.0%))
[       OK ] Sz_3Depth_AddWeighted.AddWeighted/26 (6 ms)
[ RUN      ] Sz_3Depth_AddWeighted.AddWeighted/27, where GetParam() = (1280x720, CV_16U, CV_32F, CV_64F)
[ PERFSTAT ]    (samples=13   mean=0.02   median=0.02   min=0.02   stddev=0.00 (1.8%))
[       OK ] Sz_3Depth_AddWeighted.AddWeighted/27 (6 ms)
[ RUN      ] Sz_3Depth_AddWeighted.AddWeighted/28, where GetParam() = (1280x720, CV_16U, CV_64F, CV_8U)
[ PERFSTAT ]    (samples=13   mean=0.02   median=0.02   min=0.02   stddev=0.00 (2.4%))
[       OK ] Sz_3Depth_AddWeighted.AddWeighted/28 (5 ms)
[ RUN      ] Sz_3Depth_AddWeighted.AddWeighted/29, where GetParam() = (1280x720, CV_16U, CV_64F, CV_16U)
[ PERFSTAT ]    (samples=13   mean=0.02   median=0.02   min=0.02   stddev=0.00 (2.0%))
[       OK ] Sz_3Depth_AddWeighted.AddWeighted/29 (5 ms)
[ RUN      ] Sz_3Depth_AddWeighted.AddWeighted/30, where GetParam() = (1280x720, CV_16U, CV_64F, CV_32F)
[ PERFSTAT ]    (samples=13   mean=0.02   median=0.02   min=0.02   stddev=0.00 (2.1%))
[       OK ] Sz_3Depth_AddWeighted.AddWeighted/30 (5 ms)
[ RUN      ] Sz_3Depth_AddWeighted.AddWeighted/31, where GetParam() = (1280x720, CV_16U, CV_64F, CV_64F)
[ PERFSTAT ]    (samples=25   mean=0.02   median=0.02   min=0.02   stddev=0.00 (2.3%))
[       OK ] Sz_3Depth_AddWeighted.AddWeighted/31 (7 ms)
[ RUN      ] Sz_3Depth_AddWeighted.AddWeighted/32, where GetParam() = (1280x720, CV_32F, CV_8U, CV_8U)
[ PERFSTAT ]    (samples=13   mean=0.01   median=0.01   min=0.01   stddev=0.00 (1.5%))
[       OK ] Sz_3Depth_AddWeighted.AddWeighted/32 (4 ms)
[ RUN      ] Sz_3Depth_AddWeighted.AddWeighted/33, where GetParam() = (1280x720, CV_32F, CV_8U, CV_16U)
[ PERFSTAT ]    (samples=13   mean=0.02   median=0.02   min=0.01   stddev=0.00 (1.5%))
[       OK ] Sz_3Depth_AddWeighted.AddWeighted/33 (4 ms)
[ RUN      ] Sz_3Depth_AddWeighted.AddWeighted/34, where GetParam() = (1280x720, CV_32F, CV_8U, CV_32F)
[ PERFSTAT ]    (samples=21   mean=0.01   median=0.01   min=0.01   stddev=0.00 (3.0%))
[       OK ] Sz_3Depth_AddWeighted.AddWeighted/34 (4 ms)
[ RUN      ] Sz_3Depth_AddWeighted.AddWeighted/35, where GetParam() = (1280x720, CV_32F, CV_8U, CV_64F)
[ PERFSTAT ]    (samples=13   mean=0.02   median=0.02   min=0.02   stddev=0.00 (2.7%))
[       OK ] Sz_3Depth_AddWeighted.AddWeighted/35 (5 ms)
[ RUN      ] Sz_3Depth_AddWeighted.AddWeighted/36, where GetParam() = (1280x720, CV_32F, CV_16U, CV_8U)
[ PERFSTAT ]    (samples=13   mean=0.01   median=0.01   min=0.01   stddev=0.00 (2.2%))
[       OK ] Sz_3Depth_AddWeighted.AddWeighted/36 (4 ms)
[ RUN      ] Sz_3Depth_AddWeighted.AddWeighted/37, where GetParam() = (1280x720, CV_32F, CV_16U, CV_16U)
[ PERFSTAT ]    (samples=13   mean=0.02   median=0.02   min=0.01   stddev=0.00 (2.4%))
[       OK ] Sz_3Depth_AddWeighted.AddWeighted/37 (6 ms)
[ RUN      ] Sz_3Depth_AddWeighted.AddWeighted/38, where GetParam() = (1280x720, CV_32F, CV_16U, CV_32F)
[ PERFSTAT ]    (samples=13   mean=0.01   median=0.01   min=0.01   stddev=0.00 (2.8%))
[       OK ] Sz_3Depth_AddWeighted.AddWeighted/38 (5 ms)
[ RUN      ] Sz_3Depth_AddWeighted.AddWeighted/39, where GetParam() = (1280x720, CV_32F, CV_16U, CV_64F)
[ PERFSTAT ]    (samples=13   mean=0.02   median=0.02   min=0.02   stddev=0.00 (1.5%))
[       OK ] Sz_3Depth_AddWeighted.AddWeighted/39 (6 ms)
[ RUN      ] Sz_3Depth_AddWeighted.AddWeighted/40, where GetParam() = (1280x720, CV_32F, CV_32F, CV_8U)
[ PERFSTAT ]    (samples=25   mean=0.01   median=0.01   min=0.01   stddev=0.00 (2.6%))
[       OK ] Sz_3Depth_AddWeighted.AddWeighted/40 (4 ms)
[ RUN      ] Sz_3Depth_AddWeighted.AddWeighted/41, where GetParam() = (1280x720, CV_32F, CV_32F, CV_16U)
[ PERFSTAT ]    (samples=24   mean=0.01   median=0.01   min=0.01   stddev=0.00 (2.9%))
[       OK ] Sz_3Depth_AddWeighted.AddWeighted/41 (5 ms)
[ RUN      ] Sz_3Depth_AddWeighted.AddWeighted/42, where GetParam() = (1280x720, CV_32F, CV_32F, CV_32F)
[ PERFSTAT ]    (samples=13   mean=0.01   median=0.01   min=0.01   stddev=0.00 (1.8%))
[       OK ] Sz_3Depth_AddWeighted.AddWeighted/42 (5 ms)
[ RUN      ] Sz_3Depth_AddWeighted.AddWeighted/43, where GetParam() = (1280x720, CV_32F, CV_32F, CV_64F)
[ PERFSTAT ]    (samples=13   mean=0.02   median=0.02   min=0.02   stddev=0.00 (2.9%))
[       OK ] Sz_3Depth_AddWeighted.AddWeighted/43 (6 ms)
[ RUN      ] Sz_3Depth_AddWeighted.AddWeighted/44, where GetParam() = (1280x720, CV_32F, CV_64F, CV_8U)
[ PERFSTAT ]    (samples=13   mean=0.02   median=0.02   min=0.02   stddev=0.00 (2.2%))
[       OK ] Sz_3Depth_AddWeighted.AddWeighted/44 (5 ms)
[ RUN      ] Sz_3Depth_AddWeighted.AddWeighted/45, where GetParam() = (1280x720, CV_32F, CV_64F, CV_16U)
[ PERFSTAT ]    (samples=21   mean=0.02   median=0.02   min=0.02   stddev=0.00 (3.0%))
[       OK ] Sz_3Depth_AddWeighted.AddWeighted/45 (6 ms)
[ RUN      ] Sz_3Depth_AddWeighted.AddWeighted/46, where GetParam() = (1280x720, CV_32F, CV_64F, CV_32F)
[ PERFSTAT ]    (samples=13   mean=0.02   median=0.02   min=0.02   stddev=0.00 (2.5%))
[       OK ] Sz_3Depth_AddWeighted.AddWeighted/46 (6 ms)
[ RUN      ] Sz_3Depth_AddWeighted.AddWeighted/47, where GetParam() = (1280x720, CV_32F, CV_64F, CV_64F)
[ PERFSTAT ]    (samples=13   mean=0.02   median=0.02   min=0.02   stddev=0.00 (2.8%))
[       OK ] Sz_3Depth_AddWeighted.AddWeighted/47 (7 ms)
[ RUN      ] Sz_3Depth_AddWeighted.AddWeighted/48, where GetParam() = (1280x720, CV_64F, CV_8U, CV_8U)
[ PERFSTAT ]    (samples=17   mean=0.02   median=0.02   min=0.02   stddev=0.00 (3.0%))
[       OK ] Sz_3Depth_AddWeighted.AddWeighted/48 (4 ms)
[ RUN      ] Sz_3Depth_AddWeighted.AddWeighted/49, where GetParam() = (1280x720, CV_64F, CV_8U, CV_16U)
[ PERFSTAT ]    (samples=25   mean=0.02   median=0.02   min=0.02   stddev=0.00 (1.7%))
[       OK ] Sz_3Depth_AddWeighted.AddWeighted/49 (5 ms)
[ RUN      ] Sz_3Depth_AddWeighted.AddWeighted/50, where GetParam() = (1280x720, CV_64F, CV_8U, CV_32F)
[ PERFSTAT ]    (samples=13   mean=0.02   median=0.02   min=0.02   stddev=0.00 (2.3%))
[       OK ] Sz_3Depth_AddWeighted.AddWeighted/50 (4 ms)
[ RUN      ] Sz_3Depth_AddWeighted.AddWeighted/51, where GetParam() = (1280x720, CV_64F, CV_8U, CV_64F)
[ PERFSTAT ]    (samples=13   mean=0.02   median=0.02   min=0.02   stddev=0.00 (2.5%))
[       OK ] Sz_3Depth_AddWeighted.AddWeighted/51 (6 ms)
[ RUN      ] Sz_3Depth_AddWeighted.AddWeighted/52, where GetParam() = (1280x720, CV_64F, CV_16U, CV_8U)
[ PERFSTAT ]    (samples=13   mean=0.02   median=0.02   min=0.02   stddev=0.00 (2.5%))
[       OK ] Sz_3Depth_AddWeighted.AddWeighted/52 (5 ms)
[ RUN      ] Sz_3Depth_AddWeighted.AddWeighted/53, where GetParam() = (1280x720, CV_64F, CV_16U, CV_16U)
[ PERFSTAT ]    (samples=13   mean=0.02   median=0.02   min=0.02   stddev=0.00 (2.1%))
[       OK ] Sz_3Depth_AddWeighted.AddWeighted/53 (5 ms)
[ RUN      ] Sz_3Depth_AddWeighted.AddWeighted/54, where GetParam() = (1280x720, CV_64F, CV_16U, CV_32F)
[ PERFSTAT ]    (samples=13   mean=0.02   median=0.02   min=0.02   stddev=0.00 (2.6%))
[       OK ] Sz_3Depth_AddWeighted.AddWeighted/54 (5 ms)
[ RUN      ] Sz_3Depth_AddWeighted.AddWeighted/55, where GetParam() = (1280x720, CV_64F, CV_16U, CV_64F)
[ PERFSTAT ]    (samples=13   mean=0.02   median=0.02   min=0.02   stddev=0.00 (2.4%))
[       OK ] Sz_3Depth_AddWeighted.AddWeighted/55 (6 ms)
[ RUN      ] Sz_3Depth_AddWeighted.AddWeighted/56, where GetParam() = (1280x720, CV_64F, CV_32F, CV_8U)
[ PERFSTAT ]    (samples=13   mean=0.02   median=0.02   min=0.02   stddev=0.00 (2.8%))
[       OK ] Sz_3Depth_AddWeighted.AddWeighted/56 (6 ms)
[ RUN      ] Sz_3Depth_AddWeighted.AddWeighted/57, where GetParam() = (1280x720, CV_64F, CV_32F, CV_16U)
[ PERFSTAT ]    (samples=13   mean=0.02   median=0.02   min=0.02   stddev=0.00 (1.6%))
[       OK ] Sz_3Depth_AddWeighted.AddWeighted/57 (5 ms)
[ RUN      ] Sz_3Depth_AddWeighted.AddWeighted/58, where GetParam() = (1280x720, CV_64F, CV_32F, CV_32F)
[ PERFSTAT ]    (samples=25   mean=0.02   median=0.02   min=0.02   stddev=0.00 (1.8%))
[       OK ] Sz_3Depth_AddWeighted.AddWeighted/58 (6 ms)
[ RUN      ] Sz_3Depth_AddWeighted.AddWeighted/59, where GetParam() = (1280x720, CV_64F, CV_32F, CV_64F)
[ PERFSTAT ]    (samples=25   mean=0.02   median=0.02   min=0.02   stddev=0.00 (2.5%))
[       OK ] Sz_3Depth_AddWeighted.AddWeighted/59 (7 ms)
[ RUN      ] Sz_3Depth_AddWeighted.AddWeighted/60, where GetParam() = (1280x720, CV_64F, CV_64F, CV_8U)
[ PERFSTAT ]    (samples=20   mean=0.02   median=0.02   min=0.02   stddev=0.00 (3.0%))
[       OK ] Sz_3Depth_AddWeighted.AddWeighted/60 (6 ms)
[ RUN      ] Sz_3Depth_AddWeighted.AddWeighted/61, where GetParam() = (1280x720, CV_64F, CV_64F, CV_16U)
[ PERFSTAT ]    (samples=13   mean=0.02   median=0.02   min=0.02   stddev=0.00 (2.1%))
[       OK ] Sz_3Depth_AddWeighted.AddWeighted/61 (6 ms)
[ RUN      ] Sz_3Depth_AddWeighted.AddWeighted/62, where GetParam() = (1280x720, CV_64F, CV_64F, CV_32F)
[ PERFSTAT ]    (samples=25   mean=0.02   median=0.02   min=0.02   stddev=0.00 (2.3%))
[       OK ] Sz_3Depth_AddWeighted.AddWeighted/62 (7 ms)
[ RUN      ] Sz_3Depth_AddWeighted.AddWeighted/63, where GetParam() = (1280x720, CV_64F, CV_64F, CV_64F)
[ PERFSTAT ]    (samples=18   mean=0.02   median=0.02   min=0.02   stddev=0.00 (3.0%))
[       OK ] Sz_3Depth_AddWeighted.AddWeighted/63 (9 ms)
[ RUN      ] Sz_3Depth_AddWeighted.AddWeighted/64, where GetParam() = (1280x1024, CV_8U, CV_8U, CV_8U)
[ PERFSTAT ]    (samples=25   mean=0.01   median=0.01   min=0.01   stddev=0.00 (2.3%))
[       OK ] Sz_3Depth_AddWeighted.AddWeighted/64 (4 ms)
[ RUN      ] Sz_3Depth_AddWeighted.AddWeighted/65, where GetParam() = (1280x1024, CV_8U, CV_8U, CV_16U)
[ PERFSTAT ]    (samples=13   mean=0.02   median=0.02   min=0.01   stddev=0.00 (2.3%))
[       OK ] Sz_3Depth_AddWeighted.AddWeighted/65 (3 ms)
[ RUN      ] Sz_3Depth_AddWeighted.AddWeighted/66, where GetParam() = (1280x1024, CV_8U, CV_8U, CV_32F)
[ PERFSTAT ]    (samples=13   mean=0.02   median=0.02   min=0.02   stddev=0.00 (1.5%))
[       OK ] Sz_3Depth_AddWeighted.AddWeighted/66 (5 ms)
[ RUN      ] Sz_3Depth_AddWeighted.AddWeighted/67, where GetParam() = (1280x1024, CV_8U, CV_8U, CV_64F)
[ PERFSTAT ]    (samples=13   mean=0.02   median=0.02   min=0.02   stddev=0.00 (2.3%))
[       OK ] Sz_3Depth_AddWeighted.AddWeighted/67 (5 ms)
[ RUN      ] Sz_3Depth_AddWeighted.AddWeighted/68, where GetParam() = (1280x1024, CV_8U, CV_16U, CV_8U)
[ PERFSTAT ]    (samples=13   mean=0.01   median=0.01   min=0.01   stddev=0.00 (2.8%))
[       OK ] Sz_3Depth_AddWeighted.AddWeighted/68 (4 ms)
[ RUN      ] Sz_3Depth_AddWeighted.AddWeighted/69, where GetParam() = (1280x1024, CV_8U, CV_16U, CV_16U)
[ PERFSTAT ]    (samples=13   mean=0.02   median=0.02   min=0.01   stddev=0.00 (2.6%))
[       OK ] Sz_3Depth_AddWeighted.AddWeighted/69 (5 ms)
[ RUN      ] Sz_3Depth_AddWeighted.AddWeighted/70, where GetParam() = (1280x1024, CV_8U, CV_16U, CV_32F)
[ PERFSTAT ]    (samples=13   mean=0.02   median=0.02   min=0.02   stddev=0.00 (1.4%))
[       OK ] Sz_3Depth_AddWeighted.AddWeighted/70 (5 ms)
[ RUN      ] Sz_3Depth_AddWeighted.AddWeighted/71, where GetParam() = (1280x1024, CV_8U, CV_16U, CV_64F)
[ PERFSTAT ]    (samples=13   mean=0.02   median=0.02   min=0.02   stddev=0.00 (1.8%))
[       OK ] Sz_3Depth_AddWeighted.AddWeighted/71 (6 ms)
[ RUN      ] Sz_3Depth_AddWeighted.AddWeighted/72, where GetParam() = (1280x1024, CV_8U, CV_32F, CV_8U)
[ PERFSTAT ]    (samples=13   mean=0.01   median=0.01   min=0.01   stddev=0.00 (2.0%))
[       OK ] Sz_3Depth_AddWeighted.AddWeighted/72 (5 ms)
[ RUN      ] Sz_3Depth_AddWeighted.AddWeighted/73, where GetParam() = (1280x1024, CV_8U, CV_32F, CV_16U)
[ PERFSTAT ]    (samples=13   mean=0.02   median=0.02   min=0.02   stddev=0.00 (1.2%))
[       OK ] Sz_3Depth_AddWeighted.AddWeighted/73 (5 ms)
[ RUN      ] Sz_3Depth_AddWeighted.AddWeighted/74, where GetParam() = (1280x1024, CV_8U, CV_32F, CV_32F)
[ PERFSTAT ]    (samples=13   mean=0.02   median=0.02   min=0.02   stddev=0.00 (1.7%))
[       OK ] Sz_3Depth_AddWeighted.AddWeighted/74 (5 ms)
[ RUN      ] Sz_3Depth_AddWeighted.AddWeighted/75, where GetParam() = (1280x1024, CV_8U, CV_32F, CV_64F)
[ PERFSTAT ]    (samples=13   mean=0.02   median=0.02   min=0.02   stddev=0.00 (2.2%))
[       OK ] Sz_3Depth_AddWeighted.AddWeighted/75 (7 ms)
[ RUN      ] Sz_3Depth_AddWeighted.AddWeighted/76, where GetParam() = (1280x1024, CV_8U, CV_64F, CV_8U)
[ PERFSTAT ]    (samples=17   mean=0.02   median=0.02   min=0.02   stddev=0.00 (3.0%))
[       OK ] Sz_3Depth_AddWeighted.AddWeighted/76 (6 ms)
[ RUN      ] Sz_3Depth_AddWeighted.AddWeighted/77, where GetParam() = (1280x1024, CV_8U, CV_64F, CV_16U)
[ PERFSTAT ]    (samples=13   mean=0.02   median=0.02   min=0.02   stddev=0.00 (2.9%))
[       OK ] Sz_3Depth_AddWeighted.AddWeighted/77 (6 ms)
[ RUN      ] Sz_3Depth_AddWeighted.AddWeighted/78, where GetParam() = (1280x1024, CV_8U, CV_64F, CV_32F)
[ PERFSTAT ]    (samples=13   mean=0.02   median=0.02   min=0.02   stddev=0.00 (2.6%))
[       OK ] Sz_3Depth_AddWeighted.AddWeighted/78 (6 ms)
[ RUN      ] Sz_3Depth_AddWeighted.AddWeighted/79, where GetParam() = (1280x1024, CV_8U, CV_64F, CV_64F)
[ PERFSTAT ]    (samples=13   mean=0.02   median=0.02   min=0.02   stddev=0.00 (2.8%))
[       OK ] Sz_3Depth_AddWeighted.AddWeighted/79 (8 ms)
[ RUN      ] Sz_3Depth_AddWeighted.AddWeighted/80, where GetParam() = (1280x1024, CV_16U, CV_8U, CV_8U)
[ PERFSTAT ]    (samples=25   mean=0.01   median=0.01   min=0.01   stddev=0.00 (1.6%))
[       OK ] Sz_3Depth_AddWeighted.AddWeighted/80 (5 ms)
[ RUN      ] Sz_3Depth_AddWeighted.AddWeighted/81, where GetParam() = (1280x1024, CV_16U, CV_8U, CV_16U)
[ PERFSTAT ]    (samples=13   mean=0.02   median=0.01   min=0.01   stddev=0.00 (2.1%))
[       OK ] Sz_3Depth_AddWeighted.AddWeighted/81 (5 ms)
[ RUN      ] Sz_3Depth_AddWeighted.AddWeighted/82, where GetParam() = (1280x1024, CV_16U, CV_8U, CV_32F)
[ PERFSTAT ]    (samples=13   mean=0.02   median=0.02   min=0.02   stddev=0.00 (2.4%))
[       OK ] Sz_3Depth_AddWeighted.AddWeighted/82 (5 ms)
[ RUN      ] Sz_3Depth_AddWeighted.AddWeighted/83, where GetParam() = (1280x1024, CV_16U, CV_8U, CV_64F)
[ PERFSTAT ]    (samples=13   mean=0.02   median=0.02   min=0.02   stddev=0.00 (2.3%))
[       OK ] Sz_3Depth_AddWeighted.AddWeighted/83 (6 ms)
[ RUN      ] Sz_3Depth_AddWeighted.AddWeighted/84, where GetParam() = (1280x1024, CV_16U, CV_16U, CV_8U)
[ PERFSTAT ]    (samples=13   mean=0.02   median=0.01   min=0.01   stddev=0.00 (2.1%))
[       OK ] Sz_3Depth_AddWeighted.AddWeighted/84 (6 ms)
[ RUN      ] Sz_3Depth_AddWeighted.AddWeighted/85, where GetParam() = (1280x1024, CV_16U, CV_16U, CV_16U)
[ PERFSTAT ]    (samples=13   mean=0.02   median=0.02   min=0.01   stddev=0.00 (1.5%))
[       OK ] Sz_3Depth_AddWeighted.AddWeighted/85 (5 ms)
[ RUN      ] Sz_3Depth_AddWeighted.AddWeighted/86, where GetParam() = (1280x1024, CV_16U, CV_16U, CV_32F)
[ PERFSTAT ]    (samples=13   mean=0.02   median=0.02   min=0.02   stddev=0.00 (2.4%))
[       OK ] Sz_3Depth_AddWeighted.AddWeighted/86 (7 ms)
[ RUN      ] Sz_3Depth_AddWeighted.AddWeighted/87, where GetParam() = (1280x1024, CV_16U, CV_16U, CV_64F)
[ PERFSTAT ]    (samples=13   mean=0.02   median=0.02   min=0.02   stddev=0.00 (2.0%))
[       OK ] Sz_3Depth_AddWeighted.AddWeighted/87 (7 ms)
[ RUN      ] Sz_3Depth_AddWeighted.AddWeighted/88, where GetParam() = (1280x1024, CV_16U, CV_32F, CV_8U)
[ PERFSTAT ]    (samples=13   mean=0.01   median=0.01   min=0.01   stddev=0.00 (3.0%))
[       OK ] Sz_3Depth_AddWeighted.AddWeighted/88 (6 ms)
[ RUN      ] Sz_3Depth_AddWeighted.AddWeighted/89, where GetParam() = (1280x1024, CV_16U, CV_32F, CV_16U)
[ PERFSTAT ]    (samples=13   mean=0.02   median=0.02   min=0.02   stddev=0.00 (2.6%))
[       OK ] Sz_3Depth_AddWeighted.AddWeighted/89 (6 ms)
[ RUN      ] Sz_3Depth_AddWeighted.AddWeighted/90, where GetParam() = (1280x1024, CV_16U, CV_32F, CV_32F)
[ PERFSTAT ]    (samples=25   mean=0.02   median=0.02   min=0.02   stddev=0.00 (3.0%))
[       OK ] Sz_3Depth_AddWeighted.AddWeighted/90 (6 ms)
[ RUN      ] Sz_3Depth_AddWeighted.AddWeighted/91, where GetParam() = (1280x1024, CV_16U, CV_32F, CV_64F)
[ PERFSTAT ]    (samples=13   mean=0.02   median=0.02   min=0.02   stddev=0.00 (1.5%))
[       OK ] Sz_3Depth_AddWeighted.AddWeighted/91 (8 ms)
[ RUN      ] Sz_3Depth_AddWeighted.AddWeighted/92, where GetParam() = (1280x1024, CV_16U, CV_64F, CV_8U)
[ PERFSTAT ]    (samples=17   mean=0.02   median=0.02   min=0.02   stddev=0.00 (2.9%))
[       OK ] Sz_3Depth_AddWeighted.AddWeighted/92 (7 ms)
[ RUN      ] Sz_3Depth_AddWeighted.AddWeighted/93, where GetParam() = (1280x1024, CV_16U, CV_64F, CV_16U)
[ PERFSTAT ]    (samples=13   mean=0.02   median=0.02   min=0.02   stddev=0.00 (2.2%))
[       OK ] Sz_3Depth_AddWeighted.AddWeighted/93 (7 ms)
[ RUN      ] Sz_3Depth_AddWeighted.AddWeighted/94, where GetParam() = (1280x1024, CV_16U, CV_64F, CV_32F)
[ PERFSTAT ]    (samples=25   mean=0.02   median=0.02   min=0.02   stddev=0.00 (2.3%))
[       OK ] Sz_3Depth_AddWeighted.AddWeighted/94 (8 ms)
[ RUN      ] Sz_3Depth_AddWeighted.AddWeighted/95, where GetParam() = (1280x1024, CV_16U, CV_64F, CV_64F)
[ PERFSTAT ]    (samples=14   mean=0.02   median=0.02   min=0.02   stddev=0.00 (3.0%))
[       OK ] Sz_3Depth_AddWeighted.AddWeighted/95 (9 ms)
[ RUN      ] Sz_3Depth_AddWeighted.AddWeighted/96, where GetParam() = (1280x1024, CV_32F, CV_8U, CV_8U)
[ PERFSTAT ]    (samples=13   mean=0.01   median=0.01   min=0.01   stddev=0.00 (2.5%))
[       OK ] Sz_3Depth_AddWeighted.AddWeighted/96 (5 ms)
[ RUN      ] Sz_3Depth_AddWeighted.AddWeighted/97, where GetParam() = (1280x1024, CV_32F, CV_8U, CV_16U)
[ PERFSTAT ]    (samples=13   mean=0.02   median=0.02   min=0.02   stddev=0.00 (1.9%))
[       OK ] Sz_3Depth_AddWeighted.AddWeighted/97 (5 ms)
[ RUN      ] Sz_3Depth_AddWeighted.AddWeighted/98, where GetParam() = (1280x1024, CV_32F, CV_8U, CV_32F)
[ PERFSTAT ]    (samples=13   mean=0.02   median=0.02   min=0.02   stddev=0.00 (2.6%))
[       OK ] Sz_3Depth_AddWeighted.AddWeighted/98 (5 ms)
[ RUN      ] Sz_3Depth_AddWeighted.AddWeighted/99, where GetParam() = (1280x1024, CV_32F, CV_8U, CV_64F)
[ PERFSTAT ]    (samples=13   mean=0.02   median=0.02   min=0.02   stddev=0.00 (1.9%))
[       OK ] Sz_3Depth_AddWeighted.AddWeighted/99 (7 ms)
[ RUN      ] Sz_3Depth_AddWeighted.AddWeighted/100, where GetParam() = (1280x1024, CV_32F, CV_16U, CV_8U)
[ PERFSTAT ]    (samples=13   mean=0.01   median=0.01   min=0.01   stddev=0.00 (2.2%))
[       OK ] Sz_3Depth_AddWeighted.AddWeighted/100 (6 ms)
[ RUN      ] Sz_3Depth_AddWeighted.AddWeighted/101, where GetParam() = (1280x1024, CV_32F, CV_16U, CV_16U)
[ PERFSTAT ]    (samples=13   mean=0.02   median=0.02   min=0.02   stddev=0.00 (1.6%))
[       OK ] Sz_3Depth_AddWeighted.AddWeighted/101 (6 ms)
[ RUN      ] Sz_3Depth_AddWeighted.AddWeighted/102, where GetParam() = (1280x1024, CV_32F, CV_16U, CV_32F)
[ PERFSTAT ]    (samples=25   mean=0.02   median=0.02   min=0.02   stddev=0.00 (2.0%))
[       OK ] Sz_3Depth_AddWeighted.AddWeighted/102 (6 ms)
[ RUN      ] Sz_3Depth_AddWeighted.AddWeighted/103, where GetParam() = (1280x1024, CV_32F, CV_16U, CV_64F)
[ PERFSTAT ]    (samples=13   mean=0.02   median=0.02   min=0.02   stddev=0.00 (2.4%))
[       OK ] Sz_3Depth_AddWeighted.AddWeighted/103 (9 ms)
[ RUN      ] Sz_3Depth_AddWeighted.AddWeighted/104, where GetParam() = (1280x1024, CV_32F, CV_32F, CV_8U)
[ PERFSTAT ]    (samples=25   mean=0.02   median=0.02   min=0.01   stddev=0.00 (2.4%))
[       OK ] Sz_3Depth_AddWeighted.AddWeighted/104 (7 ms)
[ RUN      ] Sz_3Depth_AddWeighted.AddWeighted/105, where GetParam() = (1280x1024, CV_32F, CV_32F, CV_16U)
[ PERFSTAT ]    (samples=13   mean=0.02   median=0.02   min=0.02   stddev=0.00 (2.1%))
[       OK ] Sz_3Depth_AddWeighted.AddWeighted/105 (6 ms)
[ RUN      ] Sz_3Depth_AddWeighted.AddWeighted/106, where GetParam() = (1280x1024, CV_32F, CV_32F, CV_32F)
[ PERFSTAT ]    (samples=16   mean=0.02   median=0.02   min=0.02   stddev=0.00 (3.0%))
[       OK ] Sz_3Depth_AddWeighted.AddWeighted/106 (7 ms)
[ RUN      ] Sz_3Depth_AddWeighted.AddWeighted/107, where GetParam() = (1280x1024, CV_32F, CV_32F, CV_64F)
[ PERFSTAT ]    (samples=13   mean=0.02   median=0.02   min=0.02   stddev=0.00 (2.6%))
[       OK ] Sz_3Depth_AddWeighted.AddWeighted/107 (8 ms)
[ RUN      ] Sz_3Depth_AddWeighted.AddWeighted/108, where GetParam() = (1280x1024, CV_32F, CV_64F, CV_8U)
[ PERFSTAT ]    (samples=13   mean=0.02   median=0.02   min=0.02   stddev=0.00 (2.4%))
[       OK ] Sz_3Depth_AddWeighted.AddWeighted/108 (7 ms)
[ RUN      ] Sz_3Depth_AddWeighted.AddWeighted/109, where GetParam() = (1280x1024, CV_32F, CV_64F, CV_16U)
[ PERFSTAT ]    (samples=26   mean=0.02   median=0.02   min=0.02   stddev=0.00 (3.0%))
[       OK ] Sz_3Depth_AddWeighted.AddWeighted/109 (8 ms)
[ RUN      ] Sz_3Depth_AddWeighted.AddWeighted/110, where GetParam() = (1280x1024, CV_32F, CV_64F, CV_32F)
[ PERFSTAT ]    (samples=13   mean=0.02   median=0.02   min=0.02   stddev=0.00 (2.4%))
[       OK ] Sz_3Depth_AddWeighted.AddWeighted/110 (8 ms)
[ RUN      ] Sz_3Depth_AddWeighted.AddWeighted/111, where GetParam() = (1280x1024, CV_32F, CV_64F, CV_64F)
[ PERFSTAT ]    (samples=15   mean=0.02   median=0.02   min=0.02   stddev=0.00 (2.9%))
[       OK ] Sz_3Depth_AddWeighted.AddWeighted/111 (10 ms)
[ RUN      ] Sz_3Depth_AddWeighted.AddWeighted/112, where GetParam() = (1280x1024, CV_64F, CV_8U, CV_8U)
[ PERFSTAT ]    (samples=13   mean=0.02   median=0.02   min=0.02   stddev=0.00 (2.4%))
[       OK ] Sz_3Depth_AddWeighted.AddWeighted/112 (6 ms)
[ RUN      ] Sz_3Depth_AddWeighted.AddWeighted/113, where GetParam() = (1280x1024, CV_64F, CV_8U, CV_16U)
[ PERFSTAT ]    (samples=13   mean=0.02   median=0.02   min=0.02   stddev=0.00 (2.5%))
[       OK ] Sz_3Depth_AddWeighted.AddWeighted/113 (6 ms)
[ RUN      ] Sz_3Depth_AddWeighted.AddWeighted/114, where GetParam() = (1280x1024, CV_64F, CV_8U, CV_32F)
[ PERFSTAT ]    (samples=13   mean=0.02   median=0.02   min=0.02   stddev=0.00 (2.9%))
[       OK ] Sz_3Depth_AddWeighted.AddWeighted/114 (7 ms)
[ RUN      ] Sz_3Depth_AddWeighted.AddWeighted/115, where GetParam() = (1280x1024, CV_64F, CV_8U, CV_64F)
[ PERFSTAT ]    (samples=13   mean=0.02   median=0.02   min=0.02   stddev=0.00 (2.1%))
[       OK ] Sz_3Depth_AddWeighted.AddWeighted/115 (7 ms)
[ RUN      ] Sz_3Depth_AddWeighted.AddWeighted/116, where GetParam() = (1280x1024, CV_64F, CV_16U, CV_8U)
[ PERFSTAT ]    (samples=25   mean=0.02   median=0.02   min=0.02   stddev=0.00 (3.0%))
[       OK ] Sz_3Depth_AddWeighted.AddWeighted/116 (8 ms)
[ RUN      ] Sz_3Depth_AddWeighted.AddWeighted/117, where GetParam() = (1280x1024, CV_64F, CV_16U, CV_16U)
[ PERFSTAT ]    (samples=13   mean=0.02   median=0.02   min=0.02   stddev=0.00 (2.8%))
[       OK ] Sz_3Depth_AddWeighted.AddWeighted/117 (7 ms)
[ RUN      ] Sz_3Depth_AddWeighted.AddWeighted/118, where GetParam() = (1280x1024, CV_64F, CV_16U, CV_32F)
[ PERFSTAT ]    (samples=25   mean=0.02   median=0.02   min=0.02   stddev=0.00 (2.8%))
[       OK ] Sz_3Depth_AddWeighted.AddWeighted/118 (8 ms)
[ RUN      ] Sz_3Depth_AddWeighted.AddWeighted/119, where GetParam() = (1280x1024, CV_64F, CV_16U, CV_64F)
[ PERFSTAT ]    (samples=25   mean=0.02   median=0.02   min=0.02   stddev=0.00 (2.7%))
[       OK ] Sz_3Depth_AddWeighted.AddWeighted/119 (9 ms)
[ RUN      ] Sz_3Depth_AddWeighted.AddWeighted/120, where GetParam() = (1280x1024, CV_64F, CV_32F, CV_8U)
[ PERFSTAT ]    (samples=17   mean=0.02   median=0.02   min=0.02   stddev=0.00 (3.0%))
[       OK ] Sz_3Depth_AddWeighted.AddWeighted/120 (7 ms)
[ RUN      ] Sz_3Depth_AddWeighted.AddWeighted/121, where GetParam() = (1280x1024, CV_64F, CV_32F, CV_16U)
[ PERFSTAT ]    (samples=13   mean=0.02   median=0.02   min=0.02   stddev=0.00 (2.8%))
[       OK ] Sz_3Depth_AddWeighted.AddWeighted/121 (8 ms)
[ RUN      ] Sz_3Depth_AddWeighted.AddWeighted/122, where GetParam() = (1280x1024, CV_64F, CV_32F, CV_32F)
[ PERFSTAT ]    (samples=13   mean=0.02   median=0.02   min=0.02   stddev=0.00 (2.7%))
[       OK ] Sz_3Depth_AddWeighted.AddWeighted/122 (8 ms)
[ RUN      ] Sz_3Depth_AddWeighted.AddWeighted/123, where GetParam() = (1280x1024, CV_64F, CV_32F, CV_64F)
[ PERFSTAT ]    (samples=25   mean=0.02   median=0.02   min=0.02   stddev=0.00 (2.6%))
[       OK ] Sz_3Depth_AddWeighted.AddWeighted/123 (9 ms)
[ RUN      ] Sz_3Depth_AddWeighted.AddWeighted/124, where GetParam() = (1280x1024, CV_64F, CV_64F, CV_8U)
[ PERFSTAT ]    (samples=13   mean=0.02   median=0.02   min=0.02   stddev=0.00 (2.1%))
[       OK ] Sz_3Depth_AddWeighted.AddWeighted/124 (9 ms)
[ RUN      ] Sz_3Depth_AddWeighted.AddWeighted/125, where GetParam() = (1280x1024, CV_64F, CV_64F, CV_16U)
[ PERFSTAT ]    (samples=16   mean=0.02   median=0.02   min=0.02   stddev=0.00 (2.9%))
[       OK ] Sz_3Depth_AddWeighted.AddWeighted/125 (9 ms)
[ RUN      ] Sz_3Depth_AddWeighted.AddWeighted/126, where GetParam() = (1280x1024, CV_64F, CV_64F, CV_32F)
[ PERFSTAT ]    (samples=18   mean=0.02   median=0.02   min=0.02   stddev=0.00 (3.0%))
[       OK ] Sz_3Depth_AddWeighted.AddWeighted/126 (10 ms)
[ RUN      ] Sz_3Depth_AddWeighted.AddWeighted/127, where GetParam() = (1280x1024, CV_64F, CV_64F, CV_64F)
[ PERFSTAT ]    (samples=25   mean=0.03   median=0.03   min=0.03   stddev=0.00 (2.8%))
[       OK ] Sz_3Depth_AddWeighted.AddWeighted/127 (11 ms)
[ RUN      ] Sz_3Depth_AddWeighted.AddWeighted/128, where GetParam() = (1920x1080, CV_8U, CV_8U, CV_8U)
[ PERFSTAT ]    (samples=13   mean=0.02   median=0.02   min=0.02   stddev=0.00 (1.2%))
[       OK ] Sz_3Depth_AddWeighted.AddWeighted/128 (5 ms)
[ RUN      ] Sz_3Depth_AddWeighted.AddWeighted/129, where GetParam() = (1920x1080, CV_8U, CV_8U, CV_16U)
[ PERFSTAT ]    (samples=13   mean=0.02   median=0.02   min=0.02   stddev=0.00 (2.0%))
[       OK ] Sz_3Depth_AddWeighted.AddWeighted/129 (5 ms)
[ RUN      ] Sz_3Depth_AddWeighted.AddWeighted/130, where GetParam() = (1920x1080, CV_8U, CV_8U, CV_32F)
[ PERFSTAT ]    (samples=13   mean=0.02   median=0.02   min=0.02   stddev=0.00 (1.8%))
[       OK ] Sz_3Depth_AddWeighted.AddWeighted/130 (6 ms)
[ RUN      ] Sz_3Depth_AddWeighted.AddWeighted/131, where GetParam() = (1920x1080, CV_8U, CV_8U, CV_64F)
[ PERFSTAT ]    (samples=13   mean=0.02   median=0.02   min=0.02   stddev=0.00 (2.2%))
[       OK ] Sz_3Depth_AddWeighted.AddWeighted/131 (8 ms)
[ RUN      ] Sz_3Depth_AddWeighted.AddWeighted/132, where GetParam() = (1920x1080, CV_8U, CV_16U, CV_8U)
[ PERFSTAT ]    (samples=13   mean=0.02   median=0.02   min=0.02   stddev=0.00 (2.5%))
[       OK ] Sz_3Depth_AddWeighted.AddWeighted/132 (6 ms)
[ RUN      ] Sz_3Depth_AddWeighted.AddWeighted/133, where GetParam() = (1920x1080, CV_8U, CV_16U, CV_16U)
[ PERFSTAT ]    (samples=13   mean=0.02   median=0.02   min=0.02   stddev=0.00 (2.2%))
[       OK ] Sz_3Depth_AddWeighted.AddWeighted/133 (7 ms)
[ RUN      ] Sz_3Depth_AddWeighted.AddWeighted/134, where GetParam() = (1920x1080, CV_8U, CV_16U, CV_32F)
[ PERFSTAT ]    (samples=25   mean=0.02   median=0.02   min=0.02   stddev=0.00 (1.5%))
[       OK ] Sz_3Depth_AddWeighted.AddWeighted/134 (8 ms)
[ RUN      ] Sz_3Depth_AddWeighted.AddWeighted/135, where GetParam() = (1920x1080, CV_8U, CV_16U, CV_64F)
[ PERFSTAT ]    (samples=13   mean=0.02   median=0.02   min=0.02   stddev=0.00 (2.0%))
[       OK ] Sz_3Depth_AddWeighted.AddWeighted/135 (9 ms)
[ RUN      ] Sz_3Depth_AddWeighted.AddWeighted/136, where GetParam() = (1920x1080, CV_8U, CV_32F, CV_8U)
[ PERFSTAT ]    (samples=13   mean=0.02   median=0.02   min=0.02   stddev=0.00 (2.3%))
[       OK ] Sz_3Depth_AddWeighted.AddWeighted/136 (7 ms)
[ RUN      ] Sz_3Depth_AddWeighted.AddWeighted/137, where GetParam() = (1920x1080, CV_8U, CV_32F, CV_16U)
[ PERFSTAT ]    (samples=13   mean=0.02   median=0.02   min=0.02   stddev=0.00 (2.6%))
[       OK ] Sz_3Depth_AddWeighted.AddWeighted/137 (8 ms)
[ RUN      ] Sz_3Depth_AddWeighted.AddWeighted/138, where GetParam() = (1920x1080, CV_8U, CV_32F, CV_32F)
[ PERFSTAT ]    (samples=13   mean=0.02   median=0.02   min=0.02   stddev=0.00 (1.5%))
[       OK ] Sz_3Depth_AddWeighted.AddWeighted/138 (8 ms)
[ RUN      ] Sz_3Depth_AddWeighted.AddWeighted/139, where GetParam() = (1920x1080, CV_8U, CV_32F, CV_64F)
[ PERFSTAT ]    (samples=25   mean=0.03   median=0.03   min=0.02   stddev=0.00 (1.8%))
[       OK ] Sz_3Depth_AddWeighted.AddWeighted/139 (10 ms)
[ RUN      ] Sz_3Depth_AddWeighted.AddWeighted/140, where GetParam() = (1920x1080, CV_8U, CV_64F, CV_8U)
[ PERFSTAT ]    (samples=13   mean=0.02   median=0.02   min=0.02   stddev=0.00 (2.0%))
[       OK ] Sz_3Depth_AddWeighted.AddWeighted/140 (9 ms)
[ RUN      ] Sz_3Depth_AddWeighted.AddWeighted/141, where GetParam() = (1920x1080, CV_8U, CV_64F, CV_16U)
[ PERFSTAT ]    (samples=13   mean=0.02   median=0.02   min=0.02   stddev=0.00 (2.8%))
[       OK ] Sz_3Depth_AddWeighted.AddWeighted/141 (9 ms)
[ RUN      ] Sz_3Depth_AddWeighted.AddWeighted/142, where GetParam() = (1920x1080, CV_8U, CV_64F, CV_32F)
[ PERFSTAT ]    (samples=22   mean=0.02   median=0.02   min=0.02   stddev=0.00 (2.9%))
[       OK ] Sz_3Depth_AddWeighted.AddWeighted/142 (10 ms)
[ RUN      ] Sz_3Depth_AddWeighted.AddWeighted/143, where GetParam() = (1920x1080, CV_8U, CV_64F, CV_64F)
[ PERFSTAT ]    (samples=14   mean=0.04   median=0.04   min=0.03   stddev=0.00 (3.0%))
[       OK ] Sz_3Depth_AddWeighted.AddWeighted/143 (12 ms)
[ RUN      ] Sz_3Depth_AddWeighted.AddWeighted/144, where GetParam() = (1920x1080, CV_16U, CV_8U, CV_8U)
[ PERFSTAT ]    (samples=13   mean=0.02   median=0.02   min=0.01   stddev=0.00 (2.9%))
[       OK ] Sz_3Depth_AddWeighted.AddWeighted/144 (7 ms)
[ RUN      ] Sz_3Depth_AddWeighted.AddWeighted/145, where GetParam() = (1920x1080, CV_16U, CV_8U, CV_16U)
[ PERFSTAT ]    (samples=13   mean=0.02   median=0.02   min=0.02   stddev=0.00 (2.3%))
[       OK ] Sz_3Depth_AddWeighted.AddWeighted/145 (8 ms)
[ RUN      ] Sz_3Depth_AddWeighted.AddWeighted/146, where GetParam() = (1920x1080, CV_16U, CV_8U, CV_32F)
[ PERFSTAT ]    (samples=13   mean=0.02   median=0.02   min=0.02   stddev=0.00 (2.0%))
[       OK ] Sz_3Depth_AddWeighted.AddWeighted/146 (7 ms)
[ RUN      ] Sz_3Depth_AddWeighted.AddWeighted/147, where GetParam() = (1920x1080, CV_16U, CV_8U, CV_64F)
[ PERFSTAT ]    (samples=13   mean=0.02   median=0.02   min=0.02   stddev=0.00 (2.1%))
[       OK ] Sz_3Depth_AddWeighted.AddWeighted/147 (9 ms)
[ RUN      ] Sz_3Depth_AddWeighted.AddWeighted/148, where GetParam() = (1920x1080, CV_16U, CV_16U, CV_8U)
[ PERFSTAT ]    (samples=25   mean=0.02   median=0.02   min=0.02   stddev=0.00 (2.4%))
[       OK ] Sz_3Depth_AddWeighted.AddWeighted/148 (9 ms)
[ RUN      ] Sz_3Depth_AddWeighted.AddWeighted/149, where GetParam() = (1920x1080, CV_16U, CV_16U, CV_16U)
[ PERFSTAT ]    (samples=13   mean=0.02   median=0.02   min=0.02   stddev=0.00 (1.7%))
[       OK ] Sz_3Depth_AddWeighted.AddWeighted/149 (9 ms)
[ RUN      ] Sz_3Depth_AddWeighted.AddWeighted/150, where GetParam() = (1920x1080, CV_16U, CV_16U, CV_32F)
[ PERFSTAT ]    (samples=25   mean=0.02   median=0.02   min=0.02   stddev=0.00 (2.2%))
[       OK ] Sz_3Depth_AddWeighted.AddWeighted/150 (9 ms)
[ RUN      ] Sz_3Depth_AddWeighted.AddWeighted/151, where GetParam() = (1920x1080, CV_16U, CV_16U, CV_64F)
[ PERFSTAT ]    (samples=13   mean=0.03   median=0.03   min=0.03   stddev=0.00 (1.4%))
[       OK ] Sz_3Depth_AddWeighted.AddWeighted/151 (11 ms)
[ RUN      ] Sz_3Depth_AddWeighted.AddWeighted/152, where GetParam() = (1920x1080, CV_16U, CV_32F, CV_8U)
[ PERFSTAT ]    (samples=13   mean=0.02   median=0.02   min=0.02   stddev=0.00 (2.6%))
[       OK ] Sz_3Depth_AddWeighted.AddWeighted/152 (9 ms)
[ RUN      ] Sz_3Depth_AddWeighted.AddWeighted/153, where GetParam() = (1920x1080, CV_16U, CV_32F, CV_16U)
[ PERFSTAT ]    (samples=25   mean=0.02   median=0.02   min=0.02   stddev=0.00 (1.5%))
[       OK ] Sz_3Depth_AddWeighted.AddWeighted/153 (9 ms)
[ RUN      ] Sz_3Depth_AddWeighted.AddWeighted/154, where GetParam() = (1920x1080, CV_16U, CV_32F, CV_32F)
[ PERFSTAT ]    (samples=13   mean=0.02   median=0.02   min=0.02   stddev=0.00 (2.2%))
[       OK ] Sz_3Depth_AddWeighted.AddWeighted/154 (10 ms)
[ RUN      ] Sz_3Depth_AddWeighted.AddWeighted/155, where GetParam() = (1920x1080, CV_16U, CV_32F, CV_64F)
[ PERFSTAT ]    (samples=13   mean=0.03   median=0.03   min=0.03   stddev=0.00 (2.7%))
[       OK ] Sz_3Depth_AddWeighted.AddWeighted/155 (12 ms)
[ RUN      ] Sz_3Depth_AddWeighted.AddWeighted/156, where GetParam() = (1920x1080, CV_16U, CV_64F, CV_8U)
[ PERFSTAT ]    (samples=13   mean=0.02   median=0.02   min=0.02   stddev=0.00 (2.0%))
[       OK ] Sz_3Depth_AddWeighted.AddWeighted/156 (11 ms)
[ RUN      ] Sz_3Depth_AddWeighted.AddWeighted/157, where GetParam() = (1920x1080, CV_16U, CV_64F, CV_16U)
[ PERFSTAT ]    (samples=38   mean=0.02   median=0.02   min=0.02   stddev=0.00 (2.4%))
[       OK ] Sz_3Depth_AddWeighted.AddWeighted/157 (13 ms)
[ RUN      ] Sz_3Depth_AddWeighted.AddWeighted/158, where GetParam() = (1920x1080, CV_16U, CV_64F, CV_32F)
[ PERFSTAT ]    (samples=25   mean=0.03   median=0.03   min=0.03   stddev=0.00 (1.2%))
[       OK ] Sz_3Depth_AddWeighted.AddWeighted/158 (12 ms)
[ RUN      ] Sz_3Depth_AddWeighted.AddWeighted/159, where GetParam() = (1920x1080, CV_16U, CV_64F, CV_64F)
[ PERFSTAT ]    (samples=13   mean=0.04   median=0.04   min=0.04   stddev=0.00 (2.3%))
[       OK ] Sz_3Depth_AddWeighted.AddWeighted/159 (14 ms)
[ RUN      ] Sz_3Depth_AddWeighted.AddWeighted/160, where GetParam() = (1920x1080, CV_32F, CV_8U, CV_8U)
[ PERFSTAT ]    (samples=13   mean=0.02   median=0.02   min=0.02   stddev=0.00 (2.1%))
[       OK ] Sz_3Depth_AddWeighted.AddWeighted/160 (7 ms)
[ RUN      ] Sz_3Depth_AddWeighted.AddWeighted/161, where GetParam() = (1920x1080, CV_32F, CV_8U, CV_16U)
[ PERFSTAT ]    (samples=13   mean=0.02   median=0.02   min=0.02   stddev=0.00 (1.8%))
[       OK ] Sz_3Depth_AddWeighted.AddWeighted/161 (8 ms)
[ RUN      ] Sz_3Depth_AddWeighted.AddWeighted/162, where GetParam() = (1920x1080, CV_32F, CV_8U, CV_32F)
[ PERFSTAT ]    (samples=25   mean=0.02   median=0.02   min=0.02   stddev=0.00 (2.2%))
[       OK ] Sz_3Depth_AddWeighted.AddWeighted/162 (8 ms)
[ RUN      ] Sz_3Depth_AddWeighted.AddWeighted/163, where GetParam() = (1920x1080, CV_32F, CV_8U, CV_64F)
[ PERFSTAT ]    (samples=13   mean=0.03   median=0.03   min=0.03   stddev=0.00 (1.6%))
[       OK ] Sz_3Depth_AddWeighted.AddWeighted/163 (10 ms)
[ RUN      ] Sz_3Depth_AddWeighted.AddWeighted/164, where GetParam() = (1920x1080, CV_32F, CV_16U, CV_8U)
[ PERFSTAT ]    (samples=14   mean=0.02   median=0.02   min=0.02   stddev=0.00 (3.0%))
[       OK ] Sz_3Depth_AddWeighted.AddWeighted/164 (9 ms)
[ RUN      ] Sz_3Depth_AddWeighted.AddWeighted/165, where GetParam() = (1920x1080, CV_32F, CV_16U, CV_16U)
[ PERFSTAT ]    (samples=13   mean=0.02   median=0.02   min=0.02   stddev=0.00 (1.6%))
[       OK ] Sz_3Depth_AddWeighted.AddWeighted/165 (9 ms)
[ RUN      ] Sz_3Depth_AddWeighted.AddWeighted/166, where GetParam() = (1920x1080, CV_32F, CV_16U, CV_32F)
[ PERFSTAT ]    (samples=25   mean=0.02   median=0.02   min=0.02   stddev=0.00 (2.1%))
[       OK ] Sz_3Depth_AddWeighted.AddWeighted/166 (10 ms)
[ RUN      ] Sz_3Depth_AddWeighted.AddWeighted/167, where GetParam() = (1920x1080, CV_32F, CV_16U, CV_64F)
[ PERFSTAT ]    (samples=13   mean=0.03   median=0.03   min=0.03   stddev=0.00 (2.4%))
[       OK ] Sz_3Depth_AddWeighted.AddWeighted/167 (12 ms)
[ RUN      ] Sz_3Depth_AddWeighted.AddWeighted/168, where GetParam() = (1920x1080, CV_32F, CV_32F, CV_8U)
[ PERFSTAT ]    (samples=25   mean=0.02   median=0.02   min=0.02   stddev=0.00 (1.7%))
[       OK ] Sz_3Depth_AddWeighted.AddWeighted/168 (10 ms)
[ RUN      ] Sz_3Depth_AddWeighted.AddWeighted/169, where GetParam() = (1920x1080, CV_32F, CV_32F, CV_16U)
[ PERFSTAT ]    (samples=13   mean=0.02   median=0.02   min=0.02   stddev=0.00 (2.8%))
[       OK ] Sz_3Depth_AddWeighted.AddWeighted/169 (10 ms)
[ RUN      ] Sz_3Depth_AddWeighted.AddWeighted/170, where GetParam() = (1920x1080, CV_32F, CV_32F, CV_32F)
[ PERFSTAT ]    (samples=22   mean=0.02   median=0.02   min=0.02   stddev=0.00 (3.0%))
[       OK ] Sz_3Depth_AddWeighted.AddWeighted/170 (11 ms)
[ RUN      ] Sz_3Depth_AddWeighted.AddWeighted/171, where GetParam() = (1920x1080, CV_32F, CV_32F, CV_64F)
[ PERFSTAT ]    (samples=22   mean=0.03   median=0.03   min=0.03   stddev=0.00 (3.0%))
[       OK ] Sz_3Depth_AddWeighted.AddWeighted/171 (13 ms)
[ RUN      ] Sz_3Depth_AddWeighted.AddWeighted/172, where GetParam() = (1920x1080, CV_32F, CV_64F, CV_8U)
[ PERFSTAT ]    (samples=25   mean=0.02   median=0.02   min=0.02   stddev=0.00 (2.4%))
[       OK ] Sz_3Depth_AddWeighted.AddWeighted/172 (11 ms)
[ RUN      ] Sz_3Depth_AddWeighted.AddWeighted/173, where GetParam() = (1920x1080, CV_32F, CV_64F, CV_16U)
[ PERFSTAT ]    (samples=25   mean=0.02   median=0.02   min=0.02   stddev=0.00 (1.9%))
[       OK ] Sz_3Depth_AddWeighted.AddWeighted/173 (13 ms)
[ RUN      ] Sz_3Depth_AddWeighted.AddWeighted/174, where GetParam() = (1920x1080, CV_32F, CV_64F, CV_32F)
[ PERFSTAT ]    (samples=25   mean=0.03   median=0.03   min=0.03   stddev=0.00 (2.8%))
[       OK ] Sz_3Depth_AddWeighted.AddWeighted/174 (13 ms)
[ RUN      ] Sz_3Depth_AddWeighted.AddWeighted/175, where GetParam() = (1920x1080, CV_32F, CV_64F, CV_64F)
[ PERFSTAT ]    (samples=13   mean=0.04   median=0.04   min=0.04   stddev=0.00 (2.6%))
[       OK ] Sz_3Depth_AddWeighted.AddWeighted/175 (15 ms)
[ RUN      ] Sz_3Depth_AddWeighted.AddWeighted/176, where GetParam() = (1920x1080, CV_64F, CV_8U, CV_8U)
[ PERFSTAT ]    (samples=13   mean=0.02   median=0.02   min=0.02   stddev=0.00 (1.6%))
[       OK ] Sz_3Depth_AddWeighted.AddWeighted/176 (9 ms)
[ RUN      ] Sz_3Depth_AddWeighted.AddWeighted/177, where GetParam() = (1920x1080, CV_64F, CV_8U, CV_16U)
[ PERFSTAT ]    (samples=13   mean=0.02   median=0.02   min=0.02   stddev=0.00 (2.3%))
[       OK ] Sz_3Depth_AddWeighted.AddWeighted/177 (9 ms)
[ RUN      ] Sz_3Depth_AddWeighted.AddWeighted/178, where GetParam() = (1920x1080, CV_64F, CV_8U, CV_32F)
[ PERFSTAT ]    (samples=14   mean=0.02   median=0.02   min=0.02   stddev=0.00 (3.0%))
[       OK ] Sz_3Depth_AddWeighted.AddWeighted/178 (10 ms)
[ RUN      ] Sz_3Depth_AddWeighted.AddWeighted/179, where GetParam() = (1920x1080, CV_64F, CV_8U, CV_64F)
[ PERFSTAT ]    (samples=16   mean=0.04   median=0.04   min=0.03   stddev=0.00 (3.0%))
[       OK ] Sz_3Depth_AddWeighted.AddWeighted/179 (13 ms)
[ RUN      ] Sz_3Depth_AddWeighted.AddWeighted/180, where GetParam() = (1920x1080, CV_64F, CV_16U, CV_8U)
[ PERFSTAT ]    (samples=13   mean=0.02   median=0.02   min=0.02   stddev=0.00 (2.1%))
[       OK ] Sz_3Depth_AddWeighted.AddWeighted/180 (10 ms)
[ RUN      ] Sz_3Depth_AddWeighted.AddWeighted/181, where GetParam() = (1920x1080, CV_64F, CV_16U, CV_16U)
[ PERFSTAT ]    (samples=14   mean=0.02   median=0.02   min=0.02   stddev=0.00 (3.0%))
[       OK ] Sz_3Depth_AddWeighted.AddWeighted/181 (12 ms)
[ RUN      ] Sz_3Depth_AddWeighted.AddWeighted/182, where GetParam() = (1920x1080, CV_64F, CV_16U, CV_32F)
[ PERFSTAT ]    (samples=25   mean=0.03   median=0.03   min=0.03   stddev=0.00 (1.8%))
[       OK ] Sz_3Depth_AddWeighted.AddWeighted/182 (12 ms)
[ RUN      ] Sz_3Depth_AddWeighted.AddWeighted/183, where GetParam() = (1920x1080, CV_64F, CV_16U, CV_64F)
[ PERFSTAT ]    (samples=13   mean=0.04   median=0.04   min=0.04   stddev=0.00 (1.7%))
[       OK ] Sz_3Depth_AddWeighted.AddWeighted/183 (14 ms)
[ RUN      ] Sz_3Depth_AddWeighted.AddWeighted/184, where GetParam() = (1920x1080, CV_64F, CV_32F, CV_8U)
[ PERFSTAT ]    (samples=24   mean=0.02   median=0.02   min=0.02   stddev=0.00 (3.0%))
[       OK ] Sz_3Depth_AddWeighted.AddWeighted/184 (11 ms)
[ RUN      ] Sz_3Depth_AddWeighted.AddWeighted/185, where GetParam() = (1920x1080, CV_64F, CV_32F, CV_16U)
[ PERFSTAT ]    (samples=25   mean=0.02   median=0.02   min=0.02   stddev=0.00 (1.5%))
[       OK ] Sz_3Depth_AddWeighted.AddWeighted/185 (13 ms)
[ RUN      ] Sz_3Depth_AddWeighted.AddWeighted/186, where GetParam() = (1920x1080, CV_64F, CV_32F, CV_32F)
[ PERFSTAT ]    (samples=25   mean=0.03   median=0.03   min=0.03   stddev=0.00 (2.0%))
[       OK ] Sz_3Depth_AddWeighted.AddWeighted/186 (13 ms)
[ RUN      ] Sz_3Depth_AddWeighted.AddWeighted/187, where GetParam() = (1920x1080, CV_64F, CV_32F, CV_64F)
[ PERFSTAT ]    (samples=13   mean=0.04   median=0.04   min=0.04   stddev=0.00 (2.5%))
[       OK ] Sz_3Depth_AddWeighted.AddWeighted/187 (15 ms)
[ RUN      ] Sz_3Depth_AddWeighted.AddWeighted/188, where GetParam() = (1920x1080, CV_64F, CV_64F, CV_8U)
[ PERFSTAT ]    (samples=25   mean=0.04   median=0.04   min=0.04   stddev=0.00 (2.4%))
[       OK ] Sz_3Depth_AddWeighted.AddWeighted/188 (14 ms)
[ RUN      ] Sz_3Depth_AddWeighted.AddWeighted/189, where GetParam() = (1920x1080, CV_64F, CV_64F, CV_16U)
[ PERFSTAT ]    (samples=19   mean=0.04   median=0.04   min=0.04   stddev=0.00 (3.0%))
[       OK ] Sz_3Depth_AddWeighted.AddWeighted/189 (14 ms)
[ RUN      ] Sz_3Depth_AddWeighted.AddWeighted/190, where GetParam() = (1920x1080, CV_64F, CV_64F, CV_32F)
[ PERFSTAT ]    (samples=15   mean=0.04   median=0.04   min=0.04   stddev=0.00 (3.0%))
[       OK ] Sz_3Depth_AddWeighted.AddWeighted/190 (14 ms)
[ RUN      ] Sz_3Depth_AddWeighted.AddWeighted/191, where GetParam() = (1920x1080, CV_64F, CV_64F, CV_64F)
[ PERFSTAT ]    (samples=13   mean=0.05   median=0.05   min=0.05   stddev=0.00 (2.0%))
[       OK ] Sz_3Depth_AddWeighted.AddWeighted/191 (17 ms)
[----------] 192 tests from Sz_3Depth_AddWeighted (1425 ms total)

[----------] 3 tests from Sz_MagnitudeComplex
[ RUN      ] Sz_MagnitudeComplex.MagnitudeComplex/0, where GetParam() = 1280x720
[ PERFSTAT ]    (samples=25   mean=0.02   median=0.02   min=0.02   stddev=0.00 (2.1%))
[       OK ] Sz_MagnitudeComplex.MagnitudeComplex/0 (6 ms)
[ RUN      ] Sz_MagnitudeComplex.MagnitudeComplex/1, where GetParam() = 1280x1024
[ PERFSTAT ]    (samples=13   mean=0.02   median=0.02   min=0.02   stddev=0.00 (2.1%))
[       OK ] Sz_MagnitudeComplex.MagnitudeComplex/1 (7 ms)
[ RUN      ] Sz_MagnitudeComplex.MagnitudeComplex/2, where GetParam() = 1920x1080
[ PERFSTAT ]    (samples=13   mean=0.02   median=0.02   min=0.02   stddev=0.00 (1.8%))
[       OK ] Sz_MagnitudeComplex.MagnitudeComplex/2 (10 ms)
[----------] 3 tests from Sz_MagnitudeComplex (23 ms total)

[----------] 3 tests from Sz_MagnitudeSqrComplex
[ RUN      ] Sz_MagnitudeSqrComplex.MagnitudeSqrComplex/0, where GetParam() = 1280x720
[ PERFSTAT ]    (samples=13   mean=0.02   median=0.02   min=0.02   stddev=0.00 (2.1%))
[       OK ] Sz_MagnitudeSqrComplex.MagnitudeSqrComplex/0 (5 ms)
[ RUN      ] Sz_MagnitudeSqrComplex.MagnitudeSqrComplex/1, where GetParam() = 1280x1024
[ PERFSTAT ]    (samples=13   mean=0.02   median=0.02   min=0.02   stddev=0.00 (1.7%))
[       OK ] Sz_MagnitudeSqrComplex.MagnitudeSqrComplex/1 (7 ms)
[ RUN      ] Sz_MagnitudeSqrComplex.MagnitudeSqrComplex/2, where GetParam() = 1920x1080
[ PERFSTAT ]    (samples=13   mean=0.02   median=0.02   min=0.02   stddev=0.00 (2.0%))
[       OK ] Sz_MagnitudeSqrComplex.MagnitudeSqrComplex/2 (10 ms)
[----------] 3 tests from Sz_MagnitudeSqrComplex (22 ms total)

[----------] 3 tests from Sz_Magnitude
[ RUN      ] Sz_Magnitude.Magnitude/0, where GetParam() = 1280x720
[ PERFSTAT ]    (samples=25   mean=0.01   median=0.01   min=0.01   stddev=0.00 (1.1%))
[       OK ] Sz_Magnitude.Magnitude/0 (10 ms)
[ RUN      ] Sz_Magnitude.Magnitude/1, where GetParam() = 1280x1024
[ PERFSTAT ]    (samples=25   mean=0.02   median=0.02   min=0.02   stddev=0.00 (3.0%))
[       OK ] Sz_Magnitude.Magnitude/1 (8 ms)
[ RUN      ] Sz_Magnitude.Magnitude/2, where GetParam() = 1920x1080
[ PERFSTAT ]    (samples=25   mean=0.02   median=0.02   min=0.02   stddev=0.00 (2.0%))
[       OK ] Sz_Magnitude.Magnitude/2 (10 ms)
[----------] 3 tests from Sz_Magnitude (28 ms total)

[----------] 3 tests from Sz_MagnitudeSqr
[ RUN      ] Sz_MagnitudeSqr.MagnitudeSqr/0, where GetParam() = 1280x720
[ PERFSTAT ]    (samples=13   mean=0.01   median=0.01   min=0.01   stddev=0.00 (2.1%))
[       OK ] Sz_MagnitudeSqr.MagnitudeSqr/0 (7 ms)
[ RUN      ] Sz_MagnitudeSqr.MagnitudeSqr/1, where GetParam() = 1280x1024
[ PERFSTAT ]    (samples=44   mean=0.02   median=0.02   min=0.02   stddev=0.00 (3.0%))
[       OK ] Sz_MagnitudeSqr.MagnitudeSqr/1 (8 ms)
[ RUN      ] Sz_MagnitudeSqr.MagnitudeSqr/2, where GetParam() = 1920x1080
[ PERFSTAT ]    (samples=35   mean=0.02   median=0.02   min=0.02   stddev=0.00 (3.0%))
[       OK ] Sz_MagnitudeSqr.MagnitudeSqr/2 (12 ms)
[----------] 3 tests from Sz_MagnitudeSqr (27 ms total)

[----------] 6 tests from Sz_AngleInDegrees_Phase
[ RUN      ] Sz_AngleInDegrees_Phase.Phase/0, where GetParam() = (1280x720, false)
[ PERFSTAT ]    (samples=13   mean=0.02   median=0.02   min=0.02   stddev=0.00 (2.5%))
[       OK ] Sz_AngleInDegrees_Phase.Phase/0 (5 ms)
[ RUN      ] Sz_AngleInDegrees_Phase.Phase/1, where GetParam() = (1280x720, true)
[ PERFSTAT ]    (samples=13   mean=0.02   median=0.02   min=0.02   stddev=0.00 (2.2%))
[       OK ] Sz_AngleInDegrees_Phase.Phase/1 (6 ms)
[ RUN      ] Sz_AngleInDegrees_Phase.Phase/2, where GetParam() = (1280x1024, false)
[ PERFSTAT ]    (samples=13   mean=0.03   median=0.03   min=0.03   stddev=0.00 (1.8%))
[       OK ] Sz_AngleInDegrees_Phase.Phase/2 (7 ms)
[ RUN      ] Sz_AngleInDegrees_Phase.Phase/3, where GetParam() = (1280x1024, true)
[ PERFSTAT ]    (samples=16   mean=0.03   median=0.03   min=0.03   stddev=0.00 (2.9%))
[       OK ] Sz_AngleInDegrees_Phase.Phase/3 (7 ms)
[ RUN      ] Sz_AngleInDegrees_Phase.Phase/4, where GetParam() = (1920x1080, false)
[ PERFSTAT ]    (samples=13   mean=0.03   median=0.03   min=0.03   stddev=0.00 (2.1%))
[       OK ] Sz_AngleInDegrees_Phase.Phase/4 (11 ms)
[ RUN      ] Sz_AngleInDegrees_Phase.Phase/5, where GetParam() = (1920x1080, true)
[ PERFSTAT ]    (samples=13   mean=0.03   median=0.03   min=0.03   stddev=0.00 (1.8%))
[       OK ] Sz_AngleInDegrees_Phase.Phase/5 (11 ms)
[----------] 6 tests from Sz_AngleInDegrees_Phase (47 ms total)

[----------] 6 tests from Sz_AngleInDegrees_CartToPolar
[ RUN      ] Sz_AngleInDegrees_CartToPolar.CartToPolar/0, where GetParam() = (1280x720, false)
[ PERFSTAT ]    (samples=19   mean=0.03   median=0.03   min=0.03   stddev=0.00 (3.0%))
[       OK ] Sz_AngleInDegrees_CartToPolar.CartToPolar/0 (6 ms)
[ RUN      ] Sz_AngleInDegrees_CartToPolar.CartToPolar/1, where GetParam() = (1280x720, true)
[ PERFSTAT ]    (samples=13   mean=0.03   median=0.03   min=0.03   stddev=0.00 (1.6%))
[       OK ] Sz_AngleInDegrees_CartToPolar.CartToPolar/1 (6 ms)
[ RUN      ] Sz_AngleInDegrees_CartToPolar.CartToPolar/2, where GetParam() = (1280x1024, false)
[ PERFSTAT ]    (samples=13   mean=0.03   median=0.03   min=0.03   stddev=0.00 (2.8%))
[       OK ] Sz_AngleInDegrees_CartToPolar.CartToPolar/2 (9 ms)
[ RUN      ] Sz_AngleInDegrees_CartToPolar.CartToPolar/3, where GetParam() = (1280x1024, true)
[ PERFSTAT ]    (samples=13   mean=0.03   median=0.03   min=0.03   stddev=0.00 (2.7%))
[       OK ] Sz_AngleInDegrees_CartToPolar.CartToPolar/3 (8 ms)
[ RUN      ] Sz_AngleInDegrees_CartToPolar.CartToPolar/4, where GetParam() = (1920x1080, false)
[ PERFSTAT ]    (samples=13   mean=0.04   median=0.04   min=0.04   stddev=0.00 (1.6%))
[       OK ] Sz_AngleInDegrees_CartToPolar.CartToPolar/4 (13 ms)
[ RUN      ] Sz_AngleInDegrees_CartToPolar.CartToPolar/5, where GetParam() = (1920x1080, true)
[ PERFSTAT ]    (samples=13   mean=0.04   median=0.04   min=0.04   stddev=0.00 (2.6%))
[       OK ] Sz_AngleInDegrees_CartToPolar.CartToPolar/5 (12 ms)
[----------] 6 tests from Sz_AngleInDegrees_CartToPolar (54 ms total)

[----------] 12 tests from Sz_Type_AngleInDegrees_PolarToCart
[ RUN      ] Sz_Type_AngleInDegrees_PolarToCart.PolarToCart/0, where GetParam() = (1280x720, 32FC1, false)
/data/xumengying/tool-verify/opencv-verify/src/opencv/modules/ts/src/ts_perf.cpp:381: Failure
The difference between expect_last and actual_last is 3.0517578125e-05, which exceeds eps, where
expect_last evaluates to -417.15087890625,
actual_last evaluates to -417.15090942382812, and
eps evaluates to 2.2204460492503131e-16.
Argument "gpu_x" has unexpected value of the last element

params    = (1280x720, 32FC1, false)
termination reason:  unknown
bytesIn   =    7372800
bytesOut  =          0
samples   =         13 of 100
outliers  =          1
frequency = 1000000000
min       =      18284 = 0.02ms
median    =      18670 = 0.02ms
gmean     =      18686 = 0.02ms
gstddev   = 0.02206239 = 0.00ms for 97% dispersion interval
mean      =      18690 = 0.02ms
stddev    =        420 = 0.00ms
[  FAILED  ] Sz_Type_AngleInDegrees_PolarToCart.PolarToCart/0, where GetParam() = (1280x720, 32FC1, false) (6 ms)
[ RUN      ] Sz_Type_AngleInDegrees_PolarToCart.PolarToCart/1, where GetParam() = (1280x720, 32FC1, true)
[ PERFSTAT ]    (samples=13   mean=0.02   median=0.02   min=0.02   stddev=0.00 (1.1%))
[       OK ] Sz_Type_AngleInDegrees_PolarToCart.PolarToCart/1 (6 ms)
[ RUN      ] Sz_Type_AngleInDegrees_PolarToCart.PolarToCart/2, where GetParam() = (1280x720, 64FC1, false)
[ PERFSTAT ]    (samples=13   mean=0.03   median=0.03   min=0.03   stddev=0.00 (2.3%))
[       OK ] Sz_Type_AngleInDegrees_PolarToCart.PolarToCart/2 (10 ms)
[ RUN      ] Sz_Type_AngleInDegrees_PolarToCart.PolarToCart/3, where GetParam() = (1280x720, 64FC1, true)
[ PERFSTAT ]    (samples=13   mean=0.03   median=0.03   min=0.03   stddev=0.00 (2.6%))
[       OK ] Sz_Type_AngleInDegrees_PolarToCart.PolarToCart/3 (9 ms)
[ RUN      ] Sz_Type_AngleInDegrees_PolarToCart.PolarToCart/4, where GetParam() = (1280x1024, 32FC1, false)
/data/xumengying/tool-verify/opencv-verify/src/opencv/modules/ts/src/ts_perf.cpp:381: Failure
The difference between expect_last and actual_last is 0.0001220703125, which exceeds eps, where
expect_last evaluates to 1484.6390380859375,
actual_last evaluates to 1484.63916015625, and
eps evaluates to 2.2204460492503131e-16.
Argument "gpu_y" has unexpected value of the last element

params    = (1280x1024, 32FC1, false)
termination reason:  unknown
bytesIn   =   10485760
bytesOut  =          0
samples   =         13 of 100
outliers  =          1
frequency = 1000000000
min       =      21331 = 0.02ms
median    =      21726 = 0.02ms
gmean     =      21722 = 0.02ms
gstddev   = 0.01225020 = 0.00ms for 97% dispersion interval
mean      =      21724 = 0.02ms
stddev    =        266 = 0.00ms
[  FAILED  ] Sz_Type_AngleInDegrees_PolarToCart.PolarToCart/4, where GetParam() = (1280x1024, 32FC1, false) (8 ms)
[ RUN      ] Sz_Type_AngleInDegrees_PolarToCart.PolarToCart/5, where GetParam() = (1280x1024, 32FC1, true)
[ PERFSTAT ]    (samples=13   mean=0.02   median=0.02   min=0.02   stddev=0.00 (2.3%))
[       OK ] Sz_Type_AngleInDegrees_PolarToCart.PolarToCart/5 (9 ms)
[ RUN      ] Sz_Type_AngleInDegrees_PolarToCart.PolarToCart/6, where GetParam() = (1280x1024, 64FC1, false)
[ PERFSTAT ]    (samples=13   mean=0.04   median=0.04   min=0.04   stddev=0.00 (2.2%))
[       OK ] Sz_Type_AngleInDegrees_PolarToCart.PolarToCart/6 (13 ms)
[ RUN      ] Sz_Type_AngleInDegrees_PolarToCart.PolarToCart/7, where GetParam() = (1280x1024, 64FC1, true)
[ PERFSTAT ]    (samples=13   mean=0.04   median=0.04   min=0.04   stddev=0.00 (2.6%))
[       OK ] Sz_Type_AngleInDegrees_PolarToCart.PolarToCart/7 (13 ms)
[ RUN      ] Sz_Type_AngleInDegrees_PolarToCart.PolarToCart/8, where GetParam() = (1920x1080, 32FC1, false)
[ PERFSTAT ]    (samples=13   mean=0.03   median=0.03   min=0.03   stddev=0.00 (2.3%))
[       OK ] Sz_Type_AngleInDegrees_PolarToCart.PolarToCart/8 (12 ms)
[ RUN      ] Sz_Type_AngleInDegrees_PolarToCart.PolarToCart/9, where GetParam() = (1920x1080, 32FC1, true)
[ PERFSTAT ]    (samples=13   mean=0.03   median=0.03   min=0.03   stddev=0.00 (2.4%))
[       OK ] Sz_Type_AngleInDegrees_PolarToCart.PolarToCart/9 (13 ms)
[ RUN      ] Sz_Type_AngleInDegrees_PolarToCart.PolarToCart/10, where GetParam() = (1920x1080, 64FC1, false)
[ PERFSTAT ]    (samples=13   mean=0.06   median=0.06   min=0.06   stddev=0.00 (2.3%))
[       OK ] Sz_Type_AngleInDegrees_PolarToCart.PolarToCart/10 (21 ms)
[ RUN      ] Sz_Type_AngleInDegrees_PolarToCart.PolarToCart/11, where GetParam() = (1920x1080, 64FC1, true)
[ PERFSTAT ]    (samples=13   mean=0.06   median=0.06   min=0.06   stddev=0.00 (1.4%))
[       OK ] Sz_Type_AngleInDegrees_PolarToCart.PolarToCart/11 (19 ms)
[----------] 12 tests from Sz_Type_AngleInDegrees_PolarToCart (139 ms total)

[----------] 60 tests from Sz_Depth_Op_Threshold
[ RUN      ] Sz_Depth_Op_Threshold.Threshold/0, where GetParam() = (1280x720, CV_8U, cv::THRESH_BINARY)
[ PERFSTAT ]    (samples=25   mean=0.01   median=0.01   min=0.01   stddev=0.00 (1.3%))
[       OK ] Sz_Depth_Op_Threshold.Threshold/0 (8 ms)
[ RUN      ] Sz_Depth_Op_Threshold.Threshold/1, where GetParam() = (1280x720, CV_8U, cv::THRESH_BINARY_INV)
[ PERFSTAT ]    (samples=100   mean=0.01   median=0.01   min=0.01   stddev=0.00 (11.1%))
[       OK ] Sz_Depth_Op_Threshold.Threshold/1 (4 ms)
[ RUN      ] Sz_Depth_Op_Threshold.Threshold/2, where GetParam() = (1280x720, CV_8U, cv::THRESH_TRUNC)
[ PERFSTAT ]    (samples=100   mean=0.01   median=0.01   min=0.01   stddev=0.00 (12.4%))
[       OK ] Sz_Depth_Op_Threshold.Threshold/2 (3 ms)
[ RUN      ] Sz_Depth_Op_Threshold.Threshold/3, where GetParam() = (1280x720, CV_8U, cv::THRESH_TOZERO)
[ PERFSTAT ]    (samples=13   mean=0.01   median=0.01   min=0.01   stddev=0.00 (2.7%))
[       OK ] Sz_Depth_Op_Threshold.Threshold/3 (2 ms)
[ RUN      ] Sz_Depth_Op_Threshold.Threshold/4, where GetParam() = (1280x720, CV_8U, cv::THRESH_TOZERO_INV)
[ PERFSTAT ]    (samples=25   mean=0.01   median=0.01   min=0.01   stddev=0.00 (1.7%))
[       OK ] Sz_Depth_Op_Threshold.Threshold/4 (2 ms)
[ RUN      ] Sz_Depth_Op_Threshold.Threshold/5, where GetParam() = (1280x720, CV_16U, cv::THRESH_BINARY)
[ PERFSTAT ]    (samples=13   mean=0.02   median=0.02   min=0.02   stddev=0.00 (2.9%))
[       OK ] Sz_Depth_Op_Threshold.Threshold/5 (3 ms)
[ RUN      ] Sz_Depth_Op_Threshold.Threshold/6, where GetParam() = (1280x720, CV_16U, cv::THRESH_BINARY_INV)
[ PERFSTAT ]    (samples=13   mean=0.02   median=0.02   min=0.02   stddev=0.00 (1.4%))
[       OK ] Sz_Depth_Op_Threshold.Threshold/6 (3 ms)
[ RUN      ] Sz_Depth_Op_Threshold.Threshold/7, where GetParam() = (1280x720, CV_16U, cv::THRESH_TRUNC)
[ PERFSTAT ]    (samples=13   mean=0.01   median=0.01   min=0.01   stddev=0.00 (2.0%))
[       OK ] Sz_Depth_Op_Threshold.Threshold/7 (2 ms)
[ RUN      ] Sz_Depth_Op_Threshold.Threshold/8, where GetParam() = (1280x720, CV_16U, cv::THRESH_TOZERO)
[ PERFSTAT ]    (samples=13   mean=0.02   median=0.02   min=0.01   stddev=0.00 (1.5%))
[       OK ] Sz_Depth_Op_Threshold.Threshold/8 (4 ms)
[ RUN      ] Sz_Depth_Op_Threshold.Threshold/9, where GetParam() = (1280x720, CV_16U, cv::THRESH_TOZERO_INV)
[ PERFSTAT ]    (samples=13   mean=0.02   median=0.02   min=0.01   stddev=0.00 (2.0%))
[       OK ] Sz_Depth_Op_Threshold.Threshold/9 (3 ms)
[ RUN      ] Sz_Depth_Op_Threshold.Threshold/10, where GetParam() = (1280x720, CV_32F, cv::THRESH_BINARY)
[ PERFSTAT ]    (samples=13   mean=0.01   median=0.01   min=0.01   stddev=0.00 (2.4%))
[       OK ] Sz_Depth_Op_Threshold.Threshold/10 (3 ms)
[ RUN      ] Sz_Depth_Op_Threshold.Threshold/11, where GetParam() = (1280x720, CV_32F, cv::THRESH_BINARY_INV)
[ PERFSTAT ]    (samples=14   mean=0.01   median=0.01   min=0.01   stddev=0.00 (3.0%))
[       OK ] Sz_Depth_Op_Threshold.Threshold/11 (3 ms)
[ RUN      ] Sz_Depth_Op_Threshold.Threshold/12, where GetParam() = (1280x720, CV_32F, cv::THRESH_TRUNC)
[ PERFSTAT ]    (samples=25   mean=0.01   median=0.01   min=0.01   stddev=0.00 (2.0%))
[       OK ] Sz_Depth_Op_Threshold.Threshold/12 (5 ms)
[ RUN      ] Sz_Depth_Op_Threshold.Threshold/13, where GetParam() = (1280x720, CV_32F, cv::THRESH_TOZERO)
[ PERFSTAT ]    (samples=16   mean=0.01   median=0.01   min=0.01   stddev=0.00 (3.0%))
[       OK ] Sz_Depth_Op_Threshold.Threshold/13 (4 ms)
[ RUN      ] Sz_Depth_Op_Threshold.Threshold/14, where GetParam() = (1280x720, CV_32F, cv::THRESH_TOZERO_INV)
[ PERFSTAT ]    (samples=13   mean=0.01   median=0.01   min=0.01   stddev=0.00 (2.3%))
[       OK ] Sz_Depth_Op_Threshold.Threshold/14 (3 ms)
[ RUN      ] Sz_Depth_Op_Threshold.Threshold/15, where GetParam() = (1280x720, CV_64F, cv::THRESH_BINARY)
[ PERFSTAT ]    (samples=13   mean=0.02   median=0.02   min=0.02   stddev=0.00 (2.9%))
[       OK ] Sz_Depth_Op_Threshold.Threshold/15 (4 ms)
[ RUN      ] Sz_Depth_Op_Threshold.Threshold/16, where GetParam() = (1280x720, CV_64F, cv::THRESH_BINARY_INV)
[ PERFSTAT ]    (samples=13   mean=0.02   median=0.02   min=0.02   stddev=0.00 (3.0%))
[       OK ] Sz_Depth_Op_Threshold.Threshold/16 (5 ms)
[ RUN      ] Sz_Depth_Op_Threshold.Threshold/17, where GetParam() = (1280x720, CV_64F, cv::THRESH_TRUNC)
[ PERFSTAT ]    (samples=13   mean=0.02   median=0.02   min=0.02   stddev=0.00 (1.8%))
[       OK ] Sz_Depth_Op_Threshold.Threshold/17 (4 ms)
[ RUN      ] Sz_Depth_Op_Threshold.Threshold/18, where GetParam() = (1280x720, CV_64F, cv::THRESH_TOZERO)
[ PERFSTAT ]    (samples=13   mean=0.02   median=0.02   min=0.02   stddev=0.00 (1.8%))
[       OK ] Sz_Depth_Op_Threshold.Threshold/18 (5 ms)
[ RUN      ] Sz_Depth_Op_Threshold.Threshold/19, where GetParam() = (1280x720, CV_64F, cv::THRESH_TOZERO_INV)
[ PERFSTAT ]    (samples=13   mean=0.02   median=0.02   min=0.02   stddev=0.00 (2.5%))
[       OK ] Sz_Depth_Op_Threshold.Threshold/19 (5 ms)
[ RUN      ] Sz_Depth_Op_Threshold.Threshold/20, where GetParam() = (1280x1024, CV_8U, cv::THRESH_BINARY)
[ PERFSTAT ]    (samples=13   mean=0.01   median=0.01   min=0.01   stddev=0.00 (2.7%))
[       OK ] Sz_Depth_Op_Threshold.Threshold/20 (2 ms)
[ RUN      ] Sz_Depth_Op_Threshold.Threshold/21, where GetParam() = (1280x1024, CV_8U, cv::THRESH_BINARY_INV)
[ PERFSTAT ]    (samples=25   mean=0.01   median=0.01   min=0.01   stddev=0.00 (1.8%))
[       OK ] Sz_Depth_Op_Threshold.Threshold/21 (2 ms)
[ RUN      ] Sz_Depth_Op_Threshold.Threshold/22, where GetParam() = (1280x1024, CV_8U, cv::THRESH_TRUNC)
[ PERFSTAT ]    (samples=13   mean=0.01   median=0.01   min=0.01   stddev=0.00 (2.4%))
[       OK ] Sz_Depth_Op_Threshold.Threshold/22 (3 ms)
[ RUN      ] Sz_Depth_Op_Threshold.Threshold/23, where GetParam() = (1280x1024, CV_8U, cv::THRESH_TOZERO)
[ PERFSTAT ]    (samples=13   mean=0.01   median=0.01   min=0.01   stddev=0.00 (1.5%))
[       OK ] Sz_Depth_Op_Threshold.Threshold/23 (2 ms)
[ RUN      ] Sz_Depth_Op_Threshold.Threshold/24, where GetParam() = (1280x1024, CV_8U, cv::THRESH_TOZERO_INV)
[ PERFSTAT ]    (samples=13   mean=0.01   median=0.01   min=0.01   stddev=0.00 (2.1%))
[       OK ] Sz_Depth_Op_Threshold.Threshold/24 (2 ms)
[ RUN      ] Sz_Depth_Op_Threshold.Threshold/25, where GetParam() = (1280x1024, CV_16U, cv::THRESH_BINARY)
[ PERFSTAT ]    (samples=13   mean=0.02   median=0.02   min=0.02   stddev=0.00 (1.9%))
[       OK ] Sz_Depth_Op_Threshold.Threshold/25 (3 ms)
[ RUN      ] Sz_Depth_Op_Threshold.Threshold/26, where GetParam() = (1280x1024, CV_16U, cv::THRESH_BINARY_INV)
[ PERFSTAT ]    (samples=13   mean=0.02   median=0.02   min=0.02   stddev=0.00 (2.0%))
[       OK ] Sz_Depth_Op_Threshold.Threshold/26 (4 ms)
[ RUN      ] Sz_Depth_Op_Threshold.Threshold/27, where GetParam() = (1280x1024, CV_16U, cv::THRESH_TRUNC)
[ PERFSTAT ]    (samples=13   mean=0.01   median=0.01   min=0.01   stddev=0.00 (1.7%))
[       OK ] Sz_Depth_Op_Threshold.Threshold/27 (4 ms)
[ RUN      ] Sz_Depth_Op_Threshold.Threshold/28, where GetParam() = (1280x1024, CV_16U, cv::THRESH_TOZERO)
[ PERFSTAT ]    (samples=13   mean=0.02   median=0.02   min=0.02   stddev=0.00 (1.5%))
[       OK ] Sz_Depth_Op_Threshold.Threshold/28 (3 ms)
[ RUN      ] Sz_Depth_Op_Threshold.Threshold/29, where GetParam() = (1280x1024, CV_16U, cv::THRESH_TOZERO_INV)
[ PERFSTAT ]    (samples=13   mean=0.02   median=0.02   min=0.02   stddev=0.00 (2.7%))
[       OK ] Sz_Depth_Op_Threshold.Threshold/29 (3 ms)
[ RUN      ] Sz_Depth_Op_Threshold.Threshold/30, where GetParam() = (1280x1024, CV_32F, cv::THRESH_BINARY)
[ PERFSTAT ]    (samples=13   mean=0.02   median=0.02   min=0.02   stddev=0.00 (2.1%))
[       OK ] Sz_Depth_Op_Threshold.Threshold/30 (5 ms)
[ RUN      ] Sz_Depth_Op_Threshold.Threshold/31, where GetParam() = (1280x1024, CV_32F, cv::THRESH_BINARY_INV)
[ PERFSTAT ]    (samples=13   mean=0.02   median=0.02   min=0.01   stddev=0.00 (2.5%))
[       OK ] Sz_Depth_Op_Threshold.Threshold/31 (4 ms)
[ RUN      ] Sz_Depth_Op_Threshold.Threshold/32, where GetParam() = (1280x1024, CV_32F, cv::THRESH_TRUNC)
[ PERFSTAT ]    (samples=50   mean=0.02   median=0.02   min=0.01   stddev=0.00 (2.6%))
[       OK ] Sz_Depth_Op_Threshold.Threshold/32 (4 ms)
[ RUN      ] Sz_Depth_Op_Threshold.Threshold/33, where GetParam() = (1280x1024, CV_32F, cv::THRESH_TOZERO)
[ PERFSTAT ]    (samples=25   mean=0.02   median=0.02   min=0.01   stddev=0.00 (1.8%))
[       OK ] Sz_Depth_Op_Threshold.Threshold/33 (5 ms)
[ RUN      ] Sz_Depth_Op_Threshold.Threshold/34, where GetParam() = (1280x1024, CV_32F, cv::THRESH_TOZERO_INV)
[ PERFSTAT ]    (samples=13   mean=0.02   median=0.02   min=0.01   stddev=0.00 (2.4%))
[       OK ] Sz_Depth_Op_Threshold.Threshold/34 (4 ms)
[ RUN      ] Sz_Depth_Op_Threshold.Threshold/35, where GetParam() = (1280x1024, CV_64F, cv::THRESH_BINARY)
[ PERFSTAT ]    (samples=13   mean=0.02   median=0.02   min=0.02   stddev=0.00 (2.4%))
[       OK ] Sz_Depth_Op_Threshold.Threshold/35 (6 ms)
[ RUN      ] Sz_Depth_Op_Threshold.Threshold/36, where GetParam() = (1280x1024, CV_64F, cv::THRESH_BINARY_INV)
[ PERFSTAT ]    (samples=13   mean=0.02   median=0.02   min=0.02   stddev=0.00 (2.7%))
[       OK ] Sz_Depth_Op_Threshold.Threshold/36 (6 ms)
[ RUN      ] Sz_Depth_Op_Threshold.Threshold/37, where GetParam() = (1280x1024, CV_64F, cv::THRESH_TRUNC)
[ PERFSTAT ]    (samples=25   mean=0.02   median=0.02   min=0.02   stddev=0.00 (2.0%))
[       OK ] Sz_Depth_Op_Threshold.Threshold/37 (7 ms)
[ RUN      ] Sz_Depth_Op_Threshold.Threshold/38, where GetParam() = (1280x1024, CV_64F, cv::THRESH_TOZERO)
[ PERFSTAT ]    (samples=25   mean=0.02   median=0.02   min=0.02   stddev=0.00 (2.0%))
[       OK ] Sz_Depth_Op_Threshold.Threshold/38 (6 ms)
[ RUN      ] Sz_Depth_Op_Threshold.Threshold/39, where GetParam() = (1280x1024, CV_64F, cv::THRESH_TOZERO_INV)
[ PERFSTAT ]    (samples=13   mean=0.02   median=0.02   min=0.02   stddev=0.00 (2.6%))
[       OK ] Sz_Depth_Op_Threshold.Threshold/39 (7 ms)
[ RUN      ] Sz_Depth_Op_Threshold.Threshold/40, where GetParam() = (1920x1080, CV_8U, cv::THRESH_BINARY)
[ PERFSTAT ]    (samples=13   mean=0.01   median=0.01   min=0.01   stddev=0.00 (1.8%))
[       OK ] Sz_Depth_Op_Threshold.Threshold/40 (3 ms)
[ RUN      ] Sz_Depth_Op_Threshold.Threshold/41, where GetParam() = (1920x1080, CV_8U, cv::THRESH_BINARY_INV)
[ PERFSTAT ]    (samples=13   mean=0.01   median=0.01   min=0.01   stddev=0.00 (2.1%))
[       OK ] Sz_Depth_Op_Threshold.Threshold/41 (3 ms)
[ RUN      ] Sz_Depth_Op_Threshold.Threshold/42, where GetParam() = (1920x1080, CV_8U, cv::THRESH_TRUNC)
[ PERFSTAT ]    (samples=13   mean=0.01   median=0.01   min=0.01   stddev=0.00 (2.6%))
[       OK ] Sz_Depth_Op_Threshold.Threshold/42 (3 ms)
[ RUN      ] Sz_Depth_Op_Threshold.Threshold/43, where GetParam() = (1920x1080, CV_8U, cv::THRESH_TOZERO)
[ PERFSTAT ]    (samples=13   mean=0.02   median=0.02   min=0.01   stddev=0.00 (2.2%))
[       OK ] Sz_Depth_Op_Threshold.Threshold/43 (2 ms)
[ RUN      ] Sz_Depth_Op_Threshold.Threshold/44, where GetParam() = (1920x1080, CV_8U, cv::THRESH_TOZERO_INV)
[ PERFSTAT ]    (samples=13   mean=0.02   median=0.02   min=0.02   stddev=0.00 (2.0%))
[       OK ] Sz_Depth_Op_Threshold.Threshold/44 (3 ms)
[ RUN      ] Sz_Depth_Op_Threshold.Threshold/45, where GetParam() = (1920x1080, CV_16U, cv::THRESH_BINARY)
[ PERFSTAT ]    (samples=13   mean=0.02   median=0.02   min=0.02   stddev=0.00 (1.9%))
[       OK ] Sz_Depth_Op_Threshold.Threshold/45 (5 ms)
[ RUN      ] Sz_Depth_Op_Threshold.Threshold/46, where GetParam() = (1920x1080, CV_16U, cv::THRESH_BINARY_INV)
[ PERFSTAT ]    (samples=13   mean=0.02   median=0.02   min=0.02   stddev=0.00 (1.6%))
[       OK ] Sz_Depth_Op_Threshold.Threshold/46 (5 ms)
[ RUN      ] Sz_Depth_Op_Threshold.Threshold/47, where GetParam() = (1920x1080, CV_16U, cv::THRESH_TRUNC)
[ PERFSTAT ]    (samples=13   mean=0.02   median=0.01   min=0.01   stddev=0.00 (2.5%))
[       OK ] Sz_Depth_Op_Threshold.Threshold/47 (5 ms)
[ RUN      ] Sz_Depth_Op_Threshold.Threshold/48, where GetParam() = (1920x1080, CV_16U, cv::THRESH_TOZERO)
[ PERFSTAT ]    (samples=13   mean=0.02   median=0.02   min=0.02   stddev=0.00 (1.5%))
[       OK ] Sz_Depth_Op_Threshold.Threshold/48 (5 ms)
[ RUN      ] Sz_Depth_Op_Threshold.Threshold/49, where GetParam() = (1920x1080, CV_16U, cv::THRESH_TOZERO_INV)
[ PERFSTAT ]    (samples=13   mean=0.02   median=0.02   min=0.02   stddev=0.00 (1.5%))
[       OK ] Sz_Depth_Op_Threshold.Threshold/49 (5 ms)
[ RUN      ] Sz_Depth_Op_Threshold.Threshold/50, where GetParam() = (1920x1080, CV_32F, cv::THRESH_BINARY)
[ PERFSTAT ]    (samples=25   mean=0.02   median=0.02   min=0.02   stddev=0.00 (1.9%))
[       OK ] Sz_Depth_Op_Threshold.Threshold/50 (6 ms)
[ RUN      ] Sz_Depth_Op_Threshold.Threshold/51, where GetParam() = (1920x1080, CV_32F, cv::THRESH_BINARY_INV)
[ PERFSTAT ]    (samples=13   mean=0.02   median=0.02   min=0.02   stddev=0.00 (2.1%))
[       OK ] Sz_Depth_Op_Threshold.Threshold/51 (6 ms)
[ RUN      ] Sz_Depth_Op_Threshold.Threshold/52, where GetParam() = (1920x1080, CV_32F, cv::THRESH_TRUNC)
[ PERFSTAT ]    (samples=13   mean=0.02   median=0.02   min=0.02   stddev=0.00 (2.0%))
[       OK ] Sz_Depth_Op_Threshold.Threshold/52 (6 ms)
[ RUN      ] Sz_Depth_Op_Threshold.Threshold/53, where GetParam() = (1920x1080, CV_32F, cv::THRESH_TOZERO)
[ PERFSTAT ]    (samples=13   mean=0.02   median=0.02   min=0.02   stddev=0.00 (2.6%))
[       OK ] Sz_Depth_Op_Threshold.Threshold/53 (6 ms)
[ RUN      ] Sz_Depth_Op_Threshold.Threshold/54, where GetParam() = (1920x1080, CV_32F, cv::THRESH_TOZERO_INV)
[ PERFSTAT ]    (samples=13   mean=0.02   median=0.02   min=0.02   stddev=0.00 (1.7%))
[       OK ] Sz_Depth_Op_Threshold.Threshold/54 (6 ms)
[ RUN      ] Sz_Depth_Op_Threshold.Threshold/55, where GetParam() = (1920x1080, CV_64F, cv::THRESH_BINARY)
[ PERFSTAT ]    (samples=59   mean=0.03   median=0.03   min=0.03   stddev=0.00 (3.0%))
[       OK ] Sz_Depth_Op_Threshold.Threshold/55 (12 ms)
[ RUN      ] Sz_Depth_Op_Threshold.Threshold/56, where GetParam() = (1920x1080, CV_64F, cv::THRESH_BINARY_INV)
[ PERFSTAT ]    (samples=53   mean=0.03   median=0.03   min=0.03   stddev=0.00 (3.0%))
[       OK ] Sz_Depth_Op_Threshold.Threshold/56 (11 ms)
[ RUN      ] Sz_Depth_Op_Threshold.Threshold/57, where GetParam() = (1920x1080, CV_64F, cv::THRESH_TRUNC)
[ PERFSTAT ]    (samples=52   mean=0.03   median=0.03   min=0.03   stddev=0.00 (3.0%))
[       OK ] Sz_Depth_Op_Threshold.Threshold/57 (12 ms)
[ RUN      ] Sz_Depth_Op_Threshold.Threshold/58, where GetParam() = (1920x1080, CV_64F, cv::THRESH_TOZERO)
[ PERFSTAT ]    (samples=47   mean=0.03   median=0.03   min=0.03   stddev=0.00 (3.0%))
[       OK ] Sz_Depth_Op_Threshold.Threshold/58 (13 ms)
[ RUN      ] Sz_Depth_Op_Threshold.Threshold/59, where GetParam() = (1920x1080, CV_64F, cv::THRESH_TOZERO_INV)
[ PERFSTAT ]    (samples=33   mean=0.03   median=0.03   min=0.03   stddev=0.00 (3.0%))
[       OK ] Sz_Depth_Op_Threshold.Threshold/59 (11 ms)
[----------] 60 tests from Sz_Depth_Op_Threshold (285 ms total)

[----------] 36 tests from Sz_Depth_Cn_InRange
[ RUN      ] Sz_Depth_Cn_InRange.InRange/0, where GetParam() = (1280x720, CV_8U, Gray)
[ PERFSTAT ]    (samples=25   mean=0.01   median=0.01   min=0.01   stddev=0.00 (2.7%))
[       OK ] Sz_Depth_Cn_InRange.InRange/0 (5 ms)
[ RUN      ] Sz_Depth_Cn_InRange.InRange/1, where GetParam() = (1280x720, CV_8U, BGR)
[ PERFSTAT ]    (samples=13   mean=0.02   median=0.02   min=0.02   stddev=0.00 (2.4%))
[       OK ] Sz_Depth_Cn_InRange.InRange/1 (4 ms)
[ RUN      ] Sz_Depth_Cn_InRange.InRange/2, where GetParam() = (1280x720, CV_8U, BGRA)
[ PERFSTAT ]    (samples=13   mean=0.02   median=0.02   min=0.02   stddev=0.00 (2.6%))
[       OK ] Sz_Depth_Cn_InRange.InRange/2 (4 ms)
[ RUN      ] Sz_Depth_Cn_InRange.InRange/3, where GetParam() = (1280x720, CV_16U, Gray)
[ PERFSTAT ]    (samples=13   mean=0.01   median=0.01   min=0.01   stddev=0.00 (1.8%))
[       OK ] Sz_Depth_Cn_InRange.InRange/3 (2 ms)
[ RUN      ] Sz_Depth_Cn_InRange.InRange/4, where GetParam() = (1280x720, CV_16U, BGR)
[ PERFSTAT ]    (samples=13   mean=0.02   median=0.02   min=0.02   stddev=0.00 (2.0%))
[       OK ] Sz_Depth_Cn_InRange.InRange/4 (6 ms)
[ RUN      ] Sz_Depth_Cn_InRange.InRange/5, where GetParam() = (1280x720, CV_16U, BGRA)
[ PERFSTAT ]    (samples=13   mean=0.02   median=0.02   min=0.02   stddev=0.00 (2.5%))
[       OK ] Sz_Depth_Cn_InRange.InRange/5 (7 ms)
[ RUN      ] Sz_Depth_Cn_InRange.InRange/6, where GetParam() = (1280x720, CV_32F, Gray)
[ PERFSTAT ]    (samples=13   mean=0.01   median=0.01   min=0.01   stddev=0.00 (2.0%))
[       OK ] Sz_Depth_Cn_InRange.InRange/6 (2 ms)
[ RUN      ] Sz_Depth_Cn_InRange.InRange/7, where GetParam() = (1280x720, CV_32F, BGR)
[ PERFSTAT ]    (samples=13   mean=0.02   median=0.02   min=0.02   stddev=0.00 (1.9%))
[       OK ] Sz_Depth_Cn_InRange.InRange/7 (7 ms)
[ RUN      ] Sz_Depth_Cn_InRange.InRange/8, where GetParam() = (1280x720, CV_32F, BGRA)
[ PERFSTAT ]    (samples=13   mean=0.02   median=0.02   min=0.02   stddev=0.00 (2.7%))
[       OK ] Sz_Depth_Cn_InRange.InRange/8 (8 ms)
[ RUN      ] Sz_Depth_Cn_InRange.InRange/9, where GetParam() = (1280x720, CV_64F, Gray)
[ PERFSTAT ]    (samples=13   mean=0.01   median=0.01   min=0.01   stddev=0.00 (1.9%))
[       OK ] Sz_Depth_Cn_InRange.InRange/9 (3 ms)
[ RUN      ] Sz_Depth_Cn_InRange.InRange/10, where GetParam() = (1280x720, CV_64F, BGR)
[ PERFSTAT ]    (samples=13   mean=0.02   median=0.02   min=0.02   stddev=0.00 (2.2%))
[       OK ] Sz_Depth_Cn_InRange.InRange/10 (9 ms)
[ RUN      ] Sz_Depth_Cn_InRange.InRange/11, where GetParam() = (1280x720, CV_64F, BGRA)
[ PERFSTAT ]    (samples=38   mean=0.02   median=0.02   min=0.02   stddev=0.00 (2.7%))
[       OK ] Sz_Depth_Cn_InRange.InRange/11 (12 ms)
[ RUN      ] Sz_Depth_Cn_InRange.InRange/12, where GetParam() = (1280x1024, CV_8U, Gray)
[ PERFSTAT ]    (samples=25   mean=0.01   median=0.01   min=0.01   stddev=0.00 (2.2%))
[       OK ] Sz_Depth_Cn_InRange.InRange/12 (2 ms)
[ RUN      ] Sz_Depth_Cn_InRange.InRange/13, where GetParam() = (1280x1024, CV_8U, BGR)
[ PERFSTAT ]    (samples=13   mean=0.02   median=0.02   min=0.02   stddev=0.00 (1.5%))
[       OK ] Sz_Depth_Cn_InRange.InRange/13 (5 ms)
[ RUN      ] Sz_Depth_Cn_InRange.InRange/14, where GetParam() = (1280x1024, CV_8U, BGRA)
[ PERFSTAT ]    (samples=13   mean=0.02   median=0.02   min=0.02   stddev=0.00 (1.8%))
[       OK ] Sz_Depth_Cn_InRange.InRange/14 (5 ms)
[ RUN      ] Sz_Depth_Cn_InRange.InRange/15, where GetParam() = (1280x1024, CV_16U, Gray)
[ PERFSTAT ]    (samples=13   mean=0.01   median=0.01   min=0.01   stddev=0.00 (2.1%))
[       OK ] Sz_Depth_Cn_InRange.InRange/15 (3 ms)
[ RUN      ] Sz_Depth_Cn_InRange.InRange/16, where GetParam() = (1280x1024, CV_16U, BGR)
[ PERFSTAT ]    (samples=13   mean=0.02   median=0.02   min=0.02   stddev=0.00 (2.1%))
[       OK ] Sz_Depth_Cn_InRange.InRange/16 (7 ms)
[ RUN      ] Sz_Depth_Cn_InRange.InRange/17, where GetParam() = (1280x1024, CV_16U, BGRA)
[ PERFSTAT ]    (samples=13   mean=0.02   median=0.02   min=0.02   stddev=0.00 (1.7%))
[       OK ] Sz_Depth_Cn_InRange.InRange/17 (10 ms)
[ RUN      ] Sz_Depth_Cn_InRange.InRange/18, where GetParam() = (1280x1024, CV_32F, Gray)
[ PERFSTAT ]    (samples=13   mean=0.01   median=0.01   min=0.01   stddev=0.00 (2.7%))
[       OK ] Sz_Depth_Cn_InRange.InRange/18 (3 ms)
[ RUN      ] Sz_Depth_Cn_InRange.InRange/19, where GetParam() = (1280x1024, CV_32F, BGR)
[ PERFSTAT ]    (samples=25   mean=0.02   median=0.02   min=0.02   stddev=0.00 (2.8%))
[       OK ] Sz_Depth_Cn_InRange.InRange/19 (9 ms)
[ RUN      ] Sz_Depth_Cn_InRange.InRange/20, where GetParam() = (1280x1024, CV_32F, BGRA)
[ PERFSTAT ]    (samples=13   mean=0.02   median=0.02   min=0.02   stddev=0.00 (2.6%))
[       OK ] Sz_Depth_Cn_InRange.InRange/20 (12 ms)
[ RUN      ] Sz_Depth_Cn_InRange.InRange/21, where GetParam() = (1280x1024, CV_64F, Gray)
[ PERFSTAT ]    (samples=25   mean=0.01   median=0.01   min=0.01   stddev=0.00 (1.9%))
[       OK ] Sz_Depth_Cn_InRange.InRange/21 (6 ms)
[ RUN      ] Sz_Depth_Cn_InRange.InRange/22, where GetParam() = (1280x1024, CV_64F, BGR)
[ PERFSTAT ]    (samples=13   mean=0.03   median=0.03   min=0.03   stddev=0.00 (2.7%))
[       OK ] Sz_Depth_Cn_InRange.InRange/22 (12 ms)
[ RUN      ] Sz_Depth_Cn_InRange.InRange/23, where GetParam() = (1280x1024, CV_64F, BGRA)
[ PERFSTAT ]    (samples=13   mean=0.04   median=0.04   min=0.04   stddev=0.00 (2.1%))
[       OK ] Sz_Depth_Cn_InRange.InRange/23 (18 ms)
[ RUN      ] Sz_Depth_Cn_InRange.InRange/24, where GetParam() = (1920x1080, CV_8U, Gray)
[ PERFSTAT ]    (samples=19   mean=0.01   median=0.01   min=0.01   stddev=0.00 (3.0%))
[       OK ] Sz_Depth_Cn_InRange.InRange/24 (3 ms)
[ RUN      ] Sz_Depth_Cn_InRange.InRange/25, where GetParam() = (1920x1080, CV_8U, BGR)
[ PERFSTAT ]    (samples=29   mean=0.02   median=0.02   min=0.02   stddev=0.00 (3.0%))
[       OK ] Sz_Depth_Cn_InRange.InRange/25 (7 ms)
[ RUN      ] Sz_Depth_Cn_InRange.InRange/26, where GetParam() = (1920x1080, CV_8U, BGRA)
[ PERFSTAT ]    (samples=13   mean=0.02   median=0.02   min=0.02   stddev=0.00 (2.8%))
[       OK ] Sz_Depth_Cn_InRange.InRange/26 (7 ms)
[ RUN      ] Sz_Depth_Cn_InRange.InRange/27, where GetParam() = (1920x1080, CV_16U, Gray)
[ PERFSTAT ]    (samples=13   mean=0.01   median=0.01   min=0.01   stddev=0.00 (1.7%))
[       OK ] Sz_Depth_Cn_InRange.InRange/27 (5 ms)
[ RUN      ] Sz_Depth_Cn_InRange.InRange/28, where GetParam() = (1920x1080, CV_16U, BGR)
[ PERFSTAT ]    (samples=13   mean=0.02   median=0.02   min=0.02   stddev=0.00 (2.0%))
[       OK ] Sz_Depth_Cn_InRange.InRange/28 (12 ms)
[ RUN      ] Sz_Depth_Cn_InRange.InRange/29, where GetParam() = (1920x1080, CV_16U, BGRA)
[ PERFSTAT ]    (samples=13   mean=0.02   median=0.02   min=0.02   stddev=0.00 (2.9%))
[       OK ] Sz_Depth_Cn_InRange.InRange/29 (16 ms)
[ RUN      ] Sz_Depth_Cn_InRange.InRange/30, where GetParam() = (1920x1080, CV_32F, Gray)
[ PERFSTAT ]    (samples=13   mean=0.01   median=0.01   min=0.01   stddev=0.00 (2.1%))
[       OK ] Sz_Depth_Cn_InRange.InRange/30 (5 ms)
[ RUN      ] Sz_Depth_Cn_InRange.InRange/31, where GetParam() = (1920x1080, CV_32F, BGR)
[ PERFSTAT ]    (samples=13   mean=0.02   median=0.02   min=0.02   stddev=0.00 (2.5%))
[       OK ] Sz_Depth_Cn_InRange.InRange/31 (13 ms)
[ RUN      ] Sz_Depth_Cn_InRange.InRange/32, where GetParam() = (1920x1080, CV_32F, BGRA)
[ PERFSTAT ]    (samples=13   mean=0.04   median=0.04   min=0.04   stddev=0.00 (2.4%))
[       OK ] Sz_Depth_Cn_InRange.InRange/32 (18 ms)
[ RUN      ] Sz_Depth_Cn_InRange.InRange/33, where GetParam() = (1920x1080, CV_64F, Gray)
[ PERFSTAT ]    (samples=13   mean=0.02   median=0.02   min=0.02   stddev=0.00 (2.4%))
[       OK ] Sz_Depth_Cn_InRange.InRange/33 (7 ms)
[ RUN      ] Sz_Depth_Cn_InRange.InRange/34, where GetParam() = (1920x1080, CV_64F, BGR)
[ PERFSTAT ]    (samples=13   mean=0.05   median=0.05   min=0.05   stddev=0.00 (1.8%))
[       OK ] Sz_Depth_Cn_InRange.InRange/34 (22 ms)
[ RUN      ] Sz_Depth_Cn_InRange.InRange/35, where GetParam() = (1920x1080, CV_64F, BGRA)
[ PERFSTAT ]    (samples=13   mean=0.06   median=0.06   min=0.06   stddev=0.00 (1.1%))
[       OK ] Sz_Depth_Cn_InRange.InRange/35 (29 ms)
[----------] 36 tests from Sz_Depth_Cn_InRange (305 ms total)

[----------] 36 tests from Sz_Depth_Norm_Norm
[ RUN      ] Sz_Depth_Norm_Norm.Norm/0, where GetParam() = (1280x720, CV_8U, NORM_INF)
[ PERFSTAT ]    (samples=13   mean=0.97   median=0.96   min=0.95   stddev=0.01 (1.1%))
[       OK ] Sz_Depth_Norm_Norm.Norm/0 (33 ms)
[ RUN      ] Sz_Depth_Norm_Norm.Norm/1, where GetParam() = (1280x720, CV_8U, NORM_L1)
[ PERFSTAT ]    (samples=13   mean=0.96   median=0.96   min=0.95   stddev=0.01 (0.7%))
[       OK ] Sz_Depth_Norm_Norm.Norm/1 (33 ms)
[ RUN      ] Sz_Depth_Norm_Norm.Norm/2, where GetParam() = (1280x720, CV_8U, NORM_L2)
[ PERFSTAT ]    (samples=23   mean=0.99   median=0.98   min=0.97   stddev=0.03 (2.9%))
[       OK ] Sz_Depth_Norm_Norm.Norm/2 (26 ms)
[ RUN      ] Sz_Depth_Norm_Norm.Norm/3, where GetParam() = (1280x720, CV_16U, NORM_INF)
[ PERFSTAT ]    (samples=13   mean=0.97   median=0.97   min=0.96   stddev=0.01 (0.8%))
[       OK ] Sz_Depth_Norm_Norm.Norm/3 (15 ms)
[ RUN      ] Sz_Depth_Norm_Norm.Norm/4, where GetParam() = (1280x720, CV_16U, NORM_L1)
[ PERFSTAT ]    (samples=13   mean=0.97   median=0.97   min=0.96   stddev=0.01 (1.5%))
[       OK ] Sz_Depth_Norm_Norm.Norm/4 (15 ms)
[ RUN      ] Sz_Depth_Norm_Norm.Norm/5, where GetParam() = (1280x720, CV_16U, NORM_L2)
[ PERFSTAT ]    (samples=11   mean=0.99   median=0.99   min=0.97   stddev=0.03 (3.0%))
[       OK ] Sz_Depth_Norm_Norm.Norm/5 (13 ms)
[ RUN      ] Sz_Depth_Norm_Norm.Norm/6, where GetParam() = (1280x720, CV_32S, NORM_INF)
[ PERFSTAT ]    (samples=10   mean=1.33   median=1.33   min=1.32   stddev=0.02 (1.3%))
[       OK ] Sz_Depth_Norm_Norm.Norm/6 (17 ms)
[ RUN      ] Sz_Depth_Norm_Norm.Norm/7, where GetParam() = (1280x720, CV_32S, NORM_L1)
[ PERFSTAT ]    (samples=10   mean=1.34   median=1.32   min=1.31   stddev=0.04 (2.7%))
[       OK ] Sz_Depth_Norm_Norm.Norm/7 (16 ms)
[ RUN      ] Sz_Depth_Norm_Norm.Norm/8, where GetParam() = (1280x720, CV_32S, NORM_L2)
[ PERFSTAT ]    (samples=11   mean=1.35   median=1.34   min=1.32   stddev=0.04 (2.9%))
[       OK ] Sz_Depth_Norm_Norm.Norm/8 (19 ms)
[ RUN      ] Sz_Depth_Norm_Norm.Norm/9, where GetParam() = (1280x720, CV_32F, NORM_INF)
[ PERFSTAT ]    (samples=10   mean=1.34   median=1.33   min=1.32   stddev=0.03 (1.9%))
[       OK ] Sz_Depth_Norm_Norm.Norm/9 (15 ms)
[ RUN      ] Sz_Depth_Norm_Norm.Norm/10, where GetParam() = (1280x720, CV_32F, NORM_L1)
[ PERFSTAT ]    (samples=10   mean=1.32   median=1.32   min=1.31   stddev=0.01 (0.9%))
[       OK ] Sz_Depth_Norm_Norm.Norm/10 (15 ms)
[ RUN      ] Sz_Depth_Norm_Norm.Norm/11, where GetParam() = (1280x720, CV_32F, NORM_L2)
[ PERFSTAT ]    (samples=10   mean=1.34   median=1.34   min=1.32   stddev=0.02 (1.3%))
[       OK ] Sz_Depth_Norm_Norm.Norm/11 (16 ms)
[ RUN      ] Sz_Depth_Norm_Norm.Norm/12, where GetParam() = (1280x1024, CV_8U, NORM_INF)
[ PERFSTAT ]    (samples=10   mean=0.97   median=0.97   min=0.96   stddev=0.02 (2.3%))
[       OK ] Sz_Depth_Norm_Norm.Norm/12 (12 ms)
[ RUN      ] Sz_Depth_Norm_Norm.Norm/13, where GetParam() = (1280x1024, CV_8U, NORM_L1)
[ PERFSTAT ]    (samples=10   mean=0.97   median=0.96   min=0.95   stddev=0.02 (2.1%))
[       OK ] Sz_Depth_Norm_Norm.Norm/13 (13 ms)
[ RUN      ] Sz_Depth_Norm_Norm.Norm/14, where GetParam() = (1280x1024, CV_8U, NORM_L2)
[ PERFSTAT ]    (samples=13   mean=0.99   median=0.98   min=0.97   stddev=0.02 (1.9%))
[       OK ] Sz_Depth_Norm_Norm.Norm/14 (17 ms)
[ RUN      ] Sz_Depth_Norm_Norm.Norm/15, where GetParam() = (1280x1024, CV_16U, NORM_INF)
[ PERFSTAT ]    (samples=10   mean=1.32   median=1.32   min=1.30   stddev=0.01 (1.0%))
[       OK ] Sz_Depth_Norm_Norm.Norm/15 (16 ms)
[ RUN      ] Sz_Depth_Norm_Norm.Norm/16, where GetParam() = (1280x1024, CV_16U, NORM_L1)
[ PERFSTAT ]    (samples=10   mean=1.32   median=1.32   min=1.31   stddev=0.01 (0.6%))
[       OK ] Sz_Depth_Norm_Norm.Norm/16 (16 ms)
[ RUN      ] Sz_Depth_Norm_Norm.Norm/17, where GetParam() = (1280x1024, CV_16U, NORM_L2)
[ PERFSTAT ]    (samples=10   mean=1.33   median=1.33   min=1.32   stddev=0.01 (0.7%))
[       OK ] Sz_Depth_Norm_Norm.Norm/17 (16 ms)
[ RUN      ] Sz_Depth_Norm_Norm.Norm/18, where GetParam() = (1280x1024, CV_32S, NORM_INF)
[ PERFSTAT ]    (samples=50   mean=1.33   median=1.32   min=1.30   stddev=0.04 (2.7%))
[       OK ] Sz_Depth_Norm_Norm.Norm/18 (73 ms)
[ RUN      ] Sz_Depth_Norm_Norm.Norm/19, where GetParam() = (1280x1024, CV_32S, NORM_L1)
[ PERFSTAT ]    (samples=10   mean=1.32   median=1.31   min=1.30   stddev=0.02 (1.1%))
[       OK ] Sz_Depth_Norm_Norm.Norm/19 (18 ms)
[ RUN      ] Sz_Depth_Norm_Norm.Norm/20, where GetParam() = (1280x1024, CV_32S, NORM_L2)
[ PERFSTAT ]    (samples=10   mean=1.33   median=1.33   min=1.31   stddev=0.02 (1.2%))
[       OK ] Sz_Depth_Norm_Norm.Norm/20 (17 ms)
[ RUN      ] Sz_Depth_Norm_Norm.Norm/21, where GetParam() = (1280x1024, CV_32F, NORM_INF)
[ PERFSTAT ]    (samples=10   mean=1.33   median=1.33   min=1.31   stddev=0.01 (0.8%))
[       OK ] Sz_Depth_Norm_Norm.Norm/21 (16 ms)
[ RUN      ] Sz_Depth_Norm_Norm.Norm/22, where GetParam() = (1280x1024, CV_32F, NORM_L1)
[ PERFSTAT ]    (samples=13   mean=1.32   median=1.31   min=1.30   stddev=0.04 (2.7%))
[       OK ] Sz_Depth_Norm_Norm.Norm/22 (20 ms)
[ RUN      ] Sz_Depth_Norm_Norm.Norm/23, where GetParam() = (1280x1024, CV_32F, NORM_L2)
[ PERFSTAT ]    (samples=10   mean=1.33   median=1.33   min=1.32   stddev=0.01 (0.9%))
[       OK ] Sz_Depth_Norm_Norm.Norm/23 (16 ms)
[ RUN      ] Sz_Depth_Norm_Norm.Norm/24, where GetParam() = (1920x1080, CV_8U, NORM_INF)
[ PERFSTAT ]    (samples=13   mean=1.32   median=1.32   min=1.30   stddev=0.01 (0.8%))
[       OK ] Sz_Depth_Norm_Norm.Norm/24 (22 ms)
[ RUN      ] Sz_Depth_Norm_Norm.Norm/25, where GetParam() = (1920x1080, CV_8U, NORM_L1)
[ PERFSTAT ]    (samples=10   mean=1.32   median=1.31   min=1.30   stddev=0.01 (0.7%))
[       OK ] Sz_Depth_Norm_Norm.Norm/25 (18 ms)
[ RUN      ] Sz_Depth_Norm_Norm.Norm/26, where GetParam() = (1920x1080, CV_8U, NORM_L2)
[ PERFSTAT ]    (samples=10   mean=1.34   median=1.34   min=1.33   stddev=0.01 (0.5%))
[       OK ] Sz_Depth_Norm_Norm.Norm/26 (19 ms)
[ RUN      ] Sz_Depth_Norm_Norm.Norm/27, where GetParam() = (1920x1080, CV_16U, NORM_INF)
[ PERFSTAT ]    (samples=10   mean=1.32   median=1.32   min=1.30   stddev=0.02 (1.2%))
[       OK ] Sz_Depth_Norm_Norm.Norm/27 (17 ms)
[ RUN      ] Sz_Depth_Norm_Norm.Norm/28, where GetParam() = (1920x1080, CV_16U, NORM_L1)
[ PERFSTAT ]    (samples=10   mean=1.32   median=1.31   min=1.30   stddev=0.01 (1.0%))
[       OK ] Sz_Depth_Norm_Norm.Norm/28 (17 ms)
[ RUN      ] Sz_Depth_Norm_Norm.Norm/29, where GetParam() = (1920x1080, CV_16U, NORM_L2)
[ PERFSTAT ]    (samples=10   mean=1.35   median=1.35   min=1.33   stddev=0.01 (1.0%))
[       OK ] Sz_Depth_Norm_Norm.Norm/29 (17 ms)
[ RUN      ] Sz_Depth_Norm_Norm.Norm/30, where GetParam() = (1920x1080, CV_32S, NORM_INF)
[ PERFSTAT ]    (samples=13   mean=1.33   median=1.33   min=1.32   stddev=0.01 (0.8%))
[       OK ] Sz_Depth_Norm_Norm.Norm/30 (25 ms)
[ RUN      ] Sz_Depth_Norm_Norm.Norm/31, where GetParam() = (1920x1080, CV_32S, NORM_L1)
[ PERFSTAT ]    (samples=12   mean=1.32   median=1.31   min=1.30   stddev=0.04 (3.0%))
[       OK ] Sz_Depth_Norm_Norm.Norm/31 (23 ms)
[ RUN      ] Sz_Depth_Norm_Norm.Norm/32, where GetParam() = (1920x1080, CV_32S, NORM_L2)
[ PERFSTAT ]    (samples=10   mean=1.36   median=1.34   min=1.33   stddev=0.04 (2.6%))
[       OK ] Sz_Depth_Norm_Norm.Norm/32 (20 ms)
[ RUN      ] Sz_Depth_Norm_Norm.Norm/33, where GetParam() = (1920x1080, CV_32F, NORM_INF)
[ PERFSTAT ]    (samples=10   mean=1.33   median=1.33   min=1.31   stddev=0.03 (2.2%))
[       OK ] Sz_Depth_Norm_Norm.Norm/33 (17 ms)
[ RUN      ] Sz_Depth_Norm_Norm.Norm/34, where GetParam() = (1920x1080, CV_32F, NORM_L1)
[ PERFSTAT ]    (samples=10   mean=1.32   median=1.31   min=1.30   stddev=0.03 (2.1%))
[       OK ] Sz_Depth_Norm_Norm.Norm/34 (18 ms)
[ RUN      ] Sz_Depth_Norm_Norm.Norm/35, where GetParam() = (1920x1080, CV_32F, NORM_L2)
[ PERFSTAT ]    (samples=12   mean=1.34   median=1.33   min=1.31   stddev=0.04 (2.9%))
[       OK ] Sz_Depth_Norm_Norm.Norm/35 (20 ms)
[----------] 36 tests from Sz_Depth_Norm_Norm (716 ms total)

[----------] 9 tests from Sz_Norm_NormDiff
[ RUN      ] Sz_Norm_NormDiff.NormDiff/0, where GetParam() = (1280x720, NORM_INF)
[ PERFSTAT ]    (samples=13   mean=0.97   median=0.97   min=0.96   stddev=0.01 (1.0%))
[       OK ] Sz_Norm_NormDiff.NormDiff/0 (16 ms)
[ RUN      ] Sz_Norm_NormDiff.NormDiff/1, where GetParam() = (1280x720, NORM_L1)
[ PERFSTAT ]    (samples=13   mean=0.96   median=0.96   min=0.96   stddev=0.01 (0.8%))
[       OK ] Sz_Norm_NormDiff.NormDiff/1 (16 ms)
[ RUN      ] Sz_Norm_NormDiff.NormDiff/2, where GetParam() = (1280x720, NORM_L2)
[ PERFSTAT ]    (samples=10   mean=0.99   median=0.98   min=0.97   stddev=0.02 (2.4%))
[       OK ] Sz_Norm_NormDiff.NormDiff/2 (12 ms)
[ RUN      ] Sz_Norm_NormDiff.NormDiff/3, where GetParam() = (1280x1024, NORM_INF)
[ PERFSTAT ]    (samples=10   mean=0.98   median=0.97   min=0.96   stddev=0.02 (2.2%))
[       OK ] Sz_Norm_NormDiff.NormDiff/3 (13 ms)
[ RUN      ] Sz_Norm_NormDiff.NormDiff/4, where GetParam() = (1280x1024, NORM_L1)
[ PERFSTAT ]    (samples=10   mean=0.98   median=0.97   min=0.96   stddev=0.02 (2.3%))
[       OK ] Sz_Norm_NormDiff.NormDiff/4 (12 ms)
[ RUN      ] Sz_Norm_NormDiff.NormDiff/5, where GetParam() = (1280x1024, NORM_L2)
[ PERFSTAT ]    (samples=10   mean=0.99   median=0.99   min=0.97   stddev=0.02 (2.2%))
[       OK ] Sz_Norm_NormDiff.NormDiff/5 (13 ms)
[ RUN      ] Sz_Norm_NormDiff.NormDiff/6, where GetParam() = (1920x1080, NORM_INF)
[ PERFSTAT ]    (samples=10   mean=1.33   median=1.32   min=1.31   stddev=0.01 (0.9%))
[       OK ] Sz_Norm_NormDiff.NormDiff/6 (17 ms)
[ RUN      ] Sz_Norm_NormDiff.NormDiff/7, where GetParam() = (1920x1080, NORM_L1)
[ PERFSTAT ]    (samples=10   mean=1.32   median=1.32   min=1.30   stddev=0.01 (0.8%))
[       OK ] Sz_Norm_NormDiff.NormDiff/7 (17 ms)
[ RUN      ] Sz_Norm_NormDiff.NormDiff/8, where GetParam() = (1920x1080, NORM_L2)
[ PERFSTAT ]    (samples=13   mean=1.35   median=1.33   min=1.32   stddev=0.04 (3.0%))
[       OK ] Sz_Norm_NormDiff.NormDiff/8 (23 ms)
[----------] 9 tests from Sz_Norm_NormDiff (139 ms total)

[----------] 27 tests from Sz_Depth_Cn_Sum
[ RUN      ] Sz_Depth_Cn_Sum.Sum/0, where GetParam() = (1280x720, CV_8U, Gray)
[ PERFSTAT ]    (samples=10   mean=0.98   median=0.97   min=0.95   stddev=0.03 (2.6%))
[       OK ] Sz_Depth_Cn_Sum.Sum/0 (11 ms)
[ RUN      ] Sz_Depth_Cn_Sum.Sum/1, where GetParam() = (1280x720, CV_8U, BGR)
[ PERFSTAT ]    (samples=10   mean=1.32   median=1.32   min=1.31   stddev=0.02 (1.5%))
[       OK ] Sz_Depth_Cn_Sum.Sum/1 (16 ms)
[ RUN      ] Sz_Depth_Cn_Sum.Sum/2, where GetParam() = (1280x720, CV_8U, BGRA)
[ PERFSTAT ]    (samples=10   mean=1.33   median=1.31   min=1.30   stddev=0.04 (2.7%))
[       OK ] Sz_Depth_Cn_Sum.Sum/2 (16 ms)
[ RUN      ] Sz_Depth_Cn_Sum.Sum/3, where GetParam() = (1280x720, CV_16U, Gray)
[ PERFSTAT ]    (samples=10   mean=0.97   median=0.96   min=0.95   stddev=0.03 (2.9%))
[       OK ] Sz_Depth_Cn_Sum.Sum/3 (12 ms)
[ RUN      ] Sz_Depth_Cn_Sum.Sum/4, where GetParam() = (1280x720, CV_16U, BGR)
[ PERFSTAT ]    (samples=10   mean=1.33   median=1.32   min=1.31   stddev=0.03 (2.1%))
[       OK ] Sz_Depth_Cn_Sum.Sum/4 (18 ms)
[ RUN      ] Sz_Depth_Cn_Sum.Sum/5, where GetParam() = (1280x720, CV_16U, BGRA)
[ PERFSTAT ]    (samples=13   mean=1.33   median=1.32   min=1.30   stddev=0.03 (2.4%))
[       OK ] Sz_Depth_Cn_Sum.Sum/5 (24 ms)
[ RUN      ] Sz_Depth_Cn_Sum.Sum/6, where GetParam() = (1280x720, CV_32F, Gray)
[ PERFSTAT ]    (samples=38   mean=1.33   median=1.32   min=1.31   stddev=0.03 (2.3%))
[       OK ] Sz_Depth_Cn_Sum.Sum/6 (62 ms)
[ RUN      ] Sz_Depth_Cn_Sum.Sum/7, where GetParam() = (1280x720, CV_32F, BGR)
[ PERFSTAT ]    (samples=13   mean=1.33   median=1.33   min=1.31   stddev=0.01 (1.0%))
[       OK ] Sz_Depth_Cn_Sum.Sum/7 (23 ms)
[ RUN      ] Sz_Depth_Cn_Sum.Sum/8, where GetParam() = (1280x720, CV_32F, BGRA)
[ PERFSTAT ]    (samples=13   mean=1.31   median=1.32   min=1.29   stddev=0.01 (0.8%))
[       OK ] Sz_Depth_Cn_Sum.Sum/8 (25 ms)
[ RUN      ] Sz_Depth_Cn_Sum.Sum/9, where GetParam() = (1280x1024, CV_8U, Gray)
[ PERFSTAT ]    (samples=10   mean=0.97   median=0.97   min=0.96   stddev=0.02 (2.1%))
[       OK ] Sz_Depth_Cn_Sum.Sum/9 (12 ms)
[ RUN      ] Sz_Depth_Cn_Sum.Sum/10, where GetParam() = (1280x1024, CV_8U, BGR)
[ PERFSTAT ]    (samples=10   mean=1.32   median=1.32   min=1.31   stddev=0.01 (1.0%))
[       OK ] Sz_Depth_Cn_Sum.Sum/10 (16 ms)
[ RUN      ] Sz_Depth_Cn_Sum.Sum/11, where GetParam() = (1280x1024, CV_8U, BGRA)
[ PERFSTAT ]    (samples=13   mean=1.32   median=1.32   min=1.31   stddev=0.01 (0.9%))
[       OK ] Sz_Depth_Cn_Sum.Sum/11 (23 ms)
[ RUN      ] Sz_Depth_Cn_Sum.Sum/12, where GetParam() = (1280x1024, CV_16U, Gray)
[ PERFSTAT ]    (samples=10   mean=1.33   median=1.32   min=1.31   stddev=0.02 (1.4%))
[       OK ] Sz_Depth_Cn_Sum.Sum/12 (16 ms)
[ RUN      ] Sz_Depth_Cn_Sum.Sum/13, where GetParam() = (1280x1024, CV_16U, BGR)
[ PERFSTAT ]    (samples=11   mean=1.33   median=1.32   min=1.30   stddev=0.04 (3.0%))
[       OK ] Sz_Depth_Cn_Sum.Sum/13 (21 ms)
[ RUN      ] Sz_Depth_Cn_Sum.Sum/14, where GetParam() = (1280x1024, CV_16U, BGRA)
[ PERFSTAT ]    (samples=25   mean=1.32   median=1.32   min=1.30   stddev=0.01 (0.5%))
[       OK ] Sz_Depth_Cn_Sum.Sum/14 (42 ms)
[ RUN      ] Sz_Depth_Cn_Sum.Sum/15, where GetParam() = (1280x1024, CV_32F, Gray)
[ PERFSTAT ]    (samples=10   mean=1.32   median=1.31   min=1.31   stddev=0.01 (0.6%))
[       OK ] Sz_Depth_Cn_Sum.Sum/15 (16 ms)
[ RUN      ] Sz_Depth_Cn_Sum.Sum/16, where GetParam() = (1280x1024, CV_32F, BGR)
[ PERFSTAT ]    (samples=13   mean=1.32   median=1.32   min=1.29   stddev=0.01 (0.9%))
[       OK ] Sz_Depth_Cn_Sum.Sum/16 (26 ms)
[ RUN      ] Sz_Depth_Cn_Sum.Sum/17, where GetParam() = (1280x1024, CV_32F, BGRA)
[ PERFSTAT ]    (samples=13   mean=1.32   median=1.32   min=1.29   stddev=0.01 (0.9%))
[       OK ] Sz_Depth_Cn_Sum.Sum/17 (29 ms)
[ RUN      ] Sz_Depth_Cn_Sum.Sum/18, where GetParam() = (1920x1080, CV_8U, Gray)
[ PERFSTAT ]    (samples=13   mean=1.32   median=1.32   min=1.31   stddev=0.01 (0.6%))
[       OK ] Sz_Depth_Cn_Sum.Sum/18 (20 ms)
[ RUN      ] Sz_Depth_Cn_Sum.Sum/19, where GetParam() = (1920x1080, CV_8U, BGR)
[ PERFSTAT ]    (samples=13   mean=1.33   median=1.32   min=1.31   stddev=0.03 (2.2%))
[       OK ] Sz_Depth_Cn_Sum.Sum/19 (24 ms)
[ RUN      ] Sz_Depth_Cn_Sum.Sum/20, where GetParam() = (1920x1080, CV_8U, BGRA)
[ PERFSTAT ]    (samples=10   mean=1.34   median=1.33   min=1.32   stddev=0.04 (3.0%))
[       OK ] Sz_Depth_Cn_Sum.Sum/20 (20 ms)
[ RUN      ] Sz_Depth_Cn_Sum.Sum/21, where GetParam() = (1920x1080, CV_16U, Gray)
[ PERFSTAT ]    (samples=10   mean=1.32   median=1.32   min=1.30   stddev=0.01 (0.9%))
[       OK ] Sz_Depth_Cn_Sum.Sum/21 (17 ms)
[ RUN      ] Sz_Depth_Cn_Sum.Sum/22, where GetParam() = (1920x1080, CV_16U, BGR)
[ PERFSTAT ]    (samples=25   mean=1.33   median=1.32   min=1.30   stddev=0.04 (3.0%))
[       OK ] Sz_Depth_Cn_Sum.Sum/22 (45 ms)
[ RUN      ] Sz_Depth_Cn_Sum.Sum/23, where GetParam() = (1920x1080, CV_16U, BGRA)
[ PERFSTAT ]    (samples=13   mean=1.32   median=1.32   min=1.30   stddev=0.01 (0.9%))
[       OK ] Sz_Depth_Cn_Sum.Sum/23 (32 ms)
[ RUN      ] Sz_Depth_Cn_Sum.Sum/24, where GetParam() = (1920x1080, CV_32F, Gray)
[ PERFSTAT ]    (samples=10   mean=1.33   median=1.32   min=1.31   stddev=0.04 (2.7%))
[       OK ] Sz_Depth_Cn_Sum.Sum/24 (17 ms)
[ RUN      ] Sz_Depth_Cn_Sum.Sum/25, where GetParam() = (1920x1080, CV_32F, BGR)
[ PERFSTAT ]    (samples=13   mean=1.31   median=1.31   min=1.28   stddev=0.02 (1.3%))
[       OK ] Sz_Depth_Cn_Sum.Sum/25 (31 ms)
[ RUN      ] Sz_Depth_Cn_Sum.Sum/26, where GetParam() = (1920x1080, CV_32F, BGRA)
[ PERFSTAT ]    (samples=13   mean=1.33   median=1.33   min=1.30   stddev=0.02 (1.7%))
[       OK ] Sz_Depth_Cn_Sum.Sum/26 (36 ms)
[----------] 27 tests from Sz_Depth_Cn_Sum (650 ms total)

[----------] 27 tests from Sz_Depth_Cn_SumAbs
[ RUN      ] Sz_Depth_Cn_SumAbs.SumAbs/0, where GetParam() = (1280x720, CV_8U, Gray)
[ PERFSTAT ]    (samples=10   mean=0.96   median=0.96   min=0.95   stddev=0.02 (2.5%))
[       OK ] Sz_Depth_Cn_SumAbs.SumAbs/0 (11 ms)
[ RUN      ] Sz_Depth_Cn_SumAbs.SumAbs/1, where GetParam() = (1280x720, CV_8U, BGR)
[ PERFSTAT ]    (samples=10   mean=1.32   median=1.31   min=1.30   stddev=0.02 (1.6%))
[       OK ] Sz_Depth_Cn_SumAbs.SumAbs/1 (16 ms)
[ RUN      ] Sz_Depth_Cn_SumAbs.SumAbs/2, where GetParam() = (1280x720, CV_8U, BGRA)
[ PERFSTAT ]    (samples=10   mean=1.33   median=1.32   min=1.31   stddev=0.02 (1.3%))
[       OK ] Sz_Depth_Cn_SumAbs.SumAbs/2 (16 ms)
[ RUN      ] Sz_Depth_Cn_SumAbs.SumAbs/3, where GetParam() = (1280x720, CV_16U, Gray)
[ PERFSTAT ]    (samples=38   mean=0.97   median=0.96   min=0.95   stddev=0.02 (2.4%))
[       OK ] Sz_Depth_Cn_SumAbs.SumAbs/3 (41 ms)
[ RUN      ] Sz_Depth_Cn_SumAbs.SumAbs/4, where GetParam() = (1280x720, CV_16U, BGR)
[ PERFSTAT ]    (samples=10   mean=1.32   median=1.31   min=1.30   stddev=0.03 (2.3%))
[       OK ] Sz_Depth_Cn_SumAbs.SumAbs/4 (18 ms)
[ RUN      ] Sz_Depth_Cn_SumAbs.SumAbs/5, where GetParam() = (1280x720, CV_16U, BGRA)
[ PERFSTAT ]    (samples=10   mean=1.32   median=1.31   min=1.29   stddev=0.04 (2.8%))
[       OK ] Sz_Depth_Cn_SumAbs.SumAbs/5 (19 ms)
[ RUN      ] Sz_Depth_Cn_SumAbs.SumAbs/6, where GetParam() = (1280x720, CV_32F, Gray)
[ PERFSTAT ]    (samples=10   mean=1.32   median=1.32   min=1.30   stddev=0.02 (1.4%))
[       OK ] Sz_Depth_Cn_SumAbs.SumAbs/6 (15 ms)
[ RUN      ] Sz_Depth_Cn_SumAbs.SumAbs/7, where GetParam() = (1280x720, CV_32F, BGR)
[ PERFSTAT ]    (samples=25   mean=1.32   median=1.31   min=1.30   stddev=0.04 (2.7%))
[       OK ] Sz_Depth_Cn_SumAbs.SumAbs/7 (39 ms)
[ RUN      ] Sz_Depth_Cn_SumAbs.SumAbs/8, where GetParam() = (1280x720, CV_32F, BGRA)
[ PERFSTAT ]    (samples=13   mean=1.31   median=1.31   min=1.30   stddev=0.01 (0.7%))
[       OK ] Sz_Depth_Cn_SumAbs.SumAbs/8 (25 ms)
[ RUN      ] Sz_Depth_Cn_SumAbs.SumAbs/9, where GetParam() = (1280x1024, CV_8U, Gray)
[ PERFSTAT ]    (samples=10   mean=0.96   median=0.96   min=0.95   stddev=0.02 (1.6%))
[       OK ] Sz_Depth_Cn_SumAbs.SumAbs/9 (11 ms)
[ RUN      ] Sz_Depth_Cn_SumAbs.SumAbs/10, where GetParam() = (1280x1024, CV_8U, BGR)
[ PERFSTAT ]    (samples=10   mean=1.33   median=1.32   min=1.31   stddev=0.01 (0.8%))
[       OK ] Sz_Depth_Cn_SumAbs.SumAbs/10 (17 ms)
[ RUN      ] Sz_Depth_Cn_SumAbs.SumAbs/11, where GetParam() = (1280x1024, CV_8U, BGRA)
[ PERFSTAT ]    (samples=19   mean=1.33   median=1.32   min=1.30   stddev=0.04 (3.0%))
[       OK ] Sz_Depth_Cn_SumAbs.SumAbs/11 (31 ms)
[ RUN      ] Sz_Depth_Cn_SumAbs.SumAbs/12, where GetParam() = (1280x1024, CV_16U, Gray)
[ PERFSTAT ]    (samples=10   mean=1.32   median=1.32   min=1.30   stddev=0.01 (1.0%))
[       OK ] Sz_Depth_Cn_SumAbs.SumAbs/12 (16 ms)
[ RUN      ] Sz_Depth_Cn_SumAbs.SumAbs/13, where GetParam() = (1280x1024, CV_16U, BGR)
[ PERFSTAT ]    (samples=10   mean=1.33   median=1.32   min=1.31   stddev=0.04 (2.9%))
[       OK ] Sz_Depth_Cn_SumAbs.SumAbs/13 (20 ms)
[ RUN      ] Sz_Depth_Cn_SumAbs.SumAbs/14, where GetParam() = (1280x1024, CV_16U, BGRA)
[ PERFSTAT ]    (samples=13   mean=1.31   median=1.31   min=1.31   stddev=0.01 (0.4%))
[       OK ] Sz_Depth_Cn_SumAbs.SumAbs/14 (26 ms)
[ RUN      ] Sz_Depth_Cn_SumAbs.SumAbs/15, where GetParam() = (1280x1024, CV_32F, Gray)
[ PERFSTAT ]    (samples=12   mean=1.34   median=1.32   min=1.31   stddev=0.04 (3.0%))
[       OK ] Sz_Depth_Cn_SumAbs.SumAbs/15 (19 ms)
[ RUN      ] Sz_Depth_Cn_SumAbs.SumAbs/16, where GetParam() = (1280x1024, CV_32F, BGR)
[ PERFSTAT ]    (samples=13   mean=1.31   median=1.31   min=1.27   stddev=0.02 (1.2%))
[       OK ] Sz_Depth_Cn_SumAbs.SumAbs/16 (25 ms)
[ RUN      ] Sz_Depth_Cn_SumAbs.SumAbs/17, where GetParam() = (1280x1024, CV_32F, BGRA)
[ PERFSTAT ]    (samples=13   mean=1.30   median=1.30   min=1.27   stddev=0.01 (1.0%))
[       OK ] Sz_Depth_Cn_SumAbs.SumAbs/17 (28 ms)
[ RUN      ] Sz_Depth_Cn_SumAbs.SumAbs/18, where GetParam() = (1920x1080, CV_8U, Gray)
[ PERFSTAT ]    (samples=13   mean=1.31   median=1.31   min=1.30   stddev=0.01 (0.5%))
[       OK ] Sz_Depth_Cn_SumAbs.SumAbs/18 (20 ms)
[ RUN      ] Sz_Depth_Cn_SumAbs.SumAbs/19, where GetParam() = (1920x1080, CV_8U, BGR)
[ PERFSTAT ]    (samples=10   mean=1.32   median=1.32   min=1.31   stddev=0.01 (0.9%))
[       OK ] Sz_Depth_Cn_SumAbs.SumAbs/19 (18 ms)
[ RUN      ] Sz_Depth_Cn_SumAbs.SumAbs/20, where GetParam() = (1920x1080, CV_8U, BGRA)
[ PERFSTAT ]    (samples=13   mean=1.32   median=1.32   min=1.31   stddev=0.01 (0.7%))
[       OK ] Sz_Depth_Cn_SumAbs.SumAbs/20 (24 ms)
[ RUN      ] Sz_Depth_Cn_SumAbs.SumAbs/21, where GetParam() = (1920x1080, CV_16U, Gray)
[ PERFSTAT ]    (samples=10   mean=1.31   median=1.31   min=1.30   stddev=0.01 (0.7%))
[       OK ] Sz_Depth_Cn_SumAbs.SumAbs/21 (17 ms)
[ RUN      ] Sz_Depth_Cn_SumAbs.SumAbs/22, where GetParam() = (1920x1080, CV_16U, BGR)
[ PERFSTAT ]    (samples=13   mean=1.33   median=1.33   min=1.30   stddev=0.01 (0.8%))
[       OK ] Sz_Depth_Cn_SumAbs.SumAbs/22 (28 ms)
[ RUN      ] Sz_Depth_Cn_SumAbs.SumAbs/23, where GetParam() = (1920x1080, CV_16U, BGRA)
[ PERFSTAT ]    (samples=13   mean=1.32   median=1.32   min=1.31   stddev=0.01 (0.5%))
[       OK ] Sz_Depth_Cn_SumAbs.SumAbs/23 (32 ms)
[ RUN      ] Sz_Depth_Cn_SumAbs.SumAbs/24, where GetParam() = (1920x1080, CV_32F, Gray)
[ PERFSTAT ]    (samples=10   mean=1.33   median=1.32   min=1.29   stddev=0.04 (2.8%))
[       OK ] Sz_Depth_Cn_SumAbs.SumAbs/24 (18 ms)
[ RUN      ] Sz_Depth_Cn_SumAbs.SumAbs/25, where GetParam() = (1920x1080, CV_32F, BGR)
[ PERFSTAT ]    (samples=22   mean=1.32   median=1.32   min=1.29   stddev=0.04 (2.9%))
[       OK ] Sz_Depth_Cn_SumAbs.SumAbs/25 (42 ms)
[ RUN      ] Sz_Depth_Cn_SumAbs.SumAbs/26, where GetParam() = (1920x1080, CV_32F, BGRA)
[ PERFSTAT ]    (samples=25   mean=1.34   median=1.34   min=1.31   stddev=0.02 (1.4%))
[       OK ] Sz_Depth_Cn_SumAbs.SumAbs/26 (52 ms)
[----------] 27 tests from Sz_Depth_Cn_SumAbs (644 ms total)

[----------] 27 tests from Sz_Depth_Cn_SumSqr
[ RUN      ] Sz_Depth_Cn_SumSqr.SumSqr/0, where GetParam() = (1280x720, CV_8U, Gray)
[ PERFSTAT ]    (samples=13   mean=0.96   median=0.96   min=0.95   stddev=0.02 (1.8%))
[       OK ] Sz_Depth_Cn_SumSqr.SumSqr/0 (14 ms)
[ RUN      ] Sz_Depth_Cn_SumSqr.SumSqr/1, where GetParam() = (1280x720, CV_8U, BGR)
[ PERFSTAT ]    (samples=10   mean=1.33   median=1.33   min=1.32   stddev=0.02 (1.3%))
[       OK ] Sz_Depth_Cn_SumSqr.SumSqr/1 (16 ms)
[ RUN      ] Sz_Depth_Cn_SumSqr.SumSqr/2, where GetParam() = (1280x720, CV_8U, BGRA)
[ PERFSTAT ]    (samples=13   mean=1.32   median=1.32   min=1.30   stddev=0.02 (1.4%))
[       OK ] Sz_Depth_Cn_SumSqr.SumSqr/2 (20 ms)
[ RUN      ] Sz_Depth_Cn_SumSqr.SumSqr/3, where GetParam() = (1280x720, CV_16U, Gray)
[ PERFSTAT ]    (samples=10   mean=0.97   median=0.96   min=0.95   stddev=0.02 (2.0%))
[       OK ] Sz_Depth_Cn_SumSqr.SumSqr/3 (12 ms)
[ RUN      ] Sz_Depth_Cn_SumSqr.SumSqr/4, where GetParam() = (1280x720, CV_16U, BGR)
[ PERFSTAT ]    (samples=10   mean=1.33   median=1.32   min=1.31   stddev=0.02 (1.7%))
[       OK ] Sz_Depth_Cn_SumSqr.SumSqr/4 (18 ms)
[ RUN      ] Sz_Depth_Cn_SumSqr.SumSqr/5, where GetParam() = (1280x720, CV_16U, BGRA)
[ PERFSTAT ]    (samples=12   mean=1.33   median=1.31   min=1.31   stddev=0.04 (2.9%))
[       OK ] Sz_Depth_Cn_SumSqr.SumSqr/5 (22 ms)
[ RUN      ] Sz_Depth_Cn_SumSqr.SumSqr/6, where GetParam() = (1280x720, CV_32F, Gray)
[ PERFSTAT ]    (samples=10   mean=1.32   median=1.32   min=1.31   stddev=0.01 (1.0%))
[       OK ] Sz_Depth_Cn_SumSqr.SumSqr/6 (15 ms)
[ RUN      ] Sz_Depth_Cn_SumSqr.SumSqr/7, where GetParam() = (1280x720, CV_32F, BGR)
[ PERFSTAT ]    (samples=13   mean=1.32   median=1.31   min=1.29   stddev=0.03 (2.5%))
[       OK ] Sz_Depth_Cn_SumSqr.SumSqr/7 (23 ms)
[ RUN      ] Sz_Depth_Cn_SumSqr.SumSqr/8, where GetParam() = (1280x720, CV_32F, BGRA)
[ PERFSTAT ]    (samples=13   mean=1.31   median=1.31   min=1.30   stddev=0.01 (0.7%))
[       OK ] Sz_Depth_Cn_SumSqr.SumSqr/8 (25 ms)
[ RUN      ] Sz_Depth_Cn_SumSqr.SumSqr/9, where GetParam() = (1280x1024, CV_8U, Gray)
[ PERFSTAT ]    (samples=13   mean=0.97   median=0.96   min=0.96   stddev=0.02 (1.8%))
[       OK ] Sz_Depth_Cn_SumSqr.SumSqr/9 (15 ms)
[ RUN      ] Sz_Depth_Cn_SumSqr.SumSqr/10, where GetParam() = (1280x1024, CV_8U, BGR)
[ PERFSTAT ]    (samples=10   mean=1.32   median=1.32   min=1.31   stddev=0.01 (0.9%))
[       OK ] Sz_Depth_Cn_SumSqr.SumSqr/10 (17 ms)
[ RUN      ] Sz_Depth_Cn_SumSqr.SumSqr/11, where GetParam() = (1280x1024, CV_8U, BGRA)
[ PERFSTAT ]    (samples=10   mean=1.32   median=1.32   min=1.31   stddev=0.01 (0.9%))
[       OK ] Sz_Depth_Cn_SumSqr.SumSqr/11 (18 ms)
[ RUN      ] Sz_Depth_Cn_SumSqr.SumSqr/12, where GetParam() = (1280x1024, CV_16U, Gray)
[ PERFSTAT ]    (samples=10   mean=1.33   median=1.32   min=1.31   stddev=0.03 (2.0%))
[       OK ] Sz_Depth_Cn_SumSqr.SumSqr/12 (15 ms)
[ RUN      ] Sz_Depth_Cn_SumSqr.SumSqr/13, where GetParam() = (1280x1024, CV_16U, BGR)
[ PERFSTAT ]    (samples=10   mean=1.33   median=1.32   min=1.31   stddev=0.03 (2.5%))
[       OK ] Sz_Depth_Cn_SumSqr.SumSqr/13 (20 ms)
[ RUN      ] Sz_Depth_Cn_SumSqr.SumSqr/14, where GetParam() = (1280x1024, CV_16U, BGRA)
[ PERFSTAT ]    (samples=13   mean=1.33   median=1.31   min=1.30   stddev=0.04 (2.9%))
[       OK ] Sz_Depth_Cn_SumSqr.SumSqr/14 (26 ms)
[ RUN      ] Sz_Depth_Cn_SumSqr.SumSqr/15, where GetParam() = (1280x1024, CV_32F, Gray)
[ PERFSTAT ]    (samples=10   mean=1.32   median=1.32   min=1.30   stddev=0.01 (0.8%))
[       OK ] Sz_Depth_Cn_SumSqr.SumSqr/15 (16 ms)
[ RUN      ] Sz_Depth_Cn_SumSqr.SumSqr/16, where GetParam() = (1280x1024, CV_32F, BGR)
[ PERFSTAT ]    (samples=13   mean=1.32   median=1.32   min=1.29   stddev=0.02 (1.5%))
[       OK ] Sz_Depth_Cn_SumSqr.SumSqr/16 (25 ms)
[ RUN      ] Sz_Depth_Cn_SumSqr.SumSqr/17, where GetParam() = (1280x1024, CV_32F, BGRA)
[ PERFSTAT ]    (samples=13   mean=1.32   median=1.32   min=1.30   stddev=0.01 (0.6%))
[       OK ] Sz_Depth_Cn_SumSqr.SumSqr/17 (28 ms)
[ RUN      ] Sz_Depth_Cn_SumSqr.SumSqr/18, where GetParam() = (1920x1080, CV_8U, Gray)
[ PERFSTAT ]    (samples=10   mean=1.32   median=1.32   min=1.30   stddev=0.01 (0.8%))
[       OK ] Sz_Depth_Cn_SumSqr.SumSqr/18 (15 ms)
[ RUN      ] Sz_Depth_Cn_SumSqr.SumSqr/19, where GetParam() = (1920x1080, CV_8U, BGR)
[ PERFSTAT ]    (samples=10   mean=1.32   median=1.31   min=1.31   stddev=0.01 (1.0%))
[       OK ] Sz_Depth_Cn_SumSqr.SumSqr/19 (18 ms)
[ RUN      ] Sz_Depth_Cn_SumSqr.SumSqr/20, where GetParam() = (1920x1080, CV_8U, BGRA)
[ PERFSTAT ]    (samples=10   mean=1.33   median=1.32   min=1.31   stddev=0.03 (2.4%))
[       OK ] Sz_Depth_Cn_SumSqr.SumSqr/20 (20 ms)
[ RUN      ] Sz_Depth_Cn_SumSqr.SumSqr/21, where GetParam() = (1920x1080, CV_16U, Gray)
[ PERFSTAT ]    (samples=10   mean=1.31   median=1.30   min=1.30   stddev=0.01 (0.6%))
[       OK ] Sz_Depth_Cn_SumSqr.SumSqr/21 (16 ms)
[ RUN      ] Sz_Depth_Cn_SumSqr.SumSqr/22, where GetParam() = (1920x1080, CV_16U, BGR)
[ PERFSTAT ]    (samples=13   mean=1.32   median=1.31   min=1.30   stddev=0.01 (0.8%))
[       OK ] Sz_Depth_Cn_SumSqr.SumSqr/22 (29 ms)
[ RUN      ] Sz_Depth_Cn_SumSqr.SumSqr/23, where GetParam() = (1920x1080, CV_16U, BGRA)
[ PERFSTAT ]    (samples=18   mean=1.33   median=1.32   min=1.30   stddev=0.04 (3.0%))
[       OK ] Sz_Depth_Cn_SumSqr.SumSqr/23 (38 ms)
[ RUN      ] Sz_Depth_Cn_SumSqr.SumSqr/24, where GetParam() = (1920x1080, CV_32F, Gray)
[ PERFSTAT ]    (samples=10   mean=1.33   median=1.32   min=1.31   stddev=0.03 (2.3%))
[       OK ] Sz_Depth_Cn_SumSqr.SumSqr/24 (17 ms)
[ RUN      ] Sz_Depth_Cn_SumSqr.SumSqr/25, where GetParam() = (1920x1080, CV_32F, BGR)
[ PERFSTAT ]    (samples=13   mean=1.31   median=1.32   min=1.29   stddev=0.01 (1.1%))
[       OK ] Sz_Depth_Cn_SumSqr.SumSqr/25 (31 ms)
[ RUN      ] Sz_Depth_Cn_SumSqr.SumSqr/26, where GetParam() = (1920x1080, CV_32F, BGRA)
[ PERFSTAT ]    (samples=13   mean=1.33   median=1.33   min=1.31   stddev=0.02 (1.4%))
[       OK ] Sz_Depth_Cn_SumSqr.SumSqr/26 (34 ms)
[----------] 27 tests from Sz_Depth_Cn_SumSqr (565 ms total)

[----------] 12 tests from Sz_Depth_MinMax
[ RUN      ] Sz_Depth_MinMax.MinMax/0, where GetParam() = (1280x720, CV_8U)
[ PERFSTAT ]    (samples=13   mean=0.99   median=0.99   min=0.98   stddev=0.01 (0.7%))
[       OK ] Sz_Depth_MinMax.MinMax/0 (15 ms)
[ RUN      ] Sz_Depth_MinMax.MinMax/1, where GetParam() = (1280x720, CV_16U)
[ PERFSTAT ]    (samples=13   mean=0.98   median=0.98   min=0.97   stddev=0.01 (1.0%))
[       OK ] Sz_Depth_MinMax.MinMax/1 (15 ms)
[ RUN      ] Sz_Depth_MinMax.MinMax/2, where GetParam() = (1280x720, CV_32F)
[ PERFSTAT ]    (samples=10   mean=1.35   median=1.34   min=1.33   stddev=0.02 (1.3%))
[       OK ] Sz_Depth_MinMax.MinMax/2 (15 ms)
[ RUN      ] Sz_Depth_MinMax.MinMax/3, where GetParam() = (1280x720, CV_64F)
[ PERFSTAT ]    (samples=20   mean=1.35   median=1.35   min=1.32   stddev=0.04 (2.9%))
[       OK ] Sz_Depth_MinMax.MinMax/3 (31 ms)
[ RUN      ] Sz_Depth_MinMax.MinMax/4, where GetParam() = (1280x1024, CV_8U)
[ PERFSTAT ]    (samples=10   mean=0.99   median=0.98   min=0.98   stddev=0.02 (1.7%))
[       OK ] Sz_Depth_MinMax.MinMax/4 (13 ms)
[ RUN      ] Sz_Depth_MinMax.MinMax/5, where GetParam() = (1280x1024, CV_16U)
[ PERFSTAT ]    (samples=10   mean=1.34   median=1.34   min=1.33   stddev=0.01 (0.6%))
[       OK ] Sz_Depth_MinMax.MinMax/5 (16 ms)
[ RUN      ] Sz_Depth_MinMax.MinMax/6, where GetParam() = (1280x1024, CV_32F)
[ PERFSTAT ]    (samples=10   mean=1.36   median=1.36   min=1.34   stddev=0.01 (0.9%))
[       OK ] Sz_Depth_MinMax.MinMax/6 (16 ms)
[ RUN      ] Sz_Depth_MinMax.MinMax/7, where GetParam() = (1280x1024, CV_64F)
[ PERFSTAT ]    (samples=13   mean=1.35   median=1.35   min=1.34   stddev=0.01 (0.6%))
[       OK ] Sz_Depth_MinMax.MinMax/7 (21 ms)
[ RUN      ] Sz_Depth_MinMax.MinMax/8, where GetParam() = (1920x1080, CV_8U)
[ PERFSTAT ]    (samples=10   mean=1.34   median=1.34   min=1.32   stddev=0.01 (0.6%))
[       OK ] Sz_Depth_MinMax.MinMax/8 (18 ms)
[ RUN      ] Sz_Depth_MinMax.MinMax/9, where GetParam() = (1920x1080, CV_16U)
[ PERFSTAT ]    (samples=10   mean=1.37   median=1.37   min=1.34   stddev=0.02 (1.8%))
[       OK ] Sz_Depth_MinMax.MinMax/9 (18 ms)
[ RUN      ] Sz_Depth_MinMax.MinMax/10, where GetParam() = (1920x1080, CV_32F)
[ PERFSTAT ]    (samples=13   mean=1.36   median=1.36   min=1.34   stddev=0.02 (1.2%))
[       OK ] Sz_Depth_MinMax.MinMax/10 (23 ms)
[ RUN      ] Sz_Depth_MinMax.MinMax/11, where GetParam() = (1920x1080, CV_64F)
[ PERFSTAT ]    (samples=38   mean=1.38   median=1.37   min=1.33   stddev=0.03 (2.5%))
[       OK ] Sz_Depth_MinMax.MinMax/11 (92 ms)
[----------] 12 tests from Sz_Depth_MinMax (293 ms total)

[----------] 12 tests from Sz_Depth_MinMaxLoc
[ RUN      ] Sz_Depth_MinMaxLoc.MinMaxLoc/0, where GetParam() = (1280x720, CV_8U)
[ PERFSTAT ]    (samples=13   mean=0.98   median=0.98   min=0.97   stddev=0.01 (0.6%))
[       OK ] Sz_Depth_MinMaxLoc.MinMaxLoc/0 (15 ms)
[ RUN      ] Sz_Depth_MinMaxLoc.MinMaxLoc/1, where GetParam() = (1280x720, CV_16U)
[ PERFSTAT ]    (samples=10   mean=0.99   median=0.99   min=0.97   stddev=0.03 (2.5%))
[       OK ] Sz_Depth_MinMaxLoc.MinMaxLoc/1 (12 ms)
[ RUN      ] Sz_Depth_MinMaxLoc.MinMaxLoc/2, where GetParam() = (1280x720, CV_32F)
[ PERFSTAT ]    (samples=10   mean=1.34   median=1.34   min=1.31   stddev=0.02 (1.4%))
[       OK ] Sz_Depth_MinMaxLoc.MinMaxLoc/2 (15 ms)
[ RUN      ] Sz_Depth_MinMaxLoc.MinMaxLoc/3, where GetParam() = (1280x720, CV_64F)
[ PERFSTAT ]    (samples=12   mean=1.35   median=1.34   min=1.33   stddev=0.04 (2.9%))
[       OK ] Sz_Depth_MinMaxLoc.MinMaxLoc/3 (19 ms)
[ RUN      ] Sz_Depth_MinMaxLoc.MinMaxLoc/4, where GetParam() = (1280x1024, CV_8U)
[ PERFSTAT ]    (samples=10   mean=1.00   median=0.99   min=0.98   stddev=0.03 (2.7%))
[       OK ] Sz_Depth_MinMaxLoc.MinMaxLoc/4 (13 ms)
[ RUN      ] Sz_Depth_MinMaxLoc.MinMaxLoc/5, where GetParam() = (1280x1024, CV_16U)
[ PERFSTAT ]    (samples=10   mean=1.35   median=1.34   min=1.33   stddev=0.01 (0.8%))
[       OK ] Sz_Depth_MinMaxLoc.MinMaxLoc/5 (16 ms)
[ RUN      ] Sz_Depth_MinMaxLoc.MinMaxLoc/6, where GetParam() = (1280x1024, CV_32F)
[ PERFSTAT ]    (samples=10   mean=1.34   median=1.34   min=1.33   stddev=0.01 (0.9%))
[       OK ] Sz_Depth_MinMaxLoc.MinMaxLoc/6 (16 ms)
[ RUN      ] Sz_Depth_MinMaxLoc.MinMaxLoc/7, where GetParam() = (1280x1024, CV_64F)
[ PERFSTAT ]    (samples=17   mean=1.35   median=1.34   min=1.33   stddev=0.04 (3.0%))
[       OK ] Sz_Depth_MinMaxLoc.MinMaxLoc/7 (27 ms)
[ RUN      ] Sz_Depth_MinMaxLoc.MinMaxLoc/8, where GetParam() = (1920x1080, CV_8U)
[ PERFSTAT ]    (samples=13   mean=1.34   median=1.34   min=1.33   stddev=0.01 (0.6%))
[       OK ] Sz_Depth_MinMaxLoc.MinMaxLoc/8 (23 ms)
[ RUN      ] Sz_Depth_MinMaxLoc.MinMaxLoc/9, where GetParam() = (1920x1080, CV_16U)
[ PERFSTAT ]    (samples=10   mean=1.36   median=1.36   min=1.34   stddev=0.01 (0.9%))
[       OK ] Sz_Depth_MinMaxLoc.MinMaxLoc/9 (17 ms)
[ RUN      ] Sz_Depth_MinMaxLoc.MinMaxLoc/10, where GetParam() = (1920x1080, CV_32F)
[ PERFSTAT ]    (samples=13   mean=1.36   median=1.35   min=1.34   stddev=0.03 (2.0%))
[       OK ] Sz_Depth_MinMaxLoc.MinMaxLoc/10 (22 ms)
[ RUN      ] Sz_Depth_MinMaxLoc.MinMaxLoc/11, where GetParam() = (1920x1080, CV_64F)
[ PERFSTAT ]    (samples=13   mean=1.35   median=1.34   min=1.32   stddev=0.01 (0.9%))
[       OK ] Sz_Depth_MinMaxLoc.MinMaxLoc/11 (24 ms)
[----------] 12 tests from Sz_Depth_MinMaxLoc (219 ms total)

[----------] 12 tests from Sz_Depth_CountNonZero
[ RUN      ] Sz_Depth_CountNonZero.CountNonZero/0, where GetParam() = (1280x720, CV_8U)
[ PERFSTAT ]    (samples=25   mean=0.04   median=0.04   min=0.04   stddev=0.00 (2.4%))
[       OK ] Sz_Depth_CountNonZero.CountNonZero/0 (2 ms)
[ RUN      ] Sz_Depth_CountNonZero.CountNonZero/1, where GetParam() = (1280x720, CV_16U)
[ PERFSTAT ]    (samples=13   mean=0.04   median=0.04   min=0.04   stddev=0.00 (1.8%))
[       OK ] Sz_Depth_CountNonZero.CountNonZero/1 (3 ms)
[ RUN      ] Sz_Depth_CountNonZero.CountNonZero/2, where GetParam() = (1280x720, CV_32F)
[ PERFSTAT ]    (samples=12   mean=0.39   median=0.39   min=0.38   stddev=0.01 (2.9%))
[       OK ] Sz_Depth_CountNonZero.CountNonZero/2 (6 ms)
[ RUN      ] Sz_Depth_CountNonZero.CountNonZero/3, where GetParam() = (1280x720, CV_64F)
[ PERFSTAT ]    (samples=13   mean=0.37   median=0.37   min=0.36   stddev=0.01 (2.5%))
[       OK ] Sz_Depth_CountNonZero.CountNonZero/3 (8 ms)
[ RUN      ] Sz_Depth_CountNonZero.CountNonZero/4, where GetParam() = (1280x1024, CV_8U)
[ PERFSTAT ]    (samples=13   mean=0.04   median=0.04   min=0.04   stddev=0.00 (1.6%))
[       OK ] Sz_Depth_CountNonZero.CountNonZero/4 (2 ms)
[ RUN      ] Sz_Depth_CountNonZero.CountNonZero/5, where GetParam() = (1280x1024, CV_16U)
[ PERFSTAT ]    (samples=10   mean=0.39   median=0.39   min=0.38   stddev=0.00 (1.2%))
[       OK ] Sz_Depth_CountNonZero.CountNonZero/5 (6 ms)
[ RUN      ] Sz_Depth_CountNonZero.CountNonZero/6, where GetParam() = (1280x1024, CV_32F)
[ PERFSTAT ]    (samples=10   mean=0.39   median=0.39   min=0.38   stddev=0.01 (1.4%))
[       OK ] Sz_Depth_CountNonZero.CountNonZero/6 (6 ms)
[ RUN      ] Sz_Depth_CountNonZero.CountNonZero/7, where GetParam() = (1280x1024, CV_64F)
[ PERFSTAT ]    (samples=13   mean=0.37   median=0.37   min=0.36   stddev=0.01 (2.0%))
[       OK ] Sz_Depth_CountNonZero.CountNonZero/7 (8 ms)
[ RUN      ] Sz_Depth_CountNonZero.CountNonZero/8, where GetParam() = (1920x1080, CV_8U)
[ PERFSTAT ]    (samples=10   mean=0.39   median=0.38   min=0.38   stddev=0.01 (1.4%))
[       OK ] Sz_Depth_CountNonZero.CountNonZero/8 (6 ms)
[ RUN      ] Sz_Depth_CountNonZero.CountNonZero/9, where GetParam() = (1920x1080, CV_16U)
[ PERFSTAT ]    (samples=10   mean=0.39   median=0.38   min=0.38   stddev=0.01 (1.5%))
[       OK ] Sz_Depth_CountNonZero.CountNonZero/9 (8 ms)
[ RUN      ] Sz_Depth_CountNonZero.CountNonZero/10, where GetParam() = (1920x1080, CV_32F)
[ PERFSTAT ]    (samples=10   mean=0.38   median=0.38   min=0.36   stddev=0.01 (2.8%))
[       OK ] Sz_Depth_CountNonZero.CountNonZero/10 (7 ms)
[ RUN      ] Sz_Depth_CountNonZero.CountNonZero/11, where GetParam() = (1920x1080, CV_64F)
[ PERFSTAT ]    (samples=25   mean=0.38   median=0.38   min=0.37   stddev=0.01 (2.6%))
[       OK ] Sz_Depth_CountNonZero.CountNonZero/11 (16 ms)
[----------] 12 tests from Sz_Depth_CountNonZero (78 ms total)

[----------] 384 tests from Sz_Depth_Cn_Code_Dim_Reduce
[ RUN      ] Sz_Depth_Cn_Code_Dim_Reduce.Reduce/0, where GetParam() = (1280x720, CV_8U, Gray, REDUCE_SUM, Rows)
[ PERFSTAT ]    (samples=38   mean=0.02   median=0.02   min=0.02   stddev=0.00 (1.1%))
[       OK ] Sz_Depth_Cn_Code_Dim_Reduce.Reduce/0 (38 ms)
[ RUN      ] Sz_Depth_Cn_Code_Dim_Reduce.Reduce/1, where GetParam() = (1280x720, CV_8U, Gray, REDUCE_SUM, Cols)
[ PERFSTAT ]    (samples=15   mean=0.01   median=0.01   min=0.01   stddev=0.00 (2.9%))
[       OK ] Sz_Depth_Cn_Code_Dim_Reduce.Reduce/1 (4 ms)
[ RUN      ] Sz_Depth_Cn_Code_Dim_Reduce.Reduce/2, where GetParam() = (1280x720, CV_8U, Gray, REDUCE_AVG, Rows)
[ PERFSTAT ]    (samples=13   mean=0.02   median=0.02   min=0.02   stddev=0.00 (1.6%))
[       OK ] Sz_Depth_Cn_Code_Dim_Reduce.Reduce/2 (1 ms)
[ RUN      ] Sz_Depth_Cn_Code_Dim_Reduce.Reduce/3, where GetParam() = (1280x720, CV_8U, Gray, REDUCE_AVG, Cols)
[ PERFSTAT ]    (samples=13   mean=0.01   median=0.01   min=0.01   stddev=0.00 (1.9%))
[       OK ] Sz_Depth_Cn_Code_Dim_Reduce.Reduce/3 (2 ms)
[ RUN      ] Sz_Depth_Cn_Code_Dim_Reduce.Reduce/4, where GetParam() = (1280x720, CV_8U, Gray, REDUCE_MAX, Rows)
[ PERFSTAT ]    (samples=13   mean=0.02   median=0.02   min=0.02   stddev=0.00 (1.5%))
[       OK ] Sz_Depth_Cn_Code_Dim_Reduce.Reduce/4 (1 ms)
[ RUN      ] Sz_Depth_Cn_Code_Dim_Reduce.Reduce/5, where GetParam() = (1280x720, CV_8U, Gray, REDUCE_MAX, Cols)
[ PERFSTAT ]    (samples=13   mean=0.01   median=0.01   min=0.01   stddev=0.00 (1.5%))
[       OK ] Sz_Depth_Cn_Code_Dim_Reduce.Reduce/5 (2 ms)
[ RUN      ] Sz_Depth_Cn_Code_Dim_Reduce.Reduce/6, where GetParam() = (1280x720, CV_8U, Gray, REDUCE_MIN, Rows)
[ PERFSTAT ]    (samples=13   mean=0.02   median=0.02   min=0.02   stddev=0.00 (1.3%))
[       OK ] Sz_Depth_Cn_Code_Dim_Reduce.Reduce/6 (1 ms)
[ RUN      ] Sz_Depth_Cn_Code_Dim_Reduce.Reduce/7, where GetParam() = (1280x720, CV_8U, Gray, REDUCE_MIN, Cols)
[ PERFSTAT ]    (samples=13   mean=0.01   median=0.01   min=0.01   stddev=0.00 (1.9%))
[       OK ] Sz_Depth_Cn_Code_Dim_Reduce.Reduce/7 (2 ms)
[ RUN      ] Sz_Depth_Cn_Code_Dim_Reduce.Reduce/8, where GetParam() = (1280x720, CV_8U, TwoChannel, REDUCE_SUM, Rows)
[ PERFSTAT ]    (samples=13   mean=0.02   median=0.02   min=0.02   stddev=0.00 (1.2%))
[       OK ] Sz_Depth_Cn_Code_Dim_Reduce.Reduce/8 (2 ms)
[ RUN      ] Sz_Depth_Cn_Code_Dim_Reduce.Reduce/9, where GetParam() = (1280x720, CV_8U, TwoChannel, REDUCE_SUM, Cols)
[ PERFSTAT ]    (samples=25   mean=0.01   median=0.01   min=0.01   stddev=0.00 (1.4%))
[       OK ] Sz_Depth_Cn_Code_Dim_Reduce.Reduce/9 (2 ms)
[ RUN      ] Sz_Depth_Cn_Code_Dim_Reduce.Reduce/10, where GetParam() = (1280x720, CV_8U, TwoChannel, REDUCE_AVG, Rows)
[ PERFSTAT ]    (samples=13   mean=0.02   median=0.02   min=0.02   stddev=0.00 (1.5%))
[       OK ] Sz_Depth_Cn_Code_Dim_Reduce.Reduce/10 (2 ms)
[ RUN      ] Sz_Depth_Cn_Code_Dim_Reduce.Reduce/11, where GetParam() = (1280x720, CV_8U, TwoChannel, REDUCE_AVG, Cols)
[ PERFSTAT ]    (samples=13   mean=0.01   median=0.01   min=0.01   stddev=0.00 (1.8%))
[       OK ] Sz_Depth_Cn_Code_Dim_Reduce.Reduce/11 (2 ms)
[ RUN      ] Sz_Depth_Cn_Code_Dim_Reduce.Reduce/12, where GetParam() = (1280x720, CV_8U, TwoChannel, REDUCE_MAX, Rows)
[ PERFSTAT ]    (samples=13   mean=0.02   median=0.02   min=0.02   stddev=0.00 (2.1%))
[       OK ] Sz_Depth_Cn_Code_Dim_Reduce.Reduce/12 (2 ms)
[ RUN      ] Sz_Depth_Cn_Code_Dim_Reduce.Reduce/13, where GetParam() = (1280x720, CV_8U, TwoChannel, REDUCE_MAX, Cols)
[ PERFSTAT ]    (samples=13   mean=0.01   median=0.01   min=0.01   stddev=0.00 (1.3%))
[       OK ] Sz_Depth_Cn_Code_Dim_Reduce.Reduce/13 (3 ms)
[ RUN      ] Sz_Depth_Cn_Code_Dim_Reduce.Reduce/14, where GetParam() = (1280x720, CV_8U, TwoChannel, REDUCE_MIN, Rows)
[ PERFSTAT ]    (samples=13   mean=0.02   median=0.02   min=0.02   stddev=0.00 (1.2%))
[       OK ] Sz_Depth_Cn_Code_Dim_Reduce.Reduce/14 (2 ms)
[ RUN      ] Sz_Depth_Cn_Code_Dim_Reduce.Reduce/15, where GetParam() = (1280x720, CV_8U, TwoChannel, REDUCE_MIN, Cols)
[ PERFSTAT ]    (samples=38   mean=0.01   median=0.01   min=0.01   stddev=0.00 (1.5%))
[       OK ] Sz_Depth_Cn_Code_Dim_Reduce.Reduce/15 (2 ms)
[ RUN      ] Sz_Depth_Cn_Code_Dim_Reduce.Reduce/16, where GetParam() = (1280x720, CV_8U, BGR, REDUCE_SUM, Rows)
[ PERFSTAT ]    (samples=13   mean=0.02   median=0.02   min=0.02   stddev=0.00 (1.1%))
[       OK ] Sz_Depth_Cn_Code_Dim_Reduce.Reduce/16 (3 ms)
[ RUN      ] Sz_Depth_Cn_Code_Dim_Reduce.Reduce/17, where GetParam() = (1280x720, CV_8U, BGR, REDUCE_SUM, Cols)
[ PERFSTAT ]    (samples=13   mean=0.02   median=0.02   min=0.02   stddev=0.00 (1.9%))
[       OK ] Sz_Depth_Cn_Code_Dim_Reduce.Reduce/17 (4 ms)
[ RUN      ] Sz_Depth_Cn_Code_Dim_Reduce.Reduce/18, where GetParam() = (1280x720, CV_8U, BGR, REDUCE_AVG, Rows)
[ PERFSTAT ]    (samples=13   mean=0.02   median=0.02   min=0.02   stddev=0.00 (1.9%))
[       OK ] Sz_Depth_Cn_Code_Dim_Reduce.Reduce/18 (3 ms)
[ RUN      ] Sz_Depth_Cn_Code_Dim_Reduce.Reduce/19, where GetParam() = (1280x720, CV_8U, BGR, REDUCE_AVG, Cols)
[ PERFSTAT ]    (samples=25   mean=0.02   median=0.02   min=0.02   stddev=0.00 (2.8%))
[       OK ] Sz_Depth_Cn_Code_Dim_Reduce.Reduce/19 (3 ms)
[ RUN      ] Sz_Depth_Cn_Code_Dim_Reduce.Reduce/20, where GetParam() = (1280x720, CV_8U, BGR, REDUCE_MAX, Rows)
[ PERFSTAT ]    (samples=13   mean=0.02   median=0.02   min=0.02   stddev=0.00 (1.4%))
[       OK ] Sz_Depth_Cn_Code_Dim_Reduce.Reduce/20 (3 ms)
[ RUN      ] Sz_Depth_Cn_Code_Dim_Reduce.Reduce/21, where GetParam() = (1280x720, CV_8U, BGR, REDUCE_MAX, Cols)
[ PERFSTAT ]    (samples=13   mean=0.02   median=0.02   min=0.02   stddev=0.00 (1.9%))
[       OK ] Sz_Depth_Cn_Code_Dim_Reduce.Reduce/21 (3 ms)
[ RUN      ] Sz_Depth_Cn_Code_Dim_Reduce.Reduce/22, where GetParam() = (1280x720, CV_8U, BGR, REDUCE_MIN, Rows)
[ PERFSTAT ]    (samples=13   mean=0.02   median=0.02   min=0.02   stddev=0.00 (1.4%))
[       OK ] Sz_Depth_Cn_Code_Dim_Reduce.Reduce/22 (4 ms)
[ RUN      ] Sz_Depth_Cn_Code_Dim_Reduce.Reduce/23, where GetParam() = (1280x720, CV_8U, BGR, REDUCE_MIN, Cols)
[ PERFSTAT ]    (samples=13   mean=0.02   median=0.02   min=0.02   stddev=0.00 (2.4%))
[       OK ] Sz_Depth_Cn_Code_Dim_Reduce.Reduce/23 (3 ms)
[ RUN      ] Sz_Depth_Cn_Code_Dim_Reduce.Reduce/24, where GetParam() = (1280x720, CV_8U, BGRA, REDUCE_SUM, Rows)
[ PERFSTAT ]    (samples=13   mean=0.02   median=0.02   min=0.02   stddev=0.00 (1.3%))
[       OK ] Sz_Depth_Cn_Code_Dim_Reduce.Reduce/24 (4 ms)
[ RUN      ] Sz_Depth_Cn_Code_Dim_Reduce.Reduce/25, where GetParam() = (1280x720, CV_8U, BGRA, REDUCE_SUM, Cols)
[ PERFSTAT ]    (samples=13   mean=0.02   median=0.02   min=0.02   stddev=0.00 (1.9%))
[       OK ] Sz_Depth_Cn_Code_Dim_Reduce.Reduce/25 (4 ms)
[ RUN      ] Sz_Depth_Cn_Code_Dim_Reduce.Reduce/26, where GetParam() = (1280x720, CV_8U, BGRA, REDUCE_AVG, Rows)
[ PERFSTAT ]    (samples=13   mean=0.02   median=0.02   min=0.02   stddev=0.00 (1.0%))
[       OK ] Sz_Depth_Cn_Code_Dim_Reduce.Reduce/26 (4 ms)
[ RUN      ] Sz_Depth_Cn_Code_Dim_Reduce.Reduce/27, where GetParam() = (1280x720, CV_8U, BGRA, REDUCE_AVG, Cols)
[ PERFSTAT ]    (samples=13   mean=0.02   median=0.02   min=0.02   stddev=0.00 (1.6%))
[       OK ] Sz_Depth_Cn_Code_Dim_Reduce.Reduce/27 (4 ms)
[ RUN      ] Sz_Depth_Cn_Code_Dim_Reduce.Reduce/28, where GetParam() = (1280x720, CV_8U, BGRA, REDUCE_MAX, Rows)
[ PERFSTAT ]    (samples=13   mean=0.02   median=0.02   min=0.02   stddev=0.00 (1.4%))
[       OK ] Sz_Depth_Cn_Code_Dim_Reduce.Reduce/28 (4 ms)
[ RUN      ] Sz_Depth_Cn_Code_Dim_Reduce.Reduce/29, where GetParam() = (1280x720, CV_8U, BGRA, REDUCE_MAX, Cols)
[ PERFSTAT ]    (samples=13   mean=0.02   median=0.02   min=0.02   stddev=0.00 (2.4%))
[       OK ] Sz_Depth_Cn_Code_Dim_Reduce.Reduce/29 (4 ms)
[ RUN      ] Sz_Depth_Cn_Code_Dim_Reduce.Reduce/30, where GetParam() = (1280x720, CV_8U, BGRA, REDUCE_MIN, Rows)
[ PERFSTAT ]    (samples=13   mean=0.02   median=0.02   min=0.02   stddev=0.00 (1.7%))
[       OK ] Sz_Depth_Cn_Code_Dim_Reduce.Reduce/30 (3 ms)
[ RUN      ] Sz_Depth_Cn_Code_Dim_Reduce.Reduce/31, where GetParam() = (1280x720, CV_8U, BGRA, REDUCE_MIN, Cols)
[ PERFSTAT ]    (samples=13   mean=0.02   median=0.02   min=0.02   stddev=0.00 (2.2%))
[       OK ] Sz_Depth_Cn_Code_Dim_Reduce.Reduce/31 (4 ms)
[ RUN      ] Sz_Depth_Cn_Code_Dim_Reduce.Reduce/32, where GetParam() = (1280x720, CV_16U, Gray, REDUCE_SUM, Rows)
[ PERFSTAT ]    (samples=13   mean=0.02   median=0.02   min=0.02   stddev=0.00 (1.8%))
[       OK ] Sz_Depth_Cn_Code_Dim_Reduce.Reduce/32 (2 ms)
[ RUN      ] Sz_Depth_Cn_Code_Dim_Reduce.Reduce/33, where GetParam() = (1280x720, CV_16U, Gray, REDUCE_SUM, Cols)
[ PERFSTAT ]    (samples=13   mean=0.01   median=0.01   min=0.01   stddev=0.00 (1.8%))
[       OK ] Sz_Depth_Cn_Code_Dim_Reduce.Reduce/33 (3 ms)
[ RUN      ] Sz_Depth_Cn_Code_Dim_Reduce.Reduce/34, where GetParam() = (1280x720, CV_16U, Gray, REDUCE_AVG, Rows)
[ PERFSTAT ]    (samples=13   mean=0.02   median=0.02   min=0.02   stddev=0.00 (1.1%))
[       OK ] Sz_Depth_Cn_Code_Dim_Reduce.Reduce/34 (2 ms)
[ RUN      ] Sz_Depth_Cn_Code_Dim_Reduce.Reduce/35, where GetParam() = (1280x720, CV_16U, Gray, REDUCE_AVG, Cols)
[ PERFSTAT ]    (samples=13   mean=0.01   median=0.01   min=0.01   stddev=0.00 (1.0%))
[       OK ] Sz_Depth_Cn_Code_Dim_Reduce.Reduce/35 (2 ms)
[ RUN      ] Sz_Depth_Cn_Code_Dim_Reduce.Reduce/36, where GetParam() = (1280x720, CV_16U, Gray, REDUCE_MAX, Rows)
[ PERFSTAT ]    (samples=25   mean=0.02   median=0.02   min=0.02   stddev=0.00 (1.4%))
[       OK ] Sz_Depth_Cn_Code_Dim_Reduce.Reduce/36 (2 ms)
[ RUN      ] Sz_Depth_Cn_Code_Dim_Reduce.Reduce/37, where GetParam() = (1280x720, CV_16U, Gray, REDUCE_MAX, Cols)
[ PERFSTAT ]    (samples=13   mean=0.01   median=0.01   min=0.01   stddev=0.00 (1.2%))
[       OK ] Sz_Depth_Cn_Code_Dim_Reduce.Reduce/37 (2 ms)
[ RUN      ] Sz_Depth_Cn_Code_Dim_Reduce.Reduce/38, where GetParam() = (1280x720, CV_16U, Gray, REDUCE_MIN, Rows)
[ PERFSTAT ]    (samples=13   mean=0.02   median=0.02   min=0.02   stddev=0.00 (1.5%))
[       OK ] Sz_Depth_Cn_Code_Dim_Reduce.Reduce/38 (2 ms)
[ RUN      ] Sz_Depth_Cn_Code_Dim_Reduce.Reduce/39, where GetParam() = (1280x720, CV_16U, Gray, REDUCE_MIN, Cols)
[ PERFSTAT ]    (samples=13   mean=0.01   median=0.01   min=0.01   stddev=0.00 (1.6%))
[       OK ] Sz_Depth_Cn_Code_Dim_Reduce.Reduce/39 (2 ms)
[ RUN      ] Sz_Depth_Cn_Code_Dim_Reduce.Reduce/40, where GetParam() = (1280x720, CV_16U, TwoChannel, REDUCE_SUM, Rows)
[ PERFSTAT ]    (samples=13   mean=0.02   median=0.02   min=0.02   stddev=0.00 (1.4%))
[       OK ] Sz_Depth_Cn_Code_Dim_Reduce.Reduce/40 (3 ms)
[ RUN      ] Sz_Depth_Cn_Code_Dim_Reduce.Reduce/41, where GetParam() = (1280x720, CV_16U, TwoChannel, REDUCE_SUM, Cols)
[ PERFSTAT ]    (samples=13   mean=0.01   median=0.01   min=0.01   stddev=0.00 (1.9%))
[       OK ] Sz_Depth_Cn_Code_Dim_Reduce.Reduce/41 (4 ms)
[ RUN      ] Sz_Depth_Cn_Code_Dim_Reduce.Reduce/42, where GetParam() = (1280x720, CV_16U, TwoChannel, REDUCE_AVG, Rows)
[ PERFSTAT ]    (samples=13   mean=0.02   median=0.02   min=0.02   stddev=0.00 (1.1%))
[       OK ] Sz_Depth_Cn_Code_Dim_Reduce.Reduce/42 (4 ms)
[ RUN      ] Sz_Depth_Cn_Code_Dim_Reduce.Reduce/43, where GetParam() = (1280x720, CV_16U, TwoChannel, REDUCE_AVG, Cols)
[ PERFSTAT ]    (samples=13   mean=0.02   median=0.01   min=0.01   stddev=0.00 (2.2%))
[       OK ] Sz_Depth_Cn_Code_Dim_Reduce.Reduce/43 (4 ms)
[ RUN      ] Sz_Depth_Cn_Code_Dim_Reduce.Reduce/44, where GetParam() = (1280x720, CV_16U, TwoChannel, REDUCE_MAX, Rows)
[ PERFSTAT ]    (samples=13   mean=0.02   median=0.02   min=0.02   stddev=0.00 (2.1%))
[       OK ] Sz_Depth_Cn_Code_Dim_Reduce.Reduce/44 (4 ms)
[ RUN      ] Sz_Depth_Cn_Code_Dim_Reduce.Reduce/45, where GetParam() = (1280x720, CV_16U, TwoChannel, REDUCE_MAX, Cols)
[ PERFSTAT ]    (samples=13   mean=0.01   median=0.01   min=0.01   stddev=0.00 (2.1%))
[       OK ] Sz_Depth_Cn_Code_Dim_Reduce.Reduce/45 (4 ms)
[ RUN      ] Sz_Depth_Cn_Code_Dim_Reduce.Reduce/46, where GetParam() = (1280x720, CV_16U, TwoChannel, REDUCE_MIN, Rows)
[ PERFSTAT ]    (samples=13   mean=0.02   median=0.02   min=0.02   stddev=0.00 (1.1%))
[       OK ] Sz_Depth_Cn_Code_Dim_Reduce.Reduce/46 (4 ms)
[ RUN      ] Sz_Depth_Cn_Code_Dim_Reduce.Reduce/47, where GetParam() = (1280x720, CV_16U, TwoChannel, REDUCE_MIN, Cols)
[ PERFSTAT ]    (samples=13   mean=0.01   median=0.01   min=0.01   stddev=0.00 (1.4%))
[       OK ] Sz_Depth_Cn_Code_Dim_Reduce.Reduce/47 (3 ms)
[ RUN      ] Sz_Depth_Cn_Code_Dim_Reduce.Reduce/48, where GetParam() = (1280x720, CV_16U, BGR, REDUCE_SUM, Rows)
[ PERFSTAT ]    (samples=13   mean=0.02   median=0.02   min=0.02   stddev=0.00 (1.5%))
[       OK ] Sz_Depth_Cn_Code_Dim_Reduce.Reduce/48 (6 ms)
[ RUN      ] Sz_Depth_Cn_Code_Dim_Reduce.Reduce/49, where GetParam() = (1280x720, CV_16U, BGR, REDUCE_SUM, Cols)
[ PERFSTAT ]    (samples=13   mean=0.02   median=0.02   min=0.02   stddev=0.00 (2.0%))
[       OK ] Sz_Depth_Cn_Code_Dim_Reduce.Reduce/49 (5 ms)
[ RUN      ] Sz_Depth_Cn_Code_Dim_Reduce.Reduce/50, where GetParam() = (1280x720, CV_16U, BGR, REDUCE_AVG, Rows)
[ PERFSTAT ]    (samples=13   mean=0.02   median=0.02   min=0.02   stddev=0.00 (1.4%))
[       OK ] Sz_Depth_Cn_Code_Dim_Reduce.Reduce/50 (5 ms)
[ RUN      ] Sz_Depth_Cn_Code_Dim_Reduce.Reduce/51, where GetParam() = (1280x720, CV_16U, BGR, REDUCE_AVG, Cols)
[ PERFSTAT ]    (samples=13   mean=0.02   median=0.02   min=0.02   stddev=0.00 (2.2%))
[       OK ] Sz_Depth_Cn_Code_Dim_Reduce.Reduce/51 (6 ms)
[ RUN      ] Sz_Depth_Cn_Code_Dim_Reduce.Reduce/52, where GetParam() = (1280x720, CV_16U, BGR, REDUCE_MAX, Rows)
[ PERFSTAT ]    (samples=13   mean=0.02   median=0.02   min=0.02   stddev=0.00 (1.2%))
[       OK ] Sz_Depth_Cn_Code_Dim_Reduce.Reduce/52 (5 ms)
[ RUN      ] Sz_Depth_Cn_Code_Dim_Reduce.Reduce/53, where GetParam() = (1280x720, CV_16U, BGR, REDUCE_MAX, Cols)
[ PERFSTAT ]    (samples=13   mean=0.02   median=0.02   min=0.02   stddev=0.00 (1.4%))
[       OK ] Sz_Depth_Cn_Code_Dim_Reduce.Reduce/53 (5 ms)
[ RUN      ] Sz_Depth_Cn_Code_Dim_Reduce.Reduce/54, where GetParam() = (1280x720, CV_16U, BGR, REDUCE_MIN, Rows)
[ PERFSTAT ]    (samples=13   mean=0.02   median=0.02   min=0.02   stddev=0.00 (1.6%))
[       OK ] Sz_Depth_Cn_Code_Dim_Reduce.Reduce/54 (6 ms)
[ RUN      ] Sz_Depth_Cn_Code_Dim_Reduce.Reduce/55, where GetParam() = (1280x720, CV_16U, BGR, REDUCE_MIN, Cols)
[ PERFSTAT ]    (samples=13   mean=0.02   median=0.02   min=0.02   stddev=0.00 (2.1%))
[       OK ] Sz_Depth_Cn_Code_Dim_Reduce.Reduce/55 (5 ms)
[ RUN      ] Sz_Depth_Cn_Code_Dim_Reduce.Reduce/56, where GetParam() = (1280x720, CV_16U, BGRA, REDUCE_SUM, Rows)
[ PERFSTAT ]    (samples=13   mean=0.02   median=0.02   min=0.02   stddev=0.00 (2.3%))
[       OK ] Sz_Depth_Cn_Code_Dim_Reduce.Reduce/56 (7 ms)
[ RUN      ] Sz_Depth_Cn_Code_Dim_Reduce.Reduce/57, where GetParam() = (1280x720, CV_16U, BGRA, REDUCE_SUM, Cols)
[ PERFSTAT ]    (samples=13   mean=0.02   median=0.02   min=0.02   stddev=0.00 (1.3%))
[       OK ] Sz_Depth_Cn_Code_Dim_Reduce.Reduce/57 (6 ms)
[ RUN      ] Sz_Depth_Cn_Code_Dim_Reduce.Reduce/58, where GetParam() = (1280x720, CV_16U, BGRA, REDUCE_AVG, Rows)
[ PERFSTAT ]    (samples=25   mean=0.02   median=0.02   min=0.02   stddev=0.00 (1.6%))
[       OK ] Sz_Depth_Cn_Code_Dim_Reduce.Reduce/58 (7 ms)
[ RUN      ] Sz_Depth_Cn_Code_Dim_Reduce.Reduce/59, where GetParam() = (1280x720, CV_16U, BGRA, REDUCE_AVG, Cols)
[ PERFSTAT ]    (samples=13   mean=0.02   median=0.02   min=0.02   stddev=0.00 (1.1%))
[       OK ] Sz_Depth_Cn_Code_Dim_Reduce.Reduce/59 (7 ms)
[ RUN      ] Sz_Depth_Cn_Code_Dim_Reduce.Reduce/60, where GetParam() = (1280x720, CV_16U, BGRA, REDUCE_MAX, Rows)
[ PERFSTAT ]    (samples=13   mean=0.02   median=0.02   min=0.02   stddev=0.00 (1.8%))
[       OK ] Sz_Depth_Cn_Code_Dim_Reduce.Reduce/60 (7 ms)
[ RUN      ] Sz_Depth_Cn_Code_Dim_Reduce.Reduce/61, where GetParam() = (1280x720, CV_16U, BGRA, REDUCE_MAX, Cols)
[ PERFSTAT ]    (samples=13   mean=0.02   median=0.02   min=0.02   stddev=0.00 (2.1%))
[       OK ] Sz_Depth_Cn_Code_Dim_Reduce.Reduce/61 (6 ms)
[ RUN      ] Sz_Depth_Cn_Code_Dim_Reduce.Reduce/62, where GetParam() = (1280x720, CV_16U, BGRA, REDUCE_MIN, Rows)
[ PERFSTAT ]    (samples=25   mean=0.02   median=0.02   min=0.02   stddev=0.00 (2.3%))
[       OK ] Sz_Depth_Cn_Code_Dim_Reduce.Reduce/62 (7 ms)
[ RUN      ] Sz_Depth_Cn_Code_Dim_Reduce.Reduce/63, where GetParam() = (1280x720, CV_16U, BGRA, REDUCE_MIN, Cols)
[ PERFSTAT ]    (samples=25   mean=0.02   median=0.02   min=0.02   stddev=0.00 (1.7%))
[       OK ] Sz_Depth_Cn_Code_Dim_Reduce.Reduce/63 (7 ms)
[ RUN      ] Sz_Depth_Cn_Code_Dim_Reduce.Reduce/64, where GetParam() = (1280x720, CV_16S, Gray, REDUCE_SUM, Rows)
[ PERFSTAT ]    (samples=13   mean=0.02   median=0.02   min=0.02   stddev=0.00 (1.0%))
[       OK ] Sz_Depth_Cn_Code_Dim_Reduce.Reduce/64 (2 ms)
[ RUN      ] Sz_Depth_Cn_Code_Dim_Reduce.Reduce/65, where GetParam() = (1280x720, CV_16S, Gray, REDUCE_SUM, Cols)
[ PERFSTAT ]    (samples=13   mean=0.01   median=0.01   min=0.01   stddev=0.00 (1.5%))
[       OK ] Sz_Depth_Cn_Code_Dim_Reduce.Reduce/65 (2 ms)
[ RUN      ] Sz_Depth_Cn_Code_Dim_Reduce.Reduce/66, where GetParam() = (1280x720, CV_16S, Gray, REDUCE_AVG, Rows)
[ PERFSTAT ]    (samples=13   mean=0.02   median=0.02   min=0.02   stddev=0.00 (1.4%))
[       OK ] Sz_Depth_Cn_Code_Dim_Reduce.Reduce/66 (3 ms)
[ RUN      ] Sz_Depth_Cn_Code_Dim_Reduce.Reduce/67, where GetParam() = (1280x720, CV_16S, Gray, REDUCE_AVG, Cols)
[ PERFSTAT ]    (samples=13   mean=0.01   median=0.01   min=0.01   stddev=0.00 (1.3%))
[       OK ] Sz_Depth_Cn_Code_Dim_Reduce.Reduce/67 (2 ms)
[ RUN      ] Sz_Depth_Cn_Code_Dim_Reduce.Reduce/68, where GetParam() = (1280x720, CV_16S, Gray, REDUCE_MAX, Rows)
[ PERFSTAT ]    (samples=18   mean=0.02   median=0.02   min=0.02   stddev=0.00 (3.0%))
[       OK ] Sz_Depth_Cn_Code_Dim_Reduce.Reduce/68 (2 ms)
[ RUN      ] Sz_Depth_Cn_Code_Dim_Reduce.Reduce/69, where GetParam() = (1280x720, CV_16S, Gray, REDUCE_MAX, Cols)
[ PERFSTAT ]    (samples=18   mean=0.01   median=0.01   min=0.01   stddev=0.00 (3.0%))
[       OK ] Sz_Depth_Cn_Code_Dim_Reduce.Reduce/69 (2 ms)
[ RUN      ] Sz_Depth_Cn_Code_Dim_Reduce.Reduce/70, where GetParam() = (1280x720, CV_16S, Gray, REDUCE_MIN, Rows)
[ PERFSTAT ]    (samples=13   mean=0.02   median=0.02   min=0.02   stddev=0.00 (1.5%))
[       OK ] Sz_Depth_Cn_Code_Dim_Reduce.Reduce/70 (2 ms)
[ RUN      ] Sz_Depth_Cn_Code_Dim_Reduce.Reduce/71, where GetParam() = (1280x720, CV_16S, Gray, REDUCE_MIN, Cols)
[ PERFSTAT ]    (samples=13   mean=0.01   median=0.01   min=0.01   stddev=0.00 (2.4%))
[       OK ] Sz_Depth_Cn_Code_Dim_Reduce.Reduce/71 (2 ms)
[ RUN      ] Sz_Depth_Cn_Code_Dim_Reduce.Reduce/72, where GetParam() = (1280x720, CV_16S, TwoChannel, REDUCE_SUM, Rows)
[ PERFSTAT ]    (samples=13   mean=0.02   median=0.02   min=0.02   stddev=0.00 (1.8%))
[       OK ] Sz_Depth_Cn_Code_Dim_Reduce.Reduce/72 (4 ms)
[ RUN      ] Sz_Depth_Cn_Code_Dim_Reduce.Reduce/73, where GetParam() = (1280x720, CV_16S, TwoChannel, REDUCE_SUM, Cols)
[ PERFSTAT ]    (samples=25   mean=0.01   median=0.01   min=0.01   stddev=0.00 (1.4%))
[       OK ] Sz_Depth_Cn_Code_Dim_Reduce.Reduce/73 (5 ms)
[ RUN      ] Sz_Depth_Cn_Code_Dim_Reduce.Reduce/74, where GetParam() = (1280x720, CV_16S, TwoChannel, REDUCE_AVG, Rows)
[ PERFSTAT ]    (samples=13   mean=0.02   median=0.02   min=0.02   stddev=0.00 (1.5%))
[       OK ] Sz_Depth_Cn_Code_Dim_Reduce.Reduce/74 (4 ms)
[ RUN      ] Sz_Depth_Cn_Code_Dim_Reduce.Reduce/75, where GetParam() = (1280x720, CV_16S, TwoChannel, REDUCE_AVG, Cols)
[ PERFSTAT ]    (samples=13   mean=0.01   median=0.01   min=0.01   stddev=0.00 (1.5%))
[       OK ] Sz_Depth_Cn_Code_Dim_Reduce.Reduce/75 (4 ms)
[ RUN      ] Sz_Depth_Cn_Code_Dim_Reduce.Reduce/76, where GetParam() = (1280x720, CV_16S, TwoChannel, REDUCE_MAX, Rows)
[ PERFSTAT ]    (samples=16   mean=0.02   median=0.02   min=0.02   stddev=0.00 (3.0%))
[       OK ] Sz_Depth_Cn_Code_Dim_Reduce.Reduce/76 (4 ms)
[ RUN      ] Sz_Depth_Cn_Code_Dim_Reduce.Reduce/77, where GetParam() = (1280x720, CV_16S, TwoChannel, REDUCE_MAX, Cols)
[ PERFSTAT ]    (samples=13   mean=0.01   median=0.01   min=0.01   stddev=0.00 (1.7%))
[       OK ] Sz_Depth_Cn_Code_Dim_Reduce.Reduce/77 (4 ms)
[ RUN      ] Sz_Depth_Cn_Code_Dim_Reduce.Reduce/78, where GetParam() = (1280x720, CV_16S, TwoChannel, REDUCE_MIN, Rows)
[ PERFSTAT ]    (samples=13   mean=0.02   median=0.02   min=0.02   stddev=0.00 (1.6%))
[       OK ] Sz_Depth_Cn_Code_Dim_Reduce.Reduce/78 (3 ms)
[ RUN      ] Sz_Depth_Cn_Code_Dim_Reduce.Reduce/79, where GetParam() = (1280x720, CV_16S, TwoChannel, REDUCE_MIN, Cols)
[ PERFSTAT ]    (samples=13   mean=0.01   median=0.01   min=0.01   stddev=0.00 (1.7%))
[       OK ] Sz_Depth_Cn_Code_Dim_Reduce.Reduce/79 (4 ms)
[ RUN      ] Sz_Depth_Cn_Code_Dim_Reduce.Reduce/80, where GetParam() = (1280x720, CV_16S, BGR, REDUCE_SUM, Rows)
[ PERFSTAT ]    (samples=13   mean=0.02   median=0.02   min=0.02   stddev=0.00 (1.6%))
[       OK ] Sz_Depth_Cn_Code_Dim_Reduce.Reduce/80 (6 ms)
[ RUN      ] Sz_Depth_Cn_Code_Dim_Reduce.Reduce/81, where GetParam() = (1280x720, CV_16S, BGR, REDUCE_SUM, Cols)
[ PERFSTAT ]    (samples=13   mean=0.02   median=0.02   min=0.02   stddev=0.00 (1.7%))
[       OK ] Sz_Depth_Cn_Code_Dim_Reduce.Reduce/81 (5 ms)
[ RUN      ] Sz_Depth_Cn_Code_Dim_Reduce.Reduce/82, where GetParam() = (1280x720, CV_16S, BGR, REDUCE_AVG, Rows)
[ PERFSTAT ]    (samples=13   mean=0.02   median=0.02   min=0.02   stddev=0.00 (1.2%))
[       OK ] Sz_Depth_Cn_Code_Dim_Reduce.Reduce/82 (5 ms)
[ RUN      ] Sz_Depth_Cn_Code_Dim_Reduce.Reduce/83, where GetParam() = (1280x720, CV_16S, BGR, REDUCE_AVG, Cols)
[ PERFSTAT ]    (samples=13   mean=0.02   median=0.02   min=0.02   stddev=0.00 (1.6%))
[       OK ] Sz_Depth_Cn_Code_Dim_Reduce.Reduce/83 (5 ms)
[ RUN      ] Sz_Depth_Cn_Code_Dim_Reduce.Reduce/84, where GetParam() = (1280x720, CV_16S, BGR, REDUCE_MAX, Rows)
[ PERFSTAT ]    (samples=13   mean=0.02   median=0.02   min=0.02   stddev=0.00 (1.3%))
[       OK ] Sz_Depth_Cn_Code_Dim_Reduce.Reduce/84 (6 ms)
[ RUN      ] Sz_Depth_Cn_Code_Dim_Reduce.Reduce/85, where GetParam() = (1280x720, CV_16S, BGR, REDUCE_MAX, Cols)
[ PERFSTAT ]    (samples=13   mean=0.02   median=0.02   min=0.02   stddev=0.00 (1.5%))
[       OK ] Sz_Depth_Cn_Code_Dim_Reduce.Reduce/85 (5 ms)
[ RUN      ] Sz_Depth_Cn_Code_Dim_Reduce.Reduce/86, where GetParam() = (1280x720, CV_16S, BGR, REDUCE_MIN, Rows)
[ PERFSTAT ]    (samples=13   mean=0.02   median=0.02   min=0.02   stddev=0.00 (1.8%))
[       OK ] Sz_Depth_Cn_Code_Dim_Reduce.Reduce/86 (5 ms)
[ RUN      ] Sz_Depth_Cn_Code_Dim_Reduce.Reduce/87, where GetParam() = (1280x720, CV_16S, BGR, REDUCE_MIN, Cols)
[ PERFSTAT ]    (samples=13   mean=0.02   median=0.02   min=0.02   stddev=0.00 (2.1%))
[       OK ] Sz_Depth_Cn_Code_Dim_Reduce.Reduce/87 (6 ms)
[ RUN      ] Sz_Depth_Cn_Code_Dim_Reduce.Reduce/88, where GetParam() = (1280x720, CV_16S, BGRA, REDUCE_SUM, Rows)
[ PERFSTAT ]    (samples=13   mean=0.02   median=0.02   min=0.02   stddev=0.00 (1.8%))
[       OK ] Sz_Depth_Cn_Code_Dim_Reduce.Reduce/88 (6 ms)
[ RUN      ] Sz_Depth_Cn_Code_Dim_Reduce.Reduce/89, where GetParam() = (1280x720, CV_16S, BGRA, REDUCE_SUM, Cols)
[ PERFSTAT ]    (samples=25   mean=0.02   median=0.02   min=0.02   stddev=0.00 (2.3%))
[       OK ] Sz_Depth_Cn_Code_Dim_Reduce.Reduce/89 (7 ms)
[ RUN      ] Sz_Depth_Cn_Code_Dim_Reduce.Reduce/90, where GetParam() = (1280x720, CV_16S, BGRA, REDUCE_AVG, Rows)
[ PERFSTAT ]    (samples=13   mean=0.02   median=0.02   min=0.02   stddev=0.00 (1.6%))
[       OK ] Sz_Depth_Cn_Code_Dim_Reduce.Reduce/90 (7 ms)
[ RUN      ] Sz_Depth_Cn_Code_Dim_Reduce.Reduce/91, where GetParam() = (1280x720, CV_16S, BGRA, REDUCE_AVG, Cols)
[ PERFSTAT ]    (samples=14   mean=0.02   median=0.02   min=0.02   stddev=0.00 (3.0%))
[       OK ] Sz_Depth_Cn_Code_Dim_Reduce.Reduce/91 (7 ms)
[ RUN      ] Sz_Depth_Cn_Code_Dim_Reduce.Reduce/92, where GetParam() = (1280x720, CV_16S, BGRA, REDUCE_MAX, Rows)
[ PERFSTAT ]    (samples=13   mean=0.02   median=0.02   min=0.02   stddev=0.00 (1.2%))
[       OK ] Sz_Depth_Cn_Code_Dim_Reduce.Reduce/92 (6 ms)
[ RUN      ] Sz_Depth_Cn_Code_Dim_Reduce.Reduce/93, where GetParam() = (1280x720, CV_16S, BGRA, REDUCE_MAX, Cols)
[ PERFSTAT ]    (samples=13   mean=0.02   median=0.02   min=0.02   stddev=0.00 (1.7%))
[       OK ] Sz_Depth_Cn_Code_Dim_Reduce.Reduce/93 (7 ms)
[ RUN      ] Sz_Depth_Cn_Code_Dim_Reduce.Reduce/94, where GetParam() = (1280x720, CV_16S, BGRA, REDUCE_MIN, Rows)
[ PERFSTAT ]    (samples=13   mean=0.02   median=0.02   min=0.02   stddev=0.00 (1.7%))
[       OK ] Sz_Depth_Cn_Code_Dim_Reduce.Reduce/94 (7 ms)
[ RUN      ] Sz_Depth_Cn_Code_Dim_Reduce.Reduce/95, where GetParam() = (1280x720, CV_16S, BGRA, REDUCE_MIN, Cols)
[ PERFSTAT ]    (samples=13   mean=0.02   median=0.02   min=0.02   stddev=0.00 (1.5%))
[       OK ] Sz_Depth_Cn_Code_Dim_Reduce.Reduce/95 (6 ms)
[ RUN      ] Sz_Depth_Cn_Code_Dim_Reduce.Reduce/96, where GetParam() = (1280x720, CV_32F, Gray, REDUCE_SUM, Rows)
[ PERFSTAT ]    (samples=13   mean=0.02   median=0.02   min=0.02   stddev=0.00 (2.1%))
[       OK ] Sz_Depth_Cn_Code_Dim_Reduce.Reduce/96 (3 ms)
[ RUN      ] Sz_Depth_Cn_Code_Dim_Reduce.Reduce/97, where GetParam() = (1280x720, CV_32F, Gray, REDUCE_SUM, Cols)
[ PERFSTAT ]    (samples=13   mean=0.01   median=0.01   min=0.01   stddev=0.00 (2.1%))
[       OK ] Sz_Depth_Cn_Code_Dim_Reduce.Reduce/97 (2 ms)
[ RUN      ] Sz_Depth_Cn_Code_Dim_Reduce.Reduce/98, where GetParam() = (1280x720, CV_32F, Gray, REDUCE_AVG, Rows)
[ PERFSTAT ]    (samples=13   mean=0.02   median=0.02   min=0.02   stddev=0.00 (2.0%))
[       OK ] Sz_Depth_Cn_Code_Dim_Reduce.Reduce/98 (3 ms)
[ RUN      ] Sz_Depth_Cn_Code_Dim_Reduce.Reduce/99, where GetParam() = (1280x720, CV_32F, Gray, REDUCE_AVG, Cols)
[ PERFSTAT ]    (samples=13   mean=0.01   median=0.01   min=0.01   stddev=0.00 (2.0%))
[       OK ] Sz_Depth_Cn_Code_Dim_Reduce.Reduce/99 (2 ms)
[ RUN      ] Sz_Depth_Cn_Code_Dim_Reduce.Reduce/100, where GetParam() = (1280x720, CV_32F, Gray, REDUCE_MAX, Rows)
[ PERFSTAT ]    (samples=13   mean=0.02   median=0.02   min=0.02   stddev=0.00 (1.4%))
[       OK ] Sz_Depth_Cn_Code_Dim_Reduce.Reduce/100 (3 ms)
[ RUN      ] Sz_Depth_Cn_Code_Dim_Reduce.Reduce/101, where GetParam() = (1280x720, CV_32F, Gray, REDUCE_MAX, Cols)
[ PERFSTAT ]    (samples=13   mean=0.01   median=0.01   min=0.01   stddev=0.00 (1.8%))
[       OK ] Sz_Depth_Cn_Code_Dim_Reduce.Reduce/101 (3 ms)
[ RUN      ] Sz_Depth_Cn_Code_Dim_Reduce.Reduce/102, where GetParam() = (1280x720, CV_32F, Gray, REDUCE_MIN, Rows)
[ PERFSTAT ]    (samples=25   mean=0.02   median=0.02   min=0.02   stddev=0.00 (1.4%))
[       OK ] Sz_Depth_Cn_Code_Dim_Reduce.Reduce/102 (2 ms)
[ RUN      ] Sz_Depth_Cn_Code_Dim_Reduce.Reduce/103, where GetParam() = (1280x720, CV_32F, Gray, REDUCE_MIN, Cols)
[ PERFSTAT ]    (samples=13   mean=0.01   median=0.01   min=0.01   stddev=0.00 (2.2%))
[       OK ] Sz_Depth_Cn_Code_Dim_Reduce.Reduce/103 (3 ms)
[ RUN      ] Sz_Depth_Cn_Code_Dim_Reduce.Reduce/104, where GetParam() = (1280x720, CV_32F, TwoChannel, REDUCE_SUM, Rows)
[ PERFSTAT ]    (samples=13   mean=0.02   median=0.02   min=0.02   stddev=0.00 (1.3%))
[       OK ] Sz_Depth_Cn_Code_Dim_Reduce.Reduce/104 (4 ms)
[ RUN      ] Sz_Depth_Cn_Code_Dim_Reduce.Reduce/105, where GetParam() = (1280x720, CV_32F, TwoChannel, REDUCE_SUM, Cols)
[ PERFSTAT ]    (samples=13   mean=0.01   median=0.01   min=0.01   stddev=0.00 (2.1%))
[       OK ] Sz_Depth_Cn_Code_Dim_Reduce.Reduce/105 (4 ms)
[ RUN      ] Sz_Depth_Cn_Code_Dim_Reduce.Reduce/106, where GetParam() = (1280x720, CV_32F, TwoChannel, REDUCE_AVG, Rows)
[ PERFSTAT ]    (samples=13   mean=0.02   median=0.02   min=0.02   stddev=0.00 (1.5%))
[       OK ] Sz_Depth_Cn_Code_Dim_Reduce.Reduce/106 (4 ms)
[ RUN      ] Sz_Depth_Cn_Code_Dim_Reduce.Reduce/107, where GetParam() = (1280x720, CV_32F, TwoChannel, REDUCE_AVG, Cols)
[ PERFSTAT ]    (samples=13   mean=0.01   median=0.01   min=0.01   stddev=0.00 (1.8%))
[       OK ] Sz_Depth_Cn_Code_Dim_Reduce.Reduce/107 (4 ms)
[ RUN      ] Sz_Depth_Cn_Code_Dim_Reduce.Reduce/108, where GetParam() = (1280x720, CV_32F, TwoChannel, REDUCE_MAX, Rows)
[ PERFSTAT ]    (samples=25   mean=0.02   median=0.02   min=0.02   stddev=0.00 (1.0%))
[       OK ] Sz_Depth_Cn_Code_Dim_Reduce.Reduce/108 (4 ms)
[ RUN      ] Sz_Depth_Cn_Code_Dim_Reduce.Reduce/109, where GetParam() = (1280x720, CV_32F, TwoChannel, REDUCE_MAX, Cols)
[ PERFSTAT ]    (samples=13   mean=0.01   median=0.01   min=0.01   stddev=0.00 (1.4%))
[       OK ] Sz_Depth_Cn_Code_Dim_Reduce.Reduce/109 (4 ms)
[ RUN      ] Sz_Depth_Cn_Code_Dim_Reduce.Reduce/110, where GetParam() = (1280x720, CV_32F, TwoChannel, REDUCE_MIN, Rows)
[ PERFSTAT ]    (samples=21   mean=0.02   median=0.02   min=0.02   stddev=0.00 (2.9%))
[       OK ] Sz_Depth_Cn_Code_Dim_Reduce.Reduce/110 (5 ms)
[ RUN      ] Sz_Depth_Cn_Code_Dim_Reduce.Reduce/111, where GetParam() = (1280x720, CV_32F, TwoChannel, REDUCE_MIN, Cols)
[ PERFSTAT ]    (samples=13   mean=0.02   median=0.02   min=0.01   stddev=0.00 (1.6%))
[       OK ] Sz_Depth_Cn_Code_Dim_Reduce.Reduce/111 (4 ms)
[ RUN      ] Sz_Depth_Cn_Code_Dim_Reduce.Reduce/112, where GetParam() = (1280x720, CV_32F, BGR, REDUCE_SUM, Rows)
[ PERFSTAT ]    (samples=13   mean=0.02   median=0.02   min=0.02   stddev=0.00 (1.3%))
[       OK ] Sz_Depth_Cn_Code_Dim_Reduce.Reduce/112 (6 ms)
[ RUN      ] Sz_Depth_Cn_Code_Dim_Reduce.Reduce/113, where GetParam() = (1280x720, CV_32F, BGR, REDUCE_SUM, Cols)
[ PERFSTAT ]    (samples=13   mean=0.02   median=0.02   min=0.02   stddev=0.00 (1.9%))
[       OK ] Sz_Depth_Cn_Code_Dim_Reduce.Reduce/113 (5 ms)
[ RUN      ] Sz_Depth_Cn_Code_Dim_Reduce.Reduce/114, where GetParam() = (1280x720, CV_32F, BGR, REDUCE_AVG, Rows)
[ PERFSTAT ]    (samples=13   mean=0.02   median=0.02   min=0.02   stddev=0.00 (1.2%))
[       OK ] Sz_Depth_Cn_Code_Dim_Reduce.Reduce/114 (6 ms)
[ RUN      ] Sz_Depth_Cn_Code_Dim_Reduce.Reduce/115, where GetParam() = (1280x720, CV_32F, BGR, REDUCE_AVG, Cols)
[ PERFSTAT ]    (samples=13   mean=0.02   median=0.02   min=0.02   stddev=0.00 (1.9%))
[       OK ] Sz_Depth_Cn_Code_Dim_Reduce.Reduce/115 (6 ms)
[ RUN      ] Sz_Depth_Cn_Code_Dim_Reduce.Reduce/116, where GetParam() = (1280x720, CV_32F, BGR, REDUCE_MAX, Rows)
[ PERFSTAT ]    (samples=13   mean=0.02   median=0.02   min=0.02   stddev=0.00 (1.6%))
[       OK ] Sz_Depth_Cn_Code_Dim_Reduce.Reduce/116 (6 ms)
[ RUN      ] Sz_Depth_Cn_Code_Dim_Reduce.Reduce/117, where GetParam() = (1280x720, CV_32F, BGR, REDUCE_MAX, Cols)
[ PERFSTAT ]    (samples=13   mean=0.02   median=0.02   min=0.02   stddev=0.00 (1.5%))
[       OK ] Sz_Depth_Cn_Code_Dim_Reduce.Reduce/117 (5 ms)
[ RUN      ] Sz_Depth_Cn_Code_Dim_Reduce.Reduce/118, where GetParam() = (1280x720, CV_32F, BGR, REDUCE_MIN, Rows)
[ PERFSTAT ]    (samples=25   mean=0.02   median=0.02   min=0.02   stddev=0.00 (1.6%))
[       OK ] Sz_Depth_Cn_Code_Dim_Reduce.Reduce/118 (6 ms)
[ RUN      ] Sz_Depth_Cn_Code_Dim_Reduce.Reduce/119, where GetParam() = (1280x720, CV_32F, BGR, REDUCE_MIN, Cols)
[ PERFSTAT ]    (samples=25   mean=0.02   median=0.02   min=0.02   stddev=0.00 (3.0%))
[       OK ] Sz_Depth_Cn_Code_Dim_Reduce.Reduce/119 (6 ms)
[ RUN      ] Sz_Depth_Cn_Code_Dim_Reduce.Reduce/120, where GetParam() = (1280x720, CV_32F, BGRA, REDUCE_SUM, Rows)
[ PERFSTAT ]    (samples=13   mean=0.02   median=0.02   min=0.02   stddev=0.00 (1.3%))
[       OK ] Sz_Depth_Cn_Code_Dim_Reduce.Reduce/120 (9 ms)
[ RUN      ] Sz_Depth_Cn_Code_Dim_Reduce.Reduce/121, where GetParam() = (1280x720, CV_32F, BGRA, REDUCE_SUM, Cols)
[ PERFSTAT ]    (samples=13   mean=0.02   median=0.02   min=0.02   stddev=0.00 (1.9%))
[       OK ] Sz_Depth_Cn_Code_Dim_Reduce.Reduce/121 (8 ms)
[ RUN      ] Sz_Depth_Cn_Code_Dim_Reduce.Reduce/122, where GetParam() = (1280x720, CV_32F, BGRA, REDUCE_AVG, Rows)
[ PERFSTAT ]    (samples=25   mean=0.02   median=0.02   min=0.02   stddev=0.00 (1.3%))
[       OK ] Sz_Depth_Cn_Code_Dim_Reduce.Reduce/122 (8 ms)
[ RUN      ] Sz_Depth_Cn_Code_Dim_Reduce.Reduce/123, where GetParam() = (1280x720, CV_32F, BGRA, REDUCE_AVG, Cols)
[ PERFSTAT ]    (samples=25   mean=0.02   median=0.02   min=0.02   stddev=0.00 (1.8%))
[       OK ] Sz_Depth_Cn_Code_Dim_Reduce.Reduce/123 (8 ms)
[ RUN      ] Sz_Depth_Cn_Code_Dim_Reduce.Reduce/124, where GetParam() = (1280x720, CV_32F, BGRA, REDUCE_MAX, Rows)
[ PERFSTAT ]    (samples=13   mean=0.02   median=0.02   min=0.02   stddev=0.00 (1.9%))
[       OK ] Sz_Depth_Cn_Code_Dim_Reduce.Reduce/124 (7 ms)
[ RUN      ] Sz_Depth_Cn_Code_Dim_Reduce.Reduce/125, where GetParam() = (1280x720, CV_32F, BGRA, REDUCE_MAX, Cols)
[ PERFSTAT ]    (samples=13   mean=0.02   median=0.02   min=0.02   stddev=0.00 (2.2%))
[       OK ] Sz_Depth_Cn_Code_Dim_Reduce.Reduce/125 (8 ms)
[ RUN      ] Sz_Depth_Cn_Code_Dim_Reduce.Reduce/126, where GetParam() = (1280x720, CV_32F, BGRA, REDUCE_MIN, Rows)
[ PERFSTAT ]    (samples=13   mean=0.02   median=0.02   min=0.02   stddev=0.00 (1.8%))
[       OK ] Sz_Depth_Cn_Code_Dim_Reduce.Reduce/126 (8 ms)
[ RUN      ] Sz_Depth_Cn_Code_Dim_Reduce.Reduce/127, where GetParam() = (1280x720, CV_32F, BGRA, REDUCE_MIN, Cols)
[ PERFSTAT ]    (samples=13   mean=0.02   median=0.02   min=0.02   stddev=0.00 (1.5%))
[       OK ] Sz_Depth_Cn_Code_Dim_Reduce.Reduce/127 (8 ms)
[ RUN      ] Sz_Depth_Cn_Code_Dim_Reduce.Reduce/128, where GetParam() = (1280x1024, CV_8U, Gray, REDUCE_SUM, Rows)
[ PERFSTAT ]    (samples=13   mean=0.02   median=0.02   min=0.02   stddev=0.00 (0.8%))
[       OK ] Sz_Depth_Cn_Code_Dim_Reduce.Reduce/128 (1 ms)
[ RUN      ] Sz_Depth_Cn_Code_Dim_Reduce.Reduce/129, where GetParam() = (1280x1024, CV_8U, Gray, REDUCE_SUM, Cols)
[ PERFSTAT ]    (samples=13   mean=0.01   median=0.01   min=0.01   stddev=0.00 (1.5%))
[       OK ] Sz_Depth_Cn_Code_Dim_Reduce.Reduce/129 (1 ms)
[ RUN      ] Sz_Depth_Cn_Code_Dim_Reduce.Reduce/130, where GetParam() = (1280x1024, CV_8U, Gray, REDUCE_AVG, Rows)
[ PERFSTAT ]    (samples=25   mean=0.02   median=0.02   min=0.02   stddev=0.00 (1.1%))
[       OK ] Sz_Depth_Cn_Code_Dim_Reduce.Reduce/130 (2 ms)
[ RUN      ] Sz_Depth_Cn_Code_Dim_Reduce.Reduce/131, where GetParam() = (1280x1024, CV_8U, Gray, REDUCE_AVG, Cols)
[ PERFSTAT ]    (samples=13   mean=0.01   median=0.01   min=0.01   stddev=0.00 (3.0%))
[       OK ] Sz_Depth_Cn_Code_Dim_Reduce.Reduce/131 (2 ms)
[ RUN      ] Sz_Depth_Cn_Code_Dim_Reduce.Reduce/132, where GetParam() = (1280x1024, CV_8U, Gray, REDUCE_MAX, Rows)
[ PERFSTAT ]    (samples=13   mean=0.02   median=0.02   min=0.02   stddev=0.00 (1.5%))
[       OK ] Sz_Depth_Cn_Code_Dim_Reduce.Reduce/132 (2 ms)
[ RUN      ] Sz_Depth_Cn_Code_Dim_Reduce.Reduce/133, where GetParam() = (1280x1024, CV_8U, Gray, REDUCE_MAX, Cols)
[ PERFSTAT ]    (samples=13   mean=0.01   median=0.01   min=0.01   stddev=0.00 (1.6%))
[       OK ] Sz_Depth_Cn_Code_Dim_Reduce.Reduce/133 (1 ms)
[ RUN      ] Sz_Depth_Cn_Code_Dim_Reduce.Reduce/134, where GetParam() = (1280x1024, CV_8U, Gray, REDUCE_MIN, Rows)
[ PERFSTAT ]    (samples=13   mean=0.02   median=0.02   min=0.02   stddev=0.00 (1.4%))
[       OK ] Sz_Depth_Cn_Code_Dim_Reduce.Reduce/134 (2 ms)
[ RUN      ] Sz_Depth_Cn_Code_Dim_Reduce.Reduce/135, where GetParam() = (1280x1024, CV_8U, Gray, REDUCE_MIN, Cols)
[ PERFSTAT ]    (samples=13   mean=0.01   median=0.01   min=0.01   stddev=0.00 (1.7%))
[       OK ] Sz_Depth_Cn_Code_Dim_Reduce.Reduce/135 (2 ms)
[ RUN      ] Sz_Depth_Cn_Code_Dim_Reduce.Reduce/136, where GetParam() = (1280x1024, CV_8U, TwoChannel, REDUCE_SUM, Rows)
[ PERFSTAT ]    (samples=13   mean=0.02   median=0.02   min=0.02   stddev=0.00 (1.8%))
[       OK ] Sz_Depth_Cn_Code_Dim_Reduce.Reduce/136 (3 ms)
[ RUN      ] Sz_Depth_Cn_Code_Dim_Reduce.Reduce/137, where GetParam() = (1280x1024, CV_8U, TwoChannel, REDUCE_SUM, Cols)
[ PERFSTAT ]    (samples=13   mean=0.02   median=0.02   min=0.02   stddev=0.00 (1.3%))
[       OK ] Sz_Depth_Cn_Code_Dim_Reduce.Reduce/137 (3 ms)
[ RUN      ] Sz_Depth_Cn_Code_Dim_Reduce.Reduce/138, where GetParam() = (1280x1024, CV_8U, TwoChannel, REDUCE_AVG, Rows)
[ PERFSTAT ]    (samples=13   mean=0.02   median=0.02   min=0.02   stddev=0.00 (1.4%))
[       OK ] Sz_Depth_Cn_Code_Dim_Reduce.Reduce/138 (3 ms)
[ RUN      ] Sz_Depth_Cn_Code_Dim_Reduce.Reduce/139, where GetParam() = (1280x1024, CV_8U, TwoChannel, REDUCE_AVG, Cols)
[ PERFSTAT ]    (samples=13   mean=0.02   median=0.02   min=0.02   stddev=0.00 (1.8%))
[       OK ] Sz_Depth_Cn_Code_Dim_Reduce.Reduce/139 (3 ms)
[ RUN      ] Sz_Depth_Cn_Code_Dim_Reduce.Reduce/140, where GetParam() = (1280x1024, CV_8U, TwoChannel, REDUCE_MAX, Rows)
[ PERFSTAT ]    (samples=22   mean=0.02   median=0.02   min=0.02   stddev=0.00 (3.0%))
[       OK ] Sz_Depth_Cn_Code_Dim_Reduce.Reduce/140 (3 ms)
[ RUN      ] Sz_Depth_Cn_Code_Dim_Reduce.Reduce/141, where GetParam() = (1280x1024, CV_8U, TwoChannel, REDUCE_MAX, Cols)
[ PERFSTAT ]    (samples=25   mean=0.02   median=0.02   min=0.02   stddev=0.00 (1.1%))
[       OK ] Sz_Depth_Cn_Code_Dim_Reduce.Reduce/141 (3 ms)
[ RUN      ] Sz_Depth_Cn_Code_Dim_Reduce.Reduce/142, where GetParam() = (1280x1024, CV_8U, TwoChannel, REDUCE_MIN, Rows)
[ PERFSTAT ]    (samples=13   mean=0.02   median=0.02   min=0.02   stddev=0.00 (1.3%))
[       OK ] Sz_Depth_Cn_Code_Dim_Reduce.Reduce/142 (3 ms)
[ RUN      ] Sz_Depth_Cn_Code_Dim_Reduce.Reduce/143, where GetParam() = (1280x1024, CV_8U, TwoChannel, REDUCE_MIN, Cols)
[ PERFSTAT ]    (samples=13   mean=0.02   median=0.02   min=0.02   stddev=0.00 (1.9%))
[       OK ] Sz_Depth_Cn_Code_Dim_Reduce.Reduce/143 (3 ms)
[ RUN      ] Sz_Depth_Cn_Code_Dim_Reduce.Reduce/144, where GetParam() = (1280x1024, CV_8U, BGR, REDUCE_SUM, Rows)
[ PERFSTAT ]    (samples=13   mean=0.02   median=0.02   min=0.02   stddev=0.00 (1.1%))
[       OK ] Sz_Depth_Cn_Code_Dim_Reduce.Reduce/144 (5 ms)
[ RUN      ] Sz_Depth_Cn_Code_Dim_Reduce.Reduce/145, where GetParam() = (1280x1024, CV_8U, BGR, REDUCE_SUM, Cols)
[ PERFSTAT ]    (samples=14   mean=0.02   median=0.02   min=0.02   stddev=0.00 (2.9%))
[       OK ] Sz_Depth_Cn_Code_Dim_Reduce.Reduce/145 (4 ms)
[ RUN      ] Sz_Depth_Cn_Code_Dim_Reduce.Reduce/146, where GetParam() = (1280x1024, CV_8U, BGR, REDUCE_AVG, Rows)
[ PERFSTAT ]    (samples=13   mean=0.02   median=0.02   min=0.02   stddev=0.00 (0.8%))
[       OK ] Sz_Depth_Cn_Code_Dim_Reduce.Reduce/146 (4 ms)
[ RUN      ] Sz_Depth_Cn_Code_Dim_Reduce.Reduce/147, where GetParam() = (1280x1024, CV_8U, BGR, REDUCE_AVG, Cols)
[ PERFSTAT ]    (samples=13   mean=0.02   median=0.02   min=0.02   stddev=0.00 (1.3%))
[       OK ] Sz_Depth_Cn_Code_Dim_Reduce.Reduce/147 (4 ms)
[ RUN      ] Sz_Depth_Cn_Code_Dim_Reduce.Reduce/148, where GetParam() = (1280x1024, CV_8U, BGR, REDUCE_MAX, Rows)
[ PERFSTAT ]    (samples=13   mean=0.02   median=0.02   min=0.02   stddev=0.00 (1.3%))
[       OK ] Sz_Depth_Cn_Code_Dim_Reduce.Reduce/148 (4 ms)
[ RUN      ] Sz_Depth_Cn_Code_Dim_Reduce.Reduce/149, where GetParam() = (1280x1024, CV_8U, BGR, REDUCE_MAX, Cols)
[ PERFSTAT ]    (samples=13   mean=0.02   median=0.02   min=0.02   stddev=0.00 (2.0%))
[       OK ] Sz_Depth_Cn_Code_Dim_Reduce.Reduce/149 (4 ms)
[ RUN      ] Sz_Depth_Cn_Code_Dim_Reduce.Reduce/150, where GetParam() = (1280x1024, CV_8U, BGR, REDUCE_MIN, Rows)
[ PERFSTAT ]    (samples=13   mean=0.02   median=0.02   min=0.02   stddev=0.00 (2.3%))
[       OK ] Sz_Depth_Cn_Code_Dim_Reduce.Reduce/150 (4 ms)
[ RUN      ] Sz_Depth_Cn_Code_Dim_Reduce.Reduce/151, where GetParam() = (1280x1024, CV_8U, BGR, REDUCE_MIN, Cols)
[ PERFSTAT ]    (samples=13   mean=0.02   median=0.02   min=0.02   stddev=0.00 (1.7%))
[       OK ] Sz_Depth_Cn_Code_Dim_Reduce.Reduce/151 (4 ms)
[ RUN      ] Sz_Depth_Cn_Code_Dim_Reduce.Reduce/152, where GetParam() = (1280x1024, CV_8U, BGRA, REDUCE_SUM, Rows)
[ PERFSTAT ]    (samples=13   mean=0.02   median=0.02   min=0.02   stddev=0.00 (1.5%))
[       OK ] Sz_Depth_Cn_Code_Dim_Reduce.Reduce/152 (5 ms)
[ RUN      ] Sz_Depth_Cn_Code_Dim_Reduce.Reduce/153, where GetParam() = (1280x1024, CV_8U, BGRA, REDUCE_SUM, Cols)
[ PERFSTAT ]    (samples=13   mean=0.02   median=0.02   min=0.02   stddev=0.00 (1.6%))
[       OK ] Sz_Depth_Cn_Code_Dim_Reduce.Reduce/153 (5 ms)
[ RUN      ] Sz_Depth_Cn_Code_Dim_Reduce.Reduce/154, where GetParam() = (1280x1024, CV_8U, BGRA, REDUCE_AVG, Rows)
[ PERFSTAT ]    (samples=13   mean=0.02   median=0.02   min=0.02   stddev=0.00 (2.9%))
[       OK ] Sz_Depth_Cn_Code_Dim_Reduce.Reduce/154 (5 ms)
[ RUN      ] Sz_Depth_Cn_Code_Dim_Reduce.Reduce/155, where GetParam() = (1280x1024, CV_8U, BGRA, REDUCE_AVG, Cols)
[ PERFSTAT ]    (samples=13   mean=0.02   median=0.02   min=0.02   stddev=0.00 (2.0%))
[       OK ] Sz_Depth_Cn_Code_Dim_Reduce.Reduce/155 (5 ms)
[ RUN      ] Sz_Depth_Cn_Code_Dim_Reduce.Reduce/156, where GetParam() = (1280x1024, CV_8U, BGRA, REDUCE_MAX, Rows)
[ PERFSTAT ]    (samples=13   mean=0.02   median=0.02   min=0.02   stddev=0.00 (1.5%))
[       OK ] Sz_Depth_Cn_Code_Dim_Reduce.Reduce/156 (5 ms)
[ RUN      ] Sz_Depth_Cn_Code_Dim_Reduce.Reduce/157, where GetParam() = (1280x1024, CV_8U, BGRA, REDUCE_MAX, Cols)
[ PERFSTAT ]    (samples=13   mean=0.02   median=0.02   min=0.02   stddev=0.00 (1.8%))
[       OK ] Sz_Depth_Cn_Code_Dim_Reduce.Reduce/157 (6 ms)
[ RUN      ] Sz_Depth_Cn_Code_Dim_Reduce.Reduce/158, where GetParam() = (1280x1024, CV_8U, BGRA, REDUCE_MIN, Rows)
[ PERFSTAT ]    (samples=13   mean=0.02   median=0.02   min=0.02   stddev=0.00 (2.7%))
[       OK ] Sz_Depth_Cn_Code_Dim_Reduce.Reduce/158 (5 ms)
[ RUN      ] Sz_Depth_Cn_Code_Dim_Reduce.Reduce/159, where GetParam() = (1280x1024, CV_8U, BGRA, REDUCE_MIN, Cols)
[ PERFSTAT ]    (samples=13   mean=0.02   median=0.02   min=0.02   stddev=0.00 (2.7%))
[       OK ] Sz_Depth_Cn_Code_Dim_Reduce.Reduce/159 (6 ms)
[ RUN      ] Sz_Depth_Cn_Code_Dim_Reduce.Reduce/160, where GetParam() = (1280x1024, CV_16U, Gray, REDUCE_SUM, Rows)
[ PERFSTAT ]    (samples=13   mean=0.02   median=0.02   min=0.02   stddev=0.00 (2.1%))
[       OK ] Sz_Depth_Cn_Code_Dim_Reduce.Reduce/160 (3 ms)
[ RUN      ] Sz_Depth_Cn_Code_Dim_Reduce.Reduce/161, where GetParam() = (1280x1024, CV_16U, Gray, REDUCE_SUM, Cols)
[ PERFSTAT ]    (samples=13   mean=0.01   median=0.01   min=0.01   stddev=0.00 (1.8%))
[       OK ] Sz_Depth_Cn_Code_Dim_Reduce.Reduce/161 (3 ms)
[ RUN      ] Sz_Depth_Cn_Code_Dim_Reduce.Reduce/162, where GetParam() = (1280x1024, CV_16U, Gray, REDUCE_AVG, Rows)
[ PERFSTAT ]    (samples=13   mean=0.02   median=0.02   min=0.02   stddev=0.00 (1.2%))
[       OK ] Sz_Depth_Cn_Code_Dim_Reduce.Reduce/162 (3 ms)
[ RUN      ] Sz_Depth_Cn_Code_Dim_Reduce.Reduce/163, where GetParam() = (1280x1024, CV_16U, Gray, REDUCE_AVG, Cols)
[ PERFSTAT ]    (samples=13   mean=0.02   median=0.01   min=0.01   stddev=0.00 (1.5%))
[       OK ] Sz_Depth_Cn_Code_Dim_Reduce.Reduce/163 (3 ms)
[ RUN      ] Sz_Depth_Cn_Code_Dim_Reduce.Reduce/164, where GetParam() = (1280x1024, CV_16U, Gray, REDUCE_MAX, Rows)
[ PERFSTAT ]    (samples=13   mean=0.02   median=0.02   min=0.02   stddev=0.00 (2.5%))
[       OK ] Sz_Depth_Cn_Code_Dim_Reduce.Reduce/164 (3 ms)
[ RUN      ] Sz_Depth_Cn_Code_Dim_Reduce.Reduce/165, where GetParam() = (1280x1024, CV_16U, Gray, REDUCE_MAX, Cols)
[ PERFSTAT ]    (samples=13   mean=0.01   median=0.01   min=0.01   stddev=0.00 (2.4%))
[       OK ] Sz_Depth_Cn_Code_Dim_Reduce.Reduce/165 (3 ms)
[ RUN      ] Sz_Depth_Cn_Code_Dim_Reduce.Reduce/166, where GetParam() = (1280x1024, CV_16U, Gray, REDUCE_MIN, Rows)
[ PERFSTAT ]    (samples=13   mean=0.02   median=0.02   min=0.02   stddev=0.00 (1.4%))
[       OK ] Sz_Depth_Cn_Code_Dim_Reduce.Reduce/166 (3 ms)
[ RUN      ] Sz_Depth_Cn_Code_Dim_Reduce.Reduce/167, where GetParam() = (1280x1024, CV_16U, Gray, REDUCE_MIN, Cols)
[ PERFSTAT ]    (samples=13   mean=0.01   median=0.01   min=0.01   stddev=0.00 (2.4%))
[       OK ] Sz_Depth_Cn_Code_Dim_Reduce.Reduce/167 (3 ms)
[ RUN      ] Sz_Depth_Cn_Code_Dim_Reduce.Reduce/168, where GetParam() = (1280x1024, CV_16U, TwoChannel, REDUCE_SUM, Rows)
[ PERFSTAT ]    (samples=13   mean=0.02   median=0.02   min=0.02   stddev=0.00 (1.6%))
[       OK ] Sz_Depth_Cn_Code_Dim_Reduce.Reduce/168 (5 ms)
[ RUN      ] Sz_Depth_Cn_Code_Dim_Reduce.Reduce/169, where GetParam() = (1280x1024, CV_16U, TwoChannel, REDUCE_SUM, Cols)
[ PERFSTAT ]    (samples=13   mean=0.02   median=0.02   min=0.02   stddev=0.00 (2.1%))
[       OK ] Sz_Depth_Cn_Code_Dim_Reduce.Reduce/169 (5 ms)
[ RUN      ] Sz_Depth_Cn_Code_Dim_Reduce.Reduce/170, where GetParam() = (1280x1024, CV_16U, TwoChannel, REDUCE_AVG, Rows)
[ PERFSTAT ]    (samples=13   mean=0.02   median=0.02   min=0.02   stddev=0.00 (1.8%))
[       OK ] Sz_Depth_Cn_Code_Dim_Reduce.Reduce/170 (5 ms)
[ RUN      ] Sz_Depth_Cn_Code_Dim_Reduce.Reduce/171, where GetParam() = (1280x1024, CV_16U, TwoChannel, REDUCE_AVG, Cols)
[ PERFSTAT ]    (samples=13   mean=0.02   median=0.02   min=0.02   stddev=0.00 (2.1%))
[       OK ] Sz_Depth_Cn_Code_Dim_Reduce.Reduce/171 (5 ms)
[ RUN      ] Sz_Depth_Cn_Code_Dim_Reduce.Reduce/172, where GetParam() = (1280x1024, CV_16U, TwoChannel, REDUCE_MAX, Rows)
[ PERFSTAT ]    (samples=25   mean=0.02   median=0.02   min=0.02   stddev=0.00 (1.3%))
[       OK ] Sz_Depth_Cn_Code_Dim_Reduce.Reduce/172 (5 ms)
[ RUN      ] Sz_Depth_Cn_Code_Dim_Reduce.Reduce/173, where GetParam() = (1280x1024, CV_16U, TwoChannel, REDUCE_MAX, Cols)
[ PERFSTAT ]    (samples=25   mean=0.02   median=0.02   min=0.01   stddev=0.00 (3.0%))
[       OK ] Sz_Depth_Cn_Code_Dim_Reduce.Reduce/173 (6 ms)
[ RUN      ] Sz_Depth_Cn_Code_Dim_Reduce.Reduce/174, where GetParam() = (1280x1024, CV_16U, TwoChannel, REDUCE_MIN, Rows)
[ PERFSTAT ]    (samples=13   mean=0.02   median=0.02   min=0.02   stddev=0.00 (1.9%))
[       OK ] Sz_Depth_Cn_Code_Dim_Reduce.Reduce/174 (5 ms)
[ RUN      ] Sz_Depth_Cn_Code_Dim_Reduce.Reduce/175, where GetParam() = (1280x1024, CV_16U, TwoChannel, REDUCE_MIN, Cols)
[ PERFSTAT ]    (samples=13   mean=0.02   median=0.02   min=0.02   stddev=0.00 (1.9%))
[       OK ] Sz_Depth_Cn_Code_Dim_Reduce.Reduce/175 (5 ms)
[ RUN      ] Sz_Depth_Cn_Code_Dim_Reduce.Reduce/176, where GetParam() = (1280x1024, CV_16U, BGR, REDUCE_SUM, Rows)
[ PERFSTAT ]    (samples=13   mean=0.02   median=0.02   min=0.02   stddev=0.00 (1.1%))
[       OK ] Sz_Depth_Cn_Code_Dim_Reduce.Reduce/176 (7 ms)
[ RUN      ] Sz_Depth_Cn_Code_Dim_Reduce.Reduce/177, where GetParam() = (1280x1024, CV_16U, BGR, REDUCE_SUM, Cols)
[ PERFSTAT ]    (samples=13   mean=0.02   median=0.02   min=0.02   stddev=0.00 (1.9%))
[       OK ] Sz_Depth_Cn_Code_Dim_Reduce.Reduce/177 (7 ms)
[ RUN      ] Sz_Depth_Cn_Code_Dim_Reduce.Reduce/178, where GetParam() = (1280x1024, CV_16U, BGR, REDUCE_AVG, Rows)
[ PERFSTAT ]    (samples=25   mean=0.02   median=0.02   min=0.02   stddev=0.00 (1.0%))
[       OK ] Sz_Depth_Cn_Code_Dim_Reduce.Reduce/178 (7 ms)
[ RUN      ] Sz_Depth_Cn_Code_Dim_Reduce.Reduce/179, where GetParam() = (1280x1024, CV_16U, BGR, REDUCE_AVG, Cols)
[ PERFSTAT ]    (samples=13   mean=0.02   median=0.02   min=0.02   stddev=0.00 (2.1%))
[       OK ] Sz_Depth_Cn_Code_Dim_Reduce.Reduce/179 (8 ms)
[ RUN      ] Sz_Depth_Cn_Code_Dim_Reduce.Reduce/180, where GetParam() = (1280x1024, CV_16U, BGR, REDUCE_MAX, Rows)
[ PERFSTAT ]    (samples=13   mean=0.02   median=0.02   min=0.02   stddev=0.00 (1.1%))
[       OK ] Sz_Depth_Cn_Code_Dim_Reduce.Reduce/180 (7 ms)
[ RUN      ] Sz_Depth_Cn_Code_Dim_Reduce.Reduce/181, where GetParam() = (1280x1024, CV_16U, BGR, REDUCE_MAX, Cols)
[ PERFSTAT ]    (samples=13   mean=0.02   median=0.02   min=0.02   stddev=0.00 (2.2%))
[       OK ] Sz_Depth_Cn_Code_Dim_Reduce.Reduce/181 (7 ms)
[ RUN      ] Sz_Depth_Cn_Code_Dim_Reduce.Reduce/182, where GetParam() = (1280x1024, CV_16U, BGR, REDUCE_MIN, Rows)
[ PERFSTAT ]    (samples=13   mean=0.02   median=0.02   min=0.02   stddev=0.00 (0.9%))
[       OK ] Sz_Depth_Cn_Code_Dim_Reduce.Reduce/182 (7 ms)
[ RUN      ] Sz_Depth_Cn_Code_Dim_Reduce.Reduce/183, where GetParam() = (1280x1024, CV_16U, BGR, REDUCE_MIN, Cols)
[ PERFSTAT ]    (samples=13   mean=0.02   median=0.02   min=0.02   stddev=0.00 (2.0%))
[       OK ] Sz_Depth_Cn_Code_Dim_Reduce.Reduce/183 (7 ms)
[ RUN      ] Sz_Depth_Cn_Code_Dim_Reduce.Reduce/184, where GetParam() = (1280x1024, CV_16U, BGRA, REDUCE_SUM, Rows)
[ PERFSTAT ]    (samples=25   mean=0.02   median=0.02   min=0.02   stddev=0.00 (1.7%))
[       OK ] Sz_Depth_Cn_Code_Dim_Reduce.Reduce/184 (9 ms)
[ RUN      ] Sz_Depth_Cn_Code_Dim_Reduce.Reduce/185, where GetParam() = (1280x1024, CV_16U, BGRA, REDUCE_SUM, Cols)
[ PERFSTAT ]    (samples=13   mean=0.02   median=0.02   min=0.02   stddev=0.00 (1.8%))
[       OK ] Sz_Depth_Cn_Code_Dim_Reduce.Reduce/185 (9 ms)
[ RUN      ] Sz_Depth_Cn_Code_Dim_Reduce.Reduce/186, where GetParam() = (1280x1024, CV_16U, BGRA, REDUCE_AVG, Rows)
[ PERFSTAT ]    (samples=13   mean=0.02   median=0.02   min=0.02   stddev=0.00 (1.1%))
[       OK ] Sz_Depth_Cn_Code_Dim_Reduce.Reduce/186 (10 ms)
[ RUN      ] Sz_Depth_Cn_Code_Dim_Reduce.Reduce/187, where GetParam() = (1280x1024, CV_16U, BGRA, REDUCE_AVG, Cols)
[ PERFSTAT ]    (samples=13   mean=0.02   median=0.02   min=0.02   stddev=0.00 (2.9%))
[       OK ] Sz_Depth_Cn_Code_Dim_Reduce.Reduce/187 (9 ms)
[ RUN      ] Sz_Depth_Cn_Code_Dim_Reduce.Reduce/188, where GetParam() = (1280x1024, CV_16U, BGRA, REDUCE_MAX, Rows)
[ PERFSTAT ]    (samples=13   mean=0.02   median=0.02   min=0.02   stddev=0.00 (1.0%))
[       OK ] Sz_Depth_Cn_Code_Dim_Reduce.Reduce/188 (9 ms)
[ RUN      ] Sz_Depth_Cn_Code_Dim_Reduce.Reduce/189, where GetParam() = (1280x1024, CV_16U, BGRA, REDUCE_MAX, Cols)
[ PERFSTAT ]    (samples=13   mean=0.02   median=0.02   min=0.02   stddev=0.00 (1.6%))
[       OK ] Sz_Depth_Cn_Code_Dim_Reduce.Reduce/189 (9 ms)
[ RUN      ] Sz_Depth_Cn_Code_Dim_Reduce.Reduce/190, where GetParam() = (1280x1024, CV_16U, BGRA, REDUCE_MIN, Rows)
[ PERFSTAT ]    (samples=13   mean=0.02   median=0.02   min=0.02   stddev=0.00 (1.2%))
[       OK ] Sz_Depth_Cn_Code_Dim_Reduce.Reduce/190 (9 ms)
[ RUN      ] Sz_Depth_Cn_Code_Dim_Reduce.Reduce/191, where GetParam() = (1280x1024, CV_16U, BGRA, REDUCE_MIN, Cols)
[ PERFSTAT ]    (samples=13   mean=0.02   median=0.02   min=0.02   stddev=0.00 (1.2%))
[       OK ] Sz_Depth_Cn_Code_Dim_Reduce.Reduce/191 (9 ms)
[ RUN      ] Sz_Depth_Cn_Code_Dim_Reduce.Reduce/192, where GetParam() = (1280x1024, CV_16S, Gray, REDUCE_SUM, Rows)
[ PERFSTAT ]    (samples=13   mean=0.02   median=0.02   min=0.02   stddev=0.00 (1.0%))
[       OK ] Sz_Depth_Cn_Code_Dim_Reduce.Reduce/192 (3 ms)
[ RUN      ] Sz_Depth_Cn_Code_Dim_Reduce.Reduce/193, where GetParam() = (1280x1024, CV_16S, Gray, REDUCE_SUM, Cols)
[ PERFSTAT ]    (samples=13   mean=0.01   median=0.01   min=0.01   stddev=0.00 (2.0%))
[       OK ] Sz_Depth_Cn_Code_Dim_Reduce.Reduce/193 (3 ms)
[ RUN      ] Sz_Depth_Cn_Code_Dim_Reduce.Reduce/194, where GetParam() = (1280x1024, CV_16S, Gray, REDUCE_AVG, Rows)
[ PERFSTAT ]    (samples=13   mean=0.02   median=0.02   min=0.02   stddev=0.00 (1.4%))
[       OK ] Sz_Depth_Cn_Code_Dim_Reduce.Reduce/194 (3 ms)
[ RUN      ] Sz_Depth_Cn_Code_Dim_Reduce.Reduce/195, where GetParam() = (1280x1024, CV_16S, Gray, REDUCE_AVG, Cols)
[ PERFSTAT ]    (samples=13   mean=0.01   median=0.01   min=0.01   stddev=0.00 (2.1%))
[       OK ] Sz_Depth_Cn_Code_Dim_Reduce.Reduce/195 (3 ms)
[ RUN      ] Sz_Depth_Cn_Code_Dim_Reduce.Reduce/196, where GetParam() = (1280x1024, CV_16S, Gray, REDUCE_MAX, Rows)
[ PERFSTAT ]    (samples=13   mean=0.02   median=0.02   min=0.02   stddev=0.00 (1.8%))
[       OK ] Sz_Depth_Cn_Code_Dim_Reduce.Reduce/196 (4 ms)
[ RUN      ] Sz_Depth_Cn_Code_Dim_Reduce.Reduce/197, where GetParam() = (1280x1024, CV_16S, Gray, REDUCE_MAX, Cols)
[ PERFSTAT ]    (samples=13   mean=0.01   median=0.01   min=0.01   stddev=0.00 (2.0%))
[       OK ] Sz_Depth_Cn_Code_Dim_Reduce.Reduce/197 (3 ms)
[ RUN      ] Sz_Depth_Cn_Code_Dim_Reduce.Reduce/198, where GetParam() = (1280x1024, CV_16S, Gray, REDUCE_MIN, Rows)
[ PERFSTAT ]    (samples=13   mean=0.02   median=0.02   min=0.02   stddev=0.00 (2.3%))
[       OK ] Sz_Depth_Cn_Code_Dim_Reduce.Reduce/198 (3 ms)
[ RUN      ] Sz_Depth_Cn_Code_Dim_Reduce.Reduce/199, where GetParam() = (1280x1024, CV_16S, Gray, REDUCE_MIN, Cols)
[ PERFSTAT ]    (samples=13   mean=0.01   median=0.01   min=0.01   stddev=0.00 (2.4%))
[       OK ] Sz_Depth_Cn_Code_Dim_Reduce.Reduce/199 (3 ms)
[ RUN      ] Sz_Depth_Cn_Code_Dim_Reduce.Reduce/200, where GetParam() = (1280x1024, CV_16S, TwoChannel, REDUCE_SUM, Rows)
[ PERFSTAT ]    (samples=13   mean=0.02   median=0.02   min=0.02   stddev=0.00 (1.3%))
[       OK ] Sz_Depth_Cn_Code_Dim_Reduce.Reduce/200 (5 ms)
[ RUN      ] Sz_Depth_Cn_Code_Dim_Reduce.Reduce/201, where GetParam() = (1280x1024, CV_16S, TwoChannel, REDUCE_SUM, Cols)
[ PERFSTAT ]    (samples=13   mean=0.02   median=0.02   min=0.02   stddev=0.00 (1.5%))
[       OK ] Sz_Depth_Cn_Code_Dim_Reduce.Reduce/201 (5 ms)
[ RUN      ] Sz_Depth_Cn_Code_Dim_Reduce.Reduce/202, where GetParam() = (1280x1024, CV_16S, TwoChannel, REDUCE_AVG, Rows)
[ PERFSTAT ]    (samples=13   mean=0.02   median=0.02   min=0.02   stddev=0.00 (1.6%))
[       OK ] Sz_Depth_Cn_Code_Dim_Reduce.Reduce/202 (5 ms)
[ RUN      ] Sz_Depth_Cn_Code_Dim_Reduce.Reduce/203, where GetParam() = (1280x1024, CV_16S, TwoChannel, REDUCE_AVG, Cols)
[ PERFSTAT ]    (samples=13   mean=0.02   median=0.02   min=0.02   stddev=0.00 (2.8%))
[       OK ] Sz_Depth_Cn_Code_Dim_Reduce.Reduce/203 (5 ms)
[ RUN      ] Sz_Depth_Cn_Code_Dim_Reduce.Reduce/204, where GetParam() = (1280x1024, CV_16S, TwoChannel, REDUCE_MAX, Rows)
[ PERFSTAT ]    (samples=13   mean=0.02   median=0.02   min=0.02   stddev=0.00 (1.4%))
[       OK ] Sz_Depth_Cn_Code_Dim_Reduce.Reduce/204 (5 ms)
[ RUN      ] Sz_Depth_Cn_Code_Dim_Reduce.Reduce/205, where GetParam() = (1280x1024, CV_16S, TwoChannel, REDUCE_MAX, Cols)
[ PERFSTAT ]    (samples=25   mean=0.02   median=0.02   min=0.02   stddev=0.00 (1.5%))
[       OK ] Sz_Depth_Cn_Code_Dim_Reduce.Reduce/205 (5 ms)
[ RUN      ] Sz_Depth_Cn_Code_Dim_Reduce.Reduce/206, where GetParam() = (1280x1024, CV_16S, TwoChannel, REDUCE_MIN, Rows)
[ PERFSTAT ]    (samples=13   mean=0.02   median=0.02   min=0.02   stddev=0.00 (1.3%))
[       OK ] Sz_Depth_Cn_Code_Dim_Reduce.Reduce/206 (5 ms)
[ RUN      ] Sz_Depth_Cn_Code_Dim_Reduce.Reduce/207, where GetParam() = (1280x1024, CV_16S, TwoChannel, REDUCE_MIN, Cols)
[ PERFSTAT ]    (samples=13   mean=0.02   median=0.02   min=0.02   stddev=0.00 (1.9%))
[       OK ] Sz_Depth_Cn_Code_Dim_Reduce.Reduce/207 (5 ms)
[ RUN      ] Sz_Depth_Cn_Code_Dim_Reduce.Reduce/208, where GetParam() = (1280x1024, CV_16S, BGR, REDUCE_SUM, Rows)
[ PERFSTAT ]    (samples=13   mean=0.02   median=0.02   min=0.02   stddev=0.00 (2.0%))
[       OK ] Sz_Depth_Cn_Code_Dim_Reduce.Reduce/208 (7 ms)
[ RUN      ] Sz_Depth_Cn_Code_Dim_Reduce.Reduce/209, where GetParam() = (1280x1024, CV_16S, BGR, REDUCE_SUM, Cols)
[ PERFSTAT ]    (samples=13   mean=0.02   median=0.02   min=0.02   stddev=0.00 (2.2%))
[       OK ] Sz_Depth_Cn_Code_Dim_Reduce.Reduce/209 (8 ms)
[ RUN      ] Sz_Depth_Cn_Code_Dim_Reduce.Reduce/210, where GetParam() = (1280x1024, CV_16S, BGR, REDUCE_AVG, Rows)
[ PERFSTAT ]    (samples=13   mean=0.02   median=0.02   min=0.02   stddev=0.00 (1.1%))
[       OK ] Sz_Depth_Cn_Code_Dim_Reduce.Reduce/210 (7 ms)
[ RUN      ] Sz_Depth_Cn_Code_Dim_Reduce.Reduce/211, where GetParam() = (1280x1024, CV_16S, BGR, REDUCE_AVG, Cols)
[ PERFSTAT ]    (samples=13   mean=0.02   median=0.02   min=0.02   stddev=0.00 (1.6%))
[       OK ] Sz_Depth_Cn_Code_Dim_Reduce.Reduce/211 (7 ms)
[ RUN      ] Sz_Depth_Cn_Code_Dim_Reduce.Reduce/212, where GetParam() = (1280x1024, CV_16S, BGR, REDUCE_MAX, Rows)
[ PERFSTAT ]    (samples=25   mean=0.02   median=0.02   min=0.02   stddev=0.00 (2.2%))
[       OK ] Sz_Depth_Cn_Code_Dim_Reduce.Reduce/212 (7 ms)
[ RUN      ] Sz_Depth_Cn_Code_Dim_Reduce.Reduce/213, where GetParam() = (1280x1024, CV_16S, BGR, REDUCE_MAX, Cols)
[ PERFSTAT ]    (samples=13   mean=0.02   median=0.02   min=0.02   stddev=0.00 (1.5%))
[       OK ] Sz_Depth_Cn_Code_Dim_Reduce.Reduce/213 (7 ms)
[ RUN      ] Sz_Depth_Cn_Code_Dim_Reduce.Reduce/214, where GetParam() = (1280x1024, CV_16S, BGR, REDUCE_MIN, Rows)
[ PERFSTAT ]    (samples=25   mean=0.02   median=0.02   min=0.02   stddev=0.00 (1.2%))
[       OK ] Sz_Depth_Cn_Code_Dim_Reduce.Reduce/214 (7 ms)
[ RUN      ] Sz_Depth_Cn_Code_Dim_Reduce.Reduce/215, where GetParam() = (1280x1024, CV_16S, BGR, REDUCE_MIN, Cols)
[ PERFSTAT ]    (samples=20   mean=0.02   median=0.02   min=0.02   stddev=0.00 (3.0%))
[       OK ] Sz_Depth_Cn_Code_Dim_Reduce.Reduce/215 (8 ms)
[ RUN      ] Sz_Depth_Cn_Code_Dim_Reduce.Reduce/216, where GetParam() = (1280x1024, CV_16S, BGRA, REDUCE_SUM, Rows)
[ PERFSTAT ]    (samples=13   mean=0.02   median=0.02   min=0.02   stddev=0.00 (1.4%))
[       OK ] Sz_Depth_Cn_Code_Dim_Reduce.Reduce/216 (9 ms)
[ RUN      ] Sz_Depth_Cn_Code_Dim_Reduce.Reduce/217, where GetParam() = (1280x1024, CV_16S, BGRA, REDUCE_SUM, Cols)
[ PERFSTAT ]    (samples=13   mean=0.02   median=0.02   min=0.02   stddev=0.00 (1.7%))
[       OK ] Sz_Depth_Cn_Code_Dim_Reduce.Reduce/217 (9 ms)
[ RUN      ] Sz_Depth_Cn_Code_Dim_Reduce.Reduce/218, where GetParam() = (1280x1024, CV_16S, BGRA, REDUCE_AVG, Rows)
[ PERFSTAT ]    (samples=13   mean=0.02   median=0.02   min=0.02   stddev=0.00 (1.9%))
[       OK ] Sz_Depth_Cn_Code_Dim_Reduce.Reduce/218 (9 ms)
[ RUN      ] Sz_Depth_Cn_Code_Dim_Reduce.Reduce/219, where GetParam() = (1280x1024, CV_16S, BGRA, REDUCE_AVG, Cols)
[ PERFSTAT ]    (samples=13   mean=0.02   median=0.02   min=0.02   stddev=0.00 (1.4%))
[       OK ] Sz_Depth_Cn_Code_Dim_Reduce.Reduce/219 (9 ms)
[ RUN      ] Sz_Depth_Cn_Code_Dim_Reduce.Reduce/220, where GetParam() = (1280x1024, CV_16S, BGRA, REDUCE_MAX, Rows)
[ PERFSTAT ]    (samples=13   mean=0.02   median=0.02   min=0.02   stddev=0.00 (1.2%))
[       OK ] Sz_Depth_Cn_Code_Dim_Reduce.Reduce/220 (9 ms)
[ RUN      ] Sz_Depth_Cn_Code_Dim_Reduce.Reduce/221, where GetParam() = (1280x1024, CV_16S, BGRA, REDUCE_MAX, Cols)
[ PERFSTAT ]    (samples=13   mean=0.02   median=0.02   min=0.02   stddev=0.00 (2.3%))
[       OK ] Sz_Depth_Cn_Code_Dim_Reduce.Reduce/221 (11 ms)
[ RUN      ] Sz_Depth_Cn_Code_Dim_Reduce.Reduce/222, where GetParam() = (1280x1024, CV_16S, BGRA, REDUCE_MIN, Rows)
[ PERFSTAT ]    (samples=13   mean=0.02   median=0.02   min=0.02   stddev=0.00 (1.2%))
[       OK ] Sz_Depth_Cn_Code_Dim_Reduce.Reduce/222 (9 ms)
[ RUN      ] Sz_Depth_Cn_Code_Dim_Reduce.Reduce/223, where GetParam() = (1280x1024, CV_16S, BGRA, REDUCE_MIN, Cols)
[ PERFSTAT ]    (samples=13   mean=0.02   median=0.02   min=0.02   stddev=0.00 (2.4%))
[       OK ] Sz_Depth_Cn_Code_Dim_Reduce.Reduce/223 (9 ms)
[ RUN      ] Sz_Depth_Cn_Code_Dim_Reduce.Reduce/224, where GetParam() = (1280x1024, CV_32F, Gray, REDUCE_SUM, Rows)
[ PERFSTAT ]    (samples=13   mean=0.02   median=0.02   min=0.02   stddev=0.00 (2.1%))
[       OK ] Sz_Depth_Cn_Code_Dim_Reduce.Reduce/224 (3 ms)
[ RUN      ] Sz_Depth_Cn_Code_Dim_Reduce.Reduce/225, where GetParam() = (1280x1024, CV_32F, Gray, REDUCE_SUM, Cols)
[ PERFSTAT ]    (samples=13   mean=0.01   median=0.01   min=0.01   stddev=0.00 (2.1%))
[       OK ] Sz_Depth_Cn_Code_Dim_Reduce.Reduce/225 (3 ms)
[ RUN      ] Sz_Depth_Cn_Code_Dim_Reduce.Reduce/226, where GetParam() = (1280x1024, CV_32F, Gray, REDUCE_AVG, Rows)
[ PERFSTAT ]    (samples=13   mean=0.02   median=0.02   min=0.02   stddev=0.00 (1.6%))
[       OK ] Sz_Depth_Cn_Code_Dim_Reduce.Reduce/226 (4 ms)
[ RUN      ] Sz_Depth_Cn_Code_Dim_Reduce.Reduce/227, where GetParam() = (1280x1024, CV_32F, Gray, REDUCE_AVG, Cols)
[ PERFSTAT ]    (samples=13   mean=0.02   median=0.01   min=0.01   stddev=0.00 (1.6%))
[       OK ] Sz_Depth_Cn_Code_Dim_Reduce.Reduce/227 (3 ms)
[ RUN      ] Sz_Depth_Cn_Code_Dim_Reduce.Reduce/228, where GetParam() = (1280x1024, CV_32F, Gray, REDUCE_MAX, Rows)
[ PERFSTAT ]    (samples=13   mean=0.02   median=0.02   min=0.02   stddev=0.00 (1.8%))
[       OK ] Sz_Depth_Cn_Code_Dim_Reduce.Reduce/228 (3 ms)
[ RUN      ] Sz_Depth_Cn_Code_Dim_Reduce.Reduce/229, where GetParam() = (1280x1024, CV_32F, Gray, REDUCE_MAX, Cols)
[ PERFSTAT ]    (samples=25   mean=0.01   median=0.01   min=0.01   stddev=0.00 (1.5%))
[       OK ] Sz_Depth_Cn_Code_Dim_Reduce.Reduce/229 (3 ms)
[ RUN      ] Sz_Depth_Cn_Code_Dim_Reduce.Reduce/230, where GetParam() = (1280x1024, CV_32F, Gray, REDUCE_MIN, Rows)
[ PERFSTAT ]    (samples=13   mean=0.02   median=0.02   min=0.02   stddev=0.00 (1.2%))
[       OK ] Sz_Depth_Cn_Code_Dim_Reduce.Reduce/230 (3 ms)
[ RUN      ] Sz_Depth_Cn_Code_Dim_Reduce.Reduce/231, where GetParam() = (1280x1024, CV_32F, Gray, REDUCE_MIN, Cols)
[ PERFSTAT ]    (samples=13   mean=0.01   median=0.01   min=0.01   stddev=0.00 (2.8%))
[       OK ] Sz_Depth_Cn_Code_Dim_Reduce.Reduce/231 (4 ms)
[ RUN      ] Sz_Depth_Cn_Code_Dim_Reduce.Reduce/232, where GetParam() = (1280x1024, CV_32F, TwoChannel, REDUCE_SUM, Rows)
[ PERFSTAT ]    (samples=25   mean=0.02   median=0.02   min=0.02   stddev=0.00 (1.2%))
[       OK ] Sz_Depth_Cn_Code_Dim_Reduce.Reduce/232 (5 ms)
[ RUN      ] Sz_Depth_Cn_Code_Dim_Reduce.Reduce/233, where GetParam() = (1280x1024, CV_32F, TwoChannel, REDUCE_SUM, Cols)
[ PERFSTAT ]    (samples=13   mean=0.02   median=0.02   min=0.02   stddev=0.00 (1.7%))
[       OK ] Sz_Depth_Cn_Code_Dim_Reduce.Reduce/233 (6 ms)
[ RUN      ] Sz_Depth_Cn_Code_Dim_Reduce.Reduce/234, where GetParam() = (1280x1024, CV_32F, TwoChannel, REDUCE_AVG, Rows)
[ PERFSTAT ]    (samples=13   mean=0.02   median=0.02   min=0.02   stddev=0.00 (1.9%))
[       OK ] Sz_Depth_Cn_Code_Dim_Reduce.Reduce/234 (5 ms)
[ RUN      ] Sz_Depth_Cn_Code_Dim_Reduce.Reduce/235, where GetParam() = (1280x1024, CV_32F, TwoChannel, REDUCE_AVG, Cols)
[ PERFSTAT ]    (samples=13   mean=0.02   median=0.02   min=0.02   stddev=0.00 (1.5%))
[       OK ] Sz_Depth_Cn_Code_Dim_Reduce.Reduce/235 (5 ms)
[ RUN      ] Sz_Depth_Cn_Code_Dim_Reduce.Reduce/236, where GetParam() = (1280x1024, CV_32F, TwoChannel, REDUCE_MAX, Rows)
[ PERFSTAT ]    (samples=13   mean=0.02   median=0.02   min=0.02   stddev=0.00 (1.6%))
[       OK ] Sz_Depth_Cn_Code_Dim_Reduce.Reduce/236 (6 ms)
[ RUN      ] Sz_Depth_Cn_Code_Dim_Reduce.Reduce/237, where GetParam() = (1280x1024, CV_32F, TwoChannel, REDUCE_MAX, Cols)
[ PERFSTAT ]    (samples=25   mean=0.02   median=0.02   min=0.02   stddev=0.00 (1.5%))
[       OK ] Sz_Depth_Cn_Code_Dim_Reduce.Reduce/237 (5 ms)
[ RUN      ] Sz_Depth_Cn_Code_Dim_Reduce.Reduce/238, where GetParam() = (1280x1024, CV_32F, TwoChannel, REDUCE_MIN, Rows)
[ PERFSTAT ]    (samples=13   mean=0.02   median=0.02   min=0.02   stddev=0.00 (1.4%))
[       OK ] Sz_Depth_Cn_Code_Dim_Reduce.Reduce/238 (6 ms)
[ RUN      ] Sz_Depth_Cn_Code_Dim_Reduce.Reduce/239, where GetParam() = (1280x1024, CV_32F, TwoChannel, REDUCE_MIN, Cols)
[ PERFSTAT ]    (samples=13   mean=0.02   median=0.02   min=0.02   stddev=0.00 (1.5%))
[       OK ] Sz_Depth_Cn_Code_Dim_Reduce.Reduce/239 (5 ms)
[ RUN      ] Sz_Depth_Cn_Code_Dim_Reduce.Reduce/240, where GetParam() = (1280x1024, CV_32F, BGR, REDUCE_SUM, Rows)
[ PERFSTAT ]    (samples=13   mean=0.02   median=0.02   min=0.02   stddev=0.00 (2.6%))
[       OK ] Sz_Depth_Cn_Code_Dim_Reduce.Reduce/240 (9 ms)
[ RUN      ] Sz_Depth_Cn_Code_Dim_Reduce.Reduce/241, where GetParam() = (1280x1024, CV_32F, BGR, REDUCE_SUM, Cols)
[ PERFSTAT ]    (samples=13   mean=0.02   median=0.02   min=0.02   stddev=0.00 (2.0%))
[       OK ] Sz_Depth_Cn_Code_Dim_Reduce.Reduce/241 (8 ms)
[ RUN      ] Sz_Depth_Cn_Code_Dim_Reduce.Reduce/242, where GetParam() = (1280x1024, CV_32F, BGR, REDUCE_AVG, Rows)
[ PERFSTAT ]    (samples=13   mean=0.02   median=0.02   min=0.02   stddev=0.00 (2.4%))
[       OK ] Sz_Depth_Cn_Code_Dim_Reduce.Reduce/242 (9 ms)
[ RUN      ] Sz_Depth_Cn_Code_Dim_Reduce.Reduce/243, where GetParam() = (1280x1024, CV_32F, BGR, REDUCE_AVG, Cols)
[ PERFSTAT ]    (samples=13   mean=0.02   median=0.02   min=0.02   stddev=0.00 (1.5%))
[       OK ] Sz_Depth_Cn_Code_Dim_Reduce.Reduce/243 (8 ms)
[ RUN      ] Sz_Depth_Cn_Code_Dim_Reduce.Reduce/244, where GetParam() = (1280x1024, CV_32F, BGR, REDUCE_MAX, Rows)
[ PERFSTAT ]    (samples=25   mean=0.02   median=0.02   min=0.02   stddev=0.00 (2.0%))
[       OK ] Sz_Depth_Cn_Code_Dim_Reduce.Reduce/244 (9 ms)
[ RUN      ] Sz_Depth_Cn_Code_Dim_Reduce.Reduce/245, where GetParam() = (1280x1024, CV_32F, BGR, REDUCE_MAX, Cols)
[ PERFSTAT ]    (samples=13   mean=0.02   median=0.02   min=0.02   stddev=0.00 (1.8%))
[       OK ] Sz_Depth_Cn_Code_Dim_Reduce.Reduce/245 (8 ms)
[ RUN      ] Sz_Depth_Cn_Code_Dim_Reduce.Reduce/246, where GetParam() = (1280x1024, CV_32F, BGR, REDUCE_MIN, Rows)
[ PERFSTAT ]    (samples=25   mean=0.02   median=0.02   min=0.02   stddev=0.00 (2.6%))
[       OK ] Sz_Depth_Cn_Code_Dim_Reduce.Reduce/246 (9 ms)
[ RUN      ] Sz_Depth_Cn_Code_Dim_Reduce.Reduce/247, where GetParam() = (1280x1024, CV_32F, BGR, REDUCE_MIN, Cols)
[ PERFSTAT ]    (samples=13   mean=0.02   median=0.02   min=0.02   stddev=0.00 (1.9%))
[       OK ] Sz_Depth_Cn_Code_Dim_Reduce.Reduce/247 (8 ms)
[ RUN      ] Sz_Depth_Cn_Code_Dim_Reduce.Reduce/248, where GetParam() = (1280x1024, CV_32F, BGRA, REDUCE_SUM, Rows)
[ PERFSTAT ]    (samples=26   mean=0.02   median=0.02   min=0.02   stddev=0.00 (3.0%))
[       OK ] Sz_Depth_Cn_Code_Dim_Reduce.Reduce/248 (12 ms)
[ RUN      ] Sz_Depth_Cn_Code_Dim_Reduce.Reduce/249, where GetParam() = (1280x1024, CV_32F, BGRA, REDUCE_SUM, Cols)
[ PERFSTAT ]    (samples=13   mean=0.02   median=0.02   min=0.02   stddev=0.00 (1.1%))
[       OK ] Sz_Depth_Cn_Code_Dim_Reduce.Reduce/249 (12 ms)
[ RUN      ] Sz_Depth_Cn_Code_Dim_Reduce.Reduce/250, where GetParam() = (1280x1024, CV_32F, BGRA, REDUCE_AVG, Rows)
[ PERFSTAT ]    (samples=20   mean=0.02   median=0.02   min=0.02   stddev=0.00 (3.0%))
[       OK ] Sz_Depth_Cn_Code_Dim_Reduce.Reduce/250 (12 ms)
[ RUN      ] Sz_Depth_Cn_Code_Dim_Reduce.Reduce/251, where GetParam() = (1280x1024, CV_32F, BGRA, REDUCE_AVG, Cols)
[ PERFSTAT ]    (samples=13   mean=0.02   median=0.02   min=0.02   stddev=0.00 (2.1%))
[       OK ] Sz_Depth_Cn_Code_Dim_Reduce.Reduce/251 (12 ms)
[ RUN      ] Sz_Depth_Cn_Code_Dim_Reduce.Reduce/252, where GetParam() = (1280x1024, CV_32F, BGRA, REDUCE_MAX, Rows)
[ PERFSTAT ]    (samples=27   mean=0.02   median=0.02   min=0.02   stddev=0.00 (3.0%))
[       OK ] Sz_Depth_Cn_Code_Dim_Reduce.Reduce/252 (11 ms)
[ RUN      ] Sz_Depth_Cn_Code_Dim_Reduce.Reduce/253, where GetParam() = (1280x1024, CV_32F, BGRA, REDUCE_MAX, Cols)
[ PERFSTAT ]    (samples=13   mean=0.02   median=0.02   min=0.02   stddev=0.00 (2.8%))
[       OK ] Sz_Depth_Cn_Code_Dim_Reduce.Reduce/253 (12 ms)
[ RUN      ] Sz_Depth_Cn_Code_Dim_Reduce.Reduce/254, where GetParam() = (1280x1024, CV_32F, BGRA, REDUCE_MIN, Rows)
[ PERFSTAT ]    (samples=25   mean=0.02   median=0.02   min=0.02   stddev=0.00 (2.9%))
[       OK ] Sz_Depth_Cn_Code_Dim_Reduce.Reduce/254 (11 ms)
[ RUN      ] Sz_Depth_Cn_Code_Dim_Reduce.Reduce/255, where GetParam() = (1280x1024, CV_32F, BGRA, REDUCE_MIN, Cols)
[ PERFSTAT ]    (samples=13   mean=0.02   median=0.02   min=0.02   stddev=0.00 (2.8%))
[       OK ] Sz_Depth_Cn_Code_Dim_Reduce.Reduce/255 (11 ms)
[ RUN      ] Sz_Depth_Cn_Code_Dim_Reduce.Reduce/256, where GetParam() = (1920x1080, CV_8U, Gray, REDUCE_SUM, Rows)
[ PERFSTAT ]    (samples=13   mean=0.02   median=0.02   min=0.02   stddev=0.00 (1.6%))
[       OK ] Sz_Depth_Cn_Code_Dim_Reduce.Reduce/256 (3 ms)
[ RUN      ] Sz_Depth_Cn_Code_Dim_Reduce.Reduce/257, where GetParam() = (1920x1080, CV_8U, Gray, REDUCE_SUM, Cols)
[ PERFSTAT ]    (samples=25   mean=0.01   median=0.01   min=0.01   stddev=0.00 (2.0%))
[       OK ] Sz_Depth_Cn_Code_Dim_Reduce.Reduce/257 (3 ms)
[ RUN      ] Sz_Depth_Cn_Code_Dim_Reduce.Reduce/258, where GetParam() = (1920x1080, CV_8U, Gray, REDUCE_AVG, Rows)
[ PERFSTAT ]    (samples=13   mean=0.02   median=0.02   min=0.02   stddev=0.00 (0.9%))
[       OK ] Sz_Depth_Cn_Code_Dim_Reduce.Reduce/258 (3 ms)
[ RUN      ] Sz_Depth_Cn_Code_Dim_Reduce.Reduce/259, where GetParam() = (1920x1080, CV_8U, Gray, REDUCE_AVG, Cols)
[ PERFSTAT ]    (samples=13   mean=0.02   median=0.02   min=0.02   stddev=0.00 (2.8%))
[       OK ] Sz_Depth_Cn_Code_Dim_Reduce.Reduce/259 (2 ms)
[ RUN      ] Sz_Depth_Cn_Code_Dim_Reduce.Reduce/260, where GetParam() = (1920x1080, CV_8U, Gray, REDUCE_MAX, Rows)
[ PERFSTAT ]    (samples=13   mean=0.02   median=0.02   min=0.02   stddev=0.00 (1.3%))
[       OK ] Sz_Depth_Cn_Code_Dim_Reduce.Reduce/260 (3 ms)
[ RUN      ] Sz_Depth_Cn_Code_Dim_Reduce.Reduce/261, where GetParam() = (1920x1080, CV_8U, Gray, REDUCE_MAX, Cols)
[ PERFSTAT ]    (samples=25   mean=0.02   median=0.02   min=0.01   stddev=0.00 (2.9%))
[       OK ] Sz_Depth_Cn_Code_Dim_Reduce.Reduce/261 (3 ms)
[ RUN      ] Sz_Depth_Cn_Code_Dim_Reduce.Reduce/262, where GetParam() = (1920x1080, CV_8U, Gray, REDUCE_MIN, Rows)
[ PERFSTAT ]    (samples=13   mean=0.02   median=0.02   min=0.02   stddev=0.00 (1.1%))
[       OK ] Sz_Depth_Cn_Code_Dim_Reduce.Reduce/262 (3 ms)
[ RUN      ] Sz_Depth_Cn_Code_Dim_Reduce.Reduce/263, where GetParam() = (1920x1080, CV_8U, Gray, REDUCE_MIN, Cols)
[ PERFSTAT ]    (samples=23   mean=0.02   median=0.02   min=0.02   stddev=0.00 (3.0%))
[       OK ] Sz_Depth_Cn_Code_Dim_Reduce.Reduce/263 (2 ms)
[ RUN      ] Sz_Depth_Cn_Code_Dim_Reduce.Reduce/264, where GetParam() = (1920x1080, CV_8U, TwoChannel, REDUCE_SUM, Rows)
[ PERFSTAT ]    (samples=13   mean=0.02   median=0.02   min=0.02   stddev=0.00 (1.5%))
[       OK ] Sz_Depth_Cn_Code_Dim_Reduce.Reduce/264 (5 ms)
[ RUN      ] Sz_Depth_Cn_Code_Dim_Reduce.Reduce/265, where GetParam() = (1920x1080, CV_8U, TwoChannel, REDUCE_SUM, Cols)
[ PERFSTAT ]    (samples=13   mean=0.02   median=0.02   min=0.02   stddev=0.00 (2.7%))
[       OK ] Sz_Depth_Cn_Code_Dim_Reduce.Reduce/265 (4 ms)
[ RUN      ] Sz_Depth_Cn_Code_Dim_Reduce.Reduce/266, where GetParam() = (1920x1080, CV_8U, TwoChannel, REDUCE_AVG, Rows)
[ PERFSTAT ]    (samples=13   mean=0.02   median=0.02   min=0.02   stddev=0.00 (1.7%))
[       OK ] Sz_Depth_Cn_Code_Dim_Reduce.Reduce/266 (4 ms)
[ RUN      ] Sz_Depth_Cn_Code_Dim_Reduce.Reduce/267, where GetParam() = (1920x1080, CV_8U, TwoChannel, REDUCE_AVG, Cols)
[ PERFSTAT ]    (samples=13   mean=0.02   median=0.02   min=0.02   stddev=0.00 (1.7%))
[       OK ] Sz_Depth_Cn_Code_Dim_Reduce.Reduce/267 (4 ms)
[ RUN      ] Sz_Depth_Cn_Code_Dim_Reduce.Reduce/268, where GetParam() = (1920x1080, CV_8U, TwoChannel, REDUCE_MAX, Rows)
[ PERFSTAT ]    (samples=13   mean=0.02   median=0.02   min=0.02   stddev=0.00 (1.4%))
[       OK ] Sz_Depth_Cn_Code_Dim_Reduce.Reduce/268 (5 ms)
[ RUN      ] Sz_Depth_Cn_Code_Dim_Reduce.Reduce/269, where GetParam() = (1920x1080, CV_8U, TwoChannel, REDUCE_MAX, Cols)
[ PERFSTAT ]    (samples=13   mean=0.02   median=0.02   min=0.02   stddev=0.00 (1.8%))
[       OK ] Sz_Depth_Cn_Code_Dim_Reduce.Reduce/269 (4 ms)
[ RUN      ] Sz_Depth_Cn_Code_Dim_Reduce.Reduce/270, where GetParam() = (1920x1080, CV_8U, TwoChannel, REDUCE_MIN, Rows)
[ PERFSTAT ]    (samples=13   mean=0.02   median=0.02   min=0.02   stddev=0.00 (1.1%))
[       OK ] Sz_Depth_Cn_Code_Dim_Reduce.Reduce/270 (4 ms)
[ RUN      ] Sz_Depth_Cn_Code_Dim_Reduce.Reduce/271, where GetParam() = (1920x1080, CV_8U, TwoChannel, REDUCE_MIN, Cols)
[ PERFSTAT ]    (samples=13   mean=0.02   median=0.02   min=0.02   stddev=0.00 (2.1%))
[       OK ] Sz_Depth_Cn_Code_Dim_Reduce.Reduce/271 (4 ms)
[ RUN      ] Sz_Depth_Cn_Code_Dim_Reduce.Reduce/272, where GetParam() = (1920x1080, CV_8U, BGR, REDUCE_SUM, Rows)
[ PERFSTAT ]    (samples=25   mean=0.02   median=0.02   min=0.02   stddev=0.00 (1.2%))
[       OK ] Sz_Depth_Cn_Code_Dim_Reduce.Reduce/272 (6 ms)
[ RUN      ] Sz_Depth_Cn_Code_Dim_Reduce.Reduce/273, where GetParam() = (1920x1080, CV_8U, BGR, REDUCE_SUM, Cols)
[ PERFSTAT ]    (samples=13   mean=0.02   median=0.02   min=0.02   stddev=0.00 (1.8%))
[       OK ] Sz_Depth_Cn_Code_Dim_Reduce.Reduce/273 (6 ms)
[ RUN      ] Sz_Depth_Cn_Code_Dim_Reduce.Reduce/274, where GetParam() = (1920x1080, CV_8U, BGR, REDUCE_AVG, Rows)
[ PERFSTAT ]    (samples=13   mean=0.02   median=0.02   min=0.02   stddev=0.00 (2.2%))
[       OK ] Sz_Depth_Cn_Code_Dim_Reduce.Reduce/274 (6 ms)
[ RUN      ] Sz_Depth_Cn_Code_Dim_Reduce.Reduce/275, where GetParam() = (1920x1080, CV_8U, BGR, REDUCE_AVG, Cols)
[ PERFSTAT ]    (samples=13   mean=0.02   median=0.02   min=0.02   stddev=0.00 (1.7%))
[       OK ] Sz_Depth_Cn_Code_Dim_Reduce.Reduce/275 (6 ms)
[ RUN      ] Sz_Depth_Cn_Code_Dim_Reduce.Reduce/276, where GetParam() = (1920x1080, CV_8U, BGR, REDUCE_MAX, Rows)
[ PERFSTAT ]    (samples=25   mean=0.02   median=0.02   min=0.02   stddev=0.00 (1.3%))
[       OK ] Sz_Depth_Cn_Code_Dim_Reduce.Reduce/276 (6 ms)
[ RUN      ] Sz_Depth_Cn_Code_Dim_Reduce.Reduce/277, where GetParam() = (1920x1080, CV_8U, BGR, REDUCE_MAX, Cols)
[ PERFSTAT ]    (samples=13   mean=0.02   median=0.02   min=0.02   stddev=0.00 (2.4%))
[       OK ] Sz_Depth_Cn_Code_Dim_Reduce.Reduce/277 (6 ms)
[ RUN      ] Sz_Depth_Cn_Code_Dim_Reduce.Reduce/278, where GetParam() = (1920x1080, CV_8U, BGR, REDUCE_MIN, Rows)
[ PERFSTAT ]    (samples=13   mean=0.02   median=0.02   min=0.02   stddev=0.00 (2.0%))
[       OK ] Sz_Depth_Cn_Code_Dim_Reduce.Reduce/278 (6 ms)
[ RUN      ] Sz_Depth_Cn_Code_Dim_Reduce.Reduce/279, where GetParam() = (1920x1080, CV_8U, BGR, REDUCE_MIN, Cols)
[ PERFSTAT ]    (samples=13   mean=0.02   median=0.02   min=0.02   stddev=0.00 (2.0%))
[       OK ] Sz_Depth_Cn_Code_Dim_Reduce.Reduce/279 (6 ms)
[ RUN      ] Sz_Depth_Cn_Code_Dim_Reduce.Reduce/280, where GetParam() = (1920x1080, CV_8U, BGRA, REDUCE_SUM, Rows)
[ PERFSTAT ]    (samples=13   mean=0.03   median=0.03   min=0.02   stddev=0.00 (0.8%))
[       OK ] Sz_Depth_Cn_Code_Dim_Reduce.Reduce/280 (7 ms)
[ RUN      ] Sz_Depth_Cn_Code_Dim_Reduce.Reduce/281, where GetParam() = (1920x1080, CV_8U, BGRA, REDUCE_SUM, Cols)
[ PERFSTAT ]    (samples=13   mean=0.02   median=0.02   min=0.02   stddev=0.00 (2.4%))
[       OK ] Sz_Depth_Cn_Code_Dim_Reduce.Reduce/281 (7 ms)
[ RUN      ] Sz_Depth_Cn_Code_Dim_Reduce.Reduce/282, where GetParam() = (1920x1080, CV_8U, BGRA, REDUCE_AVG, Rows)
[ PERFSTAT ]    (samples=13   mean=0.03   median=0.03   min=0.02   stddev=0.00 (1.9%))
[       OK ] Sz_Depth_Cn_Code_Dim_Reduce.Reduce/282 (7 ms)
[ RUN      ] Sz_Depth_Cn_Code_Dim_Reduce.Reduce/283, where GetParam() = (1920x1080, CV_8U, BGRA, REDUCE_AVG, Cols)
[ PERFSTAT ]    (samples=13   mean=0.02   median=0.02   min=0.02   stddev=0.00 (1.6%))
[       OK ] Sz_Depth_Cn_Code_Dim_Reduce.Reduce/283 (8 ms)
[ RUN      ] Sz_Depth_Cn_Code_Dim_Reduce.Reduce/284, where GetParam() = (1920x1080, CV_8U, BGRA, REDUCE_MAX, Rows)
[ PERFSTAT ]    (samples=13   mean=0.02   median=0.02   min=0.02   stddev=0.00 (1.6%))
[       OK ] Sz_Depth_Cn_Code_Dim_Reduce.Reduce/284 (8 ms)
[ RUN      ] Sz_Depth_Cn_Code_Dim_Reduce.Reduce/285, where GetParam() = (1920x1080, CV_8U, BGRA, REDUCE_MAX, Cols)
[ PERFSTAT ]    (samples=13   mean=0.02   median=0.02   min=0.02   stddev=0.00 (1.7%))
[       OK ] Sz_Depth_Cn_Code_Dim_Reduce.Reduce/285 (8 ms)
[ RUN      ] Sz_Depth_Cn_Code_Dim_Reduce.Reduce/286, where GetParam() = (1920x1080, CV_8U, BGRA, REDUCE_MIN, Rows)
[ PERFSTAT ]    (samples=13   mean=0.02   median=0.02   min=0.02   stddev=0.00 (0.9%))
[       OK ] Sz_Depth_Cn_Code_Dim_Reduce.Reduce/286 (7 ms)
[ RUN      ] Sz_Depth_Cn_Code_Dim_Reduce.Reduce/287, where GetParam() = (1920x1080, CV_8U, BGRA, REDUCE_MIN, Cols)
[ PERFSTAT ]    (samples=13   mean=0.02   median=0.02   min=0.02   stddev=0.00 (2.3%))
[       OK ] Sz_Depth_Cn_Code_Dim_Reduce.Reduce/287 (8 ms)
[ RUN      ] Sz_Depth_Cn_Code_Dim_Reduce.Reduce/288, where GetParam() = (1920x1080, CV_16U, Gray, REDUCE_SUM, Rows)
[ PERFSTAT ]    (samples=25   mean=0.02   median=0.02   min=0.02   stddev=0.00 (1.3%))
[       OK ] Sz_Depth_Cn_Code_Dim_Reduce.Reduce/288 (4 ms)
[ RUN      ] Sz_Depth_Cn_Code_Dim_Reduce.Reduce/289, where GetParam() = (1920x1080, CV_16U, Gray, REDUCE_SUM, Cols)
[ PERFSTAT ]    (samples=13   mean=0.02   median=0.02   min=0.02   stddev=0.00 (2.4%))
[       OK ] Sz_Depth_Cn_Code_Dim_Reduce.Reduce/289 (4 ms)
[ RUN      ] Sz_Depth_Cn_Code_Dim_Reduce.Reduce/290, where GetParam() = (1920x1080, CV_16U, Gray, REDUCE_AVG, Rows)
[ PERFSTAT ]    (samples=13   mean=0.02   median=0.02   min=0.02   stddev=0.00 (1.1%))
[       OK ] Sz_Depth_Cn_Code_Dim_Reduce.Reduce/290 (5 ms)
[ RUN      ] Sz_Depth_Cn_Code_Dim_Reduce.Reduce/291, where GetParam() = (1920x1080, CV_16U, Gray, REDUCE_AVG, Cols)
[ PERFSTAT ]    (samples=13   mean=0.02   median=0.02   min=0.02   stddev=0.00 (2.0%))
[       OK ] Sz_Depth_Cn_Code_Dim_Reduce.Reduce/291 (4 ms)
[ RUN      ] Sz_Depth_Cn_Code_Dim_Reduce.Reduce/292, where GetParam() = (1920x1080, CV_16U, Gray, REDUCE_MAX, Rows)
[ PERFSTAT ]    (samples=25   mean=0.02   median=0.02   min=0.02   stddev=0.00 (1.4%))
[       OK ] Sz_Depth_Cn_Code_Dim_Reduce.Reduce/292 (4 ms)
[ RUN      ] Sz_Depth_Cn_Code_Dim_Reduce.Reduce/293, where GetParam() = (1920x1080, CV_16U, Gray, REDUCE_MAX, Cols)
[ PERFSTAT ]    (samples=13   mean=0.02   median=0.02   min=0.02   stddev=0.00 (2.9%))
[       OK ] Sz_Depth_Cn_Code_Dim_Reduce.Reduce/293 (5 ms)
[ RUN      ] Sz_Depth_Cn_Code_Dim_Reduce.Reduce/294, where GetParam() = (1920x1080, CV_16U, Gray, REDUCE_MIN, Rows)
[ PERFSTAT ]    (samples=13   mean=0.02   median=0.02   min=0.02   stddev=0.00 (1.5%))
[       OK ] Sz_Depth_Cn_Code_Dim_Reduce.Reduce/294 (4 ms)
[ RUN      ] Sz_Depth_Cn_Code_Dim_Reduce.Reduce/295, where GetParam() = (1920x1080, CV_16U, Gray, REDUCE_MIN, Cols)
[ PERFSTAT ]    (samples=13   mean=0.02   median=0.02   min=0.02   stddev=0.00 (2.7%))
[       OK ] Sz_Depth_Cn_Code_Dim_Reduce.Reduce/295 (4 ms)
[ RUN      ] Sz_Depth_Cn_Code_Dim_Reduce.Reduce/296, where GetParam() = (1920x1080, CV_16U, TwoChannel, REDUCE_SUM, Rows)
[ PERFSTAT ]    (samples=13   mean=0.02   median=0.02   min=0.02   stddev=0.00 (2.0%))
[       OK ] Sz_Depth_Cn_Code_Dim_Reduce.Reduce/296 (7 ms)
[ RUN      ] Sz_Depth_Cn_Code_Dim_Reduce.Reduce/297, where GetParam() = (1920x1080, CV_16U, TwoChannel, REDUCE_SUM, Cols)
[ PERFSTAT ]    (samples=13   mean=0.02   median=0.02   min=0.02   stddev=0.00 (2.8%))
[       OK ] Sz_Depth_Cn_Code_Dim_Reduce.Reduce/297 (7 ms)
[ RUN      ] Sz_Depth_Cn_Code_Dim_Reduce.Reduce/298, where GetParam() = (1920x1080, CV_16U, TwoChannel, REDUCE_AVG, Rows)
[ PERFSTAT ]    (samples=13   mean=0.02   median=0.02   min=0.02   stddev=0.00 (1.6%))
[       OK ] Sz_Depth_Cn_Code_Dim_Reduce.Reduce/298 (8 ms)
[ RUN      ] Sz_Depth_Cn_Code_Dim_Reduce.Reduce/299, where GetParam() = (1920x1080, CV_16U, TwoChannel, REDUCE_AVG, Cols)
[ PERFSTAT ]    (samples=13   mean=0.02   median=0.02   min=0.02   stddev=0.00 (1.8%))
[       OK ] Sz_Depth_Cn_Code_Dim_Reduce.Reduce/299 (7 ms)
[ RUN      ] Sz_Depth_Cn_Code_Dim_Reduce.Reduce/300, where GetParam() = (1920x1080, CV_16U, TwoChannel, REDUCE_MAX, Rows)
[ PERFSTAT ]    (samples=13   mean=0.02   median=0.02   min=0.02   stddev=0.00 (1.3%))
[       OK ] Sz_Depth_Cn_Code_Dim_Reduce.Reduce/300 (8 ms)
[ RUN      ] Sz_Depth_Cn_Code_Dim_Reduce.Reduce/301, where GetParam() = (1920x1080, CV_16U, TwoChannel, REDUCE_MAX, Cols)
[ PERFSTAT ]    (samples=13   mean=0.02   median=0.02   min=0.02   stddev=0.00 (2.4%))
[       OK ] Sz_Depth_Cn_Code_Dim_Reduce.Reduce/301 (7 ms)
[ RUN      ] Sz_Depth_Cn_Code_Dim_Reduce.Reduce/302, where GetParam() = (1920x1080, CV_16U, TwoChannel, REDUCE_MIN, Rows)
[ PERFSTAT ]    (samples=13   mean=0.02   median=0.02   min=0.02   stddev=0.00 (0.8%))
[       OK ] Sz_Depth_Cn_Code_Dim_Reduce.Reduce/302 (8 ms)
[ RUN      ] Sz_Depth_Cn_Code_Dim_Reduce.Reduce/303, where GetParam() = (1920x1080, CV_16U, TwoChannel, REDUCE_MIN, Cols)
[ PERFSTAT ]    (samples=17   mean=0.02   median=0.02   min=0.02   stddev=0.00 (2.9%))
[       OK ] Sz_Depth_Cn_Code_Dim_Reduce.Reduce/303 (7 ms)
[ RUN      ] Sz_Depth_Cn_Code_Dim_Reduce.Reduce/304, where GetParam() = (1920x1080, CV_16U, BGR, REDUCE_SUM, Rows)
[ PERFSTAT ]    (samples=13   mean=0.02   median=0.02   min=0.02   stddev=0.00 (1.9%))
[       OK ] Sz_Depth_Cn_Code_Dim_Reduce.Reduce/304 (11 ms)
[ RUN      ] Sz_Depth_Cn_Code_Dim_Reduce.Reduce/305, where GetParam() = (1920x1080, CV_16U, BGR, REDUCE_SUM, Cols)
[ PERFSTAT ]    (samples=13   mean=0.02   median=0.02   min=0.02   stddev=0.00 (2.4%))
[       OK ] Sz_Depth_Cn_Code_Dim_Reduce.Reduce/305 (11 ms)
[ RUN      ] Sz_Depth_Cn_Code_Dim_Reduce.Reduce/306, where GetParam() = (1920x1080, CV_16U, BGR, REDUCE_AVG, Rows)
[ PERFSTAT ]    (samples=13   mean=0.02   median=0.02   min=0.02   stddev=0.00 (1.6%))
[       OK ] Sz_Depth_Cn_Code_Dim_Reduce.Reduce/306 (11 ms)
[ RUN      ] Sz_Depth_Cn_Code_Dim_Reduce.Reduce/307, where GetParam() = (1920x1080, CV_16U, BGR, REDUCE_AVG, Cols)
[ PERFSTAT ]    (samples=13   mean=0.02   median=0.02   min=0.02   stddev=0.00 (1.6%))
[       OK ] Sz_Depth_Cn_Code_Dim_Reduce.Reduce/307 (11 ms)
[ RUN      ] Sz_Depth_Cn_Code_Dim_Reduce.Reduce/308, where GetParam() = (1920x1080, CV_16U, BGR, REDUCE_MAX, Rows)
[ PERFSTAT ]    (samples=13   mean=0.02   median=0.02   min=0.02   stddev=0.00 (2.2%))
[       OK ] Sz_Depth_Cn_Code_Dim_Reduce.Reduce/308 (11 ms)
[ RUN      ] Sz_Depth_Cn_Code_Dim_Reduce.Reduce/309, where GetParam() = (1920x1080, CV_16U, BGR, REDUCE_MAX, Cols)
[ PERFSTAT ]    (samples=25   mean=0.02   median=0.02   min=0.02   stddev=0.00 (2.0%))
[       OK ] Sz_Depth_Cn_Code_Dim_Reduce.Reduce/309 (12 ms)
[ RUN      ] Sz_Depth_Cn_Code_Dim_Reduce.Reduce/310, where GetParam() = (1920x1080, CV_16U, BGR, REDUCE_MIN, Rows)
[ PERFSTAT ]    (samples=13   mean=0.02   median=0.02   min=0.02   stddev=0.00 (1.2%))
[       OK ] Sz_Depth_Cn_Code_Dim_Reduce.Reduce/310 (12 ms)
[ RUN      ] Sz_Depth_Cn_Code_Dim_Reduce.Reduce/311, where GetParam() = (1920x1080, CV_16U, BGR, REDUCE_MIN, Cols)
[ PERFSTAT ]    (samples=13   mean=0.02   median=0.02   min=0.02   stddev=0.00 (1.9%))
[       OK ] Sz_Depth_Cn_Code_Dim_Reduce.Reduce/311 (11 ms)
[ RUN      ] Sz_Depth_Cn_Code_Dim_Reduce.Reduce/312, where GetParam() = (1920x1080, CV_16U, BGRA, REDUCE_SUM, Rows)
[ PERFSTAT ]    (samples=13   mean=0.02   median=0.02   min=0.02   stddev=0.00 (1.2%))
[       OK ] Sz_Depth_Cn_Code_Dim_Reduce.Reduce/312 (15 ms)
[ RUN      ] Sz_Depth_Cn_Code_Dim_Reduce.Reduce/313, where GetParam() = (1920x1080, CV_16U, BGRA, REDUCE_SUM, Cols)
[ PERFSTAT ]    (samples=14   mean=0.02   median=0.02   min=0.02   stddev=0.00 (2.9%))
[       OK ] Sz_Depth_Cn_Code_Dim_Reduce.Reduce/313 (14 ms)
[ RUN      ] Sz_Depth_Cn_Code_Dim_Reduce.Reduce/314, where GetParam() = (1920x1080, CV_16U, BGRA, REDUCE_AVG, Rows)
[ PERFSTAT ]    (samples=13   mean=0.02   median=0.02   min=0.02   stddev=0.00 (1.3%))
[       OK ] Sz_Depth_Cn_Code_Dim_Reduce.Reduce/314 (15 ms)
[ RUN      ] Sz_Depth_Cn_Code_Dim_Reduce.Reduce/315, where GetParam() = (1920x1080, CV_16U, BGRA, REDUCE_AVG, Cols)
[ PERFSTAT ]    (samples=13   mean=0.02   median=0.02   min=0.02   stddev=0.00 (1.9%))
[       OK ] Sz_Depth_Cn_Code_Dim_Reduce.Reduce/315 (15 ms)
[ RUN      ] Sz_Depth_Cn_Code_Dim_Reduce.Reduce/316, where GetParam() = (1920x1080, CV_16U, BGRA, REDUCE_MAX, Rows)
[ PERFSTAT ]    (samples=13   mean=0.02   median=0.02   min=0.02   stddev=0.00 (2.3%))
[       OK ] Sz_Depth_Cn_Code_Dim_Reduce.Reduce/316 (15 ms)
[ RUN      ] Sz_Depth_Cn_Code_Dim_Reduce.Reduce/317, where GetParam() = (1920x1080, CV_16U, BGRA, REDUCE_MAX, Cols)
[ PERFSTAT ]    (samples=13   mean=0.02   median=0.02   min=0.02   stddev=0.00 (2.7%))
[       OK ] Sz_Depth_Cn_Code_Dim_Reduce.Reduce/317 (15 ms)
[ RUN      ] Sz_Depth_Cn_Code_Dim_Reduce.Reduce/318, where GetParam() = (1920x1080, CV_16U, BGRA, REDUCE_MIN, Rows)
[ PERFSTAT ]    (samples=13   mean=0.02   median=0.02   min=0.02   stddev=0.00 (0.9%))
[       OK ] Sz_Depth_Cn_Code_Dim_Reduce.Reduce/318 (15 ms)
[ RUN      ] Sz_Depth_Cn_Code_Dim_Reduce.Reduce/319, where GetParam() = (1920x1080, CV_16U, BGRA, REDUCE_MIN, Cols)
[ PERFSTAT ]    (samples=13   mean=0.02   median=0.02   min=0.02   stddev=0.00 (1.7%))
[       OK ] Sz_Depth_Cn_Code_Dim_Reduce.Reduce/319 (14 ms)
[ RUN      ] Sz_Depth_Cn_Code_Dim_Reduce.Reduce/320, where GetParam() = (1920x1080, CV_16S, Gray, REDUCE_SUM, Rows)
[ PERFSTAT ]    (samples=13   mean=0.02   median=0.02   min=0.02   stddev=0.00 (1.3%))
[       OK ] Sz_Depth_Cn_Code_Dim_Reduce.Reduce/320 (5 ms)
[ RUN      ] Sz_Depth_Cn_Code_Dim_Reduce.Reduce/321, where GetParam() = (1920x1080, CV_16S, Gray, REDUCE_SUM, Cols)
[ PERFSTAT ]    (samples=13   mean=0.02   median=0.02   min=0.02   stddev=0.00 (2.1%))
[       OK ] Sz_Depth_Cn_Code_Dim_Reduce.Reduce/321 (4 ms)
[ RUN      ] Sz_Depth_Cn_Code_Dim_Reduce.Reduce/322, where GetParam() = (1920x1080, CV_16S, Gray, REDUCE_AVG, Rows)
[ PERFSTAT ]    (samples=13   mean=0.02   median=0.02   min=0.02   stddev=0.00 (1.3%))
[       OK ] Sz_Depth_Cn_Code_Dim_Reduce.Reduce/322 (4 ms)
[ RUN      ] Sz_Depth_Cn_Code_Dim_Reduce.Reduce/323, where GetParam() = (1920x1080, CV_16S, Gray, REDUCE_AVG, Cols)
[ PERFSTAT ]    (samples=13   mean=0.02   median=0.02   min=0.02   stddev=0.00 (2.0%))
[       OK ] Sz_Depth_Cn_Code_Dim_Reduce.Reduce/323 (4 ms)
[ RUN      ] Sz_Depth_Cn_Code_Dim_Reduce.Reduce/324, where GetParam() = (1920x1080, CV_16S, Gray, REDUCE_MAX, Rows)
[ PERFSTAT ]    (samples=13   mean=0.02   median=0.02   min=0.02   stddev=0.00 (2.2%))
[       OK ] Sz_Depth_Cn_Code_Dim_Reduce.Reduce/324 (5 ms)
[ RUN      ] Sz_Depth_Cn_Code_Dim_Reduce.Reduce/325, where GetParam() = (1920x1080, CV_16S, Gray, REDUCE_MAX, Cols)
[ PERFSTAT ]    (samples=13   mean=0.02   median=0.02   min=0.02   stddev=0.00 (2.1%))
[       OK ] Sz_Depth_Cn_Code_Dim_Reduce.Reduce/325 (4 ms)
[ RUN      ] Sz_Depth_Cn_Code_Dim_Reduce.Reduce/326, where GetParam() = (1920x1080, CV_16S, Gray, REDUCE_MIN, Rows)
[ PERFSTAT ]    (samples=13   mean=0.02   median=0.02   min=0.02   stddev=0.00 (1.3%))
[       OK ] Sz_Depth_Cn_Code_Dim_Reduce.Reduce/326 (4 ms)
[ RUN      ] Sz_Depth_Cn_Code_Dim_Reduce.Reduce/327, where GetParam() = (1920x1080, CV_16S, Gray, REDUCE_MIN, Cols)
[ PERFSTAT ]    (samples=25   mean=0.02   median=0.02   min=0.02   stddev=0.00 (1.8%))
[       OK ] Sz_Depth_Cn_Code_Dim_Reduce.Reduce/327 (4 ms)
[ RUN      ] Sz_Depth_Cn_Code_Dim_Reduce.Reduce/328, where GetParam() = (1920x1080, CV_16S, TwoChannel, REDUCE_SUM, Rows)
[ PERFSTAT ]    (samples=13   mean=0.02   median=0.02   min=0.02   stddev=0.00 (1.5%))
[       OK ] Sz_Depth_Cn_Code_Dim_Reduce.Reduce/328 (8 ms)
[ RUN      ] Sz_Depth_Cn_Code_Dim_Reduce.Reduce/329, where GetParam() = (1920x1080, CV_16S, TwoChannel, REDUCE_SUM, Cols)
[ PERFSTAT ]    (samples=13   mean=0.02   median=0.02   min=0.02   stddev=0.00 (2.3%))
[       OK ] Sz_Depth_Cn_Code_Dim_Reduce.Reduce/329 (7 ms)
[ RUN      ] Sz_Depth_Cn_Code_Dim_Reduce.Reduce/330, where GetParam() = (1920x1080, CV_16S, TwoChannel, REDUCE_AVG, Rows)
[ PERFSTAT ]    (samples=13   mean=0.02   median=0.02   min=0.02   stddev=0.00 (1.7%))
[       OK ] Sz_Depth_Cn_Code_Dim_Reduce.Reduce/330 (8 ms)
[ RUN      ] Sz_Depth_Cn_Code_Dim_Reduce.Reduce/331, where GetParam() = (1920x1080, CV_16S, TwoChannel, REDUCE_AVG, Cols)
[ PERFSTAT ]    (samples=25   mean=0.02   median=0.02   min=0.02   stddev=0.00 (1.7%))
[       OK ] Sz_Depth_Cn_Code_Dim_Reduce.Reduce/331 (7 ms)
[ RUN      ] Sz_Depth_Cn_Code_Dim_Reduce.Reduce/332, where GetParam() = (1920x1080, CV_16S, TwoChannel, REDUCE_MAX, Rows)
[ PERFSTAT ]    (samples=13   mean=0.02   median=0.02   min=0.02   stddev=0.00 (1.5%))
[       OK ] Sz_Depth_Cn_Code_Dim_Reduce.Reduce/332 (8 ms)
[ RUN      ] Sz_Depth_Cn_Code_Dim_Reduce.Reduce/333, where GetParam() = (1920x1080, CV_16S, TwoChannel, REDUCE_MAX, Cols)
[ PERFSTAT ]    (samples=13   mean=0.02   median=0.02   min=0.02   stddev=0.00 (2.0%))
[       OK ] Sz_Depth_Cn_Code_Dim_Reduce.Reduce/333 (7 ms)
[ RUN      ] Sz_Depth_Cn_Code_Dim_Reduce.Reduce/334, where GetParam() = (1920x1080, CV_16S, TwoChannel, REDUCE_MIN, Rows)
[ PERFSTAT ]    (samples=38   mean=0.02   median=0.02   min=0.02   stddev=0.00 (2.4%))
[       OK ] Sz_Depth_Cn_Code_Dim_Reduce.Reduce/334 (8 ms)
[ RUN      ] Sz_Depth_Cn_Code_Dim_Reduce.Reduce/335, where GetParam() = (1920x1080, CV_16S, TwoChannel, REDUCE_MIN, Cols)
[ PERFSTAT ]    (samples=22   mean=0.02   median=0.02   min=0.02   stddev=0.00 (3.0%))
[       OK ] Sz_Depth_Cn_Code_Dim_Reduce.Reduce/335 (8 ms)
[ RUN      ] Sz_Depth_Cn_Code_Dim_Reduce.Reduce/336, where GetParam() = (1920x1080, CV_16S, BGR, REDUCE_SUM, Rows)
[ PERFSTAT ]    (samples=13   mean=0.02   median=0.02   min=0.02   stddev=0.00 (2.1%))
[       OK ] Sz_Depth_Cn_Code_Dim_Reduce.Reduce/336 (11 ms)
[ RUN      ] Sz_Depth_Cn_Code_Dim_Reduce.Reduce/337, where GetParam() = (1920x1080, CV_16S, BGR, REDUCE_SUM, Cols)
[ PERFSTAT ]    (samples=13   mean=0.02   median=0.02   min=0.02   stddev=0.00 (2.5%))
[       OK ] Sz_Depth_Cn_Code_Dim_Reduce.Reduce/337 (11 ms)
[ RUN      ] Sz_Depth_Cn_Code_Dim_Reduce.Reduce/338, where GetParam() = (1920x1080, CV_16S, BGR, REDUCE_AVG, Rows)
[ PERFSTAT ]    (samples=13   mean=0.02   median=0.02   min=0.02   stddev=0.00 (1.7%))
[       OK ] Sz_Depth_Cn_Code_Dim_Reduce.Reduce/338 (10 ms)
[ RUN      ] Sz_Depth_Cn_Code_Dim_Reduce.Reduce/339, where GetParam() = (1920x1080, CV_16S, BGR, REDUCE_AVG, Cols)
[ PERFSTAT ]    (samples=13   mean=0.02   median=0.02   min=0.02   stddev=0.00 (1.5%))
[       OK ] Sz_Depth_Cn_Code_Dim_Reduce.Reduce/339 (11 ms)
[ RUN      ] Sz_Depth_Cn_Code_Dim_Reduce.Reduce/340, where GetParam() = (1920x1080, CV_16S, BGR, REDUCE_MAX, Rows)
[ PERFSTAT ]    (samples=13   mean=0.02   median=0.02   min=0.02   stddev=0.00 (1.8%))
[       OK ] Sz_Depth_Cn_Code_Dim_Reduce.Reduce/340 (11 ms)
[ RUN      ] Sz_Depth_Cn_Code_Dim_Reduce.Reduce/341, where GetParam() = (1920x1080, CV_16S, BGR, REDUCE_MAX, Cols)
[ PERFSTAT ]    (samples=20   mean=0.02   median=0.02   min=0.02   stddev=0.00 (2.9%))
[       OK ] Sz_Depth_Cn_Code_Dim_Reduce.Reduce/341 (11 ms)
[ RUN      ] Sz_Depth_Cn_Code_Dim_Reduce.Reduce/342, where GetParam() = (1920x1080, CV_16S, BGR, REDUCE_MIN, Rows)
[ PERFSTAT ]    (samples=13   mean=0.02   median=0.02   min=0.02   stddev=0.00 (1.5%))
[       OK ] Sz_Depth_Cn_Code_Dim_Reduce.Reduce/342 (11 ms)
[ RUN      ] Sz_Depth_Cn_Code_Dim_Reduce.Reduce/343, where GetParam() = (1920x1080, CV_16S, BGR, REDUCE_MIN, Cols)
[ PERFSTAT ]    (samples=13   mean=0.02   median=0.02   min=0.02   stddev=0.00 (1.6%))
[       OK ] Sz_Depth_Cn_Code_Dim_Reduce.Reduce/343 (11 ms)
[ RUN      ] Sz_Depth_Cn_Code_Dim_Reduce.Reduce/344, where GetParam() = (1920x1080, CV_16S, BGRA, REDUCE_SUM, Rows)
[ PERFSTAT ]    (samples=13   mean=0.02   median=0.02   min=0.02   stddev=0.00 (1.4%))
[       OK ] Sz_Depth_Cn_Code_Dim_Reduce.Reduce/344 (15 ms)
[ RUN      ] Sz_Depth_Cn_Code_Dim_Reduce.Reduce/345, where GetParam() = (1920x1080, CV_16S, BGRA, REDUCE_SUM, Cols)
[ PERFSTAT ]    (samples=13   mean=0.02   median=0.02   min=0.02   stddev=0.00 (2.6%))
[       OK ] Sz_Depth_Cn_Code_Dim_Reduce.Reduce/345 (14 ms)
[ RUN      ] Sz_Depth_Cn_Code_Dim_Reduce.Reduce/346, where GetParam() = (1920x1080, CV_16S, BGRA, REDUCE_AVG, Rows)
[ PERFSTAT ]    (samples=25   mean=0.02   median=0.02   min=0.02   stddev=0.00 (1.9%))
[       OK ] Sz_Depth_Cn_Code_Dim_Reduce.Reduce/346 (16 ms)
[ RUN      ] Sz_Depth_Cn_Code_Dim_Reduce.Reduce/347, where GetParam() = (1920x1080, CV_16S, BGRA, REDUCE_AVG, Cols)
[ PERFSTAT ]    (samples=25   mean=0.02   median=0.02   min=0.02   stddev=0.00 (1.6%))
[       OK ] Sz_Depth_Cn_Code_Dim_Reduce.Reduce/347 (15 ms)
[ RUN      ] Sz_Depth_Cn_Code_Dim_Reduce.Reduce/348, where GetParam() = (1920x1080, CV_16S, BGRA, REDUCE_MAX, Rows)
[ PERFSTAT ]    (samples=13   mean=0.02   median=0.02   min=0.02   stddev=0.00 (1.6%))
[       OK ] Sz_Depth_Cn_Code_Dim_Reduce.Reduce/348 (14 ms)
[ RUN      ] Sz_Depth_Cn_Code_Dim_Reduce.Reduce/349, where GetParam() = (1920x1080, CV_16S, BGRA, REDUCE_MAX, Cols)
[ PERFSTAT ]    (samples=25   mean=0.02   median=0.02   min=0.02   stddev=0.00 (2.1%))
[       OK ] Sz_Depth_Cn_Code_Dim_Reduce.Reduce/349 (15 ms)
[ RUN      ] Sz_Depth_Cn_Code_Dim_Reduce.Reduce/350, where GetParam() = (1920x1080, CV_16S, BGRA, REDUCE_MIN, Rows)
[ PERFSTAT ]    (samples=13   mean=0.02   median=0.02   min=0.02   stddev=0.00 (1.9%))
[       OK ] Sz_Depth_Cn_Code_Dim_Reduce.Reduce/350 (14 ms)
[ RUN      ] Sz_Depth_Cn_Code_Dim_Reduce.Reduce/351, where GetParam() = (1920x1080, CV_16S, BGRA, REDUCE_MIN, Cols)
[ PERFSTAT ]    (samples=25   mean=0.02   median=0.02   min=0.02   stddev=0.00 (1.7%))
[       OK ] Sz_Depth_Cn_Code_Dim_Reduce.Reduce/351 (14 ms)
[ RUN      ] Sz_Depth_Cn_Code_Dim_Reduce.Reduce/352, where GetParam() = (1920x1080, CV_32F, Gray, REDUCE_SUM, Rows)
[ PERFSTAT ]    (samples=13   mean=0.02   median=0.02   min=0.02   stddev=0.00 (1.1%))
[       OK ] Sz_Depth_Cn_Code_Dim_Reduce.Reduce/352 (5 ms)
[ RUN      ] Sz_Depth_Cn_Code_Dim_Reduce.Reduce/353, where GetParam() = (1920x1080, CV_32F, Gray, REDUCE_SUM, Cols)
[ PERFSTAT ]    (samples=25   mean=0.02   median=0.02   min=0.02   stddev=0.00 (1.7%))
[       OK ] Sz_Depth_Cn_Code_Dim_Reduce.Reduce/353 (4 ms)
[ RUN      ] Sz_Depth_Cn_Code_Dim_Reduce.Reduce/354, where GetParam() = (1920x1080, CV_32F, Gray, REDUCE_AVG, Rows)
[ PERFSTAT ]    (samples=13   mean=0.02   median=0.02   min=0.02   stddev=0.00 (1.5%))
[       OK ] Sz_Depth_Cn_Code_Dim_Reduce.Reduce/354 (5 ms)
[ RUN      ] Sz_Depth_Cn_Code_Dim_Reduce.Reduce/355, where GetParam() = (1920x1080, CV_32F, Gray, REDUCE_AVG, Cols)
[ PERFSTAT ]    (samples=13   mean=0.02   median=0.02   min=0.02   stddev=0.00 (2.5%))
[       OK ] Sz_Depth_Cn_Code_Dim_Reduce.Reduce/355 (4 ms)
[ RUN      ] Sz_Depth_Cn_Code_Dim_Reduce.Reduce/356, where GetParam() = (1920x1080, CV_32F, Gray, REDUCE_MAX, Rows)
[ PERFSTAT ]    (samples=13   mean=0.02   median=0.02   min=0.02   stddev=0.00 (1.5%))
[       OK ] Sz_Depth_Cn_Code_Dim_Reduce.Reduce/356 (5 ms)
[ RUN      ] Sz_Depth_Cn_Code_Dim_Reduce.Reduce/357, where GetParam() = (1920x1080, CV_32F, Gray, REDUCE_MAX, Cols)
[ PERFSTAT ]    (samples=25   mean=0.02   median=0.02   min=0.02   stddev=0.00 (2.0%))
[       OK ] Sz_Depth_Cn_Code_Dim_Reduce.Reduce/357 (4 ms)
[ RUN      ] Sz_Depth_Cn_Code_Dim_Reduce.Reduce/358, where GetParam() = (1920x1080, CV_32F, Gray, REDUCE_MIN, Rows)
[ PERFSTAT ]    (samples=13   mean=0.02   median=0.02   min=0.02   stddev=0.00 (1.1%))
[       OK ] Sz_Depth_Cn_Code_Dim_Reduce.Reduce/358 (5 ms)
[ RUN      ] Sz_Depth_Cn_Code_Dim_Reduce.Reduce/359, where GetParam() = (1920x1080, CV_32F, Gray, REDUCE_MIN, Cols)
[ PERFSTAT ]    (samples=13   mean=0.02   median=0.02   min=0.02   stddev=0.00 (1.9%))
[       OK ] Sz_Depth_Cn_Code_Dim_Reduce.Reduce/359 (4 ms)
[ RUN      ] Sz_Depth_Cn_Code_Dim_Reduce.Reduce/360, where GetParam() = (1920x1080, CV_32F, TwoChannel, REDUCE_SUM, Rows)
[ PERFSTAT ]    (samples=13   mean=0.02   median=0.02   min=0.02   stddev=0.00 (2.1%))
[       OK ] Sz_Depth_Cn_Code_Dim_Reduce.Reduce/360 (9 ms)
[ RUN      ] Sz_Depth_Cn_Code_Dim_Reduce.Reduce/361, where GetParam() = (1920x1080, CV_32F, TwoChannel, REDUCE_SUM, Cols)
[ PERFSTAT ]    (samples=13   mean=0.02   median=0.02   min=0.02   stddev=0.00 (2.9%))
[       OK ] Sz_Depth_Cn_Code_Dim_Reduce.Reduce/361 (9 ms)
[ RUN      ] Sz_Depth_Cn_Code_Dim_Reduce.Reduce/362, where GetParam() = (1920x1080, CV_32F, TwoChannel, REDUCE_AVG, Rows)
[ PERFSTAT ]    (samples=13   mean=0.02   median=0.02   min=0.02   stddev=0.00 (1.2%))
[       OK ] Sz_Depth_Cn_Code_Dim_Reduce.Reduce/362 (9 ms)
[ RUN      ] Sz_Depth_Cn_Code_Dim_Reduce.Reduce/363, where GetParam() = (1920x1080, CV_32F, TwoChannel, REDUCE_AVG, Cols)
[ PERFSTAT ]    (samples=13   mean=0.02   median=0.02   min=0.02   stddev=0.00 (2.0%))
[       OK ] Sz_Depth_Cn_Code_Dim_Reduce.Reduce/363 (9 ms)
[ RUN      ] Sz_Depth_Cn_Code_Dim_Reduce.Reduce/364, where GetParam() = (1920x1080, CV_32F, TwoChannel, REDUCE_MAX, Rows)
[ PERFSTAT ]    (samples=13   mean=0.02   median=0.02   min=0.02   stddev=0.00 (1.4%))
[       OK ] Sz_Depth_Cn_Code_Dim_Reduce.Reduce/364 (9 ms)
[ RUN      ] Sz_Depth_Cn_Code_Dim_Reduce.Reduce/365, where GetParam() = (1920x1080, CV_32F, TwoChannel, REDUCE_MAX, Cols)
[ PERFSTAT ]    (samples=13   mean=0.02   median=0.02   min=0.02   stddev=0.00 (2.9%))
[       OK ] Sz_Depth_Cn_Code_Dim_Reduce.Reduce/365 (9 ms)
[ RUN      ] Sz_Depth_Cn_Code_Dim_Reduce.Reduce/366, where GetParam() = (1920x1080, CV_32F, TwoChannel, REDUCE_MIN, Rows)
[ PERFSTAT ]    (samples=13   mean=0.02   median=0.02   min=0.02   stddev=0.00 (1.3%))
[       OK ] Sz_Depth_Cn_Code_Dim_Reduce.Reduce/366 (9 ms)
[ RUN      ] Sz_Depth_Cn_Code_Dim_Reduce.Reduce/367, where GetParam() = (1920x1080, CV_32F, TwoChannel, REDUCE_MIN, Cols)
[ PERFSTAT ]    (samples=13   mean=0.02   median=0.02   min=0.02   stddev=0.00 (2.1%))
[       OK ] Sz_Depth_Cn_Code_Dim_Reduce.Reduce/367 (9 ms)
[ RUN      ] Sz_Depth_Cn_Code_Dim_Reduce.Reduce/368, where GetParam() = (1920x1080, CV_32F, BGR, REDUCE_SUM, Rows)
[ PERFSTAT ]    (samples=25   mean=0.03   median=0.03   min=0.03   stddev=0.00 (1.4%))
[       OK ] Sz_Depth_Cn_Code_Dim_Reduce.Reduce/368 (14 ms)
[ RUN      ] Sz_Depth_Cn_Code_Dim_Reduce.Reduce/369, where GetParam() = (1920x1080, CV_32F, BGR, REDUCE_SUM, Cols)
[ PERFSTAT ]    (samples=13   mean=0.02   median=0.02   min=0.02   stddev=0.00 (2.7%))
[       OK ] Sz_Depth_Cn_Code_Dim_Reduce.Reduce/369 (13 ms)
[ RUN      ] Sz_Depth_Cn_Code_Dim_Reduce.Reduce/370, where GetParam() = (1920x1080, CV_32F, BGR, REDUCE_AVG, Rows)
[ PERFSTAT ]    (samples=38   mean=0.03   median=0.03   min=0.03   stddev=0.00 (1.3%))
[       OK ] Sz_Depth_Cn_Code_Dim_Reduce.Reduce/370 (14 ms)
[ RUN      ] Sz_Depth_Cn_Code_Dim_Reduce.Reduce/371, where GetParam() = (1920x1080, CV_32F, BGR, REDUCE_AVG, Cols)
[ PERFSTAT ]    (samples=13   mean=0.02   median=0.02   min=0.02   stddev=0.00 (2.7%))
[       OK ] Sz_Depth_Cn_Code_Dim_Reduce.Reduce/371 (14 ms)
[ RUN      ] Sz_Depth_Cn_Code_Dim_Reduce.Reduce/372, where GetParam() = (1920x1080, CV_32F, BGR, REDUCE_MAX, Rows)
[ PERFSTAT ]    (samples=38   mean=0.03   median=0.03   min=0.03   stddev=0.00 (1.9%))
[       OK ] Sz_Depth_Cn_Code_Dim_Reduce.Reduce/372 (14 ms)
[ RUN      ] Sz_Depth_Cn_Code_Dim_Reduce.Reduce/373, where GetParam() = (1920x1080, CV_32F, BGR, REDUCE_MAX, Cols)
[ PERFSTAT ]    (samples=25   mean=0.02   median=0.02   min=0.02   stddev=0.00 (1.8%))
[       OK ] Sz_Depth_Cn_Code_Dim_Reduce.Reduce/373 (14 ms)
[ RUN      ] Sz_Depth_Cn_Code_Dim_Reduce.Reduce/374, where GetParam() = (1920x1080, CV_32F, BGR, REDUCE_MIN, Rows)
[ PERFSTAT ]    (samples=25   mean=0.03   median=0.03   min=0.03   stddev=0.00 (1.4%))
[       OK ] Sz_Depth_Cn_Code_Dim_Reduce.Reduce/374 (14 ms)
[ RUN      ] Sz_Depth_Cn_Code_Dim_Reduce.Reduce/375, where GetParam() = (1920x1080, CV_32F, BGR, REDUCE_MIN, Cols)
[ PERFSTAT ]    (samples=13   mean=0.02   median=0.02   min=0.02   stddev=0.00 (1.7%))
[       OK ] Sz_Depth_Cn_Code_Dim_Reduce.Reduce/375 (13 ms)
[ RUN      ] Sz_Depth_Cn_Code_Dim_Reduce.Reduce/376, where GetParam() = (1920x1080, CV_32F, BGRA, REDUCE_SUM, Rows)
[ PERFSTAT ]    (samples=22   mean=0.04   median=0.04   min=0.04   stddev=0.00 (3.0%))
[       OK ] Sz_Depth_Cn_Code_Dim_Reduce.Reduce/376 (19 ms)
[ RUN      ] Sz_Depth_Cn_Code_Dim_Reduce.Reduce/377, where GetParam() = (1920x1080, CV_32F, BGRA, REDUCE_SUM, Cols)
[ PERFSTAT ]    (samples=50   mean=0.03   median=0.03   min=0.03   stddev=0.00 (2.4%))
[       OK ] Sz_Depth_Cn_Code_Dim_Reduce.Reduce/377 (19 ms)
[ RUN      ] Sz_Depth_Cn_Code_Dim_Reduce.Reduce/378, where GetParam() = (1920x1080, CV_32F, BGRA, REDUCE_AVG, Rows)
[ PERFSTAT ]    (samples=25   mean=0.04   median=0.04   min=0.04   stddev=0.00 (0.9%))
[       OK ] Sz_Depth_Cn_Code_Dim_Reduce.Reduce/378 (18 ms)
[ RUN      ] Sz_Depth_Cn_Code_Dim_Reduce.Reduce/379, where GetParam() = (1920x1080, CV_32F, BGRA, REDUCE_AVG, Cols)
[ PERFSTAT ]    (samples=45   mean=0.03   median=0.03   min=0.03   stddev=0.00 (3.0%))
[       OK ] Sz_Depth_Cn_Code_Dim_Reduce.Reduce/379 (18 ms)
[ RUN      ] Sz_Depth_Cn_Code_Dim_Reduce.Reduce/380, where GetParam() = (1920x1080, CV_32F, BGRA, REDUCE_MAX, Rows)
[ PERFSTAT ]    (samples=25   mean=0.04   median=0.04   min=0.04   stddev=0.00 (1.1%))
[       OK ] Sz_Depth_Cn_Code_Dim_Reduce.Reduce/380 (18 ms)
[ RUN      ] Sz_Depth_Cn_Code_Dim_Reduce.Reduce/381, where GetParam() = (1920x1080, CV_32F, BGRA, REDUCE_MAX, Cols)
[ PERFSTAT ]    (samples=38   mean=0.03   median=0.03   min=0.03   stddev=0.00 (2.7%))
[       OK ] Sz_Depth_Cn_Code_Dim_Reduce.Reduce/381 (18 ms)
[ RUN      ] Sz_Depth_Cn_Code_Dim_Reduce.Reduce/382, where GetParam() = (1920x1080, CV_32F, BGRA, REDUCE_MIN, Rows)
[ PERFSTAT ]    (samples=26   mean=0.04   median=0.04   min=0.04   stddev=0.00 (3.0%))
[       OK ] Sz_Depth_Cn_Code_Dim_Reduce.Reduce/382 (18 ms)
[ RUN      ] Sz_Depth_Cn_Code_Dim_Reduce.Reduce/383, where GetParam() = (1920x1080, CV_32F, BGRA, REDUCE_MIN, Cols)
[ PERFSTAT ]    (samples=38   mean=0.03   median=0.03   min=0.03   stddev=0.00 (2.9%))
[       OK ] Sz_Depth_Cn_Code_Dim_Reduce.Reduce/383 (18 ms)
[----------] 384 tests from Sz_Depth_Cn_Code_Dim_Reduce (2450 ms total)

[----------] 48 tests from Sz_Depth_NormType_Normalize
[ RUN      ] Sz_Depth_NormType_Normalize.Normalize/0, where GetParam() = (1280x720, CV_8U, NORM_INF)
[ PERFSTAT ]    (samples=25   mean=0.43   median=0.43   min=0.42   stddev=0.01 (1.2%))
[       OK ] Sz_Depth_NormType_Normalize.Normalize/0 (20 ms)
[ RUN      ] Sz_Depth_NormType_Normalize.Normalize/1, where GetParam() = (1280x720, CV_8U, NORM_L1)
[ PERFSTAT ]    (samples=13   mean=0.42   median=0.42   min=0.41   stddev=0.00 (0.9%))
[       OK ] Sz_Depth_NormType_Normalize.Normalize/1 (7 ms)
[ RUN      ] Sz_Depth_NormType_Normalize.Normalize/2, where GetParam() = (1280x720, CV_8U, NORM_L2)
[ PERFSTAT ]    (samples=13   mean=0.42   median=0.42   min=0.41   stddev=0.00 (0.7%))
[       OK ] Sz_Depth_NormType_Normalize.Normalize/2 (8 ms)
[ RUN      ] Sz_Depth_NormType_Normalize.Normalize/3, where GetParam() = (1280x720, CV_8U, NORM_MINMAX)
[ PERFSTAT ]    (samples=13   mean=0.44   median=0.44   min=0.44   stddev=0.01 (1.5%))
[       OK ] Sz_Depth_NormType_Normalize.Normalize/3 (7 ms)
[ RUN      ] Sz_Depth_NormType_Normalize.Normalize/4, where GetParam() = (1280x720, CV_16U, NORM_INF)
[ PERFSTAT ]    (samples=13   mean=0.43   median=0.43   min=0.42   stddev=0.00 (0.9%))
[       OK ] Sz_Depth_NormType_Normalize.Normalize/4 (8 ms)
[ RUN      ] Sz_Depth_NormType_Normalize.Normalize/5, where GetParam() = (1280x720, CV_16U, NORM_L1)
[ PERFSTAT ]    (samples=13   mean=0.42   median=0.42   min=0.41   stddev=0.00 (1.0%))
[       OK ] Sz_Depth_NormType_Normalize.Normalize/5 (8 ms)
[ RUN      ] Sz_Depth_NormType_Normalize.Normalize/6, where GetParam() = (1280x720, CV_16U, NORM_L2)
[ PERFSTAT ]    (samples=13   mean=0.42   median=0.42   min=0.41   stddev=0.00 (0.8%))
[       OK ] Sz_Depth_NormType_Normalize.Normalize/6 (8 ms)
[ RUN      ] Sz_Depth_NormType_Normalize.Normalize/7, where GetParam() = (1280x720, CV_16U, NORM_MINMAX)
[ PERFSTAT ]    (samples=17   mean=0.44   median=0.44   min=0.44   stddev=0.01 (2.9%))
[       OK ] Sz_Depth_NormType_Normalize.Normalize/7 (10 ms)
[ RUN      ] Sz_Depth_NormType_Normalize.Normalize/8, where GetParam() = (1280x720, CV_32F, NORM_INF)
[ PERFSTAT ]    (samples=13   mean=0.40   median=0.40   min=0.40   stddev=0.00 (1.0%))
[       OK ] Sz_Depth_NormType_Normalize.Normalize/8 (8 ms)
[ RUN      ] Sz_Depth_NormType_Normalize.Normalize/9, where GetParam() = (1280x720, CV_32F, NORM_L1)
[ PERFSTAT ]    (samples=13   mean=0.39   median=0.39   min=0.37   stddev=0.01 (2.0%))
[       OK ] Sz_Depth_NormType_Normalize.Normalize/9 (9 ms)
[ RUN      ] Sz_Depth_NormType_Normalize.Normalize/10, where GetParam() = (1280x720, CV_32F, NORM_L2)
[ PERFSTAT ]    (samples=13   mean=0.38   median=0.38   min=0.37   stddev=0.01 (2.5%))
[       OK ] Sz_Depth_NormType_Normalize.Normalize/10 (8 ms)
[ RUN      ] Sz_Depth_NormType_Normalize.Normalize/11, where GetParam() = (1280x720, CV_32F, NORM_MINMAX)
[ PERFSTAT ]    (samples=13   mean=0.41   median=0.41   min=0.40   stddev=0.01 (2.7%))
[       OK ] Sz_Depth_NormType_Normalize.Normalize/11 (8 ms)
[ RUN      ] Sz_Depth_NormType_Normalize.Normalize/12, where GetParam() = (1280x720, CV_64F, NORM_INF)
[ PERFSTAT ]    (samples=25   mean=0.41   median=0.41   min=0.39   stddev=0.01 (2.3%))
[       OK ] Sz_Depth_NormType_Normalize.Normalize/12 (15 ms)
[ RUN      ] Sz_Depth_NormType_Normalize.Normalize/13, where GetParam() = (1280x720, CV_64F, NORM_L1)
[ PERFSTAT ]    (samples=13   mean=0.39   median=0.39   min=0.38   stddev=0.01 (2.4%))
[       OK ] Sz_Depth_NormType_Normalize.Normalize/13 (9 ms)
[ RUN      ] Sz_Depth_NormType_Normalize.Normalize/14, where GetParam() = (1280x720, CV_64F, NORM_L2)
[ PERFSTAT ]    (samples=14   mean=0.39   median=0.39   min=0.38   stddev=0.01 (3.0%))
[       OK ] Sz_Depth_NormType_Normalize.Normalize/14 (10 ms)
[ RUN      ] Sz_Depth_NormType_Normalize.Normalize/15, where GetParam() = (1280x720, CV_64F, NORM_MINMAX)
[ PERFSTAT ]    (samples=13   mean=0.42   median=0.42   min=0.41   stddev=0.01 (2.1%))
[       OK ] Sz_Depth_NormType_Normalize.Normalize/15 (10 ms)
[ RUN      ] Sz_Depth_NormType_Normalize.Normalize/16, where GetParam() = (1280x1024, CV_8U, NORM_INF)
[ PERFSTAT ]    (samples=13   mean=0.46   median=0.46   min=0.44   stddev=0.01 (1.3%))
[       OK ] Sz_Depth_NormType_Normalize.Normalize/16 (8 ms)
[ RUN      ] Sz_Depth_NormType_Normalize.Normalize/17, where GetParam() = (1280x1024, CV_8U, NORM_L1)
[ PERFSTAT ]    (samples=13   mean=0.45   median=0.45   min=0.44   stddev=0.00 (0.8%))
[       OK ] Sz_Depth_NormType_Normalize.Normalize/17 (8 ms)
[ RUN      ] Sz_Depth_NormType_Normalize.Normalize/18, where GetParam() = (1280x1024, CV_8U, NORM_L2)
[ PERFSTAT ]    (samples=13   mean=0.45   median=0.45   min=0.44   stddev=0.01 (2.5%))
[       OK ] Sz_Depth_NormType_Normalize.Normalize/18 (8 ms)
[ RUN      ] Sz_Depth_NormType_Normalize.Normalize/19, where GetParam() = (1280x1024, CV_8U, NORM_MINMAX)
[ PERFSTAT ]    (samples=13   mean=0.48   median=0.48   min=0.47   stddev=0.00 (0.7%))
[       OK ] Sz_Depth_NormType_Normalize.Normalize/19 (8 ms)
[ RUN      ] Sz_Depth_NormType_Normalize.Normalize/20, where GetParam() = (1280x1024, CV_16U, NORM_INF)
[ PERFSTAT ]    (samples=13   mean=0.79   median=0.79   min=0.79   stddev=0.00 (0.5%))
[       OK ] Sz_Depth_NormType_Normalize.Normalize/20 (13 ms)
[ RUN      ] Sz_Depth_NormType_Normalize.Normalize/21, where GetParam() = (1280x1024, CV_16U, NORM_L1)
[ PERFSTAT ]    (samples=13   mean=0.78   median=0.79   min=0.77   stddev=0.00 (0.5%))
[       OK ] Sz_Depth_NormType_Normalize.Normalize/21 (14 ms)
[ RUN      ] Sz_Depth_NormType_Normalize.Normalize/22, where GetParam() = (1280x1024, CV_16U, NORM_L2)
[ PERFSTAT ]    (samples=13   mean=0.79   median=0.79   min=0.78   stddev=0.00 (0.6%))
[       OK ] Sz_Depth_NormType_Normalize.Normalize/22 (14 ms)
[ RUN      ] Sz_Depth_NormType_Normalize.Normalize/23, where GetParam() = (1280x1024, CV_16U, NORM_MINMAX)
[ PERFSTAT ]    (samples=13   mean=0.81   median=0.81   min=0.80   stddev=0.01 (1.8%))
[       OK ] Sz_Depth_NormType_Normalize.Normalize/23 (13 ms)
[ RUN      ] Sz_Depth_NormType_Normalize.Normalize/24, where GetParam() = (1280x1024, CV_32F, NORM_INF)
[ PERFSTAT ]    (samples=25   mean=0.41   median=0.41   min=0.40   stddev=0.01 (1.7%))
[       OK ] Sz_Depth_NormType_Normalize.Normalize/24 (15 ms)
[ RUN      ] Sz_Depth_NormType_Normalize.Normalize/25, where GetParam() = (1280x1024, CV_32F, NORM_L1)
[ PERFSTAT ]    (samples=13   mean=0.40   median=0.40   min=0.39   stddev=0.00 (1.1%))
[       OK ] Sz_Depth_NormType_Normalize.Normalize/25 (9 ms)
[ RUN      ] Sz_Depth_NormType_Normalize.Normalize/26, where GetParam() = (1280x1024, CV_32F, NORM_L2)
[ PERFSTAT ]    (samples=13   mean=0.39   median=0.39   min=0.38   stddev=0.01 (2.6%))
[       OK ] Sz_Depth_NormType_Normalize.Normalize/26 (8 ms)
[ RUN      ] Sz_Depth_NormType_Normalize.Normalize/27, where GetParam() = (1280x1024, CV_32F, NORM_MINMAX)
[ PERFSTAT ]    (samples=25   mean=0.42   median=0.42   min=0.41   stddev=0.01 (1.7%))
[       OK ] Sz_Depth_NormType_Normalize.Normalize/27 (17 ms)
[ RUN      ] Sz_Depth_NormType_Normalize.Normalize/28, where GetParam() = (1280x1024, CV_64F, NORM_INF)
[ PERFSTAT ]    (samples=13   mean=0.41   median=0.41   min=0.40   stddev=0.01 (1.4%))
[       OK ] Sz_Depth_NormType_Normalize.Normalize/28 (11 ms)
[ RUN      ] Sz_Depth_NormType_Normalize.Normalize/29, where GetParam() = (1280x1024, CV_64F, NORM_L1)
[ PERFSTAT ]    (samples=13   mean=0.39   median=0.39   min=0.39   stddev=0.01 (1.7%))
[       OK ] Sz_Depth_NormType_Normalize.Normalize/29 (11 ms)
[ RUN      ] Sz_Depth_NormType_Normalize.Normalize/30, where GetParam() = (1280x1024, CV_64F, NORM_L2)
[ PERFSTAT ]    (samples=25   mean=0.40   median=0.41   min=0.39   stddev=0.01 (2.2%))
[       OK ] Sz_Depth_NormType_Normalize.Normalize/30 (16 ms)
[ RUN      ] Sz_Depth_NormType_Normalize.Normalize/31, where GetParam() = (1280x1024, CV_64F, NORM_MINMAX)
[ PERFSTAT ]    (samples=13   mean=0.43   median=0.43   min=0.41   stddev=0.01 (2.5%))
[       OK ] Sz_Depth_NormType_Normalize.Normalize/31 (12 ms)
[ RUN      ] Sz_Depth_NormType_Normalize.Normalize/32, where GetParam() = (1920x1080, CV_8U, NORM_INF)
[ PERFSTAT ]    (samples=25   mean=0.87   median=0.87   min=0.84   stddev=0.01 (1.4%))
[       OK ] Sz_Depth_NormType_Normalize.Normalize/32 (24 ms)
[ RUN      ] Sz_Depth_NormType_Normalize.Normalize/33, where GetParam() = (1920x1080, CV_8U, NORM_L1)
[ PERFSTAT ]    (samples=23   mean=0.87   median=0.86   min=0.85   stddev=0.03 (2.9%))
[       OK ] Sz_Depth_NormType_Normalize.Normalize/33 (23 ms)
[ RUN      ] Sz_Depth_NormType_Normalize.Normalize/34, where GetParam() = (1920x1080, CV_8U, NORM_L2)
[ PERFSTAT ]    (samples=13   mean=0.87   median=0.86   min=0.85   stddev=0.01 (1.3%))
[       OK ] Sz_Depth_NormType_Normalize.Normalize/34 (14 ms)
[ RUN      ] Sz_Depth_NormType_Normalize.Normalize/35, where GetParam() = (1920x1080, CV_8U, NORM_MINMAX)
[ PERFSTAT ]    (samples=13   mean=0.90   median=0.90   min=0.89   stddev=0.00 (0.3%))
[       OK ] Sz_Depth_NormType_Normalize.Normalize/35 (14 ms)
[ RUN      ] Sz_Depth_NormType_Normalize.Normalize/36, where GetParam() = (1920x1080, CV_16U, NORM_INF)
[ PERFSTAT ]    (samples=13   mean=0.88   median=0.88   min=0.87   stddev=0.02 (2.2%))
[       OK ] Sz_Depth_NormType_Normalize.Normalize/36 (16 ms)
[ RUN      ] Sz_Depth_NormType_Normalize.Normalize/37, where GetParam() = (1920x1080, CV_16U, NORM_L1)
[ PERFSTAT ]    (samples=13   mean=0.86   median=0.87   min=0.86   stddev=0.00 (0.4%))
[       OK ] Sz_Depth_NormType_Normalize.Normalize/37 (16 ms)
[ RUN      ] Sz_Depth_NormType_Normalize.Normalize/38, where GetParam() = (1920x1080, CV_16U, NORM_L2)
[ PERFSTAT ]    (samples=13   mean=0.87   median=0.87   min=0.86   stddev=0.00 (0.4%))
[       OK ] Sz_Depth_NormType_Normalize.Normalize/38 (16 ms)
[ RUN      ] Sz_Depth_NormType_Normalize.Normalize/39, where GetParam() = (1920x1080, CV_16U, NORM_MINMAX)
[ PERFSTAT ]    (samples=25   mean=0.90   median=0.90   min=0.89   stddev=0.02 (2.3%))
[       OK ] Sz_Depth_NormType_Normalize.Normalize/39 (28 ms)
[ RUN      ] Sz_Depth_NormType_Normalize.Normalize/40, where GetParam() = (1920x1080, CV_32F, NORM_INF)
[ PERFSTAT ]    (samples=13   mean=0.41   median=0.42   min=0.40   stddev=0.01 (1.9%))
[       OK ] Sz_Depth_NormType_Normalize.Normalize/40 (11 ms)
[ RUN      ] Sz_Depth_NormType_Normalize.Normalize/41, where GetParam() = (1920x1080, CV_32F, NORM_L1)
[ PERFSTAT ]    (samples=13   mean=0.39   median=0.39   min=0.38   stddev=0.01 (2.1%))
[       OK ] Sz_Depth_NormType_Normalize.Normalize/41 (11 ms)
[ RUN      ] Sz_Depth_NormType_Normalize.Normalize/42, where GetParam() = (1920x1080, CV_32F, NORM_L2)
[ PERFSTAT ]    (samples=25   mean=0.40   median=0.40   min=0.38   stddev=0.01 (1.5%))
[       OK ] Sz_Depth_NormType_Normalize.Normalize/42 (16 ms)
[ RUN      ] Sz_Depth_NormType_Normalize.Normalize/43, where GetParam() = (1920x1080, CV_32F, NORM_MINMAX)
[ PERFSTAT ]    (samples=13   mean=0.43   median=0.43   min=0.41   stddev=0.01 (2.6%))
[       OK ] Sz_Depth_NormType_Normalize.Normalize/43 (11 ms)
[ RUN      ] Sz_Depth_NormType_Normalize.Normalize/44, where GetParam() = (1920x1080, CV_64F, NORM_INF)
[ PERFSTAT ]    (samples=25   mean=0.45   median=0.45   min=0.43   stddev=0.01 (2.2%))
[       OK ] Sz_Depth_NormType_Normalize.Normalize/44 (22 ms)
[ RUN      ] Sz_Depth_NormType_Normalize.Normalize/45, where GetParam() = (1920x1080, CV_64F, NORM_L1)
[ PERFSTAT ]    (samples=13   mean=0.42   median=0.42   min=0.42   stddev=0.00 (0.7%))
[       OK ] Sz_Depth_NormType_Normalize.Normalize/45 (15 ms)
[ RUN      ] Sz_Depth_NormType_Normalize.Normalize/46, where GetParam() = (1920x1080, CV_64F, NORM_L2)
[ PERFSTAT ]    (samples=13   mean=0.42   median=0.42   min=0.41   stddev=0.00 (0.8%))
[       OK ] Sz_Depth_NormType_Normalize.Normalize/46 (15 ms)
[ RUN      ] Sz_Depth_NormType_Normalize.Normalize/47, where GetParam() = (1920x1080, CV_64F, NORM_MINMAX)
[ PERFSTAT ]    (samples=13   mean=0.46   median=0.47   min=0.45   stddev=0.01 (1.7%))
[       OK ] Sz_Depth_NormType_Normalize.Normalize/47 (15 ms)
[----------] 48 tests from Sz_Depth_NormType_Normalize (605 ms total)

[----------] 3 tests from Sz_MeanStdDev
[ RUN      ] Sz_MeanStdDev.MeanStdDev/0, where GetParam() = 1280x720
[ PERFSTAT ]    (samples=13   mean=0.97   median=0.96   min=0.95   stddev=0.03 (3.0%))
[       OK ] Sz_MeanStdDev.MeanStdDev/0 (15 ms)
[ RUN      ] Sz_MeanStdDev.MeanStdDev/1, where GetParam() = 1280x1024
[ PERFSTAT ]    (samples=10   mean=0.97   median=0.97   min=0.97   stddev=0.01 (0.5%))
[       OK ] Sz_MeanStdDev.MeanStdDev/1 (11 ms)
[ RUN      ] Sz_MeanStdDev.MeanStdDev/2, where GetParam() = 1920x1080
[ PERFSTAT ]    (samples=10   mean=1.32   median=1.32   min=1.31   stddev=0.01 (0.8%))
[       OK ] Sz_MeanStdDev.MeanStdDev/2 (16 ms)
[----------] 3 tests from Sz_MeanStdDev (42 ms total)

[----------] 3 tests from Sz_Integral
[ RUN      ] Sz_Integral.Integral/0, where GetParam() = 1280x720
[ PERFSTAT ]    (samples=13   mean=0.46   median=0.45   min=0.45   stddev=0.01 (1.9%))
[       OK ] Sz_Integral.Integral/0 (8 ms)
[ RUN      ] Sz_Integral.Integral/1, where GetParam() = 1280x1024
[ PERFSTAT ]    (samples=25   mean=0.51   median=0.51   min=0.50   stddev=0.00 (0.9%))
[       OK ] Sz_Integral.Integral/1 (17 ms)
[ RUN      ] Sz_Integral.Integral/2, where GetParam() = 1920x1080
[ PERFSTAT ]    (samples=25   mean=0.60   median=0.60   min=0.59   stddev=0.00 (0.5%))
[       OK ] Sz_Integral.Integral/2 (19 ms)
[----------] 3 tests from Sz_Integral (44 ms total)

[----------] 3 tests from Sz_IntegralSqr
[ RUN      ] Sz_IntegralSqr.IntegralSqr/0, where GetParam() = 1280x720
[ PERFSTAT ]    (samples=13   mean=0.58   median=0.58   min=0.57   stddev=0.00 (0.5%))
[       OK ] Sz_IntegralSqr.IntegralSqr/0 (10 ms)
[ RUN      ] Sz_IntegralSqr.IntegralSqr/1, where GetParam() = 1280x1024
[ PERFSTAT ]    (samples=10   mean=0.69   median=0.69   min=0.69   stddev=0.01 (1.2%))
[       OK ] Sz_IntegralSqr.IntegralSqr/1 (11 ms)
[ RUN      ] Sz_IntegralSqr.IntegralSqr/2, where GetParam() = 1920x1080
[ PERFSTAT ]    (samples=90   mean=0.93   median=0.94   min=0.75   stddev=0.03 (3.0%))
[       OK ] Sz_IntegralSqr.IntegralSqr/2 (90 ms)
[----------] 3 tests from Sz_IntegralSqr (111 ms total)

[----------] Global test environment tear-down
[==========] 1881 tests from 67 test cases ran. (32550 ms total)
[  PASSED  ] 1874 tests.
[  FAILED  ] 7 tests, listed below:
[  FAILED  ] Sz_Type_Flags_GEMM.GEMM/28, where GetParam() = (1024x1024, 32FC2, 0)
[  FAILED  ] Sz_Type_Flags_GEMM.GEMM/29, where GetParam() = (1024x1024, 32FC2, 0|cv::GEMM_1_T)
[  FAILED  ] Sz_Type_Flags_GEMM.GEMM/30, where GetParam() = (1024x1024, 32FC2, 0|cv::GEMM_2_T)
[  FAILED  ] Sz_Type_Flags_GEMM.GEMM/31, where GetParam() = (1024x1024, 32FC2, 0|cv::GEMM_3_T)
[  FAILED  ] Sz_Type_Flags_GEMM.GEMM/33, where GetParam() = (1024x1024, 32FC2, 0|cv::GEMM_1_T|cv::GEMM_3_T)
[  FAILED  ] Sz_Type_AngleInDegrees_PolarToCart.PolarToCart/0, where GetParam() = (1280x720, 32FC1, false)
[  FAILED  ] Sz_Type_AngleInDegrees_PolarToCart.PolarToCart/4, where GetParam() = (1280x1024, 32FC1, false)

 7 FAILED TESTS
