[----------]
[   INFO   ] 	Implementation variant: cuda.
[----------]
[----------]
[ GPU INFO ] 	Run test suite on NVIDIA A100-SXM4-40GB GPU.
[----------]
*** CUDA Device Query (Runtime API) version (CUDART static linking) *** 

Device count: 1

Device 0: "NVIDIA A100-SXM4-40GB"
  CUDA Driver Version / Runtime Version          12.40 / 12.40
  CUDA Capability Major/Minor version number:    8.0
  Total amount of global memory:                 40507 MBytes (42474471424 bytes)
  GPU Clock Speed:                               1.41 GHz
  Max Texture Dimension Size (x,y,z)             1D=(131072), 2D=(131072,65536), 3D=(16384,16384,16384)
  Max Layered Texture Size (dim) x layers        1D=(32768) x 2048, 2D=(32768,32768) x 2048
  Total amount of constant memory:               65536 bytes
  Total amount of shared memory per block:       49152 bytes
  Total number of registers available per block: 65536
  Warp size:                                     32
  Maximum number of threads per block:           1024
  Maximum sizes of each dimension of a block:    1024 x 1024 x 64
  Maximum sizes of each dimension of a grid:     2147483647 x 65535 x 65535
  Maximum memory pitch:                          2147483647 bytes
  Texture alignment:                             512 bytes
  Concurrent copy and execution:                 Yes with 3 copy engine(s)
  Run time limit on kernels:                     No
  Integrated GPU sharing Host Memory:            No
  Support host page-locked memory mapping:       Yes
  Concurrent kernel execution:                   Yes
  Alignment requirement for Surfaces:            Yes
  Device has ECC support enabled:                Yes
  Device is using TCC driver mode:               No
  Device supports Unified Addressing (UVA):      Yes
  Device PCI Bus ID / PCI location ID:           163 / 0
  Compute Mode:
      Default (multiple host threads can use ::cudaSetDevice() with device simultaneously) 

deviceQuery, CUDA Driver = CUDART, CUDA Driver Version  = 12.40, CUDA Runtime Version = 12.40, NumDevs = 1

TEST: Skip tests with tags: 'mem_6gb', 'verylong'
CTEST_FULL_OUTPUT
OpenCV version: 4.14.0-pre
OpenCV VCS version: 4.13.0-493-g7aa163b83f
Build type: Release
Compiler: /usr/bin/c++  (ver 11.4.0)
Algorithm hint: ALGO_HINT_ACCURATE
HAL: YES (ipp (ver 0.0.1))
Parallel framework: pthreads (nthreads=30)
CPU features: SSE SSE2 SSE3 *SSE4.1 *SSE4.2 *AVX *FP16 *AVX2 *AVX512-SKX?
Intel(R) IPP version: ippIP AVX2 (l9) 2026.0.0 (-) Jun 30 2026
Intel(R) IPP features code: 0x8000
[==========] Running 2943 tests from 9 test cases.
[----------] Global test environment set-up.
[----------] 1620 tests from Sz_Depth_Cn_Inter_Border_Mode_Remap
[ RUN      ] Sz_Depth_Cn_Inter_Border_Mode_Remap.Remap/0, where GetParam() = (1280x720, CV_8U, Gray, INTER_NEAREST, BORDER_REFLECT101, HALF_SIZE)
[ PERFSTAT ]    (samples=25   mean=0.02   median=0.02   min=0.02   stddev=0.00 (1.2%))
[       OK ] Sz_Depth_Cn_Inter_Border_Mode_Remap.Remap/0 (72 ms)
[ RUN      ] Sz_Depth_Cn_Inter_Border_Mode_Remap.Remap/1, where GetParam() = (1280x720, CV_8U, Gray, INTER_NEAREST, BORDER_REFLECT101, UPSIDE_DOWN)
[ PERFSTAT ]    (samples=19   mean=0.02   median=0.02   min=0.02   stddev=0.00 (2.9%))
[       OK ] Sz_Depth_Cn_Inter_Border_Mode_Remap.Remap/1 (6 ms)
[ RUN      ] Sz_Depth_Cn_Inter_Border_Mode_Remap.Remap/2, where GetParam() = (1280x720, CV_8U, Gray, INTER_NEAREST, BORDER_REFLECT101, REFLECTION_X)
[ PERFSTAT ]    (samples=38   mean=0.02   median=0.02   min=0.02   stddev=0.00 (2.2%))
[       OK ] Sz_Depth_Cn_Inter_Border_Mode_Remap.Remap/2 (6 ms)
[ RUN      ] Sz_Depth_Cn_Inter_Border_Mode_Remap.Remap/3, where GetParam() = (1280x720, CV_8U, Gray, INTER_NEAREST, BORDER_REFLECT101, REFLECTION_BOTH)
[ PERFSTAT ]    (samples=38   mean=0.02   median=0.02   min=0.02   stddev=0.00 (2.5%))
[       OK ] Sz_Depth_Cn_Inter_Border_Mode_Remap.Remap/3 (7 ms)
[ RUN      ] Sz_Depth_Cn_Inter_Border_Mode_Remap.Remap/4, where GetParam() = (1280x720, CV_8U, Gray, INTER_NEAREST, BORDER_REPLICATE, HALF_SIZE)
[ PERFSTAT ]    (samples=100   mean=0.02   median=0.02   min=0.02   stddev=0.00 (3.1%))
[       OK ] Sz_Depth_Cn_Inter_Border_Mode_Remap.Remap/4 (9 ms)
[ RUN      ] Sz_Depth_Cn_Inter_Border_Mode_Remap.Remap/5, where GetParam() = (1280x720, CV_8U, Gray, INTER_NEAREST, BORDER_REPLICATE, UPSIDE_DOWN)
[ PERFSTAT ]    (samples=25   mean=0.02   median=0.02   min=0.02   stddev=0.00 (1.7%))
[       OK ] Sz_Depth_Cn_Inter_Border_Mode_Remap.Remap/5 (5 ms)
[ RUN      ] Sz_Depth_Cn_Inter_Border_Mode_Remap.Remap/6, where GetParam() = (1280x720, CV_8U, Gray, INTER_NEAREST, BORDER_REPLICATE, REFLECTION_X)
[ PERFSTAT ]    (samples=25   mean=0.02   median=0.02   min=0.02   stddev=0.00 (2.0%))
[       OK ] Sz_Depth_Cn_Inter_Border_Mode_Remap.Remap/6 (6 ms)
[ RUN      ] Sz_Depth_Cn_Inter_Border_Mode_Remap.Remap/7, where GetParam() = (1280x720, CV_8U, Gray, INTER_NEAREST, BORDER_REPLICATE, REFLECTION_BOTH)
[ PERFSTAT ]    (samples=34   mean=0.02   median=0.02   min=0.02   stddev=0.00 (3.0%))
[       OK ] Sz_Depth_Cn_Inter_Border_Mode_Remap.Remap/7 (6 ms)
[ RUN      ] Sz_Depth_Cn_Inter_Border_Mode_Remap.Remap/8, where GetParam() = (1280x720, CV_8U, Gray, INTER_NEAREST, BORDER_CONSTANT, HALF_SIZE)
[ PERFSTAT ]    (samples=25   mean=0.02   median=0.02   min=0.02   stddev=0.00 (2.5%))
[       OK ] Sz_Depth_Cn_Inter_Border_Mode_Remap.Remap/8 (8 ms)
[ RUN      ] Sz_Depth_Cn_Inter_Border_Mode_Remap.Remap/9, where GetParam() = (1280x720, CV_8U, Gray, INTER_NEAREST, BORDER_CONSTANT, UPSIDE_DOWN)
[ PERFSTAT ]    (samples=63   mean=0.02   median=0.02   min=0.02   stddev=0.00 (2.9%))
[       OK ] Sz_Depth_Cn_Inter_Border_Mode_Remap.Remap/9 (7 ms)
[ RUN      ] Sz_Depth_Cn_Inter_Border_Mode_Remap.Remap/10, where GetParam() = (1280x720, CV_8U, Gray, INTER_NEAREST, BORDER_CONSTANT, REFLECTION_X)
[ PERFSTAT ]    (samples=25   mean=0.02   median=0.02   min=0.02   stddev=0.00 (1.8%))
[       OK ] Sz_Depth_Cn_Inter_Border_Mode_Remap.Remap/10 (6 ms)
[ RUN      ] Sz_Depth_Cn_Inter_Border_Mode_Remap.Remap/11, where GetParam() = (1280x720, CV_8U, Gray, INTER_NEAREST, BORDER_CONSTANT, REFLECTION_BOTH)
[ PERFSTAT ]    (samples=25   mean=0.02   median=0.02   min=0.02   stddev=0.00 (1.7%))
[       OK ] Sz_Depth_Cn_Inter_Border_Mode_Remap.Remap/11 (6 ms)
[ RUN      ] Sz_Depth_Cn_Inter_Border_Mode_Remap.Remap/12, where GetParam() = (1280x720, CV_8U, Gray, INTER_NEAREST, BORDER_REFLECT, HALF_SIZE)
[ PERFSTAT ]    (samples=25   mean=0.02   median=0.02   min=0.02   stddev=0.00 (1.1%))
[       OK ] Sz_Depth_Cn_Inter_Border_Mode_Remap.Remap/12 (7 ms)
[ RUN      ] Sz_Depth_Cn_Inter_Border_Mode_Remap.Remap/13, where GetParam() = (1280x720, CV_8U, Gray, INTER_NEAREST, BORDER_REFLECT, UPSIDE_DOWN)
[ PERFSTAT ]    (samples=13   mean=0.02   median=0.02   min=0.02   stddev=0.00 (2.7%))
[       OK ] Sz_Depth_Cn_Inter_Border_Mode_Remap.Remap/13 (6 ms)
[ RUN      ] Sz_Depth_Cn_Inter_Border_Mode_Remap.Remap/14, where GetParam() = (1280x720, CV_8U, Gray, INTER_NEAREST, BORDER_REFLECT, REFLECTION_X)
[ PERFSTAT ]    (samples=13   mean=0.02   median=0.02   min=0.02   stddev=0.00 (2.5%))
[       OK ] Sz_Depth_Cn_Inter_Border_Mode_Remap.Remap/14 (5 ms)
[ RUN      ] Sz_Depth_Cn_Inter_Border_Mode_Remap.Remap/15, where GetParam() = (1280x720, CV_8U, Gray, INTER_NEAREST, BORDER_REFLECT, REFLECTION_BOTH)
[ PERFSTAT ]    (samples=45   mean=0.02   median=0.02   min=0.02   stddev=0.00 (3.0%))
[       OK ] Sz_Depth_Cn_Inter_Border_Mode_Remap.Remap/15 (7 ms)
[ RUN      ] Sz_Depth_Cn_Inter_Border_Mode_Remap.Remap/16, where GetParam() = (1280x720, CV_8U, Gray, INTER_NEAREST, BORDER_WRAP, HALF_SIZE)
[ PERFSTAT ]    (samples=25   mean=0.02   median=0.02   min=0.02   stddev=0.00 (1.9%))
[       OK ] Sz_Depth_Cn_Inter_Border_Mode_Remap.Remap/16 (7 ms)
[ RUN      ] Sz_Depth_Cn_Inter_Border_Mode_Remap.Remap/17, where GetParam() = (1280x720, CV_8U, Gray, INTER_NEAREST, BORDER_WRAP, UPSIDE_DOWN)
[ PERFSTAT ]    (samples=38   mean=0.02   median=0.02   min=0.02   stddev=0.00 (2.6%))
[       OK ] Sz_Depth_Cn_Inter_Border_Mode_Remap.Remap/17 (6 ms)
[ RUN      ] Sz_Depth_Cn_Inter_Border_Mode_Remap.Remap/18, where GetParam() = (1280x720, CV_8U, Gray, INTER_NEAREST, BORDER_WRAP, REFLECTION_X)
[ PERFSTAT ]    (samples=25   mean=0.02   median=0.02   min=0.02   stddev=0.00 (2.4%))
[       OK ] Sz_Depth_Cn_Inter_Border_Mode_Remap.Remap/18 (6 ms)
[ RUN      ] Sz_Depth_Cn_Inter_Border_Mode_Remap.Remap/19, where GetParam() = (1280x720, CV_8U, Gray, INTER_NEAREST, BORDER_WRAP, REFLECTION_BOTH)
[ PERFSTAT ]    (samples=25   mean=0.02   median=0.02   min=0.02   stddev=0.00 (2.6%))
[       OK ] Sz_Depth_Cn_Inter_Border_Mode_Remap.Remap/19 (6 ms)
[ RUN      ] Sz_Depth_Cn_Inter_Border_Mode_Remap.Remap/20, where GetParam() = (1280x720, CV_8U, Gray, INTER_LINEAR, BORDER_REFLECT101, HALF_SIZE)
[ PERFSTAT ]    (samples=54   mean=0.03   median=0.03   min=0.02   stddev=0.00 (3.0%))
[       OK ] Sz_Depth_Cn_Inter_Border_Mode_Remap.Remap/20 (8 ms)
[ RUN      ] Sz_Depth_Cn_Inter_Border_Mode_Remap.Remap/21, where GetParam() = (1280x720, CV_8U, Gray, INTER_LINEAR, BORDER_REFLECT101, UPSIDE_DOWN)
[ PERFSTAT ]    (samples=25   mean=0.03   median=0.03   min=0.02   stddev=0.00 (2.8%))
[       OK ] Sz_Depth_Cn_Inter_Border_Mode_Remap.Remap/21 (6 ms)
[ RUN      ] Sz_Depth_Cn_Inter_Border_Mode_Remap.Remap/22, where GetParam() = (1280x720, CV_8U, Gray, INTER_LINEAR, BORDER_REFLECT101, REFLECTION_X)
[ PERFSTAT ]    (samples=25   mean=0.03   median=0.03   min=0.02   stddev=0.00 (2.7%))
[       OK ] Sz_Depth_Cn_Inter_Border_Mode_Remap.Remap/22 (6 ms)
[ RUN      ] Sz_Depth_Cn_Inter_Border_Mode_Remap.Remap/23, where GetParam() = (1280x720, CV_8U, Gray, INTER_LINEAR, BORDER_REFLECT101, REFLECTION_BOTH)
[ PERFSTAT ]    (samples=25   mean=0.03   median=0.03   min=0.03   stddev=0.00 (1.3%))
[       OK ] Sz_Depth_Cn_Inter_Border_Mode_Remap.Remap/23 (6 ms)
[ RUN      ] Sz_Depth_Cn_Inter_Border_Mode_Remap.Remap/24, where GetParam() = (1280x720, CV_8U, Gray, INTER_LINEAR, BORDER_REPLICATE, HALF_SIZE)
[ PERFSTAT ]    (samples=23   mean=0.02   median=0.02   min=0.02   stddev=0.00 (2.9%))
[       OK ] Sz_Depth_Cn_Inter_Border_Mode_Remap.Remap/24 (8 ms)
[ RUN      ] Sz_Depth_Cn_Inter_Border_Mode_Remap.Remap/25, where GetParam() = (1280x720, CV_8U, Gray, INTER_LINEAR, BORDER_REPLICATE, UPSIDE_DOWN)
[ PERFSTAT ]    (samples=13   mean=0.02   median=0.02   min=0.02   stddev=0.00 (2.6%))
[       OK ] Sz_Depth_Cn_Inter_Border_Mode_Remap.Remap/25 (5 ms)
[ RUN      ] Sz_Depth_Cn_Inter_Border_Mode_Remap.Remap/26, where GetParam() = (1280x720, CV_8U, Gray, INTER_LINEAR, BORDER_REPLICATE, REFLECTION_X)
[ PERFSTAT ]    (samples=13   mean=0.02   median=0.02   min=0.02   stddev=0.00 (2.5%))
[       OK ] Sz_Depth_Cn_Inter_Border_Mode_Remap.Remap/26 (6 ms)
[ RUN      ] Sz_Depth_Cn_Inter_Border_Mode_Remap.Remap/27, where GetParam() = (1280x720, CV_8U, Gray, INTER_LINEAR, BORDER_REPLICATE, REFLECTION_BOTH)
[ PERFSTAT ]    (samples=13   mean=0.02   median=0.02   min=0.02   stddev=0.00 (2.9%))
[       OK ] Sz_Depth_Cn_Inter_Border_Mode_Remap.Remap/27 (6 ms)
[ RUN      ] Sz_Depth_Cn_Inter_Border_Mode_Remap.Remap/28, where GetParam() = (1280x720, CV_8U, Gray, INTER_LINEAR, BORDER_CONSTANT, HALF_SIZE)
[ PERFSTAT ]    (samples=21   mean=0.02   median=0.02   min=0.02   stddev=0.00 (3.0%))
[       OK ] Sz_Depth_Cn_Inter_Border_Mode_Remap.Remap/28 (7 ms)
[ RUN      ] Sz_Depth_Cn_Inter_Border_Mode_Remap.Remap/29, where GetParam() = (1280x720, CV_8U, Gray, INTER_LINEAR, BORDER_CONSTANT, UPSIDE_DOWN)
[ PERFSTAT ]    (samples=13   mean=0.02   median=0.02   min=0.02   stddev=0.00 (2.5%))
[       OK ] Sz_Depth_Cn_Inter_Border_Mode_Remap.Remap/29 (6 ms)
[ RUN      ] Sz_Depth_Cn_Inter_Border_Mode_Remap.Remap/30, where GetParam() = (1280x720, CV_8U, Gray, INTER_LINEAR, BORDER_CONSTANT, REFLECTION_X)
[ PERFSTAT ]    (samples=63   mean=0.02   median=0.02   min=0.02   stddev=0.00 (2.9%))
[       OK ] Sz_Depth_Cn_Inter_Border_Mode_Remap.Remap/30 (6 ms)
[ RUN      ] Sz_Depth_Cn_Inter_Border_Mode_Remap.Remap/31, where GetParam() = (1280x720, CV_8U, Gray, INTER_LINEAR, BORDER_CONSTANT, REFLECTION_BOTH)
[ PERFSTAT ]    (samples=25   mean=0.02   median=0.02   min=0.02   stddev=0.00 (1.7%))
[       OK ] Sz_Depth_Cn_Inter_Border_Mode_Remap.Remap/31 (6 ms)
[ RUN      ] Sz_Depth_Cn_Inter_Border_Mode_Remap.Remap/32, where GetParam() = (1280x720, CV_8U, Gray, INTER_LINEAR, BORDER_REFLECT, HALF_SIZE)
[ PERFSTAT ]    (samples=25   mean=0.02   median=0.02   min=0.02   stddev=0.00 (2.3%))
[       OK ] Sz_Depth_Cn_Inter_Border_Mode_Remap.Remap/32 (8 ms)
[ RUN      ] Sz_Depth_Cn_Inter_Border_Mode_Remap.Remap/33, where GetParam() = (1280x720, CV_8U, Gray, INTER_LINEAR, BORDER_REFLECT, UPSIDE_DOWN)
[ PERFSTAT ]    (samples=16   mean=0.02   median=0.02   min=0.02   stddev=0.00 (2.9%))
[       OK ] Sz_Depth_Cn_Inter_Border_Mode_Remap.Remap/33 (6 ms)
[ RUN      ] Sz_Depth_Cn_Inter_Border_Mode_Remap.Remap/34, where GetParam() = (1280x720, CV_8U, Gray, INTER_LINEAR, BORDER_REFLECT, REFLECTION_X)
[ PERFSTAT ]    (samples=13   mean=0.03   median=0.03   min=0.03   stddev=0.00 (1.7%))
[       OK ] Sz_Depth_Cn_Inter_Border_Mode_Remap.Remap/34 (5 ms)
[ RUN      ] Sz_Depth_Cn_Inter_Border_Mode_Remap.Remap/35, where GetParam() = (1280x720, CV_8U, Gray, INTER_LINEAR, BORDER_REFLECT, REFLECTION_BOTH)
[ PERFSTAT ]    (samples=38   mean=0.03   median=0.03   min=0.02   stddev=0.00 (2.3%))
[       OK ] Sz_Depth_Cn_Inter_Border_Mode_Remap.Remap/35 (7 ms)
[ RUN      ] Sz_Depth_Cn_Inter_Border_Mode_Remap.Remap/36, where GetParam() = (1280x720, CV_8U, Gray, INTER_LINEAR, BORDER_WRAP, HALF_SIZE)
[ PERFSTAT ]    (samples=13   mean=0.02   median=0.02   min=0.02   stddev=0.00 (2.5%))
[       OK ] Sz_Depth_Cn_Inter_Border_Mode_Remap.Remap/36 (7 ms)
[ RUN      ] Sz_Depth_Cn_Inter_Border_Mode_Remap.Remap/37, where GetParam() = (1280x720, CV_8U, Gray, INTER_LINEAR, BORDER_WRAP, UPSIDE_DOWN)
[ PERFSTAT ]    (samples=21   mean=0.02   median=0.02   min=0.02   stddev=0.00 (2.9%))
[       OK ] Sz_Depth_Cn_Inter_Border_Mode_Remap.Remap/37 (6 ms)
[ RUN      ] Sz_Depth_Cn_Inter_Border_Mode_Remap.Remap/38, where GetParam() = (1280x720, CV_8U, Gray, INTER_LINEAR, BORDER_WRAP, REFLECTION_X)
[ PERFSTAT ]    (samples=25   mean=0.02   median=0.02   min=0.02   stddev=0.00 (2.8%))
[       OK ] Sz_Depth_Cn_Inter_Border_Mode_Remap.Remap/38 (6 ms)
[ RUN      ] Sz_Depth_Cn_Inter_Border_Mode_Remap.Remap/39, where GetParam() = (1280x720, CV_8U, Gray, INTER_LINEAR, BORDER_WRAP, REFLECTION_BOTH)
[ PERFSTAT ]    (samples=13   mean=0.02   median=0.02   min=0.02   stddev=0.00 (2.9%))
[       OK ] Sz_Depth_Cn_Inter_Border_Mode_Remap.Remap/39 (5 ms)
[ RUN      ] Sz_Depth_Cn_Inter_Border_Mode_Remap.Remap/40, where GetParam() = (1280x720, CV_8U, Gray, INTER_CUBIC, BORDER_REFLECT101, HALF_SIZE)
[ PERFSTAT ]    (samples=13   mean=0.10   median=0.10   min=0.10   stddev=0.00 (1.3%))
[       OK ] Sz_Depth_Cn_Inter_Border_Mode_Remap.Remap/40 (8 ms)
[ RUN      ] Sz_Depth_Cn_Inter_Border_Mode_Remap.Remap/41, where GetParam() = (1280x720, CV_8U, Gray, INTER_CUBIC, BORDER_REFLECT101, UPSIDE_DOWN)
[ PERFSTAT ]    (samples=13   mean=0.11   median=0.11   min=0.11   stddev=0.00 (0.8%))
[       OK ] Sz_Depth_Cn_Inter_Border_Mode_Remap.Remap/41 (7 ms)
[ RUN      ] Sz_Depth_Cn_Inter_Border_Mode_Remap.Remap/42, where GetParam() = (1280x720, CV_8U, Gray, INTER_CUBIC, BORDER_REFLECT101, REFLECTION_X)
[ PERFSTAT ]    (samples=13   mean=0.11   median=0.11   min=0.11   stddev=0.00 (0.8%))
[       OK ] Sz_Depth_Cn_Inter_Border_Mode_Remap.Remap/42 (7 ms)
[ RUN      ] Sz_Depth_Cn_Inter_Border_Mode_Remap.Remap/43, where GetParam() = (1280x720, CV_8U, Gray, INTER_CUBIC, BORDER_REFLECT101, REFLECTION_BOTH)
[ PERFSTAT ]    (samples=13   mean=0.11   median=0.11   min=0.11   stddev=0.00 (0.8%))
[       OK ] Sz_Depth_Cn_Inter_Border_Mode_Remap.Remap/43 (8 ms)
[ RUN      ] Sz_Depth_Cn_Inter_Border_Mode_Remap.Remap/44, where GetParam() = (1280x720, CV_8U, Gray, INTER_CUBIC, BORDER_REPLICATE, HALF_SIZE)
[ PERFSTAT ]    (samples=17   mean=0.06   median=0.06   min=0.06   stddev=0.00 (3.0%))
[       OK ] Sz_Depth_Cn_Inter_Border_Mode_Remap.Remap/44 (7 ms)
[ RUN      ] Sz_Depth_Cn_Inter_Border_Mode_Remap.Remap/45, where GetParam() = (1280x720, CV_8U, Gray, INTER_CUBIC, BORDER_REPLICATE, UPSIDE_DOWN)
[ PERFSTAT ]    (samples=13   mean=0.06   median=0.06   min=0.06   stddev=0.00 (2.6%))
[       OK ] Sz_Depth_Cn_Inter_Border_Mode_Remap.Remap/45 (7 ms)
[ RUN      ] Sz_Depth_Cn_Inter_Border_Mode_Remap.Remap/46, where GetParam() = (1280x720, CV_8U, Gray, INTER_CUBIC, BORDER_REPLICATE, REFLECTION_X)
[ PERFSTAT ]    (samples=13   mean=0.06   median=0.06   min=0.06   stddev=0.00 (2.1%))
[       OK ] Sz_Depth_Cn_Inter_Border_Mode_Remap.Remap/46 (6 ms)
[ RUN      ] Sz_Depth_Cn_Inter_Border_Mode_Remap.Remap/47, where GetParam() = (1280x720, CV_8U, Gray, INTER_CUBIC, BORDER_REPLICATE, REFLECTION_BOTH)
[ PERFSTAT ]    (samples=13   mean=0.06   median=0.06   min=0.06   stddev=0.00 (1.7%))
[       OK ] Sz_Depth_Cn_Inter_Border_Mode_Remap.Remap/47 (6 ms)
[ RUN      ] Sz_Depth_Cn_Inter_Border_Mode_Remap.Remap/48, where GetParam() = (1280x720, CV_8U, Gray, INTER_CUBIC, BORDER_CONSTANT, HALF_SIZE)
[ PERFSTAT ]    (samples=13   mean=0.06   median=0.06   min=0.06   stddev=0.00 (1.8%))
[       OK ] Sz_Depth_Cn_Inter_Border_Mode_Remap.Remap/48 (8 ms)
[ RUN      ] Sz_Depth_Cn_Inter_Border_Mode_Remap.Remap/49, where GetParam() = (1280x720, CV_8U, Gray, INTER_CUBIC, BORDER_CONSTANT, UPSIDE_DOWN)
[ PERFSTAT ]    (samples=13   mean=0.06   median=0.06   min=0.06   stddev=0.00 (1.4%))
[       OK ] Sz_Depth_Cn_Inter_Border_Mode_Remap.Remap/49 (6 ms)
[ RUN      ] Sz_Depth_Cn_Inter_Border_Mode_Remap.Remap/50, where GetParam() = (1280x720, CV_8U, Gray, INTER_CUBIC, BORDER_CONSTANT, REFLECTION_X)
[ PERFSTAT ]    (samples=13   mean=0.06   median=0.06   min=0.06   stddev=0.00 (2.0%))
[       OK ] Sz_Depth_Cn_Inter_Border_Mode_Remap.Remap/50 (6 ms)
[ RUN      ] Sz_Depth_Cn_Inter_Border_Mode_Remap.Remap/51, where GetParam() = (1280x720, CV_8U, Gray, INTER_CUBIC, BORDER_CONSTANT, REFLECTION_BOTH)
[ PERFSTAT ]    (samples=13   mean=0.06   median=0.06   min=0.06   stddev=0.00 (1.9%))
[       OK ] Sz_Depth_Cn_Inter_Border_Mode_Remap.Remap/51 (7 ms)
[ RUN      ] Sz_Depth_Cn_Inter_Border_Mode_Remap.Remap/52, where GetParam() = (1280x720, CV_8U, Gray, INTER_CUBIC, BORDER_REFLECT, HALF_SIZE)
[ PERFSTAT ]    (samples=13   mean=0.12   median=0.12   min=0.12   stddev=0.00 (0.7%))
[       OK ] Sz_Depth_Cn_Inter_Border_Mode_Remap.Remap/52 (8 ms)
[ RUN      ] Sz_Depth_Cn_Inter_Border_Mode_Remap.Remap/53, where GetParam() = (1280x720, CV_8U, Gray, INTER_CUBIC, BORDER_REFLECT, UPSIDE_DOWN)
[ PERFSTAT ]    (samples=13   mean=0.13   median=0.13   min=0.13   stddev=0.00 (0.6%))
[       OK ] Sz_Depth_Cn_Inter_Border_Mode_Remap.Remap/53 (7 ms)
[ RUN      ] Sz_Depth_Cn_Inter_Border_Mode_Remap.Remap/54, where GetParam() = (1280x720, CV_8U, Gray, INTER_CUBIC, BORDER_REFLECT, REFLECTION_X)
[ PERFSTAT ]    (samples=13   mean=0.13   median=0.13   min=0.13   stddev=0.00 (0.8%))
[       OK ] Sz_Depth_Cn_Inter_Border_Mode_Remap.Remap/54 (7 ms)
[ RUN      ] Sz_Depth_Cn_Inter_Border_Mode_Remap.Remap/55, where GetParam() = (1280x720, CV_8U, Gray, INTER_CUBIC, BORDER_REFLECT, REFLECTION_BOTH)
[ PERFSTAT ]    (samples=13   mean=0.13   median=0.13   min=0.13   stddev=0.00 (0.8%))
[       OK ] Sz_Depth_Cn_Inter_Border_Mode_Remap.Remap/55 (7 ms)
[ RUN      ] Sz_Depth_Cn_Inter_Border_Mode_Remap.Remap/56, where GetParam() = (1280x720, CV_8U, Gray, INTER_CUBIC, BORDER_WRAP, HALF_SIZE)
[ PERFSTAT ]    (samples=13   mean=0.11   median=0.11   min=0.11   stddev=0.00 (0.9%))
[       OK ] Sz_Depth_Cn_Inter_Border_Mode_Remap.Remap/56 (8 ms)
[ RUN      ] Sz_Depth_Cn_Inter_Border_Mode_Remap.Remap/57, where GetParam() = (1280x720, CV_8U, Gray, INTER_CUBIC, BORDER_WRAP, UPSIDE_DOWN)
[ PERFSTAT ]    (samples=13   mean=0.10   median=0.10   min=0.10   stddev=0.00 (1.0%))
[       OK ] Sz_Depth_Cn_Inter_Border_Mode_Remap.Remap/57 (7 ms)
[ RUN      ] Sz_Depth_Cn_Inter_Border_Mode_Remap.Remap/58, where GetParam() = (1280x720, CV_8U, Gray, INTER_CUBIC, BORDER_WRAP, REFLECTION_X)
[ PERFSTAT ]    (samples=13   mean=0.10   median=0.09   min=0.09   stddev=0.00 (2.3%))
[       OK ] Sz_Depth_Cn_Inter_Border_Mode_Remap.Remap/58 (7 ms)
[ RUN      ] Sz_Depth_Cn_Inter_Border_Mode_Remap.Remap/59, where GetParam() = (1280x720, CV_8U, Gray, INTER_CUBIC, BORDER_WRAP, REFLECTION_BOTH)
[ PERFSTAT ]    (samples=13   mean=0.10   median=0.09   min=0.09   stddev=0.00 (2.3%))
[       OK ] Sz_Depth_Cn_Inter_Border_Mode_Remap.Remap/59 (6 ms)
[ RUN      ] Sz_Depth_Cn_Inter_Border_Mode_Remap.Remap/60, where GetParam() = (1280x720, CV_8U, BGR, INTER_NEAREST, BORDER_REFLECT101, HALF_SIZE)
[ PERFSTAT ]    (samples=13   mean=0.02   median=0.02   min=0.02   stddev=0.00 (1.7%))
[       OK ] Sz_Depth_Cn_Inter_Border_Mode_Remap.Remap/60 (11 ms)
[ RUN      ] Sz_Depth_Cn_Inter_Border_Mode_Remap.Remap/61, where GetParam() = (1280x720, CV_8U, BGR, INTER_NEAREST, BORDER_REFLECT101, UPSIDE_DOWN)
[ PERFSTAT ]    (samples=25   mean=0.02   median=0.02   min=0.02   stddev=0.00 (1.3%))
[       OK ] Sz_Depth_Cn_Inter_Border_Mode_Remap.Remap/61 (9 ms)
[ RUN      ] Sz_Depth_Cn_Inter_Border_Mode_Remap.Remap/62, where GetParam() = (1280x720, CV_8U, BGR, INTER_NEAREST, BORDER_REFLECT101, REFLECTION_X)
[ PERFSTAT ]    (samples=13   mean=0.02   median=0.02   min=0.02   stddev=0.00 (1.7%))
[       OK ] Sz_Depth_Cn_Inter_Border_Mode_Remap.Remap/62 (8 ms)
[ RUN      ] Sz_Depth_Cn_Inter_Border_Mode_Remap.Remap/63, where GetParam() = (1280x720, CV_8U, BGR, INTER_NEAREST, BORDER_REFLECT101, REFLECTION_BOTH)
[ PERFSTAT ]    (samples=13   mean=0.02   median=0.02   min=0.02   stddev=0.00 (1.0%))
[       OK ] Sz_Depth_Cn_Inter_Border_Mode_Remap.Remap/63 (8 ms)
[ RUN      ] Sz_Depth_Cn_Inter_Border_Mode_Remap.Remap/64, where GetParam() = (1280x720, CV_8U, BGR, INTER_NEAREST, BORDER_REPLICATE, HALF_SIZE)
[ PERFSTAT ]    (samples=13   mean=0.02   median=0.02   min=0.02   stddev=0.00 (2.0%))
[       OK ] Sz_Depth_Cn_Inter_Border_Mode_Remap.Remap/64 (9 ms)
[ RUN      ] Sz_Depth_Cn_Inter_Border_Mode_Remap.Remap/65, where GetParam() = (1280x720, CV_8U, BGR, INTER_NEAREST, BORDER_REPLICATE, UPSIDE_DOWN)
[ PERFSTAT ]    (samples=13   mean=0.02   median=0.02   min=0.02   stddev=0.00 (1.7%))
[       OK ] Sz_Depth_Cn_Inter_Border_Mode_Remap.Remap/65 (8 ms)
[ RUN      ] Sz_Depth_Cn_Inter_Border_Mode_Remap.Remap/66, where GetParam() = (1280x720, CV_8U, BGR, INTER_NEAREST, BORDER_REPLICATE, REFLECTION_X)
[ PERFSTAT ]    (samples=13   mean=0.02   median=0.02   min=0.02   stddev=0.00 (2.6%))
[       OK ] Sz_Depth_Cn_Inter_Border_Mode_Remap.Remap/66 (8 ms)
[ RUN      ] Sz_Depth_Cn_Inter_Border_Mode_Remap.Remap/67, where GetParam() = (1280x720, CV_8U, BGR, INTER_NEAREST, BORDER_REPLICATE, REFLECTION_BOTH)
[ PERFSTAT ]    (samples=13   mean=0.02   median=0.02   min=0.02   stddev=0.00 (2.0%))
[       OK ] Sz_Depth_Cn_Inter_Border_Mode_Remap.Remap/67 (8 ms)
[ RUN      ] Sz_Depth_Cn_Inter_Border_Mode_Remap.Remap/68, where GetParam() = (1280x720, CV_8U, BGR, INTER_NEAREST, BORDER_CONSTANT, HALF_SIZE)
[ PERFSTAT ]    (samples=25   mean=0.01   median=0.01   min=0.01   stddev=0.00 (2.5%))
[       OK ] Sz_Depth_Cn_Inter_Border_Mode_Remap.Remap/68 (10 ms)
[ RUN      ] Sz_Depth_Cn_Inter_Border_Mode_Remap.Remap/69, where GetParam() = (1280x720, CV_8U, BGR, INTER_NEAREST, BORDER_CONSTANT, UPSIDE_DOWN)
[ PERFSTAT ]    (samples=13   mean=0.02   median=0.02   min=0.02   stddev=0.00 (2.6%))
[       OK ] Sz_Depth_Cn_Inter_Border_Mode_Remap.Remap/69 (8 ms)
[ RUN      ] Sz_Depth_Cn_Inter_Border_Mode_Remap.Remap/70, where GetParam() = (1280x720, CV_8U, BGR, INTER_NEAREST, BORDER_CONSTANT, REFLECTION_X)
[ PERFSTAT ]    (samples=25   mean=0.02   median=0.02   min=0.02   stddev=0.00 (2.5%))
[       OK ] Sz_Depth_Cn_Inter_Border_Mode_Remap.Remap/70 (8 ms)
[ RUN      ] Sz_Depth_Cn_Inter_Border_Mode_Remap.Remap/71, where GetParam() = (1280x720, CV_8U, BGR, INTER_NEAREST, BORDER_CONSTANT, REFLECTION_BOTH)
[ PERFSTAT ]    (samples=13   mean=0.02   median=0.02   min=0.02   stddev=0.00 (2.6%))
[       OK ] Sz_Depth_Cn_Inter_Border_Mode_Remap.Remap/71 (8 ms)
[ RUN      ] Sz_Depth_Cn_Inter_Border_Mode_Remap.Remap/72, where GetParam() = (1280x720, CV_8U, BGR, INTER_NEAREST, BORDER_REFLECT, HALF_SIZE)
[ PERFSTAT ]    (samples=13   mean=0.02   median=0.02   min=0.02   stddev=0.00 (1.4%))
[       OK ] Sz_Depth_Cn_Inter_Border_Mode_Remap.Remap/72 (10 ms)
[ RUN      ] Sz_Depth_Cn_Inter_Border_Mode_Remap.Remap/73, where GetParam() = (1280x720, CV_8U, BGR, INTER_NEAREST, BORDER_REFLECT, UPSIDE_DOWN)
[ PERFSTAT ]    (samples=25   mean=0.02   median=0.02   min=0.02   stddev=0.00 (2.8%))
[       OK ] Sz_Depth_Cn_Inter_Border_Mode_Remap.Remap/73 (8 ms)
[ RUN      ] Sz_Depth_Cn_Inter_Border_Mode_Remap.Remap/74, where GetParam() = (1280x720, CV_8U, BGR, INTER_NEAREST, BORDER_REFLECT, REFLECTION_X)
[ PERFSTAT ]    (samples=13   mean=0.02   median=0.02   min=0.02   stddev=0.00 (1.7%))
[       OK ] Sz_Depth_Cn_Inter_Border_Mode_Remap.Remap/74 (8 ms)
[ RUN      ] Sz_Depth_Cn_Inter_Border_Mode_Remap.Remap/75, where GetParam() = (1280x720, CV_8U, BGR, INTER_NEAREST, BORDER_REFLECT, REFLECTION_BOTH)
[ PERFSTAT ]    (samples=13   mean=0.02   median=0.02   min=0.02   stddev=0.00 (1.5%))
[       OK ] Sz_Depth_Cn_Inter_Border_Mode_Remap.Remap/75 (8 ms)
[ RUN      ] Sz_Depth_Cn_Inter_Border_Mode_Remap.Remap/76, where GetParam() = (1280x720, CV_8U, BGR, INTER_NEAREST, BORDER_WRAP, HALF_SIZE)
[ PERFSTAT ]    (samples=13   mean=0.02   median=0.02   min=0.02   stddev=0.00 (2.0%))
[       OK ] Sz_Depth_Cn_Inter_Border_Mode_Remap.Remap/76 (9 ms)
[ RUN      ] Sz_Depth_Cn_Inter_Border_Mode_Remap.Remap/77, where GetParam() = (1280x720, CV_8U, BGR, INTER_NEAREST, BORDER_WRAP, UPSIDE_DOWN)
[ PERFSTAT ]    (samples=13   mean=0.02   median=0.02   min=0.02   stddev=0.00 (1.9%))
[       OK ] Sz_Depth_Cn_Inter_Border_Mode_Remap.Remap/77 (9 ms)
[ RUN      ] Sz_Depth_Cn_Inter_Border_Mode_Remap.Remap/78, where GetParam() = (1280x720, CV_8U, BGR, INTER_NEAREST, BORDER_WRAP, REFLECTION_X)
[ PERFSTAT ]    (samples=13   mean=0.02   median=0.02   min=0.02   stddev=0.00 (2.7%))
[       OK ] Sz_Depth_Cn_Inter_Border_Mode_Remap.Remap/78 (8 ms)
[ RUN      ] Sz_Depth_Cn_Inter_Border_Mode_Remap.Remap/79, where GetParam() = (1280x720, CV_8U, BGR, INTER_NEAREST, BORDER_WRAP, REFLECTION_BOTH)
[ PERFSTAT ]    (samples=13   mean=0.02   median=0.02   min=0.02   stddev=0.00 (2.0%))
[       OK ] Sz_Depth_Cn_Inter_Border_Mode_Remap.Remap/79 (7 ms)
[ RUN      ] Sz_Depth_Cn_Inter_Border_Mode_Remap.Remap/80, where GetParam() = (1280x720, CV_8U, BGR, INTER_LINEAR, BORDER_REFLECT101, HALF_SIZE)
[ PERFSTAT ]    (samples=25   mean=0.03   median=0.03   min=0.02   stddev=0.00 (1.9%))
[       OK ] Sz_Depth_Cn_Inter_Border_Mode_Remap.Remap/80 (9 ms)
[ RUN      ] Sz_Depth_Cn_Inter_Border_Mode_Remap.Remap/81, where GetParam() = (1280x720, CV_8U, BGR, INTER_LINEAR, BORDER_REFLECT101, UPSIDE_DOWN)
[ PERFSTAT ]    (samples=13   mean=0.03   median=0.03   min=0.03   stddev=0.00 (0.8%))
[       OK ] Sz_Depth_Cn_Inter_Border_Mode_Remap.Remap/81 (9 ms)
[ RUN      ] Sz_Depth_Cn_Inter_Border_Mode_Remap.Remap/82, where GetParam() = (1280x720, CV_8U, BGR, INTER_LINEAR, BORDER_REFLECT101, REFLECTION_X)
[ PERFSTAT ]    (samples=13   mean=0.03   median=0.03   min=0.02   stddev=0.00 (1.7%))
[       OK ] Sz_Depth_Cn_Inter_Border_Mode_Remap.Remap/82 (8 ms)
[ RUN      ] Sz_Depth_Cn_Inter_Border_Mode_Remap.Remap/83, where GetParam() = (1280x720, CV_8U, BGR, INTER_LINEAR, BORDER_REFLECT101, REFLECTION_BOTH)
[ PERFSTAT ]    (samples=13   mean=0.03   median=0.02   min=0.02   stddev=0.00 (2.3%))
[       OK ] Sz_Depth_Cn_Inter_Border_Mode_Remap.Remap/83 (8 ms)
[ RUN      ] Sz_Depth_Cn_Inter_Border_Mode_Remap.Remap/84, where GetParam() = (1280x720, CV_8U, BGR, INTER_LINEAR, BORDER_REPLICATE, HALF_SIZE)
[ PERFSTAT ]    (samples=13   mean=0.02   median=0.02   min=0.02   stddev=0.00 (1.1%))
[       OK ] Sz_Depth_Cn_Inter_Border_Mode_Remap.Remap/84 (10 ms)
[ RUN      ] Sz_Depth_Cn_Inter_Border_Mode_Remap.Remap/85, where GetParam() = (1280x720, CV_8U, BGR, INTER_LINEAR, BORDER_REPLICATE, UPSIDE_DOWN)
[ PERFSTAT ]    (samples=13   mean=0.02   median=0.02   min=0.02   stddev=0.00 (1.0%))
[       OK ] Sz_Depth_Cn_Inter_Border_Mode_Remap.Remap/85 (9 ms)
[ RUN      ] Sz_Depth_Cn_Inter_Border_Mode_Remap.Remap/86, where GetParam() = (1280x720, CV_8U, BGR, INTER_LINEAR, BORDER_REPLICATE, REFLECTION_X)
[ PERFSTAT ]    (samples=13   mean=0.02   median=0.02   min=0.02   stddev=0.00 (1.4%))
[       OK ] Sz_Depth_Cn_Inter_Border_Mode_Remap.Remap/86 (8 ms)
[ RUN      ] Sz_Depth_Cn_Inter_Border_Mode_Remap.Remap/87, where GetParam() = (1280x720, CV_8U, BGR, INTER_LINEAR, BORDER_REPLICATE, REFLECTION_BOTH)
[ PERFSTAT ]    (samples=13   mean=0.02   median=0.02   min=0.02   stddev=0.00 (1.0%))
[       OK ] Sz_Depth_Cn_Inter_Border_Mode_Remap.Remap/87 (8 ms)
[ RUN      ] Sz_Depth_Cn_Inter_Border_Mode_Remap.Remap/88, where GetParam() = (1280x720, CV_8U, BGR, INTER_LINEAR, BORDER_CONSTANT, HALF_SIZE)
[ PERFSTAT ]    (samples=25   mean=0.02   median=0.02   min=0.02   stddev=0.00 (1.8%))
[       OK ] Sz_Depth_Cn_Inter_Border_Mode_Remap.Remap/88 (10 ms)
[ RUN      ] Sz_Depth_Cn_Inter_Border_Mode_Remap.Remap/89, where GetParam() = (1280x720, CV_8U, BGR, INTER_LINEAR, BORDER_CONSTANT, UPSIDE_DOWN)
[ PERFSTAT ]    (samples=100   mean=0.02   median=0.02   min=0.02   stddev=0.00 (13.8%))
[       OK ] Sz_Depth_Cn_Inter_Border_Mode_Remap.Remap/89 (18 ms)
[ RUN      ] Sz_Depth_Cn_Inter_Border_Mode_Remap.Remap/90, where GetParam() = (1280x720, CV_8U, BGR, INTER_LINEAR, BORDER_CONSTANT, REFLECTION_X)
[ PERFSTAT ]    (samples=13   mean=0.02   median=0.02   min=0.02   stddev=0.00 (1.3%))
[       OK ] Sz_Depth_Cn_Inter_Border_Mode_Remap.Remap/90 (9 ms)
[ RUN      ] Sz_Depth_Cn_Inter_Border_Mode_Remap.Remap/91, where GetParam() = (1280x720, CV_8U, BGR, INTER_LINEAR, BORDER_CONSTANT, REFLECTION_BOTH)
[ PERFSTAT ]    (samples=13   mean=0.02   median=0.02   min=0.02   stddev=0.00 (1.1%))
[       OK ] Sz_Depth_Cn_Inter_Border_Mode_Remap.Remap/91 (39 ms)
[ RUN      ] Sz_Depth_Cn_Inter_Border_Mode_Remap.Remap/92, where GetParam() = (1280x720, CV_8U, BGR, INTER_LINEAR, BORDER_REFLECT, HALF_SIZE)
[ PERFSTAT ]    (samples=13   mean=0.03   median=0.03   min=0.02   stddev=0.00 (1.4%))
[       OK ] Sz_Depth_Cn_Inter_Border_Mode_Remap.Remap/92 (9 ms)
[ RUN      ] Sz_Depth_Cn_Inter_Border_Mode_Remap.Remap/93, where GetParam() = (1280x720, CV_8U, BGR, INTER_LINEAR, BORDER_REFLECT, UPSIDE_DOWN)
[ PERFSTAT ]    (samples=13   mean=0.02   median=0.02   min=0.02   stddev=0.00 (1.0%))
[       OK ] Sz_Depth_Cn_Inter_Border_Mode_Remap.Remap/93 (9 ms)
[ RUN      ] Sz_Depth_Cn_Inter_Border_Mode_Remap.Remap/94, where GetParam() = (1280x720, CV_8U, BGR, INTER_LINEAR, BORDER_REFLECT, REFLECTION_X)
[ PERFSTAT ]    (samples=13   mean=0.03   median=0.03   min=0.02   stddev=0.00 (0.8%))
[       OK ] Sz_Depth_Cn_Inter_Border_Mode_Remap.Remap/94 (8 ms)
[ RUN      ] Sz_Depth_Cn_Inter_Border_Mode_Remap.Remap/95, where GetParam() = (1280x720, CV_8U, BGR, INTER_LINEAR, BORDER_REFLECT, REFLECTION_BOTH)
[ PERFSTAT ]    (samples=13   mean=0.03   median=0.03   min=0.03   stddev=0.00 (0.9%))
[       OK ] Sz_Depth_Cn_Inter_Border_Mode_Remap.Remap/95 (8 ms)
[ RUN      ] Sz_Depth_Cn_Inter_Border_Mode_Remap.Remap/96, where GetParam() = (1280x720, CV_8U, BGR, INTER_LINEAR, BORDER_WRAP, HALF_SIZE)
[ PERFSTAT ]    (samples=13   mean=0.02   median=0.02   min=0.02   stddev=0.00 (2.4%))
[       OK ] Sz_Depth_Cn_Inter_Border_Mode_Remap.Remap/96 (9 ms)
[ RUN      ] Sz_Depth_Cn_Inter_Border_Mode_Remap.Remap/97, where GetParam() = (1280x720, CV_8U, BGR, INTER_LINEAR, BORDER_WRAP, UPSIDE_DOWN)
[ PERFSTAT ]    (samples=13   mean=0.02   median=0.02   min=0.02   stddev=0.00 (0.8%))
[       OK ] Sz_Depth_Cn_Inter_Border_Mode_Remap.Remap/97 (9 ms)
[ RUN      ] Sz_Depth_Cn_Inter_Border_Mode_Remap.Remap/98, where GetParam() = (1280x720, CV_8U, BGR, INTER_LINEAR, BORDER_WRAP, REFLECTION_X)
[ PERFSTAT ]    (samples=13   mean=0.02   median=0.02   min=0.02   stddev=0.00 (1.4%))
[       OK ] Sz_Depth_Cn_Inter_Border_Mode_Remap.Remap/98 (8 ms)
[ RUN      ] Sz_Depth_Cn_Inter_Border_Mode_Remap.Remap/99, where GetParam() = (1280x720, CV_8U, BGR, INTER_LINEAR, BORDER_WRAP, REFLECTION_BOTH)
[ PERFSTAT ]    (samples=13   mean=0.02   median=0.02   min=0.02   stddev=0.00 (1.2%))
[       OK ] Sz_Depth_Cn_Inter_Border_Mode_Remap.Remap/99 (8 ms)
[ RUN      ] Sz_Depth_Cn_Inter_Border_Mode_Remap.Remap/100, where GetParam() = (1280x720, CV_8U, BGR, INTER_CUBIC, BORDER_REFLECT101, HALF_SIZE)
[ PERFSTAT ]    (samples=13   mean=0.11   median=0.11   min=0.11   stddev=0.00 (0.5%))
[       OK ] Sz_Depth_Cn_Inter_Border_Mode_Remap.Remap/100 (10 ms)
[ RUN      ] Sz_Depth_Cn_Inter_Border_Mode_Remap.Remap/101, where GetParam() = (1280x720, CV_8U, BGR, INTER_CUBIC, BORDER_REFLECT101, UPSIDE_DOWN)
[ PERFSTAT ]    (samples=13   mean=0.12   median=0.12   min=0.12   stddev=0.00 (0.2%))
[       OK ] Sz_Depth_Cn_Inter_Border_Mode_Remap.Remap/101 (10 ms)
[ RUN      ] Sz_Depth_Cn_Inter_Border_Mode_Remap.Remap/102, where GetParam() = (1280x720, CV_8U, BGR, INTER_CUBIC, BORDER_REFLECT101, REFLECTION_X)
[ PERFSTAT ]    (samples=13   mean=0.12   median=0.12   min=0.12   stddev=0.00 (0.4%))
[       OK ] Sz_Depth_Cn_Inter_Border_Mode_Remap.Remap/102 (9 ms)
[ RUN      ] Sz_Depth_Cn_Inter_Border_Mode_Remap.Remap/103, where GetParam() = (1280x720, CV_8U, BGR, INTER_CUBIC, BORDER_REFLECT101, REFLECTION_BOTH)
[ PERFSTAT ]    (samples=13   mean=0.12   median=0.12   min=0.12   stddev=0.00 (0.3%))
[       OK ] Sz_Depth_Cn_Inter_Border_Mode_Remap.Remap/103 (9 ms)
[ RUN      ] Sz_Depth_Cn_Inter_Border_Mode_Remap.Remap/104, where GetParam() = (1280x720, CV_8U, BGR, INTER_CUBIC, BORDER_REPLICATE, HALF_SIZE)
[ PERFSTAT ]    (samples=13   mean=0.07   median=0.07   min=0.07   stddev=0.00 (0.6%))
[       OK ] Sz_Depth_Cn_Inter_Border_Mode_Remap.Remap/104 (10 ms)
[ RUN      ] Sz_Depth_Cn_Inter_Border_Mode_Remap.Remap/105, where GetParam() = (1280x720, CV_8U, BGR, INTER_CUBIC, BORDER_REPLICATE, UPSIDE_DOWN)
[ PERFSTAT ]    (samples=13   mean=0.07   median=0.07   min=0.07   stddev=0.00 (0.7%))
[       OK ] Sz_Depth_Cn_Inter_Border_Mode_Remap.Remap/105 (9 ms)
[ RUN      ] Sz_Depth_Cn_Inter_Border_Mode_Remap.Remap/106, where GetParam() = (1280x720, CV_8U, BGR, INTER_CUBIC, BORDER_REPLICATE, REFLECTION_X)
[ PERFSTAT ]    (samples=13   mean=0.07   median=0.07   min=0.07   stddev=0.00 (0.8%))
[       OK ] Sz_Depth_Cn_Inter_Border_Mode_Remap.Remap/106 (10 ms)
[ RUN      ] Sz_Depth_Cn_Inter_Border_Mode_Remap.Remap/107, where GetParam() = (1280x720, CV_8U, BGR, INTER_CUBIC, BORDER_REPLICATE, REFLECTION_BOTH)
[ PERFSTAT ]    (samples=13   mean=0.07   median=0.07   min=0.07   stddev=0.00 (0.6%))
[       OK ] Sz_Depth_Cn_Inter_Border_Mode_Remap.Remap/107 (9 ms)
[ RUN      ] Sz_Depth_Cn_Inter_Border_Mode_Remap.Remap/108, where GetParam() = (1280x720, CV_8U, BGR, INTER_CUBIC, BORDER_CONSTANT, HALF_SIZE)
[ PERFSTAT ]    (samples=13   mean=0.07   median=0.07   min=0.07   stddev=0.00 (0.5%))
[       OK ] Sz_Depth_Cn_Inter_Border_Mode_Remap.Remap/108 (10 ms)
[ RUN      ] Sz_Depth_Cn_Inter_Border_Mode_Remap.Remap/109, where GetParam() = (1280x720, CV_8U, BGR, INTER_CUBIC, BORDER_CONSTANT, UPSIDE_DOWN)
[ PERFSTAT ]    (samples=13   mean=0.08   median=0.08   min=0.08   stddev=0.00 (0.3%))
[       OK ] Sz_Depth_Cn_Inter_Border_Mode_Remap.Remap/109 (9 ms)
[ RUN      ] Sz_Depth_Cn_Inter_Border_Mode_Remap.Remap/110, where GetParam() = (1280x720, CV_8U, BGR, INTER_CUBIC, BORDER_CONSTANT, REFLECTION_X)
[ PERFSTAT ]    (samples=13   mean=0.08   median=0.08   min=0.08   stddev=0.00 (0.3%))
[       OK ] Sz_Depth_Cn_Inter_Border_Mode_Remap.Remap/110 (8 ms)
[ RUN      ] Sz_Depth_Cn_Inter_Border_Mode_Remap.Remap/111, where GetParam() = (1280x720, CV_8U, BGR, INTER_CUBIC, BORDER_CONSTANT, REFLECTION_BOTH)
[ PERFSTAT ]    (samples=13   mean=0.08   median=0.08   min=0.08   stddev=0.00 (1.3%))
[       OK ] Sz_Depth_Cn_Inter_Border_Mode_Remap.Remap/111 (9 ms)
[ RUN      ] Sz_Depth_Cn_Inter_Border_Mode_Remap.Remap/112, where GetParam() = (1280x720, CV_8U, BGR, INTER_CUBIC, BORDER_REFLECT, HALF_SIZE)
[ PERFSTAT ]    (samples=13   mean=0.11   median=0.11   min=0.11   stddev=0.00 (0.4%))
[       OK ] Sz_Depth_Cn_Inter_Border_Mode_Remap.Remap/112 (11 ms)
[ RUN      ] Sz_Depth_Cn_Inter_Border_Mode_Remap.Remap/113, where GetParam() = (1280x720, CV_8U, BGR, INTER_CUBIC, BORDER_REFLECT, UPSIDE_DOWN)
[ PERFSTAT ]    (samples=13   mean=0.12   median=0.12   min=0.12   stddev=0.00 (0.2%))
[       OK ] Sz_Depth_Cn_Inter_Border_Mode_Remap.Remap/113 (9 ms)
[ RUN      ] Sz_Depth_Cn_Inter_Border_Mode_Remap.Remap/114, where GetParam() = (1280x720, CV_8U, BGR, INTER_CUBIC, BORDER_REFLECT, REFLECTION_X)
[ PERFSTAT ]    (samples=13   mean=0.12   median=0.12   min=0.12   stddev=0.00 (0.4%))
[       OK ] Sz_Depth_Cn_Inter_Border_Mode_Remap.Remap/114 (10 ms)
[ RUN      ] Sz_Depth_Cn_Inter_Border_Mode_Remap.Remap/115, where GetParam() = (1280x720, CV_8U, BGR, INTER_CUBIC, BORDER_REFLECT, REFLECTION_BOTH)
[ PERFSTAT ]    (samples=13   mean=0.12   median=0.12   min=0.12   stddev=0.00 (0.4%))
[       OK ] Sz_Depth_Cn_Inter_Border_Mode_Remap.Remap/115 (9 ms)
[ RUN      ] Sz_Depth_Cn_Inter_Border_Mode_Remap.Remap/116, where GetParam() = (1280x720, CV_8U, BGR, INTER_CUBIC, BORDER_WRAP, HALF_SIZE)
[ PERFSTAT ]    (samples=13   mean=0.11   median=0.11   min=0.11   stddev=0.00 (0.9%))
[       OK ] Sz_Depth_Cn_Inter_Border_Mode_Remap.Remap/116 (11 ms)
[ RUN      ] Sz_Depth_Cn_Inter_Border_Mode_Remap.Remap/117, where GetParam() = (1280x720, CV_8U, BGR, INTER_CUBIC, BORDER_WRAP, UPSIDE_DOWN)
[ PERFSTAT ]    (samples=13   mean=0.10   median=0.10   min=0.10   stddev=0.00 (0.6%))
[       OK ] Sz_Depth_Cn_Inter_Border_Mode_Remap.Remap/117 (9 ms)
[ RUN      ] Sz_Depth_Cn_Inter_Border_Mode_Remap.Remap/118, where GetParam() = (1280x720, CV_8U, BGR, INTER_CUBIC, BORDER_WRAP, REFLECTION_X)
[ PERFSTAT ]    (samples=13   mean=0.10   median=0.10   min=0.10   stddev=0.00 (0.5%))
[       OK ] Sz_Depth_Cn_Inter_Border_Mode_Remap.Remap/118 (9 ms)
[ RUN      ] Sz_Depth_Cn_Inter_Border_Mode_Remap.Remap/119, where GetParam() = (1280x720, CV_8U, BGR, INTER_CUBIC, BORDER_WRAP, REFLECTION_BOTH)
[ PERFSTAT ]    (samples=13   mean=0.10   median=0.10   min=0.10   stddev=0.00 (0.4%))
[       OK ] Sz_Depth_Cn_Inter_Border_Mode_Remap.Remap/119 (9 ms)
[ RUN      ] Sz_Depth_Cn_Inter_Border_Mode_Remap.Remap/120, where GetParam() = (1280x720, CV_8U, BGRA, INTER_NEAREST, BORDER_REFLECT101, HALF_SIZE)
[ PERFSTAT ]    (samples=25   mean=0.02   median=0.02   min=0.02   stddev=0.00 (1.9%))
[       OK ] Sz_Depth_Cn_Inter_Border_Mode_Remap.Remap/120 (12 ms)
[ RUN      ] Sz_Depth_Cn_Inter_Border_Mode_Remap.Remap/121, where GetParam() = (1280x720, CV_8U, BGRA, INTER_NEAREST, BORDER_REFLECT101, UPSIDE_DOWN)
[ PERFSTAT ]    (samples=13   mean=0.02   median=0.02   min=0.02   stddev=0.00 (2.7%))
[       OK ] Sz_Depth_Cn_Inter_Border_Mode_Remap.Remap/121 (10 ms)
[ RUN      ] Sz_Depth_Cn_Inter_Border_Mode_Remap.Remap/122, where GetParam() = (1280x720, CV_8U, BGRA, INTER_NEAREST, BORDER_REFLECT101, REFLECTION_X)
[ PERFSTAT ]    (samples=19   mean=0.02   median=0.02   min=0.02   stddev=0.00 (3.0%))
[       OK ] Sz_Depth_Cn_Inter_Border_Mode_Remap.Remap/122 (10 ms)
[ RUN      ] Sz_Depth_Cn_Inter_Border_Mode_Remap.Remap/123, where GetParam() = (1280x720, CV_8U, BGRA, INTER_NEAREST, BORDER_REFLECT101, REFLECTION_BOTH)
[ PERFSTAT ]    (samples=13   mean=0.02   median=0.02   min=0.02   stddev=0.00 (2.7%))
[       OK ] Sz_Depth_Cn_Inter_Border_Mode_Remap.Remap/123 (10 ms)
[ RUN      ] Sz_Depth_Cn_Inter_Border_Mode_Remap.Remap/124, where GetParam() = (1280x720, CV_8U, BGRA, INTER_NEAREST, BORDER_REPLICATE, HALF_SIZE)
[ PERFSTAT ]    (samples=63   mean=0.02   median=0.02   min=0.02   stddev=0.00 (2.9%))
[       OK ] Sz_Depth_Cn_Inter_Border_Mode_Remap.Remap/124 (12 ms)
[ RUN      ] Sz_Depth_Cn_Inter_Border_Mode_Remap.Remap/125, where GetParam() = (1280x720, CV_8U, BGRA, INTER_NEAREST, BORDER_REPLICATE, UPSIDE_DOWN)
[ PERFSTAT ]    (samples=38   mean=0.02   median=0.02   min=0.02   stddev=0.00 (2.7%))
[       OK ] Sz_Depth_Cn_Inter_Border_Mode_Remap.Remap/125 (10 ms)
[ RUN      ] Sz_Depth_Cn_Inter_Border_Mode_Remap.Remap/126, where GetParam() = (1280x720, CV_8U, BGRA, INTER_NEAREST, BORDER_REPLICATE, REFLECTION_X)
[ PERFSTAT ]    (samples=31   mean=0.02   median=0.02   min=0.02   stddev=0.00 (3.0%))
[       OK ] Sz_Depth_Cn_Inter_Border_Mode_Remap.Remap/126 (10 ms)
[ RUN      ] Sz_Depth_Cn_Inter_Border_Mode_Remap.Remap/127, where GetParam() = (1280x720, CV_8U, BGRA, INTER_NEAREST, BORDER_REPLICATE, REFLECTION_BOTH)
[ PERFSTAT ]    (samples=50   mean=0.02   median=0.02   min=0.02   stddev=0.00 (2.6%))
[       OK ] Sz_Depth_Cn_Inter_Border_Mode_Remap.Remap/127 (11 ms)
[ RUN      ] Sz_Depth_Cn_Inter_Border_Mode_Remap.Remap/128, where GetParam() = (1280x720, CV_8U, BGRA, INTER_NEAREST, BORDER_CONSTANT, HALF_SIZE)
[ PERFSTAT ]    (samples=38   mean=0.02   median=0.02   min=0.02   stddev=0.00 (2.9%))
[       OK ] Sz_Depth_Cn_Inter_Border_Mode_Remap.Remap/128 (12 ms)
[ RUN      ] Sz_Depth_Cn_Inter_Border_Mode_Remap.Remap/129, where GetParam() = (1280x720, CV_8U, BGRA, INTER_NEAREST, BORDER_CONSTANT, UPSIDE_DOWN)
[ PERFSTAT ]    (samples=25   mean=0.02   median=0.02   min=0.02   stddev=0.00 (2.9%))
[       OK ] Sz_Depth_Cn_Inter_Border_Mode_Remap.Remap/129 (10 ms)
[ RUN      ] Sz_Depth_Cn_Inter_Border_Mode_Remap.Remap/130, where GetParam() = (1280x720, CV_8U, BGRA, INTER_NEAREST, BORDER_CONSTANT, REFLECTION_X)
[ PERFSTAT ]    (samples=28   mean=0.02   median=0.02   min=0.02   stddev=0.00 (3.0%))
[       OK ] Sz_Depth_Cn_Inter_Border_Mode_Remap.Remap/130 (10 ms)
[ RUN      ] Sz_Depth_Cn_Inter_Border_Mode_Remap.Remap/131, where GetParam() = (1280x720, CV_8U, BGRA, INTER_NEAREST, BORDER_CONSTANT, REFLECTION_BOTH)
[ PERFSTAT ]    (samples=29   mean=0.02   median=0.02   min=0.02   stddev=0.00 (3.0%))
[       OK ] Sz_Depth_Cn_Inter_Border_Mode_Remap.Remap/131 (10 ms)
[ RUN      ] Sz_Depth_Cn_Inter_Border_Mode_Remap.Remap/132, where GetParam() = (1280x720, CV_8U, BGRA, INTER_NEAREST, BORDER_REFLECT, HALF_SIZE)
[ PERFSTAT ]    (samples=16   mean=0.03   median=0.03   min=0.03   stddev=0.00 (3.0%))
[       OK ] Sz_Depth_Cn_Inter_Border_Mode_Remap.Remap/132 (12 ms)
[ RUN      ] Sz_Depth_Cn_Inter_Border_Mode_Remap.Remap/133, where GetParam() = (1280x720, CV_8U, BGRA, INTER_NEAREST, BORDER_REFLECT, UPSIDE_DOWN)
[ PERFSTAT ]    (samples=38   mean=0.03   median=0.03   min=0.03   stddev=0.00 (2.4%))
[       OK ] Sz_Depth_Cn_Inter_Border_Mode_Remap.Remap/133 (11 ms)
[ RUN      ] Sz_Depth_Cn_Inter_Border_Mode_Remap.Remap/134, where GetParam() = (1280x720, CV_8U, BGRA, INTER_NEAREST, BORDER_REFLECT, REFLECTION_X)
[ PERFSTAT ]    (samples=13   mean=0.03   median=0.03   min=0.03   stddev=0.00 (2.2%))
[       OK ] Sz_Depth_Cn_Inter_Border_Mode_Remap.Remap/134 (10 ms)
[ RUN      ] Sz_Depth_Cn_Inter_Border_Mode_Remap.Remap/135, where GetParam() = (1280x720, CV_8U, BGRA, INTER_NEAREST, BORDER_REFLECT, REFLECTION_BOTH)
[ PERFSTAT ]    (samples=25   mean=0.03   median=0.03   min=0.03   stddev=0.00 (2.1%))
[       OK ] Sz_Depth_Cn_Inter_Border_Mode_Remap.Remap/135 (10 ms)
[ RUN      ] Sz_Depth_Cn_Inter_Border_Mode_Remap.Remap/136, where GetParam() = (1280x720, CV_8U, BGRA, INTER_NEAREST, BORDER_WRAP, HALF_SIZE)
[ PERFSTAT ]    (samples=25   mean=0.02   median=0.02   min=0.02   stddev=0.00 (2.2%))
[       OK ] Sz_Depth_Cn_Inter_Border_Mode_Remap.Remap/136 (12 ms)
[ RUN      ] Sz_Depth_Cn_Inter_Border_Mode_Remap.Remap/137, where GetParam() = (1280x720, CV_8U, BGRA, INTER_NEAREST, BORDER_WRAP, UPSIDE_DOWN)
[ PERFSTAT ]    (samples=25   mean=0.02   median=0.02   min=0.02   stddev=0.00 (2.2%))
[       OK ] Sz_Depth_Cn_Inter_Border_Mode_Remap.Remap/137 (10 ms)
[ RUN      ] Sz_Depth_Cn_Inter_Border_Mode_Remap.Remap/138, where GetParam() = (1280x720, CV_8U, BGRA, INTER_NEAREST, BORDER_WRAP, REFLECTION_X)
[ PERFSTAT ]    (samples=25   mean=0.02   median=0.02   min=0.02   stddev=0.00 (2.0%))
[       OK ] Sz_Depth_Cn_Inter_Border_Mode_Remap.Remap/138 (10 ms)
[ RUN      ] Sz_Depth_Cn_Inter_Border_Mode_Remap.Remap/139, where GetParam() = (1280x720, CV_8U, BGRA, INTER_NEAREST, BORDER_WRAP, REFLECTION_BOTH)
[ PERFSTAT ]    (samples=25   mean=0.02   median=0.02   min=0.02   stddev=0.00 (3.0%))
[       OK ] Sz_Depth_Cn_Inter_Border_Mode_Remap.Remap/139 (10 ms)
[ RUN      ] Sz_Depth_Cn_Inter_Border_Mode_Remap.Remap/140, where GetParam() = (1280x720, CV_8U, BGRA, INTER_LINEAR, BORDER_REFLECT101, HALF_SIZE)
[ PERFSTAT ]    (samples=25   mean=0.04   median=0.04   min=0.04   stddev=0.00 (2.5%))
[       OK ] Sz_Depth_Cn_Inter_Border_Mode_Remap.Remap/140 (13 ms)
[ RUN      ] Sz_Depth_Cn_Inter_Border_Mode_Remap.Remap/141, where GetParam() = (1280x720, CV_8U, BGRA, INTER_LINEAR, BORDER_REFLECT101, UPSIDE_DOWN)
[ PERFSTAT ]    (samples=13   mean=0.04   median=0.04   min=0.04   stddev=0.00 (1.8%))
[       OK ] Sz_Depth_Cn_Inter_Border_Mode_Remap.Remap/141 (10 ms)
[ RUN      ] Sz_Depth_Cn_Inter_Border_Mode_Remap.Remap/142, where GetParam() = (1280x720, CV_8U, BGRA, INTER_LINEAR, BORDER_REFLECT101, REFLECTION_X)
[ PERFSTAT ]    (samples=13   mean=0.04   median=0.04   min=0.04   stddev=0.00 (1.6%))
[       OK ] Sz_Depth_Cn_Inter_Border_Mode_Remap.Remap/142 (10 ms)
[ RUN      ] Sz_Depth_Cn_Inter_Border_Mode_Remap.Remap/143, where GetParam() = (1280x720, CV_8U, BGRA, INTER_LINEAR, BORDER_REFLECT101, REFLECTION_BOTH)
[ PERFSTAT ]    (samples=13   mean=0.04   median=0.04   min=0.04   stddev=0.00 (2.2%))
[       OK ] Sz_Depth_Cn_Inter_Border_Mode_Remap.Remap/143 (10 ms)
[ RUN      ] Sz_Depth_Cn_Inter_Border_Mode_Remap.Remap/144, where GetParam() = (1280x720, CV_8U, BGRA, INTER_LINEAR, BORDER_REPLICATE, HALF_SIZE)
[ PERFSTAT ]    (samples=15   mean=0.03   median=0.03   min=0.03   stddev=0.00 (2.9%))
[       OK ] Sz_Depth_Cn_Inter_Border_Mode_Remap.Remap/144 (12 ms)
[ RUN      ] Sz_Depth_Cn_Inter_Border_Mode_Remap.Remap/145, where GetParam() = (1280x720, CV_8U, BGRA, INTER_LINEAR, BORDER_REPLICATE, UPSIDE_DOWN)
[ PERFSTAT ]    (samples=26   mean=0.03   median=0.03   min=0.03   stddev=0.00 (3.0%))
[       OK ] Sz_Depth_Cn_Inter_Border_Mode_Remap.Remap/145 (11 ms)
[ RUN      ] Sz_Depth_Cn_Inter_Border_Mode_Remap.Remap/146, where GetParam() = (1280x720, CV_8U, BGRA, INTER_LINEAR, BORDER_REPLICATE, REFLECTION_X)
[ PERFSTAT ]    (samples=13   mean=0.03   median=0.03   min=0.03   stddev=0.00 (2.2%))
[       OK ] Sz_Depth_Cn_Inter_Border_Mode_Remap.Remap/146 (10 ms)
[ RUN      ] Sz_Depth_Cn_Inter_Border_Mode_Remap.Remap/147, where GetParam() = (1280x720, CV_8U, BGRA, INTER_LINEAR, BORDER_REPLICATE, REFLECTION_BOTH)
[ PERFSTAT ]    (samples=13   mean=0.03   median=0.03   min=0.03   stddev=0.00 (2.0%))
[       OK ] Sz_Depth_Cn_Inter_Border_Mode_Remap.Remap/147 (10 ms)
[ RUN      ] Sz_Depth_Cn_Inter_Border_Mode_Remap.Remap/148, where GetParam() = (1280x720, CV_8U, BGRA, INTER_LINEAR, BORDER_CONSTANT, HALF_SIZE)
[ PERFSTAT ]    (samples=25   mean=0.03   median=0.03   min=0.03   stddev=0.00 (0.6%))
[       OK ] Sz_Depth_Cn_Inter_Border_Mode_Remap.Remap/148 (12 ms)
[ RUN      ] Sz_Depth_Cn_Inter_Border_Mode_Remap.Remap/149, where GetParam() = (1280x720, CV_8U, BGRA, INTER_LINEAR, BORDER_CONSTANT, UPSIDE_DOWN)
[ PERFSTAT ]    (samples=13   mean=0.03   median=0.03   min=0.03   stddev=0.00 (2.4%))
[       OK ] Sz_Depth_Cn_Inter_Border_Mode_Remap.Remap/149 (10 ms)
[ RUN      ] Sz_Depth_Cn_Inter_Border_Mode_Remap.Remap/150, where GetParam() = (1280x720, CV_8U, BGRA, INTER_LINEAR, BORDER_CONSTANT, REFLECTION_X)
[ PERFSTAT ]    (samples=13   mean=0.03   median=0.03   min=0.03   stddev=0.00 (2.6%))
[       OK ] Sz_Depth_Cn_Inter_Border_Mode_Remap.Remap/150 (10 ms)
[ RUN      ] Sz_Depth_Cn_Inter_Border_Mode_Remap.Remap/151, where GetParam() = (1280x720, CV_8U, BGRA, INTER_LINEAR, BORDER_CONSTANT, REFLECTION_BOTH)
[ PERFSTAT ]    (samples=25   mean=0.03   median=0.03   min=0.03   stddev=0.00 (1.6%))
[       OK ] Sz_Depth_Cn_Inter_Border_Mode_Remap.Remap/151 (11 ms)
[ RUN      ] Sz_Depth_Cn_Inter_Border_Mode_Remap.Remap/152, where GetParam() = (1280x720, CV_8U, BGRA, INTER_LINEAR, BORDER_REFLECT, HALF_SIZE)
[ PERFSTAT ]    (samples=13   mean=0.04   median=0.04   min=0.04   stddev=0.00 (2.4%))
[       OK ] Sz_Depth_Cn_Inter_Border_Mode_Remap.Remap/152 (11 ms)
[ RUN      ] Sz_Depth_Cn_Inter_Border_Mode_Remap.Remap/153, where GetParam() = (1280x720, CV_8U, BGRA, INTER_LINEAR, BORDER_REFLECT, UPSIDE_DOWN)
[ PERFSTAT ]    (samples=13   mean=0.04   median=0.04   min=0.04   stddev=0.00 (2.7%))
[       OK ] Sz_Depth_Cn_Inter_Border_Mode_Remap.Remap/153 (11 ms)
[ RUN      ] Sz_Depth_Cn_Inter_Border_Mode_Remap.Remap/154, where GetParam() = (1280x720, CV_8U, BGRA, INTER_LINEAR, BORDER_REFLECT, REFLECTION_X)
[ PERFSTAT ]    (samples=13   mean=0.04   median=0.04   min=0.04   stddev=0.00 (1.8%))
[       OK ] Sz_Depth_Cn_Inter_Border_Mode_Remap.Remap/154 (10 ms)
[ RUN      ] Sz_Depth_Cn_Inter_Border_Mode_Remap.Remap/155, where GetParam() = (1280x720, CV_8U, BGRA, INTER_LINEAR, BORDER_REFLECT, REFLECTION_BOTH)
[ PERFSTAT ]    (samples=13   mean=0.04   median=0.04   min=0.04   stddev=0.00 (1.3%))
[       OK ] Sz_Depth_Cn_Inter_Border_Mode_Remap.Remap/155 (10 ms)
[ RUN      ] Sz_Depth_Cn_Inter_Border_Mode_Remap.Remap/156, where GetParam() = (1280x720, CV_8U, BGRA, INTER_LINEAR, BORDER_WRAP, HALF_SIZE)
[ PERFSTAT ]    (samples=13   mean=0.03   median=0.03   min=0.03   stddev=0.00 (3.0%))
[       OK ] Sz_Depth_Cn_Inter_Border_Mode_Remap.Remap/156 (12 ms)
[ RUN      ] Sz_Depth_Cn_Inter_Border_Mode_Remap.Remap/157, where GetParam() = (1280x720, CV_8U, BGRA, INTER_LINEAR, BORDER_WRAP, UPSIDE_DOWN)
[ PERFSTAT ]    (samples=13   mean=0.03   median=0.03   min=0.03   stddev=0.00 (1.5%))
[       OK ] Sz_Depth_Cn_Inter_Border_Mode_Remap.Remap/157 (10 ms)
[ RUN      ] Sz_Depth_Cn_Inter_Border_Mode_Remap.Remap/158, where GetParam() = (1280x720, CV_8U, BGRA, INTER_LINEAR, BORDER_WRAP, REFLECTION_X)
[ PERFSTAT ]    (samples=13   mean=0.04   median=0.04   min=0.03   stddev=0.00 (2.4%))
[       OK ] Sz_Depth_Cn_Inter_Border_Mode_Remap.Remap/158 (10 ms)
[ RUN      ] Sz_Depth_Cn_Inter_Border_Mode_Remap.Remap/159, where GetParam() = (1280x720, CV_8U, BGRA, INTER_LINEAR, BORDER_WRAP, REFLECTION_BOTH)
[ PERFSTAT ]    (samples=13   mean=0.04   median=0.04   min=0.03   stddev=0.00 (2.6%))
[       OK ] Sz_Depth_Cn_Inter_Border_Mode_Remap.Remap/159 (10 ms)
[ RUN      ] Sz_Depth_Cn_Inter_Border_Mode_Remap.Remap/160, where GetParam() = (1280x720, CV_8U, BGRA, INTER_CUBIC, BORDER_REFLECT101, HALF_SIZE)
[ PERFSTAT ]    (samples=13   mean=0.16   median=0.16   min=0.16   stddev=0.00 (0.9%))
[       OK ] Sz_Depth_Cn_Inter_Border_Mode_Remap.Remap/160 (13 ms)
[ RUN      ] Sz_Depth_Cn_Inter_Border_Mode_Remap.Remap/161, where GetParam() = (1280x720, CV_8U, BGRA, INTER_CUBIC, BORDER_REFLECT101, UPSIDE_DOWN)
[ PERFSTAT ]    (samples=13   mean=0.18   median=0.18   min=0.18   stddev=0.00 (0.7%))
[       OK ] Sz_Depth_Cn_Inter_Border_Mode_Remap.Remap/161 (13 ms)
[ RUN      ] Sz_Depth_Cn_Inter_Border_Mode_Remap.Remap/162, where GetParam() = (1280x720, CV_8U, BGRA, INTER_CUBIC, BORDER_REFLECT101, REFLECTION_X)
[ PERFSTAT ]    (samples=13   mean=0.18   median=0.18   min=0.18   stddev=0.00 (0.6%))
[       OK ] Sz_Depth_Cn_Inter_Border_Mode_Remap.Remap/162 (12 ms)
[ RUN      ] Sz_Depth_Cn_Inter_Border_Mode_Remap.Remap/163, where GetParam() = (1280x720, CV_8U, BGRA, INTER_CUBIC, BORDER_REFLECT101, REFLECTION_BOTH)
[ PERFSTAT ]    (samples=13   mean=0.18   median=0.18   min=0.18   stddev=0.00 (0.7%))
[       OK ] Sz_Depth_Cn_Inter_Border_Mode_Remap.Remap/163 (11 ms)
[ RUN      ] Sz_Depth_Cn_Inter_Border_Mode_Remap.Remap/164, where GetParam() = (1280x720, CV_8U, BGRA, INTER_CUBIC, BORDER_REPLICATE, HALF_SIZE)
[ PERFSTAT ]    (samples=13   mean=0.10   median=0.10   min=0.10   stddev=0.00 (1.2%))
[       OK ] Sz_Depth_Cn_Inter_Border_Mode_Remap.Remap/164 (13 ms)
[ RUN      ] Sz_Depth_Cn_Inter_Border_Mode_Remap.Remap/165, where GetParam() = (1280x720, CV_8U, BGRA, INTER_CUBIC, BORDER_REPLICATE, UPSIDE_DOWN)
[ PERFSTAT ]    (samples=13   mean=0.11   median=0.11   min=0.11   stddev=0.00 (0.9%))
[       OK ] Sz_Depth_Cn_Inter_Border_Mode_Remap.Remap/165 (11 ms)
[ RUN      ] Sz_Depth_Cn_Inter_Border_Mode_Remap.Remap/166, where GetParam() = (1280x720, CV_8U, BGRA, INTER_CUBIC, BORDER_REPLICATE, REFLECTION_X)
[ PERFSTAT ]    (samples=13   mean=0.11   median=0.11   min=0.11   stddev=0.00 (0.9%))
[       OK ] Sz_Depth_Cn_Inter_Border_Mode_Remap.Remap/166 (11 ms)
[ RUN      ] Sz_Depth_Cn_Inter_Border_Mode_Remap.Remap/167, where GetParam() = (1280x720, CV_8U, BGRA, INTER_CUBIC, BORDER_REPLICATE, REFLECTION_BOTH)
[ PERFSTAT ]    (samples=13   mean=0.11   median=0.11   min=0.11   stddev=0.00 (0.8%))
[       OK ] Sz_Depth_Cn_Inter_Border_Mode_Remap.Remap/167 (11 ms)
[ RUN      ] Sz_Depth_Cn_Inter_Border_Mode_Remap.Remap/168, where GetParam() = (1280x720, CV_8U, BGRA, INTER_CUBIC, BORDER_CONSTANT, HALF_SIZE)
[ PERFSTAT ]    (samples=13   mean=0.11   median=0.11   min=0.10   stddev=0.00 (1.5%))
[       OK ] Sz_Depth_Cn_Inter_Border_Mode_Remap.Remap/168 (13 ms)
[ RUN      ] Sz_Depth_Cn_Inter_Border_Mode_Remap.Remap/169, where GetParam() = (1280x720, CV_8U, BGRA, INTER_CUBIC, BORDER_CONSTANT, UPSIDE_DOWN)
[ PERFSTAT ]    (samples=13   mean=0.12   median=0.12   min=0.12   stddev=0.00 (1.7%))
[       OK ] Sz_Depth_Cn_Inter_Border_Mode_Remap.Remap/169 (12 ms)
[ RUN      ] Sz_Depth_Cn_Inter_Border_Mode_Remap.Remap/170, where GetParam() = (1280x720, CV_8U, BGRA, INTER_CUBIC, BORDER_CONSTANT, REFLECTION_X)
[ PERFSTAT ]    (samples=13   mean=0.12   median=0.12   min=0.12   stddev=0.00 (0.6%))
[       OK ] Sz_Depth_Cn_Inter_Border_Mode_Remap.Remap/170 (11 ms)
[ RUN      ] Sz_Depth_Cn_Inter_Border_Mode_Remap.Remap/171, where GetParam() = (1280x720, CV_8U, BGRA, INTER_CUBIC, BORDER_CONSTANT, REFLECTION_BOTH)
[ PERFSTAT ]    (samples=13   mean=0.12   median=0.12   min=0.12   stddev=0.00 (0.6%))
[       OK ] Sz_Depth_Cn_Inter_Border_Mode_Remap.Remap/171 (11 ms)
[ RUN      ] Sz_Depth_Cn_Inter_Border_Mode_Remap.Remap/172, where GetParam() = (1280x720, CV_8U, BGRA, INTER_CUBIC, BORDER_REFLECT, HALF_SIZE)
[ PERFSTAT ]    (samples=13   mean=0.19   median=0.19   min=0.18   stddev=0.00 (1.1%))
[       OK ] Sz_Depth_Cn_Inter_Border_Mode_Remap.Remap/172 (13 ms)
[ RUN      ] Sz_Depth_Cn_Inter_Border_Mode_Remap.Remap/173, where GetParam() = (1280x720, CV_8U, BGRA, INTER_CUBIC, BORDER_REFLECT, UPSIDE_DOWN)
[ PERFSTAT ]    (samples=13   mean=0.20   median=0.20   min=0.20   stddev=0.00 (0.4%))
[       OK ] Sz_Depth_Cn_Inter_Border_Mode_Remap.Remap/173 (13 ms)
[ RUN      ] Sz_Depth_Cn_Inter_Border_Mode_Remap.Remap/174, where GetParam() = (1280x720, CV_8U, BGRA, INTER_CUBIC, BORDER_REFLECT, REFLECTION_X)
[ PERFSTAT ]    (samples=13   mean=0.20   median=0.20   min=0.20   stddev=0.00 (0.6%))
[       OK ] Sz_Depth_Cn_Inter_Border_Mode_Remap.Remap/174 (12 ms)
[ RUN      ] Sz_Depth_Cn_Inter_Border_Mode_Remap.Remap/175, where GetParam() = (1280x720, CV_8U, BGRA, INTER_CUBIC, BORDER_REFLECT, REFLECTION_BOTH)
[ PERFSTAT ]    (samples=13   mean=0.20   median=0.20   min=0.20   stddev=0.00 (0.3%))
[       OK ] Sz_Depth_Cn_Inter_Border_Mode_Remap.Remap/175 (13 ms)
[ RUN      ] Sz_Depth_Cn_Inter_Border_Mode_Remap.Remap/176, where GetParam() = (1280x720, CV_8U, BGRA, INTER_CUBIC, BORDER_WRAP, HALF_SIZE)
[ PERFSTAT ]    (samples=13   mean=0.17   median=0.17   min=0.17   stddev=0.00 (0.8%))
[       OK ] Sz_Depth_Cn_Inter_Border_Mode_Remap.Remap/176 (13 ms)
[ RUN      ] Sz_Depth_Cn_Inter_Border_Mode_Remap.Remap/177, where GetParam() = (1280x720, CV_8U, BGRA, INTER_CUBIC, BORDER_WRAP, UPSIDE_DOWN)
[ PERFSTAT ]    (samples=13   mean=0.16   median=0.16   min=0.16   stddev=0.00 (0.6%))
[       OK ] Sz_Depth_Cn_Inter_Border_Mode_Remap.Remap/177 (12 ms)
[ RUN      ] Sz_Depth_Cn_Inter_Border_Mode_Remap.Remap/178, where GetParam() = (1280x720, CV_8U, BGRA, INTER_CUBIC, BORDER_WRAP, REFLECTION_X)
[ PERFSTAT ]    (samples=13   mean=0.16   median=0.16   min=0.16   stddev=0.00 (0.6%))
[       OK ] Sz_Depth_Cn_Inter_Border_Mode_Remap.Remap/178 (11 ms)
[ RUN      ] Sz_Depth_Cn_Inter_Border_Mode_Remap.Remap/179, where GetParam() = (1280x720, CV_8U, BGRA, INTER_CUBIC, BORDER_WRAP, REFLECTION_BOTH)
[ PERFSTAT ]    (samples=13   mean=0.16   median=0.16   min=0.16   stddev=0.00 (0.6%))
[       OK ] Sz_Depth_Cn_Inter_Border_Mode_Remap.Remap/179 (12 ms)
[ RUN      ] Sz_Depth_Cn_Inter_Border_Mode_Remap.Remap/180, where GetParam() = (1280x720, CV_16U, Gray, INTER_NEAREST, BORDER_REFLECT101, HALF_SIZE)
[ PERFSTAT ]    (samples=23   mean=0.02   median=0.02   min=0.02   stddev=0.00 (3.0%))
[       OK ] Sz_Depth_Cn_Inter_Border_Mode_Remap.Remap/180 (9 ms)
[ RUN      ] Sz_Depth_Cn_Inter_Border_Mode_Remap.Remap/181, where GetParam() = (1280x720, CV_16U, Gray, INTER_NEAREST, BORDER_REFLECT101, UPSIDE_DOWN)
[ PERFSTAT ]    (samples=25   mean=0.02   median=0.02   min=0.02   stddev=0.00 (1.7%))
[       OK ] Sz_Depth_Cn_Inter_Border_Mode_Remap.Remap/181 (8 ms)
[ RUN      ] Sz_Depth_Cn_Inter_Border_Mode_Remap.Remap/182, where GetParam() = (1280x720, CV_16U, Gray, INTER_NEAREST, BORDER_REFLECT101, REFLECTION_X)
[ PERFSTAT ]    (samples=25   mean=0.02   median=0.02   min=0.02   stddev=0.00 (2.6%))
[       OK ] Sz_Depth_Cn_Inter_Border_Mode_Remap.Remap/182 (7 ms)
[ RUN      ] Sz_Depth_Cn_Inter_Border_Mode_Remap.Remap/183, where GetParam() = (1280x720, CV_16U, Gray, INTER_NEAREST, BORDER_REFLECT101, REFLECTION_BOTH)
[ PERFSTAT ]    (samples=13   mean=0.02   median=0.02   min=0.02   stddev=0.00 (2.0%))
[       OK ] Sz_Depth_Cn_Inter_Border_Mode_Remap.Remap/183 (7 ms)
[ RUN      ] Sz_Depth_Cn_Inter_Border_Mode_Remap.Remap/184, where GetParam() = (1280x720, CV_16U, Gray, INTER_NEAREST, BORDER_REPLICATE, HALF_SIZE)
[ PERFSTAT ]    (samples=28   mean=0.02   median=0.02   min=0.02   stddev=0.00 (3.0%))
[       OK ] Sz_Depth_Cn_Inter_Border_Mode_Remap.Remap/184 (8 ms)
[ RUN      ] Sz_Depth_Cn_Inter_Border_Mode_Remap.Remap/185, where GetParam() = (1280x720, CV_16U, Gray, INTER_NEAREST, BORDER_REPLICATE, UPSIDE_DOWN)
[ PERFSTAT ]    (samples=38   mean=0.02   median=0.02   min=0.02   stddev=0.00 (2.7%))
[       OK ] Sz_Depth_Cn_Inter_Border_Mode_Remap.Remap/185 (8 ms)
[ RUN      ] Sz_Depth_Cn_Inter_Border_Mode_Remap.Remap/186, where GetParam() = (1280x720, CV_16U, Gray, INTER_NEAREST, BORDER_REPLICATE, REFLECTION_X)
[ PERFSTAT ]    (samples=17   mean=0.02   median=0.02   min=0.02   stddev=0.00 (2.9%))
[       OK ] Sz_Depth_Cn_Inter_Border_Mode_Remap.Remap/186 (8 ms)
[ RUN      ] Sz_Depth_Cn_Inter_Border_Mode_Remap.Remap/187, where GetParam() = (1280x720, CV_16U, Gray, INTER_NEAREST, BORDER_REPLICATE, REFLECTION_BOTH)
[ PERFSTAT ]    (samples=18   mean=0.02   median=0.02   min=0.02   stddev=0.00 (3.0%))
[       OK ] Sz_Depth_Cn_Inter_Border_Mode_Remap.Remap/187 (7 ms)
[ RUN      ] Sz_Depth_Cn_Inter_Border_Mode_Remap.Remap/188, where GetParam() = (1280x720, CV_16U, Gray, INTER_NEAREST, BORDER_CONSTANT, HALF_SIZE)
[ PERFSTAT ]    (samples=21   mean=0.02   median=0.02   min=0.02   stddev=0.00 (3.0%))
[       OK ] Sz_Depth_Cn_Inter_Border_Mode_Remap.Remap/188 (8 ms)
[ RUN      ] Sz_Depth_Cn_Inter_Border_Mode_Remap.Remap/189, where GetParam() = (1280x720, CV_16U, Gray, INTER_NEAREST, BORDER_CONSTANT, UPSIDE_DOWN)
[ PERFSTAT ]    (samples=50   mean=0.02   median=0.02   min=0.02   stddev=0.00 (2.5%))
[       OK ] Sz_Depth_Cn_Inter_Border_Mode_Remap.Remap/189 (8 ms)
[ RUN      ] Sz_Depth_Cn_Inter_Border_Mode_Remap.Remap/190, where GetParam() = (1280x720, CV_16U, Gray, INTER_NEAREST, BORDER_CONSTANT, REFLECTION_X)
[ PERFSTAT ]    (samples=14   mean=0.02   median=0.02   min=0.02   stddev=0.00 (3.0%))
[       OK ] Sz_Depth_Cn_Inter_Border_Mode_Remap.Remap/190 (7 ms)
[ RUN      ] Sz_Depth_Cn_Inter_Border_Mode_Remap.Remap/191, where GetParam() = (1280x720, CV_16U, Gray, INTER_NEAREST, BORDER_CONSTANT, REFLECTION_BOTH)
[ PERFSTAT ]    (samples=14   mean=0.02   median=0.02   min=0.02   stddev=0.00 (3.0%))
[       OK ] Sz_Depth_Cn_Inter_Border_Mode_Remap.Remap/191 (7 ms)
[ RUN      ] Sz_Depth_Cn_Inter_Border_Mode_Remap.Remap/192, where GetParam() = (1280x720, CV_16U, Gray, INTER_NEAREST, BORDER_REFLECT, HALF_SIZE)
[ PERFSTAT ]    (samples=13   mean=0.02   median=0.02   min=0.02   stddev=0.00 (2.7%))
[       OK ] Sz_Depth_Cn_Inter_Border_Mode_Remap.Remap/192 (8 ms)
[ RUN      ] Sz_Depth_Cn_Inter_Border_Mode_Remap.Remap/193, where GetParam() = (1280x720, CV_16U, Gray, INTER_NEAREST, BORDER_REFLECT, UPSIDE_DOWN)
[ PERFSTAT ]    (samples=13   mean=0.02   median=0.02   min=0.02   stddev=0.00 (1.7%))
[       OK ] Sz_Depth_Cn_Inter_Border_Mode_Remap.Remap/193 (7 ms)
[ RUN      ] Sz_Depth_Cn_Inter_Border_Mode_Remap.Remap/194, where GetParam() = (1280x720, CV_16U, Gray, INTER_NEAREST, BORDER_REFLECT, REFLECTION_X)
[ PERFSTAT ]    (samples=13   mean=0.02   median=0.02   min=0.02   stddev=0.00 (2.6%))
[       OK ] Sz_Depth_Cn_Inter_Border_Mode_Remap.Remap/194 (7 ms)
[ RUN      ] Sz_Depth_Cn_Inter_Border_Mode_Remap.Remap/195, where GetParam() = (1280x720, CV_16U, Gray, INTER_NEAREST, BORDER_REFLECT, REFLECTION_BOTH)
[ PERFSTAT ]    (samples=13   mean=0.02   median=0.02   min=0.02   stddev=0.00 (2.3%))
[       OK ] Sz_Depth_Cn_Inter_Border_Mode_Remap.Remap/195 (7 ms)
[ RUN      ] Sz_Depth_Cn_Inter_Border_Mode_Remap.Remap/196, where GetParam() = (1280x720, CV_16U, Gray, INTER_NEAREST, BORDER_WRAP, HALF_SIZE)
[ PERFSTAT ]    (samples=50   mean=0.02   median=0.02   min=0.02   stddev=0.00 (2.2%))
[       OK ] Sz_Depth_Cn_Inter_Border_Mode_Remap.Remap/196 (9 ms)
[ RUN      ] Sz_Depth_Cn_Inter_Border_Mode_Remap.Remap/197, where GetParam() = (1280x720, CV_16U, Gray, INTER_NEAREST, BORDER_WRAP, UPSIDE_DOWN)
[ PERFSTAT ]    (samples=25   mean=0.02   median=0.02   min=0.02   stddev=0.00 (2.7%))
[       OK ] Sz_Depth_Cn_Inter_Border_Mode_Remap.Remap/197 (7 ms)
[ RUN      ] Sz_Depth_Cn_Inter_Border_Mode_Remap.Remap/198, where GetParam() = (1280x720, CV_16U, Gray, INTER_NEAREST, BORDER_WRAP, REFLECTION_X)
[ PERFSTAT ]    (samples=25   mean=0.02   median=0.02   min=0.02   stddev=0.00 (2.4%))
[       OK ] Sz_Depth_Cn_Inter_Border_Mode_Remap.Remap/198 (8 ms)
[ RUN      ] Sz_Depth_Cn_Inter_Border_Mode_Remap.Remap/199, where GetParam() = (1280x720, CV_16U, Gray, INTER_NEAREST, BORDER_WRAP, REFLECTION_BOTH)
[ PERFSTAT ]    (samples=20   mean=0.02   median=0.02   min=0.02   stddev=0.00 (3.0%))
[       OK ] Sz_Depth_Cn_Inter_Border_Mode_Remap.Remap/199 (7 ms)
[ RUN      ] Sz_Depth_Cn_Inter_Border_Mode_Remap.Remap/200, where GetParam() = (1280x720, CV_16U, Gray, INTER_LINEAR, BORDER_REFLECT101, HALF_SIZE)
[ PERFSTAT ]    (samples=17   mean=0.03   median=0.03   min=0.03   stddev=0.00 (2.9%))
[       OK ] Sz_Depth_Cn_Inter_Border_Mode_Remap.Remap/200 (8 ms)
[ RUN      ] Sz_Depth_Cn_Inter_Border_Mode_Remap.Remap/201, where GetParam() = (1280x720, CV_16U, Gray, INTER_LINEAR, BORDER_REFLECT101, UPSIDE_DOWN)
[ PERFSTAT ]    (samples=13   mean=0.03   median=0.03   min=0.03   stddev=0.00 (2.1%))
[       OK ] Sz_Depth_Cn_Inter_Border_Mode_Remap.Remap/201 (7 ms)
[ RUN      ] Sz_Depth_Cn_Inter_Border_Mode_Remap.Remap/202, where GetParam() = (1280x720, CV_16U, Gray, INTER_LINEAR, BORDER_REFLECT101, REFLECTION_X)
[ PERFSTAT ]    (samples=13   mean=0.03   median=0.03   min=0.03   stddev=0.00 (2.6%))
[       OK ] Sz_Depth_Cn_Inter_Border_Mode_Remap.Remap/202 (7 ms)
[ RUN      ] Sz_Depth_Cn_Inter_Border_Mode_Remap.Remap/203, where GetParam() = (1280x720, CV_16U, Gray, INTER_LINEAR, BORDER_REFLECT101, REFLECTION_BOTH)
[ PERFSTAT ]    (samples=13   mean=0.03   median=0.03   min=0.03   stddev=0.00 (2.0%))
[       OK ] Sz_Depth_Cn_Inter_Border_Mode_Remap.Remap/203 (7 ms)
[ RUN      ] Sz_Depth_Cn_Inter_Border_Mode_Remap.Remap/204, where GetParam() = (1280x720, CV_16U, Gray, INTER_LINEAR, BORDER_REPLICATE, HALF_SIZE)
[ PERFSTAT ]    (samples=19   mean=0.02   median=0.02   min=0.02   stddev=0.00 (3.0%))
[       OK ] Sz_Depth_Cn_Inter_Border_Mode_Remap.Remap/204 (9 ms)
[ RUN      ] Sz_Depth_Cn_Inter_Border_Mode_Remap.Remap/205, where GetParam() = (1280x720, CV_16U, Gray, INTER_LINEAR, BORDER_REPLICATE, UPSIDE_DOWN)
[ PERFSTAT ]    (samples=25   mean=0.02   median=0.02   min=0.02   stddev=0.00 (2.1%))
[       OK ] Sz_Depth_Cn_Inter_Border_Mode_Remap.Remap/205 (7 ms)
[ RUN      ] Sz_Depth_Cn_Inter_Border_Mode_Remap.Remap/206, where GetParam() = (1280x720, CV_16U, Gray, INTER_LINEAR, BORDER_REPLICATE, REFLECTION_X)
[ PERFSTAT ]    (samples=13   mean=0.02   median=0.02   min=0.02   stddev=0.00 (2.7%))
[       OK ] Sz_Depth_Cn_Inter_Border_Mode_Remap.Remap/206 (7 ms)
[ RUN      ] Sz_Depth_Cn_Inter_Border_Mode_Remap.Remap/207, where GetParam() = (1280x720, CV_16U, Gray, INTER_LINEAR, BORDER_REPLICATE, REFLECTION_BOTH)
[ PERFSTAT ]    (samples=23   mean=0.02   median=0.02   min=0.02   stddev=0.00 (3.0%))
[       OK ] Sz_Depth_Cn_Inter_Border_Mode_Remap.Remap/207 (7 ms)
[ RUN      ] Sz_Depth_Cn_Inter_Border_Mode_Remap.Remap/208, where GetParam() = (1280x720, CV_16U, Gray, INTER_LINEAR, BORDER_CONSTANT, HALF_SIZE)
[ PERFSTAT ]    (samples=25   mean=0.02   median=0.02   min=0.02   stddev=0.00 (2.2%))
[       OK ] Sz_Depth_Cn_Inter_Border_Mode_Remap.Remap/208 (9 ms)
[ RUN      ] Sz_Depth_Cn_Inter_Border_Mode_Remap.Remap/209, where GetParam() = (1280x720, CV_16U, Gray, INTER_LINEAR, BORDER_CONSTANT, UPSIDE_DOWN)
[ PERFSTAT ]    (samples=13   mean=0.02   median=0.02   min=0.02   stddev=0.00 (2.1%))
[       OK ] Sz_Depth_Cn_Inter_Border_Mode_Remap.Remap/209 (7 ms)
[ RUN      ] Sz_Depth_Cn_Inter_Border_Mode_Remap.Remap/210, where GetParam() = (1280x720, CV_16U, Gray, INTER_LINEAR, BORDER_CONSTANT, REFLECTION_X)
[ PERFSTAT ]    (samples=13   mean=0.02   median=0.02   min=0.02   stddev=0.00 (1.7%))
[       OK ] Sz_Depth_Cn_Inter_Border_Mode_Remap.Remap/210 (7 ms)
[ RUN      ] Sz_Depth_Cn_Inter_Border_Mode_Remap.Remap/211, where GetParam() = (1280x720, CV_16U, Gray, INTER_LINEAR, BORDER_CONSTANT, REFLECTION_BOTH)
[ PERFSTAT ]    (samples=13   mean=0.02   median=0.02   min=0.02   stddev=0.00 (2.1%))
[       OK ] Sz_Depth_Cn_Inter_Border_Mode_Remap.Remap/211 (6 ms)
[ RUN      ] Sz_Depth_Cn_Inter_Border_Mode_Remap.Remap/212, where GetParam() = (1280x720, CV_16U, Gray, INTER_LINEAR, BORDER_REFLECT, HALF_SIZE)
[ PERFSTAT ]    (samples=13   mean=0.03   median=0.03   min=0.03   stddev=0.00 (2.3%))
[       OK ] Sz_Depth_Cn_Inter_Border_Mode_Remap.Remap/212 (9 ms)
[ RUN      ] Sz_Depth_Cn_Inter_Border_Mode_Remap.Remap/213, where GetParam() = (1280x720, CV_16U, Gray, INTER_LINEAR, BORDER_REFLECT, UPSIDE_DOWN)
[ PERFSTAT ]    (samples=13   mean=0.03   median=0.03   min=0.03   stddev=0.00 (3.0%))
[       OK ] Sz_Depth_Cn_Inter_Border_Mode_Remap.Remap/213 (7 ms)
[ RUN      ] Sz_Depth_Cn_Inter_Border_Mode_Remap.Remap/214, where GetParam() = (1280x720, CV_16U, Gray, INTER_LINEAR, BORDER_REFLECT, REFLECTION_X)
[ PERFSTAT ]    (samples=17   mean=0.03   median=0.03   min=0.03   stddev=0.00 (3.0%))
[       OK ] Sz_Depth_Cn_Inter_Border_Mode_Remap.Remap/214 (7 ms)
[ RUN      ] Sz_Depth_Cn_Inter_Border_Mode_Remap.Remap/215, where GetParam() = (1280x720, CV_16U, Gray, INTER_LINEAR, BORDER_REFLECT, REFLECTION_BOTH)
[ PERFSTAT ]    (samples=13   mean=0.03   median=0.03   min=0.03   stddev=0.00 (2.2%))
[       OK ] Sz_Depth_Cn_Inter_Border_Mode_Remap.Remap/215 (7 ms)
[ RUN      ] Sz_Depth_Cn_Inter_Border_Mode_Remap.Remap/216, where GetParam() = (1280x720, CV_16U, Gray, INTER_LINEAR, BORDER_WRAP, HALF_SIZE)
[ PERFSTAT ]    (samples=13   mean=0.03   median=0.03   min=0.03   stddev=0.00 (2.9%))
[       OK ] Sz_Depth_Cn_Inter_Border_Mode_Remap.Remap/216 (8 ms)
[ RUN      ] Sz_Depth_Cn_Inter_Border_Mode_Remap.Remap/217, where GetParam() = (1280x720, CV_16U, Gray, INTER_LINEAR, BORDER_WRAP, UPSIDE_DOWN)
[ PERFSTAT ]    (samples=13   mean=0.03   median=0.03   min=0.03   stddev=0.00 (2.2%))
[       OK ] Sz_Depth_Cn_Inter_Border_Mode_Remap.Remap/217 (7 ms)
[ RUN      ] Sz_Depth_Cn_Inter_Border_Mode_Remap.Remap/218, where GetParam() = (1280x720, CV_16U, Gray, INTER_LINEAR, BORDER_WRAP, REFLECTION_X)
[ PERFSTAT ]    (samples=13   mean=0.03   median=0.03   min=0.03   stddev=0.00 (3.0%))
[       OK ] Sz_Depth_Cn_Inter_Border_Mode_Remap.Remap/218 (7 ms)
[ RUN      ] Sz_Depth_Cn_Inter_Border_Mode_Remap.Remap/219, where GetParam() = (1280x720, CV_16U, Gray, INTER_LINEAR, BORDER_WRAP, REFLECTION_BOTH)
[ PERFSTAT ]    (samples=13   mean=0.03   median=0.03   min=0.03   stddev=0.00 (2.0%))
[       OK ] Sz_Depth_Cn_Inter_Border_Mode_Remap.Remap/219 (7 ms)
[ RUN      ] Sz_Depth_Cn_Inter_Border_Mode_Remap.Remap/220, where GetParam() = (1280x720, CV_16U, Gray, INTER_CUBIC, BORDER_REFLECT101, HALF_SIZE)
[ PERFSTAT ]    (samples=13   mean=0.13   median=0.13   min=0.13   stddev=0.00 (1.2%))
[       OK ] Sz_Depth_Cn_Inter_Border_Mode_Remap.Remap/220 (11 ms)
[ RUN      ] Sz_Depth_Cn_Inter_Border_Mode_Remap.Remap/221, where GetParam() = (1280x720, CV_16U, Gray, INTER_CUBIC, BORDER_REFLECT101, UPSIDE_DOWN)
[ PERFSTAT ]    (samples=13   mean=0.14   median=0.14   min=0.14   stddev=0.00 (0.6%))
[       OK ] Sz_Depth_Cn_Inter_Border_Mode_Remap.Remap/221 (8 ms)
[ RUN      ] Sz_Depth_Cn_Inter_Border_Mode_Remap.Remap/222, where GetParam() = (1280x720, CV_16U, Gray, INTER_CUBIC, BORDER_REFLECT101, REFLECTION_X)
[ PERFSTAT ]    (samples=13   mean=0.14   median=0.14   min=0.14   stddev=0.00 (0.7%))
[       OK ] Sz_Depth_Cn_Inter_Border_Mode_Remap.Remap/222 (9 ms)
[ RUN      ] Sz_Depth_Cn_Inter_Border_Mode_Remap.Remap/223, where GetParam() = (1280x720, CV_16U, Gray, INTER_CUBIC, BORDER_REFLECT101, REFLECTION_BOTH)
[ PERFSTAT ]    (samples=13   mean=0.14   median=0.14   min=0.14   stddev=0.00 (0.9%))
[       OK ] Sz_Depth_Cn_Inter_Border_Mode_Remap.Remap/223 (8 ms)
[ RUN      ] Sz_Depth_Cn_Inter_Border_Mode_Remap.Remap/224, where GetParam() = (1280x720, CV_16U, Gray, INTER_CUBIC, BORDER_REPLICATE, HALF_SIZE)
[ PERFSTAT ]    (samples=13   mean=0.07   median=0.07   min=0.07   stddev=0.00 (2.7%))
[       OK ] Sz_Depth_Cn_Inter_Border_Mode_Remap.Remap/224 (9 ms)
[ RUN      ] Sz_Depth_Cn_Inter_Border_Mode_Remap.Remap/225, where GetParam() = (1280x720, CV_16U, Gray, INTER_CUBIC, BORDER_REPLICATE, UPSIDE_DOWN)
[ PERFSTAT ]    (samples=13   mean=0.07   median=0.07   min=0.07   stddev=0.00 (2.3%))
[       OK ] Sz_Depth_Cn_Inter_Border_Mode_Remap.Remap/225 (7 ms)
[ RUN      ] Sz_Depth_Cn_Inter_Border_Mode_Remap.Remap/226, where GetParam() = (1280x720, CV_16U, Gray, INTER_CUBIC, BORDER_REPLICATE, REFLECTION_X)
[ PERFSTAT ]    (samples=19   mean=0.07   median=0.07   min=0.07   stddev=0.00 (2.9%))
[       OK ] Sz_Depth_Cn_Inter_Border_Mode_Remap.Remap/226 (8 ms)
[ RUN      ] Sz_Depth_Cn_Inter_Border_Mode_Remap.Remap/227, where GetParam() = (1280x720, CV_16U, Gray, INTER_CUBIC, BORDER_REPLICATE, REFLECTION_BOTH)
[ PERFSTAT ]    (samples=13   mean=0.07   median=0.07   min=0.07   stddev=0.00 (2.2%))
[       OK ] Sz_Depth_Cn_Inter_Border_Mode_Remap.Remap/227 (8 ms)
[ RUN      ] Sz_Depth_Cn_Inter_Border_Mode_Remap.Remap/228, where GetParam() = (1280x720, CV_16U, Gray, INTER_CUBIC, BORDER_CONSTANT, HALF_SIZE)
[ PERFSTAT ]    (samples=13   mean=0.07   median=0.07   min=0.07   stddev=0.00 (2.1%))
[       OK ] Sz_Depth_Cn_Inter_Border_Mode_Remap.Remap/228 (9 ms)
[ RUN      ] Sz_Depth_Cn_Inter_Border_Mode_Remap.Remap/229, where GetParam() = (1280x720, CV_16U, Gray, INTER_CUBIC, BORDER_CONSTANT, UPSIDE_DOWN)
[ PERFSTAT ]    (samples=13   mean=0.08   median=0.08   min=0.08   stddev=0.00 (1.5%))
[       OK ] Sz_Depth_Cn_Inter_Border_Mode_Remap.Remap/229 (7 ms)
[ RUN      ] Sz_Depth_Cn_Inter_Border_Mode_Remap.Remap/230, where GetParam() = (1280x720, CV_16U, Gray, INTER_CUBIC, BORDER_CONSTANT, REFLECTION_X)
[ PERFSTAT ]    (samples=13   mean=0.08   median=0.08   min=0.08   stddev=0.00 (1.7%))
[       OK ] Sz_Depth_Cn_Inter_Border_Mode_Remap.Remap/230 (8 ms)
[ RUN      ] Sz_Depth_Cn_Inter_Border_Mode_Remap.Remap/231, where GetParam() = (1280x720, CV_16U, Gray, INTER_CUBIC, BORDER_CONSTANT, REFLECTION_BOTH)
[ PERFSTAT ]    (samples=13   mean=0.08   median=0.08   min=0.08   stddev=0.00 (1.5%))
[       OK ] Sz_Depth_Cn_Inter_Border_Mode_Remap.Remap/231 (8 ms)
[ RUN      ] Sz_Depth_Cn_Inter_Border_Mode_Remap.Remap/232, where GetParam() = (1280x720, CV_16U, Gray, INTER_CUBIC, BORDER_REFLECT, HALF_SIZE)
[ PERFSTAT ]    (samples=13   mean=0.15   median=0.15   min=0.15   stddev=0.00 (0.9%))
[       OK ] Sz_Depth_Cn_Inter_Border_Mode_Remap.Remap/232 (9 ms)
[ RUN      ] Sz_Depth_Cn_Inter_Border_Mode_Remap.Remap/233, where GetParam() = (1280x720, CV_16U, Gray, INTER_CUBIC, BORDER_REFLECT, UPSIDE_DOWN)
[ PERFSTAT ]    (samples=13   mean=0.16   median=0.16   min=0.16   stddev=0.00 (0.8%))
[       OK ] Sz_Depth_Cn_Inter_Border_Mode_Remap.Remap/233 (9 ms)
[ RUN      ] Sz_Depth_Cn_Inter_Border_Mode_Remap.Remap/234, where GetParam() = (1280x720, CV_16U, Gray, INTER_CUBIC, BORDER_REFLECT, REFLECTION_X)
[ PERFSTAT ]    (samples=13   mean=0.16   median=0.16   min=0.16   stddev=0.00 (0.5%))
[       OK ] Sz_Depth_Cn_Inter_Border_Mode_Remap.Remap/234 (9 ms)
[ RUN      ] Sz_Depth_Cn_Inter_Border_Mode_Remap.Remap/235, where GetParam() = (1280x720, CV_16U, Gray, INTER_CUBIC, BORDER_REFLECT, REFLECTION_BOTH)
[ PERFSTAT ]    (samples=13   mean=0.16   median=0.16   min=0.16   stddev=0.00 (0.5%))
[       OK ] Sz_Depth_Cn_Inter_Border_Mode_Remap.Remap/235 (9 ms)
[ RUN      ] Sz_Depth_Cn_Inter_Border_Mode_Remap.Remap/236, where GetParam() = (1280x720, CV_16U, Gray, INTER_CUBIC, BORDER_WRAP, HALF_SIZE)
[ PERFSTAT ]    (samples=13   mean=0.14   median=0.14   min=0.14   stddev=0.00 (1.7%))
[       OK ] Sz_Depth_Cn_Inter_Border_Mode_Remap.Remap/236 (9 ms)
[ RUN      ] Sz_Depth_Cn_Inter_Border_Mode_Remap.Remap/237, where GetParam() = (1280x720, CV_16U, Gray, INTER_CUBIC, BORDER_WRAP, UPSIDE_DOWN)
[ PERFSTAT ]    (samples=13   mean=0.12   median=0.12   min=0.12   stddev=0.00 (0.8%))
[       OK ] Sz_Depth_Cn_Inter_Border_Mode_Remap.Remap/237 (9 ms)
[ RUN      ] Sz_Depth_Cn_Inter_Border_Mode_Remap.Remap/238, where GetParam() = (1280x720, CV_16U, Gray, INTER_CUBIC, BORDER_WRAP, REFLECTION_X)
[ PERFSTAT ]    (samples=13   mean=0.12   median=0.12   min=0.12   stddev=0.00 (0.5%))
[       OK ] Sz_Depth_Cn_Inter_Border_Mode_Remap.Remap/238 (8 ms)
[ RUN      ] Sz_Depth_Cn_Inter_Border_Mode_Remap.Remap/239, where GetParam() = (1280x720, CV_16U, Gray, INTER_CUBIC, BORDER_WRAP, REFLECTION_BOTH)
[ PERFSTAT ]    (samples=13   mean=0.12   median=0.12   min=0.12   stddev=0.00 (0.8%))
[       OK ] Sz_Depth_Cn_Inter_Border_Mode_Remap.Remap/239 (8 ms)
[ RUN      ] Sz_Depth_Cn_Inter_Border_Mode_Remap.Remap/240, where GetParam() = (1280x720, CV_16U, BGR, INTER_NEAREST, BORDER_REFLECT101, HALF_SIZE)
[ PERFSTAT ]    (samples=13   mean=0.02   median=0.02   min=0.02   stddev=0.00 (1.6%))
[       OK ] Sz_Depth_Cn_Inter_Border_Mode_Remap.Remap/240 (13 ms)
[ RUN      ] Sz_Depth_Cn_Inter_Border_Mode_Remap.Remap/241, where GetParam() = (1280x720, CV_16U, BGR, INTER_NEAREST, BORDER_REFLECT101, UPSIDE_DOWN)
[ PERFSTAT ]    (samples=13   mean=0.02   median=0.02   min=0.02   stddev=0.00 (2.0%))
[       OK ] Sz_Depth_Cn_Inter_Border_Mode_Remap.Remap/241 (11 ms)
[ RUN      ] Sz_Depth_Cn_Inter_Border_Mode_Remap.Remap/242, where GetParam() = (1280x720, CV_16U, BGR, INTER_NEAREST, BORDER_REFLECT101, REFLECTION_X)
[ PERFSTAT ]    (samples=13   mean=0.02   median=0.02   min=0.02   stddev=0.00 (1.7%))
[       OK ] Sz_Depth_Cn_Inter_Border_Mode_Remap.Remap/242 (11 ms)
[ RUN      ] Sz_Depth_Cn_Inter_Border_Mode_Remap.Remap/243, where GetParam() = (1280x720, CV_16U, BGR, INTER_NEAREST, BORDER_REFLECT101, REFLECTION_BOTH)
[ PERFSTAT ]    (samples=13   mean=0.02   median=0.02   min=0.02   stddev=0.00 (1.4%))
[       OK ] Sz_Depth_Cn_Inter_Border_Mode_Remap.Remap/243 (11 ms)
[ RUN      ] Sz_Depth_Cn_Inter_Border_Mode_Remap.Remap/244, where GetParam() = (1280x720, CV_16U, BGR, INTER_NEAREST, BORDER_REPLICATE, HALF_SIZE)
[ PERFSTAT ]    (samples=13   mean=0.02   median=0.02   min=0.02   stddev=0.00 (1.6%))
[       OK ] Sz_Depth_Cn_Inter_Border_Mode_Remap.Remap/244 (12 ms)
[ RUN      ] Sz_Depth_Cn_Inter_Border_Mode_Remap.Remap/245, where GetParam() = (1280x720, CV_16U, BGR, INTER_NEAREST, BORDER_REPLICATE, UPSIDE_DOWN)
[ PERFSTAT ]    (samples=13   mean=0.02   median=0.02   min=0.02   stddev=0.00 (1.5%))
[       OK ] Sz_Depth_Cn_Inter_Border_Mode_Remap.Remap/245 (11 ms)
[ RUN      ] Sz_Depth_Cn_Inter_Border_Mode_Remap.Remap/246, where GetParam() = (1280x720, CV_16U, BGR, INTER_NEAREST, BORDER_REPLICATE, REFLECTION_X)
[ PERFSTAT ]    (samples=13   mean=0.02   median=0.02   min=0.02   stddev=0.00 (2.6%))
[       OK ] Sz_Depth_Cn_Inter_Border_Mode_Remap.Remap/246 (11 ms)
[ RUN      ] Sz_Depth_Cn_Inter_Border_Mode_Remap.Remap/247, where GetParam() = (1280x720, CV_16U, BGR, INTER_NEAREST, BORDER_REPLICATE, REFLECTION_BOTH)
[ PERFSTAT ]    (samples=13   mean=0.02   median=0.02   min=0.02   stddev=0.00 (2.1%))
[       OK ] Sz_Depth_Cn_Inter_Border_Mode_Remap.Remap/247 (11 ms)
[ RUN      ] Sz_Depth_Cn_Inter_Border_Mode_Remap.Remap/248, where GetParam() = (1280x720, CV_16U, BGR, INTER_NEAREST, BORDER_CONSTANT, HALF_SIZE)
[ PERFSTAT ]    (samples=17   mean=0.02   median=0.02   min=0.02   stddev=0.00 (3.0%))
[       OK ] Sz_Depth_Cn_Inter_Border_Mode_Remap.Remap/248 (12 ms)
[ RUN      ] Sz_Depth_Cn_Inter_Border_Mode_Remap.Remap/249, where GetParam() = (1280x720, CV_16U, BGR, INTER_NEAREST, BORDER_CONSTANT, UPSIDE_DOWN)
[ PERFSTAT ]    (samples=19   mean=0.02   median=0.02   min=0.02   stddev=0.00 (2.9%))
[       OK ] Sz_Depth_Cn_Inter_Border_Mode_Remap.Remap/249 (11 ms)
[ RUN      ] Sz_Depth_Cn_Inter_Border_Mode_Remap.Remap/250, where GetParam() = (1280x720, CV_16U, BGR, INTER_NEAREST, BORDER_CONSTANT, REFLECTION_X)
[ PERFSTAT ]    (samples=13   mean=0.02   median=0.02   min=0.02   stddev=0.00 (1.4%))
[       OK ] Sz_Depth_Cn_Inter_Border_Mode_Remap.Remap/250 (11 ms)
[ RUN      ] Sz_Depth_Cn_Inter_Border_Mode_Remap.Remap/251, where GetParam() = (1280x720, CV_16U, BGR, INTER_NEAREST, BORDER_CONSTANT, REFLECTION_BOTH)
[ PERFSTAT ]    (samples=13   mean=0.02   median=0.02   min=0.02   stddev=0.00 (2.2%))
[       OK ] Sz_Depth_Cn_Inter_Border_Mode_Remap.Remap/251 (11 ms)
[ RUN      ] Sz_Depth_Cn_Inter_Border_Mode_Remap.Remap/252, where GetParam() = (1280x720, CV_16U, BGR, INTER_NEAREST, BORDER_REFLECT, HALF_SIZE)
[ PERFSTAT ]    (samples=25   mean=0.02   median=0.02   min=0.02   stddev=0.00 (1.4%))
[       OK ] Sz_Depth_Cn_Inter_Border_Mode_Remap.Remap/252 (12 ms)
[ RUN      ] Sz_Depth_Cn_Inter_Border_Mode_Remap.Remap/253, where GetParam() = (1280x720, CV_16U, BGR, INTER_NEAREST, BORDER_REFLECT, UPSIDE_DOWN)
[ PERFSTAT ]    (samples=13   mean=0.02   median=0.02   min=0.02   stddev=0.00 (1.4%))
[       OK ] Sz_Depth_Cn_Inter_Border_Mode_Remap.Remap/253 (11 ms)
[ RUN      ] Sz_Depth_Cn_Inter_Border_Mode_Remap.Remap/254, where GetParam() = (1280x720, CV_16U, BGR, INTER_NEAREST, BORDER_REFLECT, REFLECTION_X)
[ PERFSTAT ]    (samples=13   mean=0.02   median=0.02   min=0.02   stddev=0.00 (1.5%))
[       OK ] Sz_Depth_Cn_Inter_Border_Mode_Remap.Remap/254 (11 ms)
[ RUN      ] Sz_Depth_Cn_Inter_Border_Mode_Remap.Remap/255, where GetParam() = (1280x720, CV_16U, BGR, INTER_NEAREST, BORDER_REFLECT, REFLECTION_BOTH)
[ PERFSTAT ]    (samples=25   mean=0.02   median=0.02   min=0.02   stddev=0.00 (1.6%))
[       OK ] Sz_Depth_Cn_Inter_Border_Mode_Remap.Remap/255 (11 ms)
[ RUN      ] Sz_Depth_Cn_Inter_Border_Mode_Remap.Remap/256, where GetParam() = (1280x720, CV_16U, BGR, INTER_NEAREST, BORDER_WRAP, HALF_SIZE)
[ PERFSTAT ]    (samples=13   mean=0.02   median=0.02   min=0.02   stddev=0.00 (2.0%))
[       OK ] Sz_Depth_Cn_Inter_Border_Mode_Remap.Remap/256 (13 ms)
[ RUN      ] Sz_Depth_Cn_Inter_Border_Mode_Remap.Remap/257, where GetParam() = (1280x720, CV_16U, BGR, INTER_NEAREST, BORDER_WRAP, UPSIDE_DOWN)
[ PERFSTAT ]    (samples=13   mean=0.02   median=0.02   min=0.02   stddev=0.00 (2.4%))
[       OK ] Sz_Depth_Cn_Inter_Border_Mode_Remap.Remap/257 (11 ms)
[ RUN      ] Sz_Depth_Cn_Inter_Border_Mode_Remap.Remap/258, where GetParam() = (1280x720, CV_16U, BGR, INTER_NEAREST, BORDER_WRAP, REFLECTION_X)
[ PERFSTAT ]    (samples=13   mean=0.02   median=0.02   min=0.02   stddev=0.00 (1.4%))
[       OK ] Sz_Depth_Cn_Inter_Border_Mode_Remap.Remap/258 (11 ms)
[ RUN      ] Sz_Depth_Cn_Inter_Border_Mode_Remap.Remap/259, where GetParam() = (1280x720, CV_16U, BGR, INTER_NEAREST, BORDER_WRAP, REFLECTION_BOTH)
[ PERFSTAT ]    (samples=13   mean=0.02   median=0.02   min=0.02   stddev=0.00 (2.2%))
[       OK ] Sz_Depth_Cn_Inter_Border_Mode_Remap.Remap/259 (12 ms)
[ RUN      ] Sz_Depth_Cn_Inter_Border_Mode_Remap.Remap/260, where GetParam() = (1280x720, CV_16U, BGR, INTER_LINEAR, BORDER_REFLECT101, HALF_SIZE)
[ PERFSTAT ]    (samples=25   mean=0.03   median=0.03   min=0.03   stddev=0.00 (1.6%))
[       OK ] Sz_Depth_Cn_Inter_Border_Mode_Remap.Remap/260 (13 ms)
[ RUN      ] Sz_Depth_Cn_Inter_Border_Mode_Remap.Remap/261, where GetParam() = (1280x720, CV_16U, BGR, INTER_LINEAR, BORDER_REFLECT101, UPSIDE_DOWN)
[ PERFSTAT ]    (samples=13   mean=0.03   median=0.03   min=0.03   stddev=0.00 (0.8%))
[       OK ] Sz_Depth_Cn_Inter_Border_Mode_Remap.Remap/261 (11 ms)
[ RUN      ] Sz_Depth_Cn_Inter_Border_Mode_Remap.Remap/262, where GetParam() = (1280x720, CV_16U, BGR, INTER_LINEAR, BORDER_REFLECT101, REFLECTION_X)
[ PERFSTAT ]    (samples=13   mean=0.03   median=0.03   min=0.03   stddev=0.00 (0.9%))
[       OK ] Sz_Depth_Cn_Inter_Border_Mode_Remap.Remap/262 (11 ms)
[ RUN      ] Sz_Depth_Cn_Inter_Border_Mode_Remap.Remap/263, where GetParam() = (1280x720, CV_16U, BGR, INTER_LINEAR, BORDER_REFLECT101, REFLECTION_BOTH)
[ PERFSTAT ]    (samples=13   mean=0.03   median=0.03   min=0.03   stddev=0.00 (1.0%))
[       OK ] Sz_Depth_Cn_Inter_Border_Mode_Remap.Remap/263 (11 ms)
[ RUN      ] Sz_Depth_Cn_Inter_Border_Mode_Remap.Remap/264, where GetParam() = (1280x720, CV_16U, BGR, INTER_LINEAR, BORDER_REPLICATE, HALF_SIZE)
[ PERFSTAT ]    (samples=21   mean=0.02   median=0.02   min=0.02   stddev=0.00 (3.0%))
[       OK ] Sz_Depth_Cn_Inter_Border_Mode_Remap.Remap/264 (13 ms)
[ RUN      ] Sz_Depth_Cn_Inter_Border_Mode_Remap.Remap/265, where GetParam() = (1280x720, CV_16U, BGR, INTER_LINEAR, BORDER_REPLICATE, UPSIDE_DOWN)
[ PERFSTAT ]    (samples=13   mean=0.02   median=0.02   min=0.02   stddev=0.00 (1.9%))
[       OK ] Sz_Depth_Cn_Inter_Border_Mode_Remap.Remap/265 (11 ms)
[ RUN      ] Sz_Depth_Cn_Inter_Border_Mode_Remap.Remap/266, where GetParam() = (1280x720, CV_16U, BGR, INTER_LINEAR, BORDER_REPLICATE, REFLECTION_X)
[ PERFSTAT ]    (samples=13   mean=0.02   median=0.02   min=0.02   stddev=0.00 (1.6%))
[       OK ] Sz_Depth_Cn_Inter_Border_Mode_Remap.Remap/266 (10 ms)
[ RUN      ] Sz_Depth_Cn_Inter_Border_Mode_Remap.Remap/267, where GetParam() = (1280x720, CV_16U, BGR, INTER_LINEAR, BORDER_REPLICATE, REFLECTION_BOTH)
[ PERFSTAT ]    (samples=13   mean=0.02   median=0.02   min=0.02   stddev=0.00 (1.5%))
[       OK ] Sz_Depth_Cn_Inter_Border_Mode_Remap.Remap/267 (11 ms)
[ RUN      ] Sz_Depth_Cn_Inter_Border_Mode_Remap.Remap/268, where GetParam() = (1280x720, CV_16U, BGR, INTER_LINEAR, BORDER_CONSTANT, HALF_SIZE)
[ PERFSTAT ]    (samples=13   mean=0.02   median=0.02   min=0.02   stddev=0.00 (1.9%))
[       OK ] Sz_Depth_Cn_Inter_Border_Mode_Remap.Remap/268 (13 ms)
[ RUN      ] Sz_Depth_Cn_Inter_Border_Mode_Remap.Remap/269, where GetParam() = (1280x720, CV_16U, BGR, INTER_LINEAR, BORDER_CONSTANT, UPSIDE_DOWN)
[ PERFSTAT ]    (samples=13   mean=0.02   median=0.02   min=0.02   stddev=0.00 (1.2%))
[       OK ] Sz_Depth_Cn_Inter_Border_Mode_Remap.Remap/269 (11 ms)
[ RUN      ] Sz_Depth_Cn_Inter_Border_Mode_Remap.Remap/270, where GetParam() = (1280x720, CV_16U, BGR, INTER_LINEAR, BORDER_CONSTANT, REFLECTION_X)
[ PERFSTAT ]    (samples=13   mean=0.03   median=0.03   min=0.03   stddev=0.00 (1.6%))
[       OK ] Sz_Depth_Cn_Inter_Border_Mode_Remap.Remap/270 (11 ms)
[ RUN      ] Sz_Depth_Cn_Inter_Border_Mode_Remap.Remap/271, where GetParam() = (1280x720, CV_16U, BGR, INTER_LINEAR, BORDER_CONSTANT, REFLECTION_BOTH)
[ PERFSTAT ]    (samples=13   mean=0.03   median=0.03   min=0.03   stddev=0.00 (1.8%))
[       OK ] Sz_Depth_Cn_Inter_Border_Mode_Remap.Remap/271 (11 ms)
[ RUN      ] Sz_Depth_Cn_Inter_Border_Mode_Remap.Remap/272, where GetParam() = (1280x720, CV_16U, BGR, INTER_LINEAR, BORDER_REFLECT, HALF_SIZE)
[ PERFSTAT ]    (samples=25   mean=0.03   median=0.03   min=0.03   stddev=0.00 (1.1%))
[       OK ] Sz_Depth_Cn_Inter_Border_Mode_Remap.Remap/272 (13 ms)
[ RUN      ] Sz_Depth_Cn_Inter_Border_Mode_Remap.Remap/273, where GetParam() = (1280x720, CV_16U, BGR, INTER_LINEAR, BORDER_REFLECT, UPSIDE_DOWN)
[ PERFSTAT ]    (samples=13   mean=0.03   median=0.03   min=0.03   stddev=0.00 (0.9%))
[       OK ] Sz_Depth_Cn_Inter_Border_Mode_Remap.Remap/273 (11 ms)
[ RUN      ] Sz_Depth_Cn_Inter_Border_Mode_Remap.Remap/274, where GetParam() = (1280x720, CV_16U, BGR, INTER_LINEAR, BORDER_REFLECT, REFLECTION_X)
[ PERFSTAT ]    (samples=13   mean=0.03   median=0.03   min=0.03   stddev=0.00 (1.1%))
[       OK ] Sz_Depth_Cn_Inter_Border_Mode_Remap.Remap/274 (11 ms)
[ RUN      ] Sz_Depth_Cn_Inter_Border_Mode_Remap.Remap/275, where GetParam() = (1280x720, CV_16U, BGR, INTER_LINEAR, BORDER_REFLECT, REFLECTION_BOTH)
[ PERFSTAT ]    (samples=13   mean=0.03   median=0.03   min=0.03   stddev=0.00 (1.2%))
[       OK ] Sz_Depth_Cn_Inter_Border_Mode_Remap.Remap/275 (11 ms)
[ RUN      ] Sz_Depth_Cn_Inter_Border_Mode_Remap.Remap/276, where GetParam() = (1280x720, CV_16U, BGR, INTER_LINEAR, BORDER_WRAP, HALF_SIZE)
[ PERFSTAT ]    (samples=13   mean=0.03   median=0.03   min=0.03   stddev=0.00 (1.0%))
[       OK ] Sz_Depth_Cn_Inter_Border_Mode_Remap.Remap/276 (13 ms)
[ RUN      ] Sz_Depth_Cn_Inter_Border_Mode_Remap.Remap/277, where GetParam() = (1280x720, CV_16U, BGR, INTER_LINEAR, BORDER_WRAP, UPSIDE_DOWN)
[ PERFSTAT ]    (samples=13   mean=0.03   median=0.03   min=0.03   stddev=0.00 (0.9%))
[       OK ] Sz_Depth_Cn_Inter_Border_Mode_Remap.Remap/277 (10 ms)
[ RUN      ] Sz_Depth_Cn_Inter_Border_Mode_Remap.Remap/278, where GetParam() = (1280x720, CV_16U, BGR, INTER_LINEAR, BORDER_WRAP, REFLECTION_X)
[ PERFSTAT ]    (samples=13   mean=0.03   median=0.03   min=0.03   stddev=0.00 (1.3%))
[       OK ] Sz_Depth_Cn_Inter_Border_Mode_Remap.Remap/278 (11 ms)
[ RUN      ] Sz_Depth_Cn_Inter_Border_Mode_Remap.Remap/279, where GetParam() = (1280x720, CV_16U, BGR, INTER_LINEAR, BORDER_WRAP, REFLECTION_BOTH)
[ PERFSTAT ]    (samples=13   mean=0.03   median=0.03   min=0.03   stddev=0.00 (1.0%))
[       OK ] Sz_Depth_Cn_Inter_Border_Mode_Remap.Remap/279 (11 ms)
[ RUN      ] Sz_Depth_Cn_Inter_Border_Mode_Remap.Remap/280, where GetParam() = (1280x720, CV_16U, BGR, INTER_CUBIC, BORDER_REFLECT101, HALF_SIZE)
[ PERFSTAT ]    (samples=13   mean=0.14   median=0.14   min=0.14   stddev=0.00 (0.3%))
[       OK ] Sz_Depth_Cn_Inter_Border_Mode_Remap.Remap/280 (14 ms)
[ RUN      ] Sz_Depth_Cn_Inter_Border_Mode_Remap.Remap/281, where GetParam() = (1280x720, CV_16U, BGR, INTER_CUBIC, BORDER_REFLECT101, UPSIDE_DOWN)
[ PERFSTAT ]    (samples=13   mean=0.15   median=0.15   min=0.15   stddev=0.00 (0.4%))
[       OK ] Sz_Depth_Cn_Inter_Border_Mode_Remap.Remap/281 (13 ms)
[ RUN      ] Sz_Depth_Cn_Inter_Border_Mode_Remap.Remap/282, where GetParam() = (1280x720, CV_16U, BGR, INTER_CUBIC, BORDER_REFLECT101, REFLECTION_X)
[ PERFSTAT ]    (samples=13   mean=0.15   median=0.15   min=0.15   stddev=0.00 (0.2%))
[       OK ] Sz_Depth_Cn_Inter_Border_Mode_Remap.Remap/282 (12 ms)
[ RUN      ] Sz_Depth_Cn_Inter_Border_Mode_Remap.Remap/283, where GetParam() = (1280x720, CV_16U, BGR, INTER_CUBIC, BORDER_REFLECT101, REFLECTION_BOTH)
[ PERFSTAT ]    (samples=13   mean=0.15   median=0.15   min=0.15   stddev=0.00 (0.3%))
[       OK ] Sz_Depth_Cn_Inter_Border_Mode_Remap.Remap/283 (13 ms)
[ RUN      ] Sz_Depth_Cn_Inter_Border_Mode_Remap.Remap/284, where GetParam() = (1280x720, CV_16U, BGR, INTER_CUBIC, BORDER_REPLICATE, HALF_SIZE)
[ PERFSTAT ]    (samples=13   mean=0.09   median=0.09   min=0.09   stddev=0.00 (0.3%))
[       OK ] Sz_Depth_Cn_Inter_Border_Mode_Remap.Remap/284 (13 ms)
[ RUN      ] Sz_Depth_Cn_Inter_Border_Mode_Remap.Remap/285, where GetParam() = (1280x720, CV_16U, BGR, INTER_CUBIC, BORDER_REPLICATE, UPSIDE_DOWN)
[ PERFSTAT ]    (samples=13   mean=0.09   median=0.09   min=0.09   stddev=0.00 (0.4%))
[       OK ] Sz_Depth_Cn_Inter_Border_Mode_Remap.Remap/285 (12 ms)
[ RUN      ] Sz_Depth_Cn_Inter_Border_Mode_Remap.Remap/286, where GetParam() = (1280x720, CV_16U, BGR, INTER_CUBIC, BORDER_REPLICATE, REFLECTION_X)
[ PERFSTAT ]    (samples=13   mean=0.09   median=0.09   min=0.09   stddev=0.00 (1.5%))
[       OK ] Sz_Depth_Cn_Inter_Border_Mode_Remap.Remap/286 (11 ms)
[ RUN      ] Sz_Depth_Cn_Inter_Border_Mode_Remap.Remap/287, where GetParam() = (1280x720, CV_16U, BGR, INTER_CUBIC, BORDER_REPLICATE, REFLECTION_BOTH)
[ PERFSTAT ]    (samples=13   mean=0.09   median=0.09   min=0.09   stddev=0.00 (0.4%))
[       OK ] Sz_Depth_Cn_Inter_Border_Mode_Remap.Remap/287 (11 ms)
[ RUN      ] Sz_Depth_Cn_Inter_Border_Mode_Remap.Remap/288, where GetParam() = (1280x720, CV_16U, BGR, INTER_CUBIC, BORDER_CONSTANT, HALF_SIZE)
[ PERFSTAT ]    (samples=13   mean=0.09   median=0.09   min=0.09   stddev=0.00 (0.5%))
[       OK ] Sz_Depth_Cn_Inter_Border_Mode_Remap.Remap/288 (13 ms)
[ RUN      ] Sz_Depth_Cn_Inter_Border_Mode_Remap.Remap/289, where GetParam() = (1280x720, CV_16U, BGR, INTER_CUBIC, BORDER_CONSTANT, UPSIDE_DOWN)
[ PERFSTAT ]    (samples=13   mean=0.10   median=0.10   min=0.10   stddev=0.00 (0.4%))
[       OK ] Sz_Depth_Cn_Inter_Border_Mode_Remap.Remap/289 (12 ms)
[ RUN      ] Sz_Depth_Cn_Inter_Border_Mode_Remap.Remap/290, where GetParam() = (1280x720, CV_16U, BGR, INTER_CUBIC, BORDER_CONSTANT, REFLECTION_X)
[ PERFSTAT ]    (samples=13   mean=0.10   median=0.10   min=0.10   stddev=0.00 (1.3%))
[       OK ] Sz_Depth_Cn_Inter_Border_Mode_Remap.Remap/290 (12 ms)
[ RUN      ] Sz_Depth_Cn_Inter_Border_Mode_Remap.Remap/291, where GetParam() = (1280x720, CV_16U, BGR, INTER_CUBIC, BORDER_CONSTANT, REFLECTION_BOTH)
[ PERFSTAT ]    (samples=13   mean=0.10   median=0.10   min=0.10   stddev=0.00 (0.4%))
[       OK ] Sz_Depth_Cn_Inter_Border_Mode_Remap.Remap/291 (12 ms)
[ RUN      ] Sz_Depth_Cn_Inter_Border_Mode_Remap.Remap/292, where GetParam() = (1280x720, CV_16U, BGR, INTER_CUBIC, BORDER_REFLECT, HALF_SIZE)
[ PERFSTAT ]    (samples=13   mean=0.15   median=0.15   min=0.15   stddev=0.00 (0.5%))
[       OK ] Sz_Depth_Cn_Inter_Border_Mode_Remap.Remap/292 (14 ms)
[ RUN      ] Sz_Depth_Cn_Inter_Border_Mode_Remap.Remap/293, where GetParam() = (1280x720, CV_16U, BGR, INTER_CUBIC, BORDER_REFLECT, UPSIDE_DOWN)
[ PERFSTAT ]    (samples=13   mean=0.16   median=0.16   min=0.16   stddev=0.00 (0.1%))
[       OK ] Sz_Depth_Cn_Inter_Border_Mode_Remap.Remap/293 (13 ms)
[ RUN      ] Sz_Depth_Cn_Inter_Border_Mode_Remap.Remap/294, where GetParam() = (1280x720, CV_16U, BGR, INTER_CUBIC, BORDER_REFLECT, REFLECTION_X)
[ PERFSTAT ]    (samples=13   mean=0.16   median=0.16   min=0.16   stddev=0.00 (0.3%))
[       OK ] Sz_Depth_Cn_Inter_Border_Mode_Remap.Remap/294 (13 ms)
[ RUN      ] Sz_Depth_Cn_Inter_Border_Mode_Remap.Remap/295, where GetParam() = (1280x720, CV_16U, BGR, INTER_CUBIC, BORDER_REFLECT, REFLECTION_BOTH)
[ PERFSTAT ]    (samples=13   mean=0.16   median=0.16   min=0.16   stddev=0.00 (0.4%))
[       OK ] Sz_Depth_Cn_Inter_Border_Mode_Remap.Remap/295 (12 ms)
[ RUN      ] Sz_Depth_Cn_Inter_Border_Mode_Remap.Remap/296, where GetParam() = (1280x720, CV_16U, BGR, INTER_CUBIC, BORDER_WRAP, HALF_SIZE)
[ PERFSTAT ]    (samples=13   mean=0.15   median=0.15   min=0.15   stddev=0.00 (0.5%))
[       OK ] Sz_Depth_Cn_Inter_Border_Mode_Remap.Remap/296 (14 ms)
[ RUN      ] Sz_Depth_Cn_Inter_Border_Mode_Remap.Remap/297, where GetParam() = (1280x720, CV_16U, BGR, INTER_CUBIC, BORDER_WRAP, UPSIDE_DOWN)
[ PERFSTAT ]    (samples=13   mean=0.13   median=0.13   min=0.13   stddev=0.00 (0.5%))
[       OK ] Sz_Depth_Cn_Inter_Border_Mode_Remap.Remap/297 (12 ms)
[ RUN      ] Sz_Depth_Cn_Inter_Border_Mode_Remap.Remap/298, where GetParam() = (1280x720, CV_16U, BGR, INTER_CUBIC, BORDER_WRAP, REFLECTION_X)
[ PERFSTAT ]    (samples=13   mean=0.13   median=0.13   min=0.13   stddev=0.00 (0.5%))
[       OK ] Sz_Depth_Cn_Inter_Border_Mode_Remap.Remap/298 (13 ms)
[ RUN      ] Sz_Depth_Cn_Inter_Border_Mode_Remap.Remap/299, where GetParam() = (1280x720, CV_16U, BGR, INTER_CUBIC, BORDER_WRAP, REFLECTION_BOTH)
[ PERFSTAT ]    (samples=13   mean=0.13   median=0.13   min=0.13   stddev=0.00 (0.4%))
[       OK ] Sz_Depth_Cn_Inter_Border_Mode_Remap.Remap/299 (12 ms)
[ RUN      ] Sz_Depth_Cn_Inter_Border_Mode_Remap.Remap/300, where GetParam() = (1280x720, CV_16U, BGRA, INTER_NEAREST, BORDER_REFLECT101, HALF_SIZE)
[ PERFSTAT ]    (samples=25   mean=0.03   median=0.03   min=0.03   stddev=0.00 (2.0%))
[       OK ] Sz_Depth_Cn_Inter_Border_Mode_Remap.Remap/300 (15 ms)
[ RUN      ] Sz_Depth_Cn_Inter_Border_Mode_Remap.Remap/301, where GetParam() = (1280x720, CV_16U, BGRA, INTER_NEAREST, BORDER_REFLECT101, UPSIDE_DOWN)
[ PERFSTAT ]    (samples=22   mean=0.03   median=0.03   min=0.03   stddev=0.00 (3.0%))
[       OK ] Sz_Depth_Cn_Inter_Border_Mode_Remap.Remap/301 (14 ms)
[ RUN      ] Sz_Depth_Cn_Inter_Border_Mode_Remap.Remap/302, where GetParam() = (1280x720, CV_16U, BGRA, INTER_NEAREST, BORDER_REFLECT101, REFLECTION_X)
[ PERFSTAT ]    (samples=52   mean=0.03   median=0.03   min=0.03   stddev=0.00 (3.0%))
[       OK ] Sz_Depth_Cn_Inter_Border_Mode_Remap.Remap/302 (14 ms)
[ RUN      ] Sz_Depth_Cn_Inter_Border_Mode_Remap.Remap/303, where GetParam() = (1280x720, CV_16U, BGRA, INTER_NEAREST, BORDER_REFLECT101, REFLECTION_BOTH)
[ PERFSTAT ]    (samples=25   mean=0.03   median=0.03   min=0.03   stddev=0.00 (1.8%))
[       OK ] Sz_Depth_Cn_Inter_Border_Mode_Remap.Remap/303 (14 ms)
[ RUN      ] Sz_Depth_Cn_Inter_Border_Mode_Remap.Remap/304, where GetParam() = (1280x720, CV_16U, BGRA, INTER_NEAREST, BORDER_REPLICATE, HALF_SIZE)
[ PERFSTAT ]    (samples=25   mean=0.02   median=0.02   min=0.02   stddev=0.00 (1.5%))
[       OK ] Sz_Depth_Cn_Inter_Border_Mode_Remap.Remap/304 (15 ms)
[ RUN      ] Sz_Depth_Cn_Inter_Border_Mode_Remap.Remap/305, where GetParam() = (1280x720, CV_16U, BGRA, INTER_NEAREST, BORDER_REPLICATE, UPSIDE_DOWN)
[ PERFSTAT ]    (samples=25   mean=0.02   median=0.02   min=0.02   stddev=0.00 (2.7%))
[       OK ] Sz_Depth_Cn_Inter_Border_Mode_Remap.Remap/305 (14 ms)
[ RUN      ] Sz_Depth_Cn_Inter_Border_Mode_Remap.Remap/306, where GetParam() = (1280x720, CV_16U, BGRA, INTER_NEAREST, BORDER_REPLICATE, REFLECTION_X)
[ PERFSTAT ]    (samples=34   mean=0.02   median=0.02   min=0.02   stddev=0.00 (3.0%))
[       OK ] Sz_Depth_Cn_Inter_Border_Mode_Remap.Remap/306 (14 ms)
[ RUN      ] Sz_Depth_Cn_Inter_Border_Mode_Remap.Remap/307, where GetParam() = (1280x720, CV_16U, BGRA, INTER_NEAREST, BORDER_REPLICATE, REFLECTION_BOTH)
[ PERFSTAT ]    (samples=25   mean=0.02   median=0.02   min=0.02   stddev=0.00 (2.6%))
[       OK ] Sz_Depth_Cn_Inter_Border_Mode_Remap.Remap/307 (13 ms)
[ RUN      ] Sz_Depth_Cn_Inter_Border_Mode_Remap.Remap/308, where GetParam() = (1280x720, CV_16U, BGRA, INTER_NEAREST, BORDER_CONSTANT, HALF_SIZE)
[ PERFSTAT ]    (samples=25   mean=0.02   median=0.02   min=0.02   stddev=0.00 (1.7%))
[       OK ] Sz_Depth_Cn_Inter_Border_Mode_Remap.Remap/308 (15 ms)
[ RUN      ] Sz_Depth_Cn_Inter_Border_Mode_Remap.Remap/309, where GetParam() = (1280x720, CV_16U, BGRA, INTER_NEAREST, BORDER_CONSTANT, UPSIDE_DOWN)
[ PERFSTAT ]    (samples=35   mean=0.02   median=0.02   min=0.02   stddev=0.00 (3.0%))
[       OK ] Sz_Depth_Cn_Inter_Border_Mode_Remap.Remap/309 (14 ms)
[ RUN      ] Sz_Depth_Cn_Inter_Border_Mode_Remap.Remap/310, where GetParam() = (1280x720, CV_16U, BGRA, INTER_NEAREST, BORDER_CONSTANT, REFLECTION_X)
[ PERFSTAT ]    (samples=38   mean=0.02   median=0.02   min=0.02   stddev=0.00 (2.8%))
[       OK ] Sz_Depth_Cn_Inter_Border_Mode_Remap.Remap/310 (15 ms)
[ RUN      ] Sz_Depth_Cn_Inter_Border_Mode_Remap.Remap/311, where GetParam() = (1280x720, CV_16U, BGRA, INTER_NEAREST, BORDER_CONSTANT, REFLECTION_BOTH)
[ PERFSTAT ]    (samples=25   mean=0.02   median=0.02   min=0.02   stddev=0.00 (2.0%))
[       OK ] Sz_Depth_Cn_Inter_Border_Mode_Remap.Remap/311 (13 ms)
[ RUN      ] Sz_Depth_Cn_Inter_Border_Mode_Remap.Remap/312, where GetParam() = (1280x720, CV_16U, BGRA, INTER_NEAREST, BORDER_REFLECT, HALF_SIZE)
[ PERFSTAT ]    (samples=28   mean=0.03   median=0.03   min=0.03   stddev=0.00 (3.0%))
[       OK ] Sz_Depth_Cn_Inter_Border_Mode_Remap.Remap/312 (16 ms)
[ RUN      ] Sz_Depth_Cn_Inter_Border_Mode_Remap.Remap/313, where GetParam() = (1280x720, CV_16U, BGRA, INTER_NEAREST, BORDER_REFLECT, UPSIDE_DOWN)
[ PERFSTAT ]    (samples=13   mean=0.03   median=0.03   min=0.03   stddev=0.00 (2.5%))
[       OK ] Sz_Depth_Cn_Inter_Border_Mode_Remap.Remap/313 (13 ms)
[ RUN      ] Sz_Depth_Cn_Inter_Border_Mode_Remap.Remap/314, where GetParam() = (1280x720, CV_16U, BGRA, INTER_NEAREST, BORDER_REFLECT, REFLECTION_X)
[ PERFSTAT ]    (samples=25   mean=0.03   median=0.03   min=0.03   stddev=0.00 (1.6%))
[       OK ] Sz_Depth_Cn_Inter_Border_Mode_Remap.Remap/314 (14 ms)
[ RUN      ] Sz_Depth_Cn_Inter_Border_Mode_Remap.Remap/315, where GetParam() = (1280x720, CV_16U, BGRA, INTER_NEAREST, BORDER_REFLECT, REFLECTION_BOTH)
[ PERFSTAT ]    (samples=13   mean=0.03   median=0.03   min=0.03   stddev=0.00 (2.9%))
[       OK ] Sz_Depth_Cn_Inter_Border_Mode_Remap.Remap/315 (13 ms)
[ RUN      ] Sz_Depth_Cn_Inter_Border_Mode_Remap.Remap/316, where GetParam() = (1280x720, CV_16U, BGRA, INTER_NEAREST, BORDER_WRAP, HALF_SIZE)
[ PERFSTAT ]    (samples=25   mean=0.02   median=0.02   min=0.02   stddev=0.00 (0.9%))
[       OK ] Sz_Depth_Cn_Inter_Border_Mode_Remap.Remap/316 (15 ms)
[ RUN      ] Sz_Depth_Cn_Inter_Border_Mode_Remap.Remap/317, where GetParam() = (1280x720, CV_16U, BGRA, INTER_NEAREST, BORDER_WRAP, UPSIDE_DOWN)
[ PERFSTAT ]    (samples=38   mean=0.02   median=0.02   min=0.02   stddev=0.00 (1.2%))
[       OK ] Sz_Depth_Cn_Inter_Border_Mode_Remap.Remap/317 (14 ms)
[ RUN      ] Sz_Depth_Cn_Inter_Border_Mode_Remap.Remap/318, where GetParam() = (1280x720, CV_16U, BGRA, INTER_NEAREST, BORDER_WRAP, REFLECTION_X)
[ PERFSTAT ]    (samples=50   mean=0.02   median=0.02   min=0.02   stddev=0.00 (2.2%))
[       OK ] Sz_Depth_Cn_Inter_Border_Mode_Remap.Remap/318 (14 ms)
[ RUN      ] Sz_Depth_Cn_Inter_Border_Mode_Remap.Remap/319, where GetParam() = (1280x720, CV_16U, BGRA, INTER_NEAREST, BORDER_WRAP, REFLECTION_BOTH)
[ PERFSTAT ]    (samples=25   mean=0.02   median=0.02   min=0.02   stddev=0.00 (2.2%))
[       OK ] Sz_Depth_Cn_Inter_Border_Mode_Remap.Remap/319 (14 ms)
[ RUN      ] Sz_Depth_Cn_Inter_Border_Mode_Remap.Remap/320, where GetParam() = (1280x720, CV_16U, BGRA, INTER_LINEAR, BORDER_REFLECT101, HALF_SIZE)
[ PERFSTAT ]    (samples=25   mean=0.04   median=0.04   min=0.04   stddev=0.00 (1.6%))
[       OK ] Sz_Depth_Cn_Inter_Border_Mode_Remap.Remap/320 (16 ms)
[ RUN      ] Sz_Depth_Cn_Inter_Border_Mode_Remap.Remap/321, where GetParam() = (1280x720, CV_16U, BGRA, INTER_LINEAR, BORDER_REFLECT101, UPSIDE_DOWN)
[ PERFSTAT ]    (samples=13   mean=0.04   median=0.04   min=0.04   stddev=0.00 (2.3%))
[       OK ] Sz_Depth_Cn_Inter_Border_Mode_Remap.Remap/321 (13 ms)
[ RUN      ] Sz_Depth_Cn_Inter_Border_Mode_Remap.Remap/322, where GetParam() = (1280x720, CV_16U, BGRA, INTER_LINEAR, BORDER_REFLECT101, REFLECTION_X)
[ PERFSTAT ]    (samples=13   mean=0.04   median=0.04   min=0.04   stddev=0.00 (1.3%))
[       OK ] Sz_Depth_Cn_Inter_Border_Mode_Remap.Remap/322 (14 ms)
[ RUN      ] Sz_Depth_Cn_Inter_Border_Mode_Remap.Remap/323, where GetParam() = (1280x720, CV_16U, BGRA, INTER_LINEAR, BORDER_REFLECT101, REFLECTION_BOTH)
[ PERFSTAT ]    (samples=13   mean=0.04   median=0.04   min=0.04   stddev=0.00 (2.1%))
[       OK ] Sz_Depth_Cn_Inter_Border_Mode_Remap.Remap/323 (13 ms)
[ RUN      ] Sz_Depth_Cn_Inter_Border_Mode_Remap.Remap/324, where GetParam() = (1280x720, CV_16U, BGRA, INTER_LINEAR, BORDER_REPLICATE, HALF_SIZE)
[ PERFSTAT ]    (samples=38   mean=0.03   median=0.03   min=0.03   stddev=0.00 (1.9%))
[       OK ] Sz_Depth_Cn_Inter_Border_Mode_Remap.Remap/324 (16 ms)
[ RUN      ] Sz_Depth_Cn_Inter_Border_Mode_Remap.Remap/325, where GetParam() = (1280x720, CV_16U, BGRA, INTER_LINEAR, BORDER_REPLICATE, UPSIDE_DOWN)
[ PERFSTAT ]    (samples=21   mean=0.03   median=0.03   min=0.03   stddev=0.00 (3.0%))
[       OK ] Sz_Depth_Cn_Inter_Border_Mode_Remap.Remap/325 (14 ms)
[ RUN      ] Sz_Depth_Cn_Inter_Border_Mode_Remap.Remap/326, where GetParam() = (1280x720, CV_16U, BGRA, INTER_LINEAR, BORDER_REPLICATE, REFLECTION_X)
[ PERFSTAT ]    (samples=25   mean=0.03   median=0.03   min=0.03   stddev=0.00 (2.3%))
[       OK ] Sz_Depth_Cn_Inter_Border_Mode_Remap.Remap/326 (14 ms)
[ RUN      ] Sz_Depth_Cn_Inter_Border_Mode_Remap.Remap/327, where GetParam() = (1280x720, CV_16U, BGRA, INTER_LINEAR, BORDER_REPLICATE, REFLECTION_BOTH)
[ PERFSTAT ]    (samples=13   mean=0.03   median=0.03   min=0.03   stddev=0.00 (2.8%))
[       OK ] Sz_Depth_Cn_Inter_Border_Mode_Remap.Remap/327 (13 ms)
[ RUN      ] Sz_Depth_Cn_Inter_Border_Mode_Remap.Remap/328, where GetParam() = (1280x720, CV_16U, BGRA, INTER_LINEAR, BORDER_CONSTANT, HALF_SIZE)
[ PERFSTAT ]    (samples=30   mean=0.03   median=0.03   min=0.03   stddev=0.00 (3.0%))
[       OK ] Sz_Depth_Cn_Inter_Border_Mode_Remap.Remap/328 (16 ms)
[ RUN      ] Sz_Depth_Cn_Inter_Border_Mode_Remap.Remap/329, where GetParam() = (1280x720, CV_16U, BGRA, INTER_LINEAR, BORDER_CONSTANT, UPSIDE_DOWN)
[ PERFSTAT ]    (samples=25   mean=0.03   median=0.03   min=0.03   stddev=0.00 (1.7%))
[       OK ] Sz_Depth_Cn_Inter_Border_Mode_Remap.Remap/329 (14 ms)
[ RUN      ] Sz_Depth_Cn_Inter_Border_Mode_Remap.Remap/330, where GetParam() = (1280x720, CV_16U, BGRA, INTER_LINEAR, BORDER_CONSTANT, REFLECTION_X)
[ PERFSTAT ]    (samples=13   mean=0.03   median=0.03   min=0.03   stddev=0.00 (2.8%))
[       OK ] Sz_Depth_Cn_Inter_Border_Mode_Remap.Remap/330 (13 ms)
[ RUN      ] Sz_Depth_Cn_Inter_Border_Mode_Remap.Remap/331, where GetParam() = (1280x720, CV_16U, BGRA, INTER_LINEAR, BORDER_CONSTANT, REFLECTION_BOTH)
[ PERFSTAT ]    (samples=13   mean=0.03   median=0.03   min=0.03   stddev=0.00 (2.0%))
[       OK ] Sz_Depth_Cn_Inter_Border_Mode_Remap.Remap/331 (14 ms)
[ RUN      ] Sz_Depth_Cn_Inter_Border_Mode_Remap.Remap/332, where GetParam() = (1280x720, CV_16U, BGRA, INTER_LINEAR, BORDER_REFLECT, HALF_SIZE)
[ PERFSTAT ]    (samples=25   mean=0.04   median=0.04   min=0.04   stddev=0.00 (2.6%))
[       OK ] Sz_Depth_Cn_Inter_Border_Mode_Remap.Remap/332 (15 ms)
[ RUN      ] Sz_Depth_Cn_Inter_Border_Mode_Remap.Remap/333, where GetParam() = (1280x720, CV_16U, BGRA, INTER_LINEAR, BORDER_REFLECT, UPSIDE_DOWN)
[ PERFSTAT ]    (samples=13   mean=0.04   median=0.04   min=0.04   stddev=0.00 (2.7%))
[       OK ] Sz_Depth_Cn_Inter_Border_Mode_Remap.Remap/333 (14 ms)
[ RUN      ] Sz_Depth_Cn_Inter_Border_Mode_Remap.Remap/334, where GetParam() = (1280x720, CV_16U, BGRA, INTER_LINEAR, BORDER_REFLECT, REFLECTION_X)
[ PERFSTAT ]    (samples=13   mean=0.04   median=0.04   min=0.04   stddev=0.00 (2.0%))
[       OK ] Sz_Depth_Cn_Inter_Border_Mode_Remap.Remap/334 (14 ms)
[ RUN      ] Sz_Depth_Cn_Inter_Border_Mode_Remap.Remap/335, where GetParam() = (1280x720, CV_16U, BGRA, INTER_LINEAR, BORDER_REFLECT, REFLECTION_BOTH)
[ PERFSTAT ]    (samples=13   mean=0.04   median=0.04   min=0.04   stddev=0.00 (2.3%))
[       OK ] Sz_Depth_Cn_Inter_Border_Mode_Remap.Remap/335 (13 ms)
[ RUN      ] Sz_Depth_Cn_Inter_Border_Mode_Remap.Remap/336, where GetParam() = (1280x720, CV_16U, BGRA, INTER_LINEAR, BORDER_WRAP, HALF_SIZE)
[ PERFSTAT ]    (samples=25   mean=0.03   median=0.03   min=0.03   stddev=0.00 (1.4%))
[       OK ] Sz_Depth_Cn_Inter_Border_Mode_Remap.Remap/336 (16 ms)
[ RUN      ] Sz_Depth_Cn_Inter_Border_Mode_Remap.Remap/337, where GetParam() = (1280x720, CV_16U, BGRA, INTER_LINEAR, BORDER_WRAP, UPSIDE_DOWN)
[ PERFSTAT ]    (samples=13   mean=0.04   median=0.04   min=0.03   stddev=0.00 (2.1%))
[       OK ] Sz_Depth_Cn_Inter_Border_Mode_Remap.Remap/337 (13 ms)
[ RUN      ] Sz_Depth_Cn_Inter_Border_Mode_Remap.Remap/338, where GetParam() = (1280x720, CV_16U, BGRA, INTER_LINEAR, BORDER_WRAP, REFLECTION_X)
[ PERFSTAT ]    (samples=13   mean=0.04   median=0.04   min=0.04   stddev=0.00 (1.8%))
[       OK ] Sz_Depth_Cn_Inter_Border_Mode_Remap.Remap/338 (14 ms)
[ RUN      ] Sz_Depth_Cn_Inter_Border_Mode_Remap.Remap/339, where GetParam() = (1280x720, CV_16U, BGRA, INTER_LINEAR, BORDER_WRAP, REFLECTION_BOTH)
[ PERFSTAT ]    (samples=13   mean=0.04   median=0.04   min=0.03   stddev=0.00 (2.7%))
[       OK ] Sz_Depth_Cn_Inter_Border_Mode_Remap.Remap/339 (13 ms)
[ RUN      ] Sz_Depth_Cn_Inter_Border_Mode_Remap.Remap/340, where GetParam() = (1280x720, CV_16U, BGRA, INTER_CUBIC, BORDER_REFLECT101, HALF_SIZE)
[ PERFSTAT ]    (samples=13   mean=0.16   median=0.16   min=0.16   stddev=0.00 (1.0%))
[       OK ] Sz_Depth_Cn_Inter_Border_Mode_Remap.Remap/340 (17 ms)
[ RUN      ] Sz_Depth_Cn_Inter_Border_Mode_Remap.Remap/341, where GetParam() = (1280x720, CV_16U, BGRA, INTER_CUBIC, BORDER_REFLECT101, UPSIDE_DOWN)
[ PERFSTAT ]    (samples=13   mean=0.18   median=0.17   min=0.17   stddev=0.00 (0.8%))
[       OK ] Sz_Depth_Cn_Inter_Border_Mode_Remap.Remap/341 (15 ms)
[ RUN      ] Sz_Depth_Cn_Inter_Border_Mode_Remap.Remap/342, where GetParam() = (1280x720, CV_16U, BGRA, INTER_CUBIC, BORDER_REFLECT101, REFLECTION_X)
[ PERFSTAT ]    (samples=13   mean=0.18   median=0.17   min=0.17   stddev=0.00 (0.9%))
[       OK ] Sz_Depth_Cn_Inter_Border_Mode_Remap.Remap/342 (16 ms)
[ RUN      ] Sz_Depth_Cn_Inter_Border_Mode_Remap.Remap/343, where GetParam() = (1280x720, CV_16U, BGRA, INTER_CUBIC, BORDER_REFLECT101, REFLECTION_BOTH)
[ PERFSTAT ]    (samples=13   mean=0.18   median=0.18   min=0.17   stddev=0.00 (0.7%))
[       OK ] Sz_Depth_Cn_Inter_Border_Mode_Remap.Remap/343 (15 ms)
[ RUN      ] Sz_Depth_Cn_Inter_Border_Mode_Remap.Remap/344, where GetParam() = (1280x720, CV_16U, BGRA, INTER_CUBIC, BORDER_REPLICATE, HALF_SIZE)
[ PERFSTAT ]    (samples=13   mean=0.10   median=0.10   min=0.10   stddev=0.00 (1.2%))
[       OK ] Sz_Depth_Cn_Inter_Border_Mode_Remap.Remap/344 (16 ms)
[ RUN      ] Sz_Depth_Cn_Inter_Border_Mode_Remap.Remap/345, where GetParam() = (1280x720, CV_16U, BGRA, INTER_CUBIC, BORDER_REPLICATE, UPSIDE_DOWN)
[ PERFSTAT ]    (samples=13   mean=0.11   median=0.11   min=0.11   stddev=0.00 (1.1%))
[       OK ] Sz_Depth_Cn_Inter_Border_Mode_Remap.Remap/345 (14 ms)
[ RUN      ] Sz_Depth_Cn_Inter_Border_Mode_Remap.Remap/346, where GetParam() = (1280x720, CV_16U, BGRA, INTER_CUBIC, BORDER_REPLICATE, REFLECTION_X)
[ PERFSTAT ]    (samples=13   mean=0.11   median=0.11   min=0.11   stddev=0.00 (0.9%))
[       OK ] Sz_Depth_Cn_Inter_Border_Mode_Remap.Remap/346 (15 ms)
[ RUN      ] Sz_Depth_Cn_Inter_Border_Mode_Remap.Remap/347, where GetParam() = (1280x720, CV_16U, BGRA, INTER_CUBIC, BORDER_REPLICATE, REFLECTION_BOTH)
[ PERFSTAT ]    (samples=13   mean=0.11   median=0.11   min=0.11   stddev=0.00 (1.1%))
[       OK ] Sz_Depth_Cn_Inter_Border_Mode_Remap.Remap/347 (14 ms)
[ RUN      ] Sz_Depth_Cn_Inter_Border_Mode_Remap.Remap/348, where GetParam() = (1280x720, CV_16U, BGRA, INTER_CUBIC, BORDER_CONSTANT, HALF_SIZE)
[ PERFSTAT ]    (samples=13   mean=0.10   median=0.10   min=0.10   stddev=0.00 (1.3%))
[       OK ] Sz_Depth_Cn_Inter_Border_Mode_Remap.Remap/348 (16 ms)
[ RUN      ] Sz_Depth_Cn_Inter_Border_Mode_Remap.Remap/349, where GetParam() = (1280x720, CV_16U, BGRA, INTER_CUBIC, BORDER_CONSTANT, UPSIDE_DOWN)
[ PERFSTAT ]    (samples=13   mean=0.11   median=0.11   min=0.11   stddev=0.00 (1.1%))
[       OK ] Sz_Depth_Cn_Inter_Border_Mode_Remap.Remap/349 (14 ms)
[ RUN      ] Sz_Depth_Cn_Inter_Border_Mode_Remap.Remap/350, where GetParam() = (1280x720, CV_16U, BGRA, INTER_CUBIC, BORDER_CONSTANT, REFLECTION_X)
[ PERFSTAT ]    (samples=13   mean=0.11   median=0.11   min=0.11   stddev=0.00 (1.0%))
[       OK ] Sz_Depth_Cn_Inter_Border_Mode_Remap.Remap/350 (16 ms)
[ RUN      ] Sz_Depth_Cn_Inter_Border_Mode_Remap.Remap/351, where GetParam() = (1280x720, CV_16U, BGRA, INTER_CUBIC, BORDER_CONSTANT, REFLECTION_BOTH)
[ PERFSTAT ]    (samples=13   mean=0.11   median=0.11   min=0.11   stddev=0.00 (1.3%))
[       OK ] Sz_Depth_Cn_Inter_Border_Mode_Remap.Remap/351 (14 ms)
[ RUN      ] Sz_Depth_Cn_Inter_Border_Mode_Remap.Remap/352, where GetParam() = (1280x720, CV_16U, BGRA, INTER_CUBIC, BORDER_REFLECT, HALF_SIZE)
[ PERFSTAT ]    (samples=13   mean=0.18   median=0.18   min=0.18   stddev=0.00 (0.7%))
[       OK ] Sz_Depth_Cn_Inter_Border_Mode_Remap.Remap/352 (17 ms)
[ RUN      ] Sz_Depth_Cn_Inter_Border_Mode_Remap.Remap/353, where GetParam() = (1280x720, CV_16U, BGRA, INTER_CUBIC, BORDER_REFLECT, UPSIDE_DOWN)
[ PERFSTAT ]    (samples=13   mean=0.20   median=0.20   min=0.20   stddev=0.00 (0.6%))
[       OK ] Sz_Depth_Cn_Inter_Border_Mode_Remap.Remap/353 (16 ms)
[ RUN      ] Sz_Depth_Cn_Inter_Border_Mode_Remap.Remap/354, where GetParam() = (1280x720, CV_16U, BGRA, INTER_CUBIC, BORDER_REFLECT, REFLECTION_X)
[ PERFSTAT ]    (samples=13   mean=0.20   median=0.20   min=0.20   stddev=0.00 (0.6%))
[       OK ] Sz_Depth_Cn_Inter_Border_Mode_Remap.Remap/354 (17 ms)
[ RUN      ] Sz_Depth_Cn_Inter_Border_Mode_Remap.Remap/355, where GetParam() = (1280x720, CV_16U, BGRA, INTER_CUBIC, BORDER_REFLECT, REFLECTION_BOTH)
[ PERFSTAT ]    (samples=13   mean=0.20   median=0.20   min=0.20   stddev=0.00 (0.6%))
[       OK ] Sz_Depth_Cn_Inter_Border_Mode_Remap.Remap/355 (15 ms)
[ RUN      ] Sz_Depth_Cn_Inter_Border_Mode_Remap.Remap/356, where GetParam() = (1280x720, CV_16U, BGRA, INTER_CUBIC, BORDER_WRAP, HALF_SIZE)
[ PERFSTAT ]    (samples=13   mean=0.17   median=0.17   min=0.17   stddev=0.00 (0.8%))
[       OK ] Sz_Depth_Cn_Inter_Border_Mode_Remap.Remap/356 (17 ms)
[ RUN      ] Sz_Depth_Cn_Inter_Border_Mode_Remap.Remap/357, where GetParam() = (1280x720, CV_16U, BGRA, INTER_CUBIC, BORDER_WRAP, UPSIDE_DOWN)
[ PERFSTAT ]    (samples=13   mean=0.16   median=0.16   min=0.16   stddev=0.00 (1.0%))
[       OK ] Sz_Depth_Cn_Inter_Border_Mode_Remap.Remap/357 (15 ms)
[ RUN      ] Sz_Depth_Cn_Inter_Border_Mode_Remap.Remap/358, where GetParam() = (1280x720, CV_16U, BGRA, INTER_CUBIC, BORDER_WRAP, REFLECTION_X)
[ PERFSTAT ]    (samples=13   mean=0.16   median=0.16   min=0.16   stddev=0.00 (1.7%))
[       OK ] Sz_Depth_Cn_Inter_Border_Mode_Remap.Remap/358 (15 ms)
[ RUN      ] Sz_Depth_Cn_Inter_Border_Mode_Remap.Remap/359, where GetParam() = (1280x720, CV_16U, BGRA, INTER_CUBIC, BORDER_WRAP, REFLECTION_BOTH)
[ PERFSTAT ]    (samples=13   mean=0.16   median=0.16   min=0.16   stddev=0.00 (0.9%))
[       OK ] Sz_Depth_Cn_Inter_Border_Mode_Remap.Remap/359 (15 ms)
[ RUN      ] Sz_Depth_Cn_Inter_Border_Mode_Remap.Remap/360, where GetParam() = (1280x720, CV_32F, Gray, INTER_NEAREST, BORDER_REFLECT101, HALF_SIZE)
[ PERFSTAT ]    (samples=25   mean=0.02   median=0.02   min=0.02   stddev=0.00 (0.9%))
[       OK ] Sz_Depth_Cn_Inter_Border_Mode_Remap.Remap/360 (11 ms)
[ RUN      ] Sz_Depth_Cn_Inter_Border_Mode_Remap.Remap/361, where GetParam() = (1280x720, CV_32F, Gray, INTER_NEAREST, BORDER_REFLECT101, UPSIDE_DOWN)
[ PERFSTAT ]    (samples=25   mean=0.02   median=0.02   min=0.02   stddev=0.00 (2.2%))
[       OK ] Sz_Depth_Cn_Inter_Border_Mode_Remap.Remap/361 (10 ms)
[ RUN      ] Sz_Depth_Cn_Inter_Border_Mode_Remap.Remap/362, where GetParam() = (1280x720, CV_32F, Gray, INTER_NEAREST, BORDER_REFLECT101, REFLECTION_X)
[ PERFSTAT ]    (samples=14   mean=0.02   median=0.02   min=0.02   stddev=0.00 (3.0%))
[       OK ] Sz_Depth_Cn_Inter_Border_Mode_Remap.Remap/362 (9 ms)
[ RUN      ] Sz_Depth_Cn_Inter_Border_Mode_Remap.Remap/363, where GetParam() = (1280x720, CV_32F, Gray, INTER_NEAREST, BORDER_REFLECT101, REFLECTION_BOTH)
[ PERFSTAT ]    (samples=13   mean=0.02   median=0.02   min=0.02   stddev=0.00 (2.6%))
[       OK ] Sz_Depth_Cn_Inter_Border_Mode_Remap.Remap/363 (9 ms)
[ RUN      ] Sz_Depth_Cn_Inter_Border_Mode_Remap.Remap/364, where GetParam() = (1280x720, CV_32F, Gray, INTER_NEAREST, BORDER_REPLICATE, HALF_SIZE)
[ PERFSTAT ]    (samples=25   mean=0.02   median=0.02   min=0.02   stddev=0.00 (1.3%))
[       OK ] Sz_Depth_Cn_Inter_Border_Mode_Remap.Remap/364 (10 ms)
[ RUN      ] Sz_Depth_Cn_Inter_Border_Mode_Remap.Remap/365, where GetParam() = (1280x720, CV_32F, Gray, INTER_NEAREST, BORDER_REPLICATE, UPSIDE_DOWN)
[ PERFSTAT ]    (samples=25   mean=0.02   median=0.02   min=0.02   stddev=0.00 (3.0%))
[       OK ] Sz_Depth_Cn_Inter_Border_Mode_Remap.Remap/365 (9 ms)
[ RUN      ] Sz_Depth_Cn_Inter_Border_Mode_Remap.Remap/366, where GetParam() = (1280x720, CV_32F, Gray, INTER_NEAREST, BORDER_REPLICATE, REFLECTION_X)
[ PERFSTAT ]    (samples=38   mean=0.02   median=0.02   min=0.02   stddev=0.00 (2.3%))
[       OK ] Sz_Depth_Cn_Inter_Border_Mode_Remap.Remap/366 (10 ms)
[ RUN      ] Sz_Depth_Cn_Inter_Border_Mode_Remap.Remap/367, where GetParam() = (1280x720, CV_32F, Gray, INTER_NEAREST, BORDER_REPLICATE, REFLECTION_BOTH)
[ PERFSTAT ]    (samples=29   mean=0.02   median=0.02   min=0.02   stddev=0.00 (3.0%))
[       OK ] Sz_Depth_Cn_Inter_Border_Mode_Remap.Remap/367 (9 ms)
[ RUN      ] Sz_Depth_Cn_Inter_Border_Mode_Remap.Remap/368, where GetParam() = (1280x720, CV_32F, Gray, INTER_NEAREST, BORDER_CONSTANT, HALF_SIZE)
[ PERFSTAT ]    (samples=38   mean=0.02   median=0.02   min=0.02   stddev=0.00 (1.5%))
[       OK ] Sz_Depth_Cn_Inter_Border_Mode_Remap.Remap/368 (10 ms)
[ RUN      ] Sz_Depth_Cn_Inter_Border_Mode_Remap.Remap/369, where GetParam() = (1280x720, CV_32F, Gray, INTER_NEAREST, BORDER_CONSTANT, UPSIDE_DOWN)
[ PERFSTAT ]    (samples=28   mean=0.02   median=0.02   min=0.02   stddev=0.00 (2.9%))
[       OK ] Sz_Depth_Cn_Inter_Border_Mode_Remap.Remap/369 (9 ms)
[ RUN      ] Sz_Depth_Cn_Inter_Border_Mode_Remap.Remap/370, where GetParam() = (1280x720, CV_32F, Gray, INTER_NEAREST, BORDER_CONSTANT, REFLECTION_X)
[ PERFSTAT ]    (samples=25   mean=0.02   median=0.02   min=0.02   stddev=0.00 (1.5%))
[       OK ] Sz_Depth_Cn_Inter_Border_Mode_Remap.Remap/370 (9 ms)
[ RUN      ] Sz_Depth_Cn_Inter_Border_Mode_Remap.Remap/371, where GetParam() = (1280x720, CV_32F, Gray, INTER_NEAREST, BORDER_CONSTANT, REFLECTION_BOTH)
[ PERFSTAT ]    (samples=20   mean=0.02   median=0.02   min=0.02   stddev=0.00 (2.9%))
[       OK ] Sz_Depth_Cn_Inter_Border_Mode_Remap.Remap/371 (9 ms)
[ RUN      ] Sz_Depth_Cn_Inter_Border_Mode_Remap.Remap/372, where GetParam() = (1280x720, CV_32F, Gray, INTER_NEAREST, BORDER_REFLECT, HALF_SIZE)
[ PERFSTAT ]    (samples=25   mean=0.02   median=0.02   min=0.02   stddev=0.00 (1.6%))
[       OK ] Sz_Depth_Cn_Inter_Border_Mode_Remap.Remap/372 (11 ms)
[ RUN      ] Sz_Depth_Cn_Inter_Border_Mode_Remap.Remap/373, where GetParam() = (1280x720, CV_32F, Gray, INTER_NEAREST, BORDER_REFLECT, UPSIDE_DOWN)
[ PERFSTAT ]    (samples=34   mean=0.02   median=0.02   min=0.02   stddev=0.00 (3.0%))
[       OK ] Sz_Depth_Cn_Inter_Border_Mode_Remap.Remap/373 (9 ms)
[ RUN      ] Sz_Depth_Cn_Inter_Border_Mode_Remap.Remap/374, where GetParam() = (1280x720, CV_32F, Gray, INTER_NEAREST, BORDER_REFLECT, REFLECTION_X)
[ PERFSTAT ]    (samples=13   mean=0.02   median=0.02   min=0.02   stddev=0.00 (2.8%))
[       OK ] Sz_Depth_Cn_Inter_Border_Mode_Remap.Remap/374 (9 ms)
[ RUN      ] Sz_Depth_Cn_Inter_Border_Mode_Remap.Remap/375, where GetParam() = (1280x720, CV_32F, Gray, INTER_NEAREST, BORDER_REFLECT, REFLECTION_BOTH)
[ PERFSTAT ]    (samples=13   mean=0.02   median=0.02   min=0.02   stddev=0.00 (2.8%))
[       OK ] Sz_Depth_Cn_Inter_Border_Mode_Remap.Remap/375 (9 ms)
[ RUN      ] Sz_Depth_Cn_Inter_Border_Mode_Remap.Remap/376, where GetParam() = (1280x720, CV_32F, Gray, INTER_NEAREST, BORDER_WRAP, HALF_SIZE)
[ PERFSTAT ]    (samples=25   mean=0.02   median=0.02   min=0.02   stddev=0.00 (1.9%))
[       OK ] Sz_Depth_Cn_Inter_Border_Mode_Remap.Remap/376 (10 ms)
[ RUN      ] Sz_Depth_Cn_Inter_Border_Mode_Remap.Remap/377, where GetParam() = (1280x720, CV_32F, Gray, INTER_NEAREST, BORDER_WRAP, UPSIDE_DOWN)
[ PERFSTAT ]    (samples=38   mean=0.02   median=0.02   min=0.02   stddev=0.00 (1.8%))
[       OK ] Sz_Depth_Cn_Inter_Border_Mode_Remap.Remap/377 (10 ms)
[ RUN      ] Sz_Depth_Cn_Inter_Border_Mode_Remap.Remap/378, where GetParam() = (1280x720, CV_32F, Gray, INTER_NEAREST, BORDER_WRAP, REFLECTION_X)
[ PERFSTAT ]    (samples=14   mean=0.02   median=0.02   min=0.02   stddev=0.00 (3.0%))
[       OK ] Sz_Depth_Cn_Inter_Border_Mode_Remap.Remap/378 (9 ms)
[ RUN      ] Sz_Depth_Cn_Inter_Border_Mode_Remap.Remap/379, where GetParam() = (1280x720, CV_32F, Gray, INTER_NEAREST, BORDER_WRAP, REFLECTION_BOTH)
[ PERFSTAT ]    (samples=20   mean=0.02   median=0.02   min=0.02   stddev=0.00 (3.0%))
[       OK ] Sz_Depth_Cn_Inter_Border_Mode_Remap.Remap/379 (8 ms)
[ RUN      ] Sz_Depth_Cn_Inter_Border_Mode_Remap.Remap/380, where GetParam() = (1280x720, CV_32F, Gray, INTER_LINEAR, BORDER_REFLECT101, HALF_SIZE)
[ PERFSTAT ]    (samples=13   mean=0.03   median=0.03   min=0.03   stddev=0.00 (2.5%))
[       OK ] Sz_Depth_Cn_Inter_Border_Mode_Remap.Remap/380 (11 ms)
[ RUN      ] Sz_Depth_Cn_Inter_Border_Mode_Remap.Remap/381, where GetParam() = (1280x720, CV_32F, Gray, INTER_LINEAR, BORDER_REFLECT101, UPSIDE_DOWN)
[ PERFSTAT ]    (samples=13   mean=0.03   median=0.03   min=0.03   stddev=0.00 (2.8%))
[       OK ] Sz_Depth_Cn_Inter_Border_Mode_Remap.Remap/381 (9 ms)
[ RUN      ] Sz_Depth_Cn_Inter_Border_Mode_Remap.Remap/382, where GetParam() = (1280x720, CV_32F, Gray, INTER_LINEAR, BORDER_REFLECT101, REFLECTION_X)
[ PERFSTAT ]    (samples=13   mean=0.03   median=0.03   min=0.03   stddev=0.00 (2.9%))
[       OK ] Sz_Depth_Cn_Inter_Border_Mode_Remap.Remap/382 (9 ms)
[ RUN      ] Sz_Depth_Cn_Inter_Border_Mode_Remap.Remap/383, where GetParam() = (1280x720, CV_32F, Gray, INTER_LINEAR, BORDER_REFLECT101, REFLECTION_BOTH)
[ PERFSTAT ]    (samples=13   mean=0.03   median=0.03   min=0.03   stddev=0.00 (1.9%))
[       OK ] Sz_Depth_Cn_Inter_Border_Mode_Remap.Remap/383 (9 ms)
[ RUN      ] Sz_Depth_Cn_Inter_Border_Mode_Remap.Remap/384, where GetParam() = (1280x720, CV_32F, Gray, INTER_LINEAR, BORDER_REPLICATE, HALF_SIZE)
[ PERFSTAT ]    (samples=17   mean=0.02   median=0.02   min=0.02   stddev=0.00 (3.0%))
[       OK ] Sz_Depth_Cn_Inter_Border_Mode_Remap.Remap/384 (10 ms)
[ RUN      ] Sz_Depth_Cn_Inter_Border_Mode_Remap.Remap/385, where GetParam() = (1280x720, CV_32F, Gray, INTER_LINEAR, BORDER_REPLICATE, UPSIDE_DOWN)
[ PERFSTAT ]    (samples=16   mean=0.02   median=0.02   min=0.02   stddev=0.00 (2.9%))
[       OK ] Sz_Depth_Cn_Inter_Border_Mode_Remap.Remap/385 (9 ms)
[ RUN      ] Sz_Depth_Cn_Inter_Border_Mode_Remap.Remap/386, where GetParam() = (1280x720, CV_32F, Gray, INTER_LINEAR, BORDER_REPLICATE, REFLECTION_X)
[ PERFSTAT ]    (samples=24   mean=0.02   median=0.02   min=0.02   stddev=0.00 (2.9%))
[       OK ] Sz_Depth_Cn_Inter_Border_Mode_Remap.Remap/386 (9 ms)
[ RUN      ] Sz_Depth_Cn_Inter_Border_Mode_Remap.Remap/387, where GetParam() = (1280x720, CV_32F, Gray, INTER_LINEAR, BORDER_REPLICATE, REFLECTION_BOTH)
[ PERFSTAT ]    (samples=25   mean=0.02   median=0.02   min=0.02   stddev=0.00 (2.8%))
[       OK ] Sz_Depth_Cn_Inter_Border_Mode_Remap.Remap/387 (9 ms)
[ RUN      ] Sz_Depth_Cn_Inter_Border_Mode_Remap.Remap/388, where GetParam() = (1280x720, CV_32F, Gray, INTER_LINEAR, BORDER_CONSTANT, HALF_SIZE)
[ PERFSTAT ]    (samples=15   mean=0.02   median=0.02   min=0.02   stddev=0.00 (3.0%))
[       OK ] Sz_Depth_Cn_Inter_Border_Mode_Remap.Remap/388 (11 ms)
[ RUN      ] Sz_Depth_Cn_Inter_Border_Mode_Remap.Remap/389, where GetParam() = (1280x720, CV_32F, Gray, INTER_LINEAR, BORDER_CONSTANT, UPSIDE_DOWN)
[ PERFSTAT ]    (samples=13   mean=0.02   median=0.02   min=0.02   stddev=0.00 (2.6%))
[       OK ] Sz_Depth_Cn_Inter_Border_Mode_Remap.Remap/389 (9 ms)
[ RUN      ] Sz_Depth_Cn_Inter_Border_Mode_Remap.Remap/390, where GetParam() = (1280x720, CV_32F, Gray, INTER_LINEAR, BORDER_CONSTANT, REFLECTION_X)
[ PERFSTAT ]    (samples=13   mean=0.02   median=0.02   min=0.02   stddev=0.00 (2.8%))
[       OK ] Sz_Depth_Cn_Inter_Border_Mode_Remap.Remap/390 (9 ms)
[ RUN      ] Sz_Depth_Cn_Inter_Border_Mode_Remap.Remap/391, where GetParam() = (1280x720, CV_32F, Gray, INTER_LINEAR, BORDER_CONSTANT, REFLECTION_BOTH)
[ PERFSTAT ]    (samples=25   mean=0.02   median=0.02   min=0.02   stddev=0.00 (2.3%))
[       OK ] Sz_Depth_Cn_Inter_Border_Mode_Remap.Remap/391 (9 ms)
[ RUN      ] Sz_Depth_Cn_Inter_Border_Mode_Remap.Remap/392, where GetParam() = (1280x720, CV_32F, Gray, INTER_LINEAR, BORDER_REFLECT, HALF_SIZE)
[ PERFSTAT ]    (samples=28   mean=0.03   median=0.03   min=0.03   stddev=0.00 (3.0%))
[       OK ] Sz_Depth_Cn_Inter_Border_Mode_Remap.Remap/392 (10 ms)
[ RUN      ] Sz_Depth_Cn_Inter_Border_Mode_Remap.Remap/393, where GetParam() = (1280x720, CV_32F, Gray, INTER_LINEAR, BORDER_REFLECT, UPSIDE_DOWN)
[ PERFSTAT ]    (samples=13   mean=0.03   median=0.03   min=0.03   stddev=0.00 (2.0%))
[       OK ] Sz_Depth_Cn_Inter_Border_Mode_Remap.Remap/393 (9 ms)
[ RUN      ] Sz_Depth_Cn_Inter_Border_Mode_Remap.Remap/394, where GetParam() = (1280x720, CV_32F, Gray, INTER_LINEAR, BORDER_REFLECT, REFLECTION_X)
[ PERFSTAT ]    (samples=25   mean=0.03   median=0.03   min=0.03   stddev=0.00 (2.3%))
[       OK ] Sz_Depth_Cn_Inter_Border_Mode_Remap.Remap/394 (10 ms)
[ RUN      ] Sz_Depth_Cn_Inter_Border_Mode_Remap.Remap/395, where GetParam() = (1280x720, CV_32F, Gray, INTER_LINEAR, BORDER_REFLECT, REFLECTION_BOTH)
[ PERFSTAT ]    (samples=13   mean=0.03   median=0.03   min=0.03   stddev=0.00 (2.2%))
[       OK ] Sz_Depth_Cn_Inter_Border_Mode_Remap.Remap/395 (9 ms)
[ RUN      ] Sz_Depth_Cn_Inter_Border_Mode_Remap.Remap/396, where GetParam() = (1280x720, CV_32F, Gray, INTER_LINEAR, BORDER_WRAP, HALF_SIZE)
[ PERFSTAT ]    (samples=13   mean=0.03   median=0.03   min=0.03   stddev=0.00 (2.3%))
[       OK ] Sz_Depth_Cn_Inter_Border_Mode_Remap.Remap/396 (10 ms)
[ RUN      ] Sz_Depth_Cn_Inter_Border_Mode_Remap.Remap/397, where GetParam() = (1280x720, CV_32F, Gray, INTER_LINEAR, BORDER_WRAP, UPSIDE_DOWN)
[ PERFSTAT ]    (samples=38   mean=0.03   median=0.03   min=0.03   stddev=0.00 (1.8%))
[       OK ] Sz_Depth_Cn_Inter_Border_Mode_Remap.Remap/397 (10 ms)
[ RUN      ] Sz_Depth_Cn_Inter_Border_Mode_Remap.Remap/398, where GetParam() = (1280x720, CV_32F, Gray, INTER_LINEAR, BORDER_WRAP, REFLECTION_X)
[ PERFSTAT ]    (samples=13   mean=0.03   median=0.03   min=0.03   stddev=0.00 (2.2%))
[       OK ] Sz_Depth_Cn_Inter_Border_Mode_Remap.Remap/398 (9 ms)
[ RUN      ] Sz_Depth_Cn_Inter_Border_Mode_Remap.Remap/399, where GetParam() = (1280x720, CV_32F, Gray, INTER_LINEAR, BORDER_WRAP, REFLECTION_BOTH)
[ PERFSTAT ]    (samples=13   mean=0.03   median=0.03   min=0.03   stddev=0.00 (2.1%))
[       OK ] Sz_Depth_Cn_Inter_Border_Mode_Remap.Remap/399 (8 ms)
[ RUN      ] Sz_Depth_Cn_Inter_Border_Mode_Remap.Remap/400, where GetParam() = (1280x720, CV_32F, Gray, INTER_CUBIC, BORDER_REFLECT101, HALF_SIZE)
[ PERFSTAT ]    (samples=13   mean=0.13   median=0.13   min=0.12   stddev=0.00 (0.7%))
[       OK ] Sz_Depth_Cn_Inter_Border_Mode_Remap.Remap/400 (11 ms)
[ RUN      ] Sz_Depth_Cn_Inter_Border_Mode_Remap.Remap/401, where GetParam() = (1280x720, CV_32F, Gray, INTER_CUBIC, BORDER_REFLECT101, UPSIDE_DOWN)
[ PERFSTAT ]    (samples=13   mean=0.13   median=0.13   min=0.13   stddev=0.00 (0.7%))
[       OK ] Sz_Depth_Cn_Inter_Border_Mode_Remap.Remap/401 (10 ms)
[ RUN      ] Sz_Depth_Cn_Inter_Border_Mode_Remap.Remap/402, where GetParam() = (1280x720, CV_32F, Gray, INTER_CUBIC, BORDER_REFLECT101, REFLECTION_X)
[ PERFSTAT ]    (samples=13   mean=0.13   median=0.13   min=0.13   stddev=0.00 (0.6%))
[       OK ] Sz_Depth_Cn_Inter_Border_Mode_Remap.Remap/402 (11 ms)
[ RUN      ] Sz_Depth_Cn_Inter_Border_Mode_Remap.Remap/403, where GetParam() = (1280x720, CV_32F, Gray, INTER_CUBIC, BORDER_REFLECT101, REFLECTION_BOTH)
[ PERFSTAT ]    (samples=13   mean=0.13   median=0.13   min=0.13   stddev=0.00 (0.6%))
[       OK ] Sz_Depth_Cn_Inter_Border_Mode_Remap.Remap/403 (10 ms)
[ RUN      ] Sz_Depth_Cn_Inter_Border_Mode_Remap.Remap/404, where GetParam() = (1280x720, CV_32F, Gray, INTER_CUBIC, BORDER_REPLICATE, HALF_SIZE)
[ PERFSTAT ]    (samples=25   mean=0.07   median=0.07   min=0.07   stddev=0.00 (1.6%))
[       OK ] Sz_Depth_Cn_Inter_Border_Mode_Remap.Remap/404 (12 ms)
[ RUN      ] Sz_Depth_Cn_Inter_Border_Mode_Remap.Remap/405, where GetParam() = (1280x720, CV_32F, Gray, INTER_CUBIC, BORDER_REPLICATE, UPSIDE_DOWN)
[ PERFSTAT ]    (samples=13   mean=0.07   median=0.07   min=0.07   stddev=0.00 (2.5%))
[       OK ] Sz_Depth_Cn_Inter_Border_Mode_Remap.Remap/405 (9 ms)
[ RUN      ] Sz_Depth_Cn_Inter_Border_Mode_Remap.Remap/406, where GetParam() = (1280x720, CV_32F, Gray, INTER_CUBIC, BORDER_REPLICATE, REFLECTION_X)
[ PERFSTAT ]    (samples=13   mean=0.07   median=0.07   min=0.07   stddev=0.00 (2.5%))
[       OK ] Sz_Depth_Cn_Inter_Border_Mode_Remap.Remap/406 (10 ms)
[ RUN      ] Sz_Depth_Cn_Inter_Border_Mode_Remap.Remap/407, where GetParam() = (1280x720, CV_32F, Gray, INTER_CUBIC, BORDER_REPLICATE, REFLECTION_BOTH)
[ PERFSTAT ]    (samples=13   mean=0.07   median=0.07   min=0.07   stddev=0.00 (2.1%))
[       OK ] Sz_Depth_Cn_Inter_Border_Mode_Remap.Remap/407 (9 ms)
[ RUN      ] Sz_Depth_Cn_Inter_Border_Mode_Remap.Remap/408, where GetParam() = (1280x720, CV_32F, Gray, INTER_CUBIC, BORDER_CONSTANT, HALF_SIZE)
[ PERFSTAT ]    (samples=13   mean=0.07   median=0.07   min=0.07   stddev=0.00 (1.9%))
[       OK ] Sz_Depth_Cn_Inter_Border_Mode_Remap.Remap/408 (11 ms)
[ RUN      ] Sz_Depth_Cn_Inter_Border_Mode_Remap.Remap/409, where GetParam() = (1280x720, CV_32F, Gray, INTER_CUBIC, BORDER_CONSTANT, UPSIDE_DOWN)
[ PERFSTAT ]    (samples=13   mean=0.08   median=0.08   min=0.08   stddev=0.00 (1.8%))
[       OK ] Sz_Depth_Cn_Inter_Border_Mode_Remap.Remap/409 (10 ms)
[ RUN      ] Sz_Depth_Cn_Inter_Border_Mode_Remap.Remap/410, where GetParam() = (1280x720, CV_32F, Gray, INTER_CUBIC, BORDER_CONSTANT, REFLECTION_X)
[ PERFSTAT ]    (samples=13   mean=0.08   median=0.08   min=0.08   stddev=0.00 (2.8%))
[       OK ] Sz_Depth_Cn_Inter_Border_Mode_Remap.Remap/410 (9 ms)
[ RUN      ] Sz_Depth_Cn_Inter_Border_Mode_Remap.Remap/411, where GetParam() = (1280x720, CV_32F, Gray, INTER_CUBIC, BORDER_CONSTANT, REFLECTION_BOTH)
[ PERFSTAT ]    (samples=13   mean=0.08   median=0.08   min=0.08   stddev=0.00 (1.5%))
[       OK ] Sz_Depth_Cn_Inter_Border_Mode_Remap.Remap/411 (10 ms)
[ RUN      ] Sz_Depth_Cn_Inter_Border_Mode_Remap.Remap/412, where GetParam() = (1280x720, CV_32F, Gray, INTER_CUBIC, BORDER_REFLECT, HALF_SIZE)
[ PERFSTAT ]    (samples=13   mean=0.14   median=0.14   min=0.14   stddev=0.00 (0.9%))
[       OK ] Sz_Depth_Cn_Inter_Border_Mode_Remap.Remap/412 (12 ms)
[ RUN      ] Sz_Depth_Cn_Inter_Border_Mode_Remap.Remap/413, where GetParam() = (1280x720, CV_32F, Gray, INTER_CUBIC, BORDER_REFLECT, UPSIDE_DOWN)
[ PERFSTAT ]    (samples=13   mean=0.15   median=0.15   min=0.15   stddev=0.00 (0.4%))
[       OK ] Sz_Depth_Cn_Inter_Border_Mode_Remap.Remap/413 (10 ms)
[ RUN      ] Sz_Depth_Cn_Inter_Border_Mode_Remap.Remap/414, where GetParam() = (1280x720, CV_32F, Gray, INTER_CUBIC, BORDER_REFLECT, REFLECTION_X)
[ PERFSTAT ]    (samples=13   mean=0.15   median=0.15   min=0.15   stddev=0.00 (0.8%))
[       OK ] Sz_Depth_Cn_Inter_Border_Mode_Remap.Remap/414 (11 ms)
[ RUN      ] Sz_Depth_Cn_Inter_Border_Mode_Remap.Remap/415, where GetParam() = (1280x720, CV_32F, Gray, INTER_CUBIC, BORDER_REFLECT, REFLECTION_BOTH)
[ PERFSTAT ]    (samples=13   mean=0.15   median=0.15   min=0.15   stddev=0.00 (0.4%))
[       OK ] Sz_Depth_Cn_Inter_Border_Mode_Remap.Remap/415 (11 ms)
[ RUN      ] Sz_Depth_Cn_Inter_Border_Mode_Remap.Remap/416, where GetParam() = (1280x720, CV_32F, Gray, INTER_CUBIC, BORDER_WRAP, HALF_SIZE)
[ PERFSTAT ]    (samples=13   mean=0.13   median=0.13   min=0.13   stddev=0.00 (0.9%))
[       OK ] Sz_Depth_Cn_Inter_Border_Mode_Remap.Remap/416 (11 ms)
[ RUN      ] Sz_Depth_Cn_Inter_Border_Mode_Remap.Remap/417, where GetParam() = (1280x720, CV_32F, Gray, INTER_CUBIC, BORDER_WRAP, UPSIDE_DOWN)
[ PERFSTAT ]    (samples=13   mean=0.11   median=0.11   min=0.11   stddev=0.00 (1.2%))
[       OK ] Sz_Depth_Cn_Inter_Border_Mode_Remap.Remap/417 (10 ms)
[ RUN      ] Sz_Depth_Cn_Inter_Border_Mode_Remap.Remap/418, where GetParam() = (1280x720, CV_32F, Gray, INTER_CUBIC, BORDER_WRAP, REFLECTION_X)
[ PERFSTAT ]    (samples=13   mean=0.11   median=0.11   min=0.11   stddev=0.00 (1.3%))
[       OK ] Sz_Depth_Cn_Inter_Border_Mode_Remap.Remap/418 (10 ms)
[ RUN      ] Sz_Depth_Cn_Inter_Border_Mode_Remap.Remap/419, where GetParam() = (1280x720, CV_32F, Gray, INTER_CUBIC, BORDER_WRAP, REFLECTION_BOTH)
[ PERFSTAT ]    (samples=13   mean=0.11   median=0.11   min=0.11   stddev=0.00 (0.7%))
[       OK ] Sz_Depth_Cn_Inter_Border_Mode_Remap.Remap/419 (11 ms)
[ RUN      ] Sz_Depth_Cn_Inter_Border_Mode_Remap.Remap/420, where GetParam() = (1280x720, CV_32F, BGR, INTER_NEAREST, BORDER_REFLECT101, HALF_SIZE)
[ PERFSTAT ]    (samples=15   mean=0.02   median=0.02   min=0.02   stddev=0.00 (2.9%))
[       OK ] Sz_Depth_Cn_Inter_Border_Mode_Remap.Remap/420 (16 ms)
[ RUN      ] Sz_Depth_Cn_Inter_Border_Mode_Remap.Remap/421, where GetParam() = (1280x720, CV_32F, BGR, INTER_NEAREST, BORDER_REFLECT101, UPSIDE_DOWN)
[ PERFSTAT ]    (samples=17   mean=0.03   median=0.03   min=0.03   stddev=0.00 (3.0%))
[       OK ] Sz_Depth_Cn_Inter_Border_Mode_Remap.Remap/421 (16 ms)
[ RUN      ] Sz_Depth_Cn_Inter_Border_Mode_Remap.Remap/422, where GetParam() = (1280x720, CV_32F, BGR, INTER_NEAREST, BORDER_REFLECT101, REFLECTION_X)
[ PERFSTAT ]    (samples=25   mean=0.03   median=0.03   min=0.03   stddev=0.00 (2.3%))
[       OK ] Sz_Depth_Cn_Inter_Border_Mode_Remap.Remap/422 (16 ms)
[ RUN      ] Sz_Depth_Cn_Inter_Border_Mode_Remap.Remap/423, where GetParam() = (1280x720, CV_32F, BGR, INTER_NEAREST, BORDER_REFLECT101, REFLECTION_BOTH)
[ PERFSTAT ]    (samples=13   mean=0.03   median=0.03   min=0.03   stddev=0.00 (2.9%))
[       OK ] Sz_Depth_Cn_Inter_Border_Mode_Remap.Remap/423 (15 ms)
[ RUN      ] Sz_Depth_Cn_Inter_Border_Mode_Remap.Remap/424, where GetParam() = (1280x720, CV_32F, BGR, INTER_NEAREST, BORDER_REPLICATE, HALF_SIZE)
[ PERFSTAT ]    (samples=25   mean=0.02   median=0.02   min=0.02   stddev=0.00 (2.3%))
[       OK ] Sz_Depth_Cn_Inter_Border_Mode_Remap.Remap/424 (17 ms)
[ RUN      ] Sz_Depth_Cn_Inter_Border_Mode_Remap.Remap/425, where GetParam() = (1280x720, CV_32F, BGR, INTER_NEAREST, BORDER_REPLICATE, UPSIDE_DOWN)
[ PERFSTAT ]    (samples=25   mean=0.03   median=0.03   min=0.02   stddev=0.00 (2.6%))
[       OK ] Sz_Depth_Cn_Inter_Border_Mode_Remap.Remap/425 (15 ms)
[ RUN      ] Sz_Depth_Cn_Inter_Border_Mode_Remap.Remap/426, where GetParam() = (1280x720, CV_32F, BGR, INTER_NEAREST, BORDER_REPLICATE, REFLECTION_X)
[ PERFSTAT ]    (samples=15   mean=0.03   median=0.03   min=0.03   stddev=0.00 (2.9%))
[       OK ] Sz_Depth_Cn_Inter_Border_Mode_Remap.Remap/426 (16 ms)
[ RUN      ] Sz_Depth_Cn_Inter_Border_Mode_Remap.Remap/427, where GetParam() = (1280x720, CV_32F, BGR, INTER_NEAREST, BORDER_REPLICATE, REFLECTION_BOTH)
[ PERFSTAT ]    (samples=25   mean=0.03   median=0.03   min=0.03   stddev=0.00 (1.3%))
[       OK ] Sz_Depth_Cn_Inter_Border_Mode_Remap.Remap/427 (15 ms)
[ RUN      ] Sz_Depth_Cn_Inter_Border_Mode_Remap.Remap/428, where GetParam() = (1280x720, CV_32F, BGR, INTER_NEAREST, BORDER_CONSTANT, HALF_SIZE)
[ PERFSTAT ]    (samples=13   mean=0.02   median=0.02   min=0.02   stddev=0.00 (2.3%))
[       OK ] Sz_Depth_Cn_Inter_Border_Mode_Remap.Remap/428 (17 ms)
[ RUN      ] Sz_Depth_Cn_Inter_Border_Mode_Remap.Remap/429, where GetParam() = (1280x720, CV_32F, BGR, INTER_NEAREST, BORDER_CONSTANT, UPSIDE_DOWN)
[ PERFSTAT ]    (samples=20   mean=0.03   median=0.03   min=0.02   stddev=0.00 (2.9%))
[       OK ] Sz_Depth_Cn_Inter_Border_Mode_Remap.Remap/429 (15 ms)
[ RUN      ] Sz_Depth_Cn_Inter_Border_Mode_Remap.Remap/430, where GetParam() = (1280x720, CV_32F, BGR, INTER_NEAREST, BORDER_CONSTANT, REFLECTION_X)
[ PERFSTAT ]    (samples=21   mean=0.03   median=0.03   min=0.02   stddev=0.00 (3.0%))
[       OK ] Sz_Depth_Cn_Inter_Border_Mode_Remap.Remap/430 (16 ms)
[ RUN      ] Sz_Depth_Cn_Inter_Border_Mode_Remap.Remap/431, where GetParam() = (1280x720, CV_32F, BGR, INTER_NEAREST, BORDER_CONSTANT, REFLECTION_BOTH)
[ PERFSTAT ]    (samples=25   mean=0.03   median=0.03   min=0.03   stddev=0.00 (1.0%))
[       OK ] Sz_Depth_Cn_Inter_Border_Mode_Remap.Remap/431 (15 ms)
[ RUN      ] Sz_Depth_Cn_Inter_Border_Mode_Remap.Remap/432, where GetParam() = (1280x720, CV_32F, BGR, INTER_NEAREST, BORDER_REFLECT, HALF_SIZE)
[ PERFSTAT ]    (samples=13   mean=0.02   median=0.02   min=0.02   stddev=0.00 (2.5%))
[       OK ] Sz_Depth_Cn_Inter_Border_Mode_Remap.Remap/432 (17 ms)
[ RUN      ] Sz_Depth_Cn_Inter_Border_Mode_Remap.Remap/433, where GetParam() = (1280x720, CV_32F, BGR, INTER_NEAREST, BORDER_REFLECT, UPSIDE_DOWN)
[ PERFSTAT ]    (samples=15   mean=0.03   median=0.03   min=0.03   stddev=0.00 (2.9%))
[       OK ] Sz_Depth_Cn_Inter_Border_Mode_Remap.Remap/433 (15 ms)
[ RUN      ] Sz_Depth_Cn_Inter_Border_Mode_Remap.Remap/434, where GetParam() = (1280x720, CV_32F, BGR, INTER_NEAREST, BORDER_REFLECT, REFLECTION_X)
[ PERFSTAT ]    (samples=25   mean=0.03   median=0.03   min=0.03   stddev=0.00 (2.6%))
[       OK ] Sz_Depth_Cn_Inter_Border_Mode_Remap.Remap/434 (16 ms)
[ RUN      ] Sz_Depth_Cn_Inter_Border_Mode_Remap.Remap/435, where GetParam() = (1280x720, CV_32F, BGR, INTER_NEAREST, BORDER_REFLECT, REFLECTION_BOTH)
[ PERFSTAT ]    (samples=15   mean=0.03   median=0.03   min=0.03   stddev=0.00 (3.0%))
[       OK ] Sz_Depth_Cn_Inter_Border_Mode_Remap.Remap/435 (15 ms)
[ RUN      ] Sz_Depth_Cn_Inter_Border_Mode_Remap.Remap/436, where GetParam() = (1280x720, CV_32F, BGR, INTER_NEAREST, BORDER_WRAP, HALF_SIZE)
[ PERFSTAT ]    (samples=25   mean=0.02   median=0.02   min=0.02   stddev=0.00 (1.8%))
[       OK ] Sz_Depth_Cn_Inter_Border_Mode_Remap.Remap/436 (17 ms)
[ RUN      ] Sz_Depth_Cn_Inter_Border_Mode_Remap.Remap/437, where GetParam() = (1280x720, CV_32F, BGR, INTER_NEAREST, BORDER_WRAP, UPSIDE_DOWN)
[ PERFSTAT ]    (samples=13   mean=0.03   median=0.03   min=0.03   stddev=0.00 (3.0%))
[       OK ] Sz_Depth_Cn_Inter_Border_Mode_Remap.Remap/437 (15 ms)
[ RUN      ] Sz_Depth_Cn_Inter_Border_Mode_Remap.Remap/438, where GetParam() = (1280x720, CV_32F, BGR, INTER_NEAREST, BORDER_WRAP, REFLECTION_X)
[ PERFSTAT ]    (samples=13   mean=0.03   median=0.03   min=0.03   stddev=0.00 (2.9%))
[       OK ] Sz_Depth_Cn_Inter_Border_Mode_Remap.Remap/438 (17 ms)
[ RUN      ] Sz_Depth_Cn_Inter_Border_Mode_Remap.Remap/439, where GetParam() = (1280x720, CV_32F, BGR, INTER_NEAREST, BORDER_WRAP, REFLECTION_BOTH)
[ PERFSTAT ]    (samples=13   mean=0.03   median=0.03   min=0.03   stddev=0.00 (2.9%))
[       OK ] Sz_Depth_Cn_Inter_Border_Mode_Remap.Remap/439 (15 ms)
[ RUN      ] Sz_Depth_Cn_Inter_Border_Mode_Remap.Remap/440, where GetParam() = (1280x720, CV_32F, BGR, INTER_LINEAR, BORDER_REFLECT101, HALF_SIZE)
[ PERFSTAT ]    (samples=13   mean=0.03   median=0.03   min=0.03   stddev=0.00 (2.2%))
[       OK ] Sz_Depth_Cn_Inter_Border_Mode_Remap.Remap/440 (16 ms)
[ RUN      ] Sz_Depth_Cn_Inter_Border_Mode_Remap.Remap/441, where GetParam() = (1280x720, CV_32F, BGR, INTER_LINEAR, BORDER_REFLECT101, UPSIDE_DOWN)
[ PERFSTAT ]    (samples=13   mean=0.03   median=0.03   min=0.03   stddev=0.00 (1.3%))
[       OK ] Sz_Depth_Cn_Inter_Border_Mode_Remap.Remap/441 (16 ms)
[ RUN      ] Sz_Depth_Cn_Inter_Border_Mode_Remap.Remap/442, where GetParam() = (1280x720, CV_32F, BGR, INTER_LINEAR, BORDER_REFLECT101, REFLECTION_X)
[ PERFSTAT ]    (samples=25   mean=0.03   median=0.03   min=0.03   stddev=0.00 (1.5%))
[       OK ] Sz_Depth_Cn_Inter_Border_Mode_Remap.Remap/442 (17 ms)
[ RUN      ] Sz_Depth_Cn_Inter_Border_Mode_Remap.Remap/443, where GetParam() = (1280x720, CV_32F, BGR, INTER_LINEAR, BORDER_REFLECT101, REFLECTION_BOTH)
[ PERFSTAT ]    (samples=13   mean=0.03   median=0.03   min=0.03   stddev=0.00 (1.5%))
[       OK ] Sz_Depth_Cn_Inter_Border_Mode_Remap.Remap/443 (15 ms)
[ RUN      ] Sz_Depth_Cn_Inter_Border_Mode_Remap.Remap/444, where GetParam() = (1280x720, CV_32F, BGR, INTER_LINEAR, BORDER_REPLICATE, HALF_SIZE)
[ PERFSTAT ]    (samples=25   mean=0.03   median=0.03   min=0.03   stddev=0.00 (2.6%))
[       OK ] Sz_Depth_Cn_Inter_Border_Mode_Remap.Remap/444 (17 ms)
[ RUN      ] Sz_Depth_Cn_Inter_Border_Mode_Remap.Remap/445, where GetParam() = (1280x720, CV_32F, BGR, INTER_LINEAR, BORDER_REPLICATE, UPSIDE_DOWN)
[ PERFSTAT ]    (samples=13   mean=0.03   median=0.03   min=0.03   stddev=0.00 (2.9%))
[       OK ] Sz_Depth_Cn_Inter_Border_Mode_Remap.Remap/445 (15 ms)
[ RUN      ] Sz_Depth_Cn_Inter_Border_Mode_Remap.Remap/446, where GetParam() = (1280x720, CV_32F, BGR, INTER_LINEAR, BORDER_REPLICATE, REFLECTION_X)
[ PERFSTAT ]    (samples=13   mean=0.03   median=0.03   min=0.03   stddev=0.00 (2.6%))
[       OK ] Sz_Depth_Cn_Inter_Border_Mode_Remap.Remap/446 (15 ms)
[ RUN      ] Sz_Depth_Cn_Inter_Border_Mode_Remap.Remap/447, where GetParam() = (1280x720, CV_32F, BGR, INTER_LINEAR, BORDER_REPLICATE, REFLECTION_BOTH)
[ PERFSTAT ]    (samples=18   mean=0.03   median=0.03   min=0.03   stddev=0.00 (3.0%))
[       OK ] Sz_Depth_Cn_Inter_Border_Mode_Remap.Remap/447 (16 ms)
[ RUN      ] Sz_Depth_Cn_Inter_Border_Mode_Remap.Remap/448, where GetParam() = (1280x720, CV_32F, BGR, INTER_LINEAR, BORDER_CONSTANT, HALF_SIZE)
[ PERFSTAT ]    (samples=15   mean=0.03   median=0.03   min=0.03   stddev=0.00 (3.0%))
[       OK ] Sz_Depth_Cn_Inter_Border_Mode_Remap.Remap/448 (16 ms)
[ RUN      ] Sz_Depth_Cn_Inter_Border_Mode_Remap.Remap/449, where GetParam() = (1280x720, CV_32F, BGR, INTER_LINEAR, BORDER_CONSTANT, UPSIDE_DOWN)
[ PERFSTAT ]    (samples=19   mean=0.03   median=0.03   min=0.03   stddev=0.00 (3.0%))
[       OK ] Sz_Depth_Cn_Inter_Border_Mode_Remap.Remap/449 (16 ms)
[ RUN      ] Sz_Depth_Cn_Inter_Border_Mode_Remap.Remap/450, where GetParam() = (1280x720, CV_32F, BGR, INTER_LINEAR, BORDER_CONSTANT, REFLECTION_X)
[ PERFSTAT ]    (samples=13   mean=0.03   median=0.03   min=0.03   stddev=0.00 (2.7%))
[       OK ] Sz_Depth_Cn_Inter_Border_Mode_Remap.Remap/450 (16 ms)
[ RUN      ] Sz_Depth_Cn_Inter_Border_Mode_Remap.Remap/451, where GetParam() = (1280x720, CV_32F, BGR, INTER_LINEAR, BORDER_CONSTANT, REFLECTION_BOTH)
[ PERFSTAT ]    (samples=15   mean=0.03   median=0.03   min=0.03   stddev=0.00 (3.0%))
[       OK ] Sz_Depth_Cn_Inter_Border_Mode_Remap.Remap/451 (15 ms)
[ RUN      ] Sz_Depth_Cn_Inter_Border_Mode_Remap.Remap/452, where GetParam() = (1280x720, CV_32F, BGR, INTER_LINEAR, BORDER_REFLECT, HALF_SIZE)
[ PERFSTAT ]    (samples=13   mean=0.03   median=0.03   min=0.03   stddev=0.00 (2.1%))
[       OK ] Sz_Depth_Cn_Inter_Border_Mode_Remap.Remap/452 (17 ms)
[ RUN      ] Sz_Depth_Cn_Inter_Border_Mode_Remap.Remap/453, where GetParam() = (1280x720, CV_32F, BGR, INTER_LINEAR, BORDER_REFLECT, UPSIDE_DOWN)
[ PERFSTAT ]    (samples=13   mean=0.03   median=0.03   min=0.03   stddev=0.00 (1.5%))
[       OK ] Sz_Depth_Cn_Inter_Border_Mode_Remap.Remap/453 (15 ms)
[ RUN      ] Sz_Depth_Cn_Inter_Border_Mode_Remap.Remap/454, where GetParam() = (1280x720, CV_32F, BGR, INTER_LINEAR, BORDER_REFLECT, REFLECTION_X)
[ PERFSTAT ]    (samples=13   mean=0.03   median=0.03   min=0.03   stddev=0.00 (1.6%))
[       OK ] Sz_Depth_Cn_Inter_Border_Mode_Remap.Remap/454 (15 ms)
[ RUN      ] Sz_Depth_Cn_Inter_Border_Mode_Remap.Remap/455, where GetParam() = (1280x720, CV_32F, BGR, INTER_LINEAR, BORDER_REFLECT, REFLECTION_BOTH)
[ PERFSTAT ]    (samples=13   mean=0.03   median=0.03   min=0.03   stddev=0.00 (1.1%))
[       OK ] Sz_Depth_Cn_Inter_Border_Mode_Remap.Remap/455 (15 ms)
[ RUN      ] Sz_Depth_Cn_Inter_Border_Mode_Remap.Remap/456, where GetParam() = (1280x720, CV_32F, BGR, INTER_LINEAR, BORDER_WRAP, HALF_SIZE)
[ PERFSTAT ]    (samples=13   mean=0.03   median=0.03   min=0.03   stddev=0.00 (2.5%))
[       OK ] Sz_Depth_Cn_Inter_Border_Mode_Remap.Remap/456 (17 ms)
[ RUN      ] Sz_Depth_Cn_Inter_Border_Mode_Remap.Remap/457, where GetParam() = (1280x720, CV_32F, BGR, INTER_LINEAR, BORDER_WRAP, UPSIDE_DOWN)
[ PERFSTAT ]    (samples=25   mean=0.03   median=0.03   min=0.03   stddev=0.00 (2.0%))
[       OK ] Sz_Depth_Cn_Inter_Border_Mode_Remap.Remap/457 (16 ms)
[ RUN      ] Sz_Depth_Cn_Inter_Border_Mode_Remap.Remap/458, where GetParam() = (1280x720, CV_32F, BGR, INTER_LINEAR, BORDER_WRAP, REFLECTION_X)
[ PERFSTAT ]    (samples=13   mean=0.03   median=0.03   min=0.03   stddev=0.00 (2.6%))
[       OK ] Sz_Depth_Cn_Inter_Border_Mode_Remap.Remap/458 (15 ms)
[ RUN      ] Sz_Depth_Cn_Inter_Border_Mode_Remap.Remap/459, where GetParam() = (1280x720, CV_32F, BGR, INTER_LINEAR, BORDER_WRAP, REFLECTION_BOTH)
[ PERFSTAT ]    (samples=13   mean=0.03   median=0.03   min=0.03   stddev=0.00 (1.7%))
[       OK ] Sz_Depth_Cn_Inter_Border_Mode_Remap.Remap/459 (16 ms)
[ RUN      ] Sz_Depth_Cn_Inter_Border_Mode_Remap.Remap/460, where GetParam() = (1280x720, CV_32F, BGR, INTER_CUBIC, BORDER_REFLECT101, HALF_SIZE)
[ PERFSTAT ]    (samples=13   mean=0.13   median=0.13   min=0.13   stddev=0.00 (0.3%))
[       OK ] Sz_Depth_Cn_Inter_Border_Mode_Remap.Remap/460 (18 ms)
[ RUN      ] Sz_Depth_Cn_Inter_Border_Mode_Remap.Remap/461, where GetParam() = (1280x720, CV_32F, BGR, INTER_CUBIC, BORDER_REFLECT101, UPSIDE_DOWN)
[ PERFSTAT ]    (samples=13   mean=0.14   median=0.14   min=0.14   stddev=0.00 (0.3%))
[       OK ] Sz_Depth_Cn_Inter_Border_Mode_Remap.Remap/461 (16 ms)
[ RUN      ] Sz_Depth_Cn_Inter_Border_Mode_Remap.Remap/462, where GetParam() = (1280x720, CV_32F, BGR, INTER_CUBIC, BORDER_REFLECT101, REFLECTION_X)
[ PERFSTAT ]    (samples=13   mean=0.14   median=0.14   min=0.14   stddev=0.00 (0.2%))
[       OK ] Sz_Depth_Cn_Inter_Border_Mode_Remap.Remap/462 (17 ms)
[ RUN      ] Sz_Depth_Cn_Inter_Border_Mode_Remap.Remap/463, where GetParam() = (1280x720, CV_32F, BGR, INTER_CUBIC, BORDER_REFLECT101, REFLECTION_BOTH)
[ PERFSTAT ]    (samples=13   mean=0.15   median=0.15   min=0.14   stddev=0.00 (0.3%))
[       OK ] Sz_Depth_Cn_Inter_Border_Mode_Remap.Remap/463 (17 ms)
[ RUN      ] Sz_Depth_Cn_Inter_Border_Mode_Remap.Remap/464, where GetParam() = (1280x720, CV_32F, BGR, INTER_CUBIC, BORDER_REPLICATE, HALF_SIZE)
[ PERFSTAT ]    (samples=13   mean=0.08   median=0.08   min=0.08   stddev=0.00 (0.4%))
[       OK ] Sz_Depth_Cn_Inter_Border_Mode_Remap.Remap/464 (17 ms)
[ RUN      ] Sz_Depth_Cn_Inter_Border_Mode_Remap.Remap/465, where GetParam() = (1280x720, CV_32F, BGR, INTER_CUBIC, BORDER_REPLICATE, UPSIDE_DOWN)
[ PERFSTAT ]    (samples=13   mean=0.09   median=0.09   min=0.09   stddev=0.00 (0.6%))
[       OK ] Sz_Depth_Cn_Inter_Border_Mode_Remap.Remap/465 (16 ms)
[ RUN      ] Sz_Depth_Cn_Inter_Border_Mode_Remap.Remap/466, where GetParam() = (1280x720, CV_32F, BGR, INTER_CUBIC, BORDER_REPLICATE, REFLECTION_X)
[ PERFSTAT ]    (samples=13   mean=0.09   median=0.09   min=0.09   stddev=0.00 (0.5%))
[       OK ] Sz_Depth_Cn_Inter_Border_Mode_Remap.Remap/466 (16 ms)
[ RUN      ] Sz_Depth_Cn_Inter_Border_Mode_Remap.Remap/467, where GetParam() = (1280x720, CV_32F, BGR, INTER_CUBIC, BORDER_REPLICATE, REFLECTION_BOTH)
[ PERFSTAT ]    (samples=13   mean=0.09   median=0.09   min=0.09   stddev=0.00 (0.7%))
[       OK ] Sz_Depth_Cn_Inter_Border_Mode_Remap.Remap/467 (16 ms)
[ RUN      ] Sz_Depth_Cn_Inter_Border_Mode_Remap.Remap/468, where GetParam() = (1280x720, CV_32F, BGR, INTER_CUBIC, BORDER_CONSTANT, HALF_SIZE)
[ PERFSTAT ]    (samples=13   mean=0.09   median=0.09   min=0.09   stddev=0.00 (0.7%))
[       OK ] Sz_Depth_Cn_Inter_Border_Mode_Remap.Remap/468 (18 ms)
[ RUN      ] Sz_Depth_Cn_Inter_Border_Mode_Remap.Remap/469, where GetParam() = (1280x720, CV_32F, BGR, INTER_CUBIC, BORDER_CONSTANT, UPSIDE_DOWN)
[ PERFSTAT ]    (samples=13   mean=0.10   median=0.10   min=0.10   stddev=0.00 (0.6%))
[       OK ] Sz_Depth_Cn_Inter_Border_Mode_Remap.Remap/469 (16 ms)
[ RUN      ] Sz_Depth_Cn_Inter_Border_Mode_Remap.Remap/470, where GetParam() = (1280x720, CV_32F, BGR, INTER_CUBIC, BORDER_CONSTANT, REFLECTION_X)
[ PERFSTAT ]    (samples=13   mean=0.10   median=0.10   min=0.10   stddev=0.00 (0.7%))
[       OK ] Sz_Depth_Cn_Inter_Border_Mode_Remap.Remap/470 (16 ms)
[ RUN      ] Sz_Depth_Cn_Inter_Border_Mode_Remap.Remap/471, where GetParam() = (1280x720, CV_32F, BGR, INTER_CUBIC, BORDER_CONSTANT, REFLECTION_BOTH)
[ PERFSTAT ]    (samples=13   mean=0.10   median=0.10   min=0.10   stddev=0.00 (0.4%))
[       OK ] Sz_Depth_Cn_Inter_Border_Mode_Remap.Remap/471 (16 ms)
[ RUN      ] Sz_Depth_Cn_Inter_Border_Mode_Remap.Remap/472, where GetParam() = (1280x720, CV_32F, BGR, INTER_CUBIC, BORDER_REFLECT, HALF_SIZE)
[ PERFSTAT ]    (samples=13   mean=0.14   median=0.14   min=0.14   stddev=0.00 (0.3%))
[       OK ] Sz_Depth_Cn_Inter_Border_Mode_Remap.Remap/472 (18 ms)
[ RUN      ] Sz_Depth_Cn_Inter_Border_Mode_Remap.Remap/473, where GetParam() = (1280x720, CV_32F, BGR, INTER_CUBIC, BORDER_REFLECT, UPSIDE_DOWN)
[ PERFSTAT ]    (samples=13   mean=0.15   median=0.15   min=0.15   stddev=0.00 (0.7%))
[       OK ] Sz_Depth_Cn_Inter_Border_Mode_Remap.Remap/473 (17 ms)
[ RUN      ] Sz_Depth_Cn_Inter_Border_Mode_Remap.Remap/474, where GetParam() = (1280x720, CV_32F, BGR, INTER_CUBIC, BORDER_REFLECT, REFLECTION_X)
[ PERFSTAT ]    (samples=13   mean=0.15   median=0.15   min=0.15   stddev=0.00 (1.0%))
[       OK ] Sz_Depth_Cn_Inter_Border_Mode_Remap.Remap/474 (17 ms)
[ RUN      ] Sz_Depth_Cn_Inter_Border_Mode_Remap.Remap/475, where GetParam() = (1280x720, CV_32F, BGR, INTER_CUBIC, BORDER_REFLECT, REFLECTION_BOTH)
[ PERFSTAT ]    (samples=13   mean=0.16   median=0.15   min=0.15   stddev=0.00 (0.5%))
[       OK ] Sz_Depth_Cn_Inter_Border_Mode_Remap.Remap/475 (17 ms)
[ RUN      ] Sz_Depth_Cn_Inter_Border_Mode_Remap.Remap/476, where GetParam() = (1280x720, CV_32F, BGR, INTER_CUBIC, BORDER_WRAP, HALF_SIZE)
[ PERFSTAT ]    (samples=13   mean=0.14   median=0.14   min=0.14   stddev=0.00 (0.5%))
[       OK ] Sz_Depth_Cn_Inter_Border_Mode_Remap.Remap/476 (18 ms)
[ RUN      ] Sz_Depth_Cn_Inter_Border_Mode_Remap.Remap/477, where GetParam() = (1280x720, CV_32F, BGR, INTER_CUBIC, BORDER_WRAP, UPSIDE_DOWN)
[ PERFSTAT ]    (samples=13   mean=0.13   median=0.13   min=0.13   stddev=0.00 (0.4%))
[       OK ] Sz_Depth_Cn_Inter_Border_Mode_Remap.Remap/477 (17 ms)
[ RUN      ] Sz_Depth_Cn_Inter_Border_Mode_Remap.Remap/478, where GetParam() = (1280x720, CV_32F, BGR, INTER_CUBIC, BORDER_WRAP, REFLECTION_X)
[ PERFSTAT ]    (samples=13   mean=0.13   median=0.13   min=0.13   stddev=0.00 (0.5%))
[       OK ] Sz_Depth_Cn_Inter_Border_Mode_Remap.Remap/478 (17 ms)
[ RUN      ] Sz_Depth_Cn_Inter_Border_Mode_Remap.Remap/479, where GetParam() = (1280x720, CV_32F, BGR, INTER_CUBIC, BORDER_WRAP, REFLECTION_BOTH)
[ PERFSTAT ]    (samples=13   mean=0.13   median=0.13   min=0.13   stddev=0.00 (0.9%))
[       OK ] Sz_Depth_Cn_Inter_Border_Mode_Remap.Remap/479 (16 ms)
[ RUN      ] Sz_Depth_Cn_Inter_Border_Mode_Remap.Remap/480, where GetParam() = (1280x720, CV_32F, BGRA, INTER_NEAREST, BORDER_REFLECT101, HALF_SIZE)
[ PERFSTAT ]    (samples=25   mean=0.03   median=0.03   min=0.03   stddev=0.00 (2.5%))
[       OK ] Sz_Depth_Cn_Inter_Border_Mode_Remap.Remap/480 (20 ms)
[ RUN      ] Sz_Depth_Cn_Inter_Border_Mode_Remap.Remap/481, where GetParam() = (1280x720, CV_32F, BGRA, INTER_NEAREST, BORDER_REFLECT101, UPSIDE_DOWN)
[ PERFSTAT ]    (samples=21   mean=0.04   median=0.04   min=0.04   stddev=0.00 (3.0%))
[       OK ] Sz_Depth_Cn_Inter_Border_Mode_Remap.Remap/481 (19 ms)
[ RUN      ] Sz_Depth_Cn_Inter_Border_Mode_Remap.Remap/482, where GetParam() = (1280x720, CV_32F, BGRA, INTER_NEAREST, BORDER_REFLECT101, REFLECTION_X)
[ PERFSTAT ]    (samples=25   mean=0.04   median=0.04   min=0.04   stddev=0.00 (2.3%))
[       OK ] Sz_Depth_Cn_Inter_Border_Mode_Remap.Remap/482 (18 ms)
[ RUN      ] Sz_Depth_Cn_Inter_Border_Mode_Remap.Remap/483, where GetParam() = (1280x720, CV_32F, BGRA, INTER_NEAREST, BORDER_REFLECT101, REFLECTION_BOTH)
[ PERFSTAT ]    (samples=14   mean=0.04   median=0.04   min=0.04   stddev=0.00 (3.0%))
[       OK ] Sz_Depth_Cn_Inter_Border_Mode_Remap.Remap/483 (19 ms)
[ RUN      ] Sz_Depth_Cn_Inter_Border_Mode_Remap.Remap/484, where GetParam() = (1280x720, CV_32F, BGRA, INTER_NEAREST, BORDER_REPLICATE, HALF_SIZE)
[ PERFSTAT ]    (samples=38   mean=0.03   median=0.03   min=0.03   stddev=0.00 (2.5%))
[       OK ] Sz_Depth_Cn_Inter_Border_Mode_Remap.Remap/484 (57 ms)
[ RUN      ] Sz_Depth_Cn_Inter_Border_Mode_Remap.Remap/485, where GetParam() = (1280x720, CV_32F, BGRA, INTER_NEAREST, BORDER_REPLICATE, UPSIDE_DOWN)
[ PERFSTAT ]    (samples=20   mean=0.04   median=0.04   min=0.04   stddev=0.00 (2.9%))
[       OK ] Sz_Depth_Cn_Inter_Border_Mode_Remap.Remap/485 (18 ms)
[ RUN      ] Sz_Depth_Cn_Inter_Border_Mode_Remap.Remap/486, where GetParam() = (1280x720, CV_32F, BGRA, INTER_NEAREST, BORDER_REPLICATE, REFLECTION_X)
[ PERFSTAT ]    (samples=16   mean=0.04   median=0.04   min=0.04   stddev=0.00 (2.9%))
[       OK ] Sz_Depth_Cn_Inter_Border_Mode_Remap.Remap/486 (19 ms)
[ RUN      ] Sz_Depth_Cn_Inter_Border_Mode_Remap.Remap/487, where GetParam() = (1280x720, CV_32F, BGRA, INTER_NEAREST, BORDER_REPLICATE, REFLECTION_BOTH)
[ PERFSTAT ]    (samples=18   mean=0.04   median=0.04   min=0.04   stddev=0.00 (2.9%))
[       OK ] Sz_Depth_Cn_Inter_Border_Mode_Remap.Remap/487 (18 ms)
[ RUN      ] Sz_Depth_Cn_Inter_Border_Mode_Remap.Remap/488, where GetParam() = (1280x720, CV_32F, BGRA, INTER_NEAREST, BORDER_CONSTANT, HALF_SIZE)
[ PERFSTAT ]    (samples=38   mean=0.03   median=0.03   min=0.03   stddev=0.00 (2.6%))
[       OK ] Sz_Depth_Cn_Inter_Border_Mode_Remap.Remap/488 (20 ms)
[ RUN      ] Sz_Depth_Cn_Inter_Border_Mode_Remap.Remap/489, where GetParam() = (1280x720, CV_32F, BGRA, INTER_NEAREST, BORDER_CONSTANT, UPSIDE_DOWN)
[ PERFSTAT ]    (samples=20   mean=0.04   median=0.04   min=0.04   stddev=0.00 (3.0%))
[       OK ] Sz_Depth_Cn_Inter_Border_Mode_Remap.Remap/489 (19 ms)
[ RUN      ] Sz_Depth_Cn_Inter_Border_Mode_Remap.Remap/490, where GetParam() = (1280x720, CV_32F, BGRA, INTER_NEAREST, BORDER_CONSTANT, REFLECTION_X)
[ PERFSTAT ]    (samples=25   mean=0.04   median=0.04   min=0.04   stddev=0.00 (2.7%))
[       OK ] Sz_Depth_Cn_Inter_Border_Mode_Remap.Remap/490 (19 ms)
[ RUN      ] Sz_Depth_Cn_Inter_Border_Mode_Remap.Remap/491, where GetParam() = (1280x720, CV_32F, BGRA, INTER_NEAREST, BORDER_CONSTANT, REFLECTION_BOTH)
[ PERFSTAT ]    (samples=25   mean=0.04   median=0.04   min=0.04   stddev=0.00 (2.2%))
[       OK ] Sz_Depth_Cn_Inter_Border_Mode_Remap.Remap/491 (19 ms)
[ RUN      ] Sz_Depth_Cn_Inter_Border_Mode_Remap.Remap/492, where GetParam() = (1280x720, CV_32F, BGRA, INTER_NEAREST, BORDER_REFLECT, HALF_SIZE)
[ PERFSTAT ]    (samples=25   mean=0.03   median=0.03   min=0.03   stddev=0.00 (2.4%))
[       OK ] Sz_Depth_Cn_Inter_Border_Mode_Remap.Remap/492 (19 ms)
[ RUN      ] Sz_Depth_Cn_Inter_Border_Mode_Remap.Remap/493, where GetParam() = (1280x720, CV_32F, BGRA, INTER_NEAREST, BORDER_REFLECT, UPSIDE_DOWN)
[ PERFSTAT ]    (samples=21   mean=0.04   median=0.04   min=0.04   stddev=0.00 (3.0%))
[       OK ] Sz_Depth_Cn_Inter_Border_Mode_Remap.Remap/493 (19 ms)
[ RUN      ] Sz_Depth_Cn_Inter_Border_Mode_Remap.Remap/494, where GetParam() = (1280x720, CV_32F, BGRA, INTER_NEAREST, BORDER_REFLECT, REFLECTION_X)
[ PERFSTAT ]    (samples=25   mean=0.04   median=0.04   min=0.04   stddev=0.00 (2.5%))
[       OK ] Sz_Depth_Cn_Inter_Border_Mode_Remap.Remap/494 (19 ms)
[ RUN      ] Sz_Depth_Cn_Inter_Border_Mode_Remap.Remap/495, where GetParam() = (1280x720, CV_32F, BGRA, INTER_NEAREST, BORDER_REFLECT, REFLECTION_BOTH)
[ PERFSTAT ]    (samples=15   mean=0.04   median=0.04   min=0.04   stddev=0.00 (3.0%))
[       OK ] Sz_Depth_Cn_Inter_Border_Mode_Remap.Remap/495 (18 ms)
[ RUN      ] Sz_Depth_Cn_Inter_Border_Mode_Remap.Remap/496, where GetParam() = (1280x720, CV_32F, BGRA, INTER_NEAREST, BORDER_WRAP, HALF_SIZE)
[ PERFSTAT ]    (samples=25   mean=0.03   median=0.03   min=0.03   stddev=0.00 (2.0%))
[       OK ] Sz_Depth_Cn_Inter_Border_Mode_Remap.Remap/496 (20 ms)
[ RUN      ] Sz_Depth_Cn_Inter_Border_Mode_Remap.Remap/497, where GetParam() = (1280x720, CV_32F, BGRA, INTER_NEAREST, BORDER_WRAP, UPSIDE_DOWN)
[ PERFSTAT ]    (samples=13   mean=0.04   median=0.04   min=0.04   stddev=0.00 (2.9%))
[       OK ] Sz_Depth_Cn_Inter_Border_Mode_Remap.Remap/497 (18 ms)
[ RUN      ] Sz_Depth_Cn_Inter_Border_Mode_Remap.Remap/498, where GetParam() = (1280x720, CV_32F, BGRA, INTER_NEAREST, BORDER_WRAP, REFLECTION_X)
[ PERFSTAT ]    (samples=16   mean=0.04   median=0.04   min=0.04   stddev=0.00 (2.9%))
[       OK ] Sz_Depth_Cn_Inter_Border_Mode_Remap.Remap/498 (18 ms)
[ RUN      ] Sz_Depth_Cn_Inter_Border_Mode_Remap.Remap/499, where GetParam() = (1280x720, CV_32F, BGRA, INTER_NEAREST, BORDER_WRAP, REFLECTION_BOTH)
[ PERFSTAT ]    (samples=15   mean=0.04   median=0.04   min=0.04   stddev=0.00 (3.0%))
[       OK ] Sz_Depth_Cn_Inter_Border_Mode_Remap.Remap/499 (19 ms)
[ RUN      ] Sz_Depth_Cn_Inter_Border_Mode_Remap.Remap/500, where GetParam() = (1280x720, CV_32F, BGRA, INTER_LINEAR, BORDER_REFLECT101, HALF_SIZE)
[ PERFSTAT ]    (samples=16   mean=0.05   median=0.05   min=0.05   stddev=0.00 (2.9%))
[       OK ] Sz_Depth_Cn_Inter_Border_Mode_Remap.Remap/500 (20 ms)
[ RUN      ] Sz_Depth_Cn_Inter_Border_Mode_Remap.Remap/501, where GetParam() = (1280x720, CV_32F, BGRA, INTER_LINEAR, BORDER_REFLECT101, UPSIDE_DOWN)
[ PERFSTAT ]    (samples=19   mean=0.04   median=0.04   min=0.04   stddev=0.00 (3.0%))
[       OK ] Sz_Depth_Cn_Inter_Border_Mode_Remap.Remap/501 (18 ms)
[ RUN      ] Sz_Depth_Cn_Inter_Border_Mode_Remap.Remap/502, where GetParam() = (1280x720, CV_32F, BGRA, INTER_LINEAR, BORDER_REFLECT101, REFLECTION_X)
[ PERFSTAT ]    (samples=25   mean=0.04   median=0.04   min=0.04   stddev=0.00 (2.5%))
[       OK ] Sz_Depth_Cn_Inter_Border_Mode_Remap.Remap/502 (18 ms)
[ RUN      ] Sz_Depth_Cn_Inter_Border_Mode_Remap.Remap/503, where GetParam() = (1280x720, CV_32F, BGRA, INTER_LINEAR, BORDER_REFLECT101, REFLECTION_BOTH)
[ PERFSTAT ]    (samples=17   mean=0.04   median=0.04   min=0.04   stddev=0.00 (2.9%))
[       OK ] Sz_Depth_Cn_Inter_Border_Mode_Remap.Remap/503 (19 ms)
[ RUN      ] Sz_Depth_Cn_Inter_Border_Mode_Remap.Remap/504, where GetParam() = (1280x720, CV_32F, BGRA, INTER_LINEAR, BORDER_REPLICATE, HALF_SIZE)
[ PERFSTAT ]    (samples=18   mean=0.05   median=0.05   min=0.05   stddev=0.00 (3.0%))
[       OK ] Sz_Depth_Cn_Inter_Border_Mode_Remap.Remap/504 (20 ms)
[ RUN      ] Sz_Depth_Cn_Inter_Border_Mode_Remap.Remap/505, where GetParam() = (1280x720, CV_32F, BGRA, INTER_LINEAR, BORDER_REPLICATE, UPSIDE_DOWN)
[ PERFSTAT ]    (samples=15   mean=0.04   median=0.04   min=0.04   stddev=0.00 (3.0%))
[       OK ] Sz_Depth_Cn_Inter_Border_Mode_Remap.Remap/505 (18 ms)
[ RUN      ] Sz_Depth_Cn_Inter_Border_Mode_Remap.Remap/506, where GetParam() = (1280x720, CV_32F, BGRA, INTER_LINEAR, BORDER_REPLICATE, REFLECTION_X)
[ PERFSTAT ]    (samples=25   mean=0.04   median=0.04   min=0.04   stddev=0.00 (1.3%))
[       OK ] Sz_Depth_Cn_Inter_Border_Mode_Remap.Remap/506 (20 ms)
[ RUN      ] Sz_Depth_Cn_Inter_Border_Mode_Remap.Remap/507, where GetParam() = (1280x720, CV_32F, BGRA, INTER_LINEAR, BORDER_REPLICATE, REFLECTION_BOTH)
[ PERFSTAT ]    (samples=16   mean=0.04   median=0.04   min=0.04   stddev=0.00 (3.0%))
[       OK ] Sz_Depth_Cn_Inter_Border_Mode_Remap.Remap/507 (18 ms)
[ RUN      ] Sz_Depth_Cn_Inter_Border_Mode_Remap.Remap/508, where GetParam() = (1280x720, CV_32F, BGRA, INTER_LINEAR, BORDER_CONSTANT, HALF_SIZE)
[ PERFSTAT ]    (samples=16   mean=0.05   median=0.05   min=0.05   stddev=0.00 (3.0%))
[       OK ] Sz_Depth_Cn_Inter_Border_Mode_Remap.Remap/508 (20 ms)
[ RUN      ] Sz_Depth_Cn_Inter_Border_Mode_Remap.Remap/509, where GetParam() = (1280x720, CV_32F, BGRA, INTER_LINEAR, BORDER_CONSTANT, UPSIDE_DOWN)
[ PERFSTAT ]    (samples=19   mean=0.04   median=0.04   min=0.04   stddev=0.00 (3.0%))
[       OK ] Sz_Depth_Cn_Inter_Border_Mode_Remap.Remap/509 (20 ms)
[ RUN      ] Sz_Depth_Cn_Inter_Border_Mode_Remap.Remap/510, where GetParam() = (1280x720, CV_32F, BGRA, INTER_LINEAR, BORDER_CONSTANT, REFLECTION_X)
[ PERFSTAT ]    (samples=16   mean=0.04   median=0.04   min=0.04   stddev=0.00 (3.0%))
[       OK ] Sz_Depth_Cn_Inter_Border_Mode_Remap.Remap/510 (18 ms)
[ RUN      ] Sz_Depth_Cn_Inter_Border_Mode_Remap.Remap/511, where GetParam() = (1280x720, CV_32F, BGRA, INTER_LINEAR, BORDER_CONSTANT, REFLECTION_BOTH)
[ PERFSTAT ]    (samples=18   mean=0.04   median=0.04   min=0.04   stddev=0.00 (3.0%))
[       OK ] Sz_Depth_Cn_Inter_Border_Mode_Remap.Remap/511 (19 ms)
[ RUN      ] Sz_Depth_Cn_Inter_Border_Mode_Remap.Remap/512, where GetParam() = (1280x720, CV_32F, BGRA, INTER_LINEAR, BORDER_REFLECT, HALF_SIZE)
[ PERFSTAT ]    (samples=20   mean=0.05   median=0.05   min=0.05   stddev=0.00 (3.0%))
[       OK ] Sz_Depth_Cn_Inter_Border_Mode_Remap.Remap/512 (20 ms)
[ RUN      ] Sz_Depth_Cn_Inter_Border_Mode_Remap.Remap/513, where GetParam() = (1280x720, CV_32F, BGRA, INTER_LINEAR, BORDER_REFLECT, UPSIDE_DOWN)
[ PERFSTAT ]    (samples=16   mean=0.04   median=0.04   min=0.04   stddev=0.00 (3.0%))
[       OK ] Sz_Depth_Cn_Inter_Border_Mode_Remap.Remap/513 (18 ms)
[ RUN      ] Sz_Depth_Cn_Inter_Border_Mode_Remap.Remap/514, where GetParam() = (1280x720, CV_32F, BGRA, INTER_LINEAR, BORDER_REFLECT, REFLECTION_X)
[ PERFSTAT ]    (samples=17   mean=0.04   median=0.04   min=0.04   stddev=0.00 (3.0%))
[       OK ] Sz_Depth_Cn_Inter_Border_Mode_Remap.Remap/514 (19 ms)
[ RUN      ] Sz_Depth_Cn_Inter_Border_Mode_Remap.Remap/515, where GetParam() = (1280x720, CV_32F, BGRA, INTER_LINEAR, BORDER_REFLECT, REFLECTION_BOTH)
[ PERFSTAT ]    (samples=25   mean=0.04   median=0.04   min=0.04   stddev=0.00 (2.9%))
[       OK ] Sz_Depth_Cn_Inter_Border_Mode_Remap.Remap/515 (18 ms)
[ RUN      ] Sz_Depth_Cn_Inter_Border_Mode_Remap.Remap/516, where GetParam() = (1280x720, CV_32F, BGRA, INTER_LINEAR, BORDER_WRAP, HALF_SIZE)
[ PERFSTAT ]    (samples=25   mean=0.05   median=0.05   min=0.05   stddev=0.00 (2.5%))
[       OK ] Sz_Depth_Cn_Inter_Border_Mode_Remap.Remap/516 (21 ms)
[ RUN      ] Sz_Depth_Cn_Inter_Border_Mode_Remap.Remap/517, where GetParam() = (1280x720, CV_32F, BGRA, INTER_LINEAR, BORDER_WRAP, UPSIDE_DOWN)
[ PERFSTAT ]    (samples=21   mean=0.04   median=0.04   min=0.04   stddev=0.00 (3.0%))
[       OK ] Sz_Depth_Cn_Inter_Border_Mode_Remap.Remap/517 (18 ms)
[ RUN      ] Sz_Depth_Cn_Inter_Border_Mode_Remap.Remap/518, where GetParam() = (1280x720, CV_32F, BGRA, INTER_LINEAR, BORDER_WRAP, REFLECTION_X)
[ PERFSTAT ]    (samples=17   mean=0.04   median=0.04   min=0.04   stddev=0.00 (2.9%))
[       OK ] Sz_Depth_Cn_Inter_Border_Mode_Remap.Remap/518 (19 ms)
[ RUN      ] Sz_Depth_Cn_Inter_Border_Mode_Remap.Remap/519, where GetParam() = (1280x720, CV_32F, BGRA, INTER_LINEAR, BORDER_WRAP, REFLECTION_BOTH)
[ PERFSTAT ]    (samples=14   mean=0.04   median=0.04   min=0.04   stddev=0.00 (2.9%))
[       OK ] Sz_Depth_Cn_Inter_Border_Mode_Remap.Remap/519 (18 ms)
[ RUN      ] Sz_Depth_Cn_Inter_Border_Mode_Remap.Remap/520, where GetParam() = (1280x720, CV_32F, BGRA, INTER_CUBIC, BORDER_REFLECT101, HALF_SIZE)
[ PERFSTAT ]    (samples=13   mean=0.16   median=0.16   min=0.16   stddev=0.00 (0.8%))
[       OK ] Sz_Depth_Cn_Inter_Border_Mode_Remap.Remap/520 (21 ms)
[ RUN      ] Sz_Depth_Cn_Inter_Border_Mode_Remap.Remap/521, where GetParam() = (1280x720, CV_32F, BGRA, INTER_CUBIC, BORDER_REFLECT101, UPSIDE_DOWN)
[ PERFSTAT ]    (samples=13   mean=0.18   median=0.18   min=0.18   stddev=0.00 (0.8%))
[       OK ] Sz_Depth_Cn_Inter_Border_Mode_Remap.Remap/521 (20 ms)
[ RUN      ] Sz_Depth_Cn_Inter_Border_Mode_Remap.Remap/522, where GetParam() = (1280x720, CV_32F, BGRA, INTER_CUBIC, BORDER_REFLECT101, REFLECTION_X)
[ PERFSTAT ]    (samples=13   mean=0.18   median=0.18   min=0.18   stddev=0.00 (0.5%))
[       OK ] Sz_Depth_Cn_Inter_Border_Mode_Remap.Remap/522 (20 ms)
[ RUN      ] Sz_Depth_Cn_Inter_Border_Mode_Remap.Remap/523, where GetParam() = (1280x720, CV_32F, BGRA, INTER_CUBIC, BORDER_REFLECT101, REFLECTION_BOTH)
[ PERFSTAT ]    (samples=13   mean=0.18   median=0.18   min=0.18   stddev=0.00 (0.6%))
[       OK ] Sz_Depth_Cn_Inter_Border_Mode_Remap.Remap/523 (19 ms)
[ RUN      ] Sz_Depth_Cn_Inter_Border_Mode_Remap.Remap/524, where GetParam() = (1280x720, CV_32F, BGRA, INTER_CUBIC, BORDER_REPLICATE, HALF_SIZE)
[ PERFSTAT ]    (samples=13   mean=0.14   median=0.14   min=0.13   stddev=0.00 (0.7%))
[       OK ] Sz_Depth_Cn_Inter_Border_Mode_Remap.Remap/524 (21 ms)
[ RUN      ] Sz_Depth_Cn_Inter_Border_Mode_Remap.Remap/525, where GetParam() = (1280x720, CV_32F, BGRA, INTER_CUBIC, BORDER_REPLICATE, UPSIDE_DOWN)
[ PERFSTAT ]    (samples=13   mean=0.16   median=0.16   min=0.16   stddev=0.00 (0.8%))
[       OK ] Sz_Depth_Cn_Inter_Border_Mode_Remap.Remap/525 (20 ms)
[ RUN      ] Sz_Depth_Cn_Inter_Border_Mode_Remap.Remap/526, where GetParam() = (1280x720, CV_32F, BGRA, INTER_CUBIC, BORDER_REPLICATE, REFLECTION_X)
[ PERFSTAT ]    (samples=13   mean=0.16   median=0.16   min=0.16   stddev=0.00 (1.5%))
[       OK ] Sz_Depth_Cn_Inter_Border_Mode_Remap.Remap/526 (20 ms)
[ RUN      ] Sz_Depth_Cn_Inter_Border_Mode_Remap.Remap/527, where GetParam() = (1280x720, CV_32F, BGRA, INTER_CUBIC, BORDER_REPLICATE, REFLECTION_BOTH)
[ PERFSTAT ]    (samples=13   mean=0.16   median=0.16   min=0.16   stddev=0.00 (0.9%))
[       OK ] Sz_Depth_Cn_Inter_Border_Mode_Remap.Remap/527 (20 ms)
[ RUN      ] Sz_Depth_Cn_Inter_Border_Mode_Remap.Remap/528, where GetParam() = (1280x720, CV_32F, BGRA, INTER_CUBIC, BORDER_CONSTANT, HALF_SIZE)
[ PERFSTAT ]    (samples=13   mean=0.11   median=0.11   min=0.11   stddev=0.00 (1.2%))
[       OK ] Sz_Depth_Cn_Inter_Border_Mode_Remap.Remap/528 (20 ms)
[ RUN      ] Sz_Depth_Cn_Inter_Border_Mode_Remap.Remap/529, where GetParam() = (1280x720, CV_32F, BGRA, INTER_CUBIC, BORDER_CONSTANT, UPSIDE_DOWN)
[ PERFSTAT ]    (samples=13   mean=0.15   median=0.15   min=0.15   stddev=0.00 (0.8%))
[       OK ] Sz_Depth_Cn_Inter_Border_Mode_Remap.Remap/529 (21 ms)
[ RUN      ] Sz_Depth_Cn_Inter_Border_Mode_Remap.Remap/530, where GetParam() = (1280x720, CV_32F, BGRA, INTER_CUBIC, BORDER_CONSTANT, REFLECTION_X)
[ PERFSTAT ]    (samples=13   mean=0.15   median=0.15   min=0.15   stddev=0.00 (1.6%))
[       OK ] Sz_Depth_Cn_Inter_Border_Mode_Remap.Remap/530 (20 ms)
[ RUN      ] Sz_Depth_Cn_Inter_Border_Mode_Remap.Remap/531, where GetParam() = (1280x720, CV_32F, BGRA, INTER_CUBIC, BORDER_CONSTANT, REFLECTION_BOTH)
[ PERFSTAT ]    (samples=13   mean=0.15   median=0.15   min=0.15   stddev=0.00 (0.9%))
[       OK ] Sz_Depth_Cn_Inter_Border_Mode_Remap.Remap/531 (19 ms)
[ RUN      ] Sz_Depth_Cn_Inter_Border_Mode_Remap.Remap/532, where GetParam() = (1280x720, CV_32F, BGRA, INTER_CUBIC, BORDER_REFLECT, HALF_SIZE)
[ PERFSTAT ]    (samples=13   mean=0.16   median=0.16   min=0.16   stddev=0.00 (0.8%))
[       OK ] Sz_Depth_Cn_Inter_Border_Mode_Remap.Remap/532 (21 ms)
[ RUN      ] Sz_Depth_Cn_Inter_Border_Mode_Remap.Remap/533, where GetParam() = (1280x720, CV_32F, BGRA, INTER_CUBIC, BORDER_REFLECT, UPSIDE_DOWN)
[ PERFSTAT ]    (samples=13   mean=0.17   median=0.17   min=0.17   stddev=0.00 (0.6%))
[       OK ] Sz_Depth_Cn_Inter_Border_Mode_Remap.Remap/533 (20 ms)
[ RUN      ] Sz_Depth_Cn_Inter_Border_Mode_Remap.Remap/534, where GetParam() = (1280x720, CV_32F, BGRA, INTER_CUBIC, BORDER_REFLECT, REFLECTION_X)
[ PERFSTAT ]    (samples=13   mean=0.17   median=0.17   min=0.17   stddev=0.00 (0.6%))
[       OK ] Sz_Depth_Cn_Inter_Border_Mode_Remap.Remap/534 (20 ms)
[ RUN      ] Sz_Depth_Cn_Inter_Border_Mode_Remap.Remap/535, where GetParam() = (1280x720, CV_32F, BGRA, INTER_CUBIC, BORDER_REFLECT, REFLECTION_BOTH)
[ PERFSTAT ]    (samples=13   mean=0.17   median=0.17   min=0.17   stddev=0.00 (0.7%))
[       OK ] Sz_Depth_Cn_Inter_Border_Mode_Remap.Remap/535 (19 ms)
[ RUN      ] Sz_Depth_Cn_Inter_Border_Mode_Remap.Remap/536, where GetParam() = (1280x720, CV_32F, BGRA, INTER_CUBIC, BORDER_WRAP, HALF_SIZE)
[ PERFSTAT ]    (samples=13   mean=0.16   median=0.16   min=0.16   stddev=0.00 (0.8%))
[       OK ] Sz_Depth_Cn_Inter_Border_Mode_Remap.Remap/536 (21 ms)
[ RUN      ] Sz_Depth_Cn_Inter_Border_Mode_Remap.Remap/537, where GetParam() = (1280x720, CV_32F, BGRA, INTER_CUBIC, BORDER_WRAP, UPSIDE_DOWN)
[ PERFSTAT ]    (samples=13   mean=0.15   median=0.15   min=0.15   stddev=0.00 (0.9%))
[       OK ] Sz_Depth_Cn_Inter_Border_Mode_Remap.Remap/537 (20 ms)
[ RUN      ] Sz_Depth_Cn_Inter_Border_Mode_Remap.Remap/538, where GetParam() = (1280x720, CV_32F, BGRA, INTER_CUBIC, BORDER_WRAP, REFLECTION_X)
[ PERFSTAT ]    (samples=13   mean=0.15   median=0.15   min=0.15   stddev=0.00 (0.7%))
[       OK ] Sz_Depth_Cn_Inter_Border_Mode_Remap.Remap/538 (20 ms)
[ RUN      ] Sz_Depth_Cn_Inter_Border_Mode_Remap.Remap/539, where GetParam() = (1280x720, CV_32F, BGRA, INTER_CUBIC, BORDER_WRAP, REFLECTION_BOTH)
[ PERFSTAT ]    (samples=13   mean=0.15   median=0.15   min=0.15   stddev=0.00 (1.5%))
[       OK ] Sz_Depth_Cn_Inter_Border_Mode_Remap.Remap/539 (19 ms)
[ RUN      ] Sz_Depth_Cn_Inter_Border_Mode_Remap.Remap/540, where GetParam() = (1280x1024, CV_8U, Gray, INTER_NEAREST, BORDER_REFLECT101, HALF_SIZE)
[ PERFSTAT ]    (samples=44   mean=0.03   median=0.03   min=0.03   stddev=0.00 (3.0%))
[       OK ] Sz_Depth_Cn_Inter_Border_Mode_Remap.Remap/540 (11 ms)
[ RUN      ] Sz_Depth_Cn_Inter_Border_Mode_Remap.Remap/541, where GetParam() = (1280x1024, CV_8U, Gray, INTER_NEAREST, BORDER_REFLECT101, UPSIDE_DOWN)
[ PERFSTAT ]    (samples=13   mean=0.03   median=0.03   min=0.03   stddev=0.00 (2.5%))
[       OK ] Sz_Depth_Cn_Inter_Border_Mode_Remap.Remap/541 (6 ms)
[ RUN      ] Sz_Depth_Cn_Inter_Border_Mode_Remap.Remap/542, where GetParam() = (1280x1024, CV_8U, Gray, INTER_NEAREST, BORDER_REFLECT101, REFLECTION_X)
[ PERFSTAT ]    (samples=13   mean=0.03   median=0.03   min=0.03   stddev=0.00 (1.8%))
[       OK ] Sz_Depth_Cn_Inter_Border_Mode_Remap.Remap/542 (6 ms)
[ RUN      ] Sz_Depth_Cn_Inter_Border_Mode_Remap.Remap/543, where GetParam() = (1280x1024, CV_8U, Gray, INTER_NEAREST, BORDER_REFLECT101, REFLECTION_BOTH)
[ PERFSTAT ]    (samples=13   mean=0.03   median=0.03   min=0.03   stddev=0.00 (1.0%))
[       OK ] Sz_Depth_Cn_Inter_Border_Mode_Remap.Remap/543 (5 ms)
[ RUN      ] Sz_Depth_Cn_Inter_Border_Mode_Remap.Remap/544, where GetParam() = (1280x1024, CV_8U, Gray, INTER_NEAREST, BORDER_REPLICATE, HALF_SIZE)
[ PERFSTAT ]    (samples=25   mean=0.02   median=0.02   min=0.02   stddev=0.00 (2.2%))
[       OK ] Sz_Depth_Cn_Inter_Border_Mode_Remap.Remap/544 (8 ms)
[ RUN      ] Sz_Depth_Cn_Inter_Border_Mode_Remap.Remap/545, where GetParam() = (1280x1024, CV_8U, Gray, INTER_NEAREST, BORDER_REPLICATE, UPSIDE_DOWN)
[ PERFSTAT ]    (samples=25   mean=0.02   median=0.02   min=0.02   stddev=0.00 (2.0%))
[       OK ] Sz_Depth_Cn_Inter_Border_Mode_Remap.Remap/545 (6 ms)
[ RUN      ] Sz_Depth_Cn_Inter_Border_Mode_Remap.Remap/546, where GetParam() = (1280x1024, CV_8U, Gray, INTER_NEAREST, BORDER_REPLICATE, REFLECTION_X)
[ PERFSTAT ]    (samples=15   mean=0.02   median=0.02   min=0.02   stddev=0.00 (2.9%))
[       OK ] Sz_Depth_Cn_Inter_Border_Mode_Remap.Remap/546 (6 ms)
[ RUN      ] Sz_Depth_Cn_Inter_Border_Mode_Remap.Remap/547, where GetParam() = (1280x1024, CV_8U, Gray, INTER_NEAREST, BORDER_REPLICATE, REFLECTION_BOTH)
[ PERFSTAT ]    (samples=18   mean=0.02   median=0.02   min=0.02   stddev=0.00 (3.0%))
[       OK ] Sz_Depth_Cn_Inter_Border_Mode_Remap.Remap/547 (6 ms)
[ RUN      ] Sz_Depth_Cn_Inter_Border_Mode_Remap.Remap/548, where GetParam() = (1280x1024, CV_8U, Gray, INTER_NEAREST, BORDER_CONSTANT, HALF_SIZE)
[ PERFSTAT ]    (samples=15   mean=0.02   median=0.02   min=0.02   stddev=0.00 (3.0%))
[       OK ] Sz_Depth_Cn_Inter_Border_Mode_Remap.Remap/548 (8 ms)
[ RUN      ] Sz_Depth_Cn_Inter_Border_Mode_Remap.Remap/549, where GetParam() = (1280x1024, CV_8U, Gray, INTER_NEAREST, BORDER_CONSTANT, UPSIDE_DOWN)
[ PERFSTAT ]    (samples=13   mean=0.02   median=0.02   min=0.02   stddev=0.00 (2.8%))
[       OK ] Sz_Depth_Cn_Inter_Border_Mode_Remap.Remap/549 (5 ms)
[ RUN      ] Sz_Depth_Cn_Inter_Border_Mode_Remap.Remap/550, where GetParam() = (1280x1024, CV_8U, Gray, INTER_NEAREST, BORDER_CONSTANT, REFLECTION_X)
[ PERFSTAT ]    (samples=13   mean=0.02   median=0.02   min=0.02   stddev=0.00 (3.0%))
[       OK ] Sz_Depth_Cn_Inter_Border_Mode_Remap.Remap/550 (6 ms)
[ RUN      ] Sz_Depth_Cn_Inter_Border_Mode_Remap.Remap/551, where GetParam() = (1280x1024, CV_8U, Gray, INTER_NEAREST, BORDER_CONSTANT, REFLECTION_BOTH)
[ PERFSTAT ]    (samples=22   mean=0.02   median=0.02   min=0.02   stddev=0.00 (3.0%))
[       OK ] Sz_Depth_Cn_Inter_Border_Mode_Remap.Remap/551 (6 ms)
[ RUN      ] Sz_Depth_Cn_Inter_Border_Mode_Remap.Remap/552, where GetParam() = (1280x1024, CV_8U, Gray, INTER_NEAREST, BORDER_REFLECT, HALF_SIZE)
[ PERFSTAT ]    (samples=25   mean=0.03   median=0.03   min=0.03   stddev=0.00 (2.0%))
[       OK ] Sz_Depth_Cn_Inter_Border_Mode_Remap.Remap/552 (8 ms)
[ RUN      ] Sz_Depth_Cn_Inter_Border_Mode_Remap.Remap/553, where GetParam() = (1280x1024, CV_8U, Gray, INTER_NEAREST, BORDER_REFLECT, UPSIDE_DOWN)
[ PERFSTAT ]    (samples=25   mean=0.03   median=0.03   min=0.03   stddev=0.00 (0.9%))
[       OK ] Sz_Depth_Cn_Inter_Border_Mode_Remap.Remap/553 (6 ms)
[ RUN      ] Sz_Depth_Cn_Inter_Border_Mode_Remap.Remap/554, where GetParam() = (1280x1024, CV_8U, Gray, INTER_NEAREST, BORDER_REFLECT, REFLECTION_X)
[ PERFSTAT ]    (samples=13   mean=0.03   median=0.03   min=0.03   stddev=0.00 (1.3%))
[       OK ] Sz_Depth_Cn_Inter_Border_Mode_Remap.Remap/554 (6 ms)
[ RUN      ] Sz_Depth_Cn_Inter_Border_Mode_Remap.Remap/555, where GetParam() = (1280x1024, CV_8U, Gray, INTER_NEAREST, BORDER_REFLECT, REFLECTION_BOTH)
[ PERFSTAT ]    (samples=25   mean=0.03   median=0.03   min=0.03   stddev=0.00 (1.4%))
[       OK ] Sz_Depth_Cn_Inter_Border_Mode_Remap.Remap/555 (6 ms)
[ RUN      ] Sz_Depth_Cn_Inter_Border_Mode_Remap.Remap/556, where GetParam() = (1280x1024, CV_8U, Gray, INTER_NEAREST, BORDER_WRAP, HALF_SIZE)
[ PERFSTAT ]    (samples=25   mean=0.02   median=0.02   min=0.02   stddev=0.00 (2.8%))
[       OK ] Sz_Depth_Cn_Inter_Border_Mode_Remap.Remap/556 (8 ms)
[ RUN      ] Sz_Depth_Cn_Inter_Border_Mode_Remap.Remap/557, where GetParam() = (1280x1024, CV_8U, Gray, INTER_NEAREST, BORDER_WRAP, UPSIDE_DOWN)
[ PERFSTAT ]    (samples=13   mean=0.02   median=0.02   min=0.02   stddev=0.00 (2.6%))
[       OK ] Sz_Depth_Cn_Inter_Border_Mode_Remap.Remap/557 (6 ms)
[ RUN      ] Sz_Depth_Cn_Inter_Border_Mode_Remap.Remap/558, where GetParam() = (1280x1024, CV_8U, Gray, INTER_NEAREST, BORDER_WRAP, REFLECTION_X)
[ PERFSTAT ]    (samples=13   mean=0.02   median=0.02   min=0.02   stddev=0.00 (2.6%))
[       OK ] Sz_Depth_Cn_Inter_Border_Mode_Remap.Remap/558 (6 ms)
[ RUN      ] Sz_Depth_Cn_Inter_Border_Mode_Remap.Remap/559, where GetParam() = (1280x1024, CV_8U, Gray, INTER_NEAREST, BORDER_WRAP, REFLECTION_BOTH)
[ PERFSTAT ]    (samples=25   mean=0.02   median=0.02   min=0.02   stddev=0.00 (2.3%))
[       OK ] Sz_Depth_Cn_Inter_Border_Mode_Remap.Remap/559 (6 ms)
[ RUN      ] Sz_Depth_Cn_Inter_Border_Mode_Remap.Remap/560, where GetParam() = (1280x1024, CV_8U, Gray, INTER_LINEAR, BORDER_REFLECT101, HALF_SIZE)
[ PERFSTAT ]    (samples=25   mean=0.04   median=0.04   min=0.04   stddev=0.00 (1.0%))
[       OK ] Sz_Depth_Cn_Inter_Border_Mode_Remap.Remap/560 (8 ms)
[ RUN      ] Sz_Depth_Cn_Inter_Border_Mode_Remap.Remap/561, where GetParam() = (1280x1024, CV_8U, Gray, INTER_LINEAR, BORDER_REFLECT101, UPSIDE_DOWN)
[ PERFSTAT ]    (samples=13   mean=0.04   median=0.04   min=0.04   stddev=0.00 (1.8%))
[       OK ] Sz_Depth_Cn_Inter_Border_Mode_Remap.Remap/561 (6 ms)
[ RUN      ] Sz_Depth_Cn_Inter_Border_Mode_Remap.Remap/562, where GetParam() = (1280x1024, CV_8U, Gray, INTER_LINEAR, BORDER_REFLECT101, REFLECTION_X)
[ PERFSTAT ]    (samples=13   mean=0.04   median=0.04   min=0.04   stddev=0.00 (1.3%))
[       OK ] Sz_Depth_Cn_Inter_Border_Mode_Remap.Remap/562 (6 ms)
[ RUN      ] Sz_Depth_Cn_Inter_Border_Mode_Remap.Remap/563, where GetParam() = (1280x1024, CV_8U, Gray, INTER_LINEAR, BORDER_REFLECT101, REFLECTION_BOTH)
[ PERFSTAT ]    (samples=13   mean=0.04   median=0.04   min=0.04   stddev=0.00 (1.0%))
[       OK ] Sz_Depth_Cn_Inter_Border_Mode_Remap.Remap/563 (6 ms)
[ RUN      ] Sz_Depth_Cn_Inter_Border_Mode_Remap.Remap/564, where GetParam() = (1280x1024, CV_8U, Gray, INTER_LINEAR, BORDER_REPLICATE, HALF_SIZE)
[ PERFSTAT ]    (samples=13   mean=0.03   median=0.03   min=0.03   stddev=0.00 (2.4%))
[       OK ] Sz_Depth_Cn_Inter_Border_Mode_Remap.Remap/564 (8 ms)
[ RUN      ] Sz_Depth_Cn_Inter_Border_Mode_Remap.Remap/565, where GetParam() = (1280x1024, CV_8U, Gray, INTER_LINEAR, BORDER_REPLICATE, UPSIDE_DOWN)
[ PERFSTAT ]    (samples=17   mean=0.03   median=0.03   min=0.03   stddev=0.00 (3.0%))
[       OK ] Sz_Depth_Cn_Inter_Border_Mode_Remap.Remap/565 (6 ms)
[ RUN      ] Sz_Depth_Cn_Inter_Border_Mode_Remap.Remap/566, where GetParam() = (1280x1024, CV_8U, Gray, INTER_LINEAR, BORDER_REPLICATE, REFLECTION_X)
[ PERFSTAT ]    (samples=13   mean=0.03   median=0.03   min=0.03   stddev=0.00 (2.0%))
[       OK ] Sz_Depth_Cn_Inter_Border_Mode_Remap.Remap/566 (7 ms)
[ RUN      ] Sz_Depth_Cn_Inter_Border_Mode_Remap.Remap/567, where GetParam() = (1280x1024, CV_8U, Gray, INTER_LINEAR, BORDER_REPLICATE, REFLECTION_BOTH)
[ PERFSTAT ]    (samples=25   mean=0.03   median=0.03   min=0.03   stddev=0.00 (1.5%))
[       OK ] Sz_Depth_Cn_Inter_Border_Mode_Remap.Remap/567 (6 ms)
[ RUN      ] Sz_Depth_Cn_Inter_Border_Mode_Remap.Remap/568, where GetParam() = (1280x1024, CV_8U, Gray, INTER_LINEAR, BORDER_CONSTANT, HALF_SIZE)
[ PERFSTAT ]    (samples=13   mean=0.03   median=0.03   min=0.03   stddev=0.00 (2.1%))
[       OK ] Sz_Depth_Cn_Inter_Border_Mode_Remap.Remap/568 (8 ms)
[ RUN      ] Sz_Depth_Cn_Inter_Border_Mode_Remap.Remap/569, where GetParam() = (1280x1024, CV_8U, Gray, INTER_LINEAR, BORDER_CONSTANT, UPSIDE_DOWN)
[ PERFSTAT ]    (samples=13   mean=0.03   median=0.03   min=0.03   stddev=0.00 (1.8%))
[       OK ] Sz_Depth_Cn_Inter_Border_Mode_Remap.Remap/569 (6 ms)
[ RUN      ] Sz_Depth_Cn_Inter_Border_Mode_Remap.Remap/570, where GetParam() = (1280x1024, CV_8U, Gray, INTER_LINEAR, BORDER_CONSTANT, REFLECTION_X)
[ PERFSTAT ]    (samples=13   mean=0.03   median=0.03   min=0.03   stddev=0.00 (1.9%))
[       OK ] Sz_Depth_Cn_Inter_Border_Mode_Remap.Remap/570 (5 ms)
[ RUN      ] Sz_Depth_Cn_Inter_Border_Mode_Remap.Remap/571, where GetParam() = (1280x1024, CV_8U, Gray, INTER_LINEAR, BORDER_CONSTANT, REFLECTION_BOTH)
[ PERFSTAT ]    (samples=13   mean=0.03   median=0.03   min=0.03   stddev=0.00 (2.4%))
[       OK ] Sz_Depth_Cn_Inter_Border_Mode_Remap.Remap/571 (6 ms)
[ RUN      ] Sz_Depth_Cn_Inter_Border_Mode_Remap.Remap/572, where GetParam() = (1280x1024, CV_8U, Gray, INTER_LINEAR, BORDER_REFLECT, HALF_SIZE)
[ PERFSTAT ]    (samples=13   mean=0.04   median=0.04   min=0.04   stddev=0.00 (2.4%))
[       OK ] Sz_Depth_Cn_Inter_Border_Mode_Remap.Remap/572 (8 ms)
[ RUN      ] Sz_Depth_Cn_Inter_Border_Mode_Remap.Remap/573, where GetParam() = (1280x1024, CV_8U, Gray, INTER_LINEAR, BORDER_REFLECT, UPSIDE_DOWN)
[ PERFSTAT ]    (samples=13   mean=0.04   median=0.04   min=0.04   stddev=0.00 (1.2%))
[       OK ] Sz_Depth_Cn_Inter_Border_Mode_Remap.Remap/573 (6 ms)
[ RUN      ] Sz_Depth_Cn_Inter_Border_Mode_Remap.Remap/574, where GetParam() = (1280x1024, CV_8U, Gray, INTER_LINEAR, BORDER_REFLECT, REFLECTION_X)
[ PERFSTAT ]    (samples=13   mean=0.04   median=0.04   min=0.04   stddev=0.00 (1.0%))
[       OK ] Sz_Depth_Cn_Inter_Border_Mode_Remap.Remap/574 (6 ms)
[ RUN      ] Sz_Depth_Cn_Inter_Border_Mode_Remap.Remap/575, where GetParam() = (1280x1024, CV_8U, Gray, INTER_LINEAR, BORDER_REFLECT, REFLECTION_BOTH)
[ PERFSTAT ]    (samples=13   mean=0.04   median=0.04   min=0.04   stddev=0.00 (1.4%))
[       OK ] Sz_Depth_Cn_Inter_Border_Mode_Remap.Remap/575 (6 ms)
[ RUN      ] Sz_Depth_Cn_Inter_Border_Mode_Remap.Remap/576, where GetParam() = (1280x1024, CV_8U, Gray, INTER_LINEAR, BORDER_WRAP, HALF_SIZE)
[ PERFSTAT ]    (samples=13   mean=0.03   median=0.03   min=0.03   stddev=0.00 (1.9%))
[       OK ] Sz_Depth_Cn_Inter_Border_Mode_Remap.Remap/576 (8 ms)
[ RUN      ] Sz_Depth_Cn_Inter_Border_Mode_Remap.Remap/577, where GetParam() = (1280x1024, CV_8U, Gray, INTER_LINEAR, BORDER_WRAP, UPSIDE_DOWN)
[ PERFSTAT ]    (samples=13   mean=0.03   median=0.03   min=0.03   stddev=0.00 (1.5%))
[       OK ] Sz_Depth_Cn_Inter_Border_Mode_Remap.Remap/577 (6 ms)
[ RUN      ] Sz_Depth_Cn_Inter_Border_Mode_Remap.Remap/578, where GetParam() = (1280x1024, CV_8U, Gray, INTER_LINEAR, BORDER_WRAP, REFLECTION_X)
[ PERFSTAT ]    (samples=18   mean=0.03   median=0.03   min=0.03   stddev=0.00 (2.9%))
[       OK ] Sz_Depth_Cn_Inter_Border_Mode_Remap.Remap/578 (6 ms)
[ RUN      ] Sz_Depth_Cn_Inter_Border_Mode_Remap.Remap/579, where GetParam() = (1280x1024, CV_8U, Gray, INTER_LINEAR, BORDER_WRAP, REFLECTION_BOTH)
[ PERFSTAT ]    (samples=13   mean=0.03   median=0.03   min=0.03   stddev=0.00 (1.2%))
[       OK ] Sz_Depth_Cn_Inter_Border_Mode_Remap.Remap/579 (6 ms)
[ RUN      ] Sz_Depth_Cn_Inter_Border_Mode_Remap.Remap/580, where GetParam() = (1280x1024, CV_8U, Gray, INTER_CUBIC, BORDER_REFLECT101, HALF_SIZE)
[ PERFSTAT ]    (samples=13   mean=0.18   median=0.18   min=0.17   stddev=0.00 (1.2%))
[       OK ] Sz_Depth_Cn_Inter_Border_Mode_Remap.Remap/580 (9 ms)
[ RUN      ] Sz_Depth_Cn_Inter_Border_Mode_Remap.Remap/581, where GetParam() = (1280x1024, CV_8U, Gray, INTER_CUBIC, BORDER_REFLECT101, UPSIDE_DOWN)
[ PERFSTAT ]    (samples=13   mean=0.19   median=0.19   min=0.19   stddev=0.00 (0.8%))
[       OK ] Sz_Depth_Cn_Inter_Border_Mode_Remap.Remap/581 (8 ms)
[ RUN      ] Sz_Depth_Cn_Inter_Border_Mode_Remap.Remap/582, where GetParam() = (1280x1024, CV_8U, Gray, INTER_CUBIC, BORDER_REFLECT101, REFLECTION_X)
[ PERFSTAT ]    (samples=13   mean=0.19   median=0.19   min=0.19   stddev=0.00 (0.5%))
[       OK ] Sz_Depth_Cn_Inter_Border_Mode_Remap.Remap/582 (8 ms)
[ RUN      ] Sz_Depth_Cn_Inter_Border_Mode_Remap.Remap/583, where GetParam() = (1280x1024, CV_8U, Gray, INTER_CUBIC, BORDER_REFLECT101, REFLECTION_BOTH)
[ PERFSTAT ]    (samples=13   mean=0.19   median=0.19   min=0.19   stddev=0.00 (0.2%))
[       OK ] Sz_Depth_Cn_Inter_Border_Mode_Remap.Remap/583 (8 ms)
[ RUN      ] Sz_Depth_Cn_Inter_Border_Mode_Remap.Remap/584, where GetParam() = (1280x1024, CV_8U, Gray, INTER_CUBIC, BORDER_REPLICATE, HALF_SIZE)
[ PERFSTAT ]    (samples=13   mean=0.09   median=0.09   min=0.09   stddev=0.00 (1.4%))
[       OK ] Sz_Depth_Cn_Inter_Border_Mode_Remap.Remap/584 (9 ms)
[ RUN      ] Sz_Depth_Cn_Inter_Border_Mode_Remap.Remap/585, where GetParam() = (1280x1024, CV_8U, Gray, INTER_CUBIC, BORDER_REPLICATE, UPSIDE_DOWN)
[ PERFSTAT ]    (samples=13   mean=0.10   median=0.10   min=0.10   stddev=0.00 (1.1%))
[       OK ] Sz_Depth_Cn_Inter_Border_Mode_Remap.Remap/585 (6 ms)
[ RUN      ] Sz_Depth_Cn_Inter_Border_Mode_Remap.Remap/586, where GetParam() = (1280x1024, CV_8U, Gray, INTER_CUBIC, BORDER_REPLICATE, REFLECTION_X)
[ PERFSTAT ]    (samples=13   mean=0.10   median=0.10   min=0.10   stddev=0.00 (1.8%))
[       OK ] Sz_Depth_Cn_Inter_Border_Mode_Remap.Remap/586 (7 ms)
[ RUN      ] Sz_Depth_Cn_Inter_Border_Mode_Remap.Remap/587, where GetParam() = (1280x1024, CV_8U, Gray, INTER_CUBIC, BORDER_REPLICATE, REFLECTION_BOTH)
[ PERFSTAT ]    (samples=13   mean=0.10   median=0.10   min=0.10   stddev=0.00 (1.6%))
[       OK ] Sz_Depth_Cn_Inter_Border_Mode_Remap.Remap/587 (7 ms)
[ RUN      ] Sz_Depth_Cn_Inter_Border_Mode_Remap.Remap/588, where GetParam() = (1280x1024, CV_8U, Gray, INTER_CUBIC, BORDER_CONSTANT, HALF_SIZE)
[ PERFSTAT ]    (samples=13   mean=0.10   median=0.10   min=0.10   stddev=0.00 (1.7%))
[       OK ] Sz_Depth_Cn_Inter_Border_Mode_Remap.Remap/588 (8 ms)
[ RUN      ] Sz_Depth_Cn_Inter_Border_Mode_Remap.Remap/589, where GetParam() = (1280x1024, CV_8U, Gray, INTER_CUBIC, BORDER_CONSTANT, UPSIDE_DOWN)
[ PERFSTAT ]    (samples=13   mean=0.11   median=0.10   min=0.10   stddev=0.00 (1.4%))
[       OK ] Sz_Depth_Cn_Inter_Border_Mode_Remap.Remap/589 (7 ms)
[ RUN      ] Sz_Depth_Cn_Inter_Border_Mode_Remap.Remap/590, where GetParam() = (1280x1024, CV_8U, Gray, INTER_CUBIC, BORDER_CONSTANT, REFLECTION_X)
[ PERFSTAT ]    (samples=13   mean=0.10   median=0.10   min=0.10   stddev=0.00 (1.2%))
[       OK ] Sz_Depth_Cn_Inter_Border_Mode_Remap.Remap/590 (7 ms)
[ RUN      ] Sz_Depth_Cn_Inter_Border_Mode_Remap.Remap/591, where GetParam() = (1280x1024, CV_8U, Gray, INTER_CUBIC, BORDER_CONSTANT, REFLECTION_BOTH)
[ PERFSTAT ]    (samples=13   mean=0.11   median=0.10   min=0.10   stddev=0.00 (1.2%))
[       OK ] Sz_Depth_Cn_Inter_Border_Mode_Remap.Remap/591 (7 ms)
[ RUN      ] Sz_Depth_Cn_Inter_Border_Mode_Remap.Remap/592, where GetParam() = (1280x1024, CV_8U, Gray, INTER_CUBIC, BORDER_REFLECT, HALF_SIZE)
[ PERFSTAT ]    (samples=13   mean=0.21   median=0.21   min=0.21   stddev=0.00 (0.4%))
[       OK ] Sz_Depth_Cn_Inter_Border_Mode_Remap.Remap/592 (10 ms)
[ RUN      ] Sz_Depth_Cn_Inter_Border_Mode_Remap.Remap/593, where GetParam() = (1280x1024, CV_8U, Gray, INTER_CUBIC, BORDER_REFLECT, UPSIDE_DOWN)
[ PERFSTAT ]    (samples=13   mean=0.22   median=0.22   min=0.22   stddev=0.00 (0.4%))
[       OK ] Sz_Depth_Cn_Inter_Border_Mode_Remap.Remap/593 (8 ms)
[ RUN      ] Sz_Depth_Cn_Inter_Border_Mode_Remap.Remap/594, where GetParam() = (1280x1024, CV_8U, Gray, INTER_CUBIC, BORDER_REFLECT, REFLECTION_X)
[ PERFSTAT ]    (samples=13   mean=0.22   median=0.22   min=0.22   stddev=0.00 (0.7%))
[       OK ] Sz_Depth_Cn_Inter_Border_Mode_Remap.Remap/594 (9 ms)
[ RUN      ] Sz_Depth_Cn_Inter_Border_Mode_Remap.Remap/595, where GetParam() = (1280x1024, CV_8U, Gray, INTER_CUBIC, BORDER_REFLECT, REFLECTION_BOTH)
[ PERFSTAT ]    (samples=13   mean=0.22   median=0.22   min=0.22   stddev=0.00 (0.9%))
[       OK ] Sz_Depth_Cn_Inter_Border_Mode_Remap.Remap/595 (8 ms)
[ RUN      ] Sz_Depth_Cn_Inter_Border_Mode_Remap.Remap/596, where GetParam() = (1280x1024, CV_8U, Gray, INTER_CUBIC, BORDER_WRAP, HALF_SIZE)
[ PERFSTAT ]    (samples=13   mean=0.19   median=0.19   min=0.19   stddev=0.00 (0.7%))
[       OK ] Sz_Depth_Cn_Inter_Border_Mode_Remap.Remap/596 (10 ms)
[ RUN      ] Sz_Depth_Cn_Inter_Border_Mode_Remap.Remap/597, where GetParam() = (1280x1024, CV_8U, Gray, INTER_CUBIC, BORDER_WRAP, UPSIDE_DOWN)
[ PERFSTAT ]    (samples=13   mean=0.16   median=0.16   min=0.16   stddev=0.00 (1.0%))
[       OK ] Sz_Depth_Cn_Inter_Border_Mode_Remap.Remap/597 (7 ms)
[ RUN      ] Sz_Depth_Cn_Inter_Border_Mode_Remap.Remap/598, where GetParam() = (1280x1024, CV_8U, Gray, INTER_CUBIC, BORDER_WRAP, REFLECTION_X)
[ PERFSTAT ]    (samples=13   mean=0.16   median=0.16   min=0.16   stddev=0.00 (0.6%))
[       OK ] Sz_Depth_Cn_Inter_Border_Mode_Remap.Remap/598 (8 ms)
[ RUN      ] Sz_Depth_Cn_Inter_Border_Mode_Remap.Remap/599, where GetParam() = (1280x1024, CV_8U, Gray, INTER_CUBIC, BORDER_WRAP, REFLECTION_BOTH)
[ PERFSTAT ]    (samples=13   mean=0.16   median=0.16   min=0.16   stddev=0.00 (0.5%))
[       OK ] Sz_Depth_Cn_Inter_Border_Mode_Remap.Remap/599 (7 ms)
[ RUN      ] Sz_Depth_Cn_Inter_Border_Mode_Remap.Remap/600, where GetParam() = (1280x1024, CV_8U, BGR, INTER_NEAREST, BORDER_REFLECT101, HALF_SIZE)
[ PERFSTAT ]    (samples=25   mean=0.03   median=0.03   min=0.03   stddev=0.00 (2.0%))
[       OK ] Sz_Depth_Cn_Inter_Border_Mode_Remap.Remap/600 (13 ms)
[ RUN      ] Sz_Depth_Cn_Inter_Border_Mode_Remap.Remap/601, where GetParam() = (1280x1024, CV_8U, BGR, INTER_NEAREST, BORDER_REFLECT101, UPSIDE_DOWN)
[ PERFSTAT ]    (samples=13   mean=0.03   median=0.03   min=0.03   stddev=0.00 (1.9%))
[       OK ] Sz_Depth_Cn_Inter_Border_Mode_Remap.Remap/601 (9 ms)
[ RUN      ] Sz_Depth_Cn_Inter_Border_Mode_Remap.Remap/602, where GetParam() = (1280x1024, CV_8U, BGR, INTER_NEAREST, BORDER_REFLECT101, REFLECTION_X)
[ PERFSTAT ]    (samples=13   mean=0.03   median=0.03   min=0.03   stddev=0.00 (1.4%))
[       OK ] Sz_Depth_Cn_Inter_Border_Mode_Remap.Remap/602 (8 ms)
[ RUN      ] Sz_Depth_Cn_Inter_Border_Mode_Remap.Remap/603, where GetParam() = (1280x1024, CV_8U, BGR, INTER_NEAREST, BORDER_REFLECT101, REFLECTION_BOTH)
[ PERFSTAT ]    (samples=13   mean=0.03   median=0.03   min=0.03   stddev=0.00 (1.0%))
[       OK ] Sz_Depth_Cn_Inter_Border_Mode_Remap.Remap/603 (8 ms)
[ RUN      ] Sz_Depth_Cn_Inter_Border_Mode_Remap.Remap/604, where GetParam() = (1280x1024, CV_8U, BGR, INTER_NEAREST, BORDER_REPLICATE, HALF_SIZE)
[ PERFSTAT ]    (samples=25   mean=0.02   median=0.02   min=0.02   stddev=0.00 (2.5%))
[       OK ] Sz_Depth_Cn_Inter_Border_Mode_Remap.Remap/604 (10 ms)
[ RUN      ] Sz_Depth_Cn_Inter_Border_Mode_Remap.Remap/605, where GetParam() = (1280x1024, CV_8U, BGR, INTER_NEAREST, BORDER_REPLICATE, UPSIDE_DOWN)
[ PERFSTAT ]    (samples=25   mean=0.02   median=0.02   min=0.02   stddev=0.00 (1.8%))
[       OK ] Sz_Depth_Cn_Inter_Border_Mode_Remap.Remap/605 (9 ms)
[ RUN      ] Sz_Depth_Cn_Inter_Border_Mode_Remap.Remap/606, where GetParam() = (1280x1024, CV_8U, BGR, INTER_NEAREST, BORDER_REPLICATE, REFLECTION_X)
[ PERFSTAT ]    (samples=13   mean=0.02   median=0.02   min=0.02   stddev=0.00 (1.9%))
[       OK ] Sz_Depth_Cn_Inter_Border_Mode_Remap.Remap/606 (9 ms)
[ RUN      ] Sz_Depth_Cn_Inter_Border_Mode_Remap.Remap/607, where GetParam() = (1280x1024, CV_8U, BGR, INTER_NEAREST, BORDER_REPLICATE, REFLECTION_BOTH)
[ PERFSTAT ]    (samples=25   mean=0.02   median=0.02   min=0.02   stddev=0.00 (1.8%))
[       OK ] Sz_Depth_Cn_Inter_Border_Mode_Remap.Remap/607 (8 ms)
[ RUN      ] Sz_Depth_Cn_Inter_Border_Mode_Remap.Remap/608, where GetParam() = (1280x1024, CV_8U, BGR, INTER_NEAREST, BORDER_CONSTANT, HALF_SIZE)
[ PERFSTAT ]    (samples=13   mean=0.02   median=0.02   min=0.02   stddev=0.00 (2.0%))
[       OK ] Sz_Depth_Cn_Inter_Border_Mode_Remap.Remap/608 (10 ms)
[ RUN      ] Sz_Depth_Cn_Inter_Border_Mode_Remap.Remap/609, where GetParam() = (1280x1024, CV_8U, BGR, INTER_NEAREST, BORDER_CONSTANT, UPSIDE_DOWN)
[ PERFSTAT ]    (samples=13   mean=0.02   median=0.02   min=0.02   stddev=0.00 (2.1%))
[       OK ] Sz_Depth_Cn_Inter_Border_Mode_Remap.Remap/609 (9 ms)
[ RUN      ] Sz_Depth_Cn_Inter_Border_Mode_Remap.Remap/610, where GetParam() = (1280x1024, CV_8U, BGR, INTER_NEAREST, BORDER_CONSTANT, REFLECTION_X)
[ PERFSTAT ]    (samples=13   mean=0.02   median=0.02   min=0.02   stddev=0.00 (2.7%))
[       OK ] Sz_Depth_Cn_Inter_Border_Mode_Remap.Remap/610 (9 ms)
[ RUN      ] Sz_Depth_Cn_Inter_Border_Mode_Remap.Remap/611, where GetParam() = (1280x1024, CV_8U, BGR, INTER_NEAREST, BORDER_CONSTANT, REFLECTION_BOTH)
[ PERFSTAT ]    (samples=13   mean=0.02   median=0.02   min=0.02   stddev=0.00 (2.1%))
[       OK ] Sz_Depth_Cn_Inter_Border_Mode_Remap.Remap/611 (8 ms)
[ RUN      ] Sz_Depth_Cn_Inter_Border_Mode_Remap.Remap/612, where GetParam() = (1280x1024, CV_8U, BGR, INTER_NEAREST, BORDER_REFLECT, HALF_SIZE)
[ PERFSTAT ]    (samples=25   mean=0.03   median=0.03   min=0.03   stddev=0.00 (1.1%))
[       OK ] Sz_Depth_Cn_Inter_Border_Mode_Remap.Remap/612 (10 ms)
[ RUN      ] Sz_Depth_Cn_Inter_Border_Mode_Remap.Remap/613, where GetParam() = (1280x1024, CV_8U, BGR, INTER_NEAREST, BORDER_REFLECT, UPSIDE_DOWN)
[ PERFSTAT ]    (samples=25   mean=0.03   median=0.03   min=0.03   stddev=0.00 (1.7%))
[       OK ] Sz_Depth_Cn_Inter_Border_Mode_Remap.Remap/613 (9 ms)
[ RUN      ] Sz_Depth_Cn_Inter_Border_Mode_Remap.Remap/614, where GetParam() = (1280x1024, CV_8U, BGR, INTER_NEAREST, BORDER_REFLECT, REFLECTION_X)
[ PERFSTAT ]    (samples=13   mean=0.03   median=0.03   min=0.03   stddev=0.00 (1.5%))
[       OK ] Sz_Depth_Cn_Inter_Border_Mode_Remap.Remap/614 (9 ms)
[ RUN      ] Sz_Depth_Cn_Inter_Border_Mode_Remap.Remap/615, where GetParam() = (1280x1024, CV_8U, BGR, INTER_NEAREST, BORDER_REFLECT, REFLECTION_BOTH)
[ PERFSTAT ]    (samples=13   mean=0.03   median=0.03   min=0.03   stddev=0.00 (1.4%))
[       OK ] Sz_Depth_Cn_Inter_Border_Mode_Remap.Remap/615 (8 ms)
[ RUN      ] Sz_Depth_Cn_Inter_Border_Mode_Remap.Remap/616, where GetParam() = (1280x1024, CV_8U, BGR, INTER_NEAREST, BORDER_WRAP, HALF_SIZE)
[ PERFSTAT ]    (samples=13   mean=0.02   median=0.02   min=0.02   stddev=0.00 (2.2%))
[       OK ] Sz_Depth_Cn_Inter_Border_Mode_Remap.Remap/616 (11 ms)
[ RUN      ] Sz_Depth_Cn_Inter_Border_Mode_Remap.Remap/617, where GetParam() = (1280x1024, CV_8U, BGR, INTER_NEAREST, BORDER_WRAP, UPSIDE_DOWN)
[ PERFSTAT ]    (samples=13   mean=0.02   median=0.02   min=0.02   stddev=0.00 (2.1%))
[       OK ] Sz_Depth_Cn_Inter_Border_Mode_Remap.Remap/617 (8 ms)
[ RUN      ] Sz_Depth_Cn_Inter_Border_Mode_Remap.Remap/618, where GetParam() = (1280x1024, CV_8U, BGR, INTER_NEAREST, BORDER_WRAP, REFLECTION_X)
[ PERFSTAT ]    (samples=13   mean=0.02   median=0.02   min=0.02   stddev=0.00 (2.1%))
[       OK ] Sz_Depth_Cn_Inter_Border_Mode_Remap.Remap/618 (9 ms)
[ RUN      ] Sz_Depth_Cn_Inter_Border_Mode_Remap.Remap/619, where GetParam() = (1280x1024, CV_8U, BGR, INTER_NEAREST, BORDER_WRAP, REFLECTION_BOTH)
[ PERFSTAT ]    (samples=25   mean=0.02   median=0.02   min=0.02   stddev=0.00 (1.7%))
[       OK ] Sz_Depth_Cn_Inter_Border_Mode_Remap.Remap/619 (8 ms)
[ RUN      ] Sz_Depth_Cn_Inter_Border_Mode_Remap.Remap/620, where GetParam() = (1280x1024, CV_8U, BGR, INTER_LINEAR, BORDER_REFLECT101, HALF_SIZE)
[ PERFSTAT ]    (samples=13   mean=0.04   median=0.04   min=0.04   stddev=0.00 (1.3%))
[       OK ] Sz_Depth_Cn_Inter_Border_Mode_Remap.Remap/620 (11 ms)
[ RUN      ] Sz_Depth_Cn_Inter_Border_Mode_Remap.Remap/621, where GetParam() = (1280x1024, CV_8U, BGR, INTER_LINEAR, BORDER_REFLECT101, UPSIDE_DOWN)
[ PERFSTAT ]    (samples=13   mean=0.04   median=0.04   min=0.04   stddev=0.00 (1.2%))
[       OK ] Sz_Depth_Cn_Inter_Border_Mode_Remap.Remap/621 (9 ms)
[ RUN      ] Sz_Depth_Cn_Inter_Border_Mode_Remap.Remap/622, where GetParam() = (1280x1024, CV_8U, BGR, INTER_LINEAR, BORDER_REFLECT101, REFLECTION_X)
[ PERFSTAT ]    (samples=13   mean=0.04   median=0.04   min=0.04   stddev=0.00 (0.6%))
[       OK ] Sz_Depth_Cn_Inter_Border_Mode_Remap.Remap/622 (8 ms)
[ RUN      ] Sz_Depth_Cn_Inter_Border_Mode_Remap.Remap/623, where GetParam() = (1280x1024, CV_8U, BGR, INTER_LINEAR, BORDER_REFLECT101, REFLECTION_BOTH)
[ PERFSTAT ]    (samples=25   mean=0.04   median=0.04   min=0.04   stddev=0.00 (1.1%))
[       OK ] Sz_Depth_Cn_Inter_Border_Mode_Remap.Remap/623 (9 ms)
[ RUN      ] Sz_Depth_Cn_Inter_Border_Mode_Remap.Remap/624, where GetParam() = (1280x1024, CV_8U, BGR, INTER_LINEAR, BORDER_REPLICATE, HALF_SIZE)
[ PERFSTAT ]    (samples=13   mean=0.03   median=0.03   min=0.03   stddev=0.00 (1.3%))
[       OK ] Sz_Depth_Cn_Inter_Border_Mode_Remap.Remap/624 (11 ms)
[ RUN      ] Sz_Depth_Cn_Inter_Border_Mode_Remap.Remap/625, where GetParam() = (1280x1024, CV_8U, BGR, INTER_LINEAR, BORDER_REPLICATE, UPSIDE_DOWN)
[ PERFSTAT ]    (samples=13   mean=0.03   median=0.03   min=0.03   stddev=0.00 (1.2%))
[       OK ] Sz_Depth_Cn_Inter_Border_Mode_Remap.Remap/625 (9 ms)
[ RUN      ] Sz_Depth_Cn_Inter_Border_Mode_Remap.Remap/626, where GetParam() = (1280x1024, CV_8U, BGR, INTER_LINEAR, BORDER_REPLICATE, REFLECTION_X)
[ PERFSTAT ]    (samples=13   mean=0.03   median=0.03   min=0.03   stddev=0.00 (0.9%))
[       OK ] Sz_Depth_Cn_Inter_Border_Mode_Remap.Remap/626 (8 ms)
[ RUN      ] Sz_Depth_Cn_Inter_Border_Mode_Remap.Remap/627, where GetParam() = (1280x1024, CV_8U, BGR, INTER_LINEAR, BORDER_REPLICATE, REFLECTION_BOTH)
[ PERFSTAT ]    (samples=13   mean=0.03   median=0.03   min=0.03   stddev=0.00 (1.3%))
[       OK ] Sz_Depth_Cn_Inter_Border_Mode_Remap.Remap/627 (9 ms)
[ RUN      ] Sz_Depth_Cn_Inter_Border_Mode_Remap.Remap/628, where GetParam() = (1280x1024, CV_8U, BGR, INTER_LINEAR, BORDER_CONSTANT, HALF_SIZE)
[ PERFSTAT ]    (samples=25   mean=0.03   median=0.03   min=0.03   stddev=0.00 (1.2%))
[       OK ] Sz_Depth_Cn_Inter_Border_Mode_Remap.Remap/628 (11 ms)
[ RUN      ] Sz_Depth_Cn_Inter_Border_Mode_Remap.Remap/629, where GetParam() = (1280x1024, CV_8U, BGR, INTER_LINEAR, BORDER_CONSTANT, UPSIDE_DOWN)
[ PERFSTAT ]    (samples=25   mean=0.03   median=0.03   min=0.03   stddev=0.00 (0.8%))
[       OK ] Sz_Depth_Cn_Inter_Border_Mode_Remap.Remap/629 (9 ms)
[ RUN      ] Sz_Depth_Cn_Inter_Border_Mode_Remap.Remap/630, where GetParam() = (1280x1024, CV_8U, BGR, INTER_LINEAR, BORDER_CONSTANT, REFLECTION_X)
[ PERFSTAT ]    (samples=13   mean=0.03   median=0.03   min=0.03   stddev=0.00 (1.9%))
[       OK ] Sz_Depth_Cn_Inter_Border_Mode_Remap.Remap/630 (8 ms)
[ RUN      ] Sz_Depth_Cn_Inter_Border_Mode_Remap.Remap/631, where GetParam() = (1280x1024, CV_8U, BGR, INTER_LINEAR, BORDER_CONSTANT, REFLECTION_BOTH)
[ PERFSTAT ]    (samples=13   mean=0.03   median=0.03   min=0.03   stddev=0.00 (1.2%))
[       OK ] Sz_Depth_Cn_Inter_Border_Mode_Remap.Remap/631 (9 ms)
[ RUN      ] Sz_Depth_Cn_Inter_Border_Mode_Remap.Remap/632, where GetParam() = (1280x1024, CV_8U, BGR, INTER_LINEAR, BORDER_REFLECT, HALF_SIZE)
[ PERFSTAT ]    (samples=13   mean=0.04   median=0.04   min=0.04   stddev=0.00 (1.4%))
[       OK ] Sz_Depth_Cn_Inter_Border_Mode_Remap.Remap/632 (10 ms)
[ RUN      ] Sz_Depth_Cn_Inter_Border_Mode_Remap.Remap/633, where GetParam() = (1280x1024, CV_8U, BGR, INTER_LINEAR, BORDER_REFLECT, UPSIDE_DOWN)
[ PERFSTAT ]    (samples=23   mean=0.04   median=0.04   min=0.04   stddev=0.00 (3.0%))
[       OK ] Sz_Depth_Cn_Inter_Border_Mode_Remap.Remap/633 (9 ms)
[ RUN      ] Sz_Depth_Cn_Inter_Border_Mode_Remap.Remap/634, where GetParam() = (1280x1024, CV_8U, BGR, INTER_LINEAR, BORDER_REFLECT, REFLECTION_X)
[ PERFSTAT ]    (samples=13   mean=0.04   median=0.04   min=0.04   stddev=0.00 (0.7%))
[       OK ] Sz_Depth_Cn_Inter_Border_Mode_Remap.Remap/634 (10 ms)
[ RUN      ] Sz_Depth_Cn_Inter_Border_Mode_Remap.Remap/635, where GetParam() = (1280x1024, CV_8U, BGR, INTER_LINEAR, BORDER_REFLECT, REFLECTION_BOTH)
[ PERFSTAT ]    (samples=13   mean=0.04   median=0.04   min=0.04   stddev=0.00 (0.7%))
[       OK ] Sz_Depth_Cn_Inter_Border_Mode_Remap.Remap/635 (9 ms)
[ RUN      ] Sz_Depth_Cn_Inter_Border_Mode_Remap.Remap/636, where GetParam() = (1280x1024, CV_8U, BGR, INTER_LINEAR, BORDER_WRAP, HALF_SIZE)
[ PERFSTAT ]    (samples=13   mean=0.03   median=0.03   min=0.03   stddev=0.00 (1.1%))
[       OK ] Sz_Depth_Cn_Inter_Border_Mode_Remap.Remap/636 (10 ms)
[ RUN      ] Sz_Depth_Cn_Inter_Border_Mode_Remap.Remap/637, where GetParam() = (1280x1024, CV_8U, BGR, INTER_LINEAR, BORDER_WRAP, UPSIDE_DOWN)
[ PERFSTAT ]    (samples=13   mean=0.03   median=0.03   min=0.03   stddev=0.00 (1.8%))
[       OK ] Sz_Depth_Cn_Inter_Border_Mode_Remap.Remap/637 (9 ms)
[ RUN      ] Sz_Depth_Cn_Inter_Border_Mode_Remap.Remap/638, where GetParam() = (1280x1024, CV_8U, BGR, INTER_LINEAR, BORDER_WRAP, REFLECTION_X)
[ PERFSTAT ]    (samples=13   mean=0.03   median=0.03   min=0.03   stddev=0.00 (0.6%))
[       OK ] Sz_Depth_Cn_Inter_Border_Mode_Remap.Remap/638 (9 ms)
[ RUN      ] Sz_Depth_Cn_Inter_Border_Mode_Remap.Remap/639, where GetParam() = (1280x1024, CV_8U, BGR, INTER_LINEAR, BORDER_WRAP, REFLECTION_BOTH)
[ PERFSTAT ]    (samples=13   mean=0.03   median=0.03   min=0.03   stddev=0.00 (0.9%))
[       OK ] Sz_Depth_Cn_Inter_Border_Mode_Remap.Remap/639 (8 ms)
[ RUN      ] Sz_Depth_Cn_Inter_Border_Mode_Remap.Remap/640, where GetParam() = (1280x1024, CV_8U, BGR, INTER_CUBIC, BORDER_REFLECT101, HALF_SIZE)
[ PERFSTAT ]    (samples=13   mean=0.19   median=0.19   min=0.19   stddev=0.00 (0.2%))
[       OK ] Sz_Depth_Cn_Inter_Border_Mode_Remap.Remap/640 (13 ms)
[ RUN      ] Sz_Depth_Cn_Inter_Border_Mode_Remap.Remap/641, where GetParam() = (1280x1024, CV_8U, BGR, INTER_CUBIC, BORDER_REFLECT101, UPSIDE_DOWN)
[ PERFSTAT ]    (samples=13   mean=0.20   median=0.20   min=0.20   stddev=0.00 (0.1%))
[       OK ] Sz_Depth_Cn_Inter_Border_Mode_Remap.Remap/641 (10 ms)
[ RUN      ] Sz_Depth_Cn_Inter_Border_Mode_Remap.Remap/642, where GetParam() = (1280x1024, CV_8U, BGR, INTER_CUBIC, BORDER_REFLECT101, REFLECTION_X)
[ PERFSTAT ]    (samples=13   mean=0.20   median=0.20   min=0.20   stddev=0.00 (0.2%))
[       OK ] Sz_Depth_Cn_Inter_Border_Mode_Remap.Remap/642 (12 ms)
[ RUN      ] Sz_Depth_Cn_Inter_Border_Mode_Remap.Remap/643, where GetParam() = (1280x1024, CV_8U, BGR, INTER_CUBIC, BORDER_REFLECT101, REFLECTION_BOTH)
[ PERFSTAT ]    (samples=13   mean=0.20   median=0.20   min=0.20   stddev=0.00 (0.2%))
[       OK ] Sz_Depth_Cn_Inter_Border_Mode_Remap.Remap/643 (10 ms)
[ RUN      ] Sz_Depth_Cn_Inter_Border_Mode_Remap.Remap/644, where GetParam() = (1280x1024, CV_8U, BGR, INTER_CUBIC, BORDER_REPLICATE, HALF_SIZE)
[ PERFSTAT ]    (samples=13   mean=0.12   median=0.12   min=0.12   stddev=0.00 (0.4%))
[       OK ] Sz_Depth_Cn_Inter_Border_Mode_Remap.Remap/644 (12 ms)
[ RUN      ] Sz_Depth_Cn_Inter_Border_Mode_Remap.Remap/645, where GetParam() = (1280x1024, CV_8U, BGR, INTER_CUBIC, BORDER_REPLICATE, UPSIDE_DOWN)
[ PERFSTAT ]    (samples=13   mean=0.13   median=0.13   min=0.13   stddev=0.00 (0.3%))
[       OK ] Sz_Depth_Cn_Inter_Border_Mode_Remap.Remap/645 (10 ms)
[ RUN      ] Sz_Depth_Cn_Inter_Border_Mode_Remap.Remap/646, where GetParam() = (1280x1024, CV_8U, BGR, INTER_CUBIC, BORDER_REPLICATE, REFLECTION_X)
[ PERFSTAT ]    (samples=13   mean=0.13   median=0.13   min=0.13   stddev=0.00 (0.8%))
[       OK ] Sz_Depth_Cn_Inter_Border_Mode_Remap.Remap/646 (10 ms)
[ RUN      ] Sz_Depth_Cn_Inter_Border_Mode_Remap.Remap/647, where GetParam() = (1280x1024, CV_8U, BGR, INTER_CUBIC, BORDER_REPLICATE, REFLECTION_BOTH)
[ PERFSTAT ]    (samples=13   mean=0.13   median=0.13   min=0.13   stddev=0.00 (0.4%))
[       OK ] Sz_Depth_Cn_Inter_Border_Mode_Remap.Remap/647 (10 ms)
[ RUN      ] Sz_Depth_Cn_Inter_Border_Mode_Remap.Remap/648, where GetParam() = (1280x1024, CV_8U, BGR, INTER_CUBIC, BORDER_CONSTANT, HALF_SIZE)
[ PERFSTAT ]    (samples=25   mean=0.12   median=0.12   min=0.12   stddev=0.00 (2.7%))
[       OK ] Sz_Depth_Cn_Inter_Border_Mode_Remap.Remap/648 (16 ms)
[ RUN      ] Sz_Depth_Cn_Inter_Border_Mode_Remap.Remap/649, where GetParam() = (1280x1024, CV_8U, BGR, INTER_CUBIC, BORDER_CONSTANT, UPSIDE_DOWN)
[ PERFSTAT ]    (samples=13   mean=0.14   median=0.14   min=0.14   stddev=0.00 (0.3%))
[       OK ] Sz_Depth_Cn_Inter_Border_Mode_Remap.Remap/649 (10 ms)
[ RUN      ] Sz_Depth_Cn_Inter_Border_Mode_Remap.Remap/650, where GetParam() = (1280x1024, CV_8U, BGR, INTER_CUBIC, BORDER_CONSTANT, REFLECTION_X)
[ PERFSTAT ]    (samples=13   mean=0.13   median=0.13   min=0.13   stddev=0.00 (0.2%))
[       OK ] Sz_Depth_Cn_Inter_Border_Mode_Remap.Remap/650 (9 ms)
[ RUN      ] Sz_Depth_Cn_Inter_Border_Mode_Remap.Remap/651, where GetParam() = (1280x1024, CV_8U, BGR, INTER_CUBIC, BORDER_CONSTANT, REFLECTION_BOTH)
[ PERFSTAT ]    (samples=13   mean=0.14   median=0.14   min=0.14   stddev=0.00 (1.3%))
[       OK ] Sz_Depth_Cn_Inter_Border_Mode_Remap.Remap/651 (10 ms)
[ RUN      ] Sz_Depth_Cn_Inter_Border_Mode_Remap.Remap/652, where GetParam() = (1280x1024, CV_8U, BGR, INTER_CUBIC, BORDER_REFLECT, HALF_SIZE)
[ PERFSTAT ]    (samples=13   mean=0.20   median=0.20   min=0.20   stddev=0.00 (0.2%))
[       OK ] Sz_Depth_Cn_Inter_Border_Mode_Remap.Remap/652 (13 ms)
[ RUN      ] Sz_Depth_Cn_Inter_Border_Mode_Remap.Remap/653, where GetParam() = (1280x1024, CV_8U, BGR, INTER_CUBIC, BORDER_REFLECT, UPSIDE_DOWN)
[ PERFSTAT ]    (samples=13   mean=0.22   median=0.22   min=0.22   stddev=0.00 (0.2%))
[       OK ] Sz_Depth_Cn_Inter_Border_Mode_Remap.Remap/653 (11 ms)
[ RUN      ] Sz_Depth_Cn_Inter_Border_Mode_Remap.Remap/654, where GetParam() = (1280x1024, CV_8U, BGR, INTER_CUBIC, BORDER_REFLECT, REFLECTION_X)
[ PERFSTAT ]    (samples=13   mean=0.22   median=0.22   min=0.21   stddev=0.00 (0.2%))
[       OK ] Sz_Depth_Cn_Inter_Border_Mode_Remap.Remap/654 (11 ms)
[ RUN      ] Sz_Depth_Cn_Inter_Border_Mode_Remap.Remap/655, where GetParam() = (1280x1024, CV_8U, BGR, INTER_CUBIC, BORDER_REFLECT, REFLECTION_BOTH)
[ PERFSTAT ]    (samples=13   mean=0.22   median=0.22   min=0.22   stddev=0.00 (0.2%))
[       OK ] Sz_Depth_Cn_Inter_Border_Mode_Remap.Remap/655 (10 ms)
[ RUN      ] Sz_Depth_Cn_Inter_Border_Mode_Remap.Remap/656, where GetParam() = (1280x1024, CV_8U, BGR, INTER_CUBIC, BORDER_WRAP, HALF_SIZE)
[ PERFSTAT ]    (samples=13   mean=0.20   median=0.20   min=0.20   stddev=0.00 (0.3%))
[       OK ] Sz_Depth_Cn_Inter_Border_Mode_Remap.Remap/656 (13 ms)
[ RUN      ] Sz_Depth_Cn_Inter_Border_Mode_Remap.Remap/657, where GetParam() = (1280x1024, CV_8U, BGR, INTER_CUBIC, BORDER_WRAP, UPSIDE_DOWN)
[ PERFSTAT ]    (samples=13   mean=0.18   median=0.17   min=0.17   stddev=0.00 (0.3%))
[       OK ] Sz_Depth_Cn_Inter_Border_Mode_Remap.Remap/657 (10 ms)
[ RUN      ] Sz_Depth_Cn_Inter_Border_Mode_Remap.Remap/658, where GetParam() = (1280x1024, CV_8U, BGR, INTER_CUBIC, BORDER_WRAP, REFLECTION_X)
[ PERFSTAT ]    (samples=13   mean=0.18   median=0.18   min=0.17   stddev=0.00 (0.5%))
[       OK ] Sz_Depth_Cn_Inter_Border_Mode_Remap.Remap/658 (10 ms)
[ RUN      ] Sz_Depth_Cn_Inter_Border_Mode_Remap.Remap/659, where GetParam() = (1280x1024, CV_8U, BGR, INTER_CUBIC, BORDER_WRAP, REFLECTION_BOTH)
[ PERFSTAT ]    (samples=13   mean=0.17   median=0.17   min=0.17   stddev=0.00 (0.3%))
[       OK ] Sz_Depth_Cn_Inter_Border_Mode_Remap.Remap/659 (10 ms)
[ RUN      ] Sz_Depth_Cn_Inter_Border_Mode_Remap.Remap/660, where GetParam() = (1280x1024, CV_8U, BGRA, INTER_NEAREST, BORDER_REFLECT101, HALF_SIZE)
[ PERFSTAT ]    (samples=14   mean=0.03   median=0.03   min=0.03   stddev=0.00 (2.9%))
[       OK ] Sz_Depth_Cn_Inter_Border_Mode_Remap.Remap/660 (12 ms)
[ RUN      ] Sz_Depth_Cn_Inter_Border_Mode_Remap.Remap/661, where GetParam() = (1280x1024, CV_8U, BGRA, INTER_NEAREST, BORDER_REFLECT101, UPSIDE_DOWN)
[ PERFSTAT ]    (samples=25   mean=0.03   median=0.03   min=0.03   stddev=0.00 (2.4%))
[       OK ] Sz_Depth_Cn_Inter_Border_Mode_Remap.Remap/661 (10 ms)
[ RUN      ] Sz_Depth_Cn_Inter_Border_Mode_Remap.Remap/662, where GetParam() = (1280x1024, CV_8U, BGRA, INTER_NEAREST, BORDER_REFLECT101, REFLECTION_X)
[ PERFSTAT ]    (samples=25   mean=0.03   median=0.03   min=0.03   stddev=0.00 (1.8%))
[       OK ] Sz_Depth_Cn_Inter_Border_Mode_Remap.Remap/662 (10 ms)
[ RUN      ] Sz_Depth_Cn_Inter_Border_Mode_Remap.Remap/663, where GetParam() = (1280x1024, CV_8U, BGRA, INTER_NEAREST, BORDER_REFLECT101, REFLECTION_BOTH)
[ PERFSTAT ]    (samples=17   mean=0.03   median=0.03   min=0.03   stddev=0.00 (3.0%))
[       OK ] Sz_Depth_Cn_Inter_Border_Mode_Remap.Remap/663 (11 ms)
[ RUN      ] Sz_Depth_Cn_Inter_Border_Mode_Remap.Remap/664, where GetParam() = (1280x1024, CV_8U, BGRA, INTER_NEAREST, BORDER_REPLICATE, HALF_SIZE)
[ PERFSTAT ]    (samples=25   mean=0.02   median=0.02   min=0.02   stddev=0.00 (1.9%))
[       OK ] Sz_Depth_Cn_Inter_Border_Mode_Remap.Remap/664 (13 ms)
[ RUN      ] Sz_Depth_Cn_Inter_Border_Mode_Remap.Remap/665, where GetParam() = (1280x1024, CV_8U, BGRA, INTER_NEAREST, BORDER_REPLICATE, UPSIDE_DOWN)
[ PERFSTAT ]    (samples=25   mean=0.02   median=0.02   min=0.02   stddev=0.00 (2.0%))
[       OK ] Sz_Depth_Cn_Inter_Border_Mode_Remap.Remap/665 (11 ms)
[ RUN      ] Sz_Depth_Cn_Inter_Border_Mode_Remap.Remap/666, where GetParam() = (1280x1024, CV_8U, BGRA, INTER_NEAREST, BORDER_REPLICATE, REFLECTION_X)
[ PERFSTAT ]    (samples=25   mean=0.02   median=0.02   min=0.02   stddev=0.00 (2.1%))
[       OK ] Sz_Depth_Cn_Inter_Border_Mode_Remap.Remap/666 (10 ms)
[ RUN      ] Sz_Depth_Cn_Inter_Border_Mode_Remap.Remap/667, where GetParam() = (1280x1024, CV_8U, BGRA, INTER_NEAREST, BORDER_REPLICATE, REFLECTION_BOTH)
[ PERFSTAT ]    (samples=25   mean=0.02   median=0.02   min=0.02   stddev=0.00 (1.1%))
[       OK ] Sz_Depth_Cn_Inter_Border_Mode_Remap.Remap/667 (10 ms)
[ RUN      ] Sz_Depth_Cn_Inter_Border_Mode_Remap.Remap/668, where GetParam() = (1280x1024, CV_8U, BGRA, INTER_NEAREST, BORDER_CONSTANT, HALF_SIZE)
[ PERFSTAT ]    (samples=25   mean=0.02   median=0.02   min=0.02   stddev=0.00 (2.0%))
[       OK ] Sz_Depth_Cn_Inter_Border_Mode_Remap.Remap/668 (12 ms)
[ RUN      ] Sz_Depth_Cn_Inter_Border_Mode_Remap.Remap/669, where GetParam() = (1280x1024, CV_8U, BGRA, INTER_NEAREST, BORDER_CONSTANT, UPSIDE_DOWN)
[ PERFSTAT ]    (samples=14   mean=0.03   median=0.02   min=0.02   stddev=0.00 (3.0%))
[       OK ] Sz_Depth_Cn_Inter_Border_Mode_Remap.Remap/669 (10 ms)
[ RUN      ] Sz_Depth_Cn_Inter_Border_Mode_Remap.Remap/670, where GetParam() = (1280x1024, CV_8U, BGRA, INTER_NEAREST, BORDER_CONSTANT, REFLECTION_X)
[ PERFSTAT ]    (samples=17   mean=0.03   median=0.03   min=0.02   stddev=0.00 (2.9%))
[       OK ] Sz_Depth_Cn_Inter_Border_Mode_Remap.Remap/670 (10 ms)
[ RUN      ] Sz_Depth_Cn_Inter_Border_Mode_Remap.Remap/671, where GetParam() = (1280x1024, CV_8U, BGRA, INTER_NEAREST, BORDER_CONSTANT, REFLECTION_BOTH)
[ PERFSTAT ]    (samples=23   mean=0.03   median=0.03   min=0.02   stddev=0.00 (3.0%))
[       OK ] Sz_Depth_Cn_Inter_Border_Mode_Remap.Remap/671 (10 ms)
[ RUN      ] Sz_Depth_Cn_Inter_Border_Mode_Remap.Remap/672, where GetParam() = (1280x1024, CV_8U, BGRA, INTER_NEAREST, BORDER_REFLECT, HALF_SIZE)
[ PERFSTAT ]    (samples=38   mean=0.03   median=0.03   min=0.03   stddev=0.00 (1.6%))
[       OK ] Sz_Depth_Cn_Inter_Border_Mode_Remap.Remap/672 (12 ms)
[ RUN      ] Sz_Depth_Cn_Inter_Border_Mode_Remap.Remap/673, where GetParam() = (1280x1024, CV_8U, BGRA, INTER_NEAREST, BORDER_REFLECT, UPSIDE_DOWN)
[ PERFSTAT ]    (samples=13   mean=0.03   median=0.03   min=0.03   stddev=0.00 (2.1%))
[       OK ] Sz_Depth_Cn_Inter_Border_Mode_Remap.Remap/673 (10 ms)
[ RUN      ] Sz_Depth_Cn_Inter_Border_Mode_Remap.Remap/674, where GetParam() = (1280x1024, CV_8U, BGRA, INTER_NEAREST, BORDER_REFLECT, REFLECTION_X)
[ PERFSTAT ]    (samples=13   mean=0.03   median=0.03   min=0.03   stddev=0.00 (1.6%))
[       OK ] Sz_Depth_Cn_Inter_Border_Mode_Remap.Remap/674 (10 ms)
[ RUN      ] Sz_Depth_Cn_Inter_Border_Mode_Remap.Remap/675, where GetParam() = (1280x1024, CV_8U, BGRA, INTER_NEAREST, BORDER_REFLECT, REFLECTION_BOTH)
[ PERFSTAT ]    (samples=13   mean=0.03   median=0.03   min=0.03   stddev=0.00 (1.9%))
[       OK ] Sz_Depth_Cn_Inter_Border_Mode_Remap.Remap/675 (10 ms)
[ RUN      ] Sz_Depth_Cn_Inter_Border_Mode_Remap.Remap/676, where GetParam() = (1280x1024, CV_8U, BGRA, INTER_NEAREST, BORDER_WRAP, HALF_SIZE)
[ PERFSTAT ]    (samples=13   mean=0.03   median=0.03   min=0.03   stddev=0.00 (2.4%))
[       OK ] Sz_Depth_Cn_Inter_Border_Mode_Remap.Remap/676 (12 ms)
[ RUN      ] Sz_Depth_Cn_Inter_Border_Mode_Remap.Remap/677, where GetParam() = (1280x1024, CV_8U, BGRA, INTER_NEAREST, BORDER_WRAP, UPSIDE_DOWN)
[ PERFSTAT ]    (samples=13   mean=0.03   median=0.03   min=0.03   stddev=0.00 (2.6%))
[       OK ] Sz_Depth_Cn_Inter_Border_Mode_Remap.Remap/677 (11 ms)
[ RUN      ] Sz_Depth_Cn_Inter_Border_Mode_Remap.Remap/678, where GetParam() = (1280x1024, CV_8U, BGRA, INTER_NEAREST, BORDER_WRAP, REFLECTION_X)
[ PERFSTAT ]    (samples=13   mean=0.03   median=0.03   min=0.03   stddev=0.00 (2.9%))
[       OK ] Sz_Depth_Cn_Inter_Border_Mode_Remap.Remap/678 (10 ms)
[ RUN      ] Sz_Depth_Cn_Inter_Border_Mode_Remap.Remap/679, where GetParam() = (1280x1024, CV_8U, BGRA, INTER_NEAREST, BORDER_WRAP, REFLECTION_BOTH)
[ PERFSTAT ]    (samples=14   mean=0.03   median=0.03   min=0.03   stddev=0.00 (3.0%))
[       OK ] Sz_Depth_Cn_Inter_Border_Mode_Remap.Remap/679 (9 ms)
[ RUN      ] Sz_Depth_Cn_Inter_Border_Mode_Remap.Remap/680, where GetParam() = (1280x1024, CV_8U, BGRA, INTER_LINEAR, BORDER_REFLECT101, HALF_SIZE)
[ PERFSTAT ]    (samples=13   mean=0.05   median=0.05   min=0.05   stddev=0.00 (1.6%))
[       OK ] Sz_Depth_Cn_Inter_Border_Mode_Remap.Remap/680 (13 ms)
[ RUN      ] Sz_Depth_Cn_Inter_Border_Mode_Remap.Remap/681, where GetParam() = (1280x1024, CV_8U, BGRA, INTER_LINEAR, BORDER_REFLECT101, UPSIDE_DOWN)
[ PERFSTAT ]    (samples=13   mean=0.05   median=0.05   min=0.05   stddev=0.00 (1.5%))
[       OK ] Sz_Depth_Cn_Inter_Border_Mode_Remap.Remap/681 (10 ms)
[ RUN      ] Sz_Depth_Cn_Inter_Border_Mode_Remap.Remap/682, where GetParam() = (1280x1024, CV_8U, BGRA, INTER_LINEAR, BORDER_REFLECT101, REFLECTION_X)
[ PERFSTAT ]    (samples=13   mean=0.05   median=0.05   min=0.05   stddev=0.00 (1.6%))
[       OK ] Sz_Depth_Cn_Inter_Border_Mode_Remap.Remap/682 (10 ms)
[ RUN      ] Sz_Depth_Cn_Inter_Border_Mode_Remap.Remap/683, where GetParam() = (1280x1024, CV_8U, BGRA, INTER_LINEAR, BORDER_REFLECT101, REFLECTION_BOTH)
[ PERFSTAT ]    (samples=13   mean=0.05   median=0.05   min=0.05   stddev=0.00 (1.0%))
[       OK ] Sz_Depth_Cn_Inter_Border_Mode_Remap.Remap/683 (11 ms)
[ RUN      ] Sz_Depth_Cn_Inter_Border_Mode_Remap.Remap/684, where GetParam() = (1280x1024, CV_8U, BGRA, INTER_LINEAR, BORDER_REPLICATE, HALF_SIZE)
[ PERFSTAT ]    (samples=25   mean=0.03   median=0.03   min=0.03   stddev=0.00 (1.7%))
[       OK ] Sz_Depth_Cn_Inter_Border_Mode_Remap.Remap/684 (13 ms)
[ RUN      ] Sz_Depth_Cn_Inter_Border_Mode_Remap.Remap/685, where GetParam() = (1280x1024, CV_8U, BGRA, INTER_LINEAR, BORDER_REPLICATE, UPSIDE_DOWN)
[ PERFSTAT ]    (samples=13   mean=0.03   median=0.03   min=0.03   stddev=0.00 (2.2%))
[       OK ] Sz_Depth_Cn_Inter_Border_Mode_Remap.Remap/685 (10 ms)
[ RUN      ] Sz_Depth_Cn_Inter_Border_Mode_Remap.Remap/686, where GetParam() = (1280x1024, CV_8U, BGRA, INTER_LINEAR, BORDER_REPLICATE, REFLECTION_X)
[ PERFSTAT ]    (samples=13   mean=0.04   median=0.03   min=0.03   stddev=0.00 (2.3%))
[       OK ] Sz_Depth_Cn_Inter_Border_Mode_Remap.Remap/686 (10 ms)
[ RUN      ] Sz_Depth_Cn_Inter_Border_Mode_Remap.Remap/687, where GetParam() = (1280x1024, CV_8U, BGRA, INTER_LINEAR, BORDER_REPLICATE, REFLECTION_BOTH)
[ PERFSTAT ]    (samples=13   mean=0.03   median=0.03   min=0.03   stddev=0.00 (1.9%))
[       OK ] Sz_Depth_Cn_Inter_Border_Mode_Remap.Remap/687 (10 ms)
[ RUN      ] Sz_Depth_Cn_Inter_Border_Mode_Remap.Remap/688, where GetParam() = (1280x1024, CV_8U, BGRA, INTER_LINEAR, BORDER_CONSTANT, HALF_SIZE)
[ PERFSTAT ]    (samples=13   mean=0.04   median=0.04   min=0.04   stddev=0.00 (2.1%))
[       OK ] Sz_Depth_Cn_Inter_Border_Mode_Remap.Remap/688 (12 ms)
[ RUN      ] Sz_Depth_Cn_Inter_Border_Mode_Remap.Remap/689, where GetParam() = (1280x1024, CV_8U, BGRA, INTER_LINEAR, BORDER_CONSTANT, UPSIDE_DOWN)
[ PERFSTAT ]    (samples=13   mean=0.04   median=0.04   min=0.04   stddev=0.00 (1.9%))
[       OK ] Sz_Depth_Cn_Inter_Border_Mode_Remap.Remap/689 (10 ms)
[ RUN      ] Sz_Depth_Cn_Inter_Border_Mode_Remap.Remap/690, where GetParam() = (1280x1024, CV_8U, BGRA, INTER_LINEAR, BORDER_CONSTANT, REFLECTION_X)
[ PERFSTAT ]    (samples=13   mean=0.04   median=0.04   min=0.04   stddev=0.00 (2.7%))
[       OK ] Sz_Depth_Cn_Inter_Border_Mode_Remap.Remap/690 (9 ms)
[ RUN      ] Sz_Depth_Cn_Inter_Border_Mode_Remap.Remap/691, where GetParam() = (1280x1024, CV_8U, BGRA, INTER_LINEAR, BORDER_CONSTANT, REFLECTION_BOTH)
[ PERFSTAT ]    (samples=25   mean=0.04   median=0.04   min=0.04   stddev=0.00 (1.4%))
[       OK ] Sz_Depth_Cn_Inter_Border_Mode_Remap.Remap/691 (10 ms)
[ RUN      ] Sz_Depth_Cn_Inter_Border_Mode_Remap.Remap/692, where GetParam() = (1280x1024, CV_8U, BGRA, INTER_LINEAR, BORDER_REFLECT, HALF_SIZE)
[ PERFSTAT ]    (samples=13   mean=0.05   median=0.05   min=0.05   stddev=0.00 (1.4%))
[       OK ] Sz_Depth_Cn_Inter_Border_Mode_Remap.Remap/692 (12 ms)
[ RUN      ] Sz_Depth_Cn_Inter_Border_Mode_Remap.Remap/693, where GetParam() = (1280x1024, CV_8U, BGRA, INTER_LINEAR, BORDER_REFLECT, UPSIDE_DOWN)
[ PERFSTAT ]    (samples=13   mean=0.05   median=0.05   min=0.05   stddev=0.00 (1.7%))
[       OK ] Sz_Depth_Cn_Inter_Border_Mode_Remap.Remap/693 (10 ms)
[ RUN      ] Sz_Depth_Cn_Inter_Border_Mode_Remap.Remap/694, where GetParam() = (1280x1024, CV_8U, BGRA, INTER_LINEAR, BORDER_REFLECT, REFLECTION_X)
[ PERFSTAT ]    (samples=25   mean=0.05   median=0.05   min=0.05   stddev=0.00 (1.3%))
[       OK ] Sz_Depth_Cn_Inter_Border_Mode_Remap.Remap/694 (11 ms)
[ RUN      ] Sz_Depth_Cn_Inter_Border_Mode_Remap.Remap/695, where GetParam() = (1280x1024, CV_8U, BGRA, INTER_LINEAR, BORDER_REFLECT, REFLECTION_BOTH)
[ PERFSTAT ]    (samples=25   mean=0.05   median=0.05   min=0.05   stddev=0.00 (1.8%))
[       OK ] Sz_Depth_Cn_Inter_Border_Mode_Remap.Remap/695 (12 ms)
[ RUN      ] Sz_Depth_Cn_Inter_Border_Mode_Remap.Remap/696, where GetParam() = (1280x1024, CV_8U, BGRA, INTER_LINEAR, BORDER_WRAP, HALF_SIZE)
[ PERFSTAT ]    (samples=13   mean=0.04   median=0.04   min=0.04   stddev=0.00 (2.3%))
[       OK ] Sz_Depth_Cn_Inter_Border_Mode_Remap.Remap/696 (12 ms)
[ RUN      ] Sz_Depth_Cn_Inter_Border_Mode_Remap.Remap/697, where GetParam() = (1280x1024, CV_8U, BGRA, INTER_LINEAR, BORDER_WRAP, UPSIDE_DOWN)
[ PERFSTAT ]    (samples=13   mean=0.04   median=0.04   min=0.04   stddev=0.00 (1.2%))
[       OK ] Sz_Depth_Cn_Inter_Border_Mode_Remap.Remap/697 (10 ms)
[ RUN      ] Sz_Depth_Cn_Inter_Border_Mode_Remap.Remap/698, where GetParam() = (1280x1024, CV_8U, BGRA, INTER_LINEAR, BORDER_WRAP, REFLECTION_X)
[ PERFSTAT ]    (samples=13   mean=0.04   median=0.04   min=0.04   stddev=0.00 (2.0%))
[       OK ] Sz_Depth_Cn_Inter_Border_Mode_Remap.Remap/698 (10 ms)
[ RUN      ] Sz_Depth_Cn_Inter_Border_Mode_Remap.Remap/699, where GetParam() = (1280x1024, CV_8U, BGRA, INTER_LINEAR, BORDER_WRAP, REFLECTION_BOTH)
[ PERFSTAT ]    (samples=13   mean=0.04   median=0.04   min=0.04   stddev=0.00 (1.6%))
[       OK ] Sz_Depth_Cn_Inter_Border_Mode_Remap.Remap/699 (10 ms)
[ RUN      ] Sz_Depth_Cn_Inter_Border_Mode_Remap.Remap/700, where GetParam() = (1280x1024, CV_8U, BGRA, INTER_CUBIC, BORDER_REFLECT101, HALF_SIZE)
[ PERFSTAT ]    (samples=13   mean=0.22   median=0.22   min=0.22   stddev=0.00 (0.8%))
[       OK ] Sz_Depth_Cn_Inter_Border_Mode_Remap.Remap/700 (14 ms)
[ RUN      ] Sz_Depth_Cn_Inter_Border_Mode_Remap.Remap/701, where GetParam() = (1280x1024, CV_8U, BGRA, INTER_CUBIC, BORDER_REFLECT101, UPSIDE_DOWN)
[ PERFSTAT ]    (samples=13   mean=0.24   median=0.24   min=0.24   stddev=0.00 (0.5%))
[       OK ] Sz_Depth_Cn_Inter_Border_Mode_Remap.Remap/701 (14 ms)
[ RUN      ] Sz_Depth_Cn_Inter_Border_Mode_Remap.Remap/702, where GetParam() = (1280x1024, CV_8U, BGRA, INTER_CUBIC, BORDER_REFLECT101, REFLECTION_X)
[ PERFSTAT ]    (samples=13   mean=0.24   median=0.24   min=0.24   stddev=0.00 (0.5%))
[       OK ] Sz_Depth_Cn_Inter_Border_Mode_Remap.Remap/702 (12 ms)
[ RUN      ] Sz_Depth_Cn_Inter_Border_Mode_Remap.Remap/703, where GetParam() = (1280x1024, CV_8U, BGRA, INTER_CUBIC, BORDER_REFLECT101, REFLECTION_BOTH)
[ PERFSTAT ]    (samples=13   mean=0.24   median=0.24   min=0.24   stddev=0.00 (0.4%))
[       OK ] Sz_Depth_Cn_Inter_Border_Mode_Remap.Remap/703 (13 ms)
[ RUN      ] Sz_Depth_Cn_Inter_Border_Mode_Remap.Remap/704, where GetParam() = (1280x1024, CV_8U, BGRA, INTER_CUBIC, BORDER_REPLICATE, HALF_SIZE)
[ PERFSTAT ]    (samples=13   mean=0.14   median=0.14   min=0.14   stddev=0.00 (0.8%))
[       OK ] Sz_Depth_Cn_Inter_Border_Mode_Remap.Remap/704 (13 ms)
[ RUN      ] Sz_Depth_Cn_Inter_Border_Mode_Remap.Remap/705, where GetParam() = (1280x1024, CV_8U, BGRA, INTER_CUBIC, BORDER_REPLICATE, UPSIDE_DOWN)
[ PERFSTAT ]    (samples=13   mean=0.15   median=0.15   min=0.15   stddev=0.00 (1.1%))
[       OK ] Sz_Depth_Cn_Inter_Border_Mode_Remap.Remap/705 (12 ms)
[ RUN      ] Sz_Depth_Cn_Inter_Border_Mode_Remap.Remap/706, where GetParam() = (1280x1024, CV_8U, BGRA, INTER_CUBIC, BORDER_REPLICATE, REFLECTION_X)
[ PERFSTAT ]    (samples=13   mean=0.15   median=0.15   min=0.15   stddev=0.00 (0.7%))
[       OK ] Sz_Depth_Cn_Inter_Border_Mode_Remap.Remap/706 (11 ms)
[ RUN      ] Sz_Depth_Cn_Inter_Border_Mode_Remap.Remap/707, where GetParam() = (1280x1024, CV_8U, BGRA, INTER_CUBIC, BORDER_REPLICATE, REFLECTION_BOTH)
[ PERFSTAT ]    (samples=13   mean=0.15   median=0.15   min=0.15   stddev=0.00 (0.5%))
[       OK ] Sz_Depth_Cn_Inter_Border_Mode_Remap.Remap/707 (12 ms)
[ RUN      ] Sz_Depth_Cn_Inter_Border_Mode_Remap.Remap/708, where GetParam() = (1280x1024, CV_8U, BGRA, INTER_CUBIC, BORDER_CONSTANT, HALF_SIZE)
[ PERFSTAT ]    (samples=13   mean=0.14   median=0.14   min=0.14   stddev=0.00 (0.8%))
[       OK ] Sz_Depth_Cn_Inter_Border_Mode_Remap.Remap/708 (13 ms)
[ RUN      ] Sz_Depth_Cn_Inter_Border_Mode_Remap.Remap/709, where GetParam() = (1280x1024, CV_8U, BGRA, INTER_CUBIC, BORDER_CONSTANT, UPSIDE_DOWN)
[ PERFSTAT ]    (samples=13   mean=0.16   median=0.16   min=0.16   stddev=0.00 (1.0%))
[       OK ] Sz_Depth_Cn_Inter_Border_Mode_Remap.Remap/709 (11 ms)
[ RUN      ] Sz_Depth_Cn_Inter_Border_Mode_Remap.Remap/710, where GetParam() = (1280x1024, CV_8U, BGRA, INTER_CUBIC, BORDER_CONSTANT, REFLECTION_X)
[ PERFSTAT ]    (samples=13   mean=0.16   median=0.16   min=0.16   stddev=0.00 (0.5%))
[       OK ] Sz_Depth_Cn_Inter_Border_Mode_Remap.Remap/710 (12 ms)
[ RUN      ] Sz_Depth_Cn_Inter_Border_Mode_Remap.Remap/711, where GetParam() = (1280x1024, CV_8U, BGRA, INTER_CUBIC, BORDER_CONSTANT, REFLECTION_BOTH)
[ PERFSTAT ]    (samples=13   mean=0.16   median=0.16   min=0.16   stddev=0.00 (0.7%))
[       OK ] Sz_Depth_Cn_Inter_Border_Mode_Remap.Remap/711 (12 ms)
[ RUN      ] Sz_Depth_Cn_Inter_Border_Mode_Remap.Remap/712, where GetParam() = (1280x1024, CV_8U, BGRA, INTER_CUBIC, BORDER_REFLECT, HALF_SIZE)
[ PERFSTAT ]    (samples=13   mean=0.25   median=0.25   min=0.25   stddev=0.00 (0.5%))
[       OK ] Sz_Depth_Cn_Inter_Border_Mode_Remap.Remap/712 (14 ms)
[ RUN      ] Sz_Depth_Cn_Inter_Border_Mode_Remap.Remap/713, where GetParam() = (1280x1024, CV_8U, BGRA, INTER_CUBIC, BORDER_REFLECT, UPSIDE_DOWN)
[ PERFSTAT ]    (samples=13   mean=0.28   median=0.28   min=0.27   stddev=0.00 (0.4%))
[       OK ] Sz_Depth_Cn_Inter_Border_Mode_Remap.Remap/713 (13 ms)
[ RUN      ] Sz_Depth_Cn_Inter_Border_Mode_Remap.Remap/714, where GetParam() = (1280x1024, CV_8U, BGRA, INTER_CUBIC, BORDER_REFLECT, REFLECTION_X)
[ PERFSTAT ]    (samples=13   mean=0.28   median=0.28   min=0.27   stddev=0.00 (0.3%))
[       OK ] Sz_Depth_Cn_Inter_Border_Mode_Remap.Remap/714 (13 ms)
[ RUN      ] Sz_Depth_Cn_Inter_Border_Mode_Remap.Remap/715, where GetParam() = (1280x1024, CV_8U, BGRA, INTER_CUBIC, BORDER_REFLECT, REFLECTION_BOTH)
[ PERFSTAT ]    (samples=13   mean=0.28   median=0.28   min=0.27   stddev=0.00 (0.4%))
[       OK ] Sz_Depth_Cn_Inter_Border_Mode_Remap.Remap/715 (13 ms)
[ RUN      ] Sz_Depth_Cn_Inter_Border_Mode_Remap.Remap/716, where GetParam() = (1280x1024, CV_8U, BGRA, INTER_CUBIC, BORDER_WRAP, HALF_SIZE)
[ PERFSTAT ]    (samples=13   mean=0.24   median=0.24   min=0.24   stddev=0.00 (0.4%))
[       OK ] Sz_Depth_Cn_Inter_Border_Mode_Remap.Remap/716 (16 ms)
[ RUN      ] Sz_Depth_Cn_Inter_Border_Mode_Remap.Remap/717, where GetParam() = (1280x1024, CV_8U, BGRA, INTER_CUBIC, BORDER_WRAP, UPSIDE_DOWN)
[ PERFSTAT ]    (samples=13   mean=0.22   median=0.22   min=0.22   stddev=0.00 (0.4%))
[       OK ] Sz_Depth_Cn_Inter_Border_Mode_Remap.Remap/717 (12 ms)
[ RUN      ] Sz_Depth_Cn_Inter_Border_Mode_Remap.Remap/718, where GetParam() = (1280x1024, CV_8U, BGRA, INTER_CUBIC, BORDER_WRAP, REFLECTION_X)
[ PERFSTAT ]    (samples=13   mean=0.22   median=0.22   min=0.22   stddev=0.00 (0.4%))
[       OK ] Sz_Depth_Cn_Inter_Border_Mode_Remap.Remap/718 (12 ms)
[ RUN      ] Sz_Depth_Cn_Inter_Border_Mode_Remap.Remap/719, where GetParam() = (1280x1024, CV_8U, BGRA, INTER_CUBIC, BORDER_WRAP, REFLECTION_BOTH)
[ PERFSTAT ]    (samples=13   mean=0.22   median=0.22   min=0.22   stddev=0.00 (0.6%))
[       OK ] Sz_Depth_Cn_Inter_Border_Mode_Remap.Remap/719 (13 ms)
[ RUN      ] Sz_Depth_Cn_Inter_Border_Mode_Remap.Remap/720, where GetParam() = (1280x1024, CV_16U, Gray, INTER_NEAREST, BORDER_REFLECT101, HALF_SIZE)
[ PERFSTAT ]    (samples=13   mean=0.03   median=0.03   min=0.03   stddev=0.00 (1.8%))
[       OK ] Sz_Depth_Cn_Inter_Border_Mode_Remap.Remap/720 (9 ms)
[ RUN      ] Sz_Depth_Cn_Inter_Border_Mode_Remap.Remap/721, where GetParam() = (1280x1024, CV_16U, Gray, INTER_NEAREST, BORDER_REFLECT101, UPSIDE_DOWN)
[ PERFSTAT ]    (samples=13   mean=0.03   median=0.03   min=0.03   stddev=0.00 (2.6%))
[       OK ] Sz_Depth_Cn_Inter_Border_Mode_Remap.Remap/721 (7 ms)
[ RUN      ] Sz_Depth_Cn_Inter_Border_Mode_Remap.Remap/722, where GetParam() = (1280x1024, CV_16U, Gray, INTER_NEAREST, BORDER_REFLECT101, REFLECTION_X)
[ PERFSTAT ]    (samples=13   mean=0.03   median=0.03   min=0.03   stddev=0.00 (2.1%))
[       OK ] Sz_Depth_Cn_Inter_Border_Mode_Remap.Remap/722 (7 ms)
[ RUN      ] Sz_Depth_Cn_Inter_Border_Mode_Remap.Remap/723, where GetParam() = (1280x1024, CV_16U, Gray, INTER_NEAREST, BORDER_REFLECT101, REFLECTION_BOTH)
[ PERFSTAT ]    (samples=13   mean=0.03   median=0.03   min=0.03   stddev=0.00 (1.6%))
[       OK ] Sz_Depth_Cn_Inter_Border_Mode_Remap.Remap/723 (7 ms)
[ RUN      ] Sz_Depth_Cn_Inter_Border_Mode_Remap.Remap/724, where GetParam() = (1280x1024, CV_16U, Gray, INTER_NEAREST, BORDER_REPLICATE, HALF_SIZE)
[ PERFSTAT ]    (samples=25   mean=0.02   median=0.02   min=0.02   stddev=0.00 (1.3%))
[       OK ] Sz_Depth_Cn_Inter_Border_Mode_Remap.Remap/724 (10 ms)
[ RUN      ] Sz_Depth_Cn_Inter_Border_Mode_Remap.Remap/725, where GetParam() = (1280x1024, CV_16U, Gray, INTER_NEAREST, BORDER_REPLICATE, UPSIDE_DOWN)
[ PERFSTAT ]    (samples=25   mean=0.02   median=0.02   min=0.02   stddev=0.00 (2.9%))
[       OK ] Sz_Depth_Cn_Inter_Border_Mode_Remap.Remap/725 (7 ms)
[ RUN      ] Sz_Depth_Cn_Inter_Border_Mode_Remap.Remap/726, where GetParam() = (1280x1024, CV_16U, Gray, INTER_NEAREST, BORDER_REPLICATE, REFLECTION_X)
[ PERFSTAT ]    (samples=25   mean=0.02   median=0.02   min=0.02   stddev=0.00 (2.5%))
[       OK ] Sz_Depth_Cn_Inter_Border_Mode_Remap.Remap/726 (8 ms)
[ RUN      ] Sz_Depth_Cn_Inter_Border_Mode_Remap.Remap/727, where GetParam() = (1280x1024, CV_16U, Gray, INTER_NEAREST, BORDER_REPLICATE, REFLECTION_BOTH)
[ PERFSTAT ]    (samples=22   mean=0.02   median=0.02   min=0.02   stddev=0.00 (3.0%))
[       OK ] Sz_Depth_Cn_Inter_Border_Mode_Remap.Remap/727 (7 ms)
[ RUN      ] Sz_Depth_Cn_Inter_Border_Mode_Remap.Remap/728, where GetParam() = (1280x1024, CV_16U, Gray, INTER_NEAREST, BORDER_CONSTANT, HALF_SIZE)
[ PERFSTAT ]    (samples=34   mean=0.02   median=0.02   min=0.02   stddev=0.00 (3.0%))
[       OK ] Sz_Depth_Cn_Inter_Border_Mode_Remap.Remap/728 (9 ms)
[ RUN      ] Sz_Depth_Cn_Inter_Border_Mode_Remap.Remap/729, where GetParam() = (1280x1024, CV_16U, Gray, INTER_NEAREST, BORDER_CONSTANT, UPSIDE_DOWN)
[ PERFSTAT ]    (samples=19   mean=0.02   median=0.02   min=0.02   stddev=0.00 (3.0%))
[       OK ] Sz_Depth_Cn_Inter_Border_Mode_Remap.Remap/729 (8 ms)
[ RUN      ] Sz_Depth_Cn_Inter_Border_Mode_Remap.Remap/730, where GetParam() = (1280x1024, CV_16U, Gray, INTER_NEAREST, BORDER_CONSTANT, REFLECTION_X)
[ PERFSTAT ]    (samples=25   mean=0.02   median=0.02   min=0.02   stddev=0.00 (1.6%))
[       OK ] Sz_Depth_Cn_Inter_Border_Mode_Remap.Remap/730 (8 ms)
[ RUN      ] Sz_Depth_Cn_Inter_Border_Mode_Remap.Remap/731, where GetParam() = (1280x1024, CV_16U, Gray, INTER_NEAREST, BORDER_CONSTANT, REFLECTION_BOTH)
[ PERFSTAT ]    (samples=75   mean=0.02   median=0.02   min=0.02   stddev=0.00 (2.9%))
[       OK ] Sz_Depth_Cn_Inter_Border_Mode_Remap.Remap/731 (8 ms)
[ RUN      ] Sz_Depth_Cn_Inter_Border_Mode_Remap.Remap/732, where GetParam() = (1280x1024, CV_16U, Gray, INTER_NEAREST, BORDER_REFLECT, HALF_SIZE)
[ PERFSTAT ]    (samples=13   mean=0.03   median=0.03   min=0.03   stddev=0.00 (1.8%))
[       OK ] Sz_Depth_Cn_Inter_Border_Mode_Remap.Remap/732 (9 ms)
[ RUN      ] Sz_Depth_Cn_Inter_Border_Mode_Remap.Remap/733, where GetParam() = (1280x1024, CV_16U, Gray, INTER_NEAREST, BORDER_REFLECT, UPSIDE_DOWN)
[ PERFSTAT ]    (samples=13   mean=0.03   median=0.03   min=0.03   stddev=0.00 (2.1%))
[       OK ] Sz_Depth_Cn_Inter_Border_Mode_Remap.Remap/733 (8 ms)
[ RUN      ] Sz_Depth_Cn_Inter_Border_Mode_Remap.Remap/734, where GetParam() = (1280x1024, CV_16U, Gray, INTER_NEAREST, BORDER_REFLECT, REFLECTION_X)
[ PERFSTAT ]    (samples=25   mean=0.03   median=0.03   min=0.03   stddev=0.00 (1.6%))
[       OK ] Sz_Depth_Cn_Inter_Border_Mode_Remap.Remap/734 (7 ms)
[ RUN      ] Sz_Depth_Cn_Inter_Border_Mode_Remap.Remap/735, where GetParam() = (1280x1024, CV_16U, Gray, INTER_NEAREST, BORDER_REFLECT, REFLECTION_BOTH)
[ PERFSTAT ]    (samples=13   mean=0.03   median=0.03   min=0.03   stddev=0.00 (1.5%))
[       OK ] Sz_Depth_Cn_Inter_Border_Mode_Remap.Remap/735 (7 ms)
[ RUN      ] Sz_Depth_Cn_Inter_Border_Mode_Remap.Remap/736, where GetParam() = (1280x1024, CV_16U, Gray, INTER_NEAREST, BORDER_WRAP, HALF_SIZE)
[ PERFSTAT ]    (samples=18   mean=0.02   median=0.02   min=0.02   stddev=0.00 (3.0%))
[       OK ] Sz_Depth_Cn_Inter_Border_Mode_Remap.Remap/736 (10 ms)
[ RUN      ] Sz_Depth_Cn_Inter_Border_Mode_Remap.Remap/737, where GetParam() = (1280x1024, CV_16U, Gray, INTER_NEAREST, BORDER_WRAP, UPSIDE_DOWN)
[ PERFSTAT ]    (samples=25   mean=0.02   median=0.02   min=0.02   stddev=0.00 (2.7%))
[       OK ] Sz_Depth_Cn_Inter_Border_Mode_Remap.Remap/737 (7 ms)
[ RUN      ] Sz_Depth_Cn_Inter_Border_Mode_Remap.Remap/738, where GetParam() = (1280x1024, CV_16U, Gray, INTER_NEAREST, BORDER_WRAP, REFLECTION_X)
[ PERFSTAT ]    (samples=13   mean=0.02   median=0.02   min=0.02   stddev=0.00 (2.9%))
[       OK ] Sz_Depth_Cn_Inter_Border_Mode_Remap.Remap/738 (9 ms)
[ RUN      ] Sz_Depth_Cn_Inter_Border_Mode_Remap.Remap/739, where GetParam() = (1280x1024, CV_16U, Gray, INTER_NEAREST, BORDER_WRAP, REFLECTION_BOTH)
[ PERFSTAT ]    (samples=13   mean=0.02   median=0.02   min=0.02   stddev=0.00 (2.8%))
[       OK ] Sz_Depth_Cn_Inter_Border_Mode_Remap.Remap/739 (7 ms)
[ RUN      ] Sz_Depth_Cn_Inter_Border_Mode_Remap.Remap/740, where GetParam() = (1280x1024, CV_16U, Gray, INTER_LINEAR, BORDER_REFLECT101, HALF_SIZE)
[ PERFSTAT ]    (samples=13   mean=0.04   median=0.04   min=0.04   stddev=0.00 (1.4%))
[       OK ] Sz_Depth_Cn_Inter_Border_Mode_Remap.Remap/740 (9 ms)
[ RUN      ] Sz_Depth_Cn_Inter_Border_Mode_Remap.Remap/741, where GetParam() = (1280x1024, CV_16U, Gray, INTER_LINEAR, BORDER_REFLECT101, UPSIDE_DOWN)
[ PERFSTAT ]    (samples=13   mean=0.04   median=0.04   min=0.04   stddev=0.00 (1.7%))
[       OK ] Sz_Depth_Cn_Inter_Border_Mode_Remap.Remap/741 (7 ms)
[ RUN      ] Sz_Depth_Cn_Inter_Border_Mode_Remap.Remap/742, where GetParam() = (1280x1024, CV_16U, Gray, INTER_LINEAR, BORDER_REFLECT101, REFLECTION_X)
[ PERFSTAT ]    (samples=13   mean=0.04   median=0.04   min=0.04   stddev=0.00 (1.3%))
[       OK ] Sz_Depth_Cn_Inter_Border_Mode_Remap.Remap/742 (8 ms)
[ RUN      ] Sz_Depth_Cn_Inter_Border_Mode_Remap.Remap/743, where GetParam() = (1280x1024, CV_16U, Gray, INTER_LINEAR, BORDER_REFLECT101, REFLECTION_BOTH)
[ PERFSTAT ]    (samples=13   mean=0.04   median=0.04   min=0.04   stddev=0.00 (1.3%))
[       OK ] Sz_Depth_Cn_Inter_Border_Mode_Remap.Remap/743 (7 ms)
[ RUN      ] Sz_Depth_Cn_Inter_Border_Mode_Remap.Remap/744, where GetParam() = (1280x1024, CV_16U, Gray, INTER_LINEAR, BORDER_REPLICATE, HALF_SIZE)
[ PERFSTAT ]    (samples=25   mean=0.03   median=0.03   min=0.03   stddev=0.00 (1.7%))
[       OK ] Sz_Depth_Cn_Inter_Border_Mode_Remap.Remap/744 (9 ms)
[ RUN      ] Sz_Depth_Cn_Inter_Border_Mode_Remap.Remap/745, where GetParam() = (1280x1024, CV_16U, Gray, INTER_LINEAR, BORDER_REPLICATE, UPSIDE_DOWN)
[ PERFSTAT ]    (samples=25   mean=0.03   median=0.03   min=0.03   stddev=0.00 (1.9%))
[       OK ] Sz_Depth_Cn_Inter_Border_Mode_Remap.Remap/745 (7 ms)
[ RUN      ] Sz_Depth_Cn_Inter_Border_Mode_Remap.Remap/746, where GetParam() = (1280x1024, CV_16U, Gray, INTER_LINEAR, BORDER_REPLICATE, REFLECTION_X)
[ PERFSTAT ]    (samples=20   mean=0.03   median=0.03   min=0.03   stddev=0.00 (3.0%))
[       OK ] Sz_Depth_Cn_Inter_Border_Mode_Remap.Remap/746 (8 ms)
[ RUN      ] Sz_Depth_Cn_Inter_Border_Mode_Remap.Remap/747, where GetParam() = (1280x1024, CV_16U, Gray, INTER_LINEAR, BORDER_REPLICATE, REFLECTION_BOTH)
[ PERFSTAT ]    (samples=25   mean=0.03   median=0.03   min=0.03   stddev=0.00 (2.3%))
[       OK ] Sz_Depth_Cn_Inter_Border_Mode_Remap.Remap/747 (7 ms)
[ RUN      ] Sz_Depth_Cn_Inter_Border_Mode_Remap.Remap/748, where GetParam() = (1280x1024, CV_16U, Gray, INTER_LINEAR, BORDER_CONSTANT, HALF_SIZE)
[ PERFSTAT ]    (samples=13   mean=0.03   median=0.03   min=0.03   stddev=0.00 (1.4%))
[       OK ] Sz_Depth_Cn_Inter_Border_Mode_Remap.Remap/748 (9 ms)
[ RUN      ] Sz_Depth_Cn_Inter_Border_Mode_Remap.Remap/749, where GetParam() = (1280x1024, CV_16U, Gray, INTER_LINEAR, BORDER_CONSTANT, UPSIDE_DOWN)
[ PERFSTAT ]    (samples=13   mean=0.03   median=0.03   min=0.03   stddev=0.00 (1.6%))
[       OK ] Sz_Depth_Cn_Inter_Border_Mode_Remap.Remap/749 (8 ms)
[ RUN      ] Sz_Depth_Cn_Inter_Border_Mode_Remap.Remap/750, where GetParam() = (1280x1024, CV_16U, Gray, INTER_LINEAR, BORDER_CONSTANT, REFLECTION_X)
[ PERFSTAT ]    (samples=25   mean=0.03   median=0.03   min=0.03   stddev=0.00 (1.1%))
[       OK ] Sz_Depth_Cn_Inter_Border_Mode_Remap.Remap/750 (7 ms)
[ RUN      ] Sz_Depth_Cn_Inter_Border_Mode_Remap.Remap/751, where GetParam() = (1280x1024, CV_16U, Gray, INTER_LINEAR, BORDER_CONSTANT, REFLECTION_BOTH)
[ PERFSTAT ]    (samples=22   mean=0.03   median=0.03   min=0.03   stddev=0.00 (3.0%))
[       OK ] Sz_Depth_Cn_Inter_Border_Mode_Remap.Remap/751 (8 ms)
[ RUN      ] Sz_Depth_Cn_Inter_Border_Mode_Remap.Remap/752, where GetParam() = (1280x1024, CV_16U, Gray, INTER_LINEAR, BORDER_REFLECT, HALF_SIZE)
[ PERFSTAT ]    (samples=13   mean=0.04   median=0.04   min=0.04   stddev=0.00 (1.7%))
[       OK ] Sz_Depth_Cn_Inter_Border_Mode_Remap.Remap/752 (9 ms)
[ RUN      ] Sz_Depth_Cn_Inter_Border_Mode_Remap.Remap/753, where GetParam() = (1280x1024, CV_16U, Gray, INTER_LINEAR, BORDER_REFLECT, UPSIDE_DOWN)
[ PERFSTAT ]    (samples=13   mean=0.04   median=0.04   min=0.04   stddev=0.00 (1.4%))
[       OK ] Sz_Depth_Cn_Inter_Border_Mode_Remap.Remap/753 (8 ms)
[ RUN      ] Sz_Depth_Cn_Inter_Border_Mode_Remap.Remap/754, where GetParam() = (1280x1024, CV_16U, Gray, INTER_LINEAR, BORDER_REFLECT, REFLECTION_X)
[ PERFSTAT ]    (samples=13   mean=0.04   median=0.04   min=0.04   stddev=0.00 (1.4%))
[       OK ] Sz_Depth_Cn_Inter_Border_Mode_Remap.Remap/754 (7 ms)
[ RUN      ] Sz_Depth_Cn_Inter_Border_Mode_Remap.Remap/755, where GetParam() = (1280x1024, CV_16U, Gray, INTER_LINEAR, BORDER_REFLECT, REFLECTION_BOTH)
[ PERFSTAT ]    (samples=13   mean=0.04   median=0.04   min=0.04   stddev=0.00 (2.4%))
[       OK ] Sz_Depth_Cn_Inter_Border_Mode_Remap.Remap/755 (7 ms)
[ RUN      ] Sz_Depth_Cn_Inter_Border_Mode_Remap.Remap/756, where GetParam() = (1280x1024, CV_16U, Gray, INTER_LINEAR, BORDER_WRAP, HALF_SIZE)
[ PERFSTAT ]    (samples=13   mean=0.03   median=0.03   min=0.03   stddev=0.00 (1.5%))
[       OK ] Sz_Depth_Cn_Inter_Border_Mode_Remap.Remap/756 (9 ms)
[ RUN      ] Sz_Depth_Cn_Inter_Border_Mode_Remap.Remap/757, where GetParam() = (1280x1024, CV_16U, Gray, INTER_LINEAR, BORDER_WRAP, UPSIDE_DOWN)
[ PERFSTAT ]    (samples=13   mean=0.03   median=0.03   min=0.03   stddev=0.00 (2.0%))
[       OK ] Sz_Depth_Cn_Inter_Border_Mode_Remap.Remap/757 (8 ms)
[ RUN      ] Sz_Depth_Cn_Inter_Border_Mode_Remap.Remap/758, where GetParam() = (1280x1024, CV_16U, Gray, INTER_LINEAR, BORDER_WRAP, REFLECTION_X)
[ PERFSTAT ]    (samples=13   mean=0.03   median=0.03   min=0.03   stddev=0.00 (2.0%))
[       OK ] Sz_Depth_Cn_Inter_Border_Mode_Remap.Remap/758 (7 ms)
[ RUN      ] Sz_Depth_Cn_Inter_Border_Mode_Remap.Remap/759, where GetParam() = (1280x1024, CV_16U, Gray, INTER_LINEAR, BORDER_WRAP, REFLECTION_BOTH)
[ PERFSTAT ]    (samples=13   mean=0.03   median=0.03   min=0.03   stddev=0.00 (1.5%))
[       OK ] Sz_Depth_Cn_Inter_Border_Mode_Remap.Remap/759 (7 ms)
[ RUN      ] Sz_Depth_Cn_Inter_Border_Mode_Remap.Remap/760, where GetParam() = (1280x1024, CV_16U, Gray, INTER_CUBIC, BORDER_REFLECT101, HALF_SIZE)
[ PERFSTAT ]    (samples=13   mean=0.17   median=0.17   min=0.17   stddev=0.00 (0.5%))
[       OK ] Sz_Depth_Cn_Inter_Border_Mode_Remap.Remap/760 (11 ms)
[ RUN      ] Sz_Depth_Cn_Inter_Border_Mode_Remap.Remap/761, where GetParam() = (1280x1024, CV_16U, Gray, INTER_CUBIC, BORDER_REFLECT101, UPSIDE_DOWN)
[ PERFSTAT ]    (samples=13   mean=0.19   median=0.19   min=0.19   stddev=0.00 (0.6%))
[       OK ] Sz_Depth_Cn_Inter_Border_Mode_Remap.Remap/761 (10 ms)
[ RUN      ] Sz_Depth_Cn_Inter_Border_Mode_Remap.Remap/762, where GetParam() = (1280x1024, CV_16U, Gray, INTER_CUBIC, BORDER_REFLECT101, REFLECTION_X)
[ PERFSTAT ]    (samples=13   mean=0.19   median=0.19   min=0.19   stddev=0.00 (0.4%))
[       OK ] Sz_Depth_Cn_Inter_Border_Mode_Remap.Remap/762 (10 ms)
[ RUN      ] Sz_Depth_Cn_Inter_Border_Mode_Remap.Remap/763, where GetParam() = (1280x1024, CV_16U, Gray, INTER_CUBIC, BORDER_REFLECT101, REFLECTION_BOTH)
[ PERFSTAT ]    (samples=13   mean=0.19   median=0.19   min=0.19   stddev=0.00 (0.6%))
[       OK ] Sz_Depth_Cn_Inter_Border_Mode_Remap.Remap/763 (9 ms)
[ RUN      ] Sz_Depth_Cn_Inter_Border_Mode_Remap.Remap/764, where GetParam() = (1280x1024, CV_16U, Gray, INTER_CUBIC, BORDER_REPLICATE, HALF_SIZE)
[ PERFSTAT ]    (samples=13   mean=0.09   median=0.09   min=0.09   stddev=0.00 (1.8%))
[       OK ] Sz_Depth_Cn_Inter_Border_Mode_Remap.Remap/764 (9 ms)
[ RUN      ] Sz_Depth_Cn_Inter_Border_Mode_Remap.Remap/765, where GetParam() = (1280x1024, CV_16U, Gray, INTER_CUBIC, BORDER_REPLICATE, UPSIDE_DOWN)
[ PERFSTAT ]    (samples=13   mean=0.10   median=0.10   min=0.10   stddev=0.00 (1.5%))
[       OK ] Sz_Depth_Cn_Inter_Border_Mode_Remap.Remap/765 (9 ms)
[ RUN      ] Sz_Depth_Cn_Inter_Border_Mode_Remap.Remap/766, where GetParam() = (1280x1024, CV_16U, Gray, INTER_CUBIC, BORDER_REPLICATE, REFLECTION_X)
[ PERFSTAT ]    (samples=13   mean=0.10   median=0.10   min=0.10   stddev=0.00 (1.8%))
[       OK ] Sz_Depth_Cn_Inter_Border_Mode_Remap.Remap/766 (8 ms)
[ RUN      ] Sz_Depth_Cn_Inter_Border_Mode_Remap.Remap/767, where GetParam() = (1280x1024, CV_16U, Gray, INTER_CUBIC, BORDER_REPLICATE, REFLECTION_BOTH)
[ PERFSTAT ]    (samples=13   mean=0.10   median=0.10   min=0.10   stddev=0.00 (1.6%))
[       OK ] Sz_Depth_Cn_Inter_Border_Mode_Remap.Remap/767 (8 ms)
[ RUN      ] Sz_Depth_Cn_Inter_Border_Mode_Remap.Remap/768, where GetParam() = (1280x1024, CV_16U, Gray, INTER_CUBIC, BORDER_CONSTANT, HALF_SIZE)
[ PERFSTAT ]    (samples=13   mean=0.09   median=0.09   min=0.09   stddev=0.00 (1.2%))
[       OK ] Sz_Depth_Cn_Inter_Border_Mode_Remap.Remap/768 (10 ms)
[ RUN      ] Sz_Depth_Cn_Inter_Border_Mode_Remap.Remap/769, where GetParam() = (1280x1024, CV_16U, Gray, INTER_CUBIC, BORDER_CONSTANT, UPSIDE_DOWN)
[ PERFSTAT ]    (samples=13   mean=0.10   median=0.10   min=0.10   stddev=0.00 (1.5%))
[       OK ] Sz_Depth_Cn_Inter_Border_Mode_Remap.Remap/769 (8 ms)
[ RUN      ] Sz_Depth_Cn_Inter_Border_Mode_Remap.Remap/770, where GetParam() = (1280x1024, CV_16U, Gray, INTER_CUBIC, BORDER_CONSTANT, REFLECTION_X)
[ PERFSTAT ]    (samples=13   mean=0.10   median=0.10   min=0.10   stddev=0.00 (1.3%))
[       OK ] Sz_Depth_Cn_Inter_Border_Mode_Remap.Remap/770 (8 ms)
[ RUN      ] Sz_Depth_Cn_Inter_Border_Mode_Remap.Remap/771, where GetParam() = (1280x1024, CV_16U, Gray, INTER_CUBIC, BORDER_CONSTANT, REFLECTION_BOTH)
[ PERFSTAT ]    (samples=13   mean=0.10   median=0.10   min=0.10   stddev=0.00 (1.7%))
[       OK ] Sz_Depth_Cn_Inter_Border_Mode_Remap.Remap/771 (8 ms)
[ RUN      ] Sz_Depth_Cn_Inter_Border_Mode_Remap.Remap/772, where GetParam() = (1280x1024, CV_16U, Gray, INTER_CUBIC, BORDER_REFLECT, HALF_SIZE)
[ PERFSTAT ]    (samples=13   mean=0.21   median=0.21   min=0.20   stddev=0.00 (0.5%))
[       OK ] Sz_Depth_Cn_Inter_Border_Mode_Remap.Remap/772 (11 ms)
[ RUN      ] Sz_Depth_Cn_Inter_Border_Mode_Remap.Remap/773, where GetParam() = (1280x1024, CV_16U, Gray, INTER_CUBIC, BORDER_REFLECT, UPSIDE_DOWN)
[ PERFSTAT ]    (samples=13   mean=0.22   median=0.22   min=0.22   stddev=0.00 (0.2%))
[       OK ] Sz_Depth_Cn_Inter_Border_Mode_Remap.Remap/773 (10 ms)
[ RUN      ] Sz_Depth_Cn_Inter_Border_Mode_Remap.Remap/774, where GetParam() = (1280x1024, CV_16U, Gray, INTER_CUBIC, BORDER_REFLECT, REFLECTION_X)
[ PERFSTAT ]    (samples=13   mean=0.22   median=0.22   min=0.22   stddev=0.00 (1.4%))
[       OK ] Sz_Depth_Cn_Inter_Border_Mode_Remap.Remap/774 (10 ms)
[ RUN      ] Sz_Depth_Cn_Inter_Border_Mode_Remap.Remap/775, where GetParam() = (1280x1024, CV_16U, Gray, INTER_CUBIC, BORDER_REFLECT, REFLECTION_BOTH)
[ PERFSTAT ]    (samples=25   mean=0.23   median=0.23   min=0.22   stddev=0.01 (3.0%))
[       OK ] Sz_Depth_Cn_Inter_Border_Mode_Remap.Remap/775 (15 ms)
[ RUN      ] Sz_Depth_Cn_Inter_Border_Mode_Remap.Remap/776, where GetParam() = (1280x1024, CV_16U, Gray, INTER_CUBIC, BORDER_WRAP, HALF_SIZE)
[ PERFSTAT ]    (samples=13   mean=0.19   median=0.19   min=0.19   stddev=0.00 (1.1%))
[       OK ] Sz_Depth_Cn_Inter_Border_Mode_Remap.Remap/776 (12 ms)
[ RUN      ] Sz_Depth_Cn_Inter_Border_Mode_Remap.Remap/777, where GetParam() = (1280x1024, CV_16U, Gray, INTER_CUBIC, BORDER_WRAP, UPSIDE_DOWN)
[ PERFSTAT ]    (samples=13   mean=0.16   median=0.16   min=0.16   stddev=0.00 (2.3%))
[       OK ] Sz_Depth_Cn_Inter_Border_Mode_Remap.Remap/777 (17 ms)
[ RUN      ] Sz_Depth_Cn_Inter_Border_Mode_Remap.Remap/778, where GetParam() = (1280x1024, CV_16U, Gray, INTER_CUBIC, BORDER_WRAP, REFLECTION_X)
[ PERFSTAT ]    (samples=13   mean=0.16   median=0.16   min=0.16   stddev=0.00 (0.7%))
[       OK ] Sz_Depth_Cn_Inter_Border_Mode_Remap.Remap/778 (9 ms)
[ RUN      ] Sz_Depth_Cn_Inter_Border_Mode_Remap.Remap/779, where GetParam() = (1280x1024, CV_16U, Gray, INTER_CUBIC, BORDER_WRAP, REFLECTION_BOTH)
[ PERFSTAT ]    (samples=13   mean=0.16   median=0.16   min=0.16   stddev=0.00 (0.7%))
[       OK ] Sz_Depth_Cn_Inter_Border_Mode_Remap.Remap/779 (9 ms)
[ RUN      ] Sz_Depth_Cn_Inter_Border_Mode_Remap.Remap/780, where GetParam() = (1280x1024, CV_16U, BGR, INTER_NEAREST, BORDER_REFLECT101, HALF_SIZE)
[ PERFSTAT ]    (samples=13   mean=0.03   median=0.03   min=0.03   stddev=0.00 (1.6%))
[       OK ] Sz_Depth_Cn_Inter_Border_Mode_Remap.Remap/780 (15 ms)
[ RUN      ] Sz_Depth_Cn_Inter_Border_Mode_Remap.Remap/781, where GetParam() = (1280x1024, CV_16U, BGR, INTER_NEAREST, BORDER_REFLECT101, UPSIDE_DOWN)
[ PERFSTAT ]    (samples=25   mean=0.03   median=0.03   min=0.03   stddev=0.00 (1.6%))
[       OK ] Sz_Depth_Cn_Inter_Border_Mode_Remap.Remap/781 (13 ms)
[ RUN      ] Sz_Depth_Cn_Inter_Border_Mode_Remap.Remap/782, where GetParam() = (1280x1024, CV_16U, BGR, INTER_NEAREST, BORDER_REFLECT101, REFLECTION_X)
[ PERFSTAT ]    (samples=13   mean=0.03   median=0.03   min=0.03   stddev=0.00 (1.6%))
[       OK ] Sz_Depth_Cn_Inter_Border_Mode_Remap.Remap/782 (13 ms)
[ RUN      ] Sz_Depth_Cn_Inter_Border_Mode_Remap.Remap/783, where GetParam() = (1280x1024, CV_16U, BGR, INTER_NEAREST, BORDER_REFLECT101, REFLECTION_BOTH)
[ PERFSTAT ]    (samples=13   mean=0.03   median=0.03   min=0.03   stddev=0.00 (2.0%))
[       OK ] Sz_Depth_Cn_Inter_Border_Mode_Remap.Remap/783 (12 ms)
[ RUN      ] Sz_Depth_Cn_Inter_Border_Mode_Remap.Remap/784, where GetParam() = (1280x1024, CV_16U, BGR, INTER_NEAREST, BORDER_REPLICATE, HALF_SIZE)
[ PERFSTAT ]    (samples=25   mean=0.02   median=0.02   min=0.02   stddev=0.00 (1.6%))
[       OK ] Sz_Depth_Cn_Inter_Border_Mode_Remap.Remap/784 (15 ms)
[ RUN      ] Sz_Depth_Cn_Inter_Border_Mode_Remap.Remap/785, where GetParam() = (1280x1024, CV_16U, BGR, INTER_NEAREST, BORDER_REPLICATE, UPSIDE_DOWN)
[ PERFSTAT ]    (samples=13   mean=0.03   median=0.03   min=0.02   stddev=0.00 (2.5%))
[       OK ] Sz_Depth_Cn_Inter_Border_Mode_Remap.Remap/785 (13 ms)
[ RUN      ] Sz_Depth_Cn_Inter_Border_Mode_Remap.Remap/786, where GetParam() = (1280x1024, CV_16U, BGR, INTER_NEAREST, BORDER_REPLICATE, REFLECTION_X)
[ PERFSTAT ]    (samples=13   mean=0.03   median=0.03   min=0.03   stddev=0.00 (2.3%))
[       OK ] Sz_Depth_Cn_Inter_Border_Mode_Remap.Remap/786 (12 ms)
[ RUN      ] Sz_Depth_Cn_Inter_Border_Mode_Remap.Remap/787, where GetParam() = (1280x1024, CV_16U, BGR, INTER_NEAREST, BORDER_REPLICATE, REFLECTION_BOTH)
[ PERFSTAT ]    (samples=13   mean=0.03   median=0.03   min=0.03   stddev=0.00 (2.7%))
[       OK ] Sz_Depth_Cn_Inter_Border_Mode_Remap.Remap/787 (13 ms)
[ RUN      ] Sz_Depth_Cn_Inter_Border_Mode_Remap.Remap/788, where GetParam() = (1280x1024, CV_16U, BGR, INTER_NEAREST, BORDER_CONSTANT, HALF_SIZE)
[ PERFSTAT ]    (samples=13   mean=0.02   median=0.02   min=0.02   stddev=0.00 (2.3%))
[       OK ] Sz_Depth_Cn_Inter_Border_Mode_Remap.Remap/788 (14 ms)
[ RUN      ] Sz_Depth_Cn_Inter_Border_Mode_Remap.Remap/789, where GetParam() = (1280x1024, CV_16U, BGR, INTER_NEAREST, BORDER_CONSTANT, UPSIDE_DOWN)
[ PERFSTAT ]    (samples=13   mean=0.03   median=0.02   min=0.02   stddev=0.00 (2.9%))
[       OK ] Sz_Depth_Cn_Inter_Border_Mode_Remap.Remap/789 (13 ms)
[ RUN      ] Sz_Depth_Cn_Inter_Border_Mode_Remap.Remap/790, where GetParam() = (1280x1024, CV_16U, BGR, INTER_NEAREST, BORDER_CONSTANT, REFLECTION_X)
[ PERFSTAT ]    (samples=20   mean=0.03   median=0.03   min=0.02   stddev=0.00 (3.0%))
[       OK ] Sz_Depth_Cn_Inter_Border_Mode_Remap.Remap/790 (12 ms)
[ RUN      ] Sz_Depth_Cn_Inter_Border_Mode_Remap.Remap/791, where GetParam() = (1280x1024, CV_16U, BGR, INTER_NEAREST, BORDER_CONSTANT, REFLECTION_BOTH)
[ PERFSTAT ]    (samples=13   mean=0.03   median=0.03   min=0.02   stddev=0.00 (2.6%))
[       OK ] Sz_Depth_Cn_Inter_Border_Mode_Remap.Remap/791 (46 ms)
[ RUN      ] Sz_Depth_Cn_Inter_Border_Mode_Remap.Remap/792, where GetParam() = (1280x1024, CV_16U, BGR, INTER_NEAREST, BORDER_REFLECT, HALF_SIZE)
[ PERFSTAT ]    (samples=13   mean=0.03   median=0.03   min=0.03   stddev=0.00 (1.4%))
[       OK ] Sz_Depth_Cn_Inter_Border_Mode_Remap.Remap/792 (14 ms)
[ RUN      ] Sz_Depth_Cn_Inter_Border_Mode_Remap.Remap/793, where GetParam() = (1280x1024, CV_16U, BGR, INTER_NEAREST, BORDER_REFLECT, UPSIDE_DOWN)
[ PERFSTAT ]    (samples=13   mean=0.03   median=0.03   min=0.03   stddev=0.00 (2.1%))
[       OK ] Sz_Depth_Cn_Inter_Border_Mode_Remap.Remap/793 (13 ms)
[ RUN      ] Sz_Depth_Cn_Inter_Border_Mode_Remap.Remap/794, where GetParam() = (1280x1024, CV_16U, BGR, INTER_NEAREST, BORDER_REFLECT, REFLECTION_X)
[ PERFSTAT ]    (samples=13   mean=0.03   median=0.03   min=0.03   stddev=0.00 (2.5%))
[       OK ] Sz_Depth_Cn_Inter_Border_Mode_Remap.Remap/794 (13 ms)
[ RUN      ] Sz_Depth_Cn_Inter_Border_Mode_Remap.Remap/795, where GetParam() = (1280x1024, CV_16U, BGR, INTER_NEAREST, BORDER_REFLECT, REFLECTION_BOTH)
[ PERFSTAT ]    (samples=13   mean=0.03   median=0.03   min=0.03   stddev=0.00 (2.1%))
[       OK ] Sz_Depth_Cn_Inter_Border_Mode_Remap.Remap/795 (12 ms)
[ RUN      ] Sz_Depth_Cn_Inter_Border_Mode_Remap.Remap/796, where GetParam() = (1280x1024, CV_16U, BGR, INTER_NEAREST, BORDER_WRAP, HALF_SIZE)
[ PERFSTAT ]    (samples=38   mean=0.02   median=0.02   min=0.02   stddev=0.00 (1.3%))
[       OK ] Sz_Depth_Cn_Inter_Border_Mode_Remap.Remap/796 (15 ms)
[ RUN      ] Sz_Depth_Cn_Inter_Border_Mode_Remap.Remap/797, where GetParam() = (1280x1024, CV_16U, BGR, INTER_NEAREST, BORDER_WRAP, UPSIDE_DOWN)
[ PERFSTAT ]    (samples=13   mean=0.03   median=0.03   min=0.03   stddev=0.00 (2.8%))
[       OK ] Sz_Depth_Cn_Inter_Border_Mode_Remap.Remap/797 (13 ms)
[ RUN      ] Sz_Depth_Cn_Inter_Border_Mode_Remap.Remap/798, where GetParam() = (1280x1024, CV_16U, BGR, INTER_NEAREST, BORDER_WRAP, REFLECTION_X)
[ PERFSTAT ]    (samples=13   mean=0.03   median=0.03   min=0.03   stddev=0.00 (2.8%))
[       OK ] Sz_Depth_Cn_Inter_Border_Mode_Remap.Remap/798 (12 ms)
[ RUN      ] Sz_Depth_Cn_Inter_Border_Mode_Remap.Remap/799, where GetParam() = (1280x1024, CV_16U, BGR, INTER_NEAREST, BORDER_WRAP, REFLECTION_BOTH)
[ PERFSTAT ]    (samples=13   mean=0.03   median=0.03   min=0.03   stddev=0.00 (2.4%))
[       OK ] Sz_Depth_Cn_Inter_Border_Mode_Remap.Remap/799 (14 ms)
[ RUN      ] Sz_Depth_Cn_Inter_Border_Mode_Remap.Remap/800, where GetParam() = (1280x1024, CV_16U, BGR, INTER_LINEAR, BORDER_REFLECT101, HALF_SIZE)
[ PERFSTAT ]    (samples=13   mean=0.04   median=0.04   min=0.04   stddev=0.00 (1.3%))
[       OK ] Sz_Depth_Cn_Inter_Border_Mode_Remap.Remap/800 (14 ms)
[ RUN      ] Sz_Depth_Cn_Inter_Border_Mode_Remap.Remap/801, where GetParam() = (1280x1024, CV_16U, BGR, INTER_LINEAR, BORDER_REFLECT101, UPSIDE_DOWN)
[ PERFSTAT ]    (samples=13   mean=0.04   median=0.04   min=0.04   stddev=0.00 (1.3%))
[       OK ] Sz_Depth_Cn_Inter_Border_Mode_Remap.Remap/801 (12 ms)
[ RUN      ] Sz_Depth_Cn_Inter_Border_Mode_Remap.Remap/802, where GetParam() = (1280x1024, CV_16U, BGR, INTER_LINEAR, BORDER_REFLECT101, REFLECTION_X)
[ PERFSTAT ]    (samples=13   mean=0.04   median=0.04   min=0.04   stddev=0.00 (0.8%))
[       OK ] Sz_Depth_Cn_Inter_Border_Mode_Remap.Remap/802 (13 ms)
[ RUN      ] Sz_Depth_Cn_Inter_Border_Mode_Remap.Remap/803, where GetParam() = (1280x1024, CV_16U, BGR, INTER_LINEAR, BORDER_REFLECT101, REFLECTION_BOTH)
[ PERFSTAT ]    (samples=13   mean=0.04   median=0.04   min=0.04   stddev=0.00 (1.5%))
[       OK ] Sz_Depth_Cn_Inter_Border_Mode_Remap.Remap/803 (13 ms)
[ RUN      ] Sz_Depth_Cn_Inter_Border_Mode_Remap.Remap/804, where GetParam() = (1280x1024, CV_16U, BGR, INTER_LINEAR, BORDER_REPLICATE, HALF_SIZE)
[ PERFSTAT ]    (samples=13   mean=0.03   median=0.03   min=0.03   stddev=0.00 (1.4%))
[       OK ] Sz_Depth_Cn_Inter_Border_Mode_Remap.Remap/804 (15 ms)
[ RUN      ] Sz_Depth_Cn_Inter_Border_Mode_Remap.Remap/805, where GetParam() = (1280x1024, CV_16U, BGR, INTER_LINEAR, BORDER_REPLICATE, UPSIDE_DOWN)
[ PERFSTAT ]    (samples=13   mean=0.03   median=0.03   min=0.03   stddev=0.00 (2.1%))
[       OK ] Sz_Depth_Cn_Inter_Border_Mode_Remap.Remap/805 (12 ms)
[ RUN      ] Sz_Depth_Cn_Inter_Border_Mode_Remap.Remap/806, where GetParam() = (1280x1024, CV_16U, BGR, INTER_LINEAR, BORDER_REPLICATE, REFLECTION_X)
[ PERFSTAT ]    (samples=13   mean=0.03   median=0.03   min=0.03   stddev=0.00 (1.9%))
[       OK ] Sz_Depth_Cn_Inter_Border_Mode_Remap.Remap/806 (13 ms)
[ RUN      ] Sz_Depth_Cn_Inter_Border_Mode_Remap.Remap/807, where GetParam() = (1280x1024, CV_16U, BGR, INTER_LINEAR, BORDER_REPLICATE, REFLECTION_BOTH)
[ PERFSTAT ]    (samples=13   mean=0.03   median=0.03   min=0.03   stddev=0.00 (1.8%))
[       OK ] Sz_Depth_Cn_Inter_Border_Mode_Remap.Remap/807 (13 ms)
[ RUN      ] Sz_Depth_Cn_Inter_Border_Mode_Remap.Remap/808, where GetParam() = (1280x1024, CV_16U, BGR, INTER_LINEAR, BORDER_CONSTANT, HALF_SIZE)
[ PERFSTAT ]    (samples=13   mean=0.03   median=0.03   min=0.03   stddev=0.00 (1.2%))
[       OK ] Sz_Depth_Cn_Inter_Border_Mode_Remap.Remap/808 (14 ms)
[ RUN      ] Sz_Depth_Cn_Inter_Border_Mode_Remap.Remap/809, where GetParam() = (1280x1024, CV_16U, BGR, INTER_LINEAR, BORDER_CONSTANT, UPSIDE_DOWN)
[ PERFSTAT ]    (samples=13   mean=0.03   median=0.03   min=0.03   stddev=0.00 (1.8%))
[       OK ] Sz_Depth_Cn_Inter_Border_Mode_Remap.Remap/809 (13 ms)
[ RUN      ] Sz_Depth_Cn_Inter_Border_Mode_Remap.Remap/810, where GetParam() = (1280x1024, CV_16U, BGR, INTER_LINEAR, BORDER_CONSTANT, REFLECTION_X)
[ PERFSTAT ]    (samples=13   mean=0.03   median=0.03   min=0.03   stddev=0.00 (1.7%))
[       OK ] Sz_Depth_Cn_Inter_Border_Mode_Remap.Remap/810 (13 ms)
[ RUN      ] Sz_Depth_Cn_Inter_Border_Mode_Remap.Remap/811, where GetParam() = (1280x1024, CV_16U, BGR, INTER_LINEAR, BORDER_CONSTANT, REFLECTION_BOTH)
[ PERFSTAT ]    (samples=13   mean=0.03   median=0.03   min=0.03   stddev=0.00 (1.4%))
[       OK ] Sz_Depth_Cn_Inter_Border_Mode_Remap.Remap/811 (12 ms)
[ RUN      ] Sz_Depth_Cn_Inter_Border_Mode_Remap.Remap/812, where GetParam() = (1280x1024, CV_16U, BGR, INTER_LINEAR, BORDER_REFLECT, HALF_SIZE)
[ PERFSTAT ]    (samples=13   mean=0.04   median=0.04   min=0.04   stddev=0.00 (1.0%))
[       OK ] Sz_Depth_Cn_Inter_Border_Mode_Remap.Remap/812 (15 ms)
[ RUN      ] Sz_Depth_Cn_Inter_Border_Mode_Remap.Remap/813, where GetParam() = (1280x1024, CV_16U, BGR, INTER_LINEAR, BORDER_REFLECT, UPSIDE_DOWN)
[ PERFSTAT ]    (samples=13   mean=0.04   median=0.04   min=0.04   stddev=0.00 (1.3%))
[       OK ] Sz_Depth_Cn_Inter_Border_Mode_Remap.Remap/813 (13 ms)
[ RUN      ] Sz_Depth_Cn_Inter_Border_Mode_Remap.Remap/814, where GetParam() = (1280x1024, CV_16U, BGR, INTER_LINEAR, BORDER_REFLECT, REFLECTION_X)
[ PERFSTAT ]    (samples=13   mean=0.04   median=0.04   min=0.04   stddev=0.00 (1.0%))
[       OK ] Sz_Depth_Cn_Inter_Border_Mode_Remap.Remap/814 (13 ms)
[ RUN      ] Sz_Depth_Cn_Inter_Border_Mode_Remap.Remap/815, where GetParam() = (1280x1024, CV_16U, BGR, INTER_LINEAR, BORDER_REFLECT, REFLECTION_BOTH)
[ PERFSTAT ]    (samples=13   mean=0.04   median=0.04   min=0.04   stddev=0.00 (1.0%))
[       OK ] Sz_Depth_Cn_Inter_Border_Mode_Remap.Remap/815 (12 ms)
[ RUN      ] Sz_Depth_Cn_Inter_Border_Mode_Remap.Remap/816, where GetParam() = (1280x1024, CV_16U, BGR, INTER_LINEAR, BORDER_WRAP, HALF_SIZE)
[ PERFSTAT ]    (samples=13   mean=0.04   median=0.03   min=0.03   stddev=0.00 (1.3%))
[       OK ] Sz_Depth_Cn_Inter_Border_Mode_Remap.Remap/816 (15 ms)
[ RUN      ] Sz_Depth_Cn_Inter_Border_Mode_Remap.Remap/817, where GetParam() = (1280x1024, CV_16U, BGR, INTER_LINEAR, BORDER_WRAP, UPSIDE_DOWN)
[ PERFSTAT ]    (samples=13   mean=0.04   median=0.04   min=0.04   stddev=0.00 (1.3%))
[       OK ] Sz_Depth_Cn_Inter_Border_Mode_Remap.Remap/817 (13 ms)
[ RUN      ] Sz_Depth_Cn_Inter_Border_Mode_Remap.Remap/818, where GetParam() = (1280x1024, CV_16U, BGR, INTER_LINEAR, BORDER_WRAP, REFLECTION_X)
[ PERFSTAT ]    (samples=13   mean=0.04   median=0.04   min=0.04   stddev=0.00 (1.6%))
[       OK ] Sz_Depth_Cn_Inter_Border_Mode_Remap.Remap/818 (13 ms)
[ RUN      ] Sz_Depth_Cn_Inter_Border_Mode_Remap.Remap/819, where GetParam() = (1280x1024, CV_16U, BGR, INTER_LINEAR, BORDER_WRAP, REFLECTION_BOTH)
[ PERFSTAT ]    (samples=13   mean=0.04   median=0.04   min=0.04   stddev=0.00 (1.2%))
[       OK ] Sz_Depth_Cn_Inter_Border_Mode_Remap.Remap/819 (12 ms)
[ RUN      ] Sz_Depth_Cn_Inter_Border_Mode_Remap.Remap/820, where GetParam() = (1280x1024, CV_16U, BGR, INTER_CUBIC, BORDER_REFLECT101, HALF_SIZE)
[ PERFSTAT ]    (samples=13   mean=0.19   median=0.19   min=0.19   stddev=0.00 (0.2%))
[       OK ] Sz_Depth_Cn_Inter_Border_Mode_Remap.Remap/820 (17 ms)
[ RUN      ] Sz_Depth_Cn_Inter_Border_Mode_Remap.Remap/821, where GetParam() = (1280x1024, CV_16U, BGR, INTER_CUBIC, BORDER_REFLECT101, UPSIDE_DOWN)
[ PERFSTAT ]    (samples=13   mean=0.20   median=0.20   min=0.20   stddev=0.00 (0.8%))
[       OK ] Sz_Depth_Cn_Inter_Border_Mode_Remap.Remap/821 (15 ms)
[ RUN      ] Sz_Depth_Cn_Inter_Border_Mode_Remap.Remap/822, where GetParam() = (1280x1024, CV_16U, BGR, INTER_CUBIC, BORDER_REFLECT101, REFLECTION_X)
[ PERFSTAT ]    (samples=13   mean=0.20   median=0.20   min=0.20   stddev=0.00 (0.2%))
[       OK ] Sz_Depth_Cn_Inter_Border_Mode_Remap.Remap/822 (15 ms)
[ RUN      ] Sz_Depth_Cn_Inter_Border_Mode_Remap.Remap/823, where GetParam() = (1280x1024, CV_16U, BGR, INTER_CUBIC, BORDER_REFLECT101, REFLECTION_BOTH)
[ PERFSTAT ]    (samples=13   mean=0.20   median=0.20   min=0.20   stddev=0.00 (0.2%))
[       OK ] Sz_Depth_Cn_Inter_Border_Mode_Remap.Remap/823 (15 ms)
[ RUN      ] Sz_Depth_Cn_Inter_Border_Mode_Remap.Remap/824, where GetParam() = (1280x1024, CV_16U, BGR, INTER_CUBIC, BORDER_REPLICATE, HALF_SIZE)
[ PERFSTAT ]    (samples=13   mean=0.12   median=0.12   min=0.12   stddev=0.00 (0.3%))
[       OK ] Sz_Depth_Cn_Inter_Border_Mode_Remap.Remap/824 (15 ms)
[ RUN      ] Sz_Depth_Cn_Inter_Border_Mode_Remap.Remap/825, where GetParam() = (1280x1024, CV_16U, BGR, INTER_CUBIC, BORDER_REPLICATE, UPSIDE_DOWN)
[ PERFSTAT ]    (samples=13   mean=0.13   median=0.13   min=0.13   stddev=0.00 (0.3%))
[       OK ] Sz_Depth_Cn_Inter_Border_Mode_Remap.Remap/825 (14 ms)
[ RUN      ] Sz_Depth_Cn_Inter_Border_Mode_Remap.Remap/826, where GetParam() = (1280x1024, CV_16U, BGR, INTER_CUBIC, BORDER_REPLICATE, REFLECTION_X)
[ PERFSTAT ]    (samples=13   mean=0.13   median=0.13   min=0.13   stddev=0.00 (0.4%))
[       OK ] Sz_Depth_Cn_Inter_Border_Mode_Remap.Remap/826 (14 ms)
[ RUN      ] Sz_Depth_Cn_Inter_Border_Mode_Remap.Remap/827, where GetParam() = (1280x1024, CV_16U, BGR, INTER_CUBIC, BORDER_REPLICATE, REFLECTION_BOTH)
[ PERFSTAT ]    (samples=13   mean=0.13   median=0.13   min=0.13   stddev=0.00 (0.3%))
[       OK ] Sz_Depth_Cn_Inter_Border_Mode_Remap.Remap/827 (14 ms)
[ RUN      ] Sz_Depth_Cn_Inter_Border_Mode_Remap.Remap/828, where GetParam() = (1280x1024, CV_16U, BGR, INTER_CUBIC, BORDER_CONSTANT, HALF_SIZE)
[ PERFSTAT ]    (samples=13   mean=0.12   median=0.12   min=0.12   stddev=0.00 (2.1%))
[       OK ] Sz_Depth_Cn_Inter_Border_Mode_Remap.Remap/828 (15 ms)
[ RUN      ] Sz_Depth_Cn_Inter_Border_Mode_Remap.Remap/829, where GetParam() = (1280x1024, CV_16U, BGR, INTER_CUBIC, BORDER_CONSTANT, UPSIDE_DOWN)
[ PERFSTAT ]    (samples=13   mean=0.14   median=0.14   min=0.14   stddev=0.00 (0.2%))
[       OK ] Sz_Depth_Cn_Inter_Border_Mode_Remap.Remap/829 (14 ms)
[ RUN      ] Sz_Depth_Cn_Inter_Border_Mode_Remap.Remap/830, where GetParam() = (1280x1024, CV_16U, BGR, INTER_CUBIC, BORDER_CONSTANT, REFLECTION_X)
[ PERFSTAT ]    (samples=13   mean=0.14   median=0.14   min=0.13   stddev=0.00 (0.4%))
[       OK ] Sz_Depth_Cn_Inter_Border_Mode_Remap.Remap/830 (14 ms)
[ RUN      ] Sz_Depth_Cn_Inter_Border_Mode_Remap.Remap/831, where GetParam() = (1280x1024, CV_16U, BGR, INTER_CUBIC, BORDER_CONSTANT, REFLECTION_BOTH)
[ PERFSTAT ]    (samples=13   mean=0.14   median=0.14   min=0.14   stddev=0.00 (0.4%))
[       OK ] Sz_Depth_Cn_Inter_Border_Mode_Remap.Remap/831 (14 ms)
[ RUN      ] Sz_Depth_Cn_Inter_Border_Mode_Remap.Remap/832, where GetParam() = (1280x1024, CV_16U, BGR, INTER_CUBIC, BORDER_REFLECT, HALF_SIZE)
[ PERFSTAT ]    (samples=13   mean=0.20   median=0.20   min=0.20   stddev=0.00 (0.2%))
[       OK ] Sz_Depth_Cn_Inter_Border_Mode_Remap.Remap/832 (17 ms)
[ RUN      ] Sz_Depth_Cn_Inter_Border_Mode_Remap.Remap/833, where GetParam() = (1280x1024, CV_16U, BGR, INTER_CUBIC, BORDER_REFLECT, UPSIDE_DOWN)
[ PERFSTAT ]    (samples=13   mean=0.22   median=0.22   min=0.22   stddev=0.00 (0.2%))
[       OK ] Sz_Depth_Cn_Inter_Border_Mode_Remap.Remap/833 (15 ms)
[ RUN      ] Sz_Depth_Cn_Inter_Border_Mode_Remap.Remap/834, where GetParam() = (1280x1024, CV_16U, BGR, INTER_CUBIC, BORDER_REFLECT, REFLECTION_X)
[ PERFSTAT ]    (samples=13   mean=0.22   median=0.22   min=0.21   stddev=0.00 (0.2%))
[       OK ] Sz_Depth_Cn_Inter_Border_Mode_Remap.Remap/834 (15 ms)
[ RUN      ] Sz_Depth_Cn_Inter_Border_Mode_Remap.Remap/835, where GetParam() = (1280x1024, CV_16U, BGR, INTER_CUBIC, BORDER_REFLECT, REFLECTION_BOTH)
[ PERFSTAT ]    (samples=13   mean=0.22   median=0.22   min=0.22   stddev=0.00 (0.2%))
[       OK ] Sz_Depth_Cn_Inter_Border_Mode_Remap.Remap/835 (15 ms)
[ RUN      ] Sz_Depth_Cn_Inter_Border_Mode_Remap.Remap/836, where GetParam() = (1280x1024, CV_16U, BGR, INTER_CUBIC, BORDER_WRAP, HALF_SIZE)
[ PERFSTAT ]    (samples=13   mean=0.20   median=0.20   min=0.20   stddev=0.00 (0.2%))
[       OK ] Sz_Depth_Cn_Inter_Border_Mode_Remap.Remap/836 (17 ms)
[ RUN      ] Sz_Depth_Cn_Inter_Border_Mode_Remap.Remap/837, where GetParam() = (1280x1024, CV_16U, BGR, INTER_CUBIC, BORDER_WRAP, UPSIDE_DOWN)
[ PERFSTAT ]    (samples=13   mean=0.18   median=0.18   min=0.17   stddev=0.00 (0.5%))
[       OK ] Sz_Depth_Cn_Inter_Border_Mode_Remap.Remap/837 (14 ms)
[ RUN      ] Sz_Depth_Cn_Inter_Border_Mode_Remap.Remap/838, where GetParam() = (1280x1024, CV_16U, BGR, INTER_CUBIC, BORDER_WRAP, REFLECTION_X)
[ PERFSTAT ]    (samples=13   mean=0.18   median=0.18   min=0.18   stddev=0.00 (0.5%))
[       OK ] Sz_Depth_Cn_Inter_Border_Mode_Remap.Remap/838 (15 ms)
[ RUN      ] Sz_Depth_Cn_Inter_Border_Mode_Remap.Remap/839, where GetParam() = (1280x1024, CV_16U, BGR, INTER_CUBIC, BORDER_WRAP, REFLECTION_BOTH)
[ PERFSTAT ]    (samples=13   mean=0.18   median=0.17   min=0.17   stddev=0.00 (0.3%))
[       OK ] Sz_Depth_Cn_Inter_Border_Mode_Remap.Remap/839 (14 ms)
[ RUN      ] Sz_Depth_Cn_Inter_Border_Mode_Remap.Remap/840, where GetParam() = (1280x1024, CV_16U, BGRA, INTER_NEAREST, BORDER_REFLECT101, HALF_SIZE)
[ PERFSTAT ]    (samples=19   mean=0.03   median=0.03   min=0.03   stddev=0.00 (2.9%))
[       OK ] Sz_Depth_Cn_Inter_Border_Mode_Remap.Remap/840 (20 ms)
[ RUN      ] Sz_Depth_Cn_Inter_Border_Mode_Remap.Remap/841, where GetParam() = (1280x1024, CV_16U, BGRA, INTER_NEAREST, BORDER_REFLECT101, UPSIDE_DOWN)
[ PERFSTAT ]    (samples=25   mean=0.04   median=0.04   min=0.03   stddev=0.00 (1.5%))
[       OK ] Sz_Depth_Cn_Inter_Border_Mode_Remap.Remap/841 (20 ms)
[ RUN      ] Sz_Depth_Cn_Inter_Border_Mode_Remap.Remap/842, where GetParam() = (1280x1024, CV_16U, BGRA, INTER_NEAREST, BORDER_REFLECT101, REFLECTION_X)
[ PERFSTAT ]    (samples=25   mean=0.04   median=0.04   min=0.03   stddev=0.00 (1.8%))
[       OK ] Sz_Depth_Cn_Inter_Border_Mode_Remap.Remap/842 (20 ms)
[ RUN      ] Sz_Depth_Cn_Inter_Border_Mode_Remap.Remap/843, where GetParam() = (1280x1024, CV_16U, BGRA, INTER_NEAREST, BORDER_REFLECT101, REFLECTION_BOTH)
[ PERFSTAT ]    (samples=22   mean=0.04   median=0.04   min=0.04   stddev=0.00 (3.0%))
[       OK ] Sz_Depth_Cn_Inter_Border_Mode_Remap.Remap/843 (20 ms)
[ RUN      ] Sz_Depth_Cn_Inter_Border_Mode_Remap.Remap/844, where GetParam() = (1280x1024, CV_16U, BGRA, INTER_NEAREST, BORDER_REPLICATE, HALF_SIZE)
[ PERFSTAT ]    (samples=25   mean=0.03   median=0.03   min=0.03   stddev=0.00 (1.8%))
[       OK ] Sz_Depth_Cn_Inter_Border_Mode_Remap.Remap/844 (22 ms)
[ RUN      ] Sz_Depth_Cn_Inter_Border_Mode_Remap.Remap/845, where GetParam() = (1280x1024, CV_16U, BGRA, INTER_NEAREST, BORDER_REPLICATE, UPSIDE_DOWN)
[ PERFSTAT ]    (samples=25   mean=0.03   median=0.03   min=0.03   stddev=0.00 (2.6%))
[       OK ] Sz_Depth_Cn_Inter_Border_Mode_Remap.Remap/845 (19 ms)
[ RUN      ] Sz_Depth_Cn_Inter_Border_Mode_Remap.Remap/846, where GetParam() = (1280x1024, CV_16U, BGRA, INTER_NEAREST, BORDER_REPLICATE, REFLECTION_X)
[ PERFSTAT ]    (samples=25   mean=0.03   median=0.03   min=0.03   stddev=0.00 (1.4%))
[       OK ] Sz_Depth_Cn_Inter_Border_Mode_Remap.Remap/846 (20 ms)
[ RUN      ] Sz_Depth_Cn_Inter_Border_Mode_Remap.Remap/847, where GetParam() = (1280x1024, CV_16U, BGRA, INTER_NEAREST, BORDER_REPLICATE, REFLECTION_BOTH)
[ PERFSTAT ]    (samples=25   mean=0.03   median=0.03   min=0.03   stddev=0.00 (2.4%))
[       OK ] Sz_Depth_Cn_Inter_Border_Mode_Remap.Remap/847 (20 ms)
[ RUN      ] Sz_Depth_Cn_Inter_Border_Mode_Remap.Remap/848, where GetParam() = (1280x1024, CV_16U, BGRA, INTER_NEAREST, BORDER_CONSTANT, HALF_SIZE)
[ PERFSTAT ]    (samples=25   mean=0.03   median=0.03   min=0.03   stddev=0.00 (1.0%))
[       OK ] Sz_Depth_Cn_Inter_Border_Mode_Remap.Remap/848 (22 ms)
[ RUN      ] Sz_Depth_Cn_Inter_Border_Mode_Remap.Remap/849, where GetParam() = (1280x1024, CV_16U, BGRA, INTER_NEAREST, BORDER_CONSTANT, UPSIDE_DOWN)
[ PERFSTAT ]    (samples=25   mean=0.03   median=0.03   min=0.03   stddev=0.00 (2.2%))
[       OK ] Sz_Depth_Cn_Inter_Border_Mode_Remap.Remap/849 (20 ms)
[ RUN      ] Sz_Depth_Cn_Inter_Border_Mode_Remap.Remap/850, where GetParam() = (1280x1024, CV_16U, BGRA, INTER_NEAREST, BORDER_CONSTANT, REFLECTION_X)
[ PERFSTAT ]    (samples=25   mean=0.03   median=0.03   min=0.03   stddev=0.00 (1.5%))
[       OK ] Sz_Depth_Cn_Inter_Border_Mode_Remap.Remap/850 (20 ms)
[ RUN      ] Sz_Depth_Cn_Inter_Border_Mode_Remap.Remap/851, where GetParam() = (1280x1024, CV_16U, BGRA, INTER_NEAREST, BORDER_CONSTANT, REFLECTION_BOTH)
[ PERFSTAT ]    (samples=25   mean=0.03   median=0.03   min=0.03   stddev=0.00 (2.7%))
[       OK ] Sz_Depth_Cn_Inter_Border_Mode_Remap.Remap/851 (20 ms)
[ RUN      ] Sz_Depth_Cn_Inter_Border_Mode_Remap.Remap/852, where GetParam() = (1280x1024, CV_16U, BGRA, INTER_NEAREST, BORDER_REFLECT, HALF_SIZE)
[ PERFSTAT ]    (samples=21   mean=0.03   median=0.03   min=0.03   stddev=0.00 (3.0%))
[       OK ] Sz_Depth_Cn_Inter_Border_Mode_Remap.Remap/852 (22 ms)
[ RUN      ] Sz_Depth_Cn_Inter_Border_Mode_Remap.Remap/853, where GetParam() = (1280x1024, CV_16U, BGRA, INTER_NEAREST, BORDER_REFLECT, UPSIDE_DOWN)
[ PERFSTAT ]    (samples=25   mean=0.04   median=0.04   min=0.03   stddev=0.00 (3.0%))
[       OK ] Sz_Depth_Cn_Inter_Border_Mode_Remap.Remap/853 (20 ms)
[ RUN      ] Sz_Depth_Cn_Inter_Border_Mode_Remap.Remap/854, where GetParam() = (1280x1024, CV_16U, BGRA, INTER_NEAREST, BORDER_REFLECT, REFLECTION_X)
[ PERFSTAT ]    (samples=25   mean=0.04   median=0.04   min=0.03   stddev=0.00 (1.9%))
[       OK ] Sz_Depth_Cn_Inter_Border_Mode_Remap.Remap/854 (20 ms)
[ RUN      ] Sz_Depth_Cn_Inter_Border_Mode_Remap.Remap/855, where GetParam() = (1280x1024, CV_16U, BGRA, INTER_NEAREST, BORDER_REFLECT, REFLECTION_BOTH)
[ PERFSTAT ]    (samples=26   mean=0.04   median=0.04   min=0.03   stddev=0.00 (3.0%))
[       OK ] Sz_Depth_Cn_Inter_Border_Mode_Remap.Remap/855 (20 ms)
[ RUN      ] Sz_Depth_Cn_Inter_Border_Mode_Remap.Remap/856, where GetParam() = (1280x1024, CV_16U, BGRA, INTER_NEAREST, BORDER_WRAP, HALF_SIZE)
[ PERFSTAT ]    (samples=25   mean=0.03   median=0.03   min=0.03   stddev=0.00 (2.0%))
[       OK ] Sz_Depth_Cn_Inter_Border_Mode_Remap.Remap/856 (22 ms)
[ RUN      ] Sz_Depth_Cn_Inter_Border_Mode_Remap.Remap/857, where GetParam() = (1280x1024, CV_16U, BGRA, INTER_NEAREST, BORDER_WRAP, UPSIDE_DOWN)
[ PERFSTAT ]    (samples=25   mean=0.03   median=0.03   min=0.03   stddev=0.00 (2.9%))
[       OK ] Sz_Depth_Cn_Inter_Border_Mode_Remap.Remap/857 (20 ms)
[ RUN      ] Sz_Depth_Cn_Inter_Border_Mode_Remap.Remap/858, where GetParam() = (1280x1024, CV_16U, BGRA, INTER_NEAREST, BORDER_WRAP, REFLECTION_X)
[ PERFSTAT ]    (samples=25   mean=0.04   median=0.04   min=0.03   stddev=0.00 (1.4%))
[       OK ] Sz_Depth_Cn_Inter_Border_Mode_Remap.Remap/858 (20 ms)
[ RUN      ] Sz_Depth_Cn_Inter_Border_Mode_Remap.Remap/859, where GetParam() = (1280x1024, CV_16U, BGRA, INTER_NEAREST, BORDER_WRAP, REFLECTION_BOTH)
[ PERFSTAT ]    (samples=25   mean=0.04   median=0.04   min=0.03   stddev=0.00 (1.3%))
[       OK ] Sz_Depth_Cn_Inter_Border_Mode_Remap.Remap/859 (20 ms)
[ RUN      ] Sz_Depth_Cn_Inter_Border_Mode_Remap.Remap/860, where GetParam() = (1280x1024, CV_16U, BGRA, INTER_LINEAR, BORDER_REFLECT101, HALF_SIZE)
[ PERFSTAT ]    (samples=13   mean=0.05   median=0.05   min=0.05   stddev=0.00 (2.0%))
[       OK ] Sz_Depth_Cn_Inter_Border_Mode_Remap.Remap/860 (22 ms)
[ RUN      ] Sz_Depth_Cn_Inter_Border_Mode_Remap.Remap/861, where GetParam() = (1280x1024, CV_16U, BGRA, INTER_LINEAR, BORDER_REFLECT101, UPSIDE_DOWN)
[ PERFSTAT ]    (samples=13   mean=0.05   median=0.05   min=0.05   stddev=0.00 (2.2%))
[       OK ] Sz_Depth_Cn_Inter_Border_Mode_Remap.Remap/861 (20 ms)
[ RUN      ] Sz_Depth_Cn_Inter_Border_Mode_Remap.Remap/862, where GetParam() = (1280x1024, CV_16U, BGRA, INTER_LINEAR, BORDER_REFLECT101, REFLECTION_X)
[ PERFSTAT ]    (samples=25   mean=0.05   median=0.05   min=0.05   stddev=0.00 (1.3%))
[       OK ] Sz_Depth_Cn_Inter_Border_Mode_Remap.Remap/862 (20 ms)
[ RUN      ] Sz_Depth_Cn_Inter_Border_Mode_Remap.Remap/863, where GetParam() = (1280x1024, CV_16U, BGRA, INTER_LINEAR, BORDER_REFLECT101, REFLECTION_BOTH)
[ PERFSTAT ]    (samples=25   mean=0.05   median=0.05   min=0.05   stddev=0.00 (2.2%))
[       OK ] Sz_Depth_Cn_Inter_Border_Mode_Remap.Remap/863 (20 ms)
[ RUN      ] Sz_Depth_Cn_Inter_Border_Mode_Remap.Remap/864, where GetParam() = (1280x1024, CV_16U, BGRA, INTER_LINEAR, BORDER_REPLICATE, HALF_SIZE)
[ PERFSTAT ]    (samples=25   mean=0.04   median=0.04   min=0.04   stddev=0.00 (1.8%))
[       OK ] Sz_Depth_Cn_Inter_Border_Mode_Remap.Remap/864 (23 ms)
[ RUN      ] Sz_Depth_Cn_Inter_Border_Mode_Remap.Remap/865, where GetParam() = (1280x1024, CV_16U, BGRA, INTER_LINEAR, BORDER_REPLICATE, UPSIDE_DOWN)
[ PERFSTAT ]    (samples=16   mean=0.04   median=0.04   min=0.04   stddev=0.00 (2.9%))
[       OK ] Sz_Depth_Cn_Inter_Border_Mode_Remap.Remap/865 (20 ms)
[ RUN      ] Sz_Depth_Cn_Inter_Border_Mode_Remap.Remap/866, where GetParam() = (1280x1024, CV_16U, BGRA, INTER_LINEAR, BORDER_REPLICATE, REFLECTION_X)
[ PERFSTAT ]    (samples=15   mean=0.04   median=0.04   min=0.04   stddev=0.00 (2.9%))
[       OK ] Sz_Depth_Cn_Inter_Border_Mode_Remap.Remap/866 (19 ms)
[ RUN      ] Sz_Depth_Cn_Inter_Border_Mode_Remap.Remap/867, where GetParam() = (1280x1024, CV_16U, BGRA, INTER_LINEAR, BORDER_REPLICATE, REFLECTION_BOTH)
[ PERFSTAT ]    (samples=31   mean=0.04   median=0.04   min=0.04   stddev=0.00 (3.0%))
[       OK ] Sz_Depth_Cn_Inter_Border_Mode_Remap.Remap/867 (21 ms)
[ RUN      ] Sz_Depth_Cn_Inter_Border_Mode_Remap.Remap/868, where GetParam() = (1280x1024, CV_16U, BGRA, INTER_LINEAR, BORDER_CONSTANT, HALF_SIZE)
[ PERFSTAT ]    (samples=14   mean=0.04   median=0.04   min=0.04   stddev=0.00 (3.0%))
[       OK ] Sz_Depth_Cn_Inter_Border_Mode_Remap.Remap/868 (22 ms)
[ RUN      ] Sz_Depth_Cn_Inter_Border_Mode_Remap.Remap/869, where GetParam() = (1280x1024, CV_16U, BGRA, INTER_LINEAR, BORDER_CONSTANT, UPSIDE_DOWN)
[ PERFSTAT ]    (samples=13   mean=0.04   median=0.04   min=0.04   stddev=0.00 (2.6%))
[       OK ] Sz_Depth_Cn_Inter_Border_Mode_Remap.Remap/869 (19 ms)
[ RUN      ] Sz_Depth_Cn_Inter_Border_Mode_Remap.Remap/870, where GetParam() = (1280x1024, CV_16U, BGRA, INTER_LINEAR, BORDER_CONSTANT, REFLECTION_X)
[ PERFSTAT ]    (samples=13   mean=0.04   median=0.04   min=0.04   stddev=0.00 (2.6%))
[       OK ] Sz_Depth_Cn_Inter_Border_Mode_Remap.Remap/870 (21 ms)
[ RUN      ] Sz_Depth_Cn_Inter_Border_Mode_Remap.Remap/871, where GetParam() = (1280x1024, CV_16U, BGRA, INTER_LINEAR, BORDER_CONSTANT, REFLECTION_BOTH)
[ PERFSTAT ]    (samples=13   mean=0.04   median=0.04   min=0.04   stddev=0.00 (2.6%))
[       OK ] Sz_Depth_Cn_Inter_Border_Mode_Remap.Remap/871 (20 ms)
[ RUN      ] Sz_Depth_Cn_Inter_Border_Mode_Remap.Remap/872, where GetParam() = (1280x1024, CV_16U, BGRA, INTER_LINEAR, BORDER_REFLECT, HALF_SIZE)
[ PERFSTAT ]    (samples=13   mean=0.05   median=0.05   min=0.05   stddev=0.00 (2.1%))
[       OK ] Sz_Depth_Cn_Inter_Border_Mode_Remap.Remap/872 (22 ms)
[ RUN      ] Sz_Depth_Cn_Inter_Border_Mode_Remap.Remap/873, where GetParam() = (1280x1024, CV_16U, BGRA, INTER_LINEAR, BORDER_REFLECT, UPSIDE_DOWN)
[ PERFSTAT ]    (samples=13   mean=0.05   median=0.05   min=0.05   stddev=0.00 (2.2%))
[       OK ] Sz_Depth_Cn_Inter_Border_Mode_Remap.Remap/873 (19 ms)
[ RUN      ] Sz_Depth_Cn_Inter_Border_Mode_Remap.Remap/874, where GetParam() = (1280x1024, CV_16U, BGRA, INTER_LINEAR, BORDER_REFLECT, REFLECTION_X)
[ PERFSTAT ]    (samples=13   mean=0.05   median=0.05   min=0.05   stddev=0.00 (1.5%))
[       OK ] Sz_Depth_Cn_Inter_Border_Mode_Remap.Remap/874 (20 ms)
[ RUN      ] Sz_Depth_Cn_Inter_Border_Mode_Remap.Remap/875, where GetParam() = (1280x1024, CV_16U, BGRA, INTER_LINEAR, BORDER_REFLECT, REFLECTION_BOTH)
[ PERFSTAT ]    (samples=25   mean=0.05   median=0.05   min=0.05   stddev=0.00 (1.1%))
[       OK ] Sz_Depth_Cn_Inter_Border_Mode_Remap.Remap/875 (20 ms)
[ RUN      ] Sz_Depth_Cn_Inter_Border_Mode_Remap.Remap/876, where GetParam() = (1280x1024, CV_16U, BGRA, INTER_LINEAR, BORDER_WRAP, HALF_SIZE)
[ PERFSTAT ]    (samples=15   mean=0.05   median=0.05   min=0.04   stddev=0.00 (3.0%))
[       OK ] Sz_Depth_Cn_Inter_Border_Mode_Remap.Remap/876 (23 ms)
[ RUN      ] Sz_Depth_Cn_Inter_Border_Mode_Remap.Remap/877, where GetParam() = (1280x1024, CV_16U, BGRA, INTER_LINEAR, BORDER_WRAP, UPSIDE_DOWN)
[ PERFSTAT ]    (samples=13   mean=0.05   median=0.05   min=0.05   stddev=0.00 (2.0%))
[       OK ] Sz_Depth_Cn_Inter_Border_Mode_Remap.Remap/877 (20 ms)
[ RUN      ] Sz_Depth_Cn_Inter_Border_Mode_Remap.Remap/878, where GetParam() = (1280x1024, CV_16U, BGRA, INTER_LINEAR, BORDER_WRAP, REFLECTION_X)
[ PERFSTAT ]    (samples=25   mean=0.05   median=0.05   min=0.04   stddev=0.00 (1.7%))
[       OK ] Sz_Depth_Cn_Inter_Border_Mode_Remap.Remap/878 (20 ms)
[ RUN      ] Sz_Depth_Cn_Inter_Border_Mode_Remap.Remap/879, where GetParam() = (1280x1024, CV_16U, BGRA, INTER_LINEAR, BORDER_WRAP, REFLECTION_BOTH)
[ PERFSTAT ]    (samples=13   mean=0.05   median=0.05   min=0.05   stddev=0.00 (1.8%))
[       OK ] Sz_Depth_Cn_Inter_Border_Mode_Remap.Remap/879 (20 ms)
[ RUN      ] Sz_Depth_Cn_Inter_Border_Mode_Remap.Remap/880, where GetParam() = (1280x1024, CV_16U, BGRA, INTER_CUBIC, BORDER_REFLECT101, HALF_SIZE)
[ PERFSTAT ]    (samples=13   mean=0.24   median=0.24   min=0.24   stddev=0.00 (0.5%))
[       OK ] Sz_Depth_Cn_Inter_Border_Mode_Remap.Remap/880 (24 ms)
[ RUN      ] Sz_Depth_Cn_Inter_Border_Mode_Remap.Remap/881, where GetParam() = (1280x1024, CV_16U, BGRA, INTER_CUBIC, BORDER_REFLECT101, UPSIDE_DOWN)
[ PERFSTAT ]    (samples=13   mean=0.26   median=0.26   min=0.26   stddev=0.00 (0.5%))
[       OK ] Sz_Depth_Cn_Inter_Border_Mode_Remap.Remap/881 (22 ms)
[ RUN      ] Sz_Depth_Cn_Inter_Border_Mode_Remap.Remap/882, where GetParam() = (1280x1024, CV_16U, BGRA, INTER_CUBIC, BORDER_REFLECT101, REFLECTION_X)
[ PERFSTAT ]    (samples=13   mean=0.26   median=0.26   min=0.26   stddev=0.00 (0.6%))
[       OK ] Sz_Depth_Cn_Inter_Border_Mode_Remap.Remap/882 (23 ms)
[ RUN      ] Sz_Depth_Cn_Inter_Border_Mode_Remap.Remap/883, where GetParam() = (1280x1024, CV_16U, BGRA, INTER_CUBIC, BORDER_REFLECT101, REFLECTION_BOTH)
[ PERFSTAT ]    (samples=13   mean=0.26   median=0.26   min=0.26   stddev=0.00 (0.5%))
[       OK ] Sz_Depth_Cn_Inter_Border_Mode_Remap.Remap/883 (23 ms)
[ RUN      ] Sz_Depth_Cn_Inter_Border_Mode_Remap.Remap/884, where GetParam() = (1280x1024, CV_16U, BGRA, INTER_CUBIC, BORDER_REPLICATE, HALF_SIZE)
[ PERFSTAT ]    (samples=13   mean=0.15   median=0.15   min=0.15   stddev=0.00 (0.8%))
[       OK ] Sz_Depth_Cn_Inter_Border_Mode_Remap.Remap/884 (23 ms)
[ RUN      ] Sz_Depth_Cn_Inter_Border_Mode_Remap.Remap/885, where GetParam() = (1280x1024, CV_16U, BGRA, INTER_CUBIC, BORDER_REPLICATE, UPSIDE_DOWN)
[ PERFSTAT ]    (samples=13   mean=0.16   median=0.16   min=0.16   stddev=0.00 (0.9%))
[       OK ] Sz_Depth_Cn_Inter_Border_Mode_Remap.Remap/885 (21 ms)
[ RUN      ] Sz_Depth_Cn_Inter_Border_Mode_Remap.Remap/886, where GetParam() = (1280x1024, CV_16U, BGRA, INTER_CUBIC, BORDER_REPLICATE, REFLECTION_X)
[ PERFSTAT ]    (samples=13   mean=0.16   median=0.16   min=0.16   stddev=0.00 (1.0%))
[       OK ] Sz_Depth_Cn_Inter_Border_Mode_Remap.Remap/886 (22 ms)
[ RUN      ] Sz_Depth_Cn_Inter_Border_Mode_Remap.Remap/887, where GetParam() = (1280x1024, CV_16U, BGRA, INTER_CUBIC, BORDER_REPLICATE, REFLECTION_BOTH)
[ PERFSTAT ]    (samples=13   mean=0.16   median=0.16   min=0.16   stddev=0.00 (0.9%))
[       OK ] Sz_Depth_Cn_Inter_Border_Mode_Remap.Remap/887 (21 ms)
[ RUN      ] Sz_Depth_Cn_Inter_Border_Mode_Remap.Remap/888, where GetParam() = (1280x1024, CV_16U, BGRA, INTER_CUBIC, BORDER_CONSTANT, HALF_SIZE)
[ PERFSTAT ]    (samples=13   mean=0.16   median=0.16   min=0.15   stddev=0.00 (1.0%))
[       OK ] Sz_Depth_Cn_Inter_Border_Mode_Remap.Remap/888 (23 ms)
[ RUN      ] Sz_Depth_Cn_Inter_Border_Mode_Remap.Remap/889, where GetParam() = (1280x1024, CV_16U, BGRA, INTER_CUBIC, BORDER_CONSTANT, UPSIDE_DOWN)
[ PERFSTAT ]    (samples=13   mean=0.17   median=0.17   min=0.17   stddev=0.00 (0.9%))
[       OK ] Sz_Depth_Cn_Inter_Border_Mode_Remap.Remap/889 (22 ms)
[ RUN      ] Sz_Depth_Cn_Inter_Border_Mode_Remap.Remap/890, where GetParam() = (1280x1024, CV_16U, BGRA, INTER_CUBIC, BORDER_CONSTANT, REFLECTION_X)
[ PERFSTAT ]    (samples=13   mean=0.17   median=0.17   min=0.17   stddev=0.00 (0.8%))
[       OK ] Sz_Depth_Cn_Inter_Border_Mode_Remap.Remap/890 (21 ms)
[ RUN      ] Sz_Depth_Cn_Inter_Border_Mode_Remap.Remap/891, where GetParam() = (1280x1024, CV_16U, BGRA, INTER_CUBIC, BORDER_CONSTANT, REFLECTION_BOTH)
[ PERFSTAT ]    (samples=13   mean=0.17   median=0.17   min=0.17   stddev=0.00 (1.1%))
[       OK ] Sz_Depth_Cn_Inter_Border_Mode_Remap.Remap/891 (22 ms)
[ RUN      ] Sz_Depth_Cn_Inter_Border_Mode_Remap.Remap/892, where GetParam() = (1280x1024, CV_16U, BGRA, INTER_CUBIC, BORDER_REFLECT, HALF_SIZE)
[ PERFSTAT ]    (samples=13   mean=0.26   median=0.26   min=0.25   stddev=0.00 (0.4%))
[       OK ] Sz_Depth_Cn_Inter_Border_Mode_Remap.Remap/892 (24 ms)
[ RUN      ] Sz_Depth_Cn_Inter_Border_Mode_Remap.Remap/893, where GetParam() = (1280x1024, CV_16U, BGRA, INTER_CUBIC, BORDER_REFLECT, UPSIDE_DOWN)
[ PERFSTAT ]    (samples=13   mean=0.28   median=0.28   min=0.28   stddev=0.00 (0.4%))
[       OK ] Sz_Depth_Cn_Inter_Border_Mode_Remap.Remap/893 (23 ms)
[ RUN      ] Sz_Depth_Cn_Inter_Border_Mode_Remap.Remap/894, where GetParam() = (1280x1024, CV_16U, BGRA, INTER_CUBIC, BORDER_REFLECT, REFLECTION_X)
[ PERFSTAT ]    (samples=13   mean=0.28   median=0.28   min=0.28   stddev=0.00 (0.3%))
[       OK ] Sz_Depth_Cn_Inter_Border_Mode_Remap.Remap/894 (23 ms)
[ RUN      ] Sz_Depth_Cn_Inter_Border_Mode_Remap.Remap/895, where GetParam() = (1280x1024, CV_16U, BGRA, INTER_CUBIC, BORDER_REFLECT, REFLECTION_BOTH)
[ PERFSTAT ]    (samples=13   mean=0.28   median=0.28   min=0.28   stddev=0.00 (0.4%))
[       OK ] Sz_Depth_Cn_Inter_Border_Mode_Remap.Remap/895 (22 ms)
[ RUN      ] Sz_Depth_Cn_Inter_Border_Mode_Remap.Remap/896, where GetParam() = (1280x1024, CV_16U, BGRA, INTER_CUBIC, BORDER_WRAP, HALF_SIZE)
[ PERFSTAT ]    (samples=13   mean=0.24   median=0.24   min=0.24   stddev=0.00 (0.6%))
[       OK ] Sz_Depth_Cn_Inter_Border_Mode_Remap.Remap/896 (24 ms)
[ RUN      ] Sz_Depth_Cn_Inter_Border_Mode_Remap.Remap/897, where GetParam() = (1280x1024, CV_16U, BGRA, INTER_CUBIC, BORDER_WRAP, UPSIDE_DOWN)
[ PERFSTAT ]    (samples=13   mean=0.22   median=0.22   min=0.22   stddev=0.00 (0.5%))
[       OK ] Sz_Depth_Cn_Inter_Border_Mode_Remap.Remap/897 (22 ms)
[ RUN      ] Sz_Depth_Cn_Inter_Border_Mode_Remap.Remap/898, where GetParam() = (1280x1024, CV_16U, BGRA, INTER_CUBIC, BORDER_WRAP, REFLECTION_X)
[ PERFSTAT ]    (samples=13   mean=0.23   median=0.23   min=0.22   stddev=0.00 (0.4%))
[       OK ] Sz_Depth_Cn_Inter_Border_Mode_Remap.Remap/898 (23 ms)
[ RUN      ] Sz_Depth_Cn_Inter_Border_Mode_Remap.Remap/899, where GetParam() = (1280x1024, CV_16U, BGRA, INTER_CUBIC, BORDER_WRAP, REFLECTION_BOTH)
[ PERFSTAT ]    (samples=13   mean=0.22   median=0.22   min=0.22   stddev=0.00 (0.6%))
[       OK ] Sz_Depth_Cn_Inter_Border_Mode_Remap.Remap/899 (22 ms)
[ RUN      ] Sz_Depth_Cn_Inter_Border_Mode_Remap.Remap/900, where GetParam() = (1280x1024, CV_32F, Gray, INTER_NEAREST, BORDER_REFLECT101, HALF_SIZE)
[ PERFSTAT ]    (samples=25   mean=0.03   median=0.03   min=0.03   stddev=0.00 (2.4%))
[       OK ] Sz_Depth_Cn_Inter_Border_Mode_Remap.Remap/900 (13 ms)
[ RUN      ] Sz_Depth_Cn_Inter_Border_Mode_Remap.Remap/901, where GetParam() = (1280x1024, CV_32F, Gray, INTER_NEAREST, BORDER_REFLECT101, UPSIDE_DOWN)
[ PERFSTAT ]    (samples=25   mean=0.03   median=0.03   min=0.03   stddev=0.00 (2.4%))
[       OK ] Sz_Depth_Cn_Inter_Border_Mode_Remap.Remap/901 (9 ms)
[ RUN      ] Sz_Depth_Cn_Inter_Border_Mode_Remap.Remap/902, where GetParam() = (1280x1024, CV_32F, Gray, INTER_NEAREST, BORDER_REFLECT101, REFLECTION_X)
[ PERFSTAT ]    (samples=15   mean=0.03   median=0.03   min=0.03   stddev=0.00 (3.0%))
[       OK ] Sz_Depth_Cn_Inter_Border_Mode_Remap.Remap/902 (9 ms)
[ RUN      ] Sz_Depth_Cn_Inter_Border_Mode_Remap.Remap/903, where GetParam() = (1280x1024, CV_32F, Gray, INTER_NEAREST, BORDER_REFLECT101, REFLECTION_BOTH)
[ PERFSTAT ]    (samples=25   mean=0.03   median=0.03   min=0.03   stddev=0.00 (1.6%))
[       OK ] Sz_Depth_Cn_Inter_Border_Mode_Remap.Remap/903 (8 ms)
[ RUN      ] Sz_Depth_Cn_Inter_Border_Mode_Remap.Remap/904, where GetParam() = (1280x1024, CV_32F, Gray, INTER_NEAREST, BORDER_REPLICATE, HALF_SIZE)
[ PERFSTAT ]    (samples=25   mean=0.02   median=0.02   min=0.02   stddev=0.00 (1.8%))
[       OK ] Sz_Depth_Cn_Inter_Border_Mode_Remap.Remap/904 (11 ms)
[ RUN      ] Sz_Depth_Cn_Inter_Border_Mode_Remap.Remap/905, where GetParam() = (1280x1024, CV_32F, Gray, INTER_NEAREST, BORDER_REPLICATE, UPSIDE_DOWN)
[ PERFSTAT ]    (samples=25   mean=0.02   median=0.02   min=0.02   stddev=0.00 (1.4%))
[       OK ] Sz_Depth_Cn_Inter_Border_Mode_Remap.Remap/905 (8 ms)
[ RUN      ] Sz_Depth_Cn_Inter_Border_Mode_Remap.Remap/906, where GetParam() = (1280x1024, CV_32F, Gray, INTER_NEAREST, BORDER_REPLICATE, REFLECTION_X)
[ PERFSTAT ]    (samples=25   mean=0.02   median=0.02   min=0.02   stddev=0.00 (1.7%))
[       OK ] Sz_Depth_Cn_Inter_Border_Mode_Remap.Remap/906 (9 ms)
[ RUN      ] Sz_Depth_Cn_Inter_Border_Mode_Remap.Remap/907, where GetParam() = (1280x1024, CV_32F, Gray, INTER_NEAREST, BORDER_REPLICATE, REFLECTION_BOTH)
[ PERFSTAT ]    (samples=38   mean=0.02   median=0.02   min=0.02   stddev=0.00 (2.3%))
[       OK ] Sz_Depth_Cn_Inter_Border_Mode_Remap.Remap/907 (9 ms)
[ RUN      ] Sz_Depth_Cn_Inter_Border_Mode_Remap.Remap/908, where GetParam() = (1280x1024, CV_32F, Gray, INTER_NEAREST, BORDER_CONSTANT, HALF_SIZE)
[ PERFSTAT ]    (samples=25   mean=0.02   median=0.02   min=0.02   stddev=0.00 (1.7%))
[       OK ] Sz_Depth_Cn_Inter_Border_Mode_Remap.Remap/908 (10 ms)
[ RUN      ] Sz_Depth_Cn_Inter_Border_Mode_Remap.Remap/909, where GetParam() = (1280x1024, CV_32F, Gray, INTER_NEAREST, BORDER_CONSTANT, UPSIDE_DOWN)
[ PERFSTAT ]    (samples=38   mean=0.02   median=0.02   min=0.02   stddev=0.00 (1.7%))
[       OK ] Sz_Depth_Cn_Inter_Border_Mode_Remap.Remap/909 (9 ms)
[ RUN      ] Sz_Depth_Cn_Inter_Border_Mode_Remap.Remap/910, where GetParam() = (1280x1024, CV_32F, Gray, INTER_NEAREST, BORDER_CONSTANT, REFLECTION_X)
[ PERFSTAT ]    (samples=25   mean=0.02   median=0.02   min=0.02   stddev=0.00 (1.7%))
[       OK ] Sz_Depth_Cn_Inter_Border_Mode_Remap.Remap/910 (9 ms)
[ RUN      ] Sz_Depth_Cn_Inter_Border_Mode_Remap.Remap/911, where GetParam() = (1280x1024, CV_32F, Gray, INTER_NEAREST, BORDER_CONSTANT, REFLECTION_BOTH)
[ PERFSTAT ]    (samples=38   mean=0.02   median=0.02   min=0.02   stddev=0.00 (2.0%))
[       OK ] Sz_Depth_Cn_Inter_Border_Mode_Remap.Remap/911 (9 ms)
[ RUN      ] Sz_Depth_Cn_Inter_Border_Mode_Remap.Remap/912, where GetParam() = (1280x1024, CV_32F, Gray, INTER_NEAREST, BORDER_REFLECT, HALF_SIZE)
[ PERFSTAT ]    (samples=13   mean=0.03   median=0.03   min=0.03   stddev=0.00 (2.6%))
[       OK ] Sz_Depth_Cn_Inter_Border_Mode_Remap.Remap/912 (10 ms)
[ RUN      ] Sz_Depth_Cn_Inter_Border_Mode_Remap.Remap/913, where GetParam() = (1280x1024, CV_32F, Gray, INTER_NEAREST, BORDER_REFLECT, UPSIDE_DOWN)
[ PERFSTAT ]    (samples=38   mean=0.03   median=0.03   min=0.03   stddev=0.00 (2.2%))
[       OK ] Sz_Depth_Cn_Inter_Border_Mode_Remap.Remap/913 (10 ms)
[ RUN      ] Sz_Depth_Cn_Inter_Border_Mode_Remap.Remap/914, where GetParam() = (1280x1024, CV_32F, Gray, INTER_NEAREST, BORDER_REFLECT, REFLECTION_X)
[ PERFSTAT ]    (samples=24   mean=0.03   median=0.03   min=0.03   stddev=0.00 (3.0%))
[       OK ] Sz_Depth_Cn_Inter_Border_Mode_Remap.Remap/914 (11 ms)
[ RUN      ] Sz_Depth_Cn_Inter_Border_Mode_Remap.Remap/915, where GetParam() = (1280x1024, CV_32F, Gray, INTER_NEAREST, BORDER_REFLECT, REFLECTION_BOTH)
[ PERFSTAT ]    (samples=13   mean=0.03   median=0.03   min=0.03   stddev=0.00 (2.8%))
[       OK ] Sz_Depth_Cn_Inter_Border_Mode_Remap.Remap/915 (8 ms)
[ RUN      ] Sz_Depth_Cn_Inter_Border_Mode_Remap.Remap/916, where GetParam() = (1280x1024, CV_32F, Gray, INTER_NEAREST, BORDER_WRAP, HALF_SIZE)
[ PERFSTAT ]    (samples=20   mean=0.02   median=0.02   min=0.02   stddev=0.00 (3.0%))
[       OK ] Sz_Depth_Cn_Inter_Border_Mode_Remap.Remap/916 (10 ms)
[ RUN      ] Sz_Depth_Cn_Inter_Border_Mode_Remap.Remap/917, where GetParam() = (1280x1024, CV_32F, Gray, INTER_NEAREST, BORDER_WRAP, UPSIDE_DOWN)
[ PERFSTAT ]    (samples=25   mean=0.02   median=0.02   min=0.02   stddev=0.00 (1.5%))
[       OK ] Sz_Depth_Cn_Inter_Border_Mode_Remap.Remap/917 (9 ms)
[ RUN      ] Sz_Depth_Cn_Inter_Border_Mode_Remap.Remap/918, where GetParam() = (1280x1024, CV_32F, Gray, INTER_NEAREST, BORDER_WRAP, REFLECTION_X)
[ PERFSTAT ]    (samples=30   mean=0.02   median=0.02   min=0.02   stddev=0.00 (3.0%))
[       OK ] Sz_Depth_Cn_Inter_Border_Mode_Remap.Remap/918 (9 ms)
[ RUN      ] Sz_Depth_Cn_Inter_Border_Mode_Remap.Remap/919, where GetParam() = (1280x1024, CV_32F, Gray, INTER_NEAREST, BORDER_WRAP, REFLECTION_BOTH)
[ PERFSTAT ]    (samples=38   mean=0.02   median=0.02   min=0.02   stddev=0.00 (2.4%))
[       OK ] Sz_Depth_Cn_Inter_Border_Mode_Remap.Remap/919 (9 ms)
[ RUN      ] Sz_Depth_Cn_Inter_Border_Mode_Remap.Remap/920, where GetParam() = (1280x1024, CV_32F, Gray, INTER_LINEAR, BORDER_REFLECT101, HALF_SIZE)
[ PERFSTAT ]    (samples=13   mean=0.04   median=0.04   min=0.03   stddev=0.00 (1.9%))
[       OK ] Sz_Depth_Cn_Inter_Border_Mode_Remap.Remap/920 (10 ms)
[ RUN      ] Sz_Depth_Cn_Inter_Border_Mode_Remap.Remap/921, where GetParam() = (1280x1024, CV_32F, Gray, INTER_LINEAR, BORDER_REFLECT101, UPSIDE_DOWN)
[ PERFSTAT ]    (samples=25   mean=0.04   median=0.04   min=0.04   stddev=0.00 (2.2%))
[       OK ] Sz_Depth_Cn_Inter_Border_Mode_Remap.Remap/921 (9 ms)
[ RUN      ] Sz_Depth_Cn_Inter_Border_Mode_Remap.Remap/922, where GetParam() = (1280x1024, CV_32F, Gray, INTER_LINEAR, BORDER_REFLECT101, REFLECTION_X)
[ PERFSTAT ]    (samples=13   mean=0.04   median=0.04   min=0.04   stddev=0.00 (2.2%))
[       OK ] Sz_Depth_Cn_Inter_Border_Mode_Remap.Remap/922 (9 ms)
[ RUN      ] Sz_Depth_Cn_Inter_Border_Mode_Remap.Remap/923, where GetParam() = (1280x1024, CV_32F, Gray, INTER_LINEAR, BORDER_REFLECT101, REFLECTION_BOTH)
[ PERFSTAT ]    (samples=25   mean=0.04   median=0.04   min=0.04   stddev=0.00 (1.9%))
[       OK ] Sz_Depth_Cn_Inter_Border_Mode_Remap.Remap/923 (8 ms)
[ RUN      ] Sz_Depth_Cn_Inter_Border_Mode_Remap.Remap/924, where GetParam() = (1280x1024, CV_32F, Gray, INTER_LINEAR, BORDER_REPLICATE, HALF_SIZE)
[ PERFSTAT ]    (samples=15   mean=0.03   median=0.03   min=0.03   stddev=0.00 (2.9%))
[       OK ] Sz_Depth_Cn_Inter_Border_Mode_Remap.Remap/924 (11 ms)
[ RUN      ] Sz_Depth_Cn_Inter_Border_Mode_Remap.Remap/925, where GetParam() = (1280x1024, CV_32F, Gray, INTER_LINEAR, BORDER_REPLICATE, UPSIDE_DOWN)
[ PERFSTAT ]    (samples=13   mean=0.03   median=0.03   min=0.03   stddev=0.00 (2.7%))
[       OK ] Sz_Depth_Cn_Inter_Border_Mode_Remap.Remap/925 (8 ms)
[ RUN      ] Sz_Depth_Cn_Inter_Border_Mode_Remap.Remap/926, where GetParam() = (1280x1024, CV_32F, Gray, INTER_LINEAR, BORDER_REPLICATE, REFLECTION_X)
[ PERFSTAT ]    (samples=38   mean=0.03   median=0.03   min=0.03   stddev=0.00 (1.9%))
[       OK ] Sz_Depth_Cn_Inter_Border_Mode_Remap.Remap/926 (9 ms)
[ RUN      ] Sz_Depth_Cn_Inter_Border_Mode_Remap.Remap/927, where GetParam() = (1280x1024, CV_32F, Gray, INTER_LINEAR, BORDER_REPLICATE, REFLECTION_BOTH)
[ PERFSTAT ]    (samples=13   mean=0.03   median=0.03   min=0.03   stddev=0.00 (2.4%))
[       OK ] Sz_Depth_Cn_Inter_Border_Mode_Remap.Remap/927 (9 ms)
[ RUN      ] Sz_Depth_Cn_Inter_Border_Mode_Remap.Remap/928, where GetParam() = (1280x1024, CV_32F, Gray, INTER_LINEAR, BORDER_CONSTANT, HALF_SIZE)
[ PERFSTAT ]    (samples=16   mean=0.03   median=0.03   min=0.03   stddev=0.00 (3.0%))
[       OK ] Sz_Depth_Cn_Inter_Border_Mode_Remap.Remap/928 (10 ms)
[ RUN      ] Sz_Depth_Cn_Inter_Border_Mode_Remap.Remap/929, where GetParam() = (1280x1024, CV_32F, Gray, INTER_LINEAR, BORDER_CONSTANT, UPSIDE_DOWN)
[ PERFSTAT ]    (samples=25   mean=0.03   median=0.03   min=0.03   stddev=0.00 (2.3%))
[       OK ] Sz_Depth_Cn_Inter_Border_Mode_Remap.Remap/929 (9 ms)
[ RUN      ] Sz_Depth_Cn_Inter_Border_Mode_Remap.Remap/930, where GetParam() = (1280x1024, CV_32F, Gray, INTER_LINEAR, BORDER_CONSTANT, REFLECTION_X)
[ PERFSTAT ]    (samples=25   mean=0.03   median=0.03   min=0.03   stddev=0.00 (2.2%))
[       OK ] Sz_Depth_Cn_Inter_Border_Mode_Remap.Remap/930 (9 ms)
[ RUN      ] Sz_Depth_Cn_Inter_Border_Mode_Remap.Remap/931, where GetParam() = (1280x1024, CV_32F, Gray, INTER_LINEAR, BORDER_CONSTANT, REFLECTION_BOTH)
[ PERFSTAT ]    (samples=38   mean=0.03   median=0.03   min=0.03   stddev=0.00 (2.7%))
[       OK ] Sz_Depth_Cn_Inter_Border_Mode_Remap.Remap/931 (9 ms)
[ RUN      ] Sz_Depth_Cn_Inter_Border_Mode_Remap.Remap/932, where GetParam() = (1280x1024, CV_32F, Gray, INTER_LINEAR, BORDER_REFLECT, HALF_SIZE)
[ PERFSTAT ]    (samples=13   mean=0.03   median=0.03   min=0.03   stddev=0.00 (2.9%))
[       OK ] Sz_Depth_Cn_Inter_Border_Mode_Remap.Remap/932 (10 ms)
[ RUN      ] Sz_Depth_Cn_Inter_Border_Mode_Remap.Remap/933, where GetParam() = (1280x1024, CV_32F, Gray, INTER_LINEAR, BORDER_REFLECT, UPSIDE_DOWN)
[ PERFSTAT ]    (samples=25   mean=0.04   median=0.04   min=0.03   stddev=0.00 (1.7%))
[       OK ] Sz_Depth_Cn_Inter_Border_Mode_Remap.Remap/933 (9 ms)
[ RUN      ] Sz_Depth_Cn_Inter_Border_Mode_Remap.Remap/934, where GetParam() = (1280x1024, CV_32F, Gray, INTER_LINEAR, BORDER_REFLECT, REFLECTION_X)
[ PERFSTAT ]    (samples=36   mean=0.04   median=0.03   min=0.03   stddev=0.00 (3.0%))
[       OK ] Sz_Depth_Cn_Inter_Border_Mode_Remap.Remap/934 (10 ms)
[ RUN      ] Sz_Depth_Cn_Inter_Border_Mode_Remap.Remap/935, where GetParam() = (1280x1024, CV_32F, Gray, INTER_LINEAR, BORDER_REFLECT, REFLECTION_BOTH)
[ PERFSTAT ]    (samples=13   mean=0.03   median=0.03   min=0.03   stddev=0.00 (2.5%))
[       OK ] Sz_Depth_Cn_Inter_Border_Mode_Remap.Remap/935 (8 ms)
[ RUN      ] Sz_Depth_Cn_Inter_Border_Mode_Remap.Remap/936, where GetParam() = (1280x1024, CV_32F, Gray, INTER_LINEAR, BORDER_WRAP, HALF_SIZE)
[ PERFSTAT ]    (samples=13   mean=0.03   median=0.03   min=0.03   stddev=0.00 (2.9%))
[       OK ] Sz_Depth_Cn_Inter_Border_Mode_Remap.Remap/936 (10 ms)
[ RUN      ] Sz_Depth_Cn_Inter_Border_Mode_Remap.Remap/937, where GetParam() = (1280x1024, CV_32F, Gray, INTER_LINEAR, BORDER_WRAP, UPSIDE_DOWN)
[ PERFSTAT ]    (samples=29   mean=0.03   median=0.03   min=0.03   stddev=0.00 (3.0%))
[       OK ] Sz_Depth_Cn_Inter_Border_Mode_Remap.Remap/937 (9 ms)
[ RUN      ] Sz_Depth_Cn_Inter_Border_Mode_Remap.Remap/938, where GetParam() = (1280x1024, CV_32F, Gray, INTER_LINEAR, BORDER_WRAP, REFLECTION_X)
[ PERFSTAT ]    (samples=13   mean=0.03   median=0.03   min=0.03   stddev=0.00 (2.4%))
[       OK ] Sz_Depth_Cn_Inter_Border_Mode_Remap.Remap/938 (9 ms)
[ RUN      ] Sz_Depth_Cn_Inter_Border_Mode_Remap.Remap/939, where GetParam() = (1280x1024, CV_32F, Gray, INTER_LINEAR, BORDER_WRAP, REFLECTION_BOTH)
[ PERFSTAT ]    (samples=38   mean=0.03   median=0.03   min=0.03   stddev=0.00 (2.0%))
[       OK ] Sz_Depth_Cn_Inter_Border_Mode_Remap.Remap/939 (9 ms)
[ RUN      ] Sz_Depth_Cn_Inter_Border_Mode_Remap.Remap/940, where GetParam() = (1280x1024, CV_32F, Gray, INTER_CUBIC, BORDER_REFLECT101, HALF_SIZE)
[ PERFSTAT ]    (samples=13   mean=0.17   median=0.17   min=0.17   stddev=0.00 (0.7%))
[       OK ] Sz_Depth_Cn_Inter_Border_Mode_Remap.Remap/940 (13 ms)
[ RUN      ] Sz_Depth_Cn_Inter_Border_Mode_Remap.Remap/941, where GetParam() = (1280x1024, CV_32F, Gray, INTER_CUBIC, BORDER_REFLECT101, UPSIDE_DOWN)
[ PERFSTAT ]    (samples=13   mean=0.18   median=0.18   min=0.18   stddev=0.00 (1.3%))
[       OK ] Sz_Depth_Cn_Inter_Border_Mode_Remap.Remap/941 (10 ms)
[ RUN      ] Sz_Depth_Cn_Inter_Border_Mode_Remap.Remap/942, where GetParam() = (1280x1024, CV_32F, Gray, INTER_CUBIC, BORDER_REFLECT101, REFLECTION_X)
[ PERFSTAT ]    (samples=13   mean=0.18   median=0.18   min=0.18   stddev=0.00 (0.7%))
[       OK ] Sz_Depth_Cn_Inter_Border_Mode_Remap.Remap/942 (11 ms)
[ RUN      ] Sz_Depth_Cn_Inter_Border_Mode_Remap.Remap/943, where GetParam() = (1280x1024, CV_32F, Gray, INTER_CUBIC, BORDER_REFLECT101, REFLECTION_BOTH)
[ PERFSTAT ]    (samples=13   mean=0.18   median=0.18   min=0.18   stddev=0.00 (0.5%))
[       OK ] Sz_Depth_Cn_Inter_Border_Mode_Remap.Remap/943 (10 ms)
[ RUN      ] Sz_Depth_Cn_Inter_Border_Mode_Remap.Remap/944, where GetParam() = (1280x1024, CV_32F, Gray, INTER_CUBIC, BORDER_REPLICATE, HALF_SIZE)
[ PERFSTAT ]    (samples=13   mean=0.09   median=0.09   min=0.09   stddev=0.00 (2.2%))
[       OK ] Sz_Depth_Cn_Inter_Border_Mode_Remap.Remap/944 (11 ms)
[ RUN      ] Sz_Depth_Cn_Inter_Border_Mode_Remap.Remap/945, where GetParam() = (1280x1024, CV_32F, Gray, INTER_CUBIC, BORDER_REPLICATE, UPSIDE_DOWN)
[ PERFSTAT ]    (samples=13   mean=0.10   median=0.10   min=0.10   stddev=0.00 (2.2%))
[       OK ] Sz_Depth_Cn_Inter_Border_Mode_Remap.Remap/945 (9 ms)
[ RUN      ] Sz_Depth_Cn_Inter_Border_Mode_Remap.Remap/946, where GetParam() = (1280x1024, CV_32F, Gray, INTER_CUBIC, BORDER_REPLICATE, REFLECTION_X)
[ PERFSTAT ]    (samples=13   mean=0.10   median=0.10   min=0.09   stddev=0.00 (2.5%))
[       OK ] Sz_Depth_Cn_Inter_Border_Mode_Remap.Remap/946 (10 ms)
[ RUN      ] Sz_Depth_Cn_Inter_Border_Mode_Remap.Remap/947, where GetParam() = (1280x1024, CV_32F, Gray, INTER_CUBIC, BORDER_REPLICATE, REFLECTION_BOTH)
[ PERFSTAT ]    (samples=13   mean=0.10   median=0.10   min=0.09   stddev=0.00 (1.6%))
[       OK ] Sz_Depth_Cn_Inter_Border_Mode_Remap.Remap/947 (9 ms)
[ RUN      ] Sz_Depth_Cn_Inter_Border_Mode_Remap.Remap/948, where GetParam() = (1280x1024, CV_32F, Gray, INTER_CUBIC, BORDER_CONSTANT, HALF_SIZE)
[ PERFSTAT ]    (samples=13   mean=0.10   median=0.09   min=0.09   stddev=0.00 (1.6%))
[       OK ] Sz_Depth_Cn_Inter_Border_Mode_Remap.Remap/948 (11 ms)
[ RUN      ] Sz_Depth_Cn_Inter_Border_Mode_Remap.Remap/949, where GetParam() = (1280x1024, CV_32F, Gray, INTER_CUBIC, BORDER_CONSTANT, UPSIDE_DOWN)
[ PERFSTAT ]    (samples=13   mean=0.10   median=0.10   min=0.10   stddev=0.00 (2.2%))
[       OK ] Sz_Depth_Cn_Inter_Border_Mode_Remap.Remap/949 (10 ms)
[ RUN      ] Sz_Depth_Cn_Inter_Border_Mode_Remap.Remap/950, where GetParam() = (1280x1024, CV_32F, Gray, INTER_CUBIC, BORDER_CONSTANT, REFLECTION_X)
[ PERFSTAT ]    (samples=13   mean=0.10   median=0.10   min=0.10   stddev=0.00 (1.6%))
[       OK ] Sz_Depth_Cn_Inter_Border_Mode_Remap.Remap/950 (9 ms)
[ RUN      ] Sz_Depth_Cn_Inter_Border_Mode_Remap.Remap/951, where GetParam() = (1280x1024, CV_32F, Gray, INTER_CUBIC, BORDER_CONSTANT, REFLECTION_BOTH)
[ PERFSTAT ]    (samples=13   mean=0.10   median=0.10   min=0.10   stddev=0.00 (1.9%))
[       OK ] Sz_Depth_Cn_Inter_Border_Mode_Remap.Remap/951 (9 ms)
[ RUN      ] Sz_Depth_Cn_Inter_Border_Mode_Remap.Remap/952, where GetParam() = (1280x1024, CV_32F, Gray, INTER_CUBIC, BORDER_REFLECT, HALF_SIZE)
[ PERFSTAT ]    (samples=13   mean=0.19   median=0.19   min=0.19   stddev=0.00 (0.5%))
[       OK ] Sz_Depth_Cn_Inter_Border_Mode_Remap.Remap/952 (13 ms)
[ RUN      ] Sz_Depth_Cn_Inter_Border_Mode_Remap.Remap/953, where GetParam() = (1280x1024, CV_32F, Gray, INTER_CUBIC, BORDER_REFLECT, UPSIDE_DOWN)
[ PERFSTAT ]    (samples=13   mean=0.21   median=0.21   min=0.21   stddev=0.00 (0.4%))
[       OK ] Sz_Depth_Cn_Inter_Border_Mode_Remap.Remap/953 (12 ms)
[ RUN      ] Sz_Depth_Cn_Inter_Border_Mode_Remap.Remap/954, where GetParam() = (1280x1024, CV_32F, Gray, INTER_CUBIC, BORDER_REFLECT, REFLECTION_X)
[ PERFSTAT ]    (samples=13   mean=0.21   median=0.21   min=0.21   stddev=0.00 (0.5%))
[       OK ] Sz_Depth_Cn_Inter_Border_Mode_Remap.Remap/954 (11 ms)
[ RUN      ] Sz_Depth_Cn_Inter_Border_Mode_Remap.Remap/955, where GetParam() = (1280x1024, CV_32F, Gray, INTER_CUBIC, BORDER_REFLECT, REFLECTION_BOTH)
[ PERFSTAT ]    (samples=13   mean=0.21   median=0.21   min=0.21   stddev=0.00 (1.1%))
[       OK ] Sz_Depth_Cn_Inter_Border_Mode_Remap.Remap/955 (11 ms)
[ RUN      ] Sz_Depth_Cn_Inter_Border_Mode_Remap.Remap/956, where GetParam() = (1280x1024, CV_32F, Gray, INTER_CUBIC, BORDER_WRAP, HALF_SIZE)
[ PERFSTAT ]    (samples=13   mean=0.18   median=0.18   min=0.18   stddev=0.00 (0.6%))
[       OK ] Sz_Depth_Cn_Inter_Border_Mode_Remap.Remap/956 (12 ms)
[ RUN      ] Sz_Depth_Cn_Inter_Border_Mode_Remap.Remap/957, where GetParam() = (1280x1024, CV_32F, Gray, INTER_CUBIC, BORDER_WRAP, UPSIDE_DOWN)
[ PERFSTAT ]    (samples=13   mean=0.15   median=0.15   min=0.15   stddev=0.00 (0.8%))
[       OK ] Sz_Depth_Cn_Inter_Border_Mode_Remap.Remap/957 (10 ms)
[ RUN      ] Sz_Depth_Cn_Inter_Border_Mode_Remap.Remap/958, where GetParam() = (1280x1024, CV_32F, Gray, INTER_CUBIC, BORDER_WRAP, REFLECTION_X)
[ PERFSTAT ]    (samples=13   mean=0.15   median=0.15   min=0.15   stddev=0.00 (1.0%))
[       OK ] Sz_Depth_Cn_Inter_Border_Mode_Remap.Remap/958 (10 ms)
[ RUN      ] Sz_Depth_Cn_Inter_Border_Mode_Remap.Remap/959, where GetParam() = (1280x1024, CV_32F, Gray, INTER_CUBIC, BORDER_WRAP, REFLECTION_BOTH)
[ PERFSTAT ]    (samples=13   mean=0.15   median=0.15   min=0.15   stddev=0.00 (0.9%))
[       OK ] Sz_Depth_Cn_Inter_Border_Mode_Remap.Remap/959 (10 ms)
[ RUN      ] Sz_Depth_Cn_Inter_Border_Mode_Remap.Remap/960, where GetParam() = (1280x1024, CV_32F, BGR, INTER_NEAREST, BORDER_REFLECT101, HALF_SIZE)
[ PERFSTAT ]    (samples=13   mean=0.04   median=0.03   min=0.03   stddev=0.00 (1.8%))
[       OK ] Sz_Depth_Cn_Inter_Border_Mode_Remap.Remap/960 (20 ms)
[ RUN      ] Sz_Depth_Cn_Inter_Border_Mode_Remap.Remap/961, where GetParam() = (1280x1024, CV_32F, BGR, INTER_NEAREST, BORDER_REFLECT101, UPSIDE_DOWN)
[ PERFSTAT ]    (samples=13   mean=0.04   median=0.04   min=0.04   stddev=0.00 (2.2%))
[       OK ] Sz_Depth_Cn_Inter_Border_Mode_Remap.Remap/961 (18 ms)
[ RUN      ] Sz_Depth_Cn_Inter_Border_Mode_Remap.Remap/962, where GetParam() = (1280x1024, CV_32F, BGR, INTER_NEAREST, BORDER_REFLECT101, REFLECTION_X)
[ PERFSTAT ]    (samples=13   mean=0.04   median=0.04   min=0.04   stddev=0.00 (2.5%))
[       OK ] Sz_Depth_Cn_Inter_Border_Mode_Remap.Remap/962 (21 ms)
[ RUN      ] Sz_Depth_Cn_Inter_Border_Mode_Remap.Remap/963, where GetParam() = (1280x1024, CV_32F, BGR, INTER_NEAREST, BORDER_REFLECT101, REFLECTION_BOTH)
[ PERFSTAT ]    (samples=21   mean=0.04   median=0.04   min=0.04   stddev=0.00 (3.0%))
[       OK ] Sz_Depth_Cn_Inter_Border_Mode_Remap.Remap/963 (21 ms)
[ RUN      ] Sz_Depth_Cn_Inter_Border_Mode_Remap.Remap/964, where GetParam() = (1280x1024, CV_32F, BGR, INTER_NEAREST, BORDER_REPLICATE, HALF_SIZE)
[ PERFSTAT ]    (samples=13   mean=0.03   median=0.03   min=0.03   stddev=0.00 (2.8%))
[       OK ] Sz_Depth_Cn_Inter_Border_Mode_Remap.Remap/964 (22 ms)
[ RUN      ] Sz_Depth_Cn_Inter_Border_Mode_Remap.Remap/965, where GetParam() = (1280x1024, CV_32F, BGR, INTER_NEAREST, BORDER_REPLICATE, UPSIDE_DOWN)
[ PERFSTAT ]    (samples=13   mean=0.04   median=0.04   min=0.04   stddev=0.00 (2.1%))
[       OK ] Sz_Depth_Cn_Inter_Border_Mode_Remap.Remap/965 (21 ms)
[ RUN      ] Sz_Depth_Cn_Inter_Border_Mode_Remap.Remap/966, where GetParam() = (1280x1024, CV_32F, BGR, INTER_NEAREST, BORDER_REPLICATE, REFLECTION_X)
[ PERFSTAT ]    (samples=13   mean=0.04   median=0.04   min=0.04   stddev=0.00 (2.5%))
[       OK ] Sz_Depth_Cn_Inter_Border_Mode_Remap.Remap/966 (20 ms)
[ RUN      ] Sz_Depth_Cn_Inter_Border_Mode_Remap.Remap/967, where GetParam() = (1280x1024, CV_32F, BGR, INTER_NEAREST, BORDER_REPLICATE, REFLECTION_BOTH)
[ PERFSTAT ]    (samples=13   mean=0.04   median=0.04   min=0.04   stddev=0.00 (2.5%))
[       OK ] Sz_Depth_Cn_Inter_Border_Mode_Remap.Remap/967 (21 ms)
[ RUN      ] Sz_Depth_Cn_Inter_Border_Mode_Remap.Remap/968, where GetParam() = (1280x1024, CV_32F, BGR, INTER_NEAREST, BORDER_CONSTANT, HALF_SIZE)
[ PERFSTAT ]    (samples=13   mean=0.03   median=0.03   min=0.03   stddev=0.00 (2.4%))
[       OK ] Sz_Depth_Cn_Inter_Border_Mode_Remap.Remap/968 (22 ms)
[ RUN      ] Sz_Depth_Cn_Inter_Border_Mode_Remap.Remap/969, where GetParam() = (1280x1024, CV_32F, BGR, INTER_NEAREST, BORDER_CONSTANT, UPSIDE_DOWN)
[ PERFSTAT ]    (samples=13   mean=0.04   median=0.04   min=0.04   stddev=0.00 (2.9%))
[       OK ] Sz_Depth_Cn_Inter_Border_Mode_Remap.Remap/969 (21 ms)
[ RUN      ] Sz_Depth_Cn_Inter_Border_Mode_Remap.Remap/970, where GetParam() = (1280x1024, CV_32F, BGR, INTER_NEAREST, BORDER_CONSTANT, REFLECTION_X)
[ PERFSTAT ]    (samples=19   mean=0.04   median=0.04   min=0.04   stddev=0.00 (3.0%))
[       OK ] Sz_Depth_Cn_Inter_Border_Mode_Remap.Remap/970 (21 ms)
[ RUN      ] Sz_Depth_Cn_Inter_Border_Mode_Remap.Remap/971, where GetParam() = (1280x1024, CV_32F, BGR, INTER_NEAREST, BORDER_CONSTANT, REFLECTION_BOTH)
[ PERFSTAT ]    (samples=13   mean=0.04   median=0.04   min=0.04   stddev=0.00 (2.6%))
[       OK ] Sz_Depth_Cn_Inter_Border_Mode_Remap.Remap/971 (20 ms)
[ RUN      ] Sz_Depth_Cn_Inter_Border_Mode_Remap.Remap/972, where GetParam() = (1280x1024, CV_32F, BGR, INTER_NEAREST, BORDER_REFLECT, HALF_SIZE)
[ PERFSTAT ]    (samples=13   mean=0.03   median=0.03   min=0.03   stddev=0.00 (2.7%))
[       OK ] Sz_Depth_Cn_Inter_Border_Mode_Remap.Remap/972 (22 ms)
[ RUN      ] Sz_Depth_Cn_Inter_Border_Mode_Remap.Remap/973, where GetParam() = (1280x1024, CV_32F, BGR, INTER_NEAREST, BORDER_REFLECT, UPSIDE_DOWN)
[ PERFSTAT ]    (samples=13   mean=0.04   median=0.04   min=0.04   stddev=0.00 (2.2%))
[       OK ] Sz_Depth_Cn_Inter_Border_Mode_Remap.Remap/973 (21 ms)
[ RUN      ] Sz_Depth_Cn_Inter_Border_Mode_Remap.Remap/974, where GetParam() = (1280x1024, CV_32F, BGR, INTER_NEAREST, BORDER_REFLECT, REFLECTION_X)
[ PERFSTAT ]    (samples=13   mean=0.04   median=0.04   min=0.04   stddev=0.00 (2.4%))
[       OK ] Sz_Depth_Cn_Inter_Border_Mode_Remap.Remap/974 (21 ms)
[ RUN      ] Sz_Depth_Cn_Inter_Border_Mode_Remap.Remap/975, where GetParam() = (1280x1024, CV_32F, BGR, INTER_NEAREST, BORDER_REFLECT, REFLECTION_BOTH)
[ PERFSTAT ]    (samples=13   mean=0.04   median=0.04   min=0.04   stddev=0.00 (2.5%))
[       OK ] Sz_Depth_Cn_Inter_Border_Mode_Remap.Remap/975 (20 ms)
[ RUN      ] Sz_Depth_Cn_Inter_Border_Mode_Remap.Remap/976, where GetParam() = (1280x1024, CV_32F, BGR, INTER_NEAREST, BORDER_WRAP, HALF_SIZE)
[ PERFSTAT ]    (samples=13   mean=0.03   median=0.03   min=0.03   stddev=0.00 (2.3%))
[       OK ] Sz_Depth_Cn_Inter_Border_Mode_Remap.Remap/976 (22 ms)
[ RUN      ] Sz_Depth_Cn_Inter_Border_Mode_Remap.Remap/977, where GetParam() = (1280x1024, CV_32F, BGR, INTER_NEAREST, BORDER_WRAP, UPSIDE_DOWN)
[ PERFSTAT ]    (samples=13   mean=0.04   median=0.04   min=0.04   stddev=0.00 (2.4%))
[       OK ] Sz_Depth_Cn_Inter_Border_Mode_Remap.Remap/977 (21 ms)
[ RUN      ] Sz_Depth_Cn_Inter_Border_Mode_Remap.Remap/978, where GetParam() = (1280x1024, CV_32F, BGR, INTER_NEAREST, BORDER_WRAP, REFLECTION_X)
[ PERFSTAT ]    (samples=13   mean=0.04   median=0.04   min=0.04   stddev=0.00 (2.7%))
[       OK ] Sz_Depth_Cn_Inter_Border_Mode_Remap.Remap/978 (20 ms)
[ RUN      ] Sz_Depth_Cn_Inter_Border_Mode_Remap.Remap/979, where GetParam() = (1280x1024, CV_32F, BGR, INTER_NEAREST, BORDER_WRAP, REFLECTION_BOTH)
[ PERFSTAT ]    (samples=13   mean=0.04   median=0.04   min=0.04   stddev=0.00 (2.3%))
[       OK ] Sz_Depth_Cn_Inter_Border_Mode_Remap.Remap/979 (21 ms)
[ RUN      ] Sz_Depth_Cn_Inter_Border_Mode_Remap.Remap/980, where GetParam() = (1280x1024, CV_32F, BGR, INTER_LINEAR, BORDER_REFLECT101, HALF_SIZE)
[ PERFSTAT ]    (samples=13   mean=0.05   median=0.05   min=0.05   stddev=0.00 (1.2%))
[       OK ] Sz_Depth_Cn_Inter_Border_Mode_Remap.Remap/980 (22 ms)
[ RUN      ] Sz_Depth_Cn_Inter_Border_Mode_Remap.Remap/981, where GetParam() = (1280x1024, CV_32F, BGR, INTER_LINEAR, BORDER_REFLECT101, UPSIDE_DOWN)
[ PERFSTAT ]    (samples=24   mean=0.04   median=0.04   min=0.04   stddev=0.00 (2.9%))
[       OK ] Sz_Depth_Cn_Inter_Border_Mode_Remap.Remap/981 (21 ms)
[ RUN      ] Sz_Depth_Cn_Inter_Border_Mode_Remap.Remap/982, where GetParam() = (1280x1024, CV_32F, BGR, INTER_LINEAR, BORDER_REFLECT101, REFLECTION_X)
[ PERFSTAT ]    (samples=25   mean=0.04   median=0.04   min=0.04   stddev=0.00 (1.5%))
[       OK ] Sz_Depth_Cn_Inter_Border_Mode_Remap.Remap/982 (21 ms)
[ RUN      ] Sz_Depth_Cn_Inter_Border_Mode_Remap.Remap/983, where GetParam() = (1280x1024, CV_32F, BGR, INTER_LINEAR, BORDER_REFLECT101, REFLECTION_BOTH)
[ PERFSTAT ]    (samples=13   mean=0.04   median=0.04   min=0.04   stddev=0.00 (2.2%))
[       OK ] Sz_Depth_Cn_Inter_Border_Mode_Remap.Remap/983 (20 ms)
[ RUN      ] Sz_Depth_Cn_Inter_Border_Mode_Remap.Remap/984, where GetParam() = (1280x1024, CV_32F, BGR, INTER_LINEAR, BORDER_REPLICATE, HALF_SIZE)
[ PERFSTAT ]    (samples=13   mean=0.04   median=0.04   min=0.04   stddev=0.00 (2.3%))
[       OK ] Sz_Depth_Cn_Inter_Border_Mode_Remap.Remap/984 (23 ms)
[ RUN      ] Sz_Depth_Cn_Inter_Border_Mode_Remap.Remap/985, where GetParam() = (1280x1024, CV_32F, BGR, INTER_LINEAR, BORDER_REPLICATE, UPSIDE_DOWN)
[ PERFSTAT ]    (samples=13   mean=0.04   median=0.04   min=0.04   stddev=0.00 (2.0%))
[       OK ] Sz_Depth_Cn_Inter_Border_Mode_Remap.Remap/985 (20 ms)
[ RUN      ] Sz_Depth_Cn_Inter_Border_Mode_Remap.Remap/986, where GetParam() = (1280x1024, CV_32F, BGR, INTER_LINEAR, BORDER_REPLICATE, REFLECTION_X)
[ PERFSTAT ]    (samples=14   mean=0.04   median=0.04   min=0.04   stddev=0.00 (2.9%))
[       OK ] Sz_Depth_Cn_Inter_Border_Mode_Remap.Remap/986 (21 ms)
[ RUN      ] Sz_Depth_Cn_Inter_Border_Mode_Remap.Remap/987, where GetParam() = (1280x1024, CV_32F, BGR, INTER_LINEAR, BORDER_REPLICATE, REFLECTION_BOTH)
[ PERFSTAT ]    (samples=13   mean=0.04   median=0.04   min=0.04   stddev=0.00 (2.0%))
[       OK ] Sz_Depth_Cn_Inter_Border_Mode_Remap.Remap/987 (20 ms)
[ RUN      ] Sz_Depth_Cn_Inter_Border_Mode_Remap.Remap/988, where GetParam() = (1280x1024, CV_32F, BGR, INTER_LINEAR, BORDER_CONSTANT, HALF_SIZE)
[ PERFSTAT ]    (samples=13   mean=0.04   median=0.04   min=0.04   stddev=0.00 (2.4%))
[       OK ] Sz_Depth_Cn_Inter_Border_Mode_Remap.Remap/988 (22 ms)
[ RUN      ] Sz_Depth_Cn_Inter_Border_Mode_Remap.Remap/989, where GetParam() = (1280x1024, CV_32F, BGR, INTER_LINEAR, BORDER_CONSTANT, UPSIDE_DOWN)
[ PERFSTAT ]    (samples=13   mean=0.04   median=0.04   min=0.04   stddev=0.00 (2.8%))
[       OK ] Sz_Depth_Cn_Inter_Border_Mode_Remap.Remap/989 (21 ms)
[ RUN      ] Sz_Depth_Cn_Inter_Border_Mode_Remap.Remap/990, where GetParam() = (1280x1024, CV_32F, BGR, INTER_LINEAR, BORDER_CONSTANT, REFLECTION_X)
[ PERFSTAT ]    (samples=13   mean=0.04   median=0.04   min=0.04   stddev=0.00 (2.2%))
[       OK ] Sz_Depth_Cn_Inter_Border_Mode_Remap.Remap/990 (20 ms)
[ RUN      ] Sz_Depth_Cn_Inter_Border_Mode_Remap.Remap/991, where GetParam() = (1280x1024, CV_32F, BGR, INTER_LINEAR, BORDER_CONSTANT, REFLECTION_BOTH)
[ PERFSTAT ]    (samples=13   mean=0.04   median=0.04   min=0.04   stddev=0.00 (2.0%))
[       OK ] Sz_Depth_Cn_Inter_Border_Mode_Remap.Remap/991 (21 ms)
[ RUN      ] Sz_Depth_Cn_Inter_Border_Mode_Remap.Remap/992, where GetParam() = (1280x1024, CV_32F, BGR, INTER_LINEAR, BORDER_REFLECT, HALF_SIZE)
[ PERFSTAT ]    (samples=13   mean=0.05   median=0.05   min=0.05   stddev=0.00 (1.4%))
[       OK ] Sz_Depth_Cn_Inter_Border_Mode_Remap.Remap/992 (22 ms)
[ RUN      ] Sz_Depth_Cn_Inter_Border_Mode_Remap.Remap/993, where GetParam() = (1280x1024, CV_32F, BGR, INTER_LINEAR, BORDER_REFLECT, UPSIDE_DOWN)
[ PERFSTAT ]    (samples=13   mean=0.04   median=0.04   min=0.04   stddev=0.00 (1.9%))
[       OK ] Sz_Depth_Cn_Inter_Border_Mode_Remap.Remap/993 (21 ms)
[ RUN      ] Sz_Depth_Cn_Inter_Border_Mode_Remap.Remap/994, where GetParam() = (1280x1024, CV_32F, BGR, INTER_LINEAR, BORDER_REFLECT, REFLECTION_X)
[ PERFSTAT ]    (samples=13   mean=0.04   median=0.04   min=0.04   stddev=0.00 (1.8%))
[       OK ] Sz_Depth_Cn_Inter_Border_Mode_Remap.Remap/994 (20 ms)
[ RUN      ] Sz_Depth_Cn_Inter_Border_Mode_Remap.Remap/995, where GetParam() = (1280x1024, CV_32F, BGR, INTER_LINEAR, BORDER_REFLECT, REFLECTION_BOTH)
[ PERFSTAT ]    (samples=13   mean=0.04   median=0.04   min=0.04   stddev=0.00 (1.9%))
[       OK ] Sz_Depth_Cn_Inter_Border_Mode_Remap.Remap/995 (21 ms)
[ RUN      ] Sz_Depth_Cn_Inter_Border_Mode_Remap.Remap/996, where GetParam() = (1280x1024, CV_32F, BGR, INTER_LINEAR, BORDER_WRAP, HALF_SIZE)
[ PERFSTAT ]    (samples=13   mean=0.05   median=0.05   min=0.05   stddev=0.00 (1.4%))
[       OK ] Sz_Depth_Cn_Inter_Border_Mode_Remap.Remap/996 (22 ms)
[ RUN      ] Sz_Depth_Cn_Inter_Border_Mode_Remap.Remap/997, where GetParam() = (1280x1024, CV_32F, BGR, INTER_LINEAR, BORDER_WRAP, UPSIDE_DOWN)
[ PERFSTAT ]    (samples=13   mean=0.04   median=0.04   min=0.04   stddev=0.00 (1.9%))
[       OK ] Sz_Depth_Cn_Inter_Border_Mode_Remap.Remap/997 (21 ms)
[ RUN      ] Sz_Depth_Cn_Inter_Border_Mode_Remap.Remap/998, where GetParam() = (1280x1024, CV_32F, BGR, INTER_LINEAR, BORDER_WRAP, REFLECTION_X)
[ PERFSTAT ]    (samples=13   mean=0.04   median=0.04   min=0.04   stddev=0.00 (2.0%))
[       OK ] Sz_Depth_Cn_Inter_Border_Mode_Remap.Remap/998 (20 ms)
[ RUN      ] Sz_Depth_Cn_Inter_Border_Mode_Remap.Remap/999, where GetParam() = (1280x1024, CV_32F, BGR, INTER_LINEAR, BORDER_WRAP, REFLECTION_BOTH)
[ PERFSTAT ]    (samples=13   mean=0.04   median=0.04   min=0.04   stddev=0.00 (1.8%))
[       OK ] Sz_Depth_Cn_Inter_Border_Mode_Remap.Remap/999 (21 ms)
[ RUN      ] Sz_Depth_Cn_Inter_Border_Mode_Remap.Remap/1000, where GetParam() = (1280x1024, CV_32F, BGR, INTER_CUBIC, BORDER_REFLECT101, HALF_SIZE)
[ PERFSTAT ]    (samples=13   mean=0.18   median=0.18   min=0.18   stddev=0.00 (0.2%))
[       OK ] Sz_Depth_Cn_Inter_Border_Mode_Remap.Remap/1000 (24 ms)
[ RUN      ] Sz_Depth_Cn_Inter_Border_Mode_Remap.Remap/1001, where GetParam() = (1280x1024, CV_32F, BGR, INTER_CUBIC, BORDER_REFLECT101, UPSIDE_DOWN)
[ PERFSTAT ]    (samples=13   mean=0.20   median=0.20   min=0.20   stddev=0.00 (0.3%))
[       OK ] Sz_Depth_Cn_Inter_Border_Mode_Remap.Remap/1001 (22 ms)
[ RUN      ] Sz_Depth_Cn_Inter_Border_Mode_Remap.Remap/1002, where GetParam() = (1280x1024, CV_32F, BGR, INTER_CUBIC, BORDER_REFLECT101, REFLECTION_X)
[ PERFSTAT ]    (samples=13   mean=0.20   median=0.20   min=0.20   stddev=0.00 (0.3%))
[       OK ] Sz_Depth_Cn_Inter_Border_Mode_Remap.Remap/1002 (51 ms)
[ RUN      ] Sz_Depth_Cn_Inter_Border_Mode_Remap.Remap/1003, where GetParam() = (1280x1024, CV_32F, BGR, INTER_CUBIC, BORDER_REFLECT101, REFLECTION_BOTH)
[ PERFSTAT ]    (samples=13   mean=0.20   median=0.20   min=0.20   stddev=0.00 (0.2%))
[       OK ] Sz_Depth_Cn_Inter_Border_Mode_Remap.Remap/1003 (23 ms)
[ RUN      ] Sz_Depth_Cn_Inter_Border_Mode_Remap.Remap/1004, where GetParam() = (1280x1024, CV_32F, BGR, INTER_CUBIC, BORDER_REPLICATE, HALF_SIZE)
[ PERFSTAT ]    (samples=13   mean=0.11   median=0.11   min=0.11   stddev=0.00 (0.3%))
[       OK ] Sz_Depth_Cn_Inter_Border_Mode_Remap.Remap/1004 (23 ms)
[ RUN      ] Sz_Depth_Cn_Inter_Border_Mode_Remap.Remap/1005, where GetParam() = (1280x1024, CV_32F, BGR, INTER_CUBIC, BORDER_REPLICATE, UPSIDE_DOWN)
[ PERFSTAT ]    (samples=13   mean=0.12   median=0.12   min=0.12   stddev=0.00 (0.5%))
[       OK ] Sz_Depth_Cn_Inter_Border_Mode_Remap.Remap/1005 (22 ms)
[ RUN      ] Sz_Depth_Cn_Inter_Border_Mode_Remap.Remap/1006, where GetParam() = (1280x1024, CV_32F, BGR, INTER_CUBIC, BORDER_REPLICATE, REFLECTION_X)
[ PERFSTAT ]    (samples=13   mean=0.12   median=0.12   min=0.12   stddev=0.00 (0.4%))
[       OK ] Sz_Depth_Cn_Inter_Border_Mode_Remap.Remap/1006 (22 ms)
[ RUN      ] Sz_Depth_Cn_Inter_Border_Mode_Remap.Remap/1007, where GetParam() = (1280x1024, CV_32F, BGR, INTER_CUBIC, BORDER_REPLICATE, REFLECTION_BOTH)
[ PERFSTAT ]    (samples=13   mean=0.12   median=0.12   min=0.12   stddev=0.00 (0.3%))
[       OK ] Sz_Depth_Cn_Inter_Border_Mode_Remap.Remap/1007 (22 ms)
[ RUN      ] Sz_Depth_Cn_Inter_Border_Mode_Remap.Remap/1008, where GetParam() = (1280x1024, CV_32F, BGR, INTER_CUBIC, BORDER_CONSTANT, HALF_SIZE)
[ PERFSTAT ]    (samples=13   mean=0.12   median=0.12   min=0.12   stddev=0.00 (0.3%))
[       OK ] Sz_Depth_Cn_Inter_Border_Mode_Remap.Remap/1008 (23 ms)
[ RUN      ] Sz_Depth_Cn_Inter_Border_Mode_Remap.Remap/1009, where GetParam() = (1280x1024, CV_32F, BGR, INTER_CUBIC, BORDER_CONSTANT, UPSIDE_DOWN)
[ PERFSTAT ]    (samples=13   mean=0.13   median=0.13   min=0.13   stddev=0.00 (0.4%))
[       OK ] Sz_Depth_Cn_Inter_Border_Mode_Remap.Remap/1009 (22 ms)
[ RUN      ] Sz_Depth_Cn_Inter_Border_Mode_Remap.Remap/1010, where GetParam() = (1280x1024, CV_32F, BGR, INTER_CUBIC, BORDER_CONSTANT, REFLECTION_X)
[ PERFSTAT ]    (samples=13   mean=0.13   median=0.13   min=0.13   stddev=0.00 (0.6%))
[       OK ] Sz_Depth_Cn_Inter_Border_Mode_Remap.Remap/1010 (22 ms)
[ RUN      ] Sz_Depth_Cn_Inter_Border_Mode_Remap.Remap/1011, where GetParam() = (1280x1024, CV_32F, BGR, INTER_CUBIC, BORDER_CONSTANT, REFLECTION_BOTH)
[ PERFSTAT ]    (samples=13   mean=0.13   median=0.13   min=0.13   stddev=0.00 (0.3%))
[       OK ] Sz_Depth_Cn_Inter_Border_Mode_Remap.Remap/1011 (21 ms)
[ RUN      ] Sz_Depth_Cn_Inter_Border_Mode_Remap.Remap/1012, where GetParam() = (1280x1024, CV_32F, BGR, INTER_CUBIC, BORDER_REFLECT, HALF_SIZE)
[ PERFSTAT ]    (samples=13   mean=0.19   median=0.19   min=0.19   stddev=0.00 (0.3%))
[       OK ] Sz_Depth_Cn_Inter_Border_Mode_Remap.Remap/1012 (25 ms)
[ RUN      ] Sz_Depth_Cn_Inter_Border_Mode_Remap.Remap/1013, where GetParam() = (1280x1024, CV_32F, BGR, INTER_CUBIC, BORDER_REFLECT, UPSIDE_DOWN)
[ PERFSTAT ]    (samples=13   mean=0.21   median=0.21   min=0.21   stddev=0.00 (0.2%))
[       OK ] Sz_Depth_Cn_Inter_Border_Mode_Remap.Remap/1013 (22 ms)
[ RUN      ] Sz_Depth_Cn_Inter_Border_Mode_Remap.Remap/1014, where GetParam() = (1280x1024, CV_32F, BGR, INTER_CUBIC, BORDER_REFLECT, REFLECTION_X)
[ PERFSTAT ]    (samples=13   mean=0.21   median=0.21   min=0.21   stddev=0.00 (0.1%))
[       OK ] Sz_Depth_Cn_Inter_Border_Mode_Remap.Remap/1014 (23 ms)
[ RUN      ] Sz_Depth_Cn_Inter_Border_Mode_Remap.Remap/1015, where GetParam() = (1280x1024, CV_32F, BGR, INTER_CUBIC, BORDER_REFLECT, REFLECTION_BOTH)
[ PERFSTAT ]    (samples=13   mean=0.21   median=0.21   min=0.21   stddev=0.00 (0.2%))
[       OK ] Sz_Depth_Cn_Inter_Border_Mode_Remap.Remap/1015 (23 ms)
[ RUN      ] Sz_Depth_Cn_Inter_Border_Mode_Remap.Remap/1016, where GetParam() = (1280x1024, CV_32F, BGR, INTER_CUBIC, BORDER_WRAP, HALF_SIZE)
[ PERFSTAT ]    (samples=13   mean=0.20   median=0.20   min=0.19   stddev=0.00 (0.2%))
[       OK ] Sz_Depth_Cn_Inter_Border_Mode_Remap.Remap/1016 (24 ms)
[ RUN      ] Sz_Depth_Cn_Inter_Border_Mode_Remap.Remap/1017, where GetParam() = (1280x1024, CV_32F, BGR, INTER_CUBIC, BORDER_WRAP, UPSIDE_DOWN)
[ PERFSTAT ]    (samples=13   mean=0.17   median=0.17   min=0.17   stddev=0.00 (0.7%))
[       OK ] Sz_Depth_Cn_Inter_Border_Mode_Remap.Remap/1017 (23 ms)
[ RUN      ] Sz_Depth_Cn_Inter_Border_Mode_Remap.Remap/1018, where GetParam() = (1280x1024, CV_32F, BGR, INTER_CUBIC, BORDER_WRAP, REFLECTION_X)
[ PERFSTAT ]    (samples=13   mean=0.18   median=0.17   min=0.17   stddev=0.00 (1.2%))
[       OK ] Sz_Depth_Cn_Inter_Border_Mode_Remap.Remap/1018 (22 ms)
[ RUN      ] Sz_Depth_Cn_Inter_Border_Mode_Remap.Remap/1019, where GetParam() = (1280x1024, CV_32F, BGR, INTER_CUBIC, BORDER_WRAP, REFLECTION_BOTH)
[ PERFSTAT ]    (samples=13   mean=0.17   median=0.17   min=0.17   stddev=0.00 (0.4%))
[       OK ] Sz_Depth_Cn_Inter_Border_Mode_Remap.Remap/1019 (22 ms)
[ RUN      ] Sz_Depth_Cn_Inter_Border_Mode_Remap.Remap/1020, where GetParam() = (1280x1024, CV_32F, BGRA, INTER_NEAREST, BORDER_REFLECT101, HALF_SIZE)
[ PERFSTAT ]    (samples=13   mean=0.05   median=0.05   min=0.05   stddev=0.00 (2.8%))
[       OK ] Sz_Depth_Cn_Inter_Border_Mode_Remap.Remap/1020 (25 ms)
[ RUN      ] Sz_Depth_Cn_Inter_Border_Mode_Remap.Remap/1021, where GetParam() = (1280x1024, CV_32F, BGRA, INTER_NEAREST, BORDER_REFLECT101, UPSIDE_DOWN)
[ PERFSTAT ]    (samples=13   mean=0.05   median=0.05   min=0.05   stddev=0.00 (2.6%))
[       OK ] Sz_Depth_Cn_Inter_Border_Mode_Remap.Remap/1021 (25 ms)
[ RUN      ] Sz_Depth_Cn_Inter_Border_Mode_Remap.Remap/1022, where GetParam() = (1280x1024, CV_32F, BGRA, INTER_NEAREST, BORDER_REFLECT101, REFLECTION_X)
[ PERFSTAT ]    (samples=13   mean=0.05   median=0.05   min=0.05   stddev=0.00 (2.7%))
[       OK ] Sz_Depth_Cn_Inter_Border_Mode_Remap.Remap/1022 (25 ms)
[ RUN      ] Sz_Depth_Cn_Inter_Border_Mode_Remap.Remap/1023, where GetParam() = (1280x1024, CV_32F, BGRA, INTER_NEAREST, BORDER_REFLECT101, REFLECTION_BOTH)
[ PERFSTAT ]    (samples=25   mean=0.05   median=0.05   min=0.05   stddev=0.00 (1.9%))
[       OK ] Sz_Depth_Cn_Inter_Border_Mode_Remap.Remap/1023 (25 ms)
[ RUN      ] Sz_Depth_Cn_Inter_Border_Mode_Remap.Remap/1024, where GetParam() = (1280x1024, CV_32F, BGRA, INTER_NEAREST, BORDER_REPLICATE, HALF_SIZE)
[ PERFSTAT ]    (samples=25   mean=0.05   median=0.05   min=0.05   stddev=0.00 (2.1%))
[       OK ] Sz_Depth_Cn_Inter_Border_Mode_Remap.Remap/1024 (27 ms)
[ RUN      ] Sz_Depth_Cn_Inter_Border_Mode_Remap.Remap/1025, where GetParam() = (1280x1024, CV_32F, BGRA, INTER_NEAREST, BORDER_REPLICATE, UPSIDE_DOWN)
[ PERFSTAT ]    (samples=13   mean=0.05   median=0.05   min=0.05   stddev=0.00 (2.7%))
[       OK ] Sz_Depth_Cn_Inter_Border_Mode_Remap.Remap/1025 (25 ms)
[ RUN      ] Sz_Depth_Cn_Inter_Border_Mode_Remap.Remap/1026, where GetParam() = (1280x1024, CV_32F, BGRA, INTER_NEAREST, BORDER_REPLICATE, REFLECTION_X)
[ PERFSTAT ]    (samples=13   mean=0.05   median=0.05   min=0.05   stddev=0.00 (2.7%))
[       OK ] Sz_Depth_Cn_Inter_Border_Mode_Remap.Remap/1026 (25 ms)
[ RUN      ] Sz_Depth_Cn_Inter_Border_Mode_Remap.Remap/1027, where GetParam() = (1280x1024, CV_32F, BGRA, INTER_NEAREST, BORDER_REPLICATE, REFLECTION_BOTH)
[ PERFSTAT ]    (samples=13   mean=0.05   median=0.05   min=0.05   stddev=0.00 (2.4%))
[       OK ] Sz_Depth_Cn_Inter_Border_Mode_Remap.Remap/1027 (25 ms)
[ RUN      ] Sz_Depth_Cn_Inter_Border_Mode_Remap.Remap/1028, where GetParam() = (1280x1024, CV_32F, BGRA, INTER_NEAREST, BORDER_CONSTANT, HALF_SIZE)
[ PERFSTAT ]    (samples=14   mean=0.05   median=0.05   min=0.05   stddev=0.00 (3.0%))
[       OK ] Sz_Depth_Cn_Inter_Border_Mode_Remap.Remap/1028 (26 ms)
[ RUN      ] Sz_Depth_Cn_Inter_Border_Mode_Remap.Remap/1029, where GetParam() = (1280x1024, CV_32F, BGRA, INTER_NEAREST, BORDER_CONSTANT, UPSIDE_DOWN)
[ PERFSTAT ]    (samples=13   mean=0.05   median=0.05   min=0.05   stddev=0.00 (3.0%))
[       OK ] Sz_Depth_Cn_Inter_Border_Mode_Remap.Remap/1029 (25 ms)
[ RUN      ] Sz_Depth_Cn_Inter_Border_Mode_Remap.Remap/1030, where GetParam() = (1280x1024, CV_32F, BGRA, INTER_NEAREST, BORDER_CONSTANT, REFLECTION_X)
[ PERFSTAT ]    (samples=13   mean=0.05   median=0.05   min=0.05   stddev=0.00 (2.7%))
[       OK ] Sz_Depth_Cn_Inter_Border_Mode_Remap.Remap/1030 (25 ms)
[ RUN      ] Sz_Depth_Cn_Inter_Border_Mode_Remap.Remap/1031, where GetParam() = (1280x1024, CV_32F, BGRA, INTER_NEAREST, BORDER_CONSTANT, REFLECTION_BOTH)
[ PERFSTAT ]    (samples=13   mean=0.05   median=0.05   min=0.05   stddev=0.00 (2.6%))
[       OK ] Sz_Depth_Cn_Inter_Border_Mode_Remap.Remap/1031 (24 ms)
[ RUN      ] Sz_Depth_Cn_Inter_Border_Mode_Remap.Remap/1032, where GetParam() = (1280x1024, CV_32F, BGRA, INTER_NEAREST, BORDER_REFLECT, HALF_SIZE)
[ PERFSTAT ]    (samples=25   mean=0.05   median=0.05   min=0.05   stddev=0.00 (3.0%))
[       OK ] Sz_Depth_Cn_Inter_Border_Mode_Remap.Remap/1032 (27 ms)
[ RUN      ] Sz_Depth_Cn_Inter_Border_Mode_Remap.Remap/1033, where GetParam() = (1280x1024, CV_32F, BGRA, INTER_NEAREST, BORDER_REFLECT, UPSIDE_DOWN)
[ PERFSTAT ]    (samples=13   mean=0.05   median=0.05   min=0.05   stddev=0.00 (2.3%))
[       OK ] Sz_Depth_Cn_Inter_Border_Mode_Remap.Remap/1033 (25 ms)
[ RUN      ] Sz_Depth_Cn_Inter_Border_Mode_Remap.Remap/1034, where GetParam() = (1280x1024, CV_32F, BGRA, INTER_NEAREST, BORDER_REFLECT, REFLECTION_X)
[ PERFSTAT ]    (samples=13   mean=0.05   median=0.05   min=0.05   stddev=0.00 (2.4%))
[       OK ] Sz_Depth_Cn_Inter_Border_Mode_Remap.Remap/1034 (25 ms)
[ RUN      ] Sz_Depth_Cn_Inter_Border_Mode_Remap.Remap/1035, where GetParam() = (1280x1024, CV_32F, BGRA, INTER_NEAREST, BORDER_REFLECT, REFLECTION_BOTH)
[ PERFSTAT ]    (samples=13   mean=0.05   median=0.05   min=0.05   stddev=0.00 (2.4%))
[       OK ] Sz_Depth_Cn_Inter_Border_Mode_Remap.Remap/1035 (24 ms)
[ RUN      ] Sz_Depth_Cn_Inter_Border_Mode_Remap.Remap/1036, where GetParam() = (1280x1024, CV_32F, BGRA, INTER_NEAREST, BORDER_WRAP, HALF_SIZE)
[ PERFSTAT ]    (samples=13   mean=0.05   median=0.05   min=0.05   stddev=0.00 (2.8%))
[       OK ] Sz_Depth_Cn_Inter_Border_Mode_Remap.Remap/1036 (27 ms)
[ RUN      ] Sz_Depth_Cn_Inter_Border_Mode_Remap.Remap/1037, where GetParam() = (1280x1024, CV_32F, BGRA, INTER_NEAREST, BORDER_WRAP, UPSIDE_DOWN)
[ PERFSTAT ]    (samples=13   mean=0.05   median=0.05   min=0.05   stddev=0.00 (2.6%))
[       OK ] Sz_Depth_Cn_Inter_Border_Mode_Remap.Remap/1037 (24 ms)
[ RUN      ] Sz_Depth_Cn_Inter_Border_Mode_Remap.Remap/1038, where GetParam() = (1280x1024, CV_32F, BGRA, INTER_NEAREST, BORDER_WRAP, REFLECTION_X)
[ PERFSTAT ]    (samples=13   mean=0.05   median=0.05   min=0.05   stddev=0.00 (2.0%))
[       OK ] Sz_Depth_Cn_Inter_Border_Mode_Remap.Remap/1038 (24 ms)
[ RUN      ] Sz_Depth_Cn_Inter_Border_Mode_Remap.Remap/1039, where GetParam() = (1280x1024, CV_32F, BGRA, INTER_NEAREST, BORDER_WRAP, REFLECTION_BOTH)
[ PERFSTAT ]    (samples=13   mean=0.05   median=0.05   min=0.05   stddev=0.00 (2.3%))
[       OK ] Sz_Depth_Cn_Inter_Border_Mode_Remap.Remap/1039 (25 ms)
[ RUN      ] Sz_Depth_Cn_Inter_Border_Mode_Remap.Remap/1040, where GetParam() = (1280x1024, CV_32F, BGRA, INTER_LINEAR, BORDER_REFLECT101, HALF_SIZE)
[ PERFSTAT ]    (samples=13   mean=0.06   median=0.06   min=0.06   stddev=0.00 (1.5%))
[       OK ] Sz_Depth_Cn_Inter_Border_Mode_Remap.Remap/1040 (27 ms)
[ RUN      ] Sz_Depth_Cn_Inter_Border_Mode_Remap.Remap/1041, where GetParam() = (1280x1024, CV_32F, BGRA, INTER_LINEAR, BORDER_REFLECT101, UPSIDE_DOWN)
[ PERFSTAT ]    (samples=13   mean=0.05   median=0.05   min=0.05   stddev=0.00 (1.7%))
[       OK ] Sz_Depth_Cn_Inter_Border_Mode_Remap.Remap/1041 (25 ms)
[ RUN      ] Sz_Depth_Cn_Inter_Border_Mode_Remap.Remap/1042, where GetParam() = (1280x1024, CV_32F, BGRA, INTER_LINEAR, BORDER_REFLECT101, REFLECTION_X)
[ PERFSTAT ]    (samples=13   mean=0.06   median=0.05   min=0.05   stddev=0.00 (1.8%))
[       OK ] Sz_Depth_Cn_Inter_Border_Mode_Remap.Remap/1042 (24 ms)
[ RUN      ] Sz_Depth_Cn_Inter_Border_Mode_Remap.Remap/1043, where GetParam() = (1280x1024, CV_32F, BGRA, INTER_LINEAR, BORDER_REFLECT101, REFLECTION_BOTH)
[ PERFSTAT ]    (samples=13   mean=0.05   median=0.05   min=0.05   stddev=0.00 (1.7%))
[       OK ] Sz_Depth_Cn_Inter_Border_Mode_Remap.Remap/1043 (25 ms)
[ RUN      ] Sz_Depth_Cn_Inter_Border_Mode_Remap.Remap/1044, where GetParam() = (1280x1024, CV_32F, BGRA, INTER_LINEAR, BORDER_REPLICATE, HALF_SIZE)
[ PERFSTAT ]    (samples=13   mean=0.06   median=0.06   min=0.06   stddev=0.00 (2.9%))
[       OK ] Sz_Depth_Cn_Inter_Border_Mode_Remap.Remap/1044 (27 ms)
[ RUN      ] Sz_Depth_Cn_Inter_Border_Mode_Remap.Remap/1045, where GetParam() = (1280x1024, CV_32F, BGRA, INTER_LINEAR, BORDER_REPLICATE, UPSIDE_DOWN)
[ PERFSTAT ]    (samples=13   mean=0.06   median=0.05   min=0.05   stddev=0.00 (1.8%))
[       OK ] Sz_Depth_Cn_Inter_Border_Mode_Remap.Remap/1045 (24 ms)
[ RUN      ] Sz_Depth_Cn_Inter_Border_Mode_Remap.Remap/1046, where GetParam() = (1280x1024, CV_32F, BGRA, INTER_LINEAR, BORDER_REPLICATE, REFLECTION_X)
[ PERFSTAT ]    (samples=13   mean=0.06   median=0.05   min=0.05   stddev=0.00 (1.8%))
[       OK ] Sz_Depth_Cn_Inter_Border_Mode_Remap.Remap/1046 (25 ms)
[ RUN      ] Sz_Depth_Cn_Inter_Border_Mode_Remap.Remap/1047, where GetParam() = (1280x1024, CV_32F, BGRA, INTER_LINEAR, BORDER_REPLICATE, REFLECTION_BOTH)
[ PERFSTAT ]    (samples=13   mean=0.06   median=0.05   min=0.05   stddev=0.00 (2.0%))
[       OK ] Sz_Depth_Cn_Inter_Border_Mode_Remap.Remap/1047 (25 ms)
[ RUN      ] Sz_Depth_Cn_Inter_Border_Mode_Remap.Remap/1048, where GetParam() = (1280x1024, CV_32F, BGRA, INTER_LINEAR, BORDER_CONSTANT, HALF_SIZE)
[ PERFSTAT ]    (samples=13   mean=0.06   median=0.06   min=0.06   stddev=0.00 (1.4%))
[       OK ] Sz_Depth_Cn_Inter_Border_Mode_Remap.Remap/1048 (26 ms)
[ RUN      ] Sz_Depth_Cn_Inter_Border_Mode_Remap.Remap/1049, where GetParam() = (1280x1024, CV_32F, BGRA, INTER_LINEAR, BORDER_CONSTANT, UPSIDE_DOWN)
[ PERFSTAT ]    (samples=13   mean=0.05   median=0.05   min=0.05   stddev=0.00 (1.8%))
[       OK ] Sz_Depth_Cn_Inter_Border_Mode_Remap.Remap/1049 (25 ms)
[ RUN      ] Sz_Depth_Cn_Inter_Border_Mode_Remap.Remap/1050, where GetParam() = (1280x1024, CV_32F, BGRA, INTER_LINEAR, BORDER_CONSTANT, REFLECTION_X)
[ PERFSTAT ]    (samples=13   mean=0.05   median=0.05   min=0.05   stddev=0.00 (1.9%))
[       OK ] Sz_Depth_Cn_Inter_Border_Mode_Remap.Remap/1050 (25 ms)
[ RUN      ] Sz_Depth_Cn_Inter_Border_Mode_Remap.Remap/1051, where GetParam() = (1280x1024, CV_32F, BGRA, INTER_LINEAR, BORDER_CONSTANT, REFLECTION_BOTH)
[ PERFSTAT ]    (samples=13   mean=0.05   median=0.05   min=0.05   stddev=0.00 (1.8%))
[       OK ] Sz_Depth_Cn_Inter_Border_Mode_Remap.Remap/1051 (24 ms)
[ RUN      ] Sz_Depth_Cn_Inter_Border_Mode_Remap.Remap/1052, where GetParam() = (1280x1024, CV_32F, BGRA, INTER_LINEAR, BORDER_REFLECT, HALF_SIZE)
[ PERFSTAT ]    (samples=25   mean=0.06   median=0.06   min=0.06   stddev=0.00 (1.2%))
[       OK ] Sz_Depth_Cn_Inter_Border_Mode_Remap.Remap/1052 (27 ms)
[ RUN      ] Sz_Depth_Cn_Inter_Border_Mode_Remap.Remap/1053, where GetParam() = (1280x1024, CV_32F, BGRA, INTER_LINEAR, BORDER_REFLECT, UPSIDE_DOWN)
[ PERFSTAT ]    (samples=13   mean=0.06   median=0.05   min=0.05   stddev=0.00 (2.5%))
[       OK ] Sz_Depth_Cn_Inter_Border_Mode_Remap.Remap/1053 (25 ms)
[ RUN      ] Sz_Depth_Cn_Inter_Border_Mode_Remap.Remap/1054, where GetParam() = (1280x1024, CV_32F, BGRA, INTER_LINEAR, BORDER_REFLECT, REFLECTION_X)
[ PERFSTAT ]    (samples=13   mean=0.06   median=0.05   min=0.05   stddev=0.00 (2.1%))
[       OK ] Sz_Depth_Cn_Inter_Border_Mode_Remap.Remap/1054 (25 ms)
[ RUN      ] Sz_Depth_Cn_Inter_Border_Mode_Remap.Remap/1055, where GetParam() = (1280x1024, CV_32F, BGRA, INTER_LINEAR, BORDER_REFLECT, REFLECTION_BOTH)
[ PERFSTAT ]    (samples=13   mean=0.06   median=0.05   min=0.05   stddev=0.00 (2.1%))
[       OK ] Sz_Depth_Cn_Inter_Border_Mode_Remap.Remap/1055 (25 ms)
[ RUN      ] Sz_Depth_Cn_Inter_Border_Mode_Remap.Remap/1056, where GetParam() = (1280x1024, CV_32F, BGRA, INTER_LINEAR, BORDER_WRAP, HALF_SIZE)
[ PERFSTAT ]    (samples=13   mean=0.06   median=0.06   min=0.06   stddev=0.00 (1.9%))
[       OK ] Sz_Depth_Cn_Inter_Border_Mode_Remap.Remap/1056 (26 ms)
[ RUN      ] Sz_Depth_Cn_Inter_Border_Mode_Remap.Remap/1057, where GetParam() = (1280x1024, CV_32F, BGRA, INTER_LINEAR, BORDER_WRAP, UPSIDE_DOWN)
[ PERFSTAT ]    (samples=25   mean=0.06   median=0.06   min=0.05   stddev=0.00 (1.4%))
[       OK ] Sz_Depth_Cn_Inter_Border_Mode_Remap.Remap/1057 (25 ms)
[ RUN      ] Sz_Depth_Cn_Inter_Border_Mode_Remap.Remap/1058, where GetParam() = (1280x1024, CV_32F, BGRA, INTER_LINEAR, BORDER_WRAP, REFLECTION_X)
[ PERFSTAT ]    (samples=13   mean=0.06   median=0.06   min=0.05   stddev=0.00 (1.6%))
[       OK ] Sz_Depth_Cn_Inter_Border_Mode_Remap.Remap/1058 (25 ms)
[ RUN      ] Sz_Depth_Cn_Inter_Border_Mode_Remap.Remap/1059, where GetParam() = (1280x1024, CV_32F, BGRA, INTER_LINEAR, BORDER_WRAP, REFLECTION_BOTH)
[ PERFSTAT ]    (samples=13   mean=0.06   median=0.05   min=0.05   stddev=0.00 (1.8%))
[       OK ] Sz_Depth_Cn_Inter_Border_Mode_Remap.Remap/1059 (25 ms)
[ RUN      ] Sz_Depth_Cn_Inter_Border_Mode_Remap.Remap/1060, where GetParam() = (1280x1024, CV_32F, BGRA, INTER_CUBIC, BORDER_REFLECT101, HALF_SIZE)
[ PERFSTAT ]    (samples=13   mean=0.23   median=0.23   min=0.22   stddev=0.00 (0.3%))
[       OK ] Sz_Depth_Cn_Inter_Border_Mode_Remap.Remap/1060 (28 ms)
[ RUN      ] Sz_Depth_Cn_Inter_Border_Mode_Remap.Remap/1061, where GetParam() = (1280x1024, CV_32F, BGRA, INTER_CUBIC, BORDER_REFLECT101, UPSIDE_DOWN)
[ PERFSTAT ]    (samples=13   mean=0.25   median=0.25   min=0.25   stddev=0.00 (0.3%))
[       OK ] Sz_Depth_Cn_Inter_Border_Mode_Remap.Remap/1061 (28 ms)
[ RUN      ] Sz_Depth_Cn_Inter_Border_Mode_Remap.Remap/1062, where GetParam() = (1280x1024, CV_32F, BGRA, INTER_CUBIC, BORDER_REFLECT101, REFLECTION_X)
[ PERFSTAT ]    (samples=13   mean=0.25   median=0.25   min=0.25   stddev=0.00 (0.4%))
[       OK ] Sz_Depth_Cn_Inter_Border_Mode_Remap.Remap/1062 (27 ms)
[ RUN      ] Sz_Depth_Cn_Inter_Border_Mode_Remap.Remap/1063, where GetParam() = (1280x1024, CV_32F, BGRA, INTER_CUBIC, BORDER_REFLECT101, REFLECTION_BOTH)
[ PERFSTAT ]    (samples=13   mean=0.25   median=0.25   min=0.25   stddev=0.00 (0.4%))
[       OK ] Sz_Depth_Cn_Inter_Border_Mode_Remap.Remap/1063 (27 ms)
[ RUN      ] Sz_Depth_Cn_Inter_Border_Mode_Remap.Remap/1064, where GetParam() = (1280x1024, CV_32F, BGRA, INTER_CUBIC, BORDER_REPLICATE, HALF_SIZE)
[ PERFSTAT ]    (samples=13   mean=0.18   median=0.18   min=0.18   stddev=0.00 (0.8%))
[       OK ] Sz_Depth_Cn_Inter_Border_Mode_Remap.Remap/1064 (29 ms)
[ RUN      ] Sz_Depth_Cn_Inter_Border_Mode_Remap.Remap/1065, where GetParam() = (1280x1024, CV_32F, BGRA, INTER_CUBIC, BORDER_REPLICATE, UPSIDE_DOWN)
[ PERFSTAT ]    (samples=13   mean=0.19   median=0.19   min=0.19   stddev=0.00 (0.4%))
[       OK ] Sz_Depth_Cn_Inter_Border_Mode_Remap.Remap/1065 (26 ms)
[ RUN      ] Sz_Depth_Cn_Inter_Border_Mode_Remap.Remap/1066, where GetParam() = (1280x1024, CV_32F, BGRA, INTER_CUBIC, BORDER_REPLICATE, REFLECTION_X)
[ PERFSTAT ]    (samples=13   mean=0.19   median=0.19   min=0.19   stddev=0.00 (0.4%))
[       OK ] Sz_Depth_Cn_Inter_Border_Mode_Remap.Remap/1066 (27 ms)
[ RUN      ] Sz_Depth_Cn_Inter_Border_Mode_Remap.Remap/1067, where GetParam() = (1280x1024, CV_32F, BGRA, INTER_CUBIC, BORDER_REPLICATE, REFLECTION_BOTH)
[ PERFSTAT ]    (samples=13   mean=0.19   median=0.19   min=0.19   stddev=0.00 (0.7%))
[       OK ] Sz_Depth_Cn_Inter_Border_Mode_Remap.Remap/1067 (26 ms)
[ RUN      ] Sz_Depth_Cn_Inter_Border_Mode_Remap.Remap/1068, where GetParam() = (1280x1024, CV_32F, BGRA, INTER_CUBIC, BORDER_CONSTANT, HALF_SIZE)
[ PERFSTAT ]    (samples=13   mean=0.15   median=0.15   min=0.14   stddev=0.00 (0.5%))
[       OK ] Sz_Depth_Cn_Inter_Border_Mode_Remap.Remap/1068 (28 ms)
[ RUN      ] Sz_Depth_Cn_Inter_Border_Mode_Remap.Remap/1069, where GetParam() = (1280x1024, CV_32F, BGRA, INTER_CUBIC, BORDER_CONSTANT, UPSIDE_DOWN)
[ PERFSTAT ]    (samples=13   mean=0.19   median=0.19   min=0.19   stddev=0.00 (0.3%))
[       OK ] Sz_Depth_Cn_Inter_Border_Mode_Remap.Remap/1069 (26 ms)
[ RUN      ] Sz_Depth_Cn_Inter_Border_Mode_Remap.Remap/1070, where GetParam() = (1280x1024, CV_32F, BGRA, INTER_CUBIC, BORDER_CONSTANT, REFLECTION_X)
[ PERFSTAT ]    (samples=13   mean=0.19   median=0.19   min=0.19   stddev=0.00 (0.5%))
[       OK ] Sz_Depth_Cn_Inter_Border_Mode_Remap.Remap/1070 (28 ms)
[ RUN      ] Sz_Depth_Cn_Inter_Border_Mode_Remap.Remap/1071, where GetParam() = (1280x1024, CV_32F, BGRA, INTER_CUBIC, BORDER_CONSTANT, REFLECTION_BOTH)
[ PERFSTAT ]    (samples=13   mean=0.19   median=0.19   min=0.19   stddev=0.00 (0.4%))
[       OK ] Sz_Depth_Cn_Inter_Border_Mode_Remap.Remap/1071 (26 ms)
[ RUN      ] Sz_Depth_Cn_Inter_Border_Mode_Remap.Remap/1072, where GetParam() = (1280x1024, CV_32F, BGRA, INTER_CUBIC, BORDER_REFLECT, HALF_SIZE)
[ PERFSTAT ]    (samples=13   mean=0.22   median=0.22   min=0.22   stddev=0.00 (0.4%))
[       OK ] Sz_Depth_Cn_Inter_Border_Mode_Remap.Remap/1072 (28 ms)
[ RUN      ] Sz_Depth_Cn_Inter_Border_Mode_Remap.Remap/1073, where GetParam() = (1280x1024, CV_32F, BGRA, INTER_CUBIC, BORDER_REFLECT, UPSIDE_DOWN)
[ PERFSTAT ]    (samples=13   mean=0.24   median=0.23   min=0.23   stddev=0.00 (0.4%))
[       OK ] Sz_Depth_Cn_Inter_Border_Mode_Remap.Remap/1073 (27 ms)
[ RUN      ] Sz_Depth_Cn_Inter_Border_Mode_Remap.Remap/1074, where GetParam() = (1280x1024, CV_32F, BGRA, INTER_CUBIC, BORDER_REFLECT, REFLECTION_X)
[ PERFSTAT ]    (samples=13   mean=0.23   median=0.23   min=0.23   stddev=0.00 (0.3%))
[       OK ] Sz_Depth_Cn_Inter_Border_Mode_Remap.Remap/1074 (27 ms)
[ RUN      ] Sz_Depth_Cn_Inter_Border_Mode_Remap.Remap/1075, where GetParam() = (1280x1024, CV_32F, BGRA, INTER_CUBIC, BORDER_REFLECT, REFLECTION_BOTH)
[ PERFSTAT ]    (samples=13   mean=0.24   median=0.23   min=0.23   stddev=0.00 (0.5%))
[       OK ] Sz_Depth_Cn_Inter_Border_Mode_Remap.Remap/1075 (27 ms)
[ RUN      ] Sz_Depth_Cn_Inter_Border_Mode_Remap.Remap/1076, where GetParam() = (1280x1024, CV_32F, BGRA, INTER_CUBIC, BORDER_WRAP, HALF_SIZE)
[ PERFSTAT ]    (samples=13   mean=0.21   median=0.21   min=0.21   stddev=0.00 (0.5%))
[       OK ] Sz_Depth_Cn_Inter_Border_Mode_Remap.Remap/1076 (29 ms)
[ RUN      ] Sz_Depth_Cn_Inter_Border_Mode_Remap.Remap/1077, where GetParam() = (1280x1024, CV_32F, BGRA, INTER_CUBIC, BORDER_WRAP, UPSIDE_DOWN)
[ PERFSTAT ]    (samples=13   mean=0.20   median=0.20   min=0.20   stddev=0.00 (0.5%))
[       OK ] Sz_Depth_Cn_Inter_Border_Mode_Remap.Remap/1077 (27 ms)
[ RUN      ] Sz_Depth_Cn_Inter_Border_Mode_Remap.Remap/1078, where GetParam() = (1280x1024, CV_32F, BGRA, INTER_CUBIC, BORDER_WRAP, REFLECTION_X)
[ PERFSTAT ]    (samples=13   mean=0.20   median=0.20   min=0.20   stddev=0.00 (0.4%))
[       OK ] Sz_Depth_Cn_Inter_Border_Mode_Remap.Remap/1078 (26 ms)
[ RUN      ] Sz_Depth_Cn_Inter_Border_Mode_Remap.Remap/1079, where GetParam() = (1280x1024, CV_32F, BGRA, INTER_CUBIC, BORDER_WRAP, REFLECTION_BOTH)
[ PERFSTAT ]    (samples=13   mean=0.20   median=0.20   min=0.20   stddev=0.00 (0.5%))
[       OK ] Sz_Depth_Cn_Inter_Border_Mode_Remap.Remap/1079 (27 ms)
[ RUN      ] Sz_Depth_Cn_Inter_Border_Mode_Remap.Remap/1080, where GetParam() = (1920x1080, CV_8U, Gray, INTER_NEAREST, BORDER_REFLECT101, HALF_SIZE)
[ PERFSTAT ]    (samples=23   mean=0.04   median=0.04   min=0.03   stddev=0.00 (3.0%))
[       OK ] Sz_Depth_Cn_Inter_Border_Mode_Remap.Remap/1080 (15 ms)
[ RUN      ] Sz_Depth_Cn_Inter_Border_Mode_Remap.Remap/1081, where GetParam() = (1920x1080, CV_8U, Gray, INTER_NEAREST, BORDER_REFLECT101, UPSIDE_DOWN)
[ PERFSTAT ]    (samples=13   mean=0.04   median=0.04   min=0.04   stddev=0.00 (2.2%))
[       OK ] Sz_Depth_Cn_Inter_Border_Mode_Remap.Remap/1081 (9 ms)
[ RUN      ] Sz_Depth_Cn_Inter_Border_Mode_Remap.Remap/1082, where GetParam() = (1920x1080, CV_8U, Gray, INTER_NEAREST, BORDER_REFLECT101, REFLECTION_X)
[ PERFSTAT ]    (samples=13   mean=0.04   median=0.04   min=0.04   stddev=0.00 (2.0%))
[       OK ] Sz_Depth_Cn_Inter_Border_Mode_Remap.Remap/1082 (9 ms)
[ RUN      ] Sz_Depth_Cn_Inter_Border_Mode_Remap.Remap/1083, where GetParam() = (1920x1080, CV_8U, Gray, INTER_NEAREST, BORDER_REFLECT101, REFLECTION_BOTH)
[ PERFSTAT ]    (samples=13   mean=0.04   median=0.04   min=0.04   stddev=0.00 (2.3%))
[       OK ] Sz_Depth_Cn_Inter_Border_Mode_Remap.Remap/1083 (9 ms)
[ RUN      ] Sz_Depth_Cn_Inter_Border_Mode_Remap.Remap/1084, where GetParam() = (1920x1080, CV_8U, Gray, INTER_NEAREST, BORDER_REPLICATE, HALF_SIZE)
[ PERFSTAT ]    (samples=25   mean=0.03   median=0.03   min=0.02   stddev=0.00 (1.2%))
[       OK ] Sz_Depth_Cn_Inter_Border_Mode_Remap.Remap/1084 (12 ms)
[ RUN      ] Sz_Depth_Cn_Inter_Border_Mode_Remap.Remap/1085, where GetParam() = (1920x1080, CV_8U, Gray, INTER_NEAREST, BORDER_REPLICATE, UPSIDE_DOWN)
[ PERFSTAT ]    (samples=25   mean=0.03   median=0.03   min=0.03   stddev=0.00 (1.3%))
[       OK ] Sz_Depth_Cn_Inter_Border_Mode_Remap.Remap/1085 (9 ms)
[ RUN      ] Sz_Depth_Cn_Inter_Border_Mode_Remap.Remap/1086, where GetParam() = (1920x1080, CV_8U, Gray, INTER_NEAREST, BORDER_REPLICATE, REFLECTION_X)
[ PERFSTAT ]    (samples=25   mean=0.03   median=0.03   min=0.03   stddev=0.00 (1.5%))
[       OK ] Sz_Depth_Cn_Inter_Border_Mode_Remap.Remap/1086 (10 ms)
[ RUN      ] Sz_Depth_Cn_Inter_Border_Mode_Remap.Remap/1087, where GetParam() = (1920x1080, CV_8U, Gray, INTER_NEAREST, BORDER_REPLICATE, REFLECTION_BOTH)
[ PERFSTAT ]    (samples=17   mean=0.03   median=0.03   min=0.03   stddev=0.00 (3.0%))
[       OK ] Sz_Depth_Cn_Inter_Border_Mode_Remap.Remap/1087 (9 ms)
[ RUN      ] Sz_Depth_Cn_Inter_Border_Mode_Remap.Remap/1088, where GetParam() = (1920x1080, CV_8U, Gray, INTER_NEAREST, BORDER_CONSTANT, HALF_SIZE)
[ PERFSTAT ]    (samples=25   mean=0.03   median=0.03   min=0.03   stddev=0.00 (1.7%))
[       OK ] Sz_Depth_Cn_Inter_Border_Mode_Remap.Remap/1088 (12 ms)
[ RUN      ] Sz_Depth_Cn_Inter_Border_Mode_Remap.Remap/1089, where GetParam() = (1920x1080, CV_8U, Gray, INTER_NEAREST, BORDER_CONSTANT, UPSIDE_DOWN)
[ PERFSTAT ]    (samples=25   mean=0.03   median=0.03   min=0.03   stddev=0.00 (2.2%))
[       OK ] Sz_Depth_Cn_Inter_Border_Mode_Remap.Remap/1089 (9 ms)
[ RUN      ] Sz_Depth_Cn_Inter_Border_Mode_Remap.Remap/1090, where GetParam() = (1920x1080, CV_8U, Gray, INTER_NEAREST, BORDER_CONSTANT, REFLECTION_X)
[ PERFSTAT ]    (samples=13   mean=0.03   median=0.03   min=0.03   stddev=0.00 (2.8%))
[       OK ] Sz_Depth_Cn_Inter_Border_Mode_Remap.Remap/1090 (9 ms)
[ RUN      ] Sz_Depth_Cn_Inter_Border_Mode_Remap.Remap/1091, where GetParam() = (1920x1080, CV_8U, Gray, INTER_NEAREST, BORDER_CONSTANT, REFLECTION_BOTH)
[ PERFSTAT ]    (samples=25   mean=0.03   median=0.03   min=0.03   stddev=0.00 (2.6%))
[       OK ] Sz_Depth_Cn_Inter_Border_Mode_Remap.Remap/1091 (10 ms)
[ RUN      ] Sz_Depth_Cn_Inter_Border_Mode_Remap.Remap/1092, where GetParam() = (1920x1080, CV_8U, Gray, INTER_NEAREST, BORDER_REFLECT, HALF_SIZE)
[ PERFSTAT ]    (samples=13   mean=0.04   median=0.04   min=0.03   stddev=0.00 (1.8%))
[       OK ] Sz_Depth_Cn_Inter_Border_Mode_Remap.Remap/1092 (11 ms)
[ RUN      ] Sz_Depth_Cn_Inter_Border_Mode_Remap.Remap/1093, where GetParam() = (1920x1080, CV_8U, Gray, INTER_NEAREST, BORDER_REFLECT, UPSIDE_DOWN)
[ PERFSTAT ]    (samples=13   mean=0.04   median=0.04   min=0.04   stddev=0.00 (1.6%))
[       OK ] Sz_Depth_Cn_Inter_Border_Mode_Remap.Remap/1093 (10 ms)
[ RUN      ] Sz_Depth_Cn_Inter_Border_Mode_Remap.Remap/1094, where GetParam() = (1920x1080, CV_8U, Gray, INTER_NEAREST, BORDER_REFLECT, REFLECTION_X)
[ PERFSTAT ]    (samples=13   mean=0.04   median=0.04   min=0.03   stddev=0.00 (2.2%))
[       OK ] Sz_Depth_Cn_Inter_Border_Mode_Remap.Remap/1094 (9 ms)
[ RUN      ] Sz_Depth_Cn_Inter_Border_Mode_Remap.Remap/1095, where GetParam() = (1920x1080, CV_8U, Gray, INTER_NEAREST, BORDER_REFLECT, REFLECTION_BOTH)
[ PERFSTAT ]    (samples=13   mean=0.04   median=0.04   min=0.03   stddev=0.00 (2.0%))
[       OK ] Sz_Depth_Cn_Inter_Border_Mode_Remap.Remap/1095 (9 ms)
[ RUN      ] Sz_Depth_Cn_Inter_Border_Mode_Remap.Remap/1096, where GetParam() = (1920x1080, CV_8U, Gray, INTER_NEAREST, BORDER_WRAP, HALF_SIZE)
[ PERFSTAT ]    (samples=13   mean=0.03   median=0.03   min=0.03   stddev=0.00 (2.8%))
[       OK ] Sz_Depth_Cn_Inter_Border_Mode_Remap.Remap/1096 (12 ms)
[ RUN      ] Sz_Depth_Cn_Inter_Border_Mode_Remap.Remap/1097, where GetParam() = (1920x1080, CV_8U, Gray, INTER_NEAREST, BORDER_WRAP, UPSIDE_DOWN)
[ PERFSTAT ]    (samples=15   mean=0.03   median=0.03   min=0.03   stddev=0.00 (3.0%))
[       OK ] Sz_Depth_Cn_Inter_Border_Mode_Remap.Remap/1097 (9 ms)
[ RUN      ] Sz_Depth_Cn_Inter_Border_Mode_Remap.Remap/1098, where GetParam() = (1920x1080, CV_8U, Gray, INTER_NEAREST, BORDER_WRAP, REFLECTION_X)
[ PERFSTAT ]    (samples=25   mean=0.03   median=0.03   min=0.03   stddev=0.00 (2.5%))
[       OK ] Sz_Depth_Cn_Inter_Border_Mode_Remap.Remap/1098 (9 ms)
[ RUN      ] Sz_Depth_Cn_Inter_Border_Mode_Remap.Remap/1099, where GetParam() = (1920x1080, CV_8U, Gray, INTER_NEAREST, BORDER_WRAP, REFLECTION_BOTH)
[ PERFSTAT ]    (samples=25   mean=0.03   median=0.03   min=0.03   stddev=0.00 (2.4%))
[       OK ] Sz_Depth_Cn_Inter_Border_Mode_Remap.Remap/1099 (9 ms)
[ RUN      ] Sz_Depth_Cn_Inter_Border_Mode_Remap.Remap/1100, where GetParam() = (1920x1080, CV_8U, Gray, INTER_LINEAR, BORDER_REFLECT101, HALF_SIZE)
[ PERFSTAT ]    (samples=13   mean=0.05   median=0.05   min=0.05   stddev=0.00 (1.5%))
[       OK ] Sz_Depth_Cn_Inter_Border_Mode_Remap.Remap/1100 (12 ms)
[ RUN      ] Sz_Depth_Cn_Inter_Border_Mode_Remap.Remap/1101, where GetParam() = (1920x1080, CV_8U, Gray, INTER_LINEAR, BORDER_REFLECT101, UPSIDE_DOWN)
[ PERFSTAT ]    (samples=13   mean=0.05   median=0.05   min=0.05   stddev=0.00 (1.5%))
[       OK ] Sz_Depth_Cn_Inter_Border_Mode_Remap.Remap/1101 (10 ms)
[ RUN      ] Sz_Depth_Cn_Inter_Border_Mode_Remap.Remap/1102, where GetParam() = (1920x1080, CV_8U, Gray, INTER_LINEAR, BORDER_REFLECT101, REFLECTION_X)
[ PERFSTAT ]    (samples=13   mean=0.05   median=0.05   min=0.05   stddev=0.00 (1.1%))
[       OK ] Sz_Depth_Cn_Inter_Border_Mode_Remap.Remap/1102 (9 ms)
[ RUN      ] Sz_Depth_Cn_Inter_Border_Mode_Remap.Remap/1103, where GetParam() = (1920x1080, CV_8U, Gray, INTER_LINEAR, BORDER_REFLECT101, REFLECTION_BOTH)
[ PERFSTAT ]    (samples=13   mean=0.05   median=0.05   min=0.05   stddev=0.00 (1.1%))
[       OK ] Sz_Depth_Cn_Inter_Border_Mode_Remap.Remap/1103 (9 ms)
[ RUN      ] Sz_Depth_Cn_Inter_Border_Mode_Remap.Remap/1104, where GetParam() = (1920x1080, CV_8U, Gray, INTER_LINEAR, BORDER_REPLICATE, HALF_SIZE)
[ PERFSTAT ]    (samples=13   mean=0.03   median=0.03   min=0.03   stddev=0.00 (1.7%))
[       OK ] Sz_Depth_Cn_Inter_Border_Mode_Remap.Remap/1104 (12 ms)
[ RUN      ] Sz_Depth_Cn_Inter_Border_Mode_Remap.Remap/1105, where GetParam() = (1920x1080, CV_8U, Gray, INTER_LINEAR, BORDER_REPLICATE, UPSIDE_DOWN)
[ PERFSTAT ]    (samples=13   mean=0.04   median=0.03   min=0.03   stddev=0.00 (2.0%))
[       OK ] Sz_Depth_Cn_Inter_Border_Mode_Remap.Remap/1105 (9 ms)
[ RUN      ] Sz_Depth_Cn_Inter_Border_Mode_Remap.Remap/1106, where GetParam() = (1920x1080, CV_8U, Gray, INTER_LINEAR, BORDER_REPLICATE, REFLECTION_X)
[ PERFSTAT ]    (samples=13   mean=0.03   median=0.03   min=0.03   stddev=0.00 (2.2%))
[       OK ] Sz_Depth_Cn_Inter_Border_Mode_Remap.Remap/1106 (9 ms)
[ RUN      ] Sz_Depth_Cn_Inter_Border_Mode_Remap.Remap/1107, where GetParam() = (1920x1080, CV_8U, Gray, INTER_LINEAR, BORDER_REPLICATE, REFLECTION_BOTH)
[ PERFSTAT ]    (samples=13   mean=0.04   median=0.03   min=0.03   stddev=0.00 (2.1%))
[       OK ] Sz_Depth_Cn_Inter_Border_Mode_Remap.Remap/1107 (9 ms)
[ RUN      ] Sz_Depth_Cn_Inter_Border_Mode_Remap.Remap/1108, where GetParam() = (1920x1080, CV_8U, Gray, INTER_LINEAR, BORDER_CONSTANT, HALF_SIZE)
[ PERFSTAT ]    (samples=13   mean=0.04   median=0.04   min=0.03   stddev=0.00 (2.1%))
[       OK ] Sz_Depth_Cn_Inter_Border_Mode_Remap.Remap/1108 (12 ms)
[ RUN      ] Sz_Depth_Cn_Inter_Border_Mode_Remap.Remap/1109, where GetParam() = (1920x1080, CV_8U, Gray, INTER_LINEAR, BORDER_CONSTANT, UPSIDE_DOWN)
[ PERFSTAT ]    (samples=13   mean=0.04   median=0.04   min=0.03   stddev=0.00 (1.8%))
[       OK ] Sz_Depth_Cn_Inter_Border_Mode_Remap.Remap/1109 (9 ms)
[ RUN      ] Sz_Depth_Cn_Inter_Border_Mode_Remap.Remap/1110, where GetParam() = (1920x1080, CV_8U, Gray, INTER_LINEAR, BORDER_CONSTANT, REFLECTION_X)
[ PERFSTAT ]    (samples=22   mean=0.04   median=0.03   min=0.03   stddev=0.00 (3.0%))
[       OK ] Sz_Depth_Cn_Inter_Border_Mode_Remap.Remap/1110 (9 ms)
[ RUN      ] Sz_Depth_Cn_Inter_Border_Mode_Remap.Remap/1111, where GetParam() = (1920x1080, CV_8U, Gray, INTER_LINEAR, BORDER_CONSTANT, REFLECTION_BOTH)
[ PERFSTAT ]    (samples=25   mean=0.04   median=0.03   min=0.03   stddev=0.00 (1.7%))
[       OK ] Sz_Depth_Cn_Inter_Border_Mode_Remap.Remap/1111 (10 ms)
[ RUN      ] Sz_Depth_Cn_Inter_Border_Mode_Remap.Remap/1112, where GetParam() = (1920x1080, CV_8U, Gray, INTER_LINEAR, BORDER_REFLECT, HALF_SIZE)
[ PERFSTAT ]    (samples=13   mean=0.05   median=0.05   min=0.05   stddev=0.00 (2.2%))
[       OK ] Sz_Depth_Cn_Inter_Border_Mode_Remap.Remap/1112 (12 ms)
[ RUN      ] Sz_Depth_Cn_Inter_Border_Mode_Remap.Remap/1113, where GetParam() = (1920x1080, CV_8U, Gray, INTER_LINEAR, BORDER_REFLECT, UPSIDE_DOWN)
[ PERFSTAT ]    (samples=15   mean=0.05   median=0.05   min=0.05   stddev=0.00 (2.9%))
[       OK ] Sz_Depth_Cn_Inter_Border_Mode_Remap.Remap/1113 (9 ms)
[ RUN      ] Sz_Depth_Cn_Inter_Border_Mode_Remap.Remap/1114, where GetParam() = (1920x1080, CV_8U, Gray, INTER_LINEAR, BORDER_REFLECT, REFLECTION_X)
[ PERFSTAT ]    (samples=13   mean=0.05   median=0.05   min=0.05   stddev=0.00 (2.1%))
[       OK ] Sz_Depth_Cn_Inter_Border_Mode_Remap.Remap/1114 (10 ms)
[ RUN      ] Sz_Depth_Cn_Inter_Border_Mode_Remap.Remap/1115, where GetParam() = (1920x1080, CV_8U, Gray, INTER_LINEAR, BORDER_REFLECT, REFLECTION_BOTH)
[ PERFSTAT ]    (samples=13   mean=0.05   median=0.05   min=0.05   stddev=0.00 (1.4%))
[       OK ] Sz_Depth_Cn_Inter_Border_Mode_Remap.Remap/1115 (9 ms)
[ RUN      ] Sz_Depth_Cn_Inter_Border_Mode_Remap.Remap/1116, where GetParam() = (1920x1080, CV_8U, Gray, INTER_LINEAR, BORDER_WRAP, HALF_SIZE)
[ PERFSTAT ]    (samples=24   mean=0.04   median=0.04   min=0.04   stddev=0.00 (3.0%))
[       OK ] Sz_Depth_Cn_Inter_Border_Mode_Remap.Remap/1116 (12 ms)
[ RUN      ] Sz_Depth_Cn_Inter_Border_Mode_Remap.Remap/1117, where GetParam() = (1920x1080, CV_8U, Gray, INTER_LINEAR, BORDER_WRAP, UPSIDE_DOWN)
[ PERFSTAT ]    (samples=13   mean=0.04   median=0.04   min=0.04   stddev=0.00 (1.9%))
[       OK ] Sz_Depth_Cn_Inter_Border_Mode_Remap.Remap/1117 (10 ms)
[ RUN      ] Sz_Depth_Cn_Inter_Border_Mode_Remap.Remap/1118, where GetParam() = (1920x1080, CV_8U, Gray, INTER_LINEAR, BORDER_WRAP, REFLECTION_X)
[ PERFSTAT ]    (samples=13   mean=0.04   median=0.04   min=0.04   stddev=0.00 (1.4%))
[       OK ] Sz_Depth_Cn_Inter_Border_Mode_Remap.Remap/1118 (9 ms)
[ RUN      ] Sz_Depth_Cn_Inter_Border_Mode_Remap.Remap/1119, where GetParam() = (1920x1080, CV_8U, Gray, INTER_LINEAR, BORDER_WRAP, REFLECTION_BOTH)
[ PERFSTAT ]    (samples=13   mean=0.04   median=0.04   min=0.04   stddev=0.00 (1.5%))
[       OK ] Sz_Depth_Cn_Inter_Border_Mode_Remap.Remap/1119 (9 ms)
[ RUN      ] Sz_Depth_Cn_Inter_Border_Mode_Remap.Remap/1120, where GetParam() = (1920x1080, CV_8U, Gray, INTER_CUBIC, BORDER_REFLECT101, HALF_SIZE)
[ PERFSTAT ]    (samples=13   mean=0.27   median=0.27   min=0.26   stddev=0.00 (0.4%))
[       OK ] Sz_Depth_Cn_Inter_Border_Mode_Remap.Remap/1120 (15 ms)
[ RUN      ] Sz_Depth_Cn_Inter_Border_Mode_Remap.Remap/1121, where GetParam() = (1920x1080, CV_8U, Gray, INTER_CUBIC, BORDER_REFLECT101, UPSIDE_DOWN)
[ PERFSTAT ]    (samples=13   mean=0.29   median=0.29   min=0.28   stddev=0.00 (0.4%))
[       OK ] Sz_Depth_Cn_Inter_Border_Mode_Remap.Remap/1121 (12 ms)
[ RUN      ] Sz_Depth_Cn_Inter_Border_Mode_Remap.Remap/1122, where GetParam() = (1920x1080, CV_8U, Gray, INTER_CUBIC, BORDER_REFLECT101, REFLECTION_X)
[ PERFSTAT ]    (samples=13   mean=0.29   median=0.29   min=0.28   stddev=0.00 (0.4%))
[       OK ] Sz_Depth_Cn_Inter_Border_Mode_Remap.Remap/1122 (13 ms)
[ RUN      ] Sz_Depth_Cn_Inter_Border_Mode_Remap.Remap/1123, where GetParam() = (1920x1080, CV_8U, Gray, INTER_CUBIC, BORDER_REFLECT101, REFLECTION_BOTH)
[ PERFSTAT ]    (samples=13   mean=0.29   median=0.29   min=0.28   stddev=0.00 (0.5%))
[       OK ] Sz_Depth_Cn_Inter_Border_Mode_Remap.Remap/1123 (12 ms)
[ RUN      ] Sz_Depth_Cn_Inter_Border_Mode_Remap.Remap/1124, where GetParam() = (1920x1080, CV_8U, Gray, INTER_CUBIC, BORDER_REPLICATE, HALF_SIZE)
[ PERFSTAT ]    (samples=13   mean=0.14   median=0.14   min=0.14   stddev=0.00 (1.3%))
[       OK ] Sz_Depth_Cn_Inter_Border_Mode_Remap.Remap/1124 (13 ms)
[ RUN      ] Sz_Depth_Cn_Inter_Border_Mode_Remap.Remap/1125, where GetParam() = (1920x1080, CV_8U, Gray, INTER_CUBIC, BORDER_REPLICATE, UPSIDE_DOWN)
[ PERFSTAT ]    (samples=13   mean=0.15   median=0.15   min=0.15   stddev=0.00 (1.4%))
[       OK ] Sz_Depth_Cn_Inter_Border_Mode_Remap.Remap/1125 (11 ms)
[ RUN      ] Sz_Depth_Cn_Inter_Border_Mode_Remap.Remap/1126, where GetParam() = (1920x1080, CV_8U, Gray, INTER_CUBIC, BORDER_REPLICATE, REFLECTION_X)
[ PERFSTAT ]    (samples=13   mean=0.15   median=0.15   min=0.15   stddev=0.00 (1.6%))
[       OK ] Sz_Depth_Cn_Inter_Border_Mode_Remap.Remap/1126 (11 ms)
[ RUN      ] Sz_Depth_Cn_Inter_Border_Mode_Remap.Remap/1127, where GetParam() = (1920x1080, CV_8U, Gray, INTER_CUBIC, BORDER_REPLICATE, REFLECTION_BOTH)
[ PERFSTAT ]    (samples=13   mean=0.15   median=0.15   min=0.15   stddev=0.00 (1.2%))
[       OK ] Sz_Depth_Cn_Inter_Border_Mode_Remap.Remap/1127 (10 ms)
[ RUN      ] Sz_Depth_Cn_Inter_Border_Mode_Remap.Remap/1128, where GetParam() = (1920x1080, CV_8U, Gray, INTER_CUBIC, BORDER_CONSTANT, HALF_SIZE)
[ PERFSTAT ]    (samples=13   mean=0.14   median=0.14   min=0.14   stddev=0.00 (1.2%))
[       OK ] Sz_Depth_Cn_Inter_Border_Mode_Remap.Remap/1128 (13 ms)
[ RUN      ] Sz_Depth_Cn_Inter_Border_Mode_Remap.Remap/1129, where GetParam() = (1920x1080, CV_8U, Gray, INTER_CUBIC, BORDER_CONSTANT, UPSIDE_DOWN)
[ PERFSTAT ]    (samples=13   mean=0.16   median=0.16   min=0.16   stddev=0.00 (1.3%))
[       OK ] Sz_Depth_Cn_Inter_Border_Mode_Remap.Remap/1129 (11 ms)
[ RUN      ] Sz_Depth_Cn_Inter_Border_Mode_Remap.Remap/1130, where GetParam() = (1920x1080, CV_8U, Gray, INTER_CUBIC, BORDER_CONSTANT, REFLECTION_X)
[ PERFSTAT ]    (samples=13   mean=0.16   median=0.16   min=0.16   stddev=0.00 (1.2%))
[       OK ] Sz_Depth_Cn_Inter_Border_Mode_Remap.Remap/1130 (11 ms)
[ RUN      ] Sz_Depth_Cn_Inter_Border_Mode_Remap.Remap/1131, where GetParam() = (1920x1080, CV_8U, Gray, INTER_CUBIC, BORDER_CONSTANT, REFLECTION_BOTH)
[ PERFSTAT ]    (samples=13   mean=0.16   median=0.16   min=0.16   stddev=0.00 (1.4%))
[       OK ] Sz_Depth_Cn_Inter_Border_Mode_Remap.Remap/1131 (11 ms)
[ RUN      ] Sz_Depth_Cn_Inter_Border_Mode_Remap.Remap/1132, where GetParam() = (1920x1080, CV_8U, Gray, INTER_CUBIC, BORDER_REFLECT, HALF_SIZE)
[ PERFSTAT ]    (samples=13   mean=0.31   median=0.31   min=0.31   stddev=0.00 (0.3%))
[       OK ] Sz_Depth_Cn_Inter_Border_Mode_Remap.Remap/1132 (15 ms)
[ RUN      ] Sz_Depth_Cn_Inter_Border_Mode_Remap.Remap/1133, where GetParam() = (1920x1080, CV_8U, Gray, INTER_CUBIC, BORDER_REFLECT, UPSIDE_DOWN)
[ PERFSTAT ]    (samples=13   mean=0.34   median=0.34   min=0.34   stddev=0.00 (0.2%))
[       OK ] Sz_Depth_Cn_Inter_Border_Mode_Remap.Remap/1133 (13 ms)
[ RUN      ] Sz_Depth_Cn_Inter_Border_Mode_Remap.Remap/1134, where GetParam() = (1920x1080, CV_8U, Gray, INTER_CUBIC, BORDER_REFLECT, REFLECTION_X)
[ PERFSTAT ]    (samples=13   mean=0.34   median=0.34   min=0.34   stddev=0.00 (0.2%))
[       OK ] Sz_Depth_Cn_Inter_Border_Mode_Remap.Remap/1134 (15 ms)
[ RUN      ] Sz_Depth_Cn_Inter_Border_Mode_Remap.Remap/1135, where GetParam() = (1920x1080, CV_8U, Gray, INTER_CUBIC, BORDER_REFLECT, REFLECTION_BOTH)
[ PERFSTAT ]    (samples=13   mean=0.34   median=0.34   min=0.34   stddev=0.00 (0.2%))
[       OK ] Sz_Depth_Cn_Inter_Border_Mode_Remap.Remap/1135 (12 ms)
[ RUN      ] Sz_Depth_Cn_Inter_Border_Mode_Remap.Remap/1136, where GetParam() = (1920x1080, CV_8U, Gray, INTER_CUBIC, BORDER_WRAP, HALF_SIZE)
[ PERFSTAT ]    (samples=13   mean=0.29   median=0.29   min=0.28   stddev=0.00 (0.3%))
[       OK ] Sz_Depth_Cn_Inter_Border_Mode_Remap.Remap/1136 (16 ms)
[ RUN      ] Sz_Depth_Cn_Inter_Border_Mode_Remap.Remap/1137, where GetParam() = (1920x1080, CV_8U, Gray, INTER_CUBIC, BORDER_WRAP, UPSIDE_DOWN)
[ PERFSTAT ]    (samples=13   mean=0.24   median=0.24   min=0.24   stddev=0.00 (0.9%))
[       OK ] Sz_Depth_Cn_Inter_Border_Mode_Remap.Remap/1137 (11 ms)
[ RUN      ] Sz_Depth_Cn_Inter_Border_Mode_Remap.Remap/1138, where GetParam() = (1920x1080, CV_8U, Gray, INTER_CUBIC, BORDER_WRAP, REFLECTION_X)
[ PERFSTAT ]    (samples=13   mean=0.24   median=0.24   min=0.24   stddev=0.00 (0.4%))
[       OK ] Sz_Depth_Cn_Inter_Border_Mode_Remap.Remap/1138 (12 ms)
[ RUN      ] Sz_Depth_Cn_Inter_Border_Mode_Remap.Remap/1139, where GetParam() = (1920x1080, CV_8U, Gray, INTER_CUBIC, BORDER_WRAP, REFLECTION_BOTH)
[ PERFSTAT ]    (samples=13   mean=0.24   median=0.24   min=0.24   stddev=0.00 (0.5%))
[       OK ] Sz_Depth_Cn_Inter_Border_Mode_Remap.Remap/1139 (12 ms)
[ RUN      ] Sz_Depth_Cn_Inter_Border_Mode_Remap.Remap/1140, where GetParam() = (1920x1080, CV_8U, BGR, INTER_NEAREST, BORDER_REFLECT101, HALF_SIZE)
[ PERFSTAT ]    (samples=13   mean=0.04   median=0.04   min=0.03   stddev=0.00 (1.3%))
[       OK ] Sz_Depth_Cn_Inter_Border_Mode_Remap.Remap/1140 (18 ms)
[ RUN      ] Sz_Depth_Cn_Inter_Border_Mode_Remap.Remap/1141, where GetParam() = (1920x1080, CV_8U, BGR, INTER_NEAREST, BORDER_REFLECT101, UPSIDE_DOWN)
[ PERFSTAT ]    (samples=13   mean=0.04   median=0.04   min=0.04   stddev=0.00 (2.2%))
[       OK ] Sz_Depth_Cn_Inter_Border_Mode_Remap.Remap/1141 (13 ms)
[ RUN      ] Sz_Depth_Cn_Inter_Border_Mode_Remap.Remap/1142, where GetParam() = (1920x1080, CV_8U, BGR, INTER_NEAREST, BORDER_REFLECT101, REFLECTION_X)
[ PERFSTAT ]    (samples=13   mean=0.04   median=0.04   min=0.04   stddev=0.00 (1.6%))
[       OK ] Sz_Depth_Cn_Inter_Border_Mode_Remap.Remap/1142 (13 ms)
[ RUN      ] Sz_Depth_Cn_Inter_Border_Mode_Remap.Remap/1143, where GetParam() = (1920x1080, CV_8U, BGR, INTER_NEAREST, BORDER_REFLECT101, REFLECTION_BOTH)
[ PERFSTAT ]    (samples=25   mean=0.04   median=0.04   min=0.04   stddev=0.00 (1.2%))
[       OK ] Sz_Depth_Cn_Inter_Border_Mode_Remap.Remap/1143 (14 ms)
[ RUN      ] Sz_Depth_Cn_Inter_Border_Mode_Remap.Remap/1144, where GetParam() = (1920x1080, CV_8U, BGR, INTER_NEAREST, BORDER_REPLICATE, HALF_SIZE)
[ PERFSTAT ]    (samples=16   mean=0.03   median=0.03   min=0.03   stddev=0.00 (2.9%))
[       OK ] Sz_Depth_Cn_Inter_Border_Mode_Remap.Remap/1144 (16 ms)
[ RUN      ] Sz_Depth_Cn_Inter_Border_Mode_Remap.Remap/1145, where GetParam() = (1920x1080, CV_8U, BGR, INTER_NEAREST, BORDER_REPLICATE, UPSIDE_DOWN)
[ PERFSTAT ]    (samples=25   mean=0.03   median=0.03   min=0.03   stddev=0.00 (2.1%))
[       OK ] Sz_Depth_Cn_Inter_Border_Mode_Remap.Remap/1145 (14 ms)
[ RUN      ] Sz_Depth_Cn_Inter_Border_Mode_Remap.Remap/1146, where GetParam() = (1920x1080, CV_8U, BGR, INTER_NEAREST, BORDER_REPLICATE, REFLECTION_X)
[ PERFSTAT ]    (samples=13   mean=0.03   median=0.03   min=0.03   stddev=0.00 (2.6%))
[       OK ] Sz_Depth_Cn_Inter_Border_Mode_Remap.Remap/1146 (13 ms)
[ RUN      ] Sz_Depth_Cn_Inter_Border_Mode_Remap.Remap/1147, where GetParam() = (1920x1080, CV_8U, BGR, INTER_NEAREST, BORDER_REPLICATE, REFLECTION_BOTH)
[ PERFSTAT ]    (samples=13   mean=0.03   median=0.03   min=0.03   stddev=0.00 (2.7%))
[       OK ] Sz_Depth_Cn_Inter_Border_Mode_Remap.Remap/1147 (13 ms)
[ RUN      ] Sz_Depth_Cn_Inter_Border_Mode_Remap.Remap/1148, where GetParam() = (1920x1080, CV_8U, BGR, INTER_NEAREST, BORDER_CONSTANT, HALF_SIZE)
[ PERFSTAT ]    (samples=13   mean=0.03   median=0.03   min=0.03   stddev=0.00 (2.5%))
[       OK ] Sz_Depth_Cn_Inter_Border_Mode_Remap.Remap/1148 (16 ms)
[ RUN      ] Sz_Depth_Cn_Inter_Border_Mode_Remap.Remap/1149, where GetParam() = (1920x1080, CV_8U, BGR, INTER_NEAREST, BORDER_CONSTANT, UPSIDE_DOWN)
[ PERFSTAT ]    (samples=13   mean=0.03   median=0.03   min=0.03   stddev=0.00 (2.4%))
[       OK ] Sz_Depth_Cn_Inter_Border_Mode_Remap.Remap/1149 (14 ms)
[ RUN      ] Sz_Depth_Cn_Inter_Border_Mode_Remap.Remap/1150, where GetParam() = (1920x1080, CV_8U, BGR, INTER_NEAREST, BORDER_CONSTANT, REFLECTION_X)
[ PERFSTAT ]    (samples=15   mean=0.03   median=0.03   min=0.03   stddev=0.00 (3.0%))
[       OK ] Sz_Depth_Cn_Inter_Border_Mode_Remap.Remap/1150 (13 ms)
[ RUN      ] Sz_Depth_Cn_Inter_Border_Mode_Remap.Remap/1151, where GetParam() = (1920x1080, CV_8U, BGR, INTER_NEAREST, BORDER_CONSTANT, REFLECTION_BOTH)
[ PERFSTAT ]    (samples=13   mean=0.03   median=0.03   min=0.03   stddev=0.00 (2.2%))
[       OK ] Sz_Depth_Cn_Inter_Border_Mode_Remap.Remap/1151 (13 ms)
[ RUN      ] Sz_Depth_Cn_Inter_Border_Mode_Remap.Remap/1152, where GetParam() = (1920x1080, CV_8U, BGR, INTER_NEAREST, BORDER_REFLECT, HALF_SIZE)
[ PERFSTAT ]    (samples=13   mean=0.03   median=0.03   min=0.03   stddev=0.00 (1.5%))
[       OK ] Sz_Depth_Cn_Inter_Border_Mode_Remap.Remap/1152 (17 ms)
[ RUN      ] Sz_Depth_Cn_Inter_Border_Mode_Remap.Remap/1153, where GetParam() = (1920x1080, CV_8U, BGR, INTER_NEAREST, BORDER_REFLECT, UPSIDE_DOWN)
[ PERFSTAT ]    (samples=13   mean=0.04   median=0.04   min=0.04   stddev=0.00 (1.7%))
[       OK ] Sz_Depth_Cn_Inter_Border_Mode_Remap.Remap/1153 (14 ms)
[ RUN      ] Sz_Depth_Cn_Inter_Border_Mode_Remap.Remap/1154, where GetParam() = (1920x1080, CV_8U, BGR, INTER_NEAREST, BORDER_REFLECT, REFLECTION_X)
[ PERFSTAT ]    (samples=13   mean=0.04   median=0.04   min=0.04   stddev=0.00 (1.6%))
[       OK ] Sz_Depth_Cn_Inter_Border_Mode_Remap.Remap/1154 (13 ms)
[ RUN      ] Sz_Depth_Cn_Inter_Border_Mode_Remap.Remap/1155, where GetParam() = (1920x1080, CV_8U, BGR, INTER_NEAREST, BORDER_REFLECT, REFLECTION_BOTH)
[ PERFSTAT ]    (samples=13   mean=0.04   median=0.04   min=0.04   stddev=0.00 (1.7%))
[       OK ] Sz_Depth_Cn_Inter_Border_Mode_Remap.Remap/1155 (13 ms)
[ RUN      ] Sz_Depth_Cn_Inter_Border_Mode_Remap.Remap/1156, where GetParam() = (1920x1080, CV_8U, BGR, INTER_NEAREST, BORDER_WRAP, HALF_SIZE)
[ PERFSTAT ]    (samples=13   mean=0.03   median=0.03   min=0.03   stddev=0.00 (2.0%))
[       OK ] Sz_Depth_Cn_Inter_Border_Mode_Remap.Remap/1156 (16 ms)
[ RUN      ] Sz_Depth_Cn_Inter_Border_Mode_Remap.Remap/1157, where GetParam() = (1920x1080, CV_8U, BGR, INTER_NEAREST, BORDER_WRAP, UPSIDE_DOWN)
[ PERFSTAT ]    (samples=13   mean=0.03   median=0.03   min=0.03   stddev=0.00 (2.5%))
[       OK ] Sz_Depth_Cn_Inter_Border_Mode_Remap.Remap/1157 (13 ms)
[ RUN      ] Sz_Depth_Cn_Inter_Border_Mode_Remap.Remap/1158, where GetParam() = (1920x1080, CV_8U, BGR, INTER_NEAREST, BORDER_WRAP, REFLECTION_X)
[ PERFSTAT ]    (samples=17   mean=0.03   median=0.03   min=0.03   stddev=0.00 (3.0%))
[       OK ] Sz_Depth_Cn_Inter_Border_Mode_Remap.Remap/1158 (14 ms)
[ RUN      ] Sz_Depth_Cn_Inter_Border_Mode_Remap.Remap/1159, where GetParam() = (1920x1080, CV_8U, BGR, INTER_NEAREST, BORDER_WRAP, REFLECTION_BOTH)
[ PERFSTAT ]    (samples=13   mean=0.03   median=0.03   min=0.03   stddev=0.00 (2.0%))
[       OK ] Sz_Depth_Cn_Inter_Border_Mode_Remap.Remap/1159 (13 ms)
[ RUN      ] Sz_Depth_Cn_Inter_Border_Mode_Remap.Remap/1160, where GetParam() = (1920x1080, CV_8U, BGR, INTER_LINEAR, BORDER_REFLECT101, HALF_SIZE)
[ PERFSTAT ]    (samples=13   mean=0.05   median=0.05   min=0.05   stddev=0.00 (0.8%))
[       OK ] Sz_Depth_Cn_Inter_Border_Mode_Remap.Remap/1160 (17 ms)
[ RUN      ] Sz_Depth_Cn_Inter_Border_Mode_Remap.Remap/1161, where GetParam() = (1920x1080, CV_8U, BGR, INTER_LINEAR, BORDER_REFLECT101, UPSIDE_DOWN)
[ PERFSTAT ]    (samples=24   mean=0.06   median=0.06   min=0.05   stddev=0.00 (3.0%))
[       OK ] Sz_Depth_Cn_Inter_Border_Mode_Remap.Remap/1161 (14 ms)
[ RUN      ] Sz_Depth_Cn_Inter_Border_Mode_Remap.Remap/1162, where GetParam() = (1920x1080, CV_8U, BGR, INTER_LINEAR, BORDER_REFLECT101, REFLECTION_X)
[ PERFSTAT ]    (samples=13   mean=0.06   median=0.06   min=0.05   stddev=0.00 (0.5%))
[       OK ] Sz_Depth_Cn_Inter_Border_Mode_Remap.Remap/1162 (14 ms)
[ RUN      ] Sz_Depth_Cn_Inter_Border_Mode_Remap.Remap/1163, where GetParam() = (1920x1080, CV_8U, BGR, INTER_LINEAR, BORDER_REFLECT101, REFLECTION_BOTH)
[ PERFSTAT ]    (samples=13   mean=0.06   median=0.06   min=0.05   stddev=0.00 (1.0%))
[       OK ] Sz_Depth_Cn_Inter_Border_Mode_Remap.Remap/1163 (13 ms)
[ RUN      ] Sz_Depth_Cn_Inter_Border_Mode_Remap.Remap/1164, where GetParam() = (1920x1080, CV_8U, BGR, INTER_LINEAR, BORDER_REPLICATE, HALF_SIZE)
[ PERFSTAT ]    (samples=13   mean=0.04   median=0.04   min=0.04   stddev=0.00 (1.7%))
[       OK ] Sz_Depth_Cn_Inter_Border_Mode_Remap.Remap/1164 (17 ms)
[ RUN      ] Sz_Depth_Cn_Inter_Border_Mode_Remap.Remap/1165, where GetParam() = (1920x1080, CV_8U, BGR, INTER_LINEAR, BORDER_REPLICATE, UPSIDE_DOWN)
[ PERFSTAT ]    (samples=13   mean=0.04   median=0.04   min=0.04   stddev=0.00 (1.7%))
[       OK ] Sz_Depth_Cn_Inter_Border_Mode_Remap.Remap/1165 (13 ms)
[ RUN      ] Sz_Depth_Cn_Inter_Border_Mode_Remap.Remap/1166, where GetParam() = (1920x1080, CV_8U, BGR, INTER_LINEAR, BORDER_REPLICATE, REFLECTION_X)
[ PERFSTAT ]    (samples=13   mean=0.04   median=0.04   min=0.04   stddev=0.00 (1.6%))
[       OK ] Sz_Depth_Cn_Inter_Border_Mode_Remap.Remap/1166 (14 ms)
[ RUN      ] Sz_Depth_Cn_Inter_Border_Mode_Remap.Remap/1167, where GetParam() = (1920x1080, CV_8U, BGR, INTER_LINEAR, BORDER_REPLICATE, REFLECTION_BOTH)
[ PERFSTAT ]    (samples=13   mean=0.04   median=0.04   min=0.04   stddev=0.00 (1.4%))
[       OK ] Sz_Depth_Cn_Inter_Border_Mode_Remap.Remap/1167 (13 ms)
[ RUN      ] Sz_Depth_Cn_Inter_Border_Mode_Remap.Remap/1168, where GetParam() = (1920x1080, CV_8U, BGR, INTER_LINEAR, BORDER_CONSTANT, HALF_SIZE)
[ PERFSTAT ]    (samples=13   mean=0.04   median=0.04   min=0.04   stddev=0.00 (0.9%))
[       OK ] Sz_Depth_Cn_Inter_Border_Mode_Remap.Remap/1168 (17 ms)
[ RUN      ] Sz_Depth_Cn_Inter_Border_Mode_Remap.Remap/1169, where GetParam() = (1920x1080, CV_8U, BGR, INTER_LINEAR, BORDER_CONSTANT, UPSIDE_DOWN)
[ PERFSTAT ]    (samples=13   mean=0.05   median=0.05   min=0.05   stddev=0.00 (1.6%))
[       OK ] Sz_Depth_Cn_Inter_Border_Mode_Remap.Remap/1169 (13 ms)
[ RUN      ] Sz_Depth_Cn_Inter_Border_Mode_Remap.Remap/1170, where GetParam() = (1920x1080, CV_8U, BGR, INTER_LINEAR, BORDER_CONSTANT, REFLECTION_X)
[ PERFSTAT ]    (samples=13   mean=0.05   median=0.04   min=0.04   stddev=0.00 (1.5%))
[       OK ] Sz_Depth_Cn_Inter_Border_Mode_Remap.Remap/1170 (14 ms)
[ RUN      ] Sz_Depth_Cn_Inter_Border_Mode_Remap.Remap/1171, where GetParam() = (1920x1080, CV_8U, BGR, INTER_LINEAR, BORDER_CONSTANT, REFLECTION_BOTH)
[ PERFSTAT ]    (samples=13   mean=0.04   median=0.04   min=0.04   stddev=0.00 (1.1%))
[       OK ] Sz_Depth_Cn_Inter_Border_Mode_Remap.Remap/1171 (14 ms)
[ RUN      ] Sz_Depth_Cn_Inter_Border_Mode_Remap.Remap/1172, where GetParam() = (1920x1080, CV_8U, BGR, INTER_LINEAR, BORDER_REFLECT, HALF_SIZE)
[ PERFSTAT ]    (samples=13   mean=0.05   median=0.05   min=0.05   stddev=0.00 (1.2%))
[       OK ] Sz_Depth_Cn_Inter_Border_Mode_Remap.Remap/1172 (18 ms)
[ RUN      ] Sz_Depth_Cn_Inter_Border_Mode_Remap.Remap/1173, where GetParam() = (1920x1080, CV_8U, BGR, INTER_LINEAR, BORDER_REFLECT, UPSIDE_DOWN)
[ PERFSTAT ]    (samples=13   mean=0.05   median=0.05   min=0.05   stddev=0.00 (0.9%))
[       OK ] Sz_Depth_Cn_Inter_Border_Mode_Remap.Remap/1173 (14 ms)
[ RUN      ] Sz_Depth_Cn_Inter_Border_Mode_Remap.Remap/1174, where GetParam() = (1920x1080, CV_8U, BGR, INTER_LINEAR, BORDER_REFLECT, REFLECTION_X)
[ PERFSTAT ]    (samples=13   mean=0.05   median=0.05   min=0.05   stddev=0.00 (0.8%))
[       OK ] Sz_Depth_Cn_Inter_Border_Mode_Remap.Remap/1174 (15 ms)
[ RUN      ] Sz_Depth_Cn_Inter_Border_Mode_Remap.Remap/1175, where GetParam() = (1920x1080, CV_8U, BGR, INTER_LINEAR, BORDER_REFLECT, REFLECTION_BOTH)
[ PERFSTAT ]    (samples=13   mean=0.05   median=0.05   min=0.05   stddev=0.00 (0.9%))
[       OK ] Sz_Depth_Cn_Inter_Border_Mode_Remap.Remap/1175 (13 ms)
[ RUN      ] Sz_Depth_Cn_Inter_Border_Mode_Remap.Remap/1176, where GetParam() = (1920x1080, CV_8U, BGR, INTER_LINEAR, BORDER_WRAP, HALF_SIZE)
[ PERFSTAT ]    (samples=13   mean=0.05   median=0.05   min=0.05   stddev=0.00 (0.8%))
[       OK ] Sz_Depth_Cn_Inter_Border_Mode_Remap.Remap/1176 (16 ms)
[ RUN      ] Sz_Depth_Cn_Inter_Border_Mode_Remap.Remap/1177, where GetParam() = (1920x1080, CV_8U, BGR, INTER_LINEAR, BORDER_WRAP, UPSIDE_DOWN)
[ PERFSTAT ]    (samples=13   mean=0.05   median=0.05   min=0.05   stddev=0.00 (1.6%))
[       OK ] Sz_Depth_Cn_Inter_Border_Mode_Remap.Remap/1177 (14 ms)
[ RUN      ] Sz_Depth_Cn_Inter_Border_Mode_Remap.Remap/1178, where GetParam() = (1920x1080, CV_8U, BGR, INTER_LINEAR, BORDER_WRAP, REFLECTION_X)
[ PERFSTAT ]    (samples=13   mean=0.05   median=0.05   min=0.05   stddev=0.00 (1.0%))
[       OK ] Sz_Depth_Cn_Inter_Border_Mode_Remap.Remap/1178 (14 ms)
[ RUN      ] Sz_Depth_Cn_Inter_Border_Mode_Remap.Remap/1179, where GetParam() = (1920x1080, CV_8U, BGR, INTER_LINEAR, BORDER_WRAP, REFLECTION_BOTH)
[ PERFSTAT ]    (samples=13   mean=0.05   median=0.05   min=0.05   stddev=0.00 (1.1%))
[       OK ] Sz_Depth_Cn_Inter_Border_Mode_Remap.Remap/1179 (14 ms)
[ RUN      ] Sz_Depth_Cn_Inter_Border_Mode_Remap.Remap/1180, where GetParam() = (1920x1080, CV_8U, BGR, INTER_CUBIC, BORDER_REFLECT101, HALF_SIZE)
[ PERFSTAT ]    (samples=13   mean=0.29   median=0.29   min=0.29   stddev=0.00 (0.5%))
[       OK ] Sz_Depth_Cn_Inter_Border_Mode_Remap.Remap/1180 (19 ms)
[ RUN      ] Sz_Depth_Cn_Inter_Border_Mode_Remap.Remap/1181, where GetParam() = (1920x1080, CV_8U, BGR, INTER_CUBIC, BORDER_REFLECT101, UPSIDE_DOWN)
[ PERFSTAT ]    (samples=13   mean=0.31   median=0.31   min=0.31   stddev=0.00 (0.2%))
[       OK ] Sz_Depth_Cn_Inter_Border_Mode_Remap.Remap/1181 (17 ms)
[ RUN      ] Sz_Depth_Cn_Inter_Border_Mode_Remap.Remap/1182, where GetParam() = (1920x1080, CV_8U, BGR, INTER_CUBIC, BORDER_REFLECT101, REFLECTION_X)
[ PERFSTAT ]    (samples=13   mean=0.31   median=0.31   min=0.31   stddev=0.00 (0.2%))
[       OK ] Sz_Depth_Cn_Inter_Border_Mode_Remap.Remap/1182 (17 ms)
[ RUN      ] Sz_Depth_Cn_Inter_Border_Mode_Remap.Remap/1183, where GetParam() = (1920x1080, CV_8U, BGR, INTER_CUBIC, BORDER_REFLECT101, REFLECTION_BOTH)
[ PERFSTAT ]    (samples=13   mean=0.31   median=0.31   min=0.31   stddev=0.00 (0.6%))
[       OK ] Sz_Depth_Cn_Inter_Border_Mode_Remap.Remap/1183 (17 ms)
[ RUN      ] Sz_Depth_Cn_Inter_Border_Mode_Remap.Remap/1184, where GetParam() = (1920x1080, CV_8U, BGR, INTER_CUBIC, BORDER_REPLICATE, HALF_SIZE)
[ PERFSTAT ]    (samples=13   mean=0.18   median=0.18   min=0.18   stddev=0.00 (1.7%))
[       OK ] Sz_Depth_Cn_Inter_Border_Mode_Remap.Remap/1184 (18 ms)
[ RUN      ] Sz_Depth_Cn_Inter_Border_Mode_Remap.Remap/1185, where GetParam() = (1920x1080, CV_8U, BGR, INTER_CUBIC, BORDER_REPLICATE, UPSIDE_DOWN)
[ PERFSTAT ]    (samples=13   mean=0.19   median=0.19   min=0.19   stddev=0.00 (0.4%))
[       OK ] Sz_Depth_Cn_Inter_Border_Mode_Remap.Remap/1185 (15 ms)
[ RUN      ] Sz_Depth_Cn_Inter_Border_Mode_Remap.Remap/1186, where GetParam() = (1920x1080, CV_8U, BGR, INTER_CUBIC, BORDER_REPLICATE, REFLECTION_X)
[ PERFSTAT ]    (samples=13   mean=0.19   median=0.19   min=0.19   stddev=0.00 (0.3%))
[       OK ] Sz_Depth_Cn_Inter_Border_Mode_Remap.Remap/1186 (16 ms)
[ RUN      ] Sz_Depth_Cn_Inter_Border_Mode_Remap.Remap/1187, where GetParam() = (1920x1080, CV_8U, BGR, INTER_CUBIC, BORDER_REPLICATE, REFLECTION_BOTH)
[ PERFSTAT ]    (samples=13   mean=0.19   median=0.19   min=0.19   stddev=0.00 (0.5%))
[       OK ] Sz_Depth_Cn_Inter_Border_Mode_Remap.Remap/1187 (15 ms)
[ RUN      ] Sz_Depth_Cn_Inter_Border_Mode_Remap.Remap/1188, where GetParam() = (1920x1080, CV_8U, BGR, INTER_CUBIC, BORDER_CONSTANT, HALF_SIZE)
[ PERFSTAT ]    (samples=13   mean=0.18   median=0.18   min=0.18   stddev=0.00 (0.2%))
[       OK ] Sz_Depth_Cn_Inter_Border_Mode_Remap.Remap/1188 (18 ms)
[ RUN      ] Sz_Depth_Cn_Inter_Border_Mode_Remap.Remap/1189, where GetParam() = (1920x1080, CV_8U, BGR, INTER_CUBIC, BORDER_CONSTANT, UPSIDE_DOWN)
[ PERFSTAT ]    (samples=13   mean=0.21   median=0.21   min=0.21   stddev=0.00 (0.3%))
[       OK ] Sz_Depth_Cn_Inter_Border_Mode_Remap.Remap/1189 (15 ms)
[ RUN      ] Sz_Depth_Cn_Inter_Border_Mode_Remap.Remap/1190, where GetParam() = (1920x1080, CV_8U, BGR, INTER_CUBIC, BORDER_CONSTANT, REFLECTION_X)
[ PERFSTAT ]    (samples=13   mean=0.21   median=0.21   min=0.20   stddev=0.00 (0.3%))
[       OK ] Sz_Depth_Cn_Inter_Border_Mode_Remap.Remap/1190 (16 ms)
[ RUN      ] Sz_Depth_Cn_Inter_Border_Mode_Remap.Remap/1191, where GetParam() = (1920x1080, CV_8U, BGR, INTER_CUBIC, BORDER_CONSTANT, REFLECTION_BOTH)
[ PERFSTAT ]    (samples=13   mean=0.21   median=0.21   min=0.21   stddev=0.00 (0.3%))
[       OK ] Sz_Depth_Cn_Inter_Border_Mode_Remap.Remap/1191 (15 ms)
[ RUN      ] Sz_Depth_Cn_Inter_Border_Mode_Remap.Remap/1192, where GetParam() = (1920x1080, CV_8U, BGR, INTER_CUBIC, BORDER_REFLECT, HALF_SIZE)
[ PERFSTAT ]    (samples=13   mean=0.31   median=0.31   min=0.31   stddev=0.00 (0.1%))
[       OK ] Sz_Depth_Cn_Inter_Border_Mode_Remap.Remap/1192 (20 ms)
[ RUN      ] Sz_Depth_Cn_Inter_Border_Mode_Remap.Remap/1193, where GetParam() = (1920x1080, CV_8U, BGR, INTER_CUBIC, BORDER_REFLECT, UPSIDE_DOWN)
[ PERFSTAT ]    (samples=13   mean=0.33   median=0.33   min=0.33   stddev=0.00 (0.1%))
[       OK ] Sz_Depth_Cn_Inter_Border_Mode_Remap.Remap/1193 (17 ms)
[ RUN      ] Sz_Depth_Cn_Inter_Border_Mode_Remap.Remap/1194, where GetParam() = (1920x1080, CV_8U, BGR, INTER_CUBIC, BORDER_REFLECT, REFLECTION_X)
[ PERFSTAT ]    (samples=13   mean=0.33   median=0.33   min=0.33   stddev=0.00 (0.1%))
[       OK ] Sz_Depth_Cn_Inter_Border_Mode_Remap.Remap/1194 (17 ms)
[ RUN      ] Sz_Depth_Cn_Inter_Border_Mode_Remap.Remap/1195, where GetParam() = (1920x1080, CV_8U, BGR, INTER_CUBIC, BORDER_REFLECT, REFLECTION_BOTH)
[ PERFSTAT ]    (samples=13   mean=0.33   median=0.33   min=0.33   stddev=0.00 (0.1%))
[       OK ] Sz_Depth_Cn_Inter_Border_Mode_Remap.Remap/1195 (17 ms)
[ RUN      ] Sz_Depth_Cn_Inter_Border_Mode_Remap.Remap/1196, where GetParam() = (1920x1080, CV_8U, BGR, INTER_CUBIC, BORDER_WRAP, HALF_SIZE)
[ PERFSTAT ]    (samples=13   mean=0.30   median=0.30   min=0.30   stddev=0.00 (0.1%))
[       OK ] Sz_Depth_Cn_Inter_Border_Mode_Remap.Remap/1196 (20 ms)
[ RUN      ] Sz_Depth_Cn_Inter_Border_Mode_Remap.Remap/1197, where GetParam() = (1920x1080, CV_8U, BGR, INTER_CUBIC, BORDER_WRAP, UPSIDE_DOWN)
[ PERFSTAT ]    (samples=13   mean=0.27   median=0.27   min=0.27   stddev=0.00 (0.4%))
[       OK ] Sz_Depth_Cn_Inter_Border_Mode_Remap.Remap/1197 (16 ms)
[ RUN      ] Sz_Depth_Cn_Inter_Border_Mode_Remap.Remap/1198, where GetParam() = (1920x1080, CV_8U, BGR, INTER_CUBIC, BORDER_WRAP, REFLECTION_X)
[ PERFSTAT ]    (samples=13   mean=0.27   median=0.27   min=0.27   stddev=0.00 (0.2%))
[       OK ] Sz_Depth_Cn_Inter_Border_Mode_Remap.Remap/1198 (17 ms)
[ RUN      ] Sz_Depth_Cn_Inter_Border_Mode_Remap.Remap/1199, where GetParam() = (1920x1080, CV_8U, BGR, INTER_CUBIC, BORDER_WRAP, REFLECTION_BOTH)
[ PERFSTAT ]    (samples=13   mean=0.27   median=0.27   min=0.27   stddev=0.00 (0.2%))
[       OK ] Sz_Depth_Cn_Inter_Border_Mode_Remap.Remap/1199 (16 ms)
[ RUN      ] Sz_Depth_Cn_Inter_Border_Mode_Remap.Remap/1200, where GetParam() = (1920x1080, CV_8U, BGRA, INTER_NEAREST, BORDER_REFLECT101, HALF_SIZE)
[ PERFSTAT ]    (samples=13   mean=0.04   median=0.04   min=0.04   stddev=0.00 (3.0%))
[       OK ] Sz_Depth_Cn_Inter_Border_Mode_Remap.Remap/1200 (19 ms)
[ RUN      ] Sz_Depth_Cn_Inter_Border_Mode_Remap.Remap/1201, where GetParam() = (1920x1080, CV_8U, BGRA, INTER_NEAREST, BORDER_REFLECT101, UPSIDE_DOWN)
[ PERFSTAT ]    (samples=14   mean=0.05   median=0.05   min=0.04   stddev=0.00 (2.9%))
[       OK ] Sz_Depth_Cn_Inter_Border_Mode_Remap.Remap/1201 (16 ms)
[ RUN      ] Sz_Depth_Cn_Inter_Border_Mode_Remap.Remap/1202, where GetParam() = (1920x1080, CV_8U, BGRA, INTER_NEAREST, BORDER_REFLECT101, REFLECTION_X)
[ PERFSTAT ]    (samples=13   mean=0.05   median=0.05   min=0.05   stddev=0.00 (2.4%))
[       OK ] Sz_Depth_Cn_Inter_Border_Mode_Remap.Remap/1202 (15 ms)
[ RUN      ] Sz_Depth_Cn_Inter_Border_Mode_Remap.Remap/1203, where GetParam() = (1920x1080, CV_8U, BGRA, INTER_NEAREST, BORDER_REFLECT101, REFLECTION_BOTH)
[ PERFSTAT ]    (samples=13   mean=0.05   median=0.05   min=0.05   stddev=0.00 (2.4%))
[       OK ] Sz_Depth_Cn_Inter_Border_Mode_Remap.Remap/1203 (15 ms)
[ RUN      ] Sz_Depth_Cn_Inter_Border_Mode_Remap.Remap/1204, where GetParam() = (1920x1080, CV_8U, BGRA, INTER_NEAREST, BORDER_REPLICATE, HALF_SIZE)
[ PERFSTAT ]    (samples=25   mean=0.03   median=0.03   min=0.03   stddev=0.00 (2.0%))
[       OK ] Sz_Depth_Cn_Inter_Border_Mode_Remap.Remap/1204 (19 ms)
[ RUN      ] Sz_Depth_Cn_Inter_Border_Mode_Remap.Remap/1205, where GetParam() = (1920x1080, CV_8U, BGRA, INTER_NEAREST, BORDER_REPLICATE, UPSIDE_DOWN)
[ PERFSTAT ]    (samples=25   mean=0.04   median=0.04   min=0.04   stddev=0.00 (1.9%))
[       OK ] Sz_Depth_Cn_Inter_Border_Mode_Remap.Remap/1205 (16 ms)
[ RUN      ] Sz_Depth_Cn_Inter_Border_Mode_Remap.Remap/1206, where GetParam() = (1920x1080, CV_8U, BGRA, INTER_NEAREST, BORDER_REPLICATE, REFLECTION_X)
[ PERFSTAT ]    (samples=25   mean=0.04   median=0.04   min=0.04   stddev=0.00 (1.4%))
[       OK ] Sz_Depth_Cn_Inter_Border_Mode_Remap.Remap/1206 (16 ms)
[ RUN      ] Sz_Depth_Cn_Inter_Border_Mode_Remap.Remap/1207, where GetParam() = (1920x1080, CV_8U, BGRA, INTER_NEAREST, BORDER_REPLICATE, REFLECTION_BOTH)
[ PERFSTAT ]    (samples=19   mean=0.04   median=0.04   min=0.04   stddev=0.00 (2.9%))
[       OK ] Sz_Depth_Cn_Inter_Border_Mode_Remap.Remap/1207 (15 ms)
[ RUN      ] Sz_Depth_Cn_Inter_Border_Mode_Remap.Remap/1208, where GetParam() = (1920x1080, CV_8U, BGRA, INTER_NEAREST, BORDER_CONSTANT, HALF_SIZE)
[ PERFSTAT ]    (samples=27   mean=0.04   median=0.04   min=0.04   stddev=0.00 (2.9%))
[       OK ] Sz_Depth_Cn_Inter_Border_Mode_Remap.Remap/1208 (19 ms)
[ RUN      ] Sz_Depth_Cn_Inter_Border_Mode_Remap.Remap/1209, where GetParam() = (1920x1080, CV_8U, BGRA, INTER_NEAREST, BORDER_CONSTANT, UPSIDE_DOWN)
[ PERFSTAT ]    (samples=18   mean=0.04   median=0.04   min=0.04   stddev=0.00 (3.0%))
[       OK ] Sz_Depth_Cn_Inter_Border_Mode_Remap.Remap/1209 (15 ms)
[ RUN      ] Sz_Depth_Cn_Inter_Border_Mode_Remap.Remap/1210, where GetParam() = (1920x1080, CV_8U, BGRA, INTER_NEAREST, BORDER_CONSTANT, REFLECTION_X)
[ PERFSTAT ]    (samples=14   mean=0.04   median=0.04   min=0.04   stddev=0.00 (2.9%))
[       OK ] Sz_Depth_Cn_Inter_Border_Mode_Remap.Remap/1210 (16 ms)
[ RUN      ] Sz_Depth_Cn_Inter_Border_Mode_Remap.Remap/1211, where GetParam() = (1920x1080, CV_8U, BGRA, INTER_NEAREST, BORDER_CONSTANT, REFLECTION_BOTH)
[ PERFSTAT ]    (samples=25   mean=0.04   median=0.04   min=0.04   stddev=0.00 (2.7%))
[       OK ] Sz_Depth_Cn_Inter_Border_Mode_Remap.Remap/1211 (16 ms)
[ RUN      ] Sz_Depth_Cn_Inter_Border_Mode_Remap.Remap/1212, where GetParam() = (1920x1080, CV_8U, BGRA, INTER_NEAREST, BORDER_REFLECT, HALF_SIZE)
[ PERFSTAT ]    (samples=13   mean=0.04   median=0.04   min=0.04   stddev=0.00 (2.8%))
[       OK ] Sz_Depth_Cn_Inter_Border_Mode_Remap.Remap/1212 (18 ms)
[ RUN      ] Sz_Depth_Cn_Inter_Border_Mode_Remap.Remap/1213, where GetParam() = (1920x1080, CV_8U, BGRA, INTER_NEAREST, BORDER_REFLECT, UPSIDE_DOWN)
[ PERFSTAT ]    (samples=13   mean=0.05   median=0.05   min=0.04   stddev=0.00 (2.7%))
[       OK ] Sz_Depth_Cn_Inter_Border_Mode_Remap.Remap/1213 (16 ms)
[ RUN      ] Sz_Depth_Cn_Inter_Border_Mode_Remap.Remap/1214, where GetParam() = (1920x1080, CV_8U, BGRA, INTER_NEAREST, BORDER_REFLECT, REFLECTION_X)
[ PERFSTAT ]    (samples=13   mean=0.05   median=0.05   min=0.05   stddev=0.00 (2.6%))
[       OK ] Sz_Depth_Cn_Inter_Border_Mode_Remap.Remap/1214 (15 ms)
[ RUN      ] Sz_Depth_Cn_Inter_Border_Mode_Remap.Remap/1215, where GetParam() = (1920x1080, CV_8U, BGRA, INTER_NEAREST, BORDER_REFLECT, REFLECTION_BOTH)
[ PERFSTAT ]    (samples=13   mean=0.05   median=0.05   min=0.05   stddev=0.00 (2.3%))
[       OK ] Sz_Depth_Cn_Inter_Border_Mode_Remap.Remap/1215 (15 ms)
[ RUN      ] Sz_Depth_Cn_Inter_Border_Mode_Remap.Remap/1216, where GetParam() = (1920x1080, CV_8U, BGRA, INTER_NEAREST, BORDER_WRAP, HALF_SIZE)
[ PERFSTAT ]    (samples=13   mean=0.04   median=0.04   min=0.04   stddev=0.00 (2.9%))
[       OK ] Sz_Depth_Cn_Inter_Border_Mode_Remap.Remap/1216 (19 ms)
[ RUN      ] Sz_Depth_Cn_Inter_Border_Mode_Remap.Remap/1217, where GetParam() = (1920x1080, CV_8U, BGRA, INTER_NEAREST, BORDER_WRAP, UPSIDE_DOWN)
[ PERFSTAT ]    (samples=13   mean=0.04   median=0.04   min=0.04   stddev=0.00 (3.0%))
[       OK ] Sz_Depth_Cn_Inter_Border_Mode_Remap.Remap/1217 (15 ms)
[ RUN      ] Sz_Depth_Cn_Inter_Border_Mode_Remap.Remap/1218, where GetParam() = (1920x1080, CV_8U, BGRA, INTER_NEAREST, BORDER_WRAP, REFLECTION_X)
[ PERFSTAT ]    (samples=25   mean=0.04   median=0.04   min=0.04   stddev=0.00 (2.4%))
[       OK ] Sz_Depth_Cn_Inter_Border_Mode_Remap.Remap/1218 (16 ms)
[ RUN      ] Sz_Depth_Cn_Inter_Border_Mode_Remap.Remap/1219, where GetParam() = (1920x1080, CV_8U, BGRA, INTER_NEAREST, BORDER_WRAP, REFLECTION_BOTH)
[ PERFSTAT ]    (samples=13   mean=0.04   median=0.04   min=0.04   stddev=0.00 (2.6%))
[       OK ] Sz_Depth_Cn_Inter_Border_Mode_Remap.Remap/1219 (15 ms)
[ RUN      ] Sz_Depth_Cn_Inter_Border_Mode_Remap.Remap/1220, where GetParam() = (1920x1080, CV_8U, BGRA, INTER_LINEAR, BORDER_REFLECT101, HALF_SIZE)
[ PERFSTAT ]    (samples=13   mean=0.07   median=0.07   min=0.07   stddev=0.00 (1.4%))
[       OK ] Sz_Depth_Cn_Inter_Border_Mode_Remap.Remap/1220 (19 ms)
[ RUN      ] Sz_Depth_Cn_Inter_Border_Mode_Remap.Remap/1221, where GetParam() = (1920x1080, CV_8U, BGRA, INTER_LINEAR, BORDER_REFLECT101, UPSIDE_DOWN)
[ PERFSTAT ]    (samples=13   mean=0.07   median=0.07   min=0.07   stddev=0.00 (1.4%))
[       OK ] Sz_Depth_Cn_Inter_Border_Mode_Remap.Remap/1221 (16 ms)
[ RUN      ] Sz_Depth_Cn_Inter_Border_Mode_Remap.Remap/1222, where GetParam() = (1920x1080, CV_8U, BGRA, INTER_LINEAR, BORDER_REFLECT101, REFLECTION_X)
[ PERFSTAT ]    (samples=13   mean=0.07   median=0.07   min=0.07   stddev=0.00 (1.0%))
[       OK ] Sz_Depth_Cn_Inter_Border_Mode_Remap.Remap/1222 (16 ms)
[ RUN      ] Sz_Depth_Cn_Inter_Border_Mode_Remap.Remap/1223, where GetParam() = (1920x1080, CV_8U, BGRA, INTER_LINEAR, BORDER_REFLECT101, REFLECTION_BOTH)
[ PERFSTAT ]    (samples=13   mean=0.07   median=0.07   min=0.07   stddev=0.00 (1.6%))
[       OK ] Sz_Depth_Cn_Inter_Border_Mode_Remap.Remap/1223 (15 ms)
[ RUN      ] Sz_Depth_Cn_Inter_Border_Mode_Remap.Remap/1224, where GetParam() = (1920x1080, CV_8U, BGRA, INTER_LINEAR, BORDER_REPLICATE, HALF_SIZE)
[ PERFSTAT ]    (samples=13   mean=0.05   median=0.05   min=0.05   stddev=0.00 (2.0%))
[       OK ] Sz_Depth_Cn_Inter_Border_Mode_Remap.Remap/1224 (19 ms)
[ RUN      ] Sz_Depth_Cn_Inter_Border_Mode_Remap.Remap/1225, where GetParam() = (1920x1080, CV_8U, BGRA, INTER_LINEAR, BORDER_REPLICATE, UPSIDE_DOWN)
[ PERFSTAT ]    (samples=25   mean=0.06   median=0.06   min=0.06   stddev=0.00 (1.3%))
[       OK ] Sz_Depth_Cn_Inter_Border_Mode_Remap.Remap/1225 (50 ms)
[ RUN      ] Sz_Depth_Cn_Inter_Border_Mode_Remap.Remap/1226, where GetParam() = (1920x1080, CV_8U, BGRA, INTER_LINEAR, BORDER_REPLICATE, REFLECTION_X)
[ PERFSTAT ]    (samples=13   mean=0.06   median=0.05   min=0.05   stddev=0.00 (1.7%))
[       OK ] Sz_Depth_Cn_Inter_Border_Mode_Remap.Remap/1226 (15 ms)
[ RUN      ] Sz_Depth_Cn_Inter_Border_Mode_Remap.Remap/1227, where GetParam() = (1920x1080, CV_8U, BGRA, INTER_LINEAR, BORDER_REPLICATE, REFLECTION_BOTH)
[ PERFSTAT ]    (samples=13   mean=0.06   median=0.05   min=0.05   stddev=0.00 (1.4%))
[       OK ] Sz_Depth_Cn_Inter_Border_Mode_Remap.Remap/1227 (17 ms)
[ RUN      ] Sz_Depth_Cn_Inter_Border_Mode_Remap.Remap/1228, where GetParam() = (1920x1080, CV_8U, BGRA, INTER_LINEAR, BORDER_CONSTANT, HALF_SIZE)
[ PERFSTAT ]    (samples=13   mean=0.06   median=0.06   min=0.06   stddev=0.00 (1.7%))
[       OK ] Sz_Depth_Cn_Inter_Border_Mode_Remap.Remap/1228 (18 ms)
[ RUN      ] Sz_Depth_Cn_Inter_Border_Mode_Remap.Remap/1229, where GetParam() = (1920x1080, CV_8U, BGRA, INTER_LINEAR, BORDER_CONSTANT, UPSIDE_DOWN)
[ PERFSTAT ]    (samples=13   mean=0.06   median=0.06   min=0.06   stddev=0.00 (2.0%))
[       OK ] Sz_Depth_Cn_Inter_Border_Mode_Remap.Remap/1229 (16 ms)
[ RUN      ] Sz_Depth_Cn_Inter_Border_Mode_Remap.Remap/1230, where GetParam() = (1920x1080, CV_8U, BGRA, INTER_LINEAR, BORDER_CONSTANT, REFLECTION_X)
[ PERFSTAT ]    (samples=13   mean=0.06   median=0.06   min=0.06   stddev=0.00 (1.7%))
[       OK ] Sz_Depth_Cn_Inter_Border_Mode_Remap.Remap/1230 (16 ms)
[ RUN      ] Sz_Depth_Cn_Inter_Border_Mode_Remap.Remap/1231, where GetParam() = (1920x1080, CV_8U, BGRA, INTER_LINEAR, BORDER_CONSTANT, REFLECTION_BOTH)
[ PERFSTAT ]    (samples=13   mean=0.06   median=0.06   min=0.06   stddev=0.00 (1.8%))
[       OK ] Sz_Depth_Cn_Inter_Border_Mode_Remap.Remap/1231 (15 ms)
[ RUN      ] Sz_Depth_Cn_Inter_Border_Mode_Remap.Remap/1232, where GetParam() = (1920x1080, CV_8U, BGRA, INTER_LINEAR, BORDER_REFLECT, HALF_SIZE)
[ PERFSTAT ]    (samples=13   mean=0.07   median=0.07   min=0.07   stddev=0.00 (1.4%))
[       OK ] Sz_Depth_Cn_Inter_Border_Mode_Remap.Remap/1232 (19 ms)
[ RUN      ] Sz_Depth_Cn_Inter_Border_Mode_Remap.Remap/1233, where GetParam() = (1920x1080, CV_8U, BGRA, INTER_LINEAR, BORDER_REFLECT, UPSIDE_DOWN)
[ PERFSTAT ]    (samples=13   mean=0.07   median=0.07   min=0.07   stddev=0.00 (1.2%))
[       OK ] Sz_Depth_Cn_Inter_Border_Mode_Remap.Remap/1233 (20 ms)
[ RUN      ] Sz_Depth_Cn_Inter_Border_Mode_Remap.Remap/1234, where GetParam() = (1920x1080, CV_8U, BGRA, INTER_LINEAR, BORDER_REFLECT, REFLECTION_X)
[ PERFSTAT ]    (samples=13   mean=0.07   median=0.07   min=0.07   stddev=0.00 (1.1%))
[       OK ] Sz_Depth_Cn_Inter_Border_Mode_Remap.Remap/1234 (16 ms)
[ RUN      ] Sz_Depth_Cn_Inter_Border_Mode_Remap.Remap/1235, where GetParam() = (1920x1080, CV_8U, BGRA, INTER_LINEAR, BORDER_REFLECT, REFLECTION_BOTH)
[ PERFSTAT ]    (samples=13   mean=0.07   median=0.07   min=0.07   stddev=0.00 (1.2%))
[       OK ] Sz_Depth_Cn_Inter_Border_Mode_Remap.Remap/1235 (15 ms)
[ RUN      ] Sz_Depth_Cn_Inter_Border_Mode_Remap.Remap/1236, where GetParam() = (1920x1080, CV_8U, BGRA, INTER_LINEAR, BORDER_WRAP, HALF_SIZE)
[ PERFSTAT ]    (samples=13   mean=0.06   median=0.06   min=0.06   stddev=0.00 (1.4%))
[       OK ] Sz_Depth_Cn_Inter_Border_Mode_Remap.Remap/1236 (19 ms)
[ RUN      ] Sz_Depth_Cn_Inter_Border_Mode_Remap.Remap/1237, where GetParam() = (1920x1080, CV_8U, BGRA, INTER_LINEAR, BORDER_WRAP, UPSIDE_DOWN)
[ PERFSTAT ]    (samples=13   mean=0.06   median=0.06   min=0.06   stddev=0.00 (1.0%))
[       OK ] Sz_Depth_Cn_Inter_Border_Mode_Remap.Remap/1237 (15 ms)
[ RUN      ] Sz_Depth_Cn_Inter_Border_Mode_Remap.Remap/1238, where GetParam() = (1920x1080, CV_8U, BGRA, INTER_LINEAR, BORDER_WRAP, REFLECTION_X)
[ PERFSTAT ]    (samples=13   mean=0.06   median=0.06   min=0.06   stddev=0.00 (1.4%))
[       OK ] Sz_Depth_Cn_Inter_Border_Mode_Remap.Remap/1238 (15 ms)
[ RUN      ] Sz_Depth_Cn_Inter_Border_Mode_Remap.Remap/1239, where GetParam() = (1920x1080, CV_8U, BGRA, INTER_LINEAR, BORDER_WRAP, REFLECTION_BOTH)
[ PERFSTAT ]    (samples=13   mean=0.06   median=0.06   min=0.06   stddev=0.00 (1.0%))
[       OK ] Sz_Depth_Cn_Inter_Border_Mode_Remap.Remap/1239 (16 ms)
[ RUN      ] Sz_Depth_Cn_Inter_Border_Mode_Remap.Remap/1240, where GetParam() = (1920x1080, CV_8U, BGRA, INTER_CUBIC, BORDER_REFLECT101, HALF_SIZE)
[ PERFSTAT ]    (samples=13   mean=0.37   median=0.37   min=0.37   stddev=0.00 (0.4%))
[       OK ] Sz_Depth_Cn_Inter_Border_Mode_Remap.Remap/1240 (22 ms)
[ RUN      ] Sz_Depth_Cn_Inter_Border_Mode_Remap.Remap/1241, where GetParam() = (1920x1080, CV_8U, BGRA, INTER_CUBIC, BORDER_REFLECT101, UPSIDE_DOWN)
[ PERFSTAT ]    (samples=13   mean=0.41   median=0.41   min=0.41   stddev=0.00 (0.3%))
[       OK ] Sz_Depth_Cn_Inter_Border_Mode_Remap.Remap/1241 (21 ms)
[ RUN      ] Sz_Depth_Cn_Inter_Border_Mode_Remap.Remap/1242, where GetParam() = (1920x1080, CV_8U, BGRA, INTER_CUBIC, BORDER_REFLECT101, REFLECTION_X)
[ PERFSTAT ]    (samples=13   mean=0.41   median=0.41   min=0.41   stddev=0.00 (0.3%))
[       OK ] Sz_Depth_Cn_Inter_Border_Mode_Remap.Remap/1242 (20 ms)
[ RUN      ] Sz_Depth_Cn_Inter_Border_Mode_Remap.Remap/1243, where GetParam() = (1920x1080, CV_8U, BGRA, INTER_CUBIC, BORDER_REFLECT101, REFLECTION_BOTH)
[ PERFSTAT ]    (samples=13   mean=0.41   median=0.41   min=0.41   stddev=0.00 (0.3%))
[       OK ] Sz_Depth_Cn_Inter_Border_Mode_Remap.Remap/1243 (20 ms)
[ RUN      ] Sz_Depth_Cn_Inter_Border_Mode_Remap.Remap/1244, where GetParam() = (1920x1080, CV_8U, BGRA, INTER_CUBIC, BORDER_REPLICATE, HALF_SIZE)
[ PERFSTAT ]    (samples=13   mean=0.23   median=0.23   min=0.23   stddev=0.00 (0.7%))
[       OK ] Sz_Depth_Cn_Inter_Border_Mode_Remap.Remap/1244 (20 ms)
[ RUN      ] Sz_Depth_Cn_Inter_Border_Mode_Remap.Remap/1245, where GetParam() = (1920x1080, CV_8U, BGRA, INTER_CUBIC, BORDER_REPLICATE, UPSIDE_DOWN)
[ PERFSTAT ]    (samples=13   mean=0.25   median=0.25   min=0.25   stddev=0.00 (0.6%))
[       OK ] Sz_Depth_Cn_Inter_Border_Mode_Remap.Remap/1245 (18 ms)
[ RUN      ] Sz_Depth_Cn_Inter_Border_Mode_Remap.Remap/1246, where GetParam() = (1920x1080, CV_8U, BGRA, INTER_CUBIC, BORDER_REPLICATE, REFLECTION_X)
[ PERFSTAT ]    (samples=13   mean=0.25   median=0.25   min=0.25   stddev=0.00 (0.7%))
[       OK ] Sz_Depth_Cn_Inter_Border_Mode_Remap.Remap/1246 (18 ms)
[ RUN      ] Sz_Depth_Cn_Inter_Border_Mode_Remap.Remap/1247, where GetParam() = (1920x1080, CV_8U, BGRA, INTER_CUBIC, BORDER_REPLICATE, REFLECTION_BOTH)
[ PERFSTAT ]    (samples=13   mean=0.25   median=0.25   min=0.25   stddev=0.00 (0.7%))
[       OK ] Sz_Depth_Cn_Inter_Border_Mode_Remap.Remap/1247 (18 ms)
[ RUN      ] Sz_Depth_Cn_Inter_Border_Mode_Remap.Remap/1248, where GetParam() = (1920x1080, CV_8U, BGRA, INTER_CUBIC, BORDER_CONSTANT, HALF_SIZE)
[ PERFSTAT ]    (samples=13   mean=0.24   median=0.24   min=0.24   stddev=0.00 (0.8%))
[       OK ] Sz_Depth_Cn_Inter_Border_Mode_Remap.Remap/1248 (22 ms)
[ RUN      ] Sz_Depth_Cn_Inter_Border_Mode_Remap.Remap/1249, where GetParam() = (1920x1080, CV_8U, BGRA, INTER_CUBIC, BORDER_CONSTANT, UPSIDE_DOWN)
[ PERFSTAT ]    (samples=13   mean=0.26   median=0.26   min=0.26   stddev=0.00 (0.6%))
[       OK ] Sz_Depth_Cn_Inter_Border_Mode_Remap.Remap/1249 (18 ms)
[ RUN      ] Sz_Depth_Cn_Inter_Border_Mode_Remap.Remap/1250, where GetParam() = (1920x1080, CV_8U, BGRA, INTER_CUBIC, BORDER_CONSTANT, REFLECTION_X)
[ PERFSTAT ]    (samples=13   mean=0.27   median=0.26   min=0.26   stddev=0.00 (0.6%))
[       OK ] Sz_Depth_Cn_Inter_Border_Mode_Remap.Remap/1250 (18 ms)
[ RUN      ] Sz_Depth_Cn_Inter_Border_Mode_Remap.Remap/1251, where GetParam() = (1920x1080, CV_8U, BGRA, INTER_CUBIC, BORDER_CONSTANT, REFLECTION_BOTH)
[ PERFSTAT ]    (samples=13   mean=0.27   median=0.27   min=0.26   stddev=0.00 (0.6%))
[       OK ] Sz_Depth_Cn_Inter_Border_Mode_Remap.Remap/1251 (18 ms)
[ RUN      ] Sz_Depth_Cn_Inter_Border_Mode_Remap.Remap/1252, where GetParam() = (1920x1080, CV_8U, BGRA, INTER_CUBIC, BORDER_REFLECT, HALF_SIZE)
[ PERFSTAT ]    (samples=13   mean=0.40   median=0.40   min=0.40   stddev=0.00 (0.3%))
[       OK ] Sz_Depth_Cn_Inter_Border_Mode_Remap.Remap/1252 (23 ms)
[ RUN      ] Sz_Depth_Cn_Inter_Border_Mode_Remap.Remap/1253, where GetParam() = (1920x1080, CV_8U, BGRA, INTER_CUBIC, BORDER_REFLECT, UPSIDE_DOWN)
[ PERFSTAT ]    (samples=13   mean=0.43   median=0.43   min=0.43   stddev=0.00 (0.2%))
[       OK ] Sz_Depth_Cn_Inter_Border_Mode_Remap.Remap/1253 (21 ms)
[ RUN      ] Sz_Depth_Cn_Inter_Border_Mode_Remap.Remap/1254, where GetParam() = (1920x1080, CV_8U, BGRA, INTER_CUBIC, BORDER_REFLECT, REFLECTION_X)
[ PERFSTAT ]    (samples=13   mean=0.43   median=0.43   min=0.43   stddev=0.00 (0.3%))
[       OK ] Sz_Depth_Cn_Inter_Border_Mode_Remap.Remap/1254 (20 ms)
[ RUN      ] Sz_Depth_Cn_Inter_Border_Mode_Remap.Remap/1255, where GetParam() = (1920x1080, CV_8U, BGRA, INTER_CUBIC, BORDER_REFLECT, REFLECTION_BOTH)
[ PERFSTAT ]    (samples=13   mean=0.43   median=0.43   min=0.43   stddev=0.00 (0.5%))
[       OK ] Sz_Depth_Cn_Inter_Border_Mode_Remap.Remap/1255 (20 ms)
[ RUN      ] Sz_Depth_Cn_Inter_Border_Mode_Remap.Remap/1256, where GetParam() = (1920x1080, CV_8U, BGRA, INTER_CUBIC, BORDER_WRAP, HALF_SIZE)
[ PERFSTAT ]    (samples=13   mean=0.37   median=0.37   min=0.37   stddev=0.00 (0.3%))
[       OK ] Sz_Depth_Cn_Inter_Border_Mode_Remap.Remap/1256 (23 ms)
[ RUN      ] Sz_Depth_Cn_Inter_Border_Mode_Remap.Remap/1257, where GetParam() = (1920x1080, CV_8U, BGRA, INTER_CUBIC, BORDER_WRAP, UPSIDE_DOWN)
[ PERFSTAT ]    (samples=13   mean=0.34   median=0.34   min=0.34   stddev=0.00 (0.3%))
[       OK ] Sz_Depth_Cn_Inter_Border_Mode_Remap.Remap/1257 (19 ms)
[ RUN      ] Sz_Depth_Cn_Inter_Border_Mode_Remap.Remap/1258, where GetParam() = (1920x1080, CV_8U, BGRA, INTER_CUBIC, BORDER_WRAP, REFLECTION_X)
[ PERFSTAT ]    (samples=13   mean=0.34   median=0.34   min=0.34   stddev=0.00 (0.4%))
[       OK ] Sz_Depth_Cn_Inter_Border_Mode_Remap.Remap/1258 (20 ms)
[ RUN      ] Sz_Depth_Cn_Inter_Border_Mode_Remap.Remap/1259, where GetParam() = (1920x1080, CV_8U, BGRA, INTER_CUBIC, BORDER_WRAP, REFLECTION_BOTH)
[ PERFSTAT ]    (samples=13   mean=0.34   median=0.34   min=0.34   stddev=0.00 (0.3%))
[       OK ] Sz_Depth_Cn_Inter_Border_Mode_Remap.Remap/1259 (19 ms)
[ RUN      ] Sz_Depth_Cn_Inter_Border_Mode_Remap.Remap/1260, where GetParam() = (1920x1080, CV_16U, Gray, INTER_NEAREST, BORDER_REFLECT101, HALF_SIZE)
[ PERFSTAT ]    (samples=25   mean=0.04   median=0.04   min=0.04   stddev=0.00 (2.3%))
[       OK ] Sz_Depth_Cn_Inter_Border_Mode_Remap.Remap/1260 (15 ms)
[ RUN      ] Sz_Depth_Cn_Inter_Border_Mode_Remap.Remap/1261, where GetParam() = (1920x1080, CV_16U, Gray, INTER_NEAREST, BORDER_REFLECT101, UPSIDE_DOWN)
[ PERFSTAT ]    (samples=13   mean=0.04   median=0.04   min=0.04   stddev=0.00 (3.0%))
[       OK ] Sz_Depth_Cn_Inter_Border_Mode_Remap.Remap/1261 (11 ms)
[ RUN      ] Sz_Depth_Cn_Inter_Border_Mode_Remap.Remap/1262, where GetParam() = (1920x1080, CV_16U, Gray, INTER_NEAREST, BORDER_REFLECT101, REFLECTION_X)
[ PERFSTAT ]    (samples=25   mean=0.04   median=0.04   min=0.04   stddev=0.00 (2.7%))
[       OK ] Sz_Depth_Cn_Inter_Border_Mode_Remap.Remap/1262 (12 ms)
[ RUN      ] Sz_Depth_Cn_Inter_Border_Mode_Remap.Remap/1263, where GetParam() = (1920x1080, CV_16U, Gray, INTER_NEAREST, BORDER_REFLECT101, REFLECTION_BOTH)
[ PERFSTAT ]    (samples=25   mean=0.04   median=0.04   min=0.04   stddev=0.00 (2.3%))
[       OK ] Sz_Depth_Cn_Inter_Border_Mode_Remap.Remap/1263 (12 ms)
[ RUN      ] Sz_Depth_Cn_Inter_Border_Mode_Remap.Remap/1264, where GetParam() = (1920x1080, CV_16U, Gray, INTER_NEAREST, BORDER_REPLICATE, HALF_SIZE)
[ PERFSTAT ]    (samples=38   mean=0.03   median=0.03   min=0.03   stddev=0.00 (2.4%))
[       OK ] Sz_Depth_Cn_Inter_Border_Mode_Remap.Remap/1264 (15 ms)
[ RUN      ] Sz_Depth_Cn_Inter_Border_Mode_Remap.Remap/1265, where GetParam() = (1920x1080, CV_16U, Gray, INTER_NEAREST, BORDER_REPLICATE, UPSIDE_DOWN)
[ PERFSTAT ]    (samples=38   mean=0.03   median=0.03   min=0.03   stddev=0.00 (2.3%))
[       OK ] Sz_Depth_Cn_Inter_Border_Mode_Remap.Remap/1265 (12 ms)
[ RUN      ] Sz_Depth_Cn_Inter_Border_Mode_Remap.Remap/1266, where GetParam() = (1920x1080, CV_16U, Gray, INTER_NEAREST, BORDER_REPLICATE, REFLECTION_X)
[ PERFSTAT ]    (samples=38   mean=0.03   median=0.03   min=0.03   stddev=0.00 (2.0%))
[       OK ] Sz_Depth_Cn_Inter_Border_Mode_Remap.Remap/1266 (12 ms)
[ RUN      ] Sz_Depth_Cn_Inter_Border_Mode_Remap.Remap/1267, where GetParam() = (1920x1080, CV_16U, Gray, INTER_NEAREST, BORDER_REPLICATE, REFLECTION_BOTH)
[ PERFSTAT ]    (samples=25   mean=0.03   median=0.03   min=0.03   stddev=0.00 (2.1%))
[       OK ] Sz_Depth_Cn_Inter_Border_Mode_Remap.Remap/1267 (11 ms)
[ RUN      ] Sz_Depth_Cn_Inter_Border_Mode_Remap.Remap/1268, where GetParam() = (1920x1080, CV_16U, Gray, INTER_NEAREST, BORDER_CONSTANT, HALF_SIZE)
[ PERFSTAT ]    (samples=36   mean=0.03   median=0.03   min=0.03   stddev=0.00 (3.0%))
[       OK ] Sz_Depth_Cn_Inter_Border_Mode_Remap.Remap/1268 (15 ms)
[ RUN      ] Sz_Depth_Cn_Inter_Border_Mode_Remap.Remap/1269, where GetParam() = (1920x1080, CV_16U, Gray, INTER_NEAREST, BORDER_CONSTANT, UPSIDE_DOWN)
[ PERFSTAT ]    (samples=25   mean=0.03   median=0.03   min=0.03   stddev=0.00 (2.9%))
[       OK ] Sz_Depth_Cn_Inter_Border_Mode_Remap.Remap/1269 (11 ms)
[ RUN      ] Sz_Depth_Cn_Inter_Border_Mode_Remap.Remap/1270, where GetParam() = (1920x1080, CV_16U, Gray, INTER_NEAREST, BORDER_CONSTANT, REFLECTION_X)
[ PERFSTAT ]    (samples=25   mean=0.03   median=0.03   min=0.03   stddev=0.00 (2.8%))
[       OK ] Sz_Depth_Cn_Inter_Border_Mode_Remap.Remap/1270 (12 ms)
[ RUN      ] Sz_Depth_Cn_Inter_Border_Mode_Remap.Remap/1271, where GetParam() = (1920x1080, CV_16U, Gray, INTER_NEAREST, BORDER_CONSTANT, REFLECTION_BOTH)
[ PERFSTAT ]    (samples=38   mean=0.03   median=0.03   min=0.03   stddev=0.00 (2.4%))
[       OK ] Sz_Depth_Cn_Inter_Border_Mode_Remap.Remap/1271 (12 ms)
[ RUN      ] Sz_Depth_Cn_Inter_Border_Mode_Remap.Remap/1272, where GetParam() = (1920x1080, CV_16U, Gray, INTER_NEAREST, BORDER_REFLECT, HALF_SIZE)
[ PERFSTAT ]    (samples=18   mean=0.04   median=0.04   min=0.04   stddev=0.00 (2.9%))
[       OK ] Sz_Depth_Cn_Inter_Border_Mode_Remap.Remap/1272 (15 ms)
[ RUN      ] Sz_Depth_Cn_Inter_Border_Mode_Remap.Remap/1273, where GetParam() = (1920x1080, CV_16U, Gray, INTER_NEAREST, BORDER_REFLECT, UPSIDE_DOWN)
[ PERFSTAT ]    (samples=25   mean=0.04   median=0.04   min=0.04   stddev=0.00 (2.6%))
[       OK ] Sz_Depth_Cn_Inter_Border_Mode_Remap.Remap/1273 (11 ms)
[ RUN      ] Sz_Depth_Cn_Inter_Border_Mode_Remap.Remap/1274, where GetParam() = (1920x1080, CV_16U, Gray, INTER_NEAREST, BORDER_REFLECT, REFLECTION_X)
[ PERFSTAT ]    (samples=21   mean=0.04   median=0.04   min=0.04   stddev=0.00 (3.0%))
[       OK ] Sz_Depth_Cn_Inter_Border_Mode_Remap.Remap/1274 (12 ms)
[ RUN      ] Sz_Depth_Cn_Inter_Border_Mode_Remap.Remap/1275, where GetParam() = (1920x1080, CV_16U, Gray, INTER_NEAREST, BORDER_REFLECT, REFLECTION_BOTH)
[ PERFSTAT ]    (samples=17   mean=0.04   median=0.04   min=0.04   stddev=0.00 (3.0%))
[       OK ] Sz_Depth_Cn_Inter_Border_Mode_Remap.Remap/1275 (11 ms)
[ RUN      ] Sz_Depth_Cn_Inter_Border_Mode_Remap.Remap/1276, where GetParam() = (1920x1080, CV_16U, Gray, INTER_NEAREST, BORDER_WRAP, HALF_SIZE)
[ PERFSTAT ]    (samples=25   mean=0.03   median=0.03   min=0.03   stddev=0.00 (1.9%))
[       OK ] Sz_Depth_Cn_Inter_Border_Mode_Remap.Remap/1276 (15 ms)
[ RUN      ] Sz_Depth_Cn_Inter_Border_Mode_Remap.Remap/1277, where GetParam() = (1920x1080, CV_16U, Gray, INTER_NEAREST, BORDER_WRAP, UPSIDE_DOWN)
[ PERFSTAT ]    (samples=25   mean=0.03   median=0.03   min=0.03   stddev=0.00 (2.3%))
[       OK ] Sz_Depth_Cn_Inter_Border_Mode_Remap.Remap/1277 (11 ms)
[ RUN      ] Sz_Depth_Cn_Inter_Border_Mode_Remap.Remap/1278, where GetParam() = (1920x1080, CV_16U, Gray, INTER_NEAREST, BORDER_WRAP, REFLECTION_X)
[ PERFSTAT ]    (samples=38   mean=0.03   median=0.03   min=0.03   stddev=0.00 (2.2%))
[       OK ] Sz_Depth_Cn_Inter_Border_Mode_Remap.Remap/1278 (13 ms)
[ RUN      ] Sz_Depth_Cn_Inter_Border_Mode_Remap.Remap/1279, where GetParam() = (1920x1080, CV_16U, Gray, INTER_NEAREST, BORDER_WRAP, REFLECTION_BOTH)
[ PERFSTAT ]    (samples=38   mean=0.03   median=0.03   min=0.03   stddev=0.00 (2.9%))
[       OK ] Sz_Depth_Cn_Inter_Border_Mode_Remap.Remap/1279 (11 ms)
[ RUN      ] Sz_Depth_Cn_Inter_Border_Mode_Remap.Remap/1280, where GetParam() = (1920x1080, CV_16U, Gray, INTER_LINEAR, BORDER_REFLECT101, HALF_SIZE)
[ PERFSTAT ]    (samples=13   mean=0.05   median=0.05   min=0.05   stddev=0.00 (2.7%))
[       OK ] Sz_Depth_Cn_Inter_Border_Mode_Remap.Remap/1280 (15 ms)
[ RUN      ] Sz_Depth_Cn_Inter_Border_Mode_Remap.Remap/1281, where GetParam() = (1920x1080, CV_16U, Gray, INTER_LINEAR, BORDER_REFLECT101, UPSIDE_DOWN)
[ PERFSTAT ]    (samples=13   mean=0.05   median=0.05   min=0.05   stddev=0.00 (2.1%))
[       OK ] Sz_Depth_Cn_Inter_Border_Mode_Remap.Remap/1281 (11 ms)
[ RUN      ] Sz_Depth_Cn_Inter_Border_Mode_Remap.Remap/1282, where GetParam() = (1920x1080, CV_16U, Gray, INTER_LINEAR, BORDER_REFLECT101, REFLECTION_X)
[ PERFSTAT ]    (samples=13   mean=0.05   median=0.05   min=0.05   stddev=0.00 (2.2%))
[       OK ] Sz_Depth_Cn_Inter_Border_Mode_Remap.Remap/1282 (12 ms)
[ RUN      ] Sz_Depth_Cn_Inter_Border_Mode_Remap.Remap/1283, where GetParam() = (1920x1080, CV_16U, Gray, INTER_LINEAR, BORDER_REFLECT101, REFLECTION_BOTH)
[ PERFSTAT ]    (samples=13   mean=0.05   median=0.05   min=0.05   stddev=0.00 (2.5%))
[       OK ] Sz_Depth_Cn_Inter_Border_Mode_Remap.Remap/1283 (11 ms)
[ RUN      ] Sz_Depth_Cn_Inter_Border_Mode_Remap.Remap/1284, where GetParam() = (1920x1080, CV_16U, Gray, INTER_LINEAR, BORDER_REPLICATE, HALF_SIZE)
[ PERFSTAT ]    (samples=21   mean=0.04   median=0.04   min=0.03   stddev=0.00 (3.0%))
[       OK ] Sz_Depth_Cn_Inter_Border_Mode_Remap.Remap/1284 (15 ms)
[ RUN      ] Sz_Depth_Cn_Inter_Border_Mode_Remap.Remap/1285, where GetParam() = (1920x1080, CV_16U, Gray, INTER_LINEAR, BORDER_REPLICATE, UPSIDE_DOWN)
[ PERFSTAT ]    (samples=25   mean=0.04   median=0.04   min=0.04   stddev=0.00 (1.9%))
[       OK ] Sz_Depth_Cn_Inter_Border_Mode_Remap.Remap/1285 (12 ms)
[ RUN      ] Sz_Depth_Cn_Inter_Border_Mode_Remap.Remap/1286, where GetParam() = (1920x1080, CV_16U, Gray, INTER_LINEAR, BORDER_REPLICATE, REFLECTION_X)
[ PERFSTAT ]    (samples=25   mean=0.04   median=0.04   min=0.04   stddev=0.00 (1.9%))
[       OK ] Sz_Depth_Cn_Inter_Border_Mode_Remap.Remap/1286 (11 ms)
[ RUN      ] Sz_Depth_Cn_Inter_Border_Mode_Remap.Remap/1287, where GetParam() = (1920x1080, CV_16U, Gray, INTER_LINEAR, BORDER_REPLICATE, REFLECTION_BOTH)
[ PERFSTAT ]    (samples=25   mean=0.04   median=0.04   min=0.04   stddev=0.00 (1.9%))
[       OK ] Sz_Depth_Cn_Inter_Border_Mode_Remap.Remap/1287 (15 ms)
[ RUN      ] Sz_Depth_Cn_Inter_Border_Mode_Remap.Remap/1288, where GetParam() = (1920x1080, CV_16U, Gray, INTER_LINEAR, BORDER_CONSTANT, HALF_SIZE)
[ PERFSTAT ]    (samples=25   mean=0.04   median=0.04   min=0.03   stddev=0.00 (2.1%))
[       OK ] Sz_Depth_Cn_Inter_Border_Mode_Remap.Remap/1288 (16 ms)
[ RUN      ] Sz_Depth_Cn_Inter_Border_Mode_Remap.Remap/1289, where GetParam() = (1920x1080, CV_16U, Gray, INTER_LINEAR, BORDER_CONSTANT, UPSIDE_DOWN)
[ PERFSTAT ]    (samples=25   mean=0.04   median=0.04   min=0.04   stddev=0.00 (2.1%))
[       OK ] Sz_Depth_Cn_Inter_Border_Mode_Remap.Remap/1289 (12 ms)
[ RUN      ] Sz_Depth_Cn_Inter_Border_Mode_Remap.Remap/1290, where GetParam() = (1920x1080, CV_16U, Gray, INTER_LINEAR, BORDER_CONSTANT, REFLECTION_X)
[ PERFSTAT ]    (samples=38   mean=0.04   median=0.04   min=0.04   stddev=0.00 (1.7%))
[       OK ] Sz_Depth_Cn_Inter_Border_Mode_Remap.Remap/1290 (12 ms)
[ RUN      ] Sz_Depth_Cn_Inter_Border_Mode_Remap.Remap/1291, where GetParam() = (1920x1080, CV_16U, Gray, INTER_LINEAR, BORDER_CONSTANT, REFLECTION_BOTH)
[ PERFSTAT ]    (samples=25   mean=0.04   median=0.04   min=0.04   stddev=0.00 (2.4%))
[       OK ] Sz_Depth_Cn_Inter_Border_Mode_Remap.Remap/1291 (11 ms)
[ RUN      ] Sz_Depth_Cn_Inter_Border_Mode_Remap.Remap/1292, where GetParam() = (1920x1080, CV_16U, Gray, INTER_LINEAR, BORDER_REFLECT, HALF_SIZE)
[ PERFSTAT ]    (samples=25   mean=0.05   median=0.05   min=0.05   stddev=0.00 (2.2%))
[       OK ] Sz_Depth_Cn_Inter_Border_Mode_Remap.Remap/1292 (15 ms)
[ RUN      ] Sz_Depth_Cn_Inter_Border_Mode_Remap.Remap/1293, where GetParam() = (1920x1080, CV_16U, Gray, INTER_LINEAR, BORDER_REFLECT, UPSIDE_DOWN)
[ PERFSTAT ]    (samples=25   mean=0.05   median=0.05   min=0.05   stddev=0.00 (1.8%))
[       OK ] Sz_Depth_Cn_Inter_Border_Mode_Remap.Remap/1293 (13 ms)
[ RUN      ] Sz_Depth_Cn_Inter_Border_Mode_Remap.Remap/1294, where GetParam() = (1920x1080, CV_16U, Gray, INTER_LINEAR, BORDER_REFLECT, REFLECTION_X)
[ PERFSTAT ]    (samples=13   mean=0.05   median=0.05   min=0.05   stddev=0.00 (1.9%))
[       OK ] Sz_Depth_Cn_Inter_Border_Mode_Remap.Remap/1294 (11 ms)
[ RUN      ] Sz_Depth_Cn_Inter_Border_Mode_Remap.Remap/1295, where GetParam() = (1920x1080, CV_16U, Gray, INTER_LINEAR, BORDER_REFLECT, REFLECTION_BOTH)
[ PERFSTAT ]    (samples=13   mean=0.05   median=0.05   min=0.05   stddev=0.00 (2.1%))
[       OK ] Sz_Depth_Cn_Inter_Border_Mode_Remap.Remap/1295 (11 ms)
[ RUN      ] Sz_Depth_Cn_Inter_Border_Mode_Remap.Remap/1296, where GetParam() = (1920x1080, CV_16U, Gray, INTER_LINEAR, BORDER_WRAP, HALF_SIZE)
[ PERFSTAT ]    (samples=13   mean=0.04   median=0.04   min=0.04   stddev=0.00 (2.9%))
[       OK ] Sz_Depth_Cn_Inter_Border_Mode_Remap.Remap/1296 (15 ms)
[ RUN      ] Sz_Depth_Cn_Inter_Border_Mode_Remap.Remap/1297, where GetParam() = (1920x1080, CV_16U, Gray, INTER_LINEAR, BORDER_WRAP, UPSIDE_DOWN)
[ PERFSTAT ]    (samples=13   mean=0.05   median=0.05   min=0.04   stddev=0.00 (2.8%))
[       OK ] Sz_Depth_Cn_Inter_Border_Mode_Remap.Remap/1297 (11 ms)
[ RUN      ] Sz_Depth_Cn_Inter_Border_Mode_Remap.Remap/1298, where GetParam() = (1920x1080, CV_16U, Gray, INTER_LINEAR, BORDER_WRAP, REFLECTION_X)
[ PERFSTAT ]    (samples=16   mean=0.05   median=0.05   min=0.04   stddev=0.00 (3.0%))
[       OK ] Sz_Depth_Cn_Inter_Border_Mode_Remap.Remap/1298 (12 ms)
[ RUN      ] Sz_Depth_Cn_Inter_Border_Mode_Remap.Remap/1299, where GetParam() = (1920x1080, CV_16U, Gray, INTER_LINEAR, BORDER_WRAP, REFLECTION_BOTH)
[ PERFSTAT ]    (samples=13   mean=0.05   median=0.05   min=0.05   stddev=0.00 (2.2%))
[       OK ] Sz_Depth_Cn_Inter_Border_Mode_Remap.Remap/1299 (11 ms)
[ RUN      ] Sz_Depth_Cn_Inter_Border_Mode_Remap.Remap/1300, where GetParam() = (1920x1080, CV_16U, Gray, INTER_CUBIC, BORDER_REFLECT101, HALF_SIZE)
[ PERFSTAT ]    (samples=13   mean=0.27   median=0.27   min=0.27   stddev=0.00 (0.6%))
[       OK ] Sz_Depth_Cn_Inter_Border_Mode_Remap.Remap/1300 (17 ms)
[ RUN      ] Sz_Depth_Cn_Inter_Border_Mode_Remap.Remap/1301, where GetParam() = (1920x1080, CV_16U, Gray, INTER_CUBIC, BORDER_REFLECT101, UPSIDE_DOWN)
[ PERFSTAT ]    (samples=13   mean=0.29   median=0.29   min=0.29   stddev=0.00 (0.9%))
[       OK ] Sz_Depth_Cn_Inter_Border_Mode_Remap.Remap/1301 (15 ms)
[ RUN      ] Sz_Depth_Cn_Inter_Border_Mode_Remap.Remap/1302, where GetParam() = (1920x1080, CV_16U, Gray, INTER_CUBIC, BORDER_REFLECT101, REFLECTION_X)
[ PERFSTAT ]    (samples=13   mean=0.29   median=0.29   min=0.29   stddev=0.00 (0.6%))
[       OK ] Sz_Depth_Cn_Inter_Border_Mode_Remap.Remap/1302 (14 ms)
[ RUN      ] Sz_Depth_Cn_Inter_Border_Mode_Remap.Remap/1303, where GetParam() = (1920x1080, CV_16U, Gray, INTER_CUBIC, BORDER_REFLECT101, REFLECTION_BOTH)
[ PERFSTAT ]    (samples=13   mean=0.29   median=0.29   min=0.29   stddev=0.00 (0.6%))
[       OK ] Sz_Depth_Cn_Inter_Border_Mode_Remap.Remap/1303 (15 ms)
[ RUN      ] Sz_Depth_Cn_Inter_Border_Mode_Remap.Remap/1304, where GetParam() = (1920x1080, CV_16U, Gray, INTER_CUBIC, BORDER_REPLICATE, HALF_SIZE)
[ PERFSTAT ]    (samples=13   mean=0.14   median=0.14   min=0.14   stddev=0.00 (1.4%))
[       OK ] Sz_Depth_Cn_Inter_Border_Mode_Remap.Remap/1304 (15 ms)
[ RUN      ] Sz_Depth_Cn_Inter_Border_Mode_Remap.Remap/1305, where GetParam() = (1920x1080, CV_16U, Gray, INTER_CUBIC, BORDER_REPLICATE, UPSIDE_DOWN)
[ PERFSTAT ]    (samples=13   mean=0.16   median=0.16   min=0.15   stddev=0.00 (1.6%))
[       OK ] Sz_Depth_Cn_Inter_Border_Mode_Remap.Remap/1305 (13 ms)
[ RUN      ] Sz_Depth_Cn_Inter_Border_Mode_Remap.Remap/1306, where GetParam() = (1920x1080, CV_16U, Gray, INTER_CUBIC, BORDER_REPLICATE, REFLECTION_X)
[ PERFSTAT ]    (samples=13   mean=0.16   median=0.16   min=0.15   stddev=0.00 (1.5%))
[       OK ] Sz_Depth_Cn_Inter_Border_Mode_Remap.Remap/1306 (13 ms)
[ RUN      ] Sz_Depth_Cn_Inter_Border_Mode_Remap.Remap/1307, where GetParam() = (1920x1080, CV_16U, Gray, INTER_CUBIC, BORDER_REPLICATE, REFLECTION_BOTH)
[ PERFSTAT ]    (samples=13   mean=0.16   median=0.16   min=0.15   stddev=0.00 (1.6%))
[       OK ] Sz_Depth_Cn_Inter_Border_Mode_Remap.Remap/1307 (14 ms)
[ RUN      ] Sz_Depth_Cn_Inter_Border_Mode_Remap.Remap/1308, where GetParam() = (1920x1080, CV_16U, Gray, INTER_CUBIC, BORDER_CONSTANT, HALF_SIZE)
[ PERFSTAT ]    (samples=13   mean=0.15   median=0.15   min=0.15   stddev=0.00 (1.5%))
[       OK ] Sz_Depth_Cn_Inter_Border_Mode_Remap.Remap/1308 (15 ms)
[ RUN      ] Sz_Depth_Cn_Inter_Border_Mode_Remap.Remap/1309, where GetParam() = (1920x1080, CV_16U, Gray, INTER_CUBIC, BORDER_CONSTANT, UPSIDE_DOWN)
[ PERFSTAT ]    (samples=13   mean=0.17   median=0.16   min=0.16   stddev=0.00 (1.6%))
[       OK ] Sz_Depth_Cn_Inter_Border_Mode_Remap.Remap/1309 (13 ms)
[ RUN      ] Sz_Depth_Cn_Inter_Border_Mode_Remap.Remap/1310, where GetParam() = (1920x1080, CV_16U, Gray, INTER_CUBIC, BORDER_CONSTANT, REFLECTION_X)
[ PERFSTAT ]    (samples=13   mean=0.17   median=0.16   min=0.16   stddev=0.00 (1.4%))
[       OK ] Sz_Depth_Cn_Inter_Border_Mode_Remap.Remap/1310 (13 ms)
[ RUN      ] Sz_Depth_Cn_Inter_Border_Mode_Remap.Remap/1311, where GetParam() = (1920x1080, CV_16U, Gray, INTER_CUBIC, BORDER_CONSTANT, REFLECTION_BOTH)
[ PERFSTAT ]    (samples=13   mean=0.17   median=0.17   min=0.16   stddev=0.00 (1.5%))
[       OK ] Sz_Depth_Cn_Inter_Border_Mode_Remap.Remap/1311 (13 ms)
[ RUN      ] Sz_Depth_Cn_Inter_Border_Mode_Remap.Remap/1312, where GetParam() = (1920x1080, CV_16U, Gray, INTER_CUBIC, BORDER_REFLECT, HALF_SIZE)
[ PERFSTAT ]    (samples=13   mean=0.32   median=0.32   min=0.31   stddev=0.00 (0.5%))
[       OK ] Sz_Depth_Cn_Inter_Border_Mode_Remap.Remap/1312 (17 ms)
[ RUN      ] Sz_Depth_Cn_Inter_Border_Mode_Remap.Remap/1313, where GetParam() = (1920x1080, CV_16U, Gray, INTER_CUBIC, BORDER_REFLECT, UPSIDE_DOWN)
[ PERFSTAT ]    (samples=13   mean=0.34   median=0.34   min=0.34   stddev=0.00 (0.3%))
[       OK ] Sz_Depth_Cn_Inter_Border_Mode_Remap.Remap/1313 (15 ms)
[ RUN      ] Sz_Depth_Cn_Inter_Border_Mode_Remap.Remap/1314, where GetParam() = (1920x1080, CV_16U, Gray, INTER_CUBIC, BORDER_REFLECT, REFLECTION_X)
[ PERFSTAT ]    (samples=13   mean=0.34   median=0.34   min=0.34   stddev=0.00 (0.8%))
[       OK ] Sz_Depth_Cn_Inter_Border_Mode_Remap.Remap/1314 (15 ms)
[ RUN      ] Sz_Depth_Cn_Inter_Border_Mode_Remap.Remap/1315, where GetParam() = (1920x1080, CV_16U, Gray, INTER_CUBIC, BORDER_REFLECT, REFLECTION_BOTH)
[ PERFSTAT ]    (samples=13   mean=0.34   median=0.34   min=0.34   stddev=0.00 (0.7%))
[       OK ] Sz_Depth_Cn_Inter_Border_Mode_Remap.Remap/1315 (15 ms)
[ RUN      ] Sz_Depth_Cn_Inter_Border_Mode_Remap.Remap/1316, where GetParam() = (1920x1080, CV_16U, Gray, INTER_CUBIC, BORDER_WRAP, HALF_SIZE)
[ PERFSTAT ]    (samples=13   mean=0.29   median=0.29   min=0.29   stddev=0.00 (0.5%))
[       OK ] Sz_Depth_Cn_Inter_Border_Mode_Remap.Remap/1316 (17 ms)
[ RUN      ] Sz_Depth_Cn_Inter_Border_Mode_Remap.Remap/1317, where GetParam() = (1920x1080, CV_16U, Gray, INTER_CUBIC, BORDER_WRAP, UPSIDE_DOWN)
[ PERFSTAT ]    (samples=13   mean=0.25   median=0.25   min=0.25   stddev=0.00 (0.7%))
[       OK ] Sz_Depth_Cn_Inter_Border_Mode_Remap.Remap/1317 (14 ms)
[ RUN      ] Sz_Depth_Cn_Inter_Border_Mode_Remap.Remap/1318, where GetParam() = (1920x1080, CV_16U, Gray, INTER_CUBIC, BORDER_WRAP, REFLECTION_X)
[ PERFSTAT ]    (samples=13   mean=0.25   median=0.25   min=0.25   stddev=0.00 (0.7%))
[       OK ] Sz_Depth_Cn_Inter_Border_Mode_Remap.Remap/1318 (15 ms)
[ RUN      ] Sz_Depth_Cn_Inter_Border_Mode_Remap.Remap/1319, where GetParam() = (1920x1080, CV_16U, Gray, INTER_CUBIC, BORDER_WRAP, REFLECTION_BOTH)
[ PERFSTAT ]    (samples=13   mean=0.25   median=0.25   min=0.24   stddev=0.00 (0.7%))
[       OK ] Sz_Depth_Cn_Inter_Border_Mode_Remap.Remap/1319 (13 ms)
[ RUN      ] Sz_Depth_Cn_Inter_Border_Mode_Remap.Remap/1320, where GetParam() = (1920x1080, CV_16U, BGR, INTER_NEAREST, BORDER_REFLECT101, HALF_SIZE)
[ PERFSTAT ]    (samples=13   mean=0.04   median=0.04   min=0.04   stddev=0.00 (1.9%))
[       OK ] Sz_Depth_Cn_Inter_Border_Mode_Remap.Remap/1320 (23 ms)
[ RUN      ] Sz_Depth_Cn_Inter_Border_Mode_Remap.Remap/1321, where GetParam() = (1920x1080, CV_16U, BGR, INTER_NEAREST, BORDER_REFLECT101, UPSIDE_DOWN)
[ PERFSTAT ]    (samples=13   mean=0.05   median=0.04   min=0.04   stddev=0.00 (1.8%))
[       OK ] Sz_Depth_Cn_Inter_Border_Mode_Remap.Remap/1321 (20 ms)
[ RUN      ] Sz_Depth_Cn_Inter_Border_Mode_Remap.Remap/1322, where GetParam() = (1920x1080, CV_16U, BGR, INTER_NEAREST, BORDER_REFLECT101, REFLECTION_X)
[ PERFSTAT ]    (samples=13   mean=0.05   median=0.05   min=0.04   stddev=0.00 (1.9%))
[       OK ] Sz_Depth_Cn_Inter_Border_Mode_Remap.Remap/1322 (19 ms)
[ RUN      ] Sz_Depth_Cn_Inter_Border_Mode_Remap.Remap/1323, where GetParam() = (1920x1080, CV_16U, BGR, INTER_NEAREST, BORDER_REFLECT101, REFLECTION_BOTH)
[ PERFSTAT ]    (samples=13   mean=0.05   median=0.04   min=0.04   stddev=0.00 (2.0%))
[       OK ] Sz_Depth_Cn_Inter_Border_Mode_Remap.Remap/1323 (19 ms)
[ RUN      ] Sz_Depth_Cn_Inter_Border_Mode_Remap.Remap/1324, where GetParam() = (1920x1080, CV_16U, BGR, INTER_NEAREST, BORDER_REPLICATE, HALF_SIZE)
[ PERFSTAT ]    (samples=23   mean=0.04   median=0.04   min=0.04   stddev=0.00 (3.0%))
[       OK ] Sz_Depth_Cn_Inter_Border_Mode_Remap.Remap/1324 (23 ms)
[ RUN      ] Sz_Depth_Cn_Inter_Border_Mode_Remap.Remap/1325, where GetParam() = (1920x1080, CV_16U, BGR, INTER_NEAREST, BORDER_REPLICATE, UPSIDE_DOWN)
[ PERFSTAT ]    (samples=25   mean=0.04   median=0.04   min=0.04   stddev=0.00 (1.5%))
[       OK ] Sz_Depth_Cn_Inter_Border_Mode_Remap.Remap/1325 (19 ms)
[ RUN      ] Sz_Depth_Cn_Inter_Border_Mode_Remap.Remap/1326, where GetParam() = (1920x1080, CV_16U, BGR, INTER_NEAREST, BORDER_REPLICATE, REFLECTION_X)
[ PERFSTAT ]    (samples=13   mean=0.04   median=0.04   min=0.04   stddev=0.00 (2.1%))
[       OK ] Sz_Depth_Cn_Inter_Border_Mode_Remap.Remap/1326 (20 ms)
[ RUN      ] Sz_Depth_Cn_Inter_Border_Mode_Remap.Remap/1327, where GetParam() = (1920x1080, CV_16U, BGR, INTER_NEAREST, BORDER_REPLICATE, REFLECTION_BOTH)
[ PERFSTAT ]    (samples=13   mean=0.04   median=0.04   min=0.04   stddev=0.00 (2.1%))
[       OK ] Sz_Depth_Cn_Inter_Border_Mode_Remap.Remap/1327 (19 ms)
[ RUN      ] Sz_Depth_Cn_Inter_Border_Mode_Remap.Remap/1328, where GetParam() = (1920x1080, CV_16U, BGR, INTER_NEAREST, BORDER_CONSTANT, HALF_SIZE)
[ PERFSTAT ]    (samples=13   mean=0.04   median=0.04   min=0.04   stddev=0.00 (2.3%))
[       OK ] Sz_Depth_Cn_Inter_Border_Mode_Remap.Remap/1328 (22 ms)
[ RUN      ] Sz_Depth_Cn_Inter_Border_Mode_Remap.Remap/1329, where GetParam() = (1920x1080, CV_16U, BGR, INTER_NEAREST, BORDER_CONSTANT, UPSIDE_DOWN)
[ PERFSTAT ]    (samples=25   mean=0.04   median=0.04   min=0.04   stddev=0.00 (1.9%))
[       OK ] Sz_Depth_Cn_Inter_Border_Mode_Remap.Remap/1329 (20 ms)
[ RUN      ] Sz_Depth_Cn_Inter_Border_Mode_Remap.Remap/1330, where GetParam() = (1920x1080, CV_16U, BGR, INTER_NEAREST, BORDER_CONSTANT, REFLECTION_X)
[ PERFSTAT ]    (samples=13   mean=0.04   median=0.04   min=0.04   stddev=0.00 (1.8%))
[       OK ] Sz_Depth_Cn_Inter_Border_Mode_Remap.Remap/1330 (19 ms)
[ RUN      ] Sz_Depth_Cn_Inter_Border_Mode_Remap.Remap/1331, where GetParam() = (1920x1080, CV_16U, BGR, INTER_NEAREST, BORDER_CONSTANT, REFLECTION_BOTH)
[ PERFSTAT ]    (samples=13   mean=0.04   median=0.04   min=0.04   stddev=0.00 (1.7%))
[       OK ] Sz_Depth_Cn_Inter_Border_Mode_Remap.Remap/1331 (19 ms)
[ RUN      ] Sz_Depth_Cn_Inter_Border_Mode_Remap.Remap/1332, where GetParam() = (1920x1080, CV_16U, BGR, INTER_NEAREST, BORDER_REFLECT, HALF_SIZE)
[ PERFSTAT ]    (samples=25   mean=0.04   median=0.04   min=0.04   stddev=0.00 (1.4%))
[       OK ] Sz_Depth_Cn_Inter_Border_Mode_Remap.Remap/1332 (23 ms)
[ RUN      ] Sz_Depth_Cn_Inter_Border_Mode_Remap.Remap/1333, where GetParam() = (1920x1080, CV_16U, BGR, INTER_NEAREST, BORDER_REFLECT, UPSIDE_DOWN)
[ PERFSTAT ]    (samples=13   mean=0.04   median=0.04   min=0.04   stddev=0.00 (1.8%))
[       OK ] Sz_Depth_Cn_Inter_Border_Mode_Remap.Remap/1333 (19 ms)
[ RUN      ] Sz_Depth_Cn_Inter_Border_Mode_Remap.Remap/1334, where GetParam() = (1920x1080, CV_16U, BGR, INTER_NEAREST, BORDER_REFLECT, REFLECTION_X)
[ PERFSTAT ]    (samples=13   mean=0.04   median=0.04   min=0.04   stddev=0.00 (2.0%))
[       OK ] Sz_Depth_Cn_Inter_Border_Mode_Remap.Remap/1334 (20 ms)
[ RUN      ] Sz_Depth_Cn_Inter_Border_Mode_Remap.Remap/1335, where GetParam() = (1920x1080, CV_16U, BGR, INTER_NEAREST, BORDER_REFLECT, REFLECTION_BOTH)
[ PERFSTAT ]    (samples=13   mean=0.04   median=0.04   min=0.04   stddev=0.00 (1.7%))
[       OK ] Sz_Depth_Cn_Inter_Border_Mode_Remap.Remap/1335 (19 ms)
[ RUN      ] Sz_Depth_Cn_Inter_Border_Mode_Remap.Remap/1336, where GetParam() = (1920x1080, CV_16U, BGR, INTER_NEAREST, BORDER_WRAP, HALF_SIZE)
[ PERFSTAT ]    (samples=13   mean=0.04   median=0.04   min=0.04   stddev=0.00 (2.5%))
[       OK ] Sz_Depth_Cn_Inter_Border_Mode_Remap.Remap/1336 (22 ms)
[ RUN      ] Sz_Depth_Cn_Inter_Border_Mode_Remap.Remap/1337, where GetParam() = (1920x1080, CV_16U, BGR, INTER_NEAREST, BORDER_WRAP, UPSIDE_DOWN)
[ PERFSTAT ]    (samples=13   mean=0.04   median=0.04   min=0.04   stddev=0.00 (2.9%))
[       OK ] Sz_Depth_Cn_Inter_Border_Mode_Remap.Remap/1337 (19 ms)
[ RUN      ] Sz_Depth_Cn_Inter_Border_Mode_Remap.Remap/1338, where GetParam() = (1920x1080, CV_16U, BGR, INTER_NEAREST, BORDER_WRAP, REFLECTION_X)
[ PERFSTAT ]    (samples=13   mean=0.04   median=0.04   min=0.04   stddev=0.00 (2.0%))
[       OK ] Sz_Depth_Cn_Inter_Border_Mode_Remap.Remap/1338 (20 ms)
[ RUN      ] Sz_Depth_Cn_Inter_Border_Mode_Remap.Remap/1339, where GetParam() = (1920x1080, CV_16U, BGR, INTER_NEAREST, BORDER_WRAP, REFLECTION_BOTH)
[ PERFSTAT ]    (samples=13   mean=0.04   median=0.04   min=0.04   stddev=0.00 (1.9%))
[       OK ] Sz_Depth_Cn_Inter_Border_Mode_Remap.Remap/1339 (19 ms)
[ RUN      ] Sz_Depth_Cn_Inter_Border_Mode_Remap.Remap/1340, where GetParam() = (1920x1080, CV_16U, BGR, INTER_LINEAR, BORDER_REFLECT101, HALF_SIZE)
[ PERFSTAT ]    (samples=13   mean=0.06   median=0.06   min=0.06   stddev=0.00 (0.7%))
[       OK ] Sz_Depth_Cn_Inter_Border_Mode_Remap.Remap/1340 (23 ms)
[ RUN      ] Sz_Depth_Cn_Inter_Border_Mode_Remap.Remap/1341, where GetParam() = (1920x1080, CV_16U, BGR, INTER_LINEAR, BORDER_REFLECT101, UPSIDE_DOWN)
[ PERFSTAT ]    (samples=13   mean=0.06   median=0.06   min=0.06   stddev=0.00 (1.1%))
[       OK ] Sz_Depth_Cn_Inter_Border_Mode_Remap.Remap/1341 (19 ms)
[ RUN      ] Sz_Depth_Cn_Inter_Border_Mode_Remap.Remap/1342, where GetParam() = (1920x1080, CV_16U, BGR, INTER_LINEAR, BORDER_REFLECT101, REFLECTION_X)
[ PERFSTAT ]    (samples=13   mean=0.06   median=0.06   min=0.06   stddev=0.00 (0.6%))
[       OK ] Sz_Depth_Cn_Inter_Border_Mode_Remap.Remap/1342 (20 ms)
[ RUN      ] Sz_Depth_Cn_Inter_Border_Mode_Remap.Remap/1343, where GetParam() = (1920x1080, CV_16U, BGR, INTER_LINEAR, BORDER_REFLECT101, REFLECTION_BOTH)
[ PERFSTAT ]    (samples=13   mean=0.06   median=0.06   min=0.06   stddev=0.00 (0.6%))
[       OK ] Sz_Depth_Cn_Inter_Border_Mode_Remap.Remap/1343 (19 ms)
[ RUN      ] Sz_Depth_Cn_Inter_Border_Mode_Remap.Remap/1344, where GetParam() = (1920x1080, CV_16U, BGR, INTER_LINEAR, BORDER_REPLICATE, HALF_SIZE)
[ PERFSTAT ]    (samples=13   mean=0.05   median=0.05   min=0.05   stddev=0.00 (2.3%))
[       OK ] Sz_Depth_Cn_Inter_Border_Mode_Remap.Remap/1344 (23 ms)
[ RUN      ] Sz_Depth_Cn_Inter_Border_Mode_Remap.Remap/1345, where GetParam() = (1920x1080, CV_16U, BGR, INTER_LINEAR, BORDER_REPLICATE, UPSIDE_DOWN)
[ PERFSTAT ]    (samples=13   mean=0.05   median=0.05   min=0.05   stddev=0.00 (1.3%))
[       OK ] Sz_Depth_Cn_Inter_Border_Mode_Remap.Remap/1345 (19 ms)
[ RUN      ] Sz_Depth_Cn_Inter_Border_Mode_Remap.Remap/1346, where GetParam() = (1920x1080, CV_16U, BGR, INTER_LINEAR, BORDER_REPLICATE, REFLECTION_X)
[ PERFSTAT ]    (samples=13   mean=0.05   median=0.05   min=0.05   stddev=0.00 (1.8%))
[       OK ] Sz_Depth_Cn_Inter_Border_Mode_Remap.Remap/1346 (19 ms)
[ RUN      ] Sz_Depth_Cn_Inter_Border_Mode_Remap.Remap/1347, where GetParam() = (1920x1080, CV_16U, BGR, INTER_LINEAR, BORDER_REPLICATE, REFLECTION_BOTH)
[ PERFSTAT ]    (samples=13   mean=0.05   median=0.05   min=0.05   stddev=0.00 (1.1%))
[       OK ] Sz_Depth_Cn_Inter_Border_Mode_Remap.Remap/1347 (23 ms)
[ RUN      ] Sz_Depth_Cn_Inter_Border_Mode_Remap.Remap/1348, where GetParam() = (1920x1080, CV_16U, BGR, INTER_LINEAR, BORDER_CONSTANT, HALF_SIZE)
[ PERFSTAT ]    (samples=13   mean=0.05   median=0.05   min=0.05   stddev=0.00 (1.3%))
[       OK ] Sz_Depth_Cn_Inter_Border_Mode_Remap.Remap/1348 (22 ms)
[ RUN      ] Sz_Depth_Cn_Inter_Border_Mode_Remap.Remap/1349, where GetParam() = (1920x1080, CV_16U, BGR, INTER_LINEAR, BORDER_CONSTANT, UPSIDE_DOWN)
[ PERFSTAT ]    (samples=13   mean=0.05   median=0.05   min=0.05   stddev=0.00 (0.9%))
[       OK ] Sz_Depth_Cn_Inter_Border_Mode_Remap.Remap/1349 (20 ms)
[ RUN      ] Sz_Depth_Cn_Inter_Border_Mode_Remap.Remap/1350, where GetParam() = (1920x1080, CV_16U, BGR, INTER_LINEAR, BORDER_CONSTANT, REFLECTION_X)
[ PERFSTAT ]    (samples=13   mean=0.05   median=0.05   min=0.05   stddev=0.00 (1.4%))
[       OK ] Sz_Depth_Cn_Inter_Border_Mode_Remap.Remap/1350 (19 ms)
[ RUN      ] Sz_Depth_Cn_Inter_Border_Mode_Remap.Remap/1351, where GetParam() = (1920x1080, CV_16U, BGR, INTER_LINEAR, BORDER_CONSTANT, REFLECTION_BOTH)
[ PERFSTAT ]    (samples=13   mean=0.05   median=0.05   min=0.05   stddev=0.00 (0.9%))
[       OK ] Sz_Depth_Cn_Inter_Border_Mode_Remap.Remap/1351 (19 ms)
[ RUN      ] Sz_Depth_Cn_Inter_Border_Mode_Remap.Remap/1352, where GetParam() = (1920x1080, CV_16U, BGR, INTER_LINEAR, BORDER_REFLECT, HALF_SIZE)
[ PERFSTAT ]    (samples=13   mean=0.06   median=0.06   min=0.06   stddev=0.00 (0.8%))
[       OK ] Sz_Depth_Cn_Inter_Border_Mode_Remap.Remap/1352 (23 ms)
[ RUN      ] Sz_Depth_Cn_Inter_Border_Mode_Remap.Remap/1353, where GetParam() = (1920x1080, CV_16U, BGR, INTER_LINEAR, BORDER_REFLECT, UPSIDE_DOWN)
[ PERFSTAT ]    (samples=100   mean=0.06   median=0.06   min=0.05   stddev=0.00 (5.1%))
[       OK ] Sz_Depth_Cn_Inter_Border_Mode_Remap.Remap/1353 (26 ms)
[ RUN      ] Sz_Depth_Cn_Inter_Border_Mode_Remap.Remap/1354, where GetParam() = (1920x1080, CV_16U, BGR, INTER_LINEAR, BORDER_REFLECT, REFLECTION_X)
[ PERFSTAT ]    (samples=13   mean=0.06   median=0.06   min=0.06   stddev=0.00 (0.6%))
[       OK ] Sz_Depth_Cn_Inter_Border_Mode_Remap.Remap/1354 (20 ms)
[ RUN      ] Sz_Depth_Cn_Inter_Border_Mode_Remap.Remap/1355, where GetParam() = (1920x1080, CV_16U, BGR, INTER_LINEAR, BORDER_REFLECT, REFLECTION_BOTH)
[ PERFSTAT ]    (samples=13   mean=0.06   median=0.06   min=0.06   stddev=0.00 (0.8%))
[       OK ] Sz_Depth_Cn_Inter_Border_Mode_Remap.Remap/1355 (20 ms)
[ RUN      ] Sz_Depth_Cn_Inter_Border_Mode_Remap.Remap/1356, where GetParam() = (1920x1080, CV_16U, BGR, INTER_LINEAR, BORDER_WRAP, HALF_SIZE)
[ PERFSTAT ]    (samples=13   mean=0.05   median=0.05   min=0.05   stddev=0.00 (1.0%))
[       OK ] Sz_Depth_Cn_Inter_Border_Mode_Remap.Remap/1356 (22 ms)
[ RUN      ] Sz_Depth_Cn_Inter_Border_Mode_Remap.Remap/1357, where GetParam() = (1920x1080, CV_16U, BGR, INTER_LINEAR, BORDER_WRAP, UPSIDE_DOWN)
[ PERFSTAT ]    (samples=13   mean=0.05   median=0.05   min=0.05   stddev=0.00 (1.1%))
[       OK ] Sz_Depth_Cn_Inter_Border_Mode_Remap.Remap/1357 (21 ms)
[ RUN      ] Sz_Depth_Cn_Inter_Border_Mode_Remap.Remap/1358, where GetParam() = (1920x1080, CV_16U, BGR, INTER_LINEAR, BORDER_WRAP, REFLECTION_X)
[ PERFSTAT ]    (samples=23   mean=0.05   median=0.05   min=0.05   stddev=0.00 (3.0%))
[       OK ] Sz_Depth_Cn_Inter_Border_Mode_Remap.Remap/1358 (20 ms)
[ RUN      ] Sz_Depth_Cn_Inter_Border_Mode_Remap.Remap/1359, where GetParam() = (1920x1080, CV_16U, BGR, INTER_LINEAR, BORDER_WRAP, REFLECTION_BOTH)
[ PERFSTAT ]    (samples=13   mean=0.05   median=0.05   min=0.05   stddev=0.00 (2.9%))
[       OK ] Sz_Depth_Cn_Inter_Border_Mode_Remap.Remap/1359 (19 ms)
[ RUN      ] Sz_Depth_Cn_Inter_Border_Mode_Remap.Remap/1360, where GetParam() = (1920x1080, CV_16U, BGR, INTER_CUBIC, BORDER_REFLECT101, HALF_SIZE)
[ PERFSTAT ]    (samples=13   mean=0.29   median=0.29   min=0.29   stddev=0.00 (0.1%))
[       OK ] Sz_Depth_Cn_Inter_Border_Mode_Remap.Remap/1360 (25 ms)
[ RUN      ] Sz_Depth_Cn_Inter_Border_Mode_Remap.Remap/1361, where GetParam() = (1920x1080, CV_16U, BGR, INTER_CUBIC, BORDER_REFLECT101, UPSIDE_DOWN)
[ PERFSTAT ]    (samples=13   mean=0.31   median=0.31   min=0.31   stddev=0.00 (0.2%))
[       OK ] Sz_Depth_Cn_Inter_Border_Mode_Remap.Remap/1361 (23 ms)
[ RUN      ] Sz_Depth_Cn_Inter_Border_Mode_Remap.Remap/1362, where GetParam() = (1920x1080, CV_16U, BGR, INTER_CUBIC, BORDER_REFLECT101, REFLECTION_X)
[ PERFSTAT ]    (samples=13   mean=0.31   median=0.31   min=0.31   stddev=0.00 (0.1%))
[       OK ] Sz_Depth_Cn_Inter_Border_Mode_Remap.Remap/1362 (23 ms)
[ RUN      ] Sz_Depth_Cn_Inter_Border_Mode_Remap.Remap/1363, where GetParam() = (1920x1080, CV_16U, BGR, INTER_CUBIC, BORDER_REFLECT101, REFLECTION_BOTH)
[ PERFSTAT ]    (samples=13   mean=0.31   median=0.31   min=0.31   stddev=0.00 (0.2%))
[       OK ] Sz_Depth_Cn_Inter_Border_Mode_Remap.Remap/1363 (23 ms)
[ RUN      ] Sz_Depth_Cn_Inter_Border_Mode_Remap.Remap/1364, where GetParam() = (1920x1080, CV_16U, BGR, INTER_CUBIC, BORDER_REPLICATE, HALF_SIZE)
[ PERFSTAT ]    (samples=13   mean=0.18   median=0.18   min=0.18   stddev=0.00 (0.1%))
[       OK ] Sz_Depth_Cn_Inter_Border_Mode_Remap.Remap/1364 (24 ms)
[ RUN      ] Sz_Depth_Cn_Inter_Border_Mode_Remap.Remap/1365, where GetParam() = (1920x1080, CV_16U, BGR, INTER_CUBIC, BORDER_REPLICATE, UPSIDE_DOWN)
[ PERFSTAT ]    (samples=13   mean=0.19   median=0.19   min=0.19   stddev=0.00 (0.3%))
[       OK ] Sz_Depth_Cn_Inter_Border_Mode_Remap.Remap/1365 (21 ms)
[ RUN      ] Sz_Depth_Cn_Inter_Border_Mode_Remap.Remap/1366, where GetParam() = (1920x1080, CV_16U, BGR, INTER_CUBIC, BORDER_REPLICATE, REFLECTION_X)
[ PERFSTAT ]    (samples=13   mean=0.19   median=0.19   min=0.19   stddev=0.00 (0.3%))
[       OK ] Sz_Depth_Cn_Inter_Border_Mode_Remap.Remap/1366 (21 ms)
[ RUN      ] Sz_Depth_Cn_Inter_Border_Mode_Remap.Remap/1367, where GetParam() = (1920x1080, CV_16U, BGR, INTER_CUBIC, BORDER_REPLICATE, REFLECTION_BOTH)
[ PERFSTAT ]    (samples=13   mean=0.19   median=0.19   min=0.19   stddev=0.00 (0.5%))
[       OK ] Sz_Depth_Cn_Inter_Border_Mode_Remap.Remap/1367 (21 ms)
[ RUN      ] Sz_Depth_Cn_Inter_Border_Mode_Remap.Remap/1368, where GetParam() = (1920x1080, CV_16U, BGR, INTER_CUBIC, BORDER_CONSTANT, HALF_SIZE)
[ PERFSTAT ]    (samples=13   mean=0.19   median=0.19   min=0.18   stddev=0.00 (0.6%))
[       OK ] Sz_Depth_Cn_Inter_Border_Mode_Remap.Remap/1368 (24 ms)
[ RUN      ] Sz_Depth_Cn_Inter_Border_Mode_Remap.Remap/1369, where GetParam() = (1920x1080, CV_16U, BGR, INTER_CUBIC, BORDER_CONSTANT, UPSIDE_DOWN)
[ PERFSTAT ]    (samples=13   mean=0.21   median=0.21   min=0.21   stddev=0.00 (0.3%))
[       OK ] Sz_Depth_Cn_Inter_Border_Mode_Remap.Remap/1369 (22 ms)
[ RUN      ] Sz_Depth_Cn_Inter_Border_Mode_Remap.Remap/1370, where GetParam() = (1920x1080, CV_16U, BGR, INTER_CUBIC, BORDER_CONSTANT, REFLECTION_X)
[ PERFSTAT ]    (samples=13   mean=0.21   median=0.21   min=0.21   stddev=0.00 (0.3%))
[       OK ] Sz_Depth_Cn_Inter_Border_Mode_Remap.Remap/1370 (21 ms)
[ RUN      ] Sz_Depth_Cn_Inter_Border_Mode_Remap.Remap/1371, where GetParam() = (1920x1080, CV_16U, BGR, INTER_CUBIC, BORDER_CONSTANT, REFLECTION_BOTH)
[ PERFSTAT ]    (samples=13   mean=0.21   median=0.21   min=0.20   stddev=0.00 (0.5%))
[       OK ] Sz_Depth_Cn_Inter_Border_Mode_Remap.Remap/1371 (21 ms)
[ RUN      ] Sz_Depth_Cn_Inter_Border_Mode_Remap.Remap/1372, where GetParam() = (1920x1080, CV_16U, BGR, INTER_CUBIC, BORDER_REFLECT, HALF_SIZE)
[ PERFSTAT ]    (samples=13   mean=0.31   median=0.31   min=0.31   stddev=0.00 (0.2%))
[       OK ] Sz_Depth_Cn_Inter_Border_Mode_Remap.Remap/1372 (26 ms)
[ RUN      ] Sz_Depth_Cn_Inter_Border_Mode_Remap.Remap/1373, where GetParam() = (1920x1080, CV_16U, BGR, INTER_CUBIC, BORDER_REFLECT, UPSIDE_DOWN)
[ PERFSTAT ]    (samples=13   mean=0.33   median=0.33   min=0.33   stddev=0.00 (0.2%))
[       OK ] Sz_Depth_Cn_Inter_Border_Mode_Remap.Remap/1373 (23 ms)
[ RUN      ] Sz_Depth_Cn_Inter_Border_Mode_Remap.Remap/1374, where GetParam() = (1920x1080, CV_16U, BGR, INTER_CUBIC, BORDER_REFLECT, REFLECTION_X)
[ PERFSTAT ]    (samples=13   mean=0.33   median=0.33   min=0.33   stddev=0.00 (0.1%))
[       OK ] Sz_Depth_Cn_Inter_Border_Mode_Remap.Remap/1374 (23 ms)
[ RUN      ] Sz_Depth_Cn_Inter_Border_Mode_Remap.Remap/1375, where GetParam() = (1920x1080, CV_16U, BGR, INTER_CUBIC, BORDER_REFLECT, REFLECTION_BOTH)
[ PERFSTAT ]    (samples=13   mean=0.33   median=0.33   min=0.33   stddev=0.00 (0.2%))
[       OK ] Sz_Depth_Cn_Inter_Border_Mode_Remap.Remap/1375 (23 ms)
[ RUN      ] Sz_Depth_Cn_Inter_Border_Mode_Remap.Remap/1376, where GetParam() = (1920x1080, CV_16U, BGR, INTER_CUBIC, BORDER_WRAP, HALF_SIZE)
[ PERFSTAT ]    (samples=13   mean=0.31   median=0.31   min=0.30   stddev=0.00 (0.1%))
[       OK ] Sz_Depth_Cn_Inter_Border_Mode_Remap.Remap/1376 (25 ms)
[ RUN      ] Sz_Depth_Cn_Inter_Border_Mode_Remap.Remap/1377, where GetParam() = (1920x1080, CV_16U, BGR, INTER_CUBIC, BORDER_WRAP, UPSIDE_DOWN)
[ PERFSTAT ]    (samples=13   mean=0.27   median=0.27   min=0.26   stddev=0.00 (0.3%))
[       OK ] Sz_Depth_Cn_Inter_Border_Mode_Remap.Remap/1377 (23 ms)
[ RUN      ] Sz_Depth_Cn_Inter_Border_Mode_Remap.Remap/1378, where GetParam() = (1920x1080, CV_16U, BGR, INTER_CUBIC, BORDER_WRAP, REFLECTION_X)
[ PERFSTAT ]    (samples=13   mean=0.27   median=0.27   min=0.27   stddev=0.00 (0.3%))
[       OK ] Sz_Depth_Cn_Inter_Border_Mode_Remap.Remap/1378 (22 ms)
[ RUN      ] Sz_Depth_Cn_Inter_Border_Mode_Remap.Remap/1379, where GetParam() = (1920x1080, CV_16U, BGR, INTER_CUBIC, BORDER_WRAP, REFLECTION_BOTH)
[ PERFSTAT ]    (samples=13   mean=0.27   median=0.27   min=0.26   stddev=0.00 (0.2%))
[       OK ] Sz_Depth_Cn_Inter_Border_Mode_Remap.Remap/1379 (22 ms)
[ RUN      ] Sz_Depth_Cn_Inter_Border_Mode_Remap.Remap/1380, where GetParam() = (1920x1080, CV_16U, BGRA, INTER_NEAREST, BORDER_REFLECT101, HALF_SIZE)
[ PERFSTAT ]    (samples=13   mean=0.05   median=0.05   min=0.05   stddev=0.00 (2.0%))
[       OK ] Sz_Depth_Cn_Inter_Border_Mode_Remap.Remap/1380 (27 ms)
[ RUN      ] Sz_Depth_Cn_Inter_Border_Mode_Remap.Remap/1381, where GetParam() = (1920x1080, CV_16U, BGRA, INTER_NEAREST, BORDER_REFLECT101, UPSIDE_DOWN)
[ PERFSTAT ]    (samples=13   mean=0.05   median=0.05   min=0.05   stddev=0.00 (1.6%))
[       OK ] Sz_Depth_Cn_Inter_Border_Mode_Remap.Remap/1381 (23 ms)
[ RUN      ] Sz_Depth_Cn_Inter_Border_Mode_Remap.Remap/1382, where GetParam() = (1920x1080, CV_16U, BGRA, INTER_NEAREST, BORDER_REFLECT101, REFLECTION_X)
[ PERFSTAT ]    (samples=13   mean=0.05   median=0.05   min=0.05   stddev=0.00 (1.9%))
[       OK ] Sz_Depth_Cn_Inter_Border_Mode_Remap.Remap/1382 (24 ms)
[ RUN      ] Sz_Depth_Cn_Inter_Border_Mode_Remap.Remap/1383, where GetParam() = (1920x1080, CV_16U, BGRA, INTER_NEAREST, BORDER_REFLECT101, REFLECTION_BOTH)
[ PERFSTAT ]    (samples=13   mean=0.05   median=0.05   min=0.05   stddev=0.00 (1.4%))
[       OK ] Sz_Depth_Cn_Inter_Border_Mode_Remap.Remap/1383 (23 ms)
[ RUN      ] Sz_Depth_Cn_Inter_Border_Mode_Remap.Remap/1384, where GetParam() = (1920x1080, CV_16U, BGRA, INTER_NEAREST, BORDER_REPLICATE, HALF_SIZE)
[ PERFSTAT ]    (samples=13   mean=0.05   median=0.05   min=0.05   stddev=0.00 (2.9%))
[       OK ] Sz_Depth_Cn_Inter_Border_Mode_Remap.Remap/1384 (26 ms)
[ RUN      ] Sz_Depth_Cn_Inter_Border_Mode_Remap.Remap/1385, where GetParam() = (1920x1080, CV_16U, BGRA, INTER_NEAREST, BORDER_REPLICATE, UPSIDE_DOWN)
[ PERFSTAT ]    (samples=13   mean=0.05   median=0.05   min=0.05   stddev=0.00 (2.3%))
[       OK ] Sz_Depth_Cn_Inter_Border_Mode_Remap.Remap/1385 (24 ms)
[ RUN      ] Sz_Depth_Cn_Inter_Border_Mode_Remap.Remap/1386, where GetParam() = (1920x1080, CV_16U, BGRA, INTER_NEAREST, BORDER_REPLICATE, REFLECTION_X)
[ PERFSTAT ]    (samples=13   mean=0.05   median=0.05   min=0.05   stddev=0.00 (2.7%))
[       OK ] Sz_Depth_Cn_Inter_Border_Mode_Remap.Remap/1386 (24 ms)
[ RUN      ] Sz_Depth_Cn_Inter_Border_Mode_Remap.Remap/1387, where GetParam() = (1920x1080, CV_16U, BGRA, INTER_NEAREST, BORDER_REPLICATE, REFLECTION_BOTH)
[ PERFSTAT ]    (samples=13   mean=0.05   median=0.05   min=0.05   stddev=0.00 (2.0%))
[       OK ] Sz_Depth_Cn_Inter_Border_Mode_Remap.Remap/1387 (23 ms)
[ RUN      ] Sz_Depth_Cn_Inter_Border_Mode_Remap.Remap/1388, where GetParam() = (1920x1080, CV_16U, BGRA, INTER_NEAREST, BORDER_CONSTANT, HALF_SIZE)
[ PERFSTAT ]    (samples=13   mean=0.05   median=0.05   min=0.05   stddev=0.00 (2.4%))
[       OK ] Sz_Depth_Cn_Inter_Border_Mode_Remap.Remap/1388 (26 ms)
[ RUN      ] Sz_Depth_Cn_Inter_Border_Mode_Remap.Remap/1389, where GetParam() = (1920x1080, CV_16U, BGRA, INTER_NEAREST, BORDER_CONSTANT, UPSIDE_DOWN)
[ PERFSTAT ]    (samples=13   mean=0.05   median=0.05   min=0.05   stddev=0.00 (2.5%))
[       OK ] Sz_Depth_Cn_Inter_Border_Mode_Remap.Remap/1389 (23 ms)
[ RUN      ] Sz_Depth_Cn_Inter_Border_Mode_Remap.Remap/1390, where GetParam() = (1920x1080, CV_16U, BGRA, INTER_NEAREST, BORDER_CONSTANT, REFLECTION_X)
[ PERFSTAT ]    (samples=13   mean=0.05   median=0.05   min=0.05   stddev=0.00 (3.0%))
[       OK ] Sz_Depth_Cn_Inter_Border_Mode_Remap.Remap/1390 (24 ms)
[ RUN      ] Sz_Depth_Cn_Inter_Border_Mode_Remap.Remap/1391, where GetParam() = (1920x1080, CV_16U, BGRA, INTER_NEAREST, BORDER_CONSTANT, REFLECTION_BOTH)
[ PERFSTAT ]    (samples=13   mean=0.05   median=0.05   min=0.05   stddev=0.00 (2.3%))
[       OK ] Sz_Depth_Cn_Inter_Border_Mode_Remap.Remap/1391 (23 ms)
[ RUN      ] Sz_Depth_Cn_Inter_Border_Mode_Remap.Remap/1392, where GetParam() = (1920x1080, CV_16U, BGRA, INTER_NEAREST, BORDER_REFLECT, HALF_SIZE)
[ PERFSTAT ]    (samples=13   mean=0.05   median=0.05   min=0.05   stddev=0.00 (2.0%))
[       OK ] Sz_Depth_Cn_Inter_Border_Mode_Remap.Remap/1392 (26 ms)
[ RUN      ] Sz_Depth_Cn_Inter_Border_Mode_Remap.Remap/1393, where GetParam() = (1920x1080, CV_16U, BGRA, INTER_NEAREST, BORDER_REFLECT, UPSIDE_DOWN)
[ PERFSTAT ]    (samples=13   mean=0.05   median=0.05   min=0.05   stddev=0.00 (1.8%))
[       OK ] Sz_Depth_Cn_Inter_Border_Mode_Remap.Remap/1393 (24 ms)
[ RUN      ] Sz_Depth_Cn_Inter_Border_Mode_Remap.Remap/1394, where GetParam() = (1920x1080, CV_16U, BGRA, INTER_NEAREST, BORDER_REFLECT, REFLECTION_X)
[ PERFSTAT ]    (samples=13   mean=0.05   median=0.05   min=0.05   stddev=0.00 (1.9%))
[       OK ] Sz_Depth_Cn_Inter_Border_Mode_Remap.Remap/1394 (23 ms)
[ RUN      ] Sz_Depth_Cn_Inter_Border_Mode_Remap.Remap/1395, where GetParam() = (1920x1080, CV_16U, BGRA, INTER_NEAREST, BORDER_REFLECT, REFLECTION_BOTH)
[ PERFSTAT ]    (samples=19   mean=0.05   median=0.05   min=0.05   stddev=0.00 (2.9%))
[       OK ] Sz_Depth_Cn_Inter_Border_Mode_Remap.Remap/1395 (24 ms)
[ RUN      ] Sz_Depth_Cn_Inter_Border_Mode_Remap.Remap/1396, where GetParam() = (1920x1080, CV_16U, BGRA, INTER_NEAREST, BORDER_WRAP, HALF_SIZE)
[ PERFSTAT ]    (samples=13   mean=0.05   median=0.05   min=0.05   stddev=0.00 (2.1%))
[       OK ] Sz_Depth_Cn_Inter_Border_Mode_Remap.Remap/1396 (26 ms)
[ RUN      ] Sz_Depth_Cn_Inter_Border_Mode_Remap.Remap/1397, where GetParam() = (1920x1080, CV_16U, BGRA, INTER_NEAREST, BORDER_WRAP, UPSIDE_DOWN)
[ PERFSTAT ]    (samples=13   mean=0.05   median=0.05   min=0.05   stddev=0.00 (1.9%))
[       OK ] Sz_Depth_Cn_Inter_Border_Mode_Remap.Remap/1397 (23 ms)
[ RUN      ] Sz_Depth_Cn_Inter_Border_Mode_Remap.Remap/1398, where GetParam() = (1920x1080, CV_16U, BGRA, INTER_NEAREST, BORDER_WRAP, REFLECTION_X)
[ PERFSTAT ]    (samples=13   mean=0.05   median=0.05   min=0.05   stddev=0.00 (2.2%))
[       OK ] Sz_Depth_Cn_Inter_Border_Mode_Remap.Remap/1398 (24 ms)
[ RUN      ] Sz_Depth_Cn_Inter_Border_Mode_Remap.Remap/1399, where GetParam() = (1920x1080, CV_16U, BGRA, INTER_NEAREST, BORDER_WRAP, REFLECTION_BOTH)
[ PERFSTAT ]    (samples=13   mean=0.05   median=0.05   min=0.05   stddev=0.00 (1.8%))
[       OK ] Sz_Depth_Cn_Inter_Border_Mode_Remap.Remap/1399 (23 ms)
[ RUN      ] Sz_Depth_Cn_Inter_Border_Mode_Remap.Remap/1400, where GetParam() = (1920x1080, CV_16U, BGRA, INTER_LINEAR, BORDER_REFLECT101, HALF_SIZE)
[ PERFSTAT ]    (samples=13   mean=0.07   median=0.07   min=0.07   stddev=0.00 (2.0%))
[       OK ] Sz_Depth_Cn_Inter_Border_Mode_Remap.Remap/1400 (27 ms)
[ RUN      ] Sz_Depth_Cn_Inter_Border_Mode_Remap.Remap/1401, where GetParam() = (1920x1080, CV_16U, BGRA, INTER_LINEAR, BORDER_REFLECT101, UPSIDE_DOWN)
[ PERFSTAT ]    (samples=13   mean=0.07   median=0.07   min=0.07   stddev=0.00 (0.7%))
[       OK ] Sz_Depth_Cn_Inter_Border_Mode_Remap.Remap/1401 (24 ms)
[ RUN      ] Sz_Depth_Cn_Inter_Border_Mode_Remap.Remap/1402, where GetParam() = (1920x1080, CV_16U, BGRA, INTER_LINEAR, BORDER_REFLECT101, REFLECTION_X)
[ PERFSTAT ]    (samples=18   mean=0.07   median=0.07   min=0.07   stddev=0.00 (2.9%))
[       OK ] Sz_Depth_Cn_Inter_Border_Mode_Remap.Remap/1402 (24 ms)
[ RUN      ] Sz_Depth_Cn_Inter_Border_Mode_Remap.Remap/1403, where GetParam() = (1920x1080, CV_16U, BGRA, INTER_LINEAR, BORDER_REFLECT101, REFLECTION_BOTH)
[ PERFSTAT ]    (samples=15   mean=0.07   median=0.07   min=0.07   stddev=0.00 (2.9%))
[       OK ] Sz_Depth_Cn_Inter_Border_Mode_Remap.Remap/1403 (23 ms)
[ RUN      ] Sz_Depth_Cn_Inter_Border_Mode_Remap.Remap/1404, where GetParam() = (1920x1080, CV_16U, BGRA, INTER_LINEAR, BORDER_REPLICATE, HALF_SIZE)
[ PERFSTAT ]    (samples=13   mean=0.06   median=0.06   min=0.06   stddev=0.00 (1.5%))
[       OK ] Sz_Depth_Cn_Inter_Border_Mode_Remap.Remap/1404 (27 ms)
[ RUN      ] Sz_Depth_Cn_Inter_Border_Mode_Remap.Remap/1405, where GetParam() = (1920x1080, CV_16U, BGRA, INTER_LINEAR, BORDER_REPLICATE, UPSIDE_DOWN)
[ PERFSTAT ]    (samples=13   mean=0.06   median=0.06   min=0.06   stddev=0.00 (1.5%))
[       OK ] Sz_Depth_Cn_Inter_Border_Mode_Remap.Remap/1405 (24 ms)
[ RUN      ] Sz_Depth_Cn_Inter_Border_Mode_Remap.Remap/1406, where GetParam() = (1920x1080, CV_16U, BGRA, INTER_LINEAR, BORDER_REPLICATE, REFLECTION_X)
[ PERFSTAT ]    (samples=13   mean=0.06   median=0.06   min=0.06   stddev=0.00 (1.8%))
[       OK ] Sz_Depth_Cn_Inter_Border_Mode_Remap.Remap/1406 (23 ms)
[ RUN      ] Sz_Depth_Cn_Inter_Border_Mode_Remap.Remap/1407, where GetParam() = (1920x1080, CV_16U, BGRA, INTER_LINEAR, BORDER_REPLICATE, REFLECTION_BOTH)
[ PERFSTAT ]    (samples=13   mean=0.06   median=0.06   min=0.06   stddev=0.00 (1.4%))
[       OK ] Sz_Depth_Cn_Inter_Border_Mode_Remap.Remap/1407 (23 ms)
[ RUN      ] Sz_Depth_Cn_Inter_Border_Mode_Remap.Remap/1408, where GetParam() = (1920x1080, CV_16U, BGRA, INTER_LINEAR, BORDER_CONSTANT, HALF_SIZE)
[ PERFSTAT ]    (samples=13   mean=0.06   median=0.06   min=0.06   stddev=0.00 (1.5%))
[       OK ] Sz_Depth_Cn_Inter_Border_Mode_Remap.Remap/1408 (27 ms)
[ RUN      ] Sz_Depth_Cn_Inter_Border_Mode_Remap.Remap/1409, where GetParam() = (1920x1080, CV_16U, BGRA, INTER_LINEAR, BORDER_CONSTANT, UPSIDE_DOWN)
[ PERFSTAT ]    (samples=13   mean=0.06   median=0.06   min=0.06   stddev=0.00 (1.4%))
[       OK ] Sz_Depth_Cn_Inter_Border_Mode_Remap.Remap/1409 (24 ms)
[ RUN      ] Sz_Depth_Cn_Inter_Border_Mode_Remap.Remap/1410, where GetParam() = (1920x1080, CV_16U, BGRA, INTER_LINEAR, BORDER_CONSTANT, REFLECTION_X)
[ PERFSTAT ]    (samples=13   mean=0.06   median=0.06   min=0.06   stddev=0.00 (1.1%))
[       OK ] Sz_Depth_Cn_Inter_Border_Mode_Remap.Remap/1410 (23 ms)
[ RUN      ] Sz_Depth_Cn_Inter_Border_Mode_Remap.Remap/1411, where GetParam() = (1920x1080, CV_16U, BGRA, INTER_LINEAR, BORDER_CONSTANT, REFLECTION_BOTH)
[ PERFSTAT ]    (samples=13   mean=0.06   median=0.06   min=0.06   stddev=0.00 (0.9%))
[       OK ] Sz_Depth_Cn_Inter_Border_Mode_Remap.Remap/1411 (24 ms)
[ RUN      ] Sz_Depth_Cn_Inter_Border_Mode_Remap.Remap/1412, where GetParam() = (1920x1080, CV_16U, BGRA, INTER_LINEAR, BORDER_REFLECT, HALF_SIZE)
[ PERFSTAT ]    (samples=13   mean=0.07   median=0.07   min=0.07   stddev=0.00 (1.0%))
[       OK ] Sz_Depth_Cn_Inter_Border_Mode_Remap.Remap/1412 (27 ms)
[ RUN      ] Sz_Depth_Cn_Inter_Border_Mode_Remap.Remap/1413, where GetParam() = (1920x1080, CV_16U, BGRA, INTER_LINEAR, BORDER_REFLECT, UPSIDE_DOWN)
[ PERFSTAT ]    (samples=13   mean=0.07   median=0.07   min=0.07   stddev=0.00 (1.2%))
[       OK ] Sz_Depth_Cn_Inter_Border_Mode_Remap.Remap/1413 (23 ms)
[ RUN      ] Sz_Depth_Cn_Inter_Border_Mode_Remap.Remap/1414, where GetParam() = (1920x1080, CV_16U, BGRA, INTER_LINEAR, BORDER_REFLECT, REFLECTION_X)
[ PERFSTAT ]    (samples=13   mean=0.07   median=0.07   min=0.07   stddev=0.00 (0.9%))
[       OK ] Sz_Depth_Cn_Inter_Border_Mode_Remap.Remap/1414 (23 ms)
[ RUN      ] Sz_Depth_Cn_Inter_Border_Mode_Remap.Remap/1415, where GetParam() = (1920x1080, CV_16U, BGRA, INTER_LINEAR, BORDER_REFLECT, REFLECTION_BOTH)
[ PERFSTAT ]    (samples=13   mean=0.07   median=0.07   min=0.07   stddev=0.00 (1.6%))
[       OK ] Sz_Depth_Cn_Inter_Border_Mode_Remap.Remap/1415 (23 ms)
[ RUN      ] Sz_Depth_Cn_Inter_Border_Mode_Remap.Remap/1416, where GetParam() = (1920x1080, CV_16U, BGRA, INTER_LINEAR, BORDER_WRAP, HALF_SIZE)
[ PERFSTAT ]    (samples=22   mean=0.07   median=0.07   min=0.07   stddev=0.00 (3.0%))
[       OK ] Sz_Depth_Cn_Inter_Border_Mode_Remap.Remap/1416 (28 ms)
[ RUN      ] Sz_Depth_Cn_Inter_Border_Mode_Remap.Remap/1417, where GetParam() = (1920x1080, CV_16U, BGRA, INTER_LINEAR, BORDER_WRAP, UPSIDE_DOWN)
[ PERFSTAT ]    (samples=13   mean=0.06   median=0.06   min=0.06   stddev=0.00 (1.7%))
[       OK ] Sz_Depth_Cn_Inter_Border_Mode_Remap.Remap/1417 (24 ms)
[ RUN      ] Sz_Depth_Cn_Inter_Border_Mode_Remap.Remap/1418, where GetParam() = (1920x1080, CV_16U, BGRA, INTER_LINEAR, BORDER_WRAP, REFLECTION_X)
[ PERFSTAT ]    (samples=13   mean=0.06   median=0.06   min=0.06   stddev=0.00 (1.1%))
[       OK ] Sz_Depth_Cn_Inter_Border_Mode_Remap.Remap/1418 (23 ms)
[ RUN      ] Sz_Depth_Cn_Inter_Border_Mode_Remap.Remap/1419, where GetParam() = (1920x1080, CV_16U, BGRA, INTER_LINEAR, BORDER_WRAP, REFLECTION_BOTH)
[ PERFSTAT ]    (samples=13   mean=0.06   median=0.06   min=0.06   stddev=0.00 (1.0%))
[       OK ] Sz_Depth_Cn_Inter_Border_Mode_Remap.Remap/1419 (23 ms)
[ RUN      ] Sz_Depth_Cn_Inter_Border_Mode_Remap.Remap/1420, where GetParam() = (1920x1080, CV_16U, BGRA, INTER_CUBIC, BORDER_REFLECT101, HALF_SIZE)
[ PERFSTAT ]    (samples=13   mean=0.37   median=0.37   min=0.37   stddev=0.00 (0.3%))
[       OK ] Sz_Depth_Cn_Inter_Border_Mode_Remap.Remap/1420 (31 ms)
[ RUN      ] Sz_Depth_Cn_Inter_Border_Mode_Remap.Remap/1421, where GetParam() = (1920x1080, CV_16U, BGRA, INTER_CUBIC, BORDER_REFLECT101, UPSIDE_DOWN)
[ PERFSTAT ]    (samples=13   mean=0.40   median=0.40   min=0.40   stddev=0.00 (0.2%))
[       OK ] Sz_Depth_Cn_Inter_Border_Mode_Remap.Remap/1421 (28 ms)
[ RUN      ] Sz_Depth_Cn_Inter_Border_Mode_Remap.Remap/1422, where GetParam() = (1920x1080, CV_16U, BGRA, INTER_CUBIC, BORDER_REFLECT101, REFLECTION_X)
[ PERFSTAT ]    (samples=13   mean=0.40   median=0.40   min=0.40   stddev=0.00 (0.2%))
[       OK ] Sz_Depth_Cn_Inter_Border_Mode_Remap.Remap/1422 (28 ms)
[ RUN      ] Sz_Depth_Cn_Inter_Border_Mode_Remap.Remap/1423, where GetParam() = (1920x1080, CV_16U, BGRA, INTER_CUBIC, BORDER_REFLECT101, REFLECTION_BOTH)
[ PERFSTAT ]    (samples=13   mean=0.40   median=0.40   min=0.40   stddev=0.00 (0.2%))
[       OK ] Sz_Depth_Cn_Inter_Border_Mode_Remap.Remap/1423 (28 ms)
[ RUN      ] Sz_Depth_Cn_Inter_Border_Mode_Remap.Remap/1424, where GetParam() = (1920x1080, CV_16U, BGRA, INTER_CUBIC, BORDER_REPLICATE, HALF_SIZE)
[ PERFSTAT ]    (samples=13   mean=0.23   median=0.23   min=0.23   stddev=0.00 (0.4%))
[       OK ] Sz_Depth_Cn_Inter_Border_Mode_Remap.Remap/1424 (28 ms)
[ RUN      ] Sz_Depth_Cn_Inter_Border_Mode_Remap.Remap/1425, where GetParam() = (1920x1080, CV_16U, BGRA, INTER_CUBIC, BORDER_REPLICATE, UPSIDE_DOWN)
[ PERFSTAT ]    (samples=13   mean=0.25   median=0.25   min=0.25   stddev=0.00 (0.4%))
[       OK ] Sz_Depth_Cn_Inter_Border_Mode_Remap.Remap/1425 (26 ms)
[ RUN      ] Sz_Depth_Cn_Inter_Border_Mode_Remap.Remap/1426, where GetParam() = (1920x1080, CV_16U, BGRA, INTER_CUBIC, BORDER_REPLICATE, REFLECTION_X)
[ PERFSTAT ]    (samples=13   mean=0.25   median=0.25   min=0.25   stddev=0.00 (0.4%))
[       OK ] Sz_Depth_Cn_Inter_Border_Mode_Remap.Remap/1426 (26 ms)
[ RUN      ] Sz_Depth_Cn_Inter_Border_Mode_Remap.Remap/1427, where GetParam() = (1920x1080, CV_16U, BGRA, INTER_CUBIC, BORDER_REPLICATE, REFLECTION_BOTH)
[ PERFSTAT ]    (samples=13   mean=0.25   median=0.25   min=0.25   stddev=0.00 (0.4%))
[       OK ] Sz_Depth_Cn_Inter_Border_Mode_Remap.Remap/1427 (26 ms)
[ RUN      ] Sz_Depth_Cn_Inter_Border_Mode_Remap.Remap/1428, where GetParam() = (1920x1080, CV_16U, BGRA, INTER_CUBIC, BORDER_CONSTANT, HALF_SIZE)
[ PERFSTAT ]    (samples=13   mean=0.24   median=0.24   min=0.24   stddev=0.00 (0.4%))
[       OK ] Sz_Depth_Cn_Inter_Border_Mode_Remap.Remap/1428 (28 ms)
[ RUN      ] Sz_Depth_Cn_Inter_Border_Mode_Remap.Remap/1429, where GetParam() = (1920x1080, CV_16U, BGRA, INTER_CUBIC, BORDER_CONSTANT, UPSIDE_DOWN)
[ PERFSTAT ]    (samples=13   mean=0.26   median=0.26   min=0.26   stddev=0.00 (0.3%))
[       OK ] Sz_Depth_Cn_Inter_Border_Mode_Remap.Remap/1429 (26 ms)
[ RUN      ] Sz_Depth_Cn_Inter_Border_Mode_Remap.Remap/1430, where GetParam() = (1920x1080, CV_16U, BGRA, INTER_CUBIC, BORDER_CONSTANT, REFLECTION_X)
[ PERFSTAT ]    (samples=13   mean=0.26   median=0.26   min=0.26   stddev=0.00 (0.3%))
[       OK ] Sz_Depth_Cn_Inter_Border_Mode_Remap.Remap/1430 (27 ms)
[ RUN      ] Sz_Depth_Cn_Inter_Border_Mode_Remap.Remap/1431, where GetParam() = (1920x1080, CV_16U, BGRA, INTER_CUBIC, BORDER_CONSTANT, REFLECTION_BOTH)
[ PERFSTAT ]    (samples=13   mean=0.26   median=0.26   min=0.26   stddev=0.00 (0.4%))
[       OK ] Sz_Depth_Cn_Inter_Border_Mode_Remap.Remap/1431 (25 ms)
[ RUN      ] Sz_Depth_Cn_Inter_Border_Mode_Remap.Remap/1432, where GetParam() = (1920x1080, CV_16U, BGRA, INTER_CUBIC, BORDER_REFLECT, HALF_SIZE)
[ PERFSTAT ]    (samples=13   mean=0.39   median=0.39   min=0.39   stddev=0.00 (0.2%))
[       OK ] Sz_Depth_Cn_Inter_Border_Mode_Remap.Remap/1432 (31 ms)
[ RUN      ] Sz_Depth_Cn_Inter_Border_Mode_Remap.Remap/1433, where GetParam() = (1920x1080, CV_16U, BGRA, INTER_CUBIC, BORDER_REFLECT, UPSIDE_DOWN)
[ PERFSTAT ]    (samples=13   mean=0.42   median=0.42   min=0.42   stddev=0.00 (0.4%))
[       OK ] Sz_Depth_Cn_Inter_Border_Mode_Remap.Remap/1433 (28 ms)
[ RUN      ] Sz_Depth_Cn_Inter_Border_Mode_Remap.Remap/1434, where GetParam() = (1920x1080, CV_16U, BGRA, INTER_CUBIC, BORDER_REFLECT, REFLECTION_X)
[ PERFSTAT ]    (samples=13   mean=0.42   median=0.42   min=0.42   stddev=0.00 (0.3%))
[       OK ] Sz_Depth_Cn_Inter_Border_Mode_Remap.Remap/1434 (28 ms)
[ RUN      ] Sz_Depth_Cn_Inter_Border_Mode_Remap.Remap/1435, where GetParam() = (1920x1080, CV_16U, BGRA, INTER_CUBIC, BORDER_REFLECT, REFLECTION_BOTH)
[ PERFSTAT ]    (samples=13   mean=0.42   median=0.42   min=0.42   stddev=0.00 (0.3%))
[       OK ] Sz_Depth_Cn_Inter_Border_Mode_Remap.Remap/1435 (28 ms)
[ RUN      ] Sz_Depth_Cn_Inter_Border_Mode_Remap.Remap/1436, where GetParam() = (1920x1080, CV_16U, BGRA, INTER_CUBIC, BORDER_WRAP, HALF_SIZE)
[ PERFSTAT ]    (samples=13   mean=0.37   median=0.37   min=0.37   stddev=0.00 (0.2%))
[       OK ] Sz_Depth_Cn_Inter_Border_Mode_Remap.Remap/1436 (31 ms)
[ RUN      ] Sz_Depth_Cn_Inter_Border_Mode_Remap.Remap/1437, where GetParam() = (1920x1080, CV_16U, BGRA, INTER_CUBIC, BORDER_WRAP, UPSIDE_DOWN)
[ PERFSTAT ]    (samples=13   mean=0.34   median=0.34   min=0.34   stddev=0.00 (0.3%))
[       OK ] Sz_Depth_Cn_Inter_Border_Mode_Remap.Remap/1437 (51 ms)
[ RUN      ] Sz_Depth_Cn_Inter_Border_Mode_Remap.Remap/1438, where GetParam() = (1920x1080, CV_16U, BGRA, INTER_CUBIC, BORDER_WRAP, REFLECTION_X)
[ PERFSTAT ]    (samples=13   mean=0.34   median=0.34   min=0.34   stddev=0.00 (0.3%))
[       OK ] Sz_Depth_Cn_Inter_Border_Mode_Remap.Remap/1438 (28 ms)
[ RUN      ] Sz_Depth_Cn_Inter_Border_Mode_Remap.Remap/1439, where GetParam() = (1920x1080, CV_16U, BGRA, INTER_CUBIC, BORDER_WRAP, REFLECTION_BOTH)
[ PERFSTAT ]    (samples=13   mean=0.34   median=0.34   min=0.34   stddev=0.00 (0.2%))
[       OK ] Sz_Depth_Cn_Inter_Border_Mode_Remap.Remap/1439 (26 ms)
[ RUN      ] Sz_Depth_Cn_Inter_Border_Mode_Remap.Remap/1440, where GetParam() = (1920x1080, CV_32F, Gray, INTER_NEAREST, BORDER_REFLECT101, HALF_SIZE)
[ PERFSTAT ]    (samples=25   mean=0.04   median=0.04   min=0.04   stddev=0.00 (2.6%))
[       OK ] Sz_Depth_Cn_Inter_Border_Mode_Remap.Remap/1440 (17 ms)
[ RUN      ] Sz_Depth_Cn_Inter_Border_Mode_Remap.Remap/1441, where GetParam() = (1920x1080, CV_32F, Gray, INTER_NEAREST, BORDER_REFLECT101, UPSIDE_DOWN)
[ PERFSTAT ]    (samples=20   mean=0.04   median=0.04   min=0.04   stddev=0.00 (2.9%))
[       OK ] Sz_Depth_Cn_Inter_Border_Mode_Remap.Remap/1441 (13 ms)
[ RUN      ] Sz_Depth_Cn_Inter_Border_Mode_Remap.Remap/1442, where GetParam() = (1920x1080, CV_32F, Gray, INTER_NEAREST, BORDER_REFLECT101, REFLECTION_X)
[ PERFSTAT ]    (samples=25   mean=0.04   median=0.04   min=0.04   stddev=0.00 (2.1%))
[       OK ] Sz_Depth_Cn_Inter_Border_Mode_Remap.Remap/1442 (13 ms)
[ RUN      ] Sz_Depth_Cn_Inter_Border_Mode_Remap.Remap/1443, where GetParam() = (1920x1080, CV_32F, Gray, INTER_NEAREST, BORDER_REFLECT101, REFLECTION_BOTH)
[ PERFSTAT ]    (samples=38   mean=0.04   median=0.04   min=0.04   stddev=0.00 (0.6%))
[       OK ] Sz_Depth_Cn_Inter_Border_Mode_Remap.Remap/1443 (14 ms)
[ RUN      ] Sz_Depth_Cn_Inter_Border_Mode_Remap.Remap/1444, where GetParam() = (1920x1080, CV_32F, Gray, INTER_NEAREST, BORDER_REPLICATE, HALF_SIZE)
[ PERFSTAT ]    (samples=25   mean=0.03   median=0.03   min=0.03   stddev=0.00 (1.4%))
[       OK ] Sz_Depth_Cn_Inter_Border_Mode_Remap.Remap/1444 (17 ms)
[ RUN      ] Sz_Depth_Cn_Inter_Border_Mode_Remap.Remap/1445, where GetParam() = (1920x1080, CV_32F, Gray, INTER_NEAREST, BORDER_REPLICATE, UPSIDE_DOWN)
[ PERFSTAT ]    (samples=25   mean=0.04   median=0.04   min=0.04   stddev=0.00 (0.9%))
[       OK ] Sz_Depth_Cn_Inter_Border_Mode_Remap.Remap/1445 (13 ms)
[ RUN      ] Sz_Depth_Cn_Inter_Border_Mode_Remap.Remap/1446, where GetParam() = (1920x1080, CV_32F, Gray, INTER_NEAREST, BORDER_REPLICATE, REFLECTION_X)
[ PERFSTAT ]    (samples=25   mean=0.04   median=0.04   min=0.04   stddev=0.00 (2.9%))
[       OK ] Sz_Depth_Cn_Inter_Border_Mode_Remap.Remap/1446 (14 ms)
[ RUN      ] Sz_Depth_Cn_Inter_Border_Mode_Remap.Remap/1447, where GetParam() = (1920x1080, CV_32F, Gray, INTER_NEAREST, BORDER_REPLICATE, REFLECTION_BOTH)
[ PERFSTAT ]    (samples=27   mean=0.04   median=0.04   min=0.04   stddev=0.00 (3.0%))
[       OK ] Sz_Depth_Cn_Inter_Border_Mode_Remap.Remap/1447 (13 ms)
[ RUN      ] Sz_Depth_Cn_Inter_Border_Mode_Remap.Remap/1448, where GetParam() = (1920x1080, CV_32F, Gray, INTER_NEAREST, BORDER_CONSTANT, HALF_SIZE)
[ PERFSTAT ]    (samples=25   mean=0.03   median=0.03   min=0.03   stddev=0.00 (2.0%))
[       OK ] Sz_Depth_Cn_Inter_Border_Mode_Remap.Remap/1448 (16 ms)
[ RUN      ] Sz_Depth_Cn_Inter_Border_Mode_Remap.Remap/1449, where GetParam() = (1920x1080, CV_32F, Gray, INTER_NEAREST, BORDER_CONSTANT, UPSIDE_DOWN)
[ PERFSTAT ]    (samples=25   mean=0.04   median=0.04   min=0.04   stddev=0.00 (2.9%))
[       OK ] Sz_Depth_Cn_Inter_Border_Mode_Remap.Remap/1449 (13 ms)
[ RUN      ] Sz_Depth_Cn_Inter_Border_Mode_Remap.Remap/1450, where GetParam() = (1920x1080, CV_32F, Gray, INTER_NEAREST, BORDER_CONSTANT, REFLECTION_X)
[ PERFSTAT ]    (samples=18   mean=0.04   median=0.04   min=0.04   stddev=0.00 (3.0%))
[       OK ] Sz_Depth_Cn_Inter_Border_Mode_Remap.Remap/1450 (13 ms)
[ RUN      ] Sz_Depth_Cn_Inter_Border_Mode_Remap.Remap/1451, where GetParam() = (1920x1080, CV_32F, Gray, INTER_NEAREST, BORDER_CONSTANT, REFLECTION_BOTH)
[ PERFSTAT ]    (samples=25   mean=0.04   median=0.04   min=0.04   stddev=0.00 (0.7%))
[       OK ] Sz_Depth_Cn_Inter_Border_Mode_Remap.Remap/1451 (13 ms)
[ RUN      ] Sz_Depth_Cn_Inter_Border_Mode_Remap.Remap/1452, where GetParam() = (1920x1080, CV_32F, Gray, INTER_NEAREST, BORDER_REFLECT, HALF_SIZE)
[ PERFSTAT ]    (samples=18   mean=0.04   median=0.04   min=0.04   stddev=0.00 (2.9%))
[       OK ] Sz_Depth_Cn_Inter_Border_Mode_Remap.Remap/1452 (16 ms)
[ RUN      ] Sz_Depth_Cn_Inter_Border_Mode_Remap.Remap/1453, where GetParam() = (1920x1080, CV_32F, Gray, INTER_NEAREST, BORDER_REFLECT, UPSIDE_DOWN)
[ PERFSTAT ]    (samples=25   mean=0.04   median=0.04   min=0.04   stddev=0.00 (0.8%))
[       OK ] Sz_Depth_Cn_Inter_Border_Mode_Remap.Remap/1453 (14 ms)
[ RUN      ] Sz_Depth_Cn_Inter_Border_Mode_Remap.Remap/1454, where GetParam() = (1920x1080, CV_32F, Gray, INTER_NEAREST, BORDER_REFLECT, REFLECTION_X)
[ PERFSTAT ]    (samples=16   mean=0.04   median=0.04   min=0.04   stddev=0.00 (2.9%))
[       OK ] Sz_Depth_Cn_Inter_Border_Mode_Remap.Remap/1454 (13 ms)
[ RUN      ] Sz_Depth_Cn_Inter_Border_Mode_Remap.Remap/1455, where GetParam() = (1920x1080, CV_32F, Gray, INTER_NEAREST, BORDER_REFLECT, REFLECTION_BOTH)
[ PERFSTAT ]    (samples=14   mean=0.04   median=0.04   min=0.04   stddev=0.00 (3.0%))
[       OK ] Sz_Depth_Cn_Inter_Border_Mode_Remap.Remap/1455 (12 ms)
[ RUN      ] Sz_Depth_Cn_Inter_Border_Mode_Remap.Remap/1456, where GetParam() = (1920x1080, CV_32F, Gray, INTER_NEAREST, BORDER_WRAP, HALF_SIZE)
[ PERFSTAT ]    (samples=14   mean=0.04   median=0.04   min=0.03   stddev=0.00 (3.0%))
[       OK ] Sz_Depth_Cn_Inter_Border_Mode_Remap.Remap/1456 (16 ms)
[ RUN      ] Sz_Depth_Cn_Inter_Border_Mode_Remap.Remap/1457, where GetParam() = (1920x1080, CV_32F, Gray, INTER_NEAREST, BORDER_WRAP, UPSIDE_DOWN)
[ PERFSTAT ]    (samples=24   mean=0.04   median=0.04   min=0.04   stddev=0.00 (3.0%))
[       OK ] Sz_Depth_Cn_Inter_Border_Mode_Remap.Remap/1457 (13 ms)
[ RUN      ] Sz_Depth_Cn_Inter_Border_Mode_Remap.Remap/1458, where GetParam() = (1920x1080, CV_32F, Gray, INTER_NEAREST, BORDER_WRAP, REFLECTION_X)
[ PERFSTAT ]    (samples=13   mean=0.04   median=0.04   min=0.04   stddev=0.00 (3.0%))
[       OK ] Sz_Depth_Cn_Inter_Border_Mode_Remap.Remap/1458 (13 ms)
[ RUN      ] Sz_Depth_Cn_Inter_Border_Mode_Remap.Remap/1459, where GetParam() = (1920x1080, CV_32F, Gray, INTER_NEAREST, BORDER_WRAP, REFLECTION_BOTH)
[ PERFSTAT ]    (samples=13   mean=0.04   median=0.04   min=0.04   stddev=0.00 (2.9%))
[       OK ] Sz_Depth_Cn_Inter_Border_Mode_Remap.Remap/1459 (12 ms)
[ RUN      ] Sz_Depth_Cn_Inter_Border_Mode_Remap.Remap/1460, where GetParam() = (1920x1080, CV_32F, Gray, INTER_LINEAR, BORDER_REFLECT101, HALF_SIZE)
[ PERFSTAT ]    (samples=13   mean=0.05   median=0.05   min=0.05   stddev=0.00 (2.3%))
[       OK ] Sz_Depth_Cn_Inter_Border_Mode_Remap.Remap/1460 (16 ms)
[ RUN      ] Sz_Depth_Cn_Inter_Border_Mode_Remap.Remap/1461, where GetParam() = (1920x1080, CV_32F, Gray, INTER_LINEAR, BORDER_REFLECT101, UPSIDE_DOWN)
[ PERFSTAT ]    (samples=13   mean=0.05   median=0.05   min=0.05   stddev=0.00 (2.2%))
[       OK ] Sz_Depth_Cn_Inter_Border_Mode_Remap.Remap/1461 (13 ms)
[ RUN      ] Sz_Depth_Cn_Inter_Border_Mode_Remap.Remap/1462, where GetParam() = (1920x1080, CV_32F, Gray, INTER_LINEAR, BORDER_REFLECT101, REFLECTION_X)
[ PERFSTAT ]    (samples=25   mean=0.05   median=0.05   min=0.05   stddev=0.00 (2.7%))
[       OK ] Sz_Depth_Cn_Inter_Border_Mode_Remap.Remap/1462 (14 ms)
[ RUN      ] Sz_Depth_Cn_Inter_Border_Mode_Remap.Remap/1463, where GetParam() = (1920x1080, CV_32F, Gray, INTER_LINEAR, BORDER_REFLECT101, REFLECTION_BOTH)
[ PERFSTAT ]    (samples=13   mean=0.05   median=0.05   min=0.05   stddev=0.00 (2.1%))
[       OK ] Sz_Depth_Cn_Inter_Border_Mode_Remap.Remap/1463 (13 ms)
[ RUN      ] Sz_Depth_Cn_Inter_Border_Mode_Remap.Remap/1464, where GetParam() = (1920x1080, CV_32F, Gray, INTER_LINEAR, BORDER_REPLICATE, HALF_SIZE)
[ PERFSTAT ]    (samples=25   mean=0.05   median=0.05   min=0.05   stddev=0.00 (2.1%))
[       OK ] Sz_Depth_Cn_Inter_Border_Mode_Remap.Remap/1464 (16 ms)
[ RUN      ] Sz_Depth_Cn_Inter_Border_Mode_Remap.Remap/1465, where GetParam() = (1920x1080, CV_32F, Gray, INTER_LINEAR, BORDER_REPLICATE, UPSIDE_DOWN)
[ PERFSTAT ]    (samples=24   mean=0.05   median=0.05   min=0.05   stddev=0.00 (3.0%))
[       OK ] Sz_Depth_Cn_Inter_Border_Mode_Remap.Remap/1465 (14 ms)
[ RUN      ] Sz_Depth_Cn_Inter_Border_Mode_Remap.Remap/1466, where GetParam() = (1920x1080, CV_32F, Gray, INTER_LINEAR, BORDER_REPLICATE, REFLECTION_X)
[ PERFSTAT ]    (samples=13   mean=0.05   median=0.05   min=0.05   stddev=0.00 (2.5%))
[       OK ] Sz_Depth_Cn_Inter_Border_Mode_Remap.Remap/1466 (13 ms)
[ RUN      ] Sz_Depth_Cn_Inter_Border_Mode_Remap.Remap/1467, where GetParam() = (1920x1080, CV_32F, Gray, INTER_LINEAR, BORDER_REPLICATE, REFLECTION_BOTH)
[ PERFSTAT ]    (samples=13   mean=0.05   median=0.05   min=0.05   stddev=0.00 (2.2%))
[       OK ] Sz_Depth_Cn_Inter_Border_Mode_Remap.Remap/1467 (13 ms)
[ RUN      ] Sz_Depth_Cn_Inter_Border_Mode_Remap.Remap/1468, where GetParam() = (1920x1080, CV_32F, Gray, INTER_LINEAR, BORDER_CONSTANT, HALF_SIZE)
[ PERFSTAT ]    (samples=13   mean=0.05   median=0.05   min=0.05   stddev=0.00 (2.6%))
[       OK ] Sz_Depth_Cn_Inter_Border_Mode_Remap.Remap/1468 (15 ms)
[ RUN      ] Sz_Depth_Cn_Inter_Border_Mode_Remap.Remap/1469, where GetParam() = (1920x1080, CV_32F, Gray, INTER_LINEAR, BORDER_CONSTANT, UPSIDE_DOWN)
[ PERFSTAT ]    (samples=13   mean=0.05   median=0.05   min=0.05   stddev=0.00 (2.7%))
[       OK ] Sz_Depth_Cn_Inter_Border_Mode_Remap.Remap/1469 (13 ms)
[ RUN      ] Sz_Depth_Cn_Inter_Border_Mode_Remap.Remap/1470, where GetParam() = (1920x1080, CV_32F, Gray, INTER_LINEAR, BORDER_CONSTANT, REFLECTION_X)
[ PERFSTAT ]    (samples=14   mean=0.05   median=0.05   min=0.05   stddev=0.00 (2.9%))
[       OK ] Sz_Depth_Cn_Inter_Border_Mode_Remap.Remap/1470 (13 ms)
[ RUN      ] Sz_Depth_Cn_Inter_Border_Mode_Remap.Remap/1471, where GetParam() = (1920x1080, CV_32F, Gray, INTER_LINEAR, BORDER_CONSTANT, REFLECTION_BOTH)
[ PERFSTAT ]    (samples=25   mean=0.05   median=0.05   min=0.05   stddev=0.00 (2.2%))
[       OK ] Sz_Depth_Cn_Inter_Border_Mode_Remap.Remap/1471 (14 ms)
[ RUN      ] Sz_Depth_Cn_Inter_Border_Mode_Remap.Remap/1472, where GetParam() = (1920x1080, CV_32F, Gray, INTER_LINEAR, BORDER_REFLECT, HALF_SIZE)
[ PERFSTAT ]    (samples=13   mean=0.05   median=0.05   min=0.05   stddev=0.00 (2.6%))
[       OK ] Sz_Depth_Cn_Inter_Border_Mode_Remap.Remap/1472 (16 ms)
[ RUN      ] Sz_Depth_Cn_Inter_Border_Mode_Remap.Remap/1473, where GetParam() = (1920x1080, CV_32F, Gray, INTER_LINEAR, BORDER_REFLECT, UPSIDE_DOWN)
[ PERFSTAT ]    (samples=13   mean=0.05   median=0.05   min=0.05   stddev=0.00 (2.3%))
[       OK ] Sz_Depth_Cn_Inter_Border_Mode_Remap.Remap/1473 (13 ms)
[ RUN      ] Sz_Depth_Cn_Inter_Border_Mode_Remap.Remap/1474, where GetParam() = (1920x1080, CV_32F, Gray, INTER_LINEAR, BORDER_REFLECT, REFLECTION_X)
[ PERFSTAT ]    (samples=13   mean=0.05   median=0.05   min=0.05   stddev=0.00 (2.1%))
[       OK ] Sz_Depth_Cn_Inter_Border_Mode_Remap.Remap/1474 (13 ms)
[ RUN      ] Sz_Depth_Cn_Inter_Border_Mode_Remap.Remap/1475, where GetParam() = (1920x1080, CV_32F, Gray, INTER_LINEAR, BORDER_REFLECT, REFLECTION_BOTH)
[ PERFSTAT ]    (samples=13   mean=0.05   median=0.05   min=0.05   stddev=0.00 (2.2%))
[       OK ] Sz_Depth_Cn_Inter_Border_Mode_Remap.Remap/1475 (13 ms)
[ RUN      ] Sz_Depth_Cn_Inter_Border_Mode_Remap.Remap/1476, where GetParam() = (1920x1080, CV_32F, Gray, INTER_LINEAR, BORDER_WRAP, HALF_SIZE)
[ PERFSTAT ]    (samples=13   mean=0.05   median=0.05   min=0.05   stddev=0.00 (2.7%))
[       OK ] Sz_Depth_Cn_Inter_Border_Mode_Remap.Remap/1476 (15 ms)
[ RUN      ] Sz_Depth_Cn_Inter_Border_Mode_Remap.Remap/1477, where GetParam() = (1920x1080, CV_32F, Gray, INTER_LINEAR, BORDER_WRAP, UPSIDE_DOWN)
[ PERFSTAT ]    (samples=13   mean=0.05   median=0.05   min=0.05   stddev=0.00 (2.1%))
[       OK ] Sz_Depth_Cn_Inter_Border_Mode_Remap.Remap/1477 (13 ms)
[ RUN      ] Sz_Depth_Cn_Inter_Border_Mode_Remap.Remap/1478, where GetParam() = (1920x1080, CV_32F, Gray, INTER_LINEAR, BORDER_WRAP, REFLECTION_X)
[ PERFSTAT ]    (samples=13   mean=0.05   median=0.05   min=0.05   stddev=0.00 (1.8%))
[       OK ] Sz_Depth_Cn_Inter_Border_Mode_Remap.Remap/1478 (14 ms)
[ RUN      ] Sz_Depth_Cn_Inter_Border_Mode_Remap.Remap/1479, where GetParam() = (1920x1080, CV_32F, Gray, INTER_LINEAR, BORDER_WRAP, REFLECTION_BOTH)
[ PERFSTAT ]    (samples=13   mean=0.05   median=0.05   min=0.05   stddev=0.00 (2.8%))
[       OK ] Sz_Depth_Cn_Inter_Border_Mode_Remap.Remap/1479 (12 ms)
[ RUN      ] Sz_Depth_Cn_Inter_Border_Mode_Remap.Remap/1480, where GetParam() = (1920x1080, CV_32F, Gray, INTER_CUBIC, BORDER_REFLECT101, HALF_SIZE)
[ PERFSTAT ]    (samples=13   mean=0.28   median=0.28   min=0.27   stddev=0.00 (0.5%))
[       OK ] Sz_Depth_Cn_Inter_Border_Mode_Remap.Remap/1480 (18 ms)
[ RUN      ] Sz_Depth_Cn_Inter_Border_Mode_Remap.Remap/1481, where GetParam() = (1920x1080, CV_32F, Gray, INTER_CUBIC, BORDER_REFLECT101, UPSIDE_DOWN)
[ PERFSTAT ]    (samples=38   mean=0.30   median=0.30   min=0.30   stddev=0.01 (1.9%))
[       OK ] Sz_Depth_Cn_Inter_Border_Mode_Remap.Remap/1481 (25 ms)
[ RUN      ] Sz_Depth_Cn_Inter_Border_Mode_Remap.Remap/1482, where GetParam() = (1920x1080, CV_32F, Gray, INTER_CUBIC, BORDER_REFLECT101, REFLECTION_X)
[ PERFSTAT ]    (samples=13   mean=0.30   median=0.30   min=0.30   stddev=0.00 (0.4%))
[       OK ] Sz_Depth_Cn_Inter_Border_Mode_Remap.Remap/1482 (18 ms)
[ RUN      ] Sz_Depth_Cn_Inter_Border_Mode_Remap.Remap/1483, where GetParam() = (1920x1080, CV_32F, Gray, INTER_CUBIC, BORDER_REFLECT101, REFLECTION_BOTH)
[ PERFSTAT ]    (samples=13   mean=0.30   median=0.30   min=0.30   stddev=0.00 (0.4%))
[       OK ] Sz_Depth_Cn_Inter_Border_Mode_Remap.Remap/1483 (16 ms)
[ RUN      ] Sz_Depth_Cn_Inter_Border_Mode_Remap.Remap/1484, where GetParam() = (1920x1080, CV_32F, Gray, INTER_CUBIC, BORDER_REPLICATE, HALF_SIZE)
[ PERFSTAT ]    (samples=13   mean=0.17   median=0.17   min=0.16   stddev=0.00 (0.9%))
[       OK ] Sz_Depth_Cn_Inter_Border_Mode_Remap.Remap/1484 (18 ms)
[ RUN      ] Sz_Depth_Cn_Inter_Border_Mode_Remap.Remap/1485, where GetParam() = (1920x1080, CV_32F, Gray, INTER_CUBIC, BORDER_REPLICATE, UPSIDE_DOWN)
[ PERFSTAT ]    (samples=13   mean=0.18   median=0.18   min=0.18   stddev=0.00 (0.8%))
[       OK ] Sz_Depth_Cn_Inter_Border_Mode_Remap.Remap/1485 (15 ms)
[ RUN      ] Sz_Depth_Cn_Inter_Border_Mode_Remap.Remap/1486, where GetParam() = (1920x1080, CV_32F, Gray, INTER_CUBIC, BORDER_REPLICATE, REFLECTION_X)
[ PERFSTAT ]    (samples=13   mean=0.18   median=0.18   min=0.18   stddev=0.00 (1.3%))
[       OK ] Sz_Depth_Cn_Inter_Border_Mode_Remap.Remap/1486 (14 ms)
[ RUN      ] Sz_Depth_Cn_Inter_Border_Mode_Remap.Remap/1487, where GetParam() = (1920x1080, CV_32F, Gray, INTER_CUBIC, BORDER_REPLICATE, REFLECTION_BOTH)
[ PERFSTAT ]    (samples=13   mean=0.18   median=0.18   min=0.18   stddev=0.00 (1.1%))
[       OK ] Sz_Depth_Cn_Inter_Border_Mode_Remap.Remap/1487 (15 ms)
[ RUN      ] Sz_Depth_Cn_Inter_Border_Mode_Remap.Remap/1488, where GetParam() = (1920x1080, CV_32F, Gray, INTER_CUBIC, BORDER_CONSTANT, HALF_SIZE)
[ PERFSTAT ]    (samples=13   mean=0.16   median=0.16   min=0.16   stddev=0.00 (1.2%))
[       OK ] Sz_Depth_Cn_Inter_Border_Mode_Remap.Remap/1488 (18 ms)
[ RUN      ] Sz_Depth_Cn_Inter_Border_Mode_Remap.Remap/1489, where GetParam() = (1920x1080, CV_32F, Gray, INTER_CUBIC, BORDER_CONSTANT, UPSIDE_DOWN)
[ PERFSTAT ]    (samples=13   mean=0.19   median=0.19   min=0.19   stddev=0.00 (0.8%))
[       OK ] Sz_Depth_Cn_Inter_Border_Mode_Remap.Remap/1489 (15 ms)
[ RUN      ] Sz_Depth_Cn_Inter_Border_Mode_Remap.Remap/1490, where GetParam() = (1920x1080, CV_32F, Gray, INTER_CUBIC, BORDER_CONSTANT, REFLECTION_X)
[ PERFSTAT ]    (samples=13   mean=0.19   median=0.19   min=0.19   stddev=0.00 (1.1%))
[       OK ] Sz_Depth_Cn_Inter_Border_Mode_Remap.Remap/1490 (15 ms)
[ RUN      ] Sz_Depth_Cn_Inter_Border_Mode_Remap.Remap/1491, where GetParam() = (1920x1080, CV_32F, Gray, INTER_CUBIC, BORDER_CONSTANT, REFLECTION_BOTH)
[ PERFSTAT ]    (samples=13   mean=0.19   median=0.19   min=0.19   stddev=0.00 (0.9%))
[       OK ] Sz_Depth_Cn_Inter_Border_Mode_Remap.Remap/1491 (14 ms)
[ RUN      ] Sz_Depth_Cn_Inter_Border_Mode_Remap.Remap/1492, where GetParam() = (1920x1080, CV_32F, Gray, INTER_CUBIC, BORDER_REFLECT, HALF_SIZE)
[ PERFSTAT ]    (samples=13   mean=0.30   median=0.30   min=0.30   stddev=0.00 (0.4%))
[       OK ] Sz_Depth_Cn_Inter_Border_Mode_Remap.Remap/1492 (19 ms)
[ RUN      ] Sz_Depth_Cn_Inter_Border_Mode_Remap.Remap/1493, where GetParam() = (1920x1080, CV_32F, Gray, INTER_CUBIC, BORDER_REFLECT, UPSIDE_DOWN)
[ PERFSTAT ]    (samples=13   mean=0.33   median=0.33   min=0.33   stddev=0.00 (0.8%))
[       OK ] Sz_Depth_Cn_Inter_Border_Mode_Remap.Remap/1493 (17 ms)
[ RUN      ] Sz_Depth_Cn_Inter_Border_Mode_Remap.Remap/1494, where GetParam() = (1920x1080, CV_32F, Gray, INTER_CUBIC, BORDER_REFLECT, REFLECTION_X)
[ PERFSTAT ]    (samples=13   mean=0.33   median=0.33   min=0.33   stddev=0.00 (0.3%))
[       OK ] Sz_Depth_Cn_Inter_Border_Mode_Remap.Remap/1494 (17 ms)
[ RUN      ] Sz_Depth_Cn_Inter_Border_Mode_Remap.Remap/1495, where GetParam() = (1920x1080, CV_32F, Gray, INTER_CUBIC, BORDER_REFLECT, REFLECTION_BOTH)
[ PERFSTAT ]    (samples=13   mean=0.33   median=0.33   min=0.33   stddev=0.00 (0.4%))
[       OK ] Sz_Depth_Cn_Inter_Border_Mode_Remap.Remap/1495 (16 ms)
[ RUN      ] Sz_Depth_Cn_Inter_Border_Mode_Remap.Remap/1496, where GetParam() = (1920x1080, CV_32F, Gray, INTER_CUBIC, BORDER_WRAP, HALF_SIZE)
[ PERFSTAT ]    (samples=13   mean=0.29   median=0.29   min=0.29   stddev=0.00 (0.4%))
[       OK ] Sz_Depth_Cn_Inter_Border_Mode_Remap.Remap/1496 (19 ms)
[ RUN      ] Sz_Depth_Cn_Inter_Border_Mode_Remap.Remap/1497, where GetParam() = (1920x1080, CV_32F, Gray, INTER_CUBIC, BORDER_WRAP, UPSIDE_DOWN)
[ PERFSTAT ]    (samples=13   mean=0.26   median=0.26   min=0.26   stddev=0.00 (0.6%))
[       OK ] Sz_Depth_Cn_Inter_Border_Mode_Remap.Remap/1497 (16 ms)
[ RUN      ] Sz_Depth_Cn_Inter_Border_Mode_Remap.Remap/1498, where GetParam() = (1920x1080, CV_32F, Gray, INTER_CUBIC, BORDER_WRAP, REFLECTION_X)
[ PERFSTAT ]    (samples=13   mean=0.26   median=0.26   min=0.26   stddev=0.00 (0.8%))
[       OK ] Sz_Depth_Cn_Inter_Border_Mode_Remap.Remap/1498 (15 ms)
[ RUN      ] Sz_Depth_Cn_Inter_Border_Mode_Remap.Remap/1499, where GetParam() = (1920x1080, CV_32F, Gray, INTER_CUBIC, BORDER_WRAP, REFLECTION_BOTH)
[ PERFSTAT ]    (samples=13   mean=0.26   median=0.26   min=0.26   stddev=0.00 (0.6%))
[       OK ] Sz_Depth_Cn_Inter_Border_Mode_Remap.Remap/1499 (16 ms)
[ RUN      ] Sz_Depth_Cn_Inter_Border_Mode_Remap.Remap/1500, where GetParam() = (1920x1080, CV_32F, BGR, INTER_NEAREST, BORDER_REFLECT101, HALF_SIZE)
[ PERFSTAT ]    (samples=13   mean=0.05   median=0.05   min=0.05   stddev=0.00 (2.5%))
[       OK ] Sz_Depth_Cn_Inter_Border_Mode_Remap.Remap/1500 (29 ms)
[ RUN      ] Sz_Depth_Cn_Inter_Border_Mode_Remap.Remap/1501, where GetParam() = (1920x1080, CV_32F, BGR, INTER_NEAREST, BORDER_REFLECT101, UPSIDE_DOWN)
[ PERFSTAT ]    (samples=13   mean=0.06   median=0.06   min=0.06   stddev=0.00 (1.9%))
[       OK ] Sz_Depth_Cn_Inter_Border_Mode_Remap.Remap/1501 (25 ms)
[ RUN      ] Sz_Depth_Cn_Inter_Border_Mode_Remap.Remap/1502, where GetParam() = (1920x1080, CV_32F, BGR, INTER_NEAREST, BORDER_REFLECT101, REFLECTION_X)
[ PERFSTAT ]    (samples=13   mean=0.06   median=0.06   min=0.06   stddev=0.00 (1.7%))
[       OK ] Sz_Depth_Cn_Inter_Border_Mode_Remap.Remap/1502 (24 ms)
[ RUN      ] Sz_Depth_Cn_Inter_Border_Mode_Remap.Remap/1503, where GetParam() = (1920x1080, CV_32F, BGR, INTER_NEAREST, BORDER_REFLECT101, REFLECTION_BOTH)
[ PERFSTAT ]    (samples=13   mean=0.06   median=0.06   min=0.06   stddev=0.00 (1.9%))
[       OK ] Sz_Depth_Cn_Inter_Border_Mode_Remap.Remap/1503 (23 ms)
[ RUN      ] Sz_Depth_Cn_Inter_Border_Mode_Remap.Remap/1504, where GetParam() = (1920x1080, CV_32F, BGR, INTER_NEAREST, BORDER_REPLICATE, HALF_SIZE)
[ PERFSTAT ]    (samples=25   mean=0.05   median=0.05   min=0.05   stddev=0.00 (1.5%))
[       OK ] Sz_Depth_Cn_Inter_Border_Mode_Remap.Remap/1504 (27 ms)
[ RUN      ] Sz_Depth_Cn_Inter_Border_Mode_Remap.Remap/1505, where GetParam() = (1920x1080, CV_32F, BGR, INTER_NEAREST, BORDER_REPLICATE, UPSIDE_DOWN)
[ PERFSTAT ]    (samples=13   mean=0.06   median=0.06   min=0.06   stddev=0.00 (1.8%))
[       OK ] Sz_Depth_Cn_Inter_Border_Mode_Remap.Remap/1505 (23 ms)
[ RUN      ] Sz_Depth_Cn_Inter_Border_Mode_Remap.Remap/1506, where GetParam() = (1920x1080, CV_32F, BGR, INTER_NEAREST, BORDER_REPLICATE, REFLECTION_X)
[ PERFSTAT ]    (samples=13   mean=0.06   median=0.06   min=0.06   stddev=0.00 (2.1%))
[       OK ] Sz_Depth_Cn_Inter_Border_Mode_Remap.Remap/1506 (24 ms)
[ RUN      ] Sz_Depth_Cn_Inter_Border_Mode_Remap.Remap/1507, where GetParam() = (1920x1080, CV_32F, BGR, INTER_NEAREST, BORDER_REPLICATE, REFLECTION_BOTH)
[ PERFSTAT ]    (samples=13   mean=0.06   median=0.06   min=0.06   stddev=0.00 (2.2%))
[       OK ] Sz_Depth_Cn_Inter_Border_Mode_Remap.Remap/1507 (24 ms)
[ RUN      ] Sz_Depth_Cn_Inter_Border_Mode_Remap.Remap/1508, where GetParam() = (1920x1080, CV_32F, BGR, INTER_NEAREST, BORDER_CONSTANT, HALF_SIZE)
[ PERFSTAT ]    (samples=13   mean=0.05   median=0.05   min=0.05   stddev=0.00 (2.7%))
[       OK ] Sz_Depth_Cn_Inter_Border_Mode_Remap.Remap/1508 (26 ms)
[ RUN      ] Sz_Depth_Cn_Inter_Border_Mode_Remap.Remap/1509, where GetParam() = (1920x1080, CV_32F, BGR, INTER_NEAREST, BORDER_CONSTANT, UPSIDE_DOWN)
[ PERFSTAT ]    (samples=13   mean=0.06   median=0.06   min=0.06   stddev=0.00 (2.1%))
[       OK ] Sz_Depth_Cn_Inter_Border_Mode_Remap.Remap/1509 (23 ms)
[ RUN      ] Sz_Depth_Cn_Inter_Border_Mode_Remap.Remap/1510, where GetParam() = (1920x1080, CV_32F, BGR, INTER_NEAREST, BORDER_CONSTANT, REFLECTION_X)
[ PERFSTAT ]    (samples=13   mean=0.06   median=0.06   min=0.06   stddev=0.00 (2.1%))
[       OK ] Sz_Depth_Cn_Inter_Border_Mode_Remap.Remap/1510 (24 ms)
[ RUN      ] Sz_Depth_Cn_Inter_Border_Mode_Remap.Remap/1511, where GetParam() = (1920x1080, CV_32F, BGR, INTER_NEAREST, BORDER_CONSTANT, REFLECTION_BOTH)
[ PERFSTAT ]    (samples=13   mean=0.06   median=0.06   min=0.06   stddev=0.00 (1.3%))
[       OK ] Sz_Depth_Cn_Inter_Border_Mode_Remap.Remap/1511 (23 ms)
[ RUN      ] Sz_Depth_Cn_Inter_Border_Mode_Remap.Remap/1512, where GetParam() = (1920x1080, CV_32F, BGR, INTER_NEAREST, BORDER_REFLECT, HALF_SIZE)
[ PERFSTAT ]    (samples=25   mean=0.05   median=0.05   min=0.05   stddev=0.00 (1.4%))
[       OK ] Sz_Depth_Cn_Inter_Border_Mode_Remap.Remap/1512 (28 ms)
[ RUN      ] Sz_Depth_Cn_Inter_Border_Mode_Remap.Remap/1513, where GetParam() = (1920x1080, CV_32F, BGR, INTER_NEAREST, BORDER_REFLECT, UPSIDE_DOWN)
[ PERFSTAT ]    (samples=13   mean=0.06   median=0.06   min=0.06   stddev=0.00 (1.9%))
[       OK ] Sz_Depth_Cn_Inter_Border_Mode_Remap.Remap/1513 (22 ms)
[ RUN      ] Sz_Depth_Cn_Inter_Border_Mode_Remap.Remap/1514, where GetParam() = (1920x1080, CV_32F, BGR, INTER_NEAREST, BORDER_REFLECT, REFLECTION_X)
[ PERFSTAT ]    (samples=13   mean=0.06   median=0.06   min=0.06   stddev=0.00 (1.7%))
[       OK ] Sz_Depth_Cn_Inter_Border_Mode_Remap.Remap/1514 (23 ms)
[ RUN      ] Sz_Depth_Cn_Inter_Border_Mode_Remap.Remap/1515, where GetParam() = (1920x1080, CV_32F, BGR, INTER_NEAREST, BORDER_REFLECT, REFLECTION_BOTH)
[ PERFSTAT ]    (samples=13   mean=0.06   median=0.06   min=0.06   stddev=0.00 (1.5%))
[       OK ] Sz_Depth_Cn_Inter_Border_Mode_Remap.Remap/1515 (22 ms)
[ RUN      ] Sz_Depth_Cn_Inter_Border_Mode_Remap.Remap/1516, where GetParam() = (1920x1080, CV_32F, BGR, INTER_NEAREST, BORDER_WRAP, HALF_SIZE)
[ PERFSTAT ]    (samples=13   mean=0.05   median=0.05   min=0.05   stddev=0.00 (1.7%))
[       OK ] Sz_Depth_Cn_Inter_Border_Mode_Remap.Remap/1516 (26 ms)
[ RUN      ] Sz_Depth_Cn_Inter_Border_Mode_Remap.Remap/1517, where GetParam() = (1920x1080, CV_32F, BGR, INTER_NEAREST, BORDER_WRAP, UPSIDE_DOWN)
[ PERFSTAT ]    (samples=13   mean=0.06   median=0.06   min=0.06   stddev=0.00 (1.9%))
[       OK ] Sz_Depth_Cn_Inter_Border_Mode_Remap.Remap/1517 (23 ms)
[ RUN      ] Sz_Depth_Cn_Inter_Border_Mode_Remap.Remap/1518, where GetParam() = (1920x1080, CV_32F, BGR, INTER_NEAREST, BORDER_WRAP, REFLECTION_X)
[ PERFSTAT ]    (samples=13   mean=0.06   median=0.06   min=0.06   stddev=0.00 (1.9%))
[       OK ] Sz_Depth_Cn_Inter_Border_Mode_Remap.Remap/1518 (23 ms)
[ RUN      ] Sz_Depth_Cn_Inter_Border_Mode_Remap.Remap/1519, where GetParam() = (1920x1080, CV_32F, BGR, INTER_NEAREST, BORDER_WRAP, REFLECTION_BOTH)
[ PERFSTAT ]    (samples=13   mean=0.06   median=0.06   min=0.06   stddev=0.00 (1.7%))
[       OK ] Sz_Depth_Cn_Inter_Border_Mode_Remap.Remap/1519 (23 ms)
[ RUN      ] Sz_Depth_Cn_Inter_Border_Mode_Remap.Remap/1520, where GetParam() = (1920x1080, CV_32F, BGR, INTER_LINEAR, BORDER_REFLECT101, HALF_SIZE)
[ PERFSTAT ]    (samples=13   mean=0.07   median=0.07   min=0.07   stddev=0.00 (1.1%))
[       OK ] Sz_Depth_Cn_Inter_Border_Mode_Remap.Remap/1520 (27 ms)
[ RUN      ] Sz_Depth_Cn_Inter_Border_Mode_Remap.Remap/1521, where GetParam() = (1920x1080, CV_32F, BGR, INTER_LINEAR, BORDER_REFLECT101, UPSIDE_DOWN)
[ PERFSTAT ]    (samples=13   mean=0.06   median=0.06   min=0.06   stddev=0.00 (0.4%))
[       OK ] Sz_Depth_Cn_Inter_Border_Mode_Remap.Remap/1521 (23 ms)
[ RUN      ] Sz_Depth_Cn_Inter_Border_Mode_Remap.Remap/1522, where GetParam() = (1920x1080, CV_32F, BGR, INTER_LINEAR, BORDER_REFLECT101, REFLECTION_X)
[ PERFSTAT ]    (samples=13   mean=0.06   median=0.06   min=0.06   stddev=0.00 (0.4%))
[       OK ] Sz_Depth_Cn_Inter_Border_Mode_Remap.Remap/1522 (24 ms)
[ RUN      ] Sz_Depth_Cn_Inter_Border_Mode_Remap.Remap/1523, where GetParam() = (1920x1080, CV_32F, BGR, INTER_LINEAR, BORDER_REFLECT101, REFLECTION_BOTH)
[ PERFSTAT ]    (samples=13   mean=0.06   median=0.06   min=0.06   stddev=0.00 (0.7%))
[       OK ] Sz_Depth_Cn_Inter_Border_Mode_Remap.Remap/1523 (23 ms)
[ RUN      ] Sz_Depth_Cn_Inter_Border_Mode_Remap.Remap/1524, where GetParam() = (1920x1080, CV_32F, BGR, INTER_LINEAR, BORDER_REPLICATE, HALF_SIZE)
[ PERFSTAT ]    (samples=13   mean=0.06   median=0.06   min=0.06   stddev=0.00 (1.9%))
[       OK ] Sz_Depth_Cn_Inter_Border_Mode_Remap.Remap/1524 (26 ms)
[ RUN      ] Sz_Depth_Cn_Inter_Border_Mode_Remap.Remap/1525, where GetParam() = (1920x1080, CV_32F, BGR, INTER_LINEAR, BORDER_REPLICATE, UPSIDE_DOWN)
[ PERFSTAT ]    (samples=13   mean=0.06   median=0.06   min=0.06   stddev=0.00 (0.4%))
[       OK ] Sz_Depth_Cn_Inter_Border_Mode_Remap.Remap/1525 (24 ms)
[ RUN      ] Sz_Depth_Cn_Inter_Border_Mode_Remap.Remap/1526, where GetParam() = (1920x1080, CV_32F, BGR, INTER_LINEAR, BORDER_REPLICATE, REFLECTION_X)
[ PERFSTAT ]    (samples=15   mean=0.06   median=0.06   min=0.06   stddev=0.00 (3.0%))
[       OK ] Sz_Depth_Cn_Inter_Border_Mode_Remap.Remap/1526 (24 ms)
[ RUN      ] Sz_Depth_Cn_Inter_Border_Mode_Remap.Remap/1527, where GetParam() = (1920x1080, CV_32F, BGR, INTER_LINEAR, BORDER_REPLICATE, REFLECTION_BOTH)
[ PERFSTAT ]    (samples=13   mean=0.06   median=0.06   min=0.06   stddev=0.00 (0.6%))
[       OK ] Sz_Depth_Cn_Inter_Border_Mode_Remap.Remap/1527 (23 ms)
[ RUN      ] Sz_Depth_Cn_Inter_Border_Mode_Remap.Remap/1528, where GetParam() = (1920x1080, CV_32F, BGR, INTER_LINEAR, BORDER_CONSTANT, HALF_SIZE)
[ PERFSTAT ]    (samples=13   mean=0.06   median=0.06   min=0.06   stddev=0.00 (1.5%))
[       OK ] Sz_Depth_Cn_Inter_Border_Mode_Remap.Remap/1528 (27 ms)
[ RUN      ] Sz_Depth_Cn_Inter_Border_Mode_Remap.Remap/1529, where GetParam() = (1920x1080, CV_32F, BGR, INTER_LINEAR, BORDER_CONSTANT, UPSIDE_DOWN)
[ PERFSTAT ]    (samples=13   mean=0.06   median=0.06   min=0.06   stddev=0.00 (1.2%))
[       OK ] Sz_Depth_Cn_Inter_Border_Mode_Remap.Remap/1529 (23 ms)
[ RUN      ] Sz_Depth_Cn_Inter_Border_Mode_Remap.Remap/1530, where GetParam() = (1920x1080, CV_32F, BGR, INTER_LINEAR, BORDER_CONSTANT, REFLECTION_X)
[ PERFSTAT ]    (samples=13   mean=0.06   median=0.06   min=0.06   stddev=0.00 (0.6%))
[       OK ] Sz_Depth_Cn_Inter_Border_Mode_Remap.Remap/1530 (24 ms)
[ RUN      ] Sz_Depth_Cn_Inter_Border_Mode_Remap.Remap/1531, where GetParam() = (1920x1080, CV_32F, BGR, INTER_LINEAR, BORDER_CONSTANT, REFLECTION_BOTH)
[ PERFSTAT ]    (samples=13   mean=0.06   median=0.06   min=0.06   stddev=0.00 (0.6%))
[       OK ] Sz_Depth_Cn_Inter_Border_Mode_Remap.Remap/1531 (23 ms)
[ RUN      ] Sz_Depth_Cn_Inter_Border_Mode_Remap.Remap/1532, where GetParam() = (1920x1080, CV_32F, BGR, INTER_LINEAR, BORDER_REFLECT, HALF_SIZE)
[ PERFSTAT ]    (samples=13   mean=0.07   median=0.07   min=0.07   stddev=0.00 (0.9%))
[       OK ] Sz_Depth_Cn_Inter_Border_Mode_Remap.Remap/1532 (26 ms)
[ RUN      ] Sz_Depth_Cn_Inter_Border_Mode_Remap.Remap/1533, where GetParam() = (1920x1080, CV_32F, BGR, INTER_LINEAR, BORDER_REFLECT, UPSIDE_DOWN)
[ PERFSTAT ]    (samples=13   mean=0.06   median=0.06   min=0.06   stddev=0.00 (0.8%))
[       OK ] Sz_Depth_Cn_Inter_Border_Mode_Remap.Remap/1533 (24 ms)
[ RUN      ] Sz_Depth_Cn_Inter_Border_Mode_Remap.Remap/1534, where GetParam() = (1920x1080, CV_32F, BGR, INTER_LINEAR, BORDER_REFLECT, REFLECTION_X)
[ PERFSTAT ]    (samples=13   mean=0.06   median=0.06   min=0.06   stddev=0.00 (0.7%))
[       OK ] Sz_Depth_Cn_Inter_Border_Mode_Remap.Remap/1534 (23 ms)
[ RUN      ] Sz_Depth_Cn_Inter_Border_Mode_Remap.Remap/1535, where GetParam() = (1920x1080, CV_32F, BGR, INTER_LINEAR, BORDER_REFLECT, REFLECTION_BOTH)
[ PERFSTAT ]    (samples=13   mean=0.06   median=0.06   min=0.06   stddev=0.00 (2.6%))
[       OK ] Sz_Depth_Cn_Inter_Border_Mode_Remap.Remap/1535 (23 ms)
[ RUN      ] Sz_Depth_Cn_Inter_Border_Mode_Remap.Remap/1536, where GetParam() = (1920x1080, CV_32F, BGR, INTER_LINEAR, BORDER_WRAP, HALF_SIZE)
[ PERFSTAT ]    (samples=13   mean=0.07   median=0.07   min=0.07   stddev=0.00 (0.9%))
[       OK ] Sz_Depth_Cn_Inter_Border_Mode_Remap.Remap/1536 (27 ms)
[ RUN      ] Sz_Depth_Cn_Inter_Border_Mode_Remap.Remap/1537, where GetParam() = (1920x1080, CV_32F, BGR, INTER_LINEAR, BORDER_WRAP, UPSIDE_DOWN)
[ PERFSTAT ]    (samples=13   mean=0.06   median=0.06   min=0.06   stddev=0.00 (0.4%))
[       OK ] Sz_Depth_Cn_Inter_Border_Mode_Remap.Remap/1537 (23 ms)
[ RUN      ] Sz_Depth_Cn_Inter_Border_Mode_Remap.Remap/1538, where GetParam() = (1920x1080, CV_32F, BGR, INTER_LINEAR, BORDER_WRAP, REFLECTION_X)
[ PERFSTAT ]    (samples=13   mean=0.06   median=0.06   min=0.06   stddev=0.00 (0.3%))
[       OK ] Sz_Depth_Cn_Inter_Border_Mode_Remap.Remap/1538 (24 ms)
[ RUN      ] Sz_Depth_Cn_Inter_Border_Mode_Remap.Remap/1539, where GetParam() = (1920x1080, CV_32F, BGR, INTER_LINEAR, BORDER_WRAP, REFLECTION_BOTH)
[ PERFSTAT ]    (samples=13   mean=0.06   median=0.06   min=0.06   stddev=0.00 (0.6%))
[       OK ] Sz_Depth_Cn_Inter_Border_Mode_Remap.Remap/1539 (23 ms)
[ RUN      ] Sz_Depth_Cn_Inter_Border_Mode_Remap.Remap/1540, where GetParam() = (1920x1080, CV_32F, BGR, INTER_CUBIC, BORDER_REFLECT101, HALF_SIZE)
[ PERFSTAT ]    (samples=13   mean=0.28   median=0.28   min=0.28   stddev=0.00 (0.1%))
[       OK ] Sz_Depth_Cn_Inter_Border_Mode_Remap.Remap/1540 (29 ms)
[ RUN      ] Sz_Depth_Cn_Inter_Border_Mode_Remap.Remap/1541, where GetParam() = (1920x1080, CV_32F, BGR, INTER_CUBIC, BORDER_REFLECT101, UPSIDE_DOWN)
[ PERFSTAT ]    (samples=13   mean=0.30   median=0.30   min=0.30   stddev=0.00 (0.2%))
[       OK ] Sz_Depth_Cn_Inter_Border_Mode_Remap.Remap/1541 (27 ms)
[ RUN      ] Sz_Depth_Cn_Inter_Border_Mode_Remap.Remap/1542, where GetParam() = (1920x1080, CV_32F, BGR, INTER_CUBIC, BORDER_REFLECT101, REFLECTION_X)
[ PERFSTAT ]    (samples=13   mean=0.30   median=0.30   min=0.30   stddev=0.00 (0.4%))
[       OK ] Sz_Depth_Cn_Inter_Border_Mode_Remap.Remap/1542 (26 ms)
[ RUN      ] Sz_Depth_Cn_Inter_Border_Mode_Remap.Remap/1543, where GetParam() = (1920x1080, CV_32F, BGR, INTER_CUBIC, BORDER_REFLECT101, REFLECTION_BOTH)
[ PERFSTAT ]    (samples=13   mean=0.30   median=0.30   min=0.30   stddev=0.00 (0.3%))
[       OK ] Sz_Depth_Cn_Inter_Border_Mode_Remap.Remap/1543 (27 ms)
[ RUN      ] Sz_Depth_Cn_Inter_Border_Mode_Remap.Remap/1544, where GetParam() = (1920x1080, CV_32F, BGR, INTER_CUBIC, BORDER_REPLICATE, HALF_SIZE)
[ PERFSTAT ]    (samples=13   mean=0.17   median=0.17   min=0.17   stddev=0.00 (0.2%))
[       OK ] Sz_Depth_Cn_Inter_Border_Mode_Remap.Remap/1544 (27 ms)
[ RUN      ] Sz_Depth_Cn_Inter_Border_Mode_Remap.Remap/1545, where GetParam() = (1920x1080, CV_32F, BGR, INTER_CUBIC, BORDER_REPLICATE, UPSIDE_DOWN)
[ PERFSTAT ]    (samples=13   mean=0.19   median=0.18   min=0.18   stddev=0.00 (0.5%))
[       OK ] Sz_Depth_Cn_Inter_Border_Mode_Remap.Remap/1545 (26 ms)
[ RUN      ] Sz_Depth_Cn_Inter_Border_Mode_Remap.Remap/1546, where GetParam() = (1920x1080, CV_32F, BGR, INTER_CUBIC, BORDER_REPLICATE, REFLECTION_X)
[ PERFSTAT ]    (samples=13   mean=0.19   median=0.19   min=0.18   stddev=0.00 (0.3%))
[       OK ] Sz_Depth_Cn_Inter_Border_Mode_Remap.Remap/1546 (25 ms)
[ RUN      ] Sz_Depth_Cn_Inter_Border_Mode_Remap.Remap/1547, where GetParam() = (1920x1080, CV_32F, BGR, INTER_CUBIC, BORDER_REPLICATE, REFLECTION_BOTH)
[ PERFSTAT ]    (samples=13   mean=0.19   median=0.19   min=0.19   stddev=0.00 (0.2%))
[       OK ] Sz_Depth_Cn_Inter_Border_Mode_Remap.Remap/1547 (25 ms)
[ RUN      ] Sz_Depth_Cn_Inter_Border_Mode_Remap.Remap/1548, where GetParam() = (1920x1080, CV_32F, BGR, INTER_CUBIC, BORDER_CONSTANT, HALF_SIZE)
[ PERFSTAT ]    (samples=13   mean=0.18   median=0.18   min=0.18   stddev=0.00 (0.1%))
[       OK ] Sz_Depth_Cn_Inter_Border_Mode_Remap.Remap/1548 (27 ms)
[ RUN      ] Sz_Depth_Cn_Inter_Border_Mode_Remap.Remap/1549, where GetParam() = (1920x1080, CV_32F, BGR, INTER_CUBIC, BORDER_CONSTANT, UPSIDE_DOWN)
[ PERFSTAT ]    (samples=13   mean=0.20   median=0.20   min=0.20   stddev=0.00 (0.2%))
[       OK ] Sz_Depth_Cn_Inter_Border_Mode_Remap.Remap/1549 (26 ms)
[ RUN      ] Sz_Depth_Cn_Inter_Border_Mode_Remap.Remap/1550, where GetParam() = (1920x1080, CV_32F, BGR, INTER_CUBIC, BORDER_CONSTANT, REFLECTION_X)
[ PERFSTAT ]    (samples=13   mean=0.20   median=0.20   min=0.20   stddev=0.00 (0.2%))
[       OK ] Sz_Depth_Cn_Inter_Border_Mode_Remap.Remap/1550 (25 ms)
[ RUN      ] Sz_Depth_Cn_Inter_Border_Mode_Remap.Remap/1551, where GetParam() = (1920x1080, CV_32F, BGR, INTER_CUBIC, BORDER_CONSTANT, REFLECTION_BOTH)
[ PERFSTAT ]    (samples=13   mean=0.20   median=0.20   min=0.20   stddev=0.00 (0.3%))
[       OK ] Sz_Depth_Cn_Inter_Border_Mode_Remap.Remap/1551 (25 ms)
[ RUN      ] Sz_Depth_Cn_Inter_Border_Mode_Remap.Remap/1552, where GetParam() = (1920x1080, CV_32F, BGR, INTER_CUBIC, BORDER_REFLECT, HALF_SIZE)
[ PERFSTAT ]    (samples=13   mean=0.30   median=0.30   min=0.30   stddev=0.00 (0.1%))
[       OK ] Sz_Depth_Cn_Inter_Border_Mode_Remap.Remap/1552 (29 ms)
[ RUN      ] Sz_Depth_Cn_Inter_Border_Mode_Remap.Remap/1553, where GetParam() = (1920x1080, CV_32F, BGR, INTER_CUBIC, BORDER_REFLECT, UPSIDE_DOWN)
[ PERFSTAT ]    (samples=13   mean=0.32   median=0.32   min=0.32   stddev=0.00 (0.2%))
[       OK ] Sz_Depth_Cn_Inter_Border_Mode_Remap.Remap/1553 (27 ms)
[ RUN      ] Sz_Depth_Cn_Inter_Border_Mode_Remap.Remap/1554, where GetParam() = (1920x1080, CV_32F, BGR, INTER_CUBIC, BORDER_REFLECT, REFLECTION_X)
[ PERFSTAT ]    (samples=13   mean=0.32   median=0.32   min=0.32   stddev=0.00 (0.1%))
[       OK ] Sz_Depth_Cn_Inter_Border_Mode_Remap.Remap/1554 (27 ms)
[ RUN      ] Sz_Depth_Cn_Inter_Border_Mode_Remap.Remap/1555, where GetParam() = (1920x1080, CV_32F, BGR, INTER_CUBIC, BORDER_REFLECT, REFLECTION_BOTH)
[ PERFSTAT ]    (samples=13   mean=0.32   median=0.32   min=0.32   stddev=0.00 (0.4%))
[       OK ] Sz_Depth_Cn_Inter_Border_Mode_Remap.Remap/1555 (27 ms)
[ RUN      ] Sz_Depth_Cn_Inter_Border_Mode_Remap.Remap/1556, where GetParam() = (1920x1080, CV_32F, BGR, INTER_CUBIC, BORDER_WRAP, HALF_SIZE)
[ PERFSTAT ]    (samples=13   mean=0.30   median=0.30   min=0.30   stddev=0.00 (0.2%))
[       OK ] Sz_Depth_Cn_Inter_Border_Mode_Remap.Remap/1556 (30 ms)
[ RUN      ] Sz_Depth_Cn_Inter_Border_Mode_Remap.Remap/1557, where GetParam() = (1920x1080, CV_32F, BGR, INTER_CUBIC, BORDER_WRAP, UPSIDE_DOWN)
[ PERFSTAT ]    (samples=13   mean=0.26   median=0.26   min=0.26   stddev=0.00 (0.2%))
[       OK ] Sz_Depth_Cn_Inter_Border_Mode_Remap.Remap/1557 (26 ms)
[ RUN      ] Sz_Depth_Cn_Inter_Border_Mode_Remap.Remap/1558, where GetParam() = (1920x1080, CV_32F, BGR, INTER_CUBIC, BORDER_WRAP, REFLECTION_X)
[ PERFSTAT ]    (samples=13   mean=0.26   median=0.26   min=0.26   stddev=0.00 (0.3%))
[       OK ] Sz_Depth_Cn_Inter_Border_Mode_Remap.Remap/1558 (26 ms)
[ RUN      ] Sz_Depth_Cn_Inter_Border_Mode_Remap.Remap/1559, where GetParam() = (1920x1080, CV_32F, BGR, INTER_CUBIC, BORDER_WRAP, REFLECTION_BOTH)
[ PERFSTAT ]    (samples=13   mean=0.26   median=0.26   min=0.26   stddev=0.00 (0.3%))
[       OK ] Sz_Depth_Cn_Inter_Border_Mode_Remap.Remap/1559 (26 ms)
[ RUN      ] Sz_Depth_Cn_Inter_Border_Mode_Remap.Remap/1560, where GetParam() = (1920x1080, CV_32F, BGRA, INTER_NEAREST, BORDER_REFLECT101, HALF_SIZE)
[ PERFSTAT ]    (samples=13   mean=0.07   median=0.07   min=0.07   stddev=0.00 (1.0%))
[       OK ] Sz_Depth_Cn_Inter_Border_Mode_Remap.Remap/1560 (34 ms)
[ RUN      ] Sz_Depth_Cn_Inter_Border_Mode_Remap.Remap/1561, where GetParam() = (1920x1080, CV_32F, BGRA, INTER_NEAREST, BORDER_REFLECT101, UPSIDE_DOWN)
[ PERFSTAT ]    (samples=13   mean=0.08   median=0.08   min=0.07   stddev=0.00 (1.2%))
[       OK ] Sz_Depth_Cn_Inter_Border_Mode_Remap.Remap/1561 (32 ms)
[ RUN      ] Sz_Depth_Cn_Inter_Border_Mode_Remap.Remap/1562, where GetParam() = (1920x1080, CV_32F, BGRA, INTER_NEAREST, BORDER_REFLECT101, REFLECTION_X)
[ PERFSTAT ]    (samples=13   mean=0.08   median=0.08   min=0.07   stddev=0.00 (1.7%))
[       OK ] Sz_Depth_Cn_Inter_Border_Mode_Remap.Remap/1562 (33 ms)
[ RUN      ] Sz_Depth_Cn_Inter_Border_Mode_Remap.Remap/1563, where GetParam() = (1920x1080, CV_32F, BGRA, INTER_NEAREST, BORDER_REFLECT101, REFLECTION_BOTH)
[ PERFSTAT ]    (samples=13   mean=0.08   median=0.08   min=0.07   stddev=0.00 (1.3%))
[       OK ] Sz_Depth_Cn_Inter_Border_Mode_Remap.Remap/1563 (34 ms)
[ RUN      ] Sz_Depth_Cn_Inter_Border_Mode_Remap.Remap/1564, where GetParam() = (1920x1080, CV_32F, BGRA, INTER_NEAREST, BORDER_REPLICATE, HALF_SIZE)
[ PERFSTAT ]    (samples=13   mean=0.07   median=0.07   min=0.07   stddev=0.00 (1.5%))
[       OK ] Sz_Depth_Cn_Inter_Border_Mode_Remap.Remap/1564 (36 ms)
[ RUN      ] Sz_Depth_Cn_Inter_Border_Mode_Remap.Remap/1565, where GetParam() = (1920x1080, CV_32F, BGRA, INTER_NEAREST, BORDER_REPLICATE, UPSIDE_DOWN)
[ PERFSTAT ]    (samples=13   mean=0.08   median=0.08   min=0.08   stddev=0.00 (0.7%))
[       OK ] Sz_Depth_Cn_Inter_Border_Mode_Remap.Remap/1565 (34 ms)
[ RUN      ] Sz_Depth_Cn_Inter_Border_Mode_Remap.Remap/1566, where GetParam() = (1920x1080, CV_32F, BGRA, INTER_NEAREST, BORDER_REPLICATE, REFLECTION_X)
[ PERFSTAT ]    (samples=13   mean=0.08   median=0.08   min=0.07   stddev=0.00 (1.4%))
[       OK ] Sz_Depth_Cn_Inter_Border_Mode_Remap.Remap/1566 (34 ms)
[ RUN      ] Sz_Depth_Cn_Inter_Border_Mode_Remap.Remap/1567, where GetParam() = (1920x1080, CV_32F, BGRA, INTER_NEAREST, BORDER_REPLICATE, REFLECTION_BOTH)
[ PERFSTAT ]    (samples=13   mean=0.08   median=0.08   min=0.07   stddev=0.00 (2.6%))
[       OK ] Sz_Depth_Cn_Inter_Border_Mode_Remap.Remap/1567 (33 ms)
[ RUN      ] Sz_Depth_Cn_Inter_Border_Mode_Remap.Remap/1568, where GetParam() = (1920x1080, CV_32F, BGRA, INTER_NEAREST, BORDER_CONSTANT, HALF_SIZE)
[ PERFSTAT ]    (samples=13   mean=0.07   median=0.07   min=0.07   stddev=0.00 (1.4%))
[       OK ] Sz_Depth_Cn_Inter_Border_Mode_Remap.Remap/1568 (37 ms)
[ RUN      ] Sz_Depth_Cn_Inter_Border_Mode_Remap.Remap/1569, where GetParam() = (1920x1080, CV_32F, BGRA, INTER_NEAREST, BORDER_CONSTANT, UPSIDE_DOWN)
[ PERFSTAT ]    (samples=13   mean=0.08   median=0.08   min=0.08   stddev=0.00 (1.0%))
[       OK ] Sz_Depth_Cn_Inter_Border_Mode_Remap.Remap/1569 (34 ms)
[ RUN      ] Sz_Depth_Cn_Inter_Border_Mode_Remap.Remap/1570, where GetParam() = (1920x1080, CV_32F, BGRA, INTER_NEAREST, BORDER_CONSTANT, REFLECTION_X)
[ PERFSTAT ]    (samples=13   mean=0.08   median=0.08   min=0.07   stddev=0.00 (1.2%))
[       OK ] Sz_Depth_Cn_Inter_Border_Mode_Remap.Remap/1570 (34 ms)
[ RUN      ] Sz_Depth_Cn_Inter_Border_Mode_Remap.Remap/1571, where GetParam() = (1920x1080, CV_32F, BGRA, INTER_NEAREST, BORDER_CONSTANT, REFLECTION_BOTH)
[ PERFSTAT ]    (samples=13   mean=0.08   median=0.08   min=0.07   stddev=0.00 (1.5%))
[       OK ] Sz_Depth_Cn_Inter_Border_Mode_Remap.Remap/1571 (34 ms)
[ RUN      ] Sz_Depth_Cn_Inter_Border_Mode_Remap.Remap/1572, where GetParam() = (1920x1080, CV_32F, BGRA, INTER_NEAREST, BORDER_REFLECT, HALF_SIZE)
[ PERFSTAT ]    (samples=13   mean=0.07   median=0.07   min=0.07   stddev=0.00 (1.6%))
[       OK ] Sz_Depth_Cn_Inter_Border_Mode_Remap.Remap/1572 (36 ms)
[ RUN      ] Sz_Depth_Cn_Inter_Border_Mode_Remap.Remap/1573, where GetParam() = (1920x1080, CV_32F, BGRA, INTER_NEAREST, BORDER_REFLECT, UPSIDE_DOWN)
[ PERFSTAT ]    (samples=25   mean=0.08   median=0.08   min=0.07   stddev=0.00 (1.0%))
[       OK ] Sz_Depth_Cn_Inter_Border_Mode_Remap.Remap/1573 (35 ms)
[ RUN      ] Sz_Depth_Cn_Inter_Border_Mode_Remap.Remap/1574, where GetParam() = (1920x1080, CV_32F, BGRA, INTER_NEAREST, BORDER_REFLECT, REFLECTION_X)
[ PERFSTAT ]    (samples=13   mean=0.08   median=0.08   min=0.08   stddev=0.00 (0.9%))
[       OK ] Sz_Depth_Cn_Inter_Border_Mode_Remap.Remap/1574 (34 ms)
[ RUN      ] Sz_Depth_Cn_Inter_Border_Mode_Remap.Remap/1575, where GetParam() = (1920x1080, CV_32F, BGRA, INTER_NEAREST, BORDER_REFLECT, REFLECTION_BOTH)
[ PERFSTAT ]    (samples=13   mean=0.08   median=0.08   min=0.07   stddev=0.00 (1.2%))
[       OK ] Sz_Depth_Cn_Inter_Border_Mode_Remap.Remap/1575 (33 ms)
[ RUN      ] Sz_Depth_Cn_Inter_Border_Mode_Remap.Remap/1576, where GetParam() = (1920x1080, CV_32F, BGRA, INTER_NEAREST, BORDER_WRAP, HALF_SIZE)
[ PERFSTAT ]    (samples=13   mean=0.07   median=0.07   min=0.07   stddev=0.00 (1.7%))
[       OK ] Sz_Depth_Cn_Inter_Border_Mode_Remap.Remap/1576 (37 ms)
[ RUN      ] Sz_Depth_Cn_Inter_Border_Mode_Remap.Remap/1577, where GetParam() = (1920x1080, CV_32F, BGRA, INTER_NEAREST, BORDER_WRAP, UPSIDE_DOWN)
[ PERFSTAT ]    (samples=13   mean=0.08   median=0.08   min=0.08   stddev=0.00 (0.8%))
[       OK ] Sz_Depth_Cn_Inter_Border_Mode_Remap.Remap/1577 (34 ms)
[ RUN      ] Sz_Depth_Cn_Inter_Border_Mode_Remap.Remap/1578, where GetParam() = (1920x1080, CV_32F, BGRA, INTER_NEAREST, BORDER_WRAP, REFLECTION_X)
[ PERFSTAT ]    (samples=13   mean=0.08   median=0.08   min=0.07   stddev=0.00 (2.3%))
[       OK ] Sz_Depth_Cn_Inter_Border_Mode_Remap.Remap/1578 (33 ms)
[ RUN      ] Sz_Depth_Cn_Inter_Border_Mode_Remap.Remap/1579, where GetParam() = (1920x1080, CV_32F, BGRA, INTER_NEAREST, BORDER_WRAP, REFLECTION_BOTH)
[ PERFSTAT ]    (samples=13   mean=0.08   median=0.08   min=0.07   stddev=0.00 (3.0%))
[       OK ] Sz_Depth_Cn_Inter_Border_Mode_Remap.Remap/1579 (34 ms)
[ RUN      ] Sz_Depth_Cn_Inter_Border_Mode_Remap.Remap/1580, where GetParam() = (1920x1080, CV_32F, BGRA, INTER_LINEAR, BORDER_REFLECT101, HALF_SIZE)
[ PERFSTAT ]    (samples=13   mean=0.09   median=0.09   min=0.08   stddev=0.00 (1.3%))
[       OK ] Sz_Depth_Cn_Inter_Border_Mode_Remap.Remap/1580 (37 ms)
[ RUN      ] Sz_Depth_Cn_Inter_Border_Mode_Remap.Remap/1581, where GetParam() = (1920x1080, CV_32F, BGRA, INTER_LINEAR, BORDER_REFLECT101, UPSIDE_DOWN)
[ PERFSTAT ]    (samples=13   mean=0.08   median=0.08   min=0.08   stddev=0.00 (0.8%))
[       OK ] Sz_Depth_Cn_Inter_Border_Mode_Remap.Remap/1581 (33 ms)
[ RUN      ] Sz_Depth_Cn_Inter_Border_Mode_Remap.Remap/1582, where GetParam() = (1920x1080, CV_32F, BGRA, INTER_LINEAR, BORDER_REFLECT101, REFLECTION_X)
[ PERFSTAT ]    (samples=13   mean=0.08   median=0.08   min=0.08   stddev=0.00 (1.5%))
[       OK ] Sz_Depth_Cn_Inter_Border_Mode_Remap.Remap/1582 (34 ms)
[ RUN      ] Sz_Depth_Cn_Inter_Border_Mode_Remap.Remap/1583, where GetParam() = (1920x1080, CV_32F, BGRA, INTER_LINEAR, BORDER_REFLECT101, REFLECTION_BOTH)
[ PERFSTAT ]    (samples=13   mean=0.08   median=0.08   min=0.08   stddev=0.00 (1.9%))
[       OK ] Sz_Depth_Cn_Inter_Border_Mode_Remap.Remap/1583 (34 ms)
[ RUN      ] Sz_Depth_Cn_Inter_Border_Mode_Remap.Remap/1584, where GetParam() = (1920x1080, CV_32F, BGRA, INTER_LINEAR, BORDER_REPLICATE, HALF_SIZE)
[ PERFSTAT ]    (samples=13   mean=0.08   median=0.08   min=0.08   stddev=0.00 (1.1%))
[       OK ] Sz_Depth_Cn_Inter_Border_Mode_Remap.Remap/1584 (36 ms)
[ RUN      ] Sz_Depth_Cn_Inter_Border_Mode_Remap.Remap/1585, where GetParam() = (1920x1080, CV_32F, BGRA, INTER_LINEAR, BORDER_REPLICATE, UPSIDE_DOWN)
[ PERFSTAT ]    (samples=13   mean=0.08   median=0.08   min=0.08   stddev=0.00 (1.0%))
[       OK ] Sz_Depth_Cn_Inter_Border_Mode_Remap.Remap/1585 (34 ms)
[ RUN      ] Sz_Depth_Cn_Inter_Border_Mode_Remap.Remap/1586, where GetParam() = (1920x1080, CV_32F, BGRA, INTER_LINEAR, BORDER_REPLICATE, REFLECTION_X)
[ PERFSTAT ]    (samples=13   mean=0.08   median=0.08   min=0.08   stddev=0.00 (2.5%))
[       OK ] Sz_Depth_Cn_Inter_Border_Mode_Remap.Remap/1586 (34 ms)
[ RUN      ] Sz_Depth_Cn_Inter_Border_Mode_Remap.Remap/1587, where GetParam() = (1920x1080, CV_32F, BGRA, INTER_LINEAR, BORDER_REPLICATE, REFLECTION_BOTH)
[ PERFSTAT ]    (samples=13   mean=0.08   median=0.08   min=0.08   stddev=0.00 (1.1%))
[       OK ] Sz_Depth_Cn_Inter_Border_Mode_Remap.Remap/1587 (33 ms)
[ RUN      ] Sz_Depth_Cn_Inter_Border_Mode_Remap.Remap/1588, where GetParam() = (1920x1080, CV_32F, BGRA, INTER_LINEAR, BORDER_CONSTANT, HALF_SIZE)
[ PERFSTAT ]    (samples=13   mean=0.08   median=0.08   min=0.08   stddev=0.00 (0.7%))
[       OK ] Sz_Depth_Cn_Inter_Border_Mode_Remap.Remap/1588 (37 ms)
[ RUN      ] Sz_Depth_Cn_Inter_Border_Mode_Remap.Remap/1589, where GetParam() = (1920x1080, CV_32F, BGRA, INTER_LINEAR, BORDER_CONSTANT, UPSIDE_DOWN)
[ PERFSTAT ]    (samples=19   mean=0.08   median=0.08   min=0.08   stddev=0.00 (3.0%))
[       OK ] Sz_Depth_Cn_Inter_Border_Mode_Remap.Remap/1589 (63 ms)
[ RUN      ] Sz_Depth_Cn_Inter_Border_Mode_Remap.Remap/1590, where GetParam() = (1920x1080, CV_32F, BGRA, INTER_LINEAR, BORDER_CONSTANT, REFLECTION_X)
[ PERFSTAT ]    (samples=13   mean=0.08   median=0.08   min=0.08   stddev=0.00 (0.7%))
[       OK ] Sz_Depth_Cn_Inter_Border_Mode_Remap.Remap/1590 (34 ms)
[ RUN      ] Sz_Depth_Cn_Inter_Border_Mode_Remap.Remap/1591, where GetParam() = (1920x1080, CV_32F, BGRA, INTER_LINEAR, BORDER_CONSTANT, REFLECTION_BOTH)
[ PERFSTAT ]    (samples=13   mean=0.08   median=0.08   min=0.08   stddev=0.00 (2.5%))
[       OK ] Sz_Depth_Cn_Inter_Border_Mode_Remap.Remap/1591 (34 ms)
[ RUN      ] Sz_Depth_Cn_Inter_Border_Mode_Remap.Remap/1592, where GetParam() = (1920x1080, CV_32F, BGRA, INTER_LINEAR, BORDER_REFLECT, HALF_SIZE)
[ PERFSTAT ]    (samples=13   mean=0.09   median=0.08   min=0.08   stddev=0.00 (1.8%))
[       OK ] Sz_Depth_Cn_Inter_Border_Mode_Remap.Remap/1592 (37 ms)
[ RUN      ] Sz_Depth_Cn_Inter_Border_Mode_Remap.Remap/1593, where GetParam() = (1920x1080, CV_32F, BGRA, INTER_LINEAR, BORDER_REFLECT, UPSIDE_DOWN)
[ PERFSTAT ]    (samples=14   mean=0.08   median=0.08   min=0.08   stddev=0.00 (2.9%))
[       OK ] Sz_Depth_Cn_Inter_Border_Mode_Remap.Remap/1593 (34 ms)
[ RUN      ] Sz_Depth_Cn_Inter_Border_Mode_Remap.Remap/1594, where GetParam() = (1920x1080, CV_32F, BGRA, INTER_LINEAR, BORDER_REFLECT, REFLECTION_X)
[ PERFSTAT ]    (samples=13   mean=0.08   median=0.08   min=0.08   stddev=0.00 (2.5%))
[       OK ] Sz_Depth_Cn_Inter_Border_Mode_Remap.Remap/1594 (34 ms)
[ RUN      ] Sz_Depth_Cn_Inter_Border_Mode_Remap.Remap/1595, where GetParam() = (1920x1080, CV_32F, BGRA, INTER_LINEAR, BORDER_REFLECT, REFLECTION_BOTH)
[ PERFSTAT ]    (samples=25   mean=0.08   median=0.08   min=0.08   stddev=0.00 (0.8%))
[       OK ] Sz_Depth_Cn_Inter_Border_Mode_Remap.Remap/1595 (34 ms)
[ RUN      ] Sz_Depth_Cn_Inter_Border_Mode_Remap.Remap/1596, where GetParam() = (1920x1080, CV_32F, BGRA, INTER_LINEAR, BORDER_WRAP, HALF_SIZE)
[ PERFSTAT ]    (samples=13   mean=0.09   median=0.09   min=0.08   stddev=0.00 (0.8%))
[       OK ] Sz_Depth_Cn_Inter_Border_Mode_Remap.Remap/1596 (37 ms)
[ RUN      ] Sz_Depth_Cn_Inter_Border_Mode_Remap.Remap/1597, where GetParam() = (1920x1080, CV_32F, BGRA, INTER_LINEAR, BORDER_WRAP, UPSIDE_DOWN)
[ PERFSTAT ]    (samples=13   mean=0.08   median=0.08   min=0.08   stddev=0.00 (0.9%))
[       OK ] Sz_Depth_Cn_Inter_Border_Mode_Remap.Remap/1597 (34 ms)
[ RUN      ] Sz_Depth_Cn_Inter_Border_Mode_Remap.Remap/1598, where GetParam() = (1920x1080, CV_32F, BGRA, INTER_LINEAR, BORDER_WRAP, REFLECTION_X)
[ PERFSTAT ]    (samples=13   mean=0.08   median=0.08   min=0.08   stddev=0.00 (0.9%))
[       OK ] Sz_Depth_Cn_Inter_Border_Mode_Remap.Remap/1598 (34 ms)
[ RUN      ] Sz_Depth_Cn_Inter_Border_Mode_Remap.Remap/1599, where GetParam() = (1920x1080, CV_32F, BGRA, INTER_LINEAR, BORDER_WRAP, REFLECTION_BOTH)
[ PERFSTAT ]    (samples=13   mean=0.08   median=0.08   min=0.08   stddev=0.00 (1.1%))
[       OK ] Sz_Depth_Cn_Inter_Border_Mode_Remap.Remap/1599 (33 ms)
[ RUN      ] Sz_Depth_Cn_Inter_Border_Mode_Remap.Remap/1600, where GetParam() = (1920x1080, CV_32F, BGRA, INTER_CUBIC, BORDER_REFLECT101, HALF_SIZE)
[ PERFSTAT ]    (samples=13   mean=0.34   median=0.34   min=0.34   stddev=0.00 (0.2%))
[       OK ] Sz_Depth_Cn_Inter_Border_Mode_Remap.Remap/1600 (40 ms)
[ RUN      ] Sz_Depth_Cn_Inter_Border_Mode_Remap.Remap/1601, where GetParam() = (1920x1080, CV_32F, BGRA, INTER_CUBIC, BORDER_REFLECT101, UPSIDE_DOWN)
[ PERFSTAT ]    (samples=13   mean=0.38   median=0.38   min=0.38   stddev=0.00 (0.2%))
[       OK ] Sz_Depth_Cn_Inter_Border_Mode_Remap.Remap/1601 (38 ms)
[ RUN      ] Sz_Depth_Cn_Inter_Border_Mode_Remap.Remap/1602, where GetParam() = (1920x1080, CV_32F, BGRA, INTER_CUBIC, BORDER_REFLECT101, REFLECTION_X)
[ PERFSTAT ]    (samples=13   mean=0.38   median=0.38   min=0.38   stddev=0.00 (0.2%))
[       OK ] Sz_Depth_Cn_Inter_Border_Mode_Remap.Remap/1602 (38 ms)
[ RUN      ] Sz_Depth_Cn_Inter_Border_Mode_Remap.Remap/1603, where GetParam() = (1920x1080, CV_32F, BGRA, INTER_CUBIC, BORDER_REFLECT101, REFLECTION_BOTH)
[ PERFSTAT ]    (samples=13   mean=0.38   median=0.38   min=0.38   stddev=0.00 (0.2%))
[       OK ] Sz_Depth_Cn_Inter_Border_Mode_Remap.Remap/1603 (37 ms)
[ RUN      ] Sz_Depth_Cn_Inter_Border_Mode_Remap.Remap/1604, where GetParam() = (1920x1080, CV_32F, BGRA, INTER_CUBIC, BORDER_REPLICATE, HALF_SIZE)
[ PERFSTAT ]    (samples=13   mean=0.28   median=0.27   min=0.27   stddev=0.00 (1.2%))
[       OK ] Sz_Depth_Cn_Inter_Border_Mode_Remap.Remap/1604 (70 ms)
[ RUN      ] Sz_Depth_Cn_Inter_Border_Mode_Remap.Remap/1605, where GetParam() = (1920x1080, CV_32F, BGRA, INTER_CUBIC, BORDER_REPLICATE, UPSIDE_DOWN)
[ PERFSTAT ]    (samples=13   mean=0.30   median=0.30   min=0.29   stddev=0.00 (0.5%))
[       OK ] Sz_Depth_Cn_Inter_Border_Mode_Remap.Remap/1605 (37 ms)
[ RUN      ] Sz_Depth_Cn_Inter_Border_Mode_Remap.Remap/1606, where GetParam() = (1920x1080, CV_32F, BGRA, INTER_CUBIC, BORDER_REPLICATE, REFLECTION_X)
[ PERFSTAT ]    (samples=13   mean=0.29   median=0.29   min=0.29   stddev=0.00 (0.3%))
[       OK ] Sz_Depth_Cn_Inter_Border_Mode_Remap.Remap/1606 (36 ms)
[ RUN      ] Sz_Depth_Cn_Inter_Border_Mode_Remap.Remap/1607, where GetParam() = (1920x1080, CV_32F, BGRA, INTER_CUBIC, BORDER_REPLICATE, REFLECTION_BOTH)
[ PERFSTAT ]    (samples=13   mean=0.29   median=0.29   min=0.29   stddev=0.00 (0.4%))
[       OK ] Sz_Depth_Cn_Inter_Border_Mode_Remap.Remap/1607 (37 ms)
[ RUN      ] Sz_Depth_Cn_Inter_Border_Mode_Remap.Remap/1608, where GetParam() = (1920x1080, CV_32F, BGRA, INTER_CUBIC, BORDER_CONSTANT, HALF_SIZE)
[ PERFSTAT ]    (samples=13   mean=0.22   median=0.22   min=0.22   stddev=0.00 (0.5%))
[       OK ] Sz_Depth_Cn_Inter_Border_Mode_Remap.Remap/1608 (38 ms)
[ RUN      ] Sz_Depth_Cn_Inter_Border_Mode_Remap.Remap/1609, where GetParam() = (1920x1080, CV_32F, BGRA, INTER_CUBIC, BORDER_CONSTANT, UPSIDE_DOWN)
[ PERFSTAT ]    (samples=13   mean=0.29   median=0.29   min=0.29   stddev=0.00 (0.3%))
[       OK ] Sz_Depth_Cn_Inter_Border_Mode_Remap.Remap/1609 (37 ms)
[ RUN      ] Sz_Depth_Cn_Inter_Border_Mode_Remap.Remap/1610, where GetParam() = (1920x1080, CV_32F, BGRA, INTER_CUBIC, BORDER_CONSTANT, REFLECTION_X)
[ PERFSTAT ]    (samples=13   mean=0.29   median=0.29   min=0.29   stddev=0.00 (0.3%))
[       OK ] Sz_Depth_Cn_Inter_Border_Mode_Remap.Remap/1610 (36 ms)
[ RUN      ] Sz_Depth_Cn_Inter_Border_Mode_Remap.Remap/1611, where GetParam() = (1920x1080, CV_32F, BGRA, INTER_CUBIC, BORDER_CONSTANT, REFLECTION_BOTH)
[ PERFSTAT ]    (samples=13   mean=0.29   median=0.29   min=0.29   stddev=0.00 (0.4%))
[       OK ] Sz_Depth_Cn_Inter_Border_Mode_Remap.Remap/1611 (37 ms)
[ RUN      ] Sz_Depth_Cn_Inter_Border_Mode_Remap.Remap/1612, where GetParam() = (1920x1080, CV_32F, BGRA, INTER_CUBIC, BORDER_REFLECT, HALF_SIZE)
[ PERFSTAT ]    (samples=13   mean=0.33   median=0.33   min=0.33   stddev=0.00 (0.2%))
[       OK ] Sz_Depth_Cn_Inter_Border_Mode_Remap.Remap/1612 (40 ms)
[ RUN      ] Sz_Depth_Cn_Inter_Border_Mode_Remap.Remap/1613, where GetParam() = (1920x1080, CV_32F, BGRA, INTER_CUBIC, BORDER_REFLECT, UPSIDE_DOWN)
[ PERFSTAT ]    (samples=13   mean=0.36   median=0.36   min=0.35   stddev=0.00 (0.8%))
[       OK ] Sz_Depth_Cn_Inter_Border_Mode_Remap.Remap/1613 (38 ms)
[ RUN      ] Sz_Depth_Cn_Inter_Border_Mode_Remap.Remap/1614, where GetParam() = (1920x1080, CV_32F, BGRA, INTER_CUBIC, BORDER_REFLECT, REFLECTION_X)
[ PERFSTAT ]    (samples=13   mean=0.36   median=0.36   min=0.35   stddev=0.00 (0.4%))
[       OK ] Sz_Depth_Cn_Inter_Border_Mode_Remap.Remap/1614 (37 ms)
[ RUN      ] Sz_Depth_Cn_Inter_Border_Mode_Remap.Remap/1615, where GetParam() = (1920x1080, CV_32F, BGRA, INTER_CUBIC, BORDER_REFLECT, REFLECTION_BOTH)
[ PERFSTAT ]    (samples=13   mean=0.36   median=0.36   min=0.36   stddev=0.00 (0.2%))
[       OK ] Sz_Depth_Cn_Inter_Border_Mode_Remap.Remap/1615 (38 ms)
[ RUN      ] Sz_Depth_Cn_Inter_Border_Mode_Remap.Remap/1616, where GetParam() = (1920x1080, CV_32F, BGRA, INTER_CUBIC, BORDER_WRAP, HALF_SIZE)
[ PERFSTAT ]    (samples=13   mean=0.32   median=0.32   min=0.32   stddev=0.00 (0.2%))
[       OK ] Sz_Depth_Cn_Inter_Border_Mode_Remap.Remap/1616 (39 ms)
[ RUN      ] Sz_Depth_Cn_Inter_Border_Mode_Remap.Remap/1617, where GetParam() = (1920x1080, CV_32F, BGRA, INTER_CUBIC, BORDER_WRAP, UPSIDE_DOWN)
[ PERFSTAT ]    (samples=13   mean=0.30   median=0.30   min=0.30   stddev=0.00 (0.2%))
[       OK ] Sz_Depth_Cn_Inter_Border_Mode_Remap.Remap/1617 (37 ms)
[ RUN      ] Sz_Depth_Cn_Inter_Border_Mode_Remap.Remap/1618, where GetParam() = (1920x1080, CV_32F, BGRA, INTER_CUBIC, BORDER_WRAP, REFLECTION_X)
[ PERFSTAT ]    (samples=13   mean=0.30   median=0.30   min=0.30   stddev=0.00 (0.3%))
[       OK ] Sz_Depth_Cn_Inter_Border_Mode_Remap.Remap/1618 (37 ms)
[ RUN      ] Sz_Depth_Cn_Inter_Border_Mode_Remap.Remap/1619, where GetParam() = (1920x1080, CV_32F, BGRA, INTER_CUBIC, BORDER_WRAP, REFLECTION_BOTH)
[ PERFSTAT ]    (samples=13   mean=0.30   median=0.30   min=0.30   stddev=0.00 (0.3%))
[       OK ] Sz_Depth_Cn_Inter_Border_Mode_Remap.Remap/1619 (37 ms)
[----------] 1620 tests from Sz_Depth_Cn_Inter_Border_Mode_Remap (25152 ms total)

[----------] 243 tests from Sz_Depth_Cn_Inter_Scale_Resize
[ RUN      ] Sz_Depth_Cn_Inter_Scale_Resize.Resize/0, where GetParam() = (1280x720, CV_8U, Gray, INTER_NEAREST, 0.5)
[ PERFSTAT ]    (samples=23   mean=0.01   median=0.01   min=0.01   stddev=0.00 (3.0%))
[       OK ] Sz_Depth_Cn_Inter_Scale_Resize.Resize/0 (17 ms)
[ RUN      ] Sz_Depth_Cn_Inter_Scale_Resize.Resize/1, where GetParam() = (1280x720, CV_8U, Gray, INTER_NEAREST, 0.3)
[ PERFSTAT ]    (samples=13   mean=0.01   median=0.01   min=0.01   stddev=0.00 (2.1%))
[       OK ] Sz_Depth_Cn_Inter_Scale_Resize.Resize/1 (1 ms)
[ RUN      ] Sz_Depth_Cn_Inter_Scale_Resize.Resize/2, where GetParam() = (1280x720, CV_8U, Gray, INTER_NEAREST, 2)
[ PERFSTAT ]    (samples=23   mean=0.03   median=0.03   min=0.03   stddev=0.00 (3.0%))
[       OK ] Sz_Depth_Cn_Inter_Scale_Resize.Resize/2 (3 ms)
[ RUN      ] Sz_Depth_Cn_Inter_Scale_Resize.Resize/3, where GetParam() = (1280x720, CV_8U, Gray, INTER_LINEAR, 0.5)
[ PERFSTAT ]    (samples=13   mean=0.01   median=0.01   min=0.01   stddev=0.00 (2.0%))
[       OK ] Sz_Depth_Cn_Inter_Scale_Resize.Resize/3 (2 ms)
[ RUN      ] Sz_Depth_Cn_Inter_Scale_Resize.Resize/4, where GetParam() = (1280x720, CV_8U, Gray, INTER_LINEAR, 0.3)
[ PERFSTAT ]    (samples=13   mean=0.01   median=0.01   min=0.01   stddev=0.00 (2.8%))
[       OK ] Sz_Depth_Cn_Inter_Scale_Resize.Resize/4 (1 ms)
[ RUN      ] Sz_Depth_Cn_Inter_Scale_Resize.Resize/5, where GetParam() = (1280x720, CV_8U, Gray, INTER_LINEAR, 2)
[ PERFSTAT ]    (samples=25   mean=0.05   median=0.05   min=0.05   stddev=0.00 (1.1%))
[       OK ] Sz_Depth_Cn_Inter_Scale_Resize.Resize/5 (4 ms)
[ RUN      ] Sz_Depth_Cn_Inter_Scale_Resize.Resize/6, where GetParam() = (1280x720, CV_8U, Gray, INTER_CUBIC, 0.5)
[ PERFSTAT ]    (samples=13   mean=0.03   median=0.03   min=0.03   stddev=0.00 (1.8%))
[       OK ] Sz_Depth_Cn_Inter_Scale_Resize.Resize/6 (2 ms)
[ RUN      ] Sz_Depth_Cn_Inter_Scale_Resize.Resize/7, where GetParam() = (1280x720, CV_8U, Gray, INTER_CUBIC, 0.3)
[ PERFSTAT ]    (samples=13   mean=0.02   median=0.02   min=0.02   stddev=0.00 (1.2%))
[       OK ] Sz_Depth_Cn_Inter_Scale_Resize.Resize/7 (2 ms)
[ RUN      ] Sz_Depth_Cn_Inter_Scale_Resize.Resize/8, where GetParam() = (1280x720, CV_8U, Gray, INTER_CUBIC, 2)
[ PERFSTAT ]    (samples=13   mean=0.23   median=0.23   min=0.23   stddev=0.00 (0.7%))
[       OK ] Sz_Depth_Cn_Inter_Scale_Resize.Resize/8 (4 ms)
[ RUN      ] Sz_Depth_Cn_Inter_Scale_Resize.Resize/9, where GetParam() = (1280x720, CV_8U, BGR, INTER_NEAREST, 0.5)
[ PERFSTAT ]    (samples=13   mean=0.01   median=0.01   min=0.01   stddev=0.00 (1.4%))
[       OK ] Sz_Depth_Cn_Inter_Scale_Resize.Resize/9 (4 ms)
[ RUN      ] Sz_Depth_Cn_Inter_Scale_Resize.Resize/10, where GetParam() = (1280x720, CV_8U, BGR, INTER_NEAREST, 0.3)
[ PERFSTAT ]    (samples=13   mean=0.01   median=0.01   min=0.01   stddev=0.00 (1.6%))
[       OK ] Sz_Depth_Cn_Inter_Scale_Resize.Resize/10 (3 ms)
[ RUN      ] Sz_Depth_Cn_Inter_Scale_Resize.Resize/11, where GetParam() = (1280x720, CV_8U, BGR, INTER_NEAREST, 2)
[ PERFSTAT ]    (samples=13   mean=0.03   median=0.03   min=0.03   stddev=0.00 (0.8%))
[       OK ] Sz_Depth_Cn_Inter_Scale_Resize.Resize/11 (4 ms)
[ RUN      ] Sz_Depth_Cn_Inter_Scale_Resize.Resize/12, where GetParam() = (1280x720, CV_8U, BGR, INTER_LINEAR, 0.5)
[ PERFSTAT ]    (samples=13   mean=0.01   median=0.01   min=0.01   stddev=0.00 (1.9%))
[       OK ] Sz_Depth_Cn_Inter_Scale_Resize.Resize/12 (3 ms)
[ RUN      ] Sz_Depth_Cn_Inter_Scale_Resize.Resize/13, where GetParam() = (1280x720, CV_8U, BGR, INTER_LINEAR, 0.3)
[ PERFSTAT ]    (samples=13   mean=0.01   median=0.01   min=0.01   stddev=0.00 (1.8%))
[       OK ] Sz_Depth_Cn_Inter_Scale_Resize.Resize/13 (4 ms)
[ RUN      ] Sz_Depth_Cn_Inter_Scale_Resize.Resize/14, where GetParam() = (1280x720, CV_8U, BGR, INTER_LINEAR, 2)
[ PERFSTAT ]    (samples=13   mean=0.06   median=0.06   min=0.06   stddev=0.00 (0.4%))
[       OK ] Sz_Depth_Cn_Inter_Scale_Resize.Resize/14 (4 ms)
[ RUN      ] Sz_Depth_Cn_Inter_Scale_Resize.Resize/15, where GetParam() = (1280x720, CV_8U, BGR, INTER_CUBIC, 0.5)
[ PERFSTAT ]    (samples=13   mean=0.03   median=0.03   min=0.03   stddev=0.00 (1.2%))
[       OK ] Sz_Depth_Cn_Inter_Scale_Resize.Resize/15 (4 ms)
[ RUN      ] Sz_Depth_Cn_Inter_Scale_Resize.Resize/16, where GetParam() = (1280x720, CV_8U, BGR, INTER_CUBIC, 0.3)
[ PERFSTAT ]    (samples=13   mean=0.02   median=0.02   min=0.02   stddev=0.00 (1.6%))
[       OK ] Sz_Depth_Cn_Inter_Scale_Resize.Resize/16 (3 ms)
[ RUN      ] Sz_Depth_Cn_Inter_Scale_Resize.Resize/17, where GetParam() = (1280x720, CV_8U, BGR, INTER_CUBIC, 2)
[ PERFSTAT ]    (samples=13   mean=0.31   median=0.31   min=0.31   stddev=0.00 (0.1%))
[       OK ] Sz_Depth_Cn_Inter_Scale_Resize.Resize/17 (8 ms)
[ RUN      ] Sz_Depth_Cn_Inter_Scale_Resize.Resize/18, where GetParam() = (1280x720, CV_8U, BGRA, INTER_NEAREST, 0.5)
[ PERFSTAT ]    (samples=13   mean=0.01   median=0.01   min=0.01   stddev=0.00 (2.4%))
[       OK ] Sz_Depth_Cn_Inter_Scale_Resize.Resize/18 (4 ms)
[ RUN      ] Sz_Depth_Cn_Inter_Scale_Resize.Resize/19, where GetParam() = (1280x720, CV_8U, BGRA, INTER_NEAREST, 0.3)
[ PERFSTAT ]    (samples=100   mean=0.01   median=0.01   min=0.01   stddev=0.00 (3.6%))
[       OK ] Sz_Depth_Cn_Inter_Scale_Resize.Resize/19 (5 ms)
[ RUN      ] Sz_Depth_Cn_Inter_Scale_Resize.Resize/20, where GetParam() = (1280x720, CV_8U, BGRA, INTER_NEAREST, 2)
[ PERFSTAT ]    (samples=23   mean=0.03   median=0.03   min=0.03   stddev=0.00 (3.0%))
[       OK ] Sz_Depth_Cn_Inter_Scale_Resize.Resize/20 (6 ms)
[ RUN      ] Sz_Depth_Cn_Inter_Scale_Resize.Resize/21, where GetParam() = (1280x720, CV_8U, BGRA, INTER_LINEAR, 0.5)
[ PERFSTAT ]    (samples=13   mean=0.01   median=0.01   min=0.01   stddev=0.00 (2.1%))
[       OK ] Sz_Depth_Cn_Inter_Scale_Resize.Resize/21 (4 ms)
[ RUN      ] Sz_Depth_Cn_Inter_Scale_Resize.Resize/22, where GetParam() = (1280x720, CV_8U, BGRA, INTER_LINEAR, 0.3)
[ PERFSTAT ]    (samples=13   mean=0.01   median=0.01   min=0.01   stddev=0.00 (1.7%))
[       OK ] Sz_Depth_Cn_Inter_Scale_Resize.Resize/22 (4 ms)
[ RUN      ] Sz_Depth_Cn_Inter_Scale_Resize.Resize/23, where GetParam() = (1280x720, CV_8U, BGRA, INTER_LINEAR, 2)
[ PERFSTAT ]    (samples=13   mean=0.07   median=0.07   min=0.07   stddev=0.00 (1.1%))
[       OK ] Sz_Depth_Cn_Inter_Scale_Resize.Resize/23 (6 ms)
[ RUN      ] Sz_Depth_Cn_Inter_Scale_Resize.Resize/24, where GetParam() = (1280x720, CV_8U, BGRA, INTER_CUBIC, 0.5)
[ PERFSTAT ]    (samples=13   mean=0.04   median=0.04   min=0.04   stddev=0.00 (2.8%))
[       OK ] Sz_Depth_Cn_Inter_Scale_Resize.Resize/24 (4 ms)
[ RUN      ] Sz_Depth_Cn_Inter_Scale_Resize.Resize/25, where GetParam() = (1280x720, CV_8U, BGRA, INTER_CUBIC, 0.3)
[ PERFSTAT ]    (samples=13   mean=0.02   median=0.02   min=0.02   stddev=0.00 (1.6%))
[       OK ] Sz_Depth_Cn_Inter_Scale_Resize.Resize/25 (4 ms)
[ RUN      ] Sz_Depth_Cn_Inter_Scale_Resize.Resize/26, where GetParam() = (1280x720, CV_8U, BGRA, INTER_CUBIC, 2)
[ PERFSTAT ]    (samples=13   mean=0.36   median=0.36   min=0.36   stddev=0.00 (0.2%))
[       OK ] Sz_Depth_Cn_Inter_Scale_Resize.Resize/26 (10 ms)
[ RUN      ] Sz_Depth_Cn_Inter_Scale_Resize.Resize/27, where GetParam() = (1280x720, CV_16U, Gray, INTER_NEAREST, 0.5)
[ PERFSTAT ]    (samples=13   mean=0.01   median=0.01   min=0.01   stddev=0.00 (2.3%))
[       OK ] Sz_Depth_Cn_Inter_Scale_Resize.Resize/27 (3 ms)
[ RUN      ] Sz_Depth_Cn_Inter_Scale_Resize.Resize/28, where GetParam() = (1280x720, CV_16U, Gray, INTER_NEAREST, 0.3)
[ PERFSTAT ]    (samples=13   mean=0.01   median=0.01   min=0.01   stddev=0.00 (1.4%))
[       OK ] Sz_Depth_Cn_Inter_Scale_Resize.Resize/28 (2 ms)
[ RUN      ] Sz_Depth_Cn_Inter_Scale_Resize.Resize/29, where GetParam() = (1280x720, CV_16U, Gray, INTER_NEAREST, 2)
[ PERFSTAT ]    (samples=13   mean=0.03   median=0.03   min=0.03   stddev=0.00 (1.9%))
[       OK ] Sz_Depth_Cn_Inter_Scale_Resize.Resize/29 (3 ms)
[ RUN      ] Sz_Depth_Cn_Inter_Scale_Resize.Resize/30, where GetParam() = (1280x720, CV_16U, Gray, INTER_LINEAR, 0.5)
[ PERFSTAT ]    (samples=13   mean=0.01   median=0.01   min=0.01   stddev=0.00 (2.5%))
[       OK ] Sz_Depth_Cn_Inter_Scale_Resize.Resize/30 (3 ms)
[ RUN      ] Sz_Depth_Cn_Inter_Scale_Resize.Resize/31, where GetParam() = (1280x720, CV_16U, Gray, INTER_LINEAR, 0.3)
[ PERFSTAT ]    (samples=13   mean=0.01   median=0.01   min=0.01   stddev=0.00 (1.2%))
[       OK ] Sz_Depth_Cn_Inter_Scale_Resize.Resize/31 (2 ms)
[ RUN      ] Sz_Depth_Cn_Inter_Scale_Resize.Resize/32, where GetParam() = (1280x720, CV_16U, Gray, INTER_LINEAR, 2)
[ PERFSTAT ]    (samples=13   mean=0.05   median=0.05   min=0.05   stddev=0.00 (1.2%))
[       OK ] Sz_Depth_Cn_Inter_Scale_Resize.Resize/32 (3 ms)
[ RUN      ] Sz_Depth_Cn_Inter_Scale_Resize.Resize/33, where GetParam() = (1280x720, CV_16U, Gray, INTER_CUBIC, 0.5)
[ PERFSTAT ]    (samples=13   mean=0.03   median=0.03   min=0.03   stddev=0.00 (2.1%))
[       OK ] Sz_Depth_Cn_Inter_Scale_Resize.Resize/33 (3 ms)
[ RUN      ] Sz_Depth_Cn_Inter_Scale_Resize.Resize/34, where GetParam() = (1280x720, CV_16U, Gray, INTER_CUBIC, 0.3)
[ PERFSTAT ]    (samples=13   mean=0.02   median=0.02   min=0.02   stddev=0.00 (2.5%))
[       OK ] Sz_Depth_Cn_Inter_Scale_Resize.Resize/34 (2 ms)
[ RUN      ] Sz_Depth_Cn_Inter_Scale_Resize.Resize/35, where GetParam() = (1280x720, CV_16U, Gray, INTER_CUBIC, 2)
[ PERFSTAT ]    (samples=13   mean=0.23   median=0.23   min=0.22   stddev=0.00 (0.2%))
[       OK ] Sz_Depth_Cn_Inter_Scale_Resize.Resize/35 (6 ms)
[ RUN      ] Sz_Depth_Cn_Inter_Scale_Resize.Resize/36, where GetParam() = (1280x720, CV_16U, BGR, INTER_NEAREST, 0.5)
[ PERFSTAT ]    (samples=13   mean=0.01   median=0.01   min=0.01   stddev=0.00 (2.3%))
[       OK ] Sz_Depth_Cn_Inter_Scale_Resize.Resize/36 (6 ms)
[ RUN      ] Sz_Depth_Cn_Inter_Scale_Resize.Resize/37, where GetParam() = (1280x720, CV_16U, BGR, INTER_NEAREST, 0.3)
[ PERFSTAT ]    (samples=13   mean=0.01   median=0.01   min=0.01   stddev=0.00 (1.4%))
[       OK ] Sz_Depth_Cn_Inter_Scale_Resize.Resize/37 (5 ms)
[ RUN      ] Sz_Depth_Cn_Inter_Scale_Resize.Resize/38, where GetParam() = (1280x720, CV_16U, BGR, INTER_NEAREST, 2)
[ PERFSTAT ]    (samples=16   mean=0.04   median=0.04   min=0.04   stddev=0.00 (3.0%))
[       OK ] Sz_Depth_Cn_Inter_Scale_Resize.Resize/38 (10 ms)
[ RUN      ] Sz_Depth_Cn_Inter_Scale_Resize.Resize/39, where GetParam() = (1280x720, CV_16U, BGR, INTER_LINEAR, 0.5)
[ PERFSTAT ]    (samples=13   mean=0.01   median=0.01   min=0.01   stddev=0.00 (2.1%))
[       OK ] Sz_Depth_Cn_Inter_Scale_Resize.Resize/39 (5 ms)
[ RUN      ] Sz_Depth_Cn_Inter_Scale_Resize.Resize/40, where GetParam() = (1280x720, CV_16U, BGR, INTER_LINEAR, 0.3)
[ PERFSTAT ]    (samples=13   mean=0.01   median=0.01   min=0.01   stddev=0.00 (1.5%))
[       OK ] Sz_Depth_Cn_Inter_Scale_Resize.Resize/40 (5 ms)
[ RUN      ] Sz_Depth_Cn_Inter_Scale_Resize.Resize/41, where GetParam() = (1280x720, CV_16U, BGR, INTER_LINEAR, 2)
[ PERFSTAT ]    (samples=13   mean=0.06   median=0.06   min=0.06   stddev=0.00 (0.5%))
[       OK ] Sz_Depth_Cn_Inter_Scale_Resize.Resize/41 (8 ms)
[ RUN      ] Sz_Depth_Cn_Inter_Scale_Resize.Resize/42, where GetParam() = (1280x720, CV_16U, BGR, INTER_CUBIC, 0.5)
[ PERFSTAT ]    (samples=13   mean=0.03   median=0.03   min=0.03   stddev=0.00 (1.0%))
[       OK ] Sz_Depth_Cn_Inter_Scale_Resize.Resize/42 (6 ms)
[ RUN      ] Sz_Depth_Cn_Inter_Scale_Resize.Resize/43, where GetParam() = (1280x720, CV_16U, BGR, INTER_CUBIC, 0.3)
[ PERFSTAT ]    (samples=13   mean=0.02   median=0.02   min=0.02   stddev=0.00 (1.2%))
[       OK ] Sz_Depth_Cn_Inter_Scale_Resize.Resize/43 (5 ms)
[ RUN      ] Sz_Depth_Cn_Inter_Scale_Resize.Resize/44, where GetParam() = (1280x720, CV_16U, BGR, INTER_CUBIC, 2)
[ PERFSTAT ]    (samples=13   mean=0.31   median=0.31   min=0.31   stddev=0.00 (0.1%))
[       OK ] Sz_Depth_Cn_Inter_Scale_Resize.Resize/44 (11 ms)
[ RUN      ] Sz_Depth_Cn_Inter_Scale_Resize.Resize/45, where GetParam() = (1280x720, CV_16U, BGRA, INTER_NEAREST, 0.5)
[ PERFSTAT ]    (samples=13   mean=0.01   median=0.01   min=0.01   stddev=0.00 (1.8%))
[       OK ] Sz_Depth_Cn_Inter_Scale_Resize.Resize/45 (7 ms)
[ RUN      ] Sz_Depth_Cn_Inter_Scale_Resize.Resize/46, where GetParam() = (1280x720, CV_16U, BGRA, INTER_NEAREST, 0.3)
[ PERFSTAT ]    (samples=13   mean=0.01   median=0.01   min=0.01   stddev=0.00 (2.4%))
[       OK ] Sz_Depth_Cn_Inter_Scale_Resize.Resize/46 (6 ms)
[ RUN      ] Sz_Depth_Cn_Inter_Scale_Resize.Resize/47, where GetParam() = (1280x720, CV_16U, BGRA, INTER_NEAREST, 2)
[ PERFSTAT ]    (samples=13   mean=0.04   median=0.04   min=0.04   stddev=0.00 (1.4%))
[       OK ] Sz_Depth_Cn_Inter_Scale_Resize.Resize/47 (12 ms)
[ RUN      ] Sz_Depth_Cn_Inter_Scale_Resize.Resize/48, where GetParam() = (1280x720, CV_16U, BGRA, INTER_LINEAR, 0.5)
[ PERFSTAT ]    (samples=13   mean=0.02   median=0.01   min=0.01   stddev=0.00 (2.3%))
[       OK ] Sz_Depth_Cn_Inter_Scale_Resize.Resize/48 (7 ms)
[ RUN      ] Sz_Depth_Cn_Inter_Scale_Resize.Resize/49, where GetParam() = (1280x720, CV_16U, BGRA, INTER_LINEAR, 0.3)
[ PERFSTAT ]    (samples=13   mean=0.01   median=0.01   min=0.01   stddev=0.00 (1.9%))
[       OK ] Sz_Depth_Cn_Inter_Scale_Resize.Resize/49 (7 ms)
[ RUN      ] Sz_Depth_Cn_Inter_Scale_Resize.Resize/50, where GetParam() = (1280x720, CV_16U, BGRA, INTER_LINEAR, 2)
[ PERFSTAT ]    (samples=13   mean=0.08   median=0.08   min=0.08   stddev=0.00 (0.9%))
[       OK ] Sz_Depth_Cn_Inter_Scale_Resize.Resize/50 (10 ms)
[ RUN      ] Sz_Depth_Cn_Inter_Scale_Resize.Resize/51, where GetParam() = (1280x720, CV_16U, BGRA, INTER_CUBIC, 0.5)
[ PERFSTAT ]    (samples=13   mean=0.05   median=0.05   min=0.05   stddev=0.00 (1.3%))
[       OK ] Sz_Depth_Cn_Inter_Scale_Resize.Resize/51 (8 ms)
[ RUN      ] Sz_Depth_Cn_Inter_Scale_Resize.Resize/52, where GetParam() = (1280x720, CV_16U, BGRA, INTER_CUBIC, 0.3)
[ PERFSTAT ]    (samples=13   mean=0.03   median=0.03   min=0.03   stddev=0.00 (1.7%))
[       OK ] Sz_Depth_Cn_Inter_Scale_Resize.Resize/52 (7 ms)
[ RUN      ] Sz_Depth_Cn_Inter_Scale_Resize.Resize/53, where GetParam() = (1280x720, CV_16U, BGRA, INTER_CUBIC, 2)
[ PERFSTAT ]    (samples=13   mean=0.36   median=0.36   min=0.36   stddev=0.00 (0.3%))
[       OK ] Sz_Depth_Cn_Inter_Scale_Resize.Resize/53 (14 ms)
[ RUN      ] Sz_Depth_Cn_Inter_Scale_Resize.Resize/54, where GetParam() = (1280x720, CV_32F, Gray, INTER_NEAREST, 0.5)
[ PERFSTAT ]    (samples=13   mean=0.01   median=0.01   min=0.01   stddev=0.00 (1.5%))
[       OK ] Sz_Depth_Cn_Inter_Scale_Resize.Resize/54 (3 ms)
[ RUN      ] Sz_Depth_Cn_Inter_Scale_Resize.Resize/55, where GetParam() = (1280x720, CV_32F, Gray, INTER_NEAREST, 0.3)
[ PERFSTAT ]    (samples=25   mean=0.01   median=0.01   min=0.01   stddev=0.00 (1.7%))
[       OK ] Sz_Depth_Cn_Inter_Scale_Resize.Resize/55 (2 ms)
[ RUN      ] Sz_Depth_Cn_Inter_Scale_Resize.Resize/56, where GetParam() = (1280x720, CV_32F, Gray, INTER_NEAREST, 2)
[ PERFSTAT ]    (samples=17   mean=0.03   median=0.03   min=0.03   stddev=0.00 (3.0%))
[       OK ] Sz_Depth_Cn_Inter_Scale_Resize.Resize/56 (7 ms)
[ RUN      ] Sz_Depth_Cn_Inter_Scale_Resize.Resize/57, where GetParam() = (1280x720, CV_32F, Gray, INTER_LINEAR, 0.5)
[ PERFSTAT ]    (samples=21   mean=0.01   median=0.01   min=0.01   stddev=0.00 (3.0%))
[       OK ] Sz_Depth_Cn_Inter_Scale_Resize.Resize/57 (3 ms)
[ RUN      ] Sz_Depth_Cn_Inter_Scale_Resize.Resize/58, where GetParam() = (1280x720, CV_32F, Gray, INTER_LINEAR, 0.3)
[ PERFSTAT ]    (samples=13   mean=0.01   median=0.01   min=0.01   stddev=0.00 (1.6%))
[       OK ] Sz_Depth_Cn_Inter_Scale_Resize.Resize/58 (3 ms)
[ RUN      ] Sz_Depth_Cn_Inter_Scale_Resize.Resize/59, where GetParam() = (1280x720, CV_32F, Gray, INTER_LINEAR, 2)
[ PERFSTAT ]    (samples=13   mean=0.05   median=0.05   min=0.05   stddev=0.00 (2.5%))
[       OK ] Sz_Depth_Cn_Inter_Scale_Resize.Resize/59 (6 ms)
[ RUN      ] Sz_Depth_Cn_Inter_Scale_Resize.Resize/60, where GetParam() = (1280x720, CV_32F, Gray, INTER_CUBIC, 0.5)
[ PERFSTAT ]    (samples=13   mean=0.03   median=0.03   min=0.03   stddev=0.00 (2.9%))
[       OK ] Sz_Depth_Cn_Inter_Scale_Resize.Resize/60 (3 ms)
[ RUN      ] Sz_Depth_Cn_Inter_Scale_Resize.Resize/61, where GetParam() = (1280x720, CV_32F, Gray, INTER_CUBIC, 0.3)
[ PERFSTAT ]    (samples=13   mean=0.02   median=0.02   min=0.02   stddev=0.00 (1.6%))
[       OK ] Sz_Depth_Cn_Inter_Scale_Resize.Resize/61 (3 ms)
[ RUN      ] Sz_Depth_Cn_Inter_Scale_Resize.Resize/62, where GetParam() = (1280x720, CV_32F, Gray, INTER_CUBIC, 2)
[ PERFSTAT ]    (samples=13   mean=0.22   median=0.22   min=0.22   stddev=0.00 (0.3%))
[       OK ] Sz_Depth_Cn_Inter_Scale_Resize.Resize/62 (7 ms)
[ RUN      ] Sz_Depth_Cn_Inter_Scale_Resize.Resize/63, where GetParam() = (1280x720, CV_32F, BGR, INTER_NEAREST, 0.5)
[ PERFSTAT ]    (samples=13   mean=0.01   median=0.01   min=0.01   stddev=0.00 (2.3%))
[       OK ] Sz_Depth_Cn_Inter_Scale_Resize.Resize/63 (7 ms)
[ RUN      ] Sz_Depth_Cn_Inter_Scale_Resize.Resize/64, where GetParam() = (1280x720, CV_32F, BGR, INTER_NEAREST, 0.3)
[ PERFSTAT ]    (samples=13   mean=0.01   median=0.01   min=0.01   stddev=0.00 (1.9%))
[       OK ] Sz_Depth_Cn_Inter_Scale_Resize.Resize/64 (6 ms)
[ RUN      ] Sz_Depth_Cn_Inter_Scale_Resize.Resize/65, where GetParam() = (1280x720, CV_32F, BGR, INTER_NEAREST, 2)
[ PERFSTAT ]    (samples=13   mean=0.06   median=0.06   min=0.05   stddev=0.00 (1.4%))
[       OK ] Sz_Depth_Cn_Inter_Scale_Resize.Resize/65 (17 ms)
[ RUN      ] Sz_Depth_Cn_Inter_Scale_Resize.Resize/66, where GetParam() = (1280x720, CV_32F, BGR, INTER_LINEAR, 0.5)
[ PERFSTAT ]    (samples=13   mean=0.02   median=0.01   min=0.01   stddev=0.00 (1.8%))
[       OK ] Sz_Depth_Cn_Inter_Scale_Resize.Resize/66 (7 ms)
[ RUN      ] Sz_Depth_Cn_Inter_Scale_Resize.Resize/67, where GetParam() = (1280x720, CV_32F, BGR, INTER_LINEAR, 0.3)
[ PERFSTAT ]    (samples=13   mean=0.01   median=0.01   min=0.01   stddev=0.00 (2.0%))
[       OK ] Sz_Depth_Cn_Inter_Scale_Resize.Resize/67 (6 ms)
[ RUN      ] Sz_Depth_Cn_Inter_Scale_Resize.Resize/68, where GetParam() = (1280x720, CV_32F, BGR, INTER_LINEAR, 2)
[ PERFSTAT ]    (samples=13   mean=0.06   median=0.06   min=0.06   stddev=0.00 (1.1%))
[       OK ] Sz_Depth_Cn_Inter_Scale_Resize.Resize/68 (17 ms)
[ RUN      ] Sz_Depth_Cn_Inter_Scale_Resize.Resize/69, where GetParam() = (1280x720, CV_32F, BGR, INTER_CUBIC, 0.5)
[ PERFSTAT ]    (samples=13   mean=0.03   median=0.03   min=0.03   stddev=0.00 (1.3%))
[       OK ] Sz_Depth_Cn_Inter_Scale_Resize.Resize/69 (7 ms)
[ RUN      ] Sz_Depth_Cn_Inter_Scale_Resize.Resize/70, where GetParam() = (1280x720, CV_32F, BGR, INTER_CUBIC, 0.3)
[ PERFSTAT ]    (samples=13   mean=0.02   median=0.02   min=0.02   stddev=0.00 (1.1%))
[       OK ] Sz_Depth_Cn_Inter_Scale_Resize.Resize/70 (6 ms)
[ RUN      ] Sz_Depth_Cn_Inter_Scale_Resize.Resize/71, where GetParam() = (1280x720, CV_32F, BGR, INTER_CUBIC, 2)
[ PERFSTAT ]    (samples=13   mean=0.29   median=0.29   min=0.29   stddev=0.00 (0.2%))
[       OK ] Sz_Depth_Cn_Inter_Scale_Resize.Resize/71 (20 ms)
[ RUN      ] Sz_Depth_Cn_Inter_Scale_Resize.Resize/72, where GetParam() = (1280x720, CV_32F, BGRA, INTER_NEAREST, 0.5)
[ PERFSTAT ]    (samples=38   mean=0.01   median=0.01   min=0.01   stddev=0.00 (2.9%))
[       OK ] Sz_Depth_Cn_Inter_Scale_Resize.Resize/72 (9 ms)
[ RUN      ] Sz_Depth_Cn_Inter_Scale_Resize.Resize/73, where GetParam() = (1280x720, CV_32F, BGRA, INTER_NEAREST, 0.3)
[ PERFSTAT ]    (samples=28   mean=0.01   median=0.01   min=0.01   stddev=0.00 (3.0%))
[       OK ] Sz_Depth_Cn_Inter_Scale_Resize.Resize/73 (9 ms)
[ RUN      ] Sz_Depth_Cn_Inter_Scale_Resize.Resize/74, where GetParam() = (1280x720, CV_32F, BGRA, INTER_NEAREST, 2)
[ PERFSTAT ]    (samples=13   mean=0.08   median=0.08   min=0.07   stddev=0.00 (1.6%))
[       OK ] Sz_Depth_Cn_Inter_Scale_Resize.Resize/74 (22 ms)
[ RUN      ] Sz_Depth_Cn_Inter_Scale_Resize.Resize/75, where GetParam() = (1280x720, CV_32F, BGRA, INTER_LINEAR, 0.5)
[ PERFSTAT ]    (samples=25   mean=0.02   median=0.02   min=0.01   stddev=0.00 (2.9%))
[       OK ] Sz_Depth_Cn_Inter_Scale_Resize.Resize/75 (9 ms)
[ RUN      ] Sz_Depth_Cn_Inter_Scale_Resize.Resize/76, where GetParam() = (1280x720, CV_32F, BGRA, INTER_LINEAR, 0.3)
[ PERFSTAT ]    (samples=21   mean=0.01   median=0.01   min=0.01   stddev=0.00 (2.9%))
[       OK ] Sz_Depth_Cn_Inter_Scale_Resize.Resize/76 (8 ms)
[ RUN      ] Sz_Depth_Cn_Inter_Scale_Resize.Resize/77, where GetParam() = (1280x720, CV_32F, BGRA, INTER_LINEAR, 2)
[ PERFSTAT ]    (samples=13   mean=0.08   median=0.08   min=0.08   stddev=0.00 (1.4%))
[       OK ] Sz_Depth_Cn_Inter_Scale_Resize.Resize/77 (23 ms)
[ RUN      ] Sz_Depth_Cn_Inter_Scale_Resize.Resize/78, where GetParam() = (1280x720, CV_32F, BGRA, INTER_CUBIC, 0.5)
[ PERFSTAT ]    (samples=13   mean=0.07   median=0.07   min=0.07   stddev=0.00 (2.9%))
[       OK ] Sz_Depth_Cn_Inter_Scale_Resize.Resize/78 (10 ms)
[ RUN      ] Sz_Depth_Cn_Inter_Scale_Resize.Resize/79, where GetParam() = (1280x720, CV_32F, BGRA, INTER_CUBIC, 0.3)
[ PERFSTAT ]    (samples=13   mean=0.03   median=0.03   min=0.03   stddev=0.00 (2.5%))
[       OK ] Sz_Depth_Cn_Inter_Scale_Resize.Resize/79 (8 ms)
[ RUN      ] Sz_Depth_Cn_Inter_Scale_Resize.Resize/80, where GetParam() = (1280x720, CV_32F, BGRA, INTER_CUBIC, 2)
[ PERFSTAT ]    (samples=13   mean=0.41   median=0.41   min=0.40   stddev=0.00 (0.2%))
[       OK ] Sz_Depth_Cn_Inter_Scale_Resize.Resize/80 (28 ms)
[ RUN      ] Sz_Depth_Cn_Inter_Scale_Resize.Resize/81, where GetParam() = (1280x1024, CV_8U, Gray, INTER_NEAREST, 0.5)
[ PERFSTAT ]    (samples=13   mean=0.01   median=0.01   min=0.01   stddev=0.00 (1.9%))
[       OK ] Sz_Depth_Cn_Inter_Scale_Resize.Resize/81 (3 ms)
[ RUN      ] Sz_Depth_Cn_Inter_Scale_Resize.Resize/82, where GetParam() = (1280x1024, CV_8U, Gray, INTER_NEAREST, 0.3)
[ PERFSTAT ]    (samples=13   mean=0.01   median=0.01   min=0.01   stddev=0.00 (1.6%))
[       OK ] Sz_Depth_Cn_Inter_Scale_Resize.Resize/82 (2 ms)
[ RUN      ] Sz_Depth_Cn_Inter_Scale_Resize.Resize/83, where GetParam() = (1280x1024, CV_8U, Gray, INTER_NEAREST, 2)
[ PERFSTAT ]    (samples=13   mean=0.03   median=0.03   min=0.03   stddev=0.00 (0.7%))
[       OK ] Sz_Depth_Cn_Inter_Scale_Resize.Resize/83 (2 ms)
[ RUN      ] Sz_Depth_Cn_Inter_Scale_Resize.Resize/84, where GetParam() = (1280x1024, CV_8U, Gray, INTER_LINEAR, 0.5)
[ PERFSTAT ]    (samples=13   mean=0.01   median=0.01   min=0.01   stddev=0.00 (1.4%))
[       OK ] Sz_Depth_Cn_Inter_Scale_Resize.Resize/84 (2 ms)
[ RUN      ] Sz_Depth_Cn_Inter_Scale_Resize.Resize/85, where GetParam() = (1280x1024, CV_8U, Gray, INTER_LINEAR, 0.3)
[ PERFSTAT ]    (samples=13   mean=0.01   median=0.01   min=0.01   stddev=0.00 (1.7%))
[       OK ] Sz_Depth_Cn_Inter_Scale_Resize.Resize/85 (2 ms)
[ RUN      ] Sz_Depth_Cn_Inter_Scale_Resize.Resize/86, where GetParam() = (1280x1024, CV_8U, Gray, INTER_LINEAR, 2)
[ PERFSTAT ]    (samples=13   mean=0.06   median=0.06   min=0.06   stddev=0.00 (0.4%))
[       OK ] Sz_Depth_Cn_Inter_Scale_Resize.Resize/86 (3 ms)
[ RUN      ] Sz_Depth_Cn_Inter_Scale_Resize.Resize/87, where GetParam() = (1280x1024, CV_8U, Gray, INTER_CUBIC, 0.5)
[ PERFSTAT ]    (samples=25   mean=0.04   median=0.04   min=0.04   stddev=0.00 (1.0%))
[       OK ] Sz_Depth_Cn_Inter_Scale_Resize.Resize/87 (2 ms)
[ RUN      ] Sz_Depth_Cn_Inter_Scale_Resize.Resize/88, where GetParam() = (1280x1024, CV_8U, Gray, INTER_CUBIC, 0.3)
[ PERFSTAT ]    (samples=13   mean=0.02   median=0.02   min=0.02   stddev=0.00 (1.5%))
[       OK ] Sz_Depth_Cn_Inter_Scale_Resize.Resize/88 (1 ms)
[ RUN      ] Sz_Depth_Cn_Inter_Scale_Resize.Resize/89, where GetParam() = (1280x1024, CV_8U, Gray, INTER_CUBIC, 2)
[ PERFSTAT ]    (samples=13   mean=0.32   median=0.32   min=0.32   stddev=0.00 (0.1%))
[       OK ] Sz_Depth_Cn_Inter_Scale_Resize.Resize/89 (7 ms)
[ RUN      ] Sz_Depth_Cn_Inter_Scale_Resize.Resize/90, where GetParam() = (1280x1024, CV_8U, BGR, INTER_NEAREST, 0.5)
[ PERFSTAT ]    (samples=13   mean=0.01   median=0.01   min=0.01   stddev=0.00 (2.0%))
[       OK ] Sz_Depth_Cn_Inter_Scale_Resize.Resize/90 (4 ms)
[ RUN      ] Sz_Depth_Cn_Inter_Scale_Resize.Resize/91, where GetParam() = (1280x1024, CV_8U, BGR, INTER_NEAREST, 0.3)
[ PERFSTAT ]    (samples=25   mean=0.01   median=0.01   min=0.01   stddev=0.00 (1.5%))
[       OK ] Sz_Depth_Cn_Inter_Scale_Resize.Resize/91 (4 ms)
[ RUN      ] Sz_Depth_Cn_Inter_Scale_Resize.Resize/92, where GetParam() = (1280x1024, CV_8U, BGR, INTER_NEAREST, 2)
[ PERFSTAT ]    (samples=13   mean=0.04   median=0.04   min=0.04   stddev=0.00 (0.9%))
[       OK ] Sz_Depth_Cn_Inter_Scale_Resize.Resize/92 (6 ms)
[ RUN      ] Sz_Depth_Cn_Inter_Scale_Resize.Resize/93, where GetParam() = (1280x1024, CV_8U, BGR, INTER_LINEAR, 0.5)
[ PERFSTAT ]    (samples=13   mean=0.02   median=0.02   min=0.02   stddev=0.00 (2.1%))
[       OK ] Sz_Depth_Cn_Inter_Scale_Resize.Resize/93 (4 ms)
[ RUN      ] Sz_Depth_Cn_Inter_Scale_Resize.Resize/94, where GetParam() = (1280x1024, CV_8U, BGR, INTER_LINEAR, 0.3)
[ PERFSTAT ]    (samples=13   mean=0.01   median=0.01   min=0.01   stddev=0.00 (1.5%))
[       OK ] Sz_Depth_Cn_Inter_Scale_Resize.Resize/94 (4 ms)
[ RUN      ] Sz_Depth_Cn_Inter_Scale_Resize.Resize/95, where GetParam() = (1280x1024, CV_8U, BGR, INTER_LINEAR, 2)
[ PERFSTAT ]    (samples=13   mean=0.08   median=0.08   min=0.08   stddev=0.00 (0.5%))
[       OK ] Sz_Depth_Cn_Inter_Scale_Resize.Resize/95 (7 ms)
[ RUN      ] Sz_Depth_Cn_Inter_Scale_Resize.Resize/96, where GetParam() = (1280x1024, CV_8U, BGR, INTER_CUBIC, 0.5)
[ PERFSTAT ]    (samples=13   mean=0.04   median=0.04   min=0.04   stddev=0.00 (0.8%))
[       OK ] Sz_Depth_Cn_Inter_Scale_Resize.Resize/96 (5 ms)
[ RUN      ] Sz_Depth_Cn_Inter_Scale_Resize.Resize/97, where GetParam() = (1280x1024, CV_8U, BGR, INTER_CUBIC, 0.3)
[ PERFSTAT ]    (samples=13   mean=0.02   median=0.02   min=0.02   stddev=0.00 (0.6%))
[       OK ] Sz_Depth_Cn_Inter_Scale_Resize.Resize/97 (5 ms)
[ RUN      ] Sz_Depth_Cn_Inter_Scale_Resize.Resize/98, where GetParam() = (1280x1024, CV_8U, BGR, INTER_CUBIC, 2)
[ PERFSTAT ]    (samples=13   mean=0.43   median=0.43   min=0.43   stddev=0.00 (0.1%))
[       OK ] Sz_Depth_Cn_Inter_Scale_Resize.Resize/98 (11 ms)
[ RUN      ] Sz_Depth_Cn_Inter_Scale_Resize.Resize/99, where GetParam() = (1280x1024, CV_8U, BGRA, INTER_NEAREST, 0.5)
[ PERFSTAT ]    (samples=13   mean=0.01   median=0.01   min=0.01   stddev=0.00 (1.9%))
[       OK ] Sz_Depth_Cn_Inter_Scale_Resize.Resize/99 (5 ms)
[ RUN      ] Sz_Depth_Cn_Inter_Scale_Resize.Resize/100, where GetParam() = (1280x1024, CV_8U, BGRA, INTER_NEAREST, 0.3)
[ PERFSTAT ]    (samples=13   mean=0.01   median=0.01   min=0.01   stddev=0.00 (2.1%))
[       OK ] Sz_Depth_Cn_Inter_Scale_Resize.Resize/100 (5 ms)
[ RUN      ] Sz_Depth_Cn_Inter_Scale_Resize.Resize/101, where GetParam() = (1280x1024, CV_8U, BGRA, INTER_NEAREST, 2)
[ PERFSTAT ]    (samples=25   mean=0.04   median=0.04   min=0.04   stddev=0.00 (1.9%))
[       OK ] Sz_Depth_Cn_Inter_Scale_Resize.Resize/101 (8 ms)
[ RUN      ] Sz_Depth_Cn_Inter_Scale_Resize.Resize/102, where GetParam() = (1280x1024, CV_8U, BGRA, INTER_LINEAR, 0.5)
[ PERFSTAT ]    (samples=13   mean=0.02   median=0.02   min=0.02   stddev=0.00 (1.6%))
[       OK ] Sz_Depth_Cn_Inter_Scale_Resize.Resize/102 (5 ms)
[ RUN      ] Sz_Depth_Cn_Inter_Scale_Resize.Resize/103, where GetParam() = (1280x1024, CV_8U, BGRA, INTER_LINEAR, 0.3)
[ PERFSTAT ]    (samples=13   mean=0.01   median=0.01   min=0.01   stddev=0.00 (2.9%))
[       OK ] Sz_Depth_Cn_Inter_Scale_Resize.Resize/103 (5 ms)
[ RUN      ] Sz_Depth_Cn_Inter_Scale_Resize.Resize/104, where GetParam() = (1280x1024, CV_8U, BGRA, INTER_LINEAR, 2)
[ PERFSTAT ]    (samples=13   mean=0.10   median=0.10   min=0.10   stddev=0.00 (0.5%))
[       OK ] Sz_Depth_Cn_Inter_Scale_Resize.Resize/104 (8 ms)
[ RUN      ] Sz_Depth_Cn_Inter_Scale_Resize.Resize/105, where GetParam() = (1280x1024, CV_8U, BGRA, INTER_CUBIC, 0.5)
[ PERFSTAT ]    (samples=13   mean=0.05   median=0.05   min=0.05   stddev=0.00 (1.5%))
[       OK ] Sz_Depth_Cn_Inter_Scale_Resize.Resize/105 (6 ms)
[ RUN      ] Sz_Depth_Cn_Inter_Scale_Resize.Resize/106, where GetParam() = (1280x1024, CV_8U, BGRA, INTER_CUBIC, 0.3)
[ PERFSTAT ]    (samples=13   mean=0.03   median=0.03   min=0.03   stddev=0.00 (2.0%))
[       OK ] Sz_Depth_Cn_Inter_Scale_Resize.Resize/106 (5 ms)
[ RUN      ] Sz_Depth_Cn_Inter_Scale_Resize.Resize/107, where GetParam() = (1280x1024, CV_8U, BGRA, INTER_CUBIC, 2)
[ PERFSTAT ]    (samples=13   mean=0.51   median=0.51   min=0.50   stddev=0.00 (0.1%))
[       OK ] Sz_Depth_Cn_Inter_Scale_Resize.Resize/107 (14 ms)
[ RUN      ] Sz_Depth_Cn_Inter_Scale_Resize.Resize/108, where GetParam() = (1280x1024, CV_16U, Gray, INTER_NEAREST, 0.5)
[ PERFSTAT ]    (samples=13   mean=0.01   median=0.01   min=0.01   stddev=0.00 (2.5%))
[       OK ] Sz_Depth_Cn_Inter_Scale_Resize.Resize/108 (3 ms)
[ RUN      ] Sz_Depth_Cn_Inter_Scale_Resize.Resize/109, where GetParam() = (1280x1024, CV_16U, Gray, INTER_NEAREST, 0.3)
[ PERFSTAT ]    (samples=13   mean=0.01   median=0.01   min=0.01   stddev=0.00 (2.6%))
[       OK ] Sz_Depth_Cn_Inter_Scale_Resize.Resize/109 (3 ms)
[ RUN      ] Sz_Depth_Cn_Inter_Scale_Resize.Resize/110, where GetParam() = (1280x1024, CV_16U, Gray, INTER_NEAREST, 2)
[ PERFSTAT ]    (samples=13   mean=0.03   median=0.03   min=0.03   stddev=0.00 (1.4%))
[       OK ] Sz_Depth_Cn_Inter_Scale_Resize.Resize/110 (4 ms)
[ RUN      ] Sz_Depth_Cn_Inter_Scale_Resize.Resize/111, where GetParam() = (1280x1024, CV_16U, Gray, INTER_LINEAR, 0.5)
[ PERFSTAT ]    (samples=25   mean=0.01   median=0.01   min=0.01   stddev=0.00 (1.6%))
[       OK ] Sz_Depth_Cn_Inter_Scale_Resize.Resize/111 (3 ms)
[ RUN      ] Sz_Depth_Cn_Inter_Scale_Resize.Resize/112, where GetParam() = (1280x1024, CV_16U, Gray, INTER_LINEAR, 0.3)
[ PERFSTAT ]    (samples=13   mean=0.01   median=0.01   min=0.01   stddev=0.00 (2.4%))
[       OK ] Sz_Depth_Cn_Inter_Scale_Resize.Resize/112 (3 ms)
[ RUN      ] Sz_Depth_Cn_Inter_Scale_Resize.Resize/113, where GetParam() = (1280x1024, CV_16U, Gray, INTER_LINEAR, 2)
[ PERFSTAT ]    (samples=13   mean=0.06   median=0.06   min=0.06   stddev=0.00 (0.8%))
[       OK ] Sz_Depth_Cn_Inter_Scale_Resize.Resize/113 (5 ms)
[ RUN      ] Sz_Depth_Cn_Inter_Scale_Resize.Resize/114, where GetParam() = (1280x1024, CV_16U, Gray, INTER_CUBIC, 0.5)
[ PERFSTAT ]    (samples=13   mean=0.04   median=0.04   min=0.04   stddev=0.00 (1.7%))
[       OK ] Sz_Depth_Cn_Inter_Scale_Resize.Resize/114 (4 ms)
[ RUN      ] Sz_Depth_Cn_Inter_Scale_Resize.Resize/115, where GetParam() = (1280x1024, CV_16U, Gray, INTER_CUBIC, 0.3)
[ PERFSTAT ]    (samples=13   mean=0.02   median=0.02   min=0.02   stddev=0.00 (1.7%))
[       OK ] Sz_Depth_Cn_Inter_Scale_Resize.Resize/115 (3 ms)
[ RUN      ] Sz_Depth_Cn_Inter_Scale_Resize.Resize/116, where GetParam() = (1280x1024, CV_16U, Gray, INTER_CUBIC, 2)
[ PERFSTAT ]    (samples=13   mean=0.31   median=0.31   min=0.31   stddev=0.00 (0.2%))
[       OK ] Sz_Depth_Cn_Inter_Scale_Resize.Resize/116 (8 ms)
[ RUN      ] Sz_Depth_Cn_Inter_Scale_Resize.Resize/117, where GetParam() = (1280x1024, CV_16U, BGR, INTER_NEAREST, 0.5)
[ PERFSTAT ]    (samples=13   mean=0.01   median=0.01   min=0.01   stddev=0.00 (2.8%))
[       OK ] Sz_Depth_Cn_Inter_Scale_Resize.Resize/117 (7 ms)
[ RUN      ] Sz_Depth_Cn_Inter_Scale_Resize.Resize/118, where GetParam() = (1280x1024, CV_16U, BGR, INTER_NEAREST, 0.3)
[ PERFSTAT ]    (samples=13   mean=0.01   median=0.01   min=0.01   stddev=0.00 (1.6%))
[       OK ] Sz_Depth_Cn_Inter_Scale_Resize.Resize/118 (7 ms)
[ RUN      ] Sz_Depth_Cn_Inter_Scale_Resize.Resize/119, where GetParam() = (1280x1024, CV_16U, BGR, INTER_NEAREST, 2)
[ PERFSTAT ]    (samples=13   mean=0.06   median=0.06   min=0.06   stddev=0.00 (1.0%))
[       OK ] Sz_Depth_Cn_Inter_Scale_Resize.Resize/119 (12 ms)
[ RUN      ] Sz_Depth_Cn_Inter_Scale_Resize.Resize/120, where GetParam() = (1280x1024, CV_16U, BGR, INTER_LINEAR, 0.5)
[ PERFSTAT ]    (samples=13   mean=0.02   median=0.02   min=0.02   stddev=0.00 (1.6%))
[       OK ] Sz_Depth_Cn_Inter_Scale_Resize.Resize/120 (7 ms)
[ RUN      ] Sz_Depth_Cn_Inter_Scale_Resize.Resize/121, where GetParam() = (1280x1024, CV_16U, BGR, INTER_LINEAR, 0.3)
[ PERFSTAT ]    (samples=25   mean=0.01   median=0.01   min=0.01   stddev=0.00 (1.8%))
[       OK ] Sz_Depth_Cn_Inter_Scale_Resize.Resize/121 (7 ms)
[ RUN      ] Sz_Depth_Cn_Inter_Scale_Resize.Resize/122, where GetParam() = (1280x1024, CV_16U, BGR, INTER_LINEAR, 2)
[ PERFSTAT ]    (samples=13   mean=0.08   median=0.08   min=0.08   stddev=0.00 (0.3%))
[       OK ] Sz_Depth_Cn_Inter_Scale_Resize.Resize/122 (11 ms)
[ RUN      ] Sz_Depth_Cn_Inter_Scale_Resize.Resize/123, where GetParam() = (1280x1024, CV_16U, BGR, INTER_CUBIC, 0.5)
[ PERFSTAT ]    (samples=13   mean=0.04   median=0.04   min=0.04   stddev=0.00 (0.5%))
[       OK ] Sz_Depth_Cn_Inter_Scale_Resize.Resize/123 (8 ms)
[ RUN      ] Sz_Depth_Cn_Inter_Scale_Resize.Resize/124, where GetParam() = (1280x1024, CV_16U, BGR, INTER_CUBIC, 0.3)
[ PERFSTAT ]    (samples=25   mean=0.02   median=0.02   min=0.02   stddev=0.00 (0.9%))
[       OK ] Sz_Depth_Cn_Inter_Scale_Resize.Resize/124 (8 ms)
[ RUN      ] Sz_Depth_Cn_Inter_Scale_Resize.Resize/125, where GetParam() = (1280x1024, CV_16U, BGR, INTER_CUBIC, 2)
[ PERFSTAT ]    (samples=13   mean=0.43   median=0.43   min=0.43   stddev=0.00 (0.1%))
[       OK ] Sz_Depth_Cn_Inter_Scale_Resize.Resize/125 (15 ms)
[ RUN      ] Sz_Depth_Cn_Inter_Scale_Resize.Resize/126, where GetParam() = (1280x1024, CV_16U, BGRA, INTER_NEAREST, 0.5)
[ PERFSTAT ]    (samples=13   mean=0.01   median=0.01   min=0.01   stddev=0.00 (2.2%))
[       OK ] Sz_Depth_Cn_Inter_Scale_Resize.Resize/126 (10 ms)
[ RUN      ] Sz_Depth_Cn_Inter_Scale_Resize.Resize/127, where GetParam() = (1280x1024, CV_16U, BGRA, INTER_NEAREST, 0.3)
[ PERFSTAT ]    (samples=13   mean=0.01   median=0.01   min=0.01   stddev=0.00 (2.1%))
[       OK ] Sz_Depth_Cn_Inter_Scale_Resize.Resize/127 (9 ms)
[ RUN      ] Sz_Depth_Cn_Inter_Scale_Resize.Resize/128, where GetParam() = (1280x1024, CV_16U, BGRA, INTER_NEAREST, 2)
[ PERFSTAT ]    (samples=13   mean=0.06   median=0.06   min=0.05   stddev=0.00 (2.1%))
[       OK ] Sz_Depth_Cn_Inter_Scale_Resize.Resize/128 (17 ms)
[ RUN      ] Sz_Depth_Cn_Inter_Scale_Resize.Resize/129, where GetParam() = (1280x1024, CV_16U, BGRA, INTER_LINEAR, 0.5)
[ PERFSTAT ]    (samples=13   mean=0.02   median=0.02   min=0.02   stddev=0.00 (2.1%))
[       OK ] Sz_Depth_Cn_Inter_Scale_Resize.Resize/129 (10 ms)
[ RUN      ] Sz_Depth_Cn_Inter_Scale_Resize.Resize/130, where GetParam() = (1280x1024, CV_16U, BGRA, INTER_LINEAR, 0.3)
[ PERFSTAT ]    (samples=13   mean=0.01   median=0.01   min=0.01   stddev=0.00 (1.7%))
[       OK ] Sz_Depth_Cn_Inter_Scale_Resize.Resize/130 (9 ms)
[ RUN      ] Sz_Depth_Cn_Inter_Scale_Resize.Resize/131, where GetParam() = (1280x1024, CV_16U, BGRA, INTER_LINEAR, 2)
[ PERFSTAT ]    (samples=13   mean=0.10   median=0.10   min=0.10   stddev=0.00 (0.7%))
[       OK ] Sz_Depth_Cn_Inter_Scale_Resize.Resize/131 (18 ms)
[ RUN      ] Sz_Depth_Cn_Inter_Scale_Resize.Resize/132, where GetParam() = (1280x1024, CV_16U, BGRA, INTER_CUBIC, 0.5)
[ PERFSTAT ]    (samples=13   mean=0.07   median=0.07   min=0.07   stddev=0.00 (2.6%))
[       OK ] Sz_Depth_Cn_Inter_Scale_Resize.Resize/132 (11 ms)
[ RUN      ] Sz_Depth_Cn_Inter_Scale_Resize.Resize/133, where GetParam() = (1280x1024, CV_16U, BGRA, INTER_CUBIC, 0.3)
[ PERFSTAT ]    (samples=17   mean=0.03   median=0.03   min=0.03   stddev=0.00 (3.0%))
[       OK ] Sz_Depth_Cn_Inter_Scale_Resize.Resize/133 (9 ms)
[ RUN      ] Sz_Depth_Cn_Inter_Scale_Resize.Resize/134, where GetParam() = (1280x1024, CV_16U, BGRA, INTER_CUBIC, 2)
[ PERFSTAT ]    (samples=13   mean=0.50   median=0.50   min=0.50   stddev=0.00 (0.2%))
[       OK ] Sz_Depth_Cn_Inter_Scale_Resize.Resize/134 (23 ms)
[ RUN      ] Sz_Depth_Cn_Inter_Scale_Resize.Resize/135, where GetParam() = (1280x1024, CV_32F, Gray, INTER_NEAREST, 0.5)
[ PERFSTAT ]    (samples=13   mean=0.01   median=0.01   min=0.01   stddev=0.00 (2.8%))
[       OK ] Sz_Depth_Cn_Inter_Scale_Resize.Resize/135 (4 ms)
[ RUN      ] Sz_Depth_Cn_Inter_Scale_Resize.Resize/136, where GetParam() = (1280x1024, CV_32F, Gray, INTER_NEAREST, 0.3)
[ PERFSTAT ]    (samples=13   mean=0.01   median=0.01   min=0.01   stddev=0.00 (2.4%))
[       OK ] Sz_Depth_Cn_Inter_Scale_Resize.Resize/136 (3 ms)
[ RUN      ] Sz_Depth_Cn_Inter_Scale_Resize.Resize/137, where GetParam() = (1280x1024, CV_32F, Gray, INTER_NEAREST, 2)
[ PERFSTAT ]    (samples=13   mean=0.04   median=0.04   min=0.04   stddev=0.00 (2.0%))
[       OK ] Sz_Depth_Cn_Inter_Scale_Resize.Resize/137 (7 ms)
[ RUN      ] Sz_Depth_Cn_Inter_Scale_Resize.Resize/138, where GetParam() = (1280x1024, CV_32F, Gray, INTER_LINEAR, 0.5)
[ PERFSTAT ]    (samples=13   mean=0.01   median=0.01   min=0.01   stddev=0.00 (1.9%))
[       OK ] Sz_Depth_Cn_Inter_Scale_Resize.Resize/138 (4 ms)
[ RUN      ] Sz_Depth_Cn_Inter_Scale_Resize.Resize/139, where GetParam() = (1280x1024, CV_32F, Gray, INTER_LINEAR, 0.3)
[ PERFSTAT ]    (samples=13   mean=0.01   median=0.01   min=0.01   stddev=0.00 (1.7%))
[       OK ] Sz_Depth_Cn_Inter_Scale_Resize.Resize/139 (3 ms)
[ RUN      ] Sz_Depth_Cn_Inter_Scale_Resize.Resize/140, where GetParam() = (1280x1024, CV_32F, Gray, INTER_LINEAR, 2)
[ PERFSTAT ]    (samples=13   mean=0.07   median=0.07   min=0.07   stddev=0.00 (1.0%))
[       OK ] Sz_Depth_Cn_Inter_Scale_Resize.Resize/140 (7 ms)
[ RUN      ] Sz_Depth_Cn_Inter_Scale_Resize.Resize/141, where GetParam() = (1280x1024, CV_32F, Gray, INTER_CUBIC, 0.5)
[ PERFSTAT ]    (samples=17   mean=0.04   median=0.04   min=0.04   stddev=0.00 (3.0%))
[       OK ] Sz_Depth_Cn_Inter_Scale_Resize.Resize/141 (5 ms)
[ RUN      ] Sz_Depth_Cn_Inter_Scale_Resize.Resize/142, where GetParam() = (1280x1024, CV_32F, Gray, INTER_CUBIC, 0.3)
[ PERFSTAT ]    (samples=13   mean=0.03   median=0.03   min=0.03   stddev=0.00 (1.5%))
[       OK ] Sz_Depth_Cn_Inter_Scale_Resize.Resize/142 (3 ms)
[ RUN      ] Sz_Depth_Cn_Inter_Scale_Resize.Resize/143, where GetParam() = (1280x1024, CV_32F, Gray, INTER_CUBIC, 2)
[ PERFSTAT ]    (samples=13   mean=0.32   median=0.32   min=0.32   stddev=0.00 (0.1%))
[       OK ] Sz_Depth_Cn_Inter_Scale_Resize.Resize/143 (11 ms)
[ RUN      ] Sz_Depth_Cn_Inter_Scale_Resize.Resize/144, where GetParam() = (1280x1024, CV_32F, BGR, INTER_NEAREST, 0.5)
[ PERFSTAT ]    (samples=25   mean=0.02   median=0.02   min=0.01   stddev=0.00 (2.7%))
[       OK ] Sz_Depth_Cn_Inter_Scale_Resize.Resize/144 (9 ms)
[ RUN      ] Sz_Depth_Cn_Inter_Scale_Resize.Resize/145, where GetParam() = (1280x1024, CV_32F, BGR, INTER_NEAREST, 0.3)
[ PERFSTAT ]    (samples=13   mean=0.01   median=0.01   min=0.01   stddev=0.00 (2.5%))
[       OK ] Sz_Depth_Cn_Inter_Scale_Resize.Resize/145 (9 ms)
[ RUN      ] Sz_Depth_Cn_Inter_Scale_Resize.Resize/146, where GetParam() = (1280x1024, CV_32F, BGR, INTER_NEAREST, 2)
[ PERFSTAT ]    (samples=13   mean=0.07   median=0.07   min=0.07   stddev=0.00 (0.8%))
[       OK ] Sz_Depth_Cn_Inter_Scale_Resize.Resize/146 (25 ms)
[ RUN      ] Sz_Depth_Cn_Inter_Scale_Resize.Resize/147, where GetParam() = (1280x1024, CV_32F, BGR, INTER_LINEAR, 0.5)
[ PERFSTAT ]    (samples=13   mean=0.02   median=0.02   min=0.02   stddev=0.00 (2.4%))
[       OK ] Sz_Depth_Cn_Inter_Scale_Resize.Resize/147 (10 ms)
[ RUN      ] Sz_Depth_Cn_Inter_Scale_Resize.Resize/148, where GetParam() = (1280x1024, CV_32F, BGR, INTER_LINEAR, 0.3)
[ PERFSTAT ]    (samples=25   mean=0.01   median=0.01   min=0.01   stddev=0.00 (1.9%))
[       OK ] Sz_Depth_Cn_Inter_Scale_Resize.Resize/148 (9 ms)
[ RUN      ] Sz_Depth_Cn_Inter_Scale_Resize.Resize/149, where GetParam() = (1280x1024, CV_32F, BGR, INTER_LINEAR, 2)
[ PERFSTAT ]    (samples=16   mean=0.08   median=0.08   min=0.08   stddev=0.00 (3.0%))
[       OK ] Sz_Depth_Cn_Inter_Scale_Resize.Resize/149 (24 ms)
[ RUN      ] Sz_Depth_Cn_Inter_Scale_Resize.Resize/150, where GetParam() = (1280x1024, CV_32F, BGR, INTER_CUBIC, 0.5)
[ PERFSTAT ]    (samples=13   mean=0.04   median=0.04   min=0.04   stddev=0.00 (0.7%))
[       OK ] Sz_Depth_Cn_Inter_Scale_Resize.Resize/150 (10 ms)
[ RUN      ] Sz_Depth_Cn_Inter_Scale_Resize.Resize/151, where GetParam() = (1280x1024, CV_32F, BGR, INTER_CUBIC, 0.3)
[ PERFSTAT ]    (samples=13   mean=0.03   median=0.03   min=0.02   stddev=0.00 (1.1%))
[       OK ] Sz_Depth_Cn_Inter_Scale_Resize.Resize/151 (9 ms)
[ RUN      ] Sz_Depth_Cn_Inter_Scale_Resize.Resize/152, where GetParam() = (1280x1024, CV_32F, BGR, INTER_CUBIC, 2)
[ PERFSTAT ]    (samples=13   mean=0.41   median=0.41   min=0.41   stddev=0.00 (0.2%))
[       OK ] Sz_Depth_Cn_Inter_Scale_Resize.Resize/152 (28 ms)
[ RUN      ] Sz_Depth_Cn_Inter_Scale_Resize.Resize/153, where GetParam() = (1280x1024, CV_32F, BGRA, INTER_NEAREST, 0.5)
[ PERFSTAT ]    (samples=13   mean=0.02   median=0.02   min=0.02   stddev=0.00 (1.4%))
[       OK ] Sz_Depth_Cn_Inter_Scale_Resize.Resize/153 (13 ms)
[ RUN      ] Sz_Depth_Cn_Inter_Scale_Resize.Resize/154, where GetParam() = (1280x1024, CV_32F, BGRA, INTER_NEAREST, 0.3)
[ PERFSTAT ]    (samples=13   mean=0.01   median=0.01   min=0.01   stddev=0.00 (2.3%))
[       OK ] Sz_Depth_Cn_Inter_Scale_Resize.Resize/154 (12 ms)
[ RUN      ] Sz_Depth_Cn_Inter_Scale_Resize.Resize/155, where GetParam() = (1280x1024, CV_32F, BGRA, INTER_NEAREST, 2)
[ PERFSTAT ]    (samples=13   mean=0.10   median=0.10   min=0.10   stddev=0.00 (1.2%))
[       OK ] Sz_Depth_Cn_Inter_Scale_Resize.Resize/155 (32 ms)
[ RUN      ] Sz_Depth_Cn_Inter_Scale_Resize.Resize/156, where GetParam() = (1280x1024, CV_32F, BGRA, INTER_LINEAR, 0.5)
[ PERFSTAT ]    (samples=25   mean=0.02   median=0.02   min=0.02   stddev=0.00 (2.9%))
[       OK ] Sz_Depth_Cn_Inter_Scale_Resize.Resize/156 (12 ms)
[ RUN      ] Sz_Depth_Cn_Inter_Scale_Resize.Resize/157, where GetParam() = (1280x1024, CV_32F, BGRA, INTER_LINEAR, 0.3)
[ PERFSTAT ]    (samples=13   mean=0.01   median=0.01   min=0.01   stddev=0.00 (2.1%))
[       OK ] Sz_Depth_Cn_Inter_Scale_Resize.Resize/157 (12 ms)
[ RUN      ] Sz_Depth_Cn_Inter_Scale_Resize.Resize/158, where GetParam() = (1280x1024, CV_32F, BGRA, INTER_LINEAR, 2)
[ PERFSTAT ]    (samples=13   mean=0.11   median=0.11   min=0.11   stddev=0.00 (0.8%))
[       OK ] Sz_Depth_Cn_Inter_Scale_Resize.Resize/158 (33 ms)
[ RUN      ] Sz_Depth_Cn_Inter_Scale_Resize.Resize/159, where GetParam() = (1280x1024, CV_32F, BGRA, INTER_CUBIC, 0.5)
[ PERFSTAT ]    (samples=13   mean=0.11   median=0.11   min=0.10   stddev=0.00 (2.8%))
[       OK ] Sz_Depth_Cn_Inter_Scale_Resize.Resize/159 (13 ms)
[ RUN      ] Sz_Depth_Cn_Inter_Scale_Resize.Resize/160, where GetParam() = (1280x1024, CV_32F, BGRA, INTER_CUBIC, 0.3)
[ PERFSTAT ]    (samples=13   mean=0.04   median=0.04   min=0.04   stddev=0.00 (2.8%))
[       OK ] Sz_Depth_Cn_Inter_Scale_Resize.Resize/160 (12 ms)
[ RUN      ] Sz_Depth_Cn_Inter_Scale_Resize.Resize/161, where GetParam() = (1280x1024, CV_32F, BGRA, INTER_CUBIC, 2)
[ PERFSTAT ]    (samples=13   mean=0.57   median=0.57   min=0.56   stddev=0.00 (0.2%))
[       OK ] Sz_Depth_Cn_Inter_Scale_Resize.Resize/161 (39 ms)
[ RUN      ] Sz_Depth_Cn_Inter_Scale_Resize.Resize/162, where GetParam() = (1920x1080, CV_8U, Gray, INTER_NEAREST, 0.5)
[ PERFSTAT ]    (samples=13   mean=0.01   median=0.01   min=0.01   stddev=0.00 (2.6%))
[       OK ] Sz_Depth_Cn_Inter_Scale_Resize.Resize/162 (3 ms)
[ RUN      ] Sz_Depth_Cn_Inter_Scale_Resize.Resize/163, where GetParam() = (1920x1080, CV_8U, Gray, INTER_NEAREST, 0.3)
[ PERFSTAT ]    (samples=13   mean=0.01   median=0.01   min=0.01   stddev=0.00 (2.9%))
[       OK ] Sz_Depth_Cn_Inter_Scale_Resize.Resize/163 (3 ms)
[ RUN      ] Sz_Depth_Cn_Inter_Scale_Resize.Resize/164, where GetParam() = (1920x1080, CV_8U, Gray, INTER_NEAREST, 2)
[ PERFSTAT ]    (samples=25   mean=0.05   median=0.05   min=0.05   stddev=0.00 (0.6%))
[       OK ] Sz_Depth_Cn_Inter_Scale_Resize.Resize/164 (5 ms)
[ RUN      ] Sz_Depth_Cn_Inter_Scale_Resize.Resize/165, where GetParam() = (1920x1080, CV_8U, Gray, INTER_LINEAR, 0.5)
[ PERFSTAT ]    (samples=25   mean=0.02   median=0.02   min=0.02   stddev=0.00 (1.4%))
[       OK ] Sz_Depth_Cn_Inter_Scale_Resize.Resize/165 (2 ms)
[ RUN      ] Sz_Depth_Cn_Inter_Scale_Resize.Resize/166, where GetParam() = (1920x1080, CV_8U, Gray, INTER_LINEAR, 0.3)
[ PERFSTAT ]    (samples=13   mean=0.01   median=0.01   min=0.01   stddev=0.00 (1.9%))
[       OK ] Sz_Depth_Cn_Inter_Scale_Resize.Resize/166 (3 ms)
[ RUN      ] Sz_Depth_Cn_Inter_Scale_Resize.Resize/167, where GetParam() = (1920x1080, CV_8U, Gray, INTER_LINEAR, 2)
[ PERFSTAT ]    (samples=13   mean=0.09   median=0.09   min=0.09   stddev=0.00 (1.9%))
[       OK ] Sz_Depth_Cn_Inter_Scale_Resize.Resize/167 (4 ms)
[ RUN      ] Sz_Depth_Cn_Inter_Scale_Resize.Resize/168, where GetParam() = (1920x1080, CV_8U, Gray, INTER_CUBIC, 0.5)
[ PERFSTAT ]    (samples=13   mean=0.05   median=0.05   min=0.05   stddev=0.00 (0.9%))
[       OK ] Sz_Depth_Cn_Inter_Scale_Resize.Resize/168 (4 ms)
[ RUN      ] Sz_Depth_Cn_Inter_Scale_Resize.Resize/169, where GetParam() = (1920x1080, CV_8U, Gray, INTER_CUBIC, 0.3)
[ PERFSTAT ]    (samples=25   mean=0.03   median=0.03   min=0.03   stddev=0.00 (1.4%))
[       OK ] Sz_Depth_Cn_Inter_Scale_Resize.Resize/169 (3 ms)
[ RUN      ] Sz_Depth_Cn_Inter_Scale_Resize.Resize/170, where GetParam() = (1920x1080, CV_8U, Gray, INTER_CUBIC, 2)
[ PERFSTAT ]    (samples=13   mean=0.49   median=0.49   min=0.49   stddev=0.00 (0.3%))
[       OK ] Sz_Depth_Cn_Inter_Scale_Resize.Resize/170 (9 ms)
[ RUN      ] Sz_Depth_Cn_Inter_Scale_Resize.Resize/171, where GetParam() = (1920x1080, CV_8U, BGR, INTER_NEAREST, 0.5)
[ PERFSTAT ]    (samples=25   mean=0.01   median=0.01   min=0.01   stddev=0.00 (2.7%))
[       OK ] Sz_Depth_Cn_Inter_Scale_Resize.Resize/171 (6 ms)
[ RUN      ] Sz_Depth_Cn_Inter_Scale_Resize.Resize/172, where GetParam() = (1920x1080, CV_8U, BGR, INTER_NEAREST, 0.3)
[ PERFSTAT ]    (samples=13   mean=0.01   median=0.01   min=0.01   stddev=0.00 (1.8%))
[       OK ] Sz_Depth_Cn_Inter_Scale_Resize.Resize/172 (6 ms)
[ RUN      ] Sz_Depth_Cn_Inter_Scale_Resize.Resize/173, where GetParam() = (1920x1080, CV_8U, BGR, INTER_NEAREST, 2)
[ PERFSTAT ]    (samples=13   mean=0.06   median=0.06   min=0.06   stddev=0.00 (0.5%))
[       OK ] Sz_Depth_Cn_Inter_Scale_Resize.Resize/173 (9 ms)
[ RUN      ] Sz_Depth_Cn_Inter_Scale_Resize.Resize/174, where GetParam() = (1920x1080, CV_8U, BGR, INTER_LINEAR, 0.5)
[ PERFSTAT ]    (samples=25   mean=0.02   median=0.02   min=0.02   stddev=0.00 (1.4%))
[       OK ] Sz_Depth_Cn_Inter_Scale_Resize.Resize/174 (6 ms)
[ RUN      ] Sz_Depth_Cn_Inter_Scale_Resize.Resize/175, where GetParam() = (1920x1080, CV_8U, BGR, INTER_LINEAR, 0.3)
[ PERFSTAT ]    (samples=13   mean=0.01   median=0.01   min=0.01   stddev=0.00 (1.2%))
[       OK ] Sz_Depth_Cn_Inter_Scale_Resize.Resize/175 (6 ms)
[ RUN      ] Sz_Depth_Cn_Inter_Scale_Resize.Resize/176, where GetParam() = (1920x1080, CV_8U, BGR, INTER_LINEAR, 2)
[ PERFSTAT ]    (samples=13   mean=0.12   median=0.12   min=0.12   stddev=0.00 (0.4%))
[       OK ] Sz_Depth_Cn_Inter_Scale_Resize.Resize/176 (10 ms)
[ RUN      ] Sz_Depth_Cn_Inter_Scale_Resize.Resize/177, where GetParam() = (1920x1080, CV_8U, BGR, INTER_CUBIC, 0.5)
[ PERFSTAT ]    (samples=13   mean=0.06   median=0.06   min=0.06   stddev=0.00 (0.5%))
[       OK ] Sz_Depth_Cn_Inter_Scale_Resize.Resize/177 (6 ms)
[ RUN      ] Sz_Depth_Cn_Inter_Scale_Resize.Resize/178, where GetParam() = (1920x1080, CV_8U, BGR, INTER_CUBIC, 0.3)
[ PERFSTAT ]    (samples=13   mean=0.03   median=0.03   min=0.03   stddev=0.00 (1.3%))
[       OK ] Sz_Depth_Cn_Inter_Scale_Resize.Resize/178 (6 ms)
[ RUN      ] Sz_Depth_Cn_Inter_Scale_Resize.Resize/179, where GetParam() = (1920x1080, CV_8U, BGR, INTER_CUBIC, 2)
[ PERFSTAT ]    (samples=13   mean=0.67   median=0.67   min=0.67   stddev=0.00 (0.1%))
[       OK ] Sz_Depth_Cn_Inter_Scale_Resize.Resize/179 (17 ms)
[ RUN      ] Sz_Depth_Cn_Inter_Scale_Resize.Resize/180, where GetParam() = (1920x1080, CV_8U, BGRA, INTER_NEAREST, 0.5)
[ PERFSTAT ]    (samples=13   mean=0.01   median=0.01   min=0.01   stddev=0.00 (1.6%))
[       OK ] Sz_Depth_Cn_Inter_Scale_Resize.Resize/180 (8 ms)
[ RUN      ] Sz_Depth_Cn_Inter_Scale_Resize.Resize/181, where GetParam() = (1920x1080, CV_8U, BGRA, INTER_NEAREST, 0.3)
[ PERFSTAT ]    (samples=13   mean=0.01   median=0.01   min=0.01   stddev=0.00 (2.4%))
[       OK ] Sz_Depth_Cn_Inter_Scale_Resize.Resize/181 (7 ms)
[ RUN      ] Sz_Depth_Cn_Inter_Scale_Resize.Resize/182, where GetParam() = (1920x1080, CV_8U, BGRA, INTER_NEAREST, 2)
[ PERFSTAT ]    (samples=13   mean=0.07   median=0.07   min=0.07   stddev=0.00 (0.8%))
[       OK ] Sz_Depth_Cn_Inter_Scale_Resize.Resize/182 (12 ms)
[ RUN      ] Sz_Depth_Cn_Inter_Scale_Resize.Resize/183, where GetParam() = (1920x1080, CV_8U, BGRA, INTER_LINEAR, 0.5)
[ PERFSTAT ]    (samples=13   mean=0.02   median=0.02   min=0.02   stddev=0.00 (1.4%))
[       OK ] Sz_Depth_Cn_Inter_Scale_Resize.Resize/183 (8 ms)
[ RUN      ] Sz_Depth_Cn_Inter_Scale_Resize.Resize/184, where GetParam() = (1920x1080, CV_8U, BGRA, INTER_LINEAR, 0.3)
[ PERFSTAT ]    (samples=13   mean=0.01   median=0.01   min=0.01   stddev=0.00 (1.3%))
[       OK ] Sz_Depth_Cn_Inter_Scale_Resize.Resize/184 (7 ms)
[ RUN      ] Sz_Depth_Cn_Inter_Scale_Resize.Resize/185, where GetParam() = (1920x1080, CV_8U, BGRA, INTER_LINEAR, 2)
[ PERFSTAT ]    (samples=13   mean=0.15   median=0.15   min=0.15   stddev=0.00 (0.5%))
[       OK ] Sz_Depth_Cn_Inter_Scale_Resize.Resize/185 (13 ms)
[ RUN      ] Sz_Depth_Cn_Inter_Scale_Resize.Resize/186, where GetParam() = (1920x1080, CV_8U, BGRA, INTER_CUBIC, 0.5)
[ PERFSTAT ]    (samples=13   mean=0.07   median=0.07   min=0.07   stddev=0.00 (1.1%))
[       OK ] Sz_Depth_Cn_Inter_Scale_Resize.Resize/186 (8 ms)
[ RUN      ] Sz_Depth_Cn_Inter_Scale_Resize.Resize/187, where GetParam() = (1920x1080, CV_8U, BGRA, INTER_CUBIC, 0.3)
[ PERFSTAT ]    (samples=13   mean=0.04   median=0.04   min=0.03   stddev=0.00 (1.4%))
[       OK ] Sz_Depth_Cn_Inter_Scale_Resize.Resize/187 (8 ms)
[ RUN      ] Sz_Depth_Cn_Inter_Scale_Resize.Resize/188, where GetParam() = (1920x1080, CV_8U, BGRA, INTER_CUBIC, 2)
[ PERFSTAT ]    (samples=13   mean=0.80   median=0.80   min=0.80   stddev=0.00 (0.1%))
[       OK ] Sz_Depth_Cn_Inter_Scale_Resize.Resize/188 (21 ms)
[ RUN      ] Sz_Depth_Cn_Inter_Scale_Resize.Resize/189, where GetParam() = (1920x1080, CV_16U, Gray, INTER_NEAREST, 0.5)
[ PERFSTAT ]    (samples=25   mean=0.01   median=0.01   min=0.01   stddev=0.00 (1.8%))
[       OK ] Sz_Depth_Cn_Inter_Scale_Resize.Resize/189 (4 ms)
[ RUN      ] Sz_Depth_Cn_Inter_Scale_Resize.Resize/190, where GetParam() = (1920x1080, CV_16U, Gray, INTER_NEAREST, 0.3)
[ PERFSTAT ]    (samples=13   mean=0.01   median=0.01   min=0.01   stddev=0.00 (2.2%))
[       OK ] Sz_Depth_Cn_Inter_Scale_Resize.Resize/190 (5 ms)
[ RUN      ] Sz_Depth_Cn_Inter_Scale_Resize.Resize/191, where GetParam() = (1920x1080, CV_16U, Gray, INTER_NEAREST, 2)
[ PERFSTAT ]    (samples=25   mean=0.05   median=0.05   min=0.05   stddev=0.00 (1.8%))
[       OK ] Sz_Depth_Cn_Inter_Scale_Resize.Resize/191 (6 ms)
[ RUN      ] Sz_Depth_Cn_Inter_Scale_Resize.Resize/192, where GetParam() = (1920x1080, CV_16U, Gray, INTER_LINEAR, 0.5)
[ PERFSTAT ]    (samples=13   mean=0.02   median=0.02   min=0.02   stddev=0.00 (2.1%))
[       OK ] Sz_Depth_Cn_Inter_Scale_Resize.Resize/192 (5 ms)
[ RUN      ] Sz_Depth_Cn_Inter_Scale_Resize.Resize/193, where GetParam() = (1920x1080, CV_16U, Gray, INTER_LINEAR, 0.3)
[ PERFSTAT ]    (samples=13   mean=0.01   median=0.01   min=0.01   stddev=0.00 (2.4%))
[       OK ] Sz_Depth_Cn_Inter_Scale_Resize.Resize/193 (4 ms)
[ RUN      ] Sz_Depth_Cn_Inter_Scale_Resize.Resize/194, where GetParam() = (1920x1080, CV_16U, Gray, INTER_LINEAR, 2)
[ PERFSTAT ]    (samples=13   mean=0.09   median=0.09   min=0.09   stddev=0.00 (1.3%))
[       OK ] Sz_Depth_Cn_Inter_Scale_Resize.Resize/194 (7 ms)
[ RUN      ] Sz_Depth_Cn_Inter_Scale_Resize.Resize/195, where GetParam() = (1920x1080, CV_16U, Gray, INTER_CUBIC, 0.5)
[ PERFSTAT ]    (samples=13   mean=0.05   median=0.05   min=0.05   stddev=0.00 (1.4%))
[       OK ] Sz_Depth_Cn_Inter_Scale_Resize.Resize/195 (5 ms)
[ RUN      ] Sz_Depth_Cn_Inter_Scale_Resize.Resize/196, where GetParam() = (1920x1080, CV_16U, Gray, INTER_CUBIC, 0.3)
[ PERFSTAT ]    (samples=13   mean=0.03   median=0.03   min=0.03   stddev=0.00 (0.9%))
[       OK ] Sz_Depth_Cn_Inter_Scale_Resize.Resize/196 (4 ms)
[ RUN      ] Sz_Depth_Cn_Inter_Scale_Resize.Resize/197, where GetParam() = (1920x1080, CV_16U, Gray, INTER_CUBIC, 2)
[ PERFSTAT ]    (samples=13   mean=0.49   median=0.49   min=0.49   stddev=0.00 (0.2%))
[       OK ] Sz_Depth_Cn_Inter_Scale_Resize.Resize/197 (12 ms)
[ RUN      ] Sz_Depth_Cn_Inter_Scale_Resize.Resize/198, where GetParam() = (1920x1080, CV_16U, BGR, INTER_NEAREST, 0.5)
[ PERFSTAT ]    (samples=25   mean=0.02   median=0.02   min=0.02   stddev=0.00 (1.7%))
[       OK ] Sz_Depth_Cn_Inter_Scale_Resize.Resize/198 (12 ms)
[ RUN      ] Sz_Depth_Cn_Inter_Scale_Resize.Resize/199, where GetParam() = (1920x1080, CV_16U, BGR, INTER_NEAREST, 0.3)
[ PERFSTAT ]    (samples=13   mean=0.01   median=0.01   min=0.01   stddev=0.00 (3.0%))
[       OK ] Sz_Depth_Cn_Inter_Scale_Resize.Resize/199 (11 ms)
[ RUN      ] Sz_Depth_Cn_Inter_Scale_Resize.Resize/200, where GetParam() = (1920x1080, CV_16U, BGR, INTER_NEAREST, 2)
[ PERFSTAT ]    (samples=13   mean=0.09   median=0.09   min=0.09   stddev=0.00 (0.8%))
[       OK ] Sz_Depth_Cn_Inter_Scale_Resize.Resize/200 (21 ms)
[ RUN      ] Sz_Depth_Cn_Inter_Scale_Resize.Resize/201, where GetParam() = (1920x1080, CV_16U, BGR, INTER_LINEAR, 0.5)
[ PERFSTAT ]    (samples=13   mean=0.02   median=0.02   min=0.02   stddev=0.00 (1.6%))
[       OK ] Sz_Depth_Cn_Inter_Scale_Resize.Resize/201 (12 ms)
[ RUN      ] Sz_Depth_Cn_Inter_Scale_Resize.Resize/202, where GetParam() = (1920x1080, CV_16U, BGR, INTER_LINEAR, 0.3)
[ PERFSTAT ]    (samples=13   mean=0.02   median=0.02   min=0.02   stddev=0.00 (2.5%))
[       OK ] Sz_Depth_Cn_Inter_Scale_Resize.Resize/202 (11 ms)
[ RUN      ] Sz_Depth_Cn_Inter_Scale_Resize.Resize/203, where GetParam() = (1920x1080, CV_16U, BGR, INTER_LINEAR, 2)
[ PERFSTAT ]    (samples=13   mean=0.13   median=0.13   min=0.12   stddev=0.00 (1.1%))
[       OK ] Sz_Depth_Cn_Inter_Scale_Resize.Resize/203 (21 ms)
[ RUN      ] Sz_Depth_Cn_Inter_Scale_Resize.Resize/204, where GetParam() = (1920x1080, CV_16U, BGR, INTER_CUBIC, 0.5)
[ PERFSTAT ]    (samples=13   mean=0.06   median=0.06   min=0.06   stddev=0.00 (1.0%))
[       OK ] Sz_Depth_Cn_Inter_Scale_Resize.Resize/204 (13 ms)
[ RUN      ] Sz_Depth_Cn_Inter_Scale_Resize.Resize/205, where GetParam() = (1920x1080, CV_16U, BGR, INTER_CUBIC, 0.3)
[ PERFSTAT ]    (samples=13   mean=0.03   median=0.03   min=0.03   stddev=0.00 (0.7%))
[       OK ] Sz_Depth_Cn_Inter_Scale_Resize.Resize/205 (12 ms)
[ RUN      ] Sz_Depth_Cn_Inter_Scale_Resize.Resize/206, where GetParam() = (1920x1080, CV_16U, BGR, INTER_CUBIC, 2)
[ PERFSTAT ]    (samples=13   mean=0.67   median=0.67   min=0.67   stddev=0.02 (2.5%))
[       OK ] Sz_Depth_Cn_Inter_Scale_Resize.Resize/206 (28 ms)
[ RUN      ] Sz_Depth_Cn_Inter_Scale_Resize.Resize/207, where GetParam() = (1920x1080, CV_16U, BGRA, INTER_NEAREST, 0.5)
[ PERFSTAT ]    (samples=13   mean=0.01   median=0.01   min=0.01   stddev=0.00 (2.3%))
[       OK ] Sz_Depth_Cn_Inter_Scale_Resize.Resize/207 (16 ms)
[ RUN      ] Sz_Depth_Cn_Inter_Scale_Resize.Resize/208, where GetParam() = (1920x1080, CV_16U, BGRA, INTER_NEAREST, 0.3)
[ PERFSTAT ]    (samples=87   mean=0.01   median=0.01   min=0.01   stddev=0.00 (3.0%))
[       OK ] Sz_Depth_Cn_Inter_Scale_Resize.Resize/208 (16 ms)
[ RUN      ] Sz_Depth_Cn_Inter_Scale_Resize.Resize/209, where GetParam() = (1920x1080, CV_16U, BGRA, INTER_NEAREST, 2)
[ PERFSTAT ]    (samples=13   mean=0.08   median=0.08   min=0.08   stddev=0.00 (1.6%))
[       OK ] Sz_Depth_Cn_Inter_Scale_Resize.Resize/209 (28 ms)
[ RUN      ] Sz_Depth_Cn_Inter_Scale_Resize.Resize/210, where GetParam() = (1920x1080, CV_16U, BGRA, INTER_LINEAR, 0.5)
[ PERFSTAT ]    (samples=13   mean=0.02   median=0.02   min=0.02   stddev=0.00 (1.6%))
[       OK ] Sz_Depth_Cn_Inter_Scale_Resize.Resize/210 (15 ms)
[ RUN      ] Sz_Depth_Cn_Inter_Scale_Resize.Resize/211, where GetParam() = (1920x1080, CV_16U, BGRA, INTER_LINEAR, 0.3)
[ PERFSTAT ]    (samples=13   mean=0.02   median=0.02   min=0.01   stddev=0.00 (2.1%))
[       OK ] Sz_Depth_Cn_Inter_Scale_Resize.Resize/211 (15 ms)
[ RUN      ] Sz_Depth_Cn_Inter_Scale_Resize.Resize/212, where GetParam() = (1920x1080, CV_16U, BGRA, INTER_LINEAR, 2)
[ PERFSTAT ]    (samples=13   mean=0.15   median=0.15   min=0.15   stddev=0.00 (0.5%))
[       OK ] Sz_Depth_Cn_Inter_Scale_Resize.Resize/212 (28 ms)
[ RUN      ] Sz_Depth_Cn_Inter_Scale_Resize.Resize/213, where GetParam() = (1920x1080, CV_16U, BGRA, INTER_CUBIC, 0.5)
[ PERFSTAT ]    (samples=13   mean=0.09   median=0.09   min=0.09   stddev=0.00 (2.5%))
[       OK ] Sz_Depth_Cn_Inter_Scale_Resize.Resize/213 (17 ms)
[ RUN      ] Sz_Depth_Cn_Inter_Scale_Resize.Resize/214, where GetParam() = (1920x1080, CV_16U, BGRA, INTER_CUBIC, 0.3)
[ PERFSTAT ]    (samples=13   mean=0.04   median=0.04   min=0.04   stddev=0.00 (1.8%))
[       OK ] Sz_Depth_Cn_Inter_Scale_Resize.Resize/214 (16 ms)
[ RUN      ] Sz_Depth_Cn_Inter_Scale_Resize.Resize/215, where GetParam() = (1920x1080, CV_16U, BGRA, INTER_CUBIC, 2)
[ PERFSTAT ]    (samples=13   mean=0.78   median=0.78   min=0.78   stddev=0.00 (0.1%))
[       OK ] Sz_Depth_Cn_Inter_Scale_Resize.Resize/215 (37 ms)
[ RUN      ] Sz_Depth_Cn_Inter_Scale_Resize.Resize/216, where GetParam() = (1920x1080, CV_32F, Gray, INTER_NEAREST, 0.5)
[ PERFSTAT ]    (samples=13   mean=0.01   median=0.01   min=0.01   stddev=0.00 (2.1%))
[       OK ] Sz_Depth_Cn_Inter_Scale_Resize.Resize/216 (5 ms)
[ RUN      ] Sz_Depth_Cn_Inter_Scale_Resize.Resize/217, where GetParam() = (1920x1080, CV_32F, Gray, INTER_NEAREST, 0.3)
[ PERFSTAT ]    (samples=13   mean=0.01   median=0.01   min=0.01   stddev=0.00 (2.1%))
[       OK ] Sz_Depth_Cn_Inter_Scale_Resize.Resize/217 (4 ms)
[ RUN      ] Sz_Depth_Cn_Inter_Scale_Resize.Resize/218, where GetParam() = (1920x1080, CV_32F, Gray, INTER_NEAREST, 2)
[ PERFSTAT ]    (samples=13   mean=0.07   median=0.07   min=0.07   stddev=0.00 (1.2%))
[       OK ] Sz_Depth_Cn_Inter_Scale_Resize.Resize/218 (10 ms)
[ RUN      ] Sz_Depth_Cn_Inter_Scale_Resize.Resize/219, where GetParam() = (1920x1080, CV_32F, Gray, INTER_LINEAR, 0.5)
[ PERFSTAT ]    (samples=45   mean=0.01   median=0.01   min=0.01   stddev=0.00 (3.0%))
[       OK ] Sz_Depth_Cn_Inter_Scale_Resize.Resize/219 (6 ms)
[ RUN      ] Sz_Depth_Cn_Inter_Scale_Resize.Resize/220, where GetParam() = (1920x1080, CV_32F, Gray, INTER_LINEAR, 0.3)
[ PERFSTAT ]    (samples=13   mean=0.01   median=0.01   min=0.01   stddev=0.00 (2.7%))
[       OK ] Sz_Depth_Cn_Inter_Scale_Resize.Resize/220 (4 ms)
[ RUN      ] Sz_Depth_Cn_Inter_Scale_Resize.Resize/221, where GetParam() = (1920x1080, CV_32F, Gray, INTER_LINEAR, 2)
[ PERFSTAT ]    (samples=13   mean=0.12   median=0.12   min=0.12   stddev=0.00 (0.6%))
[       OK ] Sz_Depth_Cn_Inter_Scale_Resize.Resize/221 (11 ms)
[ RUN      ] Sz_Depth_Cn_Inter_Scale_Resize.Resize/222, where GetParam() = (1920x1080, CV_32F, Gray, INTER_CUBIC, 0.5)
[ PERFSTAT ]    (samples=25   mean=0.05   median=0.05   min=0.05   stddev=0.00 (2.4%))
[       OK ] Sz_Depth_Cn_Inter_Scale_Resize.Resize/222 (6 ms)
[ RUN      ] Sz_Depth_Cn_Inter_Scale_Resize.Resize/223, where GetParam() = (1920x1080, CV_32F, Gray, INTER_CUBIC, 0.3)
[ PERFSTAT ]    (samples=13   mean=0.03   median=0.03   min=0.03   stddev=0.00 (1.3%))
[       OK ] Sz_Depth_Cn_Inter_Scale_Resize.Resize/223 (5 ms)
[ RUN      ] Sz_Depth_Cn_Inter_Scale_Resize.Resize/224, where GetParam() = (1920x1080, CV_32F, Gray, INTER_CUBIC, 2)
[ PERFSTAT ]    (samples=13   mean=0.54   median=0.54   min=0.54   stddev=0.00 (0.2%))
[       OK ] Sz_Depth_Cn_Inter_Scale_Resize.Resize/224 (17 ms)
[ RUN      ] Sz_Depth_Cn_Inter_Scale_Resize.Resize/225, where GetParam() = (1920x1080, CV_32F, BGR, INTER_NEAREST, 0.5)
[ PERFSTAT ]    (samples=13   mean=0.02   median=0.02   min=0.02   stddev=0.00 (2.1%))
[       OK ] Sz_Depth_Cn_Inter_Scale_Resize.Resize/225 (14 ms)
[ RUN      ] Sz_Depth_Cn_Inter_Scale_Resize.Resize/226, where GetParam() = (1920x1080, CV_32F, BGR, INTER_NEAREST, 0.3)
[ PERFSTAT ]    (samples=13   mean=0.01   median=0.01   min=0.01   stddev=0.00 (2.4%))
[       OK ] Sz_Depth_Cn_Inter_Scale_Resize.Resize/226 (14 ms)
[ RUN      ] Sz_Depth_Cn_Inter_Scale_Resize.Resize/227, where GetParam() = (1920x1080, CV_32F, BGR, INTER_NEAREST, 2)
[ PERFSTAT ]    (samples=13   mean=0.11   median=0.11   min=0.11   stddev=0.00 (1.6%))
[       OK ] Sz_Depth_Cn_Inter_Scale_Resize.Resize/227 (37 ms)
[ RUN      ] Sz_Depth_Cn_Inter_Scale_Resize.Resize/228, where GetParam() = (1920x1080, CV_32F, BGR, INTER_LINEAR, 0.5)
[ PERFSTAT ]    (samples=25   mean=0.02   median=0.02   min=0.02   stddev=0.00 (2.2%))
[       OK ] Sz_Depth_Cn_Inter_Scale_Resize.Resize/228 (15 ms)
[ RUN      ] Sz_Depth_Cn_Inter_Scale_Resize.Resize/229, where GetParam() = (1920x1080, CV_32F, BGR, INTER_LINEAR, 0.3)
[ PERFSTAT ]    (samples=13   mean=0.02   median=0.02   min=0.02   stddev=0.00 (1.7%))
[       OK ] Sz_Depth_Cn_Inter_Scale_Resize.Resize/229 (14 ms)
[ RUN      ] Sz_Depth_Cn_Inter_Scale_Resize.Resize/230, where GetParam() = (1920x1080, CV_32F, BGR, INTER_LINEAR, 2)
[ PERFSTAT ]    (samples=13   mean=0.12   median=0.12   min=0.11   stddev=0.00 (0.4%))
[       OK ] Sz_Depth_Cn_Inter_Scale_Resize.Resize/230 (37 ms)
[ RUN      ] Sz_Depth_Cn_Inter_Scale_Resize.Resize/231, where GetParam() = (1920x1080, CV_32F, BGR, INTER_CUBIC, 0.5)
[ PERFSTAT ]    (samples=13   mean=0.06   median=0.06   min=0.06   stddev=0.00 (1.1%))
[       OK ] Sz_Depth_Cn_Inter_Scale_Resize.Resize/231 (15 ms)
[ RUN      ] Sz_Depth_Cn_Inter_Scale_Resize.Resize/232, where GetParam() = (1920x1080, CV_32F, BGR, INTER_CUBIC, 0.3)
[ PERFSTAT ]    (samples=13   mean=0.03   median=0.03   min=0.03   stddev=0.00 (1.2%))
[       OK ] Sz_Depth_Cn_Inter_Scale_Resize.Resize/232 (15 ms)
[ RUN      ] Sz_Depth_Cn_Inter_Scale_Resize.Resize/233, where GetParam() = (1920x1080, CV_32F, BGR, INTER_CUBIC, 2)
[ PERFSTAT ]    (samples=13   mean=0.64   median=0.64   min=0.64   stddev=0.00 (0.1%))
[       OK ] Sz_Depth_Cn_Inter_Scale_Resize.Resize/233 (44 ms)
[ RUN      ] Sz_Depth_Cn_Inter_Scale_Resize.Resize/234, where GetParam() = (1920x1080, CV_32F, BGRA, INTER_NEAREST, 0.5)
[ PERFSTAT ]    (samples=25   mean=0.02   median=0.02   min=0.02   stddev=0.00 (1.6%))
[       OK ] Sz_Depth_Cn_Inter_Scale_Resize.Resize/234 (18 ms)
[ RUN      ] Sz_Depth_Cn_Inter_Scale_Resize.Resize/235, where GetParam() = (1920x1080, CV_32F, BGRA, INTER_NEAREST, 0.3)
[ PERFSTAT ]    (samples=13   mean=0.01   median=0.01   min=0.01   stddev=0.00 (3.0%))
[       OK ] Sz_Depth_Cn_Inter_Scale_Resize.Resize/235 (18 ms)
[ RUN      ] Sz_Depth_Cn_Inter_Scale_Resize.Resize/236, where GetParam() = (1920x1080, CV_32F, BGRA, INTER_NEAREST, 2)
[ PERFSTAT ]    (samples=13   mean=0.15   median=0.15   min=0.15   stddev=0.00 (0.7%))
[       OK ] Sz_Depth_Cn_Inter_Scale_Resize.Resize/236 (50 ms)
[ RUN      ] Sz_Depth_Cn_Inter_Scale_Resize.Resize/237, where GetParam() = (1920x1080, CV_32F, BGRA, INTER_LINEAR, 0.5)
[ PERFSTAT ]    (samples=25   mean=0.04   median=0.04   min=0.04   stddev=0.00 (2.2%))
[       OK ] Sz_Depth_Cn_Inter_Scale_Resize.Resize/237 (20 ms)
[ RUN      ] Sz_Depth_Cn_Inter_Scale_Resize.Resize/238, where GetParam() = (1920x1080, CV_32F, BGRA, INTER_LINEAR, 0.3)
[ PERFSTAT ]    (samples=15   mean=0.02   median=0.02   min=0.02   stddev=0.00 (2.9%))
[       OK ] Sz_Depth_Cn_Inter_Scale_Resize.Resize/238 (17 ms)
[ RUN      ] Sz_Depth_Cn_Inter_Scale_Resize.Resize/239, where GetParam() = (1920x1080, CV_32F, BGRA, INTER_LINEAR, 2)
[ PERFSTAT ]    (samples=13   mean=0.16   median=0.16   min=0.16   stddev=0.00 (0.9%))
[       OK ] Sz_Depth_Cn_Inter_Scale_Resize.Resize/239 (49 ms)
[ RUN      ] Sz_Depth_Cn_Inter_Scale_Resize.Resize/240, where GetParam() = (1920x1080, CV_32F, BGRA, INTER_CUBIC, 0.5)
[ PERFSTAT ]    (samples=13   mean=0.17   median=0.17   min=0.17   stddev=0.00 (1.5%))
[       OK ] Sz_Depth_Cn_Inter_Scale_Resize.Resize/240 (21 ms)
[ RUN      ] Sz_Depth_Cn_Inter_Scale_Resize.Resize/241, where GetParam() = (1920x1080, CV_32F, BGRA, INTER_CUBIC, 0.3)
[ PERFSTAT ]    (samples=13   mean=0.06   median=0.06   min=0.06   stddev=0.00 (1.8%))
[       OK ] Sz_Depth_Cn_Inter_Scale_Resize.Resize/241 (19 ms)
[ RUN      ] Sz_Depth_Cn_Inter_Scale_Resize.Resize/242, where GetParam() = (1920x1080, CV_32F, BGRA, INTER_CUBIC, 2)
[ PERFSTAT ]    (samples=13   mean=0.88   median=0.88   min=0.88   stddev=0.00 (0.2%))
[       OK ] Sz_Depth_Cn_Inter_Scale_Resize.Resize/242 (59 ms)
[----------] 243 tests from Sz_Depth_Cn_Inter_Scale_Resize (2400 ms total)

[----------] 54 tests from Sz_Depth_Cn_Inter_Scale_ResizeLanczos
[ RUN      ] Sz_Depth_Cn_Inter_Scale_ResizeLanczos.ResizeLanczos/0, where GetParam() = (1280x720, CV_8U, Gray, UNKNOWN, 0.5)
[ PERFSTAT ]    (samples=13   mean=0.17   median=0.17   min=0.17   stddev=0.00 (0.2%))
[       OK ] Sz_Depth_Cn_Inter_Scale_ResizeLanczos.ResizeLanczos/0 (6 ms)
[ RUN      ] Sz_Depth_Cn_Inter_Scale_ResizeLanczos.ResizeLanczos/1, where GetParam() = (1280x720, CV_8U, Gray, UNKNOWN, 1.5)
[ PERFSTAT ]    (samples=13   mean=1.12   median=1.12   min=1.12   stddev=0.00 (0.1%))
[       OK ] Sz_Depth_Cn_Inter_Scale_ResizeLanczos.ResizeLanczos/1 (17 ms)
[ RUN      ] Sz_Depth_Cn_Inter_Scale_ResizeLanczos.ResizeLanczos/2, where GetParam() = (1280x720, CV_8U, Gray, UNKNOWN, 2)
[ PERFSTAT ]    (samples=11   mean=2.00   median=1.98   min=1.97   stddev=0.06 (2.9%))
[       OK ] Sz_Depth_Cn_Inter_Scale_ResizeLanczos.ResizeLanczos/2 (24 ms)
[ RUN      ] Sz_Depth_Cn_Inter_Scale_ResizeLanczos.ResizeLanczos/3, where GetParam() = (1280x720, CV_8U, BGR, UNKNOWN, 0.5)
[ PERFSTAT ]    (samples=13   mean=0.20   median=0.20   min=0.20   stddev=0.00 (0.2%))
[       OK ] Sz_Depth_Cn_Inter_Scale_ResizeLanczos.ResizeLanczos/3 (6 ms)
[ RUN      ] Sz_Depth_Cn_Inter_Scale_ResizeLanczos.ResizeLanczos/4, where GetParam() = (1280x720, CV_8U, BGR, UNKNOWN, 1.5)
[ PERFSTAT ]    (samples=13   mean=1.53   median=1.53   min=1.53   stddev=0.00 (0.1%))
[       OK ] Sz_Depth_Cn_Inter_Scale_ResizeLanczos.ResizeLanczos/4 (24 ms)
[ RUN      ] Sz_Depth_Cn_Inter_Scale_ResizeLanczos.ResizeLanczos/5, where GetParam() = (1280x720, CV_8U, BGR, UNKNOWN, 2)
[ PERFSTAT ]    (samples=10   mean=2.73   median=2.71   min=2.71   stddev=0.06 (2.3%))
[       OK ] Sz_Depth_Cn_Inter_Scale_ResizeLanczos.ResizeLanczos/5 (33 ms)
[ RUN      ] Sz_Depth_Cn_Inter_Scale_ResizeLanczos.ResizeLanczos/6, where GetParam() = (1280x720, CV_8U, BGRA, UNKNOWN, 0.5)
[ PERFSTAT ]    (samples=13   mean=0.21   median=0.21   min=0.21   stddev=0.00 (0.3%))
[       OK ] Sz_Depth_Cn_Inter_Scale_ResizeLanczos.ResizeLanczos/6 (7 ms)
[ RUN      ] Sz_Depth_Cn_Inter_Scale_ResizeLanczos.ResizeLanczos/7, where GetParam() = (1280x720, CV_8U, BGRA, UNKNOWN, 1.5)
[ PERFSTAT ]    (samples=10   mean=4.57   median=4.53   min=4.53   stddev=0.09 (2.0%))
[       OK ] Sz_Depth_Cn_Inter_Scale_ResizeLanczos.ResizeLanczos/7 (51 ms)
[ RUN      ] Sz_Depth_Cn_Inter_Scale_ResizeLanczos.ResizeLanczos/8, where GetParam() = (1280x720, CV_8U, BGRA, UNKNOWN, 2)
[ PERFSTAT ]    (samples=88   mean=6.25   median=6.24   min=6.18   stddev=0.07 (1.1%))
[       OK ] Sz_Depth_Cn_Inter_Scale_ResizeLanczos.ResizeLanczos/8 (571 ms)
[ RUN      ] Sz_Depth_Cn_Inter_Scale_ResizeLanczos.ResizeLanczos/9, where GetParam() = (1280x720, CV_32F, Gray, UNKNOWN, 0.5)
[ PERFSTAT ]    (samples=13   mean=0.13   median=0.13   min=0.13   stddev=0.00 (0.3%))
[       OK ] Sz_Depth_Cn_Inter_Scale_ResizeLanczos.ResizeLanczos/9 (4 ms)
[ RUN      ] Sz_Depth_Cn_Inter_Scale_ResizeLanczos.ResizeLanczos/10, where GetParam() = (1280x720, CV_32F, Gray, UNKNOWN, 1.5)
[ PERFSTAT ]    (samples=13   mean=0.86   median=0.86   min=0.86   stddev=0.00 (0.1%))
[       OK ] Sz_Depth_Cn_Inter_Scale_ResizeLanczos.ResizeLanczos/10 (16 ms)
[ RUN      ] Sz_Depth_Cn_Inter_Scale_ResizeLanczos.ResizeLanczos/11, where GetParam() = (1280x720, CV_32F, Gray, UNKNOWN, 2)
[ PERFSTAT ]    (samples=13   mean=1.52   median=1.52   min=1.52   stddev=0.00 (0.1%))
[       OK ] Sz_Depth_Cn_Inter_Scale_ResizeLanczos.ResizeLanczos/11 (28 ms)
[ RUN      ] Sz_Depth_Cn_Inter_Scale_ResizeLanczos.ResizeLanczos/12, where GetParam() = (1280x720, CV_32F, BGR, UNKNOWN, 0.5)
[ PERFSTAT ]    (samples=13   mean=0.15   median=0.15   min=0.15   stddev=0.00 (0.5%))
[       OK ] Sz_Depth_Cn_Inter_Scale_ResizeLanczos.ResizeLanczos/12 (8 ms)
[ RUN      ] Sz_Depth_Cn_Inter_Scale_ResizeLanczos.ResizeLanczos/13, where GetParam() = (1280x720, CV_32F, BGR, UNKNOWN, 1.5)
[ PERFSTAT ]    (samples=13   mean=1.09   median=1.09   min=1.09   stddev=0.00 (0.1%))
[       OK ] Sz_Depth_Cn_Inter_Scale_ResizeLanczos.ResizeLanczos/13 (31 ms)
[ RUN      ] Sz_Depth_Cn_Inter_Scale_ResizeLanczos.ResizeLanczos/14, where GetParam() = (1280x720, CV_32F, BGR, UNKNOWN, 2)
[ PERFSTAT ]    (samples=13   mean=1.93   median=1.93   min=1.93   stddev=0.00 (0.0%))
[       OK ] Sz_Depth_Cn_Inter_Scale_ResizeLanczos.ResizeLanczos/14 (50 ms)
[ RUN      ] Sz_Depth_Cn_Inter_Scale_ResizeLanczos.ResizeLanczos/15, where GetParam() = (1280x720, CV_32F, BGRA, UNKNOWN, 0.5)
[ PERFSTAT ]    (samples=13   mean=0.15   median=0.15   min=0.15   stddev=0.00 (0.4%))
[       OK ] Sz_Depth_Cn_Inter_Scale_ResizeLanczos.ResizeLanczos/15 (11 ms)
[ RUN      ] Sz_Depth_Cn_Inter_Scale_ResizeLanczos.ResizeLanczos/16, where GetParam() = (1280x720, CV_32F, BGRA, UNKNOWN, 1.5)
[ PERFSTAT ]    (samples=13   mean=3.71   median=3.71   min=3.71   stddev=0.01 (0.2%))
[       OK ] Sz_Depth_Cn_Inter_Scale_ResizeLanczos.ResizeLanczos/16 (70 ms)
[ RUN      ] Sz_Depth_Cn_Inter_Scale_ResizeLanczos.ResizeLanczos/17, where GetParam() = (1280x720, CV_32F, BGRA, UNKNOWN, 2)
[ PERFSTAT ]    (samples=10   mean=6.57   median=6.52   min=6.51   stddev=0.16 (2.5%))
[       OK ] Sz_Depth_Cn_Inter_Scale_ResizeLanczos.ResizeLanczos/17 (100 ms)
[ RUN      ] Sz_Depth_Cn_Inter_Scale_ResizeLanczos.ResizeLanczos/18, where GetParam() = (1280x1024, CV_8U, Gray, UNKNOWN, 0.5)
[ PERFSTAT ]    (samples=13   mean=0.17   median=0.17   min=0.17   stddev=0.00 (0.2%))
[       OK ] Sz_Depth_Cn_Inter_Scale_ResizeLanczos.ResizeLanczos/18 (4 ms)
[ RUN      ] Sz_Depth_Cn_Inter_Scale_ResizeLanczos.ResizeLanczos/19, where GetParam() = (1280x1024, CV_8U, Gray, UNKNOWN, 1.5)
[ PERFSTAT ]    (samples=13   mean=1.23   median=1.23   min=1.23   stddev=0.00 (0.1%))
[       OK ] Sz_Depth_Cn_Inter_Scale_ResizeLanczos.ResizeLanczos/19 (19 ms)
[ RUN      ] Sz_Depth_Cn_Inter_Scale_ResizeLanczos.ResizeLanczos/20, where GetParam() = (1280x1024, CV_8U, Gray, UNKNOWN, 2)
[ PERFSTAT ]    (samples=10   mean=2.19   median=2.17   min=2.17   stddev=0.06 (2.8%))
[       OK ] Sz_Depth_Cn_Inter_Scale_ResizeLanczos.ResizeLanczos/20 (26 ms)
[ RUN      ] Sz_Depth_Cn_Inter_Scale_ResizeLanczos.ResizeLanczos/21, where GetParam() = (1280x1024, CV_8U, BGR, UNKNOWN, 0.5)
[ PERFSTAT ]    (samples=13   mean=0.21   median=0.21   min=0.21   stddev=0.00 (0.3%))
[       OK ] Sz_Depth_Cn_Inter_Scale_ResizeLanczos.ResizeLanczos/21 (7 ms)
[ RUN      ] Sz_Depth_Cn_Inter_Scale_ResizeLanczos.ResizeLanczos/22, where GetParam() = (1280x1024, CV_8U, BGR, UNKNOWN, 1.5)
[ PERFSTAT ]    (samples=13   mean=1.69   median=1.69   min=1.68   stddev=0.00 (0.0%))
[       OK ] Sz_Depth_Cn_Inter_Scale_ResizeLanczos.ResizeLanczos/22 (30 ms)
[ RUN      ] Sz_Depth_Cn_Inter_Scale_ResizeLanczos.ResizeLanczos/23, where GetParam() = (1280x1024, CV_8U, BGR, UNKNOWN, 2)
[ PERFSTAT ]    (samples=13   mean=2.98   median=2.98   min=2.98   stddev=0.00 (0.0%))
[       OK ] Sz_Depth_Cn_Inter_Scale_ResizeLanczos.ResizeLanczos/23 (49 ms)
[ RUN      ] Sz_Depth_Cn_Inter_Scale_ResizeLanczos.ResizeLanczos/24, where GetParam() = (1280x1024, CV_8U, BGRA, UNKNOWN, 0.5)
[ PERFSTAT ]    (samples=13   mean=0.21   median=0.21   min=0.21   stddev=0.00 (0.2%))
[       OK ] Sz_Depth_Cn_Inter_Scale_ResizeLanczos.ResizeLanczos/24 (8 ms)
[ RUN      ] Sz_Depth_Cn_Inter_Scale_ResizeLanczos.ResizeLanczos/25, where GetParam() = (1280x1024, CV_8U, BGRA, UNKNOWN, 1.5)
[ PERFSTAT ]    (samples=10   mean=5.03   median=5.00   min=5.00   stddev=0.10 (1.9%))
[       OK ] Sz_Depth_Cn_Inter_Scale_ResizeLanczos.ResizeLanczos/25 (59 ms)
[ RUN      ] Sz_Depth_Cn_Inter_Scale_ResizeLanczos.ResizeLanczos/26, where GetParam() = (1280x1024, CV_8U, BGRA, UNKNOWN, 2)
[ PERFSTAT ]    (samples=10   mean=8.94   median=8.90   min=8.89   stddev=0.13 (1.5%))
[       OK ] Sz_Depth_Cn_Inter_Scale_ResizeLanczos.ResizeLanczos/26 (102 ms)
[ RUN      ] Sz_Depth_Cn_Inter_Scale_ResizeLanczos.ResizeLanczos/27, where GetParam() = (1280x1024, CV_32F, Gray, UNKNOWN, 0.5)
[ PERFSTAT ]    (samples=13   mean=0.17   median=0.17   min=0.17   stddev=0.00 (0.3%))
[       OK ] Sz_Depth_Cn_Inter_Scale_ResizeLanczos.ResizeLanczos/27 (6 ms)
[ RUN      ] Sz_Depth_Cn_Inter_Scale_ResizeLanczos.ResizeLanczos/28, where GetParam() = (1280x1024, CV_32F, Gray, UNKNOWN, 1.5)
[ PERFSTAT ]    (samples=13   mean=1.22   median=1.22   min=1.22   stddev=0.00 (0.1%))
[       OK ] Sz_Depth_Cn_Inter_Scale_ResizeLanczos.ResizeLanczos/28 (23 ms)
[ RUN      ] Sz_Depth_Cn_Inter_Scale_ResizeLanczos.ResizeLanczos/29, where GetParam() = (1280x1024, CV_32F, Gray, UNKNOWN, 2)
[ PERFSTAT ]    (samples=13   mean=2.17   median=2.17   min=2.17   stddev=0.00 (0.1%))
[       OK ] Sz_Depth_Cn_Inter_Scale_ResizeLanczos.ResizeLanczos/29 (38 ms)
[ RUN      ] Sz_Depth_Cn_Inter_Scale_ResizeLanczos.ResizeLanczos/30, where GetParam() = (1280x1024, CV_32F, BGR, UNKNOWN, 0.5)
[ PERFSTAT ]    (samples=13   mean=0.19   median=0.19   min=0.19   stddev=0.00 (0.2%))
[       OK ] Sz_Depth_Cn_Inter_Scale_ResizeLanczos.ResizeLanczos/30 (13 ms)
[ RUN      ] Sz_Depth_Cn_Inter_Scale_ResizeLanczos.ResizeLanczos/31, where GetParam() = (1280x1024, CV_32F, BGR, UNKNOWN, 1.5)
[ PERFSTAT ]    (samples=13   mean=1.55   median=1.55   min=1.55   stddev=0.00 (0.0%))
[       OK ] Sz_Depth_Cn_Inter_Scale_ResizeLanczos.ResizeLanczos/31 (43 ms)
[ RUN      ] Sz_Depth_Cn_Inter_Scale_ResizeLanczos.ResizeLanczos/32, where GetParam() = (1280x1024, CV_32F, BGR, UNKNOWN, 2)
[ PERFSTAT ]    (samples=13   mean=2.73   median=2.73   min=2.73   stddev=0.00 (0.0%))
[       OK ] Sz_Depth_Cn_Inter_Scale_ResizeLanczos.ResizeLanczos/32 (73 ms)
[ RUN      ] Sz_Depth_Cn_Inter_Scale_ResizeLanczos.ResizeLanczos/33, where GetParam() = (1280x1024, CV_32F, BGRA, UNKNOWN, 0.5)
[ PERFSTAT ]    (samples=13   mean=0.20   median=0.20   min=0.20   stddev=0.00 (0.2%))
[       OK ] Sz_Depth_Cn_Inter_Scale_ResizeLanczos.ResizeLanczos/33 (16 ms)
[ RUN      ] Sz_Depth_Cn_Inter_Scale_ResizeLanczos.ResizeLanczos/34, where GetParam() = (1280x1024, CV_32F, BGRA, UNKNOWN, 1.5)
[ PERFSTAT ]    (samples=12   mean=5.29   median=5.24   min=5.24   stddev=0.16 (2.9%))
[       OK ] Sz_Depth_Cn_Inter_Scale_ResizeLanczos.ResizeLanczos/34 (96 ms)
[ RUN      ] Sz_Depth_Cn_Inter_Scale_ResizeLanczos.ResizeLanczos/35, where GetParam() = (1280x1024, CV_32F, BGRA, UNKNOWN, 2)
[ PERFSTAT ]    (samples=10   mean=9.29   median=9.24   min=9.23   stddev=0.16 (1.8%))
[       OK ] Sz_Depth_Cn_Inter_Scale_ResizeLanczos.ResizeLanczos/35 (141 ms)
[ RUN      ] Sz_Depth_Cn_Inter_Scale_ResizeLanczos.ResizeLanczos/36, where GetParam() = (1920x1080, CV_8U, Gray, UNKNOWN, 0.5)
[ PERFSTAT ]    (samples=13   mean=0.26   median=0.26   min=0.26   stddev=0.00 (0.2%))
[       OK ] Sz_Depth_Cn_Inter_Scale_ResizeLanczos.ResizeLanczos/36 (7 ms)
[ RUN      ] Sz_Depth_Cn_Inter_Scale_ResizeLanczos.ResizeLanczos/37, where GetParam() = (1920x1080, CV_8U, Gray, UNKNOWN, 1.5)
[ PERFSTAT ]    (samples=13   mean=1.94   median=1.94   min=1.93   stddev=0.00 (0.0%))
[       OK ] Sz_Depth_Cn_Inter_Scale_ResizeLanczos.ResizeLanczos/37 (29 ms)
[ RUN      ] Sz_Depth_Cn_Inter_Scale_ResizeLanczos.ResizeLanczos/38, where GetParam() = (1920x1080, CV_8U, Gray, UNKNOWN, 2)
[ PERFSTAT ]    (samples=10   mean=3.44   median=3.42   min=3.42   stddev=0.07 (1.9%))
[       OK ] Sz_Depth_Cn_Inter_Scale_ResizeLanczos.ResizeLanczos/38 (39 ms)
[ RUN      ] Sz_Depth_Cn_Inter_Scale_ResizeLanczos.ResizeLanczos/39, where GetParam() = (1920x1080, CV_8U, BGR, UNKNOWN, 0.5)
[ PERFSTAT ]    (samples=13   mean=0.32   median=0.32   min=0.31   stddev=0.00 (0.2%))
[       OK ] Sz_Depth_Cn_Inter_Scale_ResizeLanczos.ResizeLanczos/39 (10 ms)
[ RUN      ] Sz_Depth_Cn_Inter_Scale_ResizeLanczos.ResizeLanczos/40, where GetParam() = (1920x1080, CV_8U, BGR, UNKNOWN, 1.5)
[ PERFSTAT ]    (samples=13   mean=2.66   median=2.66   min=2.66   stddev=0.00 (0.0%))
[       OK ] Sz_Depth_Cn_Inter_Scale_ResizeLanczos.ResizeLanczos/40 (44 ms)
[ RUN      ] Sz_Depth_Cn_Inter_Scale_ResizeLanczos.ResizeLanczos/41, where GetParam() = (1920x1080, CV_8U, BGR, UNKNOWN, 2)
[ PERFSTAT ]    (samples=13   mean=4.71   median=4.71   min=4.71   stddev=0.00 (0.0%))
[       OK ] Sz_Depth_Cn_Inter_Scale_ResizeLanczos.ResizeLanczos/41 (76 ms)
[ RUN      ] Sz_Depth_Cn_Inter_Scale_ResizeLanczos.ResizeLanczos/42, where GetParam() = (1920x1080, CV_8U, BGRA, UNKNOWN, 0.5)
[ PERFSTAT ]    (samples=13   mean=0.33   median=0.33   min=0.32   stddev=0.00 (0.2%))
[       OK ] Sz_Depth_Cn_Inter_Scale_ResizeLanczos.ResizeLanczos/42 (12 ms)
[ RUN      ] Sz_Depth_Cn_Inter_Scale_ResizeLanczos.ResizeLanczos/43, where GetParam() = (1920x1080, CV_8U, BGRA, UNKNOWN, 1.5)
[ PERFSTAT ]    (samples=10   mean=8.01   median=7.97   min=7.97   stddev=0.13 (1.7%))
[       OK ] Sz_Depth_Cn_Inter_Scale_ResizeLanczos.ResizeLanczos/43 (92 ms)
[ RUN      ] Sz_Depth_Cn_Inter_Scale_ResizeLanczos.ResizeLanczos/44, where GetParam() = (1920x1080, CV_8U, BGRA, UNKNOWN, 2)
[ PERFSTAT ]    (samples=10   mean=14.13   median=14.08   min=14.08   stddev=0.14 (1.0%))
[       OK ] Sz_Depth_Cn_Inter_Scale_ResizeLanczos.ResizeLanczos/44 (160 ms)
[ RUN      ] Sz_Depth_Cn_Inter_Scale_ResizeLanczos.ResizeLanczos/45, where GetParam() = (1920x1080, CV_32F, Gray, UNKNOWN, 0.5)
[ PERFSTAT ]    (samples=13   mean=0.25   median=0.25   min=0.25   stddev=0.00 (0.4%))
[       OK ] Sz_Depth_Cn_Inter_Scale_ResizeLanczos.ResizeLanczos/45 (9 ms)
[ RUN      ] Sz_Depth_Cn_Inter_Scale_ResizeLanczos.ResizeLanczos/46, where GetParam() = (1920x1080, CV_32F, Gray, UNKNOWN, 1.5)
[ PERFSTAT ]    (samples=13   mean=1.95   median=1.95   min=1.95   stddev=0.00 (0.1%))
[       OK ] Sz_Depth_Cn_Inter_Scale_ResizeLanczos.ResizeLanczos/46 (38 ms)
[ RUN      ] Sz_Depth_Cn_Inter_Scale_ResizeLanczos.ResizeLanczos/47, where GetParam() = (1920x1080, CV_32F, Gray, UNKNOWN, 2)
[ PERFSTAT ]    (samples=13   mean=3.47   median=3.47   min=3.47   stddev=0.01 (0.2%))
[       OK ] Sz_Depth_Cn_Inter_Scale_ResizeLanczos.ResizeLanczos/47 (64 ms)
[ RUN      ] Sz_Depth_Cn_Inter_Scale_ResizeLanczos.ResizeLanczos/48, where GetParam() = (1920x1080, CV_32F, BGR, UNKNOWN, 0.5)
[ PERFSTAT ]    (samples=13   mean=0.31   median=0.31   min=0.30   stddev=0.00 (0.6%))
[       OK ] Sz_Depth_Cn_Inter_Scale_ResizeLanczos.ResizeLanczos/48 (21 ms)
[ RUN      ] Sz_Depth_Cn_Inter_Scale_ResizeLanczos.ResizeLanczos/49, where GetParam() = (1920x1080, CV_32F, BGR, UNKNOWN, 1.5)
[ PERFSTAT ]    (samples=13   mean=2.45   median=2.45   min=2.44   stddev=0.00 (0.0%))
[       OK ] Sz_Depth_Cn_Inter_Scale_ResizeLanczos.ResizeLanczos/49 (69 ms)
[ RUN      ] Sz_Depth_Cn_Inter_Scale_ResizeLanczos.ResizeLanczos/50, where GetParam() = (1920x1080, CV_32F, BGR, UNKNOWN, 2)
[ PERFSTAT ]    (samples=13   mean=4.31   median=4.31   min=4.31   stddev=0.00 (0.0%))
[       OK ] Sz_Depth_Cn_Inter_Scale_ResizeLanczos.ResizeLanczos/50 (114 ms)
[ RUN      ] Sz_Depth_Cn_Inter_Scale_ResizeLanczos.ResizeLanczos/51, where GetParam() = (1920x1080, CV_32F, BGRA, UNKNOWN, 0.5)
[ PERFSTAT ]    (samples=13   mean=0.31   median=0.31   min=0.31   stddev=0.00 (0.2%))
[       OK ] Sz_Depth_Cn_Inter_Scale_ResizeLanczos.ResizeLanczos/51 (25 ms)
[ RUN      ] Sz_Depth_Cn_Inter_Scale_ResizeLanczos.ResizeLanczos/52, where GetParam() = (1920x1080, CV_32F, BGRA, UNKNOWN, 1.5)
[ PERFSTAT ]    (samples=10   mean=8.34   median=8.29   min=8.28   stddev=0.18 (2.1%))
[       OK ] Sz_Depth_Cn_Inter_Scale_ResizeLanczos.ResizeLanczos/52 (133 ms)
[ RUN      ] Sz_Depth_Cn_Inter_Scale_ResizeLanczos.ResizeLanczos/53, where GetParam() = (1920x1080, CV_32F, BGRA, UNKNOWN, 2)
[ PERFSTAT ]    (samples=10   mean=14.65   median=14.58   min=14.57   stddev=0.17 (1.2%))
[       OK ] Sz_Depth_Cn_Inter_Scale_ResizeLanczos.ResizeLanczos/53 (223 ms)
[----------] 54 tests from Sz_Depth_Cn_Inter_Scale_ResizeLanczos (2975 ms total)

[----------] 81 tests from Sz_Depth_Cn_Scale_ResizeArea
[ RUN      ] Sz_Depth_Cn_Scale_ResizeArea.ResizeArea/0, where GetParam() = (1280x720, CV_8U, Gray, 0.2)
[ PERFSTAT ]    (samples=19   mean=0.01   median=0.01   min=0.01   stddev=0.00 (3.0%))
[       OK ] Sz_Depth_Cn_Scale_ResizeArea.ResizeArea/0 (3 ms)
[ RUN      ] Sz_Depth_Cn_Scale_ResizeArea.ResizeArea/1, where GetParam() = (1280x720, CV_8U, Gray, 0.1)
[ PERFSTAT ]    (samples=13   mean=0.02   median=0.02   min=0.02   stddev=0.00 (0.8%))
[       OK ] Sz_Depth_Cn_Scale_ResizeArea.ResizeArea/1 (2 ms)
[ RUN      ] Sz_Depth_Cn_Scale_ResizeArea.ResizeArea/2, where GetParam() = (1280x720, CV_8U, Gray, 0.05)
[ PERFSTAT ]    (samples=13   mean=0.03   median=0.03   min=0.03   stddev=0.00 (1.2%))
[       OK ] Sz_Depth_Cn_Scale_ResizeArea.ResizeArea/2 (1 ms)
[ RUN      ] Sz_Depth_Cn_Scale_ResizeArea.ResizeArea/3, where GetParam() = (1280x720, CV_8U, BGR, 0.2)
[ PERFSTAT ]    (samples=13   mean=0.01   median=0.01   min=0.01   stddev=0.00 (2.8%))
[       OK ] Sz_Depth_Cn_Scale_ResizeArea.ResizeArea/3 (4 ms)
[ RUN      ] Sz_Depth_Cn_Scale_ResizeArea.ResizeArea/4, where GetParam() = (1280x720, CV_8U, BGR, 0.1)
[ PERFSTAT ]    (samples=13   mean=0.02   median=0.02   min=0.02   stddev=0.00 (1.2%))
[       OK ] Sz_Depth_Cn_Scale_ResizeArea.ResizeArea/4 (3 ms)
[ RUN      ] Sz_Depth_Cn_Scale_ResizeArea.ResizeArea/5, where GetParam() = (1280x720, CV_8U, BGR, 0.05)
[ PERFSTAT ]    (samples=13   mean=0.05   median=0.05   min=0.05   stddev=0.00 (2.4%))
[       OK ] Sz_Depth_Cn_Scale_ResizeArea.ResizeArea/5 (4 ms)
[ RUN      ] Sz_Depth_Cn_Scale_ResizeArea.ResizeArea/6, where GetParam() = (1280x720, CV_8U, BGRA, 0.2)
[ PERFSTAT ]    (samples=13   mean=0.02   median=0.02   min=0.02   stddev=0.00 (2.7%))
[       OK ] Sz_Depth_Cn_Scale_ResizeArea.ResizeArea/6 (3 ms)
[ RUN      ] Sz_Depth_Cn_Scale_ResizeArea.ResizeArea/7, where GetParam() = (1280x720, CV_8U, BGRA, 0.1)
[ PERFSTAT ]    (samples=13   mean=0.02   median=0.02   min=0.02   stddev=0.00 (1.3%))
[       OK ] Sz_Depth_Cn_Scale_ResizeArea.ResizeArea/7 (4 ms)
[ RUN      ] Sz_Depth_Cn_Scale_ResizeArea.ResizeArea/8, where GetParam() = (1280x720, CV_8U, BGRA, 0.05)
[ PERFSTAT ]    (samples=13   mean=0.05   median=0.05   min=0.05   stddev=0.00 (1.2%))
[       OK ] Sz_Depth_Cn_Scale_ResizeArea.ResizeArea/8 (5 ms)
[ RUN      ] Sz_Depth_Cn_Scale_ResizeArea.ResizeArea/9, where GetParam() = (1280x720, CV_16U, Gray, 0.2)
[ PERFSTAT ]    (samples=13   mean=0.01   median=0.01   min=0.01   stddev=0.00 (2.0%))
[       OK ] Sz_Depth_Cn_Scale_ResizeArea.ResizeArea/9 (2 ms)
[ RUN      ] Sz_Depth_Cn_Scale_ResizeArea.ResizeArea/10, where GetParam() = (1280x720, CV_16U, Gray, 0.1)
[ PERFSTAT ]    (samples=13   mean=0.02   median=0.02   min=0.02   stddev=0.00 (1.4%))
[       OK ] Sz_Depth_Cn_Scale_ResizeArea.ResizeArea/10 (2 ms)
[ RUN      ] Sz_Depth_Cn_Scale_ResizeArea.ResizeArea/11, where GetParam() = (1280x720, CV_16U, Gray, 0.05)
[ PERFSTAT ]    (samples=13   mean=0.03   median=0.03   min=0.03   stddev=0.00 (0.9%))
[       OK ] Sz_Depth_Cn_Scale_ResizeArea.ResizeArea/11 (2 ms)
[ RUN      ] Sz_Depth_Cn_Scale_ResizeArea.ResizeArea/12, where GetParam() = (1280x720, CV_16U, BGR, 0.2)
[ PERFSTAT ]    (samples=13   mean=0.01   median=0.01   min=0.01   stddev=0.00 (2.1%))
[       OK ] Sz_Depth_Cn_Scale_ResizeArea.ResizeArea/12 (6 ms)
[ RUN      ] Sz_Depth_Cn_Scale_ResizeArea.ResizeArea/13, where GetParam() = (1280x720, CV_16U, BGR, 0.1)
[ PERFSTAT ]    (samples=13   mean=0.02   median=0.02   min=0.02   stddev=0.00 (1.0%))
[       OK ] Sz_Depth_Cn_Scale_ResizeArea.ResizeArea/13 (5 ms)
[ RUN      ] Sz_Depth_Cn_Scale_ResizeArea.ResizeArea/14, where GetParam() = (1280x720, CV_16U, BGR, 0.05)
[ PERFSTAT ]    (samples=13   mean=0.08   median=0.08   min=0.08   stddev=0.00 (0.5%))
[       OK ] Sz_Depth_Cn_Scale_ResizeArea.ResizeArea/14 (6 ms)
[ RUN      ] Sz_Depth_Cn_Scale_ResizeArea.ResizeArea/15, where GetParam() = (1280x720, CV_16U, BGRA, 0.2)
[ PERFSTAT ]    (samples=13   mean=0.02   median=0.02   min=0.02   stddev=0.00 (2.3%))
[       OK ] Sz_Depth_Cn_Scale_ResizeArea.ResizeArea/15 (7 ms)
[ RUN      ] Sz_Depth_Cn_Scale_ResizeArea.ResizeArea/16, where GetParam() = (1280x720, CV_16U, BGRA, 0.1)
[ PERFSTAT ]    (samples=13   mean=0.03   median=0.03   min=0.03   stddev=0.00 (1.2%))
[       OK ] Sz_Depth_Cn_Scale_ResizeArea.ResizeArea/16 (7 ms)
[ RUN      ] Sz_Depth_Cn_Scale_ResizeArea.ResizeArea/17, where GetParam() = (1280x720, CV_16U, BGRA, 0.05)
[ PERFSTAT ]    (samples=13   mean=0.06   median=0.06   min=0.06   stddev=0.00 (0.5%))
[       OK ] Sz_Depth_Cn_Scale_ResizeArea.ResizeArea/17 (7 ms)
[ RUN      ] Sz_Depth_Cn_Scale_ResizeArea.ResizeArea/18, where GetParam() = (1280x720, CV_32F, Gray, 0.2)
[ PERFSTAT ]    (samples=13   mean=0.01   median=0.01   min=0.01   stddev=0.00 (2.3%))
[       OK ] Sz_Depth_Cn_Scale_ResizeArea.ResizeArea/18 (2 ms)
[ RUN      ] Sz_Depth_Cn_Scale_ResizeArea.ResizeArea/19, where GetParam() = (1280x720, CV_32F, Gray, 0.1)
[ PERFSTAT ]    (samples=13   mean=0.02   median=0.02   min=0.02   stddev=0.00 (1.6%))
[       OK ] Sz_Depth_Cn_Scale_ResizeArea.ResizeArea/19 (3 ms)
[ RUN      ] Sz_Depth_Cn_Scale_ResizeArea.ResizeArea/20, where GetParam() = (1280x720, CV_32F, Gray, 0.05)
[ PERFSTAT ]    (samples=13   mean=0.03   median=0.03   min=0.03   stddev=0.00 (1.2%))
[       OK ] Sz_Depth_Cn_Scale_ResizeArea.ResizeArea/20 (3 ms)
[ RUN      ] Sz_Depth_Cn_Scale_ResizeArea.ResizeArea/21, where GetParam() = (1280x720, CV_32F, BGR, 0.2)
[ PERFSTAT ]    (samples=13   mean=0.02   median=0.02   min=0.02   stddev=0.00 (1.7%))
[       OK ] Sz_Depth_Cn_Scale_ResizeArea.ResizeArea/21 (5 ms)
[ RUN      ] Sz_Depth_Cn_Scale_ResizeArea.ResizeArea/22, where GetParam() = (1280x720, CV_32F, BGR, 0.1)
[ PERFSTAT ]    (samples=13   mean=0.03   median=0.03   min=0.03   stddev=0.00 (0.8%))
[       OK ] Sz_Depth_Cn_Scale_ResizeArea.ResizeArea/22 (6 ms)
[ RUN      ] Sz_Depth_Cn_Scale_ResizeArea.ResizeArea/23, where GetParam() = (1280x720, CV_32F, BGR, 0.05)
[ PERFSTAT ]    (samples=13   mean=0.08   median=0.08   min=0.08   stddev=0.00 (2.0%))
[       OK ] Sz_Depth_Cn_Scale_ResizeArea.ResizeArea/23 (7 ms)
[ RUN      ] Sz_Depth_Cn_Scale_ResizeArea.ResizeArea/24, where GetParam() = (1280x720, CV_32F, BGRA, 0.2)
[ PERFSTAT ]    (samples=34   mean=0.02   median=0.02   min=0.01   stddev=0.00 (3.0%))
[       OK ] Sz_Depth_Cn_Scale_ResizeArea.ResizeArea/24 (8 ms)
[ RUN      ] Sz_Depth_Cn_Scale_ResizeArea.ResizeArea/25, where GetParam() = (1280x720, CV_32F, BGRA, 0.1)
[ PERFSTAT ]    (samples=18   mean=0.02   median=0.02   min=0.02   stddev=0.00 (3.0%))
[       OK ] Sz_Depth_Cn_Scale_ResizeArea.ResizeArea/25 (8 ms)
[ RUN      ] Sz_Depth_Cn_Scale_ResizeArea.ResizeArea/26, where GetParam() = (1280x720, CV_32F, BGRA, 0.05)
[ PERFSTAT ]    (samples=13   mean=0.07   median=0.07   min=0.07   stddev=0.00 (0.7%))
[       OK ] Sz_Depth_Cn_Scale_ResizeArea.ResizeArea/26 (9 ms)
[ RUN      ] Sz_Depth_Cn_Scale_ResizeArea.ResizeArea/27, where GetParam() = (1280x1024, CV_8U, Gray, 0.2)
[ PERFSTAT ]    (samples=13   mean=0.01   median=0.01   min=0.01   stddev=0.00 (1.7%))
[       OK ] Sz_Depth_Cn_Scale_ResizeArea.ResizeArea/27 (2 ms)
[ RUN      ] Sz_Depth_Cn_Scale_ResizeArea.ResizeArea/28, where GetParam() = (1280x1024, CV_8U, Gray, 0.1)
[ PERFSTAT ]    (samples=13   mean=0.02   median=0.02   min=0.01   stddev=0.00 (2.1%))
[       OK ] Sz_Depth_Cn_Scale_ResizeArea.ResizeArea/28 (6 ms)
[ RUN      ] Sz_Depth_Cn_Scale_ResizeArea.ResizeArea/29, where GetParam() = (1280x1024, CV_8U, Gray, 0.05)
[ PERFSTAT ]    (samples=13   mean=0.03   median=0.03   min=0.03   stddev=0.00 (1.3%))
[       OK ] Sz_Depth_Cn_Scale_ResizeArea.ResizeArea/29 (2 ms)
[ RUN      ] Sz_Depth_Cn_Scale_ResizeArea.ResizeArea/30, where GetParam() = (1280x1024, CV_8U, BGR, 0.2)
[ PERFSTAT ]    (samples=13   mean=0.01   median=0.01   min=0.01   stddev=0.00 (2.0%))
[       OK ] Sz_Depth_Cn_Scale_ResizeArea.ResizeArea/30 (4 ms)
[ RUN      ] Sz_Depth_Cn_Scale_ResizeArea.ResizeArea/31, where GetParam() = (1280x1024, CV_8U, BGR, 0.1)
[ PERFSTAT ]    (samples=13   mean=0.02   median=0.02   min=0.02   stddev=0.00 (1.3%))
[       OK ] Sz_Depth_Cn_Scale_ResizeArea.ResizeArea/31 (4 ms)
[ RUN      ] Sz_Depth_Cn_Scale_ResizeArea.ResizeArea/32, where GetParam() = (1280x1024, CV_8U, BGR, 0.05)
[ PERFSTAT ]    (samples=13   mean=0.05   median=0.05   min=0.05   stddev=0.00 (0.4%))
[       OK ] Sz_Depth_Cn_Scale_ResizeArea.ResizeArea/32 (5 ms)
[ RUN      ] Sz_Depth_Cn_Scale_ResizeArea.ResizeArea/33, where GetParam() = (1280x1024, CV_8U, BGRA, 0.2)
[ PERFSTAT ]    (samples=13   mean=0.02   median=0.02   min=0.02   stddev=0.00 (2.2%))
[       OK ] Sz_Depth_Cn_Scale_ResizeArea.ResizeArea/33 (5 ms)
[ RUN      ] Sz_Depth_Cn_Scale_ResizeArea.ResizeArea/34, where GetParam() = (1280x1024, CV_8U, BGRA, 0.1)
[ PERFSTAT ]    (samples=13   mean=0.02   median=0.02   min=0.02   stddev=0.00 (1.4%))
[       OK ] Sz_Depth_Cn_Scale_ResizeArea.ResizeArea/34 (5 ms)
[ RUN      ] Sz_Depth_Cn_Scale_ResizeArea.ResizeArea/35, where GetParam() = (1280x1024, CV_8U, BGRA, 0.05)
[ PERFSTAT ]    (samples=13   mean=0.05   median=0.05   min=0.05   stddev=0.00 (0.9%))
[       OK ] Sz_Depth_Cn_Scale_ResizeArea.ResizeArea/35 (5 ms)
[ RUN      ] Sz_Depth_Cn_Scale_ResizeArea.ResizeArea/36, where GetParam() = (1280x1024, CV_16U, Gray, 0.2)
[ PERFSTAT ]    (samples=13   mean=0.01   median=0.01   min=0.01   stddev=0.00 (1.9%))
[       OK ] Sz_Depth_Cn_Scale_ResizeArea.ResizeArea/36 (3 ms)
[ RUN      ] Sz_Depth_Cn_Scale_ResizeArea.ResizeArea/37, where GetParam() = (1280x1024, CV_16U, Gray, 0.1)
[ PERFSTAT ]    (samples=13   mean=0.02   median=0.02   min=0.02   stddev=0.00 (1.6%))
[       OK ] Sz_Depth_Cn_Scale_ResizeArea.ResizeArea/37 (3 ms)
[ RUN      ] Sz_Depth_Cn_Scale_ResizeArea.ResizeArea/38, where GetParam() = (1280x1024, CV_16U, Gray, 0.05)
[ PERFSTAT ]    (samples=13   mean=0.03   median=0.03   min=0.03   stddev=0.00 (1.3%))
[       OK ] Sz_Depth_Cn_Scale_ResizeArea.ResizeArea/38 (4 ms)
[ RUN      ] Sz_Depth_Cn_Scale_ResizeArea.ResizeArea/39, where GetParam() = (1280x1024, CV_16U, BGR, 0.2)
[ PERFSTAT ]    (samples=25   mean=0.02   median=0.02   min=0.01   stddev=0.00 (3.0%))
[       OK ] Sz_Depth_Cn_Scale_ResizeArea.ResizeArea/39 (7 ms)
[ RUN      ] Sz_Depth_Cn_Scale_ResizeArea.ResizeArea/40, where GetParam() = (1280x1024, CV_16U, BGR, 0.1)
[ PERFSTAT ]    (samples=13   mean=0.02   median=0.02   min=0.02   stddev=0.00 (0.7%))
[       OK ] Sz_Depth_Cn_Scale_ResizeArea.ResizeArea/40 (7 ms)
[ RUN      ] Sz_Depth_Cn_Scale_ResizeArea.ResizeArea/41, where GetParam() = (1280x1024, CV_16U, BGR, 0.05)
[ PERFSTAT ]    (samples=13   mean=0.08   median=0.08   min=0.08   stddev=0.00 (0.7%))
[       OK ] Sz_Depth_Cn_Scale_ResizeArea.ResizeArea/41 (8 ms)
[ RUN      ] Sz_Depth_Cn_Scale_ResizeArea.ResizeArea/42, where GetParam() = (1280x1024, CV_16U, BGRA, 0.2)
[ PERFSTAT ]    (samples=25   mean=0.02   median=0.02   min=0.02   stddev=0.00 (2.2%))
[       OK ] Sz_Depth_Cn_Scale_ResizeArea.ResizeArea/42 (9 ms)
[ RUN      ] Sz_Depth_Cn_Scale_ResizeArea.ResizeArea/43, where GetParam() = (1280x1024, CV_16U, BGRA, 0.1)
[ PERFSTAT ]    (samples=13   mean=0.03   median=0.03   min=0.03   stddev=0.00 (1.0%))
[       OK ] Sz_Depth_Cn_Scale_ResizeArea.ResizeArea/43 (47 ms)
[ RUN      ] Sz_Depth_Cn_Scale_ResizeArea.ResizeArea/44, where GetParam() = (1280x1024, CV_16U, BGRA, 0.05)
[ PERFSTAT ]    (samples=13   mean=0.06   median=0.06   min=0.06   stddev=0.00 (0.8%))
[       OK ] Sz_Depth_Cn_Scale_ResizeArea.ResizeArea/44 (9 ms)
[ RUN      ] Sz_Depth_Cn_Scale_ResizeArea.ResizeArea/45, where GetParam() = (1280x1024, CV_32F, Gray, 0.2)
[ PERFSTAT ]    (samples=13   mean=0.01   median=0.01   min=0.01   stddev=0.00 (2.2%))
[       OK ] Sz_Depth_Cn_Scale_ResizeArea.ResizeArea/45 (3 ms)
[ RUN      ] Sz_Depth_Cn_Scale_ResizeArea.ResizeArea/46, where GetParam() = (1280x1024, CV_32F, Gray, 0.1)
[ PERFSTAT ]    (samples=13   mean=0.02   median=0.02   min=0.02   stddev=0.00 (1.6%))
[       OK ] Sz_Depth_Cn_Scale_ResizeArea.ResizeArea/46 (4 ms)
[ RUN      ] Sz_Depth_Cn_Scale_ResizeArea.ResizeArea/47, where GetParam() = (1280x1024, CV_32F, Gray, 0.05)
[ PERFSTAT ]    (samples=13   mean=0.03   median=0.03   min=0.03   stddev=0.00 (1.1%))
[       OK ] Sz_Depth_Cn_Scale_ResizeArea.ResizeArea/47 (3 ms)
[ RUN      ] Sz_Depth_Cn_Scale_ResizeArea.ResizeArea/48, where GetParam() = (1280x1024, CV_32F, BGR, 0.2)
[ PERFSTAT ]    (samples=25   mean=0.02   median=0.02   min=0.02   stddev=0.00 (1.5%))
[       OK ] Sz_Depth_Cn_Scale_ResizeArea.ResizeArea/48 (9 ms)
[ RUN      ] Sz_Depth_Cn_Scale_ResizeArea.ResizeArea/49, where GetParam() = (1280x1024, CV_32F, BGR, 0.1)
[ PERFSTAT ]    (samples=13   mean=0.03   median=0.03   min=0.03   stddev=0.00 (1.3%))
[       OK ] Sz_Depth_Cn_Scale_ResizeArea.ResizeArea/49 (8 ms)
[ RUN      ] Sz_Depth_Cn_Scale_ResizeArea.ResizeArea/50, where GetParam() = (1280x1024, CV_32F, BGR, 0.05)
[ PERFSTAT ]    (samples=13   mean=0.08   median=0.08   min=0.08   stddev=0.00 (0.5%))
[       OK ] Sz_Depth_Cn_Scale_ResizeArea.ResizeArea/50 (9 ms)
[ RUN      ] Sz_Depth_Cn_Scale_ResizeArea.ResizeArea/51, where GetParam() = (1280x1024, CV_32F, BGRA, 0.2)
[ PERFSTAT ]    (samples=13   mean=0.02   median=0.02   min=0.02   stddev=0.00 (2.4%))
[       OK ] Sz_Depth_Cn_Scale_ResizeArea.ResizeArea/51 (12 ms)
[ RUN      ] Sz_Depth_Cn_Scale_ResizeArea.ResizeArea/52, where GetParam() = (1280x1024, CV_32F, BGRA, 0.1)
[ PERFSTAT ]    (samples=13   mean=0.03   median=0.03   min=0.03   stddev=0.00 (2.9%))
[       OK ] Sz_Depth_Cn_Scale_ResizeArea.ResizeArea/52 (12 ms)
[ RUN      ] Sz_Depth_Cn_Scale_ResizeArea.ResizeArea/53, where GetParam() = (1280x1024, CV_32F, BGRA, 0.05)
[ PERFSTAT ]    (samples=13   mean=0.07   median=0.07   min=0.07   stddev=0.00 (1.0%))
[       OK ] Sz_Depth_Cn_Scale_ResizeArea.ResizeArea/53 (12 ms)
[ RUN      ] Sz_Depth_Cn_Scale_ResizeArea.ResizeArea/54, where GetParam() = (1920x1080, CV_8U, Gray, 0.2)
[ PERFSTAT ]    (samples=13   mean=0.01   median=0.01   min=0.01   stddev=0.00 (2.2%))
[       OK ] Sz_Depth_Cn_Scale_ResizeArea.ResizeArea/54 (2 ms)
[ RUN      ] Sz_Depth_Cn_Scale_ResizeArea.ResizeArea/55, where GetParam() = (1920x1080, CV_8U, Gray, 0.1)
[ PERFSTAT ]    (samples=13   mean=0.02   median=0.02   min=0.02   stddev=0.00 (2.0%))
[       OK ] Sz_Depth_Cn_Scale_ResizeArea.ResizeArea/55 (3 ms)
[ RUN      ] Sz_Depth_Cn_Scale_ResizeArea.ResizeArea/56, where GetParam() = (1920x1080, CV_8U, Gray, 0.05)
[ PERFSTAT ]    (samples=13   mean=0.03   median=0.03   min=0.03   stddev=0.00 (1.1%))
[       OK ] Sz_Depth_Cn_Scale_ResizeArea.ResizeArea/56 (3 ms)
[ RUN      ] Sz_Depth_Cn_Scale_ResizeArea.ResizeArea/57, where GetParam() = (1920x1080, CV_8U, BGR, 0.2)
[ PERFSTAT ]    (samples=13   mean=0.02   median=0.02   min=0.02   stddev=0.00 (1.4%))
[       OK ] Sz_Depth_Cn_Scale_ResizeArea.ResizeArea/57 (6 ms)
[ RUN      ] Sz_Depth_Cn_Scale_ResizeArea.ResizeArea/58, where GetParam() = (1920x1080, CV_8U, BGR, 0.1)
[ PERFSTAT ]    (samples=13   mean=0.02   median=0.02   min=0.02   stddev=0.00 (1.7%))
[       OK ] Sz_Depth_Cn_Scale_ResizeArea.ResizeArea/58 (5 ms)
[ RUN      ] Sz_Depth_Cn_Scale_ResizeArea.ResizeArea/59, where GetParam() = (1920x1080, CV_8U, BGR, 0.05)
[ PERFSTAT ]    (samples=13   mean=0.05   median=0.05   min=0.05   stddev=0.00 (0.8%))
[       OK ] Sz_Depth_Cn_Scale_ResizeArea.ResizeArea/59 (7 ms)
[ RUN      ] Sz_Depth_Cn_Scale_ResizeArea.ResizeArea/60, where GetParam() = (1920x1080, CV_8U, BGRA, 0.2)
[ PERFSTAT ]    (samples=13   mean=0.02   median=0.02   min=0.02   stddev=0.00 (1.4%))
[       OK ] Sz_Depth_Cn_Scale_ResizeArea.ResizeArea/60 (7 ms)
[ RUN      ] Sz_Depth_Cn_Scale_ResizeArea.ResizeArea/61, where GetParam() = (1920x1080, CV_8U, BGRA, 0.1)
[ PERFSTAT ]    (samples=13   mean=0.02   median=0.02   min=0.02   stddev=0.00 (1.3%))
[       OK ] Sz_Depth_Cn_Scale_ResizeArea.ResizeArea/61 (8 ms)
[ RUN      ] Sz_Depth_Cn_Scale_ResizeArea.ResizeArea/62, where GetParam() = (1920x1080, CV_8U, BGRA, 0.05)
[ PERFSTAT ]    (samples=13   mean=0.05   median=0.05   min=0.05   stddev=0.00 (1.1%))
[       OK ] Sz_Depth_Cn_Scale_ResizeArea.ResizeArea/62 (7 ms)
[ RUN      ] Sz_Depth_Cn_Scale_ResizeArea.ResizeArea/63, where GetParam() = (1920x1080, CV_16U, Gray, 0.2)
[ PERFSTAT ]    (samples=13   mean=0.01   median=0.01   min=0.01   stddev=0.00 (1.0%))
[       OK ] Sz_Depth_Cn_Scale_ResizeArea.ResizeArea/63 (5 ms)
[ RUN      ] Sz_Depth_Cn_Scale_ResizeArea.ResizeArea/64, where GetParam() = (1920x1080, CV_16U, Gray, 0.1)
[ PERFSTAT ]    (samples=13   mean=0.02   median=0.02   min=0.02   stddev=0.00 (1.4%))
[       OK ] Sz_Depth_Cn_Scale_ResizeArea.ResizeArea/64 (4 ms)
[ RUN      ] Sz_Depth_Cn_Scale_ResizeArea.ResizeArea/65, where GetParam() = (1920x1080, CV_16U, Gray, 0.05)
[ PERFSTAT ]    (samples=25   mean=0.03   median=0.03   min=0.03   stddev=0.00 (2.4%))
[       OK ] Sz_Depth_Cn_Scale_ResizeArea.ResizeArea/65 (4 ms)
[ RUN      ] Sz_Depth_Cn_Scale_ResizeArea.ResizeArea/66, where GetParam() = (1920x1080, CV_16U, BGR, 0.2)
[ PERFSTAT ]    (samples=13   mean=0.02   median=0.02   min=0.02   stddev=0.00 (2.6%))
[       OK ] Sz_Depth_Cn_Scale_ResizeArea.ResizeArea/66 (11 ms)
[ RUN      ] Sz_Depth_Cn_Scale_ResizeArea.ResizeArea/67, where GetParam() = (1920x1080, CV_16U, BGR, 0.1)
[ PERFSTAT ]    (samples=13   mean=0.02   median=0.02   min=0.02   stddev=0.00 (1.0%))
[       OK ] Sz_Depth_Cn_Scale_ResizeArea.ResizeArea/67 (12 ms)
[ RUN      ] Sz_Depth_Cn_Scale_ResizeArea.ResizeArea/68, where GetParam() = (1920x1080, CV_16U, BGR, 0.05)
[ PERFSTAT ]    (samples=13   mean=0.09   median=0.08   min=0.08   stddev=0.00 (0.9%))
[       OK ] Sz_Depth_Cn_Scale_ResizeArea.ResizeArea/68 (11 ms)
[ RUN      ] Sz_Depth_Cn_Scale_ResizeArea.ResizeArea/69, where GetParam() = (1920x1080, CV_16U, BGRA, 0.2)
[ PERFSTAT ]    (samples=13   mean=0.02   median=0.02   min=0.02   stddev=0.00 (2.2%))
[       OK ] Sz_Depth_Cn_Scale_ResizeArea.ResizeArea/69 (15 ms)
[ RUN      ] Sz_Depth_Cn_Scale_ResizeArea.ResizeArea/70, where GetParam() = (1920x1080, CV_16U, BGRA, 0.1)
[ PERFSTAT ]    (samples=13   mean=0.03   median=0.03   min=0.03   stddev=0.00 (1.5%))
[       OK ] Sz_Depth_Cn_Scale_ResizeArea.ResizeArea/70 (15 ms)
[ RUN      ] Sz_Depth_Cn_Scale_ResizeArea.ResizeArea/71, where GetParam() = (1920x1080, CV_16U, BGRA, 0.05)
[ PERFSTAT ]    (samples=13   mean=0.06   median=0.06   min=0.06   stddev=0.00 (0.5%))
[       OK ] Sz_Depth_Cn_Scale_ResizeArea.ResizeArea/71 (15 ms)
[ RUN      ] Sz_Depth_Cn_Scale_ResizeArea.ResizeArea/72, where GetParam() = (1920x1080, CV_32F, Gray, 0.2)
[ PERFSTAT ]    (samples=13   mean=0.01   median=0.01   min=0.01   stddev=0.00 (1.7%))
[       OK ] Sz_Depth_Cn_Scale_ResizeArea.ResizeArea/72 (4 ms)
[ RUN      ] Sz_Depth_Cn_Scale_ResizeArea.ResizeArea/73, where GetParam() = (1920x1080, CV_32F, Gray, 0.1)
[ PERFSTAT ]    (samples=13   mean=0.02   median=0.02   min=0.02   stddev=0.00 (2.2%))
[       OK ] Sz_Depth_Cn_Scale_ResizeArea.ResizeArea/73 (4 ms)
[ RUN      ] Sz_Depth_Cn_Scale_ResizeArea.ResizeArea/74, where GetParam() = (1920x1080, CV_32F, Gray, 0.05)
[ PERFSTAT ]    (samples=13   mean=0.04   median=0.04   min=0.03   stddev=0.00 (2.7%))
[       OK ] Sz_Depth_Cn_Scale_ResizeArea.ResizeArea/74 (5 ms)
[ RUN      ] Sz_Depth_Cn_Scale_ResizeArea.ResizeArea/75, where GetParam() = (1920x1080, CV_32F, BGR, 0.2)
[ PERFSTAT ]    (samples=25   mean=0.02   median=0.02   min=0.02   stddev=0.00 (1.6%))
[       OK ] Sz_Depth_Cn_Scale_ResizeArea.ResizeArea/75 (14 ms)
[ RUN      ] Sz_Depth_Cn_Scale_ResizeArea.ResizeArea/76, where GetParam() = (1920x1080, CV_32F, BGR, 0.1)
[ PERFSTAT ]    (samples=25   mean=0.03   median=0.03   min=0.03   stddev=0.00 (1.9%))
[       OK ] Sz_Depth_Cn_Scale_ResizeArea.ResizeArea/76 (14 ms)
[ RUN      ] Sz_Depth_Cn_Scale_ResizeArea.ResizeArea/77, where GetParam() = (1920x1080, CV_32F, BGR, 0.05)
[ PERFSTAT ]    (samples=23   mean=0.09   median=0.09   min=0.09   stddev=0.00 (3.0%))
[       OK ] Sz_Depth_Cn_Scale_ResizeArea.ResizeArea/77 (15 ms)
[ RUN      ] Sz_Depth_Cn_Scale_ResizeArea.ResizeArea/78, where GetParam() = (1920x1080, CV_32F, BGRA, 0.2)
[ PERFSTAT ]    (samples=38   mean=0.03   median=0.03   min=0.03   stddev=0.00 (2.1%))
[       OK ] Sz_Depth_Cn_Scale_ResizeArea.ResizeArea/78 (19 ms)
[ RUN      ] Sz_Depth_Cn_Scale_ResizeArea.ResizeArea/79, where GetParam() = (1920x1080, CV_32F, BGRA, 0.1)
[ PERFSTAT ]    (samples=25   mean=0.04   median=0.04   min=0.04   stddev=0.00 (1.4%))
[       OK ] Sz_Depth_Cn_Scale_ResizeArea.ResizeArea/79 (18 ms)
[ RUN      ] Sz_Depth_Cn_Scale_ResizeArea.ResizeArea/80, where GetParam() = (1920x1080, CV_32F, BGRA, 0.05)
[ PERFSTAT ]    (samples=13   mean=0.12   median=0.11   min=0.11   stddev=0.00 (2.1%))
[       OK ] Sz_Depth_Cn_Scale_ResizeArea.ResizeArea/80 (18 ms)
[----------] 81 tests from Sz_Depth_Cn_Scale_ResizeArea (583 ms total)

[----------] 405 tests from Sz_Depth_Cn_Inter_Border_WarpAffine
[ RUN      ] Sz_Depth_Cn_Inter_Border_WarpAffine.WarpAffine/0, where GetParam() = (1280x720, CV_8U, Gray, INTER_NEAREST, BORDER_REFLECT101)
[ PERFSTAT ]    (samples=25   mean=0.02   median=0.02   min=0.02   stddev=0.00 (2.4%))
[       OK ] Sz_Depth_Cn_Inter_Border_WarpAffine.WarpAffine/0 (63 ms)
[ RUN      ] Sz_Depth_Cn_Inter_Border_WarpAffine.WarpAffine/1, where GetParam() = (1280x720, CV_8U, Gray, INTER_NEAREST, BORDER_REPLICATE)
[ PERFSTAT ]    (samples=24   mean=0.02   median=0.02   min=0.02   stddev=0.00 (3.0%))
[       OK ] Sz_Depth_Cn_Inter_Border_WarpAffine.WarpAffine/1 (3 ms)
[ RUN      ] Sz_Depth_Cn_Inter_Border_WarpAffine.WarpAffine/2, where GetParam() = (1280x720, CV_8U, Gray, INTER_NEAREST, BORDER_CONSTANT)
[ PERFSTAT ]    (samples=13   mean=0.02   median=0.02   min=0.02   stddev=0.00 (2.9%))
[       OK ] Sz_Depth_Cn_Inter_Border_WarpAffine.WarpAffine/2 (2 ms)
[ RUN      ] Sz_Depth_Cn_Inter_Border_WarpAffine.WarpAffine/3, where GetParam() = (1280x720, CV_8U, Gray, INTER_NEAREST, BORDER_REFLECT)
[ PERFSTAT ]    (samples=38   mean=0.02   median=0.02   min=0.02   stddev=0.00 (1.9%))
[       OK ] Sz_Depth_Cn_Inter_Border_WarpAffine.WarpAffine/3 (2 ms)
[ RUN      ] Sz_Depth_Cn_Inter_Border_WarpAffine.WarpAffine/4, where GetParam() = (1280x720, CV_8U, Gray, INTER_NEAREST, BORDER_WRAP)
[ PERFSTAT ]    (samples=13   mean=0.02   median=0.02   min=0.02   stddev=0.00 (2.8%))
[       OK ] Sz_Depth_Cn_Inter_Border_WarpAffine.WarpAffine/4 (2 ms)
[ RUN      ] Sz_Depth_Cn_Inter_Border_WarpAffine.WarpAffine/5, where GetParam() = (1280x720, CV_8U, Gray, INTER_LINEAR, BORDER_REFLECT101)
[ PERFSTAT ]    (samples=25   mean=0.03   median=0.03   min=0.03   stddev=0.00 (1.7%))
[       OK ] Sz_Depth_Cn_Inter_Border_WarpAffine.WarpAffine/5 (3 ms)
[ RUN      ] Sz_Depth_Cn_Inter_Border_WarpAffine.WarpAffine/6, where GetParam() = (1280x720, CV_8U, Gray, INTER_LINEAR, BORDER_REPLICATE)
[ PERFSTAT ]    (samples=17   mean=0.02   median=0.02   min=0.02   stddev=0.00 (2.9%))
[       OK ] Sz_Depth_Cn_Inter_Border_WarpAffine.WarpAffine/6 (2 ms)
[ RUN      ] Sz_Depth_Cn_Inter_Border_WarpAffine.WarpAffine/7, where GetParam() = (1280x720, CV_8U, Gray, INTER_LINEAR, BORDER_CONSTANT)
[ PERFSTAT ]    (samples=18   mean=0.02   median=0.02   min=0.02   stddev=0.00 (3.0%))
[       OK ] Sz_Depth_Cn_Inter_Border_WarpAffine.WarpAffine/7 (2 ms)
[ RUN      ] Sz_Depth_Cn_Inter_Border_WarpAffine.WarpAffine/8, where GetParam() = (1280x720, CV_8U, Gray, INTER_LINEAR, BORDER_REFLECT)
[ PERFSTAT ]    (samples=13   mean=0.03   median=0.03   min=0.03   stddev=0.00 (2.5%))
[       OK ] Sz_Depth_Cn_Inter_Border_WarpAffine.WarpAffine/8 (2 ms)
[ RUN      ] Sz_Depth_Cn_Inter_Border_WarpAffine.WarpAffine/9, where GetParam() = (1280x720, CV_8U, Gray, INTER_LINEAR, BORDER_WRAP)
[ PERFSTAT ]    (samples=13   mean=0.03   median=0.03   min=0.03   stddev=0.00 (1.8%))
[       OK ] Sz_Depth_Cn_Inter_Border_WarpAffine.WarpAffine/9 (2 ms)
[ RUN      ] Sz_Depth_Cn_Inter_Border_WarpAffine.WarpAffine/10, where GetParam() = (1280x720, CV_8U, Gray, INTER_CUBIC, BORDER_REFLECT101)
[ PERFSTAT ]    (samples=13   mean=0.08   median=0.08   min=0.08   stddev=0.00 (0.7%))
[       OK ] Sz_Depth_Cn_Inter_Border_WarpAffine.WarpAffine/10 (3 ms)
[ RUN      ] Sz_Depth_Cn_Inter_Border_WarpAffine.WarpAffine/11, where GetParam() = (1280x720, CV_8U, Gray, INTER_CUBIC, BORDER_REPLICATE)
[ PERFSTAT ]    (samples=13   mean=0.06   median=0.06   min=0.06   stddev=0.00 (1.1%))
[       OK ] Sz_Depth_Cn_Inter_Border_WarpAffine.WarpAffine/11 (2 ms)
[ RUN      ] Sz_Depth_Cn_Inter_Border_WarpAffine.WarpAffine/12, where GetParam() = (1280x720, CV_8U, Gray, INTER_CUBIC, BORDER_CONSTANT)
[ PERFSTAT ]    (samples=25   mean=0.03   median=0.03   min=0.03   stddev=0.00 (1.6%))
[       OK ] Sz_Depth_Cn_Inter_Border_WarpAffine.WarpAffine/12 (9 ms)
[ RUN      ] Sz_Depth_Cn_Inter_Border_WarpAffine.WarpAffine/13, where GetParam() = (1280x720, CV_8U, Gray, INTER_CUBIC, BORDER_REFLECT)
[ PERFSTAT ]    (samples=13   mean=0.09   median=0.09   min=0.09   stddev=0.00 (0.9%))
[       OK ] Sz_Depth_Cn_Inter_Border_WarpAffine.WarpAffine/13 (4 ms)
[ RUN      ] Sz_Depth_Cn_Inter_Border_WarpAffine.WarpAffine/14, where GetParam() = (1280x720, CV_8U, Gray, INTER_CUBIC, BORDER_WRAP)
[ PERFSTAT ]    (samples=13   mean=0.08   median=0.08   min=0.08   stddev=0.00 (0.8%))
[       OK ] Sz_Depth_Cn_Inter_Border_WarpAffine.WarpAffine/14 (2 ms)
[ RUN      ] Sz_Depth_Cn_Inter_Border_WarpAffine.WarpAffine/15, where GetParam() = (1280x720, CV_8U, BGR, INTER_NEAREST, BORDER_REFLECT101)
[ PERFSTAT ]    (samples=13   mean=0.02   median=0.02   min=0.02   stddev=0.00 (1.5%))
[       OK ] Sz_Depth_Cn_Inter_Border_WarpAffine.WarpAffine/15 (5 ms)
[ RUN      ] Sz_Depth_Cn_Inter_Border_WarpAffine.WarpAffine/16, where GetParam() = (1280x720, CV_8U, BGR, INTER_NEAREST, BORDER_REPLICATE)
[ PERFSTAT ]    (samples=13   mean=0.02   median=0.02   min=0.02   stddev=0.00 (1.9%))
[       OK ] Sz_Depth_Cn_Inter_Border_WarpAffine.WarpAffine/16 (3 ms)
[ RUN      ] Sz_Depth_Cn_Inter_Border_WarpAffine.WarpAffine/17, where GetParam() = (1280x720, CV_8U, BGR, INTER_NEAREST, BORDER_CONSTANT)
[ PERFSTAT ]    (samples=13   mean=0.02   median=0.02   min=0.02   stddev=0.00 (2.1%))
[       OK ] Sz_Depth_Cn_Inter_Border_WarpAffine.WarpAffine/17 (4 ms)
[ RUN      ] Sz_Depth_Cn_Inter_Border_WarpAffine.WarpAffine/18, where GetParam() = (1280x720, CV_8U, BGR, INTER_NEAREST, BORDER_REFLECT)
[ PERFSTAT ]    (samples=25   mean=0.02   median=0.02   min=0.02   stddev=0.00 (2.0%))
[       OK ] Sz_Depth_Cn_Inter_Border_WarpAffine.WarpAffine/18 (4 ms)
[ RUN      ] Sz_Depth_Cn_Inter_Border_WarpAffine.WarpAffine/19, where GetParam() = (1280x720, CV_8U, BGR, INTER_NEAREST, BORDER_WRAP)
[ PERFSTAT ]    (samples=13   mean=0.02   median=0.02   min=0.02   stddev=0.00 (1.4%))
[       OK ] Sz_Depth_Cn_Inter_Border_WarpAffine.WarpAffine/19 (3 ms)
[ RUN      ] Sz_Depth_Cn_Inter_Border_WarpAffine.WarpAffine/20, where GetParam() = (1280x720, CV_8U, BGR, INTER_LINEAR, BORDER_REFLECT101)
[ PERFSTAT ]    (samples=13   mean=0.03   median=0.03   min=0.03   stddev=0.00 (1.3%))
[       OK ] Sz_Depth_Cn_Inter_Border_WarpAffine.WarpAffine/20 (4 ms)
[ RUN      ] Sz_Depth_Cn_Inter_Border_WarpAffine.WarpAffine/21, where GetParam() = (1280x720, CV_8U, BGR, INTER_LINEAR, BORDER_REPLICATE)
[ PERFSTAT ]    (samples=13   mean=0.04   median=0.04   min=0.04   stddev=0.00 (0.8%))
[       OK ] Sz_Depth_Cn_Inter_Border_WarpAffine.WarpAffine/21 (4 ms)
[ RUN      ] Sz_Depth_Cn_Inter_Border_WarpAffine.WarpAffine/22, where GetParam() = (1280x720, CV_8U, BGR, INTER_LINEAR, BORDER_CONSTANT)
[ PERFSTAT ]    (samples=13   mean=0.03   median=0.03   min=0.02   stddev=0.00 (2.2%))
[       OK ] Sz_Depth_Cn_Inter_Border_WarpAffine.WarpAffine/22 (3 ms)
[ RUN      ] Sz_Depth_Cn_Inter_Border_WarpAffine.WarpAffine/23, where GetParam() = (1280x720, CV_8U, BGR, INTER_LINEAR, BORDER_REFLECT)
[ PERFSTAT ]    (samples=25   mean=0.03   median=0.03   min=0.03   stddev=0.00 (0.8%))
[       OK ] Sz_Depth_Cn_Inter_Border_WarpAffine.WarpAffine/23 (5 ms)
[ RUN      ] Sz_Depth_Cn_Inter_Border_WarpAffine.WarpAffine/24, where GetParam() = (1280x720, CV_8U, BGR, INTER_LINEAR, BORDER_WRAP)
[ PERFSTAT ]    (samples=13   mean=0.03   median=0.03   min=0.03   stddev=0.00 (1.3%))
[       OK ] Sz_Depth_Cn_Inter_Border_WarpAffine.WarpAffine/24 (4 ms)
[ RUN      ] Sz_Depth_Cn_Inter_Border_WarpAffine.WarpAffine/25, where GetParam() = (1280x720, CV_8U, BGR, INTER_CUBIC, BORDER_REFLECT101)
[ PERFSTAT ]    (samples=13   mean=0.09   median=0.09   min=0.09   stddev=0.00 (0.6%))
[       OK ] Sz_Depth_Cn_Inter_Border_WarpAffine.WarpAffine/25 (5 ms)
[ RUN      ] Sz_Depth_Cn_Inter_Border_WarpAffine.WarpAffine/26, where GetParam() = (1280x720, CV_8U, BGR, INTER_CUBIC, BORDER_REPLICATE)
[ PERFSTAT ]    (samples=13   mean=0.10   median=0.09   min=0.09   stddev=0.00 (2.6%))
[       OK ] Sz_Depth_Cn_Inter_Border_WarpAffine.WarpAffine/26 (5 ms)
[ RUN      ] Sz_Depth_Cn_Inter_Border_WarpAffine.WarpAffine/27, where GetParam() = (1280x720, CV_8U, BGR, INTER_CUBIC, BORDER_CONSTANT)
[ PERFSTAT ]    (samples=13   mean=0.05   median=0.05   min=0.05   stddev=0.00 (0.8%))
[       OK ] Sz_Depth_Cn_Inter_Border_WarpAffine.WarpAffine/27 (4 ms)
[ RUN      ] Sz_Depth_Cn_Inter_Border_WarpAffine.WarpAffine/28, where GetParam() = (1280x720, CV_8U, BGR, INTER_CUBIC, BORDER_REFLECT)
[ PERFSTAT ]    (samples=13   mean=0.09   median=0.09   min=0.09   stddev=0.00 (0.7%))
[       OK ] Sz_Depth_Cn_Inter_Border_WarpAffine.WarpAffine/28 (4 ms)
[ RUN      ] Sz_Depth_Cn_Inter_Border_WarpAffine.WarpAffine/29, where GetParam() = (1280x720, CV_8U, BGR, INTER_CUBIC, BORDER_WRAP)
[ PERFSTAT ]    (samples=13   mean=0.09   median=0.09   min=0.09   stddev=0.00 (1.3%))
[       OK ] Sz_Depth_Cn_Inter_Border_WarpAffine.WarpAffine/29 (4 ms)
[ RUN      ] Sz_Depth_Cn_Inter_Border_WarpAffine.WarpAffine/30, where GetParam() = (1280x720, CV_8U, BGRA, INTER_NEAREST, BORDER_REFLECT101)
[ PERFSTAT ]    (samples=25   mean=0.02   median=0.02   min=0.02   stddev=0.00 (2.4%))
[       OK ] Sz_Depth_Cn_Inter_Border_WarpAffine.WarpAffine/30 (6 ms)
[ RUN      ] Sz_Depth_Cn_Inter_Border_WarpAffine.WarpAffine/31, where GetParam() = (1280x720, CV_8U, BGRA, INTER_NEAREST, BORDER_REPLICATE)
[ PERFSTAT ]    (samples=21   mean=0.02   median=0.02   min=0.02   stddev=0.00 (3.0%))
[       OK ] Sz_Depth_Cn_Inter_Border_WarpAffine.WarpAffine/31 (5 ms)
[ RUN      ] Sz_Depth_Cn_Inter_Border_WarpAffine.WarpAffine/32, where GetParam() = (1280x720, CV_8U, BGRA, INTER_NEAREST, BORDER_CONSTANT)
[ PERFSTAT ]    (samples=19   mean=0.02   median=0.02   min=0.02   stddev=0.00 (2.9%))
[       OK ] Sz_Depth_Cn_Inter_Border_WarpAffine.WarpAffine/32 (4 ms)
[ RUN      ] Sz_Depth_Cn_Inter_Border_WarpAffine.WarpAffine/33, where GetParam() = (1280x720, CV_8U, BGRA, INTER_NEAREST, BORDER_REFLECT)
[ PERFSTAT ]    (samples=13   mean=0.02   median=0.02   min=0.02   stddev=0.00 (2.8%))
[       OK ] Sz_Depth_Cn_Inter_Border_WarpAffine.WarpAffine/33 (4 ms)
[ RUN      ] Sz_Depth_Cn_Inter_Border_WarpAffine.WarpAffine/34, where GetParam() = (1280x720, CV_8U, BGRA, INTER_NEAREST, BORDER_WRAP)
[ PERFSTAT ]    (samples=25   mean=0.02   median=0.02   min=0.02   stddev=0.00 (2.0%))
[       OK ] Sz_Depth_Cn_Inter_Border_WarpAffine.WarpAffine/34 (5 ms)
[ RUN      ] Sz_Depth_Cn_Inter_Border_WarpAffine.WarpAffine/35, where GetParam() = (1280x720, CV_8U, BGRA, INTER_LINEAR, BORDER_REFLECT101)
[ PERFSTAT ]    (samples=13   mean=0.03   median=0.03   min=0.03   stddev=0.00 (1.7%))
[       OK ] Sz_Depth_Cn_Inter_Border_WarpAffine.WarpAffine/35 (5 ms)
[ RUN      ] Sz_Depth_Cn_Inter_Border_WarpAffine.WarpAffine/36, where GetParam() = (1280x720, CV_8U, BGRA, INTER_LINEAR, BORDER_REPLICATE)
[ PERFSTAT ]    (samples=13   mean=0.03   median=0.03   min=0.03   stddev=0.00 (2.0%))
[       OK ] Sz_Depth_Cn_Inter_Border_WarpAffine.WarpAffine/36 (4 ms)
[ RUN      ] Sz_Depth_Cn_Inter_Border_WarpAffine.WarpAffine/37, where GetParam() = (1280x720, CV_8U, BGRA, INTER_LINEAR, BORDER_CONSTANT)
[ PERFSTAT ]    (samples=16   mean=0.03   median=0.03   min=0.02   stddev=0.00 (2.9%))
[       OK ] Sz_Depth_Cn_Inter_Border_WarpAffine.WarpAffine/37 (5 ms)
[ RUN      ] Sz_Depth_Cn_Inter_Border_WarpAffine.WarpAffine/38, where GetParam() = (1280x720, CV_8U, BGRA, INTER_LINEAR, BORDER_REFLECT)
[ PERFSTAT ]    (samples=13   mean=0.03   median=0.03   min=0.03   stddev=0.00 (1.8%))
[       OK ] Sz_Depth_Cn_Inter_Border_WarpAffine.WarpAffine/38 (4 ms)
[ RUN      ] Sz_Depth_Cn_Inter_Border_WarpAffine.WarpAffine/39, where GetParam() = (1280x720, CV_8U, BGRA, INTER_LINEAR, BORDER_WRAP)
[ PERFSTAT ]    (samples=13   mean=0.03   median=0.03   min=0.03   stddev=0.00 (1.9%))
[       OK ] Sz_Depth_Cn_Inter_Border_WarpAffine.WarpAffine/39 (5 ms)
[ RUN      ] Sz_Depth_Cn_Inter_Border_WarpAffine.WarpAffine/40, where GetParam() = (1280x720, CV_8U, BGRA, INTER_CUBIC, BORDER_REFLECT101)
[ PERFSTAT ]    (samples=13   mean=0.10   median=0.10   min=0.10   stddev=0.00 (1.2%))
[       OK ] Sz_Depth_Cn_Inter_Border_WarpAffine.WarpAffine/40 (6 ms)
[ RUN      ] Sz_Depth_Cn_Inter_Border_WarpAffine.WarpAffine/41, where GetParam() = (1280x720, CV_8U, BGRA, INTER_CUBIC, BORDER_REPLICATE)
[ PERFSTAT ]    (samples=13   mean=0.08   median=0.08   min=0.08   stddev=0.00 (2.3%))
[       OK ] Sz_Depth_Cn_Inter_Border_WarpAffine.WarpAffine/41 (5 ms)
[ RUN      ] Sz_Depth_Cn_Inter_Border_WarpAffine.WarpAffine/42, where GetParam() = (1280x720, CV_8U, BGRA, INTER_CUBIC, BORDER_CONSTANT)
[ PERFSTAT ]    (samples=13   mean=0.07   median=0.07   min=0.07   stddev=0.00 (1.0%))
[       OK ] Sz_Depth_Cn_Inter_Border_WarpAffine.WarpAffine/42 (5 ms)
[ RUN      ] Sz_Depth_Cn_Inter_Border_WarpAffine.WarpAffine/43, where GetParam() = (1280x720, CV_8U, BGRA, INTER_CUBIC, BORDER_REFLECT)
[ PERFSTAT ]    (samples=13   mean=0.11   median=0.11   min=0.11   stddev=0.00 (1.2%))
[       OK ] Sz_Depth_Cn_Inter_Border_WarpAffine.WarpAffine/43 (5 ms)
[ RUN      ] Sz_Depth_Cn_Inter_Border_WarpAffine.WarpAffine/44, where GetParam() = (1280x720, CV_8U, BGRA, INTER_CUBIC, BORDER_WRAP)
[ PERFSTAT ]    (samples=13   mean=0.10   median=0.10   min=0.10   stddev=0.00 (1.4%))
[       OK ] Sz_Depth_Cn_Inter_Border_WarpAffine.WarpAffine/44 (6 ms)
[ RUN      ] Sz_Depth_Cn_Inter_Border_WarpAffine.WarpAffine/45, where GetParam() = (1280x720, CV_16U, Gray, INTER_NEAREST, BORDER_REFLECT101)
[ PERFSTAT ]    (samples=19   mean=0.02   median=0.02   min=0.02   stddev=0.00 (3.0%))
[       OK ] Sz_Depth_Cn_Inter_Border_WarpAffine.WarpAffine/45 (3 ms)
[ RUN      ] Sz_Depth_Cn_Inter_Border_WarpAffine.WarpAffine/46, where GetParam() = (1280x720, CV_16U, Gray, INTER_NEAREST, BORDER_REPLICATE)
[ PERFSTAT ]    (samples=22   mean=0.02   median=0.02   min=0.02   stddev=0.00 (3.0%))
[       OK ] Sz_Depth_Cn_Inter_Border_WarpAffine.WarpAffine/46 (3 ms)
[ RUN      ] Sz_Depth_Cn_Inter_Border_WarpAffine.WarpAffine/47, where GetParam() = (1280x720, CV_16U, Gray, INTER_NEAREST, BORDER_CONSTANT)
[ PERFSTAT ]    (samples=23   mean=0.02   median=0.02   min=0.02   stddev=0.00 (2.9%))
[       OK ] Sz_Depth_Cn_Inter_Border_WarpAffine.WarpAffine/47 (3 ms)
[ RUN      ] Sz_Depth_Cn_Inter_Border_WarpAffine.WarpAffine/48, where GetParam() = (1280x720, CV_16U, Gray, INTER_NEAREST, BORDER_REFLECT)
[ PERFSTAT ]    (samples=13   mean=0.02   median=0.02   min=0.02   stddev=0.00 (2.9%))
[       OK ] Sz_Depth_Cn_Inter_Border_WarpAffine.WarpAffine/48 (3 ms)
[ RUN      ] Sz_Depth_Cn_Inter_Border_WarpAffine.WarpAffine/49, where GetParam() = (1280x720, CV_16U, Gray, INTER_NEAREST, BORDER_WRAP)
[ PERFSTAT ]    (samples=13   mean=0.02   median=0.02   min=0.02   stddev=0.00 (2.7%))
[       OK ] Sz_Depth_Cn_Inter_Border_WarpAffine.WarpAffine/49 (3 ms)
[ RUN      ] Sz_Depth_Cn_Inter_Border_WarpAffine.WarpAffine/50, where GetParam() = (1280x720, CV_16U, Gray, INTER_LINEAR, BORDER_REFLECT101)
[ PERFSTAT ]    (samples=13   mean=0.03   median=0.03   min=0.03   stddev=0.00 (2.1%))
[       OK ] Sz_Depth_Cn_Inter_Border_WarpAffine.WarpAffine/50 (3 ms)
[ RUN      ] Sz_Depth_Cn_Inter_Border_WarpAffine.WarpAffine/51, where GetParam() = (1280x720, CV_16U, Gray, INTER_LINEAR, BORDER_REPLICATE)
[ PERFSTAT ]    (samples=13   mean=0.02   median=0.02   min=0.02   stddev=0.00 (2.6%))
[       OK ] Sz_Depth_Cn_Inter_Border_WarpAffine.WarpAffine/51 (2 ms)
[ RUN      ] Sz_Depth_Cn_Inter_Border_WarpAffine.WarpAffine/52, where GetParam() = (1280x720, CV_16U, Gray, INTER_LINEAR, BORDER_CONSTANT)
[ PERFSTAT ]    (samples=13   mean=0.02   median=0.02   min=0.02   stddev=0.00 (2.3%))
[       OK ] Sz_Depth_Cn_Inter_Border_WarpAffine.WarpAffine/52 (3 ms)
[ RUN      ] Sz_Depth_Cn_Inter_Border_WarpAffine.WarpAffine/53, where GetParam() = (1280x720, CV_16U, Gray, INTER_LINEAR, BORDER_REFLECT)
[ PERFSTAT ]    (samples=13   mean=0.03   median=0.03   min=0.03   stddev=0.00 (2.6%))
[       OK ] Sz_Depth_Cn_Inter_Border_WarpAffine.WarpAffine/53 (3 ms)
[ RUN      ] Sz_Depth_Cn_Inter_Border_WarpAffine.WarpAffine/54, where GetParam() = (1280x720, CV_16U, Gray, INTER_LINEAR, BORDER_WRAP)
[ PERFSTAT ]    (samples=13   mean=0.03   median=0.03   min=0.03   stddev=0.00 (2.4%))
[       OK ] Sz_Depth_Cn_Inter_Border_WarpAffine.WarpAffine/54 (3 ms)
[ RUN      ] Sz_Depth_Cn_Inter_Border_WarpAffine.WarpAffine/55, where GetParam() = (1280x720, CV_16U, Gray, INTER_CUBIC, BORDER_REFLECT101)
[ PERFSTAT ]    (samples=13   mean=0.08   median=0.08   min=0.08   stddev=0.00 (0.7%))
[       OK ] Sz_Depth_Cn_Inter_Border_WarpAffine.WarpAffine/55 (4 ms)
[ RUN      ] Sz_Depth_Cn_Inter_Border_WarpAffine.WarpAffine/56, where GetParam() = (1280x720, CV_16U, Gray, INTER_CUBIC, BORDER_REPLICATE)
[ PERFSTAT ]    (samples=25   mean=0.06   median=0.06   min=0.06   stddev=0.00 (0.8%))
[       OK ] Sz_Depth_Cn_Inter_Border_WarpAffine.WarpAffine/56 (3 ms)
[ RUN      ] Sz_Depth_Cn_Inter_Border_WarpAffine.WarpAffine/57, where GetParam() = (1280x720, CV_16U, Gray, INTER_CUBIC, BORDER_CONSTANT)
[ PERFSTAT ]    (samples=22   mean=0.04   median=0.04   min=0.04   stddev=0.00 (2.9%))
[       OK ] Sz_Depth_Cn_Inter_Border_WarpAffine.WarpAffine/57 (4 ms)
[ RUN      ] Sz_Depth_Cn_Inter_Border_WarpAffine.WarpAffine/58, where GetParam() = (1280x720, CV_16U, Gray, INTER_CUBIC, BORDER_REFLECT)
[ PERFSTAT ]    (samples=13   mean=0.09   median=0.09   min=0.09   stddev=0.00 (0.7%))
[       OK ] Sz_Depth_Cn_Inter_Border_WarpAffine.WarpAffine/58 (3 ms)
[ RUN      ] Sz_Depth_Cn_Inter_Border_WarpAffine.WarpAffine/59, where GetParam() = (1280x720, CV_16U, Gray, INTER_CUBIC, BORDER_WRAP)
[ PERFSTAT ]    (samples=13   mean=0.08   median=0.08   min=0.08   stddev=0.00 (1.8%))
[       OK ] Sz_Depth_Cn_Inter_Border_WarpAffine.WarpAffine/59 (4 ms)
[ RUN      ] Sz_Depth_Cn_Inter_Border_WarpAffine.WarpAffine/60, where GetParam() = (1280x720, CV_16U, BGR, INTER_NEAREST, BORDER_REFLECT101)
[ PERFSTAT ]    (samples=13   mean=0.02   median=0.02   min=0.02   stddev=0.00 (1.5%))
[       OK ] Sz_Depth_Cn_Inter_Border_WarpAffine.WarpAffine/60 (7 ms)
[ RUN      ] Sz_Depth_Cn_Inter_Border_WarpAffine.WarpAffine/61, where GetParam() = (1280x720, CV_16U, BGR, INTER_NEAREST, BORDER_REPLICATE)
[ PERFSTAT ]    (samples=13   mean=0.02   median=0.02   min=0.02   stddev=0.00 (1.6%))
[       OK ] Sz_Depth_Cn_Inter_Border_WarpAffine.WarpAffine/61 (6 ms)
[ RUN      ] Sz_Depth_Cn_Inter_Border_WarpAffine.WarpAffine/62, where GetParam() = (1280x720, CV_16U, BGR, INTER_NEAREST, BORDER_CONSTANT)
[ PERFSTAT ]    (samples=13   mean=0.02   median=0.02   min=0.02   stddev=0.00 (1.4%))
[       OK ] Sz_Depth_Cn_Inter_Border_WarpAffine.WarpAffine/62 (6 ms)
[ RUN      ] Sz_Depth_Cn_Inter_Border_WarpAffine.WarpAffine/63, where GetParam() = (1280x720, CV_16U, BGR, INTER_NEAREST, BORDER_REFLECT)
[ PERFSTAT ]    (samples=13   mean=0.02   median=0.02   min=0.02   stddev=0.00 (1.1%))
[       OK ] Sz_Depth_Cn_Inter_Border_WarpAffine.WarpAffine/63 (6 ms)
[ RUN      ] Sz_Depth_Cn_Inter_Border_WarpAffine.WarpAffine/64, where GetParam() = (1280x720, CV_16U, BGR, INTER_NEAREST, BORDER_WRAP)
[ PERFSTAT ]    (samples=13   mean=0.02   median=0.02   min=0.02   stddev=0.00 (1.5%))
[       OK ] Sz_Depth_Cn_Inter_Border_WarpAffine.WarpAffine/64 (6 ms)
[ RUN      ] Sz_Depth_Cn_Inter_Border_WarpAffine.WarpAffine/65, where GetParam() = (1280x720, CV_16U, BGR, INTER_LINEAR, BORDER_REFLECT101)
[ PERFSTAT ]    (samples=13   mean=0.04   median=0.04   min=0.04   stddev=0.00 (1.1%))
[       OK ] Sz_Depth_Cn_Inter_Border_WarpAffine.WarpAffine/65 (6 ms)
[ RUN      ] Sz_Depth_Cn_Inter_Border_WarpAffine.WarpAffine/66, where GetParam() = (1280x720, CV_16U, BGR, INTER_LINEAR, BORDER_REPLICATE)
[ PERFSTAT ]    (samples=13   mean=0.04   median=0.04   min=0.04   stddev=0.00 (1.4%))
[       OK ] Sz_Depth_Cn_Inter_Border_WarpAffine.WarpAffine/66 (7 ms)
[ RUN      ] Sz_Depth_Cn_Inter_Border_WarpAffine.WarpAffine/67, where GetParam() = (1280x720, CV_16U, BGR, INTER_LINEAR, BORDER_CONSTANT)
[ PERFSTAT ]    (samples=25   mean=0.03   median=0.03   min=0.03   stddev=0.00 (1.3%))
[       OK ] Sz_Depth_Cn_Inter_Border_WarpAffine.WarpAffine/67 (7 ms)
[ RUN      ] Sz_Depth_Cn_Inter_Border_WarpAffine.WarpAffine/68, where GetParam() = (1280x720, CV_16U, BGR, INTER_LINEAR, BORDER_REFLECT)
[ PERFSTAT ]    (samples=13   mean=0.05   median=0.05   min=0.04   stddev=0.00 (1.4%))
[       OK ] Sz_Depth_Cn_Inter_Border_WarpAffine.WarpAffine/68 (7 ms)
[ RUN      ] Sz_Depth_Cn_Inter_Border_WarpAffine.WarpAffine/69, where GetParam() = (1280x720, CV_16U, BGR, INTER_LINEAR, BORDER_WRAP)
[ PERFSTAT ]    (samples=19   mean=0.04   median=0.04   min=0.04   stddev=0.00 (3.0%))
[       OK ] Sz_Depth_Cn_Inter_Border_WarpAffine.WarpAffine/69 (6 ms)
[ RUN      ] Sz_Depth_Cn_Inter_Border_WarpAffine.WarpAffine/70, where GetParam() = (1280x720, CV_16U, BGR, INTER_CUBIC, BORDER_REFLECT101)
[ PERFSTAT ]    (samples=13   mean=0.12   median=0.12   min=0.12   stddev=0.00 (1.0%))
[       OK ] Sz_Depth_Cn_Inter_Border_WarpAffine.WarpAffine/70 (8 ms)
[ RUN      ] Sz_Depth_Cn_Inter_Border_WarpAffine.WarpAffine/71, where GetParam() = (1280x720, CV_16U, BGR, INTER_CUBIC, BORDER_REPLICATE)
[ PERFSTAT ]    (samples=13   mean=0.12   median=0.12   min=0.12   stddev=0.00 (1.1%))
[       OK ] Sz_Depth_Cn_Inter_Border_WarpAffine.WarpAffine/71 (7 ms)
[ RUN      ] Sz_Depth_Cn_Inter_Border_WarpAffine.WarpAffine/72, where GetParam() = (1280x720, CV_16U, BGR, INTER_CUBIC, BORDER_CONSTANT)
[ PERFSTAT ]    (samples=13   mean=0.08   median=0.07   min=0.07   stddev=0.00 (1.0%))
[       OK ] Sz_Depth_Cn_Inter_Border_WarpAffine.WarpAffine/72 (7 ms)
[ RUN      ] Sz_Depth_Cn_Inter_Border_WarpAffine.WarpAffine/73, where GetParam() = (1280x720, CV_16U, BGR, INTER_CUBIC, BORDER_REFLECT)
[ PERFSTAT ]    (samples=13   mean=0.12   median=0.12   min=0.12   stddev=0.00 (1.2%))
[       OK ] Sz_Depth_Cn_Inter_Border_WarpAffine.WarpAffine/73 (7 ms)
[ RUN      ] Sz_Depth_Cn_Inter_Border_WarpAffine.WarpAffine/74, where GetParam() = (1280x720, CV_16U, BGR, INTER_CUBIC, BORDER_WRAP)
[ PERFSTAT ]    (samples=13   mean=0.12   median=0.12   min=0.12   stddev=0.00 (0.6%))
[       OK ] Sz_Depth_Cn_Inter_Border_WarpAffine.WarpAffine/74 (7 ms)
[ RUN      ] Sz_Depth_Cn_Inter_Border_WarpAffine.WarpAffine/75, where GetParam() = (1280x720, CV_16U, BGRA, INTER_NEAREST, BORDER_REFLECT101)
[ PERFSTAT ]    (samples=24   mean=0.02   median=0.02   min=0.02   stddev=0.00 (3.0%))
[       OK ] Sz_Depth_Cn_Inter_Border_WarpAffine.WarpAffine/75 (9 ms)
[ RUN      ] Sz_Depth_Cn_Inter_Border_WarpAffine.WarpAffine/76, where GetParam() = (1280x720, CV_16U, BGRA, INTER_NEAREST, BORDER_REPLICATE)
[ PERFSTAT ]    (samples=38   mean=0.02   median=0.02   min=0.02   stddev=0.00 (2.0%))
[       OK ] Sz_Depth_Cn_Inter_Border_WarpAffine.WarpAffine/76 (9 ms)
[ RUN      ] Sz_Depth_Cn_Inter_Border_WarpAffine.WarpAffine/77, where GetParam() = (1280x720, CV_16U, BGRA, INTER_NEAREST, BORDER_CONSTANT)
[ PERFSTAT ]    (samples=25   mean=0.02   median=0.02   min=0.02   stddev=0.00 (2.6%))
[       OK ] Sz_Depth_Cn_Inter_Border_WarpAffine.WarpAffine/77 (8 ms)
[ RUN      ] Sz_Depth_Cn_Inter_Border_WarpAffine.WarpAffine/78, where GetParam() = (1280x720, CV_16U, BGRA, INTER_NEAREST, BORDER_REFLECT)
[ PERFSTAT ]    (samples=13   mean=0.02   median=0.02   min=0.02   stddev=0.00 (2.6%))
[       OK ] Sz_Depth_Cn_Inter_Border_WarpAffine.WarpAffine/78 (8 ms)
[ RUN      ] Sz_Depth_Cn_Inter_Border_WarpAffine.WarpAffine/79, where GetParam() = (1280x720, CV_16U, BGRA, INTER_NEAREST, BORDER_WRAP)
[ PERFSTAT ]    (samples=19   mean=0.02   median=0.02   min=0.02   stddev=0.00 (3.0%))
[       OK ] Sz_Depth_Cn_Inter_Border_WarpAffine.WarpAffine/79 (7 ms)
[ RUN      ] Sz_Depth_Cn_Inter_Border_WarpAffine.WarpAffine/80, where GetParam() = (1280x720, CV_16U, BGRA, INTER_LINEAR, BORDER_REFLECT101)
[ PERFSTAT ]    (samples=13   mean=0.03   median=0.03   min=0.03   stddev=0.00 (1.7%))
[       OK ] Sz_Depth_Cn_Inter_Border_WarpAffine.WarpAffine/80 (8 ms)
[ RUN      ] Sz_Depth_Cn_Inter_Border_WarpAffine.WarpAffine/81, where GetParam() = (1280x720, CV_16U, BGRA, INTER_LINEAR, BORDER_REPLICATE)
[ PERFSTAT ]    (samples=13   mean=0.03   median=0.03   min=0.03   stddev=0.00 (2.7%))
[       OK ] Sz_Depth_Cn_Inter_Border_WarpAffine.WarpAffine/81 (9 ms)
[ RUN      ] Sz_Depth_Cn_Inter_Border_WarpAffine.WarpAffine/82, where GetParam() = (1280x720, CV_16U, BGRA, INTER_LINEAR, BORDER_CONSTANT)
[ PERFSTAT ]    (samples=24   mean=0.03   median=0.03   min=0.03   stddev=0.00 (3.0%))
[       OK ] Sz_Depth_Cn_Inter_Border_WarpAffine.WarpAffine/82 (8 ms)
[ RUN      ] Sz_Depth_Cn_Inter_Border_WarpAffine.WarpAffine/83, where GetParam() = (1280x720, CV_16U, BGRA, INTER_LINEAR, BORDER_REFLECT)
[ PERFSTAT ]    (samples=25   mean=0.03   median=0.03   min=0.03   stddev=0.00 (2.7%))
[       OK ] Sz_Depth_Cn_Inter_Border_WarpAffine.WarpAffine/83 (9 ms)
[ RUN      ] Sz_Depth_Cn_Inter_Border_WarpAffine.WarpAffine/84, where GetParam() = (1280x720, CV_16U, BGRA, INTER_LINEAR, BORDER_WRAP)
[ PERFSTAT ]    (samples=25   mean=0.03   median=0.03   min=0.03   stddev=0.00 (2.5%))
[       OK ] Sz_Depth_Cn_Inter_Border_WarpAffine.WarpAffine/84 (9 ms)
[ RUN      ] Sz_Depth_Cn_Inter_Border_WarpAffine.WarpAffine/85, where GetParam() = (1280x720, CV_16U, BGRA, INTER_CUBIC, BORDER_REFLECT101)
[ PERFSTAT ]    (samples=13   mean=0.10   median=0.10   min=0.10   stddev=0.00 (2.3%))
[       OK ] Sz_Depth_Cn_Inter_Border_WarpAffine.WarpAffine/85 (8 ms)
[ RUN      ] Sz_Depth_Cn_Inter_Border_WarpAffine.WarpAffine/86, where GetParam() = (1280x720, CV_16U, BGRA, INTER_CUBIC, BORDER_REPLICATE)
[ PERFSTAT ]    (samples=13   mean=0.08   median=0.08   min=0.08   stddev=0.00 (1.5%))
[       OK ] Sz_Depth_Cn_Inter_Border_WarpAffine.WarpAffine/86 (8 ms)
[ RUN      ] Sz_Depth_Cn_Inter_Border_WarpAffine.WarpAffine/87, where GetParam() = (1280x720, CV_16U, BGRA, INTER_CUBIC, BORDER_CONSTANT)
[ PERFSTAT ]    (samples=13   mean=0.07   median=0.07   min=0.07   stddev=0.00 (0.8%))
[       OK ] Sz_Depth_Cn_Inter_Border_WarpAffine.WarpAffine/87 (8 ms)
[ RUN      ] Sz_Depth_Cn_Inter_Border_WarpAffine.WarpAffine/88, where GetParam() = (1280x720, CV_16U, BGRA, INTER_CUBIC, BORDER_REFLECT)
[ PERFSTAT ]    (samples=13   mean=0.11   median=0.11   min=0.11   stddev=0.00 (0.8%))
[       OK ] Sz_Depth_Cn_Inter_Border_WarpAffine.WarpAffine/88 (9 ms)
[ RUN      ] Sz_Depth_Cn_Inter_Border_WarpAffine.WarpAffine/89, where GetParam() = (1280x720, CV_16U, BGRA, INTER_CUBIC, BORDER_WRAP)
[ PERFSTAT ]    (samples=13   mean=0.10   median=0.10   min=0.10   stddev=0.00 (1.1%))
[       OK ] Sz_Depth_Cn_Inter_Border_WarpAffine.WarpAffine/89 (8 ms)
[ RUN      ] Sz_Depth_Cn_Inter_Border_WarpAffine.WarpAffine/90, where GetParam() = (1280x720, CV_32F, Gray, INTER_NEAREST, BORDER_REFLECT101)
[ PERFSTAT ]    (samples=25   mean=0.02   median=0.02   min=0.02   stddev=0.00 (1.2%))
[       OK ] Sz_Depth_Cn_Inter_Border_WarpAffine.WarpAffine/90 (4 ms)
[ RUN      ] Sz_Depth_Cn_Inter_Border_WarpAffine.WarpAffine/91, where GetParam() = (1280x720, CV_32F, Gray, INTER_NEAREST, BORDER_REPLICATE)
[ PERFSTAT ]    (samples=32   mean=0.02   median=0.02   min=0.02   stddev=0.00 (3.0%))
[       OK ] Sz_Depth_Cn_Inter_Border_WarpAffine.WarpAffine/91 (4 ms)
[ RUN      ] Sz_Depth_Cn_Inter_Border_WarpAffine.WarpAffine/92, where GetParam() = (1280x720, CV_32F, Gray, INTER_NEAREST, BORDER_CONSTANT)
[ PERFSTAT ]    (samples=25   mean=0.02   median=0.02   min=0.02   stddev=0.00 (2.6%))
[       OK ] Sz_Depth_Cn_Inter_Border_WarpAffine.WarpAffine/92 (3 ms)
[ RUN      ] Sz_Depth_Cn_Inter_Border_WarpAffine.WarpAffine/93, where GetParam() = (1280x720, CV_32F, Gray, INTER_NEAREST, BORDER_REFLECT)
[ PERFSTAT ]    (samples=13   mean=0.02   median=0.02   min=0.02   stddev=0.00 (2.5%))
[       OK ] Sz_Depth_Cn_Inter_Border_WarpAffine.WarpAffine/93 (3 ms)
[ RUN      ] Sz_Depth_Cn_Inter_Border_WarpAffine.WarpAffine/94, where GetParam() = (1280x720, CV_32F, Gray, INTER_NEAREST, BORDER_WRAP)
[ PERFSTAT ]    (samples=38   mean=0.02   median=0.02   min=0.02   stddev=0.00 (2.8%))
[       OK ] Sz_Depth_Cn_Inter_Border_WarpAffine.WarpAffine/94 (4 ms)
[ RUN      ] Sz_Depth_Cn_Inter_Border_WarpAffine.WarpAffine/95, where GetParam() = (1280x720, CV_32F, Gray, INTER_LINEAR, BORDER_REFLECT101)
[ PERFSTAT ]    (samples=13   mean=0.02   median=0.02   min=0.02   stddev=0.00 (3.0%))
[       OK ] Sz_Depth_Cn_Inter_Border_WarpAffine.WarpAffine/95 (3 ms)
[ RUN      ] Sz_Depth_Cn_Inter_Border_WarpAffine.WarpAffine/96, where GetParam() = (1280x720, CV_32F, Gray, INTER_LINEAR, BORDER_REPLICATE)
[ PERFSTAT ]    (samples=19   mean=0.02   median=0.02   min=0.02   stddev=0.00 (3.0%))
[       OK ] Sz_Depth_Cn_Inter_Border_WarpAffine.WarpAffine/96 (3 ms)
[ RUN      ] Sz_Depth_Cn_Inter_Border_WarpAffine.WarpAffine/97, where GetParam() = (1280x720, CV_32F, Gray, INTER_LINEAR, BORDER_CONSTANT)
[ PERFSTAT ]    (samples=25   mean=0.02   median=0.02   min=0.02   stddev=0.00 (2.3%))
[       OK ] Sz_Depth_Cn_Inter_Border_WarpAffine.WarpAffine/97 (4 ms)
[ RUN      ] Sz_Depth_Cn_Inter_Border_WarpAffine.WarpAffine/98, where GetParam() = (1280x720, CV_32F, Gray, INTER_LINEAR, BORDER_REFLECT)
[ PERFSTAT ]    (samples=13   mean=0.02   median=0.02   min=0.02   stddev=0.00 (2.4%))
[       OK ] Sz_Depth_Cn_Inter_Border_WarpAffine.WarpAffine/98 (3 ms)
[ RUN      ] Sz_Depth_Cn_Inter_Border_WarpAffine.WarpAffine/99, where GetParam() = (1280x720, CV_32F, Gray, INTER_LINEAR, BORDER_WRAP)
[ PERFSTAT ]    (samples=24   mean=0.03   median=0.03   min=0.03   stddev=0.00 (3.0%))
[       OK ] Sz_Depth_Cn_Inter_Border_WarpAffine.WarpAffine/99 (4 ms)
[ RUN      ] Sz_Depth_Cn_Inter_Border_WarpAffine.WarpAffine/100, where GetParam() = (1280x720, CV_32F, Gray, INTER_CUBIC, BORDER_REFLECT101)
[ PERFSTAT ]    (samples=13   mean=0.08   median=0.08   min=0.08   stddev=0.00 (0.9%))
[       OK ] Sz_Depth_Cn_Inter_Border_WarpAffine.WarpAffine/100 (3 ms)
[ RUN      ] Sz_Depth_Cn_Inter_Border_WarpAffine.WarpAffine/101, where GetParam() = (1280x720, CV_32F, Gray, INTER_CUBIC, BORDER_REPLICATE)
[ PERFSTAT ]    (samples=19   mean=0.05   median=0.05   min=0.05   stddev=0.00 (2.9%))
[       OK ] Sz_Depth_Cn_Inter_Border_WarpAffine.WarpAffine/101 (4 ms)
[ RUN      ] Sz_Depth_Cn_Inter_Border_WarpAffine.WarpAffine/102, where GetParam() = (1280x720, CV_32F, Gray, INTER_CUBIC, BORDER_CONSTANT)
[ PERFSTAT ]    (samples=13   mean=0.05   median=0.05   min=0.05   stddev=0.00 (1.8%))
[       OK ] Sz_Depth_Cn_Inter_Border_WarpAffine.WarpAffine/102 (4 ms)
[ RUN      ] Sz_Depth_Cn_Inter_Border_WarpAffine.WarpAffine/103, where GetParam() = (1280x720, CV_32F, Gray, INTER_CUBIC, BORDER_REFLECT)
[ PERFSTAT ]    (samples=13   mean=0.09   median=0.09   min=0.09   stddev=0.00 (0.8%))
[       OK ] Sz_Depth_Cn_Inter_Border_WarpAffine.WarpAffine/103 (4 ms)
[ RUN      ] Sz_Depth_Cn_Inter_Border_WarpAffine.WarpAffine/104, where GetParam() = (1280x720, CV_32F, Gray, INTER_CUBIC, BORDER_WRAP)
[ PERFSTAT ]    (samples=13   mean=0.08   median=0.08   min=0.08   stddev=0.00 (1.4%))
[       OK ] Sz_Depth_Cn_Inter_Border_WarpAffine.WarpAffine/104 (4 ms)
[ RUN      ] Sz_Depth_Cn_Inter_Border_WarpAffine.WarpAffine/105, where GetParam() = (1280x720, CV_32F, BGR, INTER_NEAREST, BORDER_REFLECT101)
[ PERFSTAT ]    (samples=13   mean=0.03   median=0.03   min=0.03   stddev=0.00 (1.4%))
[       OK ] Sz_Depth_Cn_Inter_Border_WarpAffine.WarpAffine/105 (9 ms)
[ RUN      ] Sz_Depth_Cn_Inter_Border_WarpAffine.WarpAffine/106, where GetParam() = (1280x720, CV_32F, BGR, INTER_NEAREST, BORDER_REPLICATE)
[ PERFSTAT ]    (samples=13   mean=0.02   median=0.02   min=0.02   stddev=0.00 (1.3%))
[       OK ] Sz_Depth_Cn_Inter_Border_WarpAffine.WarpAffine/106 (8 ms)
[ RUN      ] Sz_Depth_Cn_Inter_Border_WarpAffine.WarpAffine/107, where GetParam() = (1280x720, CV_32F, BGR, INTER_NEAREST, BORDER_CONSTANT)
[ PERFSTAT ]    (samples=25   mean=0.02   median=0.02   min=0.02   stddev=0.00 (1.5%))
[       OK ] Sz_Depth_Cn_Inter_Border_WarpAffine.WarpAffine/107 (8 ms)
[ RUN      ] Sz_Depth_Cn_Inter_Border_WarpAffine.WarpAffine/108, where GetParam() = (1280x720, CV_32F, BGR, INTER_NEAREST, BORDER_REFLECT)
[ PERFSTAT ]    (samples=13   mean=0.03   median=0.03   min=0.03   stddev=0.00 (1.5%))
[       OK ] Sz_Depth_Cn_Inter_Border_WarpAffine.WarpAffine/108 (9 ms)
[ RUN      ] Sz_Depth_Cn_Inter_Border_WarpAffine.WarpAffine/109, where GetParam() = (1280x720, CV_32F, BGR, INTER_NEAREST, BORDER_WRAP)
[ PERFSTAT ]    (samples=25   mean=0.03   median=0.03   min=0.02   stddev=0.00 (1.9%))
[       OK ] Sz_Depth_Cn_Inter_Border_WarpAffine.WarpAffine/109 (8 ms)
[ RUN      ] Sz_Depth_Cn_Inter_Border_WarpAffine.WarpAffine/110, where GetParam() = (1280x720, CV_32F, BGR, INTER_LINEAR, BORDER_REFLECT101)
[ PERFSTAT ]    (samples=13   mean=0.04   median=0.04   min=0.04   stddev=0.00 (1.6%))
[       OK ] Sz_Depth_Cn_Inter_Border_WarpAffine.WarpAffine/110 (9 ms)
[ RUN      ] Sz_Depth_Cn_Inter_Border_WarpAffine.WarpAffine/111, where GetParam() = (1280x720, CV_32F, BGR, INTER_LINEAR, BORDER_REPLICATE)
[ PERFSTAT ]    (samples=13   mean=0.04   median=0.04   min=0.04   stddev=0.00 (1.5%))
[       OK ] Sz_Depth_Cn_Inter_Border_WarpAffine.WarpAffine/111 (8 ms)
[ RUN      ] Sz_Depth_Cn_Inter_Border_WarpAffine.WarpAffine/112, where GetParam() = (1280x720, CV_32F, BGR, INTER_LINEAR, BORDER_CONSTANT)
[ PERFSTAT ]    (samples=13   mean=0.03   median=0.03   min=0.03   stddev=0.00 (2.5%))
[       OK ] Sz_Depth_Cn_Inter_Border_WarpAffine.WarpAffine/112 (9 ms)
[ RUN      ] Sz_Depth_Cn_Inter_Border_WarpAffine.WarpAffine/113, where GetParam() = (1280x720, CV_32F, BGR, INTER_LINEAR, BORDER_REFLECT)
[ PERFSTAT ]    (samples=13   mean=0.04   median=0.04   min=0.04   stddev=0.00 (0.9%))
[       OK ] Sz_Depth_Cn_Inter_Border_WarpAffine.WarpAffine/113 (8 ms)
[ RUN      ] Sz_Depth_Cn_Inter_Border_WarpAffine.WarpAffine/114, where GetParam() = (1280x720, CV_32F, BGR, INTER_LINEAR, BORDER_WRAP)
[ PERFSTAT ]    (samples=13   mean=0.04   median=0.04   min=0.04   stddev=0.00 (1.0%))
[       OK ] Sz_Depth_Cn_Inter_Border_WarpAffine.WarpAffine/114 (8 ms)
[ RUN      ] Sz_Depth_Cn_Inter_Border_WarpAffine.WarpAffine/115, where GetParam() = (1280x720, CV_32F, BGR, INTER_CUBIC, BORDER_REFLECT101)
[ PERFSTAT ]    (samples=13   mean=0.11   median=0.11   min=0.10   stddev=0.00 (0.6%))
[       OK ] Sz_Depth_Cn_Inter_Border_WarpAffine.WarpAffine/115 (9 ms)
[ RUN      ] Sz_Depth_Cn_Inter_Border_WarpAffine.WarpAffine/116, where GetParam() = (1280x720, CV_32F, BGR, INTER_CUBIC, BORDER_REPLICATE)
[ PERFSTAT ]    (samples=13   mean=0.11   median=0.11   min=0.11   stddev=0.00 (1.0%))
[       OK ] Sz_Depth_Cn_Inter_Border_WarpAffine.WarpAffine/116 (10 ms)
[ RUN      ] Sz_Depth_Cn_Inter_Border_WarpAffine.WarpAffine/117, where GetParam() = (1280x720, CV_32F, BGR, INTER_CUBIC, BORDER_CONSTANT)
[ PERFSTAT ]    (samples=13   mean=0.08   median=0.08   min=0.07   stddev=0.00 (1.5%))
[       OK ] Sz_Depth_Cn_Inter_Border_WarpAffine.WarpAffine/117 (8 ms)
[ RUN      ] Sz_Depth_Cn_Inter_Border_WarpAffine.WarpAffine/118, where GetParam() = (1280x720, CV_32F, BGR, INTER_CUBIC, BORDER_REFLECT)
[ PERFSTAT ]    (samples=13   mean=0.11   median=0.11   min=0.10   stddev=0.00 (0.7%))
[       OK ] Sz_Depth_Cn_Inter_Border_WarpAffine.WarpAffine/118 (10 ms)
[ RUN      ] Sz_Depth_Cn_Inter_Border_WarpAffine.WarpAffine/119, where GetParam() = (1280x720, CV_32F, BGR, INTER_CUBIC, BORDER_WRAP)
[ PERFSTAT ]    (samples=13   mean=0.11   median=0.11   min=0.10   stddev=0.00 (0.8%))
[       OK ] Sz_Depth_Cn_Inter_Border_WarpAffine.WarpAffine/119 (9 ms)
[ RUN      ] Sz_Depth_Cn_Inter_Border_WarpAffine.WarpAffine/120, where GetParam() = (1280x720, CV_32F, BGRA, INTER_NEAREST, BORDER_REFLECT101)
[ PERFSTAT ]    (samples=28   mean=0.03   median=0.03   min=0.02   stddev=0.00 (3.0%))
[       OK ] Sz_Depth_Cn_Inter_Border_WarpAffine.WarpAffine/120 (12 ms)
[ RUN      ] Sz_Depth_Cn_Inter_Border_WarpAffine.WarpAffine/121, where GetParam() = (1280x720, CV_32F, BGRA, INTER_NEAREST, BORDER_REPLICATE)
[ PERFSTAT ]    (samples=38   mean=0.02   median=0.02   min=0.02   stddev=0.00 (2.4%))
[       OK ] Sz_Depth_Cn_Inter_Border_WarpAffine.WarpAffine/121 (11 ms)
[ RUN      ] Sz_Depth_Cn_Inter_Border_WarpAffine.WarpAffine/122, where GetParam() = (1280x720, CV_32F, BGRA, INTER_NEAREST, BORDER_CONSTANT)
[ PERFSTAT ]    (samples=66   mean=0.02   median=0.02   min=0.02   stddev=0.00 (3.0%))
[       OK ] Sz_Depth_Cn_Inter_Border_WarpAffine.WarpAffine/122 (12 ms)
[ RUN      ] Sz_Depth_Cn_Inter_Border_WarpAffine.WarpAffine/123, where GetParam() = (1280x720, CV_32F, BGRA, INTER_NEAREST, BORDER_REFLECT)
[ PERFSTAT ]    (samples=25   mean=0.03   median=0.03   min=0.02   stddev=0.00 (1.7%))
[       OK ] Sz_Depth_Cn_Inter_Border_WarpAffine.WarpAffine/123 (11 ms)
[ RUN      ] Sz_Depth_Cn_Inter_Border_WarpAffine.WarpAffine/124, where GetParam() = (1280x720, CV_32F, BGRA, INTER_NEAREST, BORDER_WRAP)
[ PERFSTAT ]    (samples=25   mean=0.03   median=0.03   min=0.02   stddev=0.00 (2.5%))
[       OK ] Sz_Depth_Cn_Inter_Border_WarpAffine.WarpAffine/124 (12 ms)
[ RUN      ] Sz_Depth_Cn_Inter_Border_WarpAffine.WarpAffine/125, where GetParam() = (1280x720, CV_32F, BGRA, INTER_LINEAR, BORDER_REFLECT101)
[ PERFSTAT ]    (samples=22   mean=0.03   median=0.03   min=0.03   stddev=0.00 (2.9%))
[       OK ] Sz_Depth_Cn_Inter_Border_WarpAffine.WarpAffine/125 (11 ms)
[ RUN      ] Sz_Depth_Cn_Inter_Border_WarpAffine.WarpAffine/126, where GetParam() = (1280x720, CV_32F, BGRA, INTER_LINEAR, BORDER_REPLICATE)
[ PERFSTAT ]    (samples=38   mean=0.03   median=0.03   min=0.03   stddev=0.00 (2.5%))
[       OK ] Sz_Depth_Cn_Inter_Border_WarpAffine.WarpAffine/126 (11 ms)
[ RUN      ] Sz_Depth_Cn_Inter_Border_WarpAffine.WarpAffine/127, where GetParam() = (1280x720, CV_32F, BGRA, INTER_LINEAR, BORDER_CONSTANT)
[ PERFSTAT ]    (samples=25   mean=0.03   median=0.03   min=0.02   stddev=0.00 (2.6%))
[       OK ] Sz_Depth_Cn_Inter_Border_WarpAffine.WarpAffine/127 (12 ms)
[ RUN      ] Sz_Depth_Cn_Inter_Border_WarpAffine.WarpAffine/128, where GetParam() = (1280x720, CV_32F, BGRA, INTER_LINEAR, BORDER_REFLECT)
[ PERFSTAT ]    (samples=25   mean=0.03   median=0.03   min=0.03   stddev=0.00 (2.7%))
[       OK ] Sz_Depth_Cn_Inter_Border_WarpAffine.WarpAffine/128 (12 ms)
[ RUN      ] Sz_Depth_Cn_Inter_Border_WarpAffine.WarpAffine/129, where GetParam() = (1280x720, CV_32F, BGRA, INTER_LINEAR, BORDER_WRAP)
[ PERFSTAT ]    (samples=38   mean=0.03   median=0.03   min=0.03   stddev=0.00 (2.0%))
[       OK ] Sz_Depth_Cn_Inter_Border_WarpAffine.WarpAffine/129 (11 ms)
[ RUN      ] Sz_Depth_Cn_Inter_Border_WarpAffine.WarpAffine/130, where GetParam() = (1280x720, CV_32F, BGRA, INTER_CUBIC, BORDER_REFLECT101)
[ PERFSTAT ]    (samples=13   mean=0.09   median=0.09   min=0.09   stddev=0.00 (1.7%))
[       OK ] Sz_Depth_Cn_Inter_Border_WarpAffine.WarpAffine/130 (12 ms)
[ RUN      ] Sz_Depth_Cn_Inter_Border_WarpAffine.WarpAffine/131, where GetParam() = (1280x720, CV_32F, BGRA, INTER_CUBIC, BORDER_REPLICATE)
[ PERFSTAT ]    (samples=13   mean=0.07   median=0.07   min=0.07   stddev=0.00 (1.8%))
[       OK ] Sz_Depth_Cn_Inter_Border_WarpAffine.WarpAffine/131 (11 ms)
[ RUN      ] Sz_Depth_Cn_Inter_Border_WarpAffine.WarpAffine/132, where GetParam() = (1280x720, CV_32F, BGRA, INTER_CUBIC, BORDER_CONSTANT)
[ PERFSTAT ]    (samples=13   mean=0.06   median=0.06   min=0.06   stddev=0.00 (2.8%))
[       OK ] Sz_Depth_Cn_Inter_Border_WarpAffine.WarpAffine/132 (12 ms)
[ RUN      ] Sz_Depth_Cn_Inter_Border_WarpAffine.WarpAffine/133, where GetParam() = (1280x720, CV_32F, BGRA, INTER_CUBIC, BORDER_REFLECT)
[ PERFSTAT ]    (samples=13   mean=0.09   median=0.09   min=0.09   stddev=0.00 (1.1%))
[       OK ] Sz_Depth_Cn_Inter_Border_WarpAffine.WarpAffine/133 (11 ms)
[ RUN      ] Sz_Depth_Cn_Inter_Border_WarpAffine.WarpAffine/134, where GetParam() = (1280x720, CV_32F, BGRA, INTER_CUBIC, BORDER_WRAP)
[ PERFSTAT ]    (samples=13   mean=0.09   median=0.09   min=0.09   stddev=0.00 (2.2%))
[       OK ] Sz_Depth_Cn_Inter_Border_WarpAffine.WarpAffine/134 (12 ms)
[ RUN      ] Sz_Depth_Cn_Inter_Border_WarpAffine.WarpAffine/135, where GetParam() = (1280x1024, CV_8U, Gray, INTER_NEAREST, BORDER_REFLECT101)
[ PERFSTAT ]    (samples=25   mean=0.02   median=0.02   min=0.02   stddev=0.00 (1.3%))
[       OK ] Sz_Depth_Cn_Inter_Border_WarpAffine.WarpAffine/135 (3 ms)
[ RUN      ] Sz_Depth_Cn_Inter_Border_WarpAffine.WarpAffine/136, where GetParam() = (1280x1024, CV_8U, Gray, INTER_NEAREST, BORDER_REPLICATE)
[ PERFSTAT ]    (samples=14   mean=0.02   median=0.02   min=0.02   stddev=0.00 (2.9%))
[       OK ] Sz_Depth_Cn_Inter_Border_WarpAffine.WarpAffine/136 (2 ms)
[ RUN      ] Sz_Depth_Cn_Inter_Border_WarpAffine.WarpAffine/137, where GetParam() = (1280x1024, CV_8U, Gray, INTER_NEAREST, BORDER_CONSTANT)
[ PERFSTAT ]    (samples=25   mean=0.02   median=0.02   min=0.02   stddev=0.00 (2.3%))
[       OK ] Sz_Depth_Cn_Inter_Border_WarpAffine.WarpAffine/137 (3 ms)
[ RUN      ] Sz_Depth_Cn_Inter_Border_WarpAffine.WarpAffine/138, where GetParam() = (1280x1024, CV_8U, Gray, INTER_NEAREST, BORDER_REFLECT)
[ PERFSTAT ]    (samples=13   mean=0.02   median=0.02   min=0.02   stddev=0.00 (1.8%))
[       OK ] Sz_Depth_Cn_Inter_Border_WarpAffine.WarpAffine/138 (2 ms)
[ RUN      ] Sz_Depth_Cn_Inter_Border_WarpAffine.WarpAffine/139, where GetParam() = (1280x1024, CV_8U, Gray, INTER_NEAREST, BORDER_WRAP)
[ PERFSTAT ]    (samples=13   mean=0.02   median=0.02   min=0.02   stddev=0.00 (2.3%))
[       OK ] Sz_Depth_Cn_Inter_Border_WarpAffine.WarpAffine/139 (2 ms)
[ RUN      ] Sz_Depth_Cn_Inter_Border_WarpAffine.WarpAffine/140, where GetParam() = (1280x1024, CV_8U, Gray, INTER_LINEAR, BORDER_REFLECT101)
[ PERFSTAT ]    (samples=13   mean=0.03   median=0.03   min=0.03   stddev=0.00 (1.6%))
[       OK ] Sz_Depth_Cn_Inter_Border_WarpAffine.WarpAffine/140 (2 ms)
[ RUN      ] Sz_Depth_Cn_Inter_Border_WarpAffine.WarpAffine/141, where GetParam() = (1280x1024, CV_8U, Gray, INTER_LINEAR, BORDER_REPLICATE)
[ PERFSTAT ]    (samples=13   mean=0.03   median=0.03   min=0.02   stddev=0.00 (2.6%))
[       OK ] Sz_Depth_Cn_Inter_Border_WarpAffine.WarpAffine/141 (2 ms)
[ RUN      ] Sz_Depth_Cn_Inter_Border_WarpAffine.WarpAffine/142, where GetParam() = (1280x1024, CV_8U, Gray, INTER_LINEAR, BORDER_CONSTANT)
[ PERFSTAT ]    (samples=13   mean=0.02   median=0.02   min=0.02   stddev=0.00 (2.5%))
[       OK ] Sz_Depth_Cn_Inter_Border_WarpAffine.WarpAffine/142 (2 ms)
[ RUN      ] Sz_Depth_Cn_Inter_Border_WarpAffine.WarpAffine/143, where GetParam() = (1280x1024, CV_8U, Gray, INTER_LINEAR, BORDER_REFLECT)
[ PERFSTAT ]    (samples=13   mean=0.03   median=0.03   min=0.03   stddev=0.00 (1.2%))
[       OK ] Sz_Depth_Cn_Inter_Border_WarpAffine.WarpAffine/143 (3 ms)
[ RUN      ] Sz_Depth_Cn_Inter_Border_WarpAffine.WarpAffine/144, where GetParam() = (1280x1024, CV_8U, Gray, INTER_LINEAR, BORDER_WRAP)
[ PERFSTAT ]    (samples=13   mean=0.03   median=0.03   min=0.03   stddev=0.00 (1.1%))
[       OK ] Sz_Depth_Cn_Inter_Border_WarpAffine.WarpAffine/144 (2 ms)
[ RUN      ] Sz_Depth_Cn_Inter_Border_WarpAffine.WarpAffine/145, where GetParam() = (1280x1024, CV_8U, Gray, INTER_CUBIC, BORDER_REFLECT101)
[ PERFSTAT ]    (samples=13   mean=0.11   median=0.11   min=0.11   stddev=0.00 (0.5%))
[       OK ] Sz_Depth_Cn_Inter_Border_WarpAffine.WarpAffine/145 (3 ms)
[ RUN      ] Sz_Depth_Cn_Inter_Border_WarpAffine.WarpAffine/146, where GetParam() = (1280x1024, CV_8U, Gray, INTER_CUBIC, BORDER_REPLICATE)
[ PERFSTAT ]    (samples=13   mean=0.08   median=0.08   min=0.08   stddev=0.00 (2.4%))
[       OK ] Sz_Depth_Cn_Inter_Border_WarpAffine.WarpAffine/146 (3 ms)
[ RUN      ] Sz_Depth_Cn_Inter_Border_WarpAffine.WarpAffine/147, where GetParam() = (1280x1024, CV_8U, Gray, INTER_CUBIC, BORDER_CONSTANT)
[ PERFSTAT ]    (samples=13   mean=0.05   median=0.05   min=0.05   stddev=0.00 (1.4%))
[       OK ] Sz_Depth_Cn_Inter_Border_WarpAffine.WarpAffine/147 (3 ms)
[ RUN      ] Sz_Depth_Cn_Inter_Border_WarpAffine.WarpAffine/148, where GetParam() = (1280x1024, CV_8U, Gray, INTER_CUBIC, BORDER_REFLECT)
[ PERFSTAT ]    (samples=13   mean=0.12   median=0.12   min=0.12   stddev=0.00 (0.5%))
[       OK ] Sz_Depth_Cn_Inter_Border_WarpAffine.WarpAffine/148 (4 ms)
[ RUN      ] Sz_Depth_Cn_Inter_Border_WarpAffine.WarpAffine/149, where GetParam() = (1280x1024, CV_8U, Gray, INTER_CUBIC, BORDER_WRAP)
[ PERFSTAT ]    (samples=13   mean=0.10   median=0.10   min=0.10   stddev=0.00 (1.9%))
[       OK ] Sz_Depth_Cn_Inter_Border_WarpAffine.WarpAffine/149 (3 ms)
[ RUN      ] Sz_Depth_Cn_Inter_Border_WarpAffine.WarpAffine/150, where GetParam() = (1280x1024, CV_8U, BGR, INTER_NEAREST, BORDER_REFLECT101)
[ PERFSTAT ]    (samples=25   mean=0.02   median=0.02   min=0.02   stddev=0.00 (1.1%))
[       OK ] Sz_Depth_Cn_Inter_Border_WarpAffine.WarpAffine/150 (5 ms)
[ RUN      ] Sz_Depth_Cn_Inter_Border_WarpAffine.WarpAffine/151, where GetParam() = (1280x1024, CV_8U, BGR, INTER_NEAREST, BORDER_REPLICATE)
[ PERFSTAT ]    (samples=13   mean=0.02   median=0.02   min=0.02   stddev=0.00 (2.0%))
[       OK ] Sz_Depth_Cn_Inter_Border_WarpAffine.WarpAffine/151 (4 ms)
[ RUN      ] Sz_Depth_Cn_Inter_Border_WarpAffine.WarpAffine/152, where GetParam() = (1280x1024, CV_8U, BGR, INTER_NEAREST, BORDER_CONSTANT)
[ PERFSTAT ]    (samples=13   mean=0.02   median=0.02   min=0.02   stddev=0.00 (0.9%))
[       OK ] Sz_Depth_Cn_Inter_Border_WarpAffine.WarpAffine/152 (5 ms)
[ RUN      ] Sz_Depth_Cn_Inter_Border_WarpAffine.WarpAffine/153, where GetParam() = (1280x1024, CV_8U, BGR, INTER_NEAREST, BORDER_REFLECT)
[ PERFSTAT ]    (samples=13   mean=0.02   median=0.02   min=0.02   stddev=0.00 (0.9%))
[       OK ] Sz_Depth_Cn_Inter_Border_WarpAffine.WarpAffine/153 (4 ms)
[ RUN      ] Sz_Depth_Cn_Inter_Border_WarpAffine.WarpAffine/154, where GetParam() = (1280x1024, CV_8U, BGR, INTER_NEAREST, BORDER_WRAP)
[ PERFSTAT ]    (samples=13   mean=0.02   median=0.02   min=0.02   stddev=0.00 (1.1%))
[       OK ] Sz_Depth_Cn_Inter_Border_WarpAffine.WarpAffine/154 (5 ms)
[ RUN      ] Sz_Depth_Cn_Inter_Border_WarpAffine.WarpAffine/155, where GetParam() = (1280x1024, CV_8U, BGR, INTER_LINEAR, BORDER_REFLECT101)
[ PERFSTAT ]    (samples=13   mean=0.04   median=0.04   min=0.04   stddev=0.00 (1.7%))
[       OK ] Sz_Depth_Cn_Inter_Border_WarpAffine.WarpAffine/155 (5 ms)
[ RUN      ] Sz_Depth_Cn_Inter_Border_WarpAffine.WarpAffine/156, where GetParam() = (1280x1024, CV_8U, BGR, INTER_LINEAR, BORDER_REPLICATE)
[ PERFSTAT ]    (samples=13   mean=0.05   median=0.05   min=0.05   stddev=0.00 (0.7%))
[       OK ] Sz_Depth_Cn_Inter_Border_WarpAffine.WarpAffine/156 (5 ms)
[ RUN      ] Sz_Depth_Cn_Inter_Border_WarpAffine.WarpAffine/157, where GetParam() = (1280x1024, CV_8U, BGR, INTER_LINEAR, BORDER_CONSTANT)
[ PERFSTAT ]    (samples=13   mean=0.03   median=0.03   min=0.03   stddev=0.00 (1.8%))
[       OK ] Sz_Depth_Cn_Inter_Border_WarpAffine.WarpAffine/157 (5 ms)
[ RUN      ] Sz_Depth_Cn_Inter_Border_WarpAffine.WarpAffine/158, where GetParam() = (1280x1024, CV_8U, BGR, INTER_LINEAR, BORDER_REFLECT)
[ PERFSTAT ]    (samples=13   mean=0.04   median=0.04   min=0.04   stddev=0.00 (1.0%))
[       OK ] Sz_Depth_Cn_Inter_Border_WarpAffine.WarpAffine/158 (5 ms)
[ RUN      ] Sz_Depth_Cn_Inter_Border_WarpAffine.WarpAffine/159, where GetParam() = (1280x1024, CV_8U, BGR, INTER_LINEAR, BORDER_WRAP)
[ PERFSTAT ]    (samples=13   mean=0.04   median=0.04   min=0.04   stddev=0.00 (1.1%))
[       OK ] Sz_Depth_Cn_Inter_Border_WarpAffine.WarpAffine/159 (4 ms)
[ RUN      ] Sz_Depth_Cn_Inter_Border_WarpAffine.WarpAffine/160, where GetParam() = (1280x1024, CV_8U, BGR, INTER_CUBIC, BORDER_REFLECT101)
[ PERFSTAT ]    (samples=13   mean=0.12   median=0.12   min=0.12   stddev=0.00 (0.4%))
[       OK ] Sz_Depth_Cn_Inter_Border_WarpAffine.WarpAffine/160 (6 ms)
[ RUN      ] Sz_Depth_Cn_Inter_Border_WarpAffine.WarpAffine/161, where GetParam() = (1280x1024, CV_8U, BGR, INTER_CUBIC, BORDER_REPLICATE)
[ PERFSTAT ]    (samples=13   mean=0.12   median=0.12   min=0.12   stddev=0.00 (0.6%))
[       OK ] Sz_Depth_Cn_Inter_Border_WarpAffine.WarpAffine/161 (6 ms)
[ RUN      ] Sz_Depth_Cn_Inter_Border_WarpAffine.WarpAffine/162, where GetParam() = (1280x1024, CV_8U, BGR, INTER_CUBIC, BORDER_CONSTANT)
[ PERFSTAT ]    (samples=13   mean=0.08   median=0.08   min=0.08   stddev=0.00 (0.7%))
[       OK ] Sz_Depth_Cn_Inter_Border_WarpAffine.WarpAffine/162 (5 ms)
[ RUN      ] Sz_Depth_Cn_Inter_Border_WarpAffine.WarpAffine/163, where GetParam() = (1280x1024, CV_8U, BGR, INTER_CUBIC, BORDER_REFLECT)
[ PERFSTAT ]    (samples=13   mean=0.12   median=0.12   min=0.12   stddev=0.00 (0.4%))
[       OK ] Sz_Depth_Cn_Inter_Border_WarpAffine.WarpAffine/163 (7 ms)
[ RUN      ] Sz_Depth_Cn_Inter_Border_WarpAffine.WarpAffine/164, where GetParam() = (1280x1024, CV_8U, BGR, INTER_CUBIC, BORDER_WRAP)
[ PERFSTAT ]    (samples=13   mean=0.11   median=0.11   min=0.11   stddev=0.00 (0.4%))
[       OK ] Sz_Depth_Cn_Inter_Border_WarpAffine.WarpAffine/164 (6 ms)
[ RUN      ] Sz_Depth_Cn_Inter_Border_WarpAffine.WarpAffine/165, where GetParam() = (1280x1024, CV_8U, BGRA, INTER_NEAREST, BORDER_REFLECT101)
[ PERFSTAT ]    (samples=13   mean=0.03   median=0.03   min=0.03   stddev=0.00 (1.2%))
[       OK ] Sz_Depth_Cn_Inter_Border_WarpAffine.WarpAffine/165 (5 ms)
[ RUN      ] Sz_Depth_Cn_Inter_Border_WarpAffine.WarpAffine/166, where GetParam() = (1280x1024, CV_8U, BGRA, INTER_NEAREST, BORDER_REPLICATE)
[ PERFSTAT ]    (samples=13   mean=0.02   median=0.02   min=0.02   stddev=0.00 (1.6%))
[       OK ] Sz_Depth_Cn_Inter_Border_WarpAffine.WarpAffine/166 (6 ms)
[ RUN      ] Sz_Depth_Cn_Inter_Border_WarpAffine.WarpAffine/167, where GetParam() = (1280x1024, CV_8U, BGRA, INTER_NEAREST, BORDER_CONSTANT)
[ PERFSTAT ]    (samples=13   mean=0.02   median=0.02   min=0.02   stddev=0.00 (3.0%))
[       OK ] Sz_Depth_Cn_Inter_Border_WarpAffine.WarpAffine/167 (6 ms)
[ RUN      ] Sz_Depth_Cn_Inter_Border_WarpAffine.WarpAffine/168, where GetParam() = (1280x1024, CV_8U, BGRA, INTER_NEAREST, BORDER_REFLECT)
[ PERFSTAT ]    (samples=13   mean=0.03   median=0.03   min=0.03   stddev=0.00 (1.3%))
[       OK ] Sz_Depth_Cn_Inter_Border_WarpAffine.WarpAffine/168 (5 ms)
[ RUN      ] Sz_Depth_Cn_Inter_Border_WarpAffine.WarpAffine/169, where GetParam() = (1280x1024, CV_8U, BGRA, INTER_NEAREST, BORDER_WRAP)
[ PERFSTAT ]    (samples=13   mean=0.02   median=0.02   min=0.02   stddev=0.00 (1.9%))
[       OK ] Sz_Depth_Cn_Inter_Border_WarpAffine.WarpAffine/169 (6 ms)
[ RUN      ] Sz_Depth_Cn_Inter_Border_WarpAffine.WarpAffine/170, where GetParam() = (1280x1024, CV_8U, BGRA, INTER_LINEAR, BORDER_REFLECT101)
[ PERFSTAT ]    (samples=13   mean=0.04   median=0.04   min=0.04   stddev=0.00 (1.2%))
[       OK ] Sz_Depth_Cn_Inter_Border_WarpAffine.WarpAffine/170 (6 ms)
[ RUN      ] Sz_Depth_Cn_Inter_Border_WarpAffine.WarpAffine/171, where GetParam() = (1280x1024, CV_8U, BGRA, INTER_LINEAR, BORDER_REPLICATE)
[ PERFSTAT ]    (samples=13   mean=0.03   median=0.03   min=0.03   stddev=0.00 (1.0%))
[       OK ] Sz_Depth_Cn_Inter_Border_WarpAffine.WarpAffine/171 (6 ms)
[ RUN      ] Sz_Depth_Cn_Inter_Border_WarpAffine.WarpAffine/172, where GetParam() = (1280x1024, CV_8U, BGRA, INTER_LINEAR, BORDER_CONSTANT)
[ PERFSTAT ]    (samples=13   mean=0.03   median=0.03   min=0.03   stddev=0.00 (1.7%))
[       OK ] Sz_Depth_Cn_Inter_Border_WarpAffine.WarpAffine/172 (6 ms)
[ RUN      ] Sz_Depth_Cn_Inter_Border_WarpAffine.WarpAffine/173, where GetParam() = (1280x1024, CV_8U, BGRA, INTER_LINEAR, BORDER_REFLECT)
[ PERFSTAT ]    (samples=13   mean=0.04   median=0.04   min=0.04   stddev=0.00 (1.3%))
[       OK ] Sz_Depth_Cn_Inter_Border_WarpAffine.WarpAffine/173 (6 ms)
[ RUN      ] Sz_Depth_Cn_Inter_Border_WarpAffine.WarpAffine/174, where GetParam() = (1280x1024, CV_8U, BGRA, INTER_LINEAR, BORDER_WRAP)
[ PERFSTAT ]    (samples=13   mean=0.04   median=0.04   min=0.04   stddev=0.00 (1.5%))
[       OK ] Sz_Depth_Cn_Inter_Border_WarpAffine.WarpAffine/174 (6 ms)
[ RUN      ] Sz_Depth_Cn_Inter_Border_WarpAffine.WarpAffine/175, where GetParam() = (1280x1024, CV_8U, BGRA, INTER_CUBIC, BORDER_REFLECT101)
[ PERFSTAT ]    (samples=13   mean=0.14   median=0.14   min=0.13   stddev=0.00 (0.8%))
[       OK ] Sz_Depth_Cn_Inter_Border_WarpAffine.WarpAffine/175 (7 ms)
[ RUN      ] Sz_Depth_Cn_Inter_Border_WarpAffine.WarpAffine/176, where GetParam() = (1280x1024, CV_8U, BGRA, INTER_CUBIC, BORDER_REPLICATE)
[ PERFSTAT ]    (samples=13   mean=0.11   median=0.11   min=0.11   stddev=0.00 (2.2%))
[       OK ] Sz_Depth_Cn_Inter_Border_WarpAffine.WarpAffine/176 (7 ms)
[ RUN      ] Sz_Depth_Cn_Inter_Border_WarpAffine.WarpAffine/177, where GetParam() = (1280x1024, CV_8U, BGRA, INTER_CUBIC, BORDER_CONSTANT)
[ PERFSTAT ]    (samples=13   mean=0.09   median=0.09   min=0.09   stddev=0.00 (1.9%))
[       OK ] Sz_Depth_Cn_Inter_Border_WarpAffine.WarpAffine/177 (7 ms)
[ RUN      ] Sz_Depth_Cn_Inter_Border_WarpAffine.WarpAffine/178, where GetParam() = (1280x1024, CV_8U, BGRA, INTER_CUBIC, BORDER_REFLECT)
[ PERFSTAT ]    (samples=13   mean=0.15   median=0.15   min=0.15   stddev=0.00 (0.7%))
[       OK ] Sz_Depth_Cn_Inter_Border_WarpAffine.WarpAffine/178 (7 ms)
[ RUN      ] Sz_Depth_Cn_Inter_Border_WarpAffine.WarpAffine/179, where GetParam() = (1280x1024, CV_8U, BGRA, INTER_CUBIC, BORDER_WRAP)
[ PERFSTAT ]    (samples=13   mean=0.13   median=0.13   min=0.13   stddev=0.00 (0.5%))
[       OK ] Sz_Depth_Cn_Inter_Border_WarpAffine.WarpAffine/179 (7 ms)
[ RUN      ] Sz_Depth_Cn_Inter_Border_WarpAffine.WarpAffine/180, where GetParam() = (1280x1024, CV_16U, Gray, INTER_NEAREST, BORDER_REFLECT101)
[ PERFSTAT ]    (samples=13   mean=0.02   median=0.02   min=0.02   stddev=0.00 (2.0%))
[       OK ] Sz_Depth_Cn_Inter_Border_WarpAffine.WarpAffine/180 (4 ms)
[ RUN      ] Sz_Depth_Cn_Inter_Border_WarpAffine.WarpAffine/181, where GetParam() = (1280x1024, CV_16U, Gray, INTER_NEAREST, BORDER_REPLICATE)
[ PERFSTAT ]    (samples=13   mean=0.02   median=0.02   min=0.02   stddev=0.00 (1.7%))
[       OK ] Sz_Depth_Cn_Inter_Border_WarpAffine.WarpAffine/181 (3 ms)
[ RUN      ] Sz_Depth_Cn_Inter_Border_WarpAffine.WarpAffine/182, where GetParam() = (1280x1024, CV_16U, Gray, INTER_NEAREST, BORDER_CONSTANT)
[ PERFSTAT ]    (samples=13   mean=0.02   median=0.02   min=0.02   stddev=0.00 (2.5%))
[       OK ] Sz_Depth_Cn_Inter_Border_WarpAffine.WarpAffine/182 (3 ms)
[ RUN      ] Sz_Depth_Cn_Inter_Border_WarpAffine.WarpAffine/183, where GetParam() = (1280x1024, CV_16U, Gray, INTER_NEAREST, BORDER_REFLECT)
[ PERFSTAT ]    (samples=25   mean=0.02   median=0.02   min=0.02   stddev=0.00 (1.1%))
[       OK ] Sz_Depth_Cn_Inter_Border_WarpAffine.WarpAffine/183 (4 ms)
[ RUN      ] Sz_Depth_Cn_Inter_Border_WarpAffine.WarpAffine/184, where GetParam() = (1280x1024, CV_16U, Gray, INTER_NEAREST, BORDER_WRAP)
[ PERFSTAT ]    (samples=13   mean=0.02   median=0.02   min=0.02   stddev=0.00 (2.4%))
[       OK ] Sz_Depth_Cn_Inter_Border_WarpAffine.WarpAffine/184 (4 ms)
[ RUN      ] Sz_Depth_Cn_Inter_Border_WarpAffine.WarpAffine/185, where GetParam() = (1280x1024, CV_16U, Gray, INTER_LINEAR, BORDER_REFLECT101)
[ PERFSTAT ]    (samples=13   mean=0.03   median=0.03   min=0.03   stddev=0.00 (1.3%))
[       OK ] Sz_Depth_Cn_Inter_Border_WarpAffine.WarpAffine/185 (3 ms)
[ RUN      ] Sz_Depth_Cn_Inter_Border_WarpAffine.WarpAffine/186, where GetParam() = (1280x1024, CV_16U, Gray, INTER_LINEAR, BORDER_REPLICATE)
[ PERFSTAT ]    (samples=13   mean=0.03   median=0.03   min=0.03   stddev=0.00 (1.1%))
[       OK ] Sz_Depth_Cn_Inter_Border_WarpAffine.WarpAffine/186 (4 ms)
[ RUN      ] Sz_Depth_Cn_Inter_Border_WarpAffine.WarpAffine/187, where GetParam() = (1280x1024, CV_16U, Gray, INTER_LINEAR, BORDER_CONSTANT)
[ PERFSTAT ]    (samples=13   mean=0.03   median=0.03   min=0.03   stddev=0.00 (1.5%))
[       OK ] Sz_Depth_Cn_Inter_Border_WarpAffine.WarpAffine/187 (3 ms)
[ RUN      ] Sz_Depth_Cn_Inter_Border_WarpAffine.WarpAffine/188, where GetParam() = (1280x1024, CV_16U, Gray, INTER_LINEAR, BORDER_REFLECT)
[ PERFSTAT ]    (samples=13   mean=0.03   median=0.03   min=0.03   stddev=0.00 (1.9%))
[       OK ] Sz_Depth_Cn_Inter_Border_WarpAffine.WarpAffine/188 (4 ms)
[ RUN      ] Sz_Depth_Cn_Inter_Border_WarpAffine.WarpAffine/189, where GetParam() = (1280x1024, CV_16U, Gray, INTER_LINEAR, BORDER_WRAP)
[ PERFSTAT ]    (samples=13   mean=0.03   median=0.03   min=0.03   stddev=0.00 (1.3%))
[       OK ] Sz_Depth_Cn_Inter_Border_WarpAffine.WarpAffine/189 (4 ms)
[ RUN      ] Sz_Depth_Cn_Inter_Border_WarpAffine.WarpAffine/190, where GetParam() = (1280x1024, CV_16U, Gray, INTER_CUBIC, BORDER_REFLECT101)
[ PERFSTAT ]    (samples=13   mean=0.11   median=0.11   min=0.11   stddev=0.00 (0.4%))
[       OK ] Sz_Depth_Cn_Inter_Border_WarpAffine.WarpAffine/190 (4 ms)
[ RUN      ] Sz_Depth_Cn_Inter_Border_WarpAffine.WarpAffine/191, where GetParam() = (1280x1024, CV_16U, Gray, INTER_CUBIC, BORDER_REPLICATE)
[ PERFSTAT ]    (samples=13   mean=0.08   median=0.08   min=0.08   stddev=0.00 (2.0%))
[       OK ] Sz_Depth_Cn_Inter_Border_WarpAffine.WarpAffine/191 (4 ms)
[ RUN      ] Sz_Depth_Cn_Inter_Border_WarpAffine.WarpAffine/192, where GetParam() = (1280x1024, CV_16U, Gray, INTER_CUBIC, BORDER_CONSTANT)
[ PERFSTAT ]    (samples=13   mean=0.05   median=0.05   min=0.05   stddev=0.00 (0.9%))
[       OK ] Sz_Depth_Cn_Inter_Border_WarpAffine.WarpAffine/192 (4 ms)
[ RUN      ] Sz_Depth_Cn_Inter_Border_WarpAffine.WarpAffine/193, where GetParam() = (1280x1024, CV_16U, Gray, INTER_CUBIC, BORDER_REFLECT)
[ PERFSTAT ]    (samples=13   mean=0.13   median=0.13   min=0.13   stddev=0.00 (0.4%))
[       OK ] Sz_Depth_Cn_Inter_Border_WarpAffine.WarpAffine/193 (5 ms)
[ RUN      ] Sz_Depth_Cn_Inter_Border_WarpAffine.WarpAffine/194, where GetParam() = (1280x1024, CV_16U, Gray, INTER_CUBIC, BORDER_WRAP)
[ PERFSTAT ]    (samples=13   mean=0.10   median=0.10   min=0.10   stddev=0.00 (1.1%))
[       OK ] Sz_Depth_Cn_Inter_Border_WarpAffine.WarpAffine/194 (4 ms)
[ RUN      ] Sz_Depth_Cn_Inter_Border_WarpAffine.WarpAffine/195, where GetParam() = (1280x1024, CV_16U, BGR, INTER_NEAREST, BORDER_REFLECT101)
[ PERFSTAT ]    (samples=13   mean=0.03   median=0.03   min=0.03   stddev=0.00 (0.7%))
[       OK ] Sz_Depth_Cn_Inter_Border_WarpAffine.WarpAffine/195 (8 ms)
[ RUN      ] Sz_Depth_Cn_Inter_Border_WarpAffine.WarpAffine/196, where GetParam() = (1280x1024, CV_16U, BGR, INTER_NEAREST, BORDER_REPLICATE)
[ PERFSTAT ]    (samples=13   mean=0.03   median=0.03   min=0.03   stddev=0.00 (1.0%))
[       OK ] Sz_Depth_Cn_Inter_Border_WarpAffine.WarpAffine/196 (9 ms)
[ RUN      ] Sz_Depth_Cn_Inter_Border_WarpAffine.WarpAffine/197, where GetParam() = (1280x1024, CV_16U, BGR, INTER_NEAREST, BORDER_CONSTANT)
[ PERFSTAT ]    (samples=13   mean=0.03   median=0.03   min=0.03   stddev=0.00 (1.1%))
[       OK ] Sz_Depth_Cn_Inter_Border_WarpAffine.WarpAffine/197 (8 ms)
[ RUN      ] Sz_Depth_Cn_Inter_Border_WarpAffine.WarpAffine/198, where GetParam() = (1280x1024, CV_16U, BGR, INTER_NEAREST, BORDER_REFLECT)
[ PERFSTAT ]    (samples=13   mean=0.03   median=0.03   min=0.03   stddev=0.00 (2.8%))
[       OK ] Sz_Depth_Cn_Inter_Border_WarpAffine.WarpAffine/198 (8 ms)
[ RUN      ] Sz_Depth_Cn_Inter_Border_WarpAffine.WarpAffine/199, where GetParam() = (1280x1024, CV_16U, BGR, INTER_NEAREST, BORDER_WRAP)
[ PERFSTAT ]    (samples=13   mean=0.03   median=0.03   min=0.03   stddev=0.00 (1.3%))
[       OK ] Sz_Depth_Cn_Inter_Border_WarpAffine.WarpAffine/199 (8 ms)
[ RUN      ] Sz_Depth_Cn_Inter_Border_WarpAffine.WarpAffine/200, where GetParam() = (1280x1024, CV_16U, BGR, INTER_LINEAR, BORDER_REFLECT101)
[ PERFSTAT ]    (samples=13   mean=0.06   median=0.06   min=0.06   stddev=0.00 (0.7%))
[       OK ] Sz_Depth_Cn_Inter_Border_WarpAffine.WarpAffine/200 (9 ms)
[ RUN      ] Sz_Depth_Cn_Inter_Border_WarpAffine.WarpAffine/201, where GetParam() = (1280x1024, CV_16U, BGR, INTER_LINEAR, BORDER_REPLICATE)
[ PERFSTAT ]    (samples=13   mean=0.06   median=0.06   min=0.06   stddev=0.00 (0.6%))
[       OK ] Sz_Depth_Cn_Inter_Border_WarpAffine.WarpAffine/201 (9 ms)
[ RUN      ] Sz_Depth_Cn_Inter_Border_WarpAffine.WarpAffine/202, where GetParam() = (1280x1024, CV_16U, BGR, INTER_LINEAR, BORDER_CONSTANT)
[ PERFSTAT ]    (samples=16   mean=0.05   median=0.05   min=0.05   stddev=0.00 (2.9%))
[       OK ] Sz_Depth_Cn_Inter_Border_WarpAffine.WarpAffine/202 (10 ms)
[ RUN      ] Sz_Depth_Cn_Inter_Border_WarpAffine.WarpAffine/203, where GetParam() = (1280x1024, CV_16U, BGR, INTER_LINEAR, BORDER_REFLECT)
[ PERFSTAT ]    (samples=13   mean=0.06   median=0.06   min=0.06   stddev=0.00 (2.9%))
[       OK ] Sz_Depth_Cn_Inter_Border_WarpAffine.WarpAffine/203 (9 ms)
[ RUN      ] Sz_Depth_Cn_Inter_Border_WarpAffine.WarpAffine/204, where GetParam() = (1280x1024, CV_16U, BGR, INTER_LINEAR, BORDER_WRAP)
[ PERFSTAT ]    (samples=13   mean=0.06   median=0.06   min=0.06   stddev=0.00 (1.0%))
[       OK ] Sz_Depth_Cn_Inter_Border_WarpAffine.WarpAffine/204 (9 ms)
[ RUN      ] Sz_Depth_Cn_Inter_Border_WarpAffine.WarpAffine/205, where GetParam() = (1280x1024, CV_16U, BGR, INTER_CUBIC, BORDER_REFLECT101)
[ PERFSTAT ]    (samples=13   mean=0.17   median=0.17   min=0.17   stddev=0.00 (0.4%))
[       OK ] Sz_Depth_Cn_Inter_Border_WarpAffine.WarpAffine/205 (10 ms)
[ RUN      ] Sz_Depth_Cn_Inter_Border_WarpAffine.WarpAffine/206, where GetParam() = (1280x1024, CV_16U, BGR, INTER_CUBIC, BORDER_REPLICATE)
[ PERFSTAT ]    (samples=13   mean=0.17   median=0.17   min=0.17   stddev=0.00 (0.6%))
[       OK ] Sz_Depth_Cn_Inter_Border_WarpAffine.WarpAffine/206 (10 ms)
[ RUN      ] Sz_Depth_Cn_Inter_Border_WarpAffine.WarpAffine/207, where GetParam() = (1280x1024, CV_16U, BGR, INTER_CUBIC, BORDER_CONSTANT)
[ PERFSTAT ]    (samples=13   mean=0.12   median=0.12   min=0.12   stddev=0.00 (0.7%))
[       OK ] Sz_Depth_Cn_Inter_Border_WarpAffine.WarpAffine/207 (9 ms)
[ RUN      ] Sz_Depth_Cn_Inter_Border_WarpAffine.WarpAffine/208, where GetParam() = (1280x1024, CV_16U, BGR, INTER_CUBIC, BORDER_REFLECT)
[ PERFSTAT ]    (samples=13   mean=0.17   median=0.17   min=0.16   stddev=0.00 (0.6%))
[       OK ] Sz_Depth_Cn_Inter_Border_WarpAffine.WarpAffine/208 (10 ms)
[ RUN      ] Sz_Depth_Cn_Inter_Border_WarpAffine.WarpAffine/209, where GetParam() = (1280x1024, CV_16U, BGR, INTER_CUBIC, BORDER_WRAP)
[ PERFSTAT ]    (samples=13   mean=0.17   median=0.17   min=0.17   stddev=0.00 (0.9%))
[       OK ] Sz_Depth_Cn_Inter_Border_WarpAffine.WarpAffine/209 (10 ms)
[ RUN      ] Sz_Depth_Cn_Inter_Border_WarpAffine.WarpAffine/210, where GetParam() = (1280x1024, CV_16U, BGRA, INTER_NEAREST, BORDER_REFLECT101)
[ PERFSTAT ]    (samples=13   mean=0.03   median=0.03   min=0.03   stddev=0.00 (2.3%))
[       OK ] Sz_Depth_Cn_Inter_Border_WarpAffine.WarpAffine/210 (10 ms)
[ RUN      ] Sz_Depth_Cn_Inter_Border_WarpAffine.WarpAffine/211, where GetParam() = (1280x1024, CV_16U, BGRA, INTER_NEAREST, BORDER_REPLICATE)
[ PERFSTAT ]    (samples=13   mean=0.02   median=0.02   min=0.02   stddev=0.00 (2.8%))
[       OK ] Sz_Depth_Cn_Inter_Border_WarpAffine.WarpAffine/211 (11 ms)
[ RUN      ] Sz_Depth_Cn_Inter_Border_WarpAffine.WarpAffine/212, where GetParam() = (1280x1024, CV_16U, BGRA, INTER_NEAREST, BORDER_CONSTANT)
[ PERFSTAT ]    (samples=13   mean=0.02   median=0.02   min=0.02   stddev=0.00 (2.9%))
[       OK ] Sz_Depth_Cn_Inter_Border_WarpAffine.WarpAffine/212 (10 ms)
[ RUN      ] Sz_Depth_Cn_Inter_Border_WarpAffine.WarpAffine/213, where GetParam() = (1280x1024, CV_16U, BGRA, INTER_NEAREST, BORDER_REFLECT)
[ PERFSTAT ]    (samples=13   mean=0.03   median=0.03   min=0.03   stddev=0.00 (1.7%))
[       OK ] Sz_Depth_Cn_Inter_Border_WarpAffine.WarpAffine/213 (11 ms)
[ RUN      ] Sz_Depth_Cn_Inter_Border_WarpAffine.WarpAffine/214, where GetParam() = (1280x1024, CV_16U, BGRA, INTER_NEAREST, BORDER_WRAP)
[ PERFSTAT ]    (samples=13   mean=0.03   median=0.03   min=0.02   stddev=0.00 (2.3%))
[       OK ] Sz_Depth_Cn_Inter_Border_WarpAffine.WarpAffine/214 (10 ms)
[ RUN      ] Sz_Depth_Cn_Inter_Border_WarpAffine.WarpAffine/215, where GetParam() = (1280x1024, CV_16U, BGRA, INTER_LINEAR, BORDER_REFLECT101)
[ PERFSTAT ]    (samples=13   mean=0.04   median=0.04   min=0.04   stddev=0.00 (1.3%))
[       OK ] Sz_Depth_Cn_Inter_Border_WarpAffine.WarpAffine/215 (12 ms)
[ RUN      ] Sz_Depth_Cn_Inter_Border_WarpAffine.WarpAffine/216, where GetParam() = (1280x1024, CV_16U, BGRA, INTER_LINEAR, BORDER_REPLICATE)
[ PERFSTAT ]    (samples=13   mean=0.03   median=0.03   min=0.03   stddev=0.00 (1.8%))
[       OK ] Sz_Depth_Cn_Inter_Border_WarpAffine.WarpAffine/216 (11 ms)
[ RUN      ] Sz_Depth_Cn_Inter_Border_WarpAffine.WarpAffine/217, where GetParam() = (1280x1024, CV_16U, BGRA, INTER_LINEAR, BORDER_CONSTANT)
[ PERFSTAT ]    (samples=23   mean=0.03   median=0.03   min=0.03   stddev=0.00 (3.0%))
[       OK ] Sz_Depth_Cn_Inter_Border_WarpAffine.WarpAffine/217 (12 ms)
[ RUN      ] Sz_Depth_Cn_Inter_Border_WarpAffine.WarpAffine/218, where GetParam() = (1280x1024, CV_16U, BGRA, INTER_LINEAR, BORDER_REFLECT)
[ PERFSTAT ]    (samples=23   mean=0.04   median=0.04   min=0.04   stddev=0.00 (3.0%))
[       OK ] Sz_Depth_Cn_Inter_Border_WarpAffine.WarpAffine/218 (12 ms)
[ RUN      ] Sz_Depth_Cn_Inter_Border_WarpAffine.WarpAffine/219, where GetParam() = (1280x1024, CV_16U, BGRA, INTER_LINEAR, BORDER_WRAP)
[ PERFSTAT ]    (samples=13   mean=0.05   median=0.05   min=0.05   stddev=0.00 (1.8%))
[       OK ] Sz_Depth_Cn_Inter_Border_WarpAffine.WarpAffine/219 (12 ms)
[ RUN      ] Sz_Depth_Cn_Inter_Border_WarpAffine.WarpAffine/220, where GetParam() = (1280x1024, CV_16U, BGRA, INTER_CUBIC, BORDER_REFLECT101)
[ PERFSTAT ]    (samples=13   mean=0.17   median=0.17   min=0.17   stddev=0.00 (0.6%))
[       OK ] Sz_Depth_Cn_Inter_Border_WarpAffine.WarpAffine/220 (12 ms)
[ RUN      ] Sz_Depth_Cn_Inter_Border_WarpAffine.WarpAffine/221, where GetParam() = (1280x1024, CV_16U, BGRA, INTER_CUBIC, BORDER_REPLICATE)
[ PERFSTAT ]    (samples=13   mean=0.14   median=0.14   min=0.14   stddev=0.00 (0.5%))
[       OK ] Sz_Depth_Cn_Inter_Border_WarpAffine.WarpAffine/221 (12 ms)
[ RUN      ] Sz_Depth_Cn_Inter_Border_WarpAffine.WarpAffine/222, where GetParam() = (1280x1024, CV_16U, BGRA, INTER_CUBIC, BORDER_CONSTANT)
[ PERFSTAT ]    (samples=13   mean=0.11   median=0.11   min=0.11   stddev=0.00 (1.0%))
[       OK ] Sz_Depth_Cn_Inter_Border_WarpAffine.WarpAffine/222 (12 ms)
[ RUN      ] Sz_Depth_Cn_Inter_Border_WarpAffine.WarpAffine/223, where GetParam() = (1280x1024, CV_16U, BGRA, INTER_CUBIC, BORDER_REFLECT)
[ PERFSTAT ]    (samples=13   mean=0.19   median=0.19   min=0.19   stddev=0.00 (0.4%))
[       OK ] Sz_Depth_Cn_Inter_Border_WarpAffine.WarpAffine/223 (13 ms)
[ RUN      ] Sz_Depth_Cn_Inter_Border_WarpAffine.WarpAffine/224, where GetParam() = (1280x1024, CV_16U, BGRA, INTER_CUBIC, BORDER_WRAP)
[ PERFSTAT ]    (samples=13   mean=0.17   median=0.17   min=0.17   stddev=0.00 (0.4%))
[       OK ] Sz_Depth_Cn_Inter_Border_WarpAffine.WarpAffine/224 (12 ms)
[ RUN      ] Sz_Depth_Cn_Inter_Border_WarpAffine.WarpAffine/225, where GetParam() = (1280x1024, CV_32F, Gray, INTER_NEAREST, BORDER_REFLECT101)
[ PERFSTAT ]    (samples=22   mean=0.03   median=0.03   min=0.03   stddev=0.00 (3.0%))
[       OK ] Sz_Depth_Cn_Inter_Border_WarpAffine.WarpAffine/225 (5 ms)
[ RUN      ] Sz_Depth_Cn_Inter_Border_WarpAffine.WarpAffine/226, where GetParam() = (1280x1024, CV_32F, Gray, INTER_NEAREST, BORDER_REPLICATE)
[ PERFSTAT ]    (samples=13   mean=0.02   median=0.02   min=0.02   stddev=0.00 (1.5%))
[       OK ] Sz_Depth_Cn_Inter_Border_WarpAffine.WarpAffine/226 (5 ms)
[ RUN      ] Sz_Depth_Cn_Inter_Border_WarpAffine.WarpAffine/227, where GetParam() = (1280x1024, CV_32F, Gray, INTER_NEAREST, BORDER_CONSTANT)
[ PERFSTAT ]    (samples=13   mean=0.02   median=0.02   min=0.02   stddev=0.00 (1.7%))
[       OK ] Sz_Depth_Cn_Inter_Border_WarpAffine.WarpAffine/227 (4 ms)
[ RUN      ] Sz_Depth_Cn_Inter_Border_WarpAffine.WarpAffine/228, where GetParam() = (1280x1024, CV_32F, Gray, INTER_NEAREST, BORDER_REFLECT)
[ PERFSTAT ]    (samples=13   mean=0.03   median=0.03   min=0.03   stddev=0.00 (1.5%))
[       OK ] Sz_Depth_Cn_Inter_Border_WarpAffine.WarpAffine/228 (4 ms)
[ RUN      ] Sz_Depth_Cn_Inter_Border_WarpAffine.WarpAffine/229, where GetParam() = (1280x1024, CV_32F, Gray, INTER_NEAREST, BORDER_WRAP)
[ PERFSTAT ]    (samples=13   mean=0.02   median=0.02   min=0.02   stddev=0.00 (1.6%))
[       OK ] Sz_Depth_Cn_Inter_Border_WarpAffine.WarpAffine/229 (4 ms)
[ RUN      ] Sz_Depth_Cn_Inter_Border_WarpAffine.WarpAffine/230, where GetParam() = (1280x1024, CV_32F, Gray, INTER_LINEAR, BORDER_REFLECT101)
[ PERFSTAT ]    (samples=13   mean=0.04   median=0.04   min=0.04   stddev=0.00 (0.9%))
[       OK ] Sz_Depth_Cn_Inter_Border_WarpAffine.WarpAffine/230 (4 ms)
[ RUN      ] Sz_Depth_Cn_Inter_Border_WarpAffine.WarpAffine/231, where GetParam() = (1280x1024, CV_32F, Gray, INTER_LINEAR, BORDER_REPLICATE)
[ PERFSTAT ]    (samples=13   mean=0.03   median=0.03   min=0.03   stddev=0.00 (1.2%))
[       OK ] Sz_Depth_Cn_Inter_Border_WarpAffine.WarpAffine/231 (5 ms)
[ RUN      ] Sz_Depth_Cn_Inter_Border_WarpAffine.WarpAffine/232, where GetParam() = (1280x1024, CV_32F, Gray, INTER_LINEAR, BORDER_CONSTANT)
[ PERFSTAT ]    (samples=13   mean=0.03   median=0.03   min=0.03   stddev=0.00 (2.0%))
[       OK ] Sz_Depth_Cn_Inter_Border_WarpAffine.WarpAffine/232 (4 ms)
[ RUN      ] Sz_Depth_Cn_Inter_Border_WarpAffine.WarpAffine/233, where GetParam() = (1280x1024, CV_32F, Gray, INTER_LINEAR, BORDER_REFLECT)
[ PERFSTAT ]    (samples=13   mean=0.04   median=0.04   min=0.04   stddev=0.00 (1.4%))
[       OK ] Sz_Depth_Cn_Inter_Border_WarpAffine.WarpAffine/233 (4 ms)
[ RUN      ] Sz_Depth_Cn_Inter_Border_WarpAffine.WarpAffine/234, where GetParam() = (1280x1024, CV_32F, Gray, INTER_LINEAR, BORDER_WRAP)
[ PERFSTAT ]    (samples=13   mean=0.04   median=0.04   min=0.04   stddev=0.00 (1.0%))
[       OK ] Sz_Depth_Cn_Inter_Border_WarpAffine.WarpAffine/234 (4 ms)
[ RUN      ] Sz_Depth_Cn_Inter_Border_WarpAffine.WarpAffine/235, where GetParam() = (1280x1024, CV_32F, Gray, INTER_CUBIC, BORDER_REFLECT101)
[ PERFSTAT ]    (samples=13   mean=0.13   median=0.13   min=0.13   stddev=0.00 (0.5%))
[       OK ] Sz_Depth_Cn_Inter_Border_WarpAffine.WarpAffine/235 (6 ms)
[ RUN      ] Sz_Depth_Cn_Inter_Border_WarpAffine.WarpAffine/236, where GetParam() = (1280x1024, CV_32F, Gray, INTER_CUBIC, BORDER_REPLICATE)
[ PERFSTAT ]    (samples=13   mean=0.09   median=0.08   min=0.08   stddev=0.00 (0.6%))
[       OK ] Sz_Depth_Cn_Inter_Border_WarpAffine.WarpAffine/236 (5 ms)
[ RUN      ] Sz_Depth_Cn_Inter_Border_WarpAffine.WarpAffine/237, where GetParam() = (1280x1024, CV_32F, Gray, INTER_CUBIC, BORDER_CONSTANT)
[ PERFSTAT ]    (samples=13   mean=0.08   median=0.08   min=0.08   stddev=0.00 (1.1%))
[       OK ] Sz_Depth_Cn_Inter_Border_WarpAffine.WarpAffine/237 (5 ms)
[ RUN      ] Sz_Depth_Cn_Inter_Border_WarpAffine.WarpAffine/238, where GetParam() = (1280x1024, CV_32F, Gray, INTER_CUBIC, BORDER_REFLECT)
[ PERFSTAT ]    (samples=13   mean=0.15   median=0.15   min=0.15   stddev=0.00 (0.5%))
[       OK ] Sz_Depth_Cn_Inter_Border_WarpAffine.WarpAffine/238 (5 ms)
[ RUN      ] Sz_Depth_Cn_Inter_Border_WarpAffine.WarpAffine/239, where GetParam() = (1280x1024, CV_32F, Gray, INTER_CUBIC, BORDER_WRAP)
[ PERFSTAT ]    (samples=13   mean=0.12   median=0.12   min=0.12   stddev=0.00 (0.5%))
[       OK ] Sz_Depth_Cn_Inter_Border_WarpAffine.WarpAffine/239 (6 ms)
[ RUN      ] Sz_Depth_Cn_Inter_Border_WarpAffine.WarpAffine/240, where GetParam() = (1280x1024, CV_32F, BGR, INTER_NEAREST, BORDER_REFLECT101)
[ PERFSTAT ]    (samples=13   mean=0.04   median=0.04   min=0.04   stddev=0.00 (2.3%))
[       OK ] Sz_Depth_Cn_Inter_Border_WarpAffine.WarpAffine/240 (12 ms)
[ RUN      ] Sz_Depth_Cn_Inter_Border_WarpAffine.WarpAffine/241, where GetParam() = (1280x1024, CV_32F, BGR, INTER_NEAREST, BORDER_REPLICATE)
[ PERFSTAT ]    (samples=13   mean=0.04   median=0.04   min=0.03   stddev=0.00 (1.0%))
[       OK ] Sz_Depth_Cn_Inter_Border_WarpAffine.WarpAffine/241 (11 ms)
[ RUN      ] Sz_Depth_Cn_Inter_Border_WarpAffine.WarpAffine/242, where GetParam() = (1280x1024, CV_32F, BGR, INTER_NEAREST, BORDER_CONSTANT)
[ PERFSTAT ]    (samples=13   mean=0.03   median=0.03   min=0.03   stddev=0.00 (1.2%))
[       OK ] Sz_Depth_Cn_Inter_Border_WarpAffine.WarpAffine/242 (12 ms)
[ RUN      ] Sz_Depth_Cn_Inter_Border_WarpAffine.WarpAffine/243, where GetParam() = (1280x1024, CV_32F, BGR, INTER_NEAREST, BORDER_REFLECT)
[ PERFSTAT ]    (samples=13   mean=0.04   median=0.04   min=0.04   stddev=0.00 (1.1%))
[       OK ] Sz_Depth_Cn_Inter_Border_WarpAffine.WarpAffine/243 (12 ms)
[ RUN      ] Sz_Depth_Cn_Inter_Border_WarpAffine.WarpAffine/244, where GetParam() = (1280x1024, CV_32F, BGR, INTER_NEAREST, BORDER_WRAP)
[ PERFSTAT ]    (samples=13   mean=0.04   median=0.04   min=0.04   stddev=0.00 (0.9%))
[       OK ] Sz_Depth_Cn_Inter_Border_WarpAffine.WarpAffine/244 (13 ms)
[ RUN      ] Sz_Depth_Cn_Inter_Border_WarpAffine.WarpAffine/245, where GetParam() = (1280x1024, CV_32F, BGR, INTER_LINEAR, BORDER_REFLECT101)
[ PERFSTAT ]    (samples=13   mean=0.06   median=0.06   min=0.06   stddev=0.00 (1.8%))
[       OK ] Sz_Depth_Cn_Inter_Border_WarpAffine.WarpAffine/245 (12 ms)
[ RUN      ] Sz_Depth_Cn_Inter_Border_WarpAffine.WarpAffine/246, where GetParam() = (1280x1024, CV_32F, BGR, INTER_LINEAR, BORDER_REPLICATE)
[ PERFSTAT ]    (samples=13   mean=0.06   median=0.06   min=0.06   stddev=0.00 (1.7%))
[       OK ] Sz_Depth_Cn_Inter_Border_WarpAffine.WarpAffine/246 (12 ms)
[ RUN      ] Sz_Depth_Cn_Inter_Border_WarpAffine.WarpAffine/247, where GetParam() = (1280x1024, CV_32F, BGR, INTER_LINEAR, BORDER_CONSTANT)
[ PERFSTAT ]    (samples=13   mean=0.05   median=0.05   min=0.05   stddev=0.00 (1.0%))
[       OK ] Sz_Depth_Cn_Inter_Border_WarpAffine.WarpAffine/247 (12 ms)
[ RUN      ] Sz_Depth_Cn_Inter_Border_WarpAffine.WarpAffine/248, where GetParam() = (1280x1024, CV_32F, BGR, INTER_LINEAR, BORDER_REFLECT)
[ PERFSTAT ]    (samples=13   mean=0.06   median=0.06   min=0.06   stddev=0.00 (0.9%))
[       OK ] Sz_Depth_Cn_Inter_Border_WarpAffine.WarpAffine/248 (12 ms)
[ RUN      ] Sz_Depth_Cn_Inter_Border_WarpAffine.WarpAffine/249, where GetParam() = (1280x1024, CV_32F, BGR, INTER_LINEAR, BORDER_WRAP)
[ PERFSTAT ]    (samples=13   mean=0.06   median=0.06   min=0.06   stddev=0.00 (0.5%))
[       OK ] Sz_Depth_Cn_Inter_Border_WarpAffine.WarpAffine/249 (11 ms)
[ RUN      ] Sz_Depth_Cn_Inter_Border_WarpAffine.WarpAffine/250, where GetParam() = (1280x1024, CV_32F, BGR, INTER_CUBIC, BORDER_REFLECT101)
[ PERFSTAT ]    (samples=13   mean=0.18   median=0.18   min=0.18   stddev=0.00 (0.6%))
[       OK ] Sz_Depth_Cn_Inter_Border_WarpAffine.WarpAffine/250 (14 ms)
[ RUN      ] Sz_Depth_Cn_Inter_Border_WarpAffine.WarpAffine/251, where GetParam() = (1280x1024, CV_32F, BGR, INTER_CUBIC, BORDER_REPLICATE)
[ PERFSTAT ]    (samples=13   mean=0.19   median=0.19   min=0.19   stddev=0.00 (0.4%))
[       OK ] Sz_Depth_Cn_Inter_Border_WarpAffine.WarpAffine/251 (13 ms)
[ RUN      ] Sz_Depth_Cn_Inter_Border_WarpAffine.WarpAffine/252, where GetParam() = (1280x1024, CV_32F, BGR, INTER_CUBIC, BORDER_CONSTANT)
[ PERFSTAT ]    (samples=13   mean=0.15   median=0.15   min=0.14   stddev=0.00 (0.5%))
[       OK ] Sz_Depth_Cn_Inter_Border_WarpAffine.WarpAffine/252 (14 ms)
[ RUN      ] Sz_Depth_Cn_Inter_Border_WarpAffine.WarpAffine/253, where GetParam() = (1280x1024, CV_32F, BGR, INTER_CUBIC, BORDER_REFLECT)
[ PERFSTAT ]    (samples=13   mean=0.18   median=0.18   min=0.18   stddev=0.00 (0.5%))
[       OK ] Sz_Depth_Cn_Inter_Border_WarpAffine.WarpAffine/253 (13 ms)
[ RUN      ] Sz_Depth_Cn_Inter_Border_WarpAffine.WarpAffine/254, where GetParam() = (1280x1024, CV_32F, BGR, INTER_CUBIC, BORDER_WRAP)
[ PERFSTAT ]    (samples=13   mean=0.18   median=0.18   min=0.18   stddev=0.00 (0.4%))
[       OK ] Sz_Depth_Cn_Inter_Border_WarpAffine.WarpAffine/254 (14 ms)
[ RUN      ] Sz_Depth_Cn_Inter_Border_WarpAffine.WarpAffine/255, where GetParam() = (1280x1024, CV_32F, BGRA, INTER_NEAREST, BORDER_REFLECT101)
[ PERFSTAT ]    (samples=13   mean=0.04   median=0.04   min=0.04   stddev=0.00 (2.4%))
[       OK ] Sz_Depth_Cn_Inter_Border_WarpAffine.WarpAffine/255 (16 ms)
[ RUN      ] Sz_Depth_Cn_Inter_Border_WarpAffine.WarpAffine/256, where GetParam() = (1280x1024, CV_32F, BGRA, INTER_NEAREST, BORDER_REPLICATE)
[ PERFSTAT ]    (samples=13   mean=0.04   median=0.04   min=0.04   stddev=0.00 (2.8%))
[       OK ] Sz_Depth_Cn_Inter_Border_WarpAffine.WarpAffine/256 (15 ms)
[ RUN      ] Sz_Depth_Cn_Inter_Border_WarpAffine.WarpAffine/257, where GetParam() = (1280x1024, CV_32F, BGRA, INTER_NEAREST, BORDER_CONSTANT)
[ PERFSTAT ]    (samples=16   mean=0.04   median=0.04   min=0.04   stddev=0.00 (2.9%))
[       OK ] Sz_Depth_Cn_Inter_Border_WarpAffine.WarpAffine/257 (16 ms)
[ RUN      ] Sz_Depth_Cn_Inter_Border_WarpAffine.WarpAffine/258, where GetParam() = (1280x1024, CV_32F, BGRA, INTER_NEAREST, BORDER_REFLECT)
[ PERFSTAT ]    (samples=25   mean=0.04   median=0.04   min=0.04   stddev=0.00 (2.1%))
[       OK ] Sz_Depth_Cn_Inter_Border_WarpAffine.WarpAffine/258 (15 ms)
[ RUN      ] Sz_Depth_Cn_Inter_Border_WarpAffine.WarpAffine/259, where GetParam() = (1280x1024, CV_32F, BGRA, INTER_NEAREST, BORDER_WRAP)
[ PERFSTAT ]    (samples=25   mean=0.05   median=0.05   min=0.04   stddev=0.00 (2.4%))
[       OK ] Sz_Depth_Cn_Inter_Border_WarpAffine.WarpAffine/259 (16 ms)
[ RUN      ] Sz_Depth_Cn_Inter_Border_WarpAffine.WarpAffine/260, where GetParam() = (1280x1024, CV_32F, BGRA, INTER_LINEAR, BORDER_REFLECT101)
[ PERFSTAT ]    (samples=13   mean=0.05   median=0.05   min=0.05   stddev=0.00 (1.7%))
[       OK ] Sz_Depth_Cn_Inter_Border_WarpAffine.WarpAffine/260 (16 ms)
[ RUN      ] Sz_Depth_Cn_Inter_Border_WarpAffine.WarpAffine/261, where GetParam() = (1280x1024, CV_32F, BGRA, INTER_LINEAR, BORDER_REPLICATE)
[ PERFSTAT ]    (samples=13   mean=0.05   median=0.05   min=0.05   stddev=0.00 (1.9%))
[       OK ] Sz_Depth_Cn_Inter_Border_WarpAffine.WarpAffine/261 (15 ms)
[ RUN      ] Sz_Depth_Cn_Inter_Border_WarpAffine.WarpAffine/262, where GetParam() = (1280x1024, CV_32F, BGRA, INTER_LINEAR, BORDER_CONSTANT)
[ PERFSTAT ]    (samples=13   mean=0.05   median=0.05   min=0.05   stddev=0.00 (2.3%))
[       OK ] Sz_Depth_Cn_Inter_Border_WarpAffine.WarpAffine/262 (15 ms)
[ RUN      ] Sz_Depth_Cn_Inter_Border_WarpAffine.WarpAffine/263, where GetParam() = (1280x1024, CV_32F, BGRA, INTER_LINEAR, BORDER_REFLECT)
[ PERFSTAT ]    (samples=13   mean=0.05   median=0.05   min=0.05   stddev=0.00 (1.5%))
[       OK ] Sz_Depth_Cn_Inter_Border_WarpAffine.WarpAffine/263 (16 ms)
[ RUN      ] Sz_Depth_Cn_Inter_Border_WarpAffine.WarpAffine/264, where GetParam() = (1280x1024, CV_32F, BGRA, INTER_LINEAR, BORDER_WRAP)
[ PERFSTAT ]    (samples=13   mean=0.05   median=0.05   min=0.05   stddev=0.00 (1.9%))
[       OK ] Sz_Depth_Cn_Inter_Border_WarpAffine.WarpAffine/264 (15 ms)
[ RUN      ] Sz_Depth_Cn_Inter_Border_WarpAffine.WarpAffine/265, where GetParam() = (1280x1024, CV_32F, BGRA, INTER_CUBIC, BORDER_REFLECT101)
[ PERFSTAT ]    (samples=13   mean=0.15   median=0.15   min=0.15   stddev=0.00 (1.5%))
[       OK ] Sz_Depth_Cn_Inter_Border_WarpAffine.WarpAffine/265 (17 ms)
[ RUN      ] Sz_Depth_Cn_Inter_Border_WarpAffine.WarpAffine/266, where GetParam() = (1280x1024, CV_32F, BGRA, INTER_CUBIC, BORDER_REPLICATE)
[ PERFSTAT ]    (samples=13   mean=0.13   median=0.13   min=0.13   stddev=0.00 (1.4%))
[       OK ] Sz_Depth_Cn_Inter_Border_WarpAffine.WarpAffine/266 (16 ms)
[ RUN      ] Sz_Depth_Cn_Inter_Border_WarpAffine.WarpAffine/267, where GetParam() = (1280x1024, CV_32F, BGRA, INTER_CUBIC, BORDER_CONSTANT)
[ PERFSTAT ]    (samples=13   mean=0.12   median=0.12   min=0.11   stddev=0.00 (0.7%))
[       OK ] Sz_Depth_Cn_Inter_Border_WarpAffine.WarpAffine/267 (16 ms)
[ RUN      ] Sz_Depth_Cn_Inter_Border_WarpAffine.WarpAffine/268, where GetParam() = (1280x1024, CV_32F, BGRA, INTER_CUBIC, BORDER_REFLECT)
[ PERFSTAT ]    (samples=13   mean=0.17   median=0.17   min=0.16   stddev=0.00 (0.5%))
[       OK ] Sz_Depth_Cn_Inter_Border_WarpAffine.WarpAffine/268 (17 ms)
[ RUN      ] Sz_Depth_Cn_Inter_Border_WarpAffine.WarpAffine/269, where GetParam() = (1280x1024, CV_32F, BGRA, INTER_CUBIC, BORDER_WRAP)
[ PERFSTAT ]    (samples=13   mean=0.15   median=0.15   min=0.15   stddev=0.00 (0.8%))
[       OK ] Sz_Depth_Cn_Inter_Border_WarpAffine.WarpAffine/269 (17 ms)
[ RUN      ] Sz_Depth_Cn_Inter_Border_WarpAffine.WarpAffine/270, where GetParam() = (1920x1080, CV_8U, Gray, INTER_NEAREST, BORDER_REFLECT101)
[ PERFSTAT ]    (samples=13   mean=0.04   median=0.04   min=0.04   stddev=0.00 (3.0%))
[       OK ] Sz_Depth_Cn_Inter_Border_WarpAffine.WarpAffine/270 (3 ms)
[ RUN      ] Sz_Depth_Cn_Inter_Border_WarpAffine.WarpAffine/271, where GetParam() = (1920x1080, CV_8U, Gray, INTER_NEAREST, BORDER_REPLICATE)
[ PERFSTAT ]    (samples=13   mean=0.03   median=0.03   min=0.03   stddev=0.00 (1.4%))
[       OK ] Sz_Depth_Cn_Inter_Border_WarpAffine.WarpAffine/271 (3 ms)
[ RUN      ] Sz_Depth_Cn_Inter_Border_WarpAffine.WarpAffine/272, where GetParam() = (1920x1080, CV_8U, Gray, INTER_NEAREST, BORDER_CONSTANT)
[ PERFSTAT ]    (samples=13   mean=0.03   median=0.03   min=0.03   stddev=0.00 (2.1%))
[       OK ] Sz_Depth_Cn_Inter_Border_WarpAffine.WarpAffine/272 (3 ms)
[ RUN      ] Sz_Depth_Cn_Inter_Border_WarpAffine.WarpAffine/273, where GetParam() = (1920x1080, CV_8U, Gray, INTER_NEAREST, BORDER_REFLECT)
[ PERFSTAT ]    (samples=13   mean=0.04   median=0.04   min=0.04   stddev=0.00 (2.6%))
[       OK ] Sz_Depth_Cn_Inter_Border_WarpAffine.WarpAffine/273 (3 ms)
[ RUN      ] Sz_Depth_Cn_Inter_Border_WarpAffine.WarpAffine/274, where GetParam() = (1920x1080, CV_8U, Gray, INTER_NEAREST, BORDER_WRAP)
[ PERFSTAT ]    (samples=13   mean=0.03   median=0.03   min=0.03   stddev=0.00 (1.2%))
[       OK ] Sz_Depth_Cn_Inter_Border_WarpAffine.WarpAffine/274 (3 ms)
[ RUN      ] Sz_Depth_Cn_Inter_Border_WarpAffine.WarpAffine/275, where GetParam() = (1920x1080, CV_8U, Gray, INTER_LINEAR, BORDER_REFLECT101)
[ PERFSTAT ]    (samples=13   mean=0.05   median=0.05   min=0.05   stddev=0.00 (0.8%))
[       OK ] Sz_Depth_Cn_Inter_Border_WarpAffine.WarpAffine/275 (4 ms)
[ RUN      ] Sz_Depth_Cn_Inter_Border_WarpAffine.WarpAffine/276, where GetParam() = (1920x1080, CV_8U, Gray, INTER_LINEAR, BORDER_REPLICATE)
[ PERFSTAT ]    (samples=13   mean=0.04   median=0.04   min=0.04   stddev=0.00 (1.5%))
[       OK ] Sz_Depth_Cn_Inter_Border_WarpAffine.WarpAffine/276 (3 ms)
[ RUN      ] Sz_Depth_Cn_Inter_Border_WarpAffine.WarpAffine/277, where GetParam() = (1920x1080, CV_8U, Gray, INTER_LINEAR, BORDER_CONSTANT)
[ PERFSTAT ]    (samples=25   mean=0.03   median=0.03   min=0.03   stddev=0.00 (1.4%))
[       OK ] Sz_Depth_Cn_Inter_Border_WarpAffine.WarpAffine/277 (4 ms)
[ RUN      ] Sz_Depth_Cn_Inter_Border_WarpAffine.WarpAffine/278, where GetParam() = (1920x1080, CV_8U, Gray, INTER_LINEAR, BORDER_REFLECT)
[ PERFSTAT ]    (samples=13   mean=0.05   median=0.05   min=0.05   stddev=0.00 (1.1%))
[       OK ] Sz_Depth_Cn_Inter_Border_WarpAffine.WarpAffine/278 (3 ms)
[ RUN      ] Sz_Depth_Cn_Inter_Border_WarpAffine.WarpAffine/279, where GetParam() = (1920x1080, CV_8U, Gray, INTER_LINEAR, BORDER_WRAP)
[ PERFSTAT ]    (samples=13   mean=0.05   median=0.05   min=0.05   stddev=0.00 (0.6%))
[       OK ] Sz_Depth_Cn_Inter_Border_WarpAffine.WarpAffine/279 (4 ms)
[ RUN      ] Sz_Depth_Cn_Inter_Border_WarpAffine.WarpAffine/280, where GetParam() = (1920x1080, CV_8U, Gray, INTER_CUBIC, BORDER_REFLECT101)
[ PERFSTAT ]    (samples=13   mean=0.20   median=0.20   min=0.20   stddev=0.00 (0.2%))
[       OK ] Sz_Depth_Cn_Inter_Border_WarpAffine.WarpAffine/280 (5 ms)
[ RUN      ] Sz_Depth_Cn_Inter_Border_WarpAffine.WarpAffine/281, where GetParam() = (1920x1080, CV_8U, Gray, INTER_CUBIC, BORDER_REPLICATE)
[ PERFSTAT ]    (samples=13   mean=0.14   median=0.14   min=0.14   stddev=0.00 (0.3%))
[       OK ] Sz_Depth_Cn_Inter_Border_WarpAffine.WarpAffine/281 (4 ms)
[ RUN      ] Sz_Depth_Cn_Inter_Border_WarpAffine.WarpAffine/282, where GetParam() = (1920x1080, CV_8U, Gray, INTER_CUBIC, BORDER_CONSTANT)
[ PERFSTAT ]    (samples=13   mean=0.06   median=0.06   min=0.06   stddev=0.00 (0.8%))
[       OK ] Sz_Depth_Cn_Inter_Border_WarpAffine.WarpAffine/282 (4 ms)
[ RUN      ] Sz_Depth_Cn_Inter_Border_WarpAffine.WarpAffine/283, where GetParam() = (1920x1080, CV_8U, Gray, INTER_CUBIC, BORDER_REFLECT)
[ PERFSTAT ]    (samples=13   mean=0.24   median=0.24   min=0.24   stddev=0.00 (0.2%))
[       OK ] Sz_Depth_Cn_Inter_Border_WarpAffine.WarpAffine/283 (6 ms)
[ RUN      ] Sz_Depth_Cn_Inter_Border_WarpAffine.WarpAffine/284, where GetParam() = (1920x1080, CV_8U, Gray, INTER_CUBIC, BORDER_WRAP)
[ PERFSTAT ]    (samples=13   mean=0.21   median=0.21   min=0.21   stddev=0.00 (0.3%))
[       OK ] Sz_Depth_Cn_Inter_Border_WarpAffine.WarpAffine/284 (5 ms)
[ RUN      ] Sz_Depth_Cn_Inter_Border_WarpAffine.WarpAffine/285, where GetParam() = (1920x1080, CV_8U, BGR, INTER_NEAREST, BORDER_REFLECT101)
[ PERFSTAT ]    (samples=13   mean=0.04   median=0.04   min=0.04   stddev=0.00 (0.8%))
[       OK ] Sz_Depth_Cn_Inter_Border_WarpAffine.WarpAffine/285 (7 ms)
[ RUN      ] Sz_Depth_Cn_Inter_Border_WarpAffine.WarpAffine/286, where GetParam() = (1920x1080, CV_8U, BGR, INTER_NEAREST, BORDER_REPLICATE)
[ PERFSTAT ]    (samples=13   mean=0.04   median=0.04   min=0.04   stddev=0.00 (0.6%))
[       OK ] Sz_Depth_Cn_Inter_Border_WarpAffine.WarpAffine/286 (7 ms)
[ RUN      ] Sz_Depth_Cn_Inter_Border_WarpAffine.WarpAffine/287, where GetParam() = (1920x1080, CV_8U, BGR, INTER_NEAREST, BORDER_CONSTANT)
[ PERFSTAT ]    (samples=13   mean=0.03   median=0.03   min=0.03   stddev=0.00 (0.8%))
[       OK ] Sz_Depth_Cn_Inter_Border_WarpAffine.WarpAffine/287 (7 ms)
[ RUN      ] Sz_Depth_Cn_Inter_Border_WarpAffine.WarpAffine/288, where GetParam() = (1920x1080, CV_8U, BGR, INTER_NEAREST, BORDER_REFLECT)
[ PERFSTAT ]    (samples=13   mean=0.04   median=0.04   min=0.04   stddev=0.00 (0.7%))
[       OK ] Sz_Depth_Cn_Inter_Border_WarpAffine.WarpAffine/288 (6 ms)
[ RUN      ] Sz_Depth_Cn_Inter_Border_WarpAffine.WarpAffine/289, where GetParam() = (1920x1080, CV_8U, BGR, INTER_NEAREST, BORDER_WRAP)
[ PERFSTAT ]    (samples=13   mean=0.04   median=0.04   min=0.04   stddev=0.00 (0.5%))
[       OK ] Sz_Depth_Cn_Inter_Border_WarpAffine.WarpAffine/289 (7 ms)
[ RUN      ] Sz_Depth_Cn_Inter_Border_WarpAffine.WarpAffine/290, where GetParam() = (1920x1080, CV_8U, BGR, INTER_LINEAR, BORDER_REFLECT101)
[ PERFSTAT ]    (samples=13   mean=0.10   median=0.10   min=0.10   stddev=0.00 (0.5%))
[       OK ] Sz_Depth_Cn_Inter_Border_WarpAffine.WarpAffine/290 (8 ms)
[ RUN      ] Sz_Depth_Cn_Inter_Border_WarpAffine.WarpAffine/291, where GetParam() = (1920x1080, CV_8U, BGR, INTER_LINEAR, BORDER_REPLICATE)
[ PERFSTAT ]    (samples=13   mean=0.09   median=0.09   min=0.09   stddev=0.00 (0.6%))
[       OK ] Sz_Depth_Cn_Inter_Border_WarpAffine.WarpAffine/291 (7 ms)
[ RUN      ] Sz_Depth_Cn_Inter_Border_WarpAffine.WarpAffine/292, where GetParam() = (1920x1080, CV_8U, BGR, INTER_LINEAR, BORDER_CONSTANT)
[ PERFSTAT ]    (samples=13   mean=0.06   median=0.06   min=0.06   stddev=0.00 (1.0%))
[       OK ] Sz_Depth_Cn_Inter_Border_WarpAffine.WarpAffine/292 (8 ms)
[ RUN      ] Sz_Depth_Cn_Inter_Border_WarpAffine.WarpAffine/293, where GetParam() = (1920x1080, CV_8U, BGR, INTER_LINEAR, BORDER_REFLECT)
[ PERFSTAT ]    (samples=13   mean=0.10   median=0.10   min=0.10   stddev=0.00 (0.5%))
[       OK ] Sz_Depth_Cn_Inter_Border_WarpAffine.WarpAffine/293 (7 ms)
[ RUN      ] Sz_Depth_Cn_Inter_Border_WarpAffine.WarpAffine/294, where GetParam() = (1920x1080, CV_8U, BGR, INTER_LINEAR, BORDER_WRAP)
[ PERFSTAT ]    (samples=13   mean=0.09   median=0.09   min=0.09   stddev=0.00 (0.3%))
[       OK ] Sz_Depth_Cn_Inter_Border_WarpAffine.WarpAffine/294 (8 ms)
[ RUN      ] Sz_Depth_Cn_Inter_Border_WarpAffine.WarpAffine/295, where GetParam() = (1920x1080, CV_8U, BGR, INTER_CUBIC, BORDER_REFLECT101)
[ PERFSTAT ]    (samples=13   mean=0.29   median=0.29   min=0.29   stddev=0.00 (0.5%))
[       OK ] Sz_Depth_Cn_Inter_Border_WarpAffine.WarpAffine/295 (10 ms)
[ RUN      ] Sz_Depth_Cn_Inter_Border_WarpAffine.WarpAffine/296, where GetParam() = (1920x1080, CV_8U, BGR, INTER_CUBIC, BORDER_REPLICATE)
[ PERFSTAT ]    (samples=13   mean=0.29   median=0.29   min=0.29   stddev=0.00 (0.4%))
[       OK ] Sz_Depth_Cn_Inter_Border_WarpAffine.WarpAffine/296 (10 ms)
[ RUN      ] Sz_Depth_Cn_Inter_Border_WarpAffine.WarpAffine/297, where GetParam() = (1920x1080, CV_8U, BGR, INTER_CUBIC, BORDER_CONSTANT)
[ PERFSTAT ]    (samples=13   mean=0.16   median=0.16   min=0.16   stddev=0.00 (0.4%))
[       OK ] Sz_Depth_Cn_Inter_Border_WarpAffine.WarpAffine/297 (9 ms)
[ RUN      ] Sz_Depth_Cn_Inter_Border_WarpAffine.WarpAffine/298, where GetParam() = (1920x1080, CV_8U, BGR, INTER_CUBIC, BORDER_REFLECT)
[ PERFSTAT ]    (samples=13   mean=0.29   median=0.29   min=0.29   stddev=0.00 (0.3%))
[       OK ] Sz_Depth_Cn_Inter_Border_WarpAffine.WarpAffine/298 (10 ms)
[ RUN      ] Sz_Depth_Cn_Inter_Border_WarpAffine.WarpAffine/299, where GetParam() = (1920x1080, CV_8U, BGR, INTER_CUBIC, BORDER_WRAP)
[ PERFSTAT ]    (samples=13   mean=0.29   median=0.29   min=0.29   stddev=0.00 (0.2%))
[       OK ] Sz_Depth_Cn_Inter_Border_WarpAffine.WarpAffine/299 (10 ms)
[ RUN      ] Sz_Depth_Cn_Inter_Border_WarpAffine.WarpAffine/300, where GetParam() = (1920x1080, CV_8U, BGRA, INTER_NEAREST, BORDER_REFLECT101)
[ PERFSTAT ]    (samples=13   mean=0.04   median=0.04   min=0.04   stddev=0.00 (1.1%))
[       OK ] Sz_Depth_Cn_Inter_Border_WarpAffine.WarpAffine/300 (8 ms)
[ RUN      ] Sz_Depth_Cn_Inter_Border_WarpAffine.WarpAffine/301, where GetParam() = (1920x1080, CV_8U, BGRA, INTER_NEAREST, BORDER_REPLICATE)
[ PERFSTAT ]    (samples=13   mean=0.04   median=0.04   min=0.04   stddev=0.00 (2.1%))
[       OK ] Sz_Depth_Cn_Inter_Border_WarpAffine.WarpAffine/301 (9 ms)
[ RUN      ] Sz_Depth_Cn_Inter_Border_WarpAffine.WarpAffine/302, where GetParam() = (1920x1080, CV_8U, BGRA, INTER_NEAREST, BORDER_CONSTANT)
[ PERFSTAT ]    (samples=13   mean=0.03   median=0.03   min=0.03   stddev=0.00 (1.2%))
[       OK ] Sz_Depth_Cn_Inter_Border_WarpAffine.WarpAffine/302 (9 ms)
[ RUN      ] Sz_Depth_Cn_Inter_Border_WarpAffine.WarpAffine/303, where GetParam() = (1920x1080, CV_8U, BGRA, INTER_NEAREST, BORDER_REFLECT)
[ PERFSTAT ]    (samples=13   mean=0.04   median=0.04   min=0.04   stddev=0.00 (2.3%))
[       OK ] Sz_Depth_Cn_Inter_Border_WarpAffine.WarpAffine/303 (8 ms)
[ RUN      ] Sz_Depth_Cn_Inter_Border_WarpAffine.WarpAffine/304, where GetParam() = (1920x1080, CV_8U, BGRA, INTER_NEAREST, BORDER_WRAP)
[ PERFSTAT ]    (samples=13   mean=0.04   median=0.04   min=0.04   stddev=0.00 (1.0%))
[       OK ] Sz_Depth_Cn_Inter_Border_WarpAffine.WarpAffine/304 (9 ms)
[ RUN      ] Sz_Depth_Cn_Inter_Border_WarpAffine.WarpAffine/305, where GetParam() = (1920x1080, CV_8U, BGRA, INTER_LINEAR, BORDER_REFLECT101)
[ PERFSTAT ]    (samples=13   mean=0.07   median=0.07   min=0.07   stddev=0.00 (0.7%))
[       OK ] Sz_Depth_Cn_Inter_Border_WarpAffine.WarpAffine/305 (9 ms)
[ RUN      ] Sz_Depth_Cn_Inter_Border_WarpAffine.WarpAffine/306, where GetParam() = (1920x1080, CV_8U, BGRA, INTER_LINEAR, BORDER_REPLICATE)
[ PERFSTAT ]    (samples=13   mean=0.06   median=0.06   min=0.06   stddev=0.00 (0.8%))
[       OK ] Sz_Depth_Cn_Inter_Border_WarpAffine.WarpAffine/306 (9 ms)
[ RUN      ] Sz_Depth_Cn_Inter_Border_WarpAffine.WarpAffine/307, where GetParam() = (1920x1080, CV_8U, BGRA, INTER_LINEAR, BORDER_CONSTANT)
[ PERFSTAT ]    (samples=13   mean=0.05   median=0.05   min=0.05   stddev=0.00 (1.9%))
[       OK ] Sz_Depth_Cn_Inter_Border_WarpAffine.WarpAffine/307 (9 ms)
[ RUN      ] Sz_Depth_Cn_Inter_Border_WarpAffine.WarpAffine/308, where GetParam() = (1920x1080, CV_8U, BGRA, INTER_LINEAR, BORDER_REFLECT)
[ PERFSTAT ]    (samples=13   mean=0.07   median=0.07   min=0.07   stddev=0.00 (0.8%))
[       OK ] Sz_Depth_Cn_Inter_Border_WarpAffine.WarpAffine/308 (11 ms)
[ RUN      ] Sz_Depth_Cn_Inter_Border_WarpAffine.WarpAffine/309, where GetParam() = (1920x1080, CV_8U, BGRA, INTER_LINEAR, BORDER_WRAP)
[ PERFSTAT ]    (samples=13   mean=0.07   median=0.07   min=0.07   stddev=0.00 (1.6%))
[       OK ] Sz_Depth_Cn_Inter_Border_WarpAffine.WarpAffine/309 (9 ms)
[ RUN      ] Sz_Depth_Cn_Inter_Border_WarpAffine.WarpAffine/310, where GetParam() = (1920x1080, CV_8U, BGRA, INTER_CUBIC, BORDER_REFLECT101)
[ PERFSTAT ]    (samples=13   mean=0.26   median=0.26   min=0.26   stddev=0.00 (0.3%))
[       OK ] Sz_Depth_Cn_Inter_Border_WarpAffine.WarpAffine/310 (12 ms)
[ RUN      ] Sz_Depth_Cn_Inter_Border_WarpAffine.WarpAffine/311, where GetParam() = (1920x1080, CV_8U, BGRA, INTER_CUBIC, BORDER_REPLICATE)
[ PERFSTAT ]    (samples=13   mean=0.21   median=0.21   min=0.21   stddev=0.00 (0.4%))
[       OK ] Sz_Depth_Cn_Inter_Border_WarpAffine.WarpAffine/311 (11 ms)
[ RUN      ] Sz_Depth_Cn_Inter_Border_WarpAffine.WarpAffine/312, where GetParam() = (1920x1080, CV_8U, BGRA, INTER_CUBIC, BORDER_CONSTANT)
[ PERFSTAT ]    (samples=13   mean=0.17   median=0.17   min=0.17   stddev=0.00 (0.4%))
[       OK ] Sz_Depth_Cn_Inter_Border_WarpAffine.WarpAffine/312 (10 ms)
[ RUN      ] Sz_Depth_Cn_Inter_Border_WarpAffine.WarpAffine/313, where GetParam() = (1920x1080, CV_8U, BGRA, INTER_CUBIC, BORDER_REFLECT)
[ PERFSTAT ]    (samples=13   mean=0.29   median=0.29   min=0.29   stddev=0.00 (0.2%))
[       OK ] Sz_Depth_Cn_Inter_Border_WarpAffine.WarpAffine/313 (12 ms)
[ RUN      ] Sz_Depth_Cn_Inter_Border_WarpAffine.WarpAffine/314, where GetParam() = (1920x1080, CV_8U, BGRA, INTER_CUBIC, BORDER_WRAP)
[ PERFSTAT ]    (samples=13   mean=0.26   median=0.26   min=0.26   stddev=0.00 (0.2%))
[       OK ] Sz_Depth_Cn_Inter_Border_WarpAffine.WarpAffine/314 (12 ms)
[ RUN      ] Sz_Depth_Cn_Inter_Border_WarpAffine.WarpAffine/315, where GetParam() = (1920x1080, CV_16U, Gray, INTER_NEAREST, BORDER_REFLECT101)
[ PERFSTAT ]    (samples=13   mean=0.04   median=0.04   min=0.04   stddev=0.00 (1.1%))
[       OK ] Sz_Depth_Cn_Inter_Border_WarpAffine.WarpAffine/315 (6 ms)
[ RUN      ] Sz_Depth_Cn_Inter_Border_WarpAffine.WarpAffine/316, where GetParam() = (1920x1080, CV_16U, Gray, INTER_NEAREST, BORDER_REPLICATE)
[ PERFSTAT ]    (samples=13   mean=0.03   median=0.03   min=0.03   stddev=0.00 (1.0%))
[       OK ] Sz_Depth_Cn_Inter_Border_WarpAffine.WarpAffine/316 (4 ms)
[ RUN      ] Sz_Depth_Cn_Inter_Border_WarpAffine.WarpAffine/317, where GetParam() = (1920x1080, CV_16U, Gray, INTER_NEAREST, BORDER_CONSTANT)
[ PERFSTAT ]    (samples=13   mean=0.03   median=0.03   min=0.03   stddev=0.00 (1.0%))
[       OK ] Sz_Depth_Cn_Inter_Border_WarpAffine.WarpAffine/317 (5 ms)
[ RUN      ] Sz_Depth_Cn_Inter_Border_WarpAffine.WarpAffine/318, where GetParam() = (1920x1080, CV_16U, Gray, INTER_NEAREST, BORDER_REFLECT)
[ PERFSTAT ]    (samples=13   mean=0.04   median=0.04   min=0.04   stddev=0.00 (0.8%))
[       OK ] Sz_Depth_Cn_Inter_Border_WarpAffine.WarpAffine/318 (5 ms)
[ RUN      ] Sz_Depth_Cn_Inter_Border_WarpAffine.WarpAffine/319, where GetParam() = (1920x1080, CV_16U, Gray, INTER_NEAREST, BORDER_WRAP)
[ PERFSTAT ]    (samples=13   mean=0.03   median=0.03   min=0.03   stddev=0.00 (0.9%))
[       OK ] Sz_Depth_Cn_Inter_Border_WarpAffine.WarpAffine/319 (5 ms)
[ RUN      ] Sz_Depth_Cn_Inter_Border_WarpAffine.WarpAffine/320, where GetParam() = (1920x1080, CV_16U, Gray, INTER_LINEAR, BORDER_REFLECT101)
[ PERFSTAT ]    (samples=14   mean=0.05   median=0.05   min=0.05   stddev=0.00 (2.9%))
[       OK ] Sz_Depth_Cn_Inter_Border_WarpAffine.WarpAffine/320 (5 ms)
[ RUN      ] Sz_Depth_Cn_Inter_Border_WarpAffine.WarpAffine/321, where GetParam() = (1920x1080, CV_16U, Gray, INTER_LINEAR, BORDER_REPLICATE)
[ PERFSTAT ]    (samples=13   mean=0.04   median=0.04   min=0.04   stddev=0.00 (0.6%))
[       OK ] Sz_Depth_Cn_Inter_Border_WarpAffine.WarpAffine/321 (6 ms)
[ RUN      ] Sz_Depth_Cn_Inter_Border_WarpAffine.WarpAffine/322, where GetParam() = (1920x1080, CV_16U, Gray, INTER_LINEAR, BORDER_CONSTANT)
[ PERFSTAT ]    (samples=13   mean=0.03   median=0.03   min=0.03   stddev=0.00 (0.9%))
[       OK ] Sz_Depth_Cn_Inter_Border_WarpAffine.WarpAffine/322 (5 ms)
[ RUN      ] Sz_Depth_Cn_Inter_Border_WarpAffine.WarpAffine/323, where GetParam() = (1920x1080, CV_16U, Gray, INTER_LINEAR, BORDER_REFLECT)
[ PERFSTAT ]    (samples=13   mean=0.05   median=0.05   min=0.05   stddev=0.00 (0.8%))
[       OK ] Sz_Depth_Cn_Inter_Border_WarpAffine.WarpAffine/323 (5 ms)
[ RUN      ] Sz_Depth_Cn_Inter_Border_WarpAffine.WarpAffine/324, where GetParam() = (1920x1080, CV_16U, Gray, INTER_LINEAR, BORDER_WRAP)
[ PERFSTAT ]    (samples=13   mean=0.05   median=0.05   min=0.05   stddev=0.00 (1.7%))
[       OK ] Sz_Depth_Cn_Inter_Border_WarpAffine.WarpAffine/324 (5 ms)
[ RUN      ] Sz_Depth_Cn_Inter_Border_WarpAffine.WarpAffine/325, where GetParam() = (1920x1080, CV_16U, Gray, INTER_CUBIC, BORDER_REFLECT101)
[ PERFSTAT ]    (samples=13   mean=0.20   median=0.20   min=0.20   stddev=0.00 (0.5%))
[       OK ] Sz_Depth_Cn_Inter_Border_WarpAffine.WarpAffine/325 (7 ms)
[ RUN      ] Sz_Depth_Cn_Inter_Border_WarpAffine.WarpAffine/326, where GetParam() = (1920x1080, CV_16U, Gray, INTER_CUBIC, BORDER_REPLICATE)
[ PERFSTAT ]    (samples=13   mean=0.14   median=0.14   min=0.14   stddev=0.00 (1.4%))
[       OK ] Sz_Depth_Cn_Inter_Border_WarpAffine.WarpAffine/326 (7 ms)
[ RUN      ] Sz_Depth_Cn_Inter_Border_WarpAffine.WarpAffine/327, where GetParam() = (1920x1080, CV_16U, Gray, INTER_CUBIC, BORDER_CONSTANT)
[ PERFSTAT ]    (samples=13   mean=0.06   median=0.06   min=0.06   stddev=0.00 (0.7%))
[       OK ] Sz_Depth_Cn_Inter_Border_WarpAffine.WarpAffine/327 (5 ms)
[ RUN      ] Sz_Depth_Cn_Inter_Border_WarpAffine.WarpAffine/328, where GetParam() = (1920x1080, CV_16U, Gray, INTER_CUBIC, BORDER_REFLECT)
[ PERFSTAT ]    (samples=13   mean=0.24   median=0.24   min=0.24   stddev=0.00 (0.3%))
[       OK ] Sz_Depth_Cn_Inter_Border_WarpAffine.WarpAffine/328 (7 ms)
[ RUN      ] Sz_Depth_Cn_Inter_Border_WarpAffine.WarpAffine/329, where GetParam() = (1920x1080, CV_16U, Gray, INTER_CUBIC, BORDER_WRAP)
[ PERFSTAT ]    (samples=13   mean=0.21   median=0.21   min=0.20   stddev=0.00 (0.9%))
[       OK ] Sz_Depth_Cn_Inter_Border_WarpAffine.WarpAffine/329 (8 ms)
[ RUN      ] Sz_Depth_Cn_Inter_Border_WarpAffine.WarpAffine/330, where GetParam() = (1920x1080, CV_16U, BGR, INTER_NEAREST, BORDER_REFLECT101)
[ PERFSTAT ]    (samples=13   mean=0.04   median=0.04   min=0.04   stddev=0.00 (0.9%))
[       OK ] Sz_Depth_Cn_Inter_Border_WarpAffine.WarpAffine/330 (12 ms)
[ RUN      ] Sz_Depth_Cn_Inter_Border_WarpAffine.WarpAffine/331, where GetParam() = (1920x1080, CV_16U, BGR, INTER_NEAREST, BORDER_REPLICATE)
[ PERFSTAT ]    (samples=13   mean=0.04   median=0.04   min=0.04   stddev=0.00 (0.7%))
[       OK ] Sz_Depth_Cn_Inter_Border_WarpAffine.WarpAffine/331 (13 ms)
[ RUN      ] Sz_Depth_Cn_Inter_Border_WarpAffine.WarpAffine/332, where GetParam() = (1920x1080, CV_16U, BGR, INTER_NEAREST, BORDER_CONSTANT)
[ PERFSTAT ]    (samples=13   mean=0.03   median=0.03   min=0.03   stddev=0.00 (0.9%))
[       OK ] Sz_Depth_Cn_Inter_Border_WarpAffine.WarpAffine/332 (13 ms)
[ RUN      ] Sz_Depth_Cn_Inter_Border_WarpAffine.WarpAffine/333, where GetParam() = (1920x1080, CV_16U, BGR, INTER_NEAREST, BORDER_REFLECT)
[ PERFSTAT ]    (samples=13   mean=0.04   median=0.04   min=0.04   stddev=0.00 (0.7%))
[       OK ] Sz_Depth_Cn_Inter_Border_WarpAffine.WarpAffine/333 (13 ms)
[ RUN      ] Sz_Depth_Cn_Inter_Border_WarpAffine.WarpAffine/334, where GetParam() = (1920x1080, CV_16U, BGR, INTER_NEAREST, BORDER_WRAP)
[ PERFSTAT ]    (samples=13   mean=0.04   median=0.04   min=0.04   stddev=0.00 (0.6%))
[       OK ] Sz_Depth_Cn_Inter_Border_WarpAffine.WarpAffine/334 (13 ms)
[ RUN      ] Sz_Depth_Cn_Inter_Border_WarpAffine.WarpAffine/335, where GetParam() = (1920x1080, CV_16U, BGR, INTER_LINEAR, BORDER_REFLECT101)
[ PERFSTAT ]    (samples=13   mean=0.09   median=0.09   min=0.09   stddev=0.00 (0.6%))
[       OK ] Sz_Depth_Cn_Inter_Border_WarpAffine.WarpAffine/335 (14 ms)
[ RUN      ] Sz_Depth_Cn_Inter_Border_WarpAffine.WarpAffine/336, where GetParam() = (1920x1080, CV_16U, BGR, INTER_LINEAR, BORDER_REPLICATE)
[ PERFSTAT ]    (samples=13   mean=0.09   median=0.09   min=0.09   stddev=0.00 (0.6%))
[       OK ] Sz_Depth_Cn_Inter_Border_WarpAffine.WarpAffine/336 (14 ms)
[ RUN      ] Sz_Depth_Cn_Inter_Border_WarpAffine.WarpAffine/337, where GetParam() = (1920x1080, CV_16U, BGR, INTER_LINEAR, BORDER_CONSTANT)
[ PERFSTAT ]    (samples=13   mean=0.06   median=0.06   min=0.06   stddev=0.00 (0.8%))
[       OK ] Sz_Depth_Cn_Inter_Border_WarpAffine.WarpAffine/337 (15 ms)
[ RUN      ] Sz_Depth_Cn_Inter_Border_WarpAffine.WarpAffine/338, where GetParam() = (1920x1080, CV_16U, BGR, INTER_LINEAR, BORDER_REFLECT)
[ PERFSTAT ]    (samples=13   mean=0.09   median=0.09   min=0.09   stddev=0.00 (0.5%))
[       OK ] Sz_Depth_Cn_Inter_Border_WarpAffine.WarpAffine/338 (14 ms)
[ RUN      ] Sz_Depth_Cn_Inter_Border_WarpAffine.WarpAffine/339, where GetParam() = (1920x1080, CV_16U, BGR, INTER_LINEAR, BORDER_WRAP)
[ PERFSTAT ]    (samples=13   mean=0.09   median=0.09   min=0.09   stddev=0.00 (0.4%))
[       OK ] Sz_Depth_Cn_Inter_Border_WarpAffine.WarpAffine/339 (15 ms)
[ RUN      ] Sz_Depth_Cn_Inter_Border_WarpAffine.WarpAffine/340, where GetParam() = (1920x1080, CV_16U, BGR, INTER_CUBIC, BORDER_REFLECT101)
[ PERFSTAT ]    (samples=13   mean=0.26   median=0.26   min=0.26   stddev=0.00 (0.2%))
[       OK ] Sz_Depth_Cn_Inter_Border_WarpAffine.WarpAffine/340 (15 ms)
[ RUN      ] Sz_Depth_Cn_Inter_Border_WarpAffine.WarpAffine/341, where GetParam() = (1920x1080, CV_16U, BGR, INTER_CUBIC, BORDER_REPLICATE)
[ PERFSTAT ]    (samples=13   mean=0.27   median=0.27   min=0.27   stddev=0.00 (0.2%))
[       OK ] Sz_Depth_Cn_Inter_Border_WarpAffine.WarpAffine/341 (16 ms)
[ RUN      ] Sz_Depth_Cn_Inter_Border_WarpAffine.WarpAffine/342, where GetParam() = (1920x1080, CV_16U, BGR, INTER_CUBIC, BORDER_CONSTANT)
[ PERFSTAT ]    (samples=13   mean=0.15   median=0.15   min=0.15   stddev=0.00 (0.3%))
[       OK ] Sz_Depth_Cn_Inter_Border_WarpAffine.WarpAffine/342 (14 ms)
[ RUN      ] Sz_Depth_Cn_Inter_Border_WarpAffine.WarpAffine/343, where GetParam() = (1920x1080, CV_16U, BGR, INTER_CUBIC, BORDER_REFLECT)
[ PERFSTAT ]    (samples=13   mean=0.26   median=0.26   min=0.26   stddev=0.00 (0.2%))
[       OK ] Sz_Depth_Cn_Inter_Border_WarpAffine.WarpAffine/343 (15 ms)
[ RUN      ] Sz_Depth_Cn_Inter_Border_WarpAffine.WarpAffine/344, where GetParam() = (1920x1080, CV_16U, BGR, INTER_CUBIC, BORDER_WRAP)
[ PERFSTAT ]    (samples=13   mean=0.26   median=0.26   min=0.26   stddev=0.00 (0.3%))
[       OK ] Sz_Depth_Cn_Inter_Border_WarpAffine.WarpAffine/344 (16 ms)
[ RUN      ] Sz_Depth_Cn_Inter_Border_WarpAffine.WarpAffine/345, where GetParam() = (1920x1080, CV_16U, BGRA, INTER_NEAREST, BORDER_REFLECT101)
[ PERFSTAT ]    (samples=13   mean=0.05   median=0.05   min=0.04   stddev=0.00 (2.2%))
[       OK ] Sz_Depth_Cn_Inter_Border_WarpAffine.WarpAffine/345 (17 ms)
[ RUN      ] Sz_Depth_Cn_Inter_Border_WarpAffine.WarpAffine/346, where GetParam() = (1920x1080, CV_16U, BGRA, INTER_NEAREST, BORDER_REPLICATE)
[ PERFSTAT ]    (samples=25   mean=0.04   median=0.04   min=0.04   stddev=0.00 (2.9%))
[       OK ] Sz_Depth_Cn_Inter_Border_WarpAffine.WarpAffine/346 (18 ms)
[ RUN      ] Sz_Depth_Cn_Inter_Border_WarpAffine.WarpAffine/347, where GetParam() = (1920x1080, CV_16U, BGRA, INTER_NEAREST, BORDER_CONSTANT)
[ PERFSTAT ]    (samples=23   mean=0.04   median=0.04   min=0.03   stddev=0.00 (3.0%))
[       OK ] Sz_Depth_Cn_Inter_Border_WarpAffine.WarpAffine/347 (17 ms)
[ RUN      ] Sz_Depth_Cn_Inter_Border_WarpAffine.WarpAffine/348, where GetParam() = (1920x1080, CV_16U, BGRA, INTER_NEAREST, BORDER_REFLECT)
[ PERFSTAT ]    (samples=13   mean=0.05   median=0.05   min=0.05   stddev=0.00 (1.7%))
[       OK ] Sz_Depth_Cn_Inter_Border_WarpAffine.WarpAffine/348 (17 ms)
[ RUN      ] Sz_Depth_Cn_Inter_Border_WarpAffine.WarpAffine/349, where GetParam() = (1920x1080, CV_16U, BGRA, INTER_NEAREST, BORDER_WRAP)
[ PERFSTAT ]    (samples=13   mean=0.04   median=0.04   min=0.04   stddev=0.00 (1.5%))
[       OK ] Sz_Depth_Cn_Inter_Border_WarpAffine.WarpAffine/349 (18 ms)
[ RUN      ] Sz_Depth_Cn_Inter_Border_WarpAffine.WarpAffine/350, where GetParam() = (1920x1080, CV_16U, BGRA, INTER_LINEAR, BORDER_REFLECT101)
[ PERFSTAT ]    (samples=13   mean=0.07   median=0.07   min=0.07   stddev=0.00 (1.0%))
[       OK ] Sz_Depth_Cn_Inter_Border_WarpAffine.WarpAffine/350 (19 ms)
[ RUN      ] Sz_Depth_Cn_Inter_Border_WarpAffine.WarpAffine/351, where GetParam() = (1920x1080, CV_16U, BGRA, INTER_LINEAR, BORDER_REPLICATE)
[ PERFSTAT ]    (samples=13   mean=0.06   median=0.06   min=0.06   stddev=0.00 (2.0%))
[       OK ] Sz_Depth_Cn_Inter_Border_WarpAffine.WarpAffine/351 (18 ms)
[ RUN      ] Sz_Depth_Cn_Inter_Border_WarpAffine.WarpAffine/352, where GetParam() = (1920x1080, CV_16U, BGRA, INTER_LINEAR, BORDER_CONSTANT)
[ PERFSTAT ]    (samples=19   mean=0.05   median=0.05   min=0.05   stddev=0.00 (2.9%))
[       OK ] Sz_Depth_Cn_Inter_Border_WarpAffine.WarpAffine/352 (19 ms)
[ RUN      ] Sz_Depth_Cn_Inter_Border_WarpAffine.WarpAffine/353, where GetParam() = (1920x1080, CV_16U, BGRA, INTER_LINEAR, BORDER_REFLECT)
[ PERFSTAT ]    (samples=13   mean=0.07   median=0.07   min=0.07   stddev=0.00 (1.7%))
[       OK ] Sz_Depth_Cn_Inter_Border_WarpAffine.WarpAffine/353 (18 ms)
[ RUN      ] Sz_Depth_Cn_Inter_Border_WarpAffine.WarpAffine/354, where GetParam() = (1920x1080, CV_16U, BGRA, INTER_LINEAR, BORDER_WRAP)
[ PERFSTAT ]    (samples=13   mean=0.07   median=0.07   min=0.07   stddev=0.00 (1.3%))
[       OK ] Sz_Depth_Cn_Inter_Border_WarpAffine.WarpAffine/354 (19 ms)
[ RUN      ] Sz_Depth_Cn_Inter_Border_WarpAffine.WarpAffine/355, where GetParam() = (1920x1080, CV_16U, BGRA, INTER_CUBIC, BORDER_REFLECT101)
[ PERFSTAT ]    (samples=13   mean=0.26   median=0.26   min=0.26   stddev=0.00 (1.2%))
[       OK ] Sz_Depth_Cn_Inter_Border_WarpAffine.WarpAffine/355 (20 ms)
[ RUN      ] Sz_Depth_Cn_Inter_Border_WarpAffine.WarpAffine/356, where GetParam() = (1920x1080, CV_16U, BGRA, INTER_CUBIC, BORDER_REPLICATE)
[ PERFSTAT ]    (samples=13   mean=0.21   median=0.21   min=0.21   stddev=0.00 (0.7%))
[       OK ] Sz_Depth_Cn_Inter_Border_WarpAffine.WarpAffine/356 (19 ms)
[ RUN      ] Sz_Depth_Cn_Inter_Border_WarpAffine.WarpAffine/357, where GetParam() = (1920x1080, CV_16U, BGRA, INTER_CUBIC, BORDER_CONSTANT)
[ PERFSTAT ]    (samples=13   mean=0.17   median=0.17   min=0.17   stddev=0.00 (0.8%))
[       OK ] Sz_Depth_Cn_Inter_Border_WarpAffine.WarpAffine/357 (19 ms)
[ RUN      ] Sz_Depth_Cn_Inter_Border_WarpAffine.WarpAffine/358, where GetParam() = (1920x1080, CV_16U, BGRA, INTER_CUBIC, BORDER_REFLECT)
[ PERFSTAT ]    (samples=13   mean=0.29   median=0.29   min=0.29   stddev=0.00 (0.4%))
[       OK ] Sz_Depth_Cn_Inter_Border_WarpAffine.WarpAffine/358 (20 ms)
[ RUN      ] Sz_Depth_Cn_Inter_Border_WarpAffine.WarpAffine/359, where GetParam() = (1920x1080, CV_16U, BGRA, INTER_CUBIC, BORDER_WRAP)
[ PERFSTAT ]    (samples=13   mean=0.27   median=0.27   min=0.27   stddev=0.00 (0.4%))
[       OK ] Sz_Depth_Cn_Inter_Border_WarpAffine.WarpAffine/359 (19 ms)
[ RUN      ] Sz_Depth_Cn_Inter_Border_WarpAffine.WarpAffine/360, where GetParam() = (1920x1080, CV_32F, Gray, INTER_NEAREST, BORDER_REFLECT101)
[ PERFSTAT ]    (samples=13   mean=0.04   median=0.04   min=0.04   stddev=0.00 (1.6%))
[       OK ] Sz_Depth_Cn_Inter_Border_WarpAffine.WarpAffine/360 (7 ms)
[ RUN      ] Sz_Depth_Cn_Inter_Border_WarpAffine.WarpAffine/361, where GetParam() = (1920x1080, CV_32F, Gray, INTER_NEAREST, BORDER_REPLICATE)
[ PERFSTAT ]    (samples=13   mean=0.03   median=0.03   min=0.03   stddev=0.00 (3.0%))
[       OK ] Sz_Depth_Cn_Inter_Border_WarpAffine.WarpAffine/361 (6 ms)
[ RUN      ] Sz_Depth_Cn_Inter_Border_WarpAffine.WarpAffine/362, where GetParam() = (1920x1080, CV_32F, Gray, INTER_NEAREST, BORDER_CONSTANT)
[ PERFSTAT ]    (samples=20   mean=0.02   median=0.02   min=0.02   stddev=0.00 (2.9%))
[       OK ] Sz_Depth_Cn_Inter_Border_WarpAffine.WarpAffine/362 (6 ms)
[ RUN      ] Sz_Depth_Cn_Inter_Border_WarpAffine.WarpAffine/363, where GetParam() = (1920x1080, CV_32F, Gray, INTER_NEAREST, BORDER_REFLECT)
[ PERFSTAT ]    (samples=13   mean=0.04   median=0.04   min=0.04   stddev=0.00 (2.1%))
[       OK ] Sz_Depth_Cn_Inter_Border_WarpAffine.WarpAffine/363 (7 ms)
[ RUN      ] Sz_Depth_Cn_Inter_Border_WarpAffine.WarpAffine/364, where GetParam() = (1920x1080, CV_32F, Gray, INTER_NEAREST, BORDER_WRAP)
[ PERFSTAT ]    (samples=13   mean=0.03   median=0.03   min=0.03   stddev=0.00 (1.8%))
[       OK ] Sz_Depth_Cn_Inter_Border_WarpAffine.WarpAffine/364 (6 ms)
[ RUN      ] Sz_Depth_Cn_Inter_Border_WarpAffine.WarpAffine/365, where GetParam() = (1920x1080, CV_32F, Gray, INTER_LINEAR, BORDER_REFLECT101)
[ PERFSTAT ]    (samples=13   mean=0.05   median=0.05   min=0.05   stddev=0.00 (1.3%))
[       OK ] Sz_Depth_Cn_Inter_Border_WarpAffine.WarpAffine/365 (6 ms)
[ RUN      ] Sz_Depth_Cn_Inter_Border_WarpAffine.WarpAffine/366, where GetParam() = (1920x1080, CV_32F, Gray, INTER_LINEAR, BORDER_REPLICATE)
[ PERFSTAT ]    (samples=13   mean=0.04   median=0.04   min=0.03   stddev=0.00 (2.8%))
[       OK ] Sz_Depth_Cn_Inter_Border_WarpAffine.WarpAffine/366 (7 ms)
[ RUN      ] Sz_Depth_Cn_Inter_Border_WarpAffine.WarpAffine/367, where GetParam() = (1920x1080, CV_32F, Gray, INTER_LINEAR, BORDER_CONSTANT)
[ PERFSTAT ]    (samples=13   mean=0.03   median=0.03   min=0.03   stddev=0.00 (2.8%))
[       OK ] Sz_Depth_Cn_Inter_Border_WarpAffine.WarpAffine/367 (6 ms)
[ RUN      ] Sz_Depth_Cn_Inter_Border_WarpAffine.WarpAffine/368, where GetParam() = (1920x1080, CV_32F, Gray, INTER_LINEAR, BORDER_REFLECT)
[ PERFSTAT ]    (samples=13   mean=0.05   median=0.05   min=0.05   stddev=0.00 (1.4%))
[       OK ] Sz_Depth_Cn_Inter_Border_WarpAffine.WarpAffine/368 (6 ms)
[ RUN      ] Sz_Depth_Cn_Inter_Border_WarpAffine.WarpAffine/369, where GetParam() = (1920x1080, CV_32F, Gray, INTER_LINEAR, BORDER_WRAP)
[ PERFSTAT ]    (samples=13   mean=0.05   median=0.05   min=0.05   stddev=0.00 (1.9%))
[       OK ] Sz_Depth_Cn_Inter_Border_WarpAffine.WarpAffine/369 (7 ms)
[ RUN      ] Sz_Depth_Cn_Inter_Border_WarpAffine.WarpAffine/370, where GetParam() = (1920x1080, CV_32F, Gray, INTER_CUBIC, BORDER_REFLECT101)
[ PERFSTAT ]    (samples=13   mean=0.20   median=0.20   min=0.20   stddev=0.00 (0.4%))
[       OK ] Sz_Depth_Cn_Inter_Border_WarpAffine.WarpAffine/370 (8 ms)
[ RUN      ] Sz_Depth_Cn_Inter_Border_WarpAffine.WarpAffine/371, where GetParam() = (1920x1080, CV_32F, Gray, INTER_CUBIC, BORDER_REPLICATE)
[ PERFSTAT ]    (samples=13   mean=0.12   median=0.12   min=0.12   stddev=0.00 (0.8%))
[       OK ] Sz_Depth_Cn_Inter_Border_WarpAffine.WarpAffine/371 (8 ms)
[ RUN      ] Sz_Depth_Cn_Inter_Border_WarpAffine.WarpAffine/372, where GetParam() = (1920x1080, CV_32F, Gray, INTER_CUBIC, BORDER_CONSTANT)
[ PERFSTAT ]    (samples=13   mean=0.11   median=0.11   min=0.11   stddev=0.00 (0.9%))
[       OK ] Sz_Depth_Cn_Inter_Border_WarpAffine.WarpAffine/372 (7 ms)
[ RUN      ] Sz_Depth_Cn_Inter_Border_WarpAffine.WarpAffine/373, where GetParam() = (1920x1080, CV_32F, Gray, INTER_CUBIC, BORDER_REFLECT)
[ PERFSTAT ]    (samples=13   mean=0.23   median=0.23   min=0.23   stddev=0.00 (0.4%))
[       OK ] Sz_Depth_Cn_Inter_Border_WarpAffine.WarpAffine/373 (9 ms)
[ RUN      ] Sz_Depth_Cn_Inter_Border_WarpAffine.WarpAffine/374, where GetParam() = (1920x1080, CV_32F, Gray, INTER_CUBIC, BORDER_WRAP)
[ PERFSTAT ]    (samples=13   mean=0.19   median=0.19   min=0.19   stddev=0.00 (0.5%))
[       OK ] Sz_Depth_Cn_Inter_Border_WarpAffine.WarpAffine/374 (9 ms)
[ RUN      ] Sz_Depth_Cn_Inter_Border_WarpAffine.WarpAffine/375, where GetParam() = (1920x1080, CV_32F, BGR, INTER_NEAREST, BORDER_REFLECT101)
[ PERFSTAT ]    (samples=13   mean=0.05   median=0.05   min=0.05   stddev=0.00 (0.7%))
[       OK ] Sz_Depth_Cn_Inter_Border_WarpAffine.WarpAffine/375 (18 ms)
[ RUN      ] Sz_Depth_Cn_Inter_Border_WarpAffine.WarpAffine/376, where GetParam() = (1920x1080, CV_32F, BGR, INTER_NEAREST, BORDER_REPLICATE)
[ PERFSTAT ]    (samples=13   mean=0.05   median=0.05   min=0.05   stddev=0.00 (0.9%))
[       OK ] Sz_Depth_Cn_Inter_Border_WarpAffine.WarpAffine/376 (18 ms)
[ RUN      ] Sz_Depth_Cn_Inter_Border_WarpAffine.WarpAffine/377, where GetParam() = (1920x1080, CV_32F, BGR, INTER_NEAREST, BORDER_CONSTANT)
[ PERFSTAT ]    (samples=13   mean=0.04   median=0.04   min=0.04   stddev=0.00 (1.0%))
[       OK ] Sz_Depth_Cn_Inter_Border_WarpAffine.WarpAffine/377 (18 ms)
[ RUN      ] Sz_Depth_Cn_Inter_Border_WarpAffine.WarpAffine/378, where GetParam() = (1920x1080, CV_32F, BGR, INTER_NEAREST, BORDER_REFLECT)
[ PERFSTAT ]    (samples=13   mean=0.05   median=0.05   min=0.05   stddev=0.00 (0.8%))
[       OK ] Sz_Depth_Cn_Inter_Border_WarpAffine.WarpAffine/378 (18 ms)
[ RUN      ] Sz_Depth_Cn_Inter_Border_WarpAffine.WarpAffine/379, where GetParam() = (1920x1080, CV_32F, BGR, INTER_NEAREST, BORDER_WRAP)
[ PERFSTAT ]    (samples=13   mean=0.06   median=0.06   min=0.06   stddev=0.00 (0.8%))
[       OK ] Sz_Depth_Cn_Inter_Border_WarpAffine.WarpAffine/379 (18 ms)
[ RUN      ] Sz_Depth_Cn_Inter_Border_WarpAffine.WarpAffine/380, where GetParam() = (1920x1080, CV_32F, BGR, INTER_LINEAR, BORDER_REFLECT101)
[ PERFSTAT ]    (samples=13   mean=0.08   median=0.08   min=0.08   stddev=0.00 (0.7%))
[       OK ] Sz_Depth_Cn_Inter_Border_WarpAffine.WarpAffine/380 (18 ms)
[ RUN      ] Sz_Depth_Cn_Inter_Border_WarpAffine.WarpAffine/381, where GetParam() = (1920x1080, CV_32F, BGR, INTER_LINEAR, BORDER_REPLICATE)
[ PERFSTAT ]    (samples=13   mean=0.09   median=0.09   min=0.09   stddev=0.00 (0.5%))
[       OK ] Sz_Depth_Cn_Inter_Border_WarpAffine.WarpAffine/381 (19 ms)
[ RUN      ] Sz_Depth_Cn_Inter_Border_WarpAffine.WarpAffine/382, where GetParam() = (1920x1080, CV_32F, BGR, INTER_LINEAR, BORDER_CONSTANT)
[ PERFSTAT ]    (samples=13   mean=0.06   median=0.06   min=0.06   stddev=0.00 (0.8%))
[       OK ] Sz_Depth_Cn_Inter_Border_WarpAffine.WarpAffine/382 (18 ms)
[ RUN      ] Sz_Depth_Cn_Inter_Border_WarpAffine.WarpAffine/383, where GetParam() = (1920x1080, CV_32F, BGR, INTER_LINEAR, BORDER_REFLECT)
[ PERFSTAT ]    (samples=13   mean=0.08   median=0.08   min=0.08   stddev=0.00 (0.7%))
[       OK ] Sz_Depth_Cn_Inter_Border_WarpAffine.WarpAffine/383 (18 ms)
[ RUN      ] Sz_Depth_Cn_Inter_Border_WarpAffine.WarpAffine/384, where GetParam() = (1920x1080, CV_32F, BGR, INTER_LINEAR, BORDER_WRAP)
[ PERFSTAT ]    (samples=13   mean=0.08   median=0.08   min=0.08   stddev=0.00 (2.4%))
[       OK ] Sz_Depth_Cn_Inter_Border_WarpAffine.WarpAffine/384 (18 ms)
[ RUN      ] Sz_Depth_Cn_Inter_Border_WarpAffine.WarpAffine/385, where GetParam() = (1920x1080, CV_32F, BGR, INTER_CUBIC, BORDER_REFLECT101)
[ PERFSTAT ]    (samples=13   mean=0.26   median=0.26   min=0.26   stddev=0.00 (0.2%))
[       OK ] Sz_Depth_Cn_Inter_Border_WarpAffine.WarpAffine/385 (21 ms)
[ RUN      ] Sz_Depth_Cn_Inter_Border_WarpAffine.WarpAffine/386, where GetParam() = (1920x1080, CV_32F, BGR, INTER_CUBIC, BORDER_REPLICATE)
[ PERFSTAT ]    (samples=13   mean=0.27   median=0.27   min=0.27   stddev=0.00 (0.3%))
[       OK ] Sz_Depth_Cn_Inter_Border_WarpAffine.WarpAffine/386 (21 ms)
[ RUN      ] Sz_Depth_Cn_Inter_Border_WarpAffine.WarpAffine/387, where GetParam() = (1920x1080, CV_32F, BGR, INTER_CUBIC, BORDER_CONSTANT)
[ PERFSTAT ]    (samples=13   mean=0.18   median=0.18   min=0.18   stddev=0.00 (0.6%))
[       OK ] Sz_Depth_Cn_Inter_Border_WarpAffine.WarpAffine/387 (19 ms)
[ RUN      ] Sz_Depth_Cn_Inter_Border_WarpAffine.WarpAffine/388, where GetParam() = (1920x1080, CV_32F, BGR, INTER_CUBIC, BORDER_REFLECT)
[ PERFSTAT ]    (samples=13   mean=0.26   median=0.26   min=0.26   stddev=0.00 (0.3%))
[       OK ] Sz_Depth_Cn_Inter_Border_WarpAffine.WarpAffine/388 (21 ms)
[ RUN      ] Sz_Depth_Cn_Inter_Border_WarpAffine.WarpAffine/389, where GetParam() = (1920x1080, CV_32F, BGR, INTER_CUBIC, BORDER_WRAP)
[ PERFSTAT ]    (samples=13   mean=0.27   median=0.27   min=0.26   stddev=0.00 (0.1%))
[       OK ] Sz_Depth_Cn_Inter_Border_WarpAffine.WarpAffine/389 (21 ms)
[ RUN      ] Sz_Depth_Cn_Inter_Border_WarpAffine.WarpAffine/390, where GetParam() = (1920x1080, CV_32F, BGRA, INTER_NEAREST, BORDER_REFLECT101)
[ PERFSTAT ]    (samples=13   mean=0.06   median=0.06   min=0.06   stddev=0.00 (1.6%))
[       OK ] Sz_Depth_Cn_Inter_Border_WarpAffine.WarpAffine/390 (26 ms)
[ RUN      ] Sz_Depth_Cn_Inter_Border_WarpAffine.WarpAffine/391, where GetParam() = (1920x1080, CV_32F, BGRA, INTER_NEAREST, BORDER_REPLICATE)
[ PERFSTAT ]    (samples=13   mean=0.06   median=0.05   min=0.05   stddev=0.00 (1.9%))
[       OK ] Sz_Depth_Cn_Inter_Border_WarpAffine.WarpAffine/391 (29 ms)
[ RUN      ] Sz_Depth_Cn_Inter_Border_WarpAffine.WarpAffine/392, where GetParam() = (1920x1080, CV_32F, BGRA, INTER_NEAREST, BORDER_CONSTANT)
[ PERFSTAT ]    (samples=13   mean=0.05   median=0.05   min=0.05   stddev=0.00 (1.6%))
[       OK ] Sz_Depth_Cn_Inter_Border_WarpAffine.WarpAffine/392 (28 ms)
[ RUN      ] Sz_Depth_Cn_Inter_Border_WarpAffine.WarpAffine/393, where GetParam() = (1920x1080, CV_32F, BGRA, INTER_NEAREST, BORDER_REFLECT)
[ PERFSTAT ]    (samples=25   mean=0.06   median=0.06   min=0.06   stddev=0.00 (1.5%))
[       OK ] Sz_Depth_Cn_Inter_Border_WarpAffine.WarpAffine/393 (30 ms)
[ RUN      ] Sz_Depth_Cn_Inter_Border_WarpAffine.WarpAffine/394, where GetParam() = (1920x1080, CV_32F, BGRA, INTER_NEAREST, BORDER_WRAP)
[ PERFSTAT ]    (samples=13   mean=0.06   median=0.06   min=0.06   stddev=0.00 (1.6%))
[       OK ] Sz_Depth_Cn_Inter_Border_WarpAffine.WarpAffine/394 (28 ms)
[ RUN      ] Sz_Depth_Cn_Inter_Border_WarpAffine.WarpAffine/395, where GetParam() = (1920x1080, CV_32F, BGRA, INTER_LINEAR, BORDER_REFLECT101)
[ PERFSTAT ]    (samples=25   mean=0.07   median=0.07   min=0.07   stddev=0.00 (1.0%))
[       OK ] Sz_Depth_Cn_Inter_Border_WarpAffine.WarpAffine/395 (29 ms)
[ RUN      ] Sz_Depth_Cn_Inter_Border_WarpAffine.WarpAffine/396, where GetParam() = (1920x1080, CV_32F, BGRA, INTER_LINEAR, BORDER_REPLICATE)
[ PERFSTAT ]    (samples=13   mean=0.07   median=0.07   min=0.07   stddev=0.00 (2.0%))
[       OK ] Sz_Depth_Cn_Inter_Border_WarpAffine.WarpAffine/396 (29 ms)
[ RUN      ] Sz_Depth_Cn_Inter_Border_WarpAffine.WarpAffine/397, where GetParam() = (1920x1080, CV_32F, BGRA, INTER_LINEAR, BORDER_CONSTANT)
[ PERFSTAT ]    (samples=13   mean=0.06   median=0.06   min=0.06   stddev=0.00 (1.4%))
[       OK ] Sz_Depth_Cn_Inter_Border_WarpAffine.WarpAffine/397 (29 ms)
[ RUN      ] Sz_Depth_Cn_Inter_Border_WarpAffine.WarpAffine/398, where GetParam() = (1920x1080, CV_32F, BGRA, INTER_LINEAR, BORDER_REFLECT)
[ PERFSTAT ]    (samples=25   mean=0.07   median=0.07   min=0.07   stddev=0.00 (0.8%))
[       OK ] Sz_Depth_Cn_Inter_Border_WarpAffine.WarpAffine/398 (30 ms)
[ RUN      ] Sz_Depth_Cn_Inter_Border_WarpAffine.WarpAffine/399, where GetParam() = (1920x1080, CV_32F, BGRA, INTER_LINEAR, BORDER_WRAP)
[ PERFSTAT ]    (samples=13   mean=0.07   median=0.07   min=0.07   stddev=0.00 (1.0%))
[       OK ] Sz_Depth_Cn_Inter_Border_WarpAffine.WarpAffine/399 (29 ms)
[ RUN      ] Sz_Depth_Cn_Inter_Border_WarpAffine.WarpAffine/400, where GetParam() = (1920x1080, CV_32F, BGRA, INTER_CUBIC, BORDER_REFLECT101)
[ PERFSTAT ]    (samples=13   mean=0.23   median=0.23   min=0.23   stddev=0.00 (0.4%))
[       OK ] Sz_Depth_Cn_Inter_Border_WarpAffine.WarpAffine/400 (31 ms)
[ RUN      ] Sz_Depth_Cn_Inter_Border_WarpAffine.WarpAffine/401, where GetParam() = (1920x1080, CV_32F, BGRA, INTER_CUBIC, BORDER_REPLICATE)
[ PERFSTAT ]    (samples=13   mean=0.19   median=0.19   min=0.19   stddev=0.00 (0.6%))
[       OK ] Sz_Depth_Cn_Inter_Border_WarpAffine.WarpAffine/401 (30 ms)
[ RUN      ] Sz_Depth_Cn_Inter_Border_WarpAffine.WarpAffine/402, where GetParam() = (1920x1080, CV_32F, BGRA, INTER_CUBIC, BORDER_CONSTANT)
[ PERFSTAT ]    (samples=13   mean=0.17   median=0.16   min=0.16   stddev=0.00 (0.5%))
[       OK ] Sz_Depth_Cn_Inter_Border_WarpAffine.WarpAffine/402 (30 ms)
[ RUN      ] Sz_Depth_Cn_Inter_Border_WarpAffine.WarpAffine/403, where GetParam() = (1920x1080, CV_32F, BGRA, INTER_CUBIC, BORDER_REFLECT)
[ PERFSTAT ]    (samples=13   mean=0.25   median=0.25   min=0.25   stddev=0.00 (0.3%))
[       OK ] Sz_Depth_Cn_Inter_Border_WarpAffine.WarpAffine/403 (31 ms)
[ RUN      ] Sz_Depth_Cn_Inter_Border_WarpAffine.WarpAffine/404, where GetParam() = (1920x1080, CV_32F, BGRA, INTER_CUBIC, BORDER_WRAP)
[ PERFSTAT ]    (samples=13   mean=0.23   median=0.23   min=0.23   stddev=0.00 (0.6%))
[       OK ] Sz_Depth_Cn_Inter_Border_WarpAffine.WarpAffine/404 (31 ms)
[----------] 405 tests from Sz_Depth_Cn_Inter_Border_WarpAffine (3669 ms total)

[----------] 405 tests from Sz_Depth_Cn_Inter_Border_WarpPerspective
[ RUN      ] Sz_Depth_Cn_Inter_Border_WarpPerspective.WarpPerspective/0, where GetParam() = (1280x720, CV_8U, Gray, INTER_NEAREST, BORDER_REFLECT101)
[ PERFSTAT ]    (samples=38   mean=0.03   median=0.03   min=0.02   stddev=0.00 (1.7%))
[       OK ] Sz_Depth_Cn_Inter_Border_WarpPerspective.WarpPerspective/0 (3 ms)
[ RUN      ] Sz_Depth_Cn_Inter_Border_WarpPerspective.WarpPerspective/1, where GetParam() = (1280x720, CV_8U, Gray, INTER_NEAREST, BORDER_REPLICATE)
[ PERFSTAT ]    (samples=48   mean=0.02   median=0.02   min=0.02   stddev=0.00 (3.0%))
[       OK ] Sz_Depth_Cn_Inter_Border_WarpPerspective.WarpPerspective/1 (3 ms)
[ RUN      ] Sz_Depth_Cn_Inter_Border_WarpPerspective.WarpPerspective/2, where GetParam() = (1280x720, CV_8U, Gray, INTER_NEAREST, BORDER_CONSTANT)
[ PERFSTAT ]    (samples=13   mean=0.02   median=0.02   min=0.02   stddev=0.00 (2.7%))
[       OK ] Sz_Depth_Cn_Inter_Border_WarpPerspective.WarpPerspective/2 (2 ms)
[ RUN      ] Sz_Depth_Cn_Inter_Border_WarpPerspective.WarpPerspective/3, where GetParam() = (1280x720, CV_8U, Gray, INTER_NEAREST, BORDER_REFLECT)
[ PERFSTAT ]    (samples=13   mean=0.03   median=0.03   min=0.03   stddev=0.00 (2.2%))
[       OK ] Sz_Depth_Cn_Inter_Border_WarpPerspective.WarpPerspective/3 (2 ms)
[ RUN      ] Sz_Depth_Cn_Inter_Border_WarpPerspective.WarpPerspective/4, where GetParam() = (1280x720, CV_8U, Gray, INTER_NEAREST, BORDER_WRAP)
[ PERFSTAT ]    (samples=25   mean=0.02   median=0.02   min=0.02   stddev=0.00 (2.0%))
[       OK ] Sz_Depth_Cn_Inter_Border_WarpPerspective.WarpPerspective/4 (3 ms)
[ RUN      ] Sz_Depth_Cn_Inter_Border_WarpPerspective.WarpPerspective/5, where GetParam() = (1280x720, CV_8U, Gray, INTER_LINEAR, BORDER_REFLECT101)
[ PERFSTAT ]    (samples=13   mean=0.03   median=0.03   min=0.03   stddev=0.00 (2.0%))
[       OK ] Sz_Depth_Cn_Inter_Border_WarpPerspective.WarpPerspective/5 (2 ms)
[ RUN      ] Sz_Depth_Cn_Inter_Border_WarpPerspective.WarpPerspective/6, where GetParam() = (1280x720, CV_8U, Gray, INTER_LINEAR, BORDER_REPLICATE)
[ PERFSTAT ]    (samples=14   mean=0.03   median=0.03   min=0.03   stddev=0.00 (3.0%))
[       OK ] Sz_Depth_Cn_Inter_Border_WarpPerspective.WarpPerspective/6 (2 ms)
[ RUN      ] Sz_Depth_Cn_Inter_Border_WarpPerspective.WarpPerspective/7, where GetParam() = (1280x720, CV_8U, Gray, INTER_LINEAR, BORDER_CONSTANT)
[ PERFSTAT ]    (samples=13   mean=0.02   median=0.02   min=0.02   stddev=0.00 (2.5%))
[       OK ] Sz_Depth_Cn_Inter_Border_WarpPerspective.WarpPerspective/7 (2 ms)
[ RUN      ] Sz_Depth_Cn_Inter_Border_WarpPerspective.WarpPerspective/8, where GetParam() = (1280x720, CV_8U, Gray, INTER_LINEAR, BORDER_REFLECT)
[ PERFSTAT ]    (samples=13   mean=0.03   median=0.03   min=0.03   stddev=0.00 (1.6%))
[       OK ] Sz_Depth_Cn_Inter_Border_WarpPerspective.WarpPerspective/8 (2 ms)
[ RUN      ] Sz_Depth_Cn_Inter_Border_WarpPerspective.WarpPerspective/9, where GetParam() = (1280x720, CV_8U, Gray, INTER_LINEAR, BORDER_WRAP)
[ PERFSTAT ]    (samples=13   mean=0.03   median=0.03   min=0.03   stddev=0.00 (1.4%))
[       OK ] Sz_Depth_Cn_Inter_Border_WarpPerspective.WarpPerspective/9 (2 ms)
[ RUN      ] Sz_Depth_Cn_Inter_Border_WarpPerspective.WarpPerspective/10, where GetParam() = (1280x720, CV_8U, Gray, INTER_CUBIC, BORDER_REFLECT101)
[ PERFSTAT ]    (samples=13   mean=0.10   median=0.10   min=0.10   stddev=0.00 (1.5%))
[       OK ] Sz_Depth_Cn_Inter_Border_WarpPerspective.WarpPerspective/10 (3 ms)
[ RUN      ] Sz_Depth_Cn_Inter_Border_WarpPerspective.WarpPerspective/11, where GetParam() = (1280x720, CV_8U, Gray, INTER_CUBIC, BORDER_REPLICATE)
[ PERFSTAT ]    (samples=13   mean=0.07   median=0.07   min=0.07   stddev=0.00 (2.4%))
[       OK ] Sz_Depth_Cn_Inter_Border_WarpPerspective.WarpPerspective/11 (3 ms)
[ RUN      ] Sz_Depth_Cn_Inter_Border_WarpPerspective.WarpPerspective/12, where GetParam() = (1280x720, CV_8U, Gray, INTER_CUBIC, BORDER_CONSTANT)
[ PERFSTAT ]    (samples=25   mean=0.04   median=0.04   min=0.04   stddev=0.00 (1.1%))
[       OK ] Sz_Depth_Cn_Inter_Border_WarpPerspective.WarpPerspective/12 (5 ms)
[ RUN      ] Sz_Depth_Cn_Inter_Border_WarpPerspective.WarpPerspective/13, where GetParam() = (1280x720, CV_8U, Gray, INTER_CUBIC, BORDER_REFLECT)
[ PERFSTAT ]    (samples=13   mean=0.12   median=0.12   min=0.12   stddev=0.00 (0.7%))
[       OK ] Sz_Depth_Cn_Inter_Border_WarpPerspective.WarpPerspective/13 (3 ms)
[ RUN      ] Sz_Depth_Cn_Inter_Border_WarpPerspective.WarpPerspective/14, where GetParam() = (1280x720, CV_8U, Gray, INTER_CUBIC, BORDER_WRAP)
[ PERFSTAT ]    (samples=13   mean=0.11   median=0.11   min=0.10   stddev=0.00 (2.9%))
[       OK ] Sz_Depth_Cn_Inter_Border_WarpPerspective.WarpPerspective/14 (3 ms)
[ RUN      ] Sz_Depth_Cn_Inter_Border_WarpPerspective.WarpPerspective/15, where GetParam() = (1280x720, CV_8U, BGR, INTER_NEAREST, BORDER_REFLECT101)
[ PERFSTAT ]    (samples=25   mean=0.03   median=0.02   min=0.02   stddev=0.00 (1.3%))
[       OK ] Sz_Depth_Cn_Inter_Border_WarpPerspective.WarpPerspective/15 (5 ms)
[ RUN      ] Sz_Depth_Cn_Inter_Border_WarpPerspective.WarpPerspective/16, where GetParam() = (1280x720, CV_8U, BGR, INTER_NEAREST, BORDER_REPLICATE)
[ PERFSTAT ]    (samples=13   mean=0.02   median=0.02   min=0.02   stddev=0.00 (1.1%))
[       OK ] Sz_Depth_Cn_Inter_Border_WarpPerspective.WarpPerspective/16 (4 ms)
[ RUN      ] Sz_Depth_Cn_Inter_Border_WarpPerspective.WarpPerspective/17, where GetParam() = (1280x720, CV_8U, BGR, INTER_NEAREST, BORDER_CONSTANT)
[ PERFSTAT ]    (samples=13   mean=0.02   median=0.02   min=0.02   stddev=0.00 (1.3%))
[       OK ] Sz_Depth_Cn_Inter_Border_WarpPerspective.WarpPerspective/17 (3 ms)
[ RUN      ] Sz_Depth_Cn_Inter_Border_WarpPerspective.WarpPerspective/18, where GetParam() = (1280x720, CV_8U, BGR, INTER_NEAREST, BORDER_REFLECT)
[ PERFSTAT ]    (samples=13   mean=0.02   median=0.02   min=0.02   stddev=0.00 (1.1%))
[       OK ] Sz_Depth_Cn_Inter_Border_WarpPerspective.WarpPerspective/18 (4 ms)
[ RUN      ] Sz_Depth_Cn_Inter_Border_WarpPerspective.WarpPerspective/19, where GetParam() = (1280x720, CV_8U, BGR, INTER_NEAREST, BORDER_WRAP)
[ PERFSTAT ]    (samples=13   mean=0.02   median=0.02   min=0.02   stddev=0.00 (1.5%))
[       OK ] Sz_Depth_Cn_Inter_Border_WarpPerspective.WarpPerspective/19 (3 ms)
[ RUN      ] Sz_Depth_Cn_Inter_Border_WarpPerspective.WarpPerspective/20, where GetParam() = (1280x720, CV_8U, BGR, INTER_LINEAR, BORDER_REFLECT101)
[ PERFSTAT ]    (samples=13   mean=0.04   median=0.04   min=0.04   stddev=0.00 (0.6%))
[       OK ] Sz_Depth_Cn_Inter_Border_WarpPerspective.WarpPerspective/20 (4 ms)
[ RUN      ] Sz_Depth_Cn_Inter_Border_WarpPerspective.WarpPerspective/21, where GetParam() = (1280x720, CV_8U, BGR, INTER_LINEAR, BORDER_REPLICATE)
[ PERFSTAT ]    (samples=13   mean=0.04   median=0.04   min=0.04   stddev=0.00 (0.9%))
[       OK ] Sz_Depth_Cn_Inter_Border_WarpPerspective.WarpPerspective/21 (4 ms)
[ RUN      ] Sz_Depth_Cn_Inter_Border_WarpPerspective.WarpPerspective/22, where GetParam() = (1280x720, CV_8U, BGR, INTER_LINEAR, BORDER_CONSTANT)
[ PERFSTAT ]    (samples=13   mean=0.03   median=0.03   min=0.03   stddev=0.00 (1.5%))
[       OK ] Sz_Depth_Cn_Inter_Border_WarpPerspective.WarpPerspective/22 (4 ms)
[ RUN      ] Sz_Depth_Cn_Inter_Border_WarpPerspective.WarpPerspective/23, where GetParam() = (1280x720, CV_8U, BGR, INTER_LINEAR, BORDER_REFLECT)
[ PERFSTAT ]    (samples=13   mean=0.04   median=0.04   min=0.04   stddev=0.00 (0.9%))
[       OK ] Sz_Depth_Cn_Inter_Border_WarpPerspective.WarpPerspective/23 (4 ms)
[ RUN      ] Sz_Depth_Cn_Inter_Border_WarpPerspective.WarpPerspective/24, where GetParam() = (1280x720, CV_8U, BGR, INTER_LINEAR, BORDER_WRAP)
[ PERFSTAT ]    (samples=13   mean=0.04   median=0.04   min=0.04   stddev=0.00 (0.8%))
[       OK ] Sz_Depth_Cn_Inter_Border_WarpPerspective.WarpPerspective/24 (4 ms)
[ RUN      ] Sz_Depth_Cn_Inter_Border_WarpPerspective.WarpPerspective/25, where GetParam() = (1280x720, CV_8U, BGR, INTER_CUBIC, BORDER_REFLECT101)
[ PERFSTAT ]    (samples=13   mean=0.11   median=0.11   min=0.11   stddev=0.00 (0.3%))
[       OK ] Sz_Depth_Cn_Inter_Border_WarpPerspective.WarpPerspective/25 (4 ms)
[ RUN      ] Sz_Depth_Cn_Inter_Border_WarpPerspective.WarpPerspective/26, where GetParam() = (1280x720, CV_8U, BGR, INTER_CUBIC, BORDER_REPLICATE)
[ PERFSTAT ]    (samples=13   mean=0.12   median=0.12   min=0.12   stddev=0.00 (0.8%))
[       OK ] Sz_Depth_Cn_Inter_Border_WarpPerspective.WarpPerspective/26 (5 ms)
[ RUN      ] Sz_Depth_Cn_Inter_Border_WarpPerspective.WarpPerspective/27, where GetParam() = (1280x720, CV_8U, BGR, INTER_CUBIC, BORDER_CONSTANT)
[ PERFSTAT ]    (samples=13   mean=0.06   median=0.06   min=0.06   stddev=0.00 (0.7%))
[       OK ] Sz_Depth_Cn_Inter_Border_WarpPerspective.WarpPerspective/27 (4 ms)
[ RUN      ] Sz_Depth_Cn_Inter_Border_WarpPerspective.WarpPerspective/28, where GetParam() = (1280x720, CV_8U, BGR, INTER_CUBIC, BORDER_REFLECT)
[ PERFSTAT ]    (samples=13   mean=0.11   median=0.11   min=0.11   stddev=0.00 (0.6%))
[       OK ] Sz_Depth_Cn_Inter_Border_WarpPerspective.WarpPerspective/28 (5 ms)
[ RUN      ] Sz_Depth_Cn_Inter_Border_WarpPerspective.WarpPerspective/29, where GetParam() = (1280x720, CV_8U, BGR, INTER_CUBIC, BORDER_WRAP)
[ PERFSTAT ]    (samples=13   mean=0.11   median=0.11   min=0.11   stddev=0.00 (1.8%))
[       OK ] Sz_Depth_Cn_Inter_Border_WarpPerspective.WarpPerspective/29 (5 ms)
[ RUN      ] Sz_Depth_Cn_Inter_Border_WarpPerspective.WarpPerspective/30, where GetParam() = (1280x720, CV_8U, BGRA, INTER_NEAREST, BORDER_REFLECT101)
[ PERFSTAT ]    (samples=13   mean=0.03   median=0.03   min=0.03   stddev=0.00 (2.7%))
[       OK ] Sz_Depth_Cn_Inter_Border_WarpPerspective.WarpPerspective/30 (5 ms)
[ RUN      ] Sz_Depth_Cn_Inter_Border_WarpPerspective.WarpPerspective/31, where GetParam() = (1280x720, CV_8U, BGRA, INTER_NEAREST, BORDER_REPLICATE)
[ PERFSTAT ]    (samples=13   mean=0.02   median=0.02   min=0.02   stddev=0.00 (2.3%))
[       OK ] Sz_Depth_Cn_Inter_Border_WarpPerspective.WarpPerspective/31 (4 ms)
[ RUN      ] Sz_Depth_Cn_Inter_Border_WarpPerspective.WarpPerspective/32, where GetParam() = (1280x720, CV_8U, BGRA, INTER_NEAREST, BORDER_CONSTANT)
[ PERFSTAT ]    (samples=13   mean=0.02   median=0.02   min=0.02   stddev=0.00 (2.3%))
[       OK ] Sz_Depth_Cn_Inter_Border_WarpPerspective.WarpPerspective/32 (4 ms)
[ RUN      ] Sz_Depth_Cn_Inter_Border_WarpPerspective.WarpPerspective/33, where GetParam() = (1280x720, CV_8U, BGRA, INTER_NEAREST, BORDER_REFLECT)
[ PERFSTAT ]    (samples=13   mean=0.03   median=0.03   min=0.03   stddev=0.00 (1.6%))
[       OK ] Sz_Depth_Cn_Inter_Border_WarpPerspective.WarpPerspective/33 (5 ms)
[ RUN      ] Sz_Depth_Cn_Inter_Border_WarpPerspective.WarpPerspective/34, where GetParam() = (1280x720, CV_8U, BGRA, INTER_NEAREST, BORDER_WRAP)
[ PERFSTAT ]    (samples=13   mean=0.03   median=0.03   min=0.03   stddev=0.00 (2.0%))
[       OK ] Sz_Depth_Cn_Inter_Border_WarpPerspective.WarpPerspective/34 (4 ms)
[ RUN      ] Sz_Depth_Cn_Inter_Border_WarpPerspective.WarpPerspective/35, where GetParam() = (1280x720, CV_8U, BGRA, INTER_LINEAR, BORDER_REFLECT101)
[ PERFSTAT ]    (samples=13   mean=0.04   median=0.04   min=0.04   stddev=0.00 (1.5%))
[       OK ] Sz_Depth_Cn_Inter_Border_WarpPerspective.WarpPerspective/35 (5 ms)
[ RUN      ] Sz_Depth_Cn_Inter_Border_WarpPerspective.WarpPerspective/36, where GetParam() = (1280x720, CV_8U, BGRA, INTER_LINEAR, BORDER_REPLICATE)
[ PERFSTAT ]    (samples=13   mean=0.03   median=0.03   min=0.03   stddev=0.00 (1.0%))
[       OK ] Sz_Depth_Cn_Inter_Border_WarpPerspective.WarpPerspective/36 (5 ms)
[ RUN      ] Sz_Depth_Cn_Inter_Border_WarpPerspective.WarpPerspective/37, where GetParam() = (1280x720, CV_8U, BGRA, INTER_LINEAR, BORDER_CONSTANT)
[ PERFSTAT ]    (samples=13   mean=0.03   median=0.03   min=0.03   stddev=0.00 (2.0%))
[       OK ] Sz_Depth_Cn_Inter_Border_WarpPerspective.WarpPerspective/37 (4 ms)
[ RUN      ] Sz_Depth_Cn_Inter_Border_WarpPerspective.WarpPerspective/38, where GetParam() = (1280x720, CV_8U, BGRA, INTER_LINEAR, BORDER_REFLECT)
[ PERFSTAT ]    (samples=25   mean=0.04   median=0.04   min=0.04   stddev=0.00 (0.6%))
[       OK ] Sz_Depth_Cn_Inter_Border_WarpPerspective.WarpPerspective/38 (5 ms)
[ RUN      ] Sz_Depth_Cn_Inter_Border_WarpPerspective.WarpPerspective/39, where GetParam() = (1280x720, CV_8U, BGRA, INTER_LINEAR, BORDER_WRAP)
[ PERFSTAT ]    (samples=13   mean=0.04   median=0.04   min=0.04   stddev=0.00 (1.9%))
[       OK ] Sz_Depth_Cn_Inter_Border_WarpPerspective.WarpPerspective/39 (5 ms)
[ RUN      ] Sz_Depth_Cn_Inter_Border_WarpPerspective.WarpPerspective/40, where GetParam() = (1280x720, CV_8U, BGRA, INTER_CUBIC, BORDER_REFLECT101)
[ PERFSTAT ]    (samples=13   mean=0.13   median=0.13   min=0.13   stddev=0.00 (1.2%))
[       OK ] Sz_Depth_Cn_Inter_Border_WarpPerspective.WarpPerspective/40 (6 ms)
[ RUN      ] Sz_Depth_Cn_Inter_Border_WarpPerspective.WarpPerspective/41, where GetParam() = (1280x720, CV_8U, BGRA, INTER_CUBIC, BORDER_REPLICATE)
[ PERFSTAT ]    (samples=13   mean=0.10   median=0.10   min=0.10   stddev=0.00 (0.9%))
[       OK ] Sz_Depth_Cn_Inter_Border_WarpPerspective.WarpPerspective/41 (5 ms)
[ RUN      ] Sz_Depth_Cn_Inter_Border_WarpPerspective.WarpPerspective/42, where GetParam() = (1280x720, CV_8U, BGRA, INTER_CUBIC, BORDER_CONSTANT)
[ PERFSTAT ]    (samples=13   mean=0.09   median=0.09   min=0.09   stddev=0.00 (2.4%))
[       OK ] Sz_Depth_Cn_Inter_Border_WarpPerspective.WarpPerspective/42 (5 ms)
[ RUN      ] Sz_Depth_Cn_Inter_Border_WarpPerspective.WarpPerspective/43, where GetParam() = (1280x720, CV_8U, BGRA, INTER_CUBIC, BORDER_REFLECT)
[ PERFSTAT ]    (samples=13   mean=0.14   median=0.14   min=0.14   stddev=0.00 (0.5%))
[       OK ] Sz_Depth_Cn_Inter_Border_WarpPerspective.WarpPerspective/43 (6 ms)
[ RUN      ] Sz_Depth_Cn_Inter_Border_WarpPerspective.WarpPerspective/44, where GetParam() = (1280x720, CV_8U, BGRA, INTER_CUBIC, BORDER_WRAP)
[ PERFSTAT ]    (samples=13   mean=0.13   median=0.13   min=0.13   stddev=0.00 (0.7%))
[       OK ] Sz_Depth_Cn_Inter_Border_WarpPerspective.WarpPerspective/44 (6 ms)
[ RUN      ] Sz_Depth_Cn_Inter_Border_WarpPerspective.WarpPerspective/45, where GetParam() = (1280x720, CV_16U, Gray, INTER_NEAREST, BORDER_REFLECT101)
[ PERFSTAT ]    (samples=13   mean=0.03   median=0.03   min=0.03   stddev=0.00 (1.9%))
[       OK ] Sz_Depth_Cn_Inter_Border_WarpPerspective.WarpPerspective/45 (3 ms)
[ RUN      ] Sz_Depth_Cn_Inter_Border_WarpPerspective.WarpPerspective/46, where GetParam() = (1280x720, CV_16U, Gray, INTER_NEAREST, BORDER_REPLICATE)
[ PERFSTAT ]    (samples=13   mean=0.02   median=0.02   min=0.02   stddev=0.00 (1.9%))
[       OK ] Sz_Depth_Cn_Inter_Border_WarpPerspective.WarpPerspective/46 (3 ms)
[ RUN      ] Sz_Depth_Cn_Inter_Border_WarpPerspective.WarpPerspective/47, where GetParam() = (1280x720, CV_16U, Gray, INTER_NEAREST, BORDER_CONSTANT)
[ PERFSTAT ]    (samples=17   mean=0.02   median=0.02   min=0.02   stddev=0.00 (3.0%))
[       OK ] Sz_Depth_Cn_Inter_Border_WarpPerspective.WarpPerspective/47 (3 ms)
[ RUN      ] Sz_Depth_Cn_Inter_Border_WarpPerspective.WarpPerspective/48, where GetParam() = (1280x720, CV_16U, Gray, INTER_NEAREST, BORDER_REFLECT)
[ PERFSTAT ]    (samples=25   mean=0.03   median=0.03   min=0.02   stddev=0.00 (1.3%))
[       OK ] Sz_Depth_Cn_Inter_Border_WarpPerspective.WarpPerspective/48 (3 ms)
[ RUN      ] Sz_Depth_Cn_Inter_Border_WarpPerspective.WarpPerspective/49, where GetParam() = (1280x720, CV_16U, Gray, INTER_NEAREST, BORDER_WRAP)
[ PERFSTAT ]    (samples=25   mean=0.02   median=0.02   min=0.02   stddev=0.00 (1.6%))
[       OK ] Sz_Depth_Cn_Inter_Border_WarpPerspective.WarpPerspective/49 (4 ms)
[ RUN      ] Sz_Depth_Cn_Inter_Border_WarpPerspective.WarpPerspective/50, where GetParam() = (1280x720, CV_16U, Gray, INTER_LINEAR, BORDER_REFLECT101)
[ PERFSTAT ]    (samples=13   mean=0.03   median=0.03   min=0.03   stddev=0.00 (2.5%))
[       OK ] Sz_Depth_Cn_Inter_Border_WarpPerspective.WarpPerspective/50 (3 ms)
[ RUN      ] Sz_Depth_Cn_Inter_Border_WarpPerspective.WarpPerspective/51, where GetParam() = (1280x720, CV_16U, Gray, INTER_LINEAR, BORDER_REPLICATE)
[ PERFSTAT ]    (samples=13   mean=0.03   median=0.03   min=0.03   stddev=0.00 (2.8%))
[       OK ] Sz_Depth_Cn_Inter_Border_WarpPerspective.WarpPerspective/51 (2 ms)
[ RUN      ] Sz_Depth_Cn_Inter_Border_WarpPerspective.WarpPerspective/52, where GetParam() = (1280x720, CV_16U, Gray, INTER_LINEAR, BORDER_CONSTANT)
[ PERFSTAT ]    (samples=13   mean=0.03   median=0.03   min=0.03   stddev=0.00 (1.6%))
[       OK ] Sz_Depth_Cn_Inter_Border_WarpPerspective.WarpPerspective/52 (3 ms)
[ RUN      ] Sz_Depth_Cn_Inter_Border_WarpPerspective.WarpPerspective/53, where GetParam() = (1280x720, CV_16U, Gray, INTER_LINEAR, BORDER_REFLECT)
[ PERFSTAT ]    (samples=13   mean=0.03   median=0.03   min=0.03   stddev=0.00 (1.3%))
[       OK ] Sz_Depth_Cn_Inter_Border_WarpPerspective.WarpPerspective/53 (3 ms)
[ RUN      ] Sz_Depth_Cn_Inter_Border_WarpPerspective.WarpPerspective/54, where GetParam() = (1280x720, CV_16U, Gray, INTER_LINEAR, BORDER_WRAP)
[ PERFSTAT ]    (samples=13   mean=0.03   median=0.03   min=0.03   stddev=0.00 (2.8%))
[       OK ] Sz_Depth_Cn_Inter_Border_WarpPerspective.WarpPerspective/54 (3 ms)
[ RUN      ] Sz_Depth_Cn_Inter_Border_WarpPerspective.WarpPerspective/55, where GetParam() = (1280x720, CV_16U, Gray, INTER_CUBIC, BORDER_REFLECT101)
[ PERFSTAT ]    (samples=13   mean=0.10   median=0.10   min=0.10   stddev=0.00 (0.9%))
[       OK ] Sz_Depth_Cn_Inter_Border_WarpPerspective.WarpPerspective/55 (4 ms)
[ RUN      ] Sz_Depth_Cn_Inter_Border_WarpPerspective.WarpPerspective/56, where GetParam() = (1280x720, CV_16U, Gray, INTER_CUBIC, BORDER_REPLICATE)
[ PERFSTAT ]    (samples=13   mean=0.07   median=0.07   min=0.07   stddev=0.00 (2.8%))
[       OK ] Sz_Depth_Cn_Inter_Border_WarpPerspective.WarpPerspective/56 (4 ms)
[ RUN      ] Sz_Depth_Cn_Inter_Border_WarpPerspective.WarpPerspective/57, where GetParam() = (1280x720, CV_16U, Gray, INTER_CUBIC, BORDER_CONSTANT)
[ PERFSTAT ]    (samples=25   mean=0.05   median=0.05   min=0.05   stddev=0.00 (0.6%))
[       OK ] Sz_Depth_Cn_Inter_Border_WarpPerspective.WarpPerspective/57 (3 ms)
[ RUN      ] Sz_Depth_Cn_Inter_Border_WarpPerspective.WarpPerspective/58, where GetParam() = (1280x720, CV_16U, Gray, INTER_CUBIC, BORDER_REFLECT)
[ PERFSTAT ]    (samples=13   mean=0.12   median=0.12   min=0.12   stddev=0.00 (1.5%))
[       OK ] Sz_Depth_Cn_Inter_Border_WarpPerspective.WarpPerspective/58 (4 ms)
[ RUN      ] Sz_Depth_Cn_Inter_Border_WarpPerspective.WarpPerspective/59, where GetParam() = (1280x720, CV_16U, Gray, INTER_CUBIC, BORDER_WRAP)
[ PERFSTAT ]    (samples=13   mean=0.11   median=0.11   min=0.10   stddev=0.00 (0.7%))
[       OK ] Sz_Depth_Cn_Inter_Border_WarpPerspective.WarpPerspective/59 (4 ms)
[ RUN      ] Sz_Depth_Cn_Inter_Border_WarpPerspective.WarpPerspective/60, where GetParam() = (1280x720, CV_16U, BGR, INTER_NEAREST, BORDER_REFLECT101)
[ PERFSTAT ]    (samples=13   mean=0.03   median=0.03   min=0.03   stddev=0.00 (0.9%))
[       OK ] Sz_Depth_Cn_Inter_Border_WarpPerspective.WarpPerspective/60 (7 ms)
[ RUN      ] Sz_Depth_Cn_Inter_Border_WarpPerspective.WarpPerspective/61, where GetParam() = (1280x720, CV_16U, BGR, INTER_NEAREST, BORDER_REPLICATE)
[ PERFSTAT ]    (samples=13   mean=0.03   median=0.03   min=0.03   stddev=0.00 (0.9%))
[       OK ] Sz_Depth_Cn_Inter_Border_WarpPerspective.WarpPerspective/61 (6 ms)
[ RUN      ] Sz_Depth_Cn_Inter_Border_WarpPerspective.WarpPerspective/62, where GetParam() = (1280x720, CV_16U, BGR, INTER_NEAREST, BORDER_CONSTANT)
[ PERFSTAT ]    (samples=13   mean=0.02   median=0.02   min=0.02   stddev=0.00 (1.1%))
[       OK ] Sz_Depth_Cn_Inter_Border_WarpPerspective.WarpPerspective/62 (6 ms)
[ RUN      ] Sz_Depth_Cn_Inter_Border_WarpPerspective.WarpPerspective/63, where GetParam() = (1280x720, CV_16U, BGR, INTER_NEAREST, BORDER_REFLECT)
[ PERFSTAT ]    (samples=13   mean=0.03   median=0.03   min=0.03   stddev=0.00 (1.2%))
[       OK ] Sz_Depth_Cn_Inter_Border_WarpPerspective.WarpPerspective/63 (6 ms)
[ RUN      ] Sz_Depth_Cn_Inter_Border_WarpPerspective.WarpPerspective/64, where GetParam() = (1280x720, CV_16U, BGR, INTER_NEAREST, BORDER_WRAP)
[ PERFSTAT ]    (samples=13   mean=0.03   median=0.03   min=0.03   stddev=0.00 (1.3%))
[       OK ] Sz_Depth_Cn_Inter_Border_WarpPerspective.WarpPerspective/64 (7 ms)
[ RUN      ] Sz_Depth_Cn_Inter_Border_WarpPerspective.WarpPerspective/65, where GetParam() = (1280x720, CV_16U, BGR, INTER_LINEAR, BORDER_REFLECT101)
[ PERFSTAT ]    (samples=13   mean=0.06   median=0.06   min=0.06   stddev=0.00 (0.8%))
[       OK ] Sz_Depth_Cn_Inter_Border_WarpPerspective.WarpPerspective/65 (6 ms)
[ RUN      ] Sz_Depth_Cn_Inter_Border_WarpPerspective.WarpPerspective/66, where GetParam() = (1280x720, CV_16U, BGR, INTER_LINEAR, BORDER_REPLICATE)
[ PERFSTAT ]    (samples=13   mean=0.05   median=0.05   min=0.05   stddev=0.00 (0.8%))
[       OK ] Sz_Depth_Cn_Inter_Border_WarpPerspective.WarpPerspective/66 (7 ms)
[ RUN      ] Sz_Depth_Cn_Inter_Border_WarpPerspective.WarpPerspective/67, where GetParam() = (1280x720, CV_16U, BGR, INTER_LINEAR, BORDER_CONSTANT)
[ PERFSTAT ]    (samples=13   mean=0.04   median=0.04   min=0.04   stddev=0.00 (1.4%))
[       OK ] Sz_Depth_Cn_Inter_Border_WarpPerspective.WarpPerspective/67 (6 ms)
[ RUN      ] Sz_Depth_Cn_Inter_Border_WarpPerspective.WarpPerspective/68, where GetParam() = (1280x720, CV_16U, BGR, INTER_LINEAR, BORDER_REFLECT)
[ PERFSTAT ]    (samples=13   mean=0.06   median=0.06   min=0.06   stddev=0.00 (1.3%))
[       OK ] Sz_Depth_Cn_Inter_Border_WarpPerspective.WarpPerspective/68 (7 ms)
[ RUN      ] Sz_Depth_Cn_Inter_Border_WarpPerspective.WarpPerspective/69, where GetParam() = (1280x720, CV_16U, BGR, INTER_LINEAR, BORDER_WRAP)
[ PERFSTAT ]    (samples=13   mean=0.05   median=0.05   min=0.05   stddev=0.00 (1.0%))
[       OK ] Sz_Depth_Cn_Inter_Border_WarpPerspective.WarpPerspective/69 (7 ms)
[ RUN      ] Sz_Depth_Cn_Inter_Border_WarpPerspective.WarpPerspective/70, where GetParam() = (1280x720, CV_16U, BGR, INTER_CUBIC, BORDER_REFLECT101)
[ PERFSTAT ]    (samples=13   mean=0.16   median=0.16   min=0.15   stddev=0.00 (0.8%))
[       OK ] Sz_Depth_Cn_Inter_Border_WarpPerspective.WarpPerspective/70 (8 ms)
[ RUN      ] Sz_Depth_Cn_Inter_Border_WarpPerspective.WarpPerspective/71, where GetParam() = (1280x720, CV_16U, BGR, INTER_CUBIC, BORDER_REPLICATE)
[ PERFSTAT ]    (samples=13   mean=0.15   median=0.15   min=0.15   stddev=0.00 (0.7%))
[       OK ] Sz_Depth_Cn_Inter_Border_WarpPerspective.WarpPerspective/71 (7 ms)
[ RUN      ] Sz_Depth_Cn_Inter_Border_WarpPerspective.WarpPerspective/72, where GetParam() = (1280x720, CV_16U, BGR, INTER_CUBIC, BORDER_CONSTANT)
[ PERFSTAT ]    (samples=13   mean=0.10   median=0.10   min=0.09   stddev=0.00 (1.3%))
[       OK ] Sz_Depth_Cn_Inter_Border_WarpPerspective.WarpPerspective/72 (7 ms)
[ RUN      ] Sz_Depth_Cn_Inter_Border_WarpPerspective.WarpPerspective/73, where GetParam() = (1280x720, CV_16U, BGR, INTER_CUBIC, BORDER_REFLECT)
[ PERFSTAT ]    (samples=13   mean=0.16   median=0.16   min=0.15   stddev=0.00 (0.6%))
[       OK ] Sz_Depth_Cn_Inter_Border_WarpPerspective.WarpPerspective/73 (8 ms)
[ RUN      ] Sz_Depth_Cn_Inter_Border_WarpPerspective.WarpPerspective/74, where GetParam() = (1280x720, CV_16U, BGR, INTER_CUBIC, BORDER_WRAP)
[ PERFSTAT ]    (samples=13   mean=0.16   median=0.16   min=0.16   stddev=0.00 (0.7%))
[       OK ] Sz_Depth_Cn_Inter_Border_WarpPerspective.WarpPerspective/74 (8 ms)
[ RUN      ] Sz_Depth_Cn_Inter_Border_WarpPerspective.WarpPerspective/75, where GetParam() = (1280x720, CV_16U, BGRA, INTER_NEAREST, BORDER_REFLECT101)
[ PERFSTAT ]    (samples=100   mean=0.04   median=0.04   min=0.03   stddev=0.01 (14.7%))
[       OK ] Sz_Depth_Cn_Inter_Border_WarpPerspective.WarpPerspective/75 (17 ms)
[ RUN      ] Sz_Depth_Cn_Inter_Border_WarpPerspective.WarpPerspective/76, where GetParam() = (1280x720, CV_16U, BGRA, INTER_NEAREST, BORDER_REPLICATE)
[ PERFSTAT ]    (samples=13   mean=0.02   median=0.02   min=0.02   stddev=0.00 (2.8%))
[       OK ] Sz_Depth_Cn_Inter_Border_WarpPerspective.WarpPerspective/76 (8 ms)
[ RUN      ] Sz_Depth_Cn_Inter_Border_WarpPerspective.WarpPerspective/77, where GetParam() = (1280x720, CV_16U, BGRA, INTER_NEAREST, BORDER_CONSTANT)
[ PERFSTAT ]    (samples=13   mean=0.02   median=0.02   min=0.02   stddev=0.00 (2.8%))
[       OK ] Sz_Depth_Cn_Inter_Border_WarpPerspective.WarpPerspective/77 (7 ms)
[ RUN      ] Sz_Depth_Cn_Inter_Border_WarpPerspective.WarpPerspective/78, where GetParam() = (1280x720, CV_16U, BGRA, INTER_NEAREST, BORDER_REFLECT)
[ PERFSTAT ]    (samples=13   mean=0.03   median=0.03   min=0.03   stddev=0.00 (2.4%))
[       OK ] Sz_Depth_Cn_Inter_Border_WarpPerspective.WarpPerspective/78 (8 ms)
[ RUN      ] Sz_Depth_Cn_Inter_Border_WarpPerspective.WarpPerspective/79, where GetParam() = (1280x720, CV_16U, BGRA, INTER_NEAREST, BORDER_WRAP)
[ PERFSTAT ]    (samples=13   mean=0.03   median=0.03   min=0.03   stddev=0.00 (2.3%))
[       OK ] Sz_Depth_Cn_Inter_Border_WarpPerspective.WarpPerspective/79 (8 ms)
[ RUN      ] Sz_Depth_Cn_Inter_Border_WarpPerspective.WarpPerspective/80, where GetParam() = (1280x720, CV_16U, BGRA, INTER_LINEAR, BORDER_REFLECT101)
[ PERFSTAT ]    (samples=13   mean=0.04   median=0.04   min=0.04   stddev=0.00 (1.4%))
[       OK ] Sz_Depth_Cn_Inter_Border_WarpPerspective.WarpPerspective/80 (9 ms)
[ RUN      ] Sz_Depth_Cn_Inter_Border_WarpPerspective.WarpPerspective/81, where GetParam() = (1280x720, CV_16U, BGRA, INTER_LINEAR, BORDER_REPLICATE)
[ PERFSTAT ]    (samples=13   mean=0.03   median=0.03   min=0.03   stddev=0.00 (3.0%))
[       OK ] Sz_Depth_Cn_Inter_Border_WarpPerspective.WarpPerspective/81 (8 ms)
[ RUN      ] Sz_Depth_Cn_Inter_Border_WarpPerspective.WarpPerspective/82, where GetParam() = (1280x720, CV_16U, BGRA, INTER_LINEAR, BORDER_CONSTANT)
[ PERFSTAT ]    (samples=25   mean=0.03   median=0.03   min=0.03   stddev=0.00 (1.8%))
[       OK ] Sz_Depth_Cn_Inter_Border_WarpPerspective.WarpPerspective/82 (9 ms)
[ RUN      ] Sz_Depth_Cn_Inter_Border_WarpPerspective.WarpPerspective/83, where GetParam() = (1280x720, CV_16U, BGRA, INTER_LINEAR, BORDER_REFLECT)
[ PERFSTAT ]    (samples=13   mean=0.04   median=0.04   min=0.04   stddev=0.00 (1.9%))
[       OK ] Sz_Depth_Cn_Inter_Border_WarpPerspective.WarpPerspective/83 (8 ms)
[ RUN      ] Sz_Depth_Cn_Inter_Border_WarpPerspective.WarpPerspective/84, where GetParam() = (1280x720, CV_16U, BGRA, INTER_LINEAR, BORDER_WRAP)
[ PERFSTAT ]    (samples=13   mean=0.04   median=0.04   min=0.04   stddev=0.00 (1.7%))
[       OK ] Sz_Depth_Cn_Inter_Border_WarpPerspective.WarpPerspective/84 (9 ms)
[ RUN      ] Sz_Depth_Cn_Inter_Border_WarpPerspective.WarpPerspective/85, where GetParam() = (1280x720, CV_16U, BGRA, INTER_CUBIC, BORDER_REFLECT101)
[ PERFSTAT ]    (samples=13   mean=0.12   median=0.12   min=0.12   stddev=0.00 (0.7%))
[       OK ] Sz_Depth_Cn_Inter_Border_WarpPerspective.WarpPerspective/85 (9 ms)
[ RUN      ] Sz_Depth_Cn_Inter_Border_WarpPerspective.WarpPerspective/86, where GetParam() = (1280x720, CV_16U, BGRA, INTER_CUBIC, BORDER_REPLICATE)
[ PERFSTAT ]    (samples=13   mean=0.10   median=0.10   min=0.10   stddev=0.00 (1.1%))
[       OK ] Sz_Depth_Cn_Inter_Border_WarpPerspective.WarpPerspective/86 (8 ms)
[ RUN      ] Sz_Depth_Cn_Inter_Border_WarpPerspective.WarpPerspective/87, where GetParam() = (1280x720, CV_16U, BGRA, INTER_CUBIC, BORDER_CONSTANT)
[ PERFSTAT ]    (samples=13   mean=0.09   median=0.09   min=0.09   stddev=0.00 (1.4%))
[       OK ] Sz_Depth_Cn_Inter_Border_WarpPerspective.WarpPerspective/87 (8 ms)
[ RUN      ] Sz_Depth_Cn_Inter_Border_WarpPerspective.WarpPerspective/88, where GetParam() = (1280x720, CV_16U, BGRA, INTER_CUBIC, BORDER_REFLECT)
[ PERFSTAT ]    (samples=13   mean=0.14   median=0.14   min=0.14   stddev=0.00 (0.5%))
[       OK ] Sz_Depth_Cn_Inter_Border_WarpPerspective.WarpPerspective/88 (9 ms)
[ RUN      ] Sz_Depth_Cn_Inter_Border_WarpPerspective.WarpPerspective/89, where GetParam() = (1280x720, CV_16U, BGRA, INTER_CUBIC, BORDER_WRAP)
[ PERFSTAT ]    (samples=13   mean=0.13   median=0.13   min=0.13   stddev=0.00 (0.7%))
[       OK ] Sz_Depth_Cn_Inter_Border_WarpPerspective.WarpPerspective/89 (9 ms)
[ RUN      ] Sz_Depth_Cn_Inter_Border_WarpPerspective.WarpPerspective/90, where GetParam() = (1280x720, CV_32F, Gray, INTER_NEAREST, BORDER_REFLECT101)
[ PERFSTAT ]    (samples=13   mean=0.02   median=0.02   min=0.02   stddev=0.00 (1.6%))
[       OK ] Sz_Depth_Cn_Inter_Border_WarpPerspective.WarpPerspective/90 (3 ms)
[ RUN      ] Sz_Depth_Cn_Inter_Border_WarpPerspective.WarpPerspective/91, where GetParam() = (1280x720, CV_32F, Gray, INTER_NEAREST, BORDER_REPLICATE)
[ PERFSTAT ]    (samples=16   mean=0.02   median=0.02   min=0.02   stddev=0.00 (2.9%))
[       OK ] Sz_Depth_Cn_Inter_Border_WarpPerspective.WarpPerspective/91 (4 ms)
[ RUN      ] Sz_Depth_Cn_Inter_Border_WarpPerspective.WarpPerspective/92, where GetParam() = (1280x720, CV_32F, Gray, INTER_NEAREST, BORDER_CONSTANT)
[ PERFSTAT ]    (samples=13   mean=0.02   median=0.02   min=0.02   stddev=0.00 (2.3%))
[       OK ] Sz_Depth_Cn_Inter_Border_WarpPerspective.WarpPerspective/92 (3 ms)
[ RUN      ] Sz_Depth_Cn_Inter_Border_WarpPerspective.WarpPerspective/93, where GetParam() = (1280x720, CV_32F, Gray, INTER_NEAREST, BORDER_REFLECT)
[ PERFSTAT ]    (samples=13   mean=0.02   median=0.02   min=0.02   stddev=0.00 (2.9%))
[       OK ] Sz_Depth_Cn_Inter_Border_WarpPerspective.WarpPerspective/93 (3 ms)
[ RUN      ] Sz_Depth_Cn_Inter_Border_WarpPerspective.WarpPerspective/94, where GetParam() = (1280x720, CV_32F, Gray, INTER_NEAREST, BORDER_WRAP)
[ PERFSTAT ]    (samples=13   mean=0.02   median=0.02   min=0.02   stddev=0.00 (2.8%))
[       OK ] Sz_Depth_Cn_Inter_Border_WarpPerspective.WarpPerspective/94 (3 ms)
[ RUN      ] Sz_Depth_Cn_Inter_Border_WarpPerspective.WarpPerspective/95, where GetParam() = (1280x720, CV_32F, Gray, INTER_LINEAR, BORDER_REFLECT101)
[ PERFSTAT ]    (samples=13   mean=0.03   median=0.03   min=0.03   stddev=0.00 (1.3%))
[       OK ] Sz_Depth_Cn_Inter_Border_WarpPerspective.WarpPerspective/95 (3 ms)
[ RUN      ] Sz_Depth_Cn_Inter_Border_WarpPerspective.WarpPerspective/96, where GetParam() = (1280x720, CV_32F, Gray, INTER_LINEAR, BORDER_REPLICATE)
[ PERFSTAT ]    (samples=13   mean=0.02   median=0.02   min=0.02   stddev=0.00 (2.5%))
[       OK ] Sz_Depth_Cn_Inter_Border_WarpPerspective.WarpPerspective/96 (4 ms)
[ RUN      ] Sz_Depth_Cn_Inter_Border_WarpPerspective.WarpPerspective/97, where GetParam() = (1280x720, CV_32F, Gray, INTER_LINEAR, BORDER_CONSTANT)
[ PERFSTAT ]    (samples=38   mean=0.02   median=0.02   min=0.02   stddev=0.00 (1.8%))
[       OK ] Sz_Depth_Cn_Inter_Border_WarpPerspective.WarpPerspective/97 (4 ms)
[ RUN      ] Sz_Depth_Cn_Inter_Border_WarpPerspective.WarpPerspective/98, where GetParam() = (1280x720, CV_32F, Gray, INTER_LINEAR, BORDER_REFLECT)
[ PERFSTAT ]    (samples=13   mean=0.03   median=0.03   min=0.03   stddev=0.00 (2.4%))
[       OK ] Sz_Depth_Cn_Inter_Border_WarpPerspective.WarpPerspective/98 (3 ms)
[ RUN      ] Sz_Depth_Cn_Inter_Border_WarpPerspective.WarpPerspective/99, where GetParam() = (1280x720, CV_32F, Gray, INTER_LINEAR, BORDER_WRAP)
[ PERFSTAT ]    (samples=13   mean=0.03   median=0.03   min=0.03   stddev=0.00 (1.8%))
[       OK ] Sz_Depth_Cn_Inter_Border_WarpPerspective.WarpPerspective/99 (3 ms)
[ RUN      ] Sz_Depth_Cn_Inter_Border_WarpPerspective.WarpPerspective/100, where GetParam() = (1280x720, CV_32F, Gray, INTER_CUBIC, BORDER_REFLECT101)
[ PERFSTAT ]    (samples=13   mean=0.10   median=0.10   min=0.10   stddev=0.00 (0.5%))
[       OK ] Sz_Depth_Cn_Inter_Border_WarpPerspective.WarpPerspective/100 (4 ms)
[ RUN      ] Sz_Depth_Cn_Inter_Border_WarpPerspective.WarpPerspective/101, where GetParam() = (1280x720, CV_32F, Gray, INTER_CUBIC, BORDER_REPLICATE)
[ PERFSTAT ]    (samples=13   mean=0.07   median=0.07   min=0.07   stddev=0.00 (0.9%))
[       OK ] Sz_Depth_Cn_Inter_Border_WarpPerspective.WarpPerspective/101 (4 ms)
[ RUN      ] Sz_Depth_Cn_Inter_Border_WarpPerspective.WarpPerspective/102, where GetParam() = (1280x720, CV_32F, Gray, INTER_CUBIC, BORDER_CONSTANT)
[ PERFSTAT ]    (samples=13   mean=0.06   median=0.06   min=0.06   stddev=0.00 (1.1%))
[       OK ] Sz_Depth_Cn_Inter_Border_WarpPerspective.WarpPerspective/102 (4 ms)
[ RUN      ] Sz_Depth_Cn_Inter_Border_WarpPerspective.WarpPerspective/103, where GetParam() = (1280x720, CV_32F, Gray, INTER_CUBIC, BORDER_REFLECT)
[ PERFSTAT ]    (samples=13   mean=0.11   median=0.11   min=0.11   stddev=0.00 (0.6%))
[       OK ] Sz_Depth_Cn_Inter_Border_WarpPerspective.WarpPerspective/103 (4 ms)
[ RUN      ] Sz_Depth_Cn_Inter_Border_WarpPerspective.WarpPerspective/104, where GetParam() = (1280x720, CV_32F, Gray, INTER_CUBIC, BORDER_WRAP)
[ PERFSTAT ]    (samples=13   mean=0.10   median=0.10   min=0.10   stddev=0.00 (1.0%))
[       OK ] Sz_Depth_Cn_Inter_Border_WarpPerspective.WarpPerspective/104 (4 ms)
[ RUN      ] Sz_Depth_Cn_Inter_Border_WarpPerspective.WarpPerspective/105, where GetParam() = (1280x720, CV_32F, BGR, INTER_NEAREST, BORDER_REFLECT101)
[ PERFSTAT ]    (samples=13   mean=0.03   median=0.03   min=0.03   stddev=0.00 (1.2%))
[       OK ] Sz_Depth_Cn_Inter_Border_WarpPerspective.WarpPerspective/105 (10 ms)
[ RUN      ] Sz_Depth_Cn_Inter_Border_WarpPerspective.WarpPerspective/106, where GetParam() = (1280x720, CV_32F, BGR, INTER_NEAREST, BORDER_REPLICATE)
[ PERFSTAT ]    (samples=15   mean=0.03   median=0.03   min=0.03   stddev=0.00 (3.0%))
[       OK ] Sz_Depth_Cn_Inter_Border_WarpPerspective.WarpPerspective/106 (8 ms)
[ RUN      ] Sz_Depth_Cn_Inter_Border_WarpPerspective.WarpPerspective/107, where GetParam() = (1280x720, CV_32F, BGR, INTER_NEAREST, BORDER_CONSTANT)
[ PERFSTAT ]    (samples=13   mean=0.03   median=0.03   min=0.02   stddev=0.00 (1.7%))
[       OK ] Sz_Depth_Cn_Inter_Border_WarpPerspective.WarpPerspective/107 (8 ms)
[ RUN      ] Sz_Depth_Cn_Inter_Border_WarpPerspective.WarpPerspective/108, where GetParam() = (1280x720, CV_32F, BGR, INTER_NEAREST, BORDER_REFLECT)
[ PERFSTAT ]    (samples=13   mean=0.03   median=0.03   min=0.03   stddev=0.00 (1.7%))
[       OK ] Sz_Depth_Cn_Inter_Border_WarpPerspective.WarpPerspective/108 (8 ms)
[ RUN      ] Sz_Depth_Cn_Inter_Border_WarpPerspective.WarpPerspective/109, where GetParam() = (1280x720, CV_32F, BGR, INTER_NEAREST, BORDER_WRAP)
[ PERFSTAT ]    (samples=13   mean=0.03   median=0.03   min=0.03   stddev=0.00 (2.0%))
[       OK ] Sz_Depth_Cn_Inter_Border_WarpPerspective.WarpPerspective/109 (9 ms)
[ RUN      ] Sz_Depth_Cn_Inter_Border_WarpPerspective.WarpPerspective/110, where GetParam() = (1280x720, CV_32F, BGR, INTER_LINEAR, BORDER_REFLECT101)
[ PERFSTAT ]    (samples=13   mean=0.05   median=0.05   min=0.05   stddev=0.00 (0.8%))
[       OK ] Sz_Depth_Cn_Inter_Border_WarpPerspective.WarpPerspective/110 (8 ms)
[ RUN      ] Sz_Depth_Cn_Inter_Border_WarpPerspective.WarpPerspective/111, where GetParam() = (1280x720, CV_32F, BGR, INTER_LINEAR, BORDER_REPLICATE)
[ PERFSTAT ]    (samples=13   mean=0.05   median=0.05   min=0.05   stddev=0.00 (1.2%))
[       OK ] Sz_Depth_Cn_Inter_Border_WarpPerspective.WarpPerspective/111 (8 ms)
[ RUN      ] Sz_Depth_Cn_Inter_Border_WarpPerspective.WarpPerspective/112, where GetParam() = (1280x720, CV_32F, BGR, INTER_LINEAR, BORDER_CONSTANT)
[ PERFSTAT ]    (samples=13   mean=0.03   median=0.03   min=0.03   stddev=0.00 (1.9%))
[       OK ] Sz_Depth_Cn_Inter_Border_WarpPerspective.WarpPerspective/112 (9 ms)
[ RUN      ] Sz_Depth_Cn_Inter_Border_WarpPerspective.WarpPerspective/113, where GetParam() = (1280x720, CV_32F, BGR, INTER_LINEAR, BORDER_REFLECT)
[ PERFSTAT ]    (samples=13   mean=0.05   median=0.05   min=0.04   stddev=0.00 (1.3%))
[       OK ] Sz_Depth_Cn_Inter_Border_WarpPerspective.WarpPerspective/113 (8 ms)
[ RUN      ] Sz_Depth_Cn_Inter_Border_WarpPerspective.WarpPerspective/114, where GetParam() = (1280x720, CV_32F, BGR, INTER_LINEAR, BORDER_WRAP)
[ PERFSTAT ]    (samples=13   mean=0.05   median=0.05   min=0.05   stddev=0.00 (1.2%))
[       OK ] Sz_Depth_Cn_Inter_Border_WarpPerspective.WarpPerspective/114 (8 ms)
[ RUN      ] Sz_Depth_Cn_Inter_Border_WarpPerspective.WarpPerspective/115, where GetParam() = (1280x720, CV_32F, BGR, INTER_CUBIC, BORDER_REFLECT101)
[ PERFSTAT ]    (samples=13   mean=0.13   median=0.13   min=0.13   stddev=0.00 (0.7%))
[       OK ] Sz_Depth_Cn_Inter_Border_WarpPerspective.WarpPerspective/115 (10 ms)
[ RUN      ] Sz_Depth_Cn_Inter_Border_WarpPerspective.WarpPerspective/116, where GetParam() = (1280x720, CV_32F, BGR, INTER_CUBIC, BORDER_REPLICATE)
[ PERFSTAT ]    (samples=13   mean=0.14   median=0.14   min=0.14   stddev=0.00 (0.8%))
[       OK ] Sz_Depth_Cn_Inter_Border_WarpPerspective.WarpPerspective/116 (42 ms)
[ RUN      ] Sz_Depth_Cn_Inter_Border_WarpPerspective.WarpPerspective/117, where GetParam() = (1280x720, CV_32F, BGR, INTER_CUBIC, BORDER_CONSTANT)
[ PERFSTAT ]    (samples=13   mean=0.10   median=0.10   min=0.10   stddev=0.00 (2.7%))
[       OK ] Sz_Depth_Cn_Inter_Border_WarpPerspective.WarpPerspective/117 (9 ms)
[ RUN      ] Sz_Depth_Cn_Inter_Border_WarpPerspective.WarpPerspective/118, where GetParam() = (1280x720, CV_32F, BGR, INTER_CUBIC, BORDER_REFLECT)
[ PERFSTAT ]    (samples=13   mean=0.13   median=0.13   min=0.13   stddev=0.00 (0.5%))
[       OK ] Sz_Depth_Cn_Inter_Border_WarpPerspective.WarpPerspective/118 (9 ms)
[ RUN      ] Sz_Depth_Cn_Inter_Border_WarpPerspective.WarpPerspective/119, where GetParam() = (1280x720, CV_32F, BGR, INTER_CUBIC, BORDER_WRAP)
[ PERFSTAT ]    (samples=13   mean=0.14   median=0.14   min=0.13   stddev=0.00 (0.7%))
[       OK ] Sz_Depth_Cn_Inter_Border_WarpPerspective.WarpPerspective/119 (10 ms)
[ RUN      ] Sz_Depth_Cn_Inter_Border_WarpPerspective.WarpPerspective/120, where GetParam() = (1280x720, CV_32F, BGRA, INTER_NEAREST, BORDER_REFLECT101)
[ PERFSTAT ]    (samples=25   mean=0.03   median=0.03   min=0.03   stddev=0.00 (2.2%))
[       OK ] Sz_Depth_Cn_Inter_Border_WarpPerspective.WarpPerspective/120 (12 ms)
[ RUN      ] Sz_Depth_Cn_Inter_Border_WarpPerspective.WarpPerspective/121, where GetParam() = (1280x720, CV_32F, BGRA, INTER_NEAREST, BORDER_REPLICATE)
[ PERFSTAT ]    (samples=34   mean=0.03   median=0.03   min=0.03   stddev=0.00 (3.0%))
[       OK ] Sz_Depth_Cn_Inter_Border_WarpPerspective.WarpPerspective/121 (11 ms)
[ RUN      ] Sz_Depth_Cn_Inter_Border_WarpPerspective.WarpPerspective/122, where GetParam() = (1280x720, CV_32F, BGRA, INTER_NEAREST, BORDER_CONSTANT)
[ PERFSTAT ]    (samples=23   mean=0.03   median=0.03   min=0.03   stddev=0.00 (2.9%))
[       OK ] Sz_Depth_Cn_Inter_Border_WarpPerspective.WarpPerspective/122 (11 ms)
[ RUN      ] Sz_Depth_Cn_Inter_Border_WarpPerspective.WarpPerspective/123, where GetParam() = (1280x720, CV_32F, BGRA, INTER_NEAREST, BORDER_REFLECT)
[ PERFSTAT ]    (samples=18   mean=0.03   median=0.03   min=0.03   stddev=0.00 (2.9%))
[       OK ] Sz_Depth_Cn_Inter_Border_WarpPerspective.WarpPerspective/123 (11 ms)
[ RUN      ] Sz_Depth_Cn_Inter_Border_WarpPerspective.WarpPerspective/124, where GetParam() = (1280x720, CV_32F, BGRA, INTER_NEAREST, BORDER_WRAP)
[ PERFSTAT ]    (samples=25   mean=0.03   median=0.03   min=0.03   stddev=0.00 (1.9%))
[       OK ] Sz_Depth_Cn_Inter_Border_WarpPerspective.WarpPerspective/124 (12 ms)
[ RUN      ] Sz_Depth_Cn_Inter_Border_WarpPerspective.WarpPerspective/125, where GetParam() = (1280x720, CV_32F, BGRA, INTER_LINEAR, BORDER_REFLECT101)
[ PERFSTAT ]    (samples=25   mean=0.03   median=0.03   min=0.03   stddev=0.00 (2.5%))
[       OK ] Sz_Depth_Cn_Inter_Border_WarpPerspective.WarpPerspective/125 (11 ms)
[ RUN      ] Sz_Depth_Cn_Inter_Border_WarpPerspective.WarpPerspective/126, where GetParam() = (1280x720, CV_32F, BGRA, INTER_LINEAR, BORDER_REPLICATE)
[ PERFSTAT ]    (samples=25   mean=0.03   median=0.03   min=0.03   stddev=0.00 (2.8%))
[       OK ] Sz_Depth_Cn_Inter_Border_WarpPerspective.WarpPerspective/126 (11 ms)
[ RUN      ] Sz_Depth_Cn_Inter_Border_WarpPerspective.WarpPerspective/127, where GetParam() = (1280x720, CV_32F, BGRA, INTER_LINEAR, BORDER_CONSTANT)
[ PERFSTAT ]    (samples=25   mean=0.03   median=0.03   min=0.03   stddev=0.00 (1.9%))
[       OK ] Sz_Depth_Cn_Inter_Border_WarpPerspective.WarpPerspective/127 (13 ms)
[ RUN      ] Sz_Depth_Cn_Inter_Border_WarpPerspective.WarpPerspective/128, where GetParam() = (1280x720, CV_32F, BGRA, INTER_LINEAR, BORDER_REFLECT)
[ PERFSTAT ]    (samples=14   mean=0.03   median=0.03   min=0.03   stddev=0.00 (2.9%))
[       OK ] Sz_Depth_Cn_Inter_Border_WarpPerspective.WarpPerspective/128 (11 ms)
[ RUN      ] Sz_Depth_Cn_Inter_Border_WarpPerspective.WarpPerspective/129, where GetParam() = (1280x720, CV_32F, BGRA, INTER_LINEAR, BORDER_WRAP)
[ PERFSTAT ]    (samples=15   mean=0.04   median=0.04   min=0.04   stddev=0.00 (3.0%))
[       OK ] Sz_Depth_Cn_Inter_Border_WarpPerspective.WarpPerspective/129 (11 ms)
[ RUN      ] Sz_Depth_Cn_Inter_Border_WarpPerspective.WarpPerspective/130, where GetParam() = (1280x720, CV_32F, BGRA, INTER_CUBIC, BORDER_REFLECT101)
[ PERFSTAT ]    (samples=13   mean=0.11   median=0.11   min=0.11   stddev=0.00 (2.7%))
[       OK ] Sz_Depth_Cn_Inter_Border_WarpPerspective.WarpPerspective/130 (12 ms)
[ RUN      ] Sz_Depth_Cn_Inter_Border_WarpPerspective.WarpPerspective/131, where GetParam() = (1280x720, CV_32F, BGRA, INTER_CUBIC, BORDER_REPLICATE)
[ PERFSTAT ]    (samples=13   mean=0.09   median=0.09   min=0.09   stddev=0.00 (1.5%))
[       OK ] Sz_Depth_Cn_Inter_Border_WarpPerspective.WarpPerspective/131 (11 ms)
[ RUN      ] Sz_Depth_Cn_Inter_Border_WarpPerspective.WarpPerspective/132, where GetParam() = (1280x720, CV_32F, BGRA, INTER_CUBIC, BORDER_CONSTANT)
[ PERFSTAT ]    (samples=13   mean=0.08   median=0.08   min=0.08   stddev=0.00 (1.6%))
[       OK ] Sz_Depth_Cn_Inter_Border_WarpPerspective.WarpPerspective/132 (12 ms)
[ RUN      ] Sz_Depth_Cn_Inter_Border_WarpPerspective.WarpPerspective/133, where GetParam() = (1280x720, CV_32F, BGRA, INTER_CUBIC, BORDER_REFLECT)
[ PERFSTAT ]    (samples=13   mean=0.12   median=0.12   min=0.12   stddev=0.00 (1.2%))
[       OK ] Sz_Depth_Cn_Inter_Border_WarpPerspective.WarpPerspective/133 (12 ms)
[ RUN      ] Sz_Depth_Cn_Inter_Border_WarpPerspective.WarpPerspective/134, where GetParam() = (1280x720, CV_32F, BGRA, INTER_CUBIC, BORDER_WRAP)
[ PERFSTAT ]    (samples=13   mean=0.11   median=0.11   min=0.11   stddev=0.00 (1.5%))
[       OK ] Sz_Depth_Cn_Inter_Border_WarpPerspective.WarpPerspective/134 (12 ms)
[ RUN      ] Sz_Depth_Cn_Inter_Border_WarpPerspective.WarpPerspective/135, where GetParam() = (1280x1024, CV_8U, Gray, INTER_NEAREST, BORDER_REFLECT101)
[ PERFSTAT ]    (samples=15   mean=0.03   median=0.03   min=0.03   stddev=0.00 (2.9%))
[       OK ] Sz_Depth_Cn_Inter_Border_WarpPerspective.WarpPerspective/135 (3 ms)
[ RUN      ] Sz_Depth_Cn_Inter_Border_WarpPerspective.WarpPerspective/136, where GetParam() = (1280x1024, CV_8U, Gray, INTER_NEAREST, BORDER_REPLICATE)
[ PERFSTAT ]    (samples=13   mean=0.02   median=0.02   min=0.02   stddev=0.00 (1.2%))
[       OK ] Sz_Depth_Cn_Inter_Border_WarpPerspective.WarpPerspective/136 (2 ms)
[ RUN      ] Sz_Depth_Cn_Inter_Border_WarpPerspective.WarpPerspective/137, where GetParam() = (1280x1024, CV_8U, Gray, INTER_NEAREST, BORDER_CONSTANT)
[ PERFSTAT ]    (samples=13   mean=0.02   median=0.02   min=0.02   stddev=0.00 (1.5%))
[       OK ] Sz_Depth_Cn_Inter_Border_WarpPerspective.WarpPerspective/137 (2 ms)
[ RUN      ] Sz_Depth_Cn_Inter_Border_WarpPerspective.WarpPerspective/138, where GetParam() = (1280x1024, CV_8U, Gray, INTER_NEAREST, BORDER_REFLECT)
[ PERFSTAT ]    (samples=13   mean=0.03   median=0.03   min=0.03   stddev=0.00 (1.2%))
[       OK ] Sz_Depth_Cn_Inter_Border_WarpPerspective.WarpPerspective/138 (2 ms)
[ RUN      ] Sz_Depth_Cn_Inter_Border_WarpPerspective.WarpPerspective/139, where GetParam() = (1280x1024, CV_8U, Gray, INTER_NEAREST, BORDER_WRAP)
[ PERFSTAT ]    (samples=13   mean=0.03   median=0.03   min=0.03   stddev=0.00 (1.2%))
[       OK ] Sz_Depth_Cn_Inter_Border_WarpPerspective.WarpPerspective/139 (3 ms)
[ RUN      ] Sz_Depth_Cn_Inter_Border_WarpPerspective.WarpPerspective/140, where GetParam() = (1280x1024, CV_8U, Gray, INTER_LINEAR, BORDER_REFLECT101)
[ PERFSTAT ]    (samples=13   mean=0.04   median=0.04   min=0.04   stddev=0.00 (1.2%))
[       OK ] Sz_Depth_Cn_Inter_Border_WarpPerspective.WarpPerspective/140 (2 ms)
[ RUN      ] Sz_Depth_Cn_Inter_Border_WarpPerspective.WarpPerspective/141, where GetParam() = (1280x1024, CV_8U, Gray, INTER_LINEAR, BORDER_REPLICATE)
[ PERFSTAT ]    (samples=13   mean=0.03   median=0.03   min=0.03   stddev=0.00 (1.6%))
[       OK ] Sz_Depth_Cn_Inter_Border_WarpPerspective.WarpPerspective/141 (3 ms)
[ RUN      ] Sz_Depth_Cn_Inter_Border_WarpPerspective.WarpPerspective/142, where GetParam() = (1280x1024, CV_8U, Gray, INTER_LINEAR, BORDER_CONSTANT)
[ PERFSTAT ]    (samples=13   mean=0.03   median=0.03   min=0.03   stddev=0.00 (1.8%))
[       OK ] Sz_Depth_Cn_Inter_Border_WarpPerspective.WarpPerspective/142 (2 ms)
[ RUN      ] Sz_Depth_Cn_Inter_Border_WarpPerspective.WarpPerspective/143, where GetParam() = (1280x1024, CV_8U, Gray, INTER_LINEAR, BORDER_REFLECT)
[ PERFSTAT ]    (samples=13   mean=0.04   median=0.04   min=0.04   stddev=0.00 (1.6%))
[       OK ] Sz_Depth_Cn_Inter_Border_WarpPerspective.WarpPerspective/143 (3 ms)
[ RUN      ] Sz_Depth_Cn_Inter_Border_WarpPerspective.WarpPerspective/144, where GetParam() = (1280x1024, CV_8U, Gray, INTER_LINEAR, BORDER_WRAP)
[ PERFSTAT ]    (samples=13   mean=0.04   median=0.04   min=0.04   stddev=0.00 (1.2%))
[       OK ] Sz_Depth_Cn_Inter_Border_WarpPerspective.WarpPerspective/144 (2 ms)
[ RUN      ] Sz_Depth_Cn_Inter_Border_WarpPerspective.WarpPerspective/145, where GetParam() = (1280x1024, CV_8U, Gray, INTER_CUBIC, BORDER_REFLECT101)
[ PERFSTAT ]    (samples=13   mean=0.14   median=0.14   min=0.14   stddev=0.00 (0.3%))
[       OK ] Sz_Depth_Cn_Inter_Border_WarpPerspective.WarpPerspective/145 (4 ms)
[ RUN      ] Sz_Depth_Cn_Inter_Border_WarpPerspective.WarpPerspective/146, where GetParam() = (1280x1024, CV_8U, Gray, INTER_CUBIC, BORDER_REPLICATE)
[ PERFSTAT ]    (samples=13   mean=0.10   median=0.10   min=0.10   stddev=0.00 (0.3%))
[       OK ] Sz_Depth_Cn_Inter_Border_WarpPerspective.WarpPerspective/146 (3 ms)
[ RUN      ] Sz_Depth_Cn_Inter_Border_WarpPerspective.WarpPerspective/147, where GetParam() = (1280x1024, CV_8U, Gray, INTER_CUBIC, BORDER_CONSTANT)
[ PERFSTAT ]    (samples=13   mean=0.06   median=0.06   min=0.06   stddev=0.00 (1.0%))
[       OK ] Sz_Depth_Cn_Inter_Border_WarpPerspective.WarpPerspective/147 (3 ms)
[ RUN      ] Sz_Depth_Cn_Inter_Border_WarpPerspective.WarpPerspective/148, where GetParam() = (1280x1024, CV_8U, Gray, INTER_CUBIC, BORDER_REFLECT)
[ PERFSTAT ]    (samples=13   mean=0.16   median=0.16   min=0.16   stddev=0.00 (0.4%))
[       OK ] Sz_Depth_Cn_Inter_Border_WarpPerspective.WarpPerspective/148 (4 ms)
[ RUN      ] Sz_Depth_Cn_Inter_Border_WarpPerspective.WarpPerspective/149, where GetParam() = (1280x1024, CV_8U, Gray, INTER_CUBIC, BORDER_WRAP)
[ PERFSTAT ]    (samples=13   mean=0.13   median=0.13   min=0.13   stddev=0.00 (0.6%))
[       OK ] Sz_Depth_Cn_Inter_Border_WarpPerspective.WarpPerspective/149 (4 ms)
[ RUN      ] Sz_Depth_Cn_Inter_Border_WarpPerspective.WarpPerspective/150, where GetParam() = (1280x1024, CV_8U, BGR, INTER_NEAREST, BORDER_REFLECT101)
[ PERFSTAT ]    (samples=13   mean=0.03   median=0.03   min=0.03   stddev=0.00 (0.6%))
[       OK ] Sz_Depth_Cn_Inter_Border_WarpPerspective.WarpPerspective/150 (4 ms)
[ RUN      ] Sz_Depth_Cn_Inter_Border_WarpPerspective.WarpPerspective/151, where GetParam() = (1280x1024, CV_8U, BGR, INTER_NEAREST, BORDER_REPLICATE)
[ PERFSTAT ]    (samples=13   mean=0.03   median=0.03   min=0.03   stddev=0.00 (0.9%))
[       OK ] Sz_Depth_Cn_Inter_Border_WarpPerspective.WarpPerspective/151 (5 ms)
[ RUN      ] Sz_Depth_Cn_Inter_Border_WarpPerspective.WarpPerspective/152, where GetParam() = (1280x1024, CV_8U, BGR, INTER_NEAREST, BORDER_CONSTANT)
[ PERFSTAT ]    (samples=25   mean=0.03   median=0.03   min=0.02   stddev=0.00 (1.2%))
[       OK ] Sz_Depth_Cn_Inter_Border_WarpPerspective.WarpPerspective/152 (5 ms)
[ RUN      ] Sz_Depth_Cn_Inter_Border_WarpPerspective.WarpPerspective/153, where GetParam() = (1280x1024, CV_8U, BGR, INTER_NEAREST, BORDER_REFLECT)
[ PERFSTAT ]    (samples=13   mean=0.03   median=0.03   min=0.03   stddev=0.00 (1.8%))
[       OK ] Sz_Depth_Cn_Inter_Border_WarpPerspective.WarpPerspective/153 (5 ms)
[ RUN      ] Sz_Depth_Cn_Inter_Border_WarpPerspective.WarpPerspective/154, where GetParam() = (1280x1024, CV_8U, BGR, INTER_NEAREST, BORDER_WRAP)
[ PERFSTAT ]    (samples=13   mean=0.03   median=0.03   min=0.03   stddev=0.00 (0.5%))
[       OK ] Sz_Depth_Cn_Inter_Border_WarpPerspective.WarpPerspective/154 (4 ms)
[ RUN      ] Sz_Depth_Cn_Inter_Border_WarpPerspective.WarpPerspective/155, where GetParam() = (1280x1024, CV_8U, BGR, INTER_LINEAR, BORDER_REFLECT101)
[ PERFSTAT ]    (samples=13   mean=0.05   median=0.05   min=0.05   stddev=0.00 (0.5%))
[       OK ] Sz_Depth_Cn_Inter_Border_WarpPerspective.WarpPerspective/155 (5 ms)
[ RUN      ] Sz_Depth_Cn_Inter_Border_WarpPerspective.WarpPerspective/156, where GetParam() = (1280x1024, CV_8U, BGR, INTER_LINEAR, BORDER_REPLICATE)
[ PERFSTAT ]    (samples=13   mean=0.06   median=0.06   min=0.06   stddev=0.00 (0.5%))
[       OK ] Sz_Depth_Cn_Inter_Border_WarpPerspective.WarpPerspective/156 (5 ms)
[ RUN      ] Sz_Depth_Cn_Inter_Border_WarpPerspective.WarpPerspective/157, where GetParam() = (1280x1024, CV_8U, BGR, INTER_LINEAR, BORDER_CONSTANT)
[ PERFSTAT ]    (samples=13   mean=0.04   median=0.04   min=0.04   stddev=0.00 (1.3%))
[       OK ] Sz_Depth_Cn_Inter_Border_WarpPerspective.WarpPerspective/157 (5 ms)
[ RUN      ] Sz_Depth_Cn_Inter_Border_WarpPerspective.WarpPerspective/158, where GetParam() = (1280x1024, CV_8U, BGR, INTER_LINEAR, BORDER_REFLECT)
[ PERFSTAT ]    (samples=13   mean=0.05   median=0.05   min=0.05   stddev=0.00 (0.5%))
[       OK ] Sz_Depth_Cn_Inter_Border_WarpPerspective.WarpPerspective/158 (5 ms)
[ RUN      ] Sz_Depth_Cn_Inter_Border_WarpPerspective.WarpPerspective/159, where GetParam() = (1280x1024, CV_8U, BGR, INTER_LINEAR, BORDER_WRAP)
[ PERFSTAT ]    (samples=13   mean=0.05   median=0.05   min=0.05   stddev=0.00 (0.6%))
[       OK ] Sz_Depth_Cn_Inter_Border_WarpPerspective.WarpPerspective/159 (5 ms)
[ RUN      ] Sz_Depth_Cn_Inter_Border_WarpPerspective.WarpPerspective/160, where GetParam() = (1280x1024, CV_8U, BGR, INTER_CUBIC, BORDER_REFLECT101)
[ PERFSTAT ]    (samples=13   mean=0.15   median=0.15   min=0.15   stddev=0.00 (1.0%))
[       OK ] Sz_Depth_Cn_Inter_Border_WarpPerspective.WarpPerspective/160 (6 ms)
[ RUN      ] Sz_Depth_Cn_Inter_Border_WarpPerspective.WarpPerspective/161, where GetParam() = (1280x1024, CV_8U, BGR, INTER_CUBIC, BORDER_REPLICATE)
[ PERFSTAT ]    (samples=13   mean=0.16   median=0.16   min=0.16   stddev=0.00 (0.4%))
[       OK ] Sz_Depth_Cn_Inter_Border_WarpPerspective.WarpPerspective/161 (7 ms)
[ RUN      ] Sz_Depth_Cn_Inter_Border_WarpPerspective.WarpPerspective/162, where GetParam() = (1280x1024, CV_8U, BGR, INTER_CUBIC, BORDER_CONSTANT)
[ PERFSTAT ]    (samples=13   mean=0.10   median=0.10   min=0.10   stddev=0.00 (0.4%))
[       OK ] Sz_Depth_Cn_Inter_Border_WarpPerspective.WarpPerspective/162 (5 ms)
[ RUN      ] Sz_Depth_Cn_Inter_Border_WarpPerspective.WarpPerspective/163, where GetParam() = (1280x1024, CV_8U, BGR, INTER_CUBIC, BORDER_REFLECT)
[ PERFSTAT ]    (samples=13   mean=0.15   median=0.15   min=0.15   stddev=0.00 (0.3%))
[       OK ] Sz_Depth_Cn_Inter_Border_WarpPerspective.WarpPerspective/163 (6 ms)
[ RUN      ] Sz_Depth_Cn_Inter_Border_WarpPerspective.WarpPerspective/164, where GetParam() = (1280x1024, CV_8U, BGR, INTER_CUBIC, BORDER_WRAP)
[ PERFSTAT ]    (samples=13   mean=0.15   median=0.15   min=0.14   stddev=0.00 (0.4%))
[       OK ] Sz_Depth_Cn_Inter_Border_WarpPerspective.WarpPerspective/164 (7 ms)
[ RUN      ] Sz_Depth_Cn_Inter_Border_WarpPerspective.WarpPerspective/165, where GetParam() = (1280x1024, CV_8U, BGRA, INTER_NEAREST, BORDER_REFLECT101)
[ PERFSTAT ]    (samples=13   mean=0.03   median=0.03   min=0.03   stddev=0.00 (1.2%))
[       OK ] Sz_Depth_Cn_Inter_Border_WarpPerspective.WarpPerspective/165 (5 ms)
[ RUN      ] Sz_Depth_Cn_Inter_Border_WarpPerspective.WarpPerspective/166, where GetParam() = (1280x1024, CV_8U, BGRA, INTER_NEAREST, BORDER_REPLICATE)
[ PERFSTAT ]    (samples=13   mean=0.03   median=0.03   min=0.03   stddev=0.00 (1.2%))
[       OK ] Sz_Depth_Cn_Inter_Border_WarpPerspective.WarpPerspective/166 (6 ms)
[ RUN      ] Sz_Depth_Cn_Inter_Border_WarpPerspective.WarpPerspective/167, where GetParam() = (1280x1024, CV_8U, BGRA, INTER_NEAREST, BORDER_CONSTANT)
[ PERFSTAT ]    (samples=13   mean=0.03   median=0.03   min=0.03   stddev=0.00 (1.2%))
[       OK ] Sz_Depth_Cn_Inter_Border_WarpPerspective.WarpPerspective/167 (6 ms)
[ RUN      ] Sz_Depth_Cn_Inter_Border_WarpPerspective.WarpPerspective/168, where GetParam() = (1280x1024, CV_8U, BGRA, INTER_NEAREST, BORDER_REFLECT)
[ PERFSTAT ]    (samples=13   mean=0.03   median=0.03   min=0.03   stddev=0.00 (1.0%))
[       OK ] Sz_Depth_Cn_Inter_Border_WarpPerspective.WarpPerspective/168 (6 ms)
[ RUN      ] Sz_Depth_Cn_Inter_Border_WarpPerspective.WarpPerspective/169, where GetParam() = (1280x1024, CV_8U, BGRA, INTER_NEAREST, BORDER_WRAP)
[ PERFSTAT ]    (samples=13   mean=0.03   median=0.03   min=0.03   stddev=0.00 (1.4%))
[       OK ] Sz_Depth_Cn_Inter_Border_WarpPerspective.WarpPerspective/169 (5 ms)
[ RUN      ] Sz_Depth_Cn_Inter_Border_WarpPerspective.WarpPerspective/170, where GetParam() = (1280x1024, CV_8U, BGRA, INTER_LINEAR, BORDER_REFLECT101)
[ PERFSTAT ]    (samples=13   mean=0.05   median=0.05   min=0.05   stddev=0.00 (1.0%))
[       OK ] Sz_Depth_Cn_Inter_Border_WarpPerspective.WarpPerspective/170 (7 ms)
[ RUN      ] Sz_Depth_Cn_Inter_Border_WarpPerspective.WarpPerspective/171, where GetParam() = (1280x1024, CV_8U, BGRA, INTER_LINEAR, BORDER_REPLICATE)
[ PERFSTAT ]    (samples=13   mean=0.04   median=0.04   min=0.04   stddev=0.00 (1.9%))
[       OK ] Sz_Depth_Cn_Inter_Border_WarpPerspective.WarpPerspective/171 (6 ms)
[ RUN      ] Sz_Depth_Cn_Inter_Border_WarpPerspective.WarpPerspective/172, where GetParam() = (1280x1024, CV_8U, BGRA, INTER_LINEAR, BORDER_CONSTANT)
[ PERFSTAT ]    (samples=13   mean=0.04   median=0.04   min=0.04   stddev=0.00 (1.3%))
[       OK ] Sz_Depth_Cn_Inter_Border_WarpPerspective.WarpPerspective/172 (7 ms)
[ RUN      ] Sz_Depth_Cn_Inter_Border_WarpPerspective.WarpPerspective/173, where GetParam() = (1280x1024, CV_8U, BGRA, INTER_LINEAR, BORDER_REFLECT)
[ PERFSTAT ]    (samples=13   mean=0.05   median=0.05   min=0.05   stddev=0.00 (1.1%))
[       OK ] Sz_Depth_Cn_Inter_Border_WarpPerspective.WarpPerspective/173 (6 ms)
[ RUN      ] Sz_Depth_Cn_Inter_Border_WarpPerspective.WarpPerspective/174, where GetParam() = (1280x1024, CV_8U, BGRA, INTER_LINEAR, BORDER_WRAP)
[ PERFSTAT ]    (samples=13   mean=0.05   median=0.05   min=0.05   stddev=0.00 (1.2%))
[       OK ] Sz_Depth_Cn_Inter_Border_WarpPerspective.WarpPerspective/174 (7 ms)
[ RUN      ] Sz_Depth_Cn_Inter_Border_WarpPerspective.WarpPerspective/175, where GetParam() = (1280x1024, CV_8U, BGRA, INTER_CUBIC, BORDER_REFLECT101)
[ PERFSTAT ]    (samples=13   mean=0.17   median=0.17   min=0.17   stddev=0.00 (0.4%))
[       OK ] Sz_Depth_Cn_Inter_Border_WarpPerspective.WarpPerspective/175 (7 ms)
[ RUN      ] Sz_Depth_Cn_Inter_Border_WarpPerspective.WarpPerspective/176, where GetParam() = (1280x1024, CV_8U, BGRA, INTER_CUBIC, BORDER_REPLICATE)
[ PERFSTAT ]    (samples=13   mean=0.14   median=0.14   min=0.14   stddev=0.00 (0.7%))
[       OK ] Sz_Depth_Cn_Inter_Border_WarpPerspective.WarpPerspective/176 (7 ms)
[ RUN      ] Sz_Depth_Cn_Inter_Border_WarpPerspective.WarpPerspective/177, where GetParam() = (1280x1024, CV_8U, BGRA, INTER_CUBIC, BORDER_CONSTANT)
[ PERFSTAT ]    (samples=13   mean=0.12   median=0.12   min=0.11   stddev=0.00 (0.7%))
[       OK ] Sz_Depth_Cn_Inter_Border_WarpPerspective.WarpPerspective/177 (7 ms)
[ RUN      ] Sz_Depth_Cn_Inter_Border_WarpPerspective.WarpPerspective/178, where GetParam() = (1280x1024, CV_8U, BGRA, INTER_CUBIC, BORDER_REFLECT)
[ PERFSTAT ]    (samples=13   mean=0.19   median=0.19   min=0.19   stddev=0.00 (0.8%))
[       OK ] Sz_Depth_Cn_Inter_Border_WarpPerspective.WarpPerspective/178 (8 ms)
[ RUN      ] Sz_Depth_Cn_Inter_Border_WarpPerspective.WarpPerspective/179, where GetParam() = (1280x1024, CV_8U, BGRA, INTER_CUBIC, BORDER_WRAP)
[ PERFSTAT ]    (samples=13   mean=0.17   median=0.17   min=0.17   stddev=0.00 (0.5%))
[       OK ] Sz_Depth_Cn_Inter_Border_WarpPerspective.WarpPerspective/179 (8 ms)
[ RUN      ] Sz_Depth_Cn_Inter_Border_WarpPerspective.WarpPerspective/180, where GetParam() = (1280x1024, CV_16U, Gray, INTER_NEAREST, BORDER_REFLECT101)
[ PERFSTAT ]    (samples=13   mean=0.03   median=0.03   min=0.03   stddev=0.00 (1.2%))
[       OK ] Sz_Depth_Cn_Inter_Border_WarpPerspective.WarpPerspective/180 (3 ms)
[ RUN      ] Sz_Depth_Cn_Inter_Border_WarpPerspective.WarpPerspective/181, where GetParam() = (1280x1024, CV_16U, Gray, INTER_NEAREST, BORDER_REPLICATE)
[ PERFSTAT ]    (samples=13   mean=0.02   median=0.02   min=0.02   stddev=0.00 (1.9%))
[       OK ] Sz_Depth_Cn_Inter_Border_WarpPerspective.WarpPerspective/181 (4 ms)
[ RUN      ] Sz_Depth_Cn_Inter_Border_WarpPerspective.WarpPerspective/182, where GetParam() = (1280x1024, CV_16U, Gray, INTER_NEAREST, BORDER_CONSTANT)
[ PERFSTAT ]    (samples=13   mean=0.02   median=0.02   min=0.02   stddev=0.00 (2.5%))
[       OK ] Sz_Depth_Cn_Inter_Border_WarpPerspective.WarpPerspective/182 (3 ms)
[ RUN      ] Sz_Depth_Cn_Inter_Border_WarpPerspective.WarpPerspective/183, where GetParam() = (1280x1024, CV_16U, Gray, INTER_NEAREST, BORDER_REFLECT)
[ PERFSTAT ]    (samples=13   mean=0.03   median=0.03   min=0.03   stddev=0.00 (1.0%))
[       OK ] Sz_Depth_Cn_Inter_Border_WarpPerspective.WarpPerspective/183 (4 ms)
[ RUN      ] Sz_Depth_Cn_Inter_Border_WarpPerspective.WarpPerspective/184, where GetParam() = (1280x1024, CV_16U, Gray, INTER_NEAREST, BORDER_WRAP)
[ PERFSTAT ]    (samples=13   mean=0.03   median=0.03   min=0.03   stddev=0.00 (1.4%))
[       OK ] Sz_Depth_Cn_Inter_Border_WarpPerspective.WarpPerspective/184 (3 ms)
[ RUN      ] Sz_Depth_Cn_Inter_Border_WarpPerspective.WarpPerspective/185, where GetParam() = (1280x1024, CV_16U, Gray, INTER_LINEAR, BORDER_REFLECT101)
[ PERFSTAT ]    (samples=13   mean=0.04   median=0.04   min=0.04   stddev=0.00 (0.7%))
[       OK ] Sz_Depth_Cn_Inter_Border_WarpPerspective.WarpPerspective/185 (4 ms)
[ RUN      ] Sz_Depth_Cn_Inter_Border_WarpPerspective.WarpPerspective/186, where GetParam() = (1280x1024, CV_16U, Gray, INTER_LINEAR, BORDER_REPLICATE)
[ PERFSTAT ]    (samples=25   mean=0.03   median=0.03   min=0.03   stddev=0.00 (1.1%))
[       OK ] Sz_Depth_Cn_Inter_Border_WarpPerspective.WarpPerspective/186 (4 ms)
[ RUN      ] Sz_Depth_Cn_Inter_Border_WarpPerspective.WarpPerspective/187, where GetParam() = (1280x1024, CV_16U, Gray, INTER_LINEAR, BORDER_CONSTANT)
[ PERFSTAT ]    (samples=13   mean=0.04   median=0.04   min=0.03   stddev=0.00 (1.6%))
[       OK ] Sz_Depth_Cn_Inter_Border_WarpPerspective.WarpPerspective/187 (5 ms)
[ RUN      ] Sz_Depth_Cn_Inter_Border_WarpPerspective.WarpPerspective/188, where GetParam() = (1280x1024, CV_16U, Gray, INTER_LINEAR, BORDER_REFLECT)
[ PERFSTAT ]    (samples=13   mean=0.04   median=0.04   min=0.04   stddev=0.00 (1.5%))
[       OK ] Sz_Depth_Cn_Inter_Border_WarpPerspective.WarpPerspective/188 (4 ms)
[ RUN      ] Sz_Depth_Cn_Inter_Border_WarpPerspective.WarpPerspective/189, where GetParam() = (1280x1024, CV_16U, Gray, INTER_LINEAR, BORDER_WRAP)
[ PERFSTAT ]    (samples=13   mean=0.04   median=0.04   min=0.04   stddev=0.00 (1.0%))
[       OK ] Sz_Depth_Cn_Inter_Border_WarpPerspective.WarpPerspective/189 (3 ms)
[ RUN      ] Sz_Depth_Cn_Inter_Border_WarpPerspective.WarpPerspective/190, where GetParam() = (1280x1024, CV_16U, Gray, INTER_CUBIC, BORDER_REFLECT101)
[ PERFSTAT ]    (samples=13   mean=0.14   median=0.14   min=0.14   stddev=0.00 (0.5%))
[       OK ] Sz_Depth_Cn_Inter_Border_WarpPerspective.WarpPerspective/190 (5 ms)
[ RUN      ] Sz_Depth_Cn_Inter_Border_WarpPerspective.WarpPerspective/191, where GetParam() = (1280x1024, CV_16U, Gray, INTER_CUBIC, BORDER_REPLICATE)
[ PERFSTAT ]    (samples=13   mean=0.10   median=0.10   min=0.10   stddev=0.00 (0.4%))
[       OK ] Sz_Depth_Cn_Inter_Border_WarpPerspective.WarpPerspective/191 (5 ms)
[ RUN      ] Sz_Depth_Cn_Inter_Border_WarpPerspective.WarpPerspective/192, where GetParam() = (1280x1024, CV_16U, Gray, INTER_CUBIC, BORDER_CONSTANT)
[ PERFSTAT ]    (samples=13   mean=0.07   median=0.07   min=0.07   stddev=0.00 (0.7%))
[       OK ] Sz_Depth_Cn_Inter_Border_WarpPerspective.WarpPerspective/192 (4 ms)
[ RUN      ] Sz_Depth_Cn_Inter_Border_WarpPerspective.WarpPerspective/193, where GetParam() = (1280x1024, CV_16U, Gray, INTER_CUBIC, BORDER_REFLECT)
[ PERFSTAT ]    (samples=13   mean=0.16   median=0.16   min=0.16   stddev=0.00 (0.6%))
[       OK ] Sz_Depth_Cn_Inter_Border_WarpPerspective.WarpPerspective/193 (5 ms)
[ RUN      ] Sz_Depth_Cn_Inter_Border_WarpPerspective.WarpPerspective/194, where GetParam() = (1280x1024, CV_16U, Gray, INTER_CUBIC, BORDER_WRAP)
[ PERFSTAT ]    (samples=13   mean=0.13   median=0.13   min=0.13   stddev=0.00 (0.5%))
[       OK ] Sz_Depth_Cn_Inter_Border_WarpPerspective.WarpPerspective/194 (5 ms)
[ RUN      ] Sz_Depth_Cn_Inter_Border_WarpPerspective.WarpPerspective/195, where GetParam() = (1280x1024, CV_16U, BGR, INTER_NEAREST, BORDER_REFLECT101)
[ PERFSTAT ]    (samples=13   mean=0.04   median=0.04   min=0.04   stddev=0.00 (1.0%))
[       OK ] Sz_Depth_Cn_Inter_Border_WarpPerspective.WarpPerspective/195 (8 ms)
[ RUN      ] Sz_Depth_Cn_Inter_Border_WarpPerspective.WarpPerspective/196, where GetParam() = (1280x1024, CV_16U, BGR, INTER_NEAREST, BORDER_REPLICATE)
[ PERFSTAT ]    (samples=14   mean=0.03   median=0.03   min=0.03   stddev=0.00 (3.0%))
[       OK ] Sz_Depth_Cn_Inter_Border_WarpPerspective.WarpPerspective/196 (9 ms)
[ RUN      ] Sz_Depth_Cn_Inter_Border_WarpPerspective.WarpPerspective/197, where GetParam() = (1280x1024, CV_16U, BGR, INTER_NEAREST, BORDER_CONSTANT)
[ PERFSTAT ]    (samples=13   mean=0.03   median=0.03   min=0.03   stddev=0.00 (1.2%))
[       OK ] Sz_Depth_Cn_Inter_Border_WarpPerspective.WarpPerspective/197 (9 ms)
[ RUN      ] Sz_Depth_Cn_Inter_Border_WarpPerspective.WarpPerspective/198, where GetParam() = (1280x1024, CV_16U, BGR, INTER_NEAREST, BORDER_REFLECT)
[ PERFSTAT ]    (samples=13   mean=0.04   median=0.04   min=0.04   stddev=0.00 (1.3%))
[       OK ] Sz_Depth_Cn_Inter_Border_WarpPerspective.WarpPerspective/198 (8 ms)
[ RUN      ] Sz_Depth_Cn_Inter_Border_WarpPerspective.WarpPerspective/199, where GetParam() = (1280x1024, CV_16U, BGR, INTER_NEAREST, BORDER_WRAP)
[ PERFSTAT ]    (samples=13   mean=0.04   median=0.04   min=0.04   stddev=0.00 (0.6%))
[       OK ] Sz_Depth_Cn_Inter_Border_WarpPerspective.WarpPerspective/199 (8 ms)
[ RUN      ] Sz_Depth_Cn_Inter_Border_WarpPerspective.WarpPerspective/200, where GetParam() = (1280x1024, CV_16U, BGR, INTER_LINEAR, BORDER_REFLECT101)
[ PERFSTAT ]    (samples=13   mean=0.07   median=0.07   min=0.07   stddev=0.00 (0.8%))
[       OK ] Sz_Depth_Cn_Inter_Border_WarpPerspective.WarpPerspective/200 (9 ms)
[ RUN      ] Sz_Depth_Cn_Inter_Border_WarpPerspective.WarpPerspective/201, where GetParam() = (1280x1024, CV_16U, BGR, INTER_LINEAR, BORDER_REPLICATE)
[ PERFSTAT ]    (samples=13   mean=0.07   median=0.07   min=0.07   stddev=0.00 (0.8%))
[       OK ] Sz_Depth_Cn_Inter_Border_WarpPerspective.WarpPerspective/201 (9 ms)
[ RUN      ] Sz_Depth_Cn_Inter_Border_WarpPerspective.WarpPerspective/202, where GetParam() = (1280x1024, CV_16U, BGR, INTER_LINEAR, BORDER_CONSTANT)
[ PERFSTAT ]    (samples=13   mean=0.06   median=0.06   min=0.06   stddev=0.00 (0.8%))
[       OK ] Sz_Depth_Cn_Inter_Border_WarpPerspective.WarpPerspective/202 (10 ms)
[ RUN      ] Sz_Depth_Cn_Inter_Border_WarpPerspective.WarpPerspective/203, where GetParam() = (1280x1024, CV_16U, BGR, INTER_LINEAR, BORDER_REFLECT)
[ PERFSTAT ]    (samples=13   mean=0.07   median=0.07   min=0.07   stddev=0.00 (1.0%))
[       OK ] Sz_Depth_Cn_Inter_Border_WarpPerspective.WarpPerspective/203 (9 ms)
[ RUN      ] Sz_Depth_Cn_Inter_Border_WarpPerspective.WarpPerspective/204, where GetParam() = (1280x1024, CV_16U, BGR, INTER_LINEAR, BORDER_WRAP)
[ PERFSTAT ]    (samples=13   mean=0.07   median=0.07   min=0.07   stddev=0.00 (0.6%))
[       OK ] Sz_Depth_Cn_Inter_Border_WarpPerspective.WarpPerspective/204 (9 ms)
[ RUN      ] Sz_Depth_Cn_Inter_Border_WarpPerspective.WarpPerspective/205, where GetParam() = (1280x1024, CV_16U, BGR, INTER_CUBIC, BORDER_REFLECT101)
[ PERFSTAT ]    (samples=13   mean=0.21   median=0.21   min=0.21   stddev=0.00 (0.6%))
[       OK ] Sz_Depth_Cn_Inter_Border_WarpPerspective.WarpPerspective/205 (11 ms)
[ RUN      ] Sz_Depth_Cn_Inter_Border_WarpPerspective.WarpPerspective/206, where GetParam() = (1280x1024, CV_16U, BGR, INTER_CUBIC, BORDER_REPLICATE)
[ PERFSTAT ]    (samples=13   mean=0.21   median=0.21   min=0.21   stddev=0.00 (0.6%))
[       OK ] Sz_Depth_Cn_Inter_Border_WarpPerspective.WarpPerspective/206 (11 ms)
[ RUN      ] Sz_Depth_Cn_Inter_Border_WarpPerspective.WarpPerspective/207, where GetParam() = (1280x1024, CV_16U, BGR, INTER_CUBIC, BORDER_CONSTANT)
[ PERFSTAT ]    (samples=13   mean=0.16   median=0.16   min=0.15   stddev=0.00 (0.7%))
[       OK ] Sz_Depth_Cn_Inter_Border_WarpPerspective.WarpPerspective/207 (9 ms)
[ RUN      ] Sz_Depth_Cn_Inter_Border_WarpPerspective.WarpPerspective/208, where GetParam() = (1280x1024, CV_16U, BGR, INTER_CUBIC, BORDER_REFLECT)
[ PERFSTAT ]    (samples=25   mean=0.21   median=0.21   min=0.21   stddev=0.00 (0.4%))
[       OK ] Sz_Depth_Cn_Inter_Border_WarpPerspective.WarpPerspective/208 (14 ms)
[ RUN      ] Sz_Depth_Cn_Inter_Border_WarpPerspective.WarpPerspective/209, where GetParam() = (1280x1024, CV_16U, BGR, INTER_CUBIC, BORDER_WRAP)
[ PERFSTAT ]    (samples=13   mean=0.21   median=0.21   min=0.21   stddev=0.00 (0.5%))
[       OK ] Sz_Depth_Cn_Inter_Border_WarpPerspective.WarpPerspective/209 (10 ms)
[ RUN      ] Sz_Depth_Cn_Inter_Border_WarpPerspective.WarpPerspective/210, where GetParam() = (1280x1024, CV_16U, BGRA, INTER_NEAREST, BORDER_REFLECT101)
[ PERFSTAT ]    (samples=13   mean=0.03   median=0.03   min=0.03   stddev=0.00 (1.7%))
[       OK ] Sz_Depth_Cn_Inter_Border_WarpPerspective.WarpPerspective/210 (11 ms)
[ RUN      ] Sz_Depth_Cn_Inter_Border_WarpPerspective.WarpPerspective/211, where GetParam() = (1280x1024, CV_16U, BGRA, INTER_NEAREST, BORDER_REPLICATE)
[ PERFSTAT ]    (samples=13   mean=0.03   median=0.03   min=0.03   stddev=0.00 (1.5%))
[       OK ] Sz_Depth_Cn_Inter_Border_WarpPerspective.WarpPerspective/211 (10 ms)
[ RUN      ] Sz_Depth_Cn_Inter_Border_WarpPerspective.WarpPerspective/212, where GetParam() = (1280x1024, CV_16U, BGRA, INTER_NEAREST, BORDER_CONSTANT)
[ PERFSTAT ]    (samples=13   mean=0.03   median=0.03   min=0.03   stddev=0.00 (2.2%))
[       OK ] Sz_Depth_Cn_Inter_Border_WarpPerspective.WarpPerspective/212 (11 ms)
[ RUN      ] Sz_Depth_Cn_Inter_Border_WarpPerspective.WarpPerspective/213, where GetParam() = (1280x1024, CV_16U, BGRA, INTER_NEAREST, BORDER_REFLECT)
[ PERFSTAT ]    (samples=13   mean=0.04   median=0.04   min=0.03   stddev=0.00 (2.3%))
[       OK ] Sz_Depth_Cn_Inter_Border_WarpPerspective.WarpPerspective/213 (10 ms)
[ RUN      ] Sz_Depth_Cn_Inter_Border_WarpPerspective.WarpPerspective/214, where GetParam() = (1280x1024, CV_16U, BGRA, INTER_NEAREST, BORDER_WRAP)
[ PERFSTAT ]    (samples=24   mean=0.03   median=0.03   min=0.03   stddev=0.00 (3.0%))
[       OK ] Sz_Depth_Cn_Inter_Border_WarpPerspective.WarpPerspective/214 (11 ms)
[ RUN      ] Sz_Depth_Cn_Inter_Border_WarpPerspective.WarpPerspective/215, where GetParam() = (1280x1024, CV_16U, BGRA, INTER_LINEAR, BORDER_REFLECT101)
[ PERFSTAT ]    (samples=13   mean=0.05   median=0.05   min=0.05   stddev=0.00 (1.7%))
[       OK ] Sz_Depth_Cn_Inter_Border_WarpPerspective.WarpPerspective/215 (12 ms)
[ RUN      ] Sz_Depth_Cn_Inter_Border_WarpPerspective.WarpPerspective/216, where GetParam() = (1280x1024, CV_16U, BGRA, INTER_LINEAR, BORDER_REPLICATE)
[ PERFSTAT ]    (samples=13   mean=0.04   median=0.04   min=0.04   stddev=0.00 (2.0%))
[       OK ] Sz_Depth_Cn_Inter_Border_WarpPerspective.WarpPerspective/216 (11 ms)
[ RUN      ] Sz_Depth_Cn_Inter_Border_WarpPerspective.WarpPerspective/217, where GetParam() = (1280x1024, CV_16U, BGRA, INTER_LINEAR, BORDER_CONSTANT)
[ PERFSTAT ]    (samples=13   mean=0.04   median=0.04   min=0.04   stddev=0.00 (2.9%))
[       OK ] Sz_Depth_Cn_Inter_Border_WarpPerspective.WarpPerspective/217 (12 ms)
[ RUN      ] Sz_Depth_Cn_Inter_Border_WarpPerspective.WarpPerspective/218, where GetParam() = (1280x1024, CV_16U, BGRA, INTER_LINEAR, BORDER_REFLECT)
[ PERFSTAT ]    (samples=13   mean=0.05   median=0.05   min=0.05   stddev=0.00 (2.3%))
[       OK ] Sz_Depth_Cn_Inter_Border_WarpPerspective.WarpPerspective/218 (12 ms)
[ RUN      ] Sz_Depth_Cn_Inter_Border_WarpPerspective.WarpPerspective/219, where GetParam() = (1280x1024, CV_16U, BGRA, INTER_LINEAR, BORDER_WRAP)
[ PERFSTAT ]    (samples=13   mean=0.05   median=0.05   min=0.05   stddev=0.00 (1.7%))
[       OK ] Sz_Depth_Cn_Inter_Border_WarpPerspective.WarpPerspective/219 (11 ms)
[ RUN      ] Sz_Depth_Cn_Inter_Border_WarpPerspective.WarpPerspective/220, where GetParam() = (1280x1024, CV_16U, BGRA, INTER_CUBIC, BORDER_REFLECT101)
[ PERFSTAT ]    (samples=13   mean=0.17   median=0.17   min=0.17   stddev=0.00 (0.8%))
[       OK ] Sz_Depth_Cn_Inter_Border_WarpPerspective.WarpPerspective/220 (13 ms)
[ RUN      ] Sz_Depth_Cn_Inter_Border_WarpPerspective.WarpPerspective/221, where GetParam() = (1280x1024, CV_16U, BGRA, INTER_CUBIC, BORDER_REPLICATE)
[ PERFSTAT ]    (samples=13   mean=0.14   median=0.14   min=0.14   stddev=0.00 (0.7%))
[       OK ] Sz_Depth_Cn_Inter_Border_WarpPerspective.WarpPerspective/221 (12 ms)
[ RUN      ] Sz_Depth_Cn_Inter_Border_WarpPerspective.WarpPerspective/222, where GetParam() = (1280x1024, CV_16U, BGRA, INTER_CUBIC, BORDER_CONSTANT)
[ PERFSTAT ]    (samples=13   mean=0.11   median=0.11   min=0.11   stddev=0.00 (0.6%))
[       OK ] Sz_Depth_Cn_Inter_Border_WarpPerspective.WarpPerspective/222 (11 ms)
[ RUN      ] Sz_Depth_Cn_Inter_Border_WarpPerspective.WarpPerspective/223, where GetParam() = (1280x1024, CV_16U, BGRA, INTER_CUBIC, BORDER_REFLECT)
[ PERFSTAT ]    (samples=13   mean=0.19   median=0.19   min=0.19   stddev=0.00 (0.6%))
[       OK ] Sz_Depth_Cn_Inter_Border_WarpPerspective.WarpPerspective/223 (13 ms)
[ RUN      ] Sz_Depth_Cn_Inter_Border_WarpPerspective.WarpPerspective/224, where GetParam() = (1280x1024, CV_16U, BGRA, INTER_CUBIC, BORDER_WRAP)
[ PERFSTAT ]    (samples=13   mean=0.17   median=0.17   min=0.17   stddev=0.00 (0.6%))
[       OK ] Sz_Depth_Cn_Inter_Border_WarpPerspective.WarpPerspective/224 (12 ms)
[ RUN      ] Sz_Depth_Cn_Inter_Border_WarpPerspective.WarpPerspective/225, where GetParam() = (1280x1024, CV_32F, Gray, INTER_NEAREST, BORDER_REFLECT101)
[ PERFSTAT ]    (samples=13   mean=0.03   median=0.03   min=0.03   stddev=0.00 (1.7%))
[       OK ] Sz_Depth_Cn_Inter_Border_WarpPerspective.WarpPerspective/225 (4 ms)
[ RUN      ] Sz_Depth_Cn_Inter_Border_WarpPerspective.WarpPerspective/226, where GetParam() = (1280x1024, CV_32F, Gray, INTER_NEAREST, BORDER_REPLICATE)
[ PERFSTAT ]    (samples=13   mean=0.02   median=0.02   min=0.02   stddev=0.00 (2.0%))
[       OK ] Sz_Depth_Cn_Inter_Border_WarpPerspective.WarpPerspective/226 (5 ms)
[ RUN      ] Sz_Depth_Cn_Inter_Border_WarpPerspective.WarpPerspective/227, where GetParam() = (1280x1024, CV_32F, Gray, INTER_NEAREST, BORDER_CONSTANT)
[ PERFSTAT ]    (samples=13   mean=0.02   median=0.02   min=0.02   stddev=0.00 (1.6%))
[       OK ] Sz_Depth_Cn_Inter_Border_WarpPerspective.WarpPerspective/227 (4 ms)
[ RUN      ] Sz_Depth_Cn_Inter_Border_WarpPerspective.WarpPerspective/228, where GetParam() = (1280x1024, CV_32F, Gray, INTER_NEAREST, BORDER_REFLECT)
[ PERFSTAT ]    (samples=25   mean=0.03   median=0.03   min=0.03   stddev=0.00 (1.4%))
[       OK ] Sz_Depth_Cn_Inter_Border_WarpPerspective.WarpPerspective/228 (4 ms)
[ RUN      ] Sz_Depth_Cn_Inter_Border_WarpPerspective.WarpPerspective/229, where GetParam() = (1280x1024, CV_32F, Gray, INTER_NEAREST, BORDER_WRAP)
[ PERFSTAT ]    (samples=13   mean=0.02   median=0.02   min=0.02   stddev=0.00 (1.5%))
[       OK ] Sz_Depth_Cn_Inter_Border_WarpPerspective.WarpPerspective/229 (4 ms)
[ RUN      ] Sz_Depth_Cn_Inter_Border_WarpPerspective.WarpPerspective/230, where GetParam() = (1280x1024, CV_32F, Gray, INTER_LINEAR, BORDER_REFLECT101)
[ PERFSTAT ]    (samples=13   mean=0.04   median=0.04   min=0.04   stddev=0.00 (0.5%))
[       OK ] Sz_Depth_Cn_Inter_Border_WarpPerspective.WarpPerspective/230 (5 ms)
[ RUN      ] Sz_Depth_Cn_Inter_Border_WarpPerspective.WarpPerspective/231, where GetParam() = (1280x1024, CV_32F, Gray, INTER_LINEAR, BORDER_REPLICATE)
[ PERFSTAT ]    (samples=13   mean=0.03   median=0.03   min=0.03   stddev=0.00 (2.1%))
[       OK ] Sz_Depth_Cn_Inter_Border_WarpPerspective.WarpPerspective/231 (4 ms)
[ RUN      ] Sz_Depth_Cn_Inter_Border_WarpPerspective.WarpPerspective/232, where GetParam() = (1280x1024, CV_32F, Gray, INTER_LINEAR, BORDER_CONSTANT)
[ PERFSTAT ]    (samples=13   mean=0.03   median=0.03   min=0.03   stddev=0.00 (1.7%))
[       OK ] Sz_Depth_Cn_Inter_Border_WarpPerspective.WarpPerspective/232 (4 ms)
[ RUN      ] Sz_Depth_Cn_Inter_Border_WarpPerspective.WarpPerspective/233, where GetParam() = (1280x1024, CV_32F, Gray, INTER_LINEAR, BORDER_REFLECT)
[ PERFSTAT ]    (samples=13   mean=0.04   median=0.04   min=0.04   stddev=0.00 (1.2%))
[       OK ] Sz_Depth_Cn_Inter_Border_WarpPerspective.WarpPerspective/233 (4 ms)
[ RUN      ] Sz_Depth_Cn_Inter_Border_WarpPerspective.WarpPerspective/234, where GetParam() = (1280x1024, CV_32F, Gray, INTER_LINEAR, BORDER_WRAP)
[ PERFSTAT ]    (samples=13   mean=0.04   median=0.04   min=0.04   stddev=0.00 (1.0%))
[       OK ] Sz_Depth_Cn_Inter_Border_WarpPerspective.WarpPerspective/234 (4 ms)
[ RUN      ] Sz_Depth_Cn_Inter_Border_WarpPerspective.WarpPerspective/235, where GetParam() = (1280x1024, CV_32F, Gray, INTER_CUBIC, BORDER_REFLECT101)
[ PERFSTAT ]    (samples=13   mean=0.13   median=0.13   min=0.13   stddev=0.00 (0.4%))
[       OK ] Sz_Depth_Cn_Inter_Border_WarpPerspective.WarpPerspective/235 (6 ms)
[ RUN      ] Sz_Depth_Cn_Inter_Border_WarpPerspective.WarpPerspective/236, where GetParam() = (1280x1024, CV_32F, Gray, INTER_CUBIC, BORDER_REPLICATE)
[ PERFSTAT ]    (samples=13   mean=0.09   median=0.09   min=0.09   stddev=0.00 (0.8%))
[       OK ] Sz_Depth_Cn_Inter_Border_WarpPerspective.WarpPerspective/236 (5 ms)
[ RUN      ] Sz_Depth_Cn_Inter_Border_WarpPerspective.WarpPerspective/237, where GetParam() = (1280x1024, CV_32F, Gray, INTER_CUBIC, BORDER_CONSTANT)
[ PERFSTAT ]    (samples=13   mean=0.08   median=0.08   min=0.08   stddev=0.00 (1.7%))
[       OK ] Sz_Depth_Cn_Inter_Border_WarpPerspective.WarpPerspective/237 (5 ms)
[ RUN      ] Sz_Depth_Cn_Inter_Border_WarpPerspective.WarpPerspective/238, where GetParam() = (1280x1024, CV_32F, Gray, INTER_CUBIC, BORDER_REFLECT)
[ PERFSTAT ]    (samples=13   mean=0.15   median=0.15   min=0.15   stddev=0.00 (0.4%))
[       OK ] Sz_Depth_Cn_Inter_Border_WarpPerspective.WarpPerspective/238 (6 ms)
[ RUN      ] Sz_Depth_Cn_Inter_Border_WarpPerspective.WarpPerspective/239, where GetParam() = (1280x1024, CV_32F, Gray, INTER_CUBIC, BORDER_WRAP)
[ PERFSTAT ]    (samples=13   mean=0.12   median=0.12   min=0.12   stddev=0.00 (2.8%))
[       OK ] Sz_Depth_Cn_Inter_Border_WarpPerspective.WarpPerspective/239 (5 ms)
[ RUN      ] Sz_Depth_Cn_Inter_Border_WarpPerspective.WarpPerspective/240, where GetParam() = (1280x1024, CV_32F, BGR, INTER_NEAREST, BORDER_REFLECT101)
[ PERFSTAT ]    (samples=13   mean=0.04   median=0.04   min=0.04   stddev=0.00 (1.0%))
[       OK ] Sz_Depth_Cn_Inter_Border_WarpPerspective.WarpPerspective/240 (12 ms)
[ RUN      ] Sz_Depth_Cn_Inter_Border_WarpPerspective.WarpPerspective/241, where GetParam() = (1280x1024, CV_32F, BGR, INTER_NEAREST, BORDER_REPLICATE)
[ PERFSTAT ]    (samples=13   mean=0.04   median=0.04   min=0.04   stddev=0.00 (0.8%))
[       OK ] Sz_Depth_Cn_Inter_Border_WarpPerspective.WarpPerspective/241 (12 ms)
[ RUN      ] Sz_Depth_Cn_Inter_Border_WarpPerspective.WarpPerspective/242, where GetParam() = (1280x1024, CV_32F, BGR, INTER_NEAREST, BORDER_CONSTANT)
[ PERFSTAT ]    (samples=25   mean=0.03   median=0.03   min=0.03   stddev=0.00 (1.2%))
[       OK ] Sz_Depth_Cn_Inter_Border_WarpPerspective.WarpPerspective/242 (12 ms)
[ RUN      ] Sz_Depth_Cn_Inter_Border_WarpPerspective.WarpPerspective/243, where GetParam() = (1280x1024, CV_32F, BGR, INTER_NEAREST, BORDER_REFLECT)
[ PERFSTAT ]    (samples=13   mean=0.04   median=0.04   min=0.04   stddev=0.00 (1.3%))
[       OK ] Sz_Depth_Cn_Inter_Border_WarpPerspective.WarpPerspective/243 (11 ms)
[ RUN      ] Sz_Depth_Cn_Inter_Border_WarpPerspective.WarpPerspective/244, where GetParam() = (1280x1024, CV_32F, BGR, INTER_NEAREST, BORDER_WRAP)
[ PERFSTAT ]    (samples=13   mean=0.04   median=0.04   min=0.04   stddev=0.00 (0.7%))
[       OK ] Sz_Depth_Cn_Inter_Border_WarpPerspective.WarpPerspective/244 (12 ms)
[ RUN      ] Sz_Depth_Cn_Inter_Border_WarpPerspective.WarpPerspective/245, where GetParam() = (1280x1024, CV_32F, BGR, INTER_LINEAR, BORDER_REFLECT101)
[ PERFSTAT ]    (samples=13   mean=0.06   median=0.06   min=0.06   stddev=0.00 (1.2%))
[       OK ] Sz_Depth_Cn_Inter_Border_WarpPerspective.WarpPerspective/245 (12 ms)
[ RUN      ] Sz_Depth_Cn_Inter_Border_WarpPerspective.WarpPerspective/246, where GetParam() = (1280x1024, CV_32F, BGR, INTER_LINEAR, BORDER_REPLICATE)
[ PERFSTAT ]    (samples=13   mean=0.06   median=0.06   min=0.06   stddev=0.00 (0.8%))
[       OK ] Sz_Depth_Cn_Inter_Border_WarpPerspective.WarpPerspective/246 (12 ms)
[ RUN      ] Sz_Depth_Cn_Inter_Border_WarpPerspective.WarpPerspective/247, where GetParam() = (1280x1024, CV_32F, BGR, INTER_LINEAR, BORDER_CONSTANT)
[ PERFSTAT ]    (samples=13   mean=0.05   median=0.05   min=0.05   stddev=0.00 (0.8%))
[       OK ] Sz_Depth_Cn_Inter_Border_WarpPerspective.WarpPerspective/247 (11 ms)
[ RUN      ] Sz_Depth_Cn_Inter_Border_WarpPerspective.WarpPerspective/248, where GetParam() = (1280x1024, CV_32F, BGR, INTER_LINEAR, BORDER_REFLECT)
[ PERFSTAT ]    (samples=13   mean=0.06   median=0.06   min=0.06   stddev=0.00 (0.7%))
[       OK ] Sz_Depth_Cn_Inter_Border_WarpPerspective.WarpPerspective/248 (12 ms)
[ RUN      ] Sz_Depth_Cn_Inter_Border_WarpPerspective.WarpPerspective/249, where GetParam() = (1280x1024, CV_32F, BGR, INTER_LINEAR, BORDER_WRAP)
[ PERFSTAT ]    (samples=13   mean=0.06   median=0.06   min=0.06   stddev=0.00 (1.1%))
[       OK ] Sz_Depth_Cn_Inter_Border_WarpPerspective.WarpPerspective/249 (12 ms)
[ RUN      ] Sz_Depth_Cn_Inter_Border_WarpPerspective.WarpPerspective/250, where GetParam() = (1280x1024, CV_32F, BGR, INTER_CUBIC, BORDER_REFLECT101)
[ PERFSTAT ]    (samples=13   mean=0.18   median=0.18   min=0.18   stddev=0.00 (0.4%))
[       OK ] Sz_Depth_Cn_Inter_Border_WarpPerspective.WarpPerspective/250 (14 ms)
[ RUN      ] Sz_Depth_Cn_Inter_Border_WarpPerspective.WarpPerspective/251, where GetParam() = (1280x1024, CV_32F, BGR, INTER_CUBIC, BORDER_REPLICATE)
[ PERFSTAT ]    (samples=13   mean=0.19   median=0.19   min=0.19   stddev=0.00 (0.7%))
[       OK ] Sz_Depth_Cn_Inter_Border_WarpPerspective.WarpPerspective/251 (13 ms)
[ RUN      ] Sz_Depth_Cn_Inter_Border_WarpPerspective.WarpPerspective/252, where GetParam() = (1280x1024, CV_32F, BGR, INTER_CUBIC, BORDER_CONSTANT)
[ PERFSTAT ]    (samples=13   mean=0.15   median=0.15   min=0.15   stddev=0.00 (0.6%))
[       OK ] Sz_Depth_Cn_Inter_Border_WarpPerspective.WarpPerspective/252 (14 ms)
[ RUN      ] Sz_Depth_Cn_Inter_Border_WarpPerspective.WarpPerspective/253, where GetParam() = (1280x1024, CV_32F, BGR, INTER_CUBIC, BORDER_REFLECT)
[ PERFSTAT ]    (samples=13   mean=0.18   median=0.18   min=0.18   stddev=0.00 (0.6%))
[       OK ] Sz_Depth_Cn_Inter_Border_WarpPerspective.WarpPerspective/253 (13 ms)
[ RUN      ] Sz_Depth_Cn_Inter_Border_WarpPerspective.WarpPerspective/254, where GetParam() = (1280x1024, CV_32F, BGR, INTER_CUBIC, BORDER_WRAP)
[ PERFSTAT ]    (samples=13   mean=0.18   median=0.18   min=0.18   stddev=0.00 (0.5%))
[       OK ] Sz_Depth_Cn_Inter_Border_WarpPerspective.WarpPerspective/254 (14 ms)
[ RUN      ] Sz_Depth_Cn_Inter_Border_WarpPerspective.WarpPerspective/255, where GetParam() = (1280x1024, CV_32F, BGRA, INTER_NEAREST, BORDER_REFLECT101)
[ PERFSTAT ]    (samples=13   mean=0.04   median=0.04   min=0.04   stddev=0.00 (2.1%))
[       OK ] Sz_Depth_Cn_Inter_Border_WarpPerspective.WarpPerspective/255 (16 ms)
[ RUN      ] Sz_Depth_Cn_Inter_Border_WarpPerspective.WarpPerspective/256, where GetParam() = (1280x1024, CV_32F, BGRA, INTER_NEAREST, BORDER_REPLICATE)
[ PERFSTAT ]    (samples=13   mean=0.04   median=0.04   min=0.04   stddev=0.00 (2.7%))
[       OK ] Sz_Depth_Cn_Inter_Border_WarpPerspective.WarpPerspective/256 (15 ms)
[ RUN      ] Sz_Depth_Cn_Inter_Border_WarpPerspective.WarpPerspective/257, where GetParam() = (1280x1024, CV_32F, BGRA, INTER_NEAREST, BORDER_CONSTANT)
[ PERFSTAT ]    (samples=13   mean=0.04   median=0.04   min=0.04   stddev=0.00 (2.4%))
[       OK ] Sz_Depth_Cn_Inter_Border_WarpPerspective.WarpPerspective/257 (16 ms)
[ RUN      ] Sz_Depth_Cn_Inter_Border_WarpPerspective.WarpPerspective/258, where GetParam() = (1280x1024, CV_32F, BGRA, INTER_NEAREST, BORDER_REFLECT)
[ PERFSTAT ]    (samples=13   mean=0.04   median=0.04   min=0.04   stddev=0.00 (2.1%))
[       OK ] Sz_Depth_Cn_Inter_Border_WarpPerspective.WarpPerspective/258 (15 ms)
[ RUN      ] Sz_Depth_Cn_Inter_Border_WarpPerspective.WarpPerspective/259, where GetParam() = (1280x1024, CV_32F, BGRA, INTER_NEAREST, BORDER_WRAP)
[ PERFSTAT ]    (samples=13   mean=0.05   median=0.05   min=0.05   stddev=0.00 (2.8%))
[       OK ] Sz_Depth_Cn_Inter_Border_WarpPerspective.WarpPerspective/259 (15 ms)
[ RUN      ] Sz_Depth_Cn_Inter_Border_WarpPerspective.WarpPerspective/260, where GetParam() = (1280x1024, CV_32F, BGRA, INTER_LINEAR, BORDER_REFLECT101)
[ PERFSTAT ]    (samples=13   mean=0.05   median=0.05   min=0.05   stddev=0.00 (1.4%))
[       OK ] Sz_Depth_Cn_Inter_Border_WarpPerspective.WarpPerspective/260 (16 ms)
[ RUN      ] Sz_Depth_Cn_Inter_Border_WarpPerspective.WarpPerspective/261, where GetParam() = (1280x1024, CV_32F, BGRA, INTER_LINEAR, BORDER_REPLICATE)
[ PERFSTAT ]    (samples=13   mean=0.05   median=0.05   min=0.05   stddev=0.00 (2.3%))
[       OK ] Sz_Depth_Cn_Inter_Border_WarpPerspective.WarpPerspective/261 (15 ms)
[ RUN      ] Sz_Depth_Cn_Inter_Border_WarpPerspective.WarpPerspective/262, where GetParam() = (1280x1024, CV_32F, BGRA, INTER_LINEAR, BORDER_CONSTANT)
[ PERFSTAT ]    (samples=13   mean=0.05   median=0.05   min=0.05   stddev=0.00 (2.2%))
[       OK ] Sz_Depth_Cn_Inter_Border_WarpPerspective.WarpPerspective/262 (15 ms)
[ RUN      ] Sz_Depth_Cn_Inter_Border_WarpPerspective.WarpPerspective/263, where GetParam() = (1280x1024, CV_32F, BGRA, INTER_LINEAR, BORDER_REFLECT)
[ PERFSTAT ]    (samples=13   mean=0.05   median=0.05   min=0.05   stddev=0.00 (2.1%))
[       OK ] Sz_Depth_Cn_Inter_Border_WarpPerspective.WarpPerspective/263 (16 ms)
[ RUN      ] Sz_Depth_Cn_Inter_Border_WarpPerspective.WarpPerspective/264, where GetParam() = (1280x1024, CV_32F, BGRA, INTER_LINEAR, BORDER_WRAP)
[ PERFSTAT ]    (samples=13   mean=0.05   median=0.05   min=0.05   stddev=0.00 (1.5%))
[       OK ] Sz_Depth_Cn_Inter_Border_WarpPerspective.WarpPerspective/264 (15 ms)
[ RUN      ] Sz_Depth_Cn_Inter_Border_WarpPerspective.WarpPerspective/265, where GetParam() = (1280x1024, CV_32F, BGRA, INTER_CUBIC, BORDER_REFLECT101)
[ PERFSTAT ]    (samples=13   mean=0.16   median=0.15   min=0.15   stddev=0.00 (0.5%))
[       OK ] Sz_Depth_Cn_Inter_Border_WarpPerspective.WarpPerspective/265 (17 ms)
[ RUN      ] Sz_Depth_Cn_Inter_Border_WarpPerspective.WarpPerspective/266, where GetParam() = (1280x1024, CV_32F, BGRA, INTER_CUBIC, BORDER_REPLICATE)
[ PERFSTAT ]    (samples=13   mean=0.13   median=0.13   min=0.13   stddev=0.00 (0.7%))
[       OK ] Sz_Depth_Cn_Inter_Border_WarpPerspective.WarpPerspective/266 (16 ms)
[ RUN      ] Sz_Depth_Cn_Inter_Border_WarpPerspective.WarpPerspective/267, where GetParam() = (1280x1024, CV_32F, BGRA, INTER_CUBIC, BORDER_CONSTANT)
[ PERFSTAT ]    (samples=13   mean=0.12   median=0.12   min=0.12   stddev=0.00 (0.7%))
[       OK ] Sz_Depth_Cn_Inter_Border_WarpPerspective.WarpPerspective/267 (16 ms)
[ RUN      ] Sz_Depth_Cn_Inter_Border_WarpPerspective.WarpPerspective/268, where GetParam() = (1280x1024, CV_32F, BGRA, INTER_CUBIC, BORDER_REFLECT)
[ PERFSTAT ]    (samples=13   mean=0.17   median=0.17   min=0.16   stddev=0.00 (0.5%))
[       OK ] Sz_Depth_Cn_Inter_Border_WarpPerspective.WarpPerspective/268 (17 ms)
[ RUN      ] Sz_Depth_Cn_Inter_Border_WarpPerspective.WarpPerspective/269, where GetParam() = (1280x1024, CV_32F, BGRA, INTER_CUBIC, BORDER_WRAP)
[ PERFSTAT ]    (samples=13   mean=0.15   median=0.15   min=0.15   stddev=0.00 (0.6%))
[       OK ] Sz_Depth_Cn_Inter_Border_WarpPerspective.WarpPerspective/269 (17 ms)
[ RUN      ] Sz_Depth_Cn_Inter_Border_WarpPerspective.WarpPerspective/270, where GetParam() = (1920x1080, CV_8U, Gray, INTER_NEAREST, BORDER_REFLECT101)
[ PERFSTAT ]    (samples=17   mean=0.04   median=0.04   min=0.04   stddev=0.00 (3.0%))
[       OK ] Sz_Depth_Cn_Inter_Border_WarpPerspective.WarpPerspective/270 (4 ms)
[ RUN      ] Sz_Depth_Cn_Inter_Border_WarpPerspective.WarpPerspective/271, where GetParam() = (1920x1080, CV_8U, Gray, INTER_NEAREST, BORDER_REPLICATE)
[ PERFSTAT ]    (samples=13   mean=0.03   median=0.03   min=0.03   stddev=0.00 (1.1%))
[       OK ] Sz_Depth_Cn_Inter_Border_WarpPerspective.WarpPerspective/271 (3 ms)
[ RUN      ] Sz_Depth_Cn_Inter_Border_WarpPerspective.WarpPerspective/272, where GetParam() = (1920x1080, CV_8U, Gray, INTER_NEAREST, BORDER_CONSTANT)
[ PERFSTAT ]    (samples=13   mean=0.03   median=0.03   min=0.03   stddev=0.00 (1.7%))
[       OK ] Sz_Depth_Cn_Inter_Border_WarpPerspective.WarpPerspective/272 (3 ms)
[ RUN      ] Sz_Depth_Cn_Inter_Border_WarpPerspective.WarpPerspective/273, where GetParam() = (1920x1080, CV_8U, Gray, INTER_NEAREST, BORDER_REFLECT)
[ PERFSTAT ]    (samples=13   mean=0.04   median=0.04   min=0.04   stddev=0.00 (0.8%))
[       OK ] Sz_Depth_Cn_Inter_Border_WarpPerspective.WarpPerspective/273 (3 ms)
[ RUN      ] Sz_Depth_Cn_Inter_Border_WarpPerspective.WarpPerspective/274, where GetParam() = (1920x1080, CV_8U, Gray, INTER_NEAREST, BORDER_WRAP)
[ PERFSTAT ]    (samples=13   mean=0.03   median=0.03   min=0.03   stddev=0.00 (1.3%))
[       OK ] Sz_Depth_Cn_Inter_Border_WarpPerspective.WarpPerspective/274 (3 ms)
[ RUN      ] Sz_Depth_Cn_Inter_Border_WarpPerspective.WarpPerspective/275, where GetParam() = (1920x1080, CV_8U, Gray, INTER_LINEAR, BORDER_REFLECT101)
[ PERFSTAT ]    (samples=13   mean=0.05   median=0.05   min=0.05   stddev=0.00 (0.6%))
[       OK ] Sz_Depth_Cn_Inter_Border_WarpPerspective.WarpPerspective/275 (3 ms)
[ RUN      ] Sz_Depth_Cn_Inter_Border_WarpPerspective.WarpPerspective/276, where GetParam() = (1920x1080, CV_8U, Gray, INTER_LINEAR, BORDER_REPLICATE)
[ PERFSTAT ]    (samples=13   mean=0.04   median=0.04   min=0.04   stddev=0.00 (0.7%))
[       OK ] Sz_Depth_Cn_Inter_Border_WarpPerspective.WarpPerspective/276 (4 ms)
[ RUN      ] Sz_Depth_Cn_Inter_Border_WarpPerspective.WarpPerspective/277, where GetParam() = (1920x1080, CV_8U, Gray, INTER_LINEAR, BORDER_CONSTANT)
[ PERFSTAT ]    (samples=13   mean=0.03   median=0.03   min=0.03   stddev=0.00 (0.9%))
[       OK ] Sz_Depth_Cn_Inter_Border_WarpPerspective.WarpPerspective/277 (3 ms)
[ RUN      ] Sz_Depth_Cn_Inter_Border_WarpPerspective.WarpPerspective/278, where GetParam() = (1920x1080, CV_8U, Gray, INTER_LINEAR, BORDER_REFLECT)
[ PERFSTAT ]    (samples=13   mean=0.05   median=0.05   min=0.05   stddev=0.00 (0.7%))
[       OK ] Sz_Depth_Cn_Inter_Border_WarpPerspective.WarpPerspective/278 (3 ms)
[ RUN      ] Sz_Depth_Cn_Inter_Border_WarpPerspective.WarpPerspective/279, where GetParam() = (1920x1080, CV_8U, Gray, INTER_LINEAR, BORDER_WRAP)
[ PERFSTAT ]    (samples=13   mean=0.06   median=0.06   min=0.06   stddev=0.00 (0.4%))
[       OK ] Sz_Depth_Cn_Inter_Border_WarpPerspective.WarpPerspective/279 (4 ms)
[ RUN      ] Sz_Depth_Cn_Inter_Border_WarpPerspective.WarpPerspective/280, where GetParam() = (1920x1080, CV_8U, Gray, INTER_CUBIC, BORDER_REFLECT101)
[ PERFSTAT ]    (samples=13   mean=0.20   median=0.20   min=0.20   stddev=0.00 (0.3%))
[       OK ] Sz_Depth_Cn_Inter_Border_WarpPerspective.WarpPerspective/280 (5 ms)
[ RUN      ] Sz_Depth_Cn_Inter_Border_WarpPerspective.WarpPerspective/281, where GetParam() = (1920x1080, CV_8U, Gray, INTER_CUBIC, BORDER_REPLICATE)
[ PERFSTAT ]    (samples=13   mean=0.14   median=0.14   min=0.14   stddev=0.00 (0.3%))
[       OK ] Sz_Depth_Cn_Inter_Border_WarpPerspective.WarpPerspective/281 (4 ms)
[ RUN      ] Sz_Depth_Cn_Inter_Border_WarpPerspective.WarpPerspective/282, where GetParam() = (1920x1080, CV_8U, Gray, INTER_CUBIC, BORDER_CONSTANT)
[ PERFSTAT ]    (samples=13   mean=0.06   median=0.06   min=0.06   stddev=0.00 (1.3%))
[       OK ] Sz_Depth_Cn_Inter_Border_WarpPerspective.WarpPerspective/282 (4 ms)
[ RUN      ] Sz_Depth_Cn_Inter_Border_WarpPerspective.WarpPerspective/283, where GetParam() = (1920x1080, CV_8U, Gray, INTER_CUBIC, BORDER_REFLECT)
[ PERFSTAT ]    (samples=13   mean=0.24   median=0.24   min=0.24   stddev=0.00 (0.2%))
[       OK ] Sz_Depth_Cn_Inter_Border_WarpPerspective.WarpPerspective/283 (6 ms)
[ RUN      ] Sz_Depth_Cn_Inter_Border_WarpPerspective.WarpPerspective/284, where GetParam() = (1920x1080, CV_8U, Gray, INTER_CUBIC, BORDER_WRAP)
[ PERFSTAT ]    (samples=13   mean=0.21   median=0.21   min=0.21   stddev=0.00 (0.3%))
[       OK ] Sz_Depth_Cn_Inter_Border_WarpPerspective.WarpPerspective/284 (5 ms)
[ RUN      ] Sz_Depth_Cn_Inter_Border_WarpPerspective.WarpPerspective/285, where GetParam() = (1920x1080, CV_8U, BGR, INTER_NEAREST, BORDER_REFLECT101)
[ PERFSTAT ]    (samples=13   mean=0.04   median=0.04   min=0.04   stddev=0.00 (0.7%))
[       OK ] Sz_Depth_Cn_Inter_Border_WarpPerspective.WarpPerspective/285 (7 ms)
[ RUN      ] Sz_Depth_Cn_Inter_Border_WarpPerspective.WarpPerspective/286, where GetParam() = (1920x1080, CV_8U, BGR, INTER_NEAREST, BORDER_REPLICATE)
[ PERFSTAT ]    (samples=13   mean=0.04   median=0.04   min=0.04   stddev=0.00 (1.1%))
[       OK ] Sz_Depth_Cn_Inter_Border_WarpPerspective.WarpPerspective/286 (7 ms)
[ RUN      ] Sz_Depth_Cn_Inter_Border_WarpPerspective.WarpPerspective/287, where GetParam() = (1920x1080, CV_8U, BGR, INTER_NEAREST, BORDER_CONSTANT)
[ PERFSTAT ]    (samples=13   mean=0.03   median=0.03   min=0.03   stddev=0.00 (1.3%))
[       OK ] Sz_Depth_Cn_Inter_Border_WarpPerspective.WarpPerspective/287 (6 ms)
[ RUN      ] Sz_Depth_Cn_Inter_Border_WarpPerspective.WarpPerspective/288, where GetParam() = (1920x1080, CV_8U, BGR, INTER_NEAREST, BORDER_REFLECT)
[ PERFSTAT ]    (samples=13   mean=0.04   median=0.04   min=0.04   stddev=0.00 (0.4%))
[       OK ] Sz_Depth_Cn_Inter_Border_WarpPerspective.WarpPerspective/288 (7 ms)
[ RUN      ] Sz_Depth_Cn_Inter_Border_WarpPerspective.WarpPerspective/289, where GetParam() = (1920x1080, CV_8U, BGR, INTER_NEAREST, BORDER_WRAP)
[ PERFSTAT ]    (samples=13   mean=0.04   median=0.04   min=0.04   stddev=0.00 (0.9%))
[       OK ] Sz_Depth_Cn_Inter_Border_WarpPerspective.WarpPerspective/289 (7 ms)
[ RUN      ] Sz_Depth_Cn_Inter_Border_WarpPerspective.WarpPerspective/290, where GetParam() = (1920x1080, CV_8U, BGR, INTER_LINEAR, BORDER_REFLECT101)
[ PERFSTAT ]    (samples=13   mean=0.10   median=0.10   min=0.10   stddev=0.00 (0.5%))
[       OK ] Sz_Depth_Cn_Inter_Border_WarpPerspective.WarpPerspective/290 (7 ms)
[ RUN      ] Sz_Depth_Cn_Inter_Border_WarpPerspective.WarpPerspective/291, where GetParam() = (1920x1080, CV_8U, BGR, INTER_LINEAR, BORDER_REPLICATE)
[ PERFSTAT ]    (samples=13   mean=0.09   median=0.09   min=0.09   stddev=0.00 (1.9%))
[       OK ] Sz_Depth_Cn_Inter_Border_WarpPerspective.WarpPerspective/291 (8 ms)
[ RUN      ] Sz_Depth_Cn_Inter_Border_WarpPerspective.WarpPerspective/292, where GetParam() = (1920x1080, CV_8U, BGR, INTER_LINEAR, BORDER_CONSTANT)
[ PERFSTAT ]    (samples=13   mean=0.06   median=0.06   min=0.06   stddev=0.00 (0.5%))
[       OK ] Sz_Depth_Cn_Inter_Border_WarpPerspective.WarpPerspective/292 (7 ms)
[ RUN      ] Sz_Depth_Cn_Inter_Border_WarpPerspective.WarpPerspective/293, where GetParam() = (1920x1080, CV_8U, BGR, INTER_LINEAR, BORDER_REFLECT)
[ PERFSTAT ]    (samples=13   mean=0.10   median=0.10   min=0.10   stddev=0.00 (0.5%))
[       OK ] Sz_Depth_Cn_Inter_Border_WarpPerspective.WarpPerspective/293 (8 ms)
[ RUN      ] Sz_Depth_Cn_Inter_Border_WarpPerspective.WarpPerspective/294, where GetParam() = (1920x1080, CV_8U, BGR, INTER_LINEAR, BORDER_WRAP)
[ PERFSTAT ]    (samples=13   mean=0.09   median=0.09   min=0.09   stddev=0.00 (0.6%))
[       OK ] Sz_Depth_Cn_Inter_Border_WarpPerspective.WarpPerspective/294 (8 ms)
[ RUN      ] Sz_Depth_Cn_Inter_Border_WarpPerspective.WarpPerspective/295, where GetParam() = (1920x1080, CV_8U, BGR, INTER_CUBIC, BORDER_REFLECT101)
[ PERFSTAT ]    (samples=13   mean=0.29   median=0.29   min=0.29   stddev=0.00 (0.5%))
[       OK ] Sz_Depth_Cn_Inter_Border_WarpPerspective.WarpPerspective/295 (10 ms)
[ RUN      ] Sz_Depth_Cn_Inter_Border_WarpPerspective.WarpPerspective/296, where GetParam() = (1920x1080, CV_8U, BGR, INTER_CUBIC, BORDER_REPLICATE)
[ PERFSTAT ]    (samples=13   mean=0.29   median=0.29   min=0.29   stddev=0.00 (0.4%))
[       OK ] Sz_Depth_Cn_Inter_Border_WarpPerspective.WarpPerspective/296 (10 ms)
[ RUN      ] Sz_Depth_Cn_Inter_Border_WarpPerspective.WarpPerspective/297, where GetParam() = (1920x1080, CV_8U, BGR, INTER_CUBIC, BORDER_CONSTANT)
[ PERFSTAT ]    (samples=13   mean=0.17   median=0.17   min=0.17   stddev=0.00 (0.3%))
[       OK ] Sz_Depth_Cn_Inter_Border_WarpPerspective.WarpPerspective/297 (8 ms)
[ RUN      ] Sz_Depth_Cn_Inter_Border_WarpPerspective.WarpPerspective/298, where GetParam() = (1920x1080, CV_8U, BGR, INTER_CUBIC, BORDER_REFLECT)
[ PERFSTAT ]    (samples=13   mean=0.29   median=0.29   min=0.29   stddev=0.00 (0.3%))
[       OK ] Sz_Depth_Cn_Inter_Border_WarpPerspective.WarpPerspective/298 (10 ms)
[ RUN      ] Sz_Depth_Cn_Inter_Border_WarpPerspective.WarpPerspective/299, where GetParam() = (1920x1080, CV_8U, BGR, INTER_CUBIC, BORDER_WRAP)
[ PERFSTAT ]    (samples=13   mean=0.30   median=0.29   min=0.29   stddev=0.00 (0.6%))
[       OK ] Sz_Depth_Cn_Inter_Border_WarpPerspective.WarpPerspective/299 (10 ms)
[ RUN      ] Sz_Depth_Cn_Inter_Border_WarpPerspective.WarpPerspective/300, where GetParam() = (1920x1080, CV_8U, BGRA, INTER_NEAREST, BORDER_REFLECT101)
[ PERFSTAT ]    (samples=13   mean=0.05   median=0.05   min=0.05   stddev=0.00 (1.2%))
[       OK ] Sz_Depth_Cn_Inter_Border_WarpPerspective.WarpPerspective/300 (9 ms)
[ RUN      ] Sz_Depth_Cn_Inter_Border_WarpPerspective.WarpPerspective/301, where GetParam() = (1920x1080, CV_8U, BGRA, INTER_NEAREST, BORDER_REPLICATE)
[ PERFSTAT ]    (samples=13   mean=0.04   median=0.04   min=0.04   stddev=0.00 (1.4%))
[       OK ] Sz_Depth_Cn_Inter_Border_WarpPerspective.WarpPerspective/301 (9 ms)
[ RUN      ] Sz_Depth_Cn_Inter_Border_WarpPerspective.WarpPerspective/302, where GetParam() = (1920x1080, CV_8U, BGRA, INTER_NEAREST, BORDER_CONSTANT)
[ PERFSTAT ]    (samples=22   mean=0.03   median=0.03   min=0.03   stddev=0.00 (3.0%))
[       OK ] Sz_Depth_Cn_Inter_Border_WarpPerspective.WarpPerspective/302 (8 ms)
[ RUN      ] Sz_Depth_Cn_Inter_Border_WarpPerspective.WarpPerspective/303, where GetParam() = (1920x1080, CV_8U, BGRA, INTER_NEAREST, BORDER_REFLECT)
[ PERFSTAT ]    (samples=25   mean=0.05   median=0.05   min=0.04   stddev=0.00 (1.9%))
[       OK ] Sz_Depth_Cn_Inter_Border_WarpPerspective.WarpPerspective/303 (10 ms)
[ RUN      ] Sz_Depth_Cn_Inter_Border_WarpPerspective.WarpPerspective/304, where GetParam() = (1920x1080, CV_8U, BGRA, INTER_NEAREST, BORDER_WRAP)
[ PERFSTAT ]    (samples=13   mean=0.04   median=0.04   min=0.04   stddev=0.00 (1.1%))
[       OK ] Sz_Depth_Cn_Inter_Border_WarpPerspective.WarpPerspective/304 (8 ms)
[ RUN      ] Sz_Depth_Cn_Inter_Border_WarpPerspective.WarpPerspective/305, where GetParam() = (1920x1080, CV_8U, BGRA, INTER_LINEAR, BORDER_REFLECT101)
[ PERFSTAT ]    (samples=13   mean=0.07   median=0.07   min=0.07   stddev=0.00 (0.6%))
[       OK ] Sz_Depth_Cn_Inter_Border_WarpPerspective.WarpPerspective/305 (9 ms)
[ RUN      ] Sz_Depth_Cn_Inter_Border_WarpPerspective.WarpPerspective/306, where GetParam() = (1920x1080, CV_8U, BGRA, INTER_LINEAR, BORDER_REPLICATE)
[ PERFSTAT ]    (samples=13   mean=0.06   median=0.06   min=0.06   stddev=0.00 (0.8%))
[       OK ] Sz_Depth_Cn_Inter_Border_WarpPerspective.WarpPerspective/306 (9 ms)
[ RUN      ] Sz_Depth_Cn_Inter_Border_WarpPerspective.WarpPerspective/307, where GetParam() = (1920x1080, CV_8U, BGRA, INTER_LINEAR, BORDER_CONSTANT)
[ PERFSTAT ]    (samples=13   mean=0.05   median=0.05   min=0.05   stddev=0.00 (1.0%))
[       OK ] Sz_Depth_Cn_Inter_Border_WarpPerspective.WarpPerspective/307 (9 ms)
[ RUN      ] Sz_Depth_Cn_Inter_Border_WarpPerspective.WarpPerspective/308, where GetParam() = (1920x1080, CV_8U, BGRA, INTER_LINEAR, BORDER_REFLECT)
[ PERFSTAT ]    (samples=13   mean=0.07   median=0.07   min=0.07   stddev=0.00 (0.5%))
[       OK ] Sz_Depth_Cn_Inter_Border_WarpPerspective.WarpPerspective/308 (9 ms)
[ RUN      ] Sz_Depth_Cn_Inter_Border_WarpPerspective.WarpPerspective/309, where GetParam() = (1920x1080, CV_8U, BGRA, INTER_LINEAR, BORDER_WRAP)
[ PERFSTAT ]    (samples=13   mean=0.07   median=0.07   min=0.07   stddev=0.00 (0.8%))
[       OK ] Sz_Depth_Cn_Inter_Border_WarpPerspective.WarpPerspective/309 (10 ms)
[ RUN      ] Sz_Depth_Cn_Inter_Border_WarpPerspective.WarpPerspective/310, where GetParam() = (1920x1080, CV_8U, BGRA, INTER_CUBIC, BORDER_REFLECT101)
[ PERFSTAT ]    (samples=13   mean=0.26   median=0.26   min=0.26   stddev=0.00 (0.5%))
[       OK ] Sz_Depth_Cn_Inter_Border_WarpPerspective.WarpPerspective/310 (11 ms)
[ RUN      ] Sz_Depth_Cn_Inter_Border_WarpPerspective.WarpPerspective/311, where GetParam() = (1920x1080, CV_8U, BGRA, INTER_CUBIC, BORDER_REPLICATE)
[ PERFSTAT ]    (samples=13   mean=0.21   median=0.21   min=0.21   stddev=0.00 (0.5%))
[       OK ] Sz_Depth_Cn_Inter_Border_WarpPerspective.WarpPerspective/311 (11 ms)
[ RUN      ] Sz_Depth_Cn_Inter_Border_WarpPerspective.WarpPerspective/312, where GetParam() = (1920x1080, CV_8U, BGRA, INTER_CUBIC, BORDER_CONSTANT)
[ PERFSTAT ]    (samples=13   mean=0.17   median=0.17   min=0.17   stddev=0.00 (0.4%))
[       OK ] Sz_Depth_Cn_Inter_Border_WarpPerspective.WarpPerspective/312 (10 ms)
[ RUN      ] Sz_Depth_Cn_Inter_Border_WarpPerspective.WarpPerspective/313, where GetParam() = (1920x1080, CV_8U, BGRA, INTER_CUBIC, BORDER_REFLECT)
[ PERFSTAT ]    (samples=13   mean=0.29   median=0.29   min=0.29   stddev=0.00 (0.4%))
[       OK ] Sz_Depth_Cn_Inter_Border_WarpPerspective.WarpPerspective/313 (12 ms)
[ RUN      ] Sz_Depth_Cn_Inter_Border_WarpPerspective.WarpPerspective/314, where GetParam() = (1920x1080, CV_8U, BGRA, INTER_CUBIC, BORDER_WRAP)
[ PERFSTAT ]    (samples=13   mean=0.27   median=0.27   min=0.26   stddev=0.00 (0.2%))
[       OK ] Sz_Depth_Cn_Inter_Border_WarpPerspective.WarpPerspective/314 (12 ms)
[ RUN      ] Sz_Depth_Cn_Inter_Border_WarpPerspective.WarpPerspective/315, where GetParam() = (1920x1080, CV_16U, Gray, INTER_NEAREST, BORDER_REFLECT101)
[ PERFSTAT ]    (samples=25   mean=0.04   median=0.04   min=0.04   stddev=0.00 (0.7%))
[       OK ] Sz_Depth_Cn_Inter_Border_WarpPerspective.WarpPerspective/315 (5 ms)
[ RUN      ] Sz_Depth_Cn_Inter_Border_WarpPerspective.WarpPerspective/316, where GetParam() = (1920x1080, CV_16U, Gray, INTER_NEAREST, BORDER_REPLICATE)
[ PERFSTAT ]    (samples=13   mean=0.03   median=0.03   min=0.03   stddev=0.00 (1.7%))
[       OK ] Sz_Depth_Cn_Inter_Border_WarpPerspective.WarpPerspective/316 (5 ms)
[ RUN      ] Sz_Depth_Cn_Inter_Border_WarpPerspective.WarpPerspective/317, where GetParam() = (1920x1080, CV_16U, Gray, INTER_NEAREST, BORDER_CONSTANT)
[ PERFSTAT ]    (samples=13   mean=0.03   median=0.03   min=0.03   stddev=0.00 (1.5%))
[       OK ] Sz_Depth_Cn_Inter_Border_WarpPerspective.WarpPerspective/317 (5 ms)
[ RUN      ] Sz_Depth_Cn_Inter_Border_WarpPerspective.WarpPerspective/318, where GetParam() = (1920x1080, CV_16U, Gray, INTER_NEAREST, BORDER_REFLECT)
[ PERFSTAT ]    (samples=13   mean=0.04   median=0.04   min=0.04   stddev=0.00 (1.4%))
[       OK ] Sz_Depth_Cn_Inter_Border_WarpPerspective.WarpPerspective/318 (5 ms)
[ RUN      ] Sz_Depth_Cn_Inter_Border_WarpPerspective.WarpPerspective/319, where GetParam() = (1920x1080, CV_16U, Gray, INTER_NEAREST, BORDER_WRAP)
[ PERFSTAT ]    (samples=25   mean=0.03   median=0.03   min=0.03   stddev=0.00 (2.3%))
[       OK ] Sz_Depth_Cn_Inter_Border_WarpPerspective.WarpPerspective/319 (5 ms)
[ RUN      ] Sz_Depth_Cn_Inter_Border_WarpPerspective.WarpPerspective/320, where GetParam() = (1920x1080, CV_16U, Gray, INTER_LINEAR, BORDER_REFLECT101)
[ PERFSTAT ]    (samples=13   mean=0.05   median=0.05   min=0.05   stddev=0.00 (0.6%))
[       OK ] Sz_Depth_Cn_Inter_Border_WarpPerspective.WarpPerspective/320 (6 ms)
[ RUN      ] Sz_Depth_Cn_Inter_Border_WarpPerspective.WarpPerspective/321, where GetParam() = (1920x1080, CV_16U, Gray, INTER_LINEAR, BORDER_REPLICATE)
[ PERFSTAT ]    (samples=13   mean=0.04   median=0.04   min=0.04   stddev=0.00 (0.9%))
[       OK ] Sz_Depth_Cn_Inter_Border_WarpPerspective.WarpPerspective/321 (5 ms)
[ RUN      ] Sz_Depth_Cn_Inter_Border_WarpPerspective.WarpPerspective/322, where GetParam() = (1920x1080, CV_16U, Gray, INTER_LINEAR, BORDER_CONSTANT)
[ PERFSTAT ]    (samples=13   mean=0.04   median=0.04   min=0.04   stddev=0.00 (0.9%))
[       OK ] Sz_Depth_Cn_Inter_Border_WarpPerspective.WarpPerspective/322 (5 ms)
[ RUN      ] Sz_Depth_Cn_Inter_Border_WarpPerspective.WarpPerspective/323, where GetParam() = (1920x1080, CV_16U, Gray, INTER_LINEAR, BORDER_REFLECT)
[ PERFSTAT ]    (samples=24   mean=0.05   median=0.05   min=0.05   stddev=0.00 (3.0%))
[       OK ] Sz_Depth_Cn_Inter_Border_WarpPerspective.WarpPerspective/323 (6 ms)
[ RUN      ] Sz_Depth_Cn_Inter_Border_WarpPerspective.WarpPerspective/324, where GetParam() = (1920x1080, CV_16U, Gray, INTER_LINEAR, BORDER_WRAP)
[ PERFSTAT ]    (samples=13   mean=0.06   median=0.06   min=0.06   stddev=0.00 (1.2%))
[       OK ] Sz_Depth_Cn_Inter_Border_WarpPerspective.WarpPerspective/324 (5 ms)
[ RUN      ] Sz_Depth_Cn_Inter_Border_WarpPerspective.WarpPerspective/325, where GetParam() = (1920x1080, CV_16U, Gray, INTER_CUBIC, BORDER_REFLECT101)
[ PERFSTAT ]    (samples=13   mean=0.21   median=0.21   min=0.20   stddev=0.00 (0.3%))
[       OK ] Sz_Depth_Cn_Inter_Border_WarpPerspective.WarpPerspective/325 (7 ms)
[ RUN      ] Sz_Depth_Cn_Inter_Border_WarpPerspective.WarpPerspective/326, where GetParam() = (1920x1080, CV_16U, Gray, INTER_CUBIC, BORDER_REPLICATE)
[ PERFSTAT ]    (samples=13   mean=0.14   median=0.14   min=0.14   stddev=0.00 (0.5%))
[       OK ] Sz_Depth_Cn_Inter_Border_WarpPerspective.WarpPerspective/326 (7 ms)
[ RUN      ] Sz_Depth_Cn_Inter_Border_WarpPerspective.WarpPerspective/327, where GetParam() = (1920x1080, CV_16U, Gray, INTER_CUBIC, BORDER_CONSTANT)
[ PERFSTAT ]    (samples=13   mean=0.06   median=0.06   min=0.06   stddev=0.00 (0.5%))
[       OK ] Sz_Depth_Cn_Inter_Border_WarpPerspective.WarpPerspective/327 (5 ms)
[ RUN      ] Sz_Depth_Cn_Inter_Border_WarpPerspective.WarpPerspective/328, where GetParam() = (1920x1080, CV_16U, Gray, INTER_CUBIC, BORDER_REFLECT)
[ PERFSTAT ]    (samples=13   mean=0.24   median=0.24   min=0.24   stddev=0.00 (0.2%))
[       OK ] Sz_Depth_Cn_Inter_Border_WarpPerspective.WarpPerspective/328 (7 ms)
[ RUN      ] Sz_Depth_Cn_Inter_Border_WarpPerspective.WarpPerspective/329, where GetParam() = (1920x1080, CV_16U, Gray, INTER_CUBIC, BORDER_WRAP)
[ PERFSTAT ]    (samples=13   mean=0.21   median=0.21   min=0.21   stddev=0.00 (0.3%))
[       OK ] Sz_Depth_Cn_Inter_Border_WarpPerspective.WarpPerspective/329 (8 ms)
[ RUN      ] Sz_Depth_Cn_Inter_Border_WarpPerspective.WarpPerspective/330, where GetParam() = (1920x1080, CV_16U, BGR, INTER_NEAREST, BORDER_REFLECT101)
[ PERFSTAT ]    (samples=13   mean=0.04   median=0.04   min=0.04   stddev=0.00 (0.4%))
[       OK ] Sz_Depth_Cn_Inter_Border_WarpPerspective.WarpPerspective/330 (12 ms)
[ RUN      ] Sz_Depth_Cn_Inter_Border_WarpPerspective.WarpPerspective/331, where GetParam() = (1920x1080, CV_16U, BGR, INTER_NEAREST, BORDER_REPLICATE)
[ PERFSTAT ]    (samples=13   mean=0.04   median=0.04   min=0.04   stddev=0.00 (0.5%))
[       OK ] Sz_Depth_Cn_Inter_Border_WarpPerspective.WarpPerspective/331 (13 ms)
[ RUN      ] Sz_Depth_Cn_Inter_Border_WarpPerspective.WarpPerspective/332, where GetParam() = (1920x1080, CV_16U, BGR, INTER_NEAREST, BORDER_CONSTANT)
[ PERFSTAT ]    (samples=13   mean=0.03   median=0.03   min=0.03   stddev=0.00 (1.0%))
[       OK ] Sz_Depth_Cn_Inter_Border_WarpPerspective.WarpPerspective/332 (13 ms)
[ RUN      ] Sz_Depth_Cn_Inter_Border_WarpPerspective.WarpPerspective/333, where GetParam() = (1920x1080, CV_16U, BGR, INTER_NEAREST, BORDER_REFLECT)
[ PERFSTAT ]    (samples=13   mean=0.04   median=0.04   min=0.04   stddev=0.00 (1.4%))
[       OK ] Sz_Depth_Cn_Inter_Border_WarpPerspective.WarpPerspective/333 (12 ms)
[ RUN      ] Sz_Depth_Cn_Inter_Border_WarpPerspective.WarpPerspective/334, where GetParam() = (1920x1080, CV_16U, BGR, INTER_NEAREST, BORDER_WRAP)
[ PERFSTAT ]    (samples=13   mean=0.04   median=0.04   min=0.04   stddev=0.00 (0.6%))
[       OK ] Sz_Depth_Cn_Inter_Border_WarpPerspective.WarpPerspective/334 (13 ms)
[ RUN      ] Sz_Depth_Cn_Inter_Border_WarpPerspective.WarpPerspective/335, where GetParam() = (1920x1080, CV_16U, BGR, INTER_LINEAR, BORDER_REFLECT101)
[ PERFSTAT ]    (samples=13   mean=0.09   median=0.09   min=0.09   stddev=0.00 (0.3%))
[       OK ] Sz_Depth_Cn_Inter_Border_WarpPerspective.WarpPerspective/335 (14 ms)
[ RUN      ] Sz_Depth_Cn_Inter_Border_WarpPerspective.WarpPerspective/336, where GetParam() = (1920x1080, CV_16U, BGR, INTER_LINEAR, BORDER_REPLICATE)
[ PERFSTAT ]    (samples=13   mean=0.09   median=0.09   min=0.09   stddev=0.00 (0.7%))
[       OK ] Sz_Depth_Cn_Inter_Border_WarpPerspective.WarpPerspective/336 (15 ms)
[ RUN      ] Sz_Depth_Cn_Inter_Border_WarpPerspective.WarpPerspective/337, where GetParam() = (1920x1080, CV_16U, BGR, INTER_LINEAR, BORDER_CONSTANT)
[ PERFSTAT ]    (samples=13   mean=0.06   median=0.06   min=0.06   stddev=0.00 (1.4%))
[       OK ] Sz_Depth_Cn_Inter_Border_WarpPerspective.WarpPerspective/337 (14 ms)
[ RUN      ] Sz_Depth_Cn_Inter_Border_WarpPerspective.WarpPerspective/338, where GetParam() = (1920x1080, CV_16U, BGR, INTER_LINEAR, BORDER_REFLECT)
[ PERFSTAT ]    (samples=13   mean=0.09   median=0.09   min=0.09   stddev=0.00 (0.6%))
[       OK ] Sz_Depth_Cn_Inter_Border_WarpPerspective.WarpPerspective/338 (14 ms)
[ RUN      ] Sz_Depth_Cn_Inter_Border_WarpPerspective.WarpPerspective/339, where GetParam() = (1920x1080, CV_16U, BGR, INTER_LINEAR, BORDER_WRAP)
[ PERFSTAT ]    (samples=13   mean=0.09   median=0.09   min=0.09   stddev=0.00 (0.7%))
[       OK ] Sz_Depth_Cn_Inter_Border_WarpPerspective.WarpPerspective/339 (14 ms)
[ RUN      ] Sz_Depth_Cn_Inter_Border_WarpPerspective.WarpPerspective/340, where GetParam() = (1920x1080, CV_16U, BGR, INTER_CUBIC, BORDER_REFLECT101)
[ PERFSTAT ]    (samples=13   mean=0.26   median=0.26   min=0.26   stddev=0.00 (0.2%))
[       OK ] Sz_Depth_Cn_Inter_Border_WarpPerspective.WarpPerspective/340 (16 ms)
[ RUN      ] Sz_Depth_Cn_Inter_Border_WarpPerspective.WarpPerspective/341, where GetParam() = (1920x1080, CV_16U, BGR, INTER_CUBIC, BORDER_REPLICATE)
[ PERFSTAT ]    (samples=13   mean=0.27   median=0.27   min=0.27   stddev=0.00 (0.3%))
[       OK ] Sz_Depth_Cn_Inter_Border_WarpPerspective.WarpPerspective/341 (16 ms)
[ RUN      ] Sz_Depth_Cn_Inter_Border_WarpPerspective.WarpPerspective/342, where GetParam() = (1920x1080, CV_16U, BGR, INTER_CUBIC, BORDER_CONSTANT)
[ PERFSTAT ]    (samples=13   mean=0.15   median=0.15   min=0.15   stddev=0.00 (0.4%))
[       OK ] Sz_Depth_Cn_Inter_Border_WarpPerspective.WarpPerspective/342 (14 ms)
[ RUN      ] Sz_Depth_Cn_Inter_Border_WarpPerspective.WarpPerspective/343, where GetParam() = (1920x1080, CV_16U, BGR, INTER_CUBIC, BORDER_REFLECT)
[ PERFSTAT ]    (samples=13   mean=0.26   median=0.26   min=0.26   stddev=0.00 (0.2%))
[       OK ] Sz_Depth_Cn_Inter_Border_WarpPerspective.WarpPerspective/343 (16 ms)
[ RUN      ] Sz_Depth_Cn_Inter_Border_WarpPerspective.WarpPerspective/344, where GetParam() = (1920x1080, CV_16U, BGR, INTER_CUBIC, BORDER_WRAP)
[ PERFSTAT ]    (samples=13   mean=0.26   median=0.26   min=0.26   stddev=0.00 (0.8%))
[       OK ] Sz_Depth_Cn_Inter_Border_WarpPerspective.WarpPerspective/344 (16 ms)
[ RUN      ] Sz_Depth_Cn_Inter_Border_WarpPerspective.WarpPerspective/345, where GetParam() = (1920x1080, CV_16U, BGRA, INTER_NEAREST, BORDER_REFLECT101)
[ PERFSTAT ]    (samples=13   mean=0.05   median=0.05   min=0.05   stddev=0.00 (1.5%))
[       OK ] Sz_Depth_Cn_Inter_Border_WarpPerspective.WarpPerspective/345 (17 ms)
[ RUN      ] Sz_Depth_Cn_Inter_Border_WarpPerspective.WarpPerspective/346, where GetParam() = (1920x1080, CV_16U, BGRA, INTER_NEAREST, BORDER_REPLICATE)
[ PERFSTAT ]    (samples=13   mean=0.04   median=0.04   min=0.04   stddev=0.00 (2.9%))
[       OK ] Sz_Depth_Cn_Inter_Border_WarpPerspective.WarpPerspective/346 (17 ms)
[ RUN      ] Sz_Depth_Cn_Inter_Border_WarpPerspective.WarpPerspective/347, where GetParam() = (1920x1080, CV_16U, BGRA, INTER_NEAREST, BORDER_CONSTANT)
[ PERFSTAT ]    (samples=24   mean=0.04   median=0.04   min=0.03   stddev=0.00 (3.0%))
[       OK ] Sz_Depth_Cn_Inter_Border_WarpPerspective.WarpPerspective/347 (18 ms)
[ RUN      ] Sz_Depth_Cn_Inter_Border_WarpPerspective.WarpPerspective/348, where GetParam() = (1920x1080, CV_16U, BGRA, INTER_NEAREST, BORDER_REFLECT)
[ PERFSTAT ]    (samples=13   mean=0.05   median=0.05   min=0.05   stddev=0.00 (1.7%))
[       OK ] Sz_Depth_Cn_Inter_Border_WarpPerspective.WarpPerspective/348 (17 ms)
[ RUN      ] Sz_Depth_Cn_Inter_Border_WarpPerspective.WarpPerspective/349, where GetParam() = (1920x1080, CV_16U, BGRA, INTER_NEAREST, BORDER_WRAP)
[ PERFSTAT ]    (samples=13   mean=0.04   median=0.04   min=0.04   stddev=0.00 (1.4%))
[       OK ] Sz_Depth_Cn_Inter_Border_WarpPerspective.WarpPerspective/349 (17 ms)
[ RUN      ] Sz_Depth_Cn_Inter_Border_WarpPerspective.WarpPerspective/350, where GetParam() = (1920x1080, CV_16U, BGRA, INTER_LINEAR, BORDER_REFLECT101)
[ PERFSTAT ]    (samples=13   mean=0.07   median=0.07   min=0.07   stddev=0.00 (1.0%))
[       OK ] Sz_Depth_Cn_Inter_Border_WarpPerspective.WarpPerspective/350 (18 ms)
[ RUN      ] Sz_Depth_Cn_Inter_Border_WarpPerspective.WarpPerspective/351, where GetParam() = (1920x1080, CV_16U, BGRA, INTER_LINEAR, BORDER_REPLICATE)
[ PERFSTAT ]    (samples=13   mean=0.06   median=0.06   min=0.06   stddev=0.00 (1.6%))
[       OK ] Sz_Depth_Cn_Inter_Border_WarpPerspective.WarpPerspective/351 (19 ms)
[ RUN      ] Sz_Depth_Cn_Inter_Border_WarpPerspective.WarpPerspective/352, where GetParam() = (1920x1080, CV_16U, BGRA, INTER_LINEAR, BORDER_CONSTANT)
[ PERFSTAT ]    (samples=13   mean=0.05   median=0.05   min=0.05   stddev=0.00 (2.5%))
[       OK ] Sz_Depth_Cn_Inter_Border_WarpPerspective.WarpPerspective/352 (18 ms)
[ RUN      ] Sz_Depth_Cn_Inter_Border_WarpPerspective.WarpPerspective/353, where GetParam() = (1920x1080, CV_16U, BGRA, INTER_LINEAR, BORDER_REFLECT)
[ PERFSTAT ]    (samples=13   mean=0.07   median=0.07   min=0.07   stddev=0.00 (1.4%))
[       OK ] Sz_Depth_Cn_Inter_Border_WarpPerspective.WarpPerspective/353 (19 ms)
[ RUN      ] Sz_Depth_Cn_Inter_Border_WarpPerspective.WarpPerspective/354, where GetParam() = (1920x1080, CV_16U, BGRA, INTER_LINEAR, BORDER_WRAP)
[ PERFSTAT ]    (samples=13   mean=0.07   median=0.07   min=0.07   stddev=0.00 (1.6%))
[       OK ] Sz_Depth_Cn_Inter_Border_WarpPerspective.WarpPerspective/354 (18 ms)
[ RUN      ] Sz_Depth_Cn_Inter_Border_WarpPerspective.WarpPerspective/355, where GetParam() = (1920x1080, CV_16U, BGRA, INTER_CUBIC, BORDER_REFLECT101)
[ PERFSTAT ]    (samples=13   mean=0.26   median=0.26   min=0.26   stddev=0.00 (0.5%))
[       OK ] Sz_Depth_Cn_Inter_Border_WarpPerspective.WarpPerspective/355 (20 ms)
[ RUN      ] Sz_Depth_Cn_Inter_Border_WarpPerspective.WarpPerspective/356, where GetParam() = (1920x1080, CV_16U, BGRA, INTER_CUBIC, BORDER_REPLICATE)
[ PERFSTAT ]    (samples=13   mean=0.21   median=0.21   min=0.21   stddev=0.00 (0.5%))
[       OK ] Sz_Depth_Cn_Inter_Border_WarpPerspective.WarpPerspective/356 (19 ms)
[ RUN      ] Sz_Depth_Cn_Inter_Border_WarpPerspective.WarpPerspective/357, where GetParam() = (1920x1080, CV_16U, BGRA, INTER_CUBIC, BORDER_CONSTANT)
[ PERFSTAT ]    (samples=13   mean=0.18   median=0.18   min=0.18   stddev=0.00 (0.6%))
[       OK ] Sz_Depth_Cn_Inter_Border_WarpPerspective.WarpPerspective/357 (19 ms)
[ RUN      ] Sz_Depth_Cn_Inter_Border_WarpPerspective.WarpPerspective/358, where GetParam() = (1920x1080, CV_16U, BGRA, INTER_CUBIC, BORDER_REFLECT)
[ PERFSTAT ]    (samples=13   mean=0.30   median=0.30   min=0.30   stddev=0.00 (0.3%))
[       OK ] Sz_Depth_Cn_Inter_Border_WarpPerspective.WarpPerspective/358 (20 ms)
[ RUN      ] Sz_Depth_Cn_Inter_Border_WarpPerspective.WarpPerspective/359, where GetParam() = (1920x1080, CV_16U, BGRA, INTER_CUBIC, BORDER_WRAP)
[ PERFSTAT ]    (samples=13   mean=0.27   median=0.27   min=0.27   stddev=0.00 (0.3%))
[       OK ] Sz_Depth_Cn_Inter_Border_WarpPerspective.WarpPerspective/359 (20 ms)
[ RUN      ] Sz_Depth_Cn_Inter_Border_WarpPerspective.WarpPerspective/360, where GetParam() = (1920x1080, CV_32F, Gray, INTER_NEAREST, BORDER_REFLECT101)
[ PERFSTAT ]    (samples=13   mean=0.04   median=0.04   min=0.04   stddev=0.00 (2.3%))
[       OK ] Sz_Depth_Cn_Inter_Border_WarpPerspective.WarpPerspective/360 (6 ms)
[ RUN      ] Sz_Depth_Cn_Inter_Border_WarpPerspective.WarpPerspective/361, where GetParam() = (1920x1080, CV_32F, Gray, INTER_NEAREST, BORDER_REPLICATE)
[ PERFSTAT ]    (samples=13   mean=0.03   median=0.03   min=0.03   stddev=0.00 (2.7%))
[       OK ] Sz_Depth_Cn_Inter_Border_WarpPerspective.WarpPerspective/361 (6 ms)
[ RUN      ] Sz_Depth_Cn_Inter_Border_WarpPerspective.WarpPerspective/362, where GetParam() = (1920x1080, CV_32F, Gray, INTER_NEAREST, BORDER_CONSTANT)
[ PERFSTAT ]    (samples=25   mean=0.03   median=0.03   min=0.03   stddev=0.00 (1.7%))
[       OK ] Sz_Depth_Cn_Inter_Border_WarpPerspective.WarpPerspective/362 (7 ms)
[ RUN      ] Sz_Depth_Cn_Inter_Border_WarpPerspective.WarpPerspective/363, where GetParam() = (1920x1080, CV_32F, Gray, INTER_NEAREST, BORDER_REFLECT)
[ PERFSTAT ]    (samples=13   mean=0.04   median=0.04   min=0.04   stddev=0.00 (1.7%))
[       OK ] Sz_Depth_Cn_Inter_Border_WarpPerspective.WarpPerspective/363 (6 ms)
[ RUN      ] Sz_Depth_Cn_Inter_Border_WarpPerspective.WarpPerspective/364, where GetParam() = (1920x1080, CV_32F, Gray, INTER_NEAREST, BORDER_WRAP)
[ PERFSTAT ]    (samples=13   mean=0.03   median=0.03   min=0.03   stddev=0.00 (2.7%))
[       OK ] Sz_Depth_Cn_Inter_Border_WarpPerspective.WarpPerspective/364 (6 ms)
[ RUN      ] Sz_Depth_Cn_Inter_Border_WarpPerspective.WarpPerspective/365, where GetParam() = (1920x1080, CV_32F, Gray, INTER_LINEAR, BORDER_REFLECT101)
[ PERFSTAT ]    (samples=13   mean=0.05   median=0.05   min=0.05   stddev=0.00 (1.2%))
[       OK ] Sz_Depth_Cn_Inter_Border_WarpPerspective.WarpPerspective/365 (7 ms)
[ RUN      ] Sz_Depth_Cn_Inter_Border_WarpPerspective.WarpPerspective/366, where GetParam() = (1920x1080, CV_32F, Gray, INTER_LINEAR, BORDER_REPLICATE)
[ PERFSTAT ]    (samples=13   mean=0.04   median=0.04   min=0.04   stddev=0.00 (1.2%))
[       OK ] Sz_Depth_Cn_Inter_Border_WarpPerspective.WarpPerspective/366 (6 ms)
[ RUN      ] Sz_Depth_Cn_Inter_Border_WarpPerspective.WarpPerspective/367, where GetParam() = (1920x1080, CV_32F, Gray, INTER_LINEAR, BORDER_CONSTANT)
[ PERFSTAT ]    (samples=13   mean=0.03   median=0.03   min=0.03   stddev=0.00 (1.9%))
[       OK ] Sz_Depth_Cn_Inter_Border_WarpPerspective.WarpPerspective/367 (6 ms)
[ RUN      ] Sz_Depth_Cn_Inter_Border_WarpPerspective.WarpPerspective/368, where GetParam() = (1920x1080, CV_32F, Gray, INTER_LINEAR, BORDER_REFLECT)
[ PERFSTAT ]    (samples=13   mean=0.05   median=0.05   min=0.05   stddev=0.00 (2.7%))
[       OK ] Sz_Depth_Cn_Inter_Border_WarpPerspective.WarpPerspective/368 (7 ms)
[ RUN      ] Sz_Depth_Cn_Inter_Border_WarpPerspective.WarpPerspective/369, where GetParam() = (1920x1080, CV_32F, Gray, INTER_LINEAR, BORDER_WRAP)
[ PERFSTAT ]    (samples=13   mean=0.05   median=0.05   min=0.05   stddev=0.00 (2.6%))
[       OK ] Sz_Depth_Cn_Inter_Border_WarpPerspective.WarpPerspective/369 (6 ms)
[ RUN      ] Sz_Depth_Cn_Inter_Border_WarpPerspective.WarpPerspective/370, where GetParam() = (1920x1080, CV_32F, Gray, INTER_CUBIC, BORDER_REFLECT101)
[ PERFSTAT ]    (samples=13   mean=0.20   median=0.20   min=0.20   stddev=0.00 (0.5%))
[       OK ] Sz_Depth_Cn_Inter_Border_WarpPerspective.WarpPerspective/370 (9 ms)
[ RUN      ] Sz_Depth_Cn_Inter_Border_WarpPerspective.WarpPerspective/371, where GetParam() = (1920x1080, CV_32F, Gray, INTER_CUBIC, BORDER_REPLICATE)
[ PERFSTAT ]    (samples=13   mean=0.13   median=0.13   min=0.13   stddev=0.00 (0.9%))
[       OK ] Sz_Depth_Cn_Inter_Border_WarpPerspective.WarpPerspective/371 (7 ms)
[ RUN      ] Sz_Depth_Cn_Inter_Border_WarpPerspective.WarpPerspective/372, where GetParam() = (1920x1080, CV_32F, Gray, INTER_CUBIC, BORDER_CONSTANT)
[ PERFSTAT ]    (samples=13   mean=0.12   median=0.12   min=0.12   stddev=0.00 (0.6%))
[       OK ] Sz_Depth_Cn_Inter_Border_WarpPerspective.WarpPerspective/372 (8 ms)
[ RUN      ] Sz_Depth_Cn_Inter_Border_WarpPerspective.WarpPerspective/373, where GetParam() = (1920x1080, CV_32F, Gray, INTER_CUBIC, BORDER_REFLECT)
[ PERFSTAT ]    (samples=13   mean=0.23   median=0.23   min=0.23   stddev=0.00 (0.5%))
[       OK ] Sz_Depth_Cn_Inter_Border_WarpPerspective.WarpPerspective/373 (8 ms)
[ RUN      ] Sz_Depth_Cn_Inter_Border_WarpPerspective.WarpPerspective/374, where GetParam() = (1920x1080, CV_32F, Gray, INTER_CUBIC, BORDER_WRAP)
[ PERFSTAT ]    (samples=13   mean=0.19   median=0.19   min=0.19   stddev=0.00 (0.7%))
[       OK ] Sz_Depth_Cn_Inter_Border_WarpPerspective.WarpPerspective/374 (9 ms)
[ RUN      ] Sz_Depth_Cn_Inter_Border_WarpPerspective.WarpPerspective/375, where GetParam() = (1920x1080, CV_32F, BGR, INTER_NEAREST, BORDER_REFLECT101)
[ PERFSTAT ]    (samples=13   mean=0.05   median=0.05   min=0.05   stddev=0.00 (0.8%))
[       OK ] Sz_Depth_Cn_Inter_Border_WarpPerspective.WarpPerspective/375 (18 ms)
[ RUN      ] Sz_Depth_Cn_Inter_Border_WarpPerspective.WarpPerspective/376, where GetParam() = (1920x1080, CV_32F, BGR, INTER_NEAREST, BORDER_REPLICATE)
[ PERFSTAT ]    (samples=13   mean=0.05   median=0.05   min=0.05   stddev=0.00 (1.2%))
[       OK ] Sz_Depth_Cn_Inter_Border_WarpPerspective.WarpPerspective/376 (18 ms)
[ RUN      ] Sz_Depth_Cn_Inter_Border_WarpPerspective.WarpPerspective/377, where GetParam() = (1920x1080, CV_32F, BGR, INTER_NEAREST, BORDER_CONSTANT)
[ PERFSTAT ]    (samples=13   mean=0.04   median=0.04   min=0.04   stddev=0.00 (0.9%))
[       OK ] Sz_Depth_Cn_Inter_Border_WarpPerspective.WarpPerspective/377 (18 ms)
[ RUN      ] Sz_Depth_Cn_Inter_Border_WarpPerspective.WarpPerspective/378, where GetParam() = (1920x1080, CV_32F, BGR, INTER_NEAREST, BORDER_REFLECT)
[ PERFSTAT ]    (samples=13   mean=0.05   median=0.05   min=0.05   stddev=0.00 (0.7%))
[       OK ] Sz_Depth_Cn_Inter_Border_WarpPerspective.WarpPerspective/378 (18 ms)
[ RUN      ] Sz_Depth_Cn_Inter_Border_WarpPerspective.WarpPerspective/379, where GetParam() = (1920x1080, CV_32F, BGR, INTER_NEAREST, BORDER_WRAP)
[ PERFSTAT ]    (samples=13   mean=0.06   median=0.06   min=0.06   stddev=0.00 (0.6%))
[       OK ] Sz_Depth_Cn_Inter_Border_WarpPerspective.WarpPerspective/379 (18 ms)
[ RUN      ] Sz_Depth_Cn_Inter_Border_WarpPerspective.WarpPerspective/380, where GetParam() = (1920x1080, CV_32F, BGR, INTER_LINEAR, BORDER_REFLECT101)
[ PERFSTAT ]    (samples=25   mean=0.08   median=0.08   min=0.08   stddev=0.00 (0.9%))
[       OK ] Sz_Depth_Cn_Inter_Border_WarpPerspective.WarpPerspective/380 (19 ms)
[ RUN      ] Sz_Depth_Cn_Inter_Border_WarpPerspective.WarpPerspective/381, where GetParam() = (1920x1080, CV_32F, BGR, INTER_LINEAR, BORDER_REPLICATE)
[ PERFSTAT ]    (samples=13   mean=0.09   median=0.09   min=0.09   stddev=0.00 (0.5%))
[       OK ] Sz_Depth_Cn_Inter_Border_WarpPerspective.WarpPerspective/381 (18 ms)
[ RUN      ] Sz_Depth_Cn_Inter_Border_WarpPerspective.WarpPerspective/382, where GetParam() = (1920x1080, CV_32F, BGR, INTER_LINEAR, BORDER_CONSTANT)
[ PERFSTAT ]    (samples=13   mean=0.06   median=0.06   min=0.06   stddev=0.00 (0.7%))
[       OK ] Sz_Depth_Cn_Inter_Border_WarpPerspective.WarpPerspective/382 (17 ms)
[ RUN      ] Sz_Depth_Cn_Inter_Border_WarpPerspective.WarpPerspective/383, where GetParam() = (1920x1080, CV_32F, BGR, INTER_LINEAR, BORDER_REFLECT)
[ PERFSTAT ]    (samples=13   mean=0.08   median=0.08   min=0.08   stddev=0.00 (1.2%))
[       OK ] Sz_Depth_Cn_Inter_Border_WarpPerspective.WarpPerspective/383 (17 ms)
[ RUN      ] Sz_Depth_Cn_Inter_Border_WarpPerspective.WarpPerspective/384, where GetParam() = (1920x1080, CV_32F, BGR, INTER_LINEAR, BORDER_WRAP)
[ PERFSTAT ]    (samples=13   mean=0.08   median=0.08   min=0.08   stddev=0.00 (0.4%))
[       OK ] Sz_Depth_Cn_Inter_Border_WarpPerspective.WarpPerspective/384 (18 ms)
[ RUN      ] Sz_Depth_Cn_Inter_Border_WarpPerspective.WarpPerspective/385, where GetParam() = (1920x1080, CV_32F, BGR, INTER_CUBIC, BORDER_REFLECT101)
[ PERFSTAT ]    (samples=25   mean=0.27   median=0.27   min=0.27   stddev=0.00 (0.5%))
[       OK ] Sz_Depth_Cn_Inter_Border_WarpPerspective.WarpPerspective/385 (24 ms)
[ RUN      ] Sz_Depth_Cn_Inter_Border_WarpPerspective.WarpPerspective/386, where GetParam() = (1920x1080, CV_32F, BGR, INTER_CUBIC, BORDER_REPLICATE)
[ PERFSTAT ]    (samples=13   mean=0.27   median=0.27   min=0.27   stddev=0.00 (0.2%))
[       OK ] Sz_Depth_Cn_Inter_Border_WarpPerspective.WarpPerspective/386 (20 ms)
[ RUN      ] Sz_Depth_Cn_Inter_Border_WarpPerspective.WarpPerspective/387, where GetParam() = (1920x1080, CV_32F, BGR, INTER_CUBIC, BORDER_CONSTANT)
[ PERFSTAT ]    (samples=13   mean=0.19   median=0.19   min=0.19   stddev=0.00 (0.9%))
[       OK ] Sz_Depth_Cn_Inter_Border_WarpPerspective.WarpPerspective/387 (19 ms)
[ RUN      ] Sz_Depth_Cn_Inter_Border_WarpPerspective.WarpPerspective/388, where GetParam() = (1920x1080, CV_32F, BGR, INTER_CUBIC, BORDER_REFLECT)
[ PERFSTAT ]    (samples=13   mean=0.26   median=0.26   min=0.26   stddev=0.00 (0.2%))
[       OK ] Sz_Depth_Cn_Inter_Border_WarpPerspective.WarpPerspective/388 (21 ms)
[ RUN      ] Sz_Depth_Cn_Inter_Border_WarpPerspective.WarpPerspective/389, where GetParam() = (1920x1080, CV_32F, BGR, INTER_CUBIC, BORDER_WRAP)
[ PERFSTAT ]    (samples=13   mean=0.26   median=0.27   min=0.26   stddev=0.00 (0.2%))
[       OK ] Sz_Depth_Cn_Inter_Border_WarpPerspective.WarpPerspective/389 (21 ms)
[ RUN      ] Sz_Depth_Cn_Inter_Border_WarpPerspective.WarpPerspective/390, where GetParam() = (1920x1080, CV_32F, BGRA, INTER_NEAREST, BORDER_REFLECT101)
[ PERFSTAT ]    (samples=13   mean=0.06   median=0.06   min=0.06   stddev=0.00 (1.5%))
[       OK ] Sz_Depth_Cn_Inter_Border_WarpPerspective.WarpPerspective/390 (26 ms)
[ RUN      ] Sz_Depth_Cn_Inter_Border_WarpPerspective.WarpPerspective/391, where GetParam() = (1920x1080, CV_32F, BGRA, INTER_NEAREST, BORDER_REPLICATE)
[ PERFSTAT ]    (samples=13   mean=0.06   median=0.06   min=0.05   stddev=0.00 (1.8%))
[       OK ] Sz_Depth_Cn_Inter_Border_WarpPerspective.WarpPerspective/391 (28 ms)
[ RUN      ] Sz_Depth_Cn_Inter_Border_WarpPerspective.WarpPerspective/392, where GetParam() = (1920x1080, CV_32F, BGRA, INTER_NEAREST, BORDER_CONSTANT)
[ PERFSTAT ]    (samples=13   mean=0.05   median=0.05   min=0.05   stddev=0.00 (1.3%))
[       OK ] Sz_Depth_Cn_Inter_Border_WarpPerspective.WarpPerspective/392 (28 ms)
[ RUN      ] Sz_Depth_Cn_Inter_Border_WarpPerspective.WarpPerspective/393, where GetParam() = (1920x1080, CV_32F, BGRA, INTER_NEAREST, BORDER_REFLECT)
[ PERFSTAT ]    (samples=13   mean=0.06   median=0.06   min=0.06   stddev=0.00 (1.6%))
[       OK ] Sz_Depth_Cn_Inter_Border_WarpPerspective.WarpPerspective/393 (28 ms)
[ RUN      ] Sz_Depth_Cn_Inter_Border_WarpPerspective.WarpPerspective/394, where GetParam() = (1920x1080, CV_32F, BGRA, INTER_NEAREST, BORDER_WRAP)
[ PERFSTAT ]    (samples=13   mean=0.06   median=0.06   min=0.06   stddev=0.00 (1.1%))
[       OK ] Sz_Depth_Cn_Inter_Border_WarpPerspective.WarpPerspective/394 (29 ms)
[ RUN      ] Sz_Depth_Cn_Inter_Border_WarpPerspective.WarpPerspective/395, where GetParam() = (1920x1080, CV_32F, BGRA, INTER_LINEAR, BORDER_REFLECT101)
[ PERFSTAT ]    (samples=13   mean=0.07   median=0.07   min=0.07   stddev=0.00 (1.0%))
[       OK ] Sz_Depth_Cn_Inter_Border_WarpPerspective.WarpPerspective/395 (28 ms)
[ RUN      ] Sz_Depth_Cn_Inter_Border_WarpPerspective.WarpPerspective/396, where GetParam() = (1920x1080, CV_32F, BGRA, INTER_LINEAR, BORDER_REPLICATE)
[ PERFSTAT ]    (samples=13   mean=0.07   median=0.07   min=0.07   stddev=0.00 (1.2%))
[       OK ] Sz_Depth_Cn_Inter_Border_WarpPerspective.WarpPerspective/396 (28 ms)
[ RUN      ] Sz_Depth_Cn_Inter_Border_WarpPerspective.WarpPerspective/397, where GetParam() = (1920x1080, CV_32F, BGRA, INTER_LINEAR, BORDER_CONSTANT)
[ PERFSTAT ]    (samples=13   mean=0.06   median=0.06   min=0.06   stddev=0.00 (1.7%))
[       OK ] Sz_Depth_Cn_Inter_Border_WarpPerspective.WarpPerspective/397 (28 ms)
[ RUN      ] Sz_Depth_Cn_Inter_Border_WarpPerspective.WarpPerspective/398, where GetParam() = (1920x1080, CV_32F, BGRA, INTER_LINEAR, BORDER_REFLECT)
[ PERFSTAT ]    (samples=14   mean=0.07   median=0.07   min=0.07   stddev=0.00 (2.9%))
[       OK ] Sz_Depth_Cn_Inter_Border_WarpPerspective.WarpPerspective/398 (28 ms)
[ RUN      ] Sz_Depth_Cn_Inter_Border_WarpPerspective.WarpPerspective/399, where GetParam() = (1920x1080, CV_32F, BGRA, INTER_LINEAR, BORDER_WRAP)
[ PERFSTAT ]    (samples=13   mean=0.07   median=0.07   min=0.07   stddev=0.00 (1.2%))
[       OK ] Sz_Depth_Cn_Inter_Border_WarpPerspective.WarpPerspective/399 (28 ms)
[ RUN      ] Sz_Depth_Cn_Inter_Border_WarpPerspective.WarpPerspective/400, where GetParam() = (1920x1080, CV_32F, BGRA, INTER_CUBIC, BORDER_REFLECT101)
[ PERFSTAT ]    (samples=13   mean=0.23   median=0.23   min=0.23   stddev=0.00 (0.4%))
[       OK ] Sz_Depth_Cn_Inter_Border_WarpPerspective.WarpPerspective/400 (31 ms)
[ RUN      ] Sz_Depth_Cn_Inter_Border_WarpPerspective.WarpPerspective/401, where GetParam() = (1920x1080, CV_32F, BGRA, INTER_CUBIC, BORDER_REPLICATE)
[ PERFSTAT ]    (samples=13   mean=0.19   median=0.19   min=0.19   stddev=0.00 (0.6%))
[       OK ] Sz_Depth_Cn_Inter_Border_WarpPerspective.WarpPerspective/401 (29 ms)
[ RUN      ] Sz_Depth_Cn_Inter_Border_WarpPerspective.WarpPerspective/402, where GetParam() = (1920x1080, CV_32F, BGRA, INTER_CUBIC, BORDER_CONSTANT)
[ PERFSTAT ]    (samples=25   mean=0.17   median=0.17   min=0.17   stddev=0.00 (0.3%))
[       OK ] Sz_Depth_Cn_Inter_Border_WarpPerspective.WarpPerspective/402 (32 ms)
[ RUN      ] Sz_Depth_Cn_Inter_Border_WarpPerspective.WarpPerspective/403, where GetParam() = (1920x1080, CV_32F, BGRA, INTER_CUBIC, BORDER_REFLECT)
[ PERFSTAT ]    (samples=13   mean=0.25   median=0.25   min=0.25   stddev=0.00 (0.3%))
[       OK ] Sz_Depth_Cn_Inter_Border_WarpPerspective.WarpPerspective/403 (31 ms)
[ RUN      ] Sz_Depth_Cn_Inter_Border_WarpPerspective.WarpPerspective/404, where GetParam() = (1920x1080, CV_32F, BGRA, INTER_CUBIC, BORDER_WRAP)
[ PERFSTAT ]    (samples=13   mean=0.23   median=0.23   min=0.23   stddev=0.00 (0.6%))
[       OK ] Sz_Depth_Cn_Inter_Border_WarpPerspective.WarpPerspective/404 (30 ms)
[----------] 405 tests from Sz_Depth_Cn_Inter_Border_WarpPerspective (3660 ms total)

[----------] 81 tests from Sz_Depth_Cn_Inter_Rotate
[ RUN      ] Sz_Depth_Cn_Inter_Rotate.Rotate/0, where GetParam() = (1280x720, CV_8U, Gray, INTER_NEAREST)
[ PERFSTAT ]    (samples=25   mean=0.02   median=0.02   min=0.02   stddev=0.00 (1.3%))
[       OK ] Sz_Depth_Cn_Inter_Rotate.Rotate/0 (5 ms)
[ RUN      ] Sz_Depth_Cn_Inter_Rotate.Rotate/1, where GetParam() = (1280x720, CV_8U, Gray, INTER_LINEAR)
[ PERFSTAT ]    (samples=13   mean=0.02   median=0.02   min=0.02   stddev=0.00 (2.6%))
[       OK ] Sz_Depth_Cn_Inter_Rotate.Rotate/1 (2 ms)
[ RUN      ] Sz_Depth_Cn_Inter_Rotate.Rotate/2, where GetParam() = (1280x720, CV_8U, Gray, INTER_CUBIC)
[ PERFSTAT ]    (samples=13   mean=0.04   median=0.04   min=0.03   stddev=0.00 (1.9%))
[       OK ] Sz_Depth_Cn_Inter_Rotate.Rotate/2 (2 ms)
[ RUN      ] Sz_Depth_Cn_Inter_Rotate.Rotate/3, where GetParam() = (1280x720, CV_8U, BGR, INTER_NEAREST)
[ PERFSTAT ]    (samples=13   mean=0.02   median=0.02   min=0.02   stddev=0.00 (1.5%))
[       OK ] Sz_Depth_Cn_Inter_Rotate.Rotate/3 (4 ms)
[ RUN      ] Sz_Depth_Cn_Inter_Rotate.Rotate/4, where GetParam() = (1280x720, CV_8U, BGR, INTER_LINEAR)
[ PERFSTAT ]    (samples=13   mean=0.03   median=0.03   min=0.03   stddev=0.00 (1.2%))
[       OK ] Sz_Depth_Cn_Inter_Rotate.Rotate/4 (5 ms)
[ RUN      ] Sz_Depth_Cn_Inter_Rotate.Rotate/5, where GetParam() = (1280x720, CV_8U, BGR, INTER_CUBIC)
[ PERFSTAT ]    (samples=13   mean=0.05   median=0.05   min=0.05   stddev=0.00 (0.8%))
[       OK ] Sz_Depth_Cn_Inter_Rotate.Rotate/5 (4 ms)
[ RUN      ] Sz_Depth_Cn_Inter_Rotate.Rotate/6, where GetParam() = (1280x720, CV_8U, BGRA, INTER_NEAREST)
[ PERFSTAT ]    (samples=13   mean=0.02   median=0.02   min=0.02   stddev=0.00 (1.7%))
[       OK ] Sz_Depth_Cn_Inter_Rotate.Rotate/6 (4 ms)
[ RUN      ] Sz_Depth_Cn_Inter_Rotate.Rotate/7, where GetParam() = (1280x720, CV_8U, BGRA, INTER_LINEAR)
/data/xumengying/tool-verify/opencv-verify/src/opencv/modules/ts/src/ts_perf.cpp:368: Failure
The difference between expect_max and actual_max is 1, which exceeds eps, where
expect_max evaluates to 254,
actual_max evaluates to 255, and
eps evaluates to 0.254.
Argument "gpu_dst" has unexpected maximal value

params    = (1280x720, CV_8U, BGRA, INTER_LINEAR)
termination reason:  unknown
bytesIn   =    3686400
bytesOut  =          0
samples   =         13 of 100
outliers  =          1
frequency = 1000000000
min       =      25549 = 0.03ms
median    =      26074 = 0.03ms
gmean     =      26100 = 0.03ms
gstddev   = 0.01495742 = 0.00ms for 97% dispersion interval
mean      =      26103 = 0.03ms
stddev    =        393 = 0.00ms
[  FAILED  ] Sz_Depth_Cn_Inter_Rotate.Rotate/7, where GetParam() = (1280x720, CV_8U, BGRA, INTER_LINEAR) (4 ms)
[ RUN      ] Sz_Depth_Cn_Inter_Rotate.Rotate/8, where GetParam() = (1280x720, CV_8U, BGRA, INTER_CUBIC)
[ PERFSTAT ]    (samples=13   mean=0.04   median=0.04   min=0.04   stddev=0.00 (2.0%))
[       OK ] Sz_Depth_Cn_Inter_Rotate.Rotate/8 (5 ms)
[ RUN      ] Sz_Depth_Cn_Inter_Rotate.Rotate/9, where GetParam() = (1280x720, CV_16U, Gray, INTER_NEAREST)
[ PERFSTAT ]    (samples=25   mean=0.02   median=0.02   min=0.02   stddev=0.00 (2.0%))
[       OK ] Sz_Depth_Cn_Inter_Rotate.Rotate/9 (3 ms)
[ RUN      ] Sz_Depth_Cn_Inter_Rotate.Rotate/10, where GetParam() = (1280x720, CV_16U, Gray, INTER_LINEAR)
[ PERFSTAT ]    (samples=25   mean=0.02   median=0.02   min=0.02   stddev=0.00 (2.0%))
[       OK ] Sz_Depth_Cn_Inter_Rotate.Rotate/10 (3 ms)
[ RUN      ] Sz_Depth_Cn_Inter_Rotate.Rotate/11, where GetParam() = (1280x720, CV_16U, Gray, INTER_CUBIC)
[ PERFSTAT ]    (samples=13   mean=0.04   median=0.04   min=0.04   stddev=0.00 (1.7%))
[       OK ] Sz_Depth_Cn_Inter_Rotate.Rotate/11 (3 ms)
[ RUN      ] Sz_Depth_Cn_Inter_Rotate.Rotate/12, where GetParam() = (1280x720, CV_16U, BGR, INTER_NEAREST)
[ PERFSTAT ]    (samples=13   mean=0.03   median=0.03   min=0.03   stddev=0.00 (1.5%))
[       OK ] Sz_Depth_Cn_Inter_Rotate.Rotate/12 (7 ms)
[ RUN      ] Sz_Depth_Cn_Inter_Rotate.Rotate/13, where GetParam() = (1280x720, CV_16U, BGR, INTER_LINEAR)
[ PERFSTAT ]    (samples=13   mean=0.04   median=0.04   min=0.03   stddev=0.00 (1.4%))
[       OK ] Sz_Depth_Cn_Inter_Rotate.Rotate/13 (6 ms)
[ RUN      ] Sz_Depth_Cn_Inter_Rotate.Rotate/14, where GetParam() = (1280x720, CV_16U, BGR, INTER_CUBIC)
[ PERFSTAT ]    (samples=13   mean=0.07   median=0.07   min=0.07   stddev=0.00 (1.4%))
[       OK ] Sz_Depth_Cn_Inter_Rotate.Rotate/14 (7 ms)
[ RUN      ] Sz_Depth_Cn_Inter_Rotate.Rotate/15, where GetParam() = (1280x720, CV_16U, BGRA, INTER_NEAREST)
[ PERFSTAT ]    (samples=13   mean=0.02   median=0.02   min=0.02   stddev=0.00 (1.9%))
[       OK ] Sz_Depth_Cn_Inter_Rotate.Rotate/15 (8 ms)
[ RUN      ] Sz_Depth_Cn_Inter_Rotate.Rotate/16, where GetParam() = (1280x720, CV_16U, BGRA, INTER_LINEAR)
[ PERFSTAT ]    (samples=25   mean=0.03   median=0.03   min=0.03   stddev=0.00 (1.0%))
[       OK ] Sz_Depth_Cn_Inter_Rotate.Rotate/16 (9 ms)
[ RUN      ] Sz_Depth_Cn_Inter_Rotate.Rotate/17, where GetParam() = (1280x720, CV_16U, BGRA, INTER_CUBIC)
[ PERFSTAT ]    (samples=13   mean=0.05   median=0.05   min=0.05   stddev=0.00 (1.3%))
[       OK ] Sz_Depth_Cn_Inter_Rotate.Rotate/17 (8 ms)
[ RUN      ] Sz_Depth_Cn_Inter_Rotate.Rotate/18, where GetParam() = (1280x720, CV_32F, Gray, INTER_NEAREST)
[ PERFSTAT ]    (samples=13   mean=0.02   median=0.02   min=0.02   stddev=0.00 (1.9%))
[       OK ] Sz_Depth_Cn_Inter_Rotate.Rotate/18 (3 ms)
[ RUN      ] Sz_Depth_Cn_Inter_Rotate.Rotate/19, where GetParam() = (1280x720, CV_32F, Gray, INTER_LINEAR)
[ PERFSTAT ]    (samples=25   mean=0.02   median=0.02   min=0.02   stddev=0.00 (2.5%))
[       OK ] Sz_Depth_Cn_Inter_Rotate.Rotate/19 (4 ms)
[ RUN      ] Sz_Depth_Cn_Inter_Rotate.Rotate/20, where GetParam() = (1280x720, CV_32F, Gray, INTER_CUBIC)
[ PERFSTAT ]    (samples=13   mean=0.04   median=0.04   min=0.04   stddev=0.00 (1.5%))
[       OK ] Sz_Depth_Cn_Inter_Rotate.Rotate/20 (3 ms)
[ RUN      ] Sz_Depth_Cn_Inter_Rotate.Rotate/21, where GetParam() = (1280x720, CV_32F, BGR, INTER_NEAREST)
[ PERFSTAT ]    (samples=13   mean=0.03   median=0.03   min=0.03   stddev=0.00 (1.6%))
[       OK ] Sz_Depth_Cn_Inter_Rotate.Rotate/21 (9 ms)
[ RUN      ] Sz_Depth_Cn_Inter_Rotate.Rotate/22, where GetParam() = (1280x720, CV_32F, BGR, INTER_LINEAR)
[ PERFSTAT ]    (samples=13   mean=0.03   median=0.03   min=0.03   stddev=0.00 (1.3%))
[       OK ] Sz_Depth_Cn_Inter_Rotate.Rotate/22 (9 ms)
[ RUN      ] Sz_Depth_Cn_Inter_Rotate.Rotate/23, where GetParam() = (1280x720, CV_32F, BGR, INTER_CUBIC)
[ PERFSTAT ]    (samples=13   mean=0.07   median=0.07   min=0.07   stddev=0.00 (1.9%))
[       OK ] Sz_Depth_Cn_Inter_Rotate.Rotate/23 (9 ms)
[ RUN      ] Sz_Depth_Cn_Inter_Rotate.Rotate/24, where GetParam() = (1280x720, CV_32F, BGRA, INTER_NEAREST)
[ PERFSTAT ]    (samples=13   mean=0.03   median=0.03   min=0.03   stddev=0.00 (1.5%))
[       OK ] Sz_Depth_Cn_Inter_Rotate.Rotate/24 (12 ms)
[ RUN      ] Sz_Depth_Cn_Inter_Rotate.Rotate/25, where GetParam() = (1280x720, CV_32F, BGRA, INTER_LINEAR)
[ PERFSTAT ]    (samples=13   mean=0.03   median=0.03   min=0.03   stddev=0.00 (1.7%))
[       OK ] Sz_Depth_Cn_Inter_Rotate.Rotate/25 (11 ms)
[ RUN      ] Sz_Depth_Cn_Inter_Rotate.Rotate/26, where GetParam() = (1280x720, CV_32F, BGRA, INTER_CUBIC)
[ PERFSTAT ]    (samples=13   mean=0.05   median=0.05   min=0.05   stddev=0.00 (1.4%))
[       OK ] Sz_Depth_Cn_Inter_Rotate.Rotate/26 (11 ms)
[ RUN      ] Sz_Depth_Cn_Inter_Rotate.Rotate/27, where GetParam() = (1280x1024, CV_8U, Gray, INTER_NEAREST)
[ PERFSTAT ]    (samples=15   mean=0.02   median=0.02   min=0.02   stddev=0.00 (3.0%))
[       OK ] Sz_Depth_Cn_Inter_Rotate.Rotate/27 (2 ms)
[ RUN      ] Sz_Depth_Cn_Inter_Rotate.Rotate/28, where GetParam() = (1280x1024, CV_8U, Gray, INTER_LINEAR)
[ PERFSTAT ]    (samples=13   mean=0.03   median=0.03   min=0.03   stddev=0.00 (0.9%))
[       OK ] Sz_Depth_Cn_Inter_Rotate.Rotate/28 (3 ms)
[ RUN      ] Sz_Depth_Cn_Inter_Rotate.Rotate/29, where GetParam() = (1280x1024, CV_8U, Gray, INTER_CUBIC)
[ PERFSTAT ]    (samples=13   mean=0.04   median=0.04   min=0.04   stddev=0.00 (1.1%))
[       OK ] Sz_Depth_Cn_Inter_Rotate.Rotate/29 (2 ms)
[ RUN      ] Sz_Depth_Cn_Inter_Rotate.Rotate/30, where GetParam() = (1280x1024, CV_8U, BGR, INTER_NEAREST)
[ PERFSTAT ]    (samples=13   mean=0.03   median=0.03   min=0.03   stddev=0.00 (0.8%))
[       OK ] Sz_Depth_Cn_Inter_Rotate.Rotate/30 (5 ms)
[ RUN      ] Sz_Depth_Cn_Inter_Rotate.Rotate/31, where GetParam() = (1280x1024, CV_8U, BGR, INTER_LINEAR)
[ PERFSTAT ]    (samples=13   mean=0.04   median=0.04   min=0.04   stddev=0.00 (1.2%))
[       OK ] Sz_Depth_Cn_Inter_Rotate.Rotate/31 (6 ms)
[ RUN      ] Sz_Depth_Cn_Inter_Rotate.Rotate/32, where GetParam() = (1280x1024, CV_8U, BGR, INTER_CUBIC)
[ PERFSTAT ]    (samples=13   mean=0.07   median=0.07   min=0.07   stddev=0.00 (0.7%))
[       OK ] Sz_Depth_Cn_Inter_Rotate.Rotate/32 (5 ms)
[ RUN      ] Sz_Depth_Cn_Inter_Rotate.Rotate/33, where GetParam() = (1280x1024, CV_8U, BGRA, INTER_NEAREST)
[ PERFSTAT ]    (samples=13   mean=0.02   median=0.02   min=0.02   stddev=0.00 (1.6%))
[       OK ] Sz_Depth_Cn_Inter_Rotate.Rotate/33 (6 ms)
[ RUN      ] Sz_Depth_Cn_Inter_Rotate.Rotate/34, where GetParam() = (1280x1024, CV_8U, BGRA, INTER_LINEAR)
/data/xumengying/tool-verify/opencv-verify/src/opencv/modules/ts/src/ts_perf.cpp:368: Failure
The difference between expect_max and actual_max is 1, which exceeds eps, where
expect_max evaluates to 254,
actual_max evaluates to 255, and
eps evaluates to 0.254.
Argument "gpu_dst" has unexpected maximal value

params    = (1280x1024, CV_8U, BGRA, INTER_LINEAR)
termination reason:  unknown
bytesIn   =    5242880
bytesOut  =          0
samples   =         13 of 100
outliers  =          1
frequency = 1000000000
min       =      31720 = 0.03ms
median    =      32376 = 0.03ms
gmean     =      32268 = 0.03ms
gstddev   = 0.00976133 = 0.00ms for 97% dispersion interval
mean      =      32269 = 0.03ms
stddev    =        314 = 0.00ms
[  FAILED  ] Sz_Depth_Cn_Inter_Rotate.Rotate/34, where GetParam() = (1280x1024, CV_8U, BGRA, INTER_LINEAR) (6 ms)
[ RUN      ] Sz_Depth_Cn_Inter_Rotate.Rotate/35, where GetParam() = (1280x1024, CV_8U, BGRA, INTER_CUBIC)
[ PERFSTAT ]    (samples=13   mean=0.06   median=0.06   min=0.06   stddev=0.00 (1.0%))
[       OK ] Sz_Depth_Cn_Inter_Rotate.Rotate/35 (6 ms)
[ RUN      ] Sz_Depth_Cn_Inter_Rotate.Rotate/36, where GetParam() = (1280x1024, CV_16U, Gray, INTER_NEAREST)
[ PERFSTAT ]    (samples=13   mean=0.02   median=0.02   min=0.02   stddev=0.00 (0.8%))
[       OK ] Sz_Depth_Cn_Inter_Rotate.Rotate/36 (3 ms)
[ RUN      ] Sz_Depth_Cn_Inter_Rotate.Rotate/37, where GetParam() = (1280x1024, CV_16U, Gray, INTER_LINEAR)
[ PERFSTAT ]    (samples=13   mean=0.03   median=0.03   min=0.03   stddev=0.00 (1.1%))
[       OK ] Sz_Depth_Cn_Inter_Rotate.Rotate/37 (4 ms)
[ RUN      ] Sz_Depth_Cn_Inter_Rotate.Rotate/38, where GetParam() = (1280x1024, CV_16U, Gray, INTER_CUBIC)
[ PERFSTAT ]    (samples=13   mean=0.05   median=0.05   min=0.05   stddev=0.00 (0.8%))
[       OK ] Sz_Depth_Cn_Inter_Rotate.Rotate/38 (4 ms)
[ RUN      ] Sz_Depth_Cn_Inter_Rotate.Rotate/39, where GetParam() = (1280x1024, CV_16U, BGR, INTER_NEAREST)
[ PERFSTAT ]    (samples=13   mean=0.03   median=0.03   min=0.03   stddev=0.00 (1.0%))
[       OK ] Sz_Depth_Cn_Inter_Rotate.Rotate/39 (8 ms)
[ RUN      ] Sz_Depth_Cn_Inter_Rotate.Rotate/40, where GetParam() = (1280x1024, CV_16U, BGR, INTER_LINEAR)
[ PERFSTAT ]    (samples=13   mean=0.05   median=0.05   min=0.05   stddev=0.00 (1.6%))
[       OK ] Sz_Depth_Cn_Inter_Rotate.Rotate/40 (9 ms)
[ RUN      ] Sz_Depth_Cn_Inter_Rotate.Rotate/41, where GetParam() = (1280x1024, CV_16U, BGR, INTER_CUBIC)
[ PERFSTAT ]    (samples=13   mean=0.11   median=0.11   min=0.10   stddev=0.00 (1.1%))
[       OK ] Sz_Depth_Cn_Inter_Rotate.Rotate/41 (9 ms)
[ RUN      ] Sz_Depth_Cn_Inter_Rotate.Rotate/42, where GetParam() = (1280x1024, CV_16U, BGRA, INTER_NEAREST)
[ PERFSTAT ]    (samples=50   mean=0.03   median=0.03   min=0.03   stddev=0.00 (2.6%))
[       OK ] Sz_Depth_Cn_Inter_Rotate.Rotate/42 (12 ms)
[ RUN      ] Sz_Depth_Cn_Inter_Rotate.Rotate/43, where GetParam() = (1280x1024, CV_16U, BGRA, INTER_LINEAR)
[ PERFSTAT ]    (samples=100   mean=0.04   median=0.03   min=0.03   stddev=0.00 (2.8%))
[       OK ] Sz_Depth_Cn_Inter_Rotate.Rotate/43 (16 ms)
[ RUN      ] Sz_Depth_Cn_Inter_Rotate.Rotate/44, where GetParam() = (1280x1024, CV_16U, BGRA, INTER_CUBIC)
[ PERFSTAT ]    (samples=13   mean=0.06   median=0.06   min=0.06   stddev=0.00 (0.6%))
[       OK ] Sz_Depth_Cn_Inter_Rotate.Rotate/44 (11 ms)
[ RUN      ] Sz_Depth_Cn_Inter_Rotate.Rotate/45, where GetParam() = (1280x1024, CV_32F, Gray, INTER_NEAREST)
[ PERFSTAT ]    (samples=25   mean=0.02   median=0.02   min=0.02   stddev=0.00 (1.7%))
[       OK ] Sz_Depth_Cn_Inter_Rotate.Rotate/45 (4 ms)
[ RUN      ] Sz_Depth_Cn_Inter_Rotate.Rotate/46, where GetParam() = (1280x1024, CV_32F, Gray, INTER_LINEAR)
[ PERFSTAT ]    (samples=23   mean=0.03   median=0.03   min=0.03   stddev=0.00 (3.0%))
[       OK ] Sz_Depth_Cn_Inter_Rotate.Rotate/46 (5 ms)
[ RUN      ] Sz_Depth_Cn_Inter_Rotate.Rotate/47, where GetParam() = (1280x1024, CV_32F, Gray, INTER_CUBIC)
[ PERFSTAT ]    (samples=13   mean=0.05   median=0.05   min=0.05   stddev=0.00 (0.9%))
[       OK ] Sz_Depth_Cn_Inter_Rotate.Rotate/47 (4 ms)
[ RUN      ] Sz_Depth_Cn_Inter_Rotate.Rotate/48, where GetParam() = (1280x1024, CV_32F, BGR, INTER_NEAREST)
[ PERFSTAT ]    (samples=13   mean=0.04   median=0.04   min=0.04   stddev=0.00 (1.3%))
[       OK ] Sz_Depth_Cn_Inter_Rotate.Rotate/48 (13 ms)
[ RUN      ] Sz_Depth_Cn_Inter_Rotate.Rotate/49, where GetParam() = (1280x1024, CV_32F, BGR, INTER_LINEAR)
[ PERFSTAT ]    (samples=13   mean=0.04   median=0.04   min=0.04   stddev=0.00 (0.7%))
[       OK ] Sz_Depth_Cn_Inter_Rotate.Rotate/49 (11 ms)
[ RUN      ] Sz_Depth_Cn_Inter_Rotate.Rotate/50, where GetParam() = (1280x1024, CV_32F, BGR, INTER_CUBIC)
[ PERFSTAT ]    (samples=13   mean=0.10   median=0.10   min=0.10   stddev=0.00 (0.9%))
[       OK ] Sz_Depth_Cn_Inter_Rotate.Rotate/50 (13 ms)
[ RUN      ] Sz_Depth_Cn_Inter_Rotate.Rotate/51, where GetParam() = (1280x1024, CV_32F, BGRA, INTER_NEAREST)
[ PERFSTAT ]    (samples=13   mean=0.04   median=0.04   min=0.04   stddev=0.00 (0.8%))
[       OK ] Sz_Depth_Cn_Inter_Rotate.Rotate/51 (17 ms)
[ RUN      ] Sz_Depth_Cn_Inter_Rotate.Rotate/52, where GetParam() = (1280x1024, CV_32F, BGRA, INTER_LINEAR)
[ PERFSTAT ]    (samples=13   mean=0.05   median=0.05   min=0.04   stddev=0.00 (0.9%))
[       OK ] Sz_Depth_Cn_Inter_Rotate.Rotate/52 (15 ms)
[ RUN      ] Sz_Depth_Cn_Inter_Rotate.Rotate/53, where GetParam() = (1280x1024, CV_32F, BGRA, INTER_CUBIC)
[ PERFSTAT ]    (samples=25   mean=0.07   median=0.07   min=0.07   stddev=0.00 (0.7%))
[       OK ] Sz_Depth_Cn_Inter_Rotate.Rotate/53 (17 ms)
[ RUN      ] Sz_Depth_Cn_Inter_Rotate.Rotate/54, where GetParam() = (1920x1080, CV_8U, Gray, INTER_NEAREST)
[ PERFSTAT ]    (samples=13   mean=0.02   median=0.02   min=0.02   stddev=0.00 (2.1%))
[       OK ] Sz_Depth_Cn_Inter_Rotate.Rotate/54 (3 ms)
[ RUN      ] Sz_Depth_Cn_Inter_Rotate.Rotate/55, where GetParam() = (1920x1080, CV_8U, Gray, INTER_LINEAR)
/data/xumengying/tool-verify/opencv-verify/src/opencv/modules/ts/src/ts_perf.cpp:368: Failure
The difference between expect_max and actual_max is 1, which exceeds eps, where
expect_max evaluates to 254,
actual_max evaluates to 255, and
eps evaluates to 0.254.
Argument "gpu_dst" has unexpected maximal value

params    = (1920x1080, CV_8U, Gray, INTER_LINEAR)
termination reason:  unknown
bytesIn   =    2073600
bytesOut  =          0
samples   =         25 of 100
outliers  =          2
frequency = 1000000000
min       =      28765 = 0.03ms
median    =      29225 = 0.03ms
gmean     =      29259 = 0.03ms
gstddev   = 0.00839102 = 0.00ms for 97% dispersion interval
mean      =      29260 = 0.03ms
stddev    =        246 = 0.00ms
[  FAILED  ] Sz_Depth_Cn_Inter_Rotate.Rotate/55, where GetParam() = (1920x1080, CV_8U, Gray, INTER_LINEAR) (4 ms)
[ RUN      ] Sz_Depth_Cn_Inter_Rotate.Rotate/56, where GetParam() = (1920x1080, CV_8U, Gray, INTER_CUBIC)
[ PERFSTAT ]    (samples=13   mean=0.05   median=0.05   min=0.04   stddev=0.00 (1.2%))
[       OK ] Sz_Depth_Cn_Inter_Rotate.Rotate/56 (3 ms)
[ RUN      ] Sz_Depth_Cn_Inter_Rotate.Rotate/57, where GetParam() = (1920x1080, CV_8U, BGR, INTER_NEAREST)
[ PERFSTAT ]    (samples=13   mean=0.03   median=0.03   min=0.03   stddev=0.00 (1.2%))
[       OK ] Sz_Depth_Cn_Inter_Rotate.Rotate/57 (7 ms)
[ RUN      ] Sz_Depth_Cn_Inter_Rotate.Rotate/58, where GetParam() = (1920x1080, CV_8U, BGR, INTER_LINEAR)
[ PERFSTAT ]    (samples=13   mean=0.05   median=0.05   min=0.05   stddev=0.00 (0.9%))
[       OK ] Sz_Depth_Cn_Inter_Rotate.Rotate/58 (7 ms)
[ RUN      ] Sz_Depth_Cn_Inter_Rotate.Rotate/59, where GetParam() = (1920x1080, CV_8U, BGR, INTER_CUBIC)
[ PERFSTAT ]    (samples=13   mean=0.13   median=0.13   min=0.12   stddev=0.00 (0.6%))
[       OK ] Sz_Depth_Cn_Inter_Rotate.Rotate/59 (8 ms)
[ RUN      ] Sz_Depth_Cn_Inter_Rotate.Rotate/60, where GetParam() = (1920x1080, CV_8U, BGRA, INTER_NEAREST)
[ PERFSTAT ]    (samples=13   mean=0.03   median=0.03   min=0.03   stddev=0.00 (1.0%))
[       OK ] Sz_Depth_Cn_Inter_Rotate.Rotate/60 (8 ms)
[ RUN      ] Sz_Depth_Cn_Inter_Rotate.Rotate/61, where GetParam() = (1920x1080, CV_8U, BGRA, INTER_LINEAR)
[ PERFSTAT ]    (samples=13   mean=0.04   median=0.04   min=0.04   stddev=0.00 (1.4%))
[       OK ] Sz_Depth_Cn_Inter_Rotate.Rotate/61 (42 ms)
[ RUN      ] Sz_Depth_Cn_Inter_Rotate.Rotate/62, where GetParam() = (1920x1080, CV_8U, BGRA, INTER_CUBIC)
[ PERFSTAT ]    (samples=13   mean=0.08   median=0.07   min=0.07   stddev=0.00 (2.0%))
[       OK ] Sz_Depth_Cn_Inter_Rotate.Rotate/62 (9 ms)
[ RUN      ] Sz_Depth_Cn_Inter_Rotate.Rotate/63, where GetParam() = (1920x1080, CV_16U, Gray, INTER_NEAREST)
[ PERFSTAT ]    (samples=25   mean=0.03   median=0.03   min=0.02   stddev=0.00 (1.5%))
[       OK ] Sz_Depth_Cn_Inter_Rotate.Rotate/63 (5 ms)
[ RUN      ] Sz_Depth_Cn_Inter_Rotate.Rotate/64, where GetParam() = (1920x1080, CV_16U, Gray, INTER_LINEAR)
[ PERFSTAT ]    (samples=13   mean=0.03   median=0.03   min=0.03   stddev=0.00 (0.9%))
[       OK ] Sz_Depth_Cn_Inter_Rotate.Rotate/64 (5 ms)
[ RUN      ] Sz_Depth_Cn_Inter_Rotate.Rotate/65, where GetParam() = (1920x1080, CV_16U, Gray, INTER_CUBIC)
[ PERFSTAT ]    (samples=13   mean=0.05   median=0.05   min=0.05   stddev=0.00 (1.0%))
[       OK ] Sz_Depth_Cn_Inter_Rotate.Rotate/65 (5 ms)
[ RUN      ] Sz_Depth_Cn_Inter_Rotate.Rotate/66, where GetParam() = (1920x1080, CV_16U, BGR, INTER_NEAREST)
[ PERFSTAT ]    (samples=13   mean=0.04   median=0.04   min=0.04   stddev=0.00 (1.6%))
[       OK ] Sz_Depth_Cn_Inter_Rotate.Rotate/66 (13 ms)
[ RUN      ] Sz_Depth_Cn_Inter_Rotate.Rotate/67, where GetParam() = (1920x1080, CV_16U, BGR, INTER_LINEAR)
[ PERFSTAT ]    (samples=13   mean=0.05   median=0.05   min=0.05   stddev=0.00 (0.8%))
[       OK ] Sz_Depth_Cn_Inter_Rotate.Rotate/67 (13 ms)
[ RUN      ] Sz_Depth_Cn_Inter_Rotate.Rotate/68, where GetParam() = (1920x1080, CV_16U, BGR, INTER_CUBIC)
[ PERFSTAT ]    (samples=13   mean=0.12   median=0.12   min=0.12   stddev=0.00 (0.6%))
[       OK ] Sz_Depth_Cn_Inter_Rotate.Rotate/68 (14 ms)
[ RUN      ] Sz_Depth_Cn_Inter_Rotate.Rotate/69, where GetParam() = (1920x1080, CV_16U, BGRA, INTER_NEAREST)
[ PERFSTAT ]    (samples=25   mean=0.03   median=0.03   min=0.03   stddev=0.00 (1.4%))
[       OK ] Sz_Depth_Cn_Inter_Rotate.Rotate/69 (18 ms)
[ RUN      ] Sz_Depth_Cn_Inter_Rotate.Rotate/70, where GetParam() = (1920x1080, CV_16U, BGRA, INTER_LINEAR)
[ PERFSTAT ]    (samples=13   mean=0.04   median=0.04   min=0.04   stddev=0.00 (1.5%))
[       OK ] Sz_Depth_Cn_Inter_Rotate.Rotate/70 (18 ms)
[ RUN      ] Sz_Depth_Cn_Inter_Rotate.Rotate/71, where GetParam() = (1920x1080, CV_16U, BGRA, INTER_CUBIC)
[ PERFSTAT ]    (samples=13   mean=0.08   median=0.08   min=0.08   stddev=0.00 (1.4%))
[       OK ] Sz_Depth_Cn_Inter_Rotate.Rotate/71 (17 ms)
[ RUN      ] Sz_Depth_Cn_Inter_Rotate.Rotate/72, where GetParam() = (1920x1080, CV_32F, Gray, INTER_NEAREST)
[ PERFSTAT ]    (samples=25   mean=0.03   median=0.03   min=0.03   stddev=0.00 (0.9%))
[       OK ] Sz_Depth_Cn_Inter_Rotate.Rotate/72 (7 ms)
[ RUN      ] Sz_Depth_Cn_Inter_Rotate.Rotate/73, where GetParam() = (1920x1080, CV_32F, Gray, INTER_LINEAR)
[ PERFSTAT ]    (samples=13   mean=0.03   median=0.03   min=0.03   stddev=0.00 (1.0%))
[       OK ] Sz_Depth_Cn_Inter_Rotate.Rotate/73 (6 ms)
[ RUN      ] Sz_Depth_Cn_Inter_Rotate.Rotate/74, where GetParam() = (1920x1080, CV_32F, Gray, INTER_CUBIC)
[ PERFSTAT ]    (samples=13   mean=0.06   median=0.06   min=0.06   stddev=0.00 (1.1%))
[       OK ] Sz_Depth_Cn_Inter_Rotate.Rotate/74 (7 ms)
[ RUN      ] Sz_Depth_Cn_Inter_Rotate.Rotate/75, where GetParam() = (1920x1080, CV_32F, BGR, INTER_NEAREST)
[ PERFSTAT ]    (samples=13   mean=0.05   median=0.05   min=0.05   stddev=0.00 (0.7%))
[       OK ] Sz_Depth_Cn_Inter_Rotate.Rotate/75 (19 ms)
[ RUN      ] Sz_Depth_Cn_Inter_Rotate.Rotate/76, where GetParam() = (1920x1080, CV_32F, BGR, INTER_LINEAR)
[ PERFSTAT ]    (samples=13   mean=0.06   median=0.06   min=0.06   stddev=0.00 (1.1%))
[       OK ] Sz_Depth_Cn_Inter_Rotate.Rotate/76 (19 ms)
[ RUN      ] Sz_Depth_Cn_Inter_Rotate.Rotate/77, where GetParam() = (1920x1080, CV_32F, BGR, INTER_CUBIC)
[ PERFSTAT ]    (samples=13   mean=0.12   median=0.12   min=0.12   stddev=0.00 (0.8%))
[       OK ] Sz_Depth_Cn_Inter_Rotate.Rotate/77 (19 ms)
[ RUN      ] Sz_Depth_Cn_Inter_Rotate.Rotate/78, where GetParam() = (1920x1080, CV_32F, BGRA, INTER_NEAREST)
[ PERFSTAT ]    (samples=13   mean=0.06   median=0.06   min=0.06   stddev=0.00 (1.2%))
[       OK ] Sz_Depth_Cn_Inter_Rotate.Rotate/78 (27 ms)
[ RUN      ] Sz_Depth_Cn_Inter_Rotate.Rotate/79, where GetParam() = (1920x1080, CV_32F, BGRA, INTER_LINEAR)
[ PERFSTAT ]    (samples=13   mean=0.06   median=0.06   min=0.06   stddev=0.00 (0.7%))
[       OK ] Sz_Depth_Cn_Inter_Rotate.Rotate/79 (29 ms)
[ RUN      ] Sz_Depth_Cn_Inter_Rotate.Rotate/80, where GetParam() = (1920x1080, CV_32F, BGRA, INTER_CUBIC)
[ PERFSTAT ]    (samples=14   mean=0.09   median=0.09   min=0.09   stddev=0.00 (3.0%))
[       OK ] Sz_Depth_Cn_Inter_Rotate.Rotate/80 (28 ms)
[----------] 81 tests from Sz_Depth_Cn_Inter_Rotate (738 ms total)

[----------] 27 tests from Sz_Depth_Cn_PyrDown
[ RUN      ] Sz_Depth_Cn_PyrDown.PyrDown/0, where GetParam() = (1280x720, CV_8U, Gray)
[ PERFSTAT ]    (samples=13   mean=0.02   median=0.02   min=0.02   stddev=0.00 (2.7%))
[       OK ] Sz_Depth_Cn_PyrDown.PyrDown/0 (4 ms)
[ RUN      ] Sz_Depth_Cn_PyrDown.PyrDown/1, where GetParam() = (1280x720, CV_8U, BGR)
[ PERFSTAT ]    (samples=13   mean=0.02   median=0.02   min=0.02   stddev=0.00 (2.4%))
[       OK ] Sz_Depth_Cn_PyrDown.PyrDown/1 (4 ms)
[ RUN      ] Sz_Depth_Cn_PyrDown.PyrDown/2, where GetParam() = (1280x720, CV_8U, BGRA)
[ PERFSTAT ]    (samples=13   mean=0.02   median=0.02   min=0.02   stddev=0.00 (1.2%))
[       OK ] Sz_Depth_Cn_PyrDown.PyrDown/2 (4 ms)
[ RUN      ] Sz_Depth_Cn_PyrDown.PyrDown/3, where GetParam() = (1280x720, CV_16U, Gray)
[ PERFSTAT ]    (samples=13   mean=0.02   median=0.02   min=0.02   stddev=0.00 (1.4%))
[       OK ] Sz_Depth_Cn_PyrDown.PyrDown/3 (3 ms)
[ RUN      ] Sz_Depth_Cn_PyrDown.PyrDown/4, where GetParam() = (1280x720, CV_16U, BGR)
[ PERFSTAT ]    (samples=13   mean=0.02   median=0.02   min=0.02   stddev=0.00 (1.7%))
[       OK ] Sz_Depth_Cn_PyrDown.PyrDown/4 (6 ms)
[ RUN      ] Sz_Depth_Cn_PyrDown.PyrDown/5, where GetParam() = (1280x720, CV_16U, BGRA)
[ PERFSTAT ]    (samples=13   mean=0.02   median=0.02   min=0.02   stddev=0.00 (1.2%))
[       OK ] Sz_Depth_Cn_PyrDown.PyrDown/5 (8 ms)
[ RUN      ] Sz_Depth_Cn_PyrDown.PyrDown/6, where GetParam() = (1280x720, CV_32F, Gray)
[ PERFSTAT ]    (samples=13   mean=0.02   median=0.02   min=0.02   stddev=0.00 (1.6%))
[       OK ] Sz_Depth_Cn_PyrDown.PyrDown/6 (3 ms)
[ RUN      ] Sz_Depth_Cn_PyrDown.PyrDown/7, where GetParam() = (1280x720, CV_32F, BGR)
[ PERFSTAT ]    (samples=25   mean=0.02   median=0.02   min=0.02   stddev=0.00 (1.4%))
[       OK ] Sz_Depth_Cn_PyrDown.PyrDown/7 (8 ms)
[ RUN      ] Sz_Depth_Cn_PyrDown.PyrDown/8, where GetParam() = (1280x720, CV_32F, BGRA)
[ PERFSTAT ]    (samples=13   mean=0.03   median=0.03   min=0.03   stddev=0.00 (2.0%))
[       OK ] Sz_Depth_Cn_PyrDown.PyrDown/8 (9 ms)
[ RUN      ] Sz_Depth_Cn_PyrDown.PyrDown/9, where GetParam() = (1280x1024, CV_8U, Gray)
[ PERFSTAT ]    (samples=13   mean=0.02   median=0.02   min=0.02   stddev=0.00 (1.1%))
[       OK ] Sz_Depth_Cn_PyrDown.PyrDown/9 (2 ms)
[ RUN      ] Sz_Depth_Cn_PyrDown.PyrDown/10, where GetParam() = (1280x1024, CV_8U, BGR)
[ PERFSTAT ]    (samples=13   mean=0.02   median=0.02   min=0.02   stddev=0.00 (1.5%))
[       OK ] Sz_Depth_Cn_PyrDown.PyrDown/10 (5 ms)
[ RUN      ] Sz_Depth_Cn_PyrDown.PyrDown/11, where GetParam() = (1280x1024, CV_8U, BGRA)
[ PERFSTAT ]    (samples=13   mean=0.03   median=0.03   min=0.02   stddev=0.00 (1.6%))
[       OK ] Sz_Depth_Cn_PyrDown.PyrDown/11 (5 ms)
[ RUN      ] Sz_Depth_Cn_PyrDown.PyrDown/12, where GetParam() = (1280x1024, CV_16U, Gray)
[ PERFSTAT ]    (samples=25   mean=0.02   median=0.02   min=0.02   stddev=0.00 (2.6%))
[       OK ] Sz_Depth_Cn_PyrDown.PyrDown/12 (3 ms)
[ RUN      ] Sz_Depth_Cn_PyrDown.PyrDown/13, where GetParam() = (1280x1024, CV_16U, BGR)
[ PERFSTAT ]    (samples=13   mean=0.02   median=0.02   min=0.02   stddev=0.00 (1.6%))
[       OK ] Sz_Depth_Cn_PyrDown.PyrDown/13 (7 ms)
[ RUN      ] Sz_Depth_Cn_PyrDown.PyrDown/14, where GetParam() = (1280x1024, CV_16U, BGRA)
[ PERFSTAT ]    (samples=13   mean=0.03   median=0.03   min=0.02   stddev=0.00 (1.8%))
[       OK ] Sz_Depth_Cn_PyrDown.PyrDown/14 (10 ms)
[ RUN      ] Sz_Depth_Cn_PyrDown.PyrDown/15, where GetParam() = (1280x1024, CV_32F, Gray)
[ PERFSTAT ]    (samples=13   mean=0.02   median=0.02   min=0.02   stddev=0.00 (2.1%))
[       OK ] Sz_Depth_Cn_PyrDown.PyrDown/15 (4 ms)
[ RUN      ] Sz_Depth_Cn_PyrDown.PyrDown/16, where GetParam() = (1280x1024, CV_32F, BGR)
[ PERFSTAT ]    (samples=13   mean=0.03   median=0.03   min=0.03   stddev=0.00 (1.2%))
[       OK ] Sz_Depth_Cn_PyrDown.PyrDown/16 (9 ms)
[ RUN      ] Sz_Depth_Cn_PyrDown.PyrDown/17, where GetParam() = (1280x1024, CV_32F, BGRA)
[ PERFSTAT ]    (samples=25   mean=0.03   median=0.03   min=0.03   stddev=0.00 (2.0%))
[       OK ] Sz_Depth_Cn_PyrDown.PyrDown/17 (14 ms)
[ RUN      ] Sz_Depth_Cn_PyrDown.PyrDown/18, where GetParam() = (1920x1080, CV_8U, Gray)
[ PERFSTAT ]    (samples=13   mean=0.02   median=0.02   min=0.02   stddev=0.00 (1.2%))
[       OK ] Sz_Depth_Cn_PyrDown.PyrDown/18 (3 ms)
[ RUN      ] Sz_Depth_Cn_PyrDown.PyrDown/19, where GetParam() = (1920x1080, CV_8U, BGR)
[ PERFSTAT ]    (samples=13   mean=0.03   median=0.03   min=0.03   stddev=0.00 (1.0%))
[       OK ] Sz_Depth_Cn_PyrDown.PyrDown/19 (7 ms)
[ RUN      ] Sz_Depth_Cn_PyrDown.PyrDown/20, where GetParam() = (1920x1080, CV_8U, BGRA)
[ PERFSTAT ]    (samples=13   mean=0.03   median=0.03   min=0.03   stddev=0.00 (0.9%))
[       OK ] Sz_Depth_Cn_PyrDown.PyrDown/20 (8 ms)
[ RUN      ] Sz_Depth_Cn_PyrDown.PyrDown/21, where GetParam() = (1920x1080, CV_16U, Gray)
[ PERFSTAT ]    (samples=13   mean=0.02   median=0.02   min=0.02   stddev=0.00 (1.2%))
[       OK ] Sz_Depth_Cn_PyrDown.PyrDown/21 (4 ms)
[ RUN      ] Sz_Depth_Cn_PyrDown.PyrDown/22, where GetParam() = (1920x1080, CV_16U, BGR)
[ PERFSTAT ]    (samples=13   mean=0.03   median=0.03   min=0.03   stddev=0.00 (1.3%))
[       OK ] Sz_Depth_Cn_PyrDown.PyrDown/22 (12 ms)
[ RUN      ] Sz_Depth_Cn_PyrDown.PyrDown/23, where GetParam() = (1920x1080, CV_16U, BGRA)
[ PERFSTAT ]    (samples=13   mean=0.03   median=0.03   min=0.03   stddev=0.00 (1.0%))
[       OK ] Sz_Depth_Cn_PyrDown.PyrDown/23 (16 ms)
[ RUN      ] Sz_Depth_Cn_PyrDown.PyrDown/24, where GetParam() = (1920x1080, CV_32F, Gray)
[ PERFSTAT ]    (samples=13   mean=0.02   median=0.02   min=0.02   stddev=0.00 (1.7%))
[       OK ] Sz_Depth_Cn_PyrDown.PyrDown/24 (5 ms)
[ RUN      ] Sz_Depth_Cn_PyrDown.PyrDown/25, where GetParam() = (1920x1080, CV_32F, BGR)
[ PERFSTAT ]    (samples=22   mean=0.04   median=0.04   min=0.04   stddev=0.00 (3.0%))
[       OK ] Sz_Depth_Cn_PyrDown.PyrDown/25 (16 ms)
[ RUN      ] Sz_Depth_Cn_PyrDown.PyrDown/26, where GetParam() = (1920x1080, CV_32F, BGRA)
[ PERFSTAT ]    (samples=13   mean=0.05   median=0.05   min=0.05   stddev=0.00 (1.3%))
[       OK ] Sz_Depth_Cn_PyrDown.PyrDown/26 (21 ms)
[----------] 27 tests from Sz_Depth_Cn_PyrDown (201 ms total)

[----------] 27 tests from Sz_Depth_Cn_PyrUp
[ RUN      ] Sz_Depth_Cn_PyrUp.PyrUp/0, where GetParam() = (1280x720, CV_8U, Gray)
[ PERFSTAT ]    (samples=13   mean=0.04   median=0.04   min=0.04   stddev=0.00 (1.1%))
[       OK ] Sz_Depth_Cn_PyrUp.PyrUp/0 (3 ms)
[ RUN      ] Sz_Depth_Cn_PyrUp.PyrUp/1, where GetParam() = (1280x720, CV_8U, BGR)
[ PERFSTAT ]    (samples=13   mean=0.07   median=0.07   min=0.07   stddev=0.00 (0.3%))
[       OK ] Sz_Depth_Cn_PyrUp.PyrUp/1 (6 ms)
[ RUN      ] Sz_Depth_Cn_PyrUp.PyrUp/2, where GetParam() = (1280x720, CV_8U, BGRA)
[ PERFSTAT ]    (samples=16   mean=0.07   median=0.07   min=0.07   stddev=0.00 (3.0%))
[       OK ] Sz_Depth_Cn_PyrUp.PyrUp/2 (7 ms)
[ RUN      ] Sz_Depth_Cn_PyrUp.PyrUp/3, where GetParam() = (1280x720, CV_16U, Gray)
[ PERFSTAT ]    (samples=13   mean=0.04   median=0.04   min=0.04   stddev=0.00 (0.7%))
[       OK ] Sz_Depth_Cn_PyrUp.PyrUp/3 (4 ms)
[ RUN      ] Sz_Depth_Cn_PyrUp.PyrUp/4, where GetParam() = (1280x720, CV_16U, BGR)
[ PERFSTAT ]    (samples=13   mean=0.07   median=0.07   min=0.07   stddev=0.00 (0.4%))
[       OK ] Sz_Depth_Cn_PyrUp.PyrUp/4 (10 ms)
[ RUN      ] Sz_Depth_Cn_PyrUp.PyrUp/5, where GetParam() = (1280x720, CV_16U, BGRA)
[ PERFSTAT ]    (samples=13   mean=0.07   median=0.07   min=0.07   stddev=0.00 (0.5%))
[       OK ] Sz_Depth_Cn_PyrUp.PyrUp/5 (13 ms)
[ RUN      ] Sz_Depth_Cn_PyrUp.PyrUp/6, where GetParam() = (1280x720, CV_32F, Gray)
[ PERFSTAT ]    (samples=13   mean=0.04   median=0.04   min=0.04   stddev=0.00 (1.0%))
[       OK ] Sz_Depth_Cn_PyrUp.PyrUp/6 (6 ms)
[ RUN      ] Sz_Depth_Cn_PyrUp.PyrUp/7, where GetParam() = (1280x720, CV_32F, BGR)
[ PERFSTAT ]    (samples=13   mean=0.07   median=0.07   min=0.07   stddev=0.00 (0.5%))
[       OK ] Sz_Depth_Cn_PyrUp.PyrUp/7 (17 ms)
[ RUN      ] Sz_Depth_Cn_PyrUp.PyrUp/8, where GetParam() = (1280x720, CV_32F, BGRA)
[ PERFSTAT ]    (samples=13   mean=0.08   median=0.08   min=0.07   stddev=0.00 (0.5%))
[       OK ] Sz_Depth_Cn_PyrUp.PyrUp/8 (23 ms)
[ RUN      ] Sz_Depth_Cn_PyrUp.PyrUp/9, where GetParam() = (1280x1024, CV_8U, Gray)
[ PERFSTAT ]    (samples=13   mean=0.06   median=0.06   min=0.06   stddev=0.00 (0.3%))
[       OK ] Sz_Depth_Cn_PyrUp.PyrUp/9 (4 ms)
[ RUN      ] Sz_Depth_Cn_PyrUp.PyrUp/10, where GetParam() = (1280x1024, CV_8U, BGR)
[ PERFSTAT ]    (samples=13   mean=0.10   median=0.10   min=0.10   stddev=0.00 (0.4%))
[       OK ] Sz_Depth_Cn_PyrUp.PyrUp/10 (8 ms)
[ RUN      ] Sz_Depth_Cn_PyrUp.PyrUp/11, where GetParam() = (1280x1024, CV_8U, BGRA)
[ PERFSTAT ]    (samples=13   mean=0.09   median=0.09   min=0.09   stddev=0.00 (0.4%))
[       OK ] Sz_Depth_Cn_PyrUp.PyrUp/11 (10 ms)
[ RUN      ] Sz_Depth_Cn_PyrUp.PyrUp/12, where GetParam() = (1280x1024, CV_16U, Gray)
[ PERFSTAT ]    (samples=13   mean=0.06   median=0.06   min=0.06   stddev=0.00 (0.4%))
[       OK ] Sz_Depth_Cn_PyrUp.PyrUp/12 (5 ms)
[ RUN      ] Sz_Depth_Cn_PyrUp.PyrUp/13, where GetParam() = (1280x1024, CV_16U, BGR)
[ PERFSTAT ]    (samples=13   mean=0.10   median=0.10   min=0.10   stddev=0.00 (0.5%))
[       OK ] Sz_Depth_Cn_PyrUp.PyrUp/13 (14 ms)
[ RUN      ] Sz_Depth_Cn_PyrUp.PyrUp/14, where GetParam() = (1280x1024, CV_16U, BGRA)
[ PERFSTAT ]    (samples=13   mean=0.09   median=0.09   min=0.09   stddev=0.00 (0.3%))
[       OK ] Sz_Depth_Cn_PyrUp.PyrUp/14 (21 ms)
[ RUN      ] Sz_Depth_Cn_PyrUp.PyrUp/15, where GetParam() = (1280x1024, CV_32F, Gray)
[ PERFSTAT ]    (samples=13   mean=0.06   median=0.06   min=0.06   stddev=0.00 (0.8%))
[       OK ] Sz_Depth_Cn_PyrUp.PyrUp/15 (8 ms)
[ RUN      ] Sz_Depth_Cn_PyrUp.PyrUp/16, where GetParam() = (1280x1024, CV_32F, BGR)
[ PERFSTAT ]    (samples=13   mean=0.10   median=0.10   min=0.10   stddev=0.00 (0.3%))
[       OK ] Sz_Depth_Cn_PyrUp.PyrUp/16 (24 ms)
[ RUN      ] Sz_Depth_Cn_PyrUp.PyrUp/17, where GetParam() = (1280x1024, CV_32F, BGRA)
[ PERFSTAT ]    (samples=13   mean=0.10   median=0.10   min=0.10   stddev=0.00 (0.3%))
[       OK ] Sz_Depth_Cn_PyrUp.PyrUp/17 (32 ms)
[ RUN      ] Sz_Depth_Cn_PyrUp.PyrUp/18, where GetParam() = (1920x1080, CV_8U, Gray)
[ PERFSTAT ]    (samples=13   mean=0.08   median=0.08   min=0.08   stddev=0.00 (0.3%))
[       OK ] Sz_Depth_Cn_PyrUp.PyrUp/18 (6 ms)
[ RUN      ] Sz_Depth_Cn_PyrUp.PyrUp/19, where GetParam() = (1920x1080, CV_8U, BGR)
[ PERFSTAT ]    (samples=13   mean=0.15   median=0.15   min=0.15   stddev=0.00 (0.3%))
[       OK ] Sz_Depth_Cn_PyrUp.PyrUp/19 (12 ms)
[ RUN      ] Sz_Depth_Cn_PyrUp.PyrUp/20, where GetParam() = (1920x1080, CV_8U, BGRA)
[ PERFSTAT ]    (samples=13   mean=0.14   median=0.14   min=0.14   stddev=0.00 (0.5%))
[       OK ] Sz_Depth_Cn_PyrUp.PyrUp/20 (15 ms)
[ RUN      ] Sz_Depth_Cn_PyrUp.PyrUp/21, where GetParam() = (1920x1080, CV_16U, Gray)
[ PERFSTAT ]    (samples=13   mean=0.09   median=0.09   min=0.09   stddev=0.00 (1.9%))
[       OK ] Sz_Depth_Cn_PyrUp.PyrUp/21 (8 ms)
[ RUN      ] Sz_Depth_Cn_PyrUp.PyrUp/22, where GetParam() = (1920x1080, CV_16U, BGR)
[ PERFSTAT ]    (samples=13   mean=0.15   median=0.15   min=0.15   stddev=0.00 (0.3%))
[       OK ] Sz_Depth_Cn_PyrUp.PyrUp/22 (26 ms)
[ RUN      ] Sz_Depth_Cn_PyrUp.PyrUp/23, where GetParam() = (1920x1080, CV_16U, BGRA)
[ PERFSTAT ]    (samples=13   mean=0.14   median=0.14   min=0.14   stddev=0.00 (0.3%))
[       OK ] Sz_Depth_Cn_PyrUp.PyrUp/23 (33 ms)
[ RUN      ] Sz_Depth_Cn_PyrUp.PyrUp/24, where GetParam() = (1920x1080, CV_32F, Gray)
[ PERFSTAT ]    (samples=13   mean=0.10   median=0.10   min=0.10   stddev=0.00 (0.4%))
[       OK ] Sz_Depth_Cn_PyrUp.PyrUp/24 (11 ms)
[ RUN      ] Sz_Depth_Cn_PyrUp.PyrUp/25, where GetParam() = (1920x1080, CV_32F, BGR)
[ PERFSTAT ]    (samples=13   mean=0.15   median=0.15   min=0.15   stddev=0.00 (0.2%))
[       OK ] Sz_Depth_Cn_PyrUp.PyrUp/25 (38 ms)
[ RUN      ] Sz_Depth_Cn_PyrUp.PyrUp/26, where GetParam() = (1920x1080, CV_32F, BGRA)
[ PERFSTAT ]    (samples=13   mean=0.15   median=0.15   min=0.15   stddev=0.00 (0.2%))
[       OK ] Sz_Depth_Cn_PyrUp.PyrUp/26 (50 ms)
[----------] 27 tests from Sz_Depth_Cn_PyrUp (415 ms total)

[----------] Global test environment tear-down
[==========] 2943 tests from 9 test cases ran. (39794 ms total)
[  PASSED  ] 2940 tests.
[  FAILED  ] 3 tests, listed below:
[  FAILED  ] Sz_Depth_Cn_Inter_Rotate.Rotate/7, where GetParam() = (1280x720, CV_8U, BGRA, INTER_LINEAR)
[  FAILED  ] Sz_Depth_Cn_Inter_Rotate.Rotate/34, where GetParam() = (1280x1024, CV_8U, BGRA, INTER_LINEAR)
[  FAILED  ] Sz_Depth_Cn_Inter_Rotate.Rotate/55, where GetParam() = (1920x1080, CV_8U, Gray, INTER_LINEAR)

 3 FAILED TESTS
