[ERROR:0@0.042] global persistence.cpp:577 open Can't open file: '/data/xumengying/tool-verify/opencv-verify/src/opencv_extra/testdata/perf/edgefilter.xml' in read mode
TEST: Skip tests with tags: 'mem_6gb', 'verylong'
CTEST_FULL_OUTPUT
OpenCV version: 4.14.0-pre
OpenCV VCS version: 4.13.0-493-g7aa163b83f
Build type: Release
Compiler: /usr/bin/c++  (ver 11.4.0)
Algorithm hint: ALGO_HINT_ACCURATE
HAL: YES (ipp (ver 0.0.1))
Parallel framework: pthreads (nthreads=30)
CPU features: SSE SSE2 SSE3 *SSE4.1 *SSE4.2 *AVX *FP16 *AVX2 *AVX512-SKX?
Intel(R) IPP version: ippIP AVX2 (l9) 2026.0.0 (-) Jun 30 2026
Intel(R) IPP features code: 0x8000
[==========] Running 1065 tests from 17 test cases.
[----------] Global test environment set-up.
[----------] 48 tests from AdaptiveManifoldPerfTest_perf
[ RUN      ] AdaptiveManifoldPerfTest_perf.perf/0, where GetParam() = (true, 1920x1080, 1, 1, 8UC1)
[ PERFSTAT ]    (samples=3   mean=149.33   median=146.46   min=102.49   stddev=48.34 (32.4%))
[       OK ] AdaptiveManifoldPerfTest_perf.perf/0 (458 ms)
[ RUN      ] AdaptiveManifoldPerfTest_perf.perf/1, where GetParam() = (true, 1920x1080, 1, 1, 32FC1)
[ PERFSTAT ]    (samples=3   mean=228.59   median=173.63   min=170.50   stddev=97.91 (42.8%))
[       OK ] AdaptiveManifoldPerfTest_perf.perf/1 (696 ms)
[ RUN      ] AdaptiveManifoldPerfTest_perf.perf/2, where GetParam() = (true, 1920x1080, 1, 3, 8UC1)
[ PERFSTAT ]    (samples=3   mean=202.17   median=154.26   min=152.68   stddev=84.35 (41.7%))
[       OK ] AdaptiveManifoldPerfTest_perf.perf/2 (614 ms)
[ RUN      ] AdaptiveManifoldPerfTest_perf.perf/3, where GetParam() = (true, 1920x1080, 1, 3, 32FC1)
[ PERFSTAT ]    (samples=3   mean=300.77   median=232.72   min=229.77   stddev=120.43 (40.0%))
[       OK ] AdaptiveManifoldPerfTest_perf.perf/3 (923 ms)
[ RUN      ] AdaptiveManifoldPerfTest_perf.perf/4, where GetParam() = (true, 1920x1080, 3, 1, 8UC1)
[ PERFSTAT ]    (samples=3   mean=234.41   median=185.35   min=182.16   stddev=87.76 (37.4%))
[       OK ] AdaptiveManifoldPerfTest_perf.perf/4 (710 ms)
[ RUN      ] AdaptiveManifoldPerfTest_perf.perf/5, where GetParam() = (true, 1920x1080, 3, 1, 32FC1)
[ PERFSTAT ]    (samples=3   mean=318.73   median=238.07   min=236.86   stddev=140.76 (44.2%))
[       OK ] AdaptiveManifoldPerfTest_perf.perf/5 (973 ms)
[ RUN      ] AdaptiveManifoldPerfTest_perf.perf/6, where GetParam() = (true, 1920x1080, 3, 3, 8UC1)
[ PERFSTAT ]    (samples=3   mean=281.16   median=207.57   min=200.26   stddev=133.84 (47.6%))
[       OK ] AdaptiveManifoldPerfTest_perf.perf/6 (854 ms)
[ RUN      ] AdaptiveManifoldPerfTest_perf.perf/7, where GetParam() = (true, 1920x1080, 3, 3, 32FC1)
[ PERFSTAT ]    (samples=3   mean=385.69   median=290.70   min=285.80   stddev=168.79 (43.8%))
[       OK ] AdaptiveManifoldPerfTest_perf.perf/7 (1185 ms)
[ RUN      ] AdaptiveManifoldPerfTest_perf.perf/8, where GetParam() = (true, 1920x1080, 8, 1, 8UC1)
[ PERFSTAT ]    (samples=3   mean=426.02   median=337.41   min=322.30   stddev=166.74 (39.1%))
[       OK ] AdaptiveManifoldPerfTest_perf.perf/8 (1295 ms)
[ RUN      ] AdaptiveManifoldPerfTest_perf.perf/9, where GetParam() = (true, 1920x1080, 8, 1, 32FC1)
[ PERFSTAT ]    (samples=3   mean=521.90   median=395.24   min=392.96   stddev=221.36 (42.4%))
[       OK ] AdaptiveManifoldPerfTest_perf.perf/9 (1600 ms)
[ RUN      ] AdaptiveManifoldPerfTest_perf.perf/10, where GetParam() = (true, 1920x1080, 8, 3, 8UC1)
[ PERFSTAT ]    (samples=3   mean=477.39   median=366.78   min=363.49   stddev=194.43 (40.7%))
[       OK ] AdaptiveManifoldPerfTest_perf.perf/10 (1451 ms)
[ RUN      ] AdaptiveManifoldPerfTest_perf.perf/11, where GetParam() = (true, 1920x1080, 8, 3, 32FC1)
[ PERFSTAT ]    (samples=3   mean=587.15   median=440.85   min=439.77   stddev=254.34 (43.3%))
[       OK ] AdaptiveManifoldPerfTest_perf.perf/11 (1807 ms)
[ RUN      ] AdaptiveManifoldPerfTest_perf.perf/12, where GetParam() = (true, 1280x720, 1, 1, 8UC1)
[ PERFSTAT ]    (samples=3   mean=51.05   median=39.65   min=36.40   stddev=22.62 (44.3%))
[       OK ] AdaptiveManifoldPerfTest_perf.perf/12 (158 ms)
[ RUN      ] AdaptiveManifoldPerfTest_perf.perf/13, where GetParam() = (true, 1280x720, 1, 1, 32FC1)
[ PERFSTAT ]    (samples=3   mean=94.75   median=72.72   min=69.85   stddev=40.68 (42.9%))
[       OK ] AdaptiveManifoldPerfTest_perf.perf/13 (287 ms)
[ RUN      ] AdaptiveManifoldPerfTest_perf.perf/14, where GetParam() = (true, 1280x720, 1, 3, 8UC1)
[ PERFSTAT ]    (samples=3   mean=73.14   median=55.79   min=51.86   stddev=33.51 (45.8%))
[       OK ] AdaptiveManifoldPerfTest_perf.perf/14 (223 ms)
[ RUN      ] AdaptiveManifoldPerfTest_perf.perf/15, where GetParam() = (true, 1280x720, 1, 3, 32FC1)
[ PERFSTAT ]    (samples=3   mean=127.66   median=98.08   min=96.20   stddev=52.86 (41.4%))
[       OK ] AdaptiveManifoldPerfTest_perf.perf/15 (389 ms)
[ RUN      ] AdaptiveManifoldPerfTest_perf.perf/16, where GetParam() = (true, 1280x720, 3, 1, 8UC1)
[ PERFSTAT ]    (samples=3   mean=88.90   median=70.14   min=62.78   stddev=39.04 (43.9%))
[       OK ] AdaptiveManifoldPerfTest_perf.perf/16 (270 ms)
[ RUN      ] AdaptiveManifoldPerfTest_perf.perf/17, where GetParam() = (true, 1280x720, 3, 1, 32FC1)
[ PERFSTAT ]    (samples=3   mean=143.22   median=109.45   min=100.72   stddev=66.21 (46.2%))
[       OK ] AdaptiveManifoldPerfTest_perf.perf/17 (436 ms)
[ RUN      ] AdaptiveManifoldPerfTest_perf.perf/18, where GetParam() = (true, 1280x720, 3, 3, 8UC1)
[ PERFSTAT ]    (samples=3   mean=124.26   median=94.92   min=91.29   stddev=53.99 (43.4%))
[       OK ] AdaptiveManifoldPerfTest_perf.perf/18 (377 ms)
[ RUN      ] AdaptiveManifoldPerfTest_perf.perf/19, where GetParam() = (true, 1280x720, 3, 3, 32FC1)
[ PERFSTAT ]    (samples=3   mean=173.48   median=130.61   min=129.19   stddev=75.49 (43.5%))
[       OK ] AdaptiveManifoldPerfTest_perf.perf/19 (532 ms)
[ RUN      ] AdaptiveManifoldPerfTest_perf.perf/20, where GetParam() = (true, 1280x720, 8, 1, 8UC1)
[ PERFSTAT ]    (samples=3   mean=184.90   median=144.10   min=141.28   stddev=73.12 (39.5%))
[       OK ] AdaptiveManifoldPerfTest_perf.perf/20 (564 ms)
[ RUN      ] AdaptiveManifoldPerfTest_perf.perf/21, where GetParam() = (true, 1280x720, 8, 1, 32FC1)
[ PERFSTAT ]    (samples=3   mean=235.72   median=181.81   min=176.16   stddev=98.31 (41.7%))
[       OK ] AdaptiveManifoldPerfTest_perf.perf/21 (722 ms)
[ RUN      ] AdaptiveManifoldPerfTest_perf.perf/22, where GetParam() = (true, 1280x720, 8, 3, 8UC1)
[ PERFSTAT ]    (samples=3   mean=213.18   median=169.42   min=165.81   stddev=78.95 (37.0%))
[       OK ] AdaptiveManifoldPerfTest_perf.perf/22 (647 ms)
[ RUN      ] AdaptiveManifoldPerfTest_perf.perf/23, where GetParam() = (true, 1280x720, 8, 3, 32FC1)
[ PERFSTAT ]    (samples=3   mean=262.89   median=202.43   min=202.16   stddev=104.95 (39.9%))
[       OK ] AdaptiveManifoldPerfTest_perf.perf/23 (804 ms)
[ RUN      ] AdaptiveManifoldPerfTest_perf.perf/24, where GetParam() = (false, 1920x1080, 1, 1, 8UC1)
[ PERFSTAT ]    (samples=3   mean=105.11   median=80.67   min=78.38   stddev=44.33 (42.2%))
[       OK ] AdaptiveManifoldPerfTest_perf.perf/24 (319 ms)
[ RUN      ] AdaptiveManifoldPerfTest_perf.perf/25, where GetParam() = (false, 1920x1080, 1, 1, 32FC1)
[ PERFSTAT ]    (samples=3   mean=189.92   median=139.56   min=139.25   stddev=87.49 (46.1%))
[       OK ] AdaptiveManifoldPerfTest_perf.perf/25 (578 ms)
[ RUN      ] AdaptiveManifoldPerfTest_perf.perf/26, where GetParam() = (false, 1920x1080, 1, 3, 8UC1)
[ PERFSTAT ]    (samples=3   mean=158.16   median=119.23   min=119.06   stddev=67.58 (42.7%))
[       OK ] AdaptiveManifoldPerfTest_perf.perf/26 (481 ms)
[ RUN      ] AdaptiveManifoldPerfTest_perf.perf/27, where GetParam() = (false, 1920x1080, 1, 3, 32FC1)
[ PERFSTAT ]    (samples=3   mean=244.82   median=181.27   min=180.53   stddev=110.71 (45.2%))
[       OK ] AdaptiveManifoldPerfTest_perf.perf/27 (754 ms)
[ RUN      ] AdaptiveManifoldPerfTest_perf.perf/28, where GetParam() = (false, 1920x1080, 3, 1, 8UC1)
[ PERFSTAT ]    (samples=3   mean=197.62   median=148.38   min=139.74   stddev=92.87 (47.0%))
[       OK ] AdaptiveManifoldPerfTest_perf.perf/28 (599 ms)
[ RUN      ] AdaptiveManifoldPerfTest_perf.perf/29, where GetParam() = (false, 1920x1080, 3, 1, 32FC1)
[ PERFSTAT ]    (samples=3   mean=286.78   median=208.59   min=207.81   stddev=136.10 (47.5%))
[       OK ] AdaptiveManifoldPerfTest_perf.perf/29 (876 ms)
[ RUN      ] AdaptiveManifoldPerfTest_perf.perf/30, where GetParam() = (false, 1920x1080, 3, 3, 8UC1)
[ PERFSTAT ]    (samples=3   mean=249.77   median=186.04   min=183.07   stddev=112.96 (45.2%))
[       OK ] AdaptiveManifoldPerfTest_perf.perf/30 (759 ms)
[ RUN      ] AdaptiveManifoldPerfTest_perf.perf/31, where GetParam() = (false, 1920x1080, 3, 3, 32FC1)
[ PERFSTAT ]    (samples=3   mean=342.31   median=249.63   min=247.23   stddev=162.61 (47.5%))
[       OK ] AdaptiveManifoldPerfTest_perf.perf/31 (1055 ms)
[ RUN      ] AdaptiveManifoldPerfTest_perf.perf/32, where GetParam() = (false, 1920x1080, 8, 1, 8UC1)
[ PERFSTAT ]    (samples=3   mean=481.57   median=364.91   min=360.70   stddev=205.71 (42.7%))
[       OK ] AdaptiveManifoldPerfTest_perf.perf/32 (1462 ms)
[ RUN      ] AdaptiveManifoldPerfTest_perf.perf/33, where GetParam() = (false, 1920x1080, 8, 1, 32FC1)
[ PERFSTAT ]    (samples=3   mean=568.39   median=424.71   min=422.92   stddev=250.41 (44.1%))
[       OK ] AdaptiveManifoldPerfTest_perf.perf/33 (1741 ms)
[ RUN      ] AdaptiveManifoldPerfTest_perf.perf/34, where GetParam() = (false, 1920x1080, 8, 3, 8UC1)
[ PERFSTAT ]    (samples=3   mean=473.81   median=404.64   min=349.66   stddev=169.67 (35.8%))
[       OK ] AdaptiveManifoldPerfTest_perf.perf/34 (1440 ms)
[ RUN      ] AdaptiveManifoldPerfTest_perf.perf/35, where GetParam() = (false, 1920x1080, 8, 3, 32FC1)
[ PERFSTAT ]    (samples=3   mean=550.44   median=411.07   min=406.69   stddev=245.20 (44.5%))
[       OK ] AdaptiveManifoldPerfTest_perf.perf/35 (1696 ms)
[ RUN      ] AdaptiveManifoldPerfTest_perf.perf/36, where GetParam() = (false, 1280x720, 1, 1, 8UC1)
[ PERFSTAT ]    (samples=3   mean=43.55   median=32.60   min=32.33   stddev=19.20 (44.1%))
[       OK ] AdaptiveManifoldPerfTest_perf.perf/36 (134 ms)
[ RUN      ] AdaptiveManifoldPerfTest_perf.perf/37, where GetParam() = (false, 1280x720, 1, 1, 32FC1)
[ PERFSTAT ]    (samples=3   mean=80.15   median=57.76   min=57.29   stddev=39.20 (48.9%))
[       OK ] AdaptiveManifoldPerfTest_perf.perf/37 (244 ms)
[ RUN      ] AdaptiveManifoldPerfTest_perf.perf/38, where GetParam() = (false, 1280x720, 1, 3, 8UC1)
[ PERFSTAT ]    (samples=3   mean=65.75   median=49.12   min=45.81   stddev=31.72 (48.2%))
[       OK ] AdaptiveManifoldPerfTest_perf.perf/38 (201 ms)
[ RUN      ] AdaptiveManifoldPerfTest_perf.perf/39, where GetParam() = (false, 1280x720, 1, 3, 32FC1)
[ PERFSTAT ]    (samples=3   mean=104.22   median=76.04   min=75.12   stddev=49.60 (47.6%))
[       OK ] AdaptiveManifoldPerfTest_perf.perf/39 (320 ms)
[ RUN      ] AdaptiveManifoldPerfTest_perf.perf/40, where GetParam() = (false, 1280x720, 3, 1, 8UC1)
[ PERFSTAT ]    (samples=3   mean=80.66   median=63.48   min=57.87   stddev=34.72 (43.0%))
[       OK ] AdaptiveManifoldPerfTest_perf.perf/40 (245 ms)
[ RUN      ] AdaptiveManifoldPerfTest_perf.perf/41, where GetParam() = (false, 1280x720, 3, 1, 32FC1)
[ PERFSTAT ]    (samples=3   mean=122.94   median=86.29   min=84.62   stddev=64.93 (52.8%))
[       OK ] AdaptiveManifoldPerfTest_perf.perf/41 (375 ms)
[ RUN      ] AdaptiveManifoldPerfTest_perf.perf/42, where GetParam() = (false, 1280x720, 3, 3, 8UC1)
[ PERFSTAT ]    (samples=3   mean=134.48   median=97.75   min=86.92   stddev=73.20 (54.4%))
[       OK ] AdaptiveManifoldPerfTest_perf.perf/42 (408 ms)
[ RUN      ] AdaptiveManifoldPerfTest_perf.perf/43, where GetParam() = (false, 1280x720, 3, 3, 32FC1)
[ PERFSTAT ]    (samples=3   mean=158.12   median=117.16   min=116.27   stddev=71.71 (45.4%))
[       OK ] AdaptiveManifoldPerfTest_perf.perf/43 (486 ms)
[ RUN      ] AdaptiveManifoldPerfTest_perf.perf/44, where GetParam() = (false, 1280x720, 8, 1, 8UC1)
[ PERFSTAT ]    (samples=3   mean=178.34   median=138.04   min=137.52   stddev=70.25 (39.4%))
[       OK ] AdaptiveManifoldPerfTest_perf.perf/44 (544 ms)
[ RUN      ] AdaptiveManifoldPerfTest_perf.perf/45, where GetParam() = (false, 1280x720, 8, 1, 32FC1)
[ PERFSTAT ]    (samples=3   mean=220.26   median=171.87   min=167.59   stddev=87.55 (39.7%))
[       OK ] AdaptiveManifoldPerfTest_perf.perf/45 (674 ms)
[ RUN      ] AdaptiveManifoldPerfTest_perf.perf/46, where GetParam() = (false, 1280x720, 8, 3, 8UC1)
[ PERFSTAT ]    (samples=3   mean=214.64   median=159.20   min=156.21   stddev=98.62 (45.9%))
[       OK ] AdaptiveManifoldPerfTest_perf.perf/46 (651 ms)
[ RUN      ] AdaptiveManifoldPerfTest_perf.perf/47, where GetParam() = (false, 1280x720, 8, 3, 32FC1)
[ PERFSTAT ]    (samples=3   mean=248.65   median=188.05   min=187.20   stddev=105.71 (42.5%))
[       OK ] AdaptiveManifoldPerfTest_perf.perf/47 (762 ms)
[----------] 48 tests from AdaptiveManifoldPerfTest_perf (34780 ms total)

[----------] 16 tests from BilateralTextureFilterTest_perf
[ RUN      ] BilateralTextureFilterTest_perf.perf/0, where GetParam() = (2, 0.5, 0.5, 640x480, 8UC1, 1)
[ PERFSTAT ]    (samples=1   mean=75.90   median=75.90   min=75.90   stddev=0.00 (0.0%))
[       OK ] BilateralTextureFilterTest_perf.perf/0 (77 ms)
[ RUN      ] BilateralTextureFilterTest_perf.perf/1, where GetParam() = (2, 0.5, 0.5, 640x480, 8UC1, 3)
[ PERFSTAT ]    (samples=1   mean=163.13   median=163.13   min=163.13   stddev=0.00 (0.0%))
[       OK ] BilateralTextureFilterTest_perf.perf/1 (164 ms)
[ RUN      ] BilateralTextureFilterTest_perf.perf/2, where GetParam() = (2, 0.5, 0.5, 640x480, 32FC1, 1)
[ PERFSTAT ]    (samples=1   mean=257.34   median=257.34   min=257.34   stddev=0.00 (0.0%))
[       OK ] BilateralTextureFilterTest_perf.perf/2 (258 ms)
[ RUN      ] BilateralTextureFilterTest_perf.perf/3, where GetParam() = (2, 0.5, 0.5, 640x480, 32FC1, 3)
[ PERFSTAT ]    (samples=1   mean=354.15   median=354.15   min=354.15   stddev=0.00 (0.0%))
[       OK ] BilateralTextureFilterTest_perf.perf/3 (356 ms)
[ RUN      ] BilateralTextureFilterTest_perf.perf/4, where GetParam() = (2, 0.5, 0.5, 960x540, 8UC1, 1)
[ PERFSTAT ]    (samples=1   mean=102.55   median=102.55   min=102.55   stddev=0.00 (0.0%))
[       OK ] BilateralTextureFilterTest_perf.perf/4 (103 ms)
[ RUN      ] BilateralTextureFilterTest_perf.perf/5, where GetParam() = (2, 0.5, 0.5, 960x540, 8UC1, 3)
[ PERFSTAT ]    (samples=1   mean=339.59   median=339.59   min=339.59   stddev=0.00 (0.0%))
[       OK ] BilateralTextureFilterTest_perf.perf/5 (341 ms)
[ RUN      ] BilateralTextureFilterTest_perf.perf/6, where GetParam() = (2, 0.5, 0.5, 960x540, 32FC1, 1)
[ PERFSTAT ]    (samples=1   mean=440.84   median=440.84   min=440.84   stddev=0.00 (0.0%))
[       OK ] BilateralTextureFilterTest_perf.perf/6 (442 ms)
[ RUN      ] BilateralTextureFilterTest_perf.perf/7, where GetParam() = (2, 0.5, 0.5, 960x540, 32FC1, 3)
[ PERFSTAT ]    (samples=1   mean=664.00   median=664.00   min=664.00   stddev=0.00 (0.0%))
[       OK ] BilateralTextureFilterTest_perf.perf/7 (667 ms)
[ RUN      ] BilateralTextureFilterTest_perf.perf/8, where GetParam() = (2, 0.5, 0.5, 1280x720, 8UC1, 1)
[ PERFSTAT ]    (samples=1   mean=272.74   median=272.74   min=272.74   stddev=0.00 (0.0%))
[       OK ] BilateralTextureFilterTest_perf.perf/8 (273 ms)
[ RUN      ] BilateralTextureFilterTest_perf.perf/9, where GetParam() = (2, 0.5, 0.5, 1280x720, 8UC1, 3)
[ PERFSTAT ]    (samples=1   mean=671.74   median=671.74   min=671.74   stddev=0.00 (0.0%))
[       OK ] BilateralTextureFilterTest_perf.perf/9 (674 ms)
[ RUN      ] BilateralTextureFilterTest_perf.perf/10, where GetParam() = (2, 0.5, 0.5, 1280x720, 32FC1, 1)
[ PERFSTAT ]    (samples=1   mean=836.05   median=836.05   min=836.05   stddev=0.00 (0.0%))
[       OK ] BilateralTextureFilterTest_perf.perf/10 (838 ms)
[ RUN      ] BilateralTextureFilterTest_perf.perf/11, where GetParam() = (2, 0.5, 0.5, 1280x720, 32FC1, 3)
[ PERFSTAT ]    (samples=1   mean=1228.43   median=1228.43   min=1228.43   stddev=0.00 (0.0%))
[       OK ] BilateralTextureFilterTest_perf.perf/11 (1233 ms)
[ RUN      ] BilateralTextureFilterTest_perf.perf/12, where GetParam() = (2, 0.5, 0.5, 127x61, 8UC1, 1)
[ PERFSTAT ]    (samples=1   mean=2.34   median=2.34   min=2.34   stddev=0.00 (0.0%))
[       OK ] BilateralTextureFilterTest_perf.perf/12 (2 ms)
[ RUN      ] BilateralTextureFilterTest_perf.perf/13, where GetParam() = (2, 0.5, 0.5, 127x61, 8UC1, 3)
[ PERFSTAT ]    (samples=1   mean=3.82   median=3.82   min=3.82   stddev=0.00 (0.0%))
[       OK ] BilateralTextureFilterTest_perf.perf/13 (4 ms)
[ RUN      ] BilateralTextureFilterTest_perf.perf/14, where GetParam() = (2, 0.5, 0.5, 127x61, 32FC1, 1)
[ PERFSTAT ]    (samples=1   mean=6.51   median=6.51   min=6.51   stddev=0.00 (0.0%))
[       OK ] BilateralTextureFilterTest_perf.perf/14 (6 ms)
[ RUN      ] BilateralTextureFilterTest_perf.perf/15, where GetParam() = (2, 0.5, 0.5, 127x61, 32FC1, 3)
[ PERFSTAT ]    (samples=1   mean=7.98   median=7.98   min=7.98   stddev=0.00 (0.0%))
[       OK ] BilateralTextureFilterTest_perf.perf/15 (8 ms)
[----------] 16 tests from BilateralTextureFilterTest_perf (5447 ms total)

[----------] 4 tests from DisparityWLSFilterPerfTest_perf
[ RUN      ] DisparityWLSFilterPerfTest_perf.perf/0, where GetParam() = (CV_8UC3, CV_16S, 1280x720, true, true)
[ PERFSTAT ]    (samples=10   mean=17.27   median=16.22   min=15.31   stddev=2.71 (15.7%))
[       OK ] DisparityWLSFilterPerfTest_perf.perf/0 (208 ms)
[ RUN      ] DisparityWLSFilterPerfTest_perf.perf/1, where GetParam() = (CV_8UC3, CV_16S, 1280x720, true, false)
[ PERFSTAT ]    (samples=10   mean=21.74   median=21.68   min=20.94   stddev=0.84 (3.8%))
[       OK ] DisparityWLSFilterPerfTest_perf.perf/1 (251 ms)
[ RUN      ] DisparityWLSFilterPerfTest_perf.perf/2, where GetParam() = (CV_8UC3, CV_16S, 1280x720, false, true)
[ PERFSTAT ]    (samples=10   mean=7.84   median=7.58   min=7.32   stddev=0.91 (11.6%))
[       OK ] DisparityWLSFilterPerfTest_perf.perf/2 (111 ms)
[ RUN      ] DisparityWLSFilterPerfTest_perf.perf/3, where GetParam() = (CV_8UC3, CV_16S, 1280x720, false, false)
[ PERFSTAT ]    (samples=10   mean=7.00   median=6.94   min=6.79   stddev=0.21 (3.1%))
[       OK ] DisparityWLSFilterPerfTest_perf.perf/3 (103 ms)
[----------] 4 tests from DisparityWLSFilterPerfTest_perf (673 ms total)

[----------] 480 tests from DomainTransformTest_perf
[ RUN      ] DomainTransformTest_perf.perf/0, where GetParam() = (CV_8UC1, CV_8UC1, 640x480, 10, 30, DTF_NC)
[ PERFSTAT ]    (samples=5   mean=7.26   median=7.24   min=6.82   stddev=0.30 (4.1%))
[       OK ] DomainTransformTest_perf.perf/0 (37 ms)
[ RUN      ] DomainTransformTest_perf.perf/1, where GetParam() = (CV_8UC1, CV_8UC1, 640x480, 10, 30, DTF_IC)
[ PERFSTAT ]    (samples=5   mean=7.46   median=7.37   min=7.31   stddev=0.17 (2.3%))
[       OK ] DomainTransformTest_perf.perf/1 (39 ms)
[ RUN      ] DomainTransformTest_perf.perf/2, where GetParam() = (CV_8UC1, CV_8UC1, 640x480, 10, 30, DTF_RF)
[ PERFSTAT ]    (samples=5   mean=7.34   median=7.36   min=7.08   stddev=0.15 (2.1%))
[       OK ] DomainTransformTest_perf.perf/2 (38 ms)
[ RUN      ] DomainTransformTest_perf.perf/3, where GetParam() = (CV_8UC1, CV_8UC1, 640x480, 10, 50, DTF_NC)
[ PERFSTAT ]    (samples=5   mean=7.29   median=7.32   min=7.03   stddev=0.21 (2.8%))
[       OK ] DomainTransformTest_perf.perf/3 (38 ms)
[ RUN      ] DomainTransformTest_perf.perf/4, where GetParam() = (CV_8UC1, CV_8UC1, 640x480, 10, 50, DTF_IC)
[ PERFSTAT ]    (samples=5   mean=7.41   median=7.29   min=7.17   stddev=0.26 (3.5%))
[       OK ] DomainTransformTest_perf.perf/4 (38 ms)
[ RUN      ] DomainTransformTest_perf.perf/5, where GetParam() = (CV_8UC1, CV_8UC1, 640x480, 10, 50, DTF_RF)
[ PERFSTAT ]    (samples=5   mean=7.21   median=7.18   min=6.80   stddev=0.37 (5.1%))
[       OK ] DomainTransformTest_perf.perf/5 (37 ms)
[ RUN      ] DomainTransformTest_perf.perf/6, where GetParam() = (CV_8UC1, CV_8UC1, 640x480, 80, 30, DTF_NC)
[ PERFSTAT ]    (samples=5   mean=7.15   median=7.11   min=7.00   stddev=0.12 (1.7%))
[       OK ] DomainTransformTest_perf.perf/6 (38 ms)
[ RUN      ] DomainTransformTest_perf.perf/7, where GetParam() = (CV_8UC1, CV_8UC1, 640x480, 80, 30, DTF_IC)
[ PERFSTAT ]    (samples=5   mean=7.55   median=7.50   min=7.45   stddev=0.13 (1.7%))
[       OK ] DomainTransformTest_perf.perf/7 (39 ms)
[ RUN      ] DomainTransformTest_perf.perf/8, where GetParam() = (CV_8UC1, CV_8UC1, 640x480, 80, 30, DTF_RF)
[ PERFSTAT ]    (samples=5   mean=7.65   median=7.88   min=6.73   stddev=0.71 (9.3%))
[       OK ] DomainTransformTest_perf.perf/8 (39 ms)
[ RUN      ] DomainTransformTest_perf.perf/9, where GetParam() = (CV_8UC1, CV_8UC1, 640x480, 80, 50, DTF_NC)
[ PERFSTAT ]    (samples=5   mean=6.82   median=6.78   min=6.63   stddev=0.20 (2.9%))
[       OK ] DomainTransformTest_perf.perf/9 (36 ms)
[ RUN      ] DomainTransformTest_perf.perf/10, where GetParam() = (CV_8UC1, CV_8UC1, 640x480, 80, 50, DTF_IC)
[ PERFSTAT ]    (samples=5   mean=7.40   median=7.33   min=7.21   stddev=0.21 (2.9%))
[       OK ] DomainTransformTest_perf.perf/10 (39 ms)
[ RUN      ] DomainTransformTest_perf.perf/11, where GetParam() = (CV_8UC1, CV_8UC1, 640x480, 80, 50, DTF_RF)
[ PERFSTAT ]    (samples=5   mean=7.42   median=7.30   min=7.13   stddev=0.29 (3.9%))
[       OK ] DomainTransformTest_perf.perf/11 (39 ms)
[ RUN      ] DomainTransformTest_perf.perf/12, where GetParam() = (CV_8UC1, CV_8UC1, 1280x720, 10, 30, DTF_NC)
[ PERFSTAT ]    (samples=5   mean=16.14   median=16.39   min=15.55   stddev=0.48 (3.0%))
[       OK ] DomainTransformTest_perf.perf/12 (82 ms)
[ RUN      ] DomainTransformTest_perf.perf/13, where GetParam() = (CV_8UC1, CV_8UC1, 1280x720, 10, 30, DTF_IC)
[ PERFSTAT ]    (samples=5   mean=19.22   median=19.26   min=19.05   stddev=0.13 (0.7%))
[       OK ] DomainTransformTest_perf.perf/13 (101 ms)
[ RUN      ] DomainTransformTest_perf.perf/14, where GetParam() = (CV_8UC1, CV_8UC1, 1280x720, 10, 30, DTF_RF)
[ PERFSTAT ]    (samples=5   mean=14.87   median=14.72   min=13.72   stddev=1.17 (7.8%))
[       OK ] DomainTransformTest_perf.perf/14 (78 ms)
[ RUN      ] DomainTransformTest_perf.perf/15, where GetParam() = (CV_8UC1, CV_8UC1, 1280x720, 10, 50, DTF_NC)
[ PERFSTAT ]    (samples=5   mean=14.46   median=14.04   min=13.66   stddev=1.03 (7.1%))
[       OK ] DomainTransformTest_perf.perf/15 (77 ms)
[ RUN      ] DomainTransformTest_perf.perf/16, where GetParam() = (CV_8UC1, CV_8UC1, 1280x720, 10, 50, DTF_IC)
[ PERFSTAT ]    (samples=5   mean=17.21   median=17.14   min=16.95   stddev=0.24 (1.4%))
[       OK ] DomainTransformTest_perf.perf/16 (90 ms)
[ RUN      ] DomainTransformTest_perf.perf/17, where GetParam() = (CV_8UC1, CV_8UC1, 1280x720, 10, 50, DTF_RF)
[ PERFSTAT ]    (samples=5   mean=15.54   median=14.61   min=13.92   stddev=1.99 (12.8%))
[       OK ] DomainTransformTest_perf.perf/17 (85 ms)
[ RUN      ] DomainTransformTest_perf.perf/18, where GetParam() = (CV_8UC1, CV_8UC1, 1280x720, 80, 30, DTF_NC)
[ PERFSTAT ]    (samples=5   mean=14.78   median=14.72   min=13.99   stddev=0.77 (5.2%))
[       OK ] DomainTransformTest_perf.perf/18 (78 ms)
[ RUN      ] DomainTransformTest_perf.perf/19, where GetParam() = (CV_8UC1, CV_8UC1, 1280x720, 80, 30, DTF_IC)
[ PERFSTAT ]    (samples=5   mean=17.98   median=18.11   min=17.26   stddev=0.41 (2.3%))
[       OK ] DomainTransformTest_perf.perf/19 (95 ms)
[ RUN      ] DomainTransformTest_perf.perf/20, where GetParam() = (CV_8UC1, CV_8UC1, 1280x720, 80, 30, DTF_RF)
[ PERFSTAT ]    (samples=5   mean=15.29   median=15.24   min=14.79   stddev=0.54 (3.6%))
[       OK ] DomainTransformTest_perf.perf/20 (80 ms)
[ RUN      ] DomainTransformTest_perf.perf/21, where GetParam() = (CV_8UC1, CV_8UC1, 1280x720, 80, 50, DTF_NC)
[ PERFSTAT ]    (samples=5   mean=16.92   median=16.71   min=15.80   stddev=1.12 (6.6%))
[       OK ] DomainTransformTest_perf.perf/21 (90 ms)
[ RUN      ] DomainTransformTest_perf.perf/22, where GetParam() = (CV_8UC1, CV_8UC1, 1280x720, 80, 50, DTF_IC)
[ PERFSTAT ]    (samples=5   mean=18.23   median=18.21   min=17.97   stddev=0.19 (1.0%))
[       OK ] DomainTransformTest_perf.perf/22 (95 ms)
[ RUN      ] DomainTransformTest_perf.perf/23, where GetParam() = (CV_8UC1, CV_8UC1, 1280x720, 80, 50, DTF_RF)
[ PERFSTAT ]    (samples=5   mean=15.50   median=15.29   min=14.97   stddev=0.71 (4.6%))
[       OK ] DomainTransformTest_perf.perf/23 (82 ms)
[ RUN      ] DomainTransformTest_perf.perf/24, where GetParam() = (CV_8UC1, CV_8UC3, 640x480, 10, 30, DTF_NC)
[ PERFSTAT ]    (samples=5   mean=12.52   median=7.55   min=7.21   stddev=11.38 (90.9%))
[       OK ] DomainTransformTest_perf.perf/24 (67 ms)
[ RUN      ] DomainTransformTest_perf.perf/25, where GetParam() = (CV_8UC1, CV_8UC3, 640x480, 10, 30, DTF_IC)
[ PERFSTAT ]    (samples=5   mean=7.98   median=7.78   min=7.60   stddev=0.51 (6.4%))
[       OK ] DomainTransformTest_perf.perf/25 (42 ms)
[ RUN      ] DomainTransformTest_perf.perf/26, where GetParam() = (CV_8UC1, CV_8UC3, 640x480, 10, 30, DTF_RF)
[ PERFSTAT ]    (samples=5   mean=7.51   median=7.35   min=7.33   stddev=0.33 (4.4%))
[       OK ] DomainTransformTest_perf.perf/26 (40 ms)
[ RUN      ] DomainTransformTest_perf.perf/27, where GetParam() = (CV_8UC1, CV_8UC3, 640x480, 10, 50, DTF_NC)
[ PERFSTAT ]    (samples=5   mean=7.09   median=6.94   min=6.90   stddev=0.25 (3.6%))
[       OK ] DomainTransformTest_perf.perf/27 (37 ms)
[ RUN      ] DomainTransformTest_perf.perf/28, where GetParam() = (CV_8UC1, CV_8UC3, 640x480, 10, 50, DTF_IC)
[ PERFSTAT ]    (samples=5   mean=7.67   median=7.70   min=7.51   stddev=0.11 (1.4%))
[       OK ] DomainTransformTest_perf.perf/28 (40 ms)
[ RUN      ] DomainTransformTest_perf.perf/29, where GetParam() = (CV_8UC1, CV_8UC3, 640x480, 10, 50, DTF_RF)
[ PERFSTAT ]    (samples=5   mean=7.92   median=8.01   min=7.51   stddev=0.28 (3.5%))
[       OK ] DomainTransformTest_perf.perf/29 (42 ms)
[ RUN      ] DomainTransformTest_perf.perf/30, where GetParam() = (CV_8UC1, CV_8UC3, 640x480, 80, 30, DTF_NC)
[ PERFSTAT ]    (samples=5   mean=7.49   median=7.49   min=7.31   stddev=0.16 (2.2%))
[       OK ] DomainTransformTest_perf.perf/30 (39 ms)
[ RUN      ] DomainTransformTest_perf.perf/31, where GetParam() = (CV_8UC1, CV_8UC3, 640x480, 80, 30, DTF_IC)
[ PERFSTAT ]    (samples=5   mean=7.94   median=7.98   min=7.78   stddev=0.11 (1.4%))
[       OK ] DomainTransformTest_perf.perf/31 (42 ms)
[ RUN      ] DomainTransformTest_perf.perf/32, where GetParam() = (CV_8UC1, CV_8UC3, 640x480, 80, 30, DTF_RF)
[ PERFSTAT ]    (samples=5   mean=7.82   median=7.72   min=7.62   stddev=0.29 (3.7%))
[       OK ] DomainTransformTest_perf.perf/32 (41 ms)
[ RUN      ] DomainTransformTest_perf.perf/33, where GetParam() = (CV_8UC1, CV_8UC3, 640x480, 80, 50, DTF_NC)
[ PERFSTAT ]    (samples=5   mean=7.57   median=7.39   min=6.99   stddev=0.69 (9.1%))
[       OK ] DomainTransformTest_perf.perf/33 (40 ms)
[ RUN      ] DomainTransformTest_perf.perf/34, where GetParam() = (CV_8UC1, CV_8UC3, 640x480, 80, 50, DTF_IC)
[ PERFSTAT ]    (samples=5   mean=7.77   median=7.74   min=7.70   stddev=0.09 (1.2%))
[       OK ] DomainTransformTest_perf.perf/34 (40 ms)
[ RUN      ] DomainTransformTest_perf.perf/35, where GetParam() = (CV_8UC1, CV_8UC3, 640x480, 80, 50, DTF_RF)
[ PERFSTAT ]    (samples=5   mean=7.80   median=7.67   min=7.61   stddev=0.27 (3.5%))
[       OK ] DomainTransformTest_perf.perf/35 (41 ms)
[ RUN      ] DomainTransformTest_perf.perf/36, where GetParam() = (CV_8UC1, CV_8UC3, 1280x720, 10, 30, DTF_NC)
[ PERFSTAT ]    (samples=5   mean=16.97   median=16.83   min=16.65   stddev=0.38 (2.2%))
[       OK ] DomainTransformTest_perf.perf/36 (92 ms)
[ RUN      ] DomainTransformTest_perf.perf/37, where GetParam() = (CV_8UC1, CV_8UC3, 1280x720, 10, 30, DTF_IC)
[ PERFSTAT ]    (samples=5   mean=23.56   median=23.66   min=22.44   stddev=0.80 (3.4%))
[       OK ] DomainTransformTest_perf.perf/37 (123 ms)
[ RUN      ] DomainTransformTest_perf.perf/38, where GetParam() = (CV_8UC1, CV_8UC3, 1280x720, 10, 30, DTF_RF)
[ PERFSTAT ]    (samples=5   mean=19.95   median=19.77   min=19.45   stddev=0.61 (3.0%))
[       OK ] DomainTransformTest_perf.perf/38 (106 ms)
[ RUN      ] DomainTransformTest_perf.perf/39, where GetParam() = (CV_8UC1, CV_8UC3, 1280x720, 10, 50, DTF_NC)
[ PERFSTAT ]    (samples=5   mean=17.86   median=17.83   min=17.24   stddev=0.50 (2.8%))
[       OK ] DomainTransformTest_perf.perf/39 (95 ms)
[ RUN      ] DomainTransformTest_perf.perf/40, where GetParam() = (CV_8UC1, CV_8UC3, 1280x720, 10, 50, DTF_IC)
[ PERFSTAT ]    (samples=5   mean=23.26   median=23.18   min=23.03   stddev=0.30 (1.3%))
[       OK ] DomainTransformTest_perf.perf/40 (122 ms)
[ RUN      ] DomainTransformTest_perf.perf/41, where GetParam() = (CV_8UC1, CV_8UC3, 1280x720, 10, 50, DTF_RF)
[ PERFSTAT ]    (samples=5   mean=19.88   median=19.76   min=19.46   stddev=0.47 (2.4%))
[       OK ] DomainTransformTest_perf.perf/41 (105 ms)
[ RUN      ] DomainTransformTest_perf.perf/42, where GetParam() = (CV_8UC1, CV_8UC3, 1280x720, 80, 30, DTF_NC)
[ PERFSTAT ]    (samples=5   mean=17.85   median=17.72   min=17.34   stddev=0.61 (3.4%))
[       OK ] DomainTransformTest_perf.perf/42 (96 ms)
[ RUN      ] DomainTransformTest_perf.perf/43, where GetParam() = (CV_8UC1, CV_8UC3, 1280x720, 80, 30, DTF_IC)
[ PERFSTAT ]    (samples=5   mean=23.35   median=23.33   min=22.93   stddev=0.46 (2.0%))
[       OK ] DomainTransformTest_perf.perf/43 (122 ms)
[ RUN      ] DomainTransformTest_perf.perf/44, where GetParam() = (CV_8UC1, CV_8UC3, 1280x720, 80, 30, DTF_RF)
[ PERFSTAT ]    (samples=5   mean=19.51   median=19.17   min=19.12   stddev=0.73 (3.7%))
[       OK ] DomainTransformTest_perf.perf/44 (104 ms)
[ RUN      ] DomainTransformTest_perf.perf/45, where GetParam() = (CV_8UC1, CV_8UC3, 1280x720, 80, 50, DTF_NC)
[ PERFSTAT ]    (samples=5   mean=17.85   median=17.68   min=17.26   stddev=0.76 (4.2%))
[       OK ] DomainTransformTest_perf.perf/45 (95 ms)
[ RUN      ] DomainTransformTest_perf.perf/46, where GetParam() = (CV_8UC1, CV_8UC3, 1280x720, 80, 50, DTF_IC)
[ PERFSTAT ]    (samples=5   mean=23.45   median=23.44   min=23.15   stddev=0.29 (1.2%))
[       OK ] DomainTransformTest_perf.perf/46 (123 ms)
[ RUN      ] DomainTransformTest_perf.perf/47, where GetParam() = (CV_8UC1, CV_8UC3, 1280x720, 80, 50, DTF_RF)
[ PERFSTAT ]    (samples=5   mean=19.63   median=19.53   min=18.86   stddev=0.75 (3.8%))
[       OK ] DomainTransformTest_perf.perf/47 (105 ms)
[ RUN      ] DomainTransformTest_perf.perf/48, where GetParam() = (CV_8UC1, CV_8UC4, 640x480, 10, 30, DTF_NC)
[ PERFSTAT ]    (samples=5   mean=4.96   median=4.75   min=4.72   stddev=0.49 (9.8%))
[       OK ] DomainTransformTest_perf.perf/48 (27 ms)
[ RUN      ] DomainTransformTest_perf.perf/49, where GetParam() = (CV_8UC1, CV_8UC4, 640x480, 10, 30, DTF_IC)
[ PERFSTAT ]    (samples=5   mean=7.32   median=7.17   min=7.11   stddev=0.31 (4.3%))
[       OK ] DomainTransformTest_perf.perf/49 (39 ms)
[ RUN      ] DomainTransformTest_perf.perf/50, where GetParam() = (CV_8UC1, CV_8UC4, 640x480, 10, 30, DTF_RF)
[ PERFSTAT ]    (samples=5   mean=7.95   median=7.88   min=7.69   stddev=0.30 (3.7%))
[       OK ] DomainTransformTest_perf.perf/50 (41 ms)
[ RUN      ] DomainTransformTest_perf.perf/51, where GetParam() = (CV_8UC1, CV_8UC4, 640x480, 10, 50, DTF_NC)
[ PERFSTAT ]    (samples=5   mean=5.34   median=5.09   min=5.02   stddev=0.59 (11.0%))
[       OK ] DomainTransformTest_perf.perf/51 (29 ms)
[ RUN      ] DomainTransformTest_perf.perf/52, where GetParam() = (CV_8UC1, CV_8UC4, 640x480, 10, 50, DTF_IC)
[ PERFSTAT ]    (samples=5   mean=7.49   median=7.45   min=7.35   stddev=0.18 (2.4%))
[       OK ] DomainTransformTest_perf.perf/52 (40 ms)
[ RUN      ] DomainTransformTest_perf.perf/53, where GetParam() = (CV_8UC1, CV_8UC4, 640x480, 10, 50, DTF_RF)
[ PERFSTAT ]    (samples=5   mean=8.48   median=8.10   min=7.90   stddev=0.69 (8.2%))
[       OK ] DomainTransformTest_perf.perf/53 (45 ms)
[ RUN      ] DomainTransformTest_perf.perf/54, where GetParam() = (CV_8UC1, CV_8UC4, 640x480, 80, 30, DTF_NC)
[ PERFSTAT ]    (samples=5   mean=5.18   median=5.08   min=5.05   stddev=0.22 (4.3%))
[       OK ] DomainTransformTest_perf.perf/54 (28 ms)
[ RUN      ] DomainTransformTest_perf.perf/55, where GetParam() = (CV_8UC1, CV_8UC4, 640x480, 80, 30, DTF_IC)
[ PERFSTAT ]    (samples=5   mean=7.35   median=7.27   min=7.20   stddev=0.21 (2.9%))
[       OK ] DomainTransformTest_perf.perf/55 (39 ms)
[ RUN      ] DomainTransformTest_perf.perf/56, where GetParam() = (CV_8UC1, CV_8UC4, 640x480, 80, 30, DTF_RF)
[ PERFSTAT ]    (samples=5   mean=8.28   median=8.13   min=7.60   stddev=0.52 (6.3%))
[       OK ] DomainTransformTest_perf.perf/56 (43 ms)
[ RUN      ] DomainTransformTest_perf.perf/57, where GetParam() = (CV_8UC1, CV_8UC4, 640x480, 80, 50, DTF_NC)
[ PERFSTAT ]    (samples=5   mean=5.03   median=4.94   min=4.88   stddev=0.22 (4.4%))
[       OK ] DomainTransformTest_perf.perf/57 (27 ms)
[ RUN      ] DomainTransformTest_perf.perf/58, where GetParam() = (CV_8UC1, CV_8UC4, 640x480, 80, 50, DTF_IC)
[ PERFSTAT ]    (samples=5   mean=7.28   median=7.25   min=7.11   stddev=0.17 (2.4%))
[       OK ] DomainTransformTest_perf.perf/58 (39 ms)
[ RUN      ] DomainTransformTest_perf.perf/59, where GetParam() = (CV_8UC1, CV_8UC4, 640x480, 80, 50, DTF_RF)
[ PERFSTAT ]    (samples=5   mean=8.31   median=8.14   min=8.08   stddev=0.35 (4.2%))
[       OK ] DomainTransformTest_perf.perf/59 (44 ms)
[ RUN      ] DomainTransformTest_perf.perf/60, where GetParam() = (CV_8UC1, CV_8UC4, 1280x720, 10, 30, DTF_NC)
[ PERFSTAT ]    (samples=5   mean=19.71   median=19.41   min=19.35   stddev=0.51 (2.6%))
[       OK ] DomainTransformTest_perf.perf/60 (106 ms)
[ RUN      ] DomainTransformTest_perf.perf/61, where GetParam() = (CV_8UC1, CV_8UC4, 1280x720, 10, 30, DTF_IC)
[ PERFSTAT ]    (samples=5   mean=30.96   median=29.86   min=26.50   stddev=4.49 (14.5%))
[       OK ] DomainTransformTest_perf.perf/61 (161 ms)
[ RUN      ] DomainTransformTest_perf.perf/62, where GetParam() = (CV_8UC1, CV_8UC4, 1280x720, 10, 30, DTF_RF)
[ PERFSTAT ]    (samples=5   mean=20.36   median=20.12   min=18.44   stddev=1.42 (7.0%))
[       OK ] DomainTransformTest_perf.perf/62 (109 ms)
[ RUN      ] DomainTransformTest_perf.perf/63, where GetParam() = (CV_8UC1, CV_8UC4, 1280x720, 10, 50, DTF_NC)
[ PERFSTAT ]    (samples=5   mean=14.86   median=13.86   min=13.30   stddev=2.74 (18.5%))
[       OK ] DomainTransformTest_perf.perf/63 (81 ms)
[ RUN      ] DomainTransformTest_perf.perf/64, where GetParam() = (CV_8UC1, CV_8UC4, 1280x720, 10, 50, DTF_IC)
[ PERFSTAT ]    (samples=5   mean=28.90   median=28.38   min=27.84   stddev=1.07 (3.7%))
[       OK ] DomainTransformTest_perf.perf/64 (151 ms)
[ RUN      ] DomainTransformTest_perf.perf/65, where GetParam() = (CV_8UC1, CV_8UC4, 1280x720, 10, 50, DTF_RF)
[ PERFSTAT ]    (samples=5   mean=21.00   median=20.93   min=19.55   stddev=1.14 (5.4%))
[       OK ] DomainTransformTest_perf.perf/65 (112 ms)
[ RUN      ] DomainTransformTest_perf.perf/66, where GetParam() = (CV_8UC1, CV_8UC4, 1280x720, 80, 30, DTF_NC)
[ PERFSTAT ]    (samples=5   mean=15.05   median=13.77   min=13.60   stddev=2.80 (18.6%))
[       OK ] DomainTransformTest_perf.perf/66 (82 ms)
[ RUN      ] DomainTransformTest_perf.perf/67, where GetParam() = (CV_8UC1, CV_8UC4, 1280x720, 80, 30, DTF_IC)
[ PERFSTAT ]    (samples=5   mean=31.33   median=30.39   min=29.12   stddev=2.77 (8.8%))
[       OK ] DomainTransformTest_perf.perf/67 (163 ms)
[ RUN      ] DomainTransformTest_perf.perf/68, where GetParam() = (CV_8UC1, CV_8UC4, 1280x720, 80, 30, DTF_RF)
[ PERFSTAT ]    (samples=5   mean=20.43   median=19.66   min=19.46   stddev=1.65 (8.1%))
[       OK ] DomainTransformTest_perf.perf/68 (109 ms)
[ RUN      ] DomainTransformTest_perf.perf/69, where GetParam() = (CV_8UC1, CV_8UC4, 1280x720, 80, 50, DTF_NC)
[ PERFSTAT ]    (samples=5   mean=14.89   median=13.74   min=13.41   stddev=2.60 (17.5%))
[       OK ] DomainTransformTest_perf.perf/69 (81 ms)
[ RUN      ] DomainTransformTest_perf.perf/70, where GetParam() = (CV_8UC1, CV_8UC4, 1280x720, 80, 50, DTF_IC)
[ PERFSTAT ]    (samples=5   mean=29.65   median=30.11   min=24.27   stddev=3.88 (13.1%))
[       OK ] DomainTransformTest_perf.perf/70 (154 ms)
[ RUN      ] DomainTransformTest_perf.perf/71, where GetParam() = (CV_8UC1, CV_8UC4, 1280x720, 80, 50, DTF_RF)
[ PERFSTAT ]    (samples=5   mean=20.47   median=20.16   min=18.40   stddev=1.74 (8.5%))
[       OK ] DomainTransformTest_perf.perf/71 (108 ms)
[ RUN      ] DomainTransformTest_perf.perf/72, where GetParam() = (CV_8UC1, CV_32FC1, 640x480, 10, 30, DTF_NC)
[ PERFSTAT ]    (samples=5   mean=7.21   median=7.24   min=7.09   stddev=0.09 (1.3%))
[       OK ] DomainTransformTest_perf.perf/72 (38 ms)
[ RUN      ] DomainTransformTest_perf.perf/73, where GetParam() = (CV_8UC1, CV_32FC1, 640x480, 10, 30, DTF_IC)
[ PERFSTAT ]    (samples=5   mean=7.45   median=7.40   min=7.32   stddev=0.12 (1.6%))
[       OK ] DomainTransformTest_perf.perf/73 (39 ms)
[ RUN      ] DomainTransformTest_perf.perf/74, where GetParam() = (CV_8UC1, CV_32FC1, 640x480, 10, 30, DTF_RF)
[ PERFSTAT ]    (samples=5   mean=7.87   median=7.54   min=7.43   stddev=0.62 (7.8%))
[       OK ] DomainTransformTest_perf.perf/74 (41 ms)
[ RUN      ] DomainTransformTest_perf.perf/75, where GetParam() = (CV_8UC1, CV_32FC1, 640x480, 10, 50, DTF_NC)
[ PERFSTAT ]    (samples=5   mean=7.35   median=7.29   min=7.24   stddev=0.17 (2.3%))
[       OK ] DomainTransformTest_perf.perf/75 (39 ms)
[ RUN      ] DomainTransformTest_perf.perf/76, where GetParam() = (CV_8UC1, CV_32FC1, 640x480, 10, 50, DTF_IC)
[ PERFSTAT ]    (samples=5   mean=7.69   median=7.71   min=7.45   stddev=0.16 (2.1%))
[       OK ] DomainTransformTest_perf.perf/76 (40 ms)
[ RUN      ] DomainTransformTest_perf.perf/77, where GetParam() = (CV_8UC1, CV_32FC1, 640x480, 10, 50, DTF_RF)
[ PERFSTAT ]    (samples=5   mean=7.98   median=7.80   min=7.64   stddev=0.41 (5.1%))
[       OK ] DomainTransformTest_perf.perf/77 (41 ms)
[ RUN      ] DomainTransformTest_perf.perf/78, where GetParam() = (CV_8UC1, CV_32FC1, 640x480, 80, 30, DTF_NC)
[ PERFSTAT ]    (samples=5   mean=7.52   median=7.54   min=7.27   stddev=0.20 (2.6%))
[       OK ] DomainTransformTest_perf.perf/78 (40 ms)
[ RUN      ] DomainTransformTest_perf.perf/79, where GetParam() = (CV_8UC1, CV_32FC1, 640x480, 80, 30, DTF_IC)
[ PERFSTAT ]    (samples=5   mean=8.05   median=8.07   min=7.89   stddev=0.11 (1.4%))
[       OK ] DomainTransformTest_perf.perf/79 (42 ms)
[ RUN      ] DomainTransformTest_perf.perf/80, where GetParam() = (CV_8UC1, CV_32FC1, 640x480, 80, 30, DTF_RF)
[ PERFSTAT ]    (samples=5   mean=8.47   median=8.31   min=7.51   stddev=0.72 (8.5%))
[       OK ] DomainTransformTest_perf.perf/80 (44 ms)
[ RUN      ] DomainTransformTest_perf.perf/81, where GetParam() = (CV_8UC1, CV_32FC1, 640x480, 80, 50, DTF_NC)
[ PERFSTAT ]    (samples=5   mean=7.89   median=7.91   min=7.72   stddev=0.12 (1.5%))
[       OK ] DomainTransformTest_perf.perf/81 (41 ms)
[ RUN      ] DomainTransformTest_perf.perf/82, where GetParam() = (CV_8UC1, CV_32FC1, 640x480, 80, 50, DTF_IC)
[ PERFSTAT ]    (samples=5   mean=8.64   median=8.64   min=8.55   stddev=0.07 (0.8%))
[       OK ] DomainTransformTest_perf.perf/82 (45 ms)
[ RUN      ] DomainTransformTest_perf.perf/83, where GetParam() = (CV_8UC1, CV_32FC1, 640x480, 80, 50, DTF_RF)
[ PERFSTAT ]    (samples=5   mean=8.75   median=8.76   min=8.37   stddev=0.32 (3.6%))
[       OK ] DomainTransformTest_perf.perf/83 (46 ms)
[ RUN      ] DomainTransformTest_perf.perf/84, where GetParam() = (CV_8UC1, CV_32FC1, 1280x720, 10, 30, DTF_NC)
[ PERFSTAT ]    (samples=5   mean=17.59   median=17.73   min=17.04   stddev=0.43 (2.4%))
[       OK ] DomainTransformTest_perf.perf/84 (94 ms)
[ RUN      ] DomainTransformTest_perf.perf/85, where GetParam() = (CV_8UC1, CV_32FC1, 1280x720, 10, 30, DTF_IC)
[ PERFSTAT ]    (samples=5   mean=16.11   median=15.88   min=15.43   stddev=0.65 (4.0%))
[       OK ] DomainTransformTest_perf.perf/85 (86 ms)
[ RUN      ] DomainTransformTest_perf.perf/86, where GetParam() = (CV_8UC1, CV_32FC1, 1280x720, 10, 30, DTF_RF)
[ PERFSTAT ]    (samples=5   mean=15.98   median=15.71   min=15.11   stddev=0.92 (5.8%))
[       OK ] DomainTransformTest_perf.perf/86 (85 ms)
[ RUN      ] DomainTransformTest_perf.perf/87, where GetParam() = (CV_8UC1, CV_32FC1, 1280x720, 10, 50, DTF_NC)
[ PERFSTAT ]    (samples=5   mean=18.47   median=18.51   min=18.16   stddev=0.27 (1.4%))
[       OK ] DomainTransformTest_perf.perf/87 (98 ms)
[ RUN      ] DomainTransformTest_perf.perf/88, where GetParam() = (CV_8UC1, CV_32FC1, 1280x720, 10, 50, DTF_IC)
[ PERFSTAT ]    (samples=5   mean=15.57   median=15.65   min=15.02   stddev=0.45 (2.9%))
[       OK ] DomainTransformTest_perf.perf/88 (84 ms)
[ RUN      ] DomainTransformTest_perf.perf/89, where GetParam() = (CV_8UC1, CV_32FC1, 1280x720, 10, 50, DTF_RF)
[ PERFSTAT ]    (samples=5   mean=15.50   median=15.24   min=14.64   stddev=0.77 (4.9%))
[       OK ] DomainTransformTest_perf.perf/89 (82 ms)
[ RUN      ] DomainTransformTest_perf.perf/90, where GetParam() = (CV_8UC1, CV_32FC1, 1280x720, 80, 30, DTF_NC)
[ PERFSTAT ]    (samples=5   mean=18.11   median=17.99   min=17.76   stddev=0.37 (2.0%))
[       OK ] DomainTransformTest_perf.perf/90 (97 ms)
[ RUN      ] DomainTransformTest_perf.perf/91, where GetParam() = (CV_8UC1, CV_32FC1, 1280x720, 80, 30, DTF_IC)
[ PERFSTAT ]    (samples=5   mean=15.85   median=16.08   min=14.79   stddev=0.82 (5.2%))
[       OK ] DomainTransformTest_perf.perf/91 (84 ms)
[ RUN      ] DomainTransformTest_perf.perf/92, where GetParam() = (CV_8UC1, CV_32FC1, 1280x720, 80, 30, DTF_RF)
[ PERFSTAT ]    (samples=5   mean=16.26   median=16.26   min=14.78   stddev=1.07 (6.6%))
[       OK ] DomainTransformTest_perf.perf/92 (87 ms)
[ RUN      ] DomainTransformTest_perf.perf/93, where GetParam() = (CV_8UC1, CV_32FC1, 1280x720, 80, 50, DTF_NC)
[ PERFSTAT ]    (samples=5   mean=17.94   median=18.03   min=17.51   stddev=0.33 (1.8%))
[       OK ] DomainTransformTest_perf.perf/93 (95 ms)
[ RUN      ] DomainTransformTest_perf.perf/94, where GetParam() = (CV_8UC1, CV_32FC1, 1280x720, 80, 50, DTF_IC)
[ PERFSTAT ]    (samples=5   mean=16.25   median=16.29   min=15.96   stddev=0.21 (1.3%))
[       OK ] DomainTransformTest_perf.perf/94 (87 ms)
[ RUN      ] DomainTransformTest_perf.perf/95, where GetParam() = (CV_8UC1, CV_32FC1, 1280x720, 80, 50, DTF_RF)
[ PERFSTAT ]    (samples=5   mean=16.76   median=16.79   min=15.51   stddev=0.82 (4.9%))
[       OK ] DomainTransformTest_perf.perf/95 (89 ms)
[ RUN      ] DomainTransformTest_perf.perf/96, where GetParam() = (CV_8UC1, CV_32FC3, 640x480, 10, 30, DTF_NC)
[ PERFSTAT ]    (samples=5   mean=8.72   median=8.75   min=8.50   stddev=0.16 (1.8%))
[       OK ] DomainTransformTest_perf.perf/96 (47 ms)
[ RUN      ] DomainTransformTest_perf.perf/97, where GetParam() = (CV_8UC1, CV_32FC3, 640x480, 10, 30, DTF_IC)
[ PERFSTAT ]    (samples=5   mean=8.77   median=8.60   min=8.44   stddev=0.45 (5.1%))
[       OK ] DomainTransformTest_perf.perf/97 (47 ms)
[ RUN      ] DomainTransformTest_perf.perf/98, where GetParam() = (CV_8UC1, CV_32FC3, 640x480, 10, 30, DTF_RF)
[ PERFSTAT ]    (samples=5   mean=8.95   median=8.87   min=8.71   stddev=0.22 (2.5%))
[       OK ] DomainTransformTest_perf.perf/98 (47 ms)
[ RUN      ] DomainTransformTest_perf.perf/99, where GetParam() = (CV_8UC1, CV_32FC3, 640x480, 10, 50, DTF_NC)
[ PERFSTAT ]    (samples=5   mean=9.22   median=9.30   min=8.96   stddev=0.15 (1.6%))
[       OK ] DomainTransformTest_perf.perf/99 (50 ms)
[ RUN      ] DomainTransformTest_perf.perf/100, where GetParam() = (CV_8UC1, CV_32FC3, 640x480, 10, 50, DTF_IC)
[ PERFSTAT ]    (samples=5   mean=8.72   median=8.65   min=8.57   stddev=0.21 (2.4%))
[       OK ] DomainTransformTest_perf.perf/100 (46 ms)
[ RUN      ] DomainTransformTest_perf.perf/101, where GetParam() = (CV_8UC1, CV_32FC3, 640x480, 10, 50, DTF_RF)
[ PERFSTAT ]    (samples=5   mean=8.60   median=8.61   min=8.34   stddev=0.25 (2.9%))
[       OK ] DomainTransformTest_perf.perf/101 (46 ms)
[ RUN      ] DomainTransformTest_perf.perf/102, where GetParam() = (CV_8UC1, CV_32FC3, 640x480, 80, 30, DTF_NC)
[ PERFSTAT ]    (samples=5   mean=8.68   median=8.68   min=8.59   stddev=0.07 (0.9%))
[       OK ] DomainTransformTest_perf.perf/102 (47 ms)
[ RUN      ] DomainTransformTest_perf.perf/103, where GetParam() = (CV_8UC1, CV_32FC3, 640x480, 80, 30, DTF_IC)
[ PERFSTAT ]    (samples=5   mean=7.93   median=7.76   min=7.72   stddev=0.37 (4.7%))
[       OK ] DomainTransformTest_perf.perf/103 (42 ms)
[ RUN      ] DomainTransformTest_perf.perf/104, where GetParam() = (CV_8UC1, CV_32FC3, 640x480, 80, 30, DTF_RF)
[ PERFSTAT ]    (samples=5   mean=7.92   median=7.92   min=7.86   stddev=0.03 (0.4%))
[       OK ] DomainTransformTest_perf.perf/104 (43 ms)
[ RUN      ] DomainTransformTest_perf.perf/105, where GetParam() = (CV_8UC1, CV_32FC3, 640x480, 80, 50, DTF_NC)
[ PERFSTAT ]    (samples=5   mean=7.80   median=7.84   min=7.65   stddev=0.09 (1.2%))
[       OK ] DomainTransformTest_perf.perf/105 (42 ms)
[ RUN      ] DomainTransformTest_perf.perf/106, where GetParam() = (CV_8UC1, CV_32FC3, 640x480, 80, 50, DTF_IC)
[ PERFSTAT ]    (samples=5   mean=7.59   median=7.44   min=7.41   stddev=0.25 (3.3%))
[       OK ] DomainTransformTest_perf.perf/106 (41 ms)
[ RUN      ] DomainTransformTest_perf.perf/107, where GetParam() = (CV_8UC1, CV_32FC3, 640x480, 80, 50, DTF_RF)
[ PERFSTAT ]    (samples=5   mean=7.70   median=7.71   min=7.52   stddev=0.12 (1.5%))
[       OK ] DomainTransformTest_perf.perf/107 (41 ms)
[ RUN      ] DomainTransformTest_perf.perf/108, where GetParam() = (CV_8UC1, CV_32FC3, 1280x720, 10, 30, DTF_NC)
[ PERFSTAT ]    (samples=5   mean=12.43   median=9.55   min=9.37   stddev=6.39 (51.4%))
[       OK ] DomainTransformTest_perf.perf/108 (76 ms)
[ RUN      ] DomainTransformTest_perf.perf/109, where GetParam() = (CV_8UC1, CV_32FC3, 1280x720, 10, 30, DTF_IC)
[ PERFSTAT ]    (samples=5   mean=18.02   median=16.79   min=16.62   stddev=2.73 (15.2%))
[       OK ] DomainTransformTest_perf.perf/109 (100 ms)
[ RUN      ] DomainTransformTest_perf.perf/110, where GetParam() = (CV_8UC1, CV_32FC3, 1280x720, 10, 30, DTF_RF)
[ PERFSTAT ]    (samples=5   mean=18.22   median=18.14   min=17.97   stddev=0.21 (1.2%))
[       OK ] DomainTransformTest_perf.perf/110 (101 ms)
[ RUN      ] DomainTransformTest_perf.perf/111, where GetParam() = (CV_8UC1, CV_32FC3, 1280x720, 10, 50, DTF_NC)
[ PERFSTAT ]    (samples=5   mean=11.55   median=10.40   min=10.11   stddev=2.85 (24.7%))
[       OK ] DomainTransformTest_perf.perf/111 (68 ms)
[ RUN      ] DomainTransformTest_perf.perf/112, where GetParam() = (CV_8UC1, CV_32FC3, 1280x720, 10, 50, DTF_IC)
[ PERFSTAT ]    (samples=5   mean=15.20   median=13.93   min=13.77   stddev=2.94 (19.3%))
[       OK ] DomainTransformTest_perf.perf/112 (86 ms)
[ RUN      ] DomainTransformTest_perf.perf/113, where GetParam() = (CV_8UC1, CV_32FC3, 1280x720, 10, 50, DTF_RF)
[ PERFSTAT ]    (samples=5   mean=17.95   median=17.49   min=17.24   stddev=1.11 (6.2%))
[       OK ] DomainTransformTest_perf.perf/113 (100 ms)
[ RUN      ] DomainTransformTest_perf.perf/114, where GetParam() = (CV_8UC1, CV_32FC3, 1280x720, 80, 30, DTF_NC)
[ PERFSTAT ]    (samples=5   mean=12.28   median=10.54   min=10.35   stddev=3.86 (31.4%))
[       OK ] DomainTransformTest_perf.perf/114 (71 ms)
[ RUN      ] DomainTransformTest_perf.perf/115, where GetParam() = (CV_8UC1, CV_32FC3, 1280x720, 80, 30, DTF_IC)
[ PERFSTAT ]    (samples=5   mean=14.82   median=13.77   min=13.74   stddev=2.04 (13.8%))
[       OK ] DomainTransformTest_perf.perf/115 (84 ms)
[ RUN      ] DomainTransformTest_perf.perf/116, where GetParam() = (CV_8UC1, CV_32FC3, 1280x720, 80, 30, DTF_RF)
[ PERFSTAT ]    (samples=5   mean=18.64   median=18.45   min=18.43   stddev=0.33 (1.8%))
[       OK ] DomainTransformTest_perf.perf/116 (104 ms)
[ RUN      ] DomainTransformTest_perf.perf/117, where GetParam() = (CV_8UC1, CV_32FC3, 1280x720, 80, 50, DTF_NC)
[ PERFSTAT ]    (samples=5   mean=13.35   median=11.10   min=10.91   stddev=3.26 (24.4%))
[       OK ] DomainTransformTest_perf.perf/117 (76 ms)
[ RUN      ] DomainTransformTest_perf.perf/118, where GetParam() = (CV_8UC1, CV_32FC3, 1280x720, 80, 50, DTF_IC)
[ PERFSTAT ]    (samples=5   mean=15.82   median=14.27   min=14.17   stddev=3.49 (22.1%))
[       OK ] DomainTransformTest_perf.perf/118 (90 ms)
[ RUN      ] DomainTransformTest_perf.perf/119, where GetParam() = (CV_8UC1, CV_32FC3, 1280x720, 80, 50, DTF_RF)
[ PERFSTAT ]    (samples=5   mean=17.85   median=17.31   min=16.95   stddev=0.99 (5.5%))
[       OK ] DomainTransformTest_perf.perf/119 (100 ms)
[ RUN      ] DomainTransformTest_perf.perf/120, where GetParam() = (CV_8UC3, CV_8UC1, 640x480, 10, 30, DTF_NC)
[ PERFSTAT ]    (samples=5   mean=8.73   median=8.23   min=7.91   stddev=1.43 (16.4%))
[       OK ] DomainTransformTest_perf.perf/120 (49 ms)
[ RUN      ] DomainTransformTest_perf.perf/121, where GetParam() = (CV_8UC3, CV_8UC1, 640x480, 10, 30, DTF_IC)
[ PERFSTAT ]    (samples=5   mean=9.03   median=8.94   min=8.93   stddev=0.16 (1.8%))
[       OK ] DomainTransformTest_perf.perf/121 (49 ms)
[ RUN      ] DomainTransformTest_perf.perf/122, where GetParam() = (CV_8UC3, CV_8UC1, 640x480, 10, 30, DTF_RF)
[ PERFSTAT ]    (samples=5   mean=8.05   median=8.06   min=7.52   stddev=0.46 (5.7%))
[       OK ] DomainTransformTest_perf.perf/122 (44 ms)
[ RUN      ] DomainTransformTest_perf.perf/123, where GetParam() = (CV_8UC3, CV_8UC1, 640x480, 10, 50, DTF_NC)
[ PERFSTAT ]    (samples=5   mean=8.13   median=8.04   min=7.90   stddev=0.29 (3.5%))
[       OK ] DomainTransformTest_perf.perf/123 (44 ms)
[ RUN      ] DomainTransformTest_perf.perf/124, where GetParam() = (CV_8UC3, CV_8UC1, 640x480, 10, 50, DTF_IC)
[ PERFSTAT ]    (samples=5   mean=8.77   median=8.68   min=8.59   stddev=0.29 (3.3%))
[       OK ] DomainTransformTest_perf.perf/124 (48 ms)
[ RUN      ] DomainTransformTest_perf.perf/125, where GetParam() = (CV_8UC3, CV_8UC1, 640x480, 10, 50, DTF_RF)
[ PERFSTAT ]    (samples=5   mean=8.46   median=8.80   min=7.43   stddev=0.83 (9.8%))
[       OK ] DomainTransformTest_perf.perf/125 (46 ms)
[ RUN      ] DomainTransformTest_perf.perf/126, where GetParam() = (CV_8UC3, CV_8UC1, 640x480, 80, 30, DTF_NC)
[ PERFSTAT ]    (samples=5   mean=8.64   median=8.76   min=8.19   stddev=0.39 (4.6%))
[       OK ] DomainTransformTest_perf.perf/126 (47 ms)
[ RUN      ] DomainTransformTest_perf.perf/127, where GetParam() = (CV_8UC3, CV_8UC1, 640x480, 80, 30, DTF_IC)
[ PERFSTAT ]    (samples=5   mean=9.02   median=9.07   min=8.79   stddev=0.21 (2.3%))
[       OK ] DomainTransformTest_perf.perf/127 (49 ms)
[ RUN      ] DomainTransformTest_perf.perf/128, where GetParam() = (CV_8UC3, CV_8UC1, 640x480, 80, 30, DTF_RF)
[ PERFSTAT ]    (samples=5   mean=8.68   median=8.72   min=7.90   stddev=0.55 (6.4%))
[       OK ] DomainTransformTest_perf.perf/128 (47 ms)
[ RUN      ] DomainTransformTest_perf.perf/129, where GetParam() = (CV_8UC3, CV_8UC1, 640x480, 80, 50, DTF_NC)
[ PERFSTAT ]    (samples=5   mean=8.96   median=8.51   min=8.47   stddev=0.66 (7.4%))
[       OK ] DomainTransformTest_perf.perf/129 (49 ms)
[ RUN      ] DomainTransformTest_perf.perf/130, where GetParam() = (CV_8UC3, CV_8UC1, 640x480, 80, 50, DTF_IC)
[ PERFSTAT ]    (samples=5   mean=9.00   median=8.63   min=8.34   stddev=1.08 (11.9%))
[       OK ] DomainTransformTest_perf.perf/130 (49 ms)
[ RUN      ] DomainTransformTest_perf.perf/131, where GetParam() = (CV_8UC3, CV_8UC1, 640x480, 80, 50, DTF_RF)
[ PERFSTAT ]    (samples=5   mean=8.08   median=7.75   min=7.60   stddev=0.86 (10.7%))
[       OK ] DomainTransformTest_perf.perf/131 (44 ms)
[ RUN      ] DomainTransformTest_perf.perf/132, where GetParam() = (CV_8UC3, CV_8UC1, 1280x720, 10, 30, DTF_NC)
[ PERFSTAT ]    (samples=5   mean=16.24   median=16.21   min=15.76   stddev=0.34 (2.1%))
[       OK ] DomainTransformTest_perf.perf/132 (91 ms)
[ RUN      ] DomainTransformTest_perf.perf/133, where GetParam() = (CV_8UC3, CV_8UC1, 1280x720, 10, 30, DTF_IC)
[ PERFSTAT ]    (samples=5   mean=18.23   median=17.92   min=17.86   stddev=0.50 (2.7%))
[       OK ] DomainTransformTest_perf.perf/133 (103 ms)
[ RUN      ] DomainTransformTest_perf.perf/134, where GetParam() = (CV_8UC3, CV_8UC1, 1280x720, 10, 30, DTF_RF)
[ PERFSTAT ]    (samples=5   mean=16.34   median=16.18   min=15.34   stddev=0.75 (4.6%))
[       OK ] DomainTransformTest_perf.perf/134 (94 ms)
[ RUN      ] DomainTransformTest_perf.perf/135, where GetParam() = (CV_8UC3, CV_8UC1, 1280x720, 10, 50, DTF_NC)
[ PERFSTAT ]    (samples=5   mean=16.17   median=16.11   min=15.61   stddev=0.48 (3.0%))
[       OK ] DomainTransformTest_perf.perf/135 (92 ms)
[ RUN      ] DomainTransformTest_perf.perf/136, where GetParam() = (CV_8UC3, CV_8UC1, 1280x720, 10, 50, DTF_IC)
[ PERFSTAT ]    (samples=5   mean=18.29   median=18.23   min=17.89   stddev=0.40 (2.2%))
[       OK ] DomainTransformTest_perf.perf/136 (103 ms)
[ RUN      ] DomainTransformTest_perf.perf/137, where GetParam() = (CV_8UC3, CV_8UC1, 1280x720, 10, 50, DTF_RF)
[ PERFSTAT ]    (samples=5   mean=15.59   median=15.62   min=14.56   stddev=0.98 (6.3%))
[       OK ] DomainTransformTest_perf.perf/137 (90 ms)
[ RUN      ] DomainTransformTest_perf.perf/138, where GetParam() = (CV_8UC3, CV_8UC1, 1280x720, 80, 30, DTF_NC)
[ PERFSTAT ]    (samples=5   mean=16.55   median=16.59   min=15.90   stddev=0.48 (2.9%))
[       OK ] DomainTransformTest_perf.perf/138 (94 ms)
[ RUN      ] DomainTransformTest_perf.perf/139, where GetParam() = (CV_8UC3, CV_8UC1, 1280x720, 80, 30, DTF_IC)
[ PERFSTAT ]    (samples=5   mean=18.35   median=18.24   min=17.92   stddev=0.44 (2.4%))
[       OK ] DomainTransformTest_perf.perf/139 (103 ms)
[ RUN      ] DomainTransformTest_perf.perf/140, where GetParam() = (CV_8UC3, CV_8UC1, 1280x720, 80, 30, DTF_RF)
[ PERFSTAT ]    (samples=5   mean=16.60   median=16.15   min=15.54   stddev=1.13 (6.8%))
[       OK ] DomainTransformTest_perf.perf/140 (95 ms)
[ RUN      ] DomainTransformTest_perf.perf/141, where GetParam() = (CV_8UC3, CV_8UC1, 1280x720, 80, 50, DTF_NC)
[ PERFSTAT ]    (samples=5   mean=17.00   median=17.37   min=16.33   stddev=0.56 (3.3%))
[       OK ] DomainTransformTest_perf.perf/141 (97 ms)
[ RUN      ] DomainTransformTest_perf.perf/142, where GetParam() = (CV_8UC3, CV_8UC1, 1280x720, 80, 50, DTF_IC)
[ PERFSTAT ]    (samples=5   mean=18.94   median=18.68   min=18.32   stddev=0.65 (3.4%))
[       OK ] DomainTransformTest_perf.perf/142 (106 ms)
[ RUN      ] DomainTransformTest_perf.perf/143, where GetParam() = (CV_8UC3, CV_8UC1, 1280x720, 80, 50, DTF_RF)
[ PERFSTAT ]    (samples=5   mean=16.73   median=15.95   min=15.82   stddev=1.60 (9.6%))
[       OK ] DomainTransformTest_perf.perf/143 (95 ms)
[ RUN      ] DomainTransformTest_perf.perf/144, where GetParam() = (CV_8UC3, CV_8UC3, 640x480, 10, 30, DTF_NC)
[ PERFSTAT ]    (samples=5   mean=8.99   median=8.93   min=8.84   stddev=0.19 (2.1%))
[       OK ] DomainTransformTest_perf.perf/144 (49 ms)
[ RUN      ] DomainTransformTest_perf.perf/145, where GetParam() = (CV_8UC3, CV_8UC3, 640x480, 10, 30, DTF_IC)
[ PERFSTAT ]    (samples=5   mean=9.27   median=9.02   min=8.90   stddev=0.65 (7.0%))
[       OK ] DomainTransformTest_perf.perf/145 (51 ms)
[ RUN      ] DomainTransformTest_perf.perf/146, where GetParam() = (CV_8UC3, CV_8UC3, 640x480, 10, 30, DTF_RF)
[ PERFSTAT ]    (samples=5   mean=8.91   median=8.84   min=8.65   stddev=0.32 (3.5%))
[       OK ] DomainTransformTest_perf.perf/146 (49 ms)
[ RUN      ] DomainTransformTest_perf.perf/147, where GetParam() = (CV_8UC3, CV_8UC3, 640x480, 10, 50, DTF_NC)
[ PERFSTAT ]    (samples=5   mean=8.91   median=8.69   min=8.44   stddev=0.63 (7.0%))
[       OK ] DomainTransformTest_perf.perf/147 (49 ms)
[ RUN      ] DomainTransformTest_perf.perf/148, where GetParam() = (CV_8UC3, CV_8UC3, 640x480, 10, 50, DTF_IC)
[ PERFSTAT ]    (samples=5   mean=9.02   median=8.98   min=8.86   stddev=0.17 (1.9%))
[       OK ] DomainTransformTest_perf.perf/148 (49 ms)
[ RUN      ] DomainTransformTest_perf.perf/149, where GetParam() = (CV_8UC3, CV_8UC3, 640x480, 10, 50, DTF_RF)
[ PERFSTAT ]    (samples=5   mean=8.72   median=8.61   min=8.25   stddev=0.42 (4.8%))
[       OK ] DomainTransformTest_perf.perf/149 (48 ms)
[ RUN      ] DomainTransformTest_perf.perf/150, where GetParam() = (CV_8UC3, CV_8UC3, 640x480, 80, 30, DTF_NC)
[ PERFSTAT ]    (samples=5   mean=8.63   median=8.54   min=8.47   stddev=0.22 (2.6%))
[       OK ] DomainTransformTest_perf.perf/150 (48 ms)
[ RUN      ] DomainTransformTest_perf.perf/151, where GetParam() = (CV_8UC3, CV_8UC3, 640x480, 80, 30, DTF_IC)
[ PERFSTAT ]    (samples=5   mean=9.03   median=8.89   min=8.73   stddev=0.28 (3.2%))
[       OK ] DomainTransformTest_perf.perf/151 (49 ms)
[ RUN      ] DomainTransformTest_perf.perf/152, where GetParam() = (CV_8UC3, CV_8UC3, 640x480, 80, 30, DTF_RF)
[ PERFSTAT ]    (samples=5   mean=8.73   median=8.55   min=8.32   stddev=0.56 (6.4%))
[       OK ] DomainTransformTest_perf.perf/152 (48 ms)
[ RUN      ] DomainTransformTest_perf.perf/153, where GetParam() = (CV_8UC3, CV_8UC3, 640x480, 80, 50, DTF_NC)
[ PERFSTAT ]    (samples=5   mean=8.41   median=8.32   min=8.13   stddev=0.30 (3.6%))
[       OK ] DomainTransformTest_perf.perf/153 (46 ms)
[ RUN      ] DomainTransformTest_perf.perf/154, where GetParam() = (CV_8UC3, CV_8UC3, 640x480, 80, 50, DTF_IC)
[ PERFSTAT ]    (samples=5   mean=9.05   median=8.80   min=8.68   stddev=0.64 (7.1%))
[       OK ] DomainTransformTest_perf.perf/154 (50 ms)
[ RUN      ] DomainTransformTest_perf.perf/155, where GetParam() = (CV_8UC3, CV_8UC3, 640x480, 80, 50, DTF_RF)
[ PERFSTAT ]    (samples=5   mean=8.18   median=8.00   min=7.96   stddev=0.38 (4.7%))
[       OK ] DomainTransformTest_perf.perf/155 (45 ms)
[ RUN      ] DomainTransformTest_perf.perf/156, where GetParam() = (CV_8UC3, CV_8UC3, 1280x720, 10, 30, DTF_NC)
[ PERFSTAT ]    (samples=5   mean=13.53   median=12.90   min=12.70   stddev=1.49 (11.0%))
[       OK ] DomainTransformTest_perf.perf/156 (77 ms)
[ RUN      ] DomainTransformTest_perf.perf/157, where GetParam() = (CV_8UC3, CV_8UC3, 1280x720, 10, 30, DTF_IC)
[ PERFSTAT ]    (samples=5   mean=18.39   median=17.18   min=17.10   stddev=2.36 (12.8%))
[       OK ] DomainTransformTest_perf.perf/157 (105 ms)
[ RUN      ] DomainTransformTest_perf.perf/158, where GetParam() = (CV_8UC3, CV_8UC3, 1280x720, 10, 30, DTF_RF)
[ PERFSTAT ]    (samples=5   mean=19.40   median=18.90   min=18.29   stddev=1.03 (5.3%))
[       OK ] DomainTransformTest_perf.perf/158 (109 ms)
[ RUN      ] DomainTransformTest_perf.perf/159, where GetParam() = (CV_8UC3, CV_8UC3, 1280x720, 10, 50, DTF_NC)
[ PERFSTAT ]    (samples=5   mean=13.44   median=13.07   min=12.65   stddev=0.89 (6.6%))
[       OK ] DomainTransformTest_perf.perf/159 (81 ms)
[ RUN      ] DomainTransformTest_perf.perf/160, where GetParam() = (CV_8UC3, CV_8UC3, 1280x720, 10, 50, DTF_IC)
[ PERFSTAT ]    (samples=5   mean=17.76   median=17.70   min=17.24   stddev=0.63 (3.6%))
[       OK ] DomainTransformTest_perf.perf/160 (101 ms)
[ RUN      ] DomainTransformTest_perf.perf/161, where GetParam() = (CV_8UC3, CV_8UC3, 1280x720, 10, 50, DTF_RF)
[ PERFSTAT ]    (samples=5   mean=19.67   median=19.71   min=18.86   stddev=0.82 (4.2%))
[       OK ] DomainTransformTest_perf.perf/161 (112 ms)
[ RUN      ] DomainTransformTest_perf.perf/162, where GetParam() = (CV_8UC3, CV_8UC3, 1280x720, 80, 30, DTF_NC)
[ PERFSTAT ]    (samples=5   mean=13.49   median=13.07   min=12.89   stddev=0.85 (6.3%))
[       OK ] DomainTransformTest_perf.perf/162 (80 ms)
[ RUN      ] DomainTransformTest_perf.perf/163, where GetParam() = (CV_8UC3, CV_8UC3, 1280x720, 80, 30, DTF_IC)
[ PERFSTAT ]    (samples=5   mean=17.40   median=17.17   min=17.13   stddev=0.35 (2.0%))
[       OK ] DomainTransformTest_perf.perf/163 (100 ms)
[ RUN      ] DomainTransformTest_perf.perf/164, where GetParam() = (CV_8UC3, CV_8UC3, 1280x720, 80, 30, DTF_RF)
[ PERFSTAT ]    (samples=5   mean=19.59   median=19.88   min=18.93   stddev=0.60 (3.1%))
[       OK ] DomainTransformTest_perf.perf/164 (111 ms)
[ RUN      ] DomainTransformTest_perf.perf/165, where GetParam() = (CV_8UC3, CV_8UC3, 1280x720, 80, 50, DTF_NC)
[ PERFSTAT ]    (samples=5   mean=13.56   median=13.21   min=12.89   stddev=1.01 (7.4%))
[       OK ] DomainTransformTest_perf.perf/165 (81 ms)
[ RUN      ] DomainTransformTest_perf.perf/166, where GetParam() = (CV_8UC3, CV_8UC3, 1280x720, 80, 50, DTF_IC)
[ PERFSTAT ]    (samples=5   mean=17.47   median=17.43   min=16.96   stddev=0.35 (2.0%))
[       OK ] DomainTransformTest_perf.perf/166 (100 ms)
[ RUN      ] DomainTransformTest_perf.perf/167, where GetParam() = (CV_8UC3, CV_8UC3, 1280x720, 80, 50, DTF_RF)
[ PERFSTAT ]    (samples=5   mean=20.44   median=20.68   min=19.27   stddev=0.90 (4.4%))
[       OK ] DomainTransformTest_perf.perf/167 (115 ms)
[ RUN      ] DomainTransformTest_perf.perf/168, where GetParam() = (CV_8UC3, CV_8UC4, 640x480, 10, 30, DTF_NC)
[ PERFSTAT ]    (samples=5   mean=6.10   median=6.05   min=5.92   stddev=0.23 (3.8%))
[       OK ] DomainTransformTest_perf.perf/168 (39 ms)
[ RUN      ] DomainTransformTest_perf.perf/169, where GetParam() = (CV_8UC3, CV_8UC4, 640x480, 10, 30, DTF_IC)
[ PERFSTAT ]    (samples=5   mean=7.03   median=6.91   min=6.75   stddev=0.31 (4.4%))
[       OK ] DomainTransformTest_perf.perf/169 (40 ms)
[ RUN      ] DomainTransformTest_perf.perf/170, where GetParam() = (CV_8UC3, CV_8UC4, 640x480, 10, 30, DTF_RF)
[ PERFSTAT ]    (samples=5   mean=8.73   median=8.55   min=8.48   stddev=0.29 (3.4%))
[       OK ] DomainTransformTest_perf.perf/170 (48 ms)
[ RUN      ] DomainTransformTest_perf.perf/171, where GetParam() = (CV_8UC3, CV_8UC4, 640x480, 10, 50, DTF_NC)
[ PERFSTAT ]    (samples=5   mean=6.09   median=6.01   min=5.89   stddev=0.29 (4.7%))
[       OK ] DomainTransformTest_perf.perf/171 (35 ms)
[ RUN      ] DomainTransformTest_perf.perf/172, where GetParam() = (CV_8UC3, CV_8UC4, 640x480, 10, 50, DTF_IC)
[ PERFSTAT ]    (samples=5   mean=6.92   median=6.84   min=6.78   stddev=0.22 (3.2%))
[       OK ] DomainTransformTest_perf.perf/172 (40 ms)
[ RUN      ] DomainTransformTest_perf.perf/173, where GetParam() = (CV_8UC3, CV_8UC4, 640x480, 10, 50, DTF_RF)
[ PERFSTAT ]    (samples=5   mean=8.45   median=8.37   min=8.19   stddev=0.30 (3.6%))
[       OK ] DomainTransformTest_perf.perf/173 (46 ms)
[ RUN      ] DomainTransformTest_perf.perf/174, where GetParam() = (CV_8UC3, CV_8UC4, 640x480, 80, 30, DTF_NC)
[ PERFSTAT ]    (samples=5   mean=6.17   median=6.16   min=5.89   stddev=0.31 (5.1%))
[       OK ] DomainTransformTest_perf.perf/174 (36 ms)
[ RUN      ] DomainTransformTest_perf.perf/175, where GetParam() = (CV_8UC3, CV_8UC4, 640x480, 80, 30, DTF_IC)
[ PERFSTAT ]    (samples=5   mean=6.98   median=6.86   min=6.83   stddev=0.28 (4.0%))
[       OK ] DomainTransformTest_perf.perf/175 (39 ms)
[ RUN      ] DomainTransformTest_perf.perf/176, where GetParam() = (CV_8UC3, CV_8UC4, 640x480, 80, 30, DTF_RF)
[ PERFSTAT ]    (samples=5   mean=8.79   median=8.69   min=8.52   stddev=0.32 (3.6%))
[       OK ] DomainTransformTest_perf.perf/176 (49 ms)
[ RUN      ] DomainTransformTest_perf.perf/177, where GetParam() = (CV_8UC3, CV_8UC4, 640x480, 80, 50, DTF_NC)
[ PERFSTAT ]    (samples=5   mean=6.13   median=6.00   min=5.88   stddev=0.38 (6.2%))
[       OK ] DomainTransformTest_perf.perf/177 (35 ms)
[ RUN      ] DomainTransformTest_perf.perf/178, where GetParam() = (CV_8UC3, CV_8UC4, 640x480, 80, 50, DTF_IC)
[ PERFSTAT ]    (samples=5   mean=6.94   median=6.85   min=6.78   stddev=0.25 (3.6%))
[       OK ] DomainTransformTest_perf.perf/178 (39 ms)
[ RUN      ] DomainTransformTest_perf.perf/179, where GetParam() = (CV_8UC3, CV_8UC4, 640x480, 80, 50, DTF_RF)
[ PERFSTAT ]    (samples=5   mean=8.49   median=8.30   min=8.10   stddev=0.42 (4.9%))
[       OK ] DomainTransformTest_perf.perf/179 (47 ms)
[ RUN      ] DomainTransformTest_perf.perf/180, where GetParam() = (CV_8UC3, CV_8UC4, 1280x720, 10, 30, DTF_NC)
[ PERFSTAT ]    (samples=5   mean=15.25   median=15.00   min=14.69   stddev=0.88 (5.8%))
[       OK ] DomainTransformTest_perf.perf/180 (86 ms)
[ RUN      ] DomainTransformTest_perf.perf/181, where GetParam() = (CV_8UC3, CV_8UC4, 1280x720, 10, 30, DTF_IC)
[ PERFSTAT ]    (samples=5   mean=35.88   median=37.87   min=30.57   stddev=4.59 (12.8%))
[       OK ] DomainTransformTest_perf.perf/181 (193 ms)
[ RUN      ] DomainTransformTest_perf.perf/182, where GetParam() = (CV_8UC3, CV_8UC4, 1280x720, 10, 30, DTF_RF)
[ PERFSTAT ]    (samples=5   mean=23.27   median=21.86   min=21.65   stddev=2.89 (12.4%))
[       OK ] DomainTransformTest_perf.perf/182 (132 ms)
[ RUN      ] DomainTransformTest_perf.perf/183, where GetParam() = (CV_8UC3, CV_8UC4, 1280x720, 10, 50, DTF_NC)
[ PERFSTAT ]    (samples=5   mean=20.85   median=19.01   min=18.89   stddev=3.95 (19.0%))
[       OK ] DomainTransformTest_perf.perf/183 (120 ms)
[ RUN      ] DomainTransformTest_perf.perf/184, where GetParam() = (CV_8UC3, CV_8UC4, 1280x720, 10, 50, DTF_IC)
[ PERFSTAT ]    (samples=5   mean=34.30   median=34.17   min=33.41   stddev=0.72 (2.1%))
[       OK ] DomainTransformTest_perf.perf/184 (185 ms)
[ RUN      ] DomainTransformTest_perf.perf/185, where GetParam() = (CV_8UC3, CV_8UC4, 1280x720, 10, 50, DTF_RF)
[ PERFSTAT ]    (samples=5   mean=23.33   median=22.67   min=22.21   stddev=1.41 (6.0%))
[       OK ] DomainTransformTest_perf.perf/185 (131 ms)
[ RUN      ] DomainTransformTest_perf.perf/186, where GetParam() = (CV_8UC3, CV_8UC4, 1280x720, 80, 30, DTF_NC)
[ PERFSTAT ]    (samples=5   mean=20.85   median=18.95   min=18.72   stddev=3.97 (19.1%))
[       OK ] DomainTransformTest_perf.perf/186 (120 ms)
[ RUN      ] DomainTransformTest_perf.perf/187, where GetParam() = (CV_8UC3, CV_8UC4, 1280x720, 80, 30, DTF_IC)
[ PERFSTAT ]    (samples=5   mean=39.15   median=39.24   min=37.47   stddev=1.06 (2.7%))
[       OK ] DomainTransformTest_perf.perf/187 (210 ms)
[ RUN      ] DomainTransformTest_perf.perf/188, where GetParam() = (CV_8UC3, CV_8UC4, 1280x720, 80, 30, DTF_RF)
[ PERFSTAT ]    (samples=5   mean=23.32   median=22.51   min=21.29   stddev=2.28 (9.8%))
[       OK ] DomainTransformTest_perf.perf/188 (131 ms)
[ RUN      ] DomainTransformTest_perf.perf/189, where GetParam() = (CV_8UC3, CV_8UC4, 1280x720, 80, 50, DTF_NC)
[ PERFSTAT ]    (samples=5   mean=20.52   median=18.71   min=18.57   stddev=3.72 (18.1%))
[       OK ] DomainTransformTest_perf.perf/189 (117 ms)
[ RUN      ] DomainTransformTest_perf.perf/190, where GetParam() = (CV_8UC3, CV_8UC4, 1280x720, 80, 50, DTF_IC)
[ PERFSTAT ]    (samples=5   mean=38.25   median=38.24   min=36.15   stddev=1.58 (4.1%))
[       OK ] DomainTransformTest_perf.perf/190 (206 ms)
[ RUN      ] DomainTransformTest_perf.perf/191, where GetParam() = (CV_8UC3, CV_8UC4, 1280x720, 80, 50, DTF_RF)
[ PERFSTAT ]    (samples=5   mean=23.60   median=22.54   min=22.20   stddev=2.11 (8.9%))
[       OK ] DomainTransformTest_perf.perf/191 (132 ms)
[ RUN      ] DomainTransformTest_perf.perf/192, where GetParam() = (CV_8UC3, CV_32FC1, 640x480, 10, 30, DTF_NC)
[ PERFSTAT ]    (samples=5   mean=7.85   median=7.76   min=7.45   stddev=0.34 (4.4%))
[       OK ] DomainTransformTest_perf.perf/192 (43 ms)
[ RUN      ] DomainTransformTest_perf.perf/193, where GetParam() = (CV_8UC3, CV_32FC1, 640x480, 10, 30, DTF_IC)
[ PERFSTAT ]    (samples=5   mean=8.38   median=8.42   min=8.24   stddev=0.13 (1.5%))
[       OK ] DomainTransformTest_perf.perf/193 (47 ms)
[ RUN      ] DomainTransformTest_perf.perf/194, where GetParam() = (CV_8UC3, CV_32FC1, 640x480, 10, 30, DTF_RF)
[ PERFSTAT ]    (samples=5   mean=7.68   median=7.43   min=7.16   stddev=0.52 (6.8%))
[       OK ] DomainTransformTest_perf.perf/194 (42 ms)
[ RUN      ] DomainTransformTest_perf.perf/195, where GetParam() = (CV_8UC3, CV_32FC1, 640x480, 10, 50, DTF_NC)
[ PERFSTAT ]    (samples=5   mean=7.84   median=7.86   min=7.60   stddev=0.16 (2.0%))
[       OK ] DomainTransformTest_perf.perf/195 (44 ms)
[ RUN      ] DomainTransformTest_perf.perf/196, where GetParam() = (CV_8UC3, CV_32FC1, 640x480, 10, 50, DTF_IC)
[ PERFSTAT ]    (samples=5   mean=8.81   median=8.71   min=8.49   stddev=0.34 (3.8%))
[       OK ] DomainTransformTest_perf.perf/196 (48 ms)
[ RUN      ] DomainTransformTest_perf.perf/197, where GetParam() = (CV_8UC3, CV_32FC1, 640x480, 10, 50, DTF_RF)
[ PERFSTAT ]    (samples=5   mean=7.85   median=7.83   min=7.56   stddev=0.34 (4.3%))
[       OK ] DomainTransformTest_perf.perf/197 (43 ms)
[ RUN      ] DomainTransformTest_perf.perf/198, where GetParam() = (CV_8UC3, CV_32FC1, 640x480, 80, 30, DTF_NC)
[ PERFSTAT ]    (samples=5   mean=8.09   median=8.10   min=7.69   stddev=0.27 (3.3%))
[       OK ] DomainTransformTest_perf.perf/198 (45 ms)
[ RUN      ] DomainTransformTest_perf.perf/199, where GetParam() = (CV_8UC3, CV_32FC1, 640x480, 80, 30, DTF_IC)
[ PERFSTAT ]    (samples=5   mean=8.86   median=8.83   min=8.69   stddev=0.16 (1.8%))
[       OK ] DomainTransformTest_perf.perf/199 (48 ms)
[ RUN      ] DomainTransformTest_perf.perf/200, where GetParam() = (CV_8UC3, CV_32FC1, 640x480, 80, 30, DTF_RF)
[ PERFSTAT ]    (samples=5   mean=8.00   median=7.85   min=7.69   stddev=0.41 (5.1%))
[       OK ] DomainTransformTest_perf.perf/200 (44 ms)
[ RUN      ] DomainTransformTest_perf.perf/201, where GetParam() = (CV_8UC3, CV_32FC1, 640x480, 80, 50, DTF_NC)
[ PERFSTAT ]    (samples=5   mean=8.32   median=8.09   min=7.89   stddev=0.56 (6.7%))
[       OK ] DomainTransformTest_perf.perf/201 (46 ms)
[ RUN      ] DomainTransformTest_perf.perf/202, where GetParam() = (CV_8UC3, CV_32FC1, 640x480, 80, 50, DTF_IC)
[ PERFSTAT ]    (samples=5   mean=9.31   median=9.41   min=9.06   stddev=0.18 (1.9%))
[       OK ] DomainTransformTest_perf.perf/202 (51 ms)
[ RUN      ] DomainTransformTest_perf.perf/203, where GetParam() = (CV_8UC3, CV_32FC1, 640x480, 80, 50, DTF_RF)
[ PERFSTAT ]    (samples=5   mean=8.29   median=8.19   min=8.18   stddev=0.15 (1.8%))
[       OK ] DomainTransformTest_perf.perf/203 (45 ms)
[ RUN      ] DomainTransformTest_perf.perf/204, where GetParam() = (CV_8UC3, CV_32FC1, 1280x720, 10, 30, DTF_NC)
[ PERFSTAT ]    (samples=5   mean=16.67   median=16.92   min=15.30   stddev=0.80 (4.8%))
[       OK ] DomainTransformTest_perf.perf/204 (90 ms)
[ RUN      ] DomainTransformTest_perf.perf/205, where GetParam() = (CV_8UC3, CV_32FC1, 1280x720, 10, 30, DTF_IC)
[ PERFSTAT ]    (samples=5   mean=21.25   median=21.12   min=20.37   stddev=0.90 (4.2%))
[       OK ] DomainTransformTest_perf.perf/205 (119 ms)
[ RUN      ] DomainTransformTest_perf.perf/206, where GetParam() = (CV_8UC3, CV_32FC1, 1280x720, 10, 30, DTF_RF)
[ PERFSTAT ]    (samples=5   mean=15.87   median=16.05   min=14.29   stddev=1.08 (6.8%))
[       OK ] DomainTransformTest_perf.perf/206 (93 ms)
[ RUN      ] DomainTransformTest_perf.perf/207, where GetParam() = (CV_8UC3, CV_32FC1, 1280x720, 10, 50, DTF_NC)
[ PERFSTAT ]    (samples=5   mean=16.94   median=16.80   min=16.19   stddev=0.79 (4.6%))
[       OK ] DomainTransformTest_perf.perf/207 (97 ms)
[ RUN      ] DomainTransformTest_perf.perf/208, where GetParam() = (CV_8UC3, CV_32FC1, 1280x720, 10, 50, DTF_IC)
[ PERFSTAT ]    (samples=5   mean=21.18   median=21.16   min=20.90   stddev=0.25 (1.2%))
[       OK ] DomainTransformTest_perf.perf/208 (118 ms)
[ RUN      ] DomainTransformTest_perf.perf/209, where GetParam() = (CV_8UC3, CV_32FC1, 1280x720, 10, 50, DTF_RF)
[ PERFSTAT ]    (samples=5   mean=16.10   median=15.86   min=14.32   stddev=1.45 (9.0%))
[       OK ] DomainTransformTest_perf.perf/209 (94 ms)
[ RUN      ] DomainTransformTest_perf.perf/210, where GetParam() = (CV_8UC3, CV_32FC1, 1280x720, 80, 30, DTF_NC)
[ PERFSTAT ]    (samples=5   mean=16.89   median=16.69   min=15.88   stddev=1.11 (6.5%))
[       OK ] DomainTransformTest_perf.perf/210 (98 ms)
[ RUN      ] DomainTransformTest_perf.perf/211, where GetParam() = (CV_8UC3, CV_32FC1, 1280x720, 80, 30, DTF_IC)
[ PERFSTAT ]    (samples=5   mean=21.25   median=20.95   min=20.25   stddev=1.21 (5.7%))
[       OK ] DomainTransformTest_perf.perf/211 (119 ms)
[ RUN      ] DomainTransformTest_perf.perf/212, where GetParam() = (CV_8UC3, CV_32FC1, 1280x720, 80, 30, DTF_RF)
[ PERFSTAT ]    (samples=5   mean=15.91   median=16.05   min=14.72   stddev=0.87 (5.5%))
[       OK ] DomainTransformTest_perf.perf/212 (92 ms)
[ RUN      ] DomainTransformTest_perf.perf/213, where GetParam() = (CV_8UC3, CV_32FC1, 1280x720, 80, 50, DTF_NC)
[ PERFSTAT ]    (samples=5   mean=16.70   median=16.52   min=16.23   stddev=0.60 (3.6%))
[       OK ] DomainTransformTest_perf.perf/213 (96 ms)
[ RUN      ] DomainTransformTest_perf.perf/214, where GetParam() = (CV_8UC3, CV_32FC1, 1280x720, 80, 50, DTF_IC)
[ PERFSTAT ]    (samples=5   mean=21.71   median=21.65   min=20.92   stddev=0.65 (3.0%))
[       OK ] DomainTransformTest_perf.perf/214 (121 ms)
[ RUN      ] DomainTransformTest_perf.perf/215, where GetParam() = (CV_8UC3, CV_32FC1, 1280x720, 80, 50, DTF_RF)
[ PERFSTAT ]    (samples=5   mean=17.12   median=17.75   min=15.03   stddev=1.43 (8.3%))
[       OK ] DomainTransformTest_perf.perf/215 (98 ms)
[ RUN      ] DomainTransformTest_perf.perf/216, where GetParam() = (CV_8UC3, CV_32FC3, 640x480, 10, 30, DTF_NC)
[ PERFSTAT ]    (samples=5   mean=9.58   median=9.66   min=8.67   stddev=0.58 (6.1%))
[       OK ] DomainTransformTest_perf.perf/216 (56 ms)
[ RUN      ] DomainTransformTest_perf.perf/217, where GetParam() = (CV_8UC3, CV_32FC3, 640x480, 10, 30, DTF_IC)
[ PERFSTAT ]    (samples=5   mean=9.76   median=9.60   min=9.40   stddev=0.52 (5.3%))
[       OK ] DomainTransformTest_perf.perf/217 (54 ms)
[ RUN      ] DomainTransformTest_perf.perf/218, where GetParam() = (CV_8UC3, CV_32FC3, 640x480, 10, 30, DTF_RF)
[ PERFSTAT ]    (samples=5   mean=9.00   median=8.90   min=8.67   stddev=0.39 (4.3%))
[       OK ] DomainTransformTest_perf.perf/218 (50 ms)
[ RUN      ] DomainTransformTest_perf.perf/219, where GetParam() = (CV_8UC3, CV_32FC3, 640x480, 10, 50, DTF_NC)
[ PERFSTAT ]    (samples=5   mean=9.31   median=9.32   min=9.17   stddev=0.10 (1.1%))
[       OK ] DomainTransformTest_perf.perf/219 (52 ms)
[ RUN      ] DomainTransformTest_perf.perf/220, where GetParam() = (CV_8UC3, CV_32FC3, 640x480, 10, 50, DTF_IC)
[ PERFSTAT ]    (samples=5   mean=8.94   median=8.65   min=8.44   stddev=0.57 (6.4%))
[       OK ] DomainTransformTest_perf.perf/220 (51 ms)
[ RUN      ] DomainTransformTest_perf.perf/221, where GetParam() = (CV_8UC3, CV_32FC3, 640x480, 10, 50, DTF_RF)
[ PERFSTAT ]    (samples=5   mean=8.23   median=8.24   min=8.12   stddev=0.08 (1.0%))
[       OK ] DomainTransformTest_perf.perf/221 (46 ms)
[ RUN      ] DomainTransformTest_perf.perf/222, where GetParam() = (CV_8UC3, CV_32FC3, 640x480, 80, 30, DTF_NC)
[ PERFSTAT ]    (samples=5   mean=8.87   median=8.76   min=8.64   stddev=0.26 (3.0%))
[       OK ] DomainTransformTest_perf.perf/222 (50 ms)
[ RUN      ] DomainTransformTest_perf.perf/223, where GetParam() = (CV_8UC3, CV_32FC3, 640x480, 80, 30, DTF_IC)
[ PERFSTAT ]    (samples=5   mean=8.24   median=8.16   min=7.96   stddev=0.34 (4.1%))
[       OK ] DomainTransformTest_perf.perf/223 (46 ms)
[ RUN      ] DomainTransformTest_perf.perf/224, where GetParam() = (CV_8UC3, CV_32FC3, 640x480, 80, 30, DTF_RF)
[ PERFSTAT ]    (samples=5   mean=8.11   median=8.03   min=8.00   stddev=0.20 (2.5%))
[       OK ] DomainTransformTest_perf.perf/224 (46 ms)
[ RUN      ] DomainTransformTest_perf.perf/225, where GetParam() = (CV_8UC3, CV_32FC3, 640x480, 80, 50, DTF_NC)
[ PERFSTAT ]    (samples=5   mean=8.43   median=8.47   min=8.27   stddev=0.14 (1.6%))
[       OK ] DomainTransformTest_perf.perf/225 (48 ms)
[ RUN      ] DomainTransformTest_perf.perf/226, where GetParam() = (CV_8UC3, CV_32FC3, 640x480, 80, 50, DTF_IC)
[ PERFSTAT ]    (samples=5   mean=8.33   median=8.17   min=8.03   stddev=0.33 (4.0%))
[       OK ] DomainTransformTest_perf.perf/226 (47 ms)
[ RUN      ] DomainTransformTest_perf.perf/227, where GetParam() = (CV_8UC3, CV_32FC3, 640x480, 80, 50, DTF_RF)
[ PERFSTAT ]    (samples=5   mean=7.79   median=7.80   min=7.70   stddev=0.06 (0.7%))
[       OK ] DomainTransformTest_perf.perf/227 (44 ms)
[ RUN      ] DomainTransformTest_perf.perf/228, where GetParam() = (CV_8UC3, CV_32FC3, 1280x720, 10, 30, DTF_NC)
[ PERFSTAT ]    (samples=5   mean=15.94   median=15.08   min=13.87   stddev=2.95 (18.5%))
[       OK ] DomainTransformTest_perf.perf/228 (92 ms)
[ RUN      ] DomainTransformTest_perf.perf/229, where GetParam() = (CV_8UC3, CV_32FC3, 1280x720, 10, 30, DTF_IC)
[ PERFSTAT ]    (samples=5   mean=20.74   median=19.54   min=19.13   stddev=2.93 (14.1%))
[       OK ] DomainTransformTest_perf.perf/229 (121 ms)
[ RUN      ] DomainTransformTest_perf.perf/230, where GetParam() = (CV_8UC3, CV_32FC3, 1280x720, 10, 30, DTF_RF)
[ PERFSTAT ]    (samples=5   mean=18.71   median=18.46   min=18.14   stddev=0.65 (3.5%))
[       OK ] DomainTransformTest_perf.perf/230 (111 ms)
[ RUN      ] DomainTransformTest_perf.perf/231, where GetParam() = (CV_8UC3, CV_32FC3, 1280x720, 10, 50, DTF_NC)
[ PERFSTAT ]    (samples=5   mean=15.04   median=13.24   min=12.73   stddev=4.28 (28.5%))
[       OK ] DomainTransformTest_perf.perf/231 (92 ms)
[ RUN      ] DomainTransformTest_perf.perf/232, where GetParam() = (CV_8UC3, CV_32FC3, 1280x720, 10, 50, DTF_IC)
[ PERFSTAT ]    (samples=5   mean=17.41   median=16.21   min=15.90   stddev=2.70 (15.5%))
[       OK ] DomainTransformTest_perf.perf/232 (104 ms)
[ RUN      ] DomainTransformTest_perf.perf/233, where GetParam() = (CV_8UC3, CV_32FC3, 1280x720, 10, 50, DTF_RF)
[ PERFSTAT ]    (samples=5   mean=19.05   median=19.00   min=17.97   stddev=0.90 (4.7%))
[       OK ] DomainTransformTest_perf.perf/233 (113 ms)
[ RUN      ] DomainTransformTest_perf.perf/234, where GetParam() = (CV_8UC3, CV_32FC3, 1280x720, 80, 30, DTF_NC)
[ PERFSTAT ]    (samples=5   mean=14.49   median=12.90   min=12.62   stddev=3.85 (26.6%))
[       OK ] DomainTransformTest_perf.perf/234 (89 ms)
[ RUN      ] DomainTransformTest_perf.perf/235, where GetParam() = (CV_8UC3, CV_32FC3, 1280x720, 80, 30, DTF_IC)
[ PERFSTAT ]    (samples=5   mean=17.91   median=16.50   min=16.37   stddev=3.06 (17.1%))
[       OK ] DomainTransformTest_perf.perf/235 (107 ms)
[ RUN      ] DomainTransformTest_perf.perf/236, where GetParam() = (CV_8UC3, CV_32FC3, 1280x720, 80, 30, DTF_RF)
[ PERFSTAT ]    (samples=5   mean=19.12   median=19.08   min=17.86   stddev=1.21 (6.3%))
[       OK ] DomainTransformTest_perf.perf/236 (113 ms)
[ RUN      ] DomainTransformTest_perf.perf/237, where GetParam() = (CV_8UC3, CV_32FC3, 1280x720, 80, 50, DTF_NC)
[ PERFSTAT ]    (samples=5   mean=15.16   median=13.31   min=12.99   stddev=4.41 (29.1%))
[       OK ] DomainTransformTest_perf.perf/237 (94 ms)
[ RUN      ] DomainTransformTest_perf.perf/238, where GetParam() = (CV_8UC3, CV_32FC3, 1280x720, 80, 50, DTF_IC)
[ PERFSTAT ]    (samples=5   mean=17.22   median=16.32   min=16.07   stddev=1.92 (11.1%))
[       OK ] DomainTransformTest_perf.perf/238 (103 ms)
[ RUN      ] DomainTransformTest_perf.perf/239, where GetParam() = (CV_8UC3, CV_32FC3, 1280x720, 80, 50, DTF_RF)
[ PERFSTAT ]    (samples=5   mean=18.60   median=18.76   min=17.34   stddev=0.94 (5.1%))
[       OK ] DomainTransformTest_perf.perf/239 (111 ms)
[ RUN      ] DomainTransformTest_perf.perf/240, where GetParam() = (CV_32FC1, CV_8UC1, 640x480, 10, 30, DTF_NC)
[ PERFSTAT ]    (samples=5   mean=8.00   median=8.04   min=7.76   stddev=0.24 (3.0%))
[       OK ] DomainTransformTest_perf.perf/240 (43 ms)
[ RUN      ] DomainTransformTest_perf.perf/241, where GetParam() = (CV_32FC1, CV_8UC1, 640x480, 10, 30, DTF_IC)
[ PERFSTAT ]    (samples=5   mean=8.16   median=8.13   min=7.84   stddev=0.27 (3.3%))
[       OK ] DomainTransformTest_perf.perf/241 (42 ms)
[ RUN      ] DomainTransformTest_perf.perf/242, where GetParam() = (CV_32FC1, CV_8UC1, 640x480, 10, 30, DTF_RF)
[ PERFSTAT ]    (samples=5   mean=15.73   median=15.21   min=14.94   stddev=1.25 (7.9%))
[       OK ] DomainTransformTest_perf.perf/242 (81 ms)
[ RUN      ] DomainTransformTest_perf.perf/243, where GetParam() = (CV_32FC1, CV_8UC1, 640x480, 10, 50, DTF_NC)
[ PERFSTAT ]    (samples=5   mean=7.27   median=7.22   min=7.14   stddev=0.14 (2.0%))
[       OK ] DomainTransformTest_perf.perf/243 (38 ms)
[ RUN      ] DomainTransformTest_perf.perf/244, where GetParam() = (CV_32FC1, CV_8UC1, 640x480, 10, 50, DTF_IC)
[ PERFSTAT ]    (samples=5   mean=7.92   median=7.85   min=7.76   stddev=0.17 (2.2%))
[       OK ] DomainTransformTest_perf.perf/244 (42 ms)
[ RUN      ] DomainTransformTest_perf.perf/245, where GetParam() = (CV_32FC1, CV_8UC1, 640x480, 10, 50, DTF_RF)
[ PERFSTAT ]    (samples=5   mean=15.19   median=14.59   min=14.37   stddev=1.26 (8.3%))
[       OK ] DomainTransformTest_perf.perf/245 (77 ms)
[ RUN      ] DomainTransformTest_perf.perf/246, where GetParam() = (CV_32FC1, CV_8UC1, 640x480, 80, 30, DTF_NC)
[ PERFSTAT ]    (samples=5   mean=7.31   median=7.29   min=7.03   stddev=0.25 (3.4%))
[       OK ] DomainTransformTest_perf.perf/246 (39 ms)
[ RUN      ] DomainTransformTest_perf.perf/247, where GetParam() = (CV_32FC1, CV_8UC1, 640x480, 80, 30, DTF_IC)
[ PERFSTAT ]    (samples=5   mean=7.65   median=7.65   min=7.49   stddev=0.13 (1.7%))
[       OK ] DomainTransformTest_perf.perf/247 (40 ms)
[ RUN      ] DomainTransformTest_perf.perf/248, where GetParam() = (CV_32FC1, CV_8UC1, 640x480, 80, 30, DTF_RF)
[ PERFSTAT ]    (samples=5   mean=16.08   median=15.96   min=15.48   stddev=0.64 (4.0%))
[       OK ] DomainTransformTest_perf.perf/248 (82 ms)
[ RUN      ] DomainTransformTest_perf.perf/249, where GetParam() = (CV_32FC1, CV_8UC1, 640x480, 80, 50, DTF_NC)
[ PERFSTAT ]    (samples=5   mean=7.95   median=7.75   min=7.59   stddev=0.51 (6.4%))
[       OK ] DomainTransformTest_perf.perf/249 (42 ms)
[ RUN      ] DomainTransformTest_perf.perf/250, where GetParam() = (CV_32FC1, CV_8UC1, 640x480, 80, 50, DTF_IC)
[ PERFSTAT ]    (samples=5   mean=7.93   median=7.99   min=7.60   stddev=0.20 (2.5%))
[       OK ] DomainTransformTest_perf.perf/250 (41 ms)
[ RUN      ] DomainTransformTest_perf.perf/251, where GetParam() = (CV_32FC1, CV_8UC1, 640x480, 80, 50, DTF_RF)
[ PERFSTAT ]    (samples=5   mean=14.97   median=14.75   min=14.56   stddev=0.44 (2.9%))
[       OK ] DomainTransformTest_perf.perf/251 (77 ms)
[ RUN      ] DomainTransformTest_perf.perf/252, where GetParam() = (CV_32FC1, CV_8UC1, 1280x720, 10, 30, DTF_NC)
[ PERFSTAT ]    (samples=5   mean=14.47   median=14.38   min=14.30   stddev=0.17 (1.1%))
[       OK ] DomainTransformTest_perf.perf/252 (78 ms)
[ RUN      ] DomainTransformTest_perf.perf/253, where GetParam() = (CV_32FC1, CV_8UC1, 1280x720, 10, 30, DTF_IC)
[ PERFSTAT ]    (samples=5   mean=17.89   median=17.74   min=17.17   stddev=0.67 (3.8%))
[       OK ] DomainTransformTest_perf.perf/253 (95 ms)
[ RUN      ] DomainTransformTest_perf.perf/254, where GetParam() = (CV_32FC1, CV_8UC1, 1280x720, 10, 30, DTF_RF)
[ PERFSTAT ]    (samples=5   mean=38.82   median=37.61   min=36.77   stddev=2.60 (6.7%))
[       OK ] DomainTransformTest_perf.perf/254 (200 ms)
[ RUN      ] DomainTransformTest_perf.perf/255, where GetParam() = (CV_32FC1, CV_8UC1, 1280x720, 10, 50, DTF_NC)
[ PERFSTAT ]    (samples=5   mean=14.51   median=14.19   min=13.65   stddev=1.07 (7.4%))
[       OK ] DomainTransformTest_perf.perf/255 (78 ms)
[ RUN      ] DomainTransformTest_perf.perf/256, where GetParam() = (CV_32FC1, CV_8UC1, 1280x720, 10, 50, DTF_IC)
[ PERFSTAT ]    (samples=5   mean=18.34   median=18.13   min=17.76   stddev=0.55 (3.0%))
[       OK ] DomainTransformTest_perf.perf/256 (97 ms)
[ RUN      ] DomainTransformTest_perf.perf/257, where GetParam() = (CV_32FC1, CV_8UC1, 1280x720, 10, 50, DTF_RF)
[ PERFSTAT ]    (samples=5   mean=38.71   median=38.49   min=37.15   stddev=1.56 (4.0%))
[       OK ] DomainTransformTest_perf.perf/257 (199 ms)
[ RUN      ] DomainTransformTest_perf.perf/258, where GetParam() = (CV_32FC1, CV_8UC1, 1280x720, 80, 30, DTF_NC)
[ PERFSTAT ]    (samples=5   mean=18.49   median=18.26   min=17.88   stddev=0.73 (4.0%))
[       OK ] DomainTransformTest_perf.perf/258 (98 ms)
[ RUN      ] DomainTransformTest_perf.perf/259, where GetParam() = (CV_32FC1, CV_8UC1, 1280x720, 80, 30, DTF_IC)
[ PERFSTAT ]    (samples=5   mean=17.66   median=17.54   min=17.28   stddev=0.43 (2.4%))
[       OK ] DomainTransformTest_perf.perf/259 (94 ms)
[ RUN      ] DomainTransformTest_perf.perf/260, where GetParam() = (CV_32FC1, CV_8UC1, 1280x720, 80, 30, DTF_RF)
[ PERFSTAT ]    (samples=5   mean=40.41   median=40.12   min=38.33   stddev=1.83 (4.5%))
[       OK ] DomainTransformTest_perf.perf/260 (208 ms)
[ RUN      ] DomainTransformTest_perf.perf/261, where GetParam() = (CV_32FC1, CV_8UC1, 1280x720, 80, 50, DTF_NC)
[ PERFSTAT ]    (samples=5   mean=18.71   median=18.43   min=18.17   stddev=0.57 (3.1%))
[       OK ] DomainTransformTest_perf.perf/261 (99 ms)
[ RUN      ] DomainTransformTest_perf.perf/262, where GetParam() = (CV_32FC1, CV_8UC1, 1280x720, 80, 50, DTF_IC)
[ PERFSTAT ]    (samples=5   mean=18.70   median=18.74   min=18.15   stddev=0.49 (2.6%))
[       OK ] DomainTransformTest_perf.perf/262 (99 ms)
[ RUN      ] DomainTransformTest_perf.perf/263, where GetParam() = (CV_32FC1, CV_8UC1, 1280x720, 80, 50, DTF_RF)
[ PERFSTAT ]    (samples=5   mean=38.81   median=39.63   min=36.68   stddev=1.49 (3.8%))
[       OK ] DomainTransformTest_perf.perf/263 (200 ms)
[ RUN      ] DomainTransformTest_perf.perf/264, where GetParam() = (CV_32FC1, CV_8UC3, 640x480, 10, 30, DTF_NC)
[ PERFSTAT ]    (samples=5   mean=9.21   median=8.43   min=7.97   stddev=2.05 (22.2%))
[       OK ] DomainTransformTest_perf.perf/264 (52 ms)
[ RUN      ] DomainTransformTest_perf.perf/265, where GetParam() = (CV_32FC1, CV_8UC3, 640x480, 10, 30, DTF_IC)
[ PERFSTAT ]    (samples=5   mean=8.38   median=8.01   min=7.92   stddev=0.70 (8.4%))
[       OK ] DomainTransformTest_perf.perf/265 (44 ms)
[ RUN      ] DomainTransformTest_perf.perf/266, where GetParam() = (CV_32FC1, CV_8UC3, 640x480, 10, 30, DTF_RF)
[ PERFSTAT ]    (samples=5   mean=14.70   median=14.87   min=14.30   stddev=0.34 (2.3%))
[       OK ] DomainTransformTest_perf.perf/266 (76 ms)
[ RUN      ] DomainTransformTest_perf.perf/267, where GetParam() = (CV_32FC1, CV_8UC3, 640x480, 10, 50, DTF_NC)
[ PERFSTAT ]    (samples=5   mean=6.96   median=6.80   min=6.66   stddev=0.33 (4.7%))
[       OK ] DomainTransformTest_perf.perf/267 (37 ms)
[ RUN      ] DomainTransformTest_perf.perf/268, where GetParam() = (CV_32FC1, CV_8UC3, 640x480, 10, 50, DTF_IC)
[ PERFSTAT ]    (samples=5   mean=7.44   median=7.42   min=7.29   stddev=0.13 (1.8%))
[       OK ] DomainTransformTest_perf.perf/268 (40 ms)
[ RUN      ] DomainTransformTest_perf.perf/269, where GetParam() = (CV_32FC1, CV_8UC3, 640x480, 10, 50, DTF_RF)
[ PERFSTAT ]    (samples=5   mean=13.87   median=13.79   min=13.45   stddev=0.36 (2.6%))
[       OK ] DomainTransformTest_perf.perf/269 (71 ms)
[ RUN      ] DomainTransformTest_perf.perf/270, where GetParam() = (CV_32FC1, CV_8UC3, 640x480, 80, 30, DTF_NC)
[ PERFSTAT ]    (samples=5   mean=6.77   median=6.72   min=6.65   stddev=0.14 (2.1%))
[       OK ] DomainTransformTest_perf.perf/270 (37 ms)
[ RUN      ] DomainTransformTest_perf.perf/271, where GetParam() = (CV_32FC1, CV_8UC3, 640x480, 80, 30, DTF_IC)
[ PERFSTAT ]    (samples=5   mean=7.48   median=7.49   min=7.28   stddev=0.18 (2.4%))
[       OK ] DomainTransformTest_perf.perf/271 (39 ms)
[ RUN      ] DomainTransformTest_perf.perf/272, where GetParam() = (CV_32FC1, CV_8UC3, 640x480, 80, 30, DTF_RF)
[ PERFSTAT ]    (samples=5   mean=14.30   median=13.93   min=13.48   stddev=1.20 (8.4%))
[       OK ] DomainTransformTest_perf.perf/272 (74 ms)
[ RUN      ] DomainTransformTest_perf.perf/273, where GetParam() = (CV_32FC1, CV_8UC3, 640x480, 80, 50, DTF_NC)
[ PERFSTAT ]    (samples=5   mean=7.06   median=6.99   min=6.88   stddev=0.18 (2.5%))
[       OK ] DomainTransformTest_perf.perf/273 (38 ms)
[ RUN      ] DomainTransformTest_perf.perf/274, where GetParam() = (CV_32FC1, CV_8UC3, 640x480, 80, 50, DTF_IC)
[ PERFSTAT ]    (samples=5   mean=7.44   median=7.37   min=7.20   stddev=0.28 (3.8%))
[       OK ] DomainTransformTest_perf.perf/274 (39 ms)
[ RUN      ] DomainTransformTest_perf.perf/275, where GetParam() = (CV_32FC1, CV_8UC3, 640x480, 80, 50, DTF_RF)
[ PERFSTAT ]    (samples=5   mean=14.21   median=13.98   min=13.47   stddev=0.77 (5.4%))
[       OK ] DomainTransformTest_perf.perf/275 (74 ms)
[ RUN      ] DomainTransformTest_perf.perf/276, where GetParam() = (CV_32FC1, CV_8UC3, 1280x720, 10, 30, DTF_NC)
[ PERFSTAT ]    (samples=5   mean=11.72   median=11.36   min=11.18   stddev=0.96 (8.2%))
[       OK ] DomainTransformTest_perf.perf/276 (66 ms)
[ RUN      ] DomainTransformTest_perf.perf/277, where GetParam() = (CV_32FC1, CV_8UC3, 1280x720, 10, 30, DTF_IC)
[ PERFSTAT ]    (samples=5   mean=16.46   median=15.48   min=15.30   stddev=2.09 (12.7%))
[       OK ] DomainTransformTest_perf.perf/277 (89 ms)
[ RUN      ] DomainTransformTest_perf.perf/278, where GetParam() = (CV_32FC1, CV_8UC3, 1280x720, 10, 30, DTF_RF)
[ PERFSTAT ]    (samples=5   mean=41.51   median=41.01   min=39.60   stddev=1.55 (3.7%))
[       OK ] DomainTransformTest_perf.perf/278 (215 ms)
[ RUN      ] DomainTransformTest_perf.perf/279, where GetParam() = (CV_32FC1, CV_8UC3, 1280x720, 10, 50, DTF_NC)
[ PERFSTAT ]    (samples=5   mean=11.48   median=11.40   min=11.06   stddev=0.53 (4.6%))
[       OK ] DomainTransformTest_perf.perf/279 (64 ms)
[ RUN      ] DomainTransformTest_perf.perf/280, where GetParam() = (CV_32FC1, CV_8UC3, 1280x720, 10, 50, DTF_IC)
[ PERFSTAT ]    (samples=5   mean=19.01   median=16.56   min=15.67   stddev=6.00 (31.5%))
[       OK ] DomainTransformTest_perf.perf/280 (102 ms)
[ RUN      ] DomainTransformTest_perf.perf/281, where GetParam() = (CV_32FC1, CV_8UC3, 1280x720, 10, 50, DTF_RF)
[ PERFSTAT ]    (samples=5   mean=40.66   median=40.45   min=39.09   stddev=1.33 (3.3%))
[       OK ] DomainTransformTest_perf.perf/281 (216 ms)
[ RUN      ] DomainTransformTest_perf.perf/282, where GetParam() = (CV_32FC1, CV_8UC3, 1280x720, 80, 30, DTF_NC)
[ PERFSTAT ]    (samples=5   mean=11.64   median=11.28   min=11.15   stddev=0.77 (6.6%))
[       OK ] DomainTransformTest_perf.perf/282 (65 ms)
[ RUN      ] DomainTransformTest_perf.perf/283, where GetParam() = (CV_32FC1, CV_8UC3, 1280x720, 80, 30, DTF_IC)
[ PERFSTAT ]    (samples=5   mean=16.13   median=16.17   min=15.58   stddev=0.35 (2.2%))
[       OK ] DomainTransformTest_perf.perf/283 (88 ms)
[ RUN      ] DomainTransformTest_perf.perf/284, where GetParam() = (CV_32FC1, CV_8UC3, 1280x720, 80, 30, DTF_RF)
[ PERFSTAT ]    (samples=5   mean=41.75   median=41.50   min=40.96   stddev=0.84 (2.0%))
[       OK ] DomainTransformTest_perf.perf/284 (216 ms)
[ RUN      ] DomainTransformTest_perf.perf/285, where GetParam() = (CV_32FC1, CV_8UC3, 1280x720, 80, 50, DTF_NC)
[ PERFSTAT ]    (samples=5   mean=11.79   median=11.62   min=11.40   stddev=0.53 (4.5%))
[       OK ] DomainTransformTest_perf.perf/285 (66 ms)
[ RUN      ] DomainTransformTest_perf.perf/286, where GetParam() = (CV_32FC1, CV_8UC3, 1280x720, 80, 50, DTF_IC)
[ PERFSTAT ]    (samples=5   mean=16.28   median=16.38   min=15.93   stddev=0.22 (1.3%))
[       OK ] DomainTransformTest_perf.perf/286 (88 ms)
[ RUN      ] DomainTransformTest_perf.perf/287, where GetParam() = (CV_32FC1, CV_8UC3, 1280x720, 80, 50, DTF_RF)
[ PERFSTAT ]    (samples=5   mean=41.20   median=40.23   min=39.94   stddev=1.72 (4.2%))
[       OK ] DomainTransformTest_perf.perf/287 (213 ms)
[ RUN      ] DomainTransformTest_perf.perf/288, where GetParam() = (CV_32FC1, CV_8UC4, 640x480, 10, 30, DTF_NC)
[ PERFSTAT ]    (samples=5   mean=4.79   median=4.66   min=4.56   stddev=0.35 (7.2%))
[       OK ] DomainTransformTest_perf.perf/288 (30 ms)
[ RUN      ] DomainTransformTest_perf.perf/289, where GetParam() = (CV_32FC1, CV_8UC4, 640x480, 10, 30, DTF_IC)
[ PERFSTAT ]    (samples=5   mean=5.53   median=5.52   min=5.30   stddev=0.20 (3.6%))
[       OK ] DomainTransformTest_perf.perf/289 (31 ms)
[ RUN      ] DomainTransformTest_perf.perf/290, where GetParam() = (CV_32FC1, CV_8UC4, 640x480, 10, 30, DTF_RF)
[ PERFSTAT ]    (samples=5   mean=15.89   median=15.71   min=15.27   stddev=0.61 (3.8%))
[       OK ] DomainTransformTest_perf.perf/290 (82 ms)
[ RUN      ] DomainTransformTest_perf.perf/291, where GetParam() = (CV_32FC1, CV_8UC4, 640x480, 10, 50, DTF_NC)
[ PERFSTAT ]    (samples=5   mean=4.85   median=4.75   min=4.62   stddev=0.25 (5.2%))
[       OK ] DomainTransformTest_perf.perf/291 (26 ms)
[ RUN      ] DomainTransformTest_perf.perf/292, where GetParam() = (CV_32FC1, CV_8UC4, 640x480, 10, 50, DTF_IC)
[ PERFSTAT ]    (samples=5   mean=5.57   median=5.49   min=5.45   stddev=0.20 (3.6%))
[       OK ] DomainTransformTest_perf.perf/292 (31 ms)
[ RUN      ] DomainTransformTest_perf.perf/293, where GetParam() = (CV_32FC1, CV_8UC4, 640x480, 10, 50, DTF_RF)
[ PERFSTAT ]    (samples=5   mean=15.98   median=15.88   min=15.59   stddev=0.33 (2.0%))
[       OK ] DomainTransformTest_perf.perf/293 (82 ms)
[ RUN      ] DomainTransformTest_perf.perf/294, where GetParam() = (CV_32FC1, CV_8UC4, 640x480, 80, 30, DTF_NC)
[ PERFSTAT ]    (samples=5   mean=4.94   median=4.84   min=4.81   stddev=0.23 (4.6%))
[       OK ] DomainTransformTest_perf.perf/294 (27 ms)
[ RUN      ] DomainTransformTest_perf.perf/295, where GetParam() = (CV_32FC1, CV_8UC4, 640x480, 80, 30, DTF_IC)
[ PERFSTAT ]    (samples=5   mean=5.95   median=5.93   min=5.81   stddev=0.15 (2.5%))
[       OK ] DomainTransformTest_perf.perf/295 (33 ms)
[ RUN      ] DomainTransformTest_perf.perf/296, where GetParam() = (CV_32FC1, CV_8UC4, 640x480, 80, 30, DTF_RF)
[ PERFSTAT ]    (samples=5   mean=16.47   median=16.27   min=15.63   stddev=0.78 (4.7%))
[       OK ] DomainTransformTest_perf.perf/296 (85 ms)
[ RUN      ] DomainTransformTest_perf.perf/297, where GetParam() = (CV_32FC1, CV_8UC4, 640x480, 80, 50, DTF_NC)
[ PERFSTAT ]    (samples=5   mean=4.79   median=4.70   min=4.64   stddev=0.25 (5.3%))
[       OK ] DomainTransformTest_perf.perf/297 (26 ms)
[ RUN      ] DomainTransformTest_perf.perf/298, where GetParam() = (CV_32FC1, CV_8UC4, 640x480, 80, 50, DTF_IC)
[ PERFSTAT ]    (samples=5   mean=5.93   median=5.79   min=5.66   stddev=0.42 (7.2%))
[       OK ] DomainTransformTest_perf.perf/298 (32 ms)
[ RUN      ] DomainTransformTest_perf.perf/299, where GetParam() = (CV_32FC1, CV_8UC4, 640x480, 80, 50, DTF_RF)
[ PERFSTAT ]    (samples=5   mean=15.88   median=15.74   min=15.23   stddev=0.50 (3.2%))
[       OK ] DomainTransformTest_perf.perf/299 (82 ms)
[ RUN      ] DomainTransformTest_perf.perf/300, where GetParam() = (CV_32FC1, CV_8UC4, 1280x720, 10, 30, DTF_NC)
[ PERFSTAT ]    (samples=5   mean=11.35   median=11.05   min=10.95   stddev=0.73 (6.4%))
[       OK ] DomainTransformTest_perf.perf/300 (67 ms)
[ RUN      ] DomainTransformTest_perf.perf/301, where GetParam() = (CV_32FC1, CV_8UC4, 1280x720, 10, 30, DTF_IC)
[ PERFSTAT ]    (samples=5   mean=27.08   median=29.26   min=17.52   stddev=5.40 (19.9%))
[       OK ] DomainTransformTest_perf.perf/301 (143 ms)
[ RUN      ] DomainTransformTest_perf.perf/302, where GetParam() = (CV_32FC1, CV_8UC4, 1280x720, 10, 30, DTF_RF)
[ PERFSTAT ]    (samples=5   mean=44.74   median=44.86   min=42.52   stddev=2.20 (4.9%))
[       OK ] DomainTransformTest_perf.perf/302 (232 ms)
[ RUN      ] DomainTransformTest_perf.perf/303, where GetParam() = (CV_32FC1, CV_8UC4, 1280x720, 10, 50, DTF_NC)
[ PERFSTAT ]    (samples=5   mean=15.00   median=13.60   min=13.59   stddev=3.13 (20.8%))
[       OK ] DomainTransformTest_perf.perf/303 (83 ms)
[ RUN      ] DomainTransformTest_perf.perf/304, where GetParam() = (CV_32FC1, CV_8UC4, 1280x720, 10, 50, DTF_IC)
[ PERFSTAT ]    (samples=5   mean=28.92   median=28.66   min=23.63   stddev=3.46 (12.0%))
[       OK ] DomainTransformTest_perf.perf/304 (152 ms)
[ RUN      ] DomainTransformTest_perf.perf/305, where GetParam() = (CV_32FC1, CV_8UC4, 1280x720, 10, 50, DTF_RF)
[ PERFSTAT ]    (samples=5   mean=44.01   median=44.11   min=42.62   stddev=0.90 (2.1%))
[       OK ] DomainTransformTest_perf.perf/305 (228 ms)
[ RUN      ] DomainTransformTest_perf.perf/306, where GetParam() = (CV_32FC1, CV_8UC4, 1280x720, 80, 30, DTF_NC)
[ PERFSTAT ]    (samples=5   mean=16.41   median=15.40   min=15.22   stddev=2.30 (14.0%))
[       OK ] DomainTransformTest_perf.perf/306 (89 ms)
[ RUN      ] DomainTransformTest_perf.perf/307, where GetParam() = (CV_32FC1, CV_8UC4, 1280x720, 80, 30, DTF_IC)
[ PERFSTAT ]    (samples=5   mean=28.61   median=28.71   min=26.03   stddev=1.58 (5.5%))
[       OK ] DomainTransformTest_perf.perf/307 (151 ms)
[ RUN      ] DomainTransformTest_perf.perf/308, where GetParam() = (CV_32FC1, CV_8UC4, 1280x720, 80, 30, DTF_RF)
[ PERFSTAT ]    (samples=5   mean=45.00   median=44.43   min=43.38   stddev=1.89 (4.2%))
[       OK ] DomainTransformTest_perf.perf/308 (233 ms)
[ RUN      ] DomainTransformTest_perf.perf/309, where GetParam() = (CV_32FC1, CV_8UC4, 1280x720, 80, 50, DTF_NC)
[ PERFSTAT ]    (samples=5   mean=15.29   median=14.13   min=13.69   stddev=2.89 (18.9%))
[       OK ] DomainTransformTest_perf.perf/309 (84 ms)
[ RUN      ] DomainTransformTest_perf.perf/310, where GetParam() = (CV_32FC1, CV_8UC4, 1280x720, 80, 50, DTF_IC)
[ PERFSTAT ]    (samples=5   mean=27.70   median=28.55   min=23.68   stddev=2.26 (8.2%))
[       OK ] DomainTransformTest_perf.perf/310 (147 ms)
[ RUN      ] DomainTransformTest_perf.perf/311, where GetParam() = (CV_32FC1, CV_8UC4, 1280x720, 80, 50, DTF_RF)
[ PERFSTAT ]    (samples=5   mean=43.58   median=42.59   min=41.79   stddev=2.03 (4.7%))
[       OK ] DomainTransformTest_perf.perf/311 (225 ms)
[ RUN      ] DomainTransformTest_perf.perf/312, where GetParam() = (CV_32FC1, CV_32FC1, 640x480, 10, 30, DTF_NC)
[ PERFSTAT ]    (samples=5   mean=7.61   median=7.53   min=7.43   stddev=0.20 (2.6%))
[       OK ] DomainTransformTest_perf.perf/312 (42 ms)
[ RUN      ] DomainTransformTest_perf.perf/313, where GetParam() = (CV_32FC1, CV_32FC1, 640x480, 10, 30, DTF_IC)
[ PERFSTAT ]    (samples=5   mean=8.01   median=7.99   min=7.85   stddev=0.19 (2.3%))
[       OK ] DomainTransformTest_perf.perf/313 (42 ms)
[ RUN      ] DomainTransformTest_perf.perf/314, where GetParam() = (CV_32FC1, CV_32FC1, 640x480, 10, 30, DTF_RF)
[ PERFSTAT ]    (samples=5   mean=16.12   median=15.74   min=15.41   stddev=0.72 (4.5%))
[       OK ] DomainTransformTest_perf.perf/314 (83 ms)
[ RUN      ] DomainTransformTest_perf.perf/315, where GetParam() = (CV_32FC1, CV_32FC1, 640x480, 10, 50, DTF_NC)
[ PERFSTAT ]    (samples=5   mean=7.34   median=7.35   min=7.18   stddev=0.13 (1.8%))
[       OK ] DomainTransformTest_perf.perf/315 (39 ms)
[ RUN      ] DomainTransformTest_perf.perf/316, where GetParam() = (CV_32FC1, CV_32FC1, 640x480, 10, 50, DTF_IC)
[ PERFSTAT ]    (samples=5   mean=8.50   median=8.46   min=8.19   stddev=0.28 (3.3%))
[       OK ] DomainTransformTest_perf.perf/316 (44 ms)
[ RUN      ] DomainTransformTest_perf.perf/317, where GetParam() = (CV_32FC1, CV_32FC1, 640x480, 10, 50, DTF_RF)
[ PERFSTAT ]    (samples=5   mean=16.05   median=16.18   min=14.95   stddev=1.01 (6.3%))
[       OK ] DomainTransformTest_perf.perf/317 (83 ms)
[ RUN      ] DomainTransformTest_perf.perf/318, where GetParam() = (CV_32FC1, CV_32FC1, 640x480, 80, 30, DTF_NC)
[ PERFSTAT ]    (samples=5   mean=7.52   median=7.51   min=7.09   stddev=0.31 (4.2%))
[       OK ] DomainTransformTest_perf.perf/318 (40 ms)
[ RUN      ] DomainTransformTest_perf.perf/319, where GetParam() = (CV_32FC1, CV_32FC1, 640x480, 80, 30, DTF_IC)
[ PERFSTAT ]    (samples=5   mean=7.63   median=7.60   min=7.46   stddev=0.18 (2.4%))
[       OK ] DomainTransformTest_perf.perf/319 (40 ms)
[ RUN      ] DomainTransformTest_perf.perf/320, where GetParam() = (CV_32FC1, CV_32FC1, 640x480, 80, 30, DTF_RF)
[ PERFSTAT ]    (samples=5   mean=16.30   median=16.28   min=15.37   stddev=0.68 (4.2%))
[       OK ] DomainTransformTest_perf.perf/320 (84 ms)
[ RUN      ] DomainTransformTest_perf.perf/321, where GetParam() = (CV_32FC1, CV_32FC1, 640x480, 80, 50, DTF_NC)
[ PERFSTAT ]    (samples=5   mean=7.51   median=7.36   min=7.33   stddev=0.32 (4.2%))
[       OK ] DomainTransformTest_perf.perf/321 (39 ms)
[ RUN      ] DomainTransformTest_perf.perf/322, where GetParam() = (CV_32FC1, CV_32FC1, 640x480, 80, 50, DTF_IC)
[ PERFSTAT ]    (samples=5   mean=7.83   median=7.83   min=7.78   stddev=0.04 (0.5%))
[       OK ] DomainTransformTest_perf.perf/322 (41 ms)
[ RUN      ] DomainTransformTest_perf.perf/323, where GetParam() = (CV_32FC1, CV_32FC1, 640x480, 80, 50, DTF_RF)
[ PERFSTAT ]    (samples=5   mean=16.88   median=16.73   min=15.80   stddev=0.82 (4.9%))
[       OK ] DomainTransformTest_perf.perf/323 (86 ms)
[ RUN      ] DomainTransformTest_perf.perf/324, where GetParam() = (CV_32FC1, CV_32FC1, 1280x720, 10, 30, DTF_NC)
[ PERFSTAT ]    (samples=5   mean=18.10   median=17.85   min=17.02   stddev=1.40 (7.7%))
[       OK ] DomainTransformTest_perf.perf/324 (102 ms)
[ RUN      ] DomainTransformTest_perf.perf/325, where GetParam() = (CV_32FC1, CV_32FC1, 1280x720, 10, 30, DTF_IC)
[ PERFSTAT ]    (samples=5   mean=18.01   median=17.59   min=17.27   stddev=0.98 (5.4%))
[       OK ] DomainTransformTest_perf.perf/325 (97 ms)
[ RUN      ] DomainTransformTest_perf.perf/326, where GetParam() = (CV_32FC1, CV_32FC1, 1280x720, 10, 30, DTF_RF)
[ PERFSTAT ]    (samples=5   mean=40.56   median=40.08   min=39.09   stddev=1.62 (4.0%))
[       OK ] DomainTransformTest_perf.perf/326 (209 ms)
[ RUN      ] DomainTransformTest_perf.perf/327, where GetParam() = (CV_32FC1, CV_32FC1, 1280x720, 10, 50, DTF_NC)
[ PERFSTAT ]    (samples=5   mean=15.36   median=14.77   min=14.39   stddev=1.12 (7.3%))
[       OK ] DomainTransformTest_perf.perf/327 (84 ms)
[ RUN      ] DomainTransformTest_perf.perf/328, where GetParam() = (CV_32FC1, CV_32FC1, 1280x720, 10, 50, DTF_IC)
[ PERFSTAT ]    (samples=5   mean=18.90   median=18.83   min=17.44   stddev=0.95 (5.0%))
[       OK ] DomainTransformTest_perf.perf/328 (101 ms)
[ RUN      ] DomainTransformTest_perf.perf/329, where GetParam() = (CV_32FC1, CV_32FC1, 1280x720, 10, 50, DTF_RF)
[ PERFSTAT ]    (samples=5   mean=39.63   median=40.29   min=37.04   stddev=2.50 (6.3%))
[       OK ] DomainTransformTest_perf.perf/329 (205 ms)
[ RUN      ] DomainTransformTest_perf.perf/330, where GetParam() = (CV_32FC1, CV_32FC1, 1280x720, 80, 30, DTF_NC)
[ PERFSTAT ]    (samples=5   mean=16.81   median=16.76   min=16.59   stddev=0.20 (1.2%))
[       OK ] DomainTransformTest_perf.perf/330 (91 ms)
[ RUN      ] DomainTransformTest_perf.perf/331, where GetParam() = (CV_32FC1, CV_32FC1, 1280x720, 80, 30, DTF_IC)
[ PERFSTAT ]    (samples=5   mean=19.12   median=18.84   min=18.59   stddev=0.63 (3.3%))
[       OK ] DomainTransformTest_perf.perf/331 (102 ms)
[ RUN      ] DomainTransformTest_perf.perf/332, where GetParam() = (CV_32FC1, CV_32FC1, 1280x720, 80, 30, DTF_RF)
[ PERFSTAT ]    (samples=5   mean=40.42   median=40.28   min=39.70   stddev=0.69 (1.7%))
[       OK ] DomainTransformTest_perf.perf/332 (209 ms)
[ RUN      ] DomainTransformTest_perf.perf/333, where GetParam() = (CV_32FC1, CV_32FC1, 1280x720, 80, 50, DTF_NC)
[ PERFSTAT ]    (samples=5   mean=15.58   median=15.80   min=14.72   stddev=0.48 (3.1%))
[       OK ] DomainTransformTest_perf.perf/333 (85 ms)
[ RUN      ] DomainTransformTest_perf.perf/334, where GetParam() = (CV_32FC1, CV_32FC1, 1280x720, 80, 50, DTF_IC)
[ PERFSTAT ]    (samples=5   mean=19.07   median=19.02   min=18.74   stddev=0.26 (1.4%))
[       OK ] DomainTransformTest_perf.perf/334 (102 ms)
[ RUN      ] DomainTransformTest_perf.perf/335, where GetParam() = (CV_32FC1, CV_32FC1, 1280x720, 80, 50, DTF_RF)
[ PERFSTAT ]    (samples=5   mean=41.01   median=41.20   min=40.00   stddev=0.69 (1.7%))
[       OK ] DomainTransformTest_perf.perf/335 (212 ms)
[ RUN      ] DomainTransformTest_perf.perf/336, where GetParam() = (CV_32FC1, CV_32FC3, 640x480, 10, 30, DTF_NC)
[ PERFSTAT ]    (samples=5   mean=6.81   median=6.88   min=6.49   stddev=0.19 (2.9%))
[       OK ] DomainTransformTest_perf.perf/336 (40 ms)
[ RUN      ] DomainTransformTest_perf.perf/337, where GetParam() = (CV_32FC1, CV_32FC3, 640x480, 10, 30, DTF_IC)
[ PERFSTAT ]    (samples=5   mean=7.09   median=6.81   min=6.70   stddev=0.54 (7.7%))
[       OK ] DomainTransformTest_perf.perf/337 (39 ms)
[ RUN      ] DomainTransformTest_perf.perf/338, where GetParam() = (CV_32FC1, CV_32FC3, 640x480, 10, 30, DTF_RF)
[ PERFSTAT ]    (samples=5   mean=15.09   median=15.21   min=14.33   stddev=0.52 (3.5%))
[       OK ] DomainTransformTest_perf.perf/338 (78 ms)
[ RUN      ] DomainTransformTest_perf.perf/339, where GetParam() = (CV_32FC1, CV_32FC3, 640x480, 10, 50, DTF_NC)
[ PERFSTAT ]    (samples=5   mean=6.13   median=6.19   min=5.88   stddev=0.15 (2.4%))
[       OK ] DomainTransformTest_perf.perf/339 (35 ms)
[ RUN      ] DomainTransformTest_perf.perf/340, where GetParam() = (CV_32FC1, CV_32FC3, 640x480, 10, 50, DTF_IC)
[ PERFSTAT ]    (samples=5   mean=7.14   median=7.00   min=6.89   stddev=0.30 (4.2%))
[       OK ] DomainTransformTest_perf.perf/340 (39 ms)
[ RUN      ] DomainTransformTest_perf.perf/341, where GetParam() = (CV_32FC1, CV_32FC3, 640x480, 10, 50, DTF_RF)
[ PERFSTAT ]    (samples=5   mean=14.44   median=14.29   min=13.74   stddev=0.56 (3.9%))
[       OK ] DomainTransformTest_perf.perf/341 (75 ms)
[ RUN      ] DomainTransformTest_perf.perf/342, where GetParam() = (CV_32FC1, CV_32FC3, 640x480, 80, 30, DTF_NC)
[ PERFSTAT ]    (samples=5   mean=6.34   median=6.34   min=6.23   stddev=0.12 (1.8%))
[       OK ] DomainTransformTest_perf.perf/342 (35 ms)
[ RUN      ] DomainTransformTest_perf.perf/343, where GetParam() = (CV_32FC1, CV_32FC3, 640x480, 80, 30, DTF_IC)
[ PERFSTAT ]    (samples=5   mean=7.04   median=7.01   min=6.85   stddev=0.19 (2.7%))
[       OK ] DomainTransformTest_perf.perf/343 (39 ms)
[ RUN      ] DomainTransformTest_perf.perf/344, where GetParam() = (CV_32FC1, CV_32FC3, 640x480, 80, 30, DTF_RF)
[ PERFSTAT ]    (samples=5   mean=14.74   median=14.58   min=13.94   stddev=0.66 (4.5%))
[       OK ] DomainTransformTest_perf.perf/344 (77 ms)
[ RUN      ] DomainTransformTest_perf.perf/345, where GetParam() = (CV_32FC1, CV_32FC3, 640x480, 80, 50, DTF_NC)
[ PERFSTAT ]    (samples=5   mean=6.06   median=6.08   min=6.01   stddev=0.05 (0.8%))
[       OK ] DomainTransformTest_perf.perf/345 (34 ms)
[ RUN      ] DomainTransformTest_perf.perf/346, where GetParam() = (CV_32FC1, CV_32FC3, 640x480, 80, 50, DTF_IC)
[ PERFSTAT ]    (samples=5   mean=7.03   median=6.93   min=6.85   stddev=0.22 (3.1%))
[       OK ] DomainTransformTest_perf.perf/346 (39 ms)
[ RUN      ] DomainTransformTest_perf.perf/347, where GetParam() = (CV_32FC1, CV_32FC3, 640x480, 80, 50, DTF_RF)
[ PERFSTAT ]    (samples=5   mean=14.22   median=14.27   min=13.57   stddev=0.48 (3.4%))
[       OK ] DomainTransformTest_perf.perf/347 (74 ms)
[ RUN      ] DomainTransformTest_perf.perf/348, where GetParam() = (CV_32FC1, CV_32FC3, 1280x720, 10, 30, DTF_NC)
[ PERFSTAT ]    (samples=5   mean=12.35   median=11.51   min=11.25   stddev=2.00 (16.2%))
[       OK ] DomainTransformTest_perf.perf/348 (74 ms)
[ RUN      ] DomainTransformTest_perf.perf/349, where GetParam() = (CV_32FC1, CV_32FC3, 1280x720, 10, 30, DTF_IC)
[ PERFSTAT ]    (samples=5   mean=28.79   median=28.95   min=25.26   stddev=2.21 (7.7%))
[       OK ] DomainTransformTest_perf.perf/349 (154 ms)
[ RUN      ] DomainTransformTest_perf.perf/350, where GetParam() = (CV_32FC1, CV_32FC3, 1280x720, 10, 30, DTF_RF)
[ PERFSTAT ]    (samples=5   mean=41.38   median=41.65   min=40.30   stddev=0.71 (1.7%))
[       OK ] DomainTransformTest_perf.perf/350 (218 ms)
[ RUN      ] DomainTransformTest_perf.perf/351, where GetParam() = (CV_32FC1, CV_32FC3, 1280x720, 10, 50, DTF_NC)
[ PERFSTAT ]    (samples=5   mean=13.42   median=11.43   min=11.14   stddev=4.54 (33.8%))
[       OK ] DomainTransformTest_perf.perf/351 (78 ms)
[ RUN      ] DomainTransformTest_perf.perf/352, where GetParam() = (CV_32FC1, CV_32FC3, 1280x720, 10, 50, DTF_IC)
[ PERFSTAT ]    (samples=5   mean=28.31   median=28.61   min=27.20   stddev=0.66 (2.3%))
[       OK ] DomainTransformTest_perf.perf/352 (152 ms)
[ RUN      ] DomainTransformTest_perf.perf/353, where GetParam() = (CV_32FC1, CV_32FC3, 1280x720, 10, 50, DTF_RF)
[ PERFSTAT ]    (samples=5   mean=39.42   median=38.90   min=37.74   stddev=1.43 (3.6%))
[       OK ] DomainTransformTest_perf.perf/353 (207 ms)
[ RUN      ] DomainTransformTest_perf.perf/354, where GetParam() = (CV_32FC1, CV_32FC3, 1280x720, 80, 30, DTF_NC)
[ PERFSTAT ]    (samples=5   mean=13.67   median=11.82   min=11.64   stddev=4.28 (31.3%))
[       OK ] DomainTransformTest_perf.perf/354 (78 ms)
[ RUN      ] DomainTransformTest_perf.perf/355, where GetParam() = (CV_32FC1, CV_32FC3, 1280x720, 80, 30, DTF_IC)
[ PERFSTAT ]    (samples=5   mean=28.55   median=28.95   min=25.37   stddev=2.02 (7.1%))
[       OK ] DomainTransformTest_perf.perf/355 (153 ms)
[ RUN      ] DomainTransformTest_perf.perf/356, where GetParam() = (CV_32FC1, CV_32FC3, 1280x720, 80, 30, DTF_RF)
[ PERFSTAT ]    (samples=5   mean=41.51   median=40.76   min=39.63   stddev=1.92 (4.6%))
[       OK ] DomainTransformTest_perf.perf/356 (218 ms)
[ RUN      ] DomainTransformTest_perf.perf/357, where GetParam() = (CV_32FC1, CV_32FC3, 1280x720, 80, 50, DTF_NC)
[ PERFSTAT ]    (samples=5   mean=12.64   median=10.64   min=10.56   stddev=4.31 (34.1%))
[       OK ] DomainTransformTest_perf.perf/357 (74 ms)
[ RUN      ] DomainTransformTest_perf.perf/358, where GetParam() = (CV_32FC1, CV_32FC3, 1280x720, 80, 50, DTF_IC)
[ PERFSTAT ]    (samples=5   mean=28.21   median=27.43   min=26.30   stddev=2.19 (7.8%))
[       OK ] DomainTransformTest_perf.perf/358 (151 ms)
[ RUN      ] DomainTransformTest_perf.perf/359, where GetParam() = (CV_32FC1, CV_32FC3, 1280x720, 80, 50, DTF_RF)
[ PERFSTAT ]    (samples=5   mean=40.78   median=41.38   min=38.50   stddev=1.62 (4.0%))
[       OK ] DomainTransformTest_perf.perf/359 (215 ms)
[ RUN      ] DomainTransformTest_perf.perf/360, where GetParam() = (CV_32FC3, CV_8UC1, 640x480, 10, 30, DTF_NC)
[ PERFSTAT ]    (samples=5   mean=9.52   median=9.50   min=9.23   stddev=0.28 (2.9%))
[       OK ] DomainTransformTest_perf.perf/360 (52 ms)
[ RUN      ] DomainTransformTest_perf.perf/361, where GetParam() = (CV_32FC3, CV_8UC1, 640x480, 10, 30, DTF_IC)
[ PERFSTAT ]    (samples=5   mean=10.32   median=10.30   min=9.79   stddev=0.52 (5.0%))
[       OK ] DomainTransformTest_perf.perf/361 (57 ms)
[ RUN      ] DomainTransformTest_perf.perf/362, where GetParam() = (CV_32FC3, CV_8UC1, 640x480, 10, 30, DTF_RF)
[ PERFSTAT ]    (samples=5   mean=14.94   median=14.82   min=13.73   stddev=1.07 (7.2%))
[       OK ] DomainTransformTest_perf.perf/362 (79 ms)
[ RUN      ] DomainTransformTest_perf.perf/363, where GetParam() = (CV_32FC3, CV_8UC1, 640x480, 10, 50, DTF_NC)
[ PERFSTAT ]    (samples=5   mean=9.07   median=8.57   min=8.46   stddev=0.96 (10.6%))
[       OK ] DomainTransformTest_perf.perf/363 (51 ms)
[ RUN      ] DomainTransformTest_perf.perf/364, where GetParam() = (CV_32FC3, CV_8UC1, 640x480, 10, 50, DTF_IC)
[ PERFSTAT ]    (samples=5   mean=10.68   median=10.59   min=10.45   stddev=0.23 (2.2%))
[       OK ] DomainTransformTest_perf.perf/364 (58 ms)
[ RUN      ] DomainTransformTest_perf.perf/365, where GetParam() = (CV_32FC3, CV_8UC1, 640x480, 10, 50, DTF_RF)
[ PERFSTAT ]    (samples=5   mean=16.79   median=16.49   min=15.81   stddev=1.03 (6.1%))
[       OK ] DomainTransformTest_perf.perf/365 (88 ms)
[ RUN      ] DomainTransformTest_perf.perf/366, where GetParam() = (CV_32FC3, CV_8UC1, 640x480, 80, 30, DTF_NC)
[ PERFSTAT ]    (samples=5   mean=9.80   median=9.38   min=9.30   stddev=0.89 (9.0%))
[       OK ] DomainTransformTest_perf.perf/366 (55 ms)
[ RUN      ] DomainTransformTest_perf.perf/367, where GetParam() = (CV_32FC3, CV_8UC1, 640x480, 80, 30, DTF_IC)
[ PERFSTAT ]    (samples=5   mean=11.09   median=11.00   min=10.82   stddev=0.25 (2.2%))
[       OK ] DomainTransformTest_perf.perf/367 (60 ms)
[ RUN      ] DomainTransformTest_perf.perf/368, where GetParam() = (CV_32FC3, CV_8UC1, 640x480, 80, 30, DTF_RF)
[ PERFSTAT ]    (samples=5   mean=15.61   median=15.46   min=14.29   stddev=1.32 (8.5%))
[       OK ] DomainTransformTest_perf.perf/368 (83 ms)
[ RUN      ] DomainTransformTest_perf.perf/369, where GetParam() = (CV_32FC3, CV_8UC1, 640x480, 80, 50, DTF_NC)
[ PERFSTAT ]    (samples=5   mean=9.18   median=8.97   min=8.70   stddev=0.59 (6.5%))
[       OK ] DomainTransformTest_perf.perf/369 (51 ms)
[ RUN      ] DomainTransformTest_perf.perf/370, where GetParam() = (CV_32FC3, CV_8UC1, 640x480, 80, 50, DTF_IC)
[ PERFSTAT ]    (samples=5   mean=11.16   median=11.11   min=10.92   stddev=0.21 (1.9%))
[       OK ] DomainTransformTest_perf.perf/370 (60 ms)
[ RUN      ] DomainTransformTest_perf.perf/371, where GetParam() = (CV_32FC3, CV_8UC1, 640x480, 80, 50, DTF_RF)
[ PERFSTAT ]    (samples=5   mean=17.04   median=17.29   min=15.75   stddev=0.88 (5.1%))
[       OK ] DomainTransformTest_perf.perf/371 (90 ms)
[ RUN      ] DomainTransformTest_perf.perf/372, where GetParam() = (CV_32FC3, CV_8UC1, 1280x720, 10, 30, DTF_NC)
[ PERFSTAT ]    (samples=5   mean=22.67   median=21.87   min=20.69   stddev=2.25 (9.9%))
[       OK ] DomainTransformTest_perf.perf/372 (127 ms)
[ RUN      ] DomainTransformTest_perf.perf/373, where GetParam() = (CV_32FC3, CV_8UC1, 1280x720, 10, 30, DTF_IC)
[ PERFSTAT ]    (samples=5   mean=22.20   median=21.04   min=20.67   stddev=2.13 (9.6%))
[       OK ] DomainTransformTest_perf.perf/373 (126 ms)
[ RUN      ] DomainTransformTest_perf.perf/374, where GetParam() = (CV_32FC3, CV_8UC1, 1280x720, 10, 30, DTF_RF)
[ PERFSTAT ]    (samples=5   mean=35.53   median=35.41   min=33.55   stddev=1.32 (3.7%))
[       OK ] DomainTransformTest_perf.perf/374 (195 ms)
[ RUN      ] DomainTransformTest_perf.perf/375, where GetParam() = (CV_32FC3, CV_8UC1, 1280x720, 10, 50, DTF_NC)
[ PERFSTAT ]    (samples=5   mean=21.62   median=21.42   min=19.52   stddev=1.42 (6.6%))
[       OK ] DomainTransformTest_perf.perf/375 (123 ms)
[ RUN      ] DomainTransformTest_perf.perf/376, where GetParam() = (CV_32FC3, CV_8UC1, 1280x720, 10, 50, DTF_IC)
[ PERFSTAT ]    (samples=5   mean=22.10   median=21.38   min=20.45   stddev=1.76 (8.0%))
[       OK ] DomainTransformTest_perf.perf/376 (125 ms)
[ RUN      ] DomainTransformTest_perf.perf/377, where GetParam() = (CV_32FC3, CV_8UC1, 1280x720, 10, 50, DTF_RF)
[ PERFSTAT ]    (samples=5   mean=36.40   median=36.42   min=34.32   stddev=1.55 (4.3%))
[       OK ] DomainTransformTest_perf.perf/377 (197 ms)
[ RUN      ] DomainTransformTest_perf.perf/378, where GetParam() = (CV_32FC3, CV_8UC1, 1280x720, 80, 30, DTF_NC)
[ PERFSTAT ]    (samples=5   mean=19.80   median=19.55   min=19.04   stddev=1.05 (5.3%))
[       OK ] DomainTransformTest_perf.perf/378 (114 ms)
[ RUN      ] DomainTransformTest_perf.perf/379, where GetParam() = (CV_32FC3, CV_8UC1, 1280x720, 80, 30, DTF_IC)
[ PERFSTAT ]    (samples=5   mean=22.50   median=22.39   min=21.26   stddev=1.23 (5.4%))
[       OK ] DomainTransformTest_perf.perf/379 (127 ms)
[ RUN      ] DomainTransformTest_perf.perf/380, where GetParam() = (CV_32FC3, CV_8UC1, 1280x720, 80, 30, DTF_RF)
[ PERFSTAT ]    (samples=5   mean=36.19   median=35.63   min=34.33   stddev=1.76 (4.9%))
[       OK ] DomainTransformTest_perf.perf/380 (196 ms)
[ RUN      ] DomainTransformTest_perf.perf/381, where GetParam() = (CV_32FC3, CV_8UC1, 1280x720, 80, 50, DTF_NC)
[ PERFSTAT ]    (samples=5   mean=20.74   median=20.76   min=19.19   stddev=1.06 (5.1%))
[       OK ] DomainTransformTest_perf.perf/381 (118 ms)
[ RUN      ] DomainTransformTest_perf.perf/382, where GetParam() = (CV_32FC3, CV_8UC1, 1280x720, 80, 50, DTF_IC)
[ PERFSTAT ]    (samples=5   mean=22.17   median=20.67   min=20.24   stddev=2.53 (11.4%))
[       OK ] DomainTransformTest_perf.perf/382 (126 ms)
[ RUN      ] DomainTransformTest_perf.perf/383, where GetParam() = (CV_32FC3, CV_8UC1, 1280x720, 80, 50, DTF_RF)
[ PERFSTAT ]    (samples=5   mean=37.53   median=37.45   min=36.02   stddev=1.33 (3.5%))
[       OK ] DomainTransformTest_perf.perf/383 (203 ms)
[ RUN      ] DomainTransformTest_perf.perf/384, where GetParam() = (CV_32FC3, CV_8UC3, 640x480, 10, 30, DTF_NC)
[ PERFSTAT ]    (samples=5   mean=7.29   median=7.19   min=6.95   stddev=0.45 (6.2%))
[       OK ] DomainTransformTest_perf.perf/384 (42 ms)
[ RUN      ] DomainTransformTest_perf.perf/385, where GetParam() = (CV_32FC3, CV_8UC3, 640x480, 10, 30, DTF_IC)
[ PERFSTAT ]    (samples=5   mean=8.72   median=8.70   min=8.27   stddev=0.40 (4.6%))
[       OK ] DomainTransformTest_perf.perf/385 (49 ms)
[ RUN      ] DomainTransformTest_perf.perf/386, where GetParam() = (CV_32FC3, CV_8UC3, 640x480, 10, 30, DTF_RF)
[ PERFSTAT ]    (samples=5   mean=14.69   median=14.70   min=13.24   stddev=1.27 (8.6%))
[       OK ] DomainTransformTest_perf.perf/386 (78 ms)
[ RUN      ] DomainTransformTest_perf.perf/387, where GetParam() = (CV_32FC3, CV_8UC3, 640x480, 10, 50, DTF_NC)
[ PERFSTAT ]    (samples=5   mean=7.57   median=7.33   min=7.26   stddev=0.59 (7.8%))
[       OK ] DomainTransformTest_perf.perf/387 (44 ms)
[ RUN      ] DomainTransformTest_perf.perf/388, where GetParam() = (CV_32FC3, CV_8UC3, 640x480, 10, 50, DTF_IC)
[ PERFSTAT ]    (samples=5   mean=8.14   median=8.01   min=7.89   stddev=0.37 (4.5%))
[       OK ] DomainTransformTest_perf.perf/388 (46 ms)
[ RUN      ] DomainTransformTest_perf.perf/389, where GetParam() = (CV_32FC3, CV_8UC3, 640x480, 10, 50, DTF_RF)
[ PERFSTAT ]    (samples=5   mean=15.02   median=14.20   min=14.18   stddev=1.46 (9.7%))
[       OK ] DomainTransformTest_perf.perf/389 (80 ms)
[ RUN      ] DomainTransformTest_perf.perf/390, where GetParam() = (CV_32FC3, CV_8UC3, 640x480, 80, 30, DTF_NC)
[ PERFSTAT ]    (samples=5   mean=7.66   median=7.29   min=6.98   stddev=0.67 (8.7%))
[       OK ] DomainTransformTest_perf.perf/390 (44 ms)
[ RUN      ] DomainTransformTest_perf.perf/391, where GetParam() = (CV_32FC3, CV_8UC3, 640x480, 80, 30, DTF_IC)
[ PERFSTAT ]    (samples=5   mean=8.98   median=9.11   min=8.41   stddev=0.50 (5.6%))
[       OK ] DomainTransformTest_perf.perf/391 (50 ms)
[ RUN      ] DomainTransformTest_perf.perf/392, where GetParam() = (CV_32FC3, CV_8UC3, 640x480, 80, 30, DTF_RF)
[ PERFSTAT ]    (samples=5   mean=15.00   median=14.88   min=13.48   stddev=1.80 (12.0%))
[       OK ] DomainTransformTest_perf.perf/392 (81 ms)
[ RUN      ] DomainTransformTest_perf.perf/393, where GetParam() = (CV_32FC3, CV_8UC3, 640x480, 80, 50, DTF_NC)
[ PERFSTAT ]    (samples=5   mean=7.23   median=6.94   min=6.91   stddev=0.63 (8.7%))
[       OK ] DomainTransformTest_perf.perf/393 (41 ms)
[ RUN      ] DomainTransformTest_perf.perf/394, where GetParam() = (CV_32FC3, CV_8UC3, 640x480, 80, 50, DTF_IC)
[ PERFSTAT ]    (samples=5   mean=8.24   median=8.06   min=7.80   stddev=0.47 (5.7%))
[       OK ] DomainTransformTest_perf.perf/394 (47 ms)
[ RUN      ] DomainTransformTest_perf.perf/395, where GetParam() = (CV_32FC3, CV_8UC3, 640x480, 80, 50, DTF_RF)
[ PERFSTAT ]    (samples=5   mean=14.75   median=14.13   min=13.69   stddev=1.47 (9.9%))
[       OK ] DomainTransformTest_perf.perf/395 (81 ms)
[ RUN      ] DomainTransformTest_perf.perf/396, where GetParam() = (CV_32FC3, CV_8UC3, 1280x720, 10, 30, DTF_NC)
[ PERFSTAT ]    (samples=5   mean=15.18   median=14.14   min=13.72   stddev=2.32 (15.3%))
[       OK ] DomainTransformTest_perf.perf/396 (95 ms)
[ RUN      ] DomainTransformTest_perf.perf/397, where GetParam() = (CV_32FC3, CV_8UC3, 1280x720, 10, 30, DTF_IC)
[ PERFSTAT ]    (samples=5   mean=30.08   median=31.47   min=22.41   stddev=4.35 (14.5%))
[       OK ] DomainTransformTest_perf.perf/397 (167 ms)
[ RUN      ] DomainTransformTest_perf.perf/398, where GetParam() = (CV_32FC3, CV_8UC3, 1280x720, 10, 30, DTF_RF)
[ PERFSTAT ]    (samples=5   mean=40.11   median=40.07   min=36.99   stddev=2.05 (5.1%))
[       OK ] DomainTransformTest_perf.perf/398 (218 ms)
[ RUN      ] DomainTransformTest_perf.perf/399, where GetParam() = (CV_32FC3, CV_8UC3, 1280x720, 10, 50, DTF_NC)
[ PERFSTAT ]    (samples=5   mean=19.23   median=19.35   min=18.58   stddev=0.47 (2.5%))
[       OK ] DomainTransformTest_perf.perf/399 (112 ms)
[ RUN      ] DomainTransformTest_perf.perf/400, where GetParam() = (CV_32FC3, CV_8UC3, 1280x720, 10, 50, DTF_IC)
[ PERFSTAT ]    (samples=5   mean=31.05   median=32.06   min=26.62   stddev=2.57 (8.3%))
[       OK ] DomainTransformTest_perf.perf/400 (172 ms)
[ RUN      ] DomainTransformTest_perf.perf/401, where GetParam() = (CV_32FC3, CV_8UC3, 1280x720, 10, 50, DTF_RF)
[ PERFSTAT ]    (samples=5   mean=40.09   median=39.33   min=38.73   stddev=1.88 (4.7%))
[       OK ] DomainTransformTest_perf.perf/401 (218 ms)
[ RUN      ] DomainTransformTest_perf.perf/402, where GetParam() = (CV_32FC3, CV_8UC3, 1280x720, 80, 30, DTF_NC)
[ PERFSTAT ]    (samples=5   mean=18.82   median=18.82   min=18.27   stddev=0.41 (2.2%))
[       OK ] DomainTransformTest_perf.perf/402 (111 ms)
[ RUN      ] DomainTransformTest_perf.perf/403, where GetParam() = (CV_32FC3, CV_8UC3, 1280x720, 80, 30, DTF_IC)
[ PERFSTAT ]    (samples=5   mean=30.96   median=31.48   min=27.05   stddev=2.44 (7.9%))
[       OK ] DomainTransformTest_perf.perf/403 (171 ms)
[ RUN      ] DomainTransformTest_perf.perf/404, where GetParam() = (CV_32FC3, CV_8UC3, 1280x720, 80, 30, DTF_RF)
[ PERFSTAT ]    (samples=5   mean=38.42   median=38.47   min=37.41   stddev=0.68 (1.8%))
[       OK ] DomainTransformTest_perf.perf/404 (209 ms)
[ RUN      ] DomainTransformTest_perf.perf/405, where GetParam() = (CV_32FC3, CV_8UC3, 1280x720, 80, 50, DTF_NC)
[ PERFSTAT ]    (samples=5   mean=18.62   median=18.39   min=17.84   stddev=0.64 (3.4%))
[       OK ] DomainTransformTest_perf.perf/405 (110 ms)
[ RUN      ] DomainTransformTest_perf.perf/406, where GetParam() = (CV_32FC3, CV_8UC3, 1280x720, 80, 50, DTF_IC)
[ PERFSTAT ]    (samples=5   mean=30.66   median=31.05   min=26.13   stddev=2.81 (9.2%))
[       OK ] DomainTransformTest_perf.perf/406 (170 ms)
[ RUN      ] DomainTransformTest_perf.perf/407, where GetParam() = (CV_32FC3, CV_8UC3, 1280x720, 80, 50, DTF_RF)
[ PERFSTAT ]    (samples=5   mean=40.88   median=40.17   min=38.38   stddev=2.24 (5.5%))
[       OK ] DomainTransformTest_perf.perf/407 (221 ms)
[ RUN      ] DomainTransformTest_perf.perf/408, where GetParam() = (CV_32FC3, CV_8UC4, 640x480, 10, 30, DTF_NC)
[ PERFSTAT ]    (samples=5   mean=5.73   median=5.35   min=4.92   stddev=0.90 (15.8%))
[       OK ] DomainTransformTest_perf.perf/408 (39 ms)
[ RUN      ] DomainTransformTest_perf.perf/409, where GetParam() = (CV_32FC3, CV_8UC4, 640x480, 10, 30, DTF_IC)
[ PERFSTAT ]    (samples=5   mean=8.54   median=7.78   min=7.37   stddev=1.81 (21.2%))
[       OK ] DomainTransformTest_perf.perf/409 (49 ms)
[ RUN      ] DomainTransformTest_perf.perf/410, where GetParam() = (CV_32FC3, CV_8UC4, 640x480, 10, 30, DTF_RF)
[ PERFSTAT ]    (samples=5   mean=15.43   median=14.61   min=14.34   stddev=1.48 (9.6%))
[       OK ] DomainTransformTest_perf.perf/410 (83 ms)
[ RUN      ] DomainTransformTest_perf.perf/411, where GetParam() = (CV_32FC3, CV_8UC4, 640x480, 10, 50, DTF_NC)
[ PERFSTAT ]    (samples=5   mean=8.07   median=8.32   min=6.97   stddev=1.02 (12.6%))
[       OK ] DomainTransformTest_perf.perf/411 (46 ms)
[ RUN      ] DomainTransformTest_perf.perf/412, where GetParam() = (CV_32FC3, CV_8UC4, 640x480, 10, 50, DTF_IC)
[ PERFSTAT ]    (samples=5   mean=7.30   median=6.52   min=6.03   stddev=2.21 (30.3%))
[       OK ] DomainTransformTest_perf.perf/412 (42 ms)
[ RUN      ] DomainTransformTest_perf.perf/413, where GetParam() = (CV_32FC3, CV_8UC4, 640x480, 10, 50, DTF_RF)
[ PERFSTAT ]    (samples=5   mean=16.07   median=15.82   min=15.24   stddev=0.88 (5.5%))
[       OK ] DomainTransformTest_perf.perf/413 (86 ms)
[ RUN      ] DomainTransformTest_perf.perf/414, where GetParam() = (CV_32FC3, CV_8UC4, 640x480, 80, 30, DTF_NC)
[ PERFSTAT ]    (samples=5   mean=6.32   median=6.19   min=5.40   stddev=0.67 (10.6%))
[       OK ] DomainTransformTest_perf.perf/414 (38 ms)
[ RUN      ] DomainTransformTest_perf.perf/415, where GetParam() = (CV_32FC3, CV_8UC4, 640x480, 80, 30, DTF_IC)
[ PERFSTAT ]    (samples=5   mean=7.34   median=6.79   min=6.15   stddev=1.56 (21.2%))
[       OK ] DomainTransformTest_perf.perf/415 (42 ms)
[ RUN      ] DomainTransformTest_perf.perf/416, where GetParam() = (CV_32FC3, CV_8UC4, 640x480, 80, 30, DTF_RF)
[ PERFSTAT ]    (samples=5   mean=15.03   median=14.74   min=14.28   stddev=0.84 (5.6%))
[       OK ] DomainTransformTest_perf.perf/416 (81 ms)
[ RUN      ] DomainTransformTest_perf.perf/417, where GetParam() = (CV_32FC3, CV_8UC4, 640x480, 80, 50, DTF_NC)
[ PERFSTAT ]    (samples=5   mean=5.91   median=5.99   min=4.99   stddev=0.81 (13.7%))
[       OK ] DomainTransformTest_perf.perf/417 (35 ms)
[ RUN      ] DomainTransformTest_perf.perf/418, where GetParam() = (CV_32FC3, CV_8UC4, 640x480, 80, 50, DTF_IC)
[ PERFSTAT ]    (samples=5   mean=6.99   median=6.40   min=6.26   stddev=1.26 (18.1%))
[       OK ] DomainTransformTest_perf.perf/418 (41 ms)
[ RUN      ] DomainTransformTest_perf.perf/419, where GetParam() = (CV_32FC3, CV_8UC4, 640x480, 80, 50, DTF_RF)
[ PERFSTAT ]    (samples=5   mean=15.67   median=15.57   min=14.63   stddev=0.75 (4.8%))
[       OK ] DomainTransformTest_perf.perf/419 (85 ms)
[ RUN      ] DomainTransformTest_perf.perf/420, where GetParam() = (CV_32FC3, CV_8UC4, 1280x720, 10, 30, DTF_NC)
[ PERFSTAT ]    (samples=5   mean=16.29   median=14.55   min=14.39   stddev=3.94 (24.2%))
[       OK ] DomainTransformTest_perf.perf/420 (97 ms)
[ RUN      ] DomainTransformTest_perf.perf/421, where GetParam() = (CV_32FC3, CV_8UC4, 1280x720, 10, 30, DTF_IC)
[ PERFSTAT ]    (samples=5   mean=30.18   median=31.14   min=24.43   stddev=3.28 (10.9%))
[       OK ] DomainTransformTest_perf.perf/421 (168 ms)
[ RUN      ] DomainTransformTest_perf.perf/422, where GetParam() = (CV_32FC3, CV_8UC4, 1280x720, 10, 30, DTF_RF)
[ PERFSTAT ]    (samples=5   mean=39.54   median=39.74   min=37.65   stddev=1.50 (3.8%))
[       OK ] DomainTransformTest_perf.perf/422 (215 ms)
[ RUN      ] DomainTransformTest_perf.perf/423, where GetParam() = (CV_32FC3, CV_8UC4, 1280x720, 10, 50, DTF_NC)
[ PERFSTAT ]    (samples=5   mean=14.72   median=13.66   min=13.43   stddev=1.92 (13.0%))
[       OK ] DomainTransformTest_perf.perf/423 (91 ms)
[ RUN      ] DomainTransformTest_perf.perf/424, where GetParam() = (CV_32FC3, CV_8UC4, 1280x720, 10, 50, DTF_IC)
[ PERFSTAT ]    (samples=5   mean=29.71   median=31.54   min=21.91   stddev=4.37 (14.7%))
[       OK ] DomainTransformTest_perf.perf/424 (166 ms)
[ RUN      ] DomainTransformTest_perf.perf/425, where GetParam() = (CV_32FC3, CV_8UC4, 1280x720, 10, 50, DTF_RF)
[ PERFSTAT ]    (samples=5   mean=41.71   median=41.90   min=39.55   stddev=1.81 (4.3%))
[       OK ] DomainTransformTest_perf.perf/425 (227 ms)
[ RUN      ] DomainTransformTest_perf.perf/426, where GetParam() = (CV_32FC3, CV_8UC4, 1280x720, 80, 30, DTF_NC)
[ PERFSTAT ]    (samples=5   mean=15.00   median=14.05   min=13.92   stddev=1.88 (12.6%))
[       OK ] DomainTransformTest_perf.perf/426 (91 ms)
[ RUN      ] DomainTransformTest_perf.perf/427, where GetParam() = (CV_32FC3, CV_8UC4, 1280x720, 80, 30, DTF_IC)
[ PERFSTAT ]    (samples=5   mean=30.06   median=31.75   min=22.58   stddev=4.19 (14.0%))
[       OK ] DomainTransformTest_perf.perf/427 (168 ms)
[ RUN      ] DomainTransformTest_perf.perf/428, where GetParam() = (CV_32FC3, CV_8UC4, 1280x720, 80, 30, DTF_RF)
[ PERFSTAT ]    (samples=5   mean=39.53   median=39.21   min=38.44   stddev=1.26 (3.2%))
[       OK ] DomainTransformTest_perf.perf/428 (216 ms)
[ RUN      ] DomainTransformTest_perf.perf/429, where GetParam() = (CV_32FC3, CV_8UC4, 1280x720, 80, 50, DTF_NC)
[ PERFSTAT ]    (samples=5   mean=14.72   median=13.82   min=13.53   stddev=2.06 (14.0%))
[       OK ] DomainTransformTest_perf.perf/429 (90 ms)
[ RUN      ] DomainTransformTest_perf.perf/430, where GetParam() = (CV_32FC3, CV_8UC4, 1280x720, 80, 50, DTF_IC)
[ PERFSTAT ]    (samples=5   mean=29.99   median=31.06   min=22.50   stddev=4.29 (14.3%))
[       OK ] DomainTransformTest_perf.perf/430 (167 ms)
[ RUN      ] DomainTransformTest_perf.perf/431, where GetParam() = (CV_32FC3, CV_8UC4, 1280x720, 80, 50, DTF_RF)
[ PERFSTAT ]    (samples=5   mean=40.81   median=40.52   min=39.29   stddev=1.22 (3.0%))
[       OK ] DomainTransformTest_perf.perf/431 (222 ms)
[ RUN      ] DomainTransformTest_perf.perf/432, where GetParam() = (CV_32FC3, CV_32FC1, 640x480, 10, 30, DTF_NC)
[ PERFSTAT ]    (samples=5   mean=10.25   median=10.26   min=9.54   stddev=0.45 (4.4%))
[       OK ] DomainTransformTest_perf.perf/432 (59 ms)
[ RUN      ] DomainTransformTest_perf.perf/433, where GetParam() = (CV_32FC3, CV_32FC1, 640x480, 10, 30, DTF_IC)
[ PERFSTAT ]    (samples=5   mean=10.40   median=9.80   min=8.26   stddev=1.84 (17.7%))
[       OK ] DomainTransformTest_perf.perf/433 (57 ms)
[ RUN      ] DomainTransformTest_perf.perf/434, where GetParam() = (CV_32FC3, CV_32FC1, 640x480, 10, 30, DTF_RF)
[ PERFSTAT ]    (samples=5   mean=16.48   median=15.75   min=15.39   stddev=1.80 (10.9%))
[       OK ] DomainTransformTest_perf.perf/434 (87 ms)
[ RUN      ] DomainTransformTest_perf.perf/435, where GetParam() = (CV_32FC3, CV_32FC1, 640x480, 10, 50, DTF_NC)
[ PERFSTAT ]    (samples=5   mean=9.93   median=10.07   min=9.57   stddev=0.30 (3.0%))
[       OK ] DomainTransformTest_perf.perf/435 (56 ms)
[ RUN      ] DomainTransformTest_perf.perf/436, where GetParam() = (CV_32FC3, CV_32FC1, 640x480, 10, 50, DTF_IC)
[ PERFSTAT ]    (samples=5   mean=11.98   median=11.79   min=9.62   stddev=2.47 (20.6%))
[       OK ] DomainTransformTest_perf.perf/436 (66 ms)
[ RUN      ] DomainTransformTest_perf.perf/437, where GetParam() = (CV_32FC3, CV_32FC1, 640x480, 10, 50, DTF_RF)
[ PERFSTAT ]    (samples=5   mean=17.10   median=17.00   min=16.50   stddev=0.60 (3.5%))
[       OK ] DomainTransformTest_perf.perf/437 (91 ms)
[ RUN      ] DomainTransformTest_perf.perf/438, where GetParam() = (CV_32FC3, CV_32FC1, 640x480, 80, 30, DTF_NC)
[ PERFSTAT ]    (samples=5   mean=9.89   median=10.04   min=9.24   stddev=0.44 (4.4%))
[       OK ] DomainTransformTest_perf.perf/438 (55 ms)
[ RUN      ] DomainTransformTest_perf.perf/439, where GetParam() = (CV_32FC3, CV_32FC1, 640x480, 80, 30, DTF_IC)
[ PERFSTAT ]    (samples=5   mean=11.88   median=11.62   min=11.29   stddev=0.68 (5.8%))
[       OK ] DomainTransformTest_perf.perf/439 (66 ms)
[ RUN      ] DomainTransformTest_perf.perf/440, where GetParam() = (CV_32FC3, CV_32FC1, 640x480, 80, 30, DTF_RF)
[ PERFSTAT ]    (samples=5   mean=16.84   median=16.56   min=15.51   stddev=1.04 (6.2%))
[       OK ] DomainTransformTest_perf.perf/440 (89 ms)
[ RUN      ] DomainTransformTest_perf.perf/441, where GetParam() = (CV_32FC3, CV_32FC1, 640x480, 80, 50, DTF_NC)
[ PERFSTAT ]    (samples=5   mean=9.76   median=9.69   min=9.16   stddev=0.40 (4.1%))
[       OK ] DomainTransformTest_perf.perf/441 (55 ms)
[ RUN      ] DomainTransformTest_perf.perf/442, where GetParam() = (CV_32FC3, CV_32FC1, 640x480, 80, 50, DTF_IC)
[ PERFSTAT ]    (samples=5   mean=11.80   median=11.84   min=10.85   stddev=0.93 (7.9%))
[       OK ] DomainTransformTest_perf.perf/442 (64 ms)
[ RUN      ] DomainTransformTest_perf.perf/443, where GetParam() = (CV_32FC3, CV_32FC1, 640x480, 80, 50, DTF_RF)
[ PERFSTAT ]    (samples=5   mean=17.76   median=17.35   min=17.06   stddev=0.79 (4.5%))
[       OK ] DomainTransformTest_perf.perf/443 (94 ms)
[ RUN      ] DomainTransformTest_perf.perf/444, where GetParam() = (CV_32FC3, CV_32FC1, 1280x720, 10, 30, DTF_NC)
[ PERFSTAT ]    (samples=5   mean=17.70   median=16.86   min=16.07   stddev=2.11 (11.9%))
[       OK ] DomainTransformTest_perf.perf/444 (108 ms)
[ RUN      ] DomainTransformTest_perf.perf/445, where GetParam() = (CV_32FC3, CV_32FC1, 1280x720, 10, 30, DTF_IC)
[ PERFSTAT ]    (samples=5   mean=22.52   median=21.38   min=20.63   stddev=2.46 (10.9%))
[       OK ] DomainTransformTest_perf.perf/445 (128 ms)
[ RUN      ] DomainTransformTest_perf.perf/446, where GetParam() = (CV_32FC3, CV_32FC1, 1280x720, 10, 30, DTF_RF)
[ PERFSTAT ]    (samples=5   mean=37.65   median=37.58   min=36.60   stddev=0.94 (2.5%))
[       OK ] DomainTransformTest_perf.perf/446 (206 ms)
[ RUN      ] DomainTransformTest_perf.perf/447, where GetParam() = (CV_32FC3, CV_32FC1, 1280x720, 10, 50, DTF_NC)
[ PERFSTAT ]    (samples=5   mean=16.83   median=15.48   min=15.32   stddev=2.15 (12.8%))
[       OK ] DomainTransformTest_perf.perf/447 (100 ms)
[ RUN      ] DomainTransformTest_perf.perf/448, where GetParam() = (CV_32FC3, CV_32FC1, 1280x720, 10, 50, DTF_IC)
[ PERFSTAT ]    (samples=5   mean=23.23   median=22.81   min=22.55   stddev=0.88 (3.8%))
[       OK ] DomainTransformTest_perf.perf/448 (132 ms)
[ RUN      ] DomainTransformTest_perf.perf/449, where GetParam() = (CV_32FC3, CV_32FC1, 1280x720, 10, 50, DTF_RF)
[ PERFSTAT ]    (samples=5   mean=38.01   median=37.63   min=36.03   stddev=2.34 (6.2%))
[       OK ] DomainTransformTest_perf.perf/449 (206 ms)
[ RUN      ] DomainTransformTest_perf.perf/450, where GetParam() = (CV_32FC3, CV_32FC1, 1280x720, 80, 30, DTF_NC)
[ PERFSTAT ]    (samples=5   mean=16.82   median=16.97   min=15.56   stddev=0.97 (5.8%))
[       OK ] DomainTransformTest_perf.perf/450 (100 ms)
[ RUN      ] DomainTransformTest_perf.perf/451, where GetParam() = (CV_32FC3, CV_32FC1, 1280x720, 80, 30, DTF_IC)
[ PERFSTAT ]    (samples=5   mean=23.49   median=23.08   min=22.55   stddev=1.32 (5.6%))
[       OK ] DomainTransformTest_perf.perf/451 (133 ms)
[ RUN      ] DomainTransformTest_perf.perf/452, where GetParam() = (CV_32FC3, CV_32FC1, 1280x720, 80, 30, DTF_RF)
[ PERFSTAT ]    (samples=5   mean=37.78   median=38.73   min=35.42   stddev=1.64 (4.3%))
[       OK ] DomainTransformTest_perf.perf/452 (205 ms)
[ RUN      ] DomainTransformTest_perf.perf/453, where GetParam() = (CV_32FC3, CV_32FC1, 1280x720, 80, 50, DTF_NC)
[ PERFSTAT ]    (samples=5   mean=17.03   median=16.71   min=15.84   stddev=1.38 (8.1%))
[       OK ] DomainTransformTest_perf.perf/453 (101 ms)
[ RUN      ] DomainTransformTest_perf.perf/454, where GetParam() = (CV_32FC3, CV_32FC1, 1280x720, 80, 50, DTF_IC)
[ PERFSTAT ]    (samples=5   mean=23.21   median=22.97   min=22.15   stddev=1.25 (5.4%))
[       OK ] DomainTransformTest_perf.perf/454 (132 ms)
[ RUN      ] DomainTransformTest_perf.perf/455, where GetParam() = (CV_32FC3, CV_32FC1, 1280x720, 80, 50, DTF_RF)
[ PERFSTAT ]    (samples=5   mean=38.78   median=39.63   min=36.84   stddev=1.49 (3.8%))
[       OK ] DomainTransformTest_perf.perf/455 (210 ms)
[ RUN      ] DomainTransformTest_perf.perf/456, where GetParam() = (CV_32FC3, CV_32FC3, 640x480, 10, 30, DTF_NC)
[ PERFSTAT ]    (samples=5   mean=7.04   median=7.00   min=6.73   stddev=0.27 (3.9%))
[       OK ] DomainTransformTest_perf.perf/456 (45 ms)
[ RUN      ] DomainTransformTest_perf.perf/457, where GetParam() = (CV_32FC3, CV_32FC3, 640x480, 10, 30, DTF_IC)
[ PERFSTAT ]    (samples=5   mean=8.29   median=8.18   min=8.04   stddev=0.25 (3.0%))
[       OK ] DomainTransformTest_perf.perf/457 (48 ms)
[ RUN      ] DomainTransformTest_perf.perf/458, where GetParam() = (CV_32FC3, CV_32FC3, 640x480, 10, 30, DTF_RF)
[ PERFSTAT ]    (samples=5   mean=13.57   median=13.49   min=13.32   stddev=0.26 (2.0%))
[       OK ] DomainTransformTest_perf.perf/458 (74 ms)
[ RUN      ] DomainTransformTest_perf.perf/459, where GetParam() = (CV_32FC3, CV_32FC3, 640x480, 10, 50, DTF_NC)
[ PERFSTAT ]    (samples=5   mean=7.42   median=7.47   min=6.96   stddev=0.43 (5.7%))
[       OK ] DomainTransformTest_perf.perf/459 (44 ms)
[ RUN      ] DomainTransformTest_perf.perf/460, where GetParam() = (CV_32FC3, CV_32FC3, 640x480, 10, 50, DTF_IC)
[ PERFSTAT ]    (samples=5   mean=8.56   median=8.29   min=8.08   stddev=0.68 (8.0%))
[       OK ] DomainTransformTest_perf.perf/460 (50 ms)
[ RUN      ] DomainTransformTest_perf.perf/461, where GetParam() = (CV_32FC3, CV_32FC3, 640x480, 10, 50, DTF_RF)
[ PERFSTAT ]    (samples=5   mean=14.10   median=13.94   min=13.65   stddev=0.45 (3.2%))
[       OK ] DomainTransformTest_perf.perf/461 (77 ms)
[ RUN      ] DomainTransformTest_perf.perf/462, where GetParam() = (CV_32FC3, CV_32FC3, 640x480, 80, 30, DTF_NC)
[ PERFSTAT ]    (samples=5   mean=7.54   median=7.56   min=7.19   stddev=0.21 (2.7%))
[       OK ] DomainTransformTest_perf.perf/462 (44 ms)
[ RUN      ] DomainTransformTest_perf.perf/463, where GetParam() = (CV_32FC3, CV_32FC3, 640x480, 80, 30, DTF_IC)
[ PERFSTAT ]    (samples=5   mean=8.32   median=8.22   min=8.08   stddev=0.37 (4.4%))
[       OK ] DomainTransformTest_perf.perf/463 (48 ms)
[ RUN      ] DomainTransformTest_perf.perf/464, where GetParam() = (CV_32FC3, CV_32FC3, 640x480, 80, 30, DTF_RF)
[ PERFSTAT ]    (samples=5   mean=14.17   median=13.93   min=13.17   stddev=0.95 (6.7%))
[       OK ] DomainTransformTest_perf.perf/464 (77 ms)
[ RUN      ] DomainTransformTest_perf.perf/465, where GetParam() = (CV_32FC3, CV_32FC3, 640x480, 80, 50, DTF_NC)
[ PERFSTAT ]    (samples=5   mean=7.34   median=7.38   min=6.87   stddev=0.27 (3.7%))
[       OK ] DomainTransformTest_perf.perf/465 (44 ms)
[ RUN      ] DomainTransformTest_perf.perf/466, where GetParam() = (CV_32FC3, CV_32FC3, 640x480, 80, 50, DTF_IC)
[ PERFSTAT ]    (samples=5   mean=8.53   median=8.26   min=8.09   stddev=0.64 (7.5%))
[       OK ] DomainTransformTest_perf.perf/466 (49 ms)
[ RUN      ] DomainTransformTest_perf.perf/467, where GetParam() = (CV_32FC3, CV_32FC3, 640x480, 80, 50, DTF_RF)
[ PERFSTAT ]    (samples=5   mean=14.86   median=14.95   min=13.99   stddev=0.83 (5.6%))
[       OK ] DomainTransformTest_perf.perf/467 (81 ms)
[ RUN      ] DomainTransformTest_perf.perf/468, where GetParam() = (CV_32FC3, CV_32FC3, 1280x720, 10, 30, DTF_NC)
[ PERFSTAT ]    (samples=5   mean=15.79   median=15.34   min=14.72   stddev=1.44 (9.1%))
[       OK ] DomainTransformTest_perf.perf/468 (96 ms)
[ RUN      ] DomainTransformTest_perf.perf/469, where GetParam() = (CV_32FC3, CV_32FC3, 1280x720, 10, 30, DTF_IC)
[ PERFSTAT ]    (samples=5   mean=31.52   median=32.33   min=28.48   stddev=1.83 (5.8%))
[       OK ] DomainTransformTest_perf.perf/469 (177 ms)
[ RUN      ] DomainTransformTest_perf.perf/470, where GetParam() = (CV_32FC3, CV_32FC3, 1280x720, 10, 30, DTF_RF)
[ PERFSTAT ]    (samples=5   mean=35.67   median=35.28   min=34.96   stddev=0.99 (2.8%))
[       OK ] DomainTransformTest_perf.perf/470 (199 ms)
[ RUN      ] DomainTransformTest_perf.perf/471, where GetParam() = (CV_32FC3, CV_32FC3, 1280x720, 10, 50, DTF_NC)
[ PERFSTAT ]    (samples=5   mean=17.22   median=16.59   min=15.96   stddev=1.89 (11.0%))
[       OK ] DomainTransformTest_perf.perf/471 (106 ms)
[ RUN      ] DomainTransformTest_perf.perf/472, where GetParam() = (CV_32FC3, CV_32FC3, 1280x720, 10, 50, DTF_IC)
[ PERFSTAT ]    (samples=5   mean=32.64   median=32.31   min=31.94   stddev=0.84 (2.6%))
[       OK ] DomainTransformTest_perf.perf/472 (182 ms)
[ RUN      ] DomainTransformTest_perf.perf/473, where GetParam() = (CV_32FC3, CV_32FC3, 1280x720, 10, 50, DTF_RF)
[ PERFSTAT ]    (samples=5   mean=36.51   median=37.21   min=34.21   stddev=1.32 (3.6%))
[       OK ] DomainTransformTest_perf.perf/473 (202 ms)
[ RUN      ] DomainTransformTest_perf.perf/474, where GetParam() = (CV_32FC3, CV_32FC3, 1280x720, 80, 30, DTF_NC)
[ PERFSTAT ]    (samples=5   mean=17.33   median=16.54   min=16.09   stddev=2.02 (11.6%))
[       OK ] DomainTransformTest_perf.perf/474 (106 ms)
[ RUN      ] DomainTransformTest_perf.perf/475, where GetParam() = (CV_32FC3, CV_32FC3, 1280x720, 80, 30, DTF_IC)
[ PERFSTAT ]    (samples=5   mean=32.47   median=32.35   min=32.15   stddev=0.27 (0.8%))
[       OK ] DomainTransformTest_perf.perf/475 (182 ms)
[ RUN      ] DomainTransformTest_perf.perf/476, where GetParam() = (CV_32FC3, CV_32FC3, 1280x720, 80, 30, DTF_RF)
[ PERFSTAT ]    (samples=5   mean=35.29   median=35.62   min=33.99   stddev=0.84 (2.4%))
[       OK ] DomainTransformTest_perf.perf/476 (197 ms)
[ RUN      ] DomainTransformTest_perf.perf/477, where GetParam() = (CV_32FC3, CV_32FC3, 1280x720, 80, 50, DTF_NC)
[ PERFSTAT ]    (samples=5   mean=17.57   median=16.85   min=16.07   stddev=2.39 (13.6%))
[       OK ] DomainTransformTest_perf.perf/477 (108 ms)
[ RUN      ] DomainTransformTest_perf.perf/478, where GetParam() = (CV_32FC3, CV_32FC3, 1280x720, 80, 50, DTF_IC)
[ PERFSTAT ]    (samples=5   mean=32.32   median=32.55   min=30.43   stddev=1.11 (3.4%))
[       OK ] DomainTransformTest_perf.perf/478 (181 ms)
[ RUN      ] DomainTransformTest_perf.perf/479, where GetParam() = (CV_32FC3, CV_32FC3, 1280x720, 80, 50, DTF_RF)
[ PERFSTAT ]    (samples=5   mean=36.63   median=36.37   min=35.23   stddev=1.05 (2.9%))
[       OK ] DomainTransformTest_perf.perf/479 (202 ms)
[----------] 480 tests from DomainTransformTest_perf (42026 ms total)

[----------] 9 tests from EdgepreservingFilterTest_perf
[ RUN      ] EdgepreservingFilterTest_perf.perf/0, where GetParam() = (-20, -100)
[ PERFSTAT ]    (samples=10   mean=420.01   median=418.06   min=416.20   stddev=6.61 (1.6%))
[       OK ] EdgepreservingFilterTest_perf.perf/0 (4214 ms)
[ RUN      ] EdgepreservingFilterTest_perf.perf/1, where GetParam() = (-20, 0)
[ PERFSTAT ]    (samples=10   mean=419.51   median=419.76   min=416.80   stddev=1.26 (0.3%))
[       OK ] EdgepreservingFilterTest_perf.perf/1 (4204 ms)
[ RUN      ] EdgepreservingFilterTest_perf.perf/2, where GetParam() = (-20, 20)
[ PERFSTAT ]    (samples=10   mean=424.69   median=424.12   min=422.53   stddev=1.69 (0.4%))
[       OK ] EdgepreservingFilterTest_perf.perf/2 (4256 ms)
[ RUN      ] EdgepreservingFilterTest_perf.perf/3, where GetParam() = (0, -100)
[ PERFSTAT ]    (samples=10   mean=418.76   median=419.02   min=416.32   stddev=1.49 (0.4%))
[       OK ] EdgepreservingFilterTest_perf.perf/3 (4197 ms)
[ RUN      ] EdgepreservingFilterTest_perf.perf/4, where GetParam() = (0, 0)
[ PERFSTAT ]    (samples=10   mean=416.48   median=416.74   min=414.46   stddev=1.30 (0.3%))
[       OK ] EdgepreservingFilterTest_perf.perf/4 (4175 ms)
[ RUN      ] EdgepreservingFilterTest_perf.perf/5, where GetParam() = (0, 20)
[ PERFSTAT ]    (samples=10   mean=421.47   median=421.08   min=420.40   stddev=1.03 (0.2%))
[       OK ] EdgepreservingFilterTest_perf.perf/5 (4225 ms)
[ RUN      ] EdgepreservingFilterTest_perf.perf/6, where GetParam() = (10, -100)
[ PERFSTAT ]    (samples=10   mean=676.24   median=676.49   min=673.57   stddev=1.51 (0.2%))
[       OK ] EdgepreservingFilterTest_perf.perf/6 (6773 ms)
[ RUN      ] EdgepreservingFilterTest_perf.perf/7, where GetParam() = (10, 0)
[ PERFSTAT ]    (samples=10   mean=676.87   median=676.95   min=674.96   stddev=1.30 (0.2%))
[       OK ] EdgepreservingFilterTest_perf.perf/7 (6780 ms)
[ RUN      ] EdgepreservingFilterTest_perf.perf/8, where GetParam() = (10, 20)
[ PERFSTAT ]    (samples=10   mean=694.60   median=694.64   min=692.94   stddev=1.15 (0.2%))
[       OK ] EdgepreservingFilterTest_perf.perf/8 (6956 ms)
[----------] 9 tests from EdgepreservingFilterTest_perf (45780 ms total)

[----------] 72 tests from srcSize_srcType_dstDepth_FastHoughTransform
[ RUN      ] srcSize_srcType_dstDepth_FastHoughTransform.FastHoughTransform/0, where GetParam() = (640x480, 8UC1, CV_8U)
[ PERFSTAT ]    (samples=3   mean=20.37   median=19.74   min=19.70   stddev=1.12 (5.5%))
[       OK ] srcSize_srcType_dstDepth_FastHoughTransform.FastHoughTransform/0 (61 ms)
[ RUN      ] srcSize_srcType_dstDepth_FastHoughTransform.FastHoughTransform/1, where GetParam() = (640x480, 8UC1, CV_8S)
[ PERFSTAT ]    (samples=3   mean=19.85   median=19.86   min=19.82   stddev=0.02 (0.1%))
[       OK ] srcSize_srcType_dstDepth_FastHoughTransform.FastHoughTransform/1 (60 ms)
[ RUN      ] srcSize_srcType_dstDepth_FastHoughTransform.FastHoughTransform/2, where GetParam() = (640x480, 8UC1, CV_16U)
[ PERFSTAT ]    (samples=3   mean=20.94   median=20.91   min=20.80   stddev=0.15 (0.7%))
[       OK ] srcSize_srcType_dstDepth_FastHoughTransform.FastHoughTransform/2 (63 ms)
[ RUN      ] srcSize_srcType_dstDepth_FastHoughTransform.FastHoughTransform/3, where GetParam() = (640x480, 8UC1, CV_32S)
[ PERFSTAT ]    (samples=3   mean=23.71   median=23.33   min=23.32   stddev=0.67 (2.8%))
[       OK ] srcSize_srcType_dstDepth_FastHoughTransform.FastHoughTransform/3 (71 ms)
[ RUN      ] srcSize_srcType_dstDepth_FastHoughTransform.FastHoughTransform/4, where GetParam() = (640x480, 8UC1, CV_32F)
[ PERFSTAT ]    (samples=3   mean=23.82   median=23.80   min=23.79   stddev=0.04 (0.2%))
[       OK ] srcSize_srcType_dstDepth_FastHoughTransform.FastHoughTransform/4 (71 ms)
[ RUN      ] srcSize_srcType_dstDepth_FastHoughTransform.FastHoughTransform/5, where GetParam() = (640x480, 8UC1, CV_64F)
[ PERFSTAT ]    (samples=3   mean=34.66   median=32.08   min=31.95   stddev=4.59 (13.2%))
[       OK ] srcSize_srcType_dstDepth_FastHoughTransform.FastHoughTransform/5 (105 ms)
[ RUN      ] srcSize_srcType_dstDepth_FastHoughTransform.FastHoughTransform/6, where GetParam() = (640x480, 8UC4, CV_8U)
[ PERFSTAT ]    (samples=3   mean=24.60   median=24.42   min=24.42   stddev=0.32 (1.3%))
[       OK ] srcSize_srcType_dstDepth_FastHoughTransform.FastHoughTransform/6 (74 ms)
[ RUN      ] srcSize_srcType_dstDepth_FastHoughTransform.FastHoughTransform/7, where GetParam() = (640x480, 8UC4, CV_8S)
[ PERFSTAT ]    (samples=3   mean=24.56   median=24.60   min=24.46   stddev=0.08 (0.3%))
[       OK ] srcSize_srcType_dstDepth_FastHoughTransform.FastHoughTransform/7 (75 ms)
[ RUN      ] srcSize_srcType_dstDepth_FastHoughTransform.FastHoughTransform/8, where GetParam() = (640x480, 8UC4, CV_16U)
[ PERFSTAT ]    (samples=3   mean=32.86   median=32.68   min=32.54   stddev=0.43 (1.3%))
[       OK ] srcSize_srcType_dstDepth_FastHoughTransform.FastHoughTransform/8 (100 ms)
[ RUN      ] srcSize_srcType_dstDepth_FastHoughTransform.FastHoughTransform/9, where GetParam() = (640x480, 8UC4, CV_32S)
[ PERFSTAT ]    (samples=3   mean=50.60   median=49.92   min=49.81   stddev=1.27 (2.5%))
[       OK ] srcSize_srcType_dstDepth_FastHoughTransform.FastHoughTransform/9 (152 ms)
[ RUN      ] srcSize_srcType_dstDepth_FastHoughTransform.FastHoughTransform/10, where GetParam() = (640x480, 8UC4, CV_32F)
[ PERFSTAT ]    (samples=3   mean=50.70   median=50.35   min=50.33   stddev=0.62 (1.2%))
[       OK ] srcSize_srcType_dstDepth_FastHoughTransform.FastHoughTransform/10 (154 ms)
[ RUN      ] srcSize_srcType_dstDepth_FastHoughTransform.FastHoughTransform/11, where GetParam() = (640x480, 8UC4, CV_64F)
[ PERFSTAT ]    (samples=3   mean=98.16   median=96.98   min=96.13   stddev=2.81 (2.9%))
[       OK ] srcSize_srcType_dstDepth_FastHoughTransform.FastHoughTransform/11 (295 ms)
[ RUN      ] srcSize_srcType_dstDepth_FastHoughTransform.FastHoughTransform/12, where GetParam() = (640x480, 32FC1, CV_8U)
[ PERFSTAT ]    (samples=3   mean=20.38   median=20.12   min=20.02   stddev=0.53 (2.6%))
[       OK ] srcSize_srcType_dstDepth_FastHoughTransform.FastHoughTransform/12 (62 ms)
[ RUN      ] srcSize_srcType_dstDepth_FastHoughTransform.FastHoughTransform/13, where GetParam() = (640x480, 32FC1, CV_8S)
[ PERFSTAT ]    (samples=3   mean=20.21   median=20.23   min=20.04   stddev=0.15 (0.8%))
[       OK ] srcSize_srcType_dstDepth_FastHoughTransform.FastHoughTransform/13 (61 ms)
[ RUN      ] srcSize_srcType_dstDepth_FastHoughTransform.FastHoughTransform/14, where GetParam() = (640x480, 32FC1, CV_16U)
[ PERFSTAT ]    (samples=3   mean=21.19   median=21.19   min=21.14   stddev=0.04 (0.2%))
[       OK ] srcSize_srcType_dstDepth_FastHoughTransform.FastHoughTransform/14 (64 ms)
[ RUN      ] srcSize_srcType_dstDepth_FastHoughTransform.FastHoughTransform/15, where GetParam() = (640x480, 32FC1, CV_32S)
[ PERFSTAT ]    (samples=3   mean=23.96   median=23.98   min=23.77   stddev=0.18 (0.8%))
[       OK ] srcSize_srcType_dstDepth_FastHoughTransform.FastHoughTransform/15 (72 ms)
[ RUN      ] srcSize_srcType_dstDepth_FastHoughTransform.FastHoughTransform/16, where GetParam() = (640x480, 32FC1, CV_32F)
[ PERFSTAT ]    (samples=3   mean=24.59   median=24.60   min=24.48   stddev=0.11 (0.4%))
[       OK ] srcSize_srcType_dstDepth_FastHoughTransform.FastHoughTransform/16 (75 ms)
[ RUN      ] srcSize_srcType_dstDepth_FastHoughTransform.FastHoughTransform/17, where GetParam() = (640x480, 32FC1, CV_64F)
[ PERFSTAT ]    (samples=3   mean=32.38   median=32.45   min=32.17   stddev=0.18 (0.6%))
[       OK ] srcSize_srcType_dstDepth_FastHoughTransform.FastHoughTransform/17 (97 ms)
[ RUN      ] srcSize_srcType_dstDepth_FastHoughTransform.FastHoughTransform/18, where GetParam() = (1280x720, 8UC1, CV_8U)
[ PERFSTAT ]    (samples=3   mean=41.62   median=41.61   min=41.58   stddev=0.05 (0.1%))
[       OK ] srcSize_srcType_dstDepth_FastHoughTransform.FastHoughTransform/18 (126 ms)
[ RUN      ] srcSize_srcType_dstDepth_FastHoughTransform.FastHoughTransform/19, where GetParam() = (1280x720, 8UC1, CV_8S)
[ PERFSTAT ]    (samples=3   mean=41.23   median=41.32   min=40.94   stddev=0.26 (0.6%))
[       OK ] srcSize_srcType_dstDepth_FastHoughTransform.FastHoughTransform/19 (124 ms)
[ RUN      ] srcSize_srcType_dstDepth_FastHoughTransform.FastHoughTransform/20, where GetParam() = (1280x720, 8UC1, CV_16U)
[ PERFSTAT ]    (samples=3   mean=47.16   median=47.06   min=46.83   stddev=0.40 (0.8%))
[       OK ] srcSize_srcType_dstDepth_FastHoughTransform.FastHoughTransform/20 (143 ms)
[ RUN      ] srcSize_srcType_dstDepth_FastHoughTransform.FastHoughTransform/21, where GetParam() = (1280x720, 8UC1, CV_32S)
[ PERFSTAT ]    (samples=3   mean=59.71   median=59.69   min=59.67   stddev=0.06 (0.1%))
[       OK ] srcSize_srcType_dstDepth_FastHoughTransform.FastHoughTransform/21 (180 ms)
[ RUN      ] srcSize_srcType_dstDepth_FastHoughTransform.FastHoughTransform/22, where GetParam() = (1280x720, 8UC1, CV_32F)
[ PERFSTAT ]    (samples=3   mean=60.44   median=60.41   min=60.27   stddev=0.19 (0.3%))
[       OK ] srcSize_srcType_dstDepth_FastHoughTransform.FastHoughTransform/22 (182 ms)
[ RUN      ] srcSize_srcType_dstDepth_FastHoughTransform.FastHoughTransform/23, where GetParam() = (1280x720, 8UC1, CV_64F)
[ PERFSTAT ]    (samples=3   mean=98.46   median=97.85   min=97.51   stddev=1.36 (1.4%))
[       OK ] srcSize_srcType_dstDepth_FastHoughTransform.FastHoughTransform/23 (296 ms)
[ RUN      ] srcSize_srcType_dstDepth_FastHoughTransform.FastHoughTransform/24, where GetParam() = (1280x720, 8UC4, CV_8U)
[ PERFSTAT ]    (samples=3   mean=63.64   median=63.65   min=63.32   stddev=0.31 (0.5%))
[       OK ] srcSize_srcType_dstDepth_FastHoughTransform.FastHoughTransform/24 (194 ms)
[ RUN      ] srcSize_srcType_dstDepth_FastHoughTransform.FastHoughTransform/25, where GetParam() = (1280x720, 8UC4, CV_8S)
[ PERFSTAT ]    (samples=3   mean=63.47   median=63.62   min=63.08   stddev=0.34 (0.5%))
[       OK ] srcSize_srcType_dstDepth_FastHoughTransform.FastHoughTransform/25 (193 ms)
[ RUN      ] srcSize_srcType_dstDepth_FastHoughTransform.FastHoughTransform/26, where GetParam() = (1280x720, 8UC4, CV_16U)
[ PERFSTAT ]    (samples=3   mean=103.06   median=104.07   min=101.03   stddev=1.76 (1.7%))
[       OK ] srcSize_srcType_dstDepth_FastHoughTransform.FastHoughTransform/26 (312 ms)
[ RUN      ] srcSize_srcType_dstDepth_FastHoughTransform.FastHoughTransform/27, where GetParam() = (1280x720, 8UC4, CV_32S)
[ PERFSTAT ]    (samples=3   mean=183.85   median=182.76   min=181.49   stddev=3.07 (1.7%))
[       OK ] srcSize_srcType_dstDepth_FastHoughTransform.FastHoughTransform/27 (555 ms)
[ RUN      ] srcSize_srcType_dstDepth_FastHoughTransform.FastHoughTransform/28, where GetParam() = (1280x720, 8UC4, CV_32F)
[ PERFSTAT ]    (samples=3   mean=185.38   median=183.88   min=183.82   stddev=2.65 (1.4%))
[       OK ] srcSize_srcType_dstDepth_FastHoughTransform.FastHoughTransform/28 (559 ms)
[ RUN      ] srcSize_srcType_dstDepth_FastHoughTransform.FastHoughTransform/29, where GetParam() = (1280x720, 8UC4, CV_64F)
[ PERFSTAT ]    (samples=3   mean=356.31   median=353.74   min=352.88   stddev=5.21 (1.5%))
[       OK ] srcSize_srcType_dstDepth_FastHoughTransform.FastHoughTransform/29 (1072 ms)
[ RUN      ] srcSize_srcType_dstDepth_FastHoughTransform.FastHoughTransform/30, where GetParam() = (1280x720, 32FC1, CV_8U)
[ PERFSTAT ]    (samples=3   mean=43.39   median=43.44   min=43.21   stddev=0.16 (0.4%))
[       OK ] srcSize_srcType_dstDepth_FastHoughTransform.FastHoughTransform/30 (132 ms)
[ RUN      ] srcSize_srcType_dstDepth_FastHoughTransform.FastHoughTransform/31, where GetParam() = (1280x720, 32FC1, CV_8S)
[ PERFSTAT ]    (samples=3   mean=43.76   median=43.75   min=43.63   stddev=0.13 (0.3%))
[       OK ] srcSize_srcType_dstDepth_FastHoughTransform.FastHoughTransform/31 (132 ms)
[ RUN      ] srcSize_srcType_dstDepth_FastHoughTransform.FastHoughTransform/32, where GetParam() = (1280x720, 32FC1, CV_16U)
[ PERFSTAT ]    (samples=3   mean=50.75   median=50.58   min=48.80   stddev=2.03 (4.0%))
[       OK ] srcSize_srcType_dstDepth_FastHoughTransform.FastHoughTransform/32 (154 ms)
[ RUN      ] srcSize_srcType_dstDepth_FastHoughTransform.FastHoughTransform/33, where GetParam() = (1280x720, 32FC1, CV_32S)
[ PERFSTAT ]    (samples=3   mean=61.60   median=61.43   min=61.30   stddev=0.42 (0.7%))
[       OK ] srcSize_srcType_dstDepth_FastHoughTransform.FastHoughTransform/33 (186 ms)
[ RUN      ] srcSize_srcType_dstDepth_FastHoughTransform.FastHoughTransform/34, where GetParam() = (1280x720, 32FC1, CV_32F)
[ PERFSTAT ]    (samples=3   mean=62.46   median=62.44   min=62.35   stddev=0.12 (0.2%))
[       OK ] srcSize_srcType_dstDepth_FastHoughTransform.FastHoughTransform/34 (189 ms)
[ RUN      ] srcSize_srcType_dstDepth_FastHoughTransform.FastHoughTransform/35, where GetParam() = (1280x720, 32FC1, CV_64F)
[ PERFSTAT ]    (samples=3   mean=100.22   median=99.62   min=99.45   stddev=1.20 (1.2%))
[       OK ] srcSize_srcType_dstDepth_FastHoughTransform.FastHoughTransform/35 (302 ms)
[ RUN      ] srcSize_srcType_dstDepth_FastHoughTransform.FastHoughTransform/36, where GetParam() = (1920x1080, 8UC1, CV_8U)
[ PERFSTAT ]    (samples=3   mean=70.22   median=70.24   min=69.96   stddev=0.25 (0.3%))
[       OK ] srcSize_srcType_dstDepth_FastHoughTransform.FastHoughTransform/36 (213 ms)
[ RUN      ] srcSize_srcType_dstDepth_FastHoughTransform.FastHoughTransform/37, where GetParam() = (1920x1080, 8UC1, CV_8S)
[ PERFSTAT ]    (samples=3   mean=71.72   median=71.64   min=71.64   stddev=0.14 (0.2%))
[       OK ] srcSize_srcType_dstDepth_FastHoughTransform.FastHoughTransform/37 (216 ms)
[ RUN      ] srcSize_srcType_dstDepth_FastHoughTransform.FastHoughTransform/38, where GetParam() = (1920x1080, 8UC1, CV_16U)
[ PERFSTAT ]    (samples=3   mean=86.45   median=86.50   min=86.10   stddev=0.32 (0.4%))
[       OK ] srcSize_srcType_dstDepth_FastHoughTransform.FastHoughTransform/38 (262 ms)
[ RUN      ] srcSize_srcType_dstDepth_FastHoughTransform.FastHoughTransform/39, where GetParam() = (1920x1080, 8UC1, CV_32S)
[ PERFSTAT ]    (samples=3   mean=128.04   median=125.93   min=125.87   stddev=3.71 (2.9%))
[       OK ] srcSize_srcType_dstDepth_FastHoughTransform.FastHoughTransform/39 (386 ms)
[ RUN      ] srcSize_srcType_dstDepth_FastHoughTransform.FastHoughTransform/40, where GetParam() = (1920x1080, 8UC1, CV_32F)
[ PERFSTAT ]    (samples=3   mean=128.25   median=127.24   min=127.13   stddev=1.85 (1.4%))
[       OK ] srcSize_srcType_dstDepth_FastHoughTransform.FastHoughTransform/40 (387 ms)
[ RUN      ] srcSize_srcType_dstDepth_FastHoughTransform.FastHoughTransform/41, where GetParam() = (1920x1080, 8UC1, CV_64F)
[ PERFSTAT ]    (samples=3   mean=222.33   median=221.48   min=219.82   stddev=3.04 (1.4%))
[       OK ] srcSize_srcType_dstDepth_FastHoughTransform.FastHoughTransform/41 (669 ms)
[ RUN      ] srcSize_srcType_dstDepth_FastHoughTransform.FastHoughTransform/42, where GetParam() = (1920x1080, 8UC4, CV_8U)
[ PERFSTAT ]    (samples=3   mean=138.53   median=138.10   min=138.02   stddev=0.81 (0.6%))
[       OK ] srcSize_srcType_dstDepth_FastHoughTransform.FastHoughTransform/42 (422 ms)
[ RUN      ] srcSize_srcType_dstDepth_FastHoughTransform.FastHoughTransform/43, where GetParam() = (1920x1080, 8UC4, CV_8S)
[ PERFSTAT ]    (samples=3   mean=140.03   median=140.06   min=138.59   stddev=1.42 (1.0%))
[       OK ] srcSize_srcType_dstDepth_FastHoughTransform.FastHoughTransform/43 (426 ms)
[ RUN      ] srcSize_srcType_dstDepth_FastHoughTransform.FastHoughTransform/44, where GetParam() = (1920x1080, 8UC4, CV_16U)
[ PERFSTAT ]    (samples=3   mean=234.79   median=233.02   min=232.18   stddev=3.81 (1.6%))
[       OK ] srcSize_srcType_dstDepth_FastHoughTransform.FastHoughTransform/44 (711 ms)
[ RUN      ] srcSize_srcType_dstDepth_FastHoughTransform.FastHoughTransform/45, where GetParam() = (1920x1080, 8UC4, CV_32S)
[ PERFSTAT ]    (samples=3   mean=421.68   median=419.89   min=418.92   stddev=3.97 (0.9%))
[       OK ] srcSize_srcType_dstDepth_FastHoughTransform.FastHoughTransform/45 (1271 ms)
[ RUN      ] srcSize_srcType_dstDepth_FastHoughTransform.FastHoughTransform/46, where GetParam() = (1920x1080, 8UC4, CV_32F)
[ PERFSTAT ]    (samples=3   mean=421.54   median=418.85   min=418.59   stddev=4.88 (1.2%))
[       OK ] srcSize_srcType_dstDepth_FastHoughTransform.FastHoughTransform/46 (1271 ms)
[ RUN      ] srcSize_srcType_dstDepth_FastHoughTransform.FastHoughTransform/47, where GetParam() = (1920x1080, 8UC4, CV_64F)
[ PERFSTAT ]    (samples=3   mean=842.66   median=835.65   min=834.79   stddev=12.89 (1.5%))
[       OK ] srcSize_srcType_dstDepth_FastHoughTransform.FastHoughTransform/47 (2535 ms)
[ RUN      ] srcSize_srcType_dstDepth_FastHoughTransform.FastHoughTransform/48, where GetParam() = (1920x1080, 32FC1, CV_8U)
[ PERFSTAT ]    (samples=3   mean=76.67   median=76.02   min=75.60   stddev=1.50 (2.0%))
[       OK ] srcSize_srcType_dstDepth_FastHoughTransform.FastHoughTransform/48 (234 ms)
[ RUN      ] srcSize_srcType_dstDepth_FastHoughTransform.FastHoughTransform/49, where GetParam() = (1920x1080, 32FC1, CV_8S)
[ PERFSTAT ]    (samples=3   mean=77.61   median=77.54   min=77.47   stddev=0.18 (0.2%))
[       OK ] srcSize_srcType_dstDepth_FastHoughTransform.FastHoughTransform/49 (235 ms)
[ RUN      ] srcSize_srcType_dstDepth_FastHoughTransform.FastHoughTransform/50, where GetParam() = (1920x1080, 32FC1, CV_16U)
[ PERFSTAT ]    (samples=3   mean=91.90   median=90.93   min=90.77   stddev=1.81 (2.0%))
[       OK ] srcSize_srcType_dstDepth_FastHoughTransform.FastHoughTransform/50 (280 ms)
[ RUN      ] srcSize_srcType_dstDepth_FastHoughTransform.FastHoughTransform/51, where GetParam() = (1920x1080, 32FC1, CV_32S)
[ PERFSTAT ]    (samples=3   mean=137.58   median=137.02   min=136.67   stddev=1.27 (0.9%))
[       OK ] srcSize_srcType_dstDepth_FastHoughTransform.FastHoughTransform/51 (416 ms)
[ RUN      ] srcSize_srcType_dstDepth_FastHoughTransform.FastHoughTransform/52, where GetParam() = (1920x1080, 32FC1, CV_32F)
[ PERFSTAT ]    (samples=3   mean=139.12   median=138.93   min=137.85   stddev=1.37 (1.0%))
[       OK ] srcSize_srcType_dstDepth_FastHoughTransform.FastHoughTransform/52 (421 ms)
[ RUN      ] srcSize_srcType_dstDepth_FastHoughTransform.FastHoughTransform/53, where GetParam() = (1920x1080, 32FC1, CV_64F)
[ PERFSTAT ]    (samples=3   mean=231.75   median=230.56   min=228.86   stddev=3.63 (1.6%))
[       OK ] srcSize_srcType_dstDepth_FastHoughTransform.FastHoughTransform/53 (698 ms)
[ RUN      ] srcSize_srcType_dstDepth_FastHoughTransform.FastHoughTransform/54, where GetParam() = (127x61, 8UC1, CV_8U)
[ PERFSTAT ]    (samples=3   mean=2.27   median=2.24   min=2.23   stddev=0.05 (2.3%))
[       OK ] srcSize_srcType_dstDepth_FastHoughTransform.FastHoughTransform/54 (7 ms)
[ RUN      ] srcSize_srcType_dstDepth_FastHoughTransform.FastHoughTransform/55, where GetParam() = (127x61, 8UC1, CV_8S)
[ PERFSTAT ]    (samples=3   mean=2.25   median=2.25   min=2.24   stddev=0.01 (0.3%))
[       OK ] srcSize_srcType_dstDepth_FastHoughTransform.FastHoughTransform/55 (7 ms)
[ RUN      ] srcSize_srcType_dstDepth_FastHoughTransform.FastHoughTransform/56, where GetParam() = (127x61, 8UC1, CV_16U)
[ PERFSTAT ]    (samples=3   mean=2.31   median=2.29   min=2.28   stddev=0.03 (1.5%))
[       OK ] srcSize_srcType_dstDepth_FastHoughTransform.FastHoughTransform/56 (7 ms)
[ RUN      ] srcSize_srcType_dstDepth_FastHoughTransform.FastHoughTransform/57, where GetParam() = (127x61, 8UC1, CV_32S)
[ PERFSTAT ]    (samples=3   mean=2.28   median=2.24   min=2.24   stddev=0.08 (3.3%))
[       OK ] srcSize_srcType_dstDepth_FastHoughTransform.FastHoughTransform/57 (7 ms)
[ RUN      ] srcSize_srcType_dstDepth_FastHoughTransform.FastHoughTransform/58, where GetParam() = (127x61, 8UC1, CV_32F)
[ PERFSTAT ]    (samples=3   mean=2.32   median=2.32   min=2.30   stddev=0.01 (0.5%))
[       OK ] srcSize_srcType_dstDepth_FastHoughTransform.FastHoughTransform/58 (7 ms)
[ RUN      ] srcSize_srcType_dstDepth_FastHoughTransform.FastHoughTransform/59, where GetParam() = (127x61, 8UC1, CV_64F)
[ PERFSTAT ]    (samples=3   mean=2.35   median=2.31   min=2.30   stddev=0.08 (3.3%))
[       OK ] srcSize_srcType_dstDepth_FastHoughTransform.FastHoughTransform/59 (7 ms)
[ RUN      ] srcSize_srcType_dstDepth_FastHoughTransform.FastHoughTransform/60, where GetParam() = (127x61, 8UC4, CV_8U)
[ PERFSTAT ]    (samples=3   mean=2.35   median=2.33   min=2.32   stddev=0.04 (1.8%))
[       OK ] srcSize_srcType_dstDepth_FastHoughTransform.FastHoughTransform/60 (7 ms)
[ RUN      ] srcSize_srcType_dstDepth_FastHoughTransform.FastHoughTransform/61, where GetParam() = (127x61, 8UC4, CV_8S)
[ PERFSTAT ]    (samples=3   mean=2.33   median=2.33   min=2.32   stddev=0.01 (0.4%))
[       OK ] srcSize_srcType_dstDepth_FastHoughTransform.FastHoughTransform/61 (7 ms)
[ RUN      ] srcSize_srcType_dstDepth_FastHoughTransform.FastHoughTransform/62, where GetParam() = (127x61, 8UC4, CV_16U)
[ PERFSTAT ]    (samples=3   mean=2.45   median=2.45   min=2.42   stddev=0.02 (0.9%))
[       OK ] srcSize_srcType_dstDepth_FastHoughTransform.FastHoughTransform/62 (7 ms)
[ RUN      ] srcSize_srcType_dstDepth_FastHoughTransform.FastHoughTransform/63, where GetParam() = (127x61, 8UC4, CV_32S)
[ PERFSTAT ]    (samples=3   mean=2.62   median=2.51   min=2.49   stddev=0.21 (8.2%))
[       OK ] srcSize_srcType_dstDepth_FastHoughTransform.FastHoughTransform/63 (8 ms)
[ RUN      ] srcSize_srcType_dstDepth_FastHoughTransform.FastHoughTransform/64, where GetParam() = (127x61, 8UC4, CV_32F)
[ PERFSTAT ]    (samples=3   mean=2.57   median=2.56   min=2.55   stddev=0.03 (1.0%))
[       OK ] srcSize_srcType_dstDepth_FastHoughTransform.FastHoughTransform/64 (8 ms)
[ RUN      ] srcSize_srcType_dstDepth_FastHoughTransform.FastHoughTransform/65, where GetParam() = (127x61, 8UC4, CV_64F)
[ PERFSTAT ]    (samples=3   mean=2.93   median=2.90   min=2.90   stddev=0.06 (1.9%))
[       OK ] srcSize_srcType_dstDepth_FastHoughTransform.FastHoughTransform/65 (9 ms)
[ RUN      ] srcSize_srcType_dstDepth_FastHoughTransform.FastHoughTransform/66, where GetParam() = (127x61, 32FC1, CV_8U)
[ PERFSTAT ]    (samples=3   mean=2.26   median=2.26   min=2.24   stddev=0.01 (0.5%))
[       OK ] srcSize_srcType_dstDepth_FastHoughTransform.FastHoughTransform/66 (7 ms)
[ RUN      ] srcSize_srcType_dstDepth_FastHoughTransform.FastHoughTransform/67, where GetParam() = (127x61, 32FC1, CV_8S)
[ PERFSTAT ]    (samples=3   mean=2.28   median=2.27   min=2.25   stddev=0.03 (1.2%))
[       OK ] srcSize_srcType_dstDepth_FastHoughTransform.FastHoughTransform/67 (7 ms)
[ RUN      ] srcSize_srcType_dstDepth_FastHoughTransform.FastHoughTransform/68, where GetParam() = (127x61, 32FC1, CV_16U)
[ PERFSTAT ]    (samples=3   mean=2.27   median=2.27   min=2.26   stddev=0.01 (0.4%))
[       OK ] srcSize_srcType_dstDepth_FastHoughTransform.FastHoughTransform/68 (6 ms)
[ RUN      ] srcSize_srcType_dstDepth_FastHoughTransform.FastHoughTransform/69, where GetParam() = (127x61, 32FC1, CV_32S)
[ PERFSTAT ]    (samples=3   mean=2.20   median=2.20   min=2.19   stddev=0.01 (0.2%))
[       OK ] srcSize_srcType_dstDepth_FastHoughTransform.FastHoughTransform/69 (7 ms)
[ RUN      ] srcSize_srcType_dstDepth_FastHoughTransform.FastHoughTransform/70, where GetParam() = (127x61, 32FC1, CV_32F)
[ PERFSTAT ]    (samples=3   mean=2.31   median=2.31   min=2.30   stddev=0.01 (0.4%))
[       OK ] srcSize_srcType_dstDepth_FastHoughTransform.FastHoughTransform/70 (7 ms)
[ RUN      ] srcSize_srcType_dstDepth_FastHoughTransform.FastHoughTransform/71, where GetParam() = (127x61, 32FC1, CV_64F)
[ PERFSTAT ]    (samples=3   mean=2.34   median=2.33   min=2.32   stddev=0.03 (1.1%))
[       OK ] srcSize_srcType_dstDepth_FastHoughTransform.FastHoughTransform/71 (7 ms)
[----------] 72 tests from srcSize_srcType_dstDepth_FastHoughTransform (17926 ms total)

[----------] 12 tests from FGSFilterPerfTest_perf
[ RUN      ] FGSFilterPerfTest_perf.perf/0, where GetParam() = (CV_8UC1, CV_8UC1, 1280x720)
[ PERFSTAT ]    (samples=10   mean=6.86   median=6.68   min=6.38   stddev=0.51 (7.5%))
[       OK ] FGSFilterPerfTest_perf.perf/0 (70 ms)
[ RUN      ] FGSFilterPerfTest_perf.perf/1, where GetParam() = (CV_8UC1, CV_8UC3, 1280x720)
[ PERFSTAT ]    (samples=10   mean=17.77   median=17.80   min=17.31   stddev=0.22 (1.2%))
[       OK ] FGSFilterPerfTest_perf.perf/1 (184 ms)
[ RUN      ] FGSFilterPerfTest_perf.perf/2, where GetParam() = (CV_8UC1, CV_16SC1, 1280x720)
[ PERFSTAT ]    (samples=10   mean=6.74   median=6.60   min=6.49   stddev=0.34 (5.0%))
[       OK ] FGSFilterPerfTest_perf.perf/2 (73 ms)
[ RUN      ] FGSFilterPerfTest_perf.perf/3, where GetParam() = (CV_8UC1, CV_16SC3, 1280x720)
[ PERFSTAT ]    (samples=10   mean=18.68   median=18.69   min=18.44   stddev=0.16 (0.9%))
[       OK ] FGSFilterPerfTest_perf.perf/3 (208 ms)
[ RUN      ] FGSFilterPerfTest_perf.perf/4, where GetParam() = (CV_8UC1, CV_32FC1, 1280x720)
[ PERFSTAT ]    (samples=10   mean=6.75   median=6.59   min=6.45   stddev=0.39 (5.8%))
[       OK ] FGSFilterPerfTest_perf.perf/4 (74 ms)
[ RUN      ] FGSFilterPerfTest_perf.perf/5, where GetParam() = (CV_8UC1, CV_32FC3, 1280x720)
[ PERFSTAT ]    (samples=10   mean=19.13   median=18.86   min=18.49   stddev=0.86 (4.5%))
[       OK ] FGSFilterPerfTest_perf.perf/5 (206 ms)
[ RUN      ] FGSFilterPerfTest_perf.perf/6, where GetParam() = (CV_8UC3, CV_8UC1, 1280x720)
[ PERFSTAT ]    (samples=10   mean=7.11   median=6.96   min=6.81   stddev=0.41 (5.8%))
[       OK ] FGSFilterPerfTest_perf.perf/6 (78 ms)
[ RUN      ] FGSFilterPerfTest_perf.perf/7, where GetParam() = (CV_8UC3, CV_8UC3, 1280x720)
[ PERFSTAT ]    (samples=10   mean=17.54   median=17.41   min=17.21   stddev=0.43 (2.4%))
[       OK ] FGSFilterPerfTest_perf.perf/7 (195 ms)
[ RUN      ] FGSFilterPerfTest_perf.perf/8, where GetParam() = (CV_8UC3, CV_16SC1, 1280x720)
[ PERFSTAT ]    (samples=10   mean=7.43   median=7.27   min=7.07   stddev=0.53 (7.2%))
[       OK ] FGSFilterPerfTest_perf.perf/8 (88 ms)
[ RUN      ] FGSFilterPerfTest_perf.perf/9, where GetParam() = (CV_8UC3, CV_16SC3, 1280x720)
[ PERFSTAT ]    (samples=10   mean=19.74   median=19.54   min=18.76   stddev=0.74 (3.8%))
[       OK ] FGSFilterPerfTest_perf.perf/9 (226 ms)
[ RUN      ] FGSFilterPerfTest_perf.perf/10, where GetParam() = (CV_8UC3, CV_32FC1, 1280x720)
[ PERFSTAT ]    (samples=10   mean=7.30   median=7.26   min=6.82   stddev=0.39 (5.4%))
[       OK ] FGSFilterPerfTest_perf.perf/10 (89 ms)
[ RUN      ] FGSFilterPerfTest_perf.perf/11, where GetParam() = (CV_8UC3, CV_32FC3, 1280x720)
[ PERFSTAT ]    (samples=10   mean=19.14   median=19.11   min=18.72   stddev=0.27 (1.4%))
[       OK ] FGSFilterPerfTest_perf.perf/11 (214 ms)
[----------] 12 tests from FGSFilterPerfTest_perf (1705 ms total)

[----------] 8 tests from FindEllipsesTest_perf
[ RUN      ] FindEllipsesTest_perf.perf/0, where GetParam() = (640x480, 8UC1, 1)
[ PERFSTAT ]    (samples=13   mean=25.09   median=25.08   min=24.90   stddev=0.13 (0.5%))
[       OK ] FindEllipsesTest_perf.perf/0 (337 ms)
[ RUN      ] FindEllipsesTest_perf.perf/1, where GetParam() = (640x480, 8UC1, 3)
[ PERFSTAT ]    (samples=10   mean=20.59   median=20.45   min=20.28   stddev=0.35 (1.7%))
[       OK ] FindEllipsesTest_perf.perf/1 (207 ms)
[ RUN      ] FindEllipsesTest_perf.perf/2, where GetParam() = (960x540, 8UC1, 1)
[ PERFSTAT ]    (samples=10   mean=52.12   median=52.00   min=51.67   stddev=0.36 (0.7%))
[       OK ] FindEllipsesTest_perf.perf/2 (524 ms)
[ RUN      ] FindEllipsesTest_perf.perf/3, where GetParam() = (960x540, 8UC1, 3)
[ PERFSTAT ]    (samples=10   mean=55.71   median=55.63   min=55.46   stddev=0.25 (0.4%))
[       OK ] FindEllipsesTest_perf.perf/3 (559 ms)
[ RUN      ] FindEllipsesTest_perf.perf/4, where GetParam() = (1280x720, 8UC1, 1)
[ PERFSTAT ]    (samples=10   mean=147.65   median=147.50   min=147.02   stddev=0.60 (0.4%))
[       OK ] FindEllipsesTest_perf.perf/4 (1480 ms)
[ RUN      ] FindEllipsesTest_perf.perf/5, where GetParam() = (1280x720, 8UC1, 3)
[ PERFSTAT ]    (samples=10   mean=163.16   median=163.21   min=162.70   stddev=0.28 (0.2%))
[       OK ] FindEllipsesTest_perf.perf/5 (1636 ms)
[ RUN      ] FindEllipsesTest_perf.perf/6, where GetParam() = (127x61, 8UC1, 1)
[ PERFSTAT ]    (samples=13   mean=0.36   median=0.36   min=0.35   stddev=0.01 (2.3%))
[       OK ] FindEllipsesTest_perf.perf/6 (5 ms)
[ RUN      ] FindEllipsesTest_perf.perf/7, where GetParam() = (127x61, 8UC1, 3)
[ PERFSTAT ]    (samples=10   mean=0.37   median=0.37   min=0.36   stddev=0.01 (2.5%))
[       OK ] FindEllipsesTest_perf.perf/7 (4 ms)
[----------] 8 tests from FindEllipsesTest_perf (4752 ms total)

[----------] 128 tests from GuidedFilterPerfTest_perf
[ RUN      ] GuidedFilterPerfTest_perf.perf/0, where GetParam() = (CV_8UC1, CV_8UC1, 1920x1080, 1)
[ PERFSTAT ]    (samples=3   mean=45.67   median=48.22   min=39.23   stddev=5.62 (12.3%))
[       OK ] GuidedFilterPerfTest_perf.perf/0 (145 ms)
[ RUN      ] GuidedFilterPerfTest_perf.perf/1, where GetParam() = (CV_8UC1, CV_8UC1, 1920x1080, 0.5)
[ PERFSTAT ]    (samples=3   mean=25.65   median=25.10   min=25.09   stddev=0.97 (3.8%))
[       OK ] GuidedFilterPerfTest_perf.perf/1 (80 ms)
[ RUN      ] GuidedFilterPerfTest_perf.perf/2, where GetParam() = (CV_8UC1, CV_8UC1, 1920x1080, 0.333333)
[ PERFSTAT ]    (samples=3   mean=18.56   median=17.61   min=16.83   stddev=2.35 (12.7%))
[       OK ] GuidedFilterPerfTest_perf.perf/2 (59 ms)
[ RUN      ] GuidedFilterPerfTest_perf.perf/3, where GetParam() = (CV_8UC1, CV_8UC1, 1920x1080, 0.25)
[ PERFSTAT ]    (samples=3   mean=12.16   median=11.23   min=10.99   stddev=1.81 (14.9%))
[       OK ] GuidedFilterPerfTest_perf.perf/3 (40 ms)
[ RUN      ] GuidedFilterPerfTest_perf.perf/4, where GetParam() = (CV_8UC1, CV_8UC1, 2048x2048, 1)
[ PERFSTAT ]    (samples=3   mean=90.13   median=89.82   min=89.51   stddev=0.81 (0.9%))
[       OK ] GuidedFilterPerfTest_perf.perf/4 (277 ms)
[ RUN      ] GuidedFilterPerfTest_perf.perf/5, where GetParam() = (CV_8UC1, CV_8UC1, 2048x2048, 0.5)
[ PERFSTAT ]    (samples=3   mean=52.65   median=55.50   min=45.24   stddev=6.47 (12.3%))
[       OK ] GuidedFilterPerfTest_perf.perf/5 (164 ms)
[ RUN      ] GuidedFilterPerfTest_perf.perf/6, where GetParam() = (CV_8UC1, CV_8UC1, 2048x2048, 0.333333)
[ PERFSTAT ]    (samples=3   mean=31.75   median=27.07   min=27.02   stddev=8.14 (25.7%))
[       OK ] GuidedFilterPerfTest_perf.perf/6 (103 ms)
[ RUN      ] GuidedFilterPerfTest_perf.perf/7, where GetParam() = (CV_8UC1, CV_8UC1, 2048x2048, 0.25)
[ PERFSTAT ]    (samples=3   mean=22.49   median=21.08   min=20.45   stddev=3.00 (13.3%))
[       OK ] GuidedFilterPerfTest_perf.perf/7 (75 ms)
[ RUN      ] GuidedFilterPerfTest_perf.perf/8, where GetParam() = (CV_8UC1, CV_8UC3, 1920x1080, 1)
[ PERFSTAT ]    (samples=3   mean=61.00   median=60.18   min=56.63   stddev=4.84 (7.9%))
[       OK ] GuidedFilterPerfTest_perf.perf/8 (195 ms)
[ RUN      ] GuidedFilterPerfTest_perf.perf/9, where GetParam() = (CV_8UC1, CV_8UC3, 1920x1080, 0.5)
[ PERFSTAT ]    (samples=3   mean=28.95   median=29.58   min=26.68   stddev=2.03 (7.0%))
[       OK ] GuidedFilterPerfTest_perf.perf/9 (94 ms)
[ RUN      ] GuidedFilterPerfTest_perf.perf/10, where GetParam() = (CV_8UC1, CV_8UC3, 1920x1080, 0.333333)
[ PERFSTAT ]    (samples=3   mean=24.32   median=25.01   min=22.84   stddev=1.28 (5.3%))
[       OK ] GuidedFilterPerfTest_perf.perf/10 (79 ms)
[ RUN      ] GuidedFilterPerfTest_perf.perf/11, where GetParam() = (CV_8UC1, CV_8UC3, 1920x1080, 0.25)
[ PERFSTAT ]    (samples=3   mean=16.60   median=14.70   min=14.67   stddev=3.32 (20.0%))
[       OK ] GuidedFilterPerfTest_perf.perf/11 (65 ms)
[ RUN      ] GuidedFilterPerfTest_perf.perf/12, where GetParam() = (CV_8UC1, CV_8UC3, 2048x2048, 1)
[ PERFSTAT ]    (samples=3   mean=144.63   median=140.27   min=126.23   stddev=20.92 (14.5%))
[       OK ] GuidedFilterPerfTest_perf.perf/12 (461 ms)
[ RUN      ] GuidedFilterPerfTest_perf.perf/13, where GetParam() = (CV_8UC1, CV_8UC3, 2048x2048, 0.5)
[ PERFSTAT ]    (samples=3   mean=94.02   median=95.13   min=80.60   stddev=12.90 (13.7%))
[       OK ] GuidedFilterPerfTest_perf.perf/13 (298 ms)
[ RUN      ] GuidedFilterPerfTest_perf.perf/14, where GetParam() = (CV_8UC1, CV_8UC3, 2048x2048, 0.333333)
[ PERFSTAT ]    (samples=3   mean=73.96   median=75.00   min=68.49   stddev=5.03 (6.8%))
[       OK ] GuidedFilterPerfTest_perf.perf/14 (236 ms)
[ RUN      ] GuidedFilterPerfTest_perf.perf/15, where GetParam() = (CV_8UC1, CV_8UC3, 2048x2048, 0.25)
[ PERFSTAT ]    (samples=3   mean=55.27   median=52.51   min=50.23   stddev=6.86 (12.4%))
[       OK ] GuidedFilterPerfTest_perf.perf/15 (181 ms)
[ RUN      ] GuidedFilterPerfTest_perf.perf/16, where GetParam() = (CV_8UC1, CV_32FC1, 1920x1080, 1)
[ PERFSTAT ]    (samples=3   mean=49.90   median=47.59   min=43.83   stddev=7.50 (15.0%))
[       OK ] GuidedFilterPerfTest_perf.perf/16 (159 ms)
[ RUN      ] GuidedFilterPerfTest_perf.perf/17, where GetParam() = (CV_8UC1, CV_32FC1, 1920x1080, 0.5)
[ PERFSTAT ]    (samples=3   mean=27.41   median=27.66   min=26.15   stddev=1.16 (4.2%))
[       OK ] GuidedFilterPerfTest_perf.perf/17 (88 ms)
[ RUN      ] GuidedFilterPerfTest_perf.perf/18, where GetParam() = (CV_8UC1, CV_32FC1, 1920x1080, 0.333333)
[ PERFSTAT ]    (samples=3   mean=20.65   median=20.73   min=20.49   stddev=0.14 (0.7%))
[       OK ] GuidedFilterPerfTest_perf.perf/18 (68 ms)
[ RUN      ] GuidedFilterPerfTest_perf.perf/19, where GetParam() = (CV_8UC1, CV_32FC1, 1920x1080, 0.25)
[ PERFSTAT ]    (samples=3   mean=15.84   median=14.72   min=14.23   stddev=2.38 (15.0%))
[       OK ] GuidedFilterPerfTest_perf.perf/19 (52 ms)
[ RUN      ] GuidedFilterPerfTest_perf.perf/20, where GetParam() = (CV_8UC1, CV_32FC1, 2048x2048, 1)
[ PERFSTAT ]    (samples=3   mean=116.63   median=117.13   min=104.61   stddev=11.77 (10.1%))
[       OK ] GuidedFilterPerfTest_perf.perf/20 (369 ms)
[ RUN      ] GuidedFilterPerfTest_perf.perf/21, where GetParam() = (CV_8UC1, CV_32FC1, 2048x2048, 0.5)
[ PERFSTAT ]    (samples=3   mean=72.22   median=75.36   min=65.67   stddev=5.68 (7.9%))
[       OK ] GuidedFilterPerfTest_perf.perf/21 (235 ms)
[ RUN      ] GuidedFilterPerfTest_perf.perf/22, where GetParam() = (CV_8UC1, CV_32FC1, 2048x2048, 0.333333)
[ PERFSTAT ]    (samples=3   mean=48.08   median=43.65   min=43.53   stddev=7.77 (16.2%))
[       OK ] GuidedFilterPerfTest_perf.perf/22 (156 ms)
[ RUN      ] GuidedFilterPerfTest_perf.perf/23, where GetParam() = (CV_8UC1, CV_32FC1, 2048x2048, 0.25)
[ PERFSTAT ]    (samples=3   mean=37.53   median=33.94   min=33.49   stddev=6.61 (17.6%))
[       OK ] GuidedFilterPerfTest_perf.perf/23 (129 ms)
[ RUN      ] GuidedFilterPerfTest_perf.perf/24, where GetParam() = (CV_8UC1, CV_32FC3, 1920x1080, 1)
[ PERFSTAT ]    (samples=3   mean=82.15   median=80.59   min=77.42   stddev=5.69 (6.9%))
[       OK ] GuidedFilterPerfTest_perf.perf/24 (270 ms)
[ RUN      ] GuidedFilterPerfTest_perf.perf/25, where GetParam() = (CV_8UC1, CV_32FC3, 1920x1080, 0.5)
[ PERFSTAT ]    (samples=3   mean=35.71   median=34.13   min=34.13   stddev=2.74 (7.7%))
[       OK ] GuidedFilterPerfTest_perf.perf/25 (129 ms)
[ RUN      ] GuidedFilterPerfTest_perf.perf/26, where GetParam() = (CV_8UC1, CV_32FC3, 1920x1080, 0.333333)
[ PERFSTAT ]    (samples=3   mean=28.58   median=27.18   min=26.64   stddev=2.91 (10.2%))
[       OK ] GuidedFilterPerfTest_perf.perf/26 (106 ms)
[ RUN      ] GuidedFilterPerfTest_perf.perf/27, where GetParam() = (CV_8UC1, CV_32FC3, 1920x1080, 0.25)
[ PERFSTAT ]    (samples=3   mean=25.53   median=25.39   min=23.20   stddev=2.41 (9.4%))
[       OK ] GuidedFilterPerfTest_perf.perf/27 (97 ms)
[ RUN      ] GuidedFilterPerfTest_perf.perf/28, where GetParam() = (CV_8UC1, CV_32FC3, 2048x2048, 1)
[ PERFSTAT ]    (samples=3   mean=162.50   median=154.91   min=153.97   stddev=13.97 (8.6%))
[       OK ] GuidedFilterPerfTest_perf.perf/28 (533 ms)
[ RUN      ] GuidedFilterPerfTest_perf.perf/29, where GetParam() = (CV_8UC1, CV_32FC3, 2048x2048, 0.5)
[ PERFSTAT ]    (samples=3   mean=100.58   median=99.03   min=87.03   stddev=14.38 (14.3%))
[       OK ] GuidedFilterPerfTest_perf.perf/29 (339 ms)
[ RUN      ] GuidedFilterPerfTest_perf.perf/30, where GetParam() = (CV_8UC1, CV_32FC3, 2048x2048, 0.333333)
[ PERFSTAT ]    (samples=3   mean=82.39   median=76.95   min=73.84   stddev=12.21 (14.8%))
[       OK ] GuidedFilterPerfTest_perf.perf/30 (285 ms)
[ RUN      ] GuidedFilterPerfTest_perf.perf/31, where GetParam() = (CV_8UC1, CV_32FC3, 2048x2048, 0.25)
[ PERFSTAT ]    (samples=3   mean=68.69   median=68.07   min=67.24   stddev=1.84 (2.7%))
[       OK ] GuidedFilterPerfTest_perf.perf/31 (243 ms)
[ RUN      ] GuidedFilterPerfTest_perf.perf/32, where GetParam() = (CV_8UC3, CV_8UC1, 1920x1080, 1)
[ PERFSTAT ]    (samples=3   mean=63.99   median=66.37   min=58.78   stddev=4.52 (7.1%))
[       OK ] GuidedFilterPerfTest_perf.perf/32 (208 ms)
[ RUN      ] GuidedFilterPerfTest_perf.perf/33, where GetParam() = (CV_8UC3, CV_8UC1, 1920x1080, 0.5)
[ PERFSTAT ]    (samples=3   mean=27.82   median=27.10   min=26.73   stddev=1.59 (5.7%))
[       OK ] GuidedFilterPerfTest_perf.perf/33 (89 ms)
[ RUN      ] GuidedFilterPerfTest_perf.perf/34, where GetParam() = (CV_8UC3, CV_8UC1, 1920x1080, 0.333333)
[ PERFSTAT ]    (samples=3   mean=17.72   median=17.02   min=16.98   stddev=1.25 (7.1%))
[       OK ] GuidedFilterPerfTest_perf.perf/34 (60 ms)
[ RUN      ] GuidedFilterPerfTest_perf.perf/35, where GetParam() = (CV_8UC3, CV_8UC1, 1920x1080, 0.25)
[ PERFSTAT ]    (samples=3   mean=13.99   median=13.51   min=13.48   stddev=0.86 (6.1%))
[       OK ] GuidedFilterPerfTest_perf.perf/35 (48 ms)
[ RUN      ] GuidedFilterPerfTest_perf.perf/36, where GetParam() = (CV_8UC3, CV_8UC1, 2048x2048, 1)
[ PERFSTAT ]    (samples=3   mean=150.14   median=150.96   min=138.79   stddev=10.96 (7.3%))
[       OK ] GuidedFilterPerfTest_perf.perf/36 (483 ms)
[ RUN      ] GuidedFilterPerfTest_perf.perf/37, where GetParam() = (CV_8UC3, CV_8UC1, 2048x2048, 0.5)
[ PERFSTAT ]    (samples=3   mean=63.54   median=64.11   min=61.81   stddev=1.52 (2.4%))
[       OK ] GuidedFilterPerfTest_perf.perf/37 (206 ms)
[ RUN      ] GuidedFilterPerfTest_perf.perf/38, where GetParam() = (CV_8UC3, CV_8UC1, 2048x2048, 0.333333)
[ PERFSTAT ]    (samples=3   mean=58.18   median=58.37   min=57.47   stddev=0.63 (1.1%))
[       OK ] GuidedFilterPerfTest_perf.perf/38 (190 ms)
[ RUN      ] GuidedFilterPerfTest_perf.perf/39, where GetParam() = (CV_8UC3, CV_8UC1, 2048x2048, 0.25)
[ PERFSTAT ]    (samples=3   mean=43.90   median=43.24   min=43.21   stddev=1.16 (2.6%))
[       OK ] GuidedFilterPerfTest_perf.perf/39 (144 ms)
[ RUN      ] GuidedFilterPerfTest_perf.perf/40, where GetParam() = (CV_8UC3, CV_8UC3, 1920x1080, 1)
[ PERFSTAT ]    (samples=3   mean=112.43   median=110.31   min=90.13   stddev=23.43 (20.8%))
[       OK ] GuidedFilterPerfTest_perf.perf/40 (347 ms)
[ RUN      ] GuidedFilterPerfTest_perf.perf/41, where GetParam() = (CV_8UC3, CV_8UC3, 1920x1080, 0.5)
[ PERFSTAT ]    (samples=3   mean=44.16   median=42.79   min=42.19   stddev=2.90 (6.6%))
[       OK ] GuidedFilterPerfTest_perf.perf/41 (142 ms)
[ RUN      ] GuidedFilterPerfTest_perf.perf/42, where GetParam() = (CV_8UC3, CV_8UC3, 1920x1080, 0.333333)
[ PERFSTAT ]    (samples=3   mean=31.40   median=33.15   min=27.89   stddev=3.04 (9.7%))
[       OK ] GuidedFilterPerfTest_perf.perf/42 (105 ms)
[ RUN      ] GuidedFilterPerfTest_perf.perf/43, where GetParam() = (CV_8UC3, CV_8UC3, 1920x1080, 0.25)
[ PERFSTAT ]    (samples=3   mean=25.08   median=25.43   min=23.27   stddev=1.67 (6.6%))
[       OK ] GuidedFilterPerfTest_perf.perf/43 (85 ms)
[ RUN      ] GuidedFilterPerfTest_perf.perf/44, where GetParam() = (CV_8UC3, CV_8UC3, 2048x2048, 1)
[ PERFSTAT ]    (samples=3   mean=215.50   median=197.86   min=192.09   stddev=35.66 (16.5%))
[       OK ] GuidedFilterPerfTest_perf.perf/44 (685 ms)
[ RUN      ] GuidedFilterPerfTest_perf.perf/45, where GetParam() = (CV_8UC3, CV_8UC3, 2048x2048, 0.5)
[ PERFSTAT ]    (samples=3   mean=94.83   median=94.26   min=93.21   stddev=1.97 (2.1%))
[       OK ] GuidedFilterPerfTest_perf.perf/45 (313 ms)
[ RUN      ] GuidedFilterPerfTest_perf.perf/46, where GetParam() = (CV_8UC3, CV_8UC3, 2048x2048, 0.333333)
[ PERFSTAT ]    (samples=3   mean=67.92   median=66.95   min=66.04   stddev=2.51 (3.7%))
[       OK ] GuidedFilterPerfTest_perf.perf/46 (226 ms)
[ RUN      ] GuidedFilterPerfTest_perf.perf/47, where GetParam() = (CV_8UC3, CV_8UC3, 2048x2048, 0.25)
[ PERFSTAT ]    (samples=3   mean=60.29   median=61.79   min=56.79   stddev=3.04 (5.0%))
[       OK ] GuidedFilterPerfTest_perf.perf/47 (209 ms)
[ RUN      ] GuidedFilterPerfTest_perf.perf/48, where GetParam() = (CV_8UC3, CV_32FC1, 1920x1080, 1)
[ PERFSTAT ]    (samples=3   mean=66.15   median=65.93   min=63.61   stddev=2.66 (4.0%))
[       OK ] GuidedFilterPerfTest_perf.perf/48 (214 ms)
[ RUN      ] GuidedFilterPerfTest_perf.perf/49, where GetParam() = (CV_8UC3, CV_32FC1, 1920x1080, 0.5)
[ PERFSTAT ]    (samples=3   mean=29.73   median=28.10   min=27.87   stddev=3.02 (10.2%))
[       OK ] GuidedFilterPerfTest_perf.perf/49 (100 ms)
[ RUN      ] GuidedFilterPerfTest_perf.perf/50, where GetParam() = (CV_8UC3, CV_32FC1, 1920x1080, 0.333333)
[ PERFSTAT ]    (samples=3   mean=21.87   median=20.03   min=19.78   stddev=3.41 (15.6%))
[       OK ] GuidedFilterPerfTest_perf.perf/50 (78 ms)
[ RUN      ] GuidedFilterPerfTest_perf.perf/51, where GetParam() = (CV_8UC3, CV_32FC1, 1920x1080, 0.25)
[ PERFSTAT ]    (samples=3   mean=15.88   median=15.70   min=15.60   stddev=0.39 (2.5%))
[       OK ] GuidedFilterPerfTest_perf.perf/51 (56 ms)
[ RUN      ] GuidedFilterPerfTest_perf.perf/52, where GetParam() = (CV_8UC3, CV_32FC1, 2048x2048, 1)
[ PERFSTAT ]    (samples=3   mean=147.80   median=149.48   min=140.43   stddev=6.70 (4.5%))
[       OK ] GuidedFilterPerfTest_perf.perf/52 (471 ms)
[ RUN      ] GuidedFilterPerfTest_perf.perf/53, where GetParam() = (CV_8UC3, CV_32FC1, 2048x2048, 0.5)
[ PERFSTAT ]    (samples=3   mean=69.90   median=69.06   min=68.56   stddev=1.92 (2.7%))
[       OK ] GuidedFilterPerfTest_perf.perf/53 (236 ms)
[ RUN      ] GuidedFilterPerfTest_perf.perf/54, where GetParam() = (CV_8UC3, CV_32FC1, 2048x2048, 0.333333)
[ PERFSTAT ]    (samples=3   mean=51.44   median=51.13   min=51.05   stddev=0.60 (1.2%))
[       OK ] GuidedFilterPerfTest_perf.perf/54 (178 ms)
[ RUN      ] GuidedFilterPerfTest_perf.perf/55, where GetParam() = (CV_8UC3, CV_32FC1, 2048x2048, 0.25)
[ PERFSTAT ]    (samples=3   mean=37.42   median=35.48   min=35.41   stddev=3.42 (9.1%))
[       OK ] GuidedFilterPerfTest_perf.perf/55 (131 ms)
[ RUN      ] GuidedFilterPerfTest_perf.perf/56, where GetParam() = (CV_8UC3, CV_32FC3, 1920x1080, 1)
[ PERFSTAT ]    (samples=3   mean=92.80   median=86.96   min=83.48   stddev=13.24 (14.3%))
[       OK ] GuidedFilterPerfTest_perf.perf/56 (308 ms)
[ RUN      ] GuidedFilterPerfTest_perf.perf/57, where GetParam() = (CV_8UC3, CV_32FC3, 1920x1080, 0.5)
[ PERFSTAT ]    (samples=3   mean=54.46   median=49.72   min=48.16   stddev=9.58 (17.6%))
[       OK ] GuidedFilterPerfTest_perf.perf/57 (185 ms)
[ RUN      ] GuidedFilterPerfTest_perf.perf/58, where GetParam() = (CV_8UC3, CV_32FC3, 1920x1080, 0.333333)
[ PERFSTAT ]    (samples=3   mean=35.87   median=36.69   min=32.01   stddev=3.52 (9.8%))
[       OK ] GuidedFilterPerfTest_perf.perf/58 (124 ms)
[ RUN      ] GuidedFilterPerfTest_perf.perf/59, where GetParam() = (CV_8UC3, CV_32FC3, 1920x1080, 0.25)
[ PERFSTAT ]    (samples=3   mean=35.30   median=37.50   min=26.55   stddev=7.89 (22.4%))
[       OK ] GuidedFilterPerfTest_perf.perf/59 (125 ms)
[ RUN      ] GuidedFilterPerfTest_perf.perf/60, where GetParam() = (CV_8UC3, CV_32FC3, 2048x2048, 1)
[ PERFSTAT ]    (samples=3   mean=171.67   median=174.50   min=163.12   stddev=7.55 (4.4%))
[       OK ] GuidedFilterPerfTest_perf.perf/60 (556 ms)
[ RUN      ] GuidedFilterPerfTest_perf.perf/61, where GetParam() = (CV_8UC3, CV_32FC3, 2048x2048, 0.5)
[ PERFSTAT ]    (samples=3   mean=101.88   median=99.97   min=98.00   stddev=5.11 (5.0%))
[       OK ] GuidedFilterPerfTest_perf.perf/61 (342 ms)
[ RUN      ] GuidedFilterPerfTest_perf.perf/62, where GetParam() = (CV_8UC3, CV_32FC3, 2048x2048, 0.333333)
[ PERFSTAT ]    (samples=3   mean=75.55   median=71.40   min=71.29   stddev=7.28 (9.6%))
[       OK ] GuidedFilterPerfTest_perf.perf/62 (263 ms)
[ RUN      ] GuidedFilterPerfTest_perf.perf/63, where GetParam() = (CV_8UC3, CV_32FC3, 2048x2048, 0.25)
[ PERFSTAT ]    (samples=3   mean=66.77   median=63.58   min=62.94   stddev=6.08 (9.1%))
[       OK ] GuidedFilterPerfTest_perf.perf/63 (237 ms)
[ RUN      ] GuidedFilterPerfTest_perf.perf/64, where GetParam() = (CV_32FC1, CV_8UC1, 1920x1080, 1)
[ PERFSTAT ]    (samples=3   mean=45.72   median=45.95   min=41.49   stddev=4.13 (9.0%))
[       OK ] GuidedFilterPerfTest_perf.perf/64 (149 ms)
[ RUN      ] GuidedFilterPerfTest_perf.perf/65, where GetParam() = (CV_32FC1, CV_8UC1, 1920x1080, 0.5)
[ PERFSTAT ]    (samples=3   mean=23.29   median=22.03   min=21.76   stddev=2.41 (10.4%))
[       OK ] GuidedFilterPerfTest_perf.perf/65 (74 ms)
[ RUN      ] GuidedFilterPerfTest_perf.perf/66, where GetParam() = (CV_32FC1, CV_8UC1, 1920x1080, 0.333333)
[ PERFSTAT ]    (samples=3   mean=18.45   median=18.67   min=17.97   stddev=0.41 (2.2%))
[       OK ] GuidedFilterPerfTest_perf.perf/66 (60 ms)
[ RUN      ] GuidedFilterPerfTest_perf.perf/67, where GetParam() = (CV_32FC1, CV_8UC1, 1920x1080, 0.25)
[ PERFSTAT ]    (samples=3   mean=15.64   median=15.65   min=15.34   stddev=0.30 (1.9%))
[       OK ] GuidedFilterPerfTest_perf.perf/67 (52 ms)
[ RUN      ] GuidedFilterPerfTest_perf.perf/68, where GetParam() = (CV_32FC1, CV_8UC1, 2048x2048, 1)
[ PERFSTAT ]    (samples=3   mean=101.84   median=104.10   min=96.02   stddev=5.08 (5.0%))
[       OK ] GuidedFilterPerfTest_perf.perf/68 (319 ms)
[ RUN      ] GuidedFilterPerfTest_perf.perf/69, where GetParam() = (CV_32FC1, CV_8UC1, 2048x2048, 0.5)
[ PERFSTAT ]    (samples=3   mean=50.03   median=47.02   min=45.00   stddev=7.04 (14.1%))
[       OK ] GuidedFilterPerfTest_perf.perf/69 (159 ms)
[ RUN      ] GuidedFilterPerfTest_perf.perf/70, where GetParam() = (CV_32FC1, CV_8UC1, 2048x2048, 0.333333)
[ PERFSTAT ]    (samples=3   mean=32.27   median=33.19   min=29.09   stddev=2.83 (8.8%))
[       OK ] GuidedFilterPerfTest_perf.perf/70 (107 ms)
[ RUN      ] GuidedFilterPerfTest_perf.perf/71, where GetParam() = (CV_32FC1, CV_8UC1, 2048x2048, 0.25)
[ PERFSTAT ]    (samples=3   mean=29.21   median=29.67   min=26.57   stddev=2.45 (8.4%))
[       OK ] GuidedFilterPerfTest_perf.perf/71 (102 ms)
[ RUN      ] GuidedFilterPerfTest_perf.perf/72, where GetParam() = (CV_32FC1, CV_8UC3, 1920x1080, 1)
[ PERFSTAT ]    (samples=3   mean=60.58   median=59.47   min=54.95   stddev=6.25 (10.3%))
[       OK ] GuidedFilterPerfTest_perf.perf/72 (192 ms)
[ RUN      ] GuidedFilterPerfTest_perf.perf/73, where GetParam() = (CV_32FC1, CV_8UC3, 1920x1080, 0.5)
[ PERFSTAT ]    (samples=3   mean=35.20   median=34.81   min=33.72   stddev=1.71 (4.9%))
[       OK ] GuidedFilterPerfTest_perf.perf/73 (114 ms)
[ RUN      ] GuidedFilterPerfTest_perf.perf/74, where GetParam() = (CV_32FC1, CV_8UC3, 1920x1080, 0.333333)
[ PERFSTAT ]    (samples=3   mean=23.98   median=23.40   min=22.58   stddev=1.75 (7.3%))
[       OK ] GuidedFilterPerfTest_perf.perf/74 (80 ms)
[ RUN      ] GuidedFilterPerfTest_perf.perf/75, where GetParam() = (CV_32FC1, CV_8UC3, 1920x1080, 0.25)
[ PERFSTAT ]    (samples=3   mean=20.74   median=20.46   min=20.28   stddev=0.64 (3.1%))
[       OK ] GuidedFilterPerfTest_perf.perf/75 (70 ms)
[ RUN      ] GuidedFilterPerfTest_perf.perf/76, where GetParam() = (CV_32FC1, CV_8UC3, 2048x2048, 1)
[ PERFSTAT ]    (samples=3   mean=116.14   median=119.65   min=106.04   stddev=8.88 (7.6%))
[       OK ] GuidedFilterPerfTest_perf.perf/76 (377 ms)
[ RUN      ] GuidedFilterPerfTest_perf.perf/77, where GetParam() = (CV_32FC1, CV_8UC3, 2048x2048, 0.5)
[ PERFSTAT ]    (samples=3   mean=58.94   median=59.65   min=56.59   stddev=2.09 (3.5%))
[       OK ] GuidedFilterPerfTest_perf.perf/77 (194 ms)
[ RUN      ] GuidedFilterPerfTest_perf.perf/78, where GetParam() = (CV_32FC1, CV_8UC3, 2048x2048, 0.333333)
[ PERFSTAT ]    (samples=3   mean=43.34   median=43.92   min=41.49   stddev=1.64 (3.8%))
[       OK ] GuidedFilterPerfTest_perf.perf/78 (146 ms)
[ RUN      ] GuidedFilterPerfTest_perf.perf/79, where GetParam() = (CV_32FC1, CV_8UC3, 2048x2048, 0.25)
[ PERFSTAT ]    (samples=3   mean=37.68   median=37.65   min=36.95   stddev=0.74 (2.0%))
[       OK ] GuidedFilterPerfTest_perf.perf/79 (132 ms)
[ RUN      ] GuidedFilterPerfTest_perf.perf/80, where GetParam() = (CV_32FC1, CV_32FC1, 1920x1080, 1)
[ PERFSTAT ]    (samples=3   mean=45.85   median=45.72   min=43.38   stddev=2.54 (5.5%))
[       OK ] GuidedFilterPerfTest_perf.perf/80 (146 ms)
[ RUN      ] GuidedFilterPerfTest_perf.perf/81, where GetParam() = (CV_32FC1, CV_32FC1, 1920x1080, 0.5)
[ PERFSTAT ]    (samples=3   mean=25.18   median=24.36   min=24.27   stddev=1.50 (6.0%))
[       OK ] GuidedFilterPerfTest_perf.perf/81 (85 ms)
[ RUN      ] GuidedFilterPerfTest_perf.perf/82, where GetParam() = (CV_32FC1, CV_32FC1, 1920x1080, 0.333333)
[ PERFSTAT ]    (samples=3   mean=18.15   median=17.86   min=17.64   stddev=0.69 (3.8%))
[       OK ] GuidedFilterPerfTest_perf.perf/82 (61 ms)
[ RUN      ] GuidedFilterPerfTest_perf.perf/83, where GetParam() = (CV_32FC1, CV_32FC1, 1920x1080, 0.25)
[ PERFSTAT ]    (samples=3   mean=15.15   median=15.21   min=15.01   stddev=0.12 (0.8%))
[       OK ] GuidedFilterPerfTest_perf.perf/83 (52 ms)
[ RUN      ] GuidedFilterPerfTest_perf.perf/84, where GetParam() = (CV_32FC1, CV_32FC1, 2048x2048, 1)
[ PERFSTAT ]    (samples=3   mean=96.77   median=100.45   min=85.46   stddev=9.99 (10.3%))
[       OK ] GuidedFilterPerfTest_perf.perf/84 (311 ms)
[ RUN      ] GuidedFilterPerfTest_perf.perf/85, where GetParam() = (CV_32FC1, CV_32FC1, 2048x2048, 0.5)
[ PERFSTAT ]    (samples=3   mean=47.18   median=47.69   min=43.45   stddev=3.49 (7.4%))
[       OK ] GuidedFilterPerfTest_perf.perf/85 (162 ms)
[ RUN      ] GuidedFilterPerfTest_perf.perf/86, where GetParam() = (CV_32FC1, CV_32FC1, 2048x2048, 0.333333)
[ PERFSTAT ]    (samples=3   mean=34.00   median=35.21   min=29.45   stddev=4.08 (12.0%))
[       OK ] GuidedFilterPerfTest_perf.perf/86 (115 ms)
[ RUN      ] GuidedFilterPerfTest_perf.perf/87, where GetParam() = (CV_32FC1, CV_32FC1, 2048x2048, 0.25)
[ PERFSTAT ]    (samples=3   mean=28.75   median=30.64   min=24.58   stddev=3.62 (12.6%))
[       OK ] GuidedFilterPerfTest_perf.perf/87 (103 ms)
[ RUN      ] GuidedFilterPerfTest_perf.perf/88, where GetParam() = (CV_32FC1, CV_32FC3, 1920x1080, 1)
[ PERFSTAT ]    (samples=3   mean=62.75   median=64.37   min=56.61   stddev=5.51 (8.8%))
[       OK ] GuidedFilterPerfTest_perf.perf/88 (209 ms)
[ RUN      ] GuidedFilterPerfTest_perf.perf/89, where GetParam() = (CV_32FC1, CV_32FC3, 1920x1080, 0.5)
[ PERFSTAT ]    (samples=3   mean=31.65   median=32.31   min=28.76   stddev=2.63 (8.3%))
[       OK ] GuidedFilterPerfTest_perf.perf/89 (115 ms)
[ RUN      ] GuidedFilterPerfTest_perf.perf/90, where GetParam() = (CV_32FC1, CV_32FC3, 1920x1080, 0.333333)
[ PERFSTAT ]    (samples=3   mean=24.11   median=23.80   min=22.38   stddev=1.90 (7.9%))
[       OK ] GuidedFilterPerfTest_perf.perf/90 (91 ms)
[ RUN      ] GuidedFilterPerfTest_perf.perf/91, where GetParam() = (CV_32FC1, CV_32FC3, 1920x1080, 0.25)
[ PERFSTAT ]    (samples=3   mean=21.57   median=21.28   min=21.23   stddev=0.55 (2.5%))
[       OK ] GuidedFilterPerfTest_perf.perf/91 (84 ms)
[ RUN      ] GuidedFilterPerfTest_perf.perf/92, where GetParam() = (CV_32FC1, CV_32FC3, 2048x2048, 1)
[ PERFSTAT ]    (samples=3   mean=120.64   median=120.46   min=104.70   stddev=16.03 (13.3%))
[       OK ] GuidedFilterPerfTest_perf.perf/92 (399 ms)
[ RUN      ] GuidedFilterPerfTest_perf.perf/93, where GetParam() = (CV_32FC1, CV_32FC3, 2048x2048, 0.5)
[ PERFSTAT ]    (samples=3   mean=75.23   median=74.42   min=72.38   stddev=3.34 (4.4%))
[       OK ] GuidedFilterPerfTest_perf.perf/93 (259 ms)
[ RUN      ] GuidedFilterPerfTest_perf.perf/94, where GetParam() = (CV_32FC1, CV_32FC3, 2048x2048, 0.333333)
[ PERFSTAT ]    (samples=3   mean=49.65   median=47.56   min=46.49   stddev=4.57 (9.2%))
[       OK ] GuidedFilterPerfTest_perf.perf/94 (182 ms)
[ RUN      ] GuidedFilterPerfTest_perf.perf/95, where GetParam() = (CV_32FC1, CV_32FC3, 2048x2048, 0.25)
[ PERFSTAT ]    (samples=3   mean=50.42   median=45.44   min=43.11   stddev=10.70 (21.2%))
[       OK ] GuidedFilterPerfTest_perf.perf/95 (185 ms)
[ RUN      ] GuidedFilterPerfTest_perf.perf/96, where GetParam() = (CV_32FC3, CV_8UC1, 1920x1080, 1)
[ PERFSTAT ]    (samples=3   mean=79.57   median=82.29   min=72.11   stddev=6.54 (8.2%))
[       OK ] GuidedFilterPerfTest_perf.perf/96 (258 ms)
[ RUN      ] GuidedFilterPerfTest_perf.perf/97, where GetParam() = (CV_32FC3, CV_8UC1, 1920x1080, 0.5)
[ PERFSTAT ]    (samples=3   mean=32.26   median=32.91   min=30.02   stddev=2.00 (6.2%))
[       OK ] GuidedFilterPerfTest_perf.perf/97 (109 ms)
[ RUN      ] GuidedFilterPerfTest_perf.perf/98, where GetParam() = (CV_32FC3, CV_8UC1, 1920x1080, 0.333333)
[ PERFSTAT ]    (samples=3   mean=24.13   median=22.39   min=21.03   stddev=4.25 (17.6%))
[       OK ] GuidedFilterPerfTest_perf.perf/98 (89 ms)
[ RUN      ] GuidedFilterPerfTest_perf.perf/99, where GetParam() = (CV_32FC3, CV_8UC1, 1920x1080, 0.25)
[ PERFSTAT ]    (samples=3   mean=18.89   median=17.51   min=17.01   stddev=2.83 (15.0%))
[       OK ] GuidedFilterPerfTest_perf.perf/99 (73 ms)
[ RUN      ] GuidedFilterPerfTest_perf.perf/100, where GetParam() = (CV_32FC3, CV_8UC1, 2048x2048, 1)
[ PERFSTAT ]    (samples=3   mean=166.43   median=156.68   min=151.92   stddev=21.14 (12.7%))
[       OK ] GuidedFilterPerfTest_perf.perf/100 (538 ms)
[ RUN      ] GuidedFilterPerfTest_perf.perf/101, where GetParam() = (CV_32FC3, CV_8UC1, 2048x2048, 0.5)
[ PERFSTAT ]    (samples=3   mean=76.75   median=73.16   min=71.47   stddev=7.73 (10.1%))
[       OK ] GuidedFilterPerfTest_perf.perf/101 (258 ms)
[ RUN      ] GuidedFilterPerfTest_perf.perf/102, where GetParam() = (CV_32FC3, CV_8UC1, 2048x2048, 0.333333)
[ PERFSTAT ]    (samples=3   mean=66.30   median=66.91   min=59.55   stddev=6.47 (9.8%))
[       OK ] GuidedFilterPerfTest_perf.perf/102 (253 ms)
[ RUN      ] GuidedFilterPerfTest_perf.perf/103, where GetParam() = (CV_32FC3, CV_8UC1, 2048x2048, 0.25)
[ PERFSTAT ]    (samples=3   mean=57.56   median=56.68   min=56.55   stddev=1.64 (2.9%))
[       OK ] GuidedFilterPerfTest_perf.perf/103 (194 ms)
[ RUN      ] GuidedFilterPerfTest_perf.perf/104, where GetParam() = (CV_32FC3, CV_8UC3, 1920x1080, 1)
[ PERFSTAT ]    (samples=3   mean=105.77   median=106.23   min=101.76   stddev=3.80 (3.6%))
[       OK ] GuidedFilterPerfTest_perf.perf/104 (332 ms)
[ RUN      ] GuidedFilterPerfTest_perf.perf/105, where GetParam() = (CV_32FC3, CV_8UC3, 1920x1080, 0.5)
[ PERFSTAT ]    (samples=3   mean=57.53   median=57.52   min=55.53   stddev=2.01 (3.5%))
[       OK ] GuidedFilterPerfTest_perf.perf/105 (194 ms)
[ RUN      ] GuidedFilterPerfTest_perf.perf/106, where GetParam() = (CV_32FC3, CV_8UC3, 1920x1080, 0.333333)
[ PERFSTAT ]    (samples=3   mean=37.74   median=35.18   min=33.29   stddev=6.15 (16.3%))
[       OK ] GuidedFilterPerfTest_perf.perf/106 (132 ms)
[ RUN      ] GuidedFilterPerfTest_perf.perf/107, where GetParam() = (CV_32FC3, CV_8UC3, 1920x1080, 0.25)
[ PERFSTAT ]    (samples=3   mean=33.95   median=30.73   min=29.52   stddev=6.66 (19.6%))
[       OK ] GuidedFilterPerfTest_perf.perf/107 (119 ms)
[ RUN      ] GuidedFilterPerfTest_perf.perf/108, where GetParam() = (CV_32FC3, CV_8UC3, 2048x2048, 1)
[ PERFSTAT ]    (samples=3   mean=222.99   median=221.20   min=190.70   stddev=33.22 (14.9%))
[       OK ] GuidedFilterPerfTest_perf.perf/108 (711 ms)
[ RUN      ] GuidedFilterPerfTest_perf.perf/109, where GetParam() = (CV_32FC3, CV_8UC3, 2048x2048, 0.5)
[ PERFSTAT ]    (samples=3   mean=98.38   median=94.79   min=94.34   stddev=6.61 (6.7%))
[       OK ] GuidedFilterPerfTest_perf.perf/109 (331 ms)
[ RUN      ] GuidedFilterPerfTest_perf.perf/110, where GetParam() = (CV_32FC3, CV_8UC3, 2048x2048, 0.333333)
[ PERFSTAT ]    (samples=3   mean=77.13   median=75.84   min=73.42   stddev=4.50 (5.8%))
[       OK ] GuidedFilterPerfTest_perf.perf/110 (268 ms)
[ RUN      ] GuidedFilterPerfTest_perf.perf/111, where GetParam() = (CV_32FC3, CV_8UC3, 2048x2048, 0.25)
[ PERFSTAT ]    (samples=3   mean=72.92   median=73.20   min=71.70   stddev=1.11 (1.5%))
[       OK ] GuidedFilterPerfTest_perf.perf/111 (258 ms)
[ RUN      ] GuidedFilterPerfTest_perf.perf/112, where GetParam() = (CV_32FC3, CV_32FC1, 1920x1080, 1)
[ PERFSTAT ]    (samples=3   mean=84.36   median=81.90   min=70.93   stddev=14.81 (17.6%))
[       OK ] GuidedFilterPerfTest_perf.perf/112 (272 ms)
[ RUN      ] GuidedFilterPerfTest_perf.perf/113, where GetParam() = (CV_32FC3, CV_32FC1, 1920x1080, 0.5)
[ PERFSTAT ]    (samples=3   mean=48.36   median=48.63   min=47.72   stddev=0.55 (1.1%))
[       OK ] GuidedFilterPerfTest_perf.perf/113 (167 ms)
[ RUN      ] GuidedFilterPerfTest_perf.perf/114, where GetParam() = (CV_32FC3, CV_32FC1, 1920x1080, 0.333333)
[ PERFSTAT ]    (samples=3   mean=31.99   median=26.04   min=25.92   stddev=10.42 (32.6%))
[       OK ] GuidedFilterPerfTest_perf.perf/114 (110 ms)
[ RUN      ] GuidedFilterPerfTest_perf.perf/115, where GetParam() = (CV_32FC3, CV_32FC1, 1920x1080, 0.25)
[ PERFSTAT ]    (samples=3   mean=23.46   median=22.28   min=20.88   stddev=3.33 (14.2%))
[       OK ] GuidedFilterPerfTest_perf.perf/115 (92 ms)
[ RUN      ] GuidedFilterPerfTest_perf.perf/116, where GetParam() = (CV_32FC3, CV_32FC1, 2048x2048, 1)
[ PERFSTAT ]    (samples=3   mean=212.63   median=200.77   min=199.45   stddev=21.70 (10.2%))
[       OK ] GuidedFilterPerfTest_perf.perf/116 (681 ms)
[ RUN      ] GuidedFilterPerfTest_perf.perf/117, where GetParam() = (CV_32FC3, CV_32FC1, 2048x2048, 0.5)
[ PERFSTAT ]    (samples=3   mean=92.13   median=92.03   min=91.07   stddev=1.12 (1.2%))
[       OK ] GuidedFilterPerfTest_perf.perf/117 (310 ms)
[ RUN      ] GuidedFilterPerfTest_perf.perf/118, where GetParam() = (CV_32FC3, CV_32FC1, 2048x2048, 0.333333)
[ PERFSTAT ]    (samples=3   mean=72.87   median=72.47   min=72.28   stddev=0.86 (1.2%))
[       OK ] GuidedFilterPerfTest_perf.perf/118 (252 ms)
[ RUN      ] GuidedFilterPerfTest_perf.perf/119, where GetParam() = (CV_32FC3, CV_32FC1, 2048x2048, 0.25)
[ PERFSTAT ]    (samples=3   mean=62.25   median=62.29   min=61.93   stddev=0.30 (0.5%))
[       OK ] GuidedFilterPerfTest_perf.perf/119 (221 ms)
[ RUN      ] GuidedFilterPerfTest_perf.perf/120, where GetParam() = (CV_32FC3, CV_32FC3, 1920x1080, 1)
[ PERFSTAT ]    (samples=3   mean=116.88   median=114.99   min=97.74   stddev=20.15 (17.2%))
[       OK ] GuidedFilterPerfTest_perf.perf/120 (379 ms)
[ RUN      ] GuidedFilterPerfTest_perf.perf/121, where GetParam() = (CV_32FC3, CV_32FC3, 1920x1080, 0.5)
[ PERFSTAT ]    (samples=3   mean=68.07   median=67.86   min=65.39   stddev=2.78 (4.1%))
[       OK ] GuidedFilterPerfTest_perf.perf/121 (235 ms)
[ RUN      ] GuidedFilterPerfTest_perf.perf/122, where GetParam() = (CV_32FC3, CV_32FC3, 1920x1080, 0.333333)
[ PERFSTAT ]    (samples=3   mean=34.94   median=32.98   min=32.22   stddev=4.07 (11.6%))
[       OK ] GuidedFilterPerfTest_perf.perf/122 (135 ms)
[ RUN      ] GuidedFilterPerfTest_perf.perf/123, where GetParam() = (CV_32FC3, CV_32FC3, 1920x1080, 0.25)
[ PERFSTAT ]    (samples=3   mean=31.26   median=28.76   min=28.14   stddev=4.87 (15.6%))
[       OK ] GuidedFilterPerfTest_perf.perf/123 (120 ms)
[ RUN      ] GuidedFilterPerfTest_perf.perf/124, where GetParam() = (CV_32FC3, CV_32FC3, 2048x2048, 1)
[ PERFSTAT ]    (samples=3   mean=178.25   median=173.16   min=167.17   stddev=14.32 (8.0%))
[       OK ] GuidedFilterPerfTest_perf.perf/124 (587 ms)
[ RUN      ] GuidedFilterPerfTest_perf.perf/125, where GetParam() = (CV_32FC3, CV_32FC3, 2048x2048, 0.5)
[ PERFSTAT ]    (samples=3   mean=104.06   median=103.36   min=101.95   stddev=2.54 (2.4%))
[       OK ] GuidedFilterPerfTest_perf.perf/125 (361 ms)
[ RUN      ] GuidedFilterPerfTest_perf.perf/126, where GetParam() = (CV_32FC3, CV_32FC3, 2048x2048, 0.333333)
[ PERFSTAT ]    (samples=3   mean=72.27   median=69.82   min=67.15   stddev=6.68 (9.2%))
[       OK ] GuidedFilterPerfTest_perf.perf/126 (267 ms)
[ RUN      ] GuidedFilterPerfTest_perf.perf/127, where GetParam() = (CV_32FC3, CV_32FC3, 2048x2048, 0.25)
[ PERFSTAT ]    (samples=3   mean=89.66   median=83.56   min=79.97   stddev=13.80 (15.4%))
[       OK ] GuidedFilterPerfTest_perf.perf/127 (336 ms)
[----------] 128 tests from GuidedFilterPerfTest_perf (26488 ms total)

[----------] 64 tests from JointBilateralFilterTest_perf
[ RUN      ] JointBilateralFilterTest_perf.perf/0, where GetParam() = (4, 640x480, 8UC1, 1, 1)
[ PERFSTAT ]    (samples=1   mean=2.17   median=2.17   min=2.17   stddev=0.00 (0.0%))
[       OK ] JointBilateralFilterTest_perf.perf/0 (2 ms)
[ RUN      ] JointBilateralFilterTest_perf.perf/1, where GetParam() = (4, 640x480, 8UC1, 1, 3)
[ PERFSTAT ]    (samples=1   mean=3.63   median=3.63   min=3.63   stddev=0.00 (0.0%))
[       OK ] JointBilateralFilterTest_perf.perf/1 (7 ms)
[ RUN      ] JointBilateralFilterTest_perf.perf/2, where GetParam() = (4, 640x480, 8UC1, 3, 1)
[ PERFSTAT ]    (samples=1   mean=4.25   median=4.25   min=4.25   stddev=0.00 (0.0%))
[       OK ] JointBilateralFilterTest_perf.perf/2 (5 ms)
[ RUN      ] JointBilateralFilterTest_perf.perf/3, where GetParam() = (4, 640x480, 8UC1, 3, 3)
[ PERFSTAT ]    (samples=1   mean=6.26   median=6.26   min=6.26   stddev=0.00 (0.0%))
[       OK ] JointBilateralFilterTest_perf.perf/3 (11 ms)
[ RUN      ] JointBilateralFilterTest_perf.perf/4, where GetParam() = (4, 640x480, 32FC1, 1, 1)
[ PERFSTAT ]    (samples=1   mean=4.35   median=4.35   min=4.35   stddev=0.00 (0.0%))
[       OK ] JointBilateralFilterTest_perf.perf/4 (6 ms)
[ RUN      ] JointBilateralFilterTest_perf.perf/5, where GetParam() = (4, 640x480, 32FC1, 1, 3)
[ PERFSTAT ]    (samples=1   mean=6.99   median=6.99   min=6.99   stddev=0.00 (0.0%))
[       OK ] JointBilateralFilterTest_perf.perf/5 (12 ms)
[ RUN      ] JointBilateralFilterTest_perf.perf/6, where GetParam() = (4, 640x480, 32FC1, 3, 1)
[ PERFSTAT ]    (samples=1   mean=6.84   median=6.84   min=6.84   stddev=0.00 (0.0%))
[       OK ] JointBilateralFilterTest_perf.perf/6 (9 ms)
[ RUN      ] JointBilateralFilterTest_perf.perf/7, where GetParam() = (4, 640x480, 32FC1, 3, 3)
[ PERFSTAT ]    (samples=1   mean=8.69   median=8.69   min=8.69   stddev=0.00 (0.0%))
[       OK ] JointBilateralFilterTest_perf.perf/7 (17 ms)
[ RUN      ] JointBilateralFilterTest_perf.perf/8, where GetParam() = (4, 960x540, 8UC1, 1, 1)
[ PERFSTAT ]    (samples=1   mean=3.55   median=3.55   min=3.55   stddev=0.00 (0.0%))
[       OK ] JointBilateralFilterTest_perf.perf/8 (6 ms)
[ RUN      ] JointBilateralFilterTest_perf.perf/9, where GetParam() = (4, 960x540, 8UC1, 1, 3)
[ PERFSTAT ]    (samples=1   mean=5.21   median=5.21   min=5.21   stddev=0.00 (0.0%))
[       OK ] JointBilateralFilterTest_perf.perf/9 (11 ms)
[ RUN      ] JointBilateralFilterTest_perf.perf/10, where GetParam() = (4, 960x540, 8UC1, 3, 1)
[ PERFSTAT ]    (samples=1   mean=6.18   median=6.18   min=6.18   stddev=0.00 (0.0%))
[       OK ] JointBilateralFilterTest_perf.perf/10 (8 ms)
[ RUN      ] JointBilateralFilterTest_perf.perf/11, where GetParam() = (4, 960x540, 8UC1, 3, 3)
[ PERFSTAT ]    (samples=1   mean=7.48   median=7.48   min=7.48   stddev=0.00 (0.0%))
[       OK ] JointBilateralFilterTest_perf.perf/11 (15 ms)
[ RUN      ] JointBilateralFilterTest_perf.perf/12, where GetParam() = (4, 960x540, 32FC1, 1, 1)
[ PERFSTAT ]    (samples=1   mean=7.71   median=7.71   min=7.71   stddev=0.00 (0.0%))
[       OK ] JointBilateralFilterTest_perf.perf/12 (10 ms)
[ RUN      ] JointBilateralFilterTest_perf.perf/13, where GetParam() = (4, 960x540, 32FC1, 1, 3)
[ PERFSTAT ]    (samples=1   mean=10.17   median=10.17   min=10.17   stddev=0.00 (0.0%))
[       OK ] JointBilateralFilterTest_perf.perf/13 (19 ms)
[ RUN      ] JointBilateralFilterTest_perf.perf/14, where GetParam() = (4, 960x540, 32FC1, 3, 1)
[ PERFSTAT ]    (samples=1   mean=10.64   median=10.64   min=10.64   stddev=0.00 (0.0%))
[       OK ] JointBilateralFilterTest_perf.perf/14 (15 ms)
[ RUN      ] JointBilateralFilterTest_perf.perf/15, where GetParam() = (4, 960x540, 32FC1, 3, 3)
[ PERFSTAT ]    (samples=1   mean=13.15   median=13.15   min=13.15   stddev=0.00 (0.0%))
[       OK ] JointBilateralFilterTest_perf.perf/15 (26 ms)
[ RUN      ] JointBilateralFilterTest_perf.perf/16, where GetParam() = (4, 1280x720, 8UC1, 1, 1)
[ PERFSTAT ]    (samples=1   mean=5.93   median=5.93   min=5.93   stddev=0.00 (0.0%))
[       OK ] JointBilateralFilterTest_perf.perf/16 (9 ms)
[ RUN      ] JointBilateralFilterTest_perf.perf/17, where GetParam() = (4, 1280x720, 8UC1, 1, 3)
[ PERFSTAT ]    (samples=1   mean=8.99   median=8.99   min=8.99   stddev=0.00 (0.0%))
[       OK ] JointBilateralFilterTest_perf.perf/17 (20 ms)
[ RUN      ] JointBilateralFilterTest_perf.perf/18, where GetParam() = (4, 1280x720, 8UC1, 3, 1)
[ PERFSTAT ]    (samples=1   mean=10.87   median=10.87   min=10.87   stddev=0.00 (0.0%))
[       OK ] JointBilateralFilterTest_perf.perf/18 (13 ms)
[ RUN      ] JointBilateralFilterTest_perf.perf/19, where GetParam() = (4, 1280x720, 8UC1, 3, 3)
[ PERFSTAT ]    (samples=1   mean=13.27   median=13.27   min=13.27   stddev=0.00 (0.0%))
[       OK ] JointBilateralFilterTest_perf.perf/19 (27 ms)
[ RUN      ] JointBilateralFilterTest_perf.perf/20, where GetParam() = (4, 1280x720, 32FC1, 1, 1)
[ PERFSTAT ]    (samples=1   mean=15.64   median=15.64   min=15.64   stddev=0.00 (0.0%))
[       OK ] JointBilateralFilterTest_perf.perf/20 (21 ms)
[ RUN      ] JointBilateralFilterTest_perf.perf/21, where GetParam() = (4, 1280x720, 32FC1, 1, 3)
[ PERFSTAT ]    (samples=1   mean=21.07   median=21.07   min=21.07   stddev=0.00 (0.0%))
[       OK ] JointBilateralFilterTest_perf.perf/21 (38 ms)
[ RUN      ] JointBilateralFilterTest_perf.perf/22, where GetParam() = (4, 1280x720, 32FC1, 3, 1)
[ PERFSTAT ]    (samples=1   mean=19.54   median=19.54   min=19.54   stddev=0.00 (0.0%))
[       OK ] JointBilateralFilterTest_perf.perf/22 (29 ms)
[ RUN      ] JointBilateralFilterTest_perf.perf/23, where GetParam() = (4, 1280x720, 32FC1, 3, 3)
[ PERFSTAT ]    (samples=1   mean=25.16   median=25.16   min=25.16   stddev=0.00 (0.0%))
[       OK ] JointBilateralFilterTest_perf.perf/23 (39 ms)
[ RUN      ] JointBilateralFilterTest_perf.perf/24, where GetParam() = (4, 127x61, 8UC1, 1, 1)
[ PERFSTAT ]    (samples=1   mean=0.12   median=0.12   min=0.12   stddev=0.00 (0.0%))
[       OK ] JointBilateralFilterTest_perf.perf/24 (0 ms)
[ RUN      ] JointBilateralFilterTest_perf.perf/25, where GetParam() = (4, 127x61, 8UC1, 1, 3)
[ PERFSTAT ]    (samples=1   mean=0.14   median=0.14   min=0.14   stddev=0.00 (0.0%))
[       OK ] JointBilateralFilterTest_perf.perf/25 (0 ms)
[ RUN      ] JointBilateralFilterTest_perf.perf/26, where GetParam() = (4, 127x61, 8UC1, 3, 1)
[ PERFSTAT ]    (samples=1   mean=0.19   median=0.19   min=0.19   stddev=0.00 (0.0%))
[       OK ] JointBilateralFilterTest_perf.perf/26 (1 ms)
[ RUN      ] JointBilateralFilterTest_perf.perf/27, where GetParam() = (4, 127x61, 8UC1, 3, 3)
[ PERFSTAT ]    (samples=1   mean=0.19   median=0.19   min=0.19   stddev=0.00 (0.0%))
[       OK ] JointBilateralFilterTest_perf.perf/27 (0 ms)
[ RUN      ] JointBilateralFilterTest_perf.perf/28, where GetParam() = (4, 127x61, 32FC1, 1, 1)
[ PERFSTAT ]    (samples=1   mean=0.24   median=0.24   min=0.24   stddev=0.00 (0.0%))
[       OK ] JointBilateralFilterTest_perf.perf/28 (0 ms)
[ RUN      ] JointBilateralFilterTest_perf.perf/29, where GetParam() = (4, 127x61, 32FC1, 1, 3)
[ PERFSTAT ]    (samples=1   mean=0.33   median=0.33   min=0.33   stddev=0.00 (0.0%))
[       OK ] JointBilateralFilterTest_perf.perf/29 (1 ms)
[ RUN      ] JointBilateralFilterTest_perf.perf/30, where GetParam() = (4, 127x61, 32FC1, 3, 1)
[ PERFSTAT ]    (samples=1   mean=0.49   median=0.49   min=0.49   stddev=0.00 (0.0%))
[       OK ] JointBilateralFilterTest_perf.perf/30 (0 ms)
[ RUN      ] JointBilateralFilterTest_perf.perf/31, where GetParam() = (4, 127x61, 32FC1, 3, 3)
[ PERFSTAT ]    (samples=1   mean=0.58   median=0.58   min=0.58   stddev=0.00 (0.0%))
[       OK ] JointBilateralFilterTest_perf.perf/31 (1 ms)
[ RUN      ] JointBilateralFilterTest_perf.perf/32, where GetParam() = (10, 640x480, 8UC1, 1, 1)
[ PERFSTAT ]    (samples=1   mean=10.73   median=10.73   min=10.73   stddev=0.00 (0.0%))
[       OK ] JointBilateralFilterTest_perf.perf/32 (12 ms)
[ RUN      ] JointBilateralFilterTest_perf.perf/33, where GetParam() = (10, 640x480, 8UC1, 1, 3)
[ PERFSTAT ]    (samples=1   mean=17.65   median=17.65   min=17.65   stddev=0.00 (0.0%))
[       OK ] JointBilateralFilterTest_perf.perf/33 (20 ms)
[ RUN      ] JointBilateralFilterTest_perf.perf/34, where GetParam() = (10, 640x480, 8UC1, 3, 1)
[ PERFSTAT ]    (samples=1   mean=21.96   median=21.96   min=21.96   stddev=0.00 (0.0%))
[       OK ] JointBilateralFilterTest_perf.perf/34 (23 ms)
[ RUN      ] JointBilateralFilterTest_perf.perf/35, where GetParam() = (10, 640x480, 8UC1, 3, 3)
[ PERFSTAT ]    (samples=1   mean=25.60   median=25.60   min=25.60   stddev=0.00 (0.0%))
[       OK ] JointBilateralFilterTest_perf.perf/35 (30 ms)
[ RUN      ] JointBilateralFilterTest_perf.perf/36, where GetParam() = (10, 640x480, 32FC1, 1, 1)
[ PERFSTAT ]    (samples=1   mean=26.20   median=26.20   min=26.20   stddev=0.00 (0.0%))
[       OK ] JointBilateralFilterTest_perf.perf/36 (29 ms)
[ RUN      ] JointBilateralFilterTest_perf.perf/37, where GetParam() = (10, 640x480, 32FC1, 1, 3)
[ PERFSTAT ]    (samples=1   mean=30.84   median=30.84   min=30.84   stddev=0.00 (0.0%))
[       OK ] JointBilateralFilterTest_perf.perf/37 (36 ms)
[ RUN      ] JointBilateralFilterTest_perf.perf/38, where GetParam() = (10, 640x480, 32FC1, 3, 1)
[ PERFSTAT ]    (samples=1   mean=29.69   median=29.69   min=29.69   stddev=0.00 (0.0%))
[       OK ] JointBilateralFilterTest_perf.perf/38 (31 ms)
[ RUN      ] JointBilateralFilterTest_perf.perf/39, where GetParam() = (10, 640x480, 32FC1, 3, 3)
[ PERFSTAT ]    (samples=1   mean=37.19   median=37.19   min=37.19   stddev=0.00 (0.0%))
[       OK ] JointBilateralFilterTest_perf.perf/39 (45 ms)
[ RUN      ] JointBilateralFilterTest_perf.perf/40, where GetParam() = (10, 960x540, 8UC1, 1, 1)
[ PERFSTAT ]    (samples=1   mean=17.50   median=17.50   min=17.50   stddev=0.00 (0.0%))
[       OK ] JointBilateralFilterTest_perf.perf/40 (20 ms)
[ RUN      ] JointBilateralFilterTest_perf.perf/41, where GetParam() = (10, 960x540, 8UC1, 1, 3)
[ PERFSTAT ]    (samples=1   mean=29.74   median=29.74   min=29.74   stddev=0.00 (0.0%))
[       OK ] JointBilateralFilterTest_perf.perf/41 (36 ms)
[ RUN      ] JointBilateralFilterTest_perf.perf/42, where GetParam() = (10, 960x540, 8UC1, 3, 1)
[ PERFSTAT ]    (samples=1   mean=37.20   median=37.20   min=37.20   stddev=0.00 (0.0%))
[       OK ] JointBilateralFilterTest_perf.perf/42 (39 ms)
[ RUN      ] JointBilateralFilterTest_perf.perf/43, where GetParam() = (10, 960x540, 8UC1, 3, 3)
[ PERFSTAT ]    (samples=1   mean=43.20   median=43.20   min=43.20   stddev=0.00 (0.0%))
[       OK ] JointBilateralFilterTest_perf.perf/43 (52 ms)
[ RUN      ] JointBilateralFilterTest_perf.perf/44, where GetParam() = (10, 960x540, 32FC1, 1, 1)
[ PERFSTAT ]    (samples=1   mean=47.17   median=47.17   min=47.17   stddev=0.00 (0.0%))
[       OK ] JointBilateralFilterTest_perf.perf/44 (49 ms)
[ RUN      ] JointBilateralFilterTest_perf.perf/45, where GetParam() = (10, 960x540, 32FC1, 1, 3)
[ PERFSTAT ]    (samples=1   mean=55.89   median=55.89   min=55.89   stddev=0.00 (0.0%))
[       OK ] JointBilateralFilterTest_perf.perf/45 (66 ms)
[ RUN      ] JointBilateralFilterTest_perf.perf/46, where GetParam() = (10, 960x540, 32FC1, 3, 1)
[ PERFSTAT ]    (samples=1   mean=51.08   median=51.08   min=51.08   stddev=0.00 (0.0%))
[       OK ] JointBilateralFilterTest_perf.perf/46 (54 ms)
[ RUN      ] JointBilateralFilterTest_perf.perf/47, where GetParam() = (10, 960x540, 32FC1, 3, 3)
[ PERFSTAT ]    (samples=1   mean=63.56   median=63.56   min=63.56   stddev=0.00 (0.0%))
[       OK ] JointBilateralFilterTest_perf.perf/47 (77 ms)
[ RUN      ] JointBilateralFilterTest_perf.perf/48, where GetParam() = (10, 1280x720, 8UC1, 1, 1)
[ PERFSTAT ]    (samples=1   mean=30.79   median=30.79   min=30.79   stddev=0.00 (0.0%))
[       OK ] JointBilateralFilterTest_perf.perf/48 (34 ms)
[ RUN      ] JointBilateralFilterTest_perf.perf/49, where GetParam() = (10, 1280x720, 8UC1, 1, 3)
[ PERFSTAT ]    (samples=1   mean=65.84   median=65.84   min=65.84   stddev=0.00 (0.0%))
[       OK ] JointBilateralFilterTest_perf.perf/49 (78 ms)
[ RUN      ] JointBilateralFilterTest_perf.perf/50, where GetParam() = (10, 1280x720, 8UC1, 3, 1)
[ PERFSTAT ]    (samples=1   mean=82.63   median=82.63   min=82.63   stddev=0.00 (0.0%))
[       OK ] JointBilateralFilterTest_perf.perf/50 (85 ms)
[ RUN      ] JointBilateralFilterTest_perf.perf/51, where GetParam() = (10, 1280x720, 8UC1, 3, 3)
[ PERFSTAT ]    (samples=1   mean=77.79   median=77.79   min=77.79   stddev=0.00 (0.0%))
[       OK ] JointBilateralFilterTest_perf.perf/51 (94 ms)
[ RUN      ] JointBilateralFilterTest_perf.perf/52, where GetParam() = (10, 1280x720, 32FC1, 1, 1)
[ PERFSTAT ]    (samples=1   mean=91.38   median=91.38   min=91.38   stddev=0.00 (0.0%))
[       OK ] JointBilateralFilterTest_perf.perf/52 (97 ms)
[ RUN      ] JointBilateralFilterTest_perf.perf/53, where GetParam() = (10, 1280x720, 32FC1, 1, 3)
[ PERFSTAT ]    (samples=1   mean=110.47   median=110.47   min=110.47   stddev=0.00 (0.0%))
[       OK ] JointBilateralFilterTest_perf.perf/53 (127 ms)
[ RUN      ] JointBilateralFilterTest_perf.perf/54, where GetParam() = (10, 1280x720, 32FC1, 3, 1)
[ PERFSTAT ]    (samples=1   mean=101.59   median=101.59   min=101.59   stddev=0.00 (0.0%))
[       OK ] JointBilateralFilterTest_perf.perf/54 (113 ms)
[ RUN      ] JointBilateralFilterTest_perf.perf/55, where GetParam() = (10, 1280x720, 32FC1, 3, 3)
[ PERFSTAT ]    (samples=1   mean=124.33   median=124.33   min=124.33   stddev=0.00 (0.0%))
[       OK ] JointBilateralFilterTest_perf.perf/55 (140 ms)
[ RUN      ] JointBilateralFilterTest_perf.perf/56, where GetParam() = (10, 127x61, 8UC1, 1, 1)
[ PERFSTAT ]    (samples=1   mean=0.64   median=0.64   min=0.64   stddev=0.00 (0.0%))
[       OK ] JointBilateralFilterTest_perf.perf/56 (1 ms)
[ RUN      ] JointBilateralFilterTest_perf.perf/57, where GetParam() = (10, 127x61, 8UC1, 1, 3)
[ PERFSTAT ]    (samples=1   mean=0.78   median=0.78   min=0.78   stddev=0.00 (0.0%))
[       OK ] JointBilateralFilterTest_perf.perf/57 (1 ms)
[ RUN      ] JointBilateralFilterTest_perf.perf/58, where GetParam() = (10, 127x61, 8UC1, 3, 1)
[ PERFSTAT ]    (samples=1   mean=0.78   median=0.78   min=0.78   stddev=0.00 (0.0%))
[       OK ] JointBilateralFilterTest_perf.perf/58 (1 ms)
[ RUN      ] JointBilateralFilterTest_perf.perf/59, where GetParam() = (10, 127x61, 8UC1, 3, 3)
[ PERFSTAT ]    (samples=1   mean=0.90   median=0.90   min=0.90   stddev=0.00 (0.0%))
[       OK ] JointBilateralFilterTest_perf.perf/59 (1 ms)
[ RUN      ] JointBilateralFilterTest_perf.perf/60, where GetParam() = (10, 127x61, 32FC1, 1, 1)
[ PERFSTAT ]    (samples=1   mean=1.16   median=1.16   min=1.16   stddev=0.00 (0.0%))
[       OK ] JointBilateralFilterTest_perf.perf/60 (1 ms)
[ RUN      ] JointBilateralFilterTest_perf.perf/61, where GetParam() = (10, 127x61, 32FC1, 1, 3)
[ PERFSTAT ]    (samples=1   mean=1.40   median=1.40   min=1.40   stddev=0.00 (0.0%))
[       OK ] JointBilateralFilterTest_perf.perf/61 (2 ms)
[ RUN      ] JointBilateralFilterTest_perf.perf/62, where GetParam() = (10, 127x61, 32FC1, 3, 1)
[ PERFSTAT ]    (samples=1   mean=1.44   median=1.44   min=1.44   stddev=0.00 (0.0%))
[       OK ] JointBilateralFilterTest_perf.perf/62 (1 ms)
[ RUN      ] JointBilateralFilterTest_perf.perf/63, where GetParam() = (10, 127x61, 32FC1, 3, 3)
[ PERFSTAT ]    (samples=1   mean=1.67   median=1.67   min=1.67   stddev=0.00 (0.0%))
[       OK ] JointBilateralFilterTest_perf.perf/63 (2 ms)
[----------] 64 tests from JointBilateralFilterTest_perf (1778 ms total)

[----------] 32 tests from L0SmoothTest_perf
[ RUN      ] L0SmoothTest_perf.perf/0, where GetParam() = (640x480, 8UC1, 1)
[ PERFSTAT ]    (samples=1   mean=159.74   median=159.74   min=159.74   stddev=0.00 (0.0%))
[       OK ] L0SmoothTest_perf.perf/0 (160 ms)
[ RUN      ] L0SmoothTest_perf.perf/1, where GetParam() = (640x480, 8UC1, 3)
[ PERFSTAT ]    (samples=1   mean=464.74   median=464.74   min=464.74   stddev=0.00 (0.0%))
[       OK ] L0SmoothTest_perf.perf/1 (466 ms)
[ RUN      ] L0SmoothTest_perf.perf/2, where GetParam() = (640x480, 16UC1, 1)
[ PERFSTAT ]    (samples=1   mean=206.24   median=206.24   min=206.24   stddev=0.00 (0.0%))
[       OK ] L0SmoothTest_perf.perf/2 (207 ms)
[ RUN      ] L0SmoothTest_perf.perf/3, where GetParam() = (640x480, 16UC1, 3)
[ PERFSTAT ]    (samples=1   mean=985.32   median=985.32   min=985.32   stddev=0.00 (0.0%))
[       OK ] L0SmoothTest_perf.perf/3 (986 ms)
[ RUN      ] L0SmoothTest_perf.perf/4, where GetParam() = (640x480, 32FC1, 1)
[ PERFSTAT ]    (samples=1   mean=175.94   median=175.94   min=175.94   stddev=0.00 (0.0%))
[       OK ] L0SmoothTest_perf.perf/4 (177 ms)
[ RUN      ] L0SmoothTest_perf.perf/5, where GetParam() = (640x480, 32FC1, 3)
[ PERFSTAT ]    (samples=1   mean=621.21   median=621.21   min=621.21   stddev=0.00 (0.0%))
[       OK ] L0SmoothTest_perf.perf/5 (623 ms)
[ RUN      ] L0SmoothTest_perf.perf/6, where GetParam() = (640x480, 64FC1, 1)
[ PERFSTAT ]    (samples=1   mean=136.70   median=136.70   min=136.70   stddev=0.00 (0.0%))
[       OK ] L0SmoothTest_perf.perf/6 (138 ms)
[ RUN      ] L0SmoothTest_perf.perf/7, where GetParam() = (640x480, 64FC1, 3)
[ PERFSTAT ]    (samples=1   mean=359.55   median=359.55   min=359.55   stddev=0.00 (0.0%))
[       OK ] L0SmoothTest_perf.perf/7 (362 ms)
[ RUN      ] L0SmoothTest_perf.perf/8, where GetParam() = (960x540, 8UC1, 1)
[ PERFSTAT ]    (samples=1   mean=250.57   median=250.57   min=250.57   stddev=0.00 (0.0%))
[       OK ] L0SmoothTest_perf.perf/8 (251 ms)
[ RUN      ] L0SmoothTest_perf.perf/9, where GetParam() = (960x540, 8UC1, 3)
[ PERFSTAT ]    (samples=1   mean=899.26   median=899.26   min=899.26   stddev=0.00 (0.0%))
[       OK ] L0SmoothTest_perf.perf/9 (901 ms)
[ RUN      ] L0SmoothTest_perf.perf/10, where GetParam() = (960x540, 16UC1, 1)
[ PERFSTAT ]    (samples=1   mean=301.26   median=301.26   min=301.26   stddev=0.00 (0.0%))
[       OK ] L0SmoothTest_perf.perf/10 (302 ms)
[ RUN      ] L0SmoothTest_perf.perf/11, where GetParam() = (960x540, 16UC1, 3)
[ PERFSTAT ]    (samples=1   mean=1420.51   median=1420.51   min=1420.51   stddev=0.00 (0.0%))
[       OK ] L0SmoothTest_perf.perf/11 (1427 ms)
[ RUN      ] L0SmoothTest_perf.perf/12, where GetParam() = (960x540, 32FC1, 1)
[ PERFSTAT ]    (samples=1   mean=295.65   median=295.65   min=295.65   stddev=0.00 (0.0%))
[       OK ] L0SmoothTest_perf.perf/12 (297 ms)
[ RUN      ] L0SmoothTest_perf.perf/13, where GetParam() = (960x540, 32FC1, 3)
[ PERFSTAT ]    (samples=1   mean=1190.76   median=1190.76   min=1190.76   stddev=0.00 (0.0%))
[       OK ] L0SmoothTest_perf.perf/13 (1194 ms)
[ RUN      ] L0SmoothTest_perf.perf/14, where GetParam() = (960x540, 64FC1, 1)
[ PERFSTAT ]    (samples=1   mean=2055.94   median=2055.94   min=2055.94   stddev=0.00 (0.0%))
[       OK ] L0SmoothTest_perf.perf/14 (2057 ms)
[ RUN      ] L0SmoothTest_perf.perf/15, where GetParam() = (960x540, 64FC1, 3)
[ PERFSTAT ]    (samples=1   mean=757.09   median=757.09   min=757.09   stddev=0.00 (0.0%))
[       OK ] L0SmoothTest_perf.perf/15 (771 ms)
[ RUN      ] L0SmoothTest_perf.perf/16, where GetParam() = (1280x720, 8UC1, 1)
[ PERFSTAT ]    (samples=1   mean=940.38   median=940.38   min=940.38   stddev=0.00 (0.0%))
[       OK ] L0SmoothTest_perf.perf/16 (942 ms)
[ RUN      ] L0SmoothTest_perf.perf/17, where GetParam() = (1280x720, 8UC1, 3)
[ PERFSTAT ]    (samples=1   mean=8242.96   median=8242.96   min=8242.96   stddev=0.00 (0.0%))
[       OK ] L0SmoothTest_perf.perf/17 (8245 ms)
[ RUN      ] L0SmoothTest_perf.perf/18, where GetParam() = (1280x720, 16UC1, 1)
[ PERFSTAT ]    (samples=1   mean=3239.39   median=3239.39   min=3239.39   stddev=0.00 (0.0%))
[       OK ] L0SmoothTest_perf.perf/18 (3241 ms)
[ RUN      ] L0SmoothTest_perf.perf/19, where GetParam() = (1280x720, 16UC1, 3)
[ PERFSTAT ]    (samples=1   mean=1118.16   median=1118.16   min=1118.16   stddev=0.00 (0.0%))
[       OK ] L0SmoothTest_perf.perf/19 (1123 ms)
[ RUN      ] L0SmoothTest_perf.perf/20, where GetParam() = (1280x720, 32FC1, 1)
[ PERFSTAT ]    (samples=1   mean=1415.60   median=1415.60   min=1415.60   stddev=0.00 (0.0%))
[       OK ] L0SmoothTest_perf.perf/20 (1418 ms)
[ RUN      ] L0SmoothTest_perf.perf/21, where GetParam() = (1280x720, 32FC1, 3)
[ PERFSTAT ]    (samples=1   mean=1162.42   median=1162.42   min=1162.42   stddev=0.00 (0.0%))
[       OK ] L0SmoothTest_perf.perf/21 (1171 ms)
[ RUN      ] L0SmoothTest_perf.perf/22, where GetParam() = (1280x720, 64FC1, 1)
[ PERFSTAT ]    (samples=1   mean=460.92   median=460.92   min=460.92   stddev=0.00 (0.0%))
[       OK ] L0SmoothTest_perf.perf/22 (464 ms)
[ RUN      ] L0SmoothTest_perf.perf/23, where GetParam() = (1280x720, 64FC1, 3)
[ PERFSTAT ]    (samples=1   mean=2422.56   median=2422.56   min=2422.56   stddev=0.00 (0.0%))
[       OK ] L0SmoothTest_perf.perf/23 (2430 ms)
[ RUN      ] L0SmoothTest_perf.perf/24, where GetParam() = (127x61, 8UC1, 1)
[ PERFSTAT ]    (samples=1   mean=7.10   median=7.10   min=7.10   stddev=0.00 (0.0%))
[       OK ] L0SmoothTest_perf.perf/24 (7 ms)
[ RUN      ] L0SmoothTest_perf.perf/25, where GetParam() = (127x61, 8UC1, 3)
[ PERFSTAT ]    (samples=1   mean=10.15   median=10.15   min=10.15   stddev=0.00 (0.0%))
[       OK ] L0SmoothTest_perf.perf/25 (10 ms)
[ RUN      ] L0SmoothTest_perf.perf/26, where GetParam() = (127x61, 16UC1, 1)
[ PERFSTAT ]    (samples=1   mean=6.12   median=6.12   min=6.12   stddev=0.00 (0.0%))
[       OK ] L0SmoothTest_perf.perf/26 (6 ms)
[ RUN      ] L0SmoothTest_perf.perf/27, where GetParam() = (127x61, 16UC1, 3)
[ PERFSTAT ]    (samples=1   mean=14.18   median=14.18   min=14.18   stddev=0.00 (0.0%))
[       OK ] L0SmoothTest_perf.perf/27 (14 ms)
[ RUN      ] L0SmoothTest_perf.perf/28, where GetParam() = (127x61, 32FC1, 1)
[ PERFSTAT ]    (samples=1   mean=5.15   median=5.15   min=5.15   stddev=0.00 (0.0%))
[       OK ] L0SmoothTest_perf.perf/28 (6 ms)
[ RUN      ] L0SmoothTest_perf.perf/29, where GetParam() = (127x61, 32FC1, 3)
[ PERFSTAT ]    (samples=1   mean=10.84   median=10.84   min=10.84   stddev=0.00 (0.0%))
[       OK ] L0SmoothTest_perf.perf/29 (11 ms)
[ RUN      ] L0SmoothTest_perf.perf/30, where GetParam() = (127x61, 64FC1, 1)
[ PERFSTAT ]    (samples=1   mean=19.30   median=19.30   min=19.30   stddev=0.00 (0.0%))
[       OK ] L0SmoothTest_perf.perf/30 (19 ms)
[ RUN      ] L0SmoothTest_perf.perf/31, where GetParam() = (127x61, 64FC1, 3)
[ PERFSTAT ]    (samples=1   mean=7.67   median=7.67   min=7.67   stddev=0.00 (0.0%))
[       OK ] L0SmoothTest_perf.perf/31 (8 ms)
[----------] 32 tests from L0SmoothTest_perf (29435 ms total)

[----------] 12 tests from RadonTransformPerfTest_perf
[ RUN      ] RadonTransformPerfTest_perf.perf/0, where GetParam() = (640x480, 8UC1)
[ PERFSTAT ]    (samples=13   mean=61.91   median=61.51   min=61.19   stddev=1.56 (2.5%))
[       OK ] RadonTransformPerfTest_perf.perf/0 (819 ms)
[ RUN      ] RadonTransformPerfTest_perf.perf/1, where GetParam() = (640x480, 32FC1)
[ PERFSTAT ]    (samples=10   mean=101.73   median=100.92   min=98.36   stddev=2.85 (2.8%))
[       OK ] RadonTransformPerfTest_perf.perf/1 (1018 ms)
[ RUN      ] RadonTransformPerfTest_perf.perf/2, where GetParam() = (640x480, 64FC1)
[ PERFSTAT ]    (samples=10   mean=137.39   median=137.66   min=134.68   stddev=1.63 (1.2%))
[       OK ] RadonTransformPerfTest_perf.perf/2 (1375 ms)
[ RUN      ] RadonTransformPerfTest_perf.perf/3, where GetParam() = (1280x720, 8UC1)
[ PERFSTAT ]    (samples=10   mean=120.43   median=121.32   min=117.09   stddev=2.13 (1.8%))
[       OK ] RadonTransformPerfTest_perf.perf/3 (1205 ms)
[ RUN      ] RadonTransformPerfTest_perf.perf/4, where GetParam() = (1280x720, 32FC1)
[ PERFSTAT ]    (samples=10   mean=232.50   median=231.80   min=227.63   stddev=3.28 (1.4%))
[       OK ] RadonTransformPerfTest_perf.perf/4 (2328 ms)
[ RUN      ] RadonTransformPerfTest_perf.perf/5, where GetParam() = (1280x720, 64FC1)
[ PERFSTAT ]    (samples=10   mean=486.51   median=487.08   min=457.99   stddev=12.28 (2.5%))
[       OK ] RadonTransformPerfTest_perf.perf/5 (4867 ms)
[ RUN      ] RadonTransformPerfTest_perf.perf/6, where GetParam() = (1920x1080, 8UC1)
[ PERFSTAT ]    (samples=10   mean=174.78   median=174.85   min=171.37   stddev=2.25 (1.3%))
[       OK ] RadonTransformPerfTest_perf.perf/6 (1749 ms)
[ RUN      ] RadonTransformPerfTest_perf.perf/7, where GetParam() = (1920x1080, 32FC1)
[ PERFSTAT ]    (samples=10   mean=654.25   median=655.64   min=643.07   stddev=5.00 (0.8%))
[       OK ] RadonTransformPerfTest_perf.perf/7 (6553 ms)
[ RUN      ] RadonTransformPerfTest_perf.perf/8, where GetParam() = (1920x1080, 64FC1)
.
.
.
.
.
.
[ PERFSTAT ]    (samples=100   mean=656.98   median=653.31   min=605.71   stddev=29.92 (4.6%))
[       OK ] RadonTransformPerfTest_perf.perf/8 (66447 ms)
[ RUN      ] RadonTransformPerfTest_perf.perf/9, where GetParam() = (127x61, 8UC1)
[ PERFSTAT ]    (samples=100   mean=26.49   median=27.57   min=22.32   stddev=1.76 (6.6%))
[       OK ] RadonTransformPerfTest_perf.perf/9 (2665 ms)
[ RUN      ] RadonTransformPerfTest_perf.perf/10, where GetParam() = (127x61, 32FC1)
[ PERFSTAT ]    (samples=10   mean=58.50   median=58.57   min=58.09   stddev=0.28 (0.5%))
[       OK ] RadonTransformPerfTest_perf.perf/10 (586 ms)
[ RUN      ] RadonTransformPerfTest_perf.perf/11, where GetParam() = (127x61, 64FC1)
[ PERFSTAT ]    (samples=100   mean=87.72   median=94.38   min=49.76   stddev=12.59 (14.3%))
[       OK ] RadonTransformPerfTest_perf.perf/11 (8837 ms)
[----------] 12 tests from RadonTransformPerfTest_perf (98450 ms total)

[----------] 4 tests from RidgeDetectionFilterPerfTest_perf
[ RUN      ] RidgeDetectionFilterPerfTest_perf.perf/0, where GetParam() = (CV_32F, 3, 640x480)
[ PERFSTAT ]    (samples=67   mean=2.63   median=2.60   min=2.57   stddev=0.08 (3.0%))
[       OK ] RidgeDetectionFilterPerfTest_perf.perf/0 (186 ms)
[ RUN      ] RidgeDetectionFilterPerfTest_perf.perf/1, where GetParam() = (CV_32F, 3, 960x540)
[ PERFSTAT ]    (samples=13   mean=6.38   median=6.40   min=6.02   stddev=0.12 (1.9%))
[       OK ] RidgeDetectionFilterPerfTest_perf.perf/1 (84 ms)
[ RUN      ] RidgeDetectionFilterPerfTest_perf.perf/2, where GetParam() = (CV_32F, 3, 1280x720)
[ PERFSTAT ]    (samples=13   mean=12.85   median=12.85   min=12.78   stddev=0.04 (0.3%))
[       OK ] RidgeDetectionFilterPerfTest_perf.perf/2 (172 ms)
[ RUN      ] RidgeDetectionFilterPerfTest_perf.perf/3, where GetParam() = (CV_32F, 3, 127x61)
[ PERFSTAT ]    (samples=100   mean=0.05   median=0.04   min=0.04   stddev=0.00 (6.8%))
[       OK ] RidgeDetectionFilterPerfTest_perf.perf/3 (5 ms)
[----------] 4 tests from RidgeDetectionFilterPerfTest_perf (447 ms total)

[----------] 64 tests from RollingGuidanceFilterTest_perf
[ RUN      ] RollingGuidanceFilterTest_perf.perf/0, where GetParam() = (2, 640x480, 8UC1, 1)
[ PERFSTAT ]    (samples=1   mean=1.01   median=1.01   min=1.01   stddev=0.00 (0.0%))
[       OK ] RollingGuidanceFilterTest_perf.perf/0 (1 ms)
[ RUN      ] RollingGuidanceFilterTest_perf.perf/1, where GetParam() = (2, 640x480, 8UC1, 3)
[ PERFSTAT ]    (samples=1   mean=8.00   median=8.00   min=8.00   stddev=0.00 (0.0%))
[       OK ] RollingGuidanceFilterTest_perf.perf/1 (11 ms)
[ RUN      ] RollingGuidanceFilterTest_perf.perf/2, where GetParam() = (2, 640x480, 32FC1, 1)
[ PERFSTAT ]    (samples=1   mean=9.15   median=9.15   min=9.15   stddev=0.00 (0.0%))
[       OK ] RollingGuidanceFilterTest_perf.perf/2 (10 ms)
[ RUN      ] RollingGuidanceFilterTest_perf.perf/3, where GetParam() = (2, 640x480, 32FC1, 3)
[ PERFSTAT ]    (samples=1   mean=14.61   median=14.61   min=14.61   stddev=0.00 (0.0%))
[       OK ] RollingGuidanceFilterTest_perf.perf/3 (20 ms)
[ RUN      ] RollingGuidanceFilterTest_perf.perf/4, where GetParam() = (2, 960x540, 8UC1, 1)
[ PERFSTAT ]    (samples=1   mean=1.66   median=1.66   min=1.66   stddev=0.00 (0.0%))
[       OK ] RollingGuidanceFilterTest_perf.perf/4 (3 ms)
[ RUN      ] RollingGuidanceFilterTest_perf.perf/5, where GetParam() = (2, 960x540, 8UC1, 3)
[ PERFSTAT ]    (samples=1   mean=11.63   median=11.63   min=11.63   stddev=0.00 (0.0%))
[       OK ] RollingGuidanceFilterTest_perf.perf/5 (16 ms)
[ RUN      ] RollingGuidanceFilterTest_perf.perf/6, where GetParam() = (2, 960x540, 32FC1, 1)
[ PERFSTAT ]    (samples=1   mean=3.88   median=3.88   min=3.88   stddev=0.00 (0.0%))
[       OK ] RollingGuidanceFilterTest_perf.perf/6 (5 ms)
[ RUN      ] RollingGuidanceFilterTest_perf.perf/7, where GetParam() = (2, 960x540, 32FC1, 3)
[ PERFSTAT ]    (samples=1   mean=33.62   median=33.62   min=33.62   stddev=0.00 (0.0%))
[       OK ] RollingGuidanceFilterTest_perf.perf/7 (39 ms)
[ RUN      ] RollingGuidanceFilterTest_perf.perf/8, where GetParam() = (2, 1280x720, 8UC1, 1)
[ PERFSTAT ]    (samples=1   mean=7.04   median=7.04   min=7.04   stddev=0.00 (0.0%))
[       OK ] RollingGuidanceFilterTest_perf.perf/8 (9 ms)
[ RUN      ] RollingGuidanceFilterTest_perf.perf/9, where GetParam() = (2, 1280x720, 8UC1, 3)
[ PERFSTAT ]    (samples=1   mean=10.74   median=10.74   min=10.74   stddev=0.00 (0.0%))
[       OK ] RollingGuidanceFilterTest_perf.perf/9 (18 ms)
[ RUN      ] RollingGuidanceFilterTest_perf.perf/10, where GetParam() = (2, 1280x720, 32FC1, 1)
[ PERFSTAT ]    (samples=1   mean=18.48   median=18.48   min=18.48   stddev=0.00 (0.0%))
[       OK ] RollingGuidanceFilterTest_perf.perf/10 (21 ms)
[ RUN      ] RollingGuidanceFilterTest_perf.perf/11, where GetParam() = (2, 1280x720, 32FC1, 3)
[ PERFSTAT ]    (samples=1   mean=33.01   median=33.01   min=33.01   stddev=0.00 (0.0%))
[       OK ] RollingGuidanceFilterTest_perf.perf/11 (39 ms)
[ RUN      ] RollingGuidanceFilterTest_perf.perf/12, where GetParam() = (2, 127x61, 8UC1, 1)
[ PERFSTAT ]    (samples=1   mean=0.14   median=0.14   min=0.14   stddev=0.00 (0.0%))
[       OK ] RollingGuidanceFilterTest_perf.perf/12 (1 ms)
[ RUN      ] RollingGuidanceFilterTest_perf.perf/13, where GetParam() = (2, 127x61, 8UC1, 3)
[ PERFSTAT ]    (samples=1   mean=0.08   median=0.08   min=0.08   stddev=0.00 (0.0%))
[       OK ] RollingGuidanceFilterTest_perf.perf/13 (0 ms)
[ RUN      ] RollingGuidanceFilterTest_perf.perf/14, where GetParam() = (2, 127x61, 32FC1, 1)
[ PERFSTAT ]    (samples=1   mean=0.16   median=0.16   min=0.16   stddev=0.00 (0.0%))
[       OK ] RollingGuidanceFilterTest_perf.perf/14 (0 ms)
[ RUN      ] RollingGuidanceFilterTest_perf.perf/15, where GetParam() = (2, 127x61, 32FC1, 3)
[ PERFSTAT ]    (samples=1   mean=1.47   median=1.47   min=1.47   stddev=0.00 (0.0%))
[       OK ] RollingGuidanceFilterTest_perf.perf/15 (1 ms)
[ RUN      ] RollingGuidanceFilterTest_perf.perf/16, where GetParam() = (4, 640x480, 8UC1, 1)
[ PERFSTAT ]    (samples=1   mean=4.20   median=4.20   min=4.20   stddev=0.00 (0.0%))
[       OK ] RollingGuidanceFilterTest_perf.perf/16 (5 ms)
[ RUN      ] RollingGuidanceFilterTest_perf.perf/17, where GetParam() = (4, 640x480, 8UC1, 3)
[ PERFSTAT ]    (samples=1   mean=5.23   median=5.23   min=5.23   stddev=0.00 (0.0%))
[       OK ] RollingGuidanceFilterTest_perf.perf/17 (8 ms)
[ RUN      ] RollingGuidanceFilterTest_perf.perf/18, where GetParam() = (4, 640x480, 32FC1, 1)
[ PERFSTAT ]    (samples=1   mean=9.82   median=9.82   min=9.82   stddev=0.00 (0.0%))
[       OK ] RollingGuidanceFilterTest_perf.perf/18 (11 ms)
[ RUN      ] RollingGuidanceFilterTest_perf.perf/19, where GetParam() = (4, 640x480, 32FC1, 3)
[ PERFSTAT ]    (samples=1   mean=10.31   median=10.31   min=10.31   stddev=0.00 (0.0%))
[       OK ] RollingGuidanceFilterTest_perf.perf/19 (14 ms)
[ RUN      ] RollingGuidanceFilterTest_perf.perf/20, where GetParam() = (4, 960x540, 8UC1, 1)
[ PERFSTAT ]    (samples=1   mean=10.46   median=10.46   min=10.46   stddev=0.00 (0.0%))
[       OK ] RollingGuidanceFilterTest_perf.perf/20 (12 ms)
[ RUN      ] RollingGuidanceFilterTest_perf.perf/21, where GetParam() = (4, 960x540, 8UC1, 3)
[ PERFSTAT ]    (samples=1   mean=15.80   median=15.80   min=15.80   stddev=0.00 (0.0%))
[       OK ] RollingGuidanceFilterTest_perf.perf/21 (20 ms)
[ RUN      ] RollingGuidanceFilterTest_perf.perf/22, where GetParam() = (4, 960x540, 32FC1, 1)
[ PERFSTAT ]    (samples=1   mean=17.32   median=17.32   min=17.32   stddev=0.00 (0.0%))
[       OK ] RollingGuidanceFilterTest_perf.perf/22 (18 ms)
[ RUN      ] RollingGuidanceFilterTest_perf.perf/23, where GetParam() = (4, 960x540, 32FC1, 3)
[ PERFSTAT ]    (samples=1   mean=18.58   median=18.58   min=18.58   stddev=0.00 (0.0%))
[       OK ] RollingGuidanceFilterTest_perf.perf/23 (25 ms)
[ RUN      ] RollingGuidanceFilterTest_perf.perf/24, where GetParam() = (4, 1280x720, 8UC1, 1)
[ PERFSTAT ]    (samples=1   mean=6.26   median=6.26   min=6.26   stddev=0.00 (0.0%))
[       OK ] RollingGuidanceFilterTest_perf.perf/24 (8 ms)
[ RUN      ] RollingGuidanceFilterTest_perf.perf/25, where GetParam() = (4, 1280x720, 8UC1, 3)
[ PERFSTAT ]    (samples=1   mean=54.78   median=54.78   min=54.78   stddev=0.00 (0.0%))
[       OK ] RollingGuidanceFilterTest_perf.perf/25 (63 ms)
[ RUN      ] RollingGuidanceFilterTest_perf.perf/26, where GetParam() = (4, 1280x720, 32FC1, 1)
[ PERFSTAT ]    (samples=1   mean=69.01   median=69.01   min=69.01   stddev=0.00 (0.0%))
[       OK ] RollingGuidanceFilterTest_perf.perf/26 (71 ms)
[ RUN      ] RollingGuidanceFilterTest_perf.perf/27, where GetParam() = (4, 1280x720, 32FC1, 3)
[ PERFSTAT ]    (samples=1   mean=94.48   median=94.48   min=94.48   stddev=0.00 (0.0%))
[       OK ] RollingGuidanceFilterTest_perf.perf/27 (101 ms)
[ RUN      ] RollingGuidanceFilterTest_perf.perf/28, where GetParam() = (4, 127x61, 8UC1, 1)
[ PERFSTAT ]    (samples=1   mean=0.45   median=0.45   min=0.45   stddev=0.00 (0.0%))
[       OK ] RollingGuidanceFilterTest_perf.perf/28 (1 ms)
[ RUN      ] RollingGuidanceFilterTest_perf.perf/29, where GetParam() = (4, 127x61, 8UC1, 3)
[ PERFSTAT ]    (samples=1   mean=0.50   median=0.50   min=0.50   stddev=0.00 (0.0%))
[       OK ] RollingGuidanceFilterTest_perf.perf/29 (1 ms)
[ RUN      ] RollingGuidanceFilterTest_perf.perf/30, where GetParam() = (4, 127x61, 32FC1, 1)
[ PERFSTAT ]    (samples=1   mean=0.82   median=0.82   min=0.82   stddev=0.00 (0.0%))
[       OK ] RollingGuidanceFilterTest_perf.perf/30 (0 ms)
[ RUN      ] RollingGuidanceFilterTest_perf.perf/31, where GetParam() = (4, 127x61, 32FC1, 3)
[ PERFSTAT ]    (samples=1   mean=1.21   median=1.21   min=1.21   stddev=0.00 (0.0%))
[       OK ] RollingGuidanceFilterTest_perf.perf/31 (1 ms)
[ RUN      ] RollingGuidanceFilterTest_perf.perf/32, where GetParam() = (6, 640x480, 8UC1, 1)
[ PERFSTAT ]    (samples=1   mean=16.38   median=16.38   min=16.38   stddev=0.00 (0.0%))
[       OK ] RollingGuidanceFilterTest_perf.perf/32 (16 ms)
[ RUN      ] RollingGuidanceFilterTest_perf.perf/33, where GetParam() = (6, 640x480, 8UC1, 3)
[ PERFSTAT ]    (samples=1   mean=30.13   median=30.13   min=30.13   stddev=0.00 (0.0%))
[       OK ] RollingGuidanceFilterTest_perf.perf/33 (33 ms)
[ RUN      ] RollingGuidanceFilterTest_perf.perf/34, where GetParam() = (6, 640x480, 32FC1, 1)
[ PERFSTAT ]    (samples=1   mean=36.42   median=36.42   min=36.42   stddev=0.00 (0.0%))
[       OK ] RollingGuidanceFilterTest_perf.perf/34 (37 ms)
[ RUN      ] RollingGuidanceFilterTest_perf.perf/35, where GetParam() = (6, 640x480, 32FC1, 3)
[ PERFSTAT ]    (samples=1   mean=35.73   median=35.73   min=35.73   stddev=0.00 (0.0%))
[       OK ] RollingGuidanceFilterTest_perf.perf/35 (41 ms)
[ RUN      ] RollingGuidanceFilterTest_perf.perf/36, where GetParam() = (6, 960x540, 8UC1, 1)
[ PERFSTAT ]    (samples=1   mean=7.22   median=7.22   min=7.22   stddev=0.00 (0.0%))
[       OK ] RollingGuidanceFilterTest_perf.perf/36 (8 ms)
[ RUN      ] RollingGuidanceFilterTest_perf.perf/37, where GetParam() = (6, 960x540, 8UC1, 3)
[ PERFSTAT ]    (samples=1   mean=49.47   median=49.47   min=49.47   stddev=0.00 (0.0%))
[       OK ] RollingGuidanceFilterTest_perf.perf/37 (55 ms)
[ RUN      ] RollingGuidanceFilterTest_perf.perf/38, where GetParam() = (6, 960x540, 32FC1, 1)
[ PERFSTAT ]    (samples=1   mean=80.33   median=80.33   min=80.33   stddev=0.00 (0.0%))
[       OK ] RollingGuidanceFilterTest_perf.perf/38 (81 ms)
[ RUN      ] RollingGuidanceFilterTest_perf.perf/39, where GetParam() = (6, 960x540, 32FC1, 3)
[ PERFSTAT ]    (samples=1   mean=87.19   median=87.19   min=87.19   stddev=0.00 (0.0%))
[       OK ] RollingGuidanceFilterTest_perf.perf/39 (94 ms)
[ RUN      ] RollingGuidanceFilterTest_perf.perf/40, where GetParam() = (6, 1280x720, 8UC1, 1)
[ PERFSTAT ]    (samples=1   mean=36.21   median=36.21   min=36.21   stddev=0.00 (0.0%))
[       OK ] RollingGuidanceFilterTest_perf.perf/40 (37 ms)
[ RUN      ] RollingGuidanceFilterTest_perf.perf/41, where GetParam() = (6, 1280x720, 8UC1, 3)
[ PERFSTAT ]    (samples=1   mean=29.55   median=29.55   min=29.55   stddev=0.00 (0.0%))
[       OK ] RollingGuidanceFilterTest_perf.perf/41 (39 ms)
[ RUN      ] RollingGuidanceFilterTest_perf.perf/42, where GetParam() = (6, 1280x720, 32FC1, 1)
[ PERFSTAT ]    (samples=1   mean=62.76   median=62.76   min=62.76   stddev=0.00 (0.0%))
[       OK ] RollingGuidanceFilterTest_perf.perf/42 (65 ms)
[ RUN      ] RollingGuidanceFilterTest_perf.perf/43, where GetParam() = (6, 1280x720, 32FC1, 3)
[ PERFSTAT ]    (samples=1   mean=55.15   median=55.15   min=55.15   stddev=0.00 (0.0%))
[       OK ] RollingGuidanceFilterTest_perf.perf/43 (62 ms)
[ RUN      ] RollingGuidanceFilterTest_perf.perf/44, where GetParam() = (6, 127x61, 8UC1, 1)
[ PERFSTAT ]    (samples=1   mean=0.28   median=0.28   min=0.28   stddev=0.00 (0.0%))
[       OK ] RollingGuidanceFilterTest_perf.perf/44 (0 ms)
[ RUN      ] RollingGuidanceFilterTest_perf.perf/45, where GetParam() = (6, 127x61, 8UC1, 3)
[ PERFSTAT ]    (samples=1   mean=1.56   median=1.56   min=1.56   stddev=0.00 (0.0%))
[       OK ] RollingGuidanceFilterTest_perf.perf/45 (2 ms)
[ RUN      ] RollingGuidanceFilterTest_perf.perf/46, where GetParam() = (6, 127x61, 32FC1, 1)
[ PERFSTAT ]    (samples=1   mean=2.00   median=2.00   min=2.00   stddev=0.00 (0.0%))
[       OK ] RollingGuidanceFilterTest_perf.perf/46 (2 ms)
[ RUN      ] RollingGuidanceFilterTest_perf.perf/47, where GetParam() = (6, 127x61, 32FC1, 3)
[ PERFSTAT ]    (samples=1   mean=2.72   median=2.72   min=2.72   stddev=0.00 (0.0%))
[       OK ] RollingGuidanceFilterTest_perf.perf/47 (3 ms)
[ RUN      ] RollingGuidanceFilterTest_perf.perf/48, where GetParam() = (10, 640x480, 8UC1, 1)
[ PERFSTAT ]    (samples=1   mean=32.44   median=32.44   min=32.44   stddev=0.00 (0.0%))
[       OK ] RollingGuidanceFilterTest_perf.perf/48 (33 ms)
[ RUN      ] RollingGuidanceFilterTest_perf.perf/49, where GetParam() = (10, 640x480, 8UC1, 3)
[ PERFSTAT ]    (samples=1   mean=52.73   median=52.73   min=52.73   stddev=0.00 (0.0%))
[       OK ] RollingGuidanceFilterTest_perf.perf/49 (56 ms)
[ RUN      ] RollingGuidanceFilterTest_perf.perf/50, where GetParam() = (10, 640x480, 32FC1, 1)
[ PERFSTAT ]    (samples=1   mean=54.64   median=54.64   min=54.64   stddev=0.00 (0.0%))
[       OK ] RollingGuidanceFilterTest_perf.perf/50 (55 ms)
[ RUN      ] RollingGuidanceFilterTest_perf.perf/51, where GetParam() = (10, 640x480, 32FC1, 3)
[ PERFSTAT ]    (samples=1   mean=41.82   median=41.82   min=41.82   stddev=0.00 (0.0%))
[       OK ] RollingGuidanceFilterTest_perf.perf/51 (47 ms)
[ RUN      ] RollingGuidanceFilterTest_perf.perf/52, where GetParam() = (10, 960x540, 8UC1, 1)
[ PERFSTAT ]    (samples=1   mean=73.90   median=73.90   min=73.90   stddev=0.00 (0.0%))
[       OK ] RollingGuidanceFilterTest_perf.perf/52 (75 ms)
[ RUN      ] RollingGuidanceFilterTest_perf.perf/53, where GetParam() = (10, 960x540, 8UC1, 3)
[ PERFSTAT ]    (samples=1   mean=131.95   median=131.95   min=131.95   stddev=0.00 (0.0%))
[       OK ] RollingGuidanceFilterTest_perf.perf/53 (137 ms)
[ RUN      ] RollingGuidanceFilterTest_perf.perf/54, where GetParam() = (10, 960x540, 32FC1, 1)
[ PERFSTAT ]    (samples=1   mean=144.00   median=144.00   min=144.00   stddev=0.00 (0.0%))
[       OK ] RollingGuidanceFilterTest_perf.perf/54 (146 ms)
[ RUN      ] RollingGuidanceFilterTest_perf.perf/55, where GetParam() = (10, 960x540, 32FC1, 3)
[ PERFSTAT ]    (samples=1   mean=134.48   median=134.48   min=134.48   stddev=0.00 (0.0%))
[       OK ] RollingGuidanceFilterTest_perf.perf/55 (141 ms)
[ RUN      ] RollingGuidanceFilterTest_perf.perf/56, where GetParam() = (10, 1280x720, 8UC1, 1)
[ PERFSTAT ]    (samples=1   mean=64.31   median=64.31   min=64.31   stddev=0.00 (0.0%))
[       OK ] RollingGuidanceFilterTest_perf.perf/56 (66 ms)
[ RUN      ] RollingGuidanceFilterTest_perf.perf/57, where GetParam() = (10, 1280x720, 8UC1, 3)
[ PERFSTAT ]    (samples=1   mean=116.54   median=116.54   min=116.54   stddev=0.00 (0.0%))
[       OK ] RollingGuidanceFilterTest_perf.perf/57 (126 ms)
[ RUN      ] RollingGuidanceFilterTest_perf.perf/58, where GetParam() = (10, 1280x720, 32FC1, 1)
[ PERFSTAT ]    (samples=1   mean=94.29   median=94.29   min=94.29   stddev=0.00 (0.0%))
[       OK ] RollingGuidanceFilterTest_perf.perf/58 (96 ms)
[ RUN      ] RollingGuidanceFilterTest_perf.perf/59, where GetParam() = (10, 1280x720, 32FC1, 3)
[ PERFSTAT ]    (samples=1   mean=521.44   median=521.44   min=521.44   stddev=0.00 (0.0%))
[       OK ] RollingGuidanceFilterTest_perf.perf/59 (529 ms)
[ RUN      ] RollingGuidanceFilterTest_perf.perf/60, where GetParam() = (10, 127x61, 8UC1, 1)
[ PERFSTAT ]    (samples=1   mean=2.20   median=2.20   min=2.20   stddev=0.00 (0.0%))
[       OK ] RollingGuidanceFilterTest_perf.perf/60 (2 ms)
[ RUN      ] RollingGuidanceFilterTest_perf.perf/61, where GetParam() = (10, 127x61, 8UC1, 3)
[ PERFSTAT ]    (samples=1   mean=3.98   median=3.98   min=3.98   stddev=0.00 (0.0%))
[       OK ] RollingGuidanceFilterTest_perf.perf/61 (4 ms)
[ RUN      ] RollingGuidanceFilterTest_perf.perf/62, where GetParam() = (10, 127x61, 32FC1, 1)
[ PERFSTAT ]    (samples=1   mean=3.74   median=3.74   min=3.74   stddev=0.00 (0.0%))
[       OK ] RollingGuidanceFilterTest_perf.perf/62 (4 ms)
[ RUN      ] RollingGuidanceFilterTest_perf.perf/63, where GetParam() = (10, 127x61, 32FC1, 3)
[ PERFSTAT ]    (samples=1   mean=4.25   median=4.25   min=4.25   stddev=0.00 (0.0%))
[       OK ] RollingGuidanceFilterTest_perf.perf/63 (4 ms)
[----------] 64 tests from RollingGuidanceFilterTest_perf (2651 ms total)

[----------] 42 tests from RLMorphologyPerfTest_perf
[ RUN      ] RLMorphologyPerfTest_perf.perf/0, where GetParam() = (1, 1280x720, 0)
[ PERFSTAT ]    (samples=4   mean=27.87   median=27.76   min=27.66   stddev=0.29 (1.0%))
[       OK ] RLMorphologyPerfTest_perf.perf/0 (114 ms)
[ RUN      ] RLMorphologyPerfTest_perf.perf/1, where GetParam() = (1, 1280x720, 1)
[ PERFSTAT ]    (samples=4   mean=13.48   median=13.33   min=13.21   stddev=0.39 (2.9%))
[       OK ] RLMorphologyPerfTest_perf.perf/1 (55 ms)
[ RUN      ] RLMorphologyPerfTest_perf.perf/2, where GetParam() = (1, 1280x720, 2)
[ PERFSTAT ]    (samples=4   mean=32.29   median=32.30   min=32.14   stddev=0.11 (0.3%))
[       OK ] RLMorphologyPerfTest_perf.perf/2 (130 ms)
[ RUN      ] RLMorphologyPerfTest_perf.perf/3, where GetParam() = (1, 1280x720, 3)
[ PERFSTAT ]    (samples=4   mean=14.57   median=14.47   min=14.43   stddev=0.23 (1.6%))
[       OK ] RLMorphologyPerfTest_perf.perf/3 (59 ms)
[ RUN      ] RLMorphologyPerfTest_perf.perf/4, where GetParam() = (1, 1280x720, 4)
[ PERFSTAT ]    (samples=4   mean=35.24   median=35.14   min=35.09   stddev=0.23 (0.7%))
[       OK ] RLMorphologyPerfTest_perf.perf/4 (142 ms)
[ RUN      ] RLMorphologyPerfTest_perf.perf/5, where GetParam() = (1, 1280x720, 5)
[ PERFSTAT ]    (samples=4   mean=35.09   median=35.09   min=34.90   stddev=0.15 (0.4%))
[       OK ] RLMorphologyPerfTest_perf.perf/5 (141 ms)
[ RUN      ] RLMorphologyPerfTest_perf.perf/6, where GetParam() = (1, 1280x720, 6)
[ PERFSTAT ]    (samples=4   mean=16.98   median=16.93   min=16.74   stddev=0.24 (1.4%))
[       OK ] RLMorphologyPerfTest_perf.perf/6 (68 ms)
[ RUN      ] RLMorphologyPerfTest_perf.perf/7, where GetParam() = (1, 3840x2160, 0)
[ PERFSTAT ]    (samples=4   mean=307.00   median=303.73   min=300.43   stddev=9.04 (2.9%))
[       OK ] RLMorphologyPerfTest_perf.perf/7 (1237 ms)
[ RUN      ] RLMorphologyPerfTest_perf.perf/8, where GetParam() = (1, 3840x2160, 1)
[ PERFSTAT ]    (samples=4   mean=149.57   median=147.01   min=146.88   stddev=5.21 (3.5%))
[       OK ] RLMorphologyPerfTest_perf.perf/8 (606 ms)
[ RUN      ] RLMorphologyPerfTest_perf.perf/9, where GetParam() = (1, 3840x2160, 2)
[ PERFSTAT ]    (samples=4   mean=356.90   median=353.93   min=350.37   stddev=8.89 (2.5%))
[       OK ] RLMorphologyPerfTest_perf.perf/9 (1435 ms)
[ RUN      ] RLMorphologyPerfTest_perf.perf/10, where GetParam() = (1, 3840x2160, 3)
[ PERFSTAT ]    (samples=4   mean=157.06   median=155.22   min=154.34   stddev=4.30 (2.7%))
[       OK ] RLMorphologyPerfTest_perf.perf/10 (635 ms)
[ RUN      ] RLMorphologyPerfTest_perf.perf/11, where GetParam() = (1, 3840x2160, 4)
[ PERFSTAT ]    (samples=4   mean=386.33   median=383.41   min=382.97   stddev=6.13 (1.6%))
[       OK ] RLMorphologyPerfTest_perf.perf/11 (1553 ms)
[ RUN      ] RLMorphologyPerfTest_perf.perf/12, where GetParam() = (1, 3840x2160, 5)
[ PERFSTAT ]    (samples=4   mean=388.39   median=385.16   min=383.18   stddev=7.95 (2.0%))
[       OK ] RLMorphologyPerfTest_perf.perf/12 (1561 ms)
[ RUN      ] RLMorphologyPerfTest_perf.perf/13, where GetParam() = (1, 3840x2160, 6)
[ PERFSTAT ]    (samples=4   mean=183.66   median=180.02   min=177.45   stddev=9.08 (4.9%))
[       OK ] RLMorphologyPerfTest_perf.perf/13 (742 ms)
[ RUN      ] RLMorphologyPerfTest_perf.perf/14, where GetParam() = (7, 1280x720, 0)
[ PERFSTAT ]    (samples=4   mean=27.70   median=27.29   min=27.23   stddev=0.86 (3.1%))
[       OK ] RLMorphologyPerfTest_perf.perf/14 (111 ms)
[ RUN      ] RLMorphologyPerfTest_perf.perf/15, where GetParam() = (7, 1280x720, 1)
[ PERFSTAT ]    (samples=4   mean=17.08   median=17.02   min=16.94   stddev=0.18 (1.1%))
[       OK ] RLMorphologyPerfTest_perf.perf/15 (69 ms)
[ RUN      ] RLMorphologyPerfTest_perf.perf/16, where GetParam() = (7, 1280x720, 2)
[ PERFSTAT ]    (samples=4   mean=27.21   median=27.20   min=27.00   stddev=0.21 (0.8%))
[       OK ] RLMorphologyPerfTest_perf.perf/16 (110 ms)
[ RUN      ] RLMorphologyPerfTest_perf.perf/17, where GetParam() = (7, 1280x720, 3)
[ PERFSTAT ]    (samples=4   mean=17.13   median=17.06   min=16.93   stddev=0.25 (1.4%))
[       OK ] RLMorphologyPerfTest_perf.perf/17 (69 ms)
[ RUN      ] RLMorphologyPerfTest_perf.perf/18, where GetParam() = (7, 1280x720, 4)
[ PERFSTAT ]    (samples=4   mean=38.49   median=38.49   min=38.31   stddev=0.15 (0.4%))
[       OK ] RLMorphologyPerfTest_perf.perf/18 (155 ms)
[ RUN      ] RLMorphologyPerfTest_perf.perf/19, where GetParam() = (7, 1280x720, 5)
[ PERFSTAT ]    (samples=4   mean=28.49   median=28.51   min=28.29   stddev=0.15 (0.5%))
[       OK ] RLMorphologyPerfTest_perf.perf/19 (115 ms)
[ RUN      ] RLMorphologyPerfTest_perf.perf/20, where GetParam() = (7, 1280x720, 6)
[ PERFSTAT ]    (samples=4   mean=18.93   median=18.83   min=18.78   stddev=0.24 (1.3%))
[       OK ] RLMorphologyPerfTest_perf.perf/20 (76 ms)
[ RUN      ] RLMorphologyPerfTest_perf.perf/21, where GetParam() = (7, 3840x2160, 0)
[ PERFSTAT ]    (samples=4   mean=305.67   median=303.24   min=302.45   stddev=5.40 (1.8%))
[       OK ] RLMorphologyPerfTest_perf.perf/21 (1230 ms)
[ RUN      ] RLMorphologyPerfTest_perf.perf/22, where GetParam() = (7, 3840x2160, 1)
[ PERFSTAT ]    (samples=4   mean=181.44   median=179.10   min=178.12   stddev=5.41 (3.0%))
[       OK ] RLMorphologyPerfTest_perf.perf/22 (733 ms)
[ RUN      ] RLMorphologyPerfTest_perf.perf/23, where GetParam() = (7, 3840x2160, 2)
[ PERFSTAT ]    (samples=4   mean=306.58   median=303.86   min=303.24   stddev=5.87 (1.9%))
[       OK ] RLMorphologyPerfTest_perf.perf/23 (1233 ms)
[ RUN      ] RLMorphologyPerfTest_perf.perf/24, where GetParam() = (7, 3840x2160, 3)
[ PERFSTAT ]    (samples=4   mean=181.35   median=178.67   min=178.03   stddev=5.80 (3.2%))
[       OK ] RLMorphologyPerfTest_perf.perf/24 (732 ms)
[ RUN      ] RLMorphologyPerfTest_perf.perf/25, where GetParam() = (7, 3840x2160, 4)
[ PERFSTAT ]    (samples=4   mean=417.95   median=415.43   min=414.09   stddev=5.99 (1.4%))
[       OK ] RLMorphologyPerfTest_perf.perf/25 (1679 ms)
[ RUN      ] RLMorphologyPerfTest_perf.perf/26, where GetParam() = (7, 3840x2160, 5)
[ PERFSTAT ]    (samples=4   mean=323.29   median=318.82   min=317.54   stddev=9.81 (3.0%))
[       OK ] RLMorphologyPerfTest_perf.perf/26 (1300 ms)
[ RUN      ] RLMorphologyPerfTest_perf.perf/27, where GetParam() = (7, 3840x2160, 6)
[ PERFSTAT ]    (samples=4   mean=207.15   median=204.06   min=202.68   stddev=7.14 (3.4%))
[       OK ] RLMorphologyPerfTest_perf.perf/27 (836 ms)
[ RUN      ] RLMorphologyPerfTest_perf.perf/28, where GetParam() = (21, 1280x720, 0)
[ PERFSTAT ]    (samples=4   mean=33.12   median=32.70   min=32.51   stddev=0.98 (3.0%))
[       OK ] RLMorphologyPerfTest_perf.perf/28 (134 ms)
[ RUN      ] RLMorphologyPerfTest_perf.perf/29, where GetParam() = (21, 1280x720, 1)
[ PERFSTAT ]    (samples=4   mean=23.46   median=23.63   min=22.86   stddev=0.40 (1.7%))
[       OK ] RLMorphologyPerfTest_perf.perf/29 (94 ms)
[ RUN      ] RLMorphologyPerfTest_perf.perf/30, where GetParam() = (21, 1280x720, 2)
[ PERFSTAT ]    (samples=4   mean=32.50   median=32.47   min=32.34   stddev=0.17 (0.5%))
[       OK ] RLMorphologyPerfTest_perf.perf/30 (131 ms)
[ RUN      ] RLMorphologyPerfTest_perf.perf/31, where GetParam() = (21, 1280x720, 3)
[ PERFSTAT ]    (samples=4   mean=23.55   median=23.48   min=23.36   stddev=0.24 (1.0%))
[       OK ] RLMorphologyPerfTest_perf.perf/31 (95 ms)
[ RUN      ] RLMorphologyPerfTest_perf.perf/32, where GetParam() = (21, 1280x720, 4)
[ PERFSTAT ]    (samples=4   mean=50.02   median=50.18   min=49.36   stddev=0.45 (0.9%))
[       OK ] RLMorphologyPerfTest_perf.perf/32 (201 ms)
[ RUN      ] RLMorphologyPerfTest_perf.perf/33, where GetParam() = (21, 1280x720, 5)
[ PERFSTAT ]    (samples=4   mean=33.53   median=33.49   min=33.47   stddev=0.09 (0.3%))
[       OK ] RLMorphologyPerfTest_perf.perf/33 (135 ms)
[ RUN      ] RLMorphologyPerfTest_perf.perf/34, where GetParam() = (21, 1280x720, 6)
[ PERFSTAT ]    (samples=4   mean=25.46   median=25.44   min=25.09   stddev=0.42 (1.6%))
[       OK ] RLMorphologyPerfTest_perf.perf/34 (102 ms)
[ RUN      ] RLMorphologyPerfTest_perf.perf/35, where GetParam() = (21, 3840x2160, 0)
[ PERFSTAT ]    (samples=4   mean=357.61   median=353.68   min=353.64   stddev=7.87 (2.2%))
[       OK ] RLMorphologyPerfTest_perf.perf/35 (1438 ms)
[ RUN      ] RLMorphologyPerfTest_perf.perf/36, where GetParam() = (21, 3840x2160, 1)
[ PERFSTAT ]    (samples=4   mean=237.53   median=234.48   min=233.92   stddev=6.48 (2.7%))
[       OK ] RLMorphologyPerfTest_perf.perf/36 (957 ms)
[ RUN      ] RLMorphologyPerfTest_perf.perf/37, where GetParam() = (21, 3840x2160, 2)
[ PERFSTAT ]    (samples=4   mean=356.82   median=354.28   min=353.60   stddev=5.54 (1.6%))
[       OK ] RLMorphologyPerfTest_perf.perf/37 (1434 ms)
[ RUN      ] RLMorphologyPerfTest_perf.perf/38, where GetParam() = (21, 3840x2160, 3)
[ PERFSTAT ]    (samples=4   mean=236.69   median=234.03   min=233.43   stddev=5.73 (2.4%))
[       OK ] RLMorphologyPerfTest_perf.perf/38 (954 ms)
[ RUN      ] RLMorphologyPerfTest_perf.perf/39, where GetParam() = (21, 3840x2160, 4)
[ PERFSTAT ]    (samples=4   mean=524.00   median=521.77   min=520.39   stddev=5.46 (1.0%))
[       OK ] RLMorphologyPerfTest_perf.perf/39 (2103 ms)
[ RUN      ] RLMorphologyPerfTest_perf.perf/40, where GetParam() = (21, 3840x2160, 5)
[ PERFSTAT ]    (samples=4   mean=374.36   median=371.35   min=368.51   stddev=8.10 (2.2%))
[       OK ] RLMorphologyPerfTest_perf.perf/40 (1504 ms)
[ RUN      ] RLMorphologyPerfTest_perf.perf/41, where GetParam() = (21, 3840x2160, 6)
[ PERFSTAT ]    (samples=4   mean=261.09   median=257.82   min=257.18   stddev=6.96 (2.7%))
[       OK ] RLMorphologyPerfTest_perf.perf/41 (1052 ms)
[----------] 42 tests from RLMorphologyPerfTest_perf (27260 ms total)

[----------] 6 tests from ThinningPerfTest_perf
[ RUN      ] ThinningPerfTest_perf.perf/0, where GetParam() = (1920x1080, 0)
[ PERFSTAT ]    (samples=22   mean=31.72   median=31.99   min=28.90   stddev=0.93 (2.9%))
[       OK ] ThinningPerfTest_perf.perf/0 (702 ms)
[ RUN      ] ThinningPerfTest_perf.perf/1, where GetParam() = (1920x1080, 1)
[ PERFSTAT ]    (samples=10   mean=41.31   median=41.88   min=39.32   stddev=1.10 (2.7%))
[       OK ] ThinningPerfTest_perf.perf/1 (415 ms)
[ RUN      ] ThinningPerfTest_perf.perf/2, where GetParam() = (1280x720, 0)
[ PERFSTAT ]    (samples=10   mean=11.84   median=11.85   min=11.76   stddev=0.04 (0.4%))
[       OK ] ThinningPerfTest_perf.perf/2 (120 ms)
[ RUN      ] ThinningPerfTest_perf.perf/3, where GetParam() = (1280x720, 1)
[ PERFSTAT ]    (samples=10   mean=16.82   median=16.83   min=16.71   stddev=0.07 (0.4%))
[       OK ] ThinningPerfTest_perf.perf/3 (169 ms)
[ RUN      ] ThinningPerfTest_perf.perf/4, where GetParam() = (640x480, 0)
[ PERFSTAT ]    (samples=17   mean=4.08   median=4.05   min=4.02   stddev=0.12 (3.0%))
[       OK ] ThinningPerfTest_perf.perf/4 (70 ms)
[ RUN      ] ThinningPerfTest_perf.perf/5, where GetParam() = (640x480, 1)
[ PERFSTAT ]    (samples=10   mean=5.53   median=5.50   min=5.44   stddev=0.12 (2.2%))
[       OK ] ThinningPerfTest_perf.perf/5 (56 ms)
[----------] 6 tests from ThinningPerfTest_perf (1532 ms total)

[----------] 64 tests from WeightedMedianFilterTest_perf
[ RUN      ] WeightedMedianFilterTest_perf.perf/0, where GetParam() = (127x61, 8UC1, 1, 1, 3, 1)
[ PERFSTAT ]    (samples=1   mean=4.34   median=4.34   min=4.34   stddev=0.00 (0.0%))
[       OK ] WeightedMedianFilterTest_perf.perf/0 (4 ms)
[ RUN      ] WeightedMedianFilterTest_perf.perf/1, where GetParam() = (127x61, 8UC1, 1, 1, 3, 8)
[ PERFSTAT ]    (samples=1   mean=3.53   median=3.53   min=3.53   stddev=0.00 (0.0%))
[       OK ] WeightedMedianFilterTest_perf.perf/1 (4 ms)
[ RUN      ] WeightedMedianFilterTest_perf.perf/2, where GetParam() = (127x61, 8UC1, 1, 1, 5, 1)
[ PERFSTAT ]    (samples=1   mean=6.04   median=6.04   min=6.04   stddev=0.00 (0.0%))
[       OK ] WeightedMedianFilterTest_perf.perf/2 (6 ms)
[ RUN      ] WeightedMedianFilterTest_perf.perf/3, where GetParam() = (127x61, 8UC1, 1, 1, 5, 8)
[ PERFSTAT ]    (samples=1   mean=4.99   median=4.99   min=4.99   stddev=0.00 (0.0%))
[       OK ] WeightedMedianFilterTest_perf.perf/3 (5 ms)
[ RUN      ] WeightedMedianFilterTest_perf.perf/4, where GetParam() = (127x61, 8UC1, 1, 3, 3, 1)
[ PERFSTAT ]    (samples=1   mean=12.51   median=12.51   min=12.51   stddev=0.00 (0.0%))
[       OK ] WeightedMedianFilterTest_perf.perf/4 (13 ms)
[ RUN      ] WeightedMedianFilterTest_perf.perf/5, where GetParam() = (127x61, 8UC1, 1, 3, 3, 8)
[ PERFSTAT ]    (samples=1   mean=10.32   median=10.32   min=10.32   stddev=0.00 (0.0%))
[       OK ] WeightedMedianFilterTest_perf.perf/5 (10 ms)
[ RUN      ] WeightedMedianFilterTest_perf.perf/6, where GetParam() = (127x61, 8UC1, 1, 3, 5, 1)
[ PERFSTAT ]    (samples=1   mean=17.76   median=17.76   min=17.76   stddev=0.00 (0.0%))
[       OK ] WeightedMedianFilterTest_perf.perf/6 (18 ms)
[ RUN      ] WeightedMedianFilterTest_perf.perf/7, where GetParam() = (127x61, 8UC1, 1, 3, 5, 8)
[ PERFSTAT ]    (samples=1   mean=14.83   median=14.83   min=14.83   stddev=0.00 (0.0%))
[       OK ] WeightedMedianFilterTest_perf.perf/7 (15 ms)
[ RUN      ] WeightedMedianFilterTest_perf.perf/8, where GetParam() = (127x61, 8UC1, 3, 1, 3, 1)
[ PERFSTAT ]    (samples=1   mean=24.21   median=24.21   min=24.21   stddev=0.00 (0.0%))
[       OK ] WeightedMedianFilterTest_perf.perf/8 (24 ms)
[ RUN      ] WeightedMedianFilterTest_perf.perf/9, where GetParam() = (127x61, 8UC1, 3, 1, 3, 8)
[ PERFSTAT ]    (samples=1   mean=21.26   median=21.26   min=21.26   stddev=0.00 (0.0%))
[       OK ] WeightedMedianFilterTest_perf.perf/9 (21 ms)
[ RUN      ] WeightedMedianFilterTest_perf.perf/10, where GetParam() = (127x61, 8UC1, 3, 1, 5, 1)
[ PERFSTAT ]    (samples=1   mean=26.66   median=26.66   min=26.66   stddev=0.00 (0.0%))
[       OK ] WeightedMedianFilterTest_perf.perf/10 (27 ms)
[ RUN      ] WeightedMedianFilterTest_perf.perf/11, where GetParam() = (127x61, 8UC1, 3, 1, 5, 8)
[ PERFSTAT ]    (samples=1   mean=22.90   median=22.90   min=22.90   stddev=0.00 (0.0%))
[       OK ] WeightedMedianFilterTest_perf.perf/11 (23 ms)
[ RUN      ] WeightedMedianFilterTest_perf.perf/12, where GetParam() = (127x61, 8UC1, 3, 3, 3, 1)
[ PERFSTAT ]    (samples=1   mean=35.01   median=35.01   min=35.01   stddev=0.00 (0.0%))
[       OK ] WeightedMedianFilterTest_perf.perf/12 (35 ms)
[ RUN      ] WeightedMedianFilterTest_perf.perf/13, where GetParam() = (127x61, 8UC1, 3, 3, 3, 8)
[ PERFSTAT ]    (samples=1   mean=28.06   median=28.06   min=28.06   stddev=0.00 (0.0%))
[       OK ] WeightedMedianFilterTest_perf.perf/13 (28 ms)
[ RUN      ] WeightedMedianFilterTest_perf.perf/14, where GetParam() = (127x61, 8UC1, 3, 3, 5, 1)
[ PERFSTAT ]    (samples=1   mean=43.72   median=43.72   min=43.72   stddev=0.00 (0.0%))
[       OK ] WeightedMedianFilterTest_perf.perf/14 (44 ms)
[ RUN      ] WeightedMedianFilterTest_perf.perf/15, where GetParam() = (127x61, 8UC1, 3, 3, 5, 8)
[ PERFSTAT ]    (samples=1   mean=32.95   median=32.95   min=32.95   stddev=0.00 (0.0%))
[       OK ] WeightedMedianFilterTest_perf.perf/15 (33 ms)
[ RUN      ] WeightedMedianFilterTest_perf.perf/16, where GetParam() = (127x61, 32FC1, 1, 1, 3, 1)
[ PERFSTAT ]    (samples=1   mean=5.03   median=5.03   min=5.03   stddev=0.00 (0.0%))
[       OK ] WeightedMedianFilterTest_perf.perf/16 (5 ms)
[ RUN      ] WeightedMedianFilterTest_perf.perf/17, where GetParam() = (127x61, 32FC1, 1, 1, 3, 8)
[ PERFSTAT ]    (samples=1   mean=4.25   median=4.25   min=4.25   stddev=0.00 (0.0%))
[       OK ] WeightedMedianFilterTest_perf.perf/17 (4 ms)
[ RUN      ] WeightedMedianFilterTest_perf.perf/18, where GetParam() = (127x61, 32FC1, 1, 1, 5, 1)
[ PERFSTAT ]    (samples=1   mean=6.70   median=6.70   min=6.70   stddev=0.00 (0.0%))
[       OK ] WeightedMedianFilterTest_perf.perf/18 (7 ms)
[ RUN      ] WeightedMedianFilterTest_perf.perf/19, where GetParam() = (127x61, 32FC1, 1, 1, 5, 8)
[ PERFSTAT ]    (samples=1   mean=5.74   median=5.74   min=5.74   stddev=0.00 (0.0%))
[       OK ] WeightedMedianFilterTest_perf.perf/19 (6 ms)
[ RUN      ] WeightedMedianFilterTest_perf.perf/20, where GetParam() = (127x61, 32FC1, 1, 3, 3, 1)
[ PERFSTAT ]    (samples=1   mean=14.81   median=14.81   min=14.81   stddev=0.00 (0.0%))
[       OK ] WeightedMedianFilterTest_perf.perf/20 (15 ms)
[ RUN      ] WeightedMedianFilterTest_perf.perf/21, where GetParam() = (127x61, 32FC1, 1, 3, 3, 8)
[ PERFSTAT ]    (samples=1   mean=12.62   median=12.62   min=12.62   stddev=0.00 (0.0%))
[       OK ] WeightedMedianFilterTest_perf.perf/21 (13 ms)
[ RUN      ] WeightedMedianFilterTest_perf.perf/22, where GetParam() = (127x61, 32FC1, 1, 3, 5, 1)
[ PERFSTAT ]    (samples=1   mean=20.03   median=20.03   min=20.03   stddev=0.00 (0.0%))
[       OK ] WeightedMedianFilterTest_perf.perf/22 (20 ms)
[ RUN      ] WeightedMedianFilterTest_perf.perf/23, where GetParam() = (127x61, 32FC1, 1, 3, 5, 8)
[ PERFSTAT ]    (samples=1   mean=17.09   median=17.09   min=17.09   stddev=0.00 (0.0%))
[       OK ] WeightedMedianFilterTest_perf.perf/23 (17 ms)
[ RUN      ] WeightedMedianFilterTest_perf.perf/24, where GetParam() = (127x61, 32FC1, 3, 1, 3, 1)
[ PERFSTAT ]    (samples=1   mean=24.46   median=24.46   min=24.46   stddev=0.00 (0.0%))
[       OK ] WeightedMedianFilterTest_perf.perf/24 (24 ms)
[ RUN      ] WeightedMedianFilterTest_perf.perf/25, where GetParam() = (127x61, 32FC1, 3, 1, 3, 8)
[ PERFSTAT ]    (samples=1   mean=22.24   median=22.24   min=22.24   stddev=0.00 (0.0%))
[       OK ] WeightedMedianFilterTest_perf.perf/25 (23 ms)
[ RUN      ] WeightedMedianFilterTest_perf.perf/26, where GetParam() = (127x61, 32FC1, 3, 1, 5, 1)
[ PERFSTAT ]    (samples=1   mean=27.47   median=27.47   min=27.47   stddev=0.00 (0.0%))
[       OK ] WeightedMedianFilterTest_perf.perf/26 (27 ms)
[ RUN      ] WeightedMedianFilterTest_perf.perf/27, where GetParam() = (127x61, 32FC1, 3, 1, 5, 8)
[ PERFSTAT ]    (samples=1   mean=24.32   median=24.32   min=24.32   stddev=0.00 (0.0%))
[       OK ] WeightedMedianFilterTest_perf.perf/27 (25 ms)
[ RUN      ] WeightedMedianFilterTest_perf.perf/28, where GetParam() = (127x61, 32FC1, 3, 3, 3, 1)
[ PERFSTAT ]    (samples=1   mean=38.57   median=38.57   min=38.57   stddev=0.00 (0.0%))
[       OK ] WeightedMedianFilterTest_perf.perf/28 (38 ms)
[ RUN      ] WeightedMedianFilterTest_perf.perf/29, where GetParam() = (127x61, 32FC1, 3, 3, 3, 8)
[ PERFSTAT ]    (samples=1   mean=34.15   median=34.15   min=34.15   stddev=0.00 (0.0%))
[       OK ] WeightedMedianFilterTest_perf.perf/29 (35 ms)
[ RUN      ] WeightedMedianFilterTest_perf.perf/30, where GetParam() = (127x61, 32FC1, 3, 3, 5, 1)
[ PERFSTAT ]    (samples=1   mean=46.44   median=46.44   min=46.44   stddev=0.00 (0.0%))
[       OK ] WeightedMedianFilterTest_perf.perf/30 (46 ms)
[ RUN      ] WeightedMedianFilterTest_perf.perf/31, where GetParam() = (127x61, 32FC1, 3, 3, 5, 8)
[ PERFSTAT ]    (samples=1   mean=35.15   median=35.15   min=35.15   stddev=0.00 (0.0%))
[       OK ] WeightedMedianFilterTest_perf.perf/31 (36 ms)
[ RUN      ] WeightedMedianFilterTest_perf.perf/32, where GetParam() = (320x240, 8UC1, 1, 1, 3, 1)
[ PERFSTAT ]    (samples=1   mean=38.64   median=38.64   min=38.64   stddev=0.00 (0.0%))
[       OK ] WeightedMedianFilterTest_perf.perf/32 (38 ms)
[ RUN      ] WeightedMedianFilterTest_perf.perf/33, where GetParam() = (320x240, 8UC1, 1, 1, 3, 8)
[ PERFSTAT ]    (samples=1   mean=30.16   median=30.16   min=30.16   stddev=0.00 (0.0%))
[       OK ] WeightedMedianFilterTest_perf.perf/33 (31 ms)
[ RUN      ] WeightedMedianFilterTest_perf.perf/34, where GetParam() = (320x240, 8UC1, 1, 1, 5, 1)
[ PERFSTAT ]    (samples=1   mean=55.90   median=55.90   min=55.90   stddev=0.00 (0.0%))
[       OK ] WeightedMedianFilterTest_perf.perf/34 (56 ms)
[ RUN      ] WeightedMedianFilterTest_perf.perf/35, where GetParam() = (320x240, 8UC1, 1, 1, 5, 8)
[ PERFSTAT ]    (samples=1   mean=46.25   median=46.25   min=46.25   stddev=0.00 (0.0%))
[       OK ] WeightedMedianFilterTest_perf.perf/35 (46 ms)
[ RUN      ] WeightedMedianFilterTest_perf.perf/36, where GetParam() = (320x240, 8UC1, 1, 3, 3, 1)
[ PERFSTAT ]    (samples=1   mean=114.02   median=114.02   min=114.02   stddev=0.00 (0.0%))
[       OK ] WeightedMedianFilterTest_perf.perf/36 (114 ms)
[ RUN      ] WeightedMedianFilterTest_perf.perf/37, where GetParam() = (320x240, 8UC1, 1, 3, 3, 8)
[ PERFSTAT ]    (samples=1   mean=90.80   median=90.80   min=90.80   stddev=0.00 (0.0%))
[       OK ] WeightedMedianFilterTest_perf.perf/37 (91 ms)
[ RUN      ] WeightedMedianFilterTest_perf.perf/38, where GetParam() = (320x240, 8UC1, 1, 3, 5, 1)
[ PERFSTAT ]    (samples=1   mean=169.24   median=169.24   min=169.24   stddev=0.00 (0.0%))
[       OK ] WeightedMedianFilterTest_perf.perf/38 (170 ms)
[ RUN      ] WeightedMedianFilterTest_perf.perf/39, where GetParam() = (320x240, 8UC1, 1, 3, 5, 8)
[ PERFSTAT ]    (samples=1   mean=138.87   median=138.87   min=138.87   stddev=0.00 (0.0%))
[       OK ] WeightedMedianFilterTest_perf.perf/39 (139 ms)
[ RUN      ] WeightedMedianFilterTest_perf.perf/40, where GetParam() = (320x240, 8UC1, 3, 1, 3, 1)
[ PERFSTAT ]    (samples=1   mean=153.45   median=153.45   min=153.45   stddev=0.00 (0.0%))
[       OK ] WeightedMedianFilterTest_perf.perf/40 (154 ms)
[ RUN      ] WeightedMedianFilterTest_perf.perf/41, where GetParam() = (320x240, 8UC1, 3, 1, 3, 8)
[ PERFSTAT ]    (samples=1   mean=131.72   median=131.72   min=131.72   stddev=0.00 (0.0%))
[       OK ] WeightedMedianFilterTest_perf.perf/41 (132 ms)
[ RUN      ] WeightedMedianFilterTest_perf.perf/42, where GetParam() = (320x240, 8UC1, 3, 1, 5, 1)
[ PERFSTAT ]    (samples=1   mean=222.68   median=222.68   min=222.68   stddev=0.00 (0.0%))
[       OK ] WeightedMedianFilterTest_perf.perf/42 (223 ms)
[ RUN      ] WeightedMedianFilterTest_perf.perf/43, where GetParam() = (320x240, 8UC1, 3, 1, 5, 8)
[ PERFSTAT ]    (samples=1   mean=182.91   median=182.91   min=182.91   stddev=0.00 (0.0%))
[       OK ] WeightedMedianFilterTest_perf.perf/43 (183 ms)
[ RUN      ] WeightedMedianFilterTest_perf.perf/44, where GetParam() = (320x240, 8UC1, 3, 3, 3, 1)
[ PERFSTAT ]    (samples=1   mean=308.98   median=308.98   min=308.98   stddev=0.00 (0.0%))
[       OK ] WeightedMedianFilterTest_perf.perf/44 (309 ms)
[ RUN      ] WeightedMedianFilterTest_perf.perf/45, where GetParam() = (320x240, 8UC1, 3, 3, 3, 8)
[ PERFSTAT ]    (samples=1   mean=194.89   median=194.89   min=194.89   stddev=0.00 (0.0%))
[       OK ] WeightedMedianFilterTest_perf.perf/45 (196 ms)
[ RUN      ] WeightedMedianFilterTest_perf.perf/46, where GetParam() = (320x240, 8UC1, 3, 3, 5, 1)
[ PERFSTAT ]    (samples=1   mean=353.97   median=353.97   min=353.97   stddev=0.00 (0.0%))
[       OK ] WeightedMedianFilterTest_perf.perf/46 (354 ms)
[ RUN      ] WeightedMedianFilterTest_perf.perf/47, where GetParam() = (320x240, 8UC1, 3, 3, 5, 8)
[ PERFSTAT ]    (samples=1   mean=239.12   median=239.12   min=239.12   stddev=0.00 (0.0%))
[       OK ] WeightedMedianFilterTest_perf.perf/47 (240 ms)
[ RUN      ] WeightedMedianFilterTest_perf.perf/48, where GetParam() = (320x240, 32FC1, 1, 1, 3, 1)
[ PERFSTAT ]    (samples=1   mean=46.61   median=46.61   min=46.61   stddev=0.00 (0.0%))
[       OK ] WeightedMedianFilterTest_perf.perf/48 (46 ms)
[ RUN      ] WeightedMedianFilterTest_perf.perf/49, where GetParam() = (320x240, 32FC1, 1, 1, 3, 8)
[ PERFSTAT ]    (samples=1   mean=37.98   median=37.98   min=37.98   stddev=0.00 (0.0%))
[       OK ] WeightedMedianFilterTest_perf.perf/49 (39 ms)
[ RUN      ] WeightedMedianFilterTest_perf.perf/50, where GetParam() = (320x240, 32FC1, 1, 1, 5, 1)
[ PERFSTAT ]    (samples=1   mean=64.32   median=64.32   min=64.32   stddev=0.00 (0.0%))
[       OK ] WeightedMedianFilterTest_perf.perf/50 (64 ms)
[ RUN      ] WeightedMedianFilterTest_perf.perf/51, where GetParam() = (320x240, 32FC1, 1, 1, 5, 8)
[ PERFSTAT ]    (samples=1   mean=54.11   median=54.11   min=54.11   stddev=0.00 (0.0%))
[       OK ] WeightedMedianFilterTest_perf.perf/51 (55 ms)
[ RUN      ] WeightedMedianFilterTest_perf.perf/52, where GetParam() = (320x240, 32FC1, 1, 3, 3, 1)
[ PERFSTAT ]    (samples=1   mean=133.99   median=133.99   min=133.99   stddev=0.00 (0.0%))
[       OK ] WeightedMedianFilterTest_perf.perf/52 (134 ms)
[ RUN      ] WeightedMedianFilterTest_perf.perf/53, where GetParam() = (320x240, 32FC1, 1, 3, 3, 8)
[ PERFSTAT ]    (samples=1   mean=112.33   median=112.33   min=112.33   stddev=0.00 (0.0%))
[       OK ] WeightedMedianFilterTest_perf.perf/53 (113 ms)
[ RUN      ] WeightedMedianFilterTest_perf.perf/54, where GetParam() = (320x240, 32FC1, 1, 3, 5, 1)
[ PERFSTAT ]    (samples=1   mean=189.35   median=189.35   min=189.35   stddev=0.00 (0.0%))
[       OK ] WeightedMedianFilterTest_perf.perf/54 (190 ms)
[ RUN      ] WeightedMedianFilterTest_perf.perf/55, where GetParam() = (320x240, 32FC1, 1, 3, 5, 8)
[ PERFSTAT ]    (samples=1   mean=159.81   median=159.81   min=159.81   stddev=0.00 (0.0%))
[       OK ] WeightedMedianFilterTest_perf.perf/55 (160 ms)
[ RUN      ] WeightedMedianFilterTest_perf.perf/56, where GetParam() = (320x240, 32FC1, 3, 1, 3, 1)
[ PERFSTAT ]    (samples=1   mean=165.14   median=165.14   min=165.14   stddev=0.00 (0.0%))
[       OK ] WeightedMedianFilterTest_perf.perf/56 (166 ms)
[ RUN      ] WeightedMedianFilterTest_perf.perf/57, where GetParam() = (320x240, 32FC1, 3, 1, 3, 8)
[ PERFSTAT ]    (samples=1   mean=142.95   median=142.95   min=142.95   stddev=0.00 (0.0%))
[       OK ] WeightedMedianFilterTest_perf.perf/57 (143 ms)
[ RUN      ] WeightedMedianFilterTest_perf.perf/58, where GetParam() = (320x240, 32FC1, 3, 1, 5, 1)
[ PERFSTAT ]    (samples=1   mean=226.95   median=226.95   min=226.95   stddev=0.00 (0.0%))
[       OK ] WeightedMedianFilterTest_perf.perf/58 (227 ms)
[ RUN      ] WeightedMedianFilterTest_perf.perf/59, where GetParam() = (320x240, 32FC1, 3, 1, 5, 8)
[ PERFSTAT ]    (samples=1   mean=301.25   median=301.25   min=301.25   stddev=0.00 (0.0%))
[       OK ] WeightedMedianFilterTest_perf.perf/59 (302 ms)
[ RUN      ] WeightedMedianFilterTest_perf.perf/60, where GetParam() = (320x240, 32FC1, 3, 3, 3, 1)
[ PERFSTAT ]    (samples=1   mean=461.98   median=461.98   min=461.98   stddev=0.00 (0.0%))
[       OK ] WeightedMedianFilterTest_perf.perf/60 (463 ms)
[ RUN      ] WeightedMedianFilterTest_perf.perf/61, where GetParam() = (320x240, 32FC1, 3, 3, 3, 8)
[ PERFSTAT ]    (samples=1   mean=247.28   median=247.28   min=247.28   stddev=0.00 (0.0%))
[       OK ] WeightedMedianFilterTest_perf.perf/61 (249 ms)
[ RUN      ] WeightedMedianFilterTest_perf.perf/62, where GetParam() = (320x240, 32FC1, 3, 3, 5, 1)
[ PERFSTAT ]    (samples=1   mean=402.55   median=402.55   min=402.55   stddev=0.00 (0.0%))
[       OK ] WeightedMedianFilterTest_perf.perf/62 (403 ms)
[ RUN      ] WeightedMedianFilterTest_perf.perf/63, where GetParam() = (320x240, 32FC1, 3, 3, 5, 8)
[ PERFSTAT ]    (samples=1   mean=265.47   median=265.47   min=265.47   stddev=0.00 (0.0%))
[       OK ] WeightedMedianFilterTest_perf.perf/63 (266 ms)
[----------] 64 tests from WeightedMedianFilterTest_perf (6147 ms total)

[----------] Global test environment tear-down
[==========] 1065 tests from 17 test cases ran. (347278 ms total)
[  PASSED  ] 1065 tests.
