[----------]
[   INFO   ] 	Implementation variant: cuda.
[----------]
[----------]
[ GPU INFO ] 	Run test suite on NVIDIA A100-SXM4-40GB GPU.
[----------]
*** CUDA Device Query (Runtime API) version (CUDART static linking) *** 

Device count: 1

Device 0: "NVIDIA A100-SXM4-40GB"
  CUDA Driver Version / Runtime Version          12.40 / 12.40
  CUDA Capability Major/Minor version number:    8.0
  Total amount of global memory:                 40507 MBytes (42474471424 bytes)
  GPU Clock Speed:                               1.41 GHz
  Max Texture Dimension Size (x,y,z)             1D=(131072), 2D=(131072,65536), 3D=(16384,16384,16384)
  Max Layered Texture Size (dim) x layers        1D=(32768) x 2048, 2D=(32768,32768) x 2048
  Total amount of constant memory:               65536 bytes
  Total amount of shared memory per block:       49152 bytes
  Total number of registers available per block: 65536
  Warp size:                                     32
  Maximum number of threads per block:           1024
  Maximum sizes of each dimension of a block:    1024 x 1024 x 64
  Maximum sizes of each dimension of a grid:     2147483647 x 65535 x 65535
  Maximum memory pitch:                          2147483647 bytes
  Texture alignment:                             512 bytes
  Concurrent copy and execution:                 Yes with 3 copy engine(s)
  Run time limit on kernels:                     No
  Integrated GPU sharing Host Memory:            No
  Support host page-locked memory mapping:       Yes
  Concurrent kernel execution:                   Yes
  Alignment requirement for Surfaces:            Yes
  Device has ECC support enabled:                Yes
  Device is using TCC driver mode:               No
  Device supports Unified Addressing (UVA):      Yes
  Device PCI Bus ID / PCI location ID:           163 / 0
  Compute Mode:
      Default (multiple host threads can use ::cudaSetDevice() with device simultaneously) 

deviceQuery, CUDA Driver = CUDART, CUDA Driver Version  = 12.40, CUDA Runtime Version = 12.40, NumDevs = 1

TEST: Skip tests with tags: 'mem_6gb', 'verylong'
CTEST_FULL_OUTPUT
OpenCV version: 4.14.0-pre
OpenCV VCS version: 4.13.0-493-g7aa163b83f
Build type: Release
Compiler: /usr/bin/c++  (ver 11.4.0)
Algorithm hint: ALGO_HINT_ACCURATE
HAL: YES (ipp (ver 0.0.1))
Parallel framework: pthreads (nthreads=30)
CPU features: SSE SSE2 SSE3 *SSE4.1 *SSE4.2 *AVX *FP16 *AVX2 *AVX512-SKX?
Intel(R) IPP version: ippIP AVX2 (l9) 2026.0.0 (-) Jun 30 2026
Intel(R) IPP features code: 0x8000
[==========] Running 877 tests from 27 test cases.
[----------] Global test environment set-up.
[----------] 36 tests from Sz_Depth_Cn_KernelSz_BilateralFilter
[ RUN      ] Sz_Depth_Cn_KernelSz_BilateralFilter.BilateralFilter/0, where GetParam() = (1280x720, CV_8U, Gray, 3)
[ PERFSTAT ]    (samples=13   mean=0.03   median=0.03   min=0.03   stddev=0.00 (2.6%))
[       OK ] Sz_Depth_Cn_KernelSz_BilateralFilter.BilateralFilter/0 (22 ms)
[ RUN      ] Sz_Depth_Cn_KernelSz_BilateralFilter.BilateralFilter/1, where GetParam() = (1280x720, CV_8U, Gray, 5)
[ PERFSTAT ]    (samples=13   mean=0.07   median=0.07   min=0.06   stddev=0.00 (1.4%))
[       OK ] Sz_Depth_Cn_KernelSz_BilateralFilter.BilateralFilter/1 (3 ms)
[ RUN      ] Sz_Depth_Cn_KernelSz_BilateralFilter.BilateralFilter/2, where GetParam() = (1280x720, CV_8U, Gray, 9)
[ PERFSTAT ]    (samples=13   mean=0.18   median=0.18   min=0.18   stddev=0.00 (2.5%))
[       OK ] Sz_Depth_Cn_KernelSz_BilateralFilter.BilateralFilter/2 (4 ms)
[ RUN      ] Sz_Depth_Cn_KernelSz_BilateralFilter.BilateralFilter/3, where GetParam() = (1280x720, CV_8U, BGR, 3)
[ PERFSTAT ]    (samples=13   mean=0.04   median=0.04   min=0.04   stddev=0.00 (1.8%))
[       OK ] Sz_Depth_Cn_KernelSz_BilateralFilter.BilateralFilter/3 (5 ms)
[ RUN      ] Sz_Depth_Cn_KernelSz_BilateralFilter.BilateralFilter/4, where GetParam() = (1280x720, CV_8U, BGR, 5)
[ PERFSTAT ]    (samples=13   mean=0.07   median=0.07   min=0.07   stddev=0.00 (1.6%))
[       OK ] Sz_Depth_Cn_KernelSz_BilateralFilter.BilateralFilter/4 (6 ms)
[ RUN      ] Sz_Depth_Cn_KernelSz_BilateralFilter.BilateralFilter/5, where GetParam() = (1280x720, CV_8U, BGR, 9)
[ PERFSTAT ]    (samples=13   mean=0.20   median=0.20   min=0.20   stddev=0.00 (2.2%))
[       OK ] Sz_Depth_Cn_KernelSz_BilateralFilter.BilateralFilter/5 (7 ms)
[ RUN      ] Sz_Depth_Cn_KernelSz_BilateralFilter.BilateralFilter/6, where GetParam() = (1280x720, CV_32F, Gray, 3)
[ PERFSTAT ]    (samples=13   mean=0.03   median=0.03   min=0.03   stddev=0.00 (1.7%))
[       OK ] Sz_Depth_Cn_KernelSz_BilateralFilter.BilateralFilter/6 (5 ms)
[ RUN      ] Sz_Depth_Cn_KernelSz_BilateralFilter.BilateralFilter/7, where GetParam() = (1280x720, CV_32F, Gray, 5)
[ PERFSTAT ]    (samples=13   mean=0.07   median=0.07   min=0.07   stddev=0.00 (2.6%))
[       OK ] Sz_Depth_Cn_KernelSz_BilateralFilter.BilateralFilter/7 (5 ms)
[ RUN      ] Sz_Depth_Cn_KernelSz_BilateralFilter.BilateralFilter/8, where GetParam() = (1280x720, CV_32F, Gray, 9)
[ PERFSTAT ]    (samples=13   mean=0.19   median=0.19   min=0.19   stddev=0.00 (1.5%))
[       OK ] Sz_Depth_Cn_KernelSz_BilateralFilter.BilateralFilter/8 (7 ms)
[ RUN      ] Sz_Depth_Cn_KernelSz_BilateralFilter.BilateralFilter/9, where GetParam() = (1280x720, CV_32F, BGR, 3)
[ PERFSTAT ]    (samples=13   mean=0.04   median=0.04   min=0.04   stddev=0.00 (1.3%))
[       OK ] Sz_Depth_Cn_KernelSz_BilateralFilter.BilateralFilter/9 (10 ms)
[ RUN      ] Sz_Depth_Cn_KernelSz_BilateralFilter.BilateralFilter/10, where GetParam() = (1280x720, CV_32F, BGR, 5)
[ PERFSTAT ]    (samples=13   mean=0.07   median=0.07   min=0.07   stddev=0.00 (1.9%))
[       OK ] Sz_Depth_Cn_KernelSz_BilateralFilter.BilateralFilter/10 (11 ms)
[ RUN      ] Sz_Depth_Cn_KernelSz_BilateralFilter.BilateralFilter/11, where GetParam() = (1280x720, CV_32F, BGR, 9)
[ PERFSTAT ]    (samples=13   mean=0.19   median=0.20   min=0.19   stddev=0.00 (2.1%))
[       OK ] Sz_Depth_Cn_KernelSz_BilateralFilter.BilateralFilter/11 (12 ms)
[ RUN      ] Sz_Depth_Cn_KernelSz_BilateralFilter.BilateralFilter/12, where GetParam() = (1280x1024, CV_8U, Gray, 3)
[ PERFSTAT ]    (samples=13   mean=0.04   median=0.04   min=0.04   stddev=0.00 (1.1%))
[       OK ] Sz_Depth_Cn_KernelSz_BilateralFilter.BilateralFilter/12 (4 ms)
[ RUN      ] Sz_Depth_Cn_KernelSz_BilateralFilter.BilateralFilter/13, where GetParam() = (1280x1024, CV_8U, Gray, 5)
[ PERFSTAT ]    (samples=13   mean=0.09   median=0.09   min=0.09   stddev=0.00 (1.4%))
[       OK ] Sz_Depth_Cn_KernelSz_BilateralFilter.BilateralFilter/13 (3 ms)
[ RUN      ] Sz_Depth_Cn_KernelSz_BilateralFilter.BilateralFilter/14, where GetParam() = (1280x1024, CV_8U, Gray, 9)
[ PERFSTAT ]    (samples=13   mean=0.24   median=0.24   min=0.24   stddev=0.00 (0.7%))
[       OK ] Sz_Depth_Cn_KernelSz_BilateralFilter.BilateralFilter/14 (5 ms)
[ RUN      ] Sz_Depth_Cn_KernelSz_BilateralFilter.BilateralFilter/15, where GetParam() = (1280x1024, CV_8U, BGR, 3)
[ PERFSTAT ]    (samples=13   mean=0.05   median=0.05   min=0.05   stddev=0.00 (1.1%))
[       OK ] Sz_Depth_Cn_KernelSz_BilateralFilter.BilateralFilter/15 (6 ms)
[ RUN      ] Sz_Depth_Cn_KernelSz_BilateralFilter.BilateralFilter/16, where GetParam() = (1280x1024, CV_8U, BGR, 5)
[ PERFSTAT ]    (samples=13   mean=0.10   median=0.09   min=0.09   stddev=0.00 (1.8%))
[       OK ] Sz_Depth_Cn_KernelSz_BilateralFilter.BilateralFilter/16 (6 ms)
[ RUN      ] Sz_Depth_Cn_KernelSz_BilateralFilter.BilateralFilter/17, where GetParam() = (1280x1024, CV_8U, BGR, 9)
[ PERFSTAT ]    (samples=13   mean=0.27   median=0.27   min=0.26   stddev=0.01 (2.0%))
[       OK ] Sz_Depth_Cn_KernelSz_BilateralFilter.BilateralFilter/17 (8 ms)
[ RUN      ] Sz_Depth_Cn_KernelSz_BilateralFilter.BilateralFilter/18, where GetParam() = (1280x1024, CV_32F, Gray, 3)
[ PERFSTAT ]    (samples=25   mean=0.04   median=0.04   min=0.04   stddev=0.00 (1.4%))
[       OK ] Sz_Depth_Cn_KernelSz_BilateralFilter.BilateralFilter/18 (5 ms)
[ RUN      ] Sz_Depth_Cn_KernelSz_BilateralFilter.BilateralFilter/19, where GetParam() = (1280x1024, CV_32F, Gray, 5)
[ PERFSTAT ]    (samples=13   mean=0.09   median=0.09   min=0.09   stddev=0.00 (1.4%))
[       OK ] Sz_Depth_Cn_KernelSz_BilateralFilter.BilateralFilter/19 (5 ms)
[ RUN      ] Sz_Depth_Cn_KernelSz_BilateralFilter.BilateralFilter/20, where GetParam() = (1280x1024, CV_32F, Gray, 9)
[ PERFSTAT ]    (samples=13   mean=0.25   median=0.25   min=0.25   stddev=0.00 (1.7%))
[       OK ] Sz_Depth_Cn_KernelSz_BilateralFilter.BilateralFilter/20 (7 ms)
[ RUN      ] Sz_Depth_Cn_KernelSz_BilateralFilter.BilateralFilter/21, where GetParam() = (1280x1024, CV_32F, BGR, 3)
[ PERFSTAT ]    (samples=13   mean=0.05   median=0.05   min=0.05   stddev=0.00 (1.4%))
[       OK ] Sz_Depth_Cn_KernelSz_BilateralFilter.BilateralFilter/21 (15 ms)
[ RUN      ] Sz_Depth_Cn_KernelSz_BilateralFilter.BilateralFilter/22, where GetParam() = (1280x1024, CV_32F, BGR, 5)
[ PERFSTAT ]    (samples=13   mean=0.09   median=0.09   min=0.09   stddev=0.00 (1.1%))
[       OK ] Sz_Depth_Cn_KernelSz_BilateralFilter.BilateralFilter/22 (16 ms)
[ RUN      ] Sz_Depth_Cn_KernelSz_BilateralFilter.BilateralFilter/23, where GetParam() = (1280x1024, CV_32F, BGR, 9)
[ PERFSTAT ]    (samples=13   mean=0.26   median=0.26   min=0.26   stddev=0.00 (1.1%))
[       OK ] Sz_Depth_Cn_KernelSz_BilateralFilter.BilateralFilter/23 (17 ms)
[ RUN      ] Sz_Depth_Cn_KernelSz_BilateralFilter.BilateralFilter/24, where GetParam() = (1920x1080, CV_8U, Gray, 3)
[ PERFSTAT ]    (samples=25   mean=0.05   median=0.05   min=0.05   stddev=0.00 (0.8%))
[       OK ] Sz_Depth_Cn_KernelSz_BilateralFilter.BilateralFilter/24 (6 ms)
[ RUN      ] Sz_Depth_Cn_KernelSz_BilateralFilter.BilateralFilter/25, where GetParam() = (1920x1080, CV_8U, Gray, 5)
[ PERFSTAT ]    (samples=13   mean=0.12   median=0.12   min=0.12   stddev=0.00 (0.6%))
[       OK ] Sz_Depth_Cn_KernelSz_BilateralFilter.BilateralFilter/25 (4 ms)
[ RUN      ] Sz_Depth_Cn_KernelSz_BilateralFilter.BilateralFilter/26, where GetParam() = (1920x1080, CV_8U, Gray, 9)
[ PERFSTAT ]    (samples=13   mean=0.35   median=0.35   min=0.35   stddev=0.00 (0.7%))
[       OK ] Sz_Depth_Cn_KernelSz_BilateralFilter.BilateralFilter/26 (7 ms)
[ RUN      ] Sz_Depth_Cn_KernelSz_BilateralFilter.BilateralFilter/27, where GetParam() = (1920x1080, CV_8U, BGR, 3)
[ PERFSTAT ]    (samples=13   mean=0.07   median=0.07   min=0.07   stddev=0.00 (0.9%))
[       OK ] Sz_Depth_Cn_KernelSz_BilateralFilter.BilateralFilter/27 (8 ms)
[ RUN      ] Sz_Depth_Cn_KernelSz_BilateralFilter.BilateralFilter/28, where GetParam() = (1920x1080, CV_8U, BGR, 5)
[ PERFSTAT ]    (samples=13   mean=0.13   median=0.13   min=0.13   stddev=0.00 (0.8%))
[       OK ] Sz_Depth_Cn_KernelSz_BilateralFilter.BilateralFilter/28 (8 ms)
[ RUN      ] Sz_Depth_Cn_KernelSz_BilateralFilter.BilateralFilter/29, where GetParam() = (1920x1080, CV_8U, BGR, 9)
[ PERFSTAT ]    (samples=13   mean=0.39   median=0.39   min=0.38   stddev=0.00 (0.9%))
[       OK ] Sz_Depth_Cn_KernelSz_BilateralFilter.BilateralFilter/29 (12 ms)
[ RUN      ] Sz_Depth_Cn_KernelSz_BilateralFilter.BilateralFilter/30, where GetParam() = (1920x1080, CV_32F, Gray, 3)
[ PERFSTAT ]    (samples=13   mean=0.06   median=0.06   min=0.05   stddev=0.00 (1.5%))
[       OK ] Sz_Depth_Cn_KernelSz_BilateralFilter.BilateralFilter/30 (7 ms)
[ RUN      ] Sz_Depth_Cn_KernelSz_BilateralFilter.BilateralFilter/31, where GetParam() = (1920x1080, CV_32F, Gray, 5)
[ PERFSTAT ]    (samples=13   mean=0.13   median=0.13   min=0.13   stddev=0.00 (0.8%))
[       OK ] Sz_Depth_Cn_KernelSz_BilateralFilter.BilateralFilter/31 (7 ms)
[ RUN      ] Sz_Depth_Cn_KernelSz_BilateralFilter.BilateralFilter/32, where GetParam() = (1920x1080, CV_32F, Gray, 9)
[ PERFSTAT ]    (samples=13   mean=0.37   median=0.37   min=0.36   stddev=0.00 (0.9%))
[       OK ] Sz_Depth_Cn_KernelSz_BilateralFilter.BilateralFilter/32 (11 ms)
[ RUN      ] Sz_Depth_Cn_KernelSz_BilateralFilter.BilateralFilter/33, where GetParam() = (1920x1080, CV_32F, BGR, 3)
[ PERFSTAT ]    (samples=13   mean=0.08   median=0.08   min=0.08   stddev=0.00 (0.4%))
[       OK ] Sz_Depth_Cn_KernelSz_BilateralFilter.BilateralFilter/33 (23 ms)
[ RUN      ] Sz_Depth_Cn_KernelSz_BilateralFilter.BilateralFilter/34, where GetParam() = (1920x1080, CV_32F, BGR, 5)
[ PERFSTAT ]    (samples=13   mean=0.14   median=0.14   min=0.14   stddev=0.00 (0.5%))
[       OK ] Sz_Depth_Cn_KernelSz_BilateralFilter.BilateralFilter/34 (23 ms)
[ RUN      ] Sz_Depth_Cn_KernelSz_BilateralFilter.BilateralFilter/35, where GetParam() = (1920x1080, CV_32F, BGR, 9)
[ PERFSTAT ]    (samples=13   mean=0.38   median=0.38   min=0.38   stddev=0.00 (0.7%))
[       OK ] Sz_Depth_Cn_KernelSz_BilateralFilter.BilateralFilter/35 (27 ms)
[----------] 36 tests from Sz_Depth_Cn_KernelSz_BilateralFilter (337 ms total)

[----------] 18 tests from Sz_Depth_Cn_BlendLinear
[ RUN      ] Sz_Depth_Cn_BlendLinear.BlendLinear/0, where GetParam() = (1280x720, CV_8U, Gray)
[ PERFSTAT ]    (samples=14   mean=0.02   median=0.02   min=0.02   stddev=0.00 (3.0%))
[       OK ] Sz_Depth_Cn_BlendLinear.BlendLinear/0 (8 ms)
[ RUN      ] Sz_Depth_Cn_BlendLinear.BlendLinear/1, where GetParam() = (1280x720, CV_8U, BGR)
[ PERFSTAT ]    (samples=13   mean=0.03   median=0.03   min=0.03   stddev=0.00 (2.6%))
[       OK ] Sz_Depth_Cn_BlendLinear.BlendLinear/1 (10 ms)
[ RUN      ] Sz_Depth_Cn_BlendLinear.BlendLinear/2, where GetParam() = (1280x720, CV_8U, BGRA)
[ PERFSTAT ]    (samples=17   mean=0.02   median=0.02   min=0.02   stddev=0.00 (3.0%))
[       OK ] Sz_Depth_Cn_BlendLinear.BlendLinear/2 (12 ms)
[ RUN      ] Sz_Depth_Cn_BlendLinear.BlendLinear/3, where GetParam() = (1280x720, CV_32F, Gray)
[ PERFSTAT ]    (samples=13   mean=0.02   median=0.02   min=0.02   stddev=0.00 (2.3%))
[       OK ] Sz_Depth_Cn_BlendLinear.BlendLinear/3 (8 ms)
[ RUN      ] Sz_Depth_Cn_BlendLinear.BlendLinear/4, where GetParam() = (1280x720, CV_32F, BGR)
[ PERFSTAT ]    (samples=13   mean=0.04   median=0.04   min=0.04   stddev=0.00 (1.6%))
[       OK ] Sz_Depth_Cn_BlendLinear.BlendLinear/4 (20 ms)
[ RUN      ] Sz_Depth_Cn_BlendLinear.BlendLinear/5, where GetParam() = (1280x720, CV_32F, BGRA)
[ PERFSTAT ]    (samples=13   mean=0.05   median=0.05   min=0.05   stddev=0.00 (0.9%))
[       OK ] Sz_Depth_Cn_BlendLinear.BlendLinear/5 (25 ms)
[ RUN      ] Sz_Depth_Cn_BlendLinear.BlendLinear/6, where GetParam() = (1280x1024, CV_8U, Gray)
[ PERFSTAT ]    (samples=13   mean=0.02   median=0.02   min=0.02   stddev=0.00 (2.2%))
[       OK ] Sz_Depth_Cn_BlendLinear.BlendLinear/6 (10 ms)
[ RUN      ] Sz_Depth_Cn_BlendLinear.BlendLinear/7, where GetParam() = (1280x1024, CV_8U, BGR)
[ PERFSTAT ]    (samples=13   mean=0.04   median=0.04   min=0.04   stddev=0.00 (1.0%))
[       OK ] Sz_Depth_Cn_BlendLinear.BlendLinear/7 (15 ms)
[ RUN      ] Sz_Depth_Cn_BlendLinear.BlendLinear/8, where GetParam() = (1280x1024, CV_8U, BGRA)
[ PERFSTAT ]    (samples=35   mean=0.03   median=0.02   min=0.02   stddev=0.00 (3.0%))
[       OK ] Sz_Depth_Cn_BlendLinear.BlendLinear/8 (17 ms)
[ RUN      ] Sz_Depth_Cn_BlendLinear.BlendLinear/9, where GetParam() = (1280x1024, CV_32F, Gray)
[ PERFSTAT ]    (samples=25   mean=0.02   median=0.02   min=0.02   stddev=0.00 (1.5%))
[       OK ] Sz_Depth_Cn_BlendLinear.BlendLinear/9 (12 ms)
[ RUN      ] Sz_Depth_Cn_BlendLinear.BlendLinear/10, where GetParam() = (1280x1024, CV_32F, BGR)
[ PERFSTAT ]    (samples=13   mean=0.05   median=0.05   min=0.05   stddev=0.00 (0.4%))
[       OK ] Sz_Depth_Cn_BlendLinear.BlendLinear/10 (29 ms)
[ RUN      ] Sz_Depth_Cn_BlendLinear.BlendLinear/11, where GetParam() = (1280x1024, CV_32F, BGRA)
[ PERFSTAT ]    (samples=13   mean=0.07   median=0.07   min=0.06   stddev=0.00 (1.0%))
[       OK ] Sz_Depth_Cn_BlendLinear.BlendLinear/11 (38 ms)
[ RUN      ] Sz_Depth_Cn_BlendLinear.BlendLinear/12, where GetParam() = (1920x1080, CV_8U, Gray)
[ PERFSTAT ]    (samples=13   mean=0.02   median=0.02   min=0.02   stddev=0.00 (1.6%))
[       OK ] Sz_Depth_Cn_BlendLinear.BlendLinear/12 (13 ms)
[ RUN      ] Sz_Depth_Cn_BlendLinear.BlendLinear/13, where GetParam() = (1920x1080, CV_8U, BGR)
[ PERFSTAT ]    (samples=13   mean=0.06   median=0.06   min=0.06   stddev=0.00 (0.7%))
[       OK ] Sz_Depth_Cn_BlendLinear.BlendLinear/13 (22 ms)
[ RUN      ] Sz_Depth_Cn_BlendLinear.BlendLinear/14, where GetParam() = (1920x1080, CV_8U, BGRA)
[ PERFSTAT ]    (samples=13   mean=0.04   median=0.04   min=0.04   stddev=0.00 (1.8%))
[       OK ] Sz_Depth_Cn_BlendLinear.BlendLinear/14 (24 ms)
[ RUN      ] Sz_Depth_Cn_BlendLinear.BlendLinear/15, where GetParam() = (1920x1080, CV_32F, Gray)
[ PERFSTAT ]    (samples=13   mean=0.04   median=0.04   min=0.04   stddev=0.00 (2.5%))
[       OK ] Sz_Depth_Cn_BlendLinear.BlendLinear/15 (18 ms)
[ RUN      ] Sz_Depth_Cn_BlendLinear.BlendLinear/16, where GetParam() = (1920x1080, CV_32F, BGR)
[ PERFSTAT ]    (samples=13   mean=0.08   median=0.08   min=0.08   stddev=0.00 (1.2%))
[       OK ] Sz_Depth_Cn_BlendLinear.BlendLinear/16 (42 ms)
[ RUN      ] Sz_Depth_Cn_BlendLinear.BlendLinear/17, where GetParam() = (1920x1080, CV_32F, BGRA)
[ PERFSTAT ]    (samples=13   mean=0.10   median=0.10   min=0.10   stddev=0.00 (0.8%))
[       OK ] Sz_Depth_Cn_BlendLinear.BlendLinear/17 (54 ms)
[----------] 18 tests from Sz_Depth_Cn_BlendLinear (379 ms total)

[----------] 12 tests from Image_AppertureSz_L2gradient_Canny
[ RUN      ] Image_AppertureSz_L2gradient_Canny.Canny/0, where GetParam() = ("perf/800x600.png", 3, false)
[ PERFSTAT ]    (samples=13   mean=0.16   median=0.16   min=0.15   stddev=0.00 (2.2%))
[       OK ] Image_AppertureSz_L2gradient_Canny.Canny/0 (32 ms)
[ RUN      ] Image_AppertureSz_L2gradient_Canny.Canny/1, where GetParam() = ("perf/800x600.png", 3, true)
[ PERFSTAT ]    (samples=13   mean=0.18   median=0.18   min=0.17   stddev=0.00 (2.0%))
[       OK ] Image_AppertureSz_L2gradient_Canny.Canny/1 (25 ms)
[ RUN      ] Image_AppertureSz_L2gradient_Canny.Canny/2, where GetParam() = ("perf/800x600.png", 5, false)
[ PERFSTAT ]    (samples=13   mean=0.18   median=0.18   min=0.18   stddev=0.00 (1.5%))
[       OK ] Image_AppertureSz_L2gradient_Canny.Canny/2 (66 ms)
[ RUN      ] Image_AppertureSz_L2gradient_Canny.Canny/3, where GetParam() = ("perf/800x600.png", 5, true)
[ PERFSTAT ]    (samples=13   mean=0.18   median=0.18   min=0.18   stddev=0.00 (1.4%))
[       OK ] Image_AppertureSz_L2gradient_Canny.Canny/3 (38 ms)
[ RUN      ] Image_AppertureSz_L2gradient_Canny.Canny/4, where GetParam() = ("perf/1280x1024.png", 3, false)
[ PERFSTAT ]    (samples=13   mean=0.20   median=0.20   min=0.20   stddev=0.00 (0.9%))
[       OK ] Image_AppertureSz_L2gradient_Canny.Canny/4 (37 ms)
[ RUN      ] Image_AppertureSz_L2gradient_Canny.Canny/5, where GetParam() = ("perf/1280x1024.png", 3, true)
[ PERFSTAT ]    (samples=13   mean=0.19   median=0.19   min=0.19   stddev=0.00 (1.3%))
[       OK ] Image_AppertureSz_L2gradient_Canny.Canny/5 (37 ms)
[ RUN      ] Image_AppertureSz_L2gradient_Canny.Canny/6, where GetParam() = ("perf/1280x1024.png", 5, false)
[ PERFSTAT ]    (samples=13   mean=0.24   median=0.24   min=0.24   stddev=0.00 (0.9%))
[       OK ] Image_AppertureSz_L2gradient_Canny.Canny/6 (42 ms)
[ RUN      ] Image_AppertureSz_L2gradient_Canny.Canny/7, where GetParam() = ("perf/1280x1024.png", 5, true)
[ PERFSTAT ]    (samples=13   mean=0.25   median=0.25   min=0.25   stddev=0.00 (1.1%))
[       OK ] Image_AppertureSz_L2gradient_Canny.Canny/7 (38 ms)
[ RUN      ] Image_AppertureSz_L2gradient_Canny.Canny/8, where GetParam() = ("perf/1680x1050.png", 3, false)
[ PERFSTAT ]    (samples=13   mean=0.70   median=0.70   min=0.69   stddev=0.00 (0.5%))
[       OK ] Image_AppertureSz_L2gradient_Canny.Canny/8 (48 ms)
[ RUN      ] Image_AppertureSz_L2gradient_Canny.Canny/9, where GetParam() = ("perf/1680x1050.png", 3, true)
[ PERFSTAT ]    (samples=13   mean=0.71   median=0.71   min=0.70   stddev=0.00 (0.6%))
[       OK ] Image_AppertureSz_L2gradient_Canny.Canny/9 (45 ms)
[ RUN      ] Image_AppertureSz_L2gradient_Canny.Canny/10, where GetParam() = ("perf/1680x1050.png", 5, false)
[ PERFSTAT ]    (samples=13   mean=0.31   median=0.31   min=0.31   stddev=0.00 (0.9%))
[       OK ] Image_AppertureSz_L2gradient_Canny.Canny/10 (42 ms)
[ RUN      ] Image_AppertureSz_L2gradient_Canny.Canny/11, where GetParam() = ("perf/1680x1050.png", 5, true)
[ PERFSTAT ]    (samples=13   mean=0.32   median=0.32   min=0.32   stddev=0.00 (0.5%))
[       OK ] Image_AppertureSz_L2gradient_Canny.Canny/11 (41 ms)
[----------] 12 tests from Image_AppertureSz_L2gradient_Canny (491 ms total)

[----------] 126 tests from Sz_Depth_Code_CvtColor
[ RUN      ] Sz_Depth_Code_CvtColor.CvtColor/0, where GetParam() = (1280x720, CV_8U, BGRA2RGBA)
[ PERFSTAT ]    (samples=38   mean=0.01   median=0.01   min=0.01   stddev=0.00 (1.6%))
[       OK ] Sz_Depth_Code_CvtColor.CvtColor/0 (34 ms)
[ RUN      ] Sz_Depth_Code_CvtColor.CvtColor/1, where GetParam() = (1280x720, CV_8U, BGRA2GRAY)
[ PERFSTAT ]    (samples=13   mean=0.01   median=0.01   min=0.01   stddev=0.00 (2.4%))
[       OK ] Sz_Depth_Code_CvtColor.CvtColor/1 (9 ms)
[ RUN      ] Sz_Depth_Code_CvtColor.CvtColor/2, where GetParam() = (1280x720, CV_8U, GRAY2BGRA)
[ PERFSTAT ]    (samples=13   mean=0.01   median=0.01   min=0.01   stddev=0.00 (1.8%))
[       OK ] Sz_Depth_Code_CvtColor.CvtColor/2 (4 ms)
[ RUN      ] Sz_Depth_Code_CvtColor.CvtColor/3, where GetParam() = (1280x720, CV_8U, BGR2XYZ)
[ PERFSTAT ]    (samples=25   mean=0.01   median=0.01   min=0.01   stddev=0.00 (1.4%))
[       OK ] Sz_Depth_Code_CvtColor.CvtColor/3 (8 ms)
[ RUN      ] Sz_Depth_Code_CvtColor.CvtColor/4, where GetParam() = (1280x720, CV_8U, XYZ2BGR)
[ PERFSTAT ]    (samples=13   mean=0.01   median=0.01   min=0.01   stddev=0.00 (2.1%))
[       OK ] Sz_Depth_Code_CvtColor.CvtColor/4 (7 ms)
[ RUN      ] Sz_Depth_Code_CvtColor.CvtColor/5, where GetParam() = (1280x720, CV_8U, BGR2YCrCb)
[ PERFSTAT ]    (samples=13   mean=0.02   median=0.02   min=0.02   stddev=0.00 (1.7%))
[       OK ] Sz_Depth_Code_CvtColor.CvtColor/5 (7 ms)
[ RUN      ] Sz_Depth_Code_CvtColor.CvtColor/6, where GetParam() = (1280x720, CV_8U, YCrCb2BGR)
[ PERFSTAT ]    (samples=13   mean=0.02   median=0.02   min=0.02   stddev=0.00 (1.6%))
[       OK ] Sz_Depth_Code_CvtColor.CvtColor/6 (7 ms)
[ RUN      ] Sz_Depth_Code_CvtColor.CvtColor/7, where GetParam() = (1280x720, CV_8U, BGR2YUV)
[ PERFSTAT ]    (samples=13   mean=0.02   median=0.02   min=0.02   stddev=0.00 (1.6%))
[       OK ] Sz_Depth_Code_CvtColor.CvtColor/7 (7 ms)
[ RUN      ] Sz_Depth_Code_CvtColor.CvtColor/8, where GetParam() = (1280x720, CV_8U, YUV2BGR)
[ PERFSTAT ]    (samples=13   mean=0.02   median=0.02   min=0.02   stddev=0.00 (1.5%))
[       OK ] Sz_Depth_Code_CvtColor.CvtColor/8 (7 ms)
[ RUN      ] Sz_Depth_Code_CvtColor.CvtColor/9, where GetParam() = (1280x720, CV_8U, BGR2HSV)
[ PERFSTAT ]    (samples=13   mean=0.04   median=0.04   min=0.04   stddev=0.00 (0.6%))
[       OK ] Sz_Depth_Code_CvtColor.CvtColor/9 (7 ms)
[ RUN      ] Sz_Depth_Code_CvtColor.CvtColor/10, where GetParam() = (1280x720, CV_8U, HSV2BGR)
[ PERFSTAT ]    (samples=13   mean=0.02   median=0.02   min=0.02   stddev=0.00 (2.0%))
[       OK ] Sz_Depth_Code_CvtColor.CvtColor/10 (8 ms)
[ RUN      ] Sz_Depth_Code_CvtColor.CvtColor/11, where GetParam() = (1280x720, CV_8U, BGR2HLS)
[ PERFSTAT ]    (samples=13   mean=0.02   median=0.02   min=0.02   stddev=0.00 (2.3%))
[       OK ] Sz_Depth_Code_CvtColor.CvtColor/11 (7 ms)
[ RUN      ] Sz_Depth_Code_CvtColor.CvtColor/12, where GetParam() = (1280x720, CV_8U, HLS2BGR)
[ PERFSTAT ]    (samples=13   mean=0.02   median=0.02   min=0.02   stddev=0.00 (1.8%))
[       OK ] Sz_Depth_Code_CvtColor.CvtColor/12 (8 ms)
[ RUN      ] Sz_Depth_Code_CvtColor.CvtColor/13, where GetParam() = (1280x720, CV_8U, BGR2Lab)
[ PERFSTAT ]    (samples=13   mean=0.06   median=0.06   min=0.06   stddev=0.00 (0.4%))
[       OK ] Sz_Depth_Code_CvtColor.CvtColor/13 (9 ms)
[ RUN      ] Sz_Depth_Code_CvtColor.CvtColor/14, where GetParam() = (1280x720, CV_8U, LBGR2Lab)
[ PERFSTAT ]    (samples=13   mean=0.02   median=0.02   min=0.02   stddev=0.00 (0.9%))
[       OK ] Sz_Depth_Code_CvtColor.CvtColor/14 (7 ms)
[ RUN      ] Sz_Depth_Code_CvtColor.CvtColor/15, where GetParam() = (1280x720, CV_8U, BGR2Luv)
[ PERFSTAT ]    (samples=13   mean=1.51   median=1.51   min=1.51   stddev=0.00 (0.2%))
[       OK ] Sz_Depth_Code_CvtColor.CvtColor/15 (26 ms)
[ RUN      ] Sz_Depth_Code_CvtColor.CvtColor/16, where GetParam() = (1280x720, CV_8U, LBGR2Luv)
[ PERFSTAT ]    (samples=13   mean=0.23   median=0.24   min=0.23   stddev=0.00 (0.9%))
[       OK ] Sz_Depth_Code_CvtColor.CvtColor/16 (11 ms)
[ RUN      ] Sz_Depth_Code_CvtColor.CvtColor/17, where GetParam() = (1280x720, CV_8U, Lab2BGR)
/data/xumengying/tool-verify/opencv-verify/src/opencv/modules/ts/src/ts_perf.cpp:381: Failure
The difference between expect_last and actual_last is 255, which exceeds eps, where
expect_last evaluates to 255,
actual_last evaluates to 0, and
eps evaluates to 0.0001.
Argument "gpu_dst" has unexpected value of the last element

params    = (1280x720, CV_8U, Lab2BGR)
termination reason:  unknown
bytesIn   =          0
bytesOut  =          0
samples   =         13 of 100
outliers  =          1
frequency = 1000000000
min       =     553025 = 0.55ms
median    =     558490 = 0.56ms
gmean     =     558382 = 0.56ms
gstddev   = 0.00532068 = 0.02ms for 97% dispersion interval
mean      =     558389 = 0.56ms
stddev    =       2970 = 0.00ms
[  FAILED  ] Sz_Depth_Code_CvtColor.CvtColor/17, where GetParam() = (1280x720, CV_8U, Lab2BGR) (14 ms)
[ RUN      ] Sz_Depth_Code_CvtColor.CvtColor/18, where GetParam() = (1280x720, CV_8U, Lab2LBGR)
[ PERFSTAT ]    (samples=13   mean=0.03   median=0.03   min=0.02   stddev=0.00 (1.1%))
[       OK ] Sz_Depth_Code_CvtColor.CvtColor/18 (7 ms)
[ RUN      ] Sz_Depth_Code_CvtColor.CvtColor/19, where GetParam() = (1280x720, CV_8U, Luv2RGB)
[ PERFSTAT ]    (samples=13   mean=0.61   median=0.61   min=0.61   stddev=0.00 (0.3%))
[       OK ] Sz_Depth_Code_CvtColor.CvtColor/19 (15 ms)
[ RUN      ] Sz_Depth_Code_CvtColor.CvtColor/20, where GetParam() = (1280x720, CV_8U, Luv2LRGB)
[ PERFSTAT ]    (samples=13   mean=0.02   median=0.02   min=0.02   stddev=0.00 (2.2%))
[       OK ] Sz_Depth_Code_CvtColor.CvtColor/20 (8 ms)
[ RUN      ] Sz_Depth_Code_CvtColor.CvtColor/21, where GetParam() = (1280x720, CV_32F, BGRA2RGBA)
[ PERFSTAT ]    (samples=16   mean=0.02   median=0.02   min=0.02   stddev=0.00 (3.0%))
[       OK ] Sz_Depth_Code_CvtColor.CvtColor/21 (13 ms)
[ RUN      ] Sz_Depth_Code_CvtColor.CvtColor/22, where GetParam() = (1280x720, CV_32F, BGRA2GRAY)
[ PERFSTAT ]    (samples=22   mean=0.02   median=0.02   min=0.02   stddev=0.00 (2.9%))
[       OK ] Sz_Depth_Code_CvtColor.CvtColor/22 (8 ms)
[ RUN      ] Sz_Depth_Code_CvtColor.CvtColor/23, where GetParam() = (1280x720, CV_32F, GRAY2BGRA)
[ PERFSTAT ]    (samples=20   mean=0.02   median=0.02   min=0.02   stddev=0.00 (2.9%))
[       OK ] Sz_Depth_Code_CvtColor.CvtColor/23 (5 ms)
[ RUN      ] Sz_Depth_Code_CvtColor.CvtColor/24, where GetParam() = (1280x720, CV_32F, BGR2XYZ)
[ PERFSTAT ]    (samples=13   mean=0.02   median=0.02   min=0.02   stddev=0.00 (2.8%))
[       OK ] Sz_Depth_Code_CvtColor.CvtColor/24 (8 ms)
[ RUN      ] Sz_Depth_Code_CvtColor.CvtColor/25, where GetParam() = (1280x720, CV_32F, XYZ2BGR)
[ PERFSTAT ]    (samples=13   mean=0.02   median=0.02   min=0.02   stddev=0.00 (2.3%))
[       OK ] Sz_Depth_Code_CvtColor.CvtColor/25 (8 ms)
[ RUN      ] Sz_Depth_Code_CvtColor.CvtColor/26, where GetParam() = (1280x720, CV_32F, BGR2YCrCb)
[ PERFSTAT ]    (samples=13   mean=0.02   median=0.02   min=0.02   stddev=0.00 (2.8%))
[       OK ] Sz_Depth_Code_CvtColor.CvtColor/26 (10 ms)
[ RUN      ] Sz_Depth_Code_CvtColor.CvtColor/27, where GetParam() = (1280x720, CV_32F, YCrCb2BGR)
[ PERFSTAT ]    (samples=13   mean=0.02   median=0.02   min=0.02   stddev=0.00 (2.2%))
[       OK ] Sz_Depth_Code_CvtColor.CvtColor/27 (8 ms)
[ RUN      ] Sz_Depth_Code_CvtColor.CvtColor/28, where GetParam() = (1280x720, CV_32F, BGR2YUV)
[ PERFSTAT ]    (samples=13   mean=0.02   median=0.02   min=0.02   stddev=0.00 (2.7%))
[       OK ] Sz_Depth_Code_CvtColor.CvtColor/28 (8 ms)
[ RUN      ] Sz_Depth_Code_CvtColor.CvtColor/29, where GetParam() = (1280x720, CV_32F, YUV2BGR)
[ PERFSTAT ]    (samples=38   mean=0.02   median=0.02   min=0.02   stddev=0.00 (1.7%))
[       OK ] Sz_Depth_Code_CvtColor.CvtColor/29 (8 ms)
[ RUN      ] Sz_Depth_Code_CvtColor.CvtColor/30, where GetParam() = (1280x720, CV_32F, BGR2HSV)
[ PERFSTAT ]    (samples=13   mean=0.02   median=0.02   min=0.02   stddev=0.00 (1.7%))
[       OK ] Sz_Depth_Code_CvtColor.CvtColor/30 (8 ms)
[ RUN      ] Sz_Depth_Code_CvtColor.CvtColor/31, where GetParam() = (1280x720, CV_32F, HSV2BGR)
[ PERFSTAT ]    (samples=23   mean=0.02   median=0.02   min=0.02   stddev=0.00 (3.0%))
[       OK ] Sz_Depth_Code_CvtColor.CvtColor/31 (8 ms)
[ RUN      ] Sz_Depth_Code_CvtColor.CvtColor/32, where GetParam() = (1280x720, CV_32F, BGR2HLS)
[ PERFSTAT ]    (samples=13   mean=0.02   median=0.02   min=0.02   stddev=0.00 (2.8%))
[       OK ] Sz_Depth_Code_CvtColor.CvtColor/32 (8 ms)
[ RUN      ] Sz_Depth_Code_CvtColor.CvtColor/33, where GetParam() = (1280x720, CV_32F, HLS2BGR)
[ PERFSTAT ]    (samples=13   mean=0.02   median=0.02   min=0.02   stddev=0.00 (2.5%))
[       OK ] Sz_Depth_Code_CvtColor.CvtColor/33 (8 ms)
[ RUN      ] Sz_Depth_Code_CvtColor.CvtColor/34, where GetParam() = (1280x720, CV_32F, BGR2Lab)
[ PERFSTAT ]    (samples=13   mean=1.15   median=1.15   min=1.14   stddev=0.01 (0.5%))
[       OK ] Sz_Depth_Code_CvtColor.CvtColor/34 (23 ms)
[ RUN      ] Sz_Depth_Code_CvtColor.CvtColor/35, where GetParam() = (1280x720, CV_32F, LBGR2Lab)
[ PERFSTAT ]    (samples=13   mean=0.03   median=0.03   min=0.03   stddev=0.00 (1.2%))
[       OK ] Sz_Depth_Code_CvtColor.CvtColor/35 (8 ms)
[ RUN      ] Sz_Depth_Code_CvtColor.CvtColor/36, where GetParam() = (1280x720, CV_32F, BGR2Luv)
[ PERFSTAT ]    (samples=13   mean=1.57   median=1.57   min=1.56   stddev=0.00 (0.3%))
[       OK ] Sz_Depth_Code_CvtColor.CvtColor/36 (28 ms)
[ RUN      ] Sz_Depth_Code_CvtColor.CvtColor/37, where GetParam() = (1280x720, CV_32F, LBGR2Luv)
[ PERFSTAT ]    (samples=13   mean=0.25   median=0.25   min=0.24   stddev=0.00 (0.7%))
[       OK ] Sz_Depth_Code_CvtColor.CvtColor/37 (11 ms)
[ RUN      ] Sz_Depth_Code_CvtColor.CvtColor/38, where GetParam() = (1280x720, CV_32F, Lab2BGR)
/data/xumengying/tool-verify/opencv-verify/src/opencv/modules/ts/src/ts_perf.cpp:366: Failure
The difference between expect_min and actual_min is 0.0095197604969143867, which exceeds eps, where
expect_min evaluates to -0.0095197604969143867,
actual_min evaluates to 0, and
eps evaluates to 0.0001.
Argument "gpu_dst" has unexpected minimal value

params    = (1280x720, CV_32F, Lab2BGR)
termination reason:  unknown
bytesIn   =          0
bytesOut  =          0
samples   =         25 of 100
outliers  =          2
frequency = 1000000000
min       =      24546 = 0.02ms
median    =      24978 = 0.02ms
gmean     =      25168 = 0.03ms
gstddev   = 0.02345977 = 0.00ms for 97% dispersion interval
mean      =      25175 = 0.03ms
stddev    =        598 = 0.00ms
[  FAILED  ] Sz_Depth_Code_CvtColor.CvtColor/38, where GetParam() = (1280x720, CV_32F, Lab2BGR) (9 ms)
[ RUN      ] Sz_Depth_Code_CvtColor.CvtColor/39, where GetParam() = (1280x720, CV_32F, Lab2LBGR)
/data/xumengying/tool-verify/opencv-verify/src/opencv/modules/ts/src/ts_perf.cpp:366: Failure
The difference between expect_min and actual_min is 0.00073661532951518893, which exceeds eps, where
expect_min evaluates to -0.00073661532951518893,
actual_min evaluates to 0, and
eps evaluates to 0.0001.
Argument "gpu_dst" has unexpected minimal value

params    = (1280x720, CV_32F, Lab2LBGR)
termination reason:  unknown
bytesIn   =          0
bytesOut  =          0
samples   =         13 of 100
outliers  =          1
frequency = 1000000000
min       =      20919 = 0.02ms
median    =      21942 = 0.02ms
gmean     =      21924 = 0.02ms
gstddev   = 0.02454604 = 0.00ms for 97% dispersion interval
mean      =      21930 = 0.02ms
stddev    =        538 = 0.00ms
[  FAILED  ] Sz_Depth_Code_CvtColor.CvtColor/39, where GetParam() = (1280x720, CV_32F, Lab2LBGR) (8 ms)
[ RUN      ] Sz_Depth_Code_CvtColor.CvtColor/40, where GetParam() = (1280x720, CV_32F, Luv2RGB)
/data/xumengying/tool-verify/opencv-verify/src/opencv/modules/ts/src/ts_perf.cpp:368: Failure
The difference between expect_max and actual_max is 0.9677351750433445, which exceeds eps, where
expect_max evaluates to 1.0000004768371582,
actual_max evaluates to 0.032265301793813705, and
eps evaluates to 0.0001.
Argument "gpu_dst" has unexpected maximal value

params    = (1280x720, CV_32F, Luv2RGB)
termination reason:  unknown
bytesIn   =          0
bytesOut  =          0
samples   =         13 of 100
outliers  =          1
frequency = 1000000000
min       =      23104 = 0.02ms
median    =      23620 = 0.02ms
gmean     =      23658 = 0.02ms
gstddev   = 0.01733781 = 0.00ms for 97% dispersion interval
mean      =      23661 = 0.02ms
stddev    =        414 = 0.00ms
[  FAILED  ] Sz_Depth_Code_CvtColor.CvtColor/40, where GetParam() = (1280x720, CV_32F, Luv2RGB) (8 ms)
[ RUN      ] Sz_Depth_Code_CvtColor.CvtColor/41, where GetParam() = (1280x720, CV_32F, Luv2LRGB)
/data/xumengying/tool-verify/opencv-verify/src/opencv/modules/ts/src/ts_perf.cpp:368: Failure
The difference between expect_max and actual_max is 0.99750548484735191, which exceeds eps, where
expect_max evaluates to 1,
actual_max evaluates to 0.0024945151526480913, and
eps evaluates to 0.0001.
Argument "gpu_dst" has unexpected maximal value

params    = (1280x720, CV_32F, Luv2LRGB)
termination reason:  unknown
bytesIn   =          0
bytesOut  =          0
samples   =         13 of 100
outliers  =          1
frequency = 1000000000
min       =      19276 = 0.02ms
median    =      19667 = 0.02ms
gmean     =      19729 = 0.02ms
gstddev   = 0.01989234 = 0.00ms for 97% dispersion interval
mean      =      19733 = 0.02ms
stddev    =        395 = 0.00ms
[  FAILED  ] Sz_Depth_Code_CvtColor.CvtColor/41, where GetParam() = (1280x720, CV_32F, Luv2LRGB) (8 ms)
[ RUN      ] Sz_Depth_Code_CvtColor.CvtColor/42, where GetParam() = (1280x1024, CV_8U, BGRA2RGBA)
[ PERFSTAT ]    (samples=13   mean=0.02   median=0.02   min=0.02   stddev=0.00 (2.2%))
[       OK ] Sz_Depth_Code_CvtColor.CvtColor/42 (13 ms)
[ RUN      ] Sz_Depth_Code_CvtColor.CvtColor/43, where GetParam() = (1280x1024, CV_8U, BGRA2GRAY)
[ PERFSTAT ]    (samples=13   mean=0.02   median=0.02   min=0.02   stddev=0.00 (1.5%))
[       OK ] Sz_Depth_Code_CvtColor.CvtColor/43 (12 ms)
[ RUN      ] Sz_Depth_Code_CvtColor.CvtColor/44, where GetParam() = (1280x1024, CV_8U, GRAY2BGRA)
[ PERFSTAT ]    (samples=25   mean=0.02   median=0.02   min=0.02   stddev=0.00 (1.6%))
[       OK ] Sz_Depth_Code_CvtColor.CvtColor/44 (5 ms)
[ RUN      ] Sz_Depth_Code_CvtColor.CvtColor/45, where GetParam() = (1280x1024, CV_8U, BGR2XYZ)
[ PERFSTAT ]    (samples=13   mean=0.02   median=0.02   min=0.02   stddev=0.00 (2.1%))
[       OK ] Sz_Depth_Code_CvtColor.CvtColor/45 (10 ms)
[ RUN      ] Sz_Depth_Code_CvtColor.CvtColor/46, where GetParam() = (1280x1024, CV_8U, XYZ2BGR)
[ PERFSTAT ]    (samples=13   mean=0.02   median=0.02   min=0.02   stddev=0.00 (1.6%))
[       OK ] Sz_Depth_Code_CvtColor.CvtColor/46 (9 ms)
[ RUN      ] Sz_Depth_Code_CvtColor.CvtColor/47, where GetParam() = (1280x1024, CV_8U, BGR2YCrCb)
[ PERFSTAT ]    (samples=13   mean=0.02   median=0.02   min=0.02   stddev=0.00 (1.7%))
[       OK ] Sz_Depth_Code_CvtColor.CvtColor/47 (10 ms)
[ RUN      ] Sz_Depth_Code_CvtColor.CvtColor/48, where GetParam() = (1280x1024, CV_8U, YCrCb2BGR)
[ PERFSTAT ]    (samples=13   mean=0.02   median=0.02   min=0.02   stddev=0.00 (1.9%))
[       OK ] Sz_Depth_Code_CvtColor.CvtColor/48 (9 ms)
[ RUN      ] Sz_Depth_Code_CvtColor.CvtColor/49, where GetParam() = (1280x1024, CV_8U, BGR2YUV)
[ PERFSTAT ]    (samples=13   mean=0.02   median=0.02   min=0.02   stddev=0.00 (1.8%))
[       OK ] Sz_Depth_Code_CvtColor.CvtColor/49 (9 ms)
[ RUN      ] Sz_Depth_Code_CvtColor.CvtColor/50, where GetParam() = (1280x1024, CV_8U, YUV2BGR)
[ PERFSTAT ]    (samples=13   mean=0.02   median=0.02   min=0.02   stddev=0.00 (2.4%))
[       OK ] Sz_Depth_Code_CvtColor.CvtColor/50 (10 ms)
[ RUN      ] Sz_Depth_Code_CvtColor.CvtColor/51, where GetParam() = (1280x1024, CV_8U, BGR2HSV)
[ PERFSTAT ]    (samples=13   mean=0.06   median=0.06   min=0.06   stddev=0.00 (0.6%))
[       OK ] Sz_Depth_Code_CvtColor.CvtColor/51 (10 ms)
[ RUN      ] Sz_Depth_Code_CvtColor.CvtColor/52, where GetParam() = (1280x1024, CV_8U, HSV2BGR)
[ PERFSTAT ]    (samples=13   mean=0.03   median=0.03   min=0.03   stddev=0.00 (1.0%))
[       OK ] Sz_Depth_Code_CvtColor.CvtColor/52 (9 ms)
[ RUN      ] Sz_Depth_Code_CvtColor.CvtColor/53, where GetParam() = (1280x1024, CV_8U, BGR2HLS)
[ PERFSTAT ]    (samples=13   mean=0.02   median=0.02   min=0.02   stddev=0.00 (1.0%))
[       OK ] Sz_Depth_Code_CvtColor.CvtColor/53 (10 ms)
[ RUN      ] Sz_Depth_Code_CvtColor.CvtColor/54, where GetParam() = (1280x1024, CV_8U, HLS2BGR)
[ PERFSTAT ]    (samples=13   mean=0.03   median=0.03   min=0.03   stddev=0.00 (0.9%))
[       OK ] Sz_Depth_Code_CvtColor.CvtColor/54 (9 ms)
[ RUN      ] Sz_Depth_Code_CvtColor.CvtColor/55, where GetParam() = (1280x1024, CV_8U, BGR2Lab)
[ PERFSTAT ]    (samples=13   mean=0.08   median=0.08   min=0.08   stddev=0.00 (0.4%))
[       OK ] Sz_Depth_Code_CvtColor.CvtColor/55 (11 ms)
[ RUN      ] Sz_Depth_Code_CvtColor.CvtColor/56, where GetParam() = (1280x1024, CV_8U, LBGR2Lab)
[ PERFSTAT ]    (samples=13   mean=0.03   median=0.03   min=0.03   stddev=0.00 (1.0%))
[       OK ] Sz_Depth_Code_CvtColor.CvtColor/56 (9 ms)
[ RUN      ] Sz_Depth_Code_CvtColor.CvtColor/57, where GetParam() = (1280x1024, CV_8U, BGR2Luv)
[ PERFSTAT ]    (samples=10   mean=2.18   median=2.16   min=2.15   stddev=0.06 (3.0%))
[       OK ] Sz_Depth_Code_CvtColor.CvtColor/57 (31 ms)
[ RUN      ] Sz_Depth_Code_CvtColor.CvtColor/58, where GetParam() = (1280x1024, CV_8U, LBGR2Luv)
[ PERFSTAT ]    (samples=13   mean=0.33   median=0.33   min=0.32   stddev=0.00 (0.5%))
[       OK ] Sz_Depth_Code_CvtColor.CvtColor/58 (14 ms)
[ RUN      ] Sz_Depth_Code_CvtColor.CvtColor/59, where GetParam() = (1280x1024, CV_8U, Lab2BGR)
/data/xumengying/tool-verify/opencv-verify/src/opencv/modules/ts/src/ts_perf.cpp:405: Failure
The difference between expect_rng2 and actual_rng2 is 255, which exceeds eps, where
expect_rng2 evaluates to 255,
actual_rng2 evaluates to 0, and
eps evaluates to 0.0001.
Argument "gpu_dst" has unexpected value of the [113:495:0] element

params    = (1280x1024, CV_8U, Lab2BGR)
termination reason:  unknown
bytesIn   =          0
bytesOut  =          0
samples   =         13 of 100
outliers  =          1
frequency = 1000000000
min       =     779123 = 0.78ms
median    =     785224 = 0.79ms
gmean     =     785079 = 0.79ms
gstddev   = 0.00449911 = 0.02ms for 97% dispersion interval
mean      =     785086 = 0.79ms
stddev    =       3532 = 0.00ms
[  FAILED  ] Sz_Depth_Code_CvtColor.CvtColor/59, where GetParam() = (1280x1024, CV_8U, Lab2BGR) (19 ms)
[ RUN      ] Sz_Depth_Code_CvtColor.CvtColor/60, where GetParam() = (1280x1024, CV_8U, Lab2LBGR)
[ PERFSTAT ]    (samples=13   mean=0.03   median=0.03   min=0.03   stddev=0.00 (0.7%))
[       OK ] Sz_Depth_Code_CvtColor.CvtColor/60 (10 ms)
[ RUN      ] Sz_Depth_Code_CvtColor.CvtColor/61, where GetParam() = (1280x1024, CV_8U, Luv2RGB)
[ PERFSTAT ]    (samples=13   mean=0.86   median=0.86   min=0.86   stddev=0.00 (0.1%))
[       OK ] Sz_Depth_Code_CvtColor.CvtColor/61 (20 ms)
[ RUN      ] Sz_Depth_Code_CvtColor.CvtColor/62, where GetParam() = (1280x1024, CV_8U, Luv2LRGB)
[ PERFSTAT ]    (samples=13   mean=0.02   median=0.02   min=0.02   stddev=0.00 (1.9%))
[       OK ] Sz_Depth_Code_CvtColor.CvtColor/62 (10 ms)
[ RUN      ] Sz_Depth_Code_CvtColor.CvtColor/63, where GetParam() = (1280x1024, CV_32F, BGRA2RGBA)
[ PERFSTAT ]    (samples=25   mean=0.04   median=0.04   min=0.04   stddev=0.00 (2.1%))
[       OK ] Sz_Depth_Code_CvtColor.CvtColor/63 (19 ms)
[ RUN      ] Sz_Depth_Code_CvtColor.CvtColor/64, where GetParam() = (1280x1024, CV_32F, BGRA2GRAY)
[ PERFSTAT ]    (samples=25   mean=0.02   median=0.02   min=0.02   stddev=0.00 (2.8%))
[       OK ] Sz_Depth_Code_CvtColor.CvtColor/64 (13 ms)
[ RUN      ] Sz_Depth_Code_CvtColor.CvtColor/65, where GetParam() = (1280x1024, CV_32F, GRAY2BGRA)
[ PERFSTAT ]    (samples=13   mean=0.02   median=0.02   min=0.02   stddev=0.00 (2.4%))
[       OK ] Sz_Depth_Code_CvtColor.CvtColor/65 (7 ms)
[ RUN      ] Sz_Depth_Code_CvtColor.CvtColor/66, where GetParam() = (1280x1024, CV_32F, BGR2XYZ)
[ PERFSTAT ]    (samples=25   mean=0.03   median=0.03   min=0.03   stddev=0.00 (2.4%))
[       OK ] Sz_Depth_Code_CvtColor.CvtColor/66 (12 ms)
[ RUN      ] Sz_Depth_Code_CvtColor.CvtColor/67, where GetParam() = (1280x1024, CV_32F, XYZ2BGR)
[ PERFSTAT ]    (samples=14   mean=0.03   median=0.03   min=0.03   stddev=0.00 (3.0%))
[       OK ] Sz_Depth_Code_CvtColor.CvtColor/67 (11 ms)
[ RUN      ] Sz_Depth_Code_CvtColor.CvtColor/68, where GetParam() = (1280x1024, CV_32F, BGR2YCrCb)
[ PERFSTAT ]    (samples=13   mean=0.03   median=0.03   min=0.03   stddev=0.00 (1.8%))
[       OK ] Sz_Depth_Code_CvtColor.CvtColor/68 (12 ms)
[ RUN      ] Sz_Depth_Code_CvtColor.CvtColor/69, where GetParam() = (1280x1024, CV_32F, YCrCb2BGR)
[ PERFSTAT ]    (samples=13   mean=0.03   median=0.03   min=0.03   stddev=0.00 (2.6%))
[       OK ] Sz_Depth_Code_CvtColor.CvtColor/69 (11 ms)
[ RUN      ] Sz_Depth_Code_CvtColor.CvtColor/70, where GetParam() = (1280x1024, CV_32F, BGR2YUV)
[ PERFSTAT ]    (samples=13   mean=0.03   median=0.03   min=0.03   stddev=0.00 (2.3%))
[       OK ] Sz_Depth_Code_CvtColor.CvtColor/70 (11 ms)
[ RUN      ] Sz_Depth_Code_CvtColor.CvtColor/71, where GetParam() = (1280x1024, CV_32F, YUV2BGR)
[ PERFSTAT ]    (samples=13   mean=0.03   median=0.03   min=0.03   stddev=0.00 (2.2%))
[       OK ] Sz_Depth_Code_CvtColor.CvtColor/71 (13 ms)
[ RUN      ] Sz_Depth_Code_CvtColor.CvtColor/72, where GetParam() = (1280x1024, CV_32F, BGR2HSV)
[ PERFSTAT ]    (samples=13   mean=0.03   median=0.03   min=0.03   stddev=0.00 (2.8%))
[       OK ] Sz_Depth_Code_CvtColor.CvtColor/72 (11 ms)
[ RUN      ] Sz_Depth_Code_CvtColor.CvtColor/73, where GetParam() = (1280x1024, CV_32F, HSV2BGR)
[ PERFSTAT ]    (samples=13   mean=0.03   median=0.03   min=0.03   stddev=0.00 (2.1%))
[       OK ] Sz_Depth_Code_CvtColor.CvtColor/73 (12 ms)
[ RUN      ] Sz_Depth_Code_CvtColor.CvtColor/74, where GetParam() = (1280x1024, CV_32F, BGR2HLS)
[ PERFSTAT ]    (samples=15   mean=0.03   median=0.03   min=0.03   stddev=0.00 (2.9%))
[       OK ] Sz_Depth_Code_CvtColor.CvtColor/74 (11 ms)
[ RUN      ] Sz_Depth_Code_CvtColor.CvtColor/75, where GetParam() = (1280x1024, CV_32F, HLS2BGR)
[ PERFSTAT ]    (samples=13   mean=0.03   median=0.03   min=0.03   stddev=0.00 (1.8%))
[       OK ] Sz_Depth_Code_CvtColor.CvtColor/75 (12 ms)
[ RUN      ] Sz_Depth_Code_CvtColor.CvtColor/76, where GetParam() = (1280x1024, CV_32F, BGR2Lab)
[ PERFSTAT ]    (samples=13   mean=1.61   median=1.61   min=1.61   stddev=0.00 (0.2%))
[       OK ] Sz_Depth_Code_CvtColor.CvtColor/76 (32 ms)
[ RUN      ] Sz_Depth_Code_CvtColor.CvtColor/77, where GetParam() = (1280x1024, CV_32F, LBGR2Lab)
[ PERFSTAT ]    (samples=13   mean=0.05   median=0.05   min=0.05   stddev=0.00 (0.8%))
[       OK ] Sz_Depth_Code_CvtColor.CvtColor/77 (11 ms)
[ RUN      ] Sz_Depth_Code_CvtColor.CvtColor/78, where GetParam() = (1280x1024, CV_32F, BGR2Luv)
[ PERFSTAT ]    (samples=13   mean=2.23   median=2.23   min=2.22   stddev=0.01 (0.3%))
[       OK ] Sz_Depth_Code_CvtColor.CvtColor/78 (40 ms)
[ RUN      ] Sz_Depth_Code_CvtColor.CvtColor/79, where GetParam() = (1280x1024, CV_32F, LBGR2Luv)
[ PERFSTAT ]    (samples=13   mean=0.34   median=0.34   min=0.34   stddev=0.00 (0.9%))
[       OK ] Sz_Depth_Code_CvtColor.CvtColor/79 (16 ms)
[ RUN      ] Sz_Depth_Code_CvtColor.CvtColor/80, where GetParam() = (1280x1024, CV_32F, Lab2BGR)
/data/xumengying/tool-verify/opencv-verify/src/opencv/modules/ts/src/ts_perf.cpp:366: Failure
The difference between expect_min and actual_min is 0.0095197604969143867, which exceeds eps, where
expect_min evaluates to -0.0095197604969143867,
actual_min evaluates to 0, and
eps evaluates to 0.0001.
Argument "gpu_dst" has unexpected minimal value

params    = (1280x1024, CV_32F, Lab2BGR)
termination reason:  unknown
bytesIn   =          0
bytesOut  =          0
samples   =         25 of 100
outliers  =          2
frequency = 1000000000
min       =      33543 = 0.03ms
median    =      34065 = 0.03ms
gmean     =      34126 = 0.03ms
gstddev   = 0.01160214 = 0.00ms for 97% dispersion interval
mean      =      34128 = 0.03ms
stddev    =        399 = 0.00ms
[  FAILED  ] Sz_Depth_Code_CvtColor.CvtColor/80, where GetParam() = (1280x1024, CV_32F, Lab2BGR) (14 ms)
[ RUN      ] Sz_Depth_Code_CvtColor.CvtColor/81, where GetParam() = (1280x1024, CV_32F, Lab2LBGR)
/data/xumengying/tool-verify/opencv-verify/src/opencv/modules/ts/src/ts_perf.cpp:366: Failure
The difference between expect_min and actual_min is 0.00073661532951518893, which exceeds eps, where
expect_min evaluates to -0.00073661532951518893,
actual_min evaluates to 0, and
eps evaluates to 0.0001.
Argument "gpu_dst" has unexpected minimal value

params    = (1280x1024, CV_32F, Lab2LBGR)
termination reason:  unknown
bytesIn   =          0
bytesOut  =          0
samples   =         13 of 100
outliers  =          1
frequency = 1000000000
min       =      31309 = 0.03ms
median    =      31790 = 0.03ms
gmean     =      31972 = 0.03ms
gstddev   = 0.01777644 = 0.00ms for 97% dispersion interval
mean      =      31976 = 0.03ms
stddev    =        574 = 0.00ms
[  FAILED  ] Sz_Depth_Code_CvtColor.CvtColor/81, where GetParam() = (1280x1024, CV_32F, Lab2LBGR) (11 ms)
[ RUN      ] Sz_Depth_Code_CvtColor.CvtColor/82, where GetParam() = (1280x1024, CV_32F, Luv2RGB)
/data/xumengying/tool-verify/opencv-verify/src/opencv/modules/ts/src/ts_perf.cpp:368: Failure
The difference between expect_max and actual_max is 0.9677351750433445, which exceeds eps, where
expect_max evaluates to 1.0000004768371582,
actual_max evaluates to 0.032265301793813705, and
eps evaluates to 0.0001.
Argument "gpu_dst" has unexpected maximal value

params    = (1280x1024, CV_32F, Luv2RGB)
termination reason:  unknown
bytesIn   =          0
bytesOut  =          0
samples   =         13 of 100
outliers  =          1
frequency = 1000000000
min       =      30998 = 0.03ms
median    =      31395 = 0.03ms
gmean     =      31544 = 0.03ms
gstddev   = 0.01650328 = 0.00ms for 97% dispersion interval
mean      =      31548 = 0.03ms
stddev    =        528 = 0.00ms
[  FAILED  ] Sz_Depth_Code_CvtColor.CvtColor/82, where GetParam() = (1280x1024, CV_32F, Luv2RGB) (12 ms)
[ RUN      ] Sz_Depth_Code_CvtColor.CvtColor/83, where GetParam() = (1280x1024, CV_32F, Luv2LRGB)
/data/xumengying/tool-verify/opencv-verify/src/opencv/modules/ts/src/ts_perf.cpp:368: Failure
The difference between expect_max and actual_max is 0.99750548484735191, which exceeds eps, where
expect_max evaluates to 1,
actual_max evaluates to 0.0024945151526480913, and
eps evaluates to 0.0001.
Argument "gpu_dst" has unexpected maximal value

params    = (1280x1024, CV_32F, Luv2LRGB)
termination reason:  unknown
bytesIn   =          0
bytesOut  =          0
samples   =         25 of 100
outliers  =          2
frequency = 1000000000
min       =      26590 = 0.03ms
median    =      28754 = 0.03ms
gmean     =      28793 = 0.03ms
gstddev   = 0.02074652 = 0.00ms for 97% dispersion interval
mean      =      28798 = 0.03ms
stddev    =        584 = 0.00ms
[  FAILED  ] Sz_Depth_Code_CvtColor.CvtColor/83, where GetParam() = (1280x1024, CV_32F, Luv2LRGB) (12 ms)
[ RUN      ] Sz_Depth_Code_CvtColor.CvtColor/84, where GetParam() = (1920x1080, CV_8U, BGRA2RGBA)
[ PERFSTAT ]    (samples=13   mean=0.02   median=0.02   min=0.02   stddev=0.00 (2.6%))
[       OK ] Sz_Depth_Code_CvtColor.CvtColor/84 (19 ms)
[ RUN      ] Sz_Depth_Code_CvtColor.CvtColor/85, where GetParam() = (1920x1080, CV_8U, BGRA2GRAY)
[ PERFSTAT ]    (samples=25   mean=0.02   median=0.02   min=0.02   stddev=0.00 (1.7%))
[       OK ] Sz_Depth_Code_CvtColor.CvtColor/85 (19 ms)
[ RUN      ] Sz_Depth_Code_CvtColor.CvtColor/86, where GetParam() = (1920x1080, CV_8U, GRAY2BGRA)
[ PERFSTAT ]    (samples=13   mean=0.02   median=0.02   min=0.02   stddev=0.00 (1.8%))
[       OK ] Sz_Depth_Code_CvtColor.CvtColor/86 (7 ms)
[ RUN      ] Sz_Depth_Code_CvtColor.CvtColor/87, where GetParam() = (1920x1080, CV_8U, BGR2XYZ)
[ PERFSTAT ]    (samples=13   mean=0.02   median=0.02   min=0.02   stddev=0.00 (1.5%))
[       OK ] Sz_Depth_Code_CvtColor.CvtColor/87 (14 ms)
[ RUN      ] Sz_Depth_Code_CvtColor.CvtColor/88, where GetParam() = (1920x1080, CV_8U, XYZ2BGR)
[ PERFSTAT ]    (samples=13   mean=0.02   median=0.02   min=0.02   stddev=0.00 (2.3%))
[       OK ] Sz_Depth_Code_CvtColor.CvtColor/88 (15 ms)
[ RUN      ] Sz_Depth_Code_CvtColor.CvtColor/89, where GetParam() = (1920x1080, CV_8U, BGR2YCrCb)
[ PERFSTAT ]    (samples=13   mean=0.02   median=0.02   min=0.02   stddev=0.00 (1.5%))
[       OK ] Sz_Depth_Code_CvtColor.CvtColor/89 (14 ms)
[ RUN      ] Sz_Depth_Code_CvtColor.CvtColor/90, where GetParam() = (1920x1080, CV_8U, YCrCb2BGR)
[ PERFSTAT ]    (samples=25   mean=0.02   median=0.02   min=0.02   stddev=0.00 (1.6%))
[       OK ] Sz_Depth_Code_CvtColor.CvtColor/90 (15 ms)
[ RUN      ] Sz_Depth_Code_CvtColor.CvtColor/91, where GetParam() = (1920x1080, CV_8U, BGR2YUV)
[ PERFSTAT ]    (samples=13   mean=0.02   median=0.02   min=0.02   stddev=0.00 (1.4%))
[       OK ] Sz_Depth_Code_CvtColor.CvtColor/91 (15 ms)
[ RUN      ] Sz_Depth_Code_CvtColor.CvtColor/92, where GetParam() = (1920x1080, CV_8U, YUV2BGR)
[ PERFSTAT ]    (samples=13   mean=0.02   median=0.02   min=0.02   stddev=0.00 (2.2%))
[       OK ] Sz_Depth_Code_CvtColor.CvtColor/92 (15 ms)
[ RUN      ] Sz_Depth_Code_CvtColor.CvtColor/93, where GetParam() = (1920x1080, CV_8U, BGR2HSV)
[ PERFSTAT ]    (samples=13   mean=0.08   median=0.08   min=0.08   stddev=0.00 (0.4%))
[       OK ] Sz_Depth_Code_CvtColor.CvtColor/93 (15 ms)
[ RUN      ] Sz_Depth_Code_CvtColor.CvtColor/94, where GetParam() = (1920x1080, CV_8U, HSV2BGR)
[ PERFSTAT ]    (samples=13   mean=0.04   median=0.04   min=0.04   stddev=0.00 (1.2%))
[       OK ] Sz_Depth_Code_CvtColor.CvtColor/94 (15 ms)
[ RUN      ] Sz_Depth_Code_CvtColor.CvtColor/95, where GetParam() = (1920x1080, CV_8U, BGR2HLS)
[ PERFSTAT ]    (samples=13   mean=0.03   median=0.03   min=0.03   stddev=0.00 (0.7%))
[       OK ] Sz_Depth_Code_CvtColor.CvtColor/95 (14 ms)
[ RUN      ] Sz_Depth_Code_CvtColor.CvtColor/96, where GetParam() = (1920x1080, CV_8U, HLS2BGR)
[ PERFSTAT ]    (samples=13   mean=0.04   median=0.04   min=0.04   stddev=0.00 (0.9%))
[       OK ] Sz_Depth_Code_CvtColor.CvtColor/96 (15 ms)
[ RUN      ] Sz_Depth_Code_CvtColor.CvtColor/97, where GetParam() = (1920x1080, CV_8U, BGR2Lab)
[ PERFSTAT ]    (samples=13   mean=0.12   median=0.12   min=0.12   stddev=0.00 (0.2%))
[       OK ] Sz_Depth_Code_CvtColor.CvtColor/97 (16 ms)
[ RUN      ] Sz_Depth_Code_CvtColor.CvtColor/98, where GetParam() = (1920x1080, CV_8U, LBGR2Lab)
[ PERFSTAT ]    (samples=13   mean=0.03   median=0.03   min=0.03   stddev=0.00 (1.0%))
[       OK ] Sz_Depth_Code_CvtColor.CvtColor/98 (15 ms)
[ RUN      ] Sz_Depth_Code_CvtColor.CvtColor/99, where GetParam() = (1920x1080, CV_8U, BGR2Luv)
[ PERFSTAT ]    (samples=10   mean=3.43   median=3.40   min=3.39   stddev=0.07 (2.2%))
[       OK ] Sz_Depth_Code_CvtColor.CvtColor/99 (48 ms)
[ RUN      ] Sz_Depth_Code_CvtColor.CvtColor/100, where GetParam() = (1920x1080, CV_8U, LBGR2Luv)
[ PERFSTAT ]    (samples=13   mean=0.50   median=0.50   min=0.50   stddev=0.00 (0.6%))
[       OK ] Sz_Depth_Code_CvtColor.CvtColor/100 (21 ms)
[ RUN      ] Sz_Depth_Code_CvtColor.CvtColor/101, where GetParam() = (1920x1080, CV_8U, Lab2BGR)
/data/xumengying/tool-verify/opencv-verify/src/opencv/modules/ts/src/ts_perf.cpp:381: Failure
The difference between expect_last and actual_last is 255, which exceeds eps, where
expect_last evaluates to 255,
actual_last evaluates to 0, and
eps evaluates to 0.0001.
Argument "gpu_dst" has unexpected value of the last element

params    = (1920x1080, CV_8U, Lab2BGR)
termination reason:  unknown
bytesIn   =          0
bytesOut  =          0
samples   =         13 of 100
outliers  =          1
frequency = 1000000000
min       =    1222010 = 1.22ms
median    =    1225346 = 1.23ms
gmean     =    1225841 = 1.23ms
gstddev   = 0.00222974 = 0.02ms for 97% dispersion interval
mean      =    1225844 = 1.23ms
stddev    =       2735 = 0.00ms
[  FAILED  ] Sz_Depth_Code_CvtColor.CvtColor/101, where GetParam() = (1920x1080, CV_8U, Lab2BGR) (30 ms)
[ RUN      ] Sz_Depth_Code_CvtColor.CvtColor/102, where GetParam() = (1920x1080, CV_8U, Lab2LBGR)
[ PERFSTAT ]    (samples=13   mean=0.04   median=0.04   min=0.04   stddev=0.00 (0.5%))
[       OK ] Sz_Depth_Code_CvtColor.CvtColor/102 (15 ms)
[ RUN      ] Sz_Depth_Code_CvtColor.CvtColor/103, where GetParam() = (1920x1080, CV_8U, Luv2RGB)
[ PERFSTAT ]    (samples=13   mean=1.35   median=1.35   min=1.34   stddev=0.00 (0.2%))
[       OK ] Sz_Depth_Code_CvtColor.CvtColor/103 (31 ms)
[ RUN      ] Sz_Depth_Code_CvtColor.CvtColor/104, where GetParam() = (1920x1080, CV_8U, Luv2LRGB)
[ PERFSTAT ]    (samples=13   mean=0.03   median=0.03   min=0.03   stddev=0.00 (1.3%))
[       OK ] Sz_Depth_Code_CvtColor.CvtColor/104 (14 ms)
[ RUN      ] Sz_Depth_Code_CvtColor.CvtColor/105, where GetParam() = (1920x1080, CV_32F, BGRA2RGBA)
[ PERFSTAT ]    (samples=13   mean=0.06   median=0.06   min=0.06   stddev=0.00 (1.8%))
[       OK ] Sz_Depth_Code_CvtColor.CvtColor/105 (27 ms)
[ RUN      ] Sz_Depth_Code_CvtColor.CvtColor/106, where GetParam() = (1920x1080, CV_32F, BGRA2GRAY)
[ PERFSTAT ]    (samples=13   mean=0.04   median=0.04   min=0.04   stddev=0.00 (2.5%))
[       OK ] Sz_Depth_Code_CvtColor.CvtColor/106 (22 ms)
[ RUN      ] Sz_Depth_Code_CvtColor.CvtColor/107, where GetParam() = (1920x1080, CV_32F, GRAY2BGRA)
[ PERFSTAT ]    (samples=13   mean=0.05   median=0.05   min=0.05   stddev=0.00 (0.6%))
[       OK ] Sz_Depth_Code_CvtColor.CvtColor/107 (10 ms)
[ RUN      ] Sz_Depth_Code_CvtColor.CvtColor/108, where GetParam() = (1920x1080, CV_32F, BGR2XYZ)
[ PERFSTAT ]    (samples=13   mean=0.05   median=0.05   min=0.05   stddev=0.00 (2.3%))
[       OK ] Sz_Depth_Code_CvtColor.CvtColor/108 (19 ms)
[ RUN      ] Sz_Depth_Code_CvtColor.CvtColor/109, where GetParam() = (1920x1080, CV_32F, XYZ2BGR)
[ PERFSTAT ]    (samples=13   mean=0.05   median=0.05   min=0.05   stddev=0.00 (2.0%))
[       OK ] Sz_Depth_Code_CvtColor.CvtColor/109 (18 ms)
[ RUN      ] Sz_Depth_Code_CvtColor.CvtColor/110, where GetParam() = (1920x1080, CV_32F, BGR2YCrCb)
[ PERFSTAT ]    (samples=13   mean=0.05   median=0.05   min=0.05   stddev=0.00 (1.8%))
[       OK ] Sz_Depth_Code_CvtColor.CvtColor/110 (18 ms)
[ RUN      ] Sz_Depth_Code_CvtColor.CvtColor/111, where GetParam() = (1920x1080, CV_32F, YCrCb2BGR)
[ PERFSTAT ]    (samples=13   mean=0.05   median=0.05   min=0.05   stddev=0.00 (2.0%))
[       OK ] Sz_Depth_Code_CvtColor.CvtColor/111 (18 ms)
[ RUN      ] Sz_Depth_Code_CvtColor.CvtColor/112, where GetParam() = (1920x1080, CV_32F, BGR2YUV)
[ PERFSTAT ]    (samples=13   mean=0.05   median=0.05   min=0.05   stddev=0.00 (1.6%))
[       OK ] Sz_Depth_Code_CvtColor.CvtColor/112 (18 ms)
[ RUN      ] Sz_Depth_Code_CvtColor.CvtColor/113, where GetParam() = (1920x1080, CV_32F, YUV2BGR)
[ PERFSTAT ]    (samples=13   mean=0.05   median=0.05   min=0.05   stddev=0.00 (1.9%))
[       OK ] Sz_Depth_Code_CvtColor.CvtColor/113 (17 ms)
[ RUN      ] Sz_Depth_Code_CvtColor.CvtColor/114, where GetParam() = (1920x1080, CV_32F, BGR2HSV)
[ PERFSTAT ]    (samples=16   mean=0.05   median=0.05   min=0.05   stddev=0.00 (3.0%))
[       OK ] Sz_Depth_Code_CvtColor.CvtColor/114 (18 ms)
[ RUN      ] Sz_Depth_Code_CvtColor.CvtColor/115, where GetParam() = (1920x1080, CV_32F, HSV2BGR)
[ PERFSTAT ]    (samples=13   mean=0.05   median=0.05   min=0.05   stddev=0.00 (1.4%))
[       OK ] Sz_Depth_Code_CvtColor.CvtColor/115 (18 ms)
[ RUN      ] Sz_Depth_Code_CvtColor.CvtColor/116, where GetParam() = (1920x1080, CV_32F, BGR2HLS)
[ PERFSTAT ]    (samples=13   mean=0.05   median=0.05   min=0.05   stddev=0.00 (1.7%))
[       OK ] Sz_Depth_Code_CvtColor.CvtColor/116 (18 ms)
[ RUN      ] Sz_Depth_Code_CvtColor.CvtColor/117, where GetParam() = (1920x1080, CV_32F, HLS2BGR)
[ PERFSTAT ]    (samples=13   mean=0.05   median=0.05   min=0.05   stddev=0.00 (1.8%))
[       OK ] Sz_Depth_Code_CvtColor.CvtColor/117 (17 ms)
[ RUN      ] Sz_Depth_Code_CvtColor.CvtColor/118, where GetParam() = (1920x1080, CV_32F, BGR2Lab)
[ PERFSTAT ]    (samples=13   mean=2.54   median=2.54   min=2.53   stddev=0.00 (0.2%))
[       OK ] Sz_Depth_Code_CvtColor.CvtColor/118 (51 ms)
[ RUN      ] Sz_Depth_Code_CvtColor.CvtColor/119, where GetParam() = (1920x1080, CV_32F, LBGR2Lab)
[ PERFSTAT ]    (samples=13   mean=0.06   median=0.06   min=0.06   stddev=0.00 (0.9%))
[       OK ] Sz_Depth_Code_CvtColor.CvtColor/119 (18 ms)
[ RUN      ] Sz_Depth_Code_CvtColor.CvtColor/120, where GetParam() = (1920x1080, CV_32F, BGR2Luv)
[ PERFSTAT ]    (samples=13   mean=3.43   median=3.43   min=3.42   stddev=0.01 (0.1%))
[       OK ] Sz_Depth_Code_CvtColor.CvtColor/120 (62 ms)
[ RUN      ] Sz_Depth_Code_CvtColor.CvtColor/121, where GetParam() = (1920x1080, CV_32F, LBGR2Luv)
[ PERFSTAT ]    (samples=13   mean=0.52   median=0.52   min=0.51   stddev=0.00 (0.3%))
[       OK ] Sz_Depth_Code_CvtColor.CvtColor/121 (23 ms)
[ RUN      ] Sz_Depth_Code_CvtColor.CvtColor/122, where GetParam() = (1920x1080, CV_32F, Lab2BGR)
/data/xumengying/tool-verify/opencv-verify/src/opencv/modules/ts/src/ts_perf.cpp:366: Failure
The difference between expect_min and actual_min is 0.0095197604969143867, which exceeds eps, where
expect_min evaluates to -0.0095197604969143867,
actual_min evaluates to 0, and
eps evaluates to 0.0001.
Argument "gpu_dst" has unexpected minimal value

params    = (1920x1080, CV_32F, Lab2BGR)
termination reason:  unknown
bytesIn   =          0
bytesOut  =          0
samples   =         13 of 100
outliers  =          1
frequency = 1000000000
min       =      50415 = 0.05ms
median    =      50856 = 0.05ms
gmean     =      50960 = 0.05ms
gstddev   = 0.01013862 = 0.00ms for 97% dispersion interval
mean      =      50962 = 0.05ms
stddev    =        520 = 0.00ms
[  FAILED  ] Sz_Depth_Code_CvtColor.CvtColor/122, where GetParam() = (1920x1080, CV_32F, Lab2BGR) (18 ms)
[ RUN      ] Sz_Depth_Code_CvtColor.CvtColor/123, where GetParam() = (1920x1080, CV_32F, Lab2LBGR)
/data/xumengying/tool-verify/opencv-verify/src/opencv/modules/ts/src/ts_perf.cpp:366: Failure
The difference between expect_min and actual_min is 0.00073661532951518893, which exceeds eps, where
expect_min evaluates to -0.00073661532951518893,
actual_min evaluates to 0, and
eps evaluates to 0.0001.
Argument "gpu_dst" has unexpected minimal value

params    = (1920x1080, CV_32F, Lab2LBGR)
termination reason:  unknown
bytesIn   =          0
bytesOut  =          0
samples   =         38 of 100
outliers  =          3
frequency = 1000000000
min       =      47299 = 0.05ms
median    =      48742 = 0.05ms
gmean     =      48967 = 0.05ms
gstddev   = 0.01773356 = 0.01ms for 97% dispersion interval
mean      =      48974 = 0.05ms
stddev    =        869 = 0.00ms
[  FAILED  ] Sz_Depth_Code_CvtColor.CvtColor/123, where GetParam() = (1920x1080, CV_32F, Lab2LBGR) (20 ms)
[ RUN      ] Sz_Depth_Code_CvtColor.CvtColor/124, where GetParam() = (1920x1080, CV_32F, Luv2RGB)
/data/xumengying/tool-verify/opencv-verify/src/opencv/modules/ts/src/ts_perf.cpp:368: Failure
The difference between expect_max and actual_max is 0.9677351750433445, which exceeds eps, where
expect_max evaluates to 1.0000004768371582,
actual_max evaluates to 0.032265301793813705, and
eps evaluates to 0.0001.
Argument "gpu_dst" has unexpected maximal value

params    = (1920x1080, CV_32F, Luv2RGB)
termination reason:  unknown
bytesIn   =          0
bytesOut  =          0
samples   =         13 of 100
outliers  =          1
frequency = 1000000000
min       =      49012 = 0.05ms
median    =      50540 = 0.05ms
gmean     =      50364 = 0.05ms
gstddev   = 0.01784718 = 0.01ms for 97% dispersion interval
mean      =      50372 = 0.05ms
stddev    =        900 = 0.00ms
[  FAILED  ] Sz_Depth_Code_CvtColor.CvtColor/124, where GetParam() = (1920x1080, CV_32F, Luv2RGB) (18 ms)
[ RUN      ] Sz_Depth_Code_CvtColor.CvtColor/125, where GetParam() = (1920x1080, CV_32F, Luv2LRGB)
/data/xumengying/tool-verify/opencv-verify/src/opencv/modules/ts/src/ts_perf.cpp:368: Failure
The difference between expect_max and actual_max is 0.99750548484735191, which exceeds eps, where
expect_max evaluates to 1,
actual_max evaluates to 0.0024945151526480913, and
eps evaluates to 0.0001.
Argument "gpu_dst" has unexpected maximal value

params    = (1920x1080, CV_32F, Luv2LRGB)
termination reason:  unknown
bytesIn   =          0
bytesOut  =          0
samples   =         13 of 100
outliers  =          1
frequency = 1000000000
min       =      47009 = 0.05ms
median    =      48096 = 0.05ms
gmean     =      48349 = 0.05ms
gstddev   = 0.02072070 = 0.01ms for 97% dispersion interval
mean      =      48359 = 0.05ms
stddev    =       1008 = 0.00ms
[  FAILED  ] Sz_Depth_Code_CvtColor.CvtColor/125, where GetParam() = (1920x1080, CV_32F, Luv2LRGB) (18 ms)
[----------] 126 tests from Sz_Depth_Code_CvtColor (1828 ms total)

[----------] 48 tests from Sz_Depth_Code_CvtColorBayer
[ RUN      ] Sz_Depth_Code_CvtColorBayer.CvtColorBayer/0, where GetParam() = (1280x720, CV_8U, BayerBG2BGR)
[ PERFSTAT ]    (samples=23   mean=0.03   median=0.03   min=0.03   stddev=0.00 (3.0%))
[       OK ] Sz_Depth_Code_CvtColorBayer.CvtColorBayer/0 (7 ms)
[ RUN      ] Sz_Depth_Code_CvtColorBayer.CvtColorBayer/1, where GetParam() = (1280x720, CV_8U, BayerGB2BGR)
[ PERFSTAT ]    (samples=13   mean=0.03   median=0.03   min=0.03   stddev=0.00 (1.9%))
[       OK ] Sz_Depth_Code_CvtColorBayer.CvtColorBayer/1 (2 ms)
[ RUN      ] Sz_Depth_Code_CvtColorBayer.CvtColorBayer/2, where GetParam() = (1280x720, CV_8U, BayerRG2BGR)
[ PERFSTAT ]    (samples=13   mean=0.03   median=0.03   min=0.03   stddev=0.00 (1.7%))
[       OK ] Sz_Depth_Code_CvtColorBayer.CvtColorBayer/2 (2 ms)
[ RUN      ] Sz_Depth_Code_CvtColorBayer.CvtColorBayer/3, where GetParam() = (1280x720, CV_8U, BayerGR2BGR)
[ PERFSTAT ]    (samples=25   mean=0.03   median=0.03   min=0.02   stddev=0.00 (2.2%))
[       OK ] Sz_Depth_Code_CvtColorBayer.CvtColorBayer/3 (3 ms)
[ RUN      ] Sz_Depth_Code_CvtColorBayer.CvtColorBayer/4, where GetParam() = (1280x720, CV_8U, BayerBG2GRAY)
[ PERFSTAT ]    (samples=13   mean=0.02   median=0.02   min=0.02   stddev=0.00 (1.7%))
[       OK ] Sz_Depth_Code_CvtColorBayer.CvtColorBayer/4 (1 ms)
[ RUN      ] Sz_Depth_Code_CvtColorBayer.CvtColorBayer/5, where GetParam() = (1280x720, CV_8U, BayerGB2GRAY)
[ PERFSTAT ]    (samples=13   mean=0.02   median=0.02   min=0.02   stddev=0.00 (2.2%))
[       OK ] Sz_Depth_Code_CvtColorBayer.CvtColorBayer/5 (2 ms)
[ RUN      ] Sz_Depth_Code_CvtColorBayer.CvtColorBayer/6, where GetParam() = (1280x720, CV_8U, BayerRG2GRAY)
[ PERFSTAT ]    (samples=13   mean=0.02   median=0.02   min=0.02   stddev=0.00 (1.2%))
[       OK ] Sz_Depth_Code_CvtColorBayer.CvtColorBayer/6 (2 ms)
[ RUN      ] Sz_Depth_Code_CvtColorBayer.CvtColorBayer/7, where GetParam() = (1280x720, CV_8U, BayerGR2GRAY)
[ PERFSTAT ]    (samples=13   mean=0.02   median=0.02   min=0.02   stddev=0.00 (1.3%))
[       OK ] Sz_Depth_Code_CvtColorBayer.CvtColorBayer/7 (2 ms)
[ RUN      ] Sz_Depth_Code_CvtColorBayer.CvtColorBayer/8, where GetParam() = (1280x720, CV_16U, BayerBG2BGR)
[ PERFSTAT ]    (samples=13   mean=0.02   median=0.02   min=0.02   stddev=0.00 (2.3%))
[       OK ] Sz_Depth_Code_CvtColorBayer.CvtColorBayer/8 (3 ms)
[ RUN      ] Sz_Depth_Code_CvtColorBayer.CvtColorBayer/9, where GetParam() = (1280x720, CV_16U, BayerGB2BGR)
[ PERFSTAT ]    (samples=13   mean=0.02   median=0.02   min=0.02   stddev=0.00 (1.1%))
[       OK ] Sz_Depth_Code_CvtColorBayer.CvtColorBayer/9 (3 ms)
[ RUN      ] Sz_Depth_Code_CvtColorBayer.CvtColorBayer/10, where GetParam() = (1280x720, CV_16U, BayerRG2BGR)
[ PERFSTAT ]    (samples=13   mean=0.02   median=0.02   min=0.02   stddev=0.00 (1.1%))
[       OK ] Sz_Depth_Code_CvtColorBayer.CvtColorBayer/10 (3 ms)
[ RUN      ] Sz_Depth_Code_CvtColorBayer.CvtColorBayer/11, where GetParam() = (1280x720, CV_16U, BayerGR2BGR)
[ PERFSTAT ]    (samples=13   mean=0.02   median=0.02   min=0.02   stddev=0.00 (1.6%))
[       OK ] Sz_Depth_Code_CvtColorBayer.CvtColorBayer/11 (3 ms)
[ RUN      ] Sz_Depth_Code_CvtColorBayer.CvtColorBayer/12, where GetParam() = (1280x720, CV_16U, BayerBG2GRAY)
/data/xumengying/tool-verify/opencv-verify/src/opencv/modules/ts/src/ts_perf.cpp:368: Failure
The difference between expect_max and actual_max is 1, which exceeds eps, where
expect_max evaluates to 64582,
actual_max evaluates to 64583, and
eps evaluates to 2.2204460492503131e-16.
Argument "gpu_dst" has unexpected maximal value

params    = (1280x720, CV_16U, BayerBG2GRAY)
termination reason:  unknown
bytesIn   =    1843200
bytesOut  =          0
samples   =         13 of 100
outliers  =          1
frequency = 1000000000
min       =      16181 = 0.02ms
median    =      16421 = 0.02ms
gmean     =      16453 = 0.02ms
gstddev   = 0.01475374 = 0.00ms for 97% dispersion interval
mean      =      16454 = 0.02ms
stddev    =        244 = 0.00ms
[  FAILED  ] Sz_Depth_Code_CvtColorBayer.CvtColorBayer/12, where GetParam() = (1280x720, CV_16U, BayerBG2GRAY) (3 ms)
[ RUN      ] Sz_Depth_Code_CvtColorBayer.CvtColorBayer/13, where GetParam() = (1280x720, CV_16U, BayerGB2GRAY)
/data/xumengying/tool-verify/opencv-verify/src/opencv/modules/ts/src/ts_perf.cpp:366: Failure
The difference between expect_min and actual_min is 1, which exceeds eps, where
expect_min evaluates to 1226,
actual_min evaluates to 1225, and
eps evaluates to 2.2204460492503131e-16.
Argument "gpu_dst" has unexpected minimal value

params    = (1280x720, CV_16U, BayerGB2GRAY)
termination reason:  unknown
bytesIn   =    1843200
bytesOut  =          0
samples   =         25 of 100
outliers  =          2
frequency = 1000000000
min       =      16210 = 0.02ms
median    =      16421 = 0.02ms
gmean     =      16433 = 0.02ms
gstddev   = 0.01036426 = 0.00ms for 97% dispersion interval
mean      =      16434 = 0.02ms
stddev    =        171 = 0.00ms
[  FAILED  ] Sz_Depth_Code_CvtColorBayer.CvtColorBayer/13, where GetParam() = (1280x720, CV_16U, BayerGB2GRAY) (3 ms)
[ RUN      ] Sz_Depth_Code_CvtColorBayer.CvtColorBayer/14, where GetParam() = (1280x720, CV_16U, BayerRG2GRAY)
/data/xumengying/tool-verify/opencv-verify/src/opencv/modules/ts/src/ts_perf.cpp:381: Failure
The difference between expect_last and actual_last is 1, which exceeds eps, where
expect_last evaluates to 50608,
actual_last evaluates to 50609, and
eps evaluates to 2.2204460492503131e-16.
Argument "gpu_dst" has unexpected value of the last element

params    = (1280x720, CV_16U, BayerRG2GRAY)
termination reason:  unknown
bytesIn   =    1843200
bytesOut  =          0
samples   =         13 of 100
outliers  =          1
frequency = 1000000000
min       =      16280 = 0.02ms
median    =      16411 = 0.02ms
gmean     =      16465 = 0.02ms
gstddev   = 0.01222635 = 0.00ms for 97% dispersion interval
mean      =      16466 = 0.02ms
stddev    =        202 = 0.00ms
[  FAILED  ] Sz_Depth_Code_CvtColorBayer.CvtColorBayer/14, where GetParam() = (1280x720, CV_16U, BayerRG2GRAY) (3 ms)
[ RUN      ] Sz_Depth_Code_CvtColorBayer.CvtColorBayer/15, where GetParam() = (1280x720, CV_16U, BayerGR2GRAY)
/data/xumengying/tool-verify/opencv-verify/src/opencv/modules/ts/src/ts_perf.cpp:381: Failure
The difference between expect_last and actual_last is 1, which exceeds eps, where
expect_last evaluates to 36838,
actual_last evaluates to 36837, and
eps evaluates to 2.2204460492503131e-16.
Argument "gpu_dst" has unexpected value of the last element

params    = (1280x720, CV_16U, BayerGR2GRAY)
termination reason:  unknown
bytesIn   =    1843200
bytesOut  =          0
samples   =         13 of 100
outliers  =          1
frequency = 1000000000
min       =      16972 = 0.02ms
median    =      17152 = 0.02ms
gmean     =      17177 = 0.02ms
gstddev   = 0.01149737 = 0.00ms for 97% dispersion interval
mean      =      17178 = 0.02ms
stddev    =        199 = 0.00ms
[  FAILED  ] Sz_Depth_Code_CvtColorBayer.CvtColorBayer/15, where GetParam() = (1280x720, CV_16U, BayerGR2GRAY) (3 ms)
[ RUN      ] Sz_Depth_Code_CvtColorBayer.CvtColorBayer/16, where GetParam() = (1280x1024, CV_8U, BayerBG2BGR)
[ PERFSTAT ]    (samples=13   mean=0.03   median=0.03   min=0.03   stddev=0.00 (2.1%))
[       OK ] Sz_Depth_Code_CvtColorBayer.CvtColorBayer/16 (2 ms)
[ RUN      ] Sz_Depth_Code_CvtColorBayer.CvtColorBayer/17, where GetParam() = (1280x1024, CV_8U, BayerGB2BGR)
[ PERFSTAT ]    (samples=13   mean=0.03   median=0.03   min=0.03   stddev=0.00 (2.2%))
[       OK ] Sz_Depth_Code_CvtColorBayer.CvtColorBayer/17 (3 ms)
[ RUN      ] Sz_Depth_Code_CvtColorBayer.CvtColorBayer/18, where GetParam() = (1280x1024, CV_8U, BayerRG2BGR)
[ PERFSTAT ]    (samples=13   mean=0.03   median=0.03   min=0.03   stddev=0.00 (1.5%))
[       OK ] Sz_Depth_Code_CvtColorBayer.CvtColorBayer/18 (2 ms)
[ RUN      ] Sz_Depth_Code_CvtColorBayer.CvtColorBayer/19, where GetParam() = (1280x1024, CV_8U, BayerGR2BGR)
[ PERFSTAT ]    (samples=13   mean=0.03   median=0.03   min=0.03   stddev=0.00 (2.3%))
[       OK ] Sz_Depth_Code_CvtColorBayer.CvtColorBayer/19 (3 ms)
[ RUN      ] Sz_Depth_Code_CvtColorBayer.CvtColorBayer/20, where GetParam() = (1280x1024, CV_8U, BayerBG2GRAY)
[ PERFSTAT ]    (samples=13   mean=0.02   median=0.02   min=0.02   stddev=0.00 (2.3%))
[       OK ] Sz_Depth_Code_CvtColorBayer.CvtColorBayer/20 (2 ms)
[ RUN      ] Sz_Depth_Code_CvtColorBayer.CvtColorBayer/21, where GetParam() = (1280x1024, CV_8U, BayerGB2GRAY)
[ PERFSTAT ]    (samples=25   mean=0.02   median=0.02   min=0.02   stddev=0.00 (1.4%))
[       OK ] Sz_Depth_Code_CvtColorBayer.CvtColorBayer/21 (2 ms)
[ RUN      ] Sz_Depth_Code_CvtColorBayer.CvtColorBayer/22, where GetParam() = (1280x1024, CV_8U, BayerRG2GRAY)
[ PERFSTAT ]    (samples=13   mean=0.02   median=0.02   min=0.02   stddev=0.00 (3.0%))
[       OK ] Sz_Depth_Code_CvtColorBayer.CvtColorBayer/22 (3 ms)
[ RUN      ] Sz_Depth_Code_CvtColorBayer.CvtColorBayer/23, where GetParam() = (1280x1024, CV_8U, BayerGR2GRAY)
[ PERFSTAT ]    (samples=13   mean=0.02   median=0.02   min=0.02   stddev=0.00 (2.1%))
[       OK ] Sz_Depth_Code_CvtColorBayer.CvtColorBayer/23 (2 ms)
[ RUN      ] Sz_Depth_Code_CvtColorBayer.CvtColorBayer/24, where GetParam() = (1280x1024, CV_16U, BayerBG2BGR)
[ PERFSTAT ]    (samples=13   mean=0.03   median=0.03   min=0.03   stddev=0.00 (1.2%))
[       OK ] Sz_Depth_Code_CvtColorBayer.CvtColorBayer/24 (4 ms)
[ RUN      ] Sz_Depth_Code_CvtColorBayer.CvtColorBayer/25, where GetParam() = (1280x1024, CV_16U, BayerGB2BGR)
[ PERFSTAT ]    (samples=13   mean=0.03   median=0.03   min=0.02   stddev=0.00 (1.6%))
[       OK ] Sz_Depth_Code_CvtColorBayer.CvtColorBayer/25 (4 ms)
[ RUN      ] Sz_Depth_Code_CvtColorBayer.CvtColorBayer/26, where GetParam() = (1280x1024, CV_16U, BayerRG2BGR)
[ PERFSTAT ]    (samples=13   mean=0.03   median=0.03   min=0.02   stddev=0.00 (1.6%))
[       OK ] Sz_Depth_Code_CvtColorBayer.CvtColorBayer/26 (4 ms)
[ RUN      ] Sz_Depth_Code_CvtColorBayer.CvtColorBayer/27, where GetParam() = (1280x1024, CV_16U, BayerGR2BGR)
[ PERFSTAT ]    (samples=13   mean=0.03   median=0.03   min=0.02   stddev=0.00 (1.2%))
[       OK ] Sz_Depth_Code_CvtColorBayer.CvtColorBayer/27 (3 ms)
[ RUN      ] Sz_Depth_Code_CvtColorBayer.CvtColorBayer/28, where GetParam() = (1280x1024, CV_16U, BayerBG2GRAY)
/data/xumengying/tool-verify/opencv-verify/src/opencv/modules/ts/src/ts_perf.cpp:368: Failure
The difference between expect_max and actual_max is 1, which exceeds eps, where
expect_max evaluates to 64582,
actual_max evaluates to 64583, and
eps evaluates to 2.2204460492503131e-16.
Argument "gpu_dst" has unexpected maximal value

params    = (1280x1024, CV_16U, BayerBG2GRAY)
termination reason:  unknown
bytesIn   =    2621440
bytesOut  =          0
samples   =         13 of 100
outliers  =          1
frequency = 1000000000
min       =      16671 = 0.02ms
median    =      16902 = 0.02ms
gmean     =      17082 = 0.02ms
gstddev   = 0.02763827 = 0.00ms for 97% dispersion interval
mean      =      17088 = 0.02ms
stddev    =        480 = 0.00ms
[  FAILED  ] Sz_Depth_Code_CvtColorBayer.CvtColorBayer/28, where GetParam() = (1280x1024, CV_16U, BayerBG2GRAY) (4 ms)
[ RUN      ] Sz_Depth_Code_CvtColorBayer.CvtColorBayer/29, where GetParam() = (1280x1024, CV_16U, BayerGB2GRAY)
/data/xumengying/tool-verify/opencv-verify/src/opencv/modules/ts/src/ts_perf.cpp:366: Failure
The difference between expect_min and actual_min is 1, which exceeds eps, where
expect_min evaluates to 1226,
actual_min evaluates to 1225, and
eps evaluates to 2.2204460492503131e-16.
Argument "gpu_dst" has unexpected minimal value

params    = (1280x1024, CV_16U, BayerGB2GRAY)
termination reason:  unknown
bytesIn   =    2621440
bytesOut  =          0
samples   =         13 of 100
outliers  =          1
frequency = 1000000000
min       =      16451 = 0.02ms
median    =      16912 = 0.02ms
gmean     =      16849 = 0.02ms
gstddev   = 0.01371094 = 0.00ms for 97% dispersion interval
mean      =      16850 = 0.02ms
stddev    =        231 = 0.00ms
[  FAILED  ] Sz_Depth_Code_CvtColorBayer.CvtColorBayer/29, where GetParam() = (1280x1024, CV_16U, BayerGB2GRAY) (3 ms)
[ RUN      ] Sz_Depth_Code_CvtColorBayer.CvtColorBayer/30, where GetParam() = (1280x1024, CV_16U, BayerRG2GRAY)
/data/xumengying/tool-verify/opencv-verify/src/opencv/modules/ts/src/ts_perf.cpp:381: Failure
The difference between expect_last and actual_last is 1, which exceeds eps, where
expect_last evaluates to 27122,
actual_last evaluates to 27121, and
eps evaluates to 2.2204460492503131e-16.
Argument "gpu_dst" has unexpected value of the last element

params    = (1280x1024, CV_16U, BayerRG2GRAY)
termination reason:  unknown
bytesIn   =    2621440
bytesOut  =          0
samples   =         13 of 100
outliers  =          1
frequency = 1000000000
min       =      16581 = 0.02ms
median    =      16676 = 0.02ms
gmean     =      16827 = 0.02ms
gstddev   = 0.01805783 = 0.00ms for 97% dispersion interval
mean      =      16829 = 0.02ms
stddev    =        307 = 0.00ms
[  FAILED  ] Sz_Depth_Code_CvtColorBayer.CvtColorBayer/30, where GetParam() = (1280x1024, CV_16U, BayerRG2GRAY) (4 ms)
[ RUN      ] Sz_Depth_Code_CvtColorBayer.CvtColorBayer/31, where GetParam() = (1280x1024, CV_16U, BayerGR2GRAY)
/data/xumengying/tool-verify/opencv-verify/src/opencv/modules/ts/src/ts_perf.cpp:381: Failure
The difference between expect_last and actual_last is 1, which exceeds eps, where
expect_last evaluates to 37105,
actual_last evaluates to 37106, and
eps evaluates to 2.2204460492503131e-16.
Argument "gpu_dst" has unexpected value of the last element

params    = (1280x1024, CV_16U, BayerGR2GRAY)
termination reason:  unknown
bytesIn   =    2621440
bytesOut  =          0
samples   =         13 of 100
outliers  =          1
frequency = 1000000000
min       =      17172 = 0.02ms
median    =      17392 = 0.02ms
gmean     =      17489 = 0.02ms
gstddev   = 0.02052849 = 0.00ms for 97% dispersion interval
mean      =      17492 = 0.02ms
stddev    =        365 = 0.00ms
[  FAILED  ] Sz_Depth_Code_CvtColorBayer.CvtColorBayer/31, where GetParam() = (1280x1024, CV_16U, BayerGR2GRAY) (3 ms)
[ RUN      ] Sz_Depth_Code_CvtColorBayer.CvtColorBayer/32, where GetParam() = (1920x1080, CV_8U, BayerBG2BGR)
[ PERFSTAT ]    (samples=13   mean=0.04   median=0.04   min=0.04   stddev=0.00 (1.9%))
[       OK ] Sz_Depth_Code_CvtColorBayer.CvtColorBayer/32 (4 ms)
[ RUN      ] Sz_Depth_Code_CvtColorBayer.CvtColorBayer/33, where GetParam() = (1920x1080, CV_8U, BayerGB2BGR)
[ PERFSTAT ]    (samples=25   mean=0.04   median=0.04   min=0.04   stddev=0.00 (2.1%))
[       OK ] Sz_Depth_Code_CvtColorBayer.CvtColorBayer/33 (3 ms)
[ RUN      ] Sz_Depth_Code_CvtColorBayer.CvtColorBayer/34, where GetParam() = (1920x1080, CV_8U, BayerRG2BGR)
[ PERFSTAT ]    (samples=20   mean=0.04   median=0.04   min=0.04   stddev=0.00 (3.0%))
[       OK ] Sz_Depth_Code_CvtColorBayer.CvtColorBayer/34 (4 ms)
[ RUN      ] Sz_Depth_Code_CvtColorBayer.CvtColorBayer/35, where GetParam() = (1920x1080, CV_8U, BayerGR2BGR)
[ PERFSTAT ]    (samples=13   mean=0.04   median=0.04   min=0.04   stddev=0.00 (1.0%))
[       OK ] Sz_Depth_Code_CvtColorBayer.CvtColorBayer/35 (4 ms)
[ RUN      ] Sz_Depth_Code_CvtColorBayer.CvtColorBayer/36, where GetParam() = (1920x1080, CV_8U, BayerBG2GRAY)
[ PERFSTAT ]    (samples=25   mean=0.02   median=0.02   min=0.02   stddev=0.00 (1.4%))
[       OK ] Sz_Depth_Code_CvtColorBayer.CvtColorBayer/36 (3 ms)
[ RUN      ] Sz_Depth_Code_CvtColorBayer.CvtColorBayer/37, where GetParam() = (1920x1080, CV_8U, BayerGB2GRAY)
[ PERFSTAT ]    (samples=25   mean=0.02   median=0.02   min=0.02   stddev=0.00 (1.0%))
[       OK ] Sz_Depth_Code_CvtColorBayer.CvtColorBayer/37 (3 ms)
[ RUN      ] Sz_Depth_Code_CvtColorBayer.CvtColorBayer/38, where GetParam() = (1920x1080, CV_8U, BayerRG2GRAY)
[ PERFSTAT ]    (samples=13   mean=0.02   median=0.02   min=0.02   stddev=0.00 (0.8%))
[       OK ] Sz_Depth_Code_CvtColorBayer.CvtColorBayer/38 (3 ms)
[ RUN      ] Sz_Depth_Code_CvtColorBayer.CvtColorBayer/39, where GetParam() = (1920x1080, CV_8U, BayerGR2GRAY)
[ PERFSTAT ]    (samples=13   mean=0.02   median=0.02   min=0.02   stddev=0.00 (1.2%))
[       OK ] Sz_Depth_Code_CvtColorBayer.CvtColorBayer/39 (3 ms)
[ RUN      ] Sz_Depth_Code_CvtColorBayer.CvtColorBayer/40, where GetParam() = (1920x1080, CV_16U, BayerBG2BGR)
[ PERFSTAT ]    (samples=13   mean=0.03   median=0.03   min=0.03   stddev=0.00 (0.7%))
[       OK ] Sz_Depth_Code_CvtColorBayer.CvtColorBayer/40 (5 ms)
[ RUN      ] Sz_Depth_Code_CvtColorBayer.CvtColorBayer/41, where GetParam() = (1920x1080, CV_16U, BayerGB2BGR)
[ PERFSTAT ]    (samples=13   mean=0.03   median=0.03   min=0.03   stddev=0.00 (0.9%))
[       OK ] Sz_Depth_Code_CvtColorBayer.CvtColorBayer/41 (6 ms)
[ RUN      ] Sz_Depth_Code_CvtColorBayer.CvtColorBayer/42, where GetParam() = (1920x1080, CV_16U, BayerRG2BGR)
[ PERFSTAT ]    (samples=13   mean=0.03   median=0.03   min=0.03   stddev=0.00 (1.9%))
[       OK ] Sz_Depth_Code_CvtColorBayer.CvtColorBayer/42 (6 ms)
[ RUN      ] Sz_Depth_Code_CvtColorBayer.CvtColorBayer/43, where GetParam() = (1920x1080, CV_16U, BayerGR2BGR)
[ PERFSTAT ]    (samples=13   mean=0.03   median=0.03   min=0.03   stddev=0.00 (1.2%))
[       OK ] Sz_Depth_Code_CvtColorBayer.CvtColorBayer/43 (5 ms)
[ RUN      ] Sz_Depth_Code_CvtColorBayer.CvtColorBayer/44, where GetParam() = (1920x1080, CV_16U, BayerBG2GRAY)
/data/xumengying/tool-verify/opencv-verify/src/opencv/modules/ts/src/ts_perf.cpp:405: Failure
The difference between expect_rng2 and actual_rng2 is 1, which exceeds eps, where
expect_rng2 evaluates to 29175,
actual_rng2 evaluates to 29176, and
eps evaluates to 2.2204460492503131e-16.
Argument "gpu_dst" has unexpected value of the [1354:468:0] element

params    = (1920x1080, CV_16U, BayerBG2GRAY)
termination reason:  unknown
bytesIn   =    4147200
bytesOut  =          0
samples   =         13 of 100
outliers  =          1
frequency = 1000000000
min       =      20048 = 0.02ms
median    =      20178 = 0.02ms
gmean     =      20262 = 0.02ms
gstddev   = 0.01159550 = 0.00ms for 97% dispersion interval
mean      =      20263 = 0.02ms
stddev    =        237 = 0.00ms
[  FAILED  ] Sz_Depth_Code_CvtColorBayer.CvtColorBayer/44, where GetParam() = (1920x1080, CV_16U, BayerBG2GRAY) (5 ms)
[ RUN      ] Sz_Depth_Code_CvtColorBayer.CvtColorBayer/45, where GetParam() = (1920x1080, CV_16U, BayerGB2GRAY)
/data/xumengying/tool-verify/opencv-verify/src/opencv/modules/ts/src/ts_perf.cpp:366: Failure
The difference between expect_min and actual_min is 1, which exceeds eps, where
expect_min evaluates to 1364,
actual_min evaluates to 1363, and
eps evaluates to 2.2204460492503131e-16.
Argument "gpu_dst" has unexpected minimal value

params    = (1920x1080, CV_16U, BayerGB2GRAY)
termination reason:  unknown
bytesIn   =    4147200
bytesOut  =          0
samples   =         13 of 100
outliers  =          1
frequency = 1000000000
min       =      19967 = 0.02ms
median    =      20163 = 0.02ms
gmean     =      20253 = 0.02ms
gstddev   = 0.01231266 = 0.00ms for 97% dispersion interval
mean      =      20255 = 0.02ms
stddev    =        251 = 0.00ms
[  FAILED  ] Sz_Depth_Code_CvtColorBayer.CvtColorBayer/45, where GetParam() = (1920x1080, CV_16U, BayerGB2GRAY) (5 ms)
[ RUN      ] Sz_Depth_Code_CvtColorBayer.CvtColorBayer/46, where GetParam() = (1920x1080, CV_16U, BayerRG2GRAY)
/data/xumengying/tool-verify/opencv-verify/src/opencv/modules/ts/src/ts_perf.cpp:381: Failure
The difference between expect_last and actual_last is 1, which exceeds eps, where
expect_last evaluates to 45672,
actual_last evaluates to 45671, and
eps evaluates to 2.2204460492503131e-16.
Argument "gpu_dst" has unexpected value of the last element

params    = (1920x1080, CV_16U, BayerRG2GRAY)
termination reason:  unknown
bytesIn   =    4147200
bytesOut  =          0
samples   =         13 of 100
outliers  =          1
frequency = 1000000000
min       =      20789 = 0.02ms
median    =      21115 = 0.02ms
gmean     =      21158 = 0.02ms
gstddev   = 0.01403152 = 0.00ms for 97% dispersion interval
mean      =      21160 = 0.02ms
stddev    =        298 = 0.00ms
[  FAILED  ] Sz_Depth_Code_CvtColorBayer.CvtColorBayer/46, where GetParam() = (1920x1080, CV_16U, BayerRG2GRAY) (5 ms)
[ RUN      ] Sz_Depth_Code_CvtColorBayer.CvtColorBayer/47, where GetParam() = (1920x1080, CV_16U, BayerGR2GRAY)
/data/xumengying/tool-verify/opencv-verify/src/opencv/modules/ts/src/ts_perf.cpp:366: Failure
The difference between expect_min and actual_min is 1, which exceeds eps, where
expect_min evaluates to 909,
actual_min evaluates to 908, and
eps evaluates to 2.2204460492503131e-16.
Argument "gpu_dst" has unexpected minimal value

params    = (1920x1080, CV_16U, BayerGR2GRAY)
termination reason:  unknown
bytesIn   =    4147200
bytesOut  =          0
samples   =         13 of 100
outliers  =          1
frequency = 1000000000
min       =      20589 = 0.02ms
median    =      20960 = 0.02ms
gmean     =      20974 = 0.02ms
gstddev   = 0.01276697 = 0.00ms for 97% dispersion interval
mean      =      20976 = 0.02ms
stddev    =        268 = 0.00ms
[  FAILED  ] Sz_Depth_Code_CvtColorBayer.CvtColorBayer/47, where GetParam() = (1920x1080, CV_16U, BayerGR2GRAY) (5 ms)
[----------] 48 tests from Sz_Depth_Code_CvtColorBayer (162 ms total)

[----------] 48 tests from Sz_Code_Demosaicing
[ RUN      ] Sz_Code_Demosaicing.Demosaicing/0, where GetParam() = (1280x720, cv::COLOR_BayerBG2BGR)
[ PERFSTAT ]    (samples=13   mean=0.02   median=0.02   min=0.02   stddev=0.00 (2.0%))
[       OK ] Sz_Code_Demosaicing.Demosaicing/0 (2 ms)
[ RUN      ] Sz_Code_Demosaicing.Demosaicing/1, where GetParam() = (1280x720, cv::COLOR_BayerGB2BGR)
[ PERFSTAT ]    (samples=13   mean=0.02   median=0.02   min=0.02   stddev=0.00 (1.4%))
[       OK ] Sz_Code_Demosaicing.Demosaicing/1 (2 ms)
[ RUN      ] Sz_Code_Demosaicing.Demosaicing/2, where GetParam() = (1280x720, cv::COLOR_BayerRG2BGR)
[ PERFSTAT ]    (samples=13   mean=0.02   median=0.02   min=0.02   stddev=0.00 (1.4%))
[       OK ] Sz_Code_Demosaicing.Demosaicing/2 (2 ms)
[ RUN      ] Sz_Code_Demosaicing.Demosaicing/3, where GetParam() = (1280x720, cv::COLOR_BayerGR2BGR)
[ PERFSTAT ]    (samples=13   mean=0.02   median=0.02   min=0.02   stddev=0.00 (2.2%))
[       OK ] Sz_Code_Demosaicing.Demosaicing/3 (2 ms)
[ RUN      ] Sz_Code_Demosaicing.Demosaicing/4, where GetParam() = (1280x720, cv::COLOR_BayerBG2GRAY)
[ PERFSTAT ]    (samples=13   mean=0.01   median=0.01   min=0.01   stddev=0.00 (2.6%))
[       OK ] Sz_Code_Demosaicing.Demosaicing/4 (2 ms)
[ RUN      ] Sz_Code_Demosaicing.Demosaicing/5, where GetParam() = (1280x720, cv::COLOR_BayerGB2GRAY)
[ PERFSTAT ]    (samples=13   mean=0.01   median=0.01   min=0.01   stddev=0.00 (1.0%))
[       OK ] Sz_Code_Demosaicing.Demosaicing/5 (2 ms)
[ RUN      ] Sz_Code_Demosaicing.Demosaicing/6, where GetParam() = (1280x720, cv::COLOR_BayerRG2GRAY)
[ PERFSTAT ]    (samples=13   mean=0.01   median=0.01   min=0.01   stddev=0.00 (1.3%))
[       OK ] Sz_Code_Demosaicing.Demosaicing/6 (1 ms)
[ RUN      ] Sz_Code_Demosaicing.Demosaicing/7, where GetParam() = (1280x720, cv::COLOR_BayerGR2GRAY)
[ PERFSTAT ]    (samples=13   mean=0.02   median=0.01   min=0.01   stddev=0.00 (1.3%))
[       OK ] Sz_Code_Demosaicing.Demosaicing/7 (2 ms)
[ RUN      ] Sz_Code_Demosaicing.Demosaicing/8, where GetParam() = (1280x720, cv::cuda::COLOR_BayerBG2BGR_MHT)
[ PERFSTAT ]    (samples=25   mean=0.04   median=0.04   min=0.04   stddev=0.00 (1.3%))
[       OK ] Sz_Code_Demosaicing.Demosaicing/8 (3 ms)
[ RUN      ] Sz_Code_Demosaicing.Demosaicing/9, where GetParam() = (1280x720, cv::cuda::COLOR_BayerGB2BGR_MHT)
[ PERFSTAT ]    (samples=25   mean=0.04   median=0.04   min=0.04   stddev=0.00 (1.1%))
[       OK ] Sz_Code_Demosaicing.Demosaicing/9 (3 ms)
[ RUN      ] Sz_Code_Demosaicing.Demosaicing/10, where GetParam() = (1280x720, cv::cuda::COLOR_BayerRG2BGR_MHT)
[ PERFSTAT ]    (samples=13   mean=0.04   median=0.04   min=0.04   stddev=0.00 (1.7%))
[       OK ] Sz_Code_Demosaicing.Demosaicing/10 (2 ms)
[ RUN      ] Sz_Code_Demosaicing.Demosaicing/11, where GetParam() = (1280x720, cv::cuda::COLOR_BayerGR2BGR_MHT)
[ PERFSTAT ]    (samples=13   mean=0.04   median=0.04   min=0.04   stddev=0.00 (1.3%))
[       OK ] Sz_Code_Demosaicing.Demosaicing/11 (3 ms)
[ RUN      ] Sz_Code_Demosaicing.Demosaicing/12, where GetParam() = (1280x720, cv::cuda::COLOR_BayerBG2GRAY_MHT)
[ PERFSTAT ]    (samples=13   mean=0.04   median=0.04   min=0.04   stddev=0.00 (2.1%))
[       OK ] Sz_Code_Demosaicing.Demosaicing/12 (2 ms)
[ RUN      ] Sz_Code_Demosaicing.Demosaicing/13, where GetParam() = (1280x720, cv::cuda::COLOR_BayerGB2GRAY_MHT)
[ PERFSTAT ]    (samples=13   mean=0.04   median=0.04   min=0.04   stddev=0.00 (1.0%))
[       OK ] Sz_Code_Demosaicing.Demosaicing/13 (2 ms)
[ RUN      ] Sz_Code_Demosaicing.Demosaicing/14, where GetParam() = (1280x720, cv::cuda::COLOR_BayerRG2GRAY_MHT)
[ PERFSTAT ]    (samples=13   mean=0.04   median=0.04   min=0.04   stddev=0.00 (1.1%))
[       OK ] Sz_Code_Demosaicing.Demosaicing/14 (2 ms)
[ RUN      ] Sz_Code_Demosaicing.Demosaicing/15, where GetParam() = (1280x720, cv::cuda::COLOR_BayerGR2GRAY_MHT)
[ PERFSTAT ]    (samples=13   mean=0.04   median=0.04   min=0.04   stddev=0.00 (1.4%))
[       OK ] Sz_Code_Demosaicing.Demosaicing/15 (2 ms)
[ RUN      ] Sz_Code_Demosaicing.Demosaicing/16, where GetParam() = (1280x1024, cv::COLOR_BayerBG2BGR)
[ PERFSTAT ]    (samples=25   mean=0.03   median=0.03   min=0.03   stddev=0.00 (1.8%))
[       OK ] Sz_Code_Demosaicing.Demosaicing/16 (3 ms)
[ RUN      ] Sz_Code_Demosaicing.Demosaicing/17, where GetParam() = (1280x1024, cv::COLOR_BayerGB2BGR)
[ PERFSTAT ]    (samples=25   mean=0.03   median=0.03   min=0.03   stddev=0.00 (1.7%))
[       OK ] Sz_Code_Demosaicing.Demosaicing/17 (3 ms)
[ RUN      ] Sz_Code_Demosaicing.Demosaicing/18, where GetParam() = (1280x1024, cv::COLOR_BayerRG2BGR)
[ PERFSTAT ]    (samples=25   mean=0.03   median=0.03   min=0.03   stddev=0.00 (2.3%))
[       OK ] Sz_Code_Demosaicing.Demosaicing/18 (3 ms)
[ RUN      ] Sz_Code_Demosaicing.Demosaicing/19, where GetParam() = (1280x1024, cv::COLOR_BayerGR2BGR)
[ PERFSTAT ]    (samples=13   mean=0.03   median=0.03   min=0.03   stddev=0.00 (1.7%))
[       OK ] Sz_Code_Demosaicing.Demosaicing/19 (2 ms)
[ RUN      ] Sz_Code_Demosaicing.Demosaicing/20, where GetParam() = (1280x1024, cv::COLOR_BayerBG2GRAY)
[ PERFSTAT ]    (samples=13   mean=0.02   median=0.02   min=0.02   stddev=0.00 (1.5%))
[       OK ] Sz_Code_Demosaicing.Demosaicing/20 (2 ms)
[ RUN      ] Sz_Code_Demosaicing.Demosaicing/21, where GetParam() = (1280x1024, cv::COLOR_BayerGB2GRAY)
[ PERFSTAT ]    (samples=13   mean=0.02   median=0.02   min=0.02   stddev=0.00 (1.3%))
[       OK ] Sz_Code_Demosaicing.Demosaicing/21 (3 ms)
[ RUN      ] Sz_Code_Demosaicing.Demosaicing/22, where GetParam() = (1280x1024, cv::COLOR_BayerRG2GRAY)
[ PERFSTAT ]    (samples=13   mean=0.02   median=0.02   min=0.02   stddev=0.00 (1.0%))
[       OK ] Sz_Code_Demosaicing.Demosaicing/22 (2 ms)
[ RUN      ] Sz_Code_Demosaicing.Demosaicing/23, where GetParam() = (1280x1024, cv::COLOR_BayerGR2GRAY)
[ PERFSTAT ]    (samples=13   mean=0.02   median=0.02   min=0.02   stddev=0.00 (2.8%))
[       OK ] Sz_Code_Demosaicing.Demosaicing/23 (2 ms)
[ RUN      ] Sz_Code_Demosaicing.Demosaicing/24, where GetParam() = (1280x1024, cv::cuda::COLOR_BayerBG2BGR_MHT)
[ PERFSTAT ]    (samples=13   mean=0.05   median=0.05   min=0.05   stddev=0.00 (1.2%))
[       OK ] Sz_Code_Demosaicing.Demosaicing/24 (3 ms)
[ RUN      ] Sz_Code_Demosaicing.Demosaicing/25, where GetParam() = (1280x1024, cv::cuda::COLOR_BayerGB2BGR_MHT)
[ PERFSTAT ]    (samples=13   mean=0.05   median=0.05   min=0.05   stddev=0.00 (1.2%))
[       OK ] Sz_Code_Demosaicing.Demosaicing/25 (3 ms)
[ RUN      ] Sz_Code_Demosaicing.Demosaicing/26, where GetParam() = (1280x1024, cv::cuda::COLOR_BayerRG2BGR_MHT)
[ PERFSTAT ]    (samples=13   mean=0.05   median=0.05   min=0.05   stddev=0.00 (1.1%))
[       OK ] Sz_Code_Demosaicing.Demosaicing/26 (3 ms)
[ RUN      ] Sz_Code_Demosaicing.Demosaicing/27, where GetParam() = (1280x1024, cv::cuda::COLOR_BayerGR2BGR_MHT)
[ PERFSTAT ]    (samples=13   mean=0.05   median=0.05   min=0.05   stddev=0.00 (0.9%))
[       OK ] Sz_Code_Demosaicing.Demosaicing/27 (2 ms)
[ RUN      ] Sz_Code_Demosaicing.Demosaicing/28, where GetParam() = (1280x1024, cv::cuda::COLOR_BayerBG2GRAY_MHT)
[ PERFSTAT ]    (samples=13   mean=0.05   median=0.05   min=0.05   stddev=0.00 (1.4%))
[       OK ] Sz_Code_Demosaicing.Demosaicing/28 (4 ms)
[ RUN      ] Sz_Code_Demosaicing.Demosaicing/29, where GetParam() = (1280x1024, cv::cuda::COLOR_BayerGB2GRAY_MHT)
[ PERFSTAT ]    (samples=13   mean=0.05   median=0.05   min=0.05   stddev=0.00 (1.2%))
[       OK ] Sz_Code_Demosaicing.Demosaicing/29 (3 ms)
[ RUN      ] Sz_Code_Demosaicing.Demosaicing/30, where GetParam() = (1280x1024, cv::cuda::COLOR_BayerRG2GRAY_MHT)
[ PERFSTAT ]    (samples=13   mean=0.05   median=0.05   min=0.05   stddev=0.00 (2.5%))
[       OK ] Sz_Code_Demosaicing.Demosaicing/30 (2 ms)
[ RUN      ] Sz_Code_Demosaicing.Demosaicing/31, where GetParam() = (1280x1024, cv::cuda::COLOR_BayerGR2GRAY_MHT)
[ PERFSTAT ]    (samples=13   mean=0.05   median=0.05   min=0.05   stddev=0.00 (0.6%))
[       OK ] Sz_Code_Demosaicing.Demosaicing/31 (3 ms)
[ RUN      ] Sz_Code_Demosaicing.Demosaicing/32, where GetParam() = (1920x1080, cv::COLOR_BayerBG2BGR)
[ PERFSTAT ]    (samples=13   mean=0.04   median=0.04   min=0.04   stddev=0.00 (1.6%))
[       OK ] Sz_Code_Demosaicing.Demosaicing/32 (3 ms)
[ RUN      ] Sz_Code_Demosaicing.Demosaicing/33, where GetParam() = (1920x1080, cv::COLOR_BayerGB2BGR)
[ PERFSTAT ]    (samples=13   mean=0.04   median=0.04   min=0.04   stddev=0.00 (1.6%))
[       OK ] Sz_Code_Demosaicing.Demosaicing/33 (4 ms)
[ RUN      ] Sz_Code_Demosaicing.Demosaicing/34, where GetParam() = (1920x1080, cv::COLOR_BayerRG2BGR)
[ PERFSTAT ]    (samples=13   mean=0.04   median=0.04   min=0.04   stddev=0.00 (1.0%))
[       OK ] Sz_Code_Demosaicing.Demosaicing/34 (3 ms)
[ RUN      ] Sz_Code_Demosaicing.Demosaicing/35, where GetParam() = (1920x1080, cv::COLOR_BayerGR2BGR)
[ PERFSTAT ]    (samples=16   mean=0.04   median=0.04   min=0.04   stddev=0.00 (3.0%))
[       OK ] Sz_Code_Demosaicing.Demosaicing/35 (4 ms)
[ RUN      ] Sz_Code_Demosaicing.Demosaicing/36, where GetParam() = (1920x1080, cv::COLOR_BayerBG2GRAY)
[ PERFSTAT ]    (samples=13   mean=0.02   median=0.02   min=0.02   stddev=0.00 (1.6%))
[       OK ] Sz_Code_Demosaicing.Demosaicing/36 (3 ms)
[ RUN      ] Sz_Code_Demosaicing.Demosaicing/37, where GetParam() = (1920x1080, cv::COLOR_BayerGB2GRAY)
[ PERFSTAT ]    (samples=13   mean=0.02   median=0.02   min=0.02   stddev=0.00 (2.9%))
[       OK ] Sz_Code_Demosaicing.Demosaicing/37 (2 ms)
[ RUN      ] Sz_Code_Demosaicing.Demosaicing/38, where GetParam() = (1920x1080, cv::COLOR_BayerRG2GRAY)
[ PERFSTAT ]    (samples=13   mean=0.02   median=0.02   min=0.02   stddev=0.00 (1.0%))
[       OK ] Sz_Code_Demosaicing.Demosaicing/38 (3 ms)
[ RUN      ] Sz_Code_Demosaicing.Demosaicing/39, where GetParam() = (1920x1080, cv::COLOR_BayerGR2GRAY)
[ PERFSTAT ]    (samples=13   mean=0.02   median=0.02   min=0.02   stddev=0.00 (1.5%))
[       OK ] Sz_Code_Demosaicing.Demosaicing/39 (3 ms)
[ RUN      ] Sz_Code_Demosaicing.Demosaicing/40, where GetParam() = (1920x1080, cv::cuda::COLOR_BayerBG2BGR_MHT)
[ PERFSTAT ]    (samples=13   mean=0.07   median=0.07   min=0.07   stddev=0.00 (0.6%))
[       OK ] Sz_Code_Demosaicing.Demosaicing/40 (4 ms)
[ RUN      ] Sz_Code_Demosaicing.Demosaicing/41, where GetParam() = (1920x1080, cv::cuda::COLOR_BayerGB2BGR_MHT)
[ PERFSTAT ]    (samples=13   mean=0.07   median=0.07   min=0.07   stddev=0.00 (0.4%))
[       OK ] Sz_Code_Demosaicing.Demosaicing/41 (4 ms)
[ RUN      ] Sz_Code_Demosaicing.Demosaicing/42, where GetParam() = (1920x1080, cv::cuda::COLOR_BayerRG2BGR_MHT)
[ PERFSTAT ]    (samples=13   mean=0.07   median=0.07   min=0.07   stddev=0.00 (0.4%))
[       OK ] Sz_Code_Demosaicing.Demosaicing/42 (4 ms)
[ RUN      ] Sz_Code_Demosaicing.Demosaicing/43, where GetParam() = (1920x1080, cv::cuda::COLOR_BayerGR2BGR_MHT)
[ PERFSTAT ]    (samples=13   mean=0.07   median=0.07   min=0.07   stddev=0.00 (0.5%))
[       OK ] Sz_Code_Demosaicing.Demosaicing/43 (4 ms)
[ RUN      ] Sz_Code_Demosaicing.Demosaicing/44, where GetParam() = (1920x1080, cv::cuda::COLOR_BayerBG2GRAY_MHT)
[ PERFSTAT ]    (samples=13   mean=0.07   median=0.07   min=0.06   stddev=0.00 (0.9%))
[       OK ] Sz_Code_Demosaicing.Demosaicing/44 (3 ms)
[ RUN      ] Sz_Code_Demosaicing.Demosaicing/45, where GetParam() = (1920x1080, cv::cuda::COLOR_BayerGB2GRAY_MHT)
[ PERFSTAT ]    (samples=13   mean=0.07   median=0.07   min=0.07   stddev=0.00 (0.6%))
[       OK ] Sz_Code_Demosaicing.Demosaicing/45 (4 ms)
[ RUN      ] Sz_Code_Demosaicing.Demosaicing/46, where GetParam() = (1920x1080, cv::cuda::COLOR_BayerRG2GRAY_MHT)
[ PERFSTAT ]    (samples=13   mean=0.07   median=0.07   min=0.07   stddev=0.00 (2.7%))
[       OK ] Sz_Code_Demosaicing.Demosaicing/46 (3 ms)
[ RUN      ] Sz_Code_Demosaicing.Demosaicing/47, where GetParam() = (1920x1080, cv::cuda::COLOR_BayerGR2GRAY_MHT)
[ PERFSTAT ]    (samples=13   mean=0.07   median=0.07   min=0.07   stddev=0.00 (0.7%))
[       OK ] Sz_Code_Demosaicing.Demosaicing/47 (4 ms)
[----------] 48 tests from Sz_Code_Demosaicing (132 ms total)

[----------] 3 tests from Sz_SwapChannels
[ RUN      ] Sz_SwapChannels.SwapChannels/0, where GetParam() = 1280x720
[ PERFSTAT ]    (samples=13   mean=0.02   median=0.02   min=0.02   stddev=0.00 (2.5%))
[       OK ] Sz_SwapChannels.SwapChannels/0 (6 ms)
[ RUN      ] Sz_SwapChannels.SwapChannels/1, where GetParam() = 1280x1024
[ PERFSTAT ]    (samples=25   mean=0.02   median=0.02   min=0.02   stddev=0.00 (0.8%))
[       OK ] Sz_SwapChannels.SwapChannels/1 (6 ms)
[ RUN      ] Sz_SwapChannels.SwapChannels/2, where GetParam() = 1920x1080
[ PERFSTAT ]    (samples=13   mean=0.03   median=0.03   min=0.03   stddev=0.00 (0.8%))
[       OK ] Sz_SwapChannels.SwapChannels/2 (8 ms)
[----------] 3 tests from Sz_SwapChannels (20 ms total)

[----------] 156 tests from Sz_Type_Op_AlphaComp
[ RUN      ] Sz_Type_Op_AlphaComp.AlphaComp/0, where GetParam() = (1280x720, 8UC4, cv::cuda::ALPHA_OVER)
[ PERFSTAT ]    (samples=25   mean=0.02   median=0.02   min=0.02   stddev=0.00 (1.6%))
[       OK ] Sz_Type_Op_AlphaComp.AlphaComp/0 (10 ms)
[ RUN      ] Sz_Type_Op_AlphaComp.AlphaComp/1, where GetParam() = (1280x720, 8UC4, cv::cuda::ALPHA_IN)
[ PERFSTAT ]    (samples=13   mean=0.02   median=0.02   min=0.02   stddev=0.00 (1.3%))
[       OK ] Sz_Type_Op_AlphaComp.AlphaComp/1 (7 ms)
[ RUN      ] Sz_Type_Op_AlphaComp.AlphaComp/2, where GetParam() = (1280x720, 8UC4, cv::cuda::ALPHA_OUT)
[ PERFSTAT ]    (samples=25   mean=0.02   median=0.02   min=0.02   stddev=0.00 (1.5%))
[       OK ] Sz_Type_Op_AlphaComp.AlphaComp/2 (7 ms)
[ RUN      ] Sz_Type_Op_AlphaComp.AlphaComp/3, where GetParam() = (1280x720, 8UC4, cv::cuda::ALPHA_ATOP)
[ PERFSTAT ]    (samples=13   mean=0.02   median=0.02   min=0.02   stddev=0.00 (1.7%))
[       OK ] Sz_Type_Op_AlphaComp.AlphaComp/3 (7 ms)
[ RUN      ] Sz_Type_Op_AlphaComp.AlphaComp/4, where GetParam() = (1280x720, 8UC4, cv::cuda::ALPHA_XOR)
[ PERFSTAT ]    (samples=13   mean=0.02   median=0.02   min=0.02   stddev=0.00 (2.5%))
[       OK ] Sz_Type_Op_AlphaComp.AlphaComp/4 (7 ms)
[ RUN      ] Sz_Type_Op_AlphaComp.AlphaComp/5, where GetParam() = (1280x720, 8UC4, cv::cuda::ALPHA_PLUS)
[ PERFSTAT ]    (samples=13   mean=0.02   median=0.02   min=0.02   stddev=0.00 (1.8%))
[       OK ] Sz_Type_Op_AlphaComp.AlphaComp/5 (7 ms)
[ RUN      ] Sz_Type_Op_AlphaComp.AlphaComp/6, where GetParam() = (1280x720, 8UC4, cv::cuda::ALPHA_OVER_PREMUL)
[ PERFSTAT ]    (samples=13   mean=0.02   median=0.02   min=0.02   stddev=0.00 (2.2%))
[       OK ] Sz_Type_Op_AlphaComp.AlphaComp/6 (7 ms)
[ RUN      ] Sz_Type_Op_AlphaComp.AlphaComp/7, where GetParam() = (1280x720, 8UC4, cv::cuda::ALPHA_IN_PREMUL)
[ PERFSTAT ]    (samples=13   mean=0.02   median=0.02   min=0.02   stddev=0.00 (1.7%))
[       OK ] Sz_Type_Op_AlphaComp.AlphaComp/7 (7 ms)
[ RUN      ] Sz_Type_Op_AlphaComp.AlphaComp/8, where GetParam() = (1280x720, 8UC4, cv::cuda::ALPHA_OUT_PREMUL)
[ PERFSTAT ]    (samples=13   mean=0.02   median=0.02   min=0.02   stddev=0.00 (2.0%))
[       OK ] Sz_Type_Op_AlphaComp.AlphaComp/8 (7 ms)
[ RUN      ] Sz_Type_Op_AlphaComp.AlphaComp/9, where GetParam() = (1280x720, 8UC4, cv::cuda::ALPHA_ATOP_PREMUL)
[ PERFSTAT ]    (samples=13   mean=0.02   median=0.02   min=0.02   stddev=0.00 (1.7%))
[       OK ] Sz_Type_Op_AlphaComp.AlphaComp/9 (8 ms)
[ RUN      ] Sz_Type_Op_AlphaComp.AlphaComp/10, where GetParam() = (1280x720, 8UC4, cv::cuda::ALPHA_XOR_PREMUL)
[ PERFSTAT ]    (samples=13   mean=0.02   median=0.02   min=0.02   stddev=0.00 (2.8%))
[       OK ] Sz_Type_Op_AlphaComp.AlphaComp/10 (7 ms)
[ RUN      ] Sz_Type_Op_AlphaComp.AlphaComp/11, where GetParam() = (1280x720, 8UC4, cv::cuda::ALPHA_PLUS_PREMUL)
[ PERFSTAT ]    (samples=20   mean=0.02   median=0.02   min=0.02   stddev=0.00 (3.0%))
[       OK ] Sz_Type_Op_AlphaComp.AlphaComp/11 (7 ms)
[ RUN      ] Sz_Type_Op_AlphaComp.AlphaComp/12, where GetParam() = (1280x720, 8UC4, cv::cuda::ALPHA_PREMUL)
[ PERFSTAT ]    (samples=13   mean=0.01   median=0.01   min=0.01   stddev=0.00 (2.2%))
[       OK ] Sz_Type_Op_AlphaComp.AlphaComp/12 (7 ms)
[ RUN      ] Sz_Type_Op_AlphaComp.AlphaComp/13, where GetParam() = (1280x720, 16UC4, cv::cuda::ALPHA_OVER)
[ PERFSTAT ]    (samples=13   mean=0.02   median=0.02   min=0.02   stddev=0.00 (2.6%))
[       OK ] Sz_Type_Op_AlphaComp.AlphaComp/13 (14 ms)
[ RUN      ] Sz_Type_Op_AlphaComp.AlphaComp/14, where GetParam() = (1280x720, 16UC4, cv::cuda::ALPHA_IN)
[ PERFSTAT ]    (samples=13   mean=0.02   median=0.02   min=0.02   stddev=0.00 (1.7%))
[       OK ] Sz_Type_Op_AlphaComp.AlphaComp/14 (13 ms)
[ RUN      ] Sz_Type_Op_AlphaComp.AlphaComp/15, where GetParam() = (1280x720, 16UC4, cv::cuda::ALPHA_OUT)
[ PERFSTAT ]    (samples=13   mean=0.02   median=0.02   min=0.02   stddev=0.00 (2.2%))
[       OK ] Sz_Type_Op_AlphaComp.AlphaComp/15 (13 ms)
[ RUN      ] Sz_Type_Op_AlphaComp.AlphaComp/16, where GetParam() = (1280x720, 16UC4, cv::cuda::ALPHA_ATOP)
[ PERFSTAT ]    (samples=13   mean=0.02   median=0.02   min=0.02   stddev=0.00 (1.8%))
[       OK ] Sz_Type_Op_AlphaComp.AlphaComp/16 (14 ms)
[ RUN      ] Sz_Type_Op_AlphaComp.AlphaComp/17, where GetParam() = (1280x720, 16UC4, cv::cuda::ALPHA_XOR)
[ PERFSTAT ]    (samples=13   mean=0.02   median=0.02   min=0.02   stddev=0.00 (1.7%))
[       OK ] Sz_Type_Op_AlphaComp.AlphaComp/17 (13 ms)
[ RUN      ] Sz_Type_Op_AlphaComp.AlphaComp/18, where GetParam() = (1280x720, 16UC4, cv::cuda::ALPHA_PLUS)
[ PERFSTAT ]    (samples=13   mean=0.03   median=0.03   min=0.02   stddev=0.00 (2.1%))
[       OK ] Sz_Type_Op_AlphaComp.AlphaComp/18 (13 ms)
[ RUN      ] Sz_Type_Op_AlphaComp.AlphaComp/19, where GetParam() = (1280x720, 16UC4, cv::cuda::ALPHA_OVER_PREMUL)
[ PERFSTAT ]    (samples=13   mean=0.03   median=0.03   min=0.03   stddev=0.00 (1.9%))
[       OK ] Sz_Type_Op_AlphaComp.AlphaComp/19 (13 ms)
[ RUN      ] Sz_Type_Op_AlphaComp.AlphaComp/20, where GetParam() = (1280x720, 16UC4, cv::cuda::ALPHA_IN_PREMUL)
[ PERFSTAT ]    (samples=13   mean=0.03   median=0.03   min=0.03   stddev=0.00 (1.8%))
[       OK ] Sz_Type_Op_AlphaComp.AlphaComp/20 (13 ms)
[ RUN      ] Sz_Type_Op_AlphaComp.AlphaComp/21, where GetParam() = (1280x720, 16UC4, cv::cuda::ALPHA_OUT_PREMUL)
[ PERFSTAT ]    (samples=13   mean=0.03   median=0.03   min=0.03   stddev=0.00 (2.9%))
[       OK ] Sz_Type_Op_AlphaComp.AlphaComp/21 (13 ms)
[ RUN      ] Sz_Type_Op_AlphaComp.AlphaComp/22, where GetParam() = (1280x720, 16UC4, cv::cuda::ALPHA_ATOP_PREMUL)
[ PERFSTAT ]    (samples=25   mean=0.02   median=0.02   min=0.02   stddev=0.00 (2.2%))
[       OK ] Sz_Type_Op_AlphaComp.AlphaComp/22 (13 ms)
[ RUN      ] Sz_Type_Op_AlphaComp.AlphaComp/23, where GetParam() = (1280x720, 16UC4, cv::cuda::ALPHA_XOR_PREMUL)
[ PERFSTAT ]    (samples=13   mean=0.03   median=0.03   min=0.02   stddev=0.00 (1.7%))
[       OK ] Sz_Type_Op_AlphaComp.AlphaComp/23 (13 ms)
[ RUN      ] Sz_Type_Op_AlphaComp.AlphaComp/24, where GetParam() = (1280x720, 16UC4, cv::cuda::ALPHA_PLUS_PREMUL)
[ PERFSTAT ]    (samples=13   mean=0.03   median=0.03   min=0.03   stddev=0.00 (1.5%))
[       OK ] Sz_Type_Op_AlphaComp.AlphaComp/24 (13 ms)
[ RUN      ] Sz_Type_Op_AlphaComp.AlphaComp/25, where GetParam() = (1280x720, 16UC4, cv::cuda::ALPHA_PREMUL)
[ PERFSTAT ]    (samples=13   mean=0.02   median=0.02   min=0.02   stddev=0.00 (1.5%))
[       OK ] Sz_Type_Op_AlphaComp.AlphaComp/25 (13 ms)
[ RUN      ] Sz_Type_Op_AlphaComp.AlphaComp/26, where GetParam() = (1280x720, 32SC4, cv::cuda::ALPHA_OVER)
[ PERFSTAT ]    (samples=13   mean=0.05   median=0.05   min=0.04   stddev=0.00 (1.7%))
[       OK ] Sz_Type_Op_AlphaComp.AlphaComp/26 (26 ms)
[ RUN      ] Sz_Type_Op_AlphaComp.AlphaComp/27, where GetParam() = (1280x720, 32SC4, cv::cuda::ALPHA_IN)
[ PERFSTAT ]    (samples=13   mean=0.05   median=0.04   min=0.04   stddev=0.00 (2.0%))
[       OK ] Sz_Type_Op_AlphaComp.AlphaComp/27 (26 ms)
[ RUN      ] Sz_Type_Op_AlphaComp.AlphaComp/28, where GetParam() = (1280x720, 32SC4, cv::cuda::ALPHA_OUT)
[ PERFSTAT ]    (samples=13   mean=0.05   median=0.04   min=0.04   stddev=0.00 (2.4%))
[       OK ] Sz_Type_Op_AlphaComp.AlphaComp/28 (27 ms)
[ RUN      ] Sz_Type_Op_AlphaComp.AlphaComp/29, where GetParam() = (1280x720, 32SC4, cv::cuda::ALPHA_ATOP)
[ PERFSTAT ]    (samples=13   mean=0.05   median=0.05   min=0.04   stddev=0.00 (2.0%))
[       OK ] Sz_Type_Op_AlphaComp.AlphaComp/29 (27 ms)
[ RUN      ] Sz_Type_Op_AlphaComp.AlphaComp/30, where GetParam() = (1280x720, 32SC4, cv::cuda::ALPHA_XOR)
[ PERFSTAT ]    (samples=13   mean=0.05   median=0.05   min=0.04   stddev=0.00 (1.8%))
[       OK ] Sz_Type_Op_AlphaComp.AlphaComp/30 (26 ms)
[ RUN      ] Sz_Type_Op_AlphaComp.AlphaComp/31, where GetParam() = (1280x720, 32SC4, cv::cuda::ALPHA_PLUS)
[ PERFSTAT ]    (samples=13   mean=0.05   median=0.04   min=0.04   stddev=0.00 (2.2%))
[       OK ] Sz_Type_Op_AlphaComp.AlphaComp/31 (27 ms)
[ RUN      ] Sz_Type_Op_AlphaComp.AlphaComp/32, where GetParam() = (1280x720, 32SC4, cv::cuda::ALPHA_OVER_PREMUL)
[ PERFSTAT ]    (samples=13   mean=0.05   median=0.05   min=0.05   stddev=0.00 (1.5%))
[       OK ] Sz_Type_Op_AlphaComp.AlphaComp/32 (26 ms)
[ RUN      ] Sz_Type_Op_AlphaComp.AlphaComp/33, where GetParam() = (1280x720, 32SC4, cv::cuda::ALPHA_IN_PREMUL)
[ PERFSTAT ]    (samples=13   mean=0.05   median=0.05   min=0.05   stddev=0.00 (1.6%))
[       OK ] Sz_Type_Op_AlphaComp.AlphaComp/33 (27 ms)
[ RUN      ] Sz_Type_Op_AlphaComp.AlphaComp/34, where GetParam() = (1280x720, 32SC4, cv::cuda::ALPHA_OUT_PREMUL)
[ PERFSTAT ]    (samples=13   mean=0.05   median=0.05   min=0.05   stddev=0.00 (1.1%))
[       OK ] Sz_Type_Op_AlphaComp.AlphaComp/34 (27 ms)
[ RUN      ] Sz_Type_Op_AlphaComp.AlphaComp/35, where GetParam() = (1280x720, 32SC4, cv::cuda::ALPHA_ATOP_PREMUL)
[ PERFSTAT ]    (samples=13   mean=0.05   median=0.05   min=0.04   stddev=0.00 (2.2%))
[       OK ] Sz_Type_Op_AlphaComp.AlphaComp/35 (26 ms)
[ RUN      ] Sz_Type_Op_AlphaComp.AlphaComp/36, where GetParam() = (1280x720, 32SC4, cv::cuda::ALPHA_XOR_PREMUL)
[ PERFSTAT ]    (samples=13   mean=0.05   median=0.04   min=0.04   stddev=0.00 (1.9%))
[       OK ] Sz_Type_Op_AlphaComp.AlphaComp/36 (27 ms)
[ RUN      ] Sz_Type_Op_AlphaComp.AlphaComp/37, where GetParam() = (1280x720, 32SC4, cv::cuda::ALPHA_PLUS_PREMUL)
[ PERFSTAT ]    (samples=13   mean=0.05   median=0.05   min=0.05   stddev=0.00 (2.0%))
[       OK ] Sz_Type_Op_AlphaComp.AlphaComp/37 (26 ms)
[ RUN      ] Sz_Type_Op_AlphaComp.AlphaComp/38, where GetParam() = (1280x720, 32SC4, cv::cuda::ALPHA_PREMUL)
[ PERFSTAT ]    (samples=100   mean=0.04   median=0.04   min=0.04   stddev=0.00 (3.8%))
[       OK ] Sz_Type_Op_AlphaComp.AlphaComp/38 (33 ms)
[ RUN      ] Sz_Type_Op_AlphaComp.AlphaComp/39, where GetParam() = (1280x720, 32FC4, cv::cuda::ALPHA_OVER)
[ PERFSTAT ]    (samples=13   mean=0.04   median=0.04   min=0.04   stddev=0.00 (2.6%))
[       OK ] Sz_Type_Op_AlphaComp.AlphaComp/39 (15 ms)
[ RUN      ] Sz_Type_Op_AlphaComp.AlphaComp/40, where GetParam() = (1280x720, 32FC4, cv::cuda::ALPHA_IN)
[ PERFSTAT ]    (samples=13   mean=0.04   median=0.04   min=0.04   stddev=0.00 (2.7%))
[       OK ] Sz_Type_Op_AlphaComp.AlphaComp/40 (15 ms)
[ RUN      ] Sz_Type_Op_AlphaComp.AlphaComp/41, where GetParam() = (1280x720, 32FC4, cv::cuda::ALPHA_OUT)
[ PERFSTAT ]    (samples=13   mean=0.05   median=0.05   min=0.04   stddev=0.00 (2.7%))
[       OK ] Sz_Type_Op_AlphaComp.AlphaComp/41 (15 ms)
[ RUN      ] Sz_Type_Op_AlphaComp.AlphaComp/42, where GetParam() = (1280x720, 32FC4, cv::cuda::ALPHA_ATOP)
[ PERFSTAT ]    (samples=13   mean=0.04   median=0.04   min=0.04   stddev=0.00 (2.8%))
[       OK ] Sz_Type_Op_AlphaComp.AlphaComp/42 (16 ms)
[ RUN      ] Sz_Type_Op_AlphaComp.AlphaComp/43, where GetParam() = (1280x720, 32FC4, cv::cuda::ALPHA_XOR)
[ PERFSTAT ]    (samples=14   mean=0.04   median=0.04   min=0.04   stddev=0.00 (2.9%))
[       OK ] Sz_Type_Op_AlphaComp.AlphaComp/43 (15 ms)
[ RUN      ] Sz_Type_Op_AlphaComp.AlphaComp/44, where GetParam() = (1280x720, 32FC4, cv::cuda::ALPHA_PLUS)
[ PERFSTAT ]    (samples=13   mean=0.04   median=0.04   min=0.04   stddev=0.00 (2.9%))
[       OK ] Sz_Type_Op_AlphaComp.AlphaComp/44 (16 ms)
[ RUN      ] Sz_Type_Op_AlphaComp.AlphaComp/45, where GetParam() = (1280x720, 32FC4, cv::cuda::ALPHA_OVER_PREMUL)
[ PERFSTAT ]    (samples=13   mean=0.05   median=0.05   min=0.04   stddev=0.00 (1.9%))
[       OK ] Sz_Type_Op_AlphaComp.AlphaComp/45 (16 ms)
[ RUN      ] Sz_Type_Op_AlphaComp.AlphaComp/46, where GetParam() = (1280x720, 32FC4, cv::cuda::ALPHA_IN_PREMUL)
[ PERFSTAT ]    (samples=13   mean=0.05   median=0.05   min=0.04   stddev=0.00 (2.7%))
[       OK ] Sz_Type_Op_AlphaComp.AlphaComp/46 (16 ms)
[ RUN      ] Sz_Type_Op_AlphaComp.AlphaComp/47, where GetParam() = (1280x720, 32FC4, cv::cuda::ALPHA_OUT_PREMUL)
[ PERFSTAT ]    (samples=13   mean=0.05   median=0.05   min=0.04   stddev=0.00 (2.8%))
[       OK ] Sz_Type_Op_AlphaComp.AlphaComp/47 (18 ms)
[ RUN      ] Sz_Type_Op_AlphaComp.AlphaComp/48, where GetParam() = (1280x720, 32FC4, cv::cuda::ALPHA_ATOP_PREMUL)
[ PERFSTAT ]    (samples=13   mean=0.05   median=0.05   min=0.05   stddev=0.00 (1.6%))
[       OK ] Sz_Type_Op_AlphaComp.AlphaComp/48 (16 ms)
[ RUN      ] Sz_Type_Op_AlphaComp.AlphaComp/49, where GetParam() = (1280x720, 32FC4, cv::cuda::ALPHA_XOR_PREMUL)
[ PERFSTAT ]    (samples=13   mean=0.05   median=0.05   min=0.05   stddev=0.00 (2.6%))
[       OK ] Sz_Type_Op_AlphaComp.AlphaComp/49 (16 ms)
[ RUN      ] Sz_Type_Op_AlphaComp.AlphaComp/50, where GetParam() = (1280x720, 32FC4, cv::cuda::ALPHA_PLUS_PREMUL)
[ PERFSTAT ]    (samples=13   mean=0.05   median=0.05   min=0.05   stddev=0.00 (2.5%))
[       OK ] Sz_Type_Op_AlphaComp.AlphaComp/50 (49 ms)
[ RUN      ] Sz_Type_Op_AlphaComp.AlphaComp/51, where GetParam() = (1280x720, 32FC4, cv::cuda::ALPHA_PREMUL)
[ PERFSTAT ]    (samples=13   mean=0.04   median=0.04   min=0.04   stddev=0.00 (1.1%))
[       OK ] Sz_Type_Op_AlphaComp.AlphaComp/51 (16 ms)
[ RUN      ] Sz_Type_Op_AlphaComp.AlphaComp/52, where GetParam() = (1280x1024, 8UC4, cv::cuda::ALPHA_OVER)
[ PERFSTAT ]    (samples=15   mean=0.02   median=0.02   min=0.02   stddev=0.00 (3.0%))
[       OK ] Sz_Type_Op_AlphaComp.AlphaComp/52 (9 ms)
[ RUN      ] Sz_Type_Op_AlphaComp.AlphaComp/53, where GetParam() = (1280x1024, 8UC4, cv::cuda::ALPHA_IN)
[ PERFSTAT ]    (samples=13   mean=0.02   median=0.02   min=0.02   stddev=0.00 (1.4%))
[       OK ] Sz_Type_Op_AlphaComp.AlphaComp/53 (10 ms)
[ RUN      ] Sz_Type_Op_AlphaComp.AlphaComp/54, where GetParam() = (1280x1024, 8UC4, cv::cuda::ALPHA_OUT)
[ PERFSTAT ]    (samples=13   mean=0.02   median=0.02   min=0.02   stddev=0.00 (1.8%))
[       OK ] Sz_Type_Op_AlphaComp.AlphaComp/54 (9 ms)
[ RUN      ] Sz_Type_Op_AlphaComp.AlphaComp/55, where GetParam() = (1280x1024, 8UC4, cv::cuda::ALPHA_ATOP)
[ PERFSTAT ]    (samples=13   mean=0.02   median=0.02   min=0.02   stddev=0.00 (2.6%))
[       OK ] Sz_Type_Op_AlphaComp.AlphaComp/55 (10 ms)
[ RUN      ] Sz_Type_Op_AlphaComp.AlphaComp/56, where GetParam() = (1280x1024, 8UC4, cv::cuda::ALPHA_XOR)
[ PERFSTAT ]    (samples=25   mean=0.02   median=0.02   min=0.02   stddev=0.00 (2.5%))
[       OK ] Sz_Type_Op_AlphaComp.AlphaComp/56 (9 ms)
[ RUN      ] Sz_Type_Op_AlphaComp.AlphaComp/57, where GetParam() = (1280x1024, 8UC4, cv::cuda::ALPHA_PLUS)
[ PERFSTAT ]    (samples=13   mean=0.02   median=0.02   min=0.02   stddev=0.00 (2.1%))
[       OK ] Sz_Type_Op_AlphaComp.AlphaComp/57 (10 ms)
[ RUN      ] Sz_Type_Op_AlphaComp.AlphaComp/58, where GetParam() = (1280x1024, 8UC4, cv::cuda::ALPHA_OVER_PREMUL)
[ PERFSTAT ]    (samples=13   mean=0.02   median=0.02   min=0.02   stddev=0.00 (2.3%))
[       OK ] Sz_Type_Op_AlphaComp.AlphaComp/58 (9 ms)
[ RUN      ] Sz_Type_Op_AlphaComp.AlphaComp/59, where GetParam() = (1280x1024, 8UC4, cv::cuda::ALPHA_IN_PREMUL)
[ PERFSTAT ]    (samples=13   mean=0.02   median=0.02   min=0.02   stddev=0.00 (1.4%))
[       OK ] Sz_Type_Op_AlphaComp.AlphaComp/59 (10 ms)
[ RUN      ] Sz_Type_Op_AlphaComp.AlphaComp/60, where GetParam() = (1280x1024, 8UC4, cv::cuda::ALPHA_OUT_PREMUL)
[ PERFSTAT ]    (samples=13   mean=0.02   median=0.02   min=0.02   stddev=0.00 (2.7%))
[       OK ] Sz_Type_Op_AlphaComp.AlphaComp/60 (9 ms)
[ RUN      ] Sz_Type_Op_AlphaComp.AlphaComp/61, where GetParam() = (1280x1024, 8UC4, cv::cuda::ALPHA_ATOP_PREMUL)
[ PERFSTAT ]    (samples=13   mean=0.02   median=0.02   min=0.02   stddev=0.00 (2.6%))
[       OK ] Sz_Type_Op_AlphaComp.AlphaComp/61 (9 ms)
[ RUN      ] Sz_Type_Op_AlphaComp.AlphaComp/62, where GetParam() = (1280x1024, 8UC4, cv::cuda::ALPHA_XOR_PREMUL)
[ PERFSTAT ]    (samples=13   mean=0.02   median=0.02   min=0.02   stddev=0.00 (1.4%))
[       OK ] Sz_Type_Op_AlphaComp.AlphaComp/62 (10 ms)
[ RUN      ] Sz_Type_Op_AlphaComp.AlphaComp/63, where GetParam() = (1280x1024, 8UC4, cv::cuda::ALPHA_PLUS_PREMUL)
[ PERFSTAT ]    (samples=25   mean=0.02   median=0.02   min=0.02   stddev=0.00 (2.7%))
[       OK ] Sz_Type_Op_AlphaComp.AlphaComp/63 (9 ms)
[ RUN      ] Sz_Type_Op_AlphaComp.AlphaComp/64, where GetParam() = (1280x1024, 8UC4, cv::cuda::ALPHA_PREMUL)
[ PERFSTAT ]    (samples=13   mean=0.02   median=0.02   min=0.02   stddev=0.00 (2.1%))
[       OK ] Sz_Type_Op_AlphaComp.AlphaComp/64 (10 ms)
[ RUN      ] Sz_Type_Op_AlphaComp.AlphaComp/65, where GetParam() = (1280x1024, 16UC4, cv::cuda::ALPHA_OVER)
[ PERFSTAT ]    (samples=13   mean=0.03   median=0.03   min=0.03   stddev=0.00 (2.0%))
[       OK ] Sz_Type_Op_AlphaComp.AlphaComp/65 (19 ms)
[ RUN      ] Sz_Type_Op_AlphaComp.AlphaComp/66, where GetParam() = (1280x1024, 16UC4, cv::cuda::ALPHA_IN)
[ PERFSTAT ]    (samples=13   mean=0.03   median=0.03   min=0.03   stddev=0.00 (1.6%))
[       OK ] Sz_Type_Op_AlphaComp.AlphaComp/66 (19 ms)
[ RUN      ] Sz_Type_Op_AlphaComp.AlphaComp/67, where GetParam() = (1280x1024, 16UC4, cv::cuda::ALPHA_OUT)
[ PERFSTAT ]    (samples=13   mean=0.03   median=0.03   min=0.03   stddev=0.00 (2.0%))
[       OK ] Sz_Type_Op_AlphaComp.AlphaComp/67 (19 ms)
[ RUN      ] Sz_Type_Op_AlphaComp.AlphaComp/68, where GetParam() = (1280x1024, 16UC4, cv::cuda::ALPHA_ATOP)
[ PERFSTAT ]    (samples=13   mean=0.03   median=0.03   min=0.03   stddev=0.00 (2.0%))
[       OK ] Sz_Type_Op_AlphaComp.AlphaComp/68 (19 ms)
[ RUN      ] Sz_Type_Op_AlphaComp.AlphaComp/69, where GetParam() = (1280x1024, 16UC4, cv::cuda::ALPHA_XOR)
[ PERFSTAT ]    (samples=13   mean=0.03   median=0.03   min=0.03   stddev=0.00 (1.4%))
[       OK ] Sz_Type_Op_AlphaComp.AlphaComp/69 (19 ms)
[ RUN      ] Sz_Type_Op_AlphaComp.AlphaComp/70, where GetParam() = (1280x1024, 16UC4, cv::cuda::ALPHA_PLUS)
[ PERFSTAT ]    (samples=13   mean=0.03   median=0.03   min=0.03   stddev=0.00 (1.8%))
[       OK ] Sz_Type_Op_AlphaComp.AlphaComp/70 (19 ms)
[ RUN      ] Sz_Type_Op_AlphaComp.AlphaComp/71, where GetParam() = (1280x1024, 16UC4, cv::cuda::ALPHA_OVER_PREMUL)
[ PERFSTAT ]    (samples=13   mean=0.04   median=0.04   min=0.04   stddev=0.00 (1.7%))
[       OK ] Sz_Type_Op_AlphaComp.AlphaComp/71 (19 ms)
[ RUN      ] Sz_Type_Op_AlphaComp.AlphaComp/72, where GetParam() = (1280x1024, 16UC4, cv::cuda::ALPHA_IN_PREMUL)
[ PERFSTAT ]    (samples=17   mean=0.04   median=0.04   min=0.03   stddev=0.00 (2.9%))
[       OK ] Sz_Type_Op_AlphaComp.AlphaComp/72 (20 ms)
[ RUN      ] Sz_Type_Op_AlphaComp.AlphaComp/73, where GetParam() = (1280x1024, 16UC4, cv::cuda::ALPHA_OUT_PREMUL)
[ PERFSTAT ]    (samples=13   mean=0.04   median=0.04   min=0.03   stddev=0.00 (1.1%))
[       OK ] Sz_Type_Op_AlphaComp.AlphaComp/73 (19 ms)
[ RUN      ] Sz_Type_Op_AlphaComp.AlphaComp/74, where GetParam() = (1280x1024, 16UC4, cv::cuda::ALPHA_ATOP_PREMUL)
[ PERFSTAT ]    (samples=13   mean=0.03   median=0.03   min=0.03   stddev=0.00 (1.4%))
[       OK ] Sz_Type_Op_AlphaComp.AlphaComp/74 (19 ms)
[ RUN      ] Sz_Type_Op_AlphaComp.AlphaComp/75, where GetParam() = (1280x1024, 16UC4, cv::cuda::ALPHA_XOR_PREMUL)
[ PERFSTAT ]    (samples=13   mean=0.03   median=0.03   min=0.03   stddev=0.00 (1.7%))
[       OK ] Sz_Type_Op_AlphaComp.AlphaComp/75 (19 ms)
[ RUN      ] Sz_Type_Op_AlphaComp.AlphaComp/76, where GetParam() = (1280x1024, 16UC4, cv::cuda::ALPHA_PLUS_PREMUL)
[ PERFSTAT ]    (samples=13   mean=0.04   median=0.04   min=0.03   stddev=0.00 (2.6%))
[       OK ] Sz_Type_Op_AlphaComp.AlphaComp/76 (19 ms)
[ RUN      ] Sz_Type_Op_AlphaComp.AlphaComp/77, where GetParam() = (1280x1024, 16UC4, cv::cuda::ALPHA_PREMUL)
[ PERFSTAT ]    (samples=13   mean=0.03   median=0.03   min=0.03   stddev=0.00 (1.3%))
[       OK ] Sz_Type_Op_AlphaComp.AlphaComp/77 (19 ms)
[ RUN      ] Sz_Type_Op_AlphaComp.AlphaComp/78, where GetParam() = (1280x1024, 32SC4, cv::cuda::ALPHA_OVER)
[ PERFSTAT ]    (samples=13   mean=0.06   median=0.06   min=0.06   stddev=0.00 (1.4%))
[       OK ] Sz_Type_Op_AlphaComp.AlphaComp/78 (38 ms)
[ RUN      ] Sz_Type_Op_AlphaComp.AlphaComp/79, where GetParam() = (1280x1024, 32SC4, cv::cuda::ALPHA_IN)
[ PERFSTAT ]    (samples=13   mean=0.06   median=0.06   min=0.06   stddev=0.00 (2.7%))
[       OK ] Sz_Type_Op_AlphaComp.AlphaComp/79 (37 ms)
[ RUN      ] Sz_Type_Op_AlphaComp.AlphaComp/80, where GetParam() = (1280x1024, 32SC4, cv::cuda::ALPHA_OUT)
[ PERFSTAT ]    (samples=13   mean=0.06   median=0.06   min=0.06   stddev=0.00 (1.7%))
[       OK ] Sz_Type_Op_AlphaComp.AlphaComp/80 (37 ms)
[ RUN      ] Sz_Type_Op_AlphaComp.AlphaComp/81, where GetParam() = (1280x1024, 32SC4, cv::cuda::ALPHA_ATOP)
[ PERFSTAT ]    (samples=13   mean=0.06   median=0.06   min=0.06   stddev=0.00 (1.5%))
[       OK ] Sz_Type_Op_AlphaComp.AlphaComp/81 (37 ms)
[ RUN      ] Sz_Type_Op_AlphaComp.AlphaComp/82, where GetParam() = (1280x1024, 32SC4, cv::cuda::ALPHA_XOR)
[ PERFSTAT ]    (samples=13   mean=0.06   median=0.06   min=0.06   stddev=0.00 (1.5%))
[       OK ] Sz_Type_Op_AlphaComp.AlphaComp/82 (37 ms)
[ RUN      ] Sz_Type_Op_AlphaComp.AlphaComp/83, where GetParam() = (1280x1024, 32SC4, cv::cuda::ALPHA_PLUS)
[ PERFSTAT ]    (samples=13   mean=0.06   median=0.06   min=0.06   stddev=0.00 (0.9%))
[       OK ] Sz_Type_Op_AlphaComp.AlphaComp/83 (37 ms)
[ RUN      ] Sz_Type_Op_AlphaComp.AlphaComp/84, where GetParam() = (1280x1024, 32SC4, cv::cuda::ALPHA_OVER_PREMUL)
[ PERFSTAT ]    (samples=13   mean=0.06   median=0.06   min=0.06   stddev=0.00 (0.7%))
[       OK ] Sz_Type_Op_AlphaComp.AlphaComp/84 (37 ms)
[ RUN      ] Sz_Type_Op_AlphaComp.AlphaComp/85, where GetParam() = (1280x1024, 32SC4, cv::cuda::ALPHA_IN_PREMUL)
[ PERFSTAT ]    (samples=13   mean=0.06   median=0.06   min=0.06   stddev=0.00 (0.8%))
[       OK ] Sz_Type_Op_AlphaComp.AlphaComp/85 (37 ms)
[ RUN      ] Sz_Type_Op_AlphaComp.AlphaComp/86, where GetParam() = (1280x1024, 32SC4, cv::cuda::ALPHA_OUT_PREMUL)
[ PERFSTAT ]    (samples=17   mean=0.07   median=0.07   min=0.07   stddev=0.00 (3.0%))
[       OK ] Sz_Type_Op_AlphaComp.AlphaComp/86 (37 ms)
[ RUN      ] Sz_Type_Op_AlphaComp.AlphaComp/87, where GetParam() = (1280x1024, 32SC4, cv::cuda::ALPHA_ATOP_PREMUL)
[ PERFSTAT ]    (samples=23   mean=0.06   median=0.06   min=0.06   stddev=0.00 (3.0%))
[       OK ] Sz_Type_Op_AlphaComp.AlphaComp/87 (38 ms)
[ RUN      ] Sz_Type_Op_AlphaComp.AlphaComp/88, where GetParam() = (1280x1024, 32SC4, cv::cuda::ALPHA_XOR_PREMUL)
[ PERFSTAT ]    (samples=13   mean=0.06   median=0.06   min=0.06   stddev=0.00 (0.8%))
[       OK ] Sz_Type_Op_AlphaComp.AlphaComp/88 (37 ms)
[ RUN      ] Sz_Type_Op_AlphaComp.AlphaComp/89, where GetParam() = (1280x1024, 32SC4, cv::cuda::ALPHA_PLUS_PREMUL)
[ PERFSTAT ]    (samples=13   mean=0.07   median=0.07   min=0.07   stddev=0.00 (0.7%))
[       OK ] Sz_Type_Op_AlphaComp.AlphaComp/89 (37 ms)
[ RUN      ] Sz_Type_Op_AlphaComp.AlphaComp/90, where GetParam() = (1280x1024, 32SC4, cv::cuda::ALPHA_PREMUL)
[ PERFSTAT ]    (samples=13   mean=0.06   median=0.06   min=0.05   stddev=0.00 (0.9%))
[       OK ] Sz_Type_Op_AlphaComp.AlphaComp/90 (37 ms)
[ RUN      ] Sz_Type_Op_AlphaComp.AlphaComp/91, where GetParam() = (1280x1024, 32FC4, cv::cuda::ALPHA_OVER)
[ PERFSTAT ]    (samples=25   mean=0.06   median=0.06   min=0.06   stddev=0.00 (2.5%))
[       OK ] Sz_Type_Op_AlphaComp.AlphaComp/91 (23 ms)
[ RUN      ] Sz_Type_Op_AlphaComp.AlphaComp/92, where GetParam() = (1280x1024, 32FC4, cv::cuda::ALPHA_IN)
[ PERFSTAT ]    (samples=13   mean=0.07   median=0.07   min=0.06   stddev=0.00 (1.0%))
[       OK ] Sz_Type_Op_AlphaComp.AlphaComp/92 (22 ms)
[ RUN      ] Sz_Type_Op_AlphaComp.AlphaComp/93, where GetParam() = (1280x1024, 32FC4, cv::cuda::ALPHA_OUT)
[ PERFSTAT ]    (samples=13   mean=0.07   median=0.07   min=0.06   stddev=0.00 (0.9%))
[       OK ] Sz_Type_Op_AlphaComp.AlphaComp/93 (22 ms)
[ RUN      ] Sz_Type_Op_AlphaComp.AlphaComp/94, where GetParam() = (1280x1024, 32FC4, cv::cuda::ALPHA_ATOP)
[ PERFSTAT ]    (samples=13   mean=0.06   median=0.06   min=0.06   stddev=0.00 (1.2%))
[       OK ] Sz_Type_Op_AlphaComp.AlphaComp/94 (22 ms)
[ RUN      ] Sz_Type_Op_AlphaComp.AlphaComp/95, where GetParam() = (1280x1024, 32FC4, cv::cuda::ALPHA_XOR)
[ PERFSTAT ]    (samples=13   mean=0.06   median=0.06   min=0.06   stddev=0.00 (1.1%))
[       OK ] Sz_Type_Op_AlphaComp.AlphaComp/95 (23 ms)
[ RUN      ] Sz_Type_Op_AlphaComp.AlphaComp/96, where GetParam() = (1280x1024, 32FC4, cv::cuda::ALPHA_PLUS)
[ PERFSTAT ]    (samples=19   mean=0.06   median=0.06   min=0.06   stddev=0.00 (3.0%))
[       OK ] Sz_Type_Op_AlphaComp.AlphaComp/96 (23 ms)
[ RUN      ] Sz_Type_Op_AlphaComp.AlphaComp/97, where GetParam() = (1280x1024, 32FC4, cv::cuda::ALPHA_OVER_PREMUL)
[ PERFSTAT ]    (samples=13   mean=0.07   median=0.07   min=0.07   stddev=0.00 (0.9%))
[       OK ] Sz_Type_Op_AlphaComp.AlphaComp/97 (22 ms)
[ RUN      ] Sz_Type_Op_AlphaComp.AlphaComp/98, where GetParam() = (1280x1024, 32FC4, cv::cuda::ALPHA_IN_PREMUL)
[ PERFSTAT ]    (samples=13   mean=0.07   median=0.07   min=0.07   stddev=0.00 (1.1%))
[       OK ] Sz_Type_Op_AlphaComp.AlphaComp/98 (22 ms)
[ RUN      ] Sz_Type_Op_AlphaComp.AlphaComp/99, where GetParam() = (1280x1024, 32FC4, cv::cuda::ALPHA_OUT_PREMUL)
[ PERFSTAT ]    (samples=13   mean=0.07   median=0.07   min=0.07   stddev=0.00 (0.9%))
[       OK ] Sz_Type_Op_AlphaComp.AlphaComp/99 (22 ms)
[ RUN      ] Sz_Type_Op_AlphaComp.AlphaComp/100, where GetParam() = (1280x1024, 32FC4, cv::cuda::ALPHA_ATOP_PREMUL)
[ PERFSTAT ]    (samples=13   mean=0.07   median=0.07   min=0.07   stddev=0.00 (1.1%))
[       OK ] Sz_Type_Op_AlphaComp.AlphaComp/100 (23 ms)
[ RUN      ] Sz_Type_Op_AlphaComp.AlphaComp/101, where GetParam() = (1280x1024, 32FC4, cv::cuda::ALPHA_XOR_PREMUL)
[ PERFSTAT ]    (samples=16   mean=0.07   median=0.07   min=0.07   stddev=0.00 (3.0%))
[       OK ] Sz_Type_Op_AlphaComp.AlphaComp/101 (22 ms)
[ RUN      ] Sz_Type_Op_AlphaComp.AlphaComp/102, where GetParam() = (1280x1024, 32FC4, cv::cuda::ALPHA_PLUS_PREMUL)
[ PERFSTAT ]    (samples=13   mean=0.07   median=0.07   min=0.07   stddev=0.00 (0.7%))
[       OK ] Sz_Type_Op_AlphaComp.AlphaComp/102 (22 ms)
[ RUN      ] Sz_Type_Op_AlphaComp.AlphaComp/103, where GetParam() = (1280x1024, 32FC4, cv::cuda::ALPHA_PREMUL)
[ PERFSTAT ]    (samples=13   mean=0.06   median=0.06   min=0.06   stddev=0.00 (1.0%))
[       OK ] Sz_Type_Op_AlphaComp.AlphaComp/103 (23 ms)
[ RUN      ] Sz_Type_Op_AlphaComp.AlphaComp/104, where GetParam() = (1920x1080, 8UC4, cv::cuda::ALPHA_OVER)
[ PERFSTAT ]    (samples=13   mean=0.03   median=0.03   min=0.03   stddev=0.00 (1.6%))
[       OK ] Sz_Type_Op_AlphaComp.AlphaComp/104 (16 ms)
[ RUN      ] Sz_Type_Op_AlphaComp.AlphaComp/105, where GetParam() = (1920x1080, 8UC4, cv::cuda::ALPHA_IN)
[ PERFSTAT ]    (samples=13   mean=0.03   median=0.03   min=0.02   stddev=0.00 (2.9%))
[       OK ] Sz_Type_Op_AlphaComp.AlphaComp/105 (15 ms)
[ RUN      ] Sz_Type_Op_AlphaComp.AlphaComp/106, where GetParam() = (1920x1080, 8UC4, cv::cuda::ALPHA_OUT)
[ PERFSTAT ]    (samples=13   mean=0.03   median=0.02   min=0.02   stddev=0.00 (1.9%))
[       OK ] Sz_Type_Op_AlphaComp.AlphaComp/106 (15 ms)
[ RUN      ] Sz_Type_Op_AlphaComp.AlphaComp/107, where GetParam() = (1920x1080, 8UC4, cv::cuda::ALPHA_ATOP)
[ PERFSTAT ]    (samples=25   mean=0.03   median=0.03   min=0.03   stddev=0.00 (2.0%))
[       OK ] Sz_Type_Op_AlphaComp.AlphaComp/107 (15 ms)
[ RUN      ] Sz_Type_Op_AlphaComp.AlphaComp/108, where GetParam() = (1920x1080, 8UC4, cv::cuda::ALPHA_XOR)
[ PERFSTAT ]    (samples=13   mean=0.03   median=0.03   min=0.03   stddev=0.00 (2.5%))
[       OK ] Sz_Type_Op_AlphaComp.AlphaComp/108 (15 ms)
[ RUN      ] Sz_Type_Op_AlphaComp.AlphaComp/109, where GetParam() = (1920x1080, 8UC4, cv::cuda::ALPHA_PLUS)
[ PERFSTAT ]    (samples=13   mean=0.03   median=0.03   min=0.03   stddev=0.00 (2.5%))
[       OK ] Sz_Type_Op_AlphaComp.AlphaComp/109 (15 ms)
[ RUN      ] Sz_Type_Op_AlphaComp.AlphaComp/110, where GetParam() = (1920x1080, 8UC4, cv::cuda::ALPHA_OVER_PREMUL)
[ PERFSTAT ]    (samples=13   mean=0.03   median=0.03   min=0.03   stddev=0.00 (1.8%))
[       OK ] Sz_Type_Op_AlphaComp.AlphaComp/110 (15 ms)
[ RUN      ] Sz_Type_Op_AlphaComp.AlphaComp/111, where GetParam() = (1920x1080, 8UC4, cv::cuda::ALPHA_IN_PREMUL)
[ PERFSTAT ]    (samples=25   mean=0.03   median=0.03   min=0.02   stddev=0.00 (1.2%))
[       OK ] Sz_Type_Op_AlphaComp.AlphaComp/111 (16 ms)
[ RUN      ] Sz_Type_Op_AlphaComp.AlphaComp/112, where GetParam() = (1920x1080, 8UC4, cv::cuda::ALPHA_OUT_PREMUL)
[ PERFSTAT ]    (samples=13   mean=0.03   median=0.03   min=0.02   stddev=0.00 (2.5%))
[       OK ] Sz_Type_Op_AlphaComp.AlphaComp/112 (14 ms)
[ RUN      ] Sz_Type_Op_AlphaComp.AlphaComp/113, where GetParam() = (1920x1080, 8UC4, cv::cuda::ALPHA_ATOP_PREMUL)
[ PERFSTAT ]    (samples=13   mean=0.03   median=0.03   min=0.03   stddev=0.00 (1.6%))
[       OK ] Sz_Type_Op_AlphaComp.AlphaComp/113 (15 ms)
[ RUN      ] Sz_Type_Op_AlphaComp.AlphaComp/114, where GetParam() = (1920x1080, 8UC4, cv::cuda::ALPHA_XOR_PREMUL)
[ PERFSTAT ]    (samples=25   mean=0.03   median=0.03   min=0.03   stddev=0.00 (1.1%))
[       OK ] Sz_Type_Op_AlphaComp.AlphaComp/114 (16 ms)
[ RUN      ] Sz_Type_Op_AlphaComp.AlphaComp/115, where GetParam() = (1920x1080, 8UC4, cv::cuda::ALPHA_PLUS_PREMUL)
[ PERFSTAT ]    (samples=13   mean=0.03   median=0.03   min=0.03   stddev=0.00 (1.9%))
[       OK ] Sz_Type_Op_AlphaComp.AlphaComp/115 (15 ms)
[ RUN      ] Sz_Type_Op_AlphaComp.AlphaComp/116, where GetParam() = (1920x1080, 8UC4, cv::cuda::ALPHA_PREMUL)
[ PERFSTAT ]    (samples=25   mean=0.02   median=0.02   min=0.02   stddev=0.00 (2.3%))
[       OK ] Sz_Type_Op_AlphaComp.AlphaComp/116 (15 ms)
[ RUN      ] Sz_Type_Op_AlphaComp.AlphaComp/117, where GetParam() = (1920x1080, 16UC4, cv::cuda::ALPHA_OVER)
[ PERFSTAT ]    (samples=13   mean=0.05   median=0.05   min=0.05   stddev=0.00 (0.7%))
[       OK ] Sz_Type_Op_AlphaComp.AlphaComp/117 (31 ms)
[ RUN      ] Sz_Type_Op_AlphaComp.AlphaComp/118, where GetParam() = (1920x1080, 16UC4, cv::cuda::ALPHA_IN)
[ PERFSTAT ]    (samples=13   mean=0.05   median=0.05   min=0.05   stddev=0.00 (1.0%))
[       OK ] Sz_Type_Op_AlphaComp.AlphaComp/118 (29 ms)
[ RUN      ] Sz_Type_Op_AlphaComp.AlphaComp/119, where GetParam() = (1920x1080, 16UC4, cv::cuda::ALPHA_OUT)
[ PERFSTAT ]    (samples=13   mean=0.05   median=0.05   min=0.05   stddev=0.00 (0.8%))
[       OK ] Sz_Type_Op_AlphaComp.AlphaComp/119 (30 ms)
[ RUN      ] Sz_Type_Op_AlphaComp.AlphaComp/120, where GetParam() = (1920x1080, 16UC4, cv::cuda::ALPHA_ATOP)
[ PERFSTAT ]    (samples=13   mean=0.06   median=0.06   min=0.05   stddev=0.00 (1.2%))
[       OK ] Sz_Type_Op_AlphaComp.AlphaComp/120 (30 ms)
[ RUN      ] Sz_Type_Op_AlphaComp.AlphaComp/121, where GetParam() = (1920x1080, 16UC4, cv::cuda::ALPHA_XOR)
[ PERFSTAT ]    (samples=13   mean=0.05   median=0.05   min=0.05   stddev=0.00 (1.9%))
[       OK ] Sz_Type_Op_AlphaComp.AlphaComp/121 (30 ms)
[ RUN      ] Sz_Type_Op_AlphaComp.AlphaComp/122, where GetParam() = (1920x1080, 16UC4, cv::cuda::ALPHA_PLUS)
[ PERFSTAT ]    (samples=13   mean=0.05   median=0.05   min=0.05   stddev=0.00 (1.0%))
[       OK ] Sz_Type_Op_AlphaComp.AlphaComp/122 (29 ms)
[ RUN      ] Sz_Type_Op_AlphaComp.AlphaComp/123, where GetParam() = (1920x1080, 16UC4, cv::cuda::ALPHA_OVER_PREMUL)
[ PERFSTAT ]    (samples=13   mean=0.06   median=0.06   min=0.06   stddev=0.00 (0.7%))
[       OK ] Sz_Type_Op_AlphaComp.AlphaComp/123 (31 ms)
[ RUN      ] Sz_Type_Op_AlphaComp.AlphaComp/124, where GetParam() = (1920x1080, 16UC4, cv::cuda::ALPHA_IN_PREMUL)
[ PERFSTAT ]    (samples=13   mean=0.06   median=0.06   min=0.06   stddev=0.00 (1.1%))
[       OK ] Sz_Type_Op_AlphaComp.AlphaComp/124 (30 ms)
[ RUN      ] Sz_Type_Op_AlphaComp.AlphaComp/125, where GetParam() = (1920x1080, 16UC4, cv::cuda::ALPHA_OUT_PREMUL)
[ PERFSTAT ]    (samples=13   mean=0.06   median=0.06   min=0.06   stddev=0.00 (1.2%))
[       OK ] Sz_Type_Op_AlphaComp.AlphaComp/125 (30 ms)
[ RUN      ] Sz_Type_Op_AlphaComp.AlphaComp/126, where GetParam() = (1920x1080, 16UC4, cv::cuda::ALPHA_ATOP_PREMUL)
[ PERFSTAT ]    (samples=13   mean=0.05   median=0.05   min=0.05   stddev=0.00 (1.0%))
[       OK ] Sz_Type_Op_AlphaComp.AlphaComp/126 (30 ms)
[ RUN      ] Sz_Type_Op_AlphaComp.AlphaComp/127, where GetParam() = (1920x1080, 16UC4, cv::cuda::ALPHA_XOR_PREMUL)
[ PERFSTAT ]    (samples=13   mean=0.06   median=0.06   min=0.06   stddev=0.00 (0.9%))
[       OK ] Sz_Type_Op_AlphaComp.AlphaComp/127 (30 ms)
[ RUN      ] Sz_Type_Op_AlphaComp.AlphaComp/128, where GetParam() = (1920x1080, 16UC4, cv::cuda::ALPHA_PLUS_PREMUL)
[ PERFSTAT ]    (samples=13   mean=0.06   median=0.06   min=0.06   stddev=0.00 (0.8%))
[       OK ] Sz_Type_Op_AlphaComp.AlphaComp/128 (30 ms)
[ RUN      ] Sz_Type_Op_AlphaComp.AlphaComp/129, where GetParam() = (1920x1080, 16UC4, cv::cuda::ALPHA_PREMUL)
[ PERFSTAT ]    (samples=13   mean=0.05   median=0.05   min=0.05   stddev=0.00 (0.9%))
[       OK ] Sz_Type_Op_AlphaComp.AlphaComp/129 (29 ms)
[ RUN      ] Sz_Type_Op_AlphaComp.AlphaComp/130, where GetParam() = (1920x1080, 32SC4, cv::cuda::ALPHA_OVER)
[ PERFSTAT ]    (samples=13   mean=0.09   median=0.09   min=0.09   stddev=0.00 (0.8%))
[       OK ] Sz_Type_Op_AlphaComp.AlphaComp/130 (60 ms)
[ RUN      ] Sz_Type_Op_AlphaComp.AlphaComp/131, where GetParam() = (1920x1080, 32SC4, cv::cuda::ALPHA_IN)
[ PERFSTAT ]    (samples=13   mean=0.09   median=0.09   min=0.09   stddev=0.00 (0.5%))
[       OK ] Sz_Type_Op_AlphaComp.AlphaComp/131 (63 ms)
[ RUN      ] Sz_Type_Op_AlphaComp.AlphaComp/132, where GetParam() = (1920x1080, 32SC4, cv::cuda::ALPHA_OUT)
[ PERFSTAT ]    (samples=13   mean=0.09   median=0.09   min=0.09   stddev=0.00 (2.4%))
[       OK ] Sz_Type_Op_AlphaComp.AlphaComp/132 (64 ms)
[ RUN      ] Sz_Type_Op_AlphaComp.AlphaComp/133, where GetParam() = (1920x1080, 32SC4, cv::cuda::ALPHA_ATOP)
[ PERFSTAT ]    (samples=13   mean=0.09   median=0.09   min=0.09   stddev=0.00 (0.8%))
[       OK ] Sz_Type_Op_AlphaComp.AlphaComp/133 (63 ms)
[ RUN      ] Sz_Type_Op_AlphaComp.AlphaComp/134, where GetParam() = (1920x1080, 32SC4, cv::cuda::ALPHA_XOR)
[ PERFSTAT ]    (samples=13   mean=0.09   median=0.09   min=0.09   stddev=0.00 (0.6%))
[       OK ] Sz_Type_Op_AlphaComp.AlphaComp/134 (63 ms)
[ RUN      ] Sz_Type_Op_AlphaComp.AlphaComp/135, where GetParam() = (1920x1080, 32SC4, cv::cuda::ALPHA_PLUS)
[ PERFSTAT ]    (samples=13   mean=0.09   median=0.09   min=0.09   stddev=0.00 (0.8%))
[       OK ] Sz_Type_Op_AlphaComp.AlphaComp/135 (63 ms)
[ RUN      ] Sz_Type_Op_AlphaComp.AlphaComp/136, where GetParam() = (1920x1080, 32SC4, cv::cuda::ALPHA_OVER_PREMUL)
[ PERFSTAT ]    (samples=13   mean=0.10   median=0.10   min=0.10   stddev=0.00 (0.7%))
[       OK ] Sz_Type_Op_AlphaComp.AlphaComp/136 (63 ms)
[ RUN      ] Sz_Type_Op_AlphaComp.AlphaComp/137, where GetParam() = (1920x1080, 32SC4, cv::cuda::ALPHA_IN_PREMUL)
[ PERFSTAT ]    (samples=13   mean=0.11   median=0.11   min=0.11   stddev=0.00 (2.1%))
[       OK ] Sz_Type_Op_AlphaComp.AlphaComp/137 (64 ms)
[ RUN      ] Sz_Type_Op_AlphaComp.AlphaComp/138, where GetParam() = (1920x1080, 32SC4, cv::cuda::ALPHA_OUT_PREMUL)
[ PERFSTAT ]    (samples=13   mean=0.11   median=0.11   min=0.11   stddev=0.00 (0.8%))
[       OK ] Sz_Type_Op_AlphaComp.AlphaComp/138 (63 ms)
[ RUN      ] Sz_Type_Op_AlphaComp.AlphaComp/139, where GetParam() = (1920x1080, 32SC4, cv::cuda::ALPHA_ATOP_PREMUL)
[ PERFSTAT ]    (samples=13   mean=0.09   median=0.09   min=0.09   stddev=0.00 (0.8%))
[       OK ] Sz_Type_Op_AlphaComp.AlphaComp/139 (63 ms)
[ RUN      ] Sz_Type_Op_AlphaComp.AlphaComp/140, where GetParam() = (1920x1080, 32SC4, cv::cuda::ALPHA_XOR_PREMUL)
[ PERFSTAT ]    (samples=13   mean=0.09   median=0.09   min=0.09   stddev=0.00 (0.7%))
[       OK ] Sz_Type_Op_AlphaComp.AlphaComp/140 (63 ms)
[ RUN      ] Sz_Type_Op_AlphaComp.AlphaComp/141, where GetParam() = (1920x1080, 32SC4, cv::cuda::ALPHA_PLUS_PREMUL)
[ PERFSTAT ]    (samples=13   mean=0.11   median=0.11   min=0.11   stddev=0.00 (0.5%))
[       OK ] Sz_Type_Op_AlphaComp.AlphaComp/141 (64 ms)
[ RUN      ] Sz_Type_Op_AlphaComp.AlphaComp/142, where GetParam() = (1920x1080, 32SC4, cv::cuda::ALPHA_PREMUL)
[ PERFSTAT ]    (samples=13   mean=0.08   median=0.08   min=0.08   stddev=0.00 (0.5%))
[       OK ] Sz_Type_Op_AlphaComp.AlphaComp/142 (63 ms)
[ RUN      ] Sz_Type_Op_AlphaComp.AlphaComp/143, where GetParam() = (1920x1080, 32FC4, cv::cuda::ALPHA_OVER)
[ PERFSTAT ]    (samples=13   mean=0.09   median=0.09   min=0.09   stddev=0.00 (0.7%))
[       OK ] Sz_Type_Op_AlphaComp.AlphaComp/143 (39 ms)
[ RUN      ] Sz_Type_Op_AlphaComp.AlphaComp/144, where GetParam() = (1920x1080, 32FC4, cv::cuda::ALPHA_IN)
[ PERFSTAT ]    (samples=13   mean=0.10   median=0.10   min=0.09   stddev=0.00 (1.5%))
[       OK ] Sz_Type_Op_AlphaComp.AlphaComp/144 (40 ms)
[ RUN      ] Sz_Type_Op_AlphaComp.AlphaComp/145, where GetParam() = (1920x1080, 32FC4, cv::cuda::ALPHA_OUT)
[ PERFSTAT ]    (samples=13   mean=0.09   median=0.09   min=0.09   stddev=0.00 (1.1%))
[       OK ] Sz_Type_Op_AlphaComp.AlphaComp/145 (40 ms)
[ RUN      ] Sz_Type_Op_AlphaComp.AlphaComp/146, where GetParam() = (1920x1080, 32FC4, cv::cuda::ALPHA_ATOP)
[ PERFSTAT ]    (samples=13   mean=0.09   median=0.09   min=0.09   stddev=0.00 (0.9%))
[       OK ] Sz_Type_Op_AlphaComp.AlphaComp/146 (41 ms)
[ RUN      ] Sz_Type_Op_AlphaComp.AlphaComp/147, where GetParam() = (1920x1080, 32FC4, cv::cuda::ALPHA_XOR)
[ PERFSTAT ]    (samples=13   mean=0.09   median=0.09   min=0.09   stddev=0.00 (2.3%))
[       OK ] Sz_Type_Op_AlphaComp.AlphaComp/147 (40 ms)
[ RUN      ] Sz_Type_Op_AlphaComp.AlphaComp/148, where GetParam() = (1920x1080, 32FC4, cv::cuda::ALPHA_PLUS)
[ PERFSTAT ]    (samples=13   mean=0.09   median=0.09   min=0.09   stddev=0.00 (1.1%))
[       OK ] Sz_Type_Op_AlphaComp.AlphaComp/148 (40 ms)
[ RUN      ] Sz_Type_Op_AlphaComp.AlphaComp/149, where GetParam() = (1920x1080, 32FC4, cv::cuda::ALPHA_OVER_PREMUL)
[ PERFSTAT ]    (samples=13   mean=0.10   median=0.10   min=0.10   stddev=0.00 (0.8%))
[       OK ] Sz_Type_Op_AlphaComp.AlphaComp/149 (39 ms)
[ RUN      ] Sz_Type_Op_AlphaComp.AlphaComp/150, where GetParam() = (1920x1080, 32FC4, cv::cuda::ALPHA_IN_PREMUL)
[ PERFSTAT ]    (samples=13   mean=0.10   median=0.10   min=0.10   stddev=0.00 (0.7%))
[       OK ] Sz_Type_Op_AlphaComp.AlphaComp/150 (40 ms)
[ RUN      ] Sz_Type_Op_AlphaComp.AlphaComp/151, where GetParam() = (1920x1080, 32FC4, cv::cuda::ALPHA_OUT_PREMUL)
[ PERFSTAT ]    (samples=13   mean=0.10   median=0.10   min=0.10   stddev=0.00 (0.9%))
[       OK ] Sz_Type_Op_AlphaComp.AlphaComp/151 (40 ms)
[ RUN      ] Sz_Type_Op_AlphaComp.AlphaComp/152, where GetParam() = (1920x1080, 32FC4, cv::cuda::ALPHA_ATOP_PREMUL)
[ PERFSTAT ]    (samples=13   mean=0.10   median=0.10   min=0.10   stddev=0.00 (0.9%))
[       OK ] Sz_Type_Op_AlphaComp.AlphaComp/152 (41 ms)
[ RUN      ] Sz_Type_Op_AlphaComp.AlphaComp/153, where GetParam() = (1920x1080, 32FC4, cv::cuda::ALPHA_XOR_PREMUL)
[ PERFSTAT ]    (samples=13   mean=0.10   median=0.10   min=0.10   stddev=0.00 (1.1%))
[       OK ] Sz_Type_Op_AlphaComp.AlphaComp/153 (41 ms)
[ RUN      ] Sz_Type_Op_AlphaComp.AlphaComp/154, where GetParam() = (1920x1080, 32FC4, cv::cuda::ALPHA_PLUS_PREMUL)
[ PERFSTAT ]    (samples=13   mean=0.10   median=0.10   min=0.10   stddev=0.00 (0.8%))
[       OK ] Sz_Type_Op_AlphaComp.AlphaComp/154 (40 ms)
[ RUN      ] Sz_Type_Op_AlphaComp.AlphaComp/155, where GetParam() = (1920x1080, 32FC4, cv::cuda::ALPHA_PREMUL)
[ PERFSTAT ]    (samples=13   mean=0.08   median=0.08   min=0.08   stddev=0.00 (0.5%))
[       OK ] Sz_Type_Op_AlphaComp.AlphaComp/155 (39 ms)
[----------] 156 tests from Sz_Type_Op_AlphaComp (3930 ms total)

[----------] 72 tests from Image_Type_Border_BlockSz_ApertureSz_CornerHarris
[ RUN      ] Image_Type_Border_BlockSz_ApertureSz_CornerHarris.CornerHarris/0, where GetParam() = ("gpu/stereobm/aloe-L.png", 8UC1, BORDER_REFLECT101, 3, 0)
[ PERFSTAT ]    (samples=13   mean=0.09   median=0.09   min=0.09   stddev=0.00 (2.7%))
[       OK ] Image_Type_Border_BlockSz_ApertureSz_CornerHarris.CornerHarris/0 (38 ms)
[ RUN      ] Image_Type_Border_BlockSz_ApertureSz_CornerHarris.CornerHarris/1, where GetParam() = ("gpu/stereobm/aloe-L.png", 8UC1, BORDER_REFLECT101, 3, 3)
[ PERFSTAT ]    (samples=13   mean=0.09   median=0.09   min=0.09   stddev=0.00 (1.1%))
[       OK ] Image_Type_Border_BlockSz_ApertureSz_CornerHarris.CornerHarris/1 (16 ms)
[ RUN      ] Image_Type_Border_BlockSz_ApertureSz_CornerHarris.CornerHarris/2, where GetParam() = ("gpu/stereobm/aloe-L.png", 8UC1, BORDER_REFLECT101, 3, 5)
[ PERFSTAT ]    (samples=13   mean=0.09   median=0.09   min=0.09   stddev=0.00 (1.9%))
[       OK ] Image_Type_Border_BlockSz_ApertureSz_CornerHarris.CornerHarris/2 (16 ms)
[ RUN      ] Image_Type_Border_BlockSz_ApertureSz_CornerHarris.CornerHarris/3, where GetParam() = ("gpu/stereobm/aloe-L.png", 8UC1, BORDER_REFLECT101, 3, 7)
[ PERFSTAT ]    (samples=13   mean=0.10   median=0.10   min=0.09   stddev=0.00 (2.3%))
[       OK ] Image_Type_Border_BlockSz_ApertureSz_CornerHarris.CornerHarris/3 (15 ms)
[ RUN      ] Image_Type_Border_BlockSz_ApertureSz_CornerHarris.CornerHarris/4, where GetParam() = ("gpu/stereobm/aloe-L.png", 8UC1, BORDER_REFLECT101, 5, 0)
[ PERFSTAT ]    (samples=13   mean=0.12   median=0.12   min=0.12   stddev=0.00 (1.9%))
[       OK ] Image_Type_Border_BlockSz_ApertureSz_CornerHarris.CornerHarris/4 (16 ms)
[ RUN      ] Image_Type_Border_BlockSz_ApertureSz_CornerHarris.CornerHarris/5, where GetParam() = ("gpu/stereobm/aloe-L.png", 8UC1, BORDER_REFLECT101, 5, 3)
[ PERFSTAT ]    (samples=13   mean=0.12   median=0.12   min=0.12   stddev=0.00 (3.0%))
[       OK ] Image_Type_Border_BlockSz_ApertureSz_CornerHarris.CornerHarris/5 (15 ms)
[ RUN      ] Image_Type_Border_BlockSz_ApertureSz_CornerHarris.CornerHarris/6, where GetParam() = ("gpu/stereobm/aloe-L.png", 8UC1, BORDER_REFLECT101, 5, 5)
[ PERFSTAT ]    (samples=13   mean=0.12   median=0.12   min=0.12   stddev=0.00 (1.1%))
[       OK ] Image_Type_Border_BlockSz_ApertureSz_CornerHarris.CornerHarris/6 (16 ms)
[ RUN      ] Image_Type_Border_BlockSz_ApertureSz_CornerHarris.CornerHarris/7, where GetParam() = ("gpu/stereobm/aloe-L.png", 8UC1, BORDER_REFLECT101, 5, 7)
[ PERFSTAT ]    (samples=25   mean=0.12   median=0.12   min=0.12   stddev=0.00 (0.9%))
[       OK ] Image_Type_Border_BlockSz_ApertureSz_CornerHarris.CornerHarris/7 (16 ms)
[ RUN      ] Image_Type_Border_BlockSz_ApertureSz_CornerHarris.CornerHarris/8, where GetParam() = ("gpu/stereobm/aloe-L.png", 8UC1, BORDER_REFLECT101, 7, 0)
[ PERFSTAT ]    (samples=13   mean=0.15   median=0.15   min=0.15   stddev=0.00 (0.5%))
[       OK ] Image_Type_Border_BlockSz_ApertureSz_CornerHarris.CornerHarris/8 (16 ms)
[ RUN      ] Image_Type_Border_BlockSz_ApertureSz_CornerHarris.CornerHarris/9, where GetParam() = ("gpu/stereobm/aloe-L.png", 8UC1, BORDER_REFLECT101, 7, 3)
[ PERFSTAT ]    (samples=13   mean=0.15   median=0.15   min=0.15   stddev=0.00 (0.5%))
[       OK ] Image_Type_Border_BlockSz_ApertureSz_CornerHarris.CornerHarris/9 (16 ms)
[ RUN      ] Image_Type_Border_BlockSz_ApertureSz_CornerHarris.CornerHarris/10, where GetParam() = ("gpu/stereobm/aloe-L.png", 8UC1, BORDER_REFLECT101, 7, 5)
[ PERFSTAT ]    (samples=13   mean=0.15   median=0.15   min=0.15   stddev=0.00 (0.7%))
[       OK ] Image_Type_Border_BlockSz_ApertureSz_CornerHarris.CornerHarris/10 (16 ms)
[ RUN      ] Image_Type_Border_BlockSz_ApertureSz_CornerHarris.CornerHarris/11, where GetParam() = ("gpu/stereobm/aloe-L.png", 8UC1, BORDER_REFLECT101, 7, 7)
[ PERFSTAT ]    (samples=13   mean=0.16   median=0.16   min=0.16   stddev=0.00 (1.8%))
[       OK ] Image_Type_Border_BlockSz_ApertureSz_CornerHarris.CornerHarris/11 (15 ms)
[ RUN      ] Image_Type_Border_BlockSz_ApertureSz_CornerHarris.CornerHarris/12, where GetParam() = ("gpu/stereobm/aloe-L.png", 8UC1, BORDER_REPLICATE, 3, 0)
[ PERFSTAT ]    (samples=13   mean=0.09   median=0.09   min=0.09   stddev=0.00 (2.3%))
[       OK ] Image_Type_Border_BlockSz_ApertureSz_CornerHarris.CornerHarris/12 (15 ms)
[ RUN      ] Image_Type_Border_BlockSz_ApertureSz_CornerHarris.CornerHarris/13, where GetParam() = ("gpu/stereobm/aloe-L.png", 8UC1, BORDER_REPLICATE, 3, 3)
[ PERFSTAT ]    (samples=13   mean=0.09   median=0.09   min=0.09   stddev=0.00 (2.5%))
[       OK ] Image_Type_Border_BlockSz_ApertureSz_CornerHarris.CornerHarris/13 (15 ms)
[ RUN      ] Image_Type_Border_BlockSz_ApertureSz_CornerHarris.CornerHarris/14, where GetParam() = ("gpu/stereobm/aloe-L.png", 8UC1, BORDER_REPLICATE, 3, 5)
[ PERFSTAT ]    (samples=13   mean=0.09   median=0.09   min=0.09   stddev=0.00 (2.0%))
[       OK ] Image_Type_Border_BlockSz_ApertureSz_CornerHarris.CornerHarris/14 (16 ms)
[ RUN      ] Image_Type_Border_BlockSz_ApertureSz_CornerHarris.CornerHarris/15, where GetParam() = ("gpu/stereobm/aloe-L.png", 8UC1, BORDER_REPLICATE, 3, 7)
[ PERFSTAT ]    (samples=13   mean=0.09   median=0.09   min=0.09   stddev=0.00 (1.4%))
[       OK ] Image_Type_Border_BlockSz_ApertureSz_CornerHarris.CornerHarris/15 (15 ms)
[ RUN      ] Image_Type_Border_BlockSz_ApertureSz_CornerHarris.CornerHarris/16, where GetParam() = ("gpu/stereobm/aloe-L.png", 8UC1, BORDER_REPLICATE, 5, 0)
[ PERFSTAT ]    (samples=13   mean=0.11   median=0.11   min=0.11   stddev=0.00 (2.4%))
[       OK ] Image_Type_Border_BlockSz_ApertureSz_CornerHarris.CornerHarris/16 (16 ms)
[ RUN      ] Image_Type_Border_BlockSz_ApertureSz_CornerHarris.CornerHarris/17, where GetParam() = ("gpu/stereobm/aloe-L.png", 8UC1, BORDER_REPLICATE, 5, 3)
[ PERFSTAT ]    (samples=13   mean=0.11   median=0.11   min=0.11   stddev=0.00 (2.8%))
[       OK ] Image_Type_Border_BlockSz_ApertureSz_CornerHarris.CornerHarris/17 (15 ms)
[ RUN      ] Image_Type_Border_BlockSz_ApertureSz_CornerHarris.CornerHarris/18, where GetParam() = ("gpu/stereobm/aloe-L.png", 8UC1, BORDER_REPLICATE, 5, 5)
[ PERFSTAT ]    (samples=13   mean=0.11   median=0.11   min=0.11   stddev=0.00 (1.6%))
[       OK ] Image_Type_Border_BlockSz_ApertureSz_CornerHarris.CornerHarris/18 (15 ms)
[ RUN      ] Image_Type_Border_BlockSz_ApertureSz_CornerHarris.CornerHarris/19, where GetParam() = ("gpu/stereobm/aloe-L.png", 8UC1, BORDER_REPLICATE, 5, 7)
[ PERFSTAT ]    (samples=13   mean=0.12   median=0.12   min=0.12   stddev=0.00 (2.7%))
[       OK ] Image_Type_Border_BlockSz_ApertureSz_CornerHarris.CornerHarris/19 (15 ms)
[ RUN      ] Image_Type_Border_BlockSz_ApertureSz_CornerHarris.CornerHarris/20, where GetParam() = ("gpu/stereobm/aloe-L.png", 8UC1, BORDER_REPLICATE, 7, 0)
[ PERFSTAT ]    (samples=13   mean=0.15   median=0.15   min=0.15   stddev=0.00 (1.8%))
[       OK ] Image_Type_Border_BlockSz_ApertureSz_CornerHarris.CornerHarris/20 (16 ms)
[ RUN      ] Image_Type_Border_BlockSz_ApertureSz_CornerHarris.CornerHarris/21, where GetParam() = ("gpu/stereobm/aloe-L.png", 8UC1, BORDER_REPLICATE, 7, 3)
[ PERFSTAT ]    (samples=13   mean=0.15   median=0.15   min=0.15   stddev=0.00 (0.5%))
[       OK ] Image_Type_Border_BlockSz_ApertureSz_CornerHarris.CornerHarris/21 (16 ms)
[ RUN      ] Image_Type_Border_BlockSz_ApertureSz_CornerHarris.CornerHarris/22, where GetParam() = ("gpu/stereobm/aloe-L.png", 8UC1, BORDER_REPLICATE, 7, 5)
[ PERFSTAT ]    (samples=13   mean=0.15   median=0.15   min=0.15   stddev=0.00 (0.5%))
[       OK ] Image_Type_Border_BlockSz_ApertureSz_CornerHarris.CornerHarris/22 (50 ms)
[ RUN      ] Image_Type_Border_BlockSz_ApertureSz_CornerHarris.CornerHarris/23, where GetParam() = ("gpu/stereobm/aloe-L.png", 8UC1, BORDER_REPLICATE, 7, 7)
[ PERFSTAT ]    (samples=13   mean=0.15   median=0.15   min=0.15   stddev=0.00 (1.1%))
[       OK ] Image_Type_Border_BlockSz_ApertureSz_CornerHarris.CornerHarris/23 (16 ms)
[ RUN      ] Image_Type_Border_BlockSz_ApertureSz_CornerHarris.CornerHarris/24, where GetParam() = ("gpu/stereobm/aloe-L.png", 8UC1, BORDER_REFLECT, 3, 0)
[ PERFSTAT ]    (samples=13   mean=0.09   median=0.09   min=0.09   stddev=0.00 (2.4%))
[       OK ] Image_Type_Border_BlockSz_ApertureSz_CornerHarris.CornerHarris/24 (16 ms)
[ RUN      ] Image_Type_Border_BlockSz_ApertureSz_CornerHarris.CornerHarris/25, where GetParam() = ("gpu/stereobm/aloe-L.png", 8UC1, BORDER_REFLECT, 3, 3)
[ PERFSTAT ]    (samples=13   mean=0.09   median=0.09   min=0.09   stddev=0.00 (0.7%))
[       OK ] Image_Type_Border_BlockSz_ApertureSz_CornerHarris.CornerHarris/25 (15 ms)
[ RUN      ] Image_Type_Border_BlockSz_ApertureSz_CornerHarris.CornerHarris/26, where GetParam() = ("gpu/stereobm/aloe-L.png", 8UC1, BORDER_REFLECT, 3, 5)
[ PERFSTAT ]    (samples=13   mean=0.09   median=0.09   min=0.09   stddev=0.00 (0.7%))
[       OK ] Image_Type_Border_BlockSz_ApertureSz_CornerHarris.CornerHarris/26 (14 ms)
[ RUN      ] Image_Type_Border_BlockSz_ApertureSz_CornerHarris.CornerHarris/27, where GetParam() = ("gpu/stereobm/aloe-L.png", 8UC1, BORDER_REFLECT, 3, 7)
[ PERFSTAT ]    (samples=13   mean=0.09   median=0.09   min=0.09   stddev=0.00 (1.1%))
[       OK ] Image_Type_Border_BlockSz_ApertureSz_CornerHarris.CornerHarris/27 (15 ms)
[ RUN      ] Image_Type_Border_BlockSz_ApertureSz_CornerHarris.CornerHarris/28, where GetParam() = ("gpu/stereobm/aloe-L.png", 8UC1, BORDER_REFLECT, 5, 0)
[ PERFSTAT ]    (samples=13   mean=0.12   median=0.11   min=0.11   stddev=0.00 (1.7%))
[       OK ] Image_Type_Border_BlockSz_ApertureSz_CornerHarris.CornerHarris/28 (15 ms)
[ RUN      ] Image_Type_Border_BlockSz_ApertureSz_CornerHarris.CornerHarris/29, where GetParam() = ("gpu/stereobm/aloe-L.png", 8UC1, BORDER_REFLECT, 5, 3)
[ PERFSTAT ]    (samples=13   mean=0.11   median=0.11   min=0.11   stddev=0.00 (0.6%))
[       OK ] Image_Type_Border_BlockSz_ApertureSz_CornerHarris.CornerHarris/29 (16 ms)
[ RUN      ] Image_Type_Border_BlockSz_ApertureSz_CornerHarris.CornerHarris/30, where GetParam() = ("gpu/stereobm/aloe-L.png", 8UC1, BORDER_REFLECT, 5, 5)
[ PERFSTAT ]    (samples=13   mean=0.12   median=0.12   min=0.12   stddev=0.00 (0.8%))
[       OK ] Image_Type_Border_BlockSz_ApertureSz_CornerHarris.CornerHarris/30 (15 ms)
[ RUN      ] Image_Type_Border_BlockSz_ApertureSz_CornerHarris.CornerHarris/31, where GetParam() = ("gpu/stereobm/aloe-L.png", 8UC1, BORDER_REFLECT, 5, 7)
[ PERFSTAT ]    (samples=13   mean=0.12   median=0.12   min=0.12   stddev=0.00 (1.3%))
[       OK ] Image_Type_Border_BlockSz_ApertureSz_CornerHarris.CornerHarris/31 (15 ms)
[ RUN      ] Image_Type_Border_BlockSz_ApertureSz_CornerHarris.CornerHarris/32, where GetParam() = ("gpu/stereobm/aloe-L.png", 8UC1, BORDER_REFLECT, 7, 0)
[ PERFSTAT ]    (samples=13   mean=0.15   median=0.15   min=0.15   stddev=0.00 (0.9%))
[       OK ] Image_Type_Border_BlockSz_ApertureSz_CornerHarris.CornerHarris/32 (15 ms)
[ RUN      ] Image_Type_Border_BlockSz_ApertureSz_CornerHarris.CornerHarris/33, where GetParam() = ("gpu/stereobm/aloe-L.png", 8UC1, BORDER_REFLECT, 7, 3)
[ PERFSTAT ]    (samples=13   mean=0.15   median=0.15   min=0.15   stddev=0.00 (0.7%))
[       OK ] Image_Type_Border_BlockSz_ApertureSz_CornerHarris.CornerHarris/33 (16 ms)
[ RUN      ] Image_Type_Border_BlockSz_ApertureSz_CornerHarris.CornerHarris/34, where GetParam() = ("gpu/stereobm/aloe-L.png", 8UC1, BORDER_REFLECT, 7, 5)
[ PERFSTAT ]    (samples=13   mean=0.15   median=0.15   min=0.15   stddev=0.00 (1.4%))
[       OK ] Image_Type_Border_BlockSz_ApertureSz_CornerHarris.CornerHarris/34 (16 ms)
[ RUN      ] Image_Type_Border_BlockSz_ApertureSz_CornerHarris.CornerHarris/35, where GetParam() = ("gpu/stereobm/aloe-L.png", 8UC1, BORDER_REFLECT, 7, 7)
[ PERFSTAT ]    (samples=13   mean=0.16   median=0.16   min=0.15   stddev=0.00 (0.8%))
[       OK ] Image_Type_Border_BlockSz_ApertureSz_CornerHarris.CornerHarris/35 (15 ms)
[ RUN      ] Image_Type_Border_BlockSz_ApertureSz_CornerHarris.CornerHarris/36, where GetParam() = ("gpu/stereobm/aloe-L.png", 32FC1, BORDER_REFLECT101, 3, 0)
[ PERFSTAT ]    (samples=24   mean=0.09   median=0.09   min=0.09   stddev=0.00 (3.0%))
[       OK ] Image_Type_Border_BlockSz_ApertureSz_CornerHarris.CornerHarris/36 (28 ms)
[ RUN      ] Image_Type_Border_BlockSz_ApertureSz_CornerHarris.CornerHarris/37, where GetParam() = ("gpu/stereobm/aloe-L.png", 32FC1, BORDER_REFLECT101, 3, 3)
[ PERFSTAT ]    (samples=13   mean=0.09   median=0.09   min=0.09   stddev=0.00 (0.8%))
[       OK ] Image_Type_Border_BlockSz_ApertureSz_CornerHarris.CornerHarris/37 (17 ms)
[ RUN      ] Image_Type_Border_BlockSz_ApertureSz_CornerHarris.CornerHarris/38, where GetParam() = ("gpu/stereobm/aloe-L.png", 32FC1, BORDER_REFLECT101, 3, 5)
[ PERFSTAT ]    (samples=13   mean=0.09   median=0.09   min=0.09   stddev=0.00 (2.9%))
[       OK ] Image_Type_Border_BlockSz_ApertureSz_CornerHarris.CornerHarris/38 (19 ms)
[ RUN      ] Image_Type_Border_BlockSz_ApertureSz_CornerHarris.CornerHarris/39, where GetParam() = ("gpu/stereobm/aloe-L.png", 32FC1, BORDER_REFLECT101, 3, 7)
[ PERFSTAT ]    (samples=13   mean=0.10   median=0.10   min=0.09   stddev=0.00 (1.5%))
[       OK ] Image_Type_Border_BlockSz_ApertureSz_CornerHarris.CornerHarris/39 (16 ms)
[ RUN      ] Image_Type_Border_BlockSz_ApertureSz_CornerHarris.CornerHarris/40, where GetParam() = ("gpu/stereobm/aloe-L.png", 32FC1, BORDER_REFLECT101, 5, 0)
[ PERFSTAT ]    (samples=13   mean=0.12   median=0.12   min=0.12   stddev=0.00 (0.6%))
[       OK ] Image_Type_Border_BlockSz_ApertureSz_CornerHarris.CornerHarris/40 (15 ms)
[ RUN      ] Image_Type_Border_BlockSz_ApertureSz_CornerHarris.CornerHarris/41, where GetParam() = ("gpu/stereobm/aloe-L.png", 32FC1, BORDER_REFLECT101, 5, 3)
[ PERFSTAT ]    (samples=13   mean=0.12   median=0.12   min=0.11   stddev=0.00 (1.3%))
[       OK ] Image_Type_Border_BlockSz_ApertureSz_CornerHarris.CornerHarris/41 (17 ms)
[ RUN      ] Image_Type_Border_BlockSz_ApertureSz_CornerHarris.CornerHarris/42, where GetParam() = ("gpu/stereobm/aloe-L.png", 32FC1, BORDER_REFLECT101, 5, 5)
[ PERFSTAT ]    (samples=13   mean=0.12   median=0.12   min=0.12   stddev=0.00 (0.5%))
[       OK ] Image_Type_Border_BlockSz_ApertureSz_CornerHarris.CornerHarris/42 (15 ms)
[ RUN      ] Image_Type_Border_BlockSz_ApertureSz_CornerHarris.CornerHarris/43, where GetParam() = ("gpu/stereobm/aloe-L.png", 32FC1, BORDER_REFLECT101, 5, 7)
[ PERFSTAT ]    (samples=13   mean=0.12   median=0.12   min=0.12   stddev=0.00 (1.8%))
[       OK ] Image_Type_Border_BlockSz_ApertureSz_CornerHarris.CornerHarris/43 (16 ms)
[ RUN      ] Image_Type_Border_BlockSz_ApertureSz_CornerHarris.CornerHarris/44, where GetParam() = ("gpu/stereobm/aloe-L.png", 32FC1, BORDER_REFLECT101, 7, 0)
[ PERFSTAT ]    (samples=13   mean=0.15   median=0.15   min=0.15   stddev=0.00 (0.4%))
[       OK ] Image_Type_Border_BlockSz_ApertureSz_CornerHarris.CornerHarris/44 (16 ms)
[ RUN      ] Image_Type_Border_BlockSz_ApertureSz_CornerHarris.CornerHarris/45, where GetParam() = ("gpu/stereobm/aloe-L.png", 32FC1, BORDER_REFLECT101, 7, 3)
[ PERFSTAT ]    (samples=13   mean=0.15   median=0.15   min=0.15   stddev=0.00 (1.3%))
[       OK ] Image_Type_Border_BlockSz_ApertureSz_CornerHarris.CornerHarris/45 (16 ms)
[ RUN      ] Image_Type_Border_BlockSz_ApertureSz_CornerHarris.CornerHarris/46, where GetParam() = ("gpu/stereobm/aloe-L.png", 32FC1, BORDER_REFLECT101, 7, 5)
[ PERFSTAT ]    (samples=13   mean=0.15   median=0.15   min=0.15   stddev=0.00 (1.0%))
[       OK ] Image_Type_Border_BlockSz_ApertureSz_CornerHarris.CornerHarris/46 (16 ms)
[ RUN      ] Image_Type_Border_BlockSz_ApertureSz_CornerHarris.CornerHarris/47, where GetParam() = ("gpu/stereobm/aloe-L.png", 32FC1, BORDER_REFLECT101, 7, 7)
[ PERFSTAT ]    (samples=13   mean=0.16   median=0.16   min=0.15   stddev=0.00 (0.7%))
[       OK ] Image_Type_Border_BlockSz_ApertureSz_CornerHarris.CornerHarris/47 (16 ms)
[ RUN      ] Image_Type_Border_BlockSz_ApertureSz_CornerHarris.CornerHarris/48, where GetParam() = ("gpu/stereobm/aloe-L.png", 32FC1, BORDER_REPLICATE, 3, 0)
[ PERFSTAT ]    (samples=15   mean=0.09   median=0.09   min=0.09   stddev=0.00 (3.0%))
[       OK ] Image_Type_Border_BlockSz_ApertureSz_CornerHarris.CornerHarris/48 (16 ms)
[ RUN      ] Image_Type_Border_BlockSz_ApertureSz_CornerHarris.CornerHarris/49, where GetParam() = ("gpu/stereobm/aloe-L.png", 32FC1, BORDER_REPLICATE, 3, 3)
[ PERFSTAT ]    (samples=13   mean=0.09   median=0.09   min=0.09   stddev=0.00 (2.1%))
[       OK ] Image_Type_Border_BlockSz_ApertureSz_CornerHarris.CornerHarris/49 (15 ms)
[ RUN      ] Image_Type_Border_BlockSz_ApertureSz_CornerHarris.CornerHarris/50, where GetParam() = ("gpu/stereobm/aloe-L.png", 32FC1, BORDER_REPLICATE, 3, 5)
[ PERFSTAT ]    (samples=13   mean=0.09   median=0.09   min=0.09   stddev=0.00 (0.6%))
[       OK ] Image_Type_Border_BlockSz_ApertureSz_CornerHarris.CornerHarris/50 (15 ms)
[ RUN      ] Image_Type_Border_BlockSz_ApertureSz_CornerHarris.CornerHarris/51, where GetParam() = ("gpu/stereobm/aloe-L.png", 32FC1, BORDER_REPLICATE, 3, 7)
[ PERFSTAT ]    (samples=13   mean=0.09   median=0.09   min=0.09   stddev=0.00 (2.6%))
[       OK ] Image_Type_Border_BlockSz_ApertureSz_CornerHarris.CornerHarris/51 (16 ms)
[ RUN      ] Image_Type_Border_BlockSz_ApertureSz_CornerHarris.CornerHarris/52, where GetParam() = ("gpu/stereobm/aloe-L.png", 32FC1, BORDER_REPLICATE, 5, 0)
[ PERFSTAT ]    (samples=13   mean=0.11   median=0.11   min=0.11   stddev=0.00 (1.3%))
[       OK ] Image_Type_Border_BlockSz_ApertureSz_CornerHarris.CornerHarris/52 (15 ms)
[ RUN      ] Image_Type_Border_BlockSz_ApertureSz_CornerHarris.CornerHarris/53, where GetParam() = ("gpu/stereobm/aloe-L.png", 32FC1, BORDER_REPLICATE, 5, 3)
[ PERFSTAT ]    (samples=13   mean=0.11   median=0.11   min=0.11   stddev=0.00 (2.4%))
[       OK ] Image_Type_Border_BlockSz_ApertureSz_CornerHarris.CornerHarris/53 (17 ms)
[ RUN      ] Image_Type_Border_BlockSz_ApertureSz_CornerHarris.CornerHarris/54, where GetParam() = ("gpu/stereobm/aloe-L.png", 32FC1, BORDER_REPLICATE, 5, 5)
[ PERFSTAT ]    (samples=14   mean=0.12   median=0.12   min=0.11   stddev=0.00 (3.0%))
[       OK ] Image_Type_Border_BlockSz_ApertureSz_CornerHarris.CornerHarris/54 (15 ms)
[ RUN      ] Image_Type_Border_BlockSz_ApertureSz_CornerHarris.CornerHarris/55, where GetParam() = ("gpu/stereobm/aloe-L.png", 32FC1, BORDER_REPLICATE, 5, 7)
[ PERFSTAT ]    (samples=13   mean=0.12   median=0.12   min=0.12   stddev=0.00 (1.0%))
[       OK ] Image_Type_Border_BlockSz_ApertureSz_CornerHarris.CornerHarris/55 (52 ms)
[ RUN      ] Image_Type_Border_BlockSz_ApertureSz_CornerHarris.CornerHarris/56, where GetParam() = ("gpu/stereobm/aloe-L.png", 32FC1, BORDER_REPLICATE, 7, 0)
[ PERFSTAT ]    (samples=13   mean=0.15   median=0.15   min=0.15   stddev=0.00 (1.0%))
[       OK ] Image_Type_Border_BlockSz_ApertureSz_CornerHarris.CornerHarris/56 (16 ms)
[ RUN      ] Image_Type_Border_BlockSz_ApertureSz_CornerHarris.CornerHarris/57, where GetParam() = ("gpu/stereobm/aloe-L.png", 32FC1, BORDER_REPLICATE, 7, 3)
[ PERFSTAT ]    (samples=13   mean=0.15   median=0.15   min=0.15   stddev=0.00 (0.9%))
[       OK ] Image_Type_Border_BlockSz_ApertureSz_CornerHarris.CornerHarris/57 (16 ms)
[ RUN      ] Image_Type_Border_BlockSz_ApertureSz_CornerHarris.CornerHarris/58, where GetParam() = ("gpu/stereobm/aloe-L.png", 32FC1, BORDER_REPLICATE, 7, 5)
[ PERFSTAT ]    (samples=13   mean=0.15   median=0.15   min=0.15   stddev=0.00 (0.6%))
[       OK ] Image_Type_Border_BlockSz_ApertureSz_CornerHarris.CornerHarris/58 (18 ms)
[ RUN      ] Image_Type_Border_BlockSz_ApertureSz_CornerHarris.CornerHarris/59, where GetParam() = ("gpu/stereobm/aloe-L.png", 32FC1, BORDER_REPLICATE, 7, 7)
[ PERFSTAT ]    (samples=13   mean=0.15   median=0.15   min=0.15   stddev=0.00 (0.8%))
[       OK ] Image_Type_Border_BlockSz_ApertureSz_CornerHarris.CornerHarris/59 (16 ms)
[ RUN      ] Image_Type_Border_BlockSz_ApertureSz_CornerHarris.CornerHarris/60, where GetParam() = ("gpu/stereobm/aloe-L.png", 32FC1, BORDER_REFLECT, 3, 0)
[ PERFSTAT ]    (samples=13   mean=0.09   median=0.09   min=0.09   stddev=0.00 (1.4%))
[       OK ] Image_Type_Border_BlockSz_ApertureSz_CornerHarris.CornerHarris/60 (17 ms)
[ RUN      ] Image_Type_Border_BlockSz_ApertureSz_CornerHarris.CornerHarris/61, where GetParam() = ("gpu/stereobm/aloe-L.png", 32FC1, BORDER_REFLECT, 3, 3)
[ PERFSTAT ]    (samples=13   mean=0.09   median=0.09   min=0.09   stddev=0.00 (2.0%))
[       OK ] Image_Type_Border_BlockSz_ApertureSz_CornerHarris.CornerHarris/61 (15 ms)
[ RUN      ] Image_Type_Border_BlockSz_ApertureSz_CornerHarris.CornerHarris/62, where GetParam() = ("gpu/stereobm/aloe-L.png", 32FC1, BORDER_REFLECT, 3, 5)
[ PERFSTAT ]    (samples=13   mean=0.09   median=0.09   min=0.09   stddev=0.00 (1.3%))
[       OK ] Image_Type_Border_BlockSz_ApertureSz_CornerHarris.CornerHarris/62 (15 ms)
[ RUN      ] Image_Type_Border_BlockSz_ApertureSz_CornerHarris.CornerHarris/63, where GetParam() = ("gpu/stereobm/aloe-L.png", 32FC1, BORDER_REFLECT, 3, 7)
[ PERFSTAT ]    (samples=13   mean=0.09   median=0.09   min=0.09   stddev=0.00 (1.4%))
[       OK ] Image_Type_Border_BlockSz_ApertureSz_CornerHarris.CornerHarris/63 (15 ms)
[ RUN      ] Image_Type_Border_BlockSz_ApertureSz_CornerHarris.CornerHarris/64, where GetParam() = ("gpu/stereobm/aloe-L.png", 32FC1, BORDER_REFLECT, 5, 0)
[ PERFSTAT ]    (samples=13   mean=0.12   median=0.12   min=0.11   stddev=0.00 (0.8%))
[       OK ] Image_Type_Border_BlockSz_ApertureSz_CornerHarris.CornerHarris/64 (16 ms)
[ RUN      ] Image_Type_Border_BlockSz_ApertureSz_CornerHarris.CornerHarris/65, where GetParam() = ("gpu/stereobm/aloe-L.png", 32FC1, BORDER_REFLECT, 5, 3)
[ PERFSTAT ]    (samples=13   mean=0.11   median=0.11   min=0.11   stddev=0.00 (0.9%))
[       OK ] Image_Type_Border_BlockSz_ApertureSz_CornerHarris.CornerHarris/65 (16 ms)
[ RUN      ] Image_Type_Border_BlockSz_ApertureSz_CornerHarris.CornerHarris/66, where GetParam() = ("gpu/stereobm/aloe-L.png", 32FC1, BORDER_REFLECT, 5, 5)
[ PERFSTAT ]    (samples=13   mean=0.12   median=0.12   min=0.12   stddev=0.00 (1.4%))
[       OK ] Image_Type_Border_BlockSz_ApertureSz_CornerHarris.CornerHarris/66 (15 ms)
[ RUN      ] Image_Type_Border_BlockSz_ApertureSz_CornerHarris.CornerHarris/67, where GetParam() = ("gpu/stereobm/aloe-L.png", 32FC1, BORDER_REFLECT, 5, 7)
[ PERFSTAT ]    (samples=13   mean=0.12   median=0.12   min=0.12   stddev=0.00 (1.1%))
[       OK ] Image_Type_Border_BlockSz_ApertureSz_CornerHarris.CornerHarris/67 (16 ms)
[ RUN      ] Image_Type_Border_BlockSz_ApertureSz_CornerHarris.CornerHarris/68, where GetParam() = ("gpu/stereobm/aloe-L.png", 32FC1, BORDER_REFLECT, 7, 0)
[ PERFSTAT ]    (samples=13   mean=0.15   median=0.15   min=0.15   stddev=0.00 (1.0%))
[       OK ] Image_Type_Border_BlockSz_ApertureSz_CornerHarris.CornerHarris/68 (17 ms)
[ RUN      ] Image_Type_Border_BlockSz_ApertureSz_CornerHarris.CornerHarris/69, where GetParam() = ("gpu/stereobm/aloe-L.png", 32FC1, BORDER_REFLECT, 7, 3)
[ PERFSTAT ]    (samples=13   mean=0.15   median=0.15   min=0.15   stddev=0.00 (0.5%))
[       OK ] Image_Type_Border_BlockSz_ApertureSz_CornerHarris.CornerHarris/69 (16 ms)
[ RUN      ] Image_Type_Border_BlockSz_ApertureSz_CornerHarris.CornerHarris/70, where GetParam() = ("gpu/stereobm/aloe-L.png", 32FC1, BORDER_REFLECT, 7, 5)
[ PERFSTAT ]    (samples=13   mean=0.15   median=0.15   min=0.15   stddev=0.00 (1.7%))
[       OK ] Image_Type_Border_BlockSz_ApertureSz_CornerHarris.CornerHarris/70 (16 ms)
[ RUN      ] Image_Type_Border_BlockSz_ApertureSz_CornerHarris.CornerHarris/71, where GetParam() = ("gpu/stereobm/aloe-L.png", 32FC1, BORDER_REFLECT, 7, 7)
[ PERFSTAT ]    (samples=13   mean=0.16   median=0.16   min=0.16   stddev=0.00 (0.9%))
[       OK ] Image_Type_Border_BlockSz_ApertureSz_CornerHarris.CornerHarris/71 (16 ms)
[----------] 72 tests from Image_Type_Border_BlockSz_ApertureSz_CornerHarris (1239 ms total)

[----------] 72 tests from Image_Type_Border_BlockSz_ApertureSz_CornerMinEigenVal
[ RUN      ] Image_Type_Border_BlockSz_ApertureSz_CornerMinEigenVal.CornerMinEigenVal/0, where GetParam() = ("gpu/stereobm/aloe-L.png", 8UC1, BORDER_REFLECT101, 3, 0)
[ PERFSTAT ]    (samples=13   mean=0.09   median=0.09   min=0.09   stddev=0.00 (2.1%))
[       OK ] Image_Type_Border_BlockSz_ApertureSz_CornerMinEigenVal.CornerMinEigenVal/0 (15 ms)
[ RUN      ] Image_Type_Border_BlockSz_ApertureSz_CornerMinEigenVal.CornerMinEigenVal/1, where GetParam() = ("gpu/stereobm/aloe-L.png", 8UC1, BORDER_REFLECT101, 3, 3)
[ PERFSTAT ]    (samples=13   mean=0.09   median=0.09   min=0.09   stddev=0.00 (1.7%))
[       OK ] Image_Type_Border_BlockSz_ApertureSz_CornerMinEigenVal.CornerMinEigenVal/1 (15 ms)
[ RUN      ] Image_Type_Border_BlockSz_ApertureSz_CornerMinEigenVal.CornerMinEigenVal/2, where GetParam() = ("gpu/stereobm/aloe-L.png", 8UC1, BORDER_REFLECT101, 3, 5)
[ PERFSTAT ]    (samples=14   mean=0.09   median=0.09   min=0.09   stddev=0.00 (3.0%))
[       OK ] Image_Type_Border_BlockSz_ApertureSz_CornerMinEigenVal.CornerMinEigenVal/2 (14 ms)
[ RUN      ] Image_Type_Border_BlockSz_ApertureSz_CornerMinEigenVal.CornerMinEigenVal/3, where GetParam() = ("gpu/stereobm/aloe-L.png", 8UC1, BORDER_REFLECT101, 3, 7)
[ PERFSTAT ]    (samples=13   mean=0.10   median=0.09   min=0.09   stddev=0.00 (2.3%))
[       OK ] Image_Type_Border_BlockSz_ApertureSz_CornerMinEigenVal.CornerMinEigenVal/3 (16 ms)
[ RUN      ] Image_Type_Border_BlockSz_ApertureSz_CornerMinEigenVal.CornerMinEigenVal/4, where GetParam() = ("gpu/stereobm/aloe-L.png", 8UC1, BORDER_REFLECT101, 5, 0)
[ PERFSTAT ]    (samples=13   mean=0.12   median=0.12   min=0.12   stddev=0.00 (1.7%))
[       OK ] Image_Type_Border_BlockSz_ApertureSz_CornerMinEigenVal.CornerMinEigenVal/4 (15 ms)
[ RUN      ] Image_Type_Border_BlockSz_ApertureSz_CornerMinEigenVal.CornerMinEigenVal/5, where GetParam() = ("gpu/stereobm/aloe-L.png", 8UC1, BORDER_REFLECT101, 5, 3)
[ PERFSTAT ]    (samples=13   mean=0.12   median=0.12   min=0.12   stddev=0.00 (0.6%))
[       OK ] Image_Type_Border_BlockSz_ApertureSz_CornerMinEigenVal.CornerMinEigenVal/5 (15 ms)
[ RUN      ] Image_Type_Border_BlockSz_ApertureSz_CornerMinEigenVal.CornerMinEigenVal/6, where GetParam() = ("gpu/stereobm/aloe-L.png", 8UC1, BORDER_REFLECT101, 5, 5)
[ PERFSTAT ]    (samples=13   mean=0.12   median=0.12   min=0.12   stddev=0.00 (0.6%))
[       OK ] Image_Type_Border_BlockSz_ApertureSz_CornerMinEigenVal.CornerMinEigenVal/6 (15 ms)
[ RUN      ] Image_Type_Border_BlockSz_ApertureSz_CornerMinEigenVal.CornerMinEigenVal/7, where GetParam() = ("gpu/stereobm/aloe-L.png", 8UC1, BORDER_REFLECT101, 5, 7)
[ PERFSTAT ]    (samples=13   mean=0.12   median=0.12   min=0.12   stddev=0.00 (0.6%))
[       OK ] Image_Type_Border_BlockSz_ApertureSz_CornerMinEigenVal.CornerMinEigenVal/7 (15 ms)
[ RUN      ] Image_Type_Border_BlockSz_ApertureSz_CornerMinEigenVal.CornerMinEigenVal/8, where GetParam() = ("gpu/stereobm/aloe-L.png", 8UC1, BORDER_REFLECT101, 7, 0)
[ PERFSTAT ]    (samples=13   mean=0.15   median=0.15   min=0.15   stddev=0.00 (1.7%))
[       OK ] Image_Type_Border_BlockSz_ApertureSz_CornerMinEigenVal.CornerMinEigenVal/8 (15 ms)
[ RUN      ] Image_Type_Border_BlockSz_ApertureSz_CornerMinEigenVal.CornerMinEigenVal/9, where GetParam() = ("gpu/stereobm/aloe-L.png", 8UC1, BORDER_REFLECT101, 7, 3)
[ PERFSTAT ]    (samples=13   mean=0.15   median=0.15   min=0.15   stddev=0.00 (1.6%))
[       OK ] Image_Type_Border_BlockSz_ApertureSz_CornerMinEigenVal.CornerMinEigenVal/9 (17 ms)
[ RUN      ] Image_Type_Border_BlockSz_ApertureSz_CornerMinEigenVal.CornerMinEigenVal/10, where GetParam() = ("gpu/stereobm/aloe-L.png", 8UC1, BORDER_REFLECT101, 7, 5)
[ PERFSTAT ]    (samples=13   mean=0.15   median=0.15   min=0.15   stddev=0.00 (1.0%))
[       OK ] Image_Type_Border_BlockSz_ApertureSz_CornerMinEigenVal.CornerMinEigenVal/10 (15 ms)
[ RUN      ] Image_Type_Border_BlockSz_ApertureSz_CornerMinEigenVal.CornerMinEigenVal/11, where GetParam() = ("gpu/stereobm/aloe-L.png", 8UC1, BORDER_REFLECT101, 7, 7)
[ PERFSTAT ]    (samples=13   mean=0.16   median=0.16   min=0.16   stddev=0.00 (0.8%))
[       OK ] Image_Type_Border_BlockSz_ApertureSz_CornerMinEigenVal.CornerMinEigenVal/11 (16 ms)
[ RUN      ] Image_Type_Border_BlockSz_ApertureSz_CornerMinEigenVal.CornerMinEigenVal/12, where GetParam() = ("gpu/stereobm/aloe-L.png", 8UC1, BORDER_REPLICATE, 3, 0)
[ PERFSTAT ]    (samples=13   mean=0.09   median=0.09   min=0.09   stddev=0.00 (2.0%))
[       OK ] Image_Type_Border_BlockSz_ApertureSz_CornerMinEigenVal.CornerMinEigenVal/12 (14 ms)
[ RUN      ] Image_Type_Border_BlockSz_ApertureSz_CornerMinEigenVal.CornerMinEigenVal/13, where GetParam() = ("gpu/stereobm/aloe-L.png", 8UC1, BORDER_REPLICATE, 3, 3)
[ PERFSTAT ]    (samples=25   mean=0.09   median=0.09   min=0.09   stddev=0.00 (0.7%))
[       OK ] Image_Type_Border_BlockSz_ApertureSz_CornerMinEigenVal.CornerMinEigenVal/13 (17 ms)
[ RUN      ] Image_Type_Border_BlockSz_ApertureSz_CornerMinEigenVal.CornerMinEigenVal/14, where GetParam() = ("gpu/stereobm/aloe-L.png", 8UC1, BORDER_REPLICATE, 3, 5)
[ PERFSTAT ]    (samples=13   mean=0.09   median=0.09   min=0.09   stddev=0.00 (1.0%))
[       OK ] Image_Type_Border_BlockSz_ApertureSz_CornerMinEigenVal.CornerMinEigenVal/14 (14 ms)
[ RUN      ] Image_Type_Border_BlockSz_ApertureSz_CornerMinEigenVal.CornerMinEigenVal/15, where GetParam() = ("gpu/stereobm/aloe-L.png", 8UC1, BORDER_REPLICATE, 3, 7)
[ PERFSTAT ]    (samples=13   mean=0.09   median=0.09   min=0.09   stddev=0.00 (1.7%))
[       OK ] Image_Type_Border_BlockSz_ApertureSz_CornerMinEigenVal.CornerMinEigenVal/15 (15 ms)
[ RUN      ] Image_Type_Border_BlockSz_ApertureSz_CornerMinEigenVal.CornerMinEigenVal/16, where GetParam() = ("gpu/stereobm/aloe-L.png", 8UC1, BORDER_REPLICATE, 5, 0)
[ PERFSTAT ]    (samples=13   mean=0.11   median=0.11   min=0.11   stddev=0.00 (0.9%))
[       OK ] Image_Type_Border_BlockSz_ApertureSz_CornerMinEigenVal.CornerMinEigenVal/16 (15 ms)
[ RUN      ] Image_Type_Border_BlockSz_ApertureSz_CornerMinEigenVal.CornerMinEigenVal/17, where GetParam() = ("gpu/stereobm/aloe-L.png", 8UC1, BORDER_REPLICATE, 5, 3)
[ PERFSTAT ]    (samples=13   mean=0.11   median=0.11   min=0.11   stddev=0.00 (1.0%))
[       OK ] Image_Type_Border_BlockSz_ApertureSz_CornerMinEigenVal.CornerMinEigenVal/17 (16 ms)
[ RUN      ] Image_Type_Border_BlockSz_ApertureSz_CornerMinEigenVal.CornerMinEigenVal/18, where GetParam() = ("gpu/stereobm/aloe-L.png", 8UC1, BORDER_REPLICATE, 5, 5)
[ PERFSTAT ]    (samples=13   mean=0.12   median=0.12   min=0.11   stddev=0.00 (1.3%))
[       OK ] Image_Type_Border_BlockSz_ApertureSz_CornerMinEigenVal.CornerMinEigenVal/18 (15 ms)
[ RUN      ] Image_Type_Border_BlockSz_ApertureSz_CornerMinEigenVal.CornerMinEigenVal/19, where GetParam() = ("gpu/stereobm/aloe-L.png", 8UC1, BORDER_REPLICATE, 5, 7)
[ PERFSTAT ]    (samples=13   mean=0.12   median=0.12   min=0.12   stddev=0.00 (1.7%))
[       OK ] Image_Type_Border_BlockSz_ApertureSz_CornerMinEigenVal.CornerMinEigenVal/19 (15 ms)
[ RUN      ] Image_Type_Border_BlockSz_ApertureSz_CornerMinEigenVal.CornerMinEigenVal/20, where GetParam() = ("gpu/stereobm/aloe-L.png", 8UC1, BORDER_REPLICATE, 7, 0)
[ PERFSTAT ]    (samples=13   mean=0.15   median=0.15   min=0.15   stddev=0.00 (1.0%))
[       OK ] Image_Type_Border_BlockSz_ApertureSz_CornerMinEigenVal.CornerMinEigenVal/20 (15 ms)
[ RUN      ] Image_Type_Border_BlockSz_ApertureSz_CornerMinEigenVal.CornerMinEigenVal/21, where GetParam() = ("gpu/stereobm/aloe-L.png", 8UC1, BORDER_REPLICATE, 7, 3)
[ PERFSTAT ]    (samples=13   mean=0.15   median=0.15   min=0.15   stddev=0.00 (0.9%))
[       OK ] Image_Type_Border_BlockSz_ApertureSz_CornerMinEigenVal.CornerMinEigenVal/21 (16 ms)
[ RUN      ] Image_Type_Border_BlockSz_ApertureSz_CornerMinEigenVal.CornerMinEigenVal/22, where GetParam() = ("gpu/stereobm/aloe-L.png", 8UC1, BORDER_REPLICATE, 7, 5)
[ PERFSTAT ]    (samples=13   mean=0.15   median=0.15   min=0.15   stddev=0.00 (2.7%))
[       OK ] Image_Type_Border_BlockSz_ApertureSz_CornerMinEigenVal.CornerMinEigenVal/22 (16 ms)
[ RUN      ] Image_Type_Border_BlockSz_ApertureSz_CornerMinEigenVal.CornerMinEigenVal/23, where GetParam() = ("gpu/stereobm/aloe-L.png", 8UC1, BORDER_REPLICATE, 7, 7)
[ PERFSTAT ]    (samples=13   mean=0.15   median=0.15   min=0.15   stddev=0.00 (0.8%))
[       OK ] Image_Type_Border_BlockSz_ApertureSz_CornerMinEigenVal.CornerMinEigenVal/23 (15 ms)
[ RUN      ] Image_Type_Border_BlockSz_ApertureSz_CornerMinEigenVal.CornerMinEigenVal/24, where GetParam() = ("gpu/stereobm/aloe-L.png", 8UC1, BORDER_REFLECT, 3, 0)
[ PERFSTAT ]    (samples=13   mean=0.09   median=0.09   min=0.09   stddev=0.00 (2.0%))
[       OK ] Image_Type_Border_BlockSz_ApertureSz_CornerMinEigenVal.CornerMinEigenVal/24 (15 ms)
[ RUN      ] Image_Type_Border_BlockSz_ApertureSz_CornerMinEigenVal.CornerMinEigenVal/25, where GetParam() = ("gpu/stereobm/aloe-L.png", 8UC1, BORDER_REFLECT, 3, 3)
[ PERFSTAT ]    (samples=13   mean=0.09   median=0.09   min=0.09   stddev=0.00 (2.3%))
[       OK ] Image_Type_Border_BlockSz_ApertureSz_CornerMinEigenVal.CornerMinEigenVal/25 (15 ms)
[ RUN      ] Image_Type_Border_BlockSz_ApertureSz_CornerMinEigenVal.CornerMinEigenVal/26, where GetParam() = ("gpu/stereobm/aloe-L.png", 8UC1, BORDER_REFLECT, 3, 5)
[ PERFSTAT ]    (samples=13   mean=0.09   median=0.09   min=0.09   stddev=0.00 (0.8%))
[       OK ] Image_Type_Border_BlockSz_ApertureSz_CornerMinEigenVal.CornerMinEigenVal/26 (14 ms)
[ RUN      ] Image_Type_Border_BlockSz_ApertureSz_CornerMinEigenVal.CornerMinEigenVal/27, where GetParam() = ("gpu/stereobm/aloe-L.png", 8UC1, BORDER_REFLECT, 3, 7)
[ PERFSTAT ]    (samples=13   mean=0.09   median=0.09   min=0.09   stddev=0.00 (1.7%))
[       OK ] Image_Type_Border_BlockSz_ApertureSz_CornerMinEigenVal.CornerMinEigenVal/27 (15 ms)
[ RUN      ] Image_Type_Border_BlockSz_ApertureSz_CornerMinEigenVal.CornerMinEigenVal/28, where GetParam() = ("gpu/stereobm/aloe-L.png", 8UC1, BORDER_REFLECT, 5, 0)
[ PERFSTAT ]    (samples=13   mean=0.12   median=0.12   min=0.11   stddev=0.00 (1.4%))
[       OK ] Image_Type_Border_BlockSz_ApertureSz_CornerMinEigenVal.CornerMinEigenVal/28 (15 ms)
[ RUN      ] Image_Type_Border_BlockSz_ApertureSz_CornerMinEigenVal.CornerMinEigenVal/29, where GetParam() = ("gpu/stereobm/aloe-L.png", 8UC1, BORDER_REFLECT, 5, 3)
[ PERFSTAT ]    (samples=13   mean=0.12   median=0.11   min=0.11   stddev=0.00 (0.5%))
[       OK ] Image_Type_Border_BlockSz_ApertureSz_CornerMinEigenVal.CornerMinEigenVal/29 (16 ms)
[ RUN      ] Image_Type_Border_BlockSz_ApertureSz_CornerMinEigenVal.CornerMinEigenVal/30, where GetParam() = ("gpu/stereobm/aloe-L.png", 8UC1, BORDER_REFLECT, 5, 5)
[ PERFSTAT ]    (samples=13   mean=0.12   median=0.12   min=0.12   stddev=0.00 (0.4%))
[       OK ] Image_Type_Border_BlockSz_ApertureSz_CornerMinEigenVal.CornerMinEigenVal/30 (14 ms)
[ RUN      ] Image_Type_Border_BlockSz_ApertureSz_CornerMinEigenVal.CornerMinEigenVal/31, where GetParam() = ("gpu/stereobm/aloe-L.png", 8UC1, BORDER_REFLECT, 5, 7)
[ PERFSTAT ]    (samples=13   mean=0.12   median=0.12   min=0.12   stddev=0.00 (2.3%))
[       OK ] Image_Type_Border_BlockSz_ApertureSz_CornerMinEigenVal.CornerMinEigenVal/31 (16 ms)
[ RUN      ] Image_Type_Border_BlockSz_ApertureSz_CornerMinEigenVal.CornerMinEigenVal/32, where GetParam() = ("gpu/stereobm/aloe-L.png", 8UC1, BORDER_REFLECT, 7, 0)
[ PERFSTAT ]    (samples=13   mean=0.15   median=0.15   min=0.15   stddev=0.00 (1.2%))
[       OK ] Image_Type_Border_BlockSz_ApertureSz_CornerMinEigenVal.CornerMinEigenVal/32 (15 ms)
[ RUN      ] Image_Type_Border_BlockSz_ApertureSz_CornerMinEigenVal.CornerMinEigenVal/33, where GetParam() = ("gpu/stereobm/aloe-L.png", 8UC1, BORDER_REFLECT, 7, 3)
[ PERFSTAT ]    (samples=13   mean=0.15   median=0.15   min=0.15   stddev=0.00 (0.9%))
[       OK ] Image_Type_Border_BlockSz_ApertureSz_CornerMinEigenVal.CornerMinEigenVal/33 (16 ms)
[ RUN      ] Image_Type_Border_BlockSz_ApertureSz_CornerMinEigenVal.CornerMinEigenVal/34, where GetParam() = ("gpu/stereobm/aloe-L.png", 8UC1, BORDER_REFLECT, 7, 5)
[ PERFSTAT ]    (samples=13   mean=0.15   median=0.15   min=0.15   stddev=0.00 (1.5%))
[       OK ] Image_Type_Border_BlockSz_ApertureSz_CornerMinEigenVal.CornerMinEigenVal/34 (16 ms)
[ RUN      ] Image_Type_Border_BlockSz_ApertureSz_CornerMinEigenVal.CornerMinEigenVal/35, where GetParam() = ("gpu/stereobm/aloe-L.png", 8UC1, BORDER_REFLECT, 7, 7)
[ PERFSTAT ]    (samples=13   mean=0.16   median=0.15   min=0.15   stddev=0.00 (2.8%))
[       OK ] Image_Type_Border_BlockSz_ApertureSz_CornerMinEigenVal.CornerMinEigenVal/35 (17 ms)
[ RUN      ] Image_Type_Border_BlockSz_ApertureSz_CornerMinEigenVal.CornerMinEigenVal/36, where GetParam() = ("gpu/stereobm/aloe-L.png", 32FC1, BORDER_REFLECT101, 3, 0)
[ PERFSTAT ]    (samples=13   mean=0.09   median=0.09   min=0.09   stddev=0.00 (2.8%))
[       OK ] Image_Type_Border_BlockSz_ApertureSz_CornerMinEigenVal.CornerMinEigenVal/36 (15 ms)
[ RUN      ] Image_Type_Border_BlockSz_ApertureSz_CornerMinEigenVal.CornerMinEigenVal/37, where GetParam() = ("gpu/stereobm/aloe-L.png", 32FC1, BORDER_REFLECT101, 3, 3)
[ PERFSTAT ]    (samples=13   mean=0.09   median=0.09   min=0.09   stddev=0.00 (1.5%))
[       OK ] Image_Type_Border_BlockSz_ApertureSz_CornerMinEigenVal.CornerMinEigenVal/37 (15 ms)
[ RUN      ] Image_Type_Border_BlockSz_ApertureSz_CornerMinEigenVal.CornerMinEigenVal/38, where GetParam() = ("gpu/stereobm/aloe-L.png", 32FC1, BORDER_REFLECT101, 3, 5)
[ PERFSTAT ]    (samples=13   mean=0.09   median=0.09   min=0.09   stddev=0.00 (1.6%))
[       OK ] Image_Type_Border_BlockSz_ApertureSz_CornerMinEigenVal.CornerMinEigenVal/38 (15 ms)
[ RUN      ] Image_Type_Border_BlockSz_ApertureSz_CornerMinEigenVal.CornerMinEigenVal/39, where GetParam() = ("gpu/stereobm/aloe-L.png", 32FC1, BORDER_REFLECT101, 3, 7)
[ PERFSTAT ]    (samples=13   mean=0.10   median=0.10   min=0.09   stddev=0.00 (0.7%))
[       OK ] Image_Type_Border_BlockSz_ApertureSz_CornerMinEigenVal.CornerMinEigenVal/39 (15 ms)
[ RUN      ] Image_Type_Border_BlockSz_ApertureSz_CornerMinEigenVal.CornerMinEigenVal/40, where GetParam() = ("gpu/stereobm/aloe-L.png", 32FC1, BORDER_REFLECT101, 5, 0)
[ PERFSTAT ]    (samples=13   mean=0.12   median=0.12   min=0.11   stddev=0.00 (1.3%))
[       OK ] Image_Type_Border_BlockSz_ApertureSz_CornerMinEigenVal.CornerMinEigenVal/40 (16 ms)
[ RUN      ] Image_Type_Border_BlockSz_ApertureSz_CornerMinEigenVal.CornerMinEigenVal/41, where GetParam() = ("gpu/stereobm/aloe-L.png", 32FC1, BORDER_REFLECT101, 5, 3)
[ PERFSTAT ]    (samples=13   mean=0.12   median=0.12   min=0.12   stddev=0.00 (1.9%))
[       OK ] Image_Type_Border_BlockSz_ApertureSz_CornerMinEigenVal.CornerMinEigenVal/41 (16 ms)
[ RUN      ] Image_Type_Border_BlockSz_ApertureSz_CornerMinEigenVal.CornerMinEigenVal/42, where GetParam() = ("gpu/stereobm/aloe-L.png", 32FC1, BORDER_REFLECT101, 5, 5)
[ PERFSTAT ]    (samples=13   mean=0.12   median=0.12   min=0.12   stddev=0.00 (2.5%))
[       OK ] Image_Type_Border_BlockSz_ApertureSz_CornerMinEigenVal.CornerMinEigenVal/42 (15 ms)
[ RUN      ] Image_Type_Border_BlockSz_ApertureSz_CornerMinEigenVal.CornerMinEigenVal/43, where GetParam() = ("gpu/stereobm/aloe-L.png", 32FC1, BORDER_REFLECT101, 5, 7)
[ PERFSTAT ]    (samples=13   mean=0.12   median=0.12   min=0.12   stddev=0.00 (1.8%))
[       OK ] Image_Type_Border_BlockSz_ApertureSz_CornerMinEigenVal.CornerMinEigenVal/43 (16 ms)
[ RUN      ] Image_Type_Border_BlockSz_ApertureSz_CornerMinEigenVal.CornerMinEigenVal/44, where GetParam() = ("gpu/stereobm/aloe-L.png", 32FC1, BORDER_REFLECT101, 7, 0)
[ PERFSTAT ]    (samples=13   mean=0.15   median=0.15   min=0.15   stddev=0.00 (1.2%))
[       OK ] Image_Type_Border_BlockSz_ApertureSz_CornerMinEigenVal.CornerMinEigenVal/44 (16 ms)
[ RUN      ] Image_Type_Border_BlockSz_ApertureSz_CornerMinEigenVal.CornerMinEigenVal/45, where GetParam() = ("gpu/stereobm/aloe-L.png", 32FC1, BORDER_REFLECT101, 7, 3)
[ PERFSTAT ]    (samples=13   mean=0.15   median=0.15   min=0.15   stddev=0.00 (0.6%))
[       OK ] Image_Type_Border_BlockSz_ApertureSz_CornerMinEigenVal.CornerMinEigenVal/45 (16 ms)
[ RUN      ] Image_Type_Border_BlockSz_ApertureSz_CornerMinEigenVal.CornerMinEigenVal/46, where GetParam() = ("gpu/stereobm/aloe-L.png", 32FC1, BORDER_REFLECT101, 7, 5)
[ PERFSTAT ]    (samples=13   mean=0.15   median=0.15   min=0.15   stddev=0.00 (1.6%))
[       OK ] Image_Type_Border_BlockSz_ApertureSz_CornerMinEigenVal.CornerMinEigenVal/46 (17 ms)
[ RUN      ] Image_Type_Border_BlockSz_ApertureSz_CornerMinEigenVal.CornerMinEigenVal/47, where GetParam() = ("gpu/stereobm/aloe-L.png", 32FC1, BORDER_REFLECT101, 7, 7)
[ PERFSTAT ]    (samples=13   mean=0.16   median=0.16   min=0.15   stddev=0.00 (1.3%))
[       OK ] Image_Type_Border_BlockSz_ApertureSz_CornerMinEigenVal.CornerMinEigenVal/47 (16 ms)
[ RUN      ] Image_Type_Border_BlockSz_ApertureSz_CornerMinEigenVal.CornerMinEigenVal/48, where GetParam() = ("gpu/stereobm/aloe-L.png", 32FC1, BORDER_REPLICATE, 3, 0)
[ PERFSTAT ]    (samples=13   mean=0.09   median=0.09   min=0.09   stddev=0.00 (2.1%))
[       OK ] Image_Type_Border_BlockSz_ApertureSz_CornerMinEigenVal.CornerMinEigenVal/48 (15 ms)
[ RUN      ] Image_Type_Border_BlockSz_ApertureSz_CornerMinEigenVal.CornerMinEigenVal/49, where GetParam() = ("gpu/stereobm/aloe-L.png", 32FC1, BORDER_REPLICATE, 3, 3)
[ PERFSTAT ]    (samples=13   mean=0.09   median=0.09   min=0.09   stddev=0.00 (0.6%))
[       OK ] Image_Type_Border_BlockSz_ApertureSz_CornerMinEigenVal.CornerMinEigenVal/49 (15 ms)
[ RUN      ] Image_Type_Border_BlockSz_ApertureSz_CornerMinEigenVal.CornerMinEigenVal/50, where GetParam() = ("gpu/stereobm/aloe-L.png", 32FC1, BORDER_REPLICATE, 3, 5)
[ PERFSTAT ]    (samples=13   mean=0.09   median=0.09   min=0.09   stddev=0.00 (2.0%))
[       OK ] Image_Type_Border_BlockSz_ApertureSz_CornerMinEigenVal.CornerMinEigenVal/50 (15 ms)
[ RUN      ] Image_Type_Border_BlockSz_ApertureSz_CornerMinEigenVal.CornerMinEigenVal/51, where GetParam() = ("gpu/stereobm/aloe-L.png", 32FC1, BORDER_REPLICATE, 3, 7)
[ PERFSTAT ]    (samples=13   mean=0.09   median=0.09   min=0.09   stddev=0.00 (1.4%))
[       OK ] Image_Type_Border_BlockSz_ApertureSz_CornerMinEigenVal.CornerMinEigenVal/51 (18 ms)
[ RUN      ] Image_Type_Border_BlockSz_ApertureSz_CornerMinEigenVal.CornerMinEigenVal/52, where GetParam() = ("gpu/stereobm/aloe-L.png", 32FC1, BORDER_REPLICATE, 5, 0)
[ PERFSTAT ]    (samples=13   mean=0.11   median=0.11   min=0.11   stddev=0.00 (1.9%))
[       OK ] Image_Type_Border_BlockSz_ApertureSz_CornerMinEigenVal.CornerMinEigenVal/52 (15 ms)
[ RUN      ] Image_Type_Border_BlockSz_ApertureSz_CornerMinEigenVal.CornerMinEigenVal/53, where GetParam() = ("gpu/stereobm/aloe-L.png", 32FC1, BORDER_REPLICATE, 5, 3)
[ PERFSTAT ]    (samples=13   mean=0.11   median=0.11   min=0.11   stddev=0.00 (2.0%))
[       OK ] Image_Type_Border_BlockSz_ApertureSz_CornerMinEigenVal.CornerMinEigenVal/53 (16 ms)
[ RUN      ] Image_Type_Border_BlockSz_ApertureSz_CornerMinEigenVal.CornerMinEigenVal/54, where GetParam() = ("gpu/stereobm/aloe-L.png", 32FC1, BORDER_REPLICATE, 5, 5)
[ PERFSTAT ]    (samples=13   mean=0.12   median=0.11   min=0.11   stddev=0.00 (1.5%))
[       OK ] Image_Type_Border_BlockSz_ApertureSz_CornerMinEigenVal.CornerMinEigenVal/54 (15 ms)
[ RUN      ] Image_Type_Border_BlockSz_ApertureSz_CornerMinEigenVal.CornerMinEigenVal/55, where GetParam() = ("gpu/stereobm/aloe-L.png", 32FC1, BORDER_REPLICATE, 5, 7)
[ PERFSTAT ]    (samples=13   mean=0.12   median=0.12   min=0.12   stddev=0.00 (1.1%))
[       OK ] Image_Type_Border_BlockSz_ApertureSz_CornerMinEigenVal.CornerMinEigenVal/55 (16 ms)
[ RUN      ] Image_Type_Border_BlockSz_ApertureSz_CornerMinEigenVal.CornerMinEigenVal/56, where GetParam() = ("gpu/stereobm/aloe-L.png", 32FC1, BORDER_REPLICATE, 7, 0)
[ PERFSTAT ]    (samples=13   mean=0.15   median=0.15   min=0.15   stddev=0.00 (1.3%))
[       OK ] Image_Type_Border_BlockSz_ApertureSz_CornerMinEigenVal.CornerMinEigenVal/56 (16 ms)
[ RUN      ] Image_Type_Border_BlockSz_ApertureSz_CornerMinEigenVal.CornerMinEigenVal/57, where GetParam() = ("gpu/stereobm/aloe-L.png", 32FC1, BORDER_REPLICATE, 7, 3)
[ PERFSTAT ]    (samples=13   mean=0.15   median=0.15   min=0.15   stddev=0.00 (0.5%))
[       OK ] Image_Type_Border_BlockSz_ApertureSz_CornerMinEigenVal.CornerMinEigenVal/57 (16 ms)
[ RUN      ] Image_Type_Border_BlockSz_ApertureSz_CornerMinEigenVal.CornerMinEigenVal/58, where GetParam() = ("gpu/stereobm/aloe-L.png", 32FC1, BORDER_REPLICATE, 7, 5)
[ PERFSTAT ]    (samples=13   mean=0.15   median=0.15   min=0.15   stddev=0.00 (1.4%))
[       OK ] Image_Type_Border_BlockSz_ApertureSz_CornerMinEigenVal.CornerMinEigenVal/58 (16 ms)
[ RUN      ] Image_Type_Border_BlockSz_ApertureSz_CornerMinEigenVal.CornerMinEigenVal/59, where GetParam() = ("gpu/stereobm/aloe-L.png", 32FC1, BORDER_REPLICATE, 7, 7)
[ PERFSTAT ]    (samples=13   mean=0.15   median=0.15   min=0.15   stddev=0.00 (1.5%))
[       OK ] Image_Type_Border_BlockSz_ApertureSz_CornerMinEigenVal.CornerMinEigenVal/59 (16 ms)
[ RUN      ] Image_Type_Border_BlockSz_ApertureSz_CornerMinEigenVal.CornerMinEigenVal/60, where GetParam() = ("gpu/stereobm/aloe-L.png", 32FC1, BORDER_REFLECT, 3, 0)
[ PERFSTAT ]    (samples=13   mean=0.09   median=0.09   min=0.09   stddev=0.00 (2.1%))
[       OK ] Image_Type_Border_BlockSz_ApertureSz_CornerMinEigenVal.CornerMinEigenVal/60 (15 ms)
[ RUN      ] Image_Type_Border_BlockSz_ApertureSz_CornerMinEigenVal.CornerMinEigenVal/61, where GetParam() = ("gpu/stereobm/aloe-L.png", 32FC1, BORDER_REFLECT, 3, 3)
[ PERFSTAT ]    (samples=13   mean=0.09   median=0.09   min=0.09   stddev=0.00 (2.8%))
[       OK ] Image_Type_Border_BlockSz_ApertureSz_CornerMinEigenVal.CornerMinEigenVal/61 (16 ms)
[ RUN      ] Image_Type_Border_BlockSz_ApertureSz_CornerMinEigenVal.CornerMinEigenVal/62, where GetParam() = ("gpu/stereobm/aloe-L.png", 32FC1, BORDER_REFLECT, 3, 5)
[ PERFSTAT ]    (samples=13   mean=0.09   median=0.09   min=0.09   stddev=0.00 (1.8%))
[       OK ] Image_Type_Border_BlockSz_ApertureSz_CornerMinEigenVal.CornerMinEigenVal/62 (15 ms)
[ RUN      ] Image_Type_Border_BlockSz_ApertureSz_CornerMinEigenVal.CornerMinEigenVal/63, where GetParam() = ("gpu/stereobm/aloe-L.png", 32FC1, BORDER_REFLECT, 3, 7)
[ PERFSTAT ]    (samples=13   mean=0.09   median=0.09   min=0.09   stddev=0.00 (1.0%))
[       OK ] Image_Type_Border_BlockSz_ApertureSz_CornerMinEigenVal.CornerMinEigenVal/63 (15 ms)
[ RUN      ] Image_Type_Border_BlockSz_ApertureSz_CornerMinEigenVal.CornerMinEigenVal/64, where GetParam() = ("gpu/stereobm/aloe-L.png", 32FC1, BORDER_REFLECT, 5, 0)
[ PERFSTAT ]    (samples=13   mean=0.12   median=0.11   min=0.11   stddev=0.00 (0.7%))
[       OK ] Image_Type_Border_BlockSz_ApertureSz_CornerMinEigenVal.CornerMinEigenVal/64 (15 ms)
[ RUN      ] Image_Type_Border_BlockSz_ApertureSz_CornerMinEigenVal.CornerMinEigenVal/65, where GetParam() = ("gpu/stereobm/aloe-L.png", 32FC1, BORDER_REFLECT, 5, 3)
[ PERFSTAT ]    (samples=13   mean=0.11   median=0.11   min=0.11   stddev=0.00 (0.5%))
[       OK ] Image_Type_Border_BlockSz_ApertureSz_CornerMinEigenVal.CornerMinEigenVal/65 (16 ms)
[ RUN      ] Image_Type_Border_BlockSz_ApertureSz_CornerMinEigenVal.CornerMinEigenVal/66, where GetParam() = ("gpu/stereobm/aloe-L.png", 32FC1, BORDER_REFLECT, 5, 5)
[ PERFSTAT ]    (samples=13   mean=0.12   median=0.12   min=0.12   stddev=0.00 (0.9%))
[       OK ] Image_Type_Border_BlockSz_ApertureSz_CornerMinEigenVal.CornerMinEigenVal/66 (15 ms)
[ RUN      ] Image_Type_Border_BlockSz_ApertureSz_CornerMinEigenVal.CornerMinEigenVal/67, where GetParam() = ("gpu/stereobm/aloe-L.png", 32FC1, BORDER_REFLECT, 5, 7)
[ PERFSTAT ]    (samples=13   mean=0.12   median=0.12   min=0.12   stddev=0.00 (1.4%))
[       OK ] Image_Type_Border_BlockSz_ApertureSz_CornerMinEigenVal.CornerMinEigenVal/67 (15 ms)
[ RUN      ] Image_Type_Border_BlockSz_ApertureSz_CornerMinEigenVal.CornerMinEigenVal/68, where GetParam() = ("gpu/stereobm/aloe-L.png", 32FC1, BORDER_REFLECT, 7, 0)
[ PERFSTAT ]    (samples=13   mean=0.15   median=0.15   min=0.15   stddev=0.00 (1.0%))
[       OK ] Image_Type_Border_BlockSz_ApertureSz_CornerMinEigenVal.CornerMinEigenVal/68 (16 ms)
[ RUN      ] Image_Type_Border_BlockSz_ApertureSz_CornerMinEigenVal.CornerMinEigenVal/69, where GetParam() = ("gpu/stereobm/aloe-L.png", 32FC1, BORDER_REFLECT, 7, 3)
[ PERFSTAT ]    (samples=13   mean=0.15   median=0.15   min=0.15   stddev=0.00 (0.6%))
[       OK ] Image_Type_Border_BlockSz_ApertureSz_CornerMinEigenVal.CornerMinEigenVal/69 (16 ms)
[ RUN      ] Image_Type_Border_BlockSz_ApertureSz_CornerMinEigenVal.CornerMinEigenVal/70, where GetParam() = ("gpu/stereobm/aloe-L.png", 32FC1, BORDER_REFLECT, 7, 5)
[ PERFSTAT ]    (samples=13   mean=0.15   median=0.15   min=0.15   stddev=0.00 (0.5%))
[       OK ] Image_Type_Border_BlockSz_ApertureSz_CornerMinEigenVal.CornerMinEigenVal/70 (16 ms)
[ RUN      ] Image_Type_Border_BlockSz_ApertureSz_CornerMinEigenVal.CornerMinEigenVal/71, where GetParam() = ("gpu/stereobm/aloe-L.png", 32FC1, BORDER_REFLECT, 7, 7)
[ PERFSTAT ]    (samples=13   mean=0.16   median=0.16   min=0.15   stddev=0.00 (0.7%))
[       OK ] Image_Type_Border_BlockSz_ApertureSz_CornerMinEigenVal.CornerMinEigenVal/71 (16 ms)
[----------] 72 tests from Image_Type_Border_BlockSz_ApertureSz_CornerMinEigenVal (1114 ms total)

[----------] 2 tests from Image_MinDistance_GoodFeaturesToTrack
[ RUN      ] Image_MinDistance_GoodFeaturesToTrack.GoodFeaturesToTrack/0, where GetParam() = ("gpu/perf/aloe.png", 0)
[ PERFSTAT ]    (samples=25   mean=1.53   median=1.53   min=1.51   stddev=0.01 (0.9%))
[       OK ] Image_MinDistance_GoodFeaturesToTrack.GoodFeaturesToTrack/0 (118 ms)
[ RUN      ] Image_MinDistance_GoodFeaturesToTrack.GoodFeaturesToTrack/1, where GetParam() = ("gpu/perf/aloe.png", 3)
[ PERFSTAT ]    (samples=13   mean=2.64   median=2.64   min=2.61   stddev=0.02 (0.9%))
[       OK ] Image_MinDistance_GoodFeaturesToTrack.GoodFeaturesToTrack/1 (88 ms)
[----------] 2 tests from Image_MinDistance_GoodFeaturesToTrack (206 ms total)

[----------] 9 tests from Sz_Depth_HistEvenC1
[ RUN      ] Sz_Depth_HistEvenC1.HistEvenC1/0, where GetParam() = (1280x720, CV_8U)
[ PERFSTAT ]    (samples=13   mean=0.02   median=0.02   min=0.02   stddev=0.00 (2.1%))
[       OK ] Sz_Depth_HistEvenC1.HistEvenC1/0 (2 ms)
[ RUN      ] Sz_Depth_HistEvenC1.HistEvenC1/1, where GetParam() = (1280x720, CV_16U)
[ PERFSTAT ]    (samples=25   mean=0.03   median=0.03   min=0.03   stddev=0.00 (1.1%))
[       OK ] Sz_Depth_HistEvenC1.HistEvenC1/1 (6 ms)
[ RUN      ] Sz_Depth_HistEvenC1.HistEvenC1/2, where GetParam() = (1280x720, CV_16S)
[ PERFSTAT ]    (samples=13   mean=0.03   median=0.03   min=0.03   stddev=0.00 (1.9%))
[       OK ] Sz_Depth_HistEvenC1.HistEvenC1/2 (3 ms)
[ RUN      ] Sz_Depth_HistEvenC1.HistEvenC1/3, where GetParam() = (1280x1024, CV_8U)
[ PERFSTAT ]    (samples=13   mean=0.02   median=0.02   min=0.02   stddev=0.00 (2.5%))
[       OK ] Sz_Depth_HistEvenC1.HistEvenC1/3 (2 ms)
[ RUN      ] Sz_Depth_HistEvenC1.HistEvenC1/4, where GetParam() = (1280x1024, CV_16U)
[ PERFSTAT ]    (samples=13   mean=0.03   median=0.03   min=0.03   stddev=0.00 (2.2%))
[       OK ] Sz_Depth_HistEvenC1.HistEvenC1/4 (3 ms)
[ RUN      ] Sz_Depth_HistEvenC1.HistEvenC1/5, where GetParam() = (1280x1024, CV_16S)
[ PERFSTAT ]    (samples=13   mean=0.03   median=0.03   min=0.03   stddev=0.00 (1.8%))
[       OK ] Sz_Depth_HistEvenC1.HistEvenC1/5 (4 ms)
[ RUN      ] Sz_Depth_HistEvenC1.HistEvenC1/6, where GetParam() = (1920x1080, CV_8U)
[ PERFSTAT ]    (samples=13   mean=0.03   median=0.03   min=0.03   stddev=0.00 (1.4%))
[       OK ] Sz_Depth_HistEvenC1.HistEvenC1/6 (3 ms)
[ RUN      ] Sz_Depth_HistEvenC1.HistEvenC1/7, where GetParam() = (1920x1080, CV_16U)
[ PERFSTAT ]    (samples=13   mean=0.04   median=0.04   min=0.04   stddev=0.00 (1.4%))
[       OK ] Sz_Depth_HistEvenC1.HistEvenC1/7 (5 ms)
[ RUN      ] Sz_Depth_HistEvenC1.HistEvenC1/8, where GetParam() = (1920x1080, CV_16S)
[ PERFSTAT ]    (samples=17   mean=0.04   median=0.04   min=0.04   stddev=0.00 (3.0%))
[       OK ] Sz_Depth_HistEvenC1.HistEvenC1/8 (4 ms)
[----------] 9 tests from Sz_Depth_HistEvenC1 (33 ms total)

[----------] 9 tests from Sz_Depth_HistEvenC4
[ RUN      ] Sz_Depth_HistEvenC4.HistEvenC4/0, where GetParam() = (1280x720, CV_8U)
[ PERFSTAT ]    (samples=13   mean=0.43   median=0.43   min=0.43   stddev=0.00 (1.2%))
[       OK ] Sz_Depth_HistEvenC4.HistEvenC4/0 (9 ms)
[ RUN      ] Sz_Depth_HistEvenC4.HistEvenC4/1, where GetParam() = (1280x720, CV_16U)
[ PERFSTAT ]    (samples=13   mean=0.03   median=0.03   min=0.03   stddev=0.00 (3.0%))
[       OK ] Sz_Depth_HistEvenC4.HistEvenC4/1 (8 ms)
[ RUN      ] Sz_Depth_HistEvenC4.HistEvenC4/2, where GetParam() = (1280x720, CV_16S)
[ PERFSTAT ]    (samples=13   mean=0.03   median=0.03   min=0.03   stddev=0.00 (1.9%))
[       OK ] Sz_Depth_HistEvenC4.HistEvenC4/2 (7 ms)
[ RUN      ] Sz_Depth_HistEvenC4.HistEvenC4/3, where GetParam() = (1280x1024, CV_8U)
[ PERFSTAT ]    (samples=13   mean=0.43   median=0.43   min=0.41   stddev=0.01 (1.8%))
[       OK ] Sz_Depth_HistEvenC4.HistEvenC4/3 (10 ms)
[ RUN      ] Sz_Depth_HistEvenC4.HistEvenC4/4, where GetParam() = (1280x1024, CV_16U)
[ PERFSTAT ]    (samples=13   mean=0.03   median=0.03   min=0.03   stddev=0.00 (2.5%))
[       OK ] Sz_Depth_HistEvenC4.HistEvenC4/4 (11 ms)
[ RUN      ] Sz_Depth_HistEvenC4.HistEvenC4/5, where GetParam() = (1280x1024, CV_16S)
[ PERFSTAT ]    (samples=13   mean=0.03   median=0.03   min=0.03   stddev=0.00 (1.7%))
[       OK ] Sz_Depth_HistEvenC4.HistEvenC4/5 (9 ms)
[ RUN      ] Sz_Depth_HistEvenC4.HistEvenC4/6, where GetParam() = (1920x1080, CV_8U)
[ PERFSTAT ]    (samples=13   mean=0.41   median=0.41   min=0.40   stddev=0.01 (1.7%))
[       OK ] Sz_Depth_HistEvenC4.HistEvenC4/6 (13 ms)
[ RUN      ] Sz_Depth_HistEvenC4.HistEvenC4/7, where GetParam() = (1920x1080, CV_16U)
[ PERFSTAT ]    (samples=26   mean=0.04   median=0.04   min=0.04   stddev=0.00 (3.0%))
[       OK ] Sz_Depth_HistEvenC4.HistEvenC4/7 (18 ms)
[ RUN      ] Sz_Depth_HistEvenC4.HistEvenC4/8, where GetParam() = (1920x1080, CV_16S)
[ PERFSTAT ]    (samples=13   mean=0.04   median=0.04   min=0.04   stddev=0.00 (1.0%))
[       OK ] Sz_Depth_HistEvenC4.HistEvenC4/8 (15 ms)
[----------] 9 tests from Sz_Depth_HistEvenC4 (100 ms total)

[----------] 3 tests from Sz_CalcHist
[ RUN      ] Sz_CalcHist.CalcHist/0, where GetParam() = 1280x720
[ PERFSTAT ]    (samples=13   mean=0.02   median=0.02   min=0.02   stddev=0.00 (2.5%))
[       OK ] Sz_CalcHist.CalcHist/0 (2 ms)
[ RUN      ] Sz_CalcHist.CalcHist/1, where GetParam() = 1280x1024
[ PERFSTAT ]    (samples=13   mean=0.02   median=0.02   min=0.02   stddev=0.00 (1.4%))
[       OK ] Sz_CalcHist.CalcHist/1 (1 ms)
[ RUN      ] Sz_CalcHist.CalcHist/2, where GetParam() = 1920x1080
[ PERFSTAT ]    (samples=13   mean=0.02   median=0.02   min=0.02   stddev=0.00 (2.0%))
[       OK ] Sz_CalcHist.CalcHist/2 (3 ms)
[----------] 3 tests from Sz_CalcHist (6 ms total)

[----------] 3 tests from Sz_EqualizeHist
[ RUN      ] Sz_EqualizeHist.EqualizeHist/0, where GetParam() = 1280x720
[ PERFSTAT ]    (samples=13   mean=0.05   median=0.05   min=0.05   stddev=0.00 (1.7%))
[       OK ] Sz_EqualizeHist.EqualizeHist/0 (2 ms)
[ RUN      ] Sz_EqualizeHist.EqualizeHist/1, where GetParam() = 1280x1024
[ PERFSTAT ]    (samples=13   mean=0.05   median=0.05   min=0.05   stddev=0.00 (1.5%))
[       OK ] Sz_EqualizeHist.EqualizeHist/1 (3 ms)
[ RUN      ] Sz_EqualizeHist.EqualizeHist/2, where GetParam() = 1920x1080
[ PERFSTAT ]    (samples=13   mean=0.41   median=0.41   min=0.40   stddev=0.00 (1.0%))
[       OK ] Sz_EqualizeHist.EqualizeHist/2 (9 ms)
[----------] 3 tests from Sz_EqualizeHist (14 ms total)

[----------] 12 tests from Sz_ClipLimit_CLAHE
[ RUN      ] Sz_ClipLimit_CLAHE.CLAHE/0, where GetParam() = (1280x720, 0, 8UC1)
[ PERFSTAT ]    (samples=13   mean=0.05   median=0.05   min=0.05   stddev=0.00 (0.9%))
[       OK ] Sz_ClipLimit_CLAHE.CLAHE/0 (3 ms)
[ RUN      ] Sz_ClipLimit_CLAHE.CLAHE/1, where GetParam() = (1280x720, 0, 16UC1)
[ PERFSTAT ]    (samples=13   mean=0.41   median=0.41   min=0.41   stddev=0.00 (0.4%))
[       OK ] Sz_ClipLimit_CLAHE.CLAHE/1 (9 ms)
[ RUN      ] Sz_ClipLimit_CLAHE.CLAHE/2, where GetParam() = (1280x720, 40, 8UC1)
[ PERFSTAT ]    (samples=13   mean=0.05   median=0.05   min=0.05   stddev=0.00 (1.1%))
[       OK ] Sz_ClipLimit_CLAHE.CLAHE/2 (2 ms)
[ RUN      ] Sz_ClipLimit_CLAHE.CLAHE/3, where GetParam() = (1280x720, 40, 16UC1)
[ PERFSTAT ]    (samples=13   mean=0.58   median=0.58   min=0.57   stddev=0.00 (0.4%))
[       OK ] Sz_ClipLimit_CLAHE.CLAHE/3 (11 ms)
[ RUN      ] Sz_ClipLimit_CLAHE.CLAHE/4, where GetParam() = (1280x1024, 0, 8UC1)
[ PERFSTAT ]    (samples=13   mean=0.06   median=0.06   min=0.06   stddev=0.00 (0.5%))
[       OK ] Sz_ClipLimit_CLAHE.CLAHE/4 (3 ms)
[ RUN      ] Sz_ClipLimit_CLAHE.CLAHE/5, where GetParam() = (1280x1024, 0, 16UC1)
[ PERFSTAT ]    (samples=13   mean=0.45   median=0.45   min=0.44   stddev=0.00 (0.7%))
[       OK ] Sz_ClipLimit_CLAHE.CLAHE/5 (9 ms)
[ RUN      ] Sz_ClipLimit_CLAHE.CLAHE/6, where GetParam() = (1280x1024, 40, 8UC1)
[ PERFSTAT ]    (samples=13   mean=0.06   median=0.06   min=0.06   stddev=0.00 (2.0%))
[       OK ] Sz_ClipLimit_CLAHE.CLAHE/6 (3 ms)
[ RUN      ] Sz_ClipLimit_CLAHE.CLAHE/7, where GetParam() = (1280x1024, 40, 16UC1)
[ PERFSTAT ]    (samples=13   mean=0.61   median=0.61   min=0.61   stddev=0.00 (0.3%))
[       OK ] Sz_ClipLimit_CLAHE.CLAHE/7 (13 ms)
[ RUN      ] Sz_ClipLimit_CLAHE.CLAHE/8, where GetParam() = (1920x1080, 0, 8UC1)
[ PERFSTAT ]    (samples=13   mean=0.08   median=0.08   min=0.08   stddev=0.00 (0.3%))
[       OK ] Sz_ClipLimit_CLAHE.CLAHE/8 (6 ms)
[ RUN      ] Sz_ClipLimit_CLAHE.CLAHE/9, where GetParam() = (1920x1080, 0, 16UC1)
[ PERFSTAT ]    (samples=13   mean=0.50   median=0.50   min=0.50   stddev=0.00 (0.3%))
[       OK ] Sz_ClipLimit_CLAHE.CLAHE/9 (12 ms)
[ RUN      ] Sz_ClipLimit_CLAHE.CLAHE/10, where GetParam() = (1920x1080, 40, 8UC1)
[ PERFSTAT ]    (samples=13   mean=0.08   median=0.08   min=0.08   stddev=0.00 (0.4%))
[       OK ] Sz_ClipLimit_CLAHE.CLAHE/10 (4 ms)
[ RUN      ] Sz_ClipLimit_CLAHE.CLAHE/11, where GetParam() = (1920x1080, 40, 16UC1)
[ PERFSTAT ]    (samples=13   mean=0.66   median=0.66   min=0.66   stddev=0.00 (0.4%))
[       OK ] Sz_ClipLimit_CLAHE.CLAHE/11 (14 ms)
[----------] 12 tests from Sz_ClipLimit_CLAHE (89 ms total)

[----------] 3 tests from Sz_HoughLines
[ RUN      ] Sz_HoughLines.HoughLines/0, where GetParam() = 1280x720
[ PERFSTAT ]    (samples=13   mean=0.08   median=0.08   min=0.08   stddev=0.00 (1.7%))
[       OK ] Sz_HoughLines.HoughLines/0 (13 ms)
[ RUN      ] Sz_HoughLines.HoughLines/1, where GetParam() = 1280x1024
[ PERFSTAT ]    (samples=25   mean=0.08   median=0.08   min=0.08   stddev=0.00 (2.6%))
[       OK ] Sz_HoughLines.HoughLines/1 (3 ms)
[ RUN      ] Sz_HoughLines.HoughLines/2, where GetParam() = 1920x1080
[ PERFSTAT ]    (samples=13   mean=0.08   median=0.08   min=0.08   stddev=0.00 (1.2%))
[       OK ] Sz_HoughLines.HoughLines/2 (3 ms)
[----------] 3 tests from Sz_HoughLines (19 ms total)

[----------] 2 tests from Image_HoughLinesP
[ RUN      ] Image_HoughLinesP.HoughLinesP/0, where GetParam() = "cv/shared/pic5.png"
/data/xumengying/tool-verify/opencv-verify/src/opencv/modules/ts/src/ts_perf.cpp:375: Failure
Expected equality of these values:
  expect_cols
    Which is: 49
  actual.size.p[1]
    Which is: 48
Argument "gpu_lines" has unexpected number of columns

params    = "cv/shared/pic5.png"
termination reason:  unknown
bytesIn   =          0
bytesOut  =          0
samples   =         13 of 100
outliers  =          1
frequency = 1000000000
min       =     203515 = 0.20ms
median    =     208248 = 0.21ms
gmean     =     208719 = 0.21ms
gstddev   = 0.02132123 = 0.03ms for 97% dispersion interval
mean      =     208763 = 0.21ms
stddev    =       4455 = 0.00ms
[  FAILED  ] Image_HoughLinesP.HoughLinesP/0, where GetParam() = "cv/shared/pic5.png" (27 ms)
[ RUN      ] Image_HoughLinesP.HoughLinesP/1, where GetParam() = "stitching/a1.png"
/data/xumengying/tool-verify/opencv-verify/src/opencv/modules/ts/src/ts_perf.cpp:405: Failure
The difference between expect_rng2 and actual_rng2 is 32, which exceeds eps, where
expect_rng2 evaluates to 471,
actual_rng2 evaluates to 503, and
eps evaluates to 2.2204460492503131e-16.
Argument "gpu_lines" has unexpected value of the [1306:0:2] element

params    = "stitching/a1.png"
termination reason:  reached maximum number of iterations
bytesIn   =          0
bytesOut  =          0
samples   =        100
outliers  =          8
frequency = 1000000000
min       =     464237 = 0.46ms
median    =     505054 = 0.51ms
gmean     =     504149 = 0.50ms
gstddev   = 0.03872251 = 0.12ms for 97% dispersion interval
mean      =     504523 = 0.50ms
stddev    =      19552 = 0.02ms
[  FAILED  ] Image_HoughLinesP.HoughLinesP/1, where GetParam() = "stitching/a1.png" (62 ms)
[----------] 2 tests from Image_HoughLinesP (89 ms total)

[----------] 9 tests from Sz_Dp_MinDist_HoughCircles
[ RUN      ] Sz_Dp_MinDist_HoughCircles.HoughCircles/0, where GetParam() = (1280x720, 1, 1)
[ PERFSTAT ]    (samples=13   mean=0.78   median=0.77   min=0.76   stddev=0.01 (1.4%))
[       OK ] Sz_Dp_MinDist_HoughCircles.HoughCircles/0 (16 ms)
[ RUN      ] Sz_Dp_MinDist_HoughCircles.HoughCircles/1, where GetParam() = (1280x720, 2, 1)
[ PERFSTAT ]    (samples=13   mean=0.46   median=0.46   min=0.45   stddev=0.00 (0.9%))
[       OK ] Sz_Dp_MinDist_HoughCircles.HoughCircles/1 (11 ms)
[ RUN      ] Sz_Dp_MinDist_HoughCircles.HoughCircles/2, where GetParam() = (1280x720, 4, 1)
[ PERFSTAT ]    (samples=13   mean=0.38   median=0.37   min=0.37   stddev=0.00 (1.1%))
[       OK ] Sz_Dp_MinDist_HoughCircles.HoughCircles/2 (10 ms)
[ RUN      ] Sz_Dp_MinDist_HoughCircles.HoughCircles/3, where GetParam() = (1280x1024, 1, 1)
[ PERFSTAT ]    (samples=13   mean=0.98   median=0.98   min=0.97   stddev=0.01 (0.9%))
[       OK ] Sz_Dp_MinDist_HoughCircles.HoughCircles/3 (18 ms)
[ RUN      ] Sz_Dp_MinDist_HoughCircles.HoughCircles/4, where GetParam() = (1280x1024, 2, 1)
[ PERFSTAT ]    (samples=13   mean=0.54   median=0.53   min=0.53   stddev=0.01 (1.0%))
[       OK ] Sz_Dp_MinDist_HoughCircles.HoughCircles/4 (12 ms)
[ RUN      ] Sz_Dp_MinDist_HoughCircles.HoughCircles/5, where GetParam() = (1280x1024, 4, 1)
[ PERFSTAT ]    (samples=13   mean=0.42   median=0.42   min=0.42   stddev=0.01 (1.2%))
[       OK ] Sz_Dp_MinDist_HoughCircles.HoughCircles/5 (11 ms)
[ RUN      ] Sz_Dp_MinDist_HoughCircles.HoughCircles/6, where GetParam() = (1920x1080, 1, 1)
[ PERFSTAT ]    (samples=13   mean=1.36   median=1.37   min=1.35   stddev=0.01 (0.7%))
[       OK ] Sz_Dp_MinDist_HoughCircles.HoughCircles/6 (24 ms)
[ RUN      ] Sz_Dp_MinDist_HoughCircles.HoughCircles/7, where GetParam() = (1920x1080, 2, 1)
[ PERFSTAT ]    (samples=13   mean=0.67   median=0.67   min=0.67   stddev=0.00 (0.6%))
[       OK ] Sz_Dp_MinDist_HoughCircles.HoughCircles/7 (15 ms)
[ RUN      ] Sz_Dp_MinDist_HoughCircles.HoughCircles/8, where GetParam() = (1920x1080, 4, 1)
[ PERFSTAT ]    (samples=13   mean=0.51   median=0.51   min=0.50   stddev=0.01 (1.0%))
[       OK ] Sz_Dp_MinDist_HoughCircles.HoughCircles/8 (13 ms)
[----------] 9 tests from Sz_Dp_MinDist_HoughCircles (130 ms total)

[----------] 3 tests from Sz_GeneralizedHoughBallard
[ RUN      ] Sz_GeneralizedHoughBallard.GeneralizedHoughBallard/0, where GetParam() = 1280x720
[ PERFSTAT ]    (samples=13   mean=0.12   median=0.12   min=0.12   stddev=0.00 (1.6%))
[       OK ] Sz_GeneralizedHoughBallard.GeneralizedHoughBallard/0 (25 ms)
[ RUN      ] Sz_GeneralizedHoughBallard.GeneralizedHoughBallard/1, where GetParam() = 1280x1024
[ PERFSTAT ]    (samples=13   mean=0.11   median=0.11   min=0.11   stddev=0.00 (1.5%))
[       OK ] Sz_GeneralizedHoughBallard.GeneralizedHoughBallard/1 (12 ms)
[ RUN      ] Sz_GeneralizedHoughBallard.GeneralizedHoughBallard/2, where GetParam() = 1920x1080
[ PERFSTAT ]    (samples=13   mean=0.13   median=0.13   min=0.13   stddev=0.00 (0.7%))
[       OK ] Sz_GeneralizedHoughBallard.GeneralizedHoughBallard/2 (16 ms)
[----------] 3 tests from Sz_GeneralizedHoughBallard (53 ms total)

[----------] 162 tests from Sz_TemplateSz_Cn_Method_MatchTemplate8U
[ RUN      ] Sz_TemplateSz_Cn_Method_MatchTemplate8U.MatchTemplate8U/0, where GetParam() = (1280x720, 5x5, Gray, TM_SQDIFF)
[ PERFSTAT ]    (samples=13   mean=0.04   median=0.04   min=0.04   stddev=0.00 (1.1%))
[       OK ] Sz_TemplateSz_Cn_Method_MatchTemplate8U.MatchTemplate8U/0 (8 ms)
[ RUN      ] Sz_TemplateSz_Cn_Method_MatchTemplate8U.MatchTemplate8U/1, where GetParam() = (1280x720, 5x5, Gray, TM_SQDIFF_NORMED)
[ PERFSTAT ]    (samples=38   mean=1.49   median=1.49   min=1.46   stddev=0.03 (2.1%))
[       OK ] Sz_TemplateSz_Cn_Method_MatchTemplate8U.MatchTemplate8U/1 (82 ms)
[ RUN      ] Sz_TemplateSz_Cn_Method_MatchTemplate8U.MatchTemplate8U/2, where GetParam() = (1280x720, 5x5, Gray, TM_CCORR)
[ PERFSTAT ]    (samples=13   mean=0.04   median=0.04   min=0.04   stddev=0.00 (1.3%))
[       OK ] Sz_TemplateSz_Cn_Method_MatchTemplate8U.MatchTemplate8U/2 (3 ms)
[ RUN      ] Sz_TemplateSz_Cn_Method_MatchTemplate8U.MatchTemplate8U/3, where GetParam() = (1280x720, 5x5, Gray, TM_CCORR_NORMED)
[ PERFSTAT ]    (samples=13   mean=1.50   median=1.50   min=1.48   stddev=0.01 (0.9%))
[       OK ] Sz_TemplateSz_Cn_Method_MatchTemplate8U.MatchTemplate8U/3 (23 ms)
[ RUN      ] Sz_TemplateSz_Cn_Method_MatchTemplate8U.MatchTemplate8U/4, where GetParam() = (1280x720, 5x5, Gray, TM_CCOEFF)
[ PERFSTAT ]    (samples=25   mean=1.47   median=1.47   min=1.46   stddev=0.03 (1.7%))
[       OK ] Sz_TemplateSz_Cn_Method_MatchTemplate8U.MatchTemplate8U/4 (41 ms)
[ RUN      ] Sz_TemplateSz_Cn_Method_MatchTemplate8U.MatchTemplate8U/5, where GetParam() = (1280x720, 5x5, Gray, TM_CCOEFF_NORMED)
[ PERFSTAT ]    (samples=13   mean=2.96   median=2.93   min=2.89   stddev=0.07 (2.2%))
[       OK ] Sz_TemplateSz_Cn_Method_MatchTemplate8U.MatchTemplate8U/5 (42 ms)
[ RUN      ] Sz_TemplateSz_Cn_Method_MatchTemplate8U.MatchTemplate8U/6, where GetParam() = (1280x720, 5x5, BGR, TM_SQDIFF)
[ PERFSTAT ]    (samples=13   mean=0.06   median=0.06   min=0.06   stddev=0.00 (0.6%))
[       OK ] Sz_TemplateSz_Cn_Method_MatchTemplate8U.MatchTemplate8U/6 (5 ms)
[ RUN      ] Sz_TemplateSz_Cn_Method_MatchTemplate8U.MatchTemplate8U/7, where GetParam() = (1280x720, 5x5, BGR, TM_SQDIFF_NORMED)
[ PERFSTAT ]    (samples=13   mean=1.62   median=1.62   min=1.61   stddev=0.01 (0.4%))
[       OK ] Sz_TemplateSz_Cn_Method_MatchTemplate8U.MatchTemplate8U/7 (25 ms)
[ RUN      ] Sz_TemplateSz_Cn_Method_MatchTemplate8U.MatchTemplate8U/8, where GetParam() = (1280x720, 5x5, BGR, TM_CCORR)
[ PERFSTAT ]    (samples=25   mean=0.06   median=0.06   min=0.06   stddev=0.00 (0.5%))
[       OK ] Sz_TemplateSz_Cn_Method_MatchTemplate8U.MatchTemplate8U/8 (5 ms)
[ RUN      ] Sz_TemplateSz_Cn_Method_MatchTemplate8U.MatchTemplate8U/9, where GetParam() = (1280x720, 5x5, BGR, TM_CCORR_NORMED)
[ PERFSTAT ]    (samples=38   mean=1.63   median=1.62   min=1.61   stddev=0.04 (2.6%))
[       OK ] Sz_TemplateSz_Cn_Method_MatchTemplate8U.MatchTemplate8U/9 (68 ms)
[ RUN      ] Sz_TemplateSz_Cn_Method_MatchTemplate8U.MatchTemplate8U/10, where GetParam() = (1280x720, 5x5, BGR, TM_CCOEFF)
[ PERFSTAT ]    (samples=25   mean=2.41   median=2.39   min=2.36   stddev=0.05 (2.0%))
[       OK ] Sz_TemplateSz_Cn_Method_MatchTemplate8U.MatchTemplate8U/10 (71 ms)
[ RUN      ] Sz_TemplateSz_Cn_Method_MatchTemplate8U.MatchTemplate8U/11, where GetParam() = (1280x720, 5x5, BGR, TM_CCOEFF_NORMED)
[ PERFSTAT ]    (samples=13   mean=4.87   median=4.87   min=4.83   stddev=0.03 (0.5%))
[       OK ] Sz_TemplateSz_Cn_Method_MatchTemplate8U.MatchTemplate8U/11 (71 ms)
[ RUN      ] Sz_TemplateSz_Cn_Method_MatchTemplate8U.MatchTemplate8U/12, where GetParam() = (1280x720, 5x5, BGRA, TM_SQDIFF)
[ PERFSTAT ]    (samples=13   mean=0.06   median=0.06   min=0.06   stddev=0.00 (0.7%))
[       OK ] Sz_TemplateSz_Cn_Method_MatchTemplate8U.MatchTemplate8U/12 (5 ms)
[ RUN      ] Sz_TemplateSz_Cn_Method_MatchTemplate8U.MatchTemplate8U/13, where GetParam() = (1280x720, 5x5, BGRA, TM_SQDIFF_NORMED)
[ PERFSTAT ]    (samples=13   mean=1.82   median=1.82   min=1.81   stddev=0.01 (0.4%))
[       OK ] Sz_TemplateSz_Cn_Method_MatchTemplate8U.MatchTemplate8U/13 (29 ms)
[ RUN      ] Sz_TemplateSz_Cn_Method_MatchTemplate8U.MatchTemplate8U/14, where GetParam() = (1280x720, 5x5, BGRA, TM_CCORR)
[ PERFSTAT ]    (samples=13   mean=0.06   median=0.06   min=0.06   stddev=0.00 (0.6%))
[       OK ] Sz_TemplateSz_Cn_Method_MatchTemplate8U.MatchTemplate8U/14 (5 ms)
[ RUN      ] Sz_TemplateSz_Cn_Method_MatchTemplate8U.MatchTemplate8U/15, where GetParam() = (1280x720, 5x5, BGRA, TM_CCORR_NORMED)
[ PERFSTAT ]    (samples=25   mean=1.83   median=1.82   min=1.82   stddev=0.01 (0.3%))
[       OK ] Sz_TemplateSz_Cn_Method_MatchTemplate8U.MatchTemplate8U/15 (52 ms)
[ RUN      ] Sz_TemplateSz_Cn_Method_MatchTemplate8U.MatchTemplate8U/16, where GetParam() = (1280x720, 5x5, BGRA, TM_CCOEFF)
[ PERFSTAT ]    (samples=13   mean=2.86   median=2.86   min=2.82   stddev=0.04 (1.5%))
[       OK ] Sz_TemplateSz_Cn_Method_MatchTemplate8U.MatchTemplate8U/16 (44 ms)
[ RUN      ] Sz_TemplateSz_Cn_Method_MatchTemplate8U.MatchTemplate8U/17, where GetParam() = (1280x720, 5x5, BGRA, TM_CCOEFF_NORMED)
[ PERFSTAT ]    (samples=88   mean=5.85   median=5.81   min=5.74   stddev=0.17 (3.0%))
[       OK ] Sz_TemplateSz_Cn_Method_MatchTemplate8U.MatchTemplate8U/17 (536 ms)
[ RUN      ] Sz_TemplateSz_Cn_Method_MatchTemplate8U.MatchTemplate8U/18, where GetParam() = (1280x720, 16x16, Gray, TM_SQDIFF)
[ PERFSTAT ]    (samples=13   mean=0.16   median=0.16   min=0.16   stddev=0.00 (0.2%))
[       OK ] Sz_TemplateSz_Cn_Method_MatchTemplate8U.MatchTemplate8U/18 (4 ms)
[ RUN      ] Sz_TemplateSz_Cn_Method_MatchTemplate8U.MatchTemplate8U/19, where GetParam() = (1280x720, 16x16, Gray, TM_SQDIFF_NORMED)
[ PERFSTAT ]    (samples=13   mean=1.63   median=1.62   min=1.61   stddev=0.02 (1.1%))
[       OK ] Sz_TemplateSz_Cn_Method_MatchTemplate8U.MatchTemplate8U/19 (24 ms)
[ RUN      ] Sz_TemplateSz_Cn_Method_MatchTemplate8U.MatchTemplate8U/20, where GetParam() = (1280x720, 16x16, Gray, TM_CCORR)
[ PERFSTAT ]    (samples=13   mean=0.16   median=0.16   min=0.16   stddev=0.00 (0.2%))
[       OK ] Sz_TemplateSz_Cn_Method_MatchTemplate8U.MatchTemplate8U/20 (4 ms)
[ RUN      ] Sz_TemplateSz_Cn_Method_MatchTemplate8U.MatchTemplate8U/21, where GetParam() = (1280x720, 16x16, Gray, TM_CCORR_NORMED)
[ PERFSTAT ]    (samples=14   mean=1.64   median=1.63   min=1.61   stddev=0.05 (3.0%))
[       OK ] Sz_TemplateSz_Cn_Method_MatchTemplate8U.MatchTemplate8U/21 (25 ms)
[ RUN      ] Sz_TemplateSz_Cn_Method_MatchTemplate8U.MatchTemplate8U/22, where GetParam() = (1280x720, 16x16, Gray, TM_CCOEFF)
[ PERFSTAT ]    (samples=13   mean=1.60   median=1.60   min=1.59   stddev=0.02 (1.1%))
[       OK ] Sz_TemplateSz_Cn_Method_MatchTemplate8U.MatchTemplate8U/22 (24 ms)
[ RUN      ] Sz_TemplateSz_Cn_Method_MatchTemplate8U.MatchTemplate8U/23, where GetParam() = (1280x720, 16x16, Gray, TM_CCOEFF_NORMED)
[ PERFSTAT ]    (samples=25   mean=3.24   median=3.24   min=3.22   stddev=0.02 (0.5%))
[       OK ] Sz_TemplateSz_Cn_Method_MatchTemplate8U.MatchTemplate8U/23 (203 ms)
[ RUN      ] Sz_TemplateSz_Cn_Method_MatchTemplate8U.MatchTemplate8U/24, where GetParam() = (1280x720, 16x16, BGR, TM_SQDIFF)
[ PERFSTAT ]    (samples=13   mean=0.46   median=0.46   min=0.46   stddev=0.00 (0.1%))
[       OK ] Sz_TemplateSz_Cn_Method_MatchTemplate8U.MatchTemplate8U/24 (10 ms)
[ RUN      ] Sz_TemplateSz_Cn_Method_MatchTemplate8U.MatchTemplate8U/25, where GetParam() = (1280x720, 16x16, BGR, TM_SQDIFF_NORMED)
[ PERFSTAT ]    (samples=13   mean=2.03   median=2.03   min=2.02   stddev=0.01 (0.3%))
[       OK ] Sz_TemplateSz_Cn_Method_MatchTemplate8U.MatchTemplate8U/25 (31 ms)
[ RUN      ] Sz_TemplateSz_Cn_Method_MatchTemplate8U.MatchTemplate8U/26, where GetParam() = (1280x720, 16x16, BGR, TM_CCORR)
[ PERFSTAT ]    (samples=13   mean=0.46   median=0.46   min=0.46   stddev=0.00 (0.1%))
[       OK ] Sz_TemplateSz_Cn_Method_MatchTemplate8U.MatchTemplate8U/26 (10 ms)
[ RUN      ] Sz_TemplateSz_Cn_Method_MatchTemplate8U.MatchTemplate8U/27, where GetParam() = (1280x720, 16x16, BGR, TM_CCORR_NORMED)
[ PERFSTAT ]    (samples=25   mean=2.04   median=2.03   min=2.02   stddev=0.05 (2.2%))
[       OK ] Sz_TemplateSz_Cn_Method_MatchTemplate8U.MatchTemplate8U/27 (56 ms)
[ RUN      ] Sz_TemplateSz_Cn_Method_MatchTemplate8U.MatchTemplate8U/28, where GetParam() = (1280x720, 16x16, BGR, TM_CCOEFF)
[ PERFSTAT ]    (samples=25   mean=2.81   median=2.81   min=2.79   stddev=0.04 (1.4%))
[       OK ] Sz_TemplateSz_Cn_Method_MatchTemplate8U.MatchTemplate8U/28 (77 ms)
[ RUN      ] Sz_TemplateSz_Cn_Method_MatchTemplate8U.MatchTemplate8U/29, where GetParam() = (1280x720, 16x16, BGR, TM_CCOEFF_NORMED)
[ PERFSTAT ]    (samples=25   mean=5.28   median=5.22   min=5.20   stddev=0.11 (2.1%))
[       OK ] Sz_TemplateSz_Cn_Method_MatchTemplate8U.MatchTemplate8U/29 (297 ms)
[ RUN      ] Sz_TemplateSz_Cn_Method_MatchTemplate8U.MatchTemplate8U/30, where GetParam() = (1280x720, 16x16, BGRA, TM_SQDIFF)
[ PERFSTAT ]    (samples=13   mean=0.45   median=0.45   min=0.45   stddev=0.00 (0.1%))
[       OK ] Sz_TemplateSz_Cn_Method_MatchTemplate8U.MatchTemplate8U/30 (10 ms)
[ RUN      ] Sz_TemplateSz_Cn_Method_MatchTemplate8U.MatchTemplate8U/31, where GetParam() = (1280x720, 16x16, BGRA, TM_SQDIFF_NORMED)
[ PERFSTAT ]    (samples=25   mean=2.21   median=2.21   min=2.20   stddev=0.01 (0.4%))
[       OK ] Sz_TemplateSz_Cn_Method_MatchTemplate8U.MatchTemplate8U/31 (61 ms)
[ RUN      ] Sz_TemplateSz_Cn_Method_MatchTemplate8U.MatchTemplate8U/32, where GetParam() = (1280x720, 16x16, BGRA, TM_CCORR)
[ PERFSTAT ]    (samples=13   mean=0.45   median=0.45   min=0.45   stddev=0.00 (0.1%))
[       OK ] Sz_TemplateSz_Cn_Method_MatchTemplate8U.MatchTemplate8U/32 (11 ms)
[ RUN      ] Sz_TemplateSz_Cn_Method_MatchTemplate8U.MatchTemplate8U/33, where GetParam() = (1280x720, 16x16, BGRA, TM_CCORR_NORMED)
[ PERFSTAT ]    (samples=25   mean=2.21   median=2.21   min=2.21   stddev=0.01 (0.3%))
[       OK ] Sz_TemplateSz_Cn_Method_MatchTemplate8U.MatchTemplate8U/33 (62 ms)
[ RUN      ] Sz_TemplateSz_Cn_Method_MatchTemplate8U.MatchTemplate8U/34, where GetParam() = (1280x720, 16x16, BGRA, TM_CCOEFF)
[ PERFSTAT ]    (samples=13   mean=3.26   median=3.25   min=3.23   stddev=0.05 (1.6%))
[       OK ] Sz_TemplateSz_Cn_Method_MatchTemplate8U.MatchTemplate8U/34 (50 ms)
[ RUN      ] Sz_TemplateSz_Cn_Method_MatchTemplate8U.MatchTemplate8U/35, where GetParam() = (1280x720, 16x16, BGRA, TM_CCOEFF_NORMED)
[ PERFSTAT ]    (samples=38   mean=6.36   median=6.35   min=6.32   stddev=0.04 (0.7%))
[       OK ] Sz_TemplateSz_Cn_Method_MatchTemplate8U.MatchTemplate8U/35 (409 ms)
[ RUN      ] Sz_TemplateSz_Cn_Method_MatchTemplate8U.MatchTemplate8U/36, where GetParam() = (1280x720, 30x30, Gray, TM_SQDIFF)
[ PERFSTAT ]    (samples=25   mean=1.85   median=1.85   min=1.83   stddev=0.01 (0.8%))
[       OK ] Sz_TemplateSz_Cn_Method_MatchTemplate8U.MatchTemplate8U/36 (154 ms)
[ RUN      ] Sz_TemplateSz_Cn_Method_MatchTemplate8U.MatchTemplate8U/37, where GetParam() = (1280x720, 30x30, Gray, TM_SQDIFF_NORMED)
[ PERFSTAT ]    (samples=38   mean=1.85   median=1.84   min=1.83   stddev=0.03 (1.4%))
[       OK ] Sz_TemplateSz_Cn_Method_MatchTemplate8U.MatchTemplate8U/37 (178 ms)
[ RUN      ] Sz_TemplateSz_Cn_Method_MatchTemplate8U.MatchTemplate8U/38, where GetParam() = (1280x720, 30x30, Gray, TM_CCORR)
[ PERFSTAT ]    (samples=13   mean=0.37   median=0.37   min=0.37   stddev=0.00 (1.0%))
[       OK ] Sz_TemplateSz_Cn_Method_MatchTemplate8U.MatchTemplate8U/38 (111 ms)
[ RUN      ] Sz_TemplateSz_Cn_Method_MatchTemplate8U.MatchTemplate8U/39, where GetParam() = (1280x720, 30x30, Gray, TM_CCORR_NORMED)
[ PERFSTAT ]    (samples=13   mean=1.85   median=1.85   min=1.83   stddev=0.02 (0.9%))
[       OK ] Sz_TemplateSz_Cn_Method_MatchTemplate8U.MatchTemplate8U/39 (132 ms)
[ RUN      ] Sz_TemplateSz_Cn_Method_MatchTemplate8U.MatchTemplate8U/40, where GetParam() = (1280x720, 30x30, Gray, TM_CCOEFF)
[ PERFSTAT ]    (samples=13   mean=1.81   median=1.81   min=1.80   stddev=0.01 (0.7%))
[       OK ] Sz_TemplateSz_Cn_Method_MatchTemplate8U.MatchTemplate8U/40 (130 ms)
[ RUN      ] Sz_TemplateSz_Cn_Method_MatchTemplate8U.MatchTemplate8U/41, where GetParam() = (1280x720, 30x30, Gray, TM_CCOEFF_NORMED)
[ PERFSTAT ]    (samples=25   mean=3.26   median=3.24   min=3.22   stddev=0.08 (2.6%))
[       OK ] Sz_TemplateSz_Cn_Method_MatchTemplate8U.MatchTemplate8U/41 (190 ms)
[ RUN      ] Sz_TemplateSz_Cn_Method_MatchTemplate8U.MatchTemplate8U/42, where GetParam() = (1280x720, 30x30, BGR, TM_SQDIFF)
[ PERFSTAT ]    (samples=38   mean=2.03   median=2.03   min=2.00   stddev=0.02 (0.9%))
[       OK ] Sz_TemplateSz_Cn_Method_MatchTemplate8U.MatchTemplate8U/42 (235 ms)
[ RUN      ] Sz_TemplateSz_Cn_Method_MatchTemplate8U.MatchTemplate8U/43, where GetParam() = (1280x720, 30x30, BGR, TM_SQDIFF_NORMED)
[ PERFSTAT ]    (samples=100   mean=2.21   median=2.25   min=2.01   stddev=0.08 (3.7%))
[       OK ] Sz_TemplateSz_Cn_Method_MatchTemplate8U.MatchTemplate8U/43 (379 ms)
[ RUN      ] Sz_TemplateSz_Cn_Method_MatchTemplate8U.MatchTemplate8U/44, where GetParam() = (1280x720, 30x30, BGR, TM_CCORR)
[ PERFSTAT ]    (samples=13   mean=0.44   median=0.44   min=0.44   stddev=0.00 (0.8%))
[       OK ] Sz_TemplateSz_Cn_Method_MatchTemplate8U.MatchTemplate8U/44 (178 ms)
[ RUN      ] Sz_TemplateSz_Cn_Method_MatchTemplate8U.MatchTemplate8U/45, where GetParam() = (1280x720, 30x30, BGR, TM_CCORR_NORMED)
[ PERFSTAT ]    (samples=25   mean=2.03   median=2.03   min=2.01   stddev=0.01 (0.6%))
[       OK ] Sz_TemplateSz_Cn_Method_MatchTemplate8U.MatchTemplate8U/45 (208 ms)
[ RUN      ] Sz_TemplateSz_Cn_Method_MatchTemplate8U.MatchTemplate8U/46, where GetParam() = (1280x720, 30x30, BGR, TM_CCOEFF)
[ PERFSTAT ]    (samples=13   mean=2.80   median=2.79   min=2.77   stddev=0.02 (0.8%))
[       OK ] Sz_TemplateSz_Cn_Method_MatchTemplate8U.MatchTemplate8U/46 (193 ms)
[ RUN      ] Sz_TemplateSz_Cn_Method_MatchTemplate8U.MatchTemplate8U/47, where GetParam() = (1280x720, 30x30, BGR, TM_CCOEFF_NORMED)
[ PERFSTAT ]    (samples=25   mean=5.22   median=5.22   min=5.17   stddev=0.03 (0.5%))
[       OK ] Sz_TemplateSz_Cn_Method_MatchTemplate8U.MatchTemplate8U/47 (290 ms)
[ RUN      ] Sz_TemplateSz_Cn_Method_MatchTemplate8U.MatchTemplate8U/48, where GetParam() = (1280x720, 30x30, BGRA, TM_SQDIFF)
[ PERFSTAT ]    (samples=16   mean=2.42   median=2.40   min=2.39   stddev=0.07 (3.0%))
[       OK ] Sz_TemplateSz_Cn_Method_MatchTemplate8U.MatchTemplate8U/48 (194 ms)
[ RUN      ] Sz_TemplateSz_Cn_Method_MatchTemplate8U.MatchTemplate8U/49, where GetParam() = (1280x720, 30x30, BGRA, TM_SQDIFF_NORMED)
[ PERFSTAT ]    (samples=25   mean=2.42   median=2.41   min=2.39   stddev=0.06 (2.5%))
[       OK ] Sz_TemplateSz_Cn_Method_MatchTemplate8U.MatchTemplate8U/49 (219 ms)
[ RUN      ] Sz_TemplateSz_Cn_Method_MatchTemplate8U.MatchTemplate8U/50, where GetParam() = (1280x720, 30x30, BGRA, TM_CCORR)
[ PERFSTAT ]    (samples=13   mean=0.63   median=0.63   min=0.62   stddev=0.00 (0.5%))
[       OK ] Sz_TemplateSz_Cn_Method_MatchTemplate8U.MatchTemplate8U/50 (165 ms)
[ RUN      ] Sz_TemplateSz_Cn_Method_MatchTemplate8U.MatchTemplate8U/51, where GetParam() = (1280x720, 30x30, BGRA, TM_CCORR_NORMED)
[ PERFSTAT ]    (samples=13   mean=2.41   median=2.41   min=2.40   stddev=0.01 (0.5%))
[       OK ] Sz_TemplateSz_Cn_Method_MatchTemplate8U.MatchTemplate8U/51 (187 ms)
[ RUN      ] Sz_TemplateSz_Cn_Method_MatchTemplate8U.MatchTemplate8U/52, where GetParam() = (1280x720, 30x30, BGRA, TM_CCOEFF)
[ PERFSTAT ]    (samples=52   mean=3.61   median=3.64   min=3.39   stddev=0.11 (3.0%))
[       OK ] Sz_TemplateSz_Cn_Method_MatchTemplate8U.MatchTemplate8U/52 (349 ms)
[ RUN      ] Sz_TemplateSz_Cn_Method_MatchTemplate8U.MatchTemplate8U/53, where GetParam() = (1280x720, 30x30, BGRA, TM_CCOEFF_NORMED)
[ PERFSTAT ]    (samples=13   mean=6.96   median=6.90   min=6.87   stddev=0.19 (2.7%))
[       OK ] Sz_TemplateSz_Cn_Method_MatchTemplate8U.MatchTemplate8U/53 (250 ms)
[ RUN      ] Sz_TemplateSz_Cn_Method_MatchTemplate8U.MatchTemplate8U/54, where GetParam() = (1280x1024, 5x5, Gray, TM_SQDIFF)
[ PERFSTAT ]    (samples=13   mean=0.06   median=0.06   min=0.06   stddev=0.00 (0.6%))
[       OK ] Sz_TemplateSz_Cn_Method_MatchTemplate8U.MatchTemplate8U/54 (4 ms)
[ RUN      ] Sz_TemplateSz_Cn_Method_MatchTemplate8U.MatchTemplate8U/55, where GetParam() = (1280x1024, 5x5, Gray, TM_SQDIFF_NORMED)
[ PERFSTAT ]    (samples=13   mean=1.61   median=1.61   min=1.60   stddev=0.01 (0.8%))
[       OK ] Sz_TemplateSz_Cn_Method_MatchTemplate8U.MatchTemplate8U/55 (24 ms)
[ RUN      ] Sz_TemplateSz_Cn_Method_MatchTemplate8U.MatchTemplate8U/56, where GetParam() = (1280x1024, 5x5, Gray, TM_CCORR)
[ PERFSTAT ]    (samples=13   mean=0.06   median=0.06   min=0.06   stddev=0.00 (0.9%))
[       OK ] Sz_TemplateSz_Cn_Method_MatchTemplate8U.MatchTemplate8U/56 (3 ms)
[ RUN      ] Sz_TemplateSz_Cn_Method_MatchTemplate8U.MatchTemplate8U/57, where GetParam() = (1280x1024, 5x5, Gray, TM_CCORR_NORMED)
[ PERFSTAT ]    (samples=13   mean=1.62   median=1.61   min=1.60   stddev=0.02 (1.2%))
[       OK ] Sz_TemplateSz_Cn_Method_MatchTemplate8U.MatchTemplate8U/57 (25 ms)
[ RUN      ] Sz_TemplateSz_Cn_Method_MatchTemplate8U.MatchTemplate8U/58, where GetParam() = (1280x1024, 5x5, Gray, TM_CCOEFF)
[ PERFSTAT ]    (samples=13   mean=1.57   median=1.57   min=1.55   stddev=0.01 (0.6%))
[       OK ] Sz_TemplateSz_Cn_Method_MatchTemplate8U.MatchTemplate8U/58 (23 ms)
[ RUN      ] Sz_TemplateSz_Cn_Method_MatchTemplate8U.MatchTemplate8U/59, where GetParam() = (1280x1024, 5x5, Gray, TM_CCOEFF_NORMED)
[ PERFSTAT ]    (samples=13   mean=3.16   median=3.15   min=3.12   stddev=0.04 (1.2%))
[       OK ] Sz_TemplateSz_Cn_Method_MatchTemplate8U.MatchTemplate8U/59 (45 ms)
[ RUN      ] Sz_TemplateSz_Cn_Method_MatchTemplate8U.MatchTemplate8U/60, where GetParam() = (1280x1024, 5x5, BGR, TM_SQDIFF)
[ PERFSTAT ]    (samples=13   mean=0.10   median=0.10   min=0.10   stddev=0.00 (0.5%))
[       OK ] Sz_TemplateSz_Cn_Method_MatchTemplate8U.MatchTemplate8U/60 (7 ms)
[ RUN      ] Sz_TemplateSz_Cn_Method_MatchTemplate8U.MatchTemplate8U/61, where GetParam() = (1280x1024, 5x5, BGR, TM_SQDIFF_NORMED)
[ PERFSTAT ]    (samples=13   mean=2.21   median=2.21   min=2.20   stddev=0.00 (0.2%))
[       OK ] Sz_TemplateSz_Cn_Method_MatchTemplate8U.MatchTemplate8U/61 (35 ms)
[ RUN      ] Sz_TemplateSz_Cn_Method_MatchTemplate8U.MatchTemplate8U/62, where GetParam() = (1280x1024, 5x5, BGR, TM_CCORR)
[ PERFSTAT ]    (samples=13   mean=0.10   median=0.10   min=0.10   stddev=0.00 (0.5%))
[       OK ] Sz_TemplateSz_Cn_Method_MatchTemplate8U.MatchTemplate8U/62 (7 ms)
[ RUN      ] Sz_TemplateSz_Cn_Method_MatchTemplate8U.MatchTemplate8U/63, where GetParam() = (1280x1024, 5x5, BGR, TM_CCORR_NORMED)
[ PERFSTAT ]    (samples=13   mean=2.19   median=2.21   min=2.10   stddev=0.04 (1.9%))
[       OK ] Sz_TemplateSz_Cn_Method_MatchTemplate8U.MatchTemplate8U/63 (34 ms)
[ RUN      ] Sz_TemplateSz_Cn_Method_MatchTemplate8U.MatchTemplate8U/64, where GetParam() = (1280x1024, 5x5, BGR, TM_CCOEFF)
[ PERFSTAT ]    (samples=13   mean=2.61   median=2.60   min=2.59   stddev=0.05 (2.0%))
[       OK ] Sz_TemplateSz_Cn_Method_MatchTemplate8U.MatchTemplate8U/64 (41 ms)
[ RUN      ] Sz_TemplateSz_Cn_Method_MatchTemplate8U.MatchTemplate8U/65, where GetParam() = (1280x1024, 5x5, BGR, TM_CCOEFF_NORMED)
[ PERFSTAT ]    (samples=13   mean=5.49   median=5.47   min=5.43   stddev=0.06 (1.1%))
[       OK ] Sz_TemplateSz_Cn_Method_MatchTemplate8U.MatchTemplate8U/65 (80 ms)
[ RUN      ] Sz_TemplateSz_Cn_Method_MatchTemplate8U.MatchTemplate8U/66, where GetParam() = (1280x1024, 5x5, BGRA, TM_SQDIFF)
[ PERFSTAT ]    (samples=13   mean=0.09   median=0.09   min=0.09   stddev=0.00 (0.4%))
[       OK ] Sz_TemplateSz_Cn_Method_MatchTemplate8U.MatchTemplate8U/66 (7 ms)
[ RUN      ] Sz_TemplateSz_Cn_Method_MatchTemplate8U.MatchTemplate8U/67, where GetParam() = (1280x1024, 5x5, BGRA, TM_SQDIFF_NORMED)
[ PERFSTAT ]    (samples=13   mean=2.26   median=2.26   min=2.23   stddev=0.01 (0.6%))
[       OK ] Sz_TemplateSz_Cn_Method_MatchTemplate8U.MatchTemplate8U/67 (36 ms)
[ RUN      ] Sz_TemplateSz_Cn_Method_MatchTemplate8U.MatchTemplate8U/68, where GetParam() = (1280x1024, 5x5, BGRA, TM_CCORR)
[ PERFSTAT ]    (samples=13   mean=0.09   median=0.09   min=0.09   stddev=0.00 (0.5%))
[       OK ] Sz_TemplateSz_Cn_Method_MatchTemplate8U.MatchTemplate8U/68 (7 ms)
[ RUN      ] Sz_TemplateSz_Cn_Method_MatchTemplate8U.MatchTemplate8U/69, where GetParam() = (1280x1024, 5x5, BGRA, TM_CCORR_NORMED)
[ PERFSTAT ]    (samples=13   mean=2.25   median=2.26   min=2.20   stddev=0.03 (1.5%))
[       OK ] Sz_TemplateSz_Cn_Method_MatchTemplate8U.MatchTemplate8U/69 (36 ms)
[ RUN      ] Sz_TemplateSz_Cn_Method_MatchTemplate8U.MatchTemplate8U/70, where GetParam() = (1280x1024, 5x5, BGRA, TM_CCOEFF)
[ PERFSTAT ]    (samples=25   mean=2.98   median=2.98   min=2.95   stddev=0.03 (1.1%))
[       OK ] Sz_TemplateSz_Cn_Method_MatchTemplate8U.MatchTemplate8U/70 (85 ms)
[ RUN      ] Sz_TemplateSz_Cn_Method_MatchTemplate8U.MatchTemplate8U/71, where GetParam() = (1280x1024, 5x5, BGRA, TM_CCOEFF_NORMED)
[ PERFSTAT ]    (samples=38   mean=6.28   median=6.26   min=6.20   stddev=0.07 (1.2%))
[       OK ] Sz_TemplateSz_Cn_Method_MatchTemplate8U.MatchTemplate8U/71 (252 ms)
[ RUN      ] Sz_TemplateSz_Cn_Method_MatchTemplate8U.MatchTemplate8U/72, where GetParam() = (1280x1024, 16x16, Gray, TM_SQDIFF)
[ PERFSTAT ]    (samples=13   mean=0.23   median=0.23   min=0.22   stddev=0.00 (2.0%))
[       OK ] Sz_TemplateSz_Cn_Method_MatchTemplate8U.MatchTemplate8U/72 (5 ms)
[ RUN      ] Sz_TemplateSz_Cn_Method_MatchTemplate8U.MatchTemplate8U/73, where GetParam() = (1280x1024, 16x16, Gray, TM_SQDIFF_NORMED)
[ PERFSTAT ]    (samples=13   mean=1.73   median=1.73   min=1.72   stddev=0.01 (0.4%))
[       OK ] Sz_TemplateSz_Cn_Method_MatchTemplate8U.MatchTemplate8U/73 (26 ms)
[ RUN      ] Sz_TemplateSz_Cn_Method_MatchTemplate8U.MatchTemplate8U/74, where GetParam() = (1280x1024, 16x16, Gray, TM_CCORR)
[ PERFSTAT ]    (samples=13   mean=0.22   median=0.22   min=0.22   stddev=0.00 (0.6%))
[       OK ] Sz_TemplateSz_Cn_Method_MatchTemplate8U.MatchTemplate8U/74 (6 ms)
[ RUN      ] Sz_TemplateSz_Cn_Method_MatchTemplate8U.MatchTemplate8U/75, where GetParam() = (1280x1024, 16x16, Gray, TM_CCORR_NORMED)
[ PERFSTAT ]    (samples=25   mean=1.74   median=1.73   min=1.72   stddev=0.04 (2.0%))
[       OK ] Sz_TemplateSz_Cn_Method_MatchTemplate8U.MatchTemplate8U/75 (48 ms)
[ RUN      ] Sz_TemplateSz_Cn_Method_MatchTemplate8U.MatchTemplate8U/76, where GetParam() = (1280x1024, 16x16, Gray, TM_CCOEFF)
[ PERFSTAT ]    (samples=13   mean=1.69   median=1.69   min=1.67   stddev=0.01 (0.6%))
[       OK ] Sz_TemplateSz_Cn_Method_MatchTemplate8U.MatchTemplate8U/76 (25 ms)
[ RUN      ] Sz_TemplateSz_Cn_Method_MatchTemplate8U.MatchTemplate8U/77, where GetParam() = (1280x1024, 16x16, Gray, TM_CCOEFF_NORMED)
[ PERFSTAT ]    (samples=25   mean=3.47   median=3.47   min=3.45   stddev=0.01 (0.4%))
[       OK ] Sz_TemplateSz_Cn_Method_MatchTemplate8U.MatchTemplate8U/77 (198 ms)
[ RUN      ] Sz_TemplateSz_Cn_Method_MatchTemplate8U.MatchTemplate8U/78, where GetParam() = (1280x1024, 16x16, BGR, TM_SQDIFF)
[ PERFSTAT ]    (samples=13   mean=0.66   median=0.66   min=0.65   stddev=0.00 (0.2%))
[       OK ] Sz_TemplateSz_Cn_Method_MatchTemplate8U.MatchTemplate8U/78 (14 ms)
[ RUN      ] Sz_TemplateSz_Cn_Method_MatchTemplate8U.MatchTemplate8U/79, where GetParam() = (1280x1024, 16x16, BGR, TM_SQDIFF_NORMED)
[ PERFSTAT ]    (samples=13   mean=2.47   median=2.47   min=2.46   stddev=0.01 (0.2%))
[       OK ] Sz_TemplateSz_Cn_Method_MatchTemplate8U.MatchTemplate8U/79 (37 ms)
[ RUN      ] Sz_TemplateSz_Cn_Method_MatchTemplate8U.MatchTemplate8U/80, where GetParam() = (1280x1024, 16x16, BGR, TM_CCORR)
[ PERFSTAT ]    (samples=13   mean=0.65   median=0.65   min=0.65   stddev=0.00 (0.1%))
[       OK ] Sz_TemplateSz_Cn_Method_MatchTemplate8U.MatchTemplate8U/80 (14 ms)
[ RUN      ] Sz_TemplateSz_Cn_Method_MatchTemplate8U.MatchTemplate8U/81, where GetParam() = (1280x1024, 16x16, BGR, TM_CCORR_NORMED)
[ PERFSTAT ]    (samples=13   mean=2.48   median=2.48   min=2.47   stddev=0.01 (0.4%))
[       OK ] Sz_TemplateSz_Cn_Method_MatchTemplate8U.MatchTemplate8U/81 (38 ms)
[ RUN      ] Sz_TemplateSz_Cn_Method_MatchTemplate8U.MatchTemplate8U/82, where GetParam() = (1280x1024, 16x16, BGR, TM_CCOEFF)
[ PERFSTAT ]    (samples=13   mean=3.09   median=3.09   min=3.07   stddev=0.01 (0.5%))
[       OK ] Sz_TemplateSz_Cn_Method_MatchTemplate8U.MatchTemplate8U/82 (47 ms)
[ RUN      ] Sz_TemplateSz_Cn_Method_MatchTemplate8U.MatchTemplate8U/83, where GetParam() = (1280x1024, 16x16, BGR, TM_CCOEFF_NORMED)
[ PERFSTAT ]    (samples=13   mean=5.74   median=5.72   min=5.70   stddev=0.05 (0.9%))
[       OK ] Sz_TemplateSz_Cn_Method_MatchTemplate8U.MatchTemplate8U/83 (235 ms)
[ RUN      ] Sz_TemplateSz_Cn_Method_MatchTemplate8U.MatchTemplate8U/84, where GetParam() = (1280x1024, 16x16, BGRA, TM_SQDIFF)
[ PERFSTAT ]    (samples=13   mean=0.64   median=0.64   min=0.63   stddev=0.00 (0.4%))
[       OK ] Sz_TemplateSz_Cn_Method_MatchTemplate8U.MatchTemplate8U/84 (15 ms)
[ RUN      ] Sz_TemplateSz_Cn_Method_MatchTemplate8U.MatchTemplate8U/85, where GetParam() = (1280x1024, 16x16, BGRA, TM_SQDIFF_NORMED)
[ PERFSTAT ]    (samples=13   mean=2.77   median=2.77   min=2.75   stddev=0.01 (0.3%))
[       OK ] Sz_TemplateSz_Cn_Method_MatchTemplate8U.MatchTemplate8U/85 (42 ms)
[ RUN      ] Sz_TemplateSz_Cn_Method_MatchTemplate8U.MatchTemplate8U/86, where GetParam() = (1280x1024, 16x16, BGRA, TM_CCORR)
[ PERFSTAT ]    (samples=13   mean=0.64   median=0.64   min=0.64   stddev=0.00 (0.1%))
[       OK ] Sz_TemplateSz_Cn_Method_MatchTemplate8U.MatchTemplate8U/86 (15 ms)
[ RUN      ] Sz_TemplateSz_Cn_Method_MatchTemplate8U.MatchTemplate8U/87, where GetParam() = (1280x1024, 16x16, BGRA, TM_CCORR_NORMED)
[ PERFSTAT ]    (samples=13   mean=2.77   median=2.77   min=2.76   stddev=0.01 (0.2%))
[       OK ] Sz_TemplateSz_Cn_Method_MatchTemplate8U.MatchTemplate8U/87 (43 ms)
[ RUN      ] Sz_TemplateSz_Cn_Method_MatchTemplate8U.MatchTemplate8U/88, where GetParam() = (1280x1024, 16x16, BGRA, TM_CCOEFF)
[ PERFSTAT ]    (samples=13   mean=3.57   median=3.56   min=3.54   stddev=0.05 (1.5%))
[       OK ] Sz_TemplateSz_Cn_Method_MatchTemplate8U.MatchTemplate8U/88 (55 ms)
[ RUN      ] Sz_TemplateSz_Cn_Method_MatchTemplate8U.MatchTemplate8U/89, where GetParam() = (1280x1024, 16x16, BGRA, TM_CCOEFF_NORMED)
[ PERFSTAT ]    (samples=25   mean=7.04   median=7.04   min=7.00   stddev=0.02 (0.2%))
[       OK ] Sz_TemplateSz_Cn_Method_MatchTemplate8U.MatchTemplate8U/89 (338 ms)
[ RUN      ] Sz_TemplateSz_Cn_Method_MatchTemplate8U.MatchTemplate8U/90, where GetParam() = (1280x1024, 30x30, Gray, TM_SQDIFF)
[ PERFSTAT ]    (samples=71   mean=2.06   median=2.04   min=2.02   stddev=0.06 (3.0%))
[       OK ] Sz_TemplateSz_Cn_Method_MatchTemplate8U.MatchTemplate8U/90 (259 ms)
[ RUN      ] Sz_TemplateSz_Cn_Method_MatchTemplate8U.MatchTemplate8U/91, where GetParam() = (1280x1024, 30x30, Gray, TM_SQDIFF_NORMED)
[ PERFSTAT ]    (samples=38   mean=2.07   median=2.06   min=2.04   stddev=0.03 (1.5%))
[       OK ] Sz_TemplateSz_Cn_Method_MatchTemplate8U.MatchTemplate8U/91 (187 ms)
[ RUN      ] Sz_TemplateSz_Cn_Method_MatchTemplate8U.MatchTemplate8U/92, where GetParam() = (1280x1024, 30x30, Gray, TM_CCORR)
[ PERFSTAT ]    (samples=13   mean=0.53   median=0.53   min=0.53   stddev=0.00 (0.9%))
[       OK ] Sz_TemplateSz_Cn_Method_MatchTemplate8U.MatchTemplate8U/92 (133 ms)
[ RUN      ] Sz_TemplateSz_Cn_Method_MatchTemplate8U.MatchTemplate8U/93, where GetParam() = (1280x1024, 30x30, Gray, TM_CCORR_NORMED)
[ PERFSTAT ]    (samples=13   mean=2.06   median=2.05   min=2.03   stddev=0.05 (2.3%))
[       OK ] Sz_TemplateSz_Cn_Method_MatchTemplate8U.MatchTemplate8U/93 (135 ms)
[ RUN      ] Sz_TemplateSz_Cn_Method_MatchTemplate8U.MatchTemplate8U/94, where GetParam() = (1280x1024, 30x30, Gray, TM_CCOEFF)
[ PERFSTAT ]    (samples=13   mean=2.00   median=2.00   min=1.99   stddev=0.01 (0.7%))
[       OK ] Sz_TemplateSz_Cn_Method_MatchTemplate8U.MatchTemplate8U/94 (133 ms)
[ RUN      ] Sz_TemplateSz_Cn_Method_MatchTemplate8U.MatchTemplate8U/95, where GetParam() = (1280x1024, 30x30, Gray, TM_CCOEFF_NORMED)
[ PERFSTAT ]    (samples=13   mean=3.48   median=3.47   min=3.43   stddev=0.04 (1.1%))
[       OK ] Sz_TemplateSz_Cn_Method_MatchTemplate8U.MatchTemplate8U/95 (154 ms)
[ RUN      ] Sz_TemplateSz_Cn_Method_MatchTemplate8U.MatchTemplate8U/96, where GetParam() = (1280x1024, 30x30, BGR, TM_SQDIFF)
[ PERFSTAT ]    (samples=38   mean=2.47   median=2.45   min=2.44   stddev=0.06 (2.3%))
[       OK ] Sz_TemplateSz_Cn_Method_MatchTemplate8U.MatchTemplate8U/96 (250 ms)
[ RUN      ] Sz_TemplateSz_Cn_Method_MatchTemplate8U.MatchTemplate8U/97, where GetParam() = (1280x1024, 30x30, BGR, TM_SQDIFF_NORMED)
[ PERFSTAT ]    (samples=25   mean=2.46   median=2.45   min=2.45   stddev=0.04 (1.7%))
[       OK ] Sz_TemplateSz_Cn_Method_MatchTemplate8U.MatchTemplate8U/97 (218 ms)
[ RUN      ] Sz_TemplateSz_Cn_Method_MatchTemplate8U.MatchTemplate8U/98, where GetParam() = (1280x1024, 30x30, BGR, TM_CCORR)
[ PERFSTAT ]    (samples=13   mean=0.73   median=0.73   min=0.73   stddev=0.00 (0.6%))
[       OK ] Sz_TemplateSz_Cn_Method_MatchTemplate8U.MatchTemplate8U/98 (167 ms)
[ RUN      ] Sz_TemplateSz_Cn_Method_MatchTemplate8U.MatchTemplate8U/99, where GetParam() = (1280x1024, 30x30, BGR, TM_CCORR_NORMED)
[ PERFSTAT ]    (samples=13   mean=2.90   median=2.90   min=2.89   stddev=0.01 (0.3%))
[       OK ] Sz_TemplateSz_Cn_Method_MatchTemplate8U.MatchTemplate8U/99 (194 ms)
[ RUN      ] Sz_TemplateSz_Cn_Method_MatchTemplate8U.MatchTemplate8U/100, where GetParam() = (1280x1024, 30x30, BGR, TM_CCOEFF)
[ PERFSTAT ]    (samples=13   mean=3.37   median=3.36   min=3.34   stddev=0.04 (1.1%))
[       OK ] Sz_TemplateSz_Cn_Method_MatchTemplate8U.MatchTemplate8U/100 (202 ms)
[ RUN      ] Sz_TemplateSz_Cn_Method_MatchTemplate8U.MatchTemplate8U/101, where GetParam() = (1280x1024, 30x30, BGR, TM_CCOEFF_NORMED)
[ PERFSTAT ]    (samples=13   mean=6.32   median=6.32   min=6.27   stddev=0.02 (0.4%))
[       OK ] Sz_TemplateSz_Cn_Method_MatchTemplate8U.MatchTemplate8U/101 (241 ms)
[ RUN      ] Sz_TemplateSz_Cn_Method_MatchTemplate8U.MatchTemplate8U/102, where GetParam() = (1280x1024, 30x30, BGRA, TM_SQDIFF)
[ PERFSTAT ]    (samples=13   mean=3.34   median=3.32   min=3.30   stddev=0.05 (1.4%))
[       OK ] Sz_TemplateSz_Cn_Method_MatchTemplate8U.MatchTemplate8U/102 (200 ms)
[ RUN      ] Sz_TemplateSz_Cn_Method_MatchTemplate8U.MatchTemplate8U/103, where GetParam() = (1280x1024, 30x30, BGRA, TM_SQDIFF_NORMED)
[ PERFSTAT ]    (samples=13   mean=3.33   median=3.31   min=3.30   stddev=0.03 (1.0%))
[       OK ] Sz_TemplateSz_Cn_Method_MatchTemplate8U.MatchTemplate8U/103 (200 ms)
[ RUN      ] Sz_TemplateSz_Cn_Method_MatchTemplate8U.MatchTemplate8U/104, where GetParam() = (1280x1024, 30x30, BGRA, TM_CCORR)
[ PERFSTAT ]    (samples=13   mean=1.10   median=1.10   min=1.09   stddev=0.00 (0.4%))
[       OK ] Sz_TemplateSz_Cn_Method_MatchTemplate8U.MatchTemplate8U/104 (171 ms)
[ RUN      ] Sz_TemplateSz_Cn_Method_MatchTemplate8U.MatchTemplate8U/105, where GetParam() = (1280x1024, 30x30, BGRA, TM_CCORR_NORMED)
[ PERFSTAT ]    (samples=25   mean=3.32   median=3.30   min=3.29   stddev=0.05 (1.5%))
[       OK ] Sz_TemplateSz_Cn_Method_MatchTemplate8U.MatchTemplate8U/105 (242 ms)
[ RUN      ] Sz_TemplateSz_Cn_Method_MatchTemplate8U.MatchTemplate8U/106, where GetParam() = (1280x1024, 30x30, BGRA, TM_CCOEFF)
[ PERFSTAT ]    (samples=13   mean=4.22   median=4.21   min=4.20   stddev=0.05 (1.1%))
[       OK ] Sz_TemplateSz_Cn_Method_MatchTemplate8U.MatchTemplate8U/106 (214 ms)
[ RUN      ] Sz_TemplateSz_Cn_Method_MatchTemplate8U.MatchTemplate8U/107, where GetParam() = (1280x1024, 30x30, BGRA, TM_CCOEFF_NORMED)
[ PERFSTAT ]    (samples=13   mean=7.89   median=7.87   min=7.86   stddev=0.04 (0.5%))
[       OK ] Sz_TemplateSz_Cn_Method_MatchTemplate8U.MatchTemplate8U/107 (263 ms)
[ RUN      ] Sz_TemplateSz_Cn_Method_MatchTemplate8U.MatchTemplate8U/108, where GetParam() = (1920x1080, 5x5, Gray, TM_SQDIFF)
[ PERFSTAT ]    (samples=13   mean=0.08   median=0.08   min=0.08   stddev=0.00 (0.4%))
[       OK ] Sz_TemplateSz_Cn_Method_MatchTemplate8U.MatchTemplate8U/108 (6 ms)
[ RUN      ] Sz_TemplateSz_Cn_Method_MatchTemplate8U.MatchTemplate8U/109, where GetParam() = (1920x1080, 5x5, Gray, TM_SQDIFF_NORMED)
[ PERFSTAT ]    (samples=13   mean=1.70   median=1.70   min=1.69   stddev=0.01 (0.5%))
[       OK ] Sz_TemplateSz_Cn_Method_MatchTemplate8U.MatchTemplate8U/109 (27 ms)
[ RUN      ] Sz_TemplateSz_Cn_Method_MatchTemplate8U.MatchTemplate8U/110, where GetParam() = (1920x1080, 5x5, Gray, TM_CCORR)
[ PERFSTAT ]    (samples=13   mean=0.09   median=0.09   min=0.09   stddev=0.00 (0.5%))
[       OK ] Sz_TemplateSz_Cn_Method_MatchTemplate8U.MatchTemplate8U/110 (5 ms)
[ RUN      ] Sz_TemplateSz_Cn_Method_MatchTemplate8U.MatchTemplate8U/111, where GetParam() = (1920x1080, 5x5, Gray, TM_CCORR_NORMED)
[ PERFSTAT ]    (samples=13   mean=1.71   median=1.70   min=1.69   stddev=0.01 (0.6%))
[       OK ] Sz_TemplateSz_Cn_Method_MatchTemplate8U.MatchTemplate8U/111 (27 ms)
[ RUN      ] Sz_TemplateSz_Cn_Method_MatchTemplate8U.MatchTemplate8U/112, where GetParam() = (1920x1080, 5x5, Gray, TM_CCOEFF)
[ PERFSTAT ]    (samples=25   mean=1.63   median=1.62   min=1.61   stddev=0.02 (1.2%))
[       OK ] Sz_TemplateSz_Cn_Method_MatchTemplate8U.MatchTemplate8U/112 (46 ms)
[ RUN      ] Sz_TemplateSz_Cn_Method_MatchTemplate8U.MatchTemplate8U/113, where GetParam() = (1920x1080, 5x5, Gray, TM_CCOEFF_NORMED)
[ PERFSTAT ]    (samples=13   mean=3.23   median=3.17   min=3.15   stddev=0.08 (2.5%))
[       OK ] Sz_TemplateSz_Cn_Method_MatchTemplate8U.MatchTemplate8U/113 (47 ms)
[ RUN      ] Sz_TemplateSz_Cn_Method_MatchTemplate8U.MatchTemplate8U/114, where GetParam() = (1920x1080, 5x5, BGR, TM_SQDIFF)
[ PERFSTAT ]    (samples=13   mean=0.12   median=0.12   min=0.12   stddev=0.00 (0.2%))
[       OK ] Sz_TemplateSz_Cn_Method_MatchTemplate8U.MatchTemplate8U/114 (10 ms)
[ RUN      ] Sz_TemplateSz_Cn_Method_MatchTemplate8U.MatchTemplate8U/115, where GetParam() = (1920x1080, 5x5, BGR, TM_SQDIFF_NORMED)
[ PERFSTAT ]    (samples=13   mean=2.32   median=2.32   min=2.29   stddev=0.01 (0.5%))
[       OK ] Sz_TemplateSz_Cn_Method_MatchTemplate8U.MatchTemplate8U/115 (38 ms)
[ RUN      ] Sz_TemplateSz_Cn_Method_MatchTemplate8U.MatchTemplate8U/116, where GetParam() = (1920x1080, 5x5, BGR, TM_CCORR)
[ PERFSTAT ]    (samples=25   mean=0.12   median=0.12   min=0.12   stddev=0.00 (0.2%))
[       OK ] Sz_TemplateSz_Cn_Method_MatchTemplate8U.MatchTemplate8U/116 (11 ms)
[ RUN      ] Sz_TemplateSz_Cn_Method_MatchTemplate8U.MatchTemplate8U/117, where GetParam() = (1920x1080, 5x5, BGR, TM_CCORR_NORMED)
[ PERFSTAT ]    (samples=38   mean=2.33   median=2.32   min=2.31   stddev=0.04 (1.8%))
[       OK ] Sz_TemplateSz_Cn_Method_MatchTemplate8U.MatchTemplate8U/117 (102 ms)
[ RUN      ] Sz_TemplateSz_Cn_Method_MatchTemplate8U.MatchTemplate8U/118, where GetParam() = (1920x1080, 5x5, BGR, TM_CCOEFF)
[ PERFSTAT ]    (samples=13   mean=2.69   median=2.68   min=2.65   stddev=0.05 (1.8%))
[       OK ] Sz_TemplateSz_Cn_Method_MatchTemplate8U.MatchTemplate8U/118 (46 ms)
[ RUN      ] Sz_TemplateSz_Cn_Method_MatchTemplate8U.MatchTemplate8U/119, where GetParam() = (1920x1080, 5x5, BGR, TM_CCOEFF_NORMED)
[ PERFSTAT ]    (samples=25   mean=5.86   median=5.81   min=5.76   stddev=0.16 (2.7%))
[       OK ] Sz_TemplateSz_Cn_Method_MatchTemplate8U.MatchTemplate8U/119 (193 ms)
[ RUN      ] Sz_TemplateSz_Cn_Method_MatchTemplate8U.MatchTemplate8U/120, where GetParam() = (1920x1080, 5x5, BGRA, TM_SQDIFF)
[ PERFSTAT ]    (samples=13   mean=0.12   median=0.12   min=0.12   stddev=0.00 (0.4%))
[       OK ] Sz_TemplateSz_Cn_Method_MatchTemplate8U.MatchTemplate8U/120 (11 ms)
[ RUN      ] Sz_TemplateSz_Cn_Method_MatchTemplate8U.MatchTemplate8U/121, where GetParam() = (1920x1080, 5x5, BGRA, TM_SQDIFF_NORMED)
[ PERFSTAT ]    (samples=38   mean=2.40   median=2.40   min=2.39   stddev=0.03 (1.1%))
[       OK ] Sz_TemplateSz_Cn_Method_MatchTemplate8U.MatchTemplate8U/121 (104 ms)
[ RUN      ] Sz_TemplateSz_Cn_Method_MatchTemplate8U.MatchTemplate8U/122, where GetParam() = (1920x1080, 5x5, BGRA, TM_CCORR)
[ PERFSTAT ]    (samples=13   mean=0.12   median=0.12   min=0.12   stddev=0.00 (0.6%))
[       OK ] Sz_TemplateSz_Cn_Method_MatchTemplate8U.MatchTemplate8U/122 (11 ms)
[ RUN      ] Sz_TemplateSz_Cn_Method_MatchTemplate8U.MatchTemplate8U/123, where GetParam() = (1920x1080, 5x5, BGRA, TM_CCORR_NORMED)
[ PERFSTAT ]    (samples=13   mean=2.40   median=2.40   min=2.38   stddev=0.01 (0.3%))
[       OK ] Sz_TemplateSz_Cn_Method_MatchTemplate8U.MatchTemplate8U/123 (40 ms)
[ RUN      ] Sz_TemplateSz_Cn_Method_MatchTemplate8U.MatchTemplate8U/124, where GetParam() = (1920x1080, 5x5, BGRA, TM_CCOEFF)
[ PERFSTAT ]    (samples=13   mean=3.18   median=3.17   min=3.16   stddev=0.02 (0.8%))
[       OK ] Sz_TemplateSz_Cn_Method_MatchTemplate8U.MatchTemplate8U/124 (54 ms)
[ RUN      ] Sz_TemplateSz_Cn_Method_MatchTemplate8U.MatchTemplate8U/125, where GetParam() = (1920x1080, 5x5, BGRA, TM_CCOEFF_NORMED)
[ PERFSTAT ]    (samples=28   mean=7.27   median=7.21   min=7.18   stddev=0.22 (3.0%))
[       OK ] Sz_TemplateSz_Cn_Method_MatchTemplate8U.MatchTemplate8U/125 (219 ms)
[ RUN      ] Sz_TemplateSz_Cn_Method_MatchTemplate8U.MatchTemplate8U/126, where GetParam() = (1920x1080, 16x16, Gray, TM_SQDIFF)
[ PERFSTAT ]    (samples=13   mean=0.35   median=0.35   min=0.35   stddev=0.00 (0.5%))
[       OK ] Sz_TemplateSz_Cn_Method_MatchTemplate8U.MatchTemplate8U/126 (9 ms)
[ RUN      ] Sz_TemplateSz_Cn_Method_MatchTemplate8U.MatchTemplate8U/127, where GetParam() = (1920x1080, 16x16, Gray, TM_SQDIFF_NORMED)
[ PERFSTAT ]    (samples=13   mean=1.91   median=1.90   min=1.88   stddev=0.02 (0.9%))
[       OK ] Sz_TemplateSz_Cn_Method_MatchTemplate8U.MatchTemplate8U/127 (30 ms)
[ RUN      ] Sz_TemplateSz_Cn_Method_MatchTemplate8U.MatchTemplate8U/128, where GetParam() = (1920x1080, 16x16, Gray, TM_CCORR)
[ PERFSTAT ]    (samples=13   mean=0.35   median=0.35   min=0.35   stddev=0.00 (0.1%))
[       OK ] Sz_TemplateSz_Cn_Method_MatchTemplate8U.MatchTemplate8U/128 (9 ms)
[ RUN      ] Sz_TemplateSz_Cn_Method_MatchTemplate8U.MatchTemplate8U/129, where GetParam() = (1920x1080, 16x16, Gray, TM_CCORR_NORMED)
[ PERFSTAT ]    (samples=25   mean=1.91   median=1.91   min=1.89   stddev=0.02 (1.3%))
[       OK ] Sz_TemplateSz_Cn_Method_MatchTemplate8U.MatchTemplate8U/129 (54 ms)
[ RUN      ] Sz_TemplateSz_Cn_Method_MatchTemplate8U.MatchTemplate8U/130, where GetParam() = (1920x1080, 16x16, Gray, TM_CCOEFF)
[ PERFSTAT ]    (samples=13   mean=1.83   median=1.83   min=1.81   stddev=0.02 (1.3%))
[       OK ] Sz_TemplateSz_Cn_Method_MatchTemplate8U.MatchTemplate8U/130 (29 ms)
[ RUN      ] Sz_TemplateSz_Cn_Method_MatchTemplate8U.MatchTemplate8U/131, where GetParam() = (1920x1080, 16x16, Gray, TM_CCOEFF_NORMED)
[ PERFSTAT ]    (samples=13   mean=3.50   median=3.49   min=3.47   stddev=0.05 (1.4%))
[       OK ] Sz_TemplateSz_Cn_Method_MatchTemplate8U.MatchTemplate8U/131 (199 ms)
[ RUN      ] Sz_TemplateSz_Cn_Method_MatchTemplate8U.MatchTemplate8U/132, where GetParam() = (1920x1080, 16x16, BGR, TM_SQDIFF)
[ PERFSTAT ]    (samples=13   mean=1.02   median=1.02   min=1.02   stddev=0.00 (0.1%))
[       OK ] Sz_TemplateSz_Cn_Method_MatchTemplate8U.MatchTemplate8U/132 (21 ms)
[ RUN      ] Sz_TemplateSz_Cn_Method_MatchTemplate8U.MatchTemplate8U/133, where GetParam() = (1920x1080, 16x16, BGR, TM_SQDIFF_NORMED)
[ PERFSTAT ]    (samples=13   mean=3.23   median=3.21   min=3.20   stddev=0.09 (2.7%))
[       OK ] Sz_TemplateSz_Cn_Method_MatchTemplate8U.MatchTemplate8U/133 (50 ms)
[ RUN      ] Sz_TemplateSz_Cn_Method_MatchTemplate8U.MatchTemplate8U/134, where GetParam() = (1920x1080, 16x16, BGR, TM_CCORR)
[ PERFSTAT ]    (samples=13   mean=1.02   median=1.02   min=1.02   stddev=0.00 (0.0%))
[       OK ] Sz_TemplateSz_Cn_Method_MatchTemplate8U.MatchTemplate8U/134 (21 ms)
[ RUN      ] Sz_TemplateSz_Cn_Method_MatchTemplate8U.MatchTemplate8U/135, where GetParam() = (1920x1080, 16x16, BGR, TM_CCORR_NORMED)
[ PERFSTAT ]    (samples=18   mean=3.23   median=3.21   min=3.19   stddev=0.10 (3.0%))
[       OK ] Sz_TemplateSz_Cn_Method_MatchTemplate8U.MatchTemplate8U/135 (67 ms)
[ RUN      ] Sz_TemplateSz_Cn_Method_MatchTemplate8U.MatchTemplate8U/136, where GetParam() = (1920x1080, 16x16, BGR, TM_CCOEFF)
[ PERFSTAT ]    (samples=13   mean=3.60   median=3.58   min=3.56   stddev=0.05 (1.3%))
[       OK ] Sz_TemplateSz_Cn_Method_MatchTemplate8U.MatchTemplate8U/136 (57 ms)
[ RUN      ] Sz_TemplateSz_Cn_Method_MatchTemplate8U.MatchTemplate8U/137, where GetParam() = (1920x1080, 16x16, BGR, TM_CCOEFF_NORMED)
[ PERFSTAT ]    (samples=13   mean=6.60   median=6.59   min=6.57   stddev=0.05 (0.8%))
[       OK ] Sz_TemplateSz_Cn_Method_MatchTemplate8U.MatchTemplate8U/137 (247 ms)
[ RUN      ] Sz_TemplateSz_Cn_Method_MatchTemplate8U.MatchTemplate8U/138, where GetParam() = (1920x1080, 16x16, BGRA, TM_SQDIFF)
[ PERFSTAT ]    (samples=13   mean=0.99   median=0.99   min=0.99   stddev=0.00 (0.1%))
[       OK ] Sz_TemplateSz_Cn_Method_MatchTemplate8U.MatchTemplate8U/138 (23 ms)
[ RUN      ] Sz_TemplateSz_Cn_Method_MatchTemplate8U.MatchTemplate8U/139, where GetParam() = (1920x1080, 16x16, BGRA, TM_SQDIFF_NORMED)
[ PERFSTAT ]    (samples=38   mean=3.27   median=3.27   min=3.26   stddev=0.01 (0.2%))
[       OK ] Sz_TemplateSz_Cn_Method_MatchTemplate8U.MatchTemplate8U/139 (136 ms)
[ RUN      ] Sz_TemplateSz_Cn_Method_MatchTemplate8U.MatchTemplate8U/140, where GetParam() = (1920x1080, 16x16, BGRA, TM_CCORR)
[ PERFSTAT ]    (samples=13   mean=0.99   median=0.99   min=0.99   stddev=0.00 (0.0%))
[       OK ] Sz_TemplateSz_Cn_Method_MatchTemplate8U.MatchTemplate8U/140 (22 ms)
[ RUN      ] Sz_TemplateSz_Cn_Method_MatchTemplate8U.MatchTemplate8U/141, where GetParam() = (1920x1080, 16x16, BGRA, TM_CCORR_NORMED)
[ PERFSTAT ]    (samples=13   mean=3.27   median=3.27   min=3.26   stddev=0.01 (0.3%))
[       OK ] Sz_TemplateSz_Cn_Method_MatchTemplate8U.MatchTemplate8U/141 (52 ms)
[ RUN      ] Sz_TemplateSz_Cn_Method_MatchTemplate8U.MatchTemplate8U/142, where GetParam() = (1920x1080, 16x16, BGRA, TM_CCOEFF)
[ PERFSTAT ]    (samples=25   mean=4.07   median=4.07   min=4.04   stddev=0.03 (0.7%))
[       OK ] Sz_TemplateSz_Cn_Method_MatchTemplate8U.MatchTemplate8U/142 (116 ms)
[ RUN      ] Sz_TemplateSz_Cn_Method_MatchTemplate8U.MatchTemplate8U/143, where GetParam() = (1920x1080, 16x16, BGRA, TM_CCOEFF_NORMED)
[ PERFSTAT ]    (samples=13   mean=7.89   median=7.89   min=7.87   stddev=0.02 (0.3%))
[       OK ] Sz_TemplateSz_Cn_Method_MatchTemplate8U.MatchTemplate8U/143 (321 ms)
[ RUN      ] Sz_TemplateSz_Cn_Method_MatchTemplate8U.MatchTemplate8U/144, where GetParam() = (1920x1080, 30x30, Gray, TM_SQDIFF)
[ PERFSTAT ]    (samples=38   mean=2.02   median=2.01   min=1.99   stddev=0.02 (1.0%))
[       OK ] Sz_TemplateSz_Cn_Method_MatchTemplate8U.MatchTemplate8U/144 (231 ms)
[ RUN      ] Sz_TemplateSz_Cn_Method_MatchTemplate8U.MatchTemplate8U/145, where GetParam() = (1920x1080, 30x30, Gray, TM_SQDIFF_NORMED)
[ PERFSTAT ]    (samples=25   mean=2.02   median=2.02   min=2.00   stddev=0.02 (0.9%))
[       OK ] Sz_TemplateSz_Cn_Method_MatchTemplate8U.MatchTemplate8U/145 (202 ms)
[ RUN      ] Sz_TemplateSz_Cn_Method_MatchTemplate8U.MatchTemplate8U/146, where GetParam() = (1920x1080, 30x30, Gray, TM_CCORR)
[ PERFSTAT ]    (samples=13   mean=0.43   median=0.43   min=0.43   stddev=0.00 (0.6%))
[       OK ] Sz_TemplateSz_Cn_Method_MatchTemplate8U.MatchTemplate8U/146 (156 ms)
[ RUN      ] Sz_TemplateSz_Cn_Method_MatchTemplate8U.MatchTemplate8U/147, where GetParam() = (1920x1080, 30x30, Gray, TM_CCORR_NORMED)
[ PERFSTAT ]    (samples=13   mean=2.00   median=1.99   min=1.98   stddev=0.03 (1.4%))
[       OK ] Sz_TemplateSz_Cn_Method_MatchTemplate8U.MatchTemplate8U/147 (177 ms)
[ RUN      ] Sz_TemplateSz_Cn_Method_MatchTemplate8U.MatchTemplate8U/148, where GetParam() = (1920x1080, 30x30, Gray, TM_CCOEFF)
[ PERFSTAT ]    (samples=13   mean=1.94   median=1.93   min=1.92   stddev=0.04 (2.2%))
[       OK ] Sz_TemplateSz_Cn_Method_MatchTemplate8U.MatchTemplate8U/148 (178 ms)
[ RUN      ] Sz_TemplateSz_Cn_Method_MatchTemplate8U.MatchTemplate8U/149, where GetParam() = (1920x1080, 30x30, Gray, TM_CCOEFF_NORMED)
[ PERFSTAT ]    (samples=13   mean=3.48   median=3.48   min=3.45   stddev=0.01 (0.4%))
[       OK ] Sz_TemplateSz_Cn_Method_MatchTemplate8U.MatchTemplate8U/149 (196 ms)
[ RUN      ] Sz_TemplateSz_Cn_Method_MatchTemplate8U.MatchTemplate8U/150, where GetParam() = (1920x1080, 30x30, BGR, TM_SQDIFF)
[ PERFSTAT ]    (samples=25   mean=3.12   median=3.11   min=3.10   stddev=0.02 (0.7%))
[       OK ] Sz_TemplateSz_Cn_Method_MatchTemplate8U.MatchTemplate8U/150 (238 ms)
[ RUN      ] Sz_TemplateSz_Cn_Method_MatchTemplate8U.MatchTemplate8U/151, where GetParam() = (1920x1080, 30x30, BGR, TM_SQDIFF_NORMED)
[ PERFSTAT ]    (samples=13   mean=3.28   median=3.27   min=3.26   stddev=0.03 (0.8%))
[       OK ] Sz_TemplateSz_Cn_Method_MatchTemplate8U.MatchTemplate8U/151 (202 ms)
[ RUN      ] Sz_TemplateSz_Cn_Method_MatchTemplate8U.MatchTemplate8U/152, where GetParam() = (1920x1080, 30x30, BGR, TM_CCORR)
[ PERFSTAT ]    (samples=13   mean=1.08   median=1.08   min=1.07   stddev=0.00 (0.3%))
[       OK ] Sz_TemplateSz_Cn_Method_MatchTemplate8U.MatchTemplate8U/152 (172 ms)
[ RUN      ] Sz_TemplateSz_Cn_Method_MatchTemplate8U.MatchTemplate8U/153, where GetParam() = (1920x1080, 30x30, BGR, TM_CCORR_NORMED)
[ PERFSTAT ]    (samples=13   mean=3.39   median=3.39   min=3.39   stddev=0.01 (0.2%))
[       OK ] Sz_TemplateSz_Cn_Method_MatchTemplate8U.MatchTemplate8U/153 (202 ms)
[ RUN      ] Sz_TemplateSz_Cn_Method_MatchTemplate8U.MatchTemplate8U/154, where GetParam() = (1920x1080, 30x30, BGR, TM_CCOEFF)
[ PERFSTAT ]    (samples=13   mean=3.93   median=3.93   min=3.91   stddev=0.02 (0.4%))
[       OK ] Sz_TemplateSz_Cn_Method_MatchTemplate8U.MatchTemplate8U/154 (212 ms)
[ RUN      ] Sz_TemplateSz_Cn_Method_MatchTemplate8U.MatchTemplate8U/155, where GetParam() = (1920x1080, 30x30, BGR, TM_CCOEFF_NORMED)
[ PERFSTAT ]    (samples=13   mean=7.47   median=7.47   min=7.46   stddev=0.01 (0.2%))
[       OK ] Sz_TemplateSz_Cn_Method_MatchTemplate8U.MatchTemplate8U/155 (258 ms)
[ RUN      ] Sz_TemplateSz_Cn_Method_MatchTemplate8U.MatchTemplate8U/156, where GetParam() = (1920x1080, 30x30, BGRA, TM_SQDIFF)
[ PERFSTAT ]    (samples=38   mean=3.50   median=3.48   min=3.46   stddev=0.07 (2.1%))
[       OK ] Sz_TemplateSz_Cn_Method_MatchTemplate8U.MatchTemplate8U/156 (352 ms)
[ RUN      ] Sz_TemplateSz_Cn_Method_MatchTemplate8U.MatchTemplate8U/157, where GetParam() = (1920x1080, 30x30, BGRA, TM_SQDIFF_NORMED)
[ PERFSTAT ]    (samples=13   mean=3.49   median=3.48   min=3.47   stddev=0.03 (0.8%))
[       OK ] Sz_TemplateSz_Cn_Method_MatchTemplate8U.MatchTemplate8U/157 (258 ms)
[ RUN      ] Sz_TemplateSz_Cn_Method_MatchTemplate8U.MatchTemplate8U/158, where GetParam() = (1920x1080, 30x30, BGRA, TM_CCORR)
[ PERFSTAT ]    (samples=13   mean=1.11   median=1.11   min=1.10   stddev=0.00 (0.3%))
[       OK ] Sz_TemplateSz_Cn_Method_MatchTemplate8U.MatchTemplate8U/158 (229 ms)
[ RUN      ] Sz_TemplateSz_Cn_Method_MatchTemplate8U.MatchTemplate8U/159, where GetParam() = (1920x1080, 30x30, BGRA, TM_CCORR_NORMED)
[ PERFSTAT ]    (samples=13   mean=3.55   median=3.53   min=3.52   stddev=0.04 (1.2%))
[       OK ] Sz_TemplateSz_Cn_Method_MatchTemplate8U.MatchTemplate8U/159 (261 ms)
[ RUN      ] Sz_TemplateSz_Cn_Method_MatchTemplate8U.MatchTemplate8U/160, where GetParam() = (1920x1080, 30x30, BGRA, TM_CCOEFF)
[ PERFSTAT ]    (samples=13   mean=4.55   median=4.53   min=4.51   stddev=0.04 (0.8%))
[       OK ] Sz_TemplateSz_Cn_Method_MatchTemplate8U.MatchTemplate8U/160 (275 ms)
[ RUN      ] Sz_TemplateSz_Cn_Method_MatchTemplate8U.MatchTemplate8U/161, where GetParam() = (1920x1080, 30x30, BGRA, TM_CCOEFF_NORMED)
[ PERFSTAT ]    (samples=15   mean=9.15   median=9.06   min=9.01   stddev=0.27 (3.0%))
[       OK ] Sz_TemplateSz_Cn_Method_MatchTemplate8U.MatchTemplate8U/161 (355 ms)
[----------] 162 tests from Sz_TemplateSz_Cn_Method_MatchTemplate8U (18356 ms total)

[----------] 54 tests from Sz_TemplateSz_Cn_Method_MatchTemplate32F
[ RUN      ] Sz_TemplateSz_Cn_Method_MatchTemplate32F.MatchTemplate32F/0, where GetParam() = (1280x720, 5x5, Gray, TM_SQDIFF)
[ PERFSTAT ]    (samples=25   mean=0.04   median=0.04   min=0.04   stddev=0.00 (0.7%))
[       OK ] Sz_TemplateSz_Cn_Method_MatchTemplate32F.MatchTemplate32F/0 (8 ms)
[ RUN      ] Sz_TemplateSz_Cn_Method_MatchTemplate32F.MatchTemplate32F/1, where GetParam() = (1280x720, 5x5, Gray, TM_CCORR)
[ PERFSTAT ]    (samples=13   mean=0.04   median=0.04   min=0.04   stddev=0.00 (0.7%))
[       OK ] Sz_TemplateSz_Cn_Method_MatchTemplate32F.MatchTemplate32F/1 (4 ms)
[ RUN      ] Sz_TemplateSz_Cn_Method_MatchTemplate32F.MatchTemplate32F/2, where GetParam() = (1280x720, 5x5, BGR, TM_SQDIFF)
[ PERFSTAT ]    (samples=13   mean=0.06   median=0.06   min=0.06   stddev=0.00 (0.7%))
[       OK ] Sz_TemplateSz_Cn_Method_MatchTemplate32F.MatchTemplate32F/2 (8 ms)
[ RUN      ] Sz_TemplateSz_Cn_Method_MatchTemplate32F.MatchTemplate32F/3, where GetParam() = (1280x720, 5x5, BGR, TM_CCORR)
[ PERFSTAT ]    (samples=13   mean=0.06   median=0.06   min=0.06   stddev=0.00 (2.6%))
[       OK ] Sz_TemplateSz_Cn_Method_MatchTemplate32F.MatchTemplate32F/3 (7 ms)
[ RUN      ] Sz_TemplateSz_Cn_Method_MatchTemplate32F.MatchTemplate32F/4, where GetParam() = (1280x720, 5x5, BGRA, TM_SQDIFF)
[ PERFSTAT ]    (samples=13   mean=0.07   median=0.07   min=0.07   stddev=0.00 (0.7%))
[       OK ] Sz_TemplateSz_Cn_Method_MatchTemplate32F.MatchTemplate32F/4 (10 ms)
[ RUN      ] Sz_TemplateSz_Cn_Method_MatchTemplate32F.MatchTemplate32F/5, where GetParam() = (1280x720, 5x5, BGRA, TM_CCORR)
[ PERFSTAT ]    (samples=13   mean=0.07   median=0.07   min=0.07   stddev=0.00 (0.7%))
[       OK ] Sz_TemplateSz_Cn_Method_MatchTemplate32F.MatchTemplate32F/5 (10 ms)
[ RUN      ] Sz_TemplateSz_Cn_Method_MatchTemplate32F.MatchTemplate32F/6, where GetParam() = (1280x720, 16x16, Gray, TM_SQDIFF)
[ PERFSTAT ]    (samples=25   mean=0.16   median=0.16   min=0.16   stddev=0.00 (0.4%))
[       OK ] Sz_TemplateSz_Cn_Method_MatchTemplate32F.MatchTemplate32F/6 (8 ms)
[ RUN      ] Sz_TemplateSz_Cn_Method_MatchTemplate32F.MatchTemplate32F/7, where GetParam() = (1280x720, 16x16, Gray, TM_CCORR)
[ PERFSTAT ]    (samples=13   mean=0.42   median=0.42   min=0.42   stddev=0.00 (0.5%))
[       OK ] Sz_TemplateSz_Cn_Method_MatchTemplate32F.MatchTemplate32F/7 (112 ms)
[ RUN      ] Sz_TemplateSz_Cn_Method_MatchTemplate32F.MatchTemplate32F/8, where GetParam() = (1280x720, 16x16, BGR, TM_SQDIFF)
[ PERFSTAT ]    (samples=13   mean=0.51   median=0.51   min=0.51   stddev=0.00 (0.4%))
[       OK ] Sz_TemplateSz_Cn_Method_MatchTemplate32F.MatchTemplate32F/8 (14 ms)
[ RUN      ] Sz_TemplateSz_Cn_Method_MatchTemplate32F.MatchTemplate32F/9, where GetParam() = (1280x720, 16x16, BGR, TM_CCORR)
[ PERFSTAT ]    (samples=13   mean=0.51   median=0.51   min=0.51   stddev=0.00 (0.3%))
[       OK ] Sz_TemplateSz_Cn_Method_MatchTemplate32F.MatchTemplate32F/9 (163 ms)
[ RUN      ] Sz_TemplateSz_Cn_Method_MatchTemplate32F.MatchTemplate32F/10, where GetParam() = (1280x720, 16x16, BGRA, TM_SQDIFF)
[ PERFSTAT ]    (samples=13   mean=0.54   median=0.54   min=0.54   stddev=0.00 (0.1%))
[       OK ] Sz_TemplateSz_Cn_Method_MatchTemplate32F.MatchTemplate32F/10 (16 ms)
[ RUN      ] Sz_TemplateSz_Cn_Method_MatchTemplate32F.MatchTemplate32F/11, where GetParam() = (1280x720, 16x16, BGRA, TM_CCORR)
[ PERFSTAT ]    (samples=13   mean=0.73   median=0.73   min=0.72   stddev=0.00 (0.4%))
[       OK ] Sz_TemplateSz_Cn_Method_MatchTemplate32F.MatchTemplate32F/11 (168 ms)
[ RUN      ] Sz_TemplateSz_Cn_Method_MatchTemplate32F.MatchTemplate32F/12, where GetParam() = (1280x720, 30x30, Gray, TM_SQDIFF)
[ PERFSTAT ]    (samples=13   mean=0.54   median=0.54   min=0.53   stddev=0.00 (0.5%))
[       OK ] Sz_TemplateSz_Cn_Method_MatchTemplate32F.MatchTemplate32F/12 (11 ms)
[ RUN      ] Sz_TemplateSz_Cn_Method_MatchTemplate32F.MatchTemplate32F/13, where GetParam() = (1280x720, 30x30, Gray, TM_CCORR)
[ PERFSTAT ]    (samples=13   mean=0.42   median=0.42   min=0.41   stddev=0.00 (0.5%))
[       OK ] Sz_TemplateSz_Cn_Method_MatchTemplate32F.MatchTemplate32F/13 (112 ms)
[ RUN      ] Sz_TemplateSz_Cn_Method_MatchTemplate32F.MatchTemplate32F/14, where GetParam() = (1280x720, 30x30, BGR, TM_SQDIFF)
[ PERFSTAT ]    (samples=13   mean=1.75   median=1.75   min=1.74   stddev=0.01 (0.3%))
[       OK ] Sz_TemplateSz_Cn_Method_MatchTemplate32F.MatchTemplate32F/14 (30 ms)
[ RUN      ] Sz_TemplateSz_Cn_Method_MatchTemplate32F.MatchTemplate32F/15, where GetParam() = (1280x720, 30x30, BGR, TM_CCORR)
[ PERFSTAT ]    (samples=13   mean=0.51   median=0.51   min=0.51   stddev=0.00 (0.4%))
[       OK ] Sz_TemplateSz_Cn_Method_MatchTemplate32F.MatchTemplate32F/15 (163 ms)
[ RUN      ] Sz_TemplateSz_Cn_Method_MatchTemplate32F.MatchTemplate32F/16, where GetParam() = (1280x720, 30x30, BGRA, TM_SQDIFF)
[ PERFSTAT ]    (samples=13   mean=1.85   median=1.85   min=1.85   stddev=0.00 (0.1%))
[       OK ] Sz_TemplateSz_Cn_Method_MatchTemplate32F.MatchTemplate32F/16 (33 ms)
[ RUN      ] Sz_TemplateSz_Cn_Method_MatchTemplate32F.MatchTemplate32F/17, where GetParam() = (1280x720, 30x30, BGRA, TM_CCORR)
[ PERFSTAT ]    (samples=13   mean=0.73   median=0.73   min=0.72   stddev=0.00 (0.4%))
[       OK ] Sz_TemplateSz_Cn_Method_MatchTemplate32F.MatchTemplate32F/17 (168 ms)
[ RUN      ] Sz_TemplateSz_Cn_Method_MatchTemplate32F.MatchTemplate32F/18, where GetParam() = (1280x1024, 5x5, Gray, TM_SQDIFF)
[ PERFSTAT ]    (samples=13   mean=0.06   median=0.06   min=0.06   stddev=0.00 (0.5%))
[       OK ] Sz_TemplateSz_Cn_Method_MatchTemplate32F.MatchTemplate32F/18 (5 ms)
[ RUN      ] Sz_TemplateSz_Cn_Method_MatchTemplate32F.MatchTemplate32F/19, where GetParam() = (1280x1024, 5x5, Gray, TM_CCORR)
[ PERFSTAT ]    (samples=13   mean=0.06   median=0.06   min=0.06   stddev=0.00 (1.7%))
[       OK ] Sz_TemplateSz_Cn_Method_MatchTemplate32F.MatchTemplate32F/19 (5 ms)
[ RUN      ] Sz_TemplateSz_Cn_Method_MatchTemplate32F.MatchTemplate32F/20, where GetParam() = (1280x1024, 5x5, BGR, TM_SQDIFF)
[ PERFSTAT ]    (samples=13   mean=0.08   median=0.08   min=0.08   stddev=0.00 (0.7%))
[       OK ] Sz_TemplateSz_Cn_Method_MatchTemplate32F.MatchTemplate32F/20 (11 ms)
[ RUN      ] Sz_TemplateSz_Cn_Method_MatchTemplate32F.MatchTemplate32F/21, where GetParam() = (1280x1024, 5x5, BGR, TM_CCORR)
[ PERFSTAT ]    (samples=13   mean=0.08   median=0.08   min=0.08   stddev=0.00 (0.6%))
[       OK ] Sz_TemplateSz_Cn_Method_MatchTemplate32F.MatchTemplate32F/21 (10 ms)
[ RUN      ] Sz_TemplateSz_Cn_Method_MatchTemplate32F.MatchTemplate32F/22, where GetParam() = (1280x1024, 5x5, BGRA, TM_SQDIFF)
[ PERFSTAT ]    (samples=13   mean=0.09   median=0.09   min=0.09   stddev=0.00 (0.4%))
[       OK ] Sz_TemplateSz_Cn_Method_MatchTemplate32F.MatchTemplate32F/22 (13 ms)
[ RUN      ] Sz_TemplateSz_Cn_Method_MatchTemplate32F.MatchTemplate32F/23, where GetParam() = (1280x1024, 5x5, BGRA, TM_CCORR)
[ PERFSTAT ]    (samples=13   mean=0.10   median=0.10   min=0.09   stddev=0.00 (0.5%))
[       OK ] Sz_TemplateSz_Cn_Method_MatchTemplate32F.MatchTemplate32F/23 (14 ms)
[ RUN      ] Sz_TemplateSz_Cn_Method_MatchTemplate32F.MatchTemplate32F/24, where GetParam() = (1280x1024, 16x16, Gray, TM_SQDIFF)
[ PERFSTAT ]    (samples=13   mean=0.22   median=0.22   min=0.22   stddev=0.00 (0.3%))
[       OK ] Sz_TemplateSz_Cn_Method_MatchTemplate32F.MatchTemplate32F/24 (7 ms)
[ RUN      ] Sz_TemplateSz_Cn_Method_MatchTemplate32F.MatchTemplate32F/25, where GetParam() = (1280x1024, 16x16, Gray, TM_CCORR)
[ PERFSTAT ]    (samples=13   mean=0.61   median=0.61   min=0.61   stddev=0.00 (0.6%))
[       OK ] Sz_TemplateSz_Cn_Method_MatchTemplate32F.MatchTemplate32F/25 (117 ms)
[ RUN      ] Sz_TemplateSz_Cn_Method_MatchTemplate32F.MatchTemplate32F/26, where GetParam() = (1280x1024, 16x16, BGR, TM_SQDIFF)
[ PERFSTAT ]    (samples=13   mean=0.72   median=0.72   min=0.71   stddev=0.00 (0.2%))
[       OK ] Sz_TemplateSz_Cn_Method_MatchTemplate32F.MatchTemplate32F/26 (49 ms)
[ RUN      ] Sz_TemplateSz_Cn_Method_MatchTemplate32F.MatchTemplate32F/27, where GetParam() = (1280x1024, 16x16, BGR, TM_CCORR)
[ PERFSTAT ]    (samples=13   mean=0.73   median=0.73   min=0.73   stddev=0.00 (0.3%))
[       OK ] Sz_TemplateSz_Cn_Method_MatchTemplate32F.MatchTemplate32F/27 (169 ms)
[ RUN      ] Sz_TemplateSz_Cn_Method_MatchTemplate32F.MatchTemplate32F/28, where GetParam() = (1280x1024, 16x16, BGRA, TM_SQDIFF)
[ PERFSTAT ]    (samples=13   mean=0.78   median=0.78   min=0.77   stddev=0.00 (0.3%))
[       OK ] Sz_TemplateSz_Cn_Method_MatchTemplate32F.MatchTemplate32F/28 (23 ms)
[ RUN      ] Sz_TemplateSz_Cn_Method_MatchTemplate32F.MatchTemplate32F/29, where GetParam() = (1280x1024, 16x16, BGRA, TM_CCORR)
[ PERFSTAT ]    (samples=13   mean=1.06   median=1.06   min=1.06   stddev=0.00 (0.2%))
[       OK ] Sz_TemplateSz_Cn_Method_MatchTemplate32F.MatchTemplate32F/29 (175 ms)
[ RUN      ] Sz_TemplateSz_Cn_Method_MatchTemplate32F.MatchTemplate32F/30, where GetParam() = (1280x1024, 30x30, Gray, TM_SQDIFF)
[ PERFSTAT ]    (samples=13   mean=0.76   median=0.76   min=0.75   stddev=0.00 (0.2%))
[       OK ] Sz_TemplateSz_Cn_Method_MatchTemplate32F.MatchTemplate32F/30 (14 ms)
[ RUN      ] Sz_TemplateSz_Cn_Method_MatchTemplate32F.MatchTemplate32F/31, where GetParam() = (1280x1024, 30x30, Gray, TM_CCORR)
[ PERFSTAT ]    (samples=13   mean=0.61   median=0.61   min=0.61   stddev=0.00 (0.4%))
[       OK ] Sz_TemplateSz_Cn_Method_MatchTemplate32F.MatchTemplate32F/31 (116 ms)
[ RUN      ] Sz_TemplateSz_Cn_Method_MatchTemplate32F.MatchTemplate32F/32, where GetParam() = (1280x1024, 30x30, BGR, TM_SQDIFF)
[ PERFSTAT ]    (samples=10   mean=2.51   median=2.48   min=2.48   stddev=0.07 (2.9%))
[       OK ] Sz_TemplateSz_Cn_Method_MatchTemplate32F.MatchTemplate32F/32 (35 ms)
[ RUN      ] Sz_TemplateSz_Cn_Method_MatchTemplate32F.MatchTemplate32F/33, where GetParam() = (1280x1024, 30x30, BGR, TM_CCORR)
[ PERFSTAT ]    (samples=13   mean=0.73   median=0.73   min=0.73   stddev=0.00 (0.3%))
[       OK ] Sz_TemplateSz_Cn_Method_MatchTemplate32F.MatchTemplate32F/33 (169 ms)
[ RUN      ] Sz_TemplateSz_Cn_Method_MatchTemplate32F.MatchTemplate32F/34, where GetParam() = (1280x1024, 30x30, BGRA, TM_SQDIFF)
[ PERFSTAT ]    (samples=10   mean=2.68   median=2.66   min=2.65   stddev=0.07 (2.6%))
[       OK ] Sz_TemplateSz_Cn_Method_MatchTemplate32F.MatchTemplate32F/34 (39 ms)
[ RUN      ] Sz_TemplateSz_Cn_Method_MatchTemplate32F.MatchTemplate32F/35, where GetParam() = (1280x1024, 30x30, BGRA, TM_CCORR)
[ PERFSTAT ]    (samples=13   mean=1.06   median=1.06   min=1.06   stddev=0.00 (0.2%))
[       OK ] Sz_TemplateSz_Cn_Method_MatchTemplate32F.MatchTemplate32F/35 (176 ms)
[ RUN      ] Sz_TemplateSz_Cn_Method_MatchTemplate32F.MatchTemplate32F/36, where GetParam() = (1920x1080, 5x5, Gray, TM_SQDIFF)
[ PERFSTAT ]    (samples=13   mean=0.08   median=0.08   min=0.08   stddev=0.00 (0.8%))
[       OK ] Sz_TemplateSz_Cn_Method_MatchTemplate32F.MatchTemplate32F/36 (7 ms)
[ RUN      ] Sz_TemplateSz_Cn_Method_MatchTemplate32F.MatchTemplate32F/37, where GetParam() = (1920x1080, 5x5, Gray, TM_CCORR)
[ PERFSTAT ]    (samples=13   mean=0.08   median=0.08   min=0.08   stddev=0.00 (0.5%))
[       OK ] Sz_TemplateSz_Cn_Method_MatchTemplate32F.MatchTemplate32F/37 (7 ms)
[ RUN      ] Sz_TemplateSz_Cn_Method_MatchTemplate32F.MatchTemplate32F/38, where GetParam() = (1920x1080, 5x5, BGR, TM_SQDIFF)
[ PERFSTAT ]    (samples=13   mean=0.13   median=0.13   min=0.13   stddev=0.00 (0.5%))
[       OK ] Sz_TemplateSz_Cn_Method_MatchTemplate32F.MatchTemplate32F/38 (18 ms)
[ RUN      ] Sz_TemplateSz_Cn_Method_MatchTemplate32F.MatchTemplate32F/39, where GetParam() = (1920x1080, 5x5, BGR, TM_CCORR)
[ PERFSTAT ]    (samples=13   mean=0.13   median=0.13   min=0.12   stddev=0.00 (0.3%))
[       OK ] Sz_TemplateSz_Cn_Method_MatchTemplate32F.MatchTemplate32F/39 (17 ms)
[ RUN      ] Sz_TemplateSz_Cn_Method_MatchTemplate32F.MatchTemplate32F/40, where GetParam() = (1920x1080, 5x5, BGRA, TM_SQDIFF)
[ PERFSTAT ]    (samples=13   mean=0.14   median=0.14   min=0.14   stddev=0.00 (0.3%))
[       OK ] Sz_TemplateSz_Cn_Method_MatchTemplate32F.MatchTemplate32F/40 (26 ms)
[ RUN      ] Sz_TemplateSz_Cn_Method_MatchTemplate32F.MatchTemplate32F/41, where GetParam() = (1920x1080, 5x5, BGRA, TM_CCORR)
[ PERFSTAT ]    (samples=13   mean=0.14   median=0.14   min=0.14   stddev=0.00 (0.4%))
[       OK ] Sz_TemplateSz_Cn_Method_MatchTemplate32F.MatchTemplate32F/41 (20 ms)
[ RUN      ] Sz_TemplateSz_Cn_Method_MatchTemplate32F.MatchTemplate32F/42, where GetParam() = (1920x1080, 16x16, Gray, TM_SQDIFF)
[ PERFSTAT ]    (samples=13   mean=0.34   median=0.34   min=0.34   stddev=0.00 (0.2%))
[       OK ] Sz_TemplateSz_Cn_Method_MatchTemplate32F.MatchTemplate32F/42 (11 ms)
[ RUN      ] Sz_TemplateSz_Cn_Method_MatchTemplate32F.MatchTemplate32F/43, where GetParam() = (1920x1080, 16x16, Gray, TM_CCORR)
[ PERFSTAT ]    (samples=13   mean=0.50   median=0.50   min=0.49   stddev=0.00 (0.5%))
[       OK ] Sz_TemplateSz_Cn_Method_MatchTemplate32F.MatchTemplate32F/43 (160 ms)
[ RUN      ] Sz_TemplateSz_Cn_Method_MatchTemplate32F.MatchTemplate32F/44, where GetParam() = (1920x1080, 16x16, BGR, TM_SQDIFF)
[ PERFSTAT ]    (samples=13   mean=1.13   median=1.13   min=1.12   stddev=0.00 (0.2%))
[       OK ] Sz_TemplateSz_Cn_Method_MatchTemplate32F.MatchTemplate32F/44 (29 ms)
[ RUN      ] Sz_TemplateSz_Cn_Method_MatchTemplate32F.MatchTemplate32F/45, where GetParam() = (1920x1080, 16x16, BGR, TM_CCORR)
[ PERFSTAT ]    (samples=13   mean=1.08   median=1.08   min=1.08   stddev=0.00 (0.2%))
[       OK ] Sz_TemplateSz_Cn_Method_MatchTemplate32F.MatchTemplate32F/45 (178 ms)
[ RUN      ] Sz_TemplateSz_Cn_Method_MatchTemplate32F.MatchTemplate32F/46, where GetParam() = (1920x1080, 16x16, BGRA, TM_SQDIFF)
[ PERFSTAT ]    (samples=13   mean=1.21   median=1.21   min=1.21   stddev=0.00 (0.2%))
[       OK ] Sz_TemplateSz_Cn_Method_MatchTemplate32F.MatchTemplate32F/46 (35 ms)
[ RUN      ] Sz_TemplateSz_Cn_Method_MatchTemplate32F.MatchTemplate32F/47, where GetParam() = (1920x1080, 16x16, BGRA, TM_CCORR)
[ PERFSTAT ]    (samples=13   mean=1.06   median=1.05   min=1.05   stddev=0.00 (0.2%))
[       OK ] Sz_TemplateSz_Cn_Method_MatchTemplate32F.MatchTemplate32F/47 (234 ms)
[ RUN      ] Sz_TemplateSz_Cn_Method_MatchTemplate32F.MatchTemplate32F/48, where GetParam() = (1920x1080, 30x30, Gray, TM_SQDIFF)
[ PERFSTAT ]    (samples=13   mean=1.18   median=1.18   min=1.17   stddev=0.00 (0.1%))
[       OK ] Sz_TemplateSz_Cn_Method_MatchTemplate32F.MatchTemplate32F/48 (22 ms)
[ RUN      ] Sz_TemplateSz_Cn_Method_MatchTemplate32F.MatchTemplate32F/49, where GetParam() = (1920x1080, 30x30, Gray, TM_CCORR)
[ PERFSTAT ]    (samples=13   mean=0.50   median=0.50   min=0.49   stddev=0.00 (0.5%))
[       OK ] Sz_TemplateSz_Cn_Method_MatchTemplate32F.MatchTemplate32F/49 (159 ms)
[ RUN      ] Sz_TemplateSz_Cn_Method_MatchTemplate32F.MatchTemplate32F/50, where GetParam() = (1920x1080, 30x30, BGR, TM_SQDIFF)
[ PERFSTAT ]    (samples=10   mean=3.94   median=3.92   min=3.92   stddev=0.07 (1.8%))
[       OK ] Sz_TemplateSz_Cn_Method_MatchTemplate32F.MatchTemplate32F/50 (54 ms)
[ RUN      ] Sz_TemplateSz_Cn_Method_MatchTemplate32F.MatchTemplate32F/51, where GetParam() = (1920x1080, 30x30, BGR, TM_CCORR)
[ PERFSTAT ]    (samples=22   mean=1.09   median=1.08   min=1.08   stddev=0.03 (3.0%))
[       OK ] Sz_TemplateSz_Cn_Method_MatchTemplate32F.MatchTemplate32F/51 (188 ms)
[ RUN      ] Sz_TemplateSz_Cn_Method_MatchTemplate32F.MatchTemplate32F/52, where GetParam() = (1920x1080, 30x30, BGRA, TM_SQDIFF)
[ PERFSTAT ]    (samples=10   mean=4.19   median=4.17   min=4.17   stddev=0.07 (1.7%))
[       OK ] Sz_TemplateSz_Cn_Method_MatchTemplate32F.MatchTemplate32F/52 (61 ms)
[ RUN      ] Sz_TemplateSz_Cn_Method_MatchTemplate32F.MatchTemplate32F/53, where GetParam() = (1920x1080, 30x30, BGRA, TM_CCORR)
[ PERFSTAT ]    (samples=13   mean=1.05   median=1.05   min=1.05   stddev=0.00 (0.2%))
[       OK ] Sz_TemplateSz_Cn_Method_MatchTemplate32F.MatchTemplate32F/53 (239 ms)
[----------] 54 tests from Sz_TemplateSz_Cn_Method_MatchTemplate32F (3659 ms total)

[----------] 1 test from Image_MeanShiftFiltering
[ RUN      ] Image_MeanShiftFiltering.MeanShiftFiltering/0, where GetParam() = "gpu/meanshift/cones.png"
[ PERFSTAT ]    (samples=75   mean=15.54   median=15.52   min=15.36   stddev=0.24 (1.5%))
[       OK ] Image_MeanShiftFiltering.MeanShiftFiltering/0 (1207 ms)
[----------] 1 test from Image_MeanShiftFiltering (1207 ms total)

[----------] 1 test from Image_MeanShiftProc
[ RUN      ] Image_MeanShiftProc.MeanShiftProc/0, where GetParam() = "gpu/meanshift/cones.png"
[ PERFSTAT ]    (samples=10   mean=15.52   median=15.52   min=15.50   stddev=0.02 (0.1%))
[       OK ] Image_MeanShiftProc.MeanShiftProc/0 (167 ms)
[----------] 1 test from Image_MeanShiftProc (167 ms total)

[----------] 1 test from Image_MeanShiftSegmentation
[ RUN      ] Image_MeanShiftSegmentation.MeanShiftSegmentation/0, where GetParam() = "gpu/meanshift/cones.png"
[ PERFSTAT ]    (samples=10   mean=34.49   median=34.29   min=33.97   stddev=0.80 (2.3%))
[       OK ] Image_MeanShiftSegmentation.MeanShiftSegmentation/0 (352 ms)
[----------] 1 test from Image_MeanShiftSegmentation (352 ms total)

[----------] 6 tests from Sz_Depth_SpatialMoments
[ RUN      ] Sz_Depth_SpatialMoments.SpatialMoments/0, where GetParam() = (1280x720, CV_32F)
[ PERFSTAT ]    (samples=25   mean=0.02   median=0.02   min=0.02   stddev=0.00 (1.9%))
[       OK ] Sz_Depth_SpatialMoments.SpatialMoments/0 (6 ms)
[ RUN      ] Sz_Depth_SpatialMoments.SpatialMoments/1, where GetParam() = (1280x720, CV_64F)
[ PERFSTAT ]    (samples=25   mean=0.02   median=0.02   min=0.02   stddev=0.00 (2.8%))
[       OK ] Sz_Depth_SpatialMoments.SpatialMoments/1 (1 ms)
[ RUN      ] Sz_Depth_SpatialMoments.SpatialMoments/2, where GetParam() = (1280x1024, CV_32F)
[ PERFSTAT ]    (samples=25   mean=0.02   median=0.02   min=0.02   stddev=0.00 (3.0%))
[       OK ] Sz_Depth_SpatialMoments.SpatialMoments/2 (1 ms)
[ RUN      ] Sz_Depth_SpatialMoments.SpatialMoments/3, where GetParam() = (1280x1024, CV_64F)
[ PERFSTAT ]    (samples=13   mean=0.02   median=0.02   min=0.02   stddev=0.00 (1.3%))
[       OK ] Sz_Depth_SpatialMoments.SpatialMoments/3 (1 ms)
[ RUN      ] Sz_Depth_SpatialMoments.SpatialMoments/4, where GetParam() = (1920x1080, CV_32F)
[ PERFSTAT ]    (samples=25   mean=0.02   median=0.02   min=0.02   stddev=0.00 (1.3%))
[       OK ] Sz_Depth_SpatialMoments.SpatialMoments/4 (2 ms)
[ RUN      ] Sz_Depth_SpatialMoments.SpatialMoments/5, where GetParam() = (1920x1080, CV_64F)
[ PERFSTAT ]    (samples=13   mean=0.03   median=0.03   min=0.03   stddev=0.00 (1.0%))
[       OK ] Sz_Depth_SpatialMoments.SpatialMoments/5 (1 ms)
[----------] 6 tests from Sz_Depth_SpatialMoments (12 ms total)

[----------] 6 tests from Sz_Depth_Moments
[ RUN      ] Sz_Depth_Moments.Moments/0, where GetParam() = (1280x720, CV_32F)
[ PERFSTAT ]    (samples=25   mean=0.97   median=0.96   min=0.95   stddev=0.02 (1.7%))
[       OK ] Sz_Depth_Moments.Moments/0 (26 ms)
[ RUN      ] Sz_Depth_Moments.Moments/1, where GetParam() = (1280x720, CV_64F)
[ PERFSTAT ]    (samples=25   mean=0.98   median=0.97   min=0.95   stddev=0.02 (2.5%))
[       OK ] Sz_Depth_Moments.Moments/1 (61 ms)
[ RUN      ] Sz_Depth_Moments.Moments/2, where GetParam() = (1280x1024, CV_32F)
[ PERFSTAT ]    (samples=10   mean=0.97   median=0.96   min=0.96   stddev=0.01 (1.4%))
[       OK ] Sz_Depth_Moments.Moments/2 (10 ms)
[ RUN      ] Sz_Depth_Moments.Moments/3, where GetParam() = (1280x1024, CV_64F)
[ PERFSTAT ]    (samples=10   mean=0.96   median=0.96   min=0.95   stddev=0.01 (1.1%))
[       OK ] Sz_Depth_Moments.Moments/3 (11 ms)
[ RUN      ] Sz_Depth_Moments.Moments/4, where GetParam() = (1920x1080, CV_32F)
[ PERFSTAT ]    (samples=13   mean=0.98   median=0.97   min=0.96   stddev=0.01 (1.4%))
[       OK ] Sz_Depth_Moments.Moments/4 (14 ms)
[ RUN      ] Sz_Depth_Moments.Moments/5, where GetParam() = (1920x1080, CV_64F)
[ PERFSTAT ]    (samples=10   mean=0.97   median=0.97   min=0.96   stddev=0.01 (0.8%))
[       OK ] Sz_Depth_Moments.Moments/5 (11 ms)
[----------] 6 tests from Sz_Depth_Moments (133 ms total)

[----------] Global test environment tear-down
[==========] 877 tests from 27 test cases ran. (34257 ms total)
[  PASSED  ] 848 tests.
[  FAILED  ] 29 tests, listed below:
[  FAILED  ] Sz_Depth_Code_CvtColor.CvtColor/17, where GetParam() = (1280x720, CV_8U, Lab2BGR)
[  FAILED  ] Sz_Depth_Code_CvtColor.CvtColor/38, where GetParam() = (1280x720, CV_32F, Lab2BGR)
[  FAILED  ] Sz_Depth_Code_CvtColor.CvtColor/39, where GetParam() = (1280x720, CV_32F, Lab2LBGR)
[  FAILED  ] Sz_Depth_Code_CvtColor.CvtColor/40, where GetParam() = (1280x720, CV_32F, Luv2RGB)
[  FAILED  ] Sz_Depth_Code_CvtColor.CvtColor/41, where GetParam() = (1280x720, CV_32F, Luv2LRGB)
[  FAILED  ] Sz_Depth_Code_CvtColor.CvtColor/59, where GetParam() = (1280x1024, CV_8U, Lab2BGR)
[  FAILED  ] Sz_Depth_Code_CvtColor.CvtColor/80, where GetParam() = (1280x1024, CV_32F, Lab2BGR)
[  FAILED  ] Sz_Depth_Code_CvtColor.CvtColor/81, where GetParam() = (1280x1024, CV_32F, Lab2LBGR)
[  FAILED  ] Sz_Depth_Code_CvtColor.CvtColor/82, where GetParam() = (1280x1024, CV_32F, Luv2RGB)
[  FAILED  ] Sz_Depth_Code_CvtColor.CvtColor/83, where GetParam() = (1280x1024, CV_32F, Luv2LRGB)
[  FAILED  ] Sz_Depth_Code_CvtColor.CvtColor/101, where GetParam() = (1920x1080, CV_8U, Lab2BGR)
[  FAILED  ] Sz_Depth_Code_CvtColor.CvtColor/122, where GetParam() = (1920x1080, CV_32F, Lab2BGR)
[  FAILED  ] Sz_Depth_Code_CvtColor.CvtColor/123, where GetParam() = (1920x1080, CV_32F, Lab2LBGR)
[  FAILED  ] Sz_Depth_Code_CvtColor.CvtColor/124, where GetParam() = (1920x1080, CV_32F, Luv2RGB)
[  FAILED  ] Sz_Depth_Code_CvtColor.CvtColor/125, where GetParam() = (1920x1080, CV_32F, Luv2LRGB)
[  FAILED  ] Sz_Depth_Code_CvtColorBayer.CvtColorBayer/12, where GetParam() = (1280x720, CV_16U, BayerBG2GRAY)
[  FAILED  ] Sz_Depth_Code_CvtColorBayer.CvtColorBayer/13, where GetParam() = (1280x720, CV_16U, BayerGB2GRAY)
[  FAILED  ] Sz_Depth_Code_CvtColorBayer.CvtColorBayer/14, where GetParam() = (1280x720, CV_16U, BayerRG2GRAY)
[  FAILED  ] Sz_Depth_Code_CvtColorBayer.CvtColorBayer/15, where GetParam() = (1280x720, CV_16U, BayerGR2GRAY)
[  FAILED  ] Sz_Depth_Code_CvtColorBayer.CvtColorBayer/28, where GetParam() = (1280x1024, CV_16U, BayerBG2GRAY)
[  FAILED  ] Sz_Depth_Code_CvtColorBayer.CvtColorBayer/29, where GetParam() = (1280x1024, CV_16U, BayerGB2GRAY)
[  FAILED  ] Sz_Depth_Code_CvtColorBayer.CvtColorBayer/30, where GetParam() = (1280x1024, CV_16U, BayerRG2GRAY)
[  FAILED  ] Sz_Depth_Code_CvtColorBayer.CvtColorBayer/31, where GetParam() = (1280x1024, CV_16U, BayerGR2GRAY)
[  FAILED  ] Sz_Depth_Code_CvtColorBayer.CvtColorBayer/44, where GetParam() = (1920x1080, CV_16U, BayerBG2GRAY)
[  FAILED  ] Sz_Depth_Code_CvtColorBayer.CvtColorBayer/45, where GetParam() = (1920x1080, CV_16U, BayerGB2GRAY)
[  FAILED  ] Sz_Depth_Code_CvtColorBayer.CvtColorBayer/46, where GetParam() = (1920x1080, CV_16U, BayerRG2GRAY)
[  FAILED  ] Sz_Depth_Code_CvtColorBayer.CvtColorBayer/47, where GetParam() = (1920x1080, CV_16U, BayerGR2GRAY)
[  FAILED  ] Image_HoughLinesP.HoughLinesP/0, where GetParam() = "cv/shared/pic5.png"
[  FAILED  ] Image_HoughLinesP.HoughLinesP/1, where GetParam() = "stitching/a1.png"

29 FAILED TESTS
  YOU HAVE 3 DISABLED TESTS

