[ERROR:0@0.019] global persistence.cpp:577 open Can't open file: '/data/xumengying/tool-verify/opencv-verify/src/opencv_extra/testdata/perf/imgcodecs.xml' in read mode
TEST: Skip tests with tags: 'mem_6gb', 'verylong'
CTEST_FULL_OUTPUT
OpenCV version: 4.14.0-pre
OpenCV VCS version: 4.13.0-493-g7aa163b83f
Build type: Release
Compiler: /usr/bin/c++  (ver 11.4.0)
Algorithm hint: ALGO_HINT_ACCURATE
HAL: YES (ipp (ver 0.0.1))
Parallel framework: pthreads (nthreads=30)
CPU features: SSE SSE2 SSE3 *SSE4.1 *SSE4.2 *AVX *FP16 *AVX2 *AVX512-SKX?
Intel(R) IPP version: ippIP AVX2 (l9) 2026.0.0 (-) Jun 30 2026
Intel(R) IPP features code: 0x8000
[==========] Running 121 tests from 11 test cases.
[----------] Global test environment set-up.
[----------] 3 tests from JPEG
[ RUN      ] JPEG.Decode
[ PERFSTAT ]    (samples=13   mean=32.84   median=32.62   min=32.41   stddev=0.95 (2.9%))
[       OK ] JPEG.Decode (444 ms)
[ RUN      ] JPEG.Decode_rgb
[ PERFSTAT ]    (samples=10   mean=32.65   median=32.59   min=32.49   stddev=0.19 (0.6%))
[       OK ] JPEG.Decode_rgb (330 ms)
[ RUN      ] JPEG.Encode
[ PERFSTAT ]    (samples=10   mean=27.70   median=27.55   min=27.42   stddev=0.38 (1.4%))
[       OK ] JPEG.Encode (315 ms)
[----------] 3 tests from JPEG (1089 ms total)

[----------] 3 tests from PNG
[ RUN      ] PNG.decode
[ PERFSTAT ]    (samples=10   mean=37.94   median=37.41   min=37.28   stddev=1.11 (2.9%))
[       OK ] PNG.decode (386 ms)
[ RUN      ] PNG.decode_rgb
[ PERFSTAT ]    (samples=10   mean=34.89   median=34.86   min=34.74   stddev=0.16 (0.5%))
[       OK ] PNG.decode_rgb (355 ms)
[ RUN      ] PNG.encode
[ PERFSTAT ]    (samples=10   mean=65.62   median=65.36   min=65.19   stddev=0.67 (1.0%))
[       OK ] PNG.encode (697 ms)
[----------] 3 tests from PNG (1438 ms total)

[----------] 9 tests from Decode_bgr
[ RUN      ] Decode_bgr.bgr/0, where GetParam() = ".bmp"
[ PERFSTAT ]    (samples=88   mean=0.23   median=0.23   min=0.22   stddev=0.01 (2.7%))
[       OK ] Decode_bgr.bgr/0 (68 ms)
[ RUN      ] Decode_bgr.bgr/1, where GetParam() = ".gif"
[ PERFSTAT ]    (samples=100   mean=61.14   median=59.37   min=58.63   stddev=3.97 (6.5%))
[       OK ] Decode_bgr.bgr/1 (6359 ms)
[ RUN      ] Decode_bgr.bgr/2, where GetParam() = ".jp2"
[ PERFSTAT ]    (samples=10   mean=304.15   median=303.03   min=301.41   stddev=2.95 (1.0%))
[       OK ] Decode_bgr.bgr/2 (3485 ms)
[ RUN      ] Decode_bgr.bgr/3, where GetParam() = ".jpg"
[ PERFSTAT ]    (samples=10   mean=7.33   median=7.30   min=7.28   stddev=0.07 (0.9%))
[       OK ] Decode_bgr.bgr/3 (129 ms)
[ RUN      ] Decode_bgr.bgr/4, where GetParam() = ".png"
[ PERFSTAT ]    (samples=10   mean=33.73   median=33.64   min=33.52   stddev=0.28 (0.8%))
[       OK ] Decode_bgr.bgr/4 (448 ms)
[ RUN      ] Decode_bgr.bgr/5, where GetParam() = ".ppm"
[ PERFSTAT ]    (samples=10   mean=2.19   median=2.16   min=2.16   stddev=0.06 (2.6%))
[       OK ] Decode_bgr.bgr/5 (66 ms)
[ RUN      ] Decode_bgr.bgr/6, where GetParam() = ".ras"
[ PERFSTAT ]    (samples=75   mean=0.21   median=0.20   min=0.20   stddev=0.01 (2.9%))
[       OK ] Decode_bgr.bgr/6 (59 ms)
[ RUN      ] Decode_bgr.bgr/7, where GetParam() = ".tiff"
[ PERFSTAT ]    (samples=10   mean=21.52   median=21.49   min=21.42   stddev=0.12 (0.6%))
[       OK ] Decode_bgr.bgr/7 (313 ms)
[ RUN      ] Decode_bgr.bgr/8, where GetParam() = ".webp"
[ PERFSTAT ]    (samples=10   mean=23.36   median=23.20   min=22.74   stddev=0.48 (2.0%))
[       OK ] Decode_bgr.bgr/8 (1318 ms)
[----------] 9 tests from Decode_bgr (12245 ms total)

[----------] 9 tests from Decode_rgb
[ RUN      ] Decode_rgb.rgb/0, where GetParam() = ".bmp"
[ PERFSTAT ]    (samples=100   mean=10.47   median=9.40   min=3.28   stddev=2.98 (28.4%))
[       OK ] Decode_rgb.rgb/0 (1134 ms)
[ RUN      ] Decode_rgb.rgb/1, where GetParam() = ".gif"
[ PERFSTAT ]    (samples=10   mean=60.37   median=60.03   min=59.80   stddev=1.15 (1.9%))
[       OK ] Decode_rgb.rgb/1 (748 ms)
[ RUN      ] Decode_rgb.rgb/2, where GetParam() = ".jp2"
[ PERFSTAT ]    (samples=10   mean=304.63   median=304.32   min=302.52   stddev=1.52 (0.5%))
[       OK ] Decode_rgb.rgb/2 (3478 ms)
[ RUN      ] Decode_rgb.rgb/3, where GetParam() = ".jpg"
[ PERFSTAT ]    (samples=10   mean=7.40   median=7.39   min=7.35   stddev=0.05 (0.6%))
[       OK ] Decode_rgb.rgb/3 (127 ms)
[ RUN      ] Decode_rgb.rgb/4, where GetParam() = ".png"
[ PERFSTAT ]    (samples=10   mean=32.38   median=32.29   min=32.23   stddev=0.26 (0.8%))
[       OK ] Decode_rgb.rgb/4 (435 ms)
[ RUN      ] Decode_rgb.rgb/5, where GetParam() = ".ppm"
[ PERFSTAT ]    (samples=75   mean=0.32   median=0.32   min=0.31   stddev=0.01 (2.7%))
[       OK ] Decode_rgb.rgb/5 (69 ms)
[ RUN      ] Decode_rgb.rgb/6, where GetParam() = ".ras"
[ PERFSTAT ]    (samples=13   mean=2.25   median=2.24   min=2.22   stddev=0.03 (1.5%))
[       OK ] Decode_rgb.rgb/6 (72 ms)
[ RUN      ] Decode_rgb.rgb/7, where GetParam() = ".tiff"
[ PERFSTAT ]    (samples=10   mean=21.43   median=21.37   min=21.34   stddev=0.14 (0.7%))
[       OK ] Decode_rgb.rgb/7 (307 ms)
[ RUN      ] Decode_rgb.rgb/8, where GetParam() = ".webp"
[ PERFSTAT ]    (samples=10   mean=24.17   median=24.17   min=23.62   stddev=0.29 (1.2%))
[       OK ] Decode_rgb.rgb/8 (1323 ms)
[----------] 9 tests from Decode_rgb (7693 ms total)

[----------] 9 tests from Encode_bgr
[ RUN      ] Encode_bgr.bgr/0, where GetParam() = ".bmp"
  Encoded buffer size: 6220854 bytes, Compression ratio: 100.00%
[ PERFSTAT ]    (samples=38   mean=0.50   median=0.50   min=0.48   stddev=0.01 (3.0%))
[       OK ] Encode_bgr.bgr/0 (66 ms)
[ RUN      ] Encode_bgr.bgr/1, where GetParam() = ".gif"
  Encoded buffer size: 874508 bytes, Compression ratio: 14.06%
[ PERFSTAT ]    (samples=10   mean=85.75   median=85.73   min=85.52   stddev=0.15 (0.2%))
[       OK ] Encode_bgr.bgr/1 (897 ms)
[ RUN      ] Encode_bgr.bgr/2, where GetParam() = ".jp2"
  Encoded buffer size: 1554941 bytes, Compression ratio: 25.00%
[ PERFSTAT ]    (samples=10   mean=387.22   median=386.53   min=385.84   stddev=1.74 (0.4%))
[       OK ] Encode_bgr.bgr/2 (3914 ms)
[ RUN      ] Encode_bgr.bgr/3, where GetParam() = ".jpg"
  Encoded buffer size: 422907 bytes, Compression ratio: 6.80%
[ PERFSTAT ]    (samples=10   mean=6.25   median=6.22   min=6.19   stddev=0.07 (1.1%))
[       OK ] Encode_bgr.bgr/3 (109 ms)
[ RUN      ] Encode_bgr.bgr/4, where GetParam() = ".png"
  Encoded buffer size: 1807876 bytes, Compression ratio: 29.06%
[ PERFSTAT ]    (samples=10   mean=70.26   median=70.20   min=70.12   stddev=0.21 (0.3%))
[       OK ] Encode_bgr.bgr/4 (743 ms)
[ RUN      ] Encode_bgr.bgr/5, where GetParam() = ".ppm"
  Encoded buffer size: 6220817 bytes, Compression ratio: 100.00%
[ PERFSTAT ]    (samples=13   mean=2.50   median=2.48   min=2.47   stddev=0.06 (2.4%))
[       OK ] Encode_bgr.bgr/5 (74 ms)
[ RUN      ] Encode_bgr.bgr/6, where GetParam() = ".ras"
  Encoded buffer size: 6220832 bytes, Compression ratio: 100.00%
[ PERFSTAT ]    (samples=38   mean=0.48   median=0.47   min=0.46   stddev=0.01 (2.4%))
[       OK ] Encode_bgr.bgr/6 (59 ms)
[ RUN      ] Encode_bgr.bgr/7, where GetParam() = ".tiff"
  Encoded buffer size: 1989452 bytes, Compression ratio: 31.98%
[ PERFSTAT ]    (samples=10   mean=50.85   median=50.77   min=50.67   stddev=0.31 (0.6%))
[       OK ] Encode_bgr.bgr/7 (549 ms)
[ RUN      ] Encode_bgr.bgr/8, where GetParam() = ".webp"
.
  Encoded buffer size: 980436 bytes, Compression ratio: 15.76%
[ PERFSTAT ]    (samples=10   mean=1031.21   median=1030.67   min=1029.72   stddev=1.60 (0.2%))
[       OK ] Encode_bgr.bgr/8 (10358 ms)
[----------] 9 tests from Encode_bgr (16769 ms total)

[----------] 4 tests from Encode_multi
[ RUN      ] Encode_multi.multi/0, where GetParam() = ".gif"
  Encoded buffer size: 1748969 bytes, Compression ratio: 28.11%
[ PERFSTAT ]    (samples=10   mean=170.10   median=169.99   min=169.69   stddev=0.33 (0.2%))
[       OK ] Encode_multi.multi/0 (1936 ms)
[ RUN      ] Encode_multi.multi/1, where GetParam() = ".png"
  Encoded buffer size: 1677875 bytes, Compression ratio: 26.97%
[ PERFSTAT ]    (samples=10   mean=342.63   median=342.50   min=342.00   stddev=0.45 (0.1%))
[       OK ] Encode_multi.multi/1 (3834 ms)
[ RUN      ] Encode_multi.multi/2, where GetParam() = ".tiff"
  Encoded buffer size: 3981988 bytes, Compression ratio: 64.01%
[ PERFSTAT ]    (samples=10   mean=102.79   median=102.54   min=102.32   stddev=0.66 (0.6%))
[       OK ] Encode_multi.multi/2 (1382 ms)
[ RUN      ] Encode_multi.multi/3, where GetParam() = ".webp"
  Encoded buffer size: 99718 bytes, Compression ratio: 1.60%
[ PERFSTAT ]    (samples=10   mean=169.73   median=169.74   min=169.21   stddev=0.33 (0.2%))
[       OK ] Encode_multi.multi/3 (1922 ms)
[----------] 4 tests from Encode_multi (9074 ms total)

[----------] 3 tests from Encode_animation
[ RUN      ] Encode_animation.animation/0, where GetParam() = ".gif"
[ PERFSTAT ]    (samples=10   mean=297.20   median=297.18   min=296.73   stddev=0.38 (0.1%))
[       OK ] Encode_animation.animation/0 (3057 ms)
[ RUN      ] Encode_animation.animation/1, where GetParam() = ".png"
.
.
[ PERFSTAT ]    (samples=10   mean=2493.95   median=2493.69   min=2492.56   stddev=1.02 (0.0%))
[       OK ] Encode_animation.animation/1 (25018 ms)
[ RUN      ] Encode_animation.animation/2, where GetParam() = ".webp"
.
[ PERFSTAT ]    (samples=10   mean=1280.04   median=1279.99   min=1278.97   stddev=0.76 (0.1%))
[       OK ] Encode_animation.animation/2 (12879 ms)
[----------] 3 tests from Encode_animation (40954 ms total)

[----------] 4 tests from Encode_multi_page
[ RUN      ] Encode_multi_page.multi_page/0, where GetParam() = ".gif"
[ PERFSTAT ]    (samples=10   mean=295.54   median=295.44   min=295.27   stddev=0.29 (0.1%))
[       OK ] Encode_multi_page.multi_page/0 (3033 ms)
[ RUN      ] Encode_multi_page.multi_page/1, where GetParam() = ".png"
.
.
[ PERFSTAT ]    (samples=10   mean=2496.27   median=2495.98   min=2493.56   stddev=1.53 (0.1%))
[       OK ] Encode_multi_page.multi_page/1 (25041 ms)
[ RUN      ] Encode_multi_page.multi_page/2, where GetParam() = ".tiff"
[ PERFSTAT ]    (samples=10   mean=150.67   median=150.68   min=150.52   stddev=0.11 (0.1%))
[       OK ] Encode_multi_page.multi_page/2 (1585 ms)
[ RUN      ] Encode_multi_page.multi_page/3, where GetParam() = ".webp"
.
[ PERFSTAT ]    (samples=10   mean=1280.01   median=1279.93   min=1278.63   stddev=0.68 (0.1%))
[       OK ] Encode_multi_page.multi_page/3 (12878 ms)
[----------] 4 tests from Encode_multi_page (42537 ms total)

[----------] 3 tests from Decode_animation
[ RUN      ] Decode_animation.animation/0, where GetParam() = ".gif"
[ PERFSTAT ]    (samples=10   mean=184.41   median=184.40   min=183.68   stddev=0.41 (0.2%))
[       OK ] Decode_animation.animation/0 (2218 ms)
[ RUN      ] Decode_animation.animation/1, where GetParam() = ".png"
[ PERFSTAT ]    (samples=10   mean=106.38   median=106.44   min=105.78   stddev=0.25 (0.2%))
[       OK ] Decode_animation.animation/1 (3641 ms)
[ RUN      ] Decode_animation.animation/2, where GetParam() = ".webp"
[ PERFSTAT ]    (samples=10   mean=115.20   median=115.03   min=114.67   stddev=0.79 (0.7%))
[       OK ] Decode_animation.animation/2 (2510 ms)
[----------] 3 tests from Decode_animation (8369 ms total)

[----------] 4 tests from Decode_multi_page
[ RUN      ] Decode_multi_page.multi_page/0, where GetParam() = ".gif"
[ PERFSTAT ]    (samples=10   mean=182.33   median=182.30   min=182.00   stddev=0.29 (0.2%))
[       OK ] Decode_multi_page.multi_page/0 (2197 ms)
[ RUN      ] Decode_multi_page.multi_page/1, where GetParam() = ".png"
[ PERFSTAT ]    (samples=10   mean=106.48   median=106.52   min=105.79   stddev=0.31 (0.3%))
[       OK ] Decode_multi_page.multi_page/1 (3639 ms)
[ RUN      ] Decode_multi_page.multi_page/2, where GetParam() = ".tiff"
[ WARN:0@146.418] global grfmt_tiff.cpp:122 TIFF_Warning TIFFReadDirectory: Sum of Photometric type-related color channels and ExtraSamples doesn't match SamplesPerPixel. Defining non-color channels as ExtraSamples.
[ WARN:0@146.419] global grfmt_tiff.cpp:122 TIFF_Warning TIFFReadDirectory: Sum of Photometric type-related color channels and ExtraSamples doesn't match SamplesPerPixel. Defining non-color channels as ExtraSamples.
[ WARN:0@146.419] global grfmt_tiff.cpp:122 TIFF_Warning TIFFReadDirectory: Sum of Photometric type-related color channels and ExtraSamples doesn't match SamplesPerPixel. Defining non-color channels as ExtraSamples.
[ WARN:0@146.420] global grfmt_tiff.cpp:122 TIFF_Warning TIFFReadDirectory: Sum of Photometric type-related color channels and ExtraSamples doesn't match SamplesPerPixel. Defining non-color channels as ExtraSamples.
[ WARN:0@146.421] global grfmt_tiff.cpp:122 TIFF_Warning TIFFReadDirectory: Sum of Photometric type-related color channels and ExtraSamples doesn't match SamplesPerPixel. Defining non-color channels as ExtraSamples.
[ WARN:0@146.421] global grfmt_tiff.cpp:122 TIFF_Warning TIFFReadDirectory: Sum of Photometric type-related color channels and ExtraSamples doesn't match SamplesPerPixel. Defining non-color channels as ExtraSamples.
[ WARN:0@146.422] global grfmt_tiff.cpp:122 TIFF_Warning TIFFReadDirectory: Sum of Photometric type-related color channels and ExtraSamples doesn't match SamplesPerPixel. Defining non-color channels as ExtraSamples.
[ WARN:0@146.423] global grfmt_tiff.cpp:122 TIFF_Warning TIFFReadDirectory: Sum of Photometric type-related color channels and ExtraSamples doesn't match SamplesPerPixel. Defining non-color channels as ExtraSamples.
[ WARN:0@146.423] global grfmt_tiff.cpp:122 TIFF_Warning TIFFReadDirectory: Sum of Photometric type-related color channels and ExtraSamples doesn't match SamplesPerPixel. Defining non-color channels as ExtraSamples.
[ WARN:0@146.424] global grfmt_tiff.cpp:122 TIFF_Warning TIFFReadDirectory: Sum of Photometric type-related color channels and ExtraSamples doesn't match SamplesPerPixel. Defining non-color channels as ExtraSamples.
[ WARN:0@146.425] global grfmt_tiff.cpp:122 TIFF_Warning TIFFReadDirectory: Sum of Photometric type-related color channels and ExtraSamples doesn't match SamplesPerPixel. Defining non-color channels as ExtraSamples.
[ WARN:0@146.425] global grfmt_tiff.cpp:122 TIFF_Warning TIFFReadDirectory: Sum of Photometric type-related color channels and ExtraSamples doesn't match SamplesPerPixel. Defining non-color channels as ExtraSamples.
[ WARN:0@146.426] global grfmt_tiff.cpp:122 TIFF_Warning TIFFReadDirectory: Sum of Photometric type-related color channels and ExtraSamples doesn't match SamplesPerPixel. Defining non-color channels as ExtraSamples.
[ WARN:0@146.427] global grfmt_tiff.cpp:122 TIFF_Warning TIFFReadDirectory: Sum of Photometric type-related color channels and ExtraSamples doesn't match SamplesPerPixel. Defining non-color channels as ExtraSamples.
[ WARN:0@146.428] global grfmt_tiff.cpp:122 TIFF_Warning TIFFReadDirectory: Sum of Photometric type-related color channels and ExtraSamples doesn't match SamplesPerPixel. Defining non-color channels as ExtraSamples.
[ WARN:0@146.428] global grfmt_tiff.cpp:122 TIFF_Warning TIFFReadDirectory: Sum of Photometric type-related color channels and ExtraSamples doesn't match SamplesPerPixel. Defining non-color channels as ExtraSamples.
[ WARN:0@146.429] global grfmt_tiff.cpp:122 TIFF_Warning TIFFReadDirectory: Sum of Photometric type-related color channels and ExtraSamples doesn't match SamplesPerPixel. Defining non-color channels as ExtraSamples.
[ WARN:0@146.429] global grfmt_tiff.cpp:122 TIFF_Warning TIFFReadDirectory: Sum of Photometric type-related color channels and ExtraSamples doesn't match SamplesPerPixel. Defining non-color channels as ExtraSamples.
[ WARN:0@146.430] global grfmt_tiff.cpp:122 TIFF_Warning TIFFReadDirectory: Sum of Photometric type-related color channels and ExtraSamples doesn't match SamplesPerPixel. Defining non-color channels as ExtraSamples.
[ WARN:0@146.431] global grfmt_tiff.cpp:122 TIFF_Warning TIFFReadDirectory: Sum of Photometric type-related color channels and ExtraSamples doesn't match SamplesPerPixel. Defining non-color channels as ExtraSamples.
[ WARN:0@146.431] global grfmt_tiff.cpp:122 TIFF_Warning TIFFReadDirectory: Sum of Photometric type-related color channels and ExtraSamples doesn't match SamplesPerPixel. Defining non-color channels as ExtraSamples.
[ WARN:0@146.432] global grfmt_tiff.cpp:122 TIFF_Warning TIFFReadDirectory: Sum of Photometric type-related color channels and ExtraSamples doesn't match SamplesPerPixel. Defining non-color channels as ExtraSamples.
[ WARN:0@146.433] global grfmt_tiff.cpp:122 TIFF_Warning TIFFReadDirectory: Sum of Photometric type-related color channels and ExtraSamples doesn't match SamplesPerPixel. Defining non-color channels as ExtraSamples.
[ WARN:0@146.433] global grfmt_tiff.cpp:122 TIFF_Warning TIFFReadDirectory: Sum of Photometric type-related color channels and ExtraSamples doesn't match SamplesPerPixel. Defining non-color channels as ExtraSamples.
[ WARN:0@146.434] global grfmt_tiff.cpp:122 TIFF_Warning TIFFReadDirectory: Sum of Photometric type-related color channels and ExtraSamples doesn't match SamplesPerPixel. Defining non-color channels as ExtraSamples.
[ WARN:0@146.435] global grfmt_tiff.cpp:122 TIFF_Warning TIFFReadDirectory: Sum of Photometric type-related color channels and ExtraSamples doesn't match SamplesPerPixel. Defining non-color channels as ExtraSamples.
[ WARN:0@146.435] global grfmt_tiff.cpp:122 TIFF_Warning TIFFReadDirectory: Sum of Photometric type-related color channels and ExtraSamples doesn't match SamplesPerPixel. Defining non-color channels as ExtraSamples.
[ WARN:0@146.436] global grfmt_tiff.cpp:122 TIFF_Warning TIFFReadDirectory: Sum of Photometric type-related color channels and ExtraSamples doesn't match SamplesPerPixel. Defining non-color channels as ExtraSamples.
[ WARN:0@146.437] global grfmt_tiff.cpp:122 TIFF_Warning TIFFReadDirectory: Sum of Photometric type-related color channels and ExtraSamples doesn't match SamplesPerPixel. Defining non-color channels as ExtraSamples.
[ WARN:0@146.437] global grfmt_tiff.cpp:122 TIFF_Warning TIFFReadDirectory: Sum of Photometric type-related color channels and ExtraSamples doesn't match SamplesPerPixel. Defining non-color channels as ExtraSamples.
[ WARN:0@146.438] global grfmt_tiff.cpp:122 TIFF_Warning TIFFReadDirectory: Sum of Photometric type-related color channels and ExtraSamples doesn't match SamplesPerPixel. Defining non-color channels as ExtraSamples.
[ WARN:0@146.439] global grfmt_tiff.cpp:122 TIFF_Warning TIFFReadDirectory: Sum of Photometric type-related color channels and ExtraSamples doesn't match SamplesPerPixel. Defining non-color channels as ExtraSamples.
[ WARN:0@146.439] global grfmt_tiff.cpp:122 TIFF_Warning TIFFReadDirectory: Sum of Photometric type-related color channels and ExtraSamples doesn't match SamplesPerPixel. Defining non-color channels as ExtraSamples.
[ WARN:0@146.440] global grfmt_tiff.cpp:122 TIFF_Warning TIFFReadDirectory: Sum of Photometric type-related color channels and ExtraSamples doesn't match SamplesPerPixel. Defining non-color channels as ExtraSamples.
[ WARN:0@146.441] global grfmt_tiff.cpp:122 TIFF_Warning TIFFReadDirectory: Sum of Photometric type-related color channels and ExtraSamples doesn't match SamplesPerPixel. Defining non-color channels as ExtraSamples.
[ WARN:0@146.441] global grfmt_tiff.cpp:122 TIFF_Warning TIFFReadDirectory: Sum of Photometric type-related color channels and ExtraSamples doesn't match SamplesPerPixel. Defining non-color channels as ExtraSamples.
[ WARN:0@146.442] global grfmt_tiff.cpp:122 TIFF_Warning TIFFReadDirectory: Sum of Photometric type-related color channels and ExtraSamples doesn't match SamplesPerPixel. Defining non-color channels as ExtraSamples.
[ WARN:0@146.442] global grfmt_tiff.cpp:122 TIFF_Warning TIFFReadDirectory: Sum of Photometric type-related color channels and ExtraSamples doesn't match SamplesPerPixel. Defining non-color channels as ExtraSamples.
[ WARN:0@146.443] global grfmt_tiff.cpp:122 TIFF_Warning TIFFReadDirectory: Sum of Photometric type-related color channels and ExtraSamples doesn't match SamplesPerPixel. Defining non-color channels as ExtraSamples.
[ WARN:0@146.444] global grfmt_tiff.cpp:122 TIFF_Warning TIFFReadDirectory: Sum of Photometric type-related color channels and ExtraSamples doesn't match SamplesPerPixel. Defining non-color channels as ExtraSamples.
[ WARN:0@146.444] global grfmt_tiff.cpp:122 TIFF_Warning TIFFReadDirectory: Sum of Photometric type-related color channels and ExtraSamples doesn't match SamplesPerPixel. Defining non-color channels as ExtraSamples.
[ WARN:0@146.445] global grfmt_tiff.cpp:122 TIFF_Warning TIFFReadDirectory: Sum of Photometric type-related color channels and ExtraSamples doesn't match SamplesPerPixel. Defining non-color channels as ExtraSamples.
[ WARN:0@146.446] global grfmt_tiff.cpp:122 TIFF_Warning TIFFReadDirectory: Sum of Photometric type-related color channels and ExtraSamples doesn't match SamplesPerPixel. Defining non-color channels as ExtraSamples.
[ WARN:0@146.446] global grfmt_tiff.cpp:122 TIFF_Warning TIFFReadDirectory: Sum of Photometric type-related color channels and ExtraSamples doesn't match SamplesPerPixel. Defining non-color channels as ExtraSamples.
[ WARN:0@146.447] global grfmt_tiff.cpp:122 TIFF_Warning TIFFReadDirectory: Sum of Photometric type-related color channels and ExtraSamples doesn't match SamplesPerPixel. Defining non-color channels as ExtraSamples.
[ WARN:0@146.448] global grfmt_tiff.cpp:122 TIFF_Warning TIFFReadDirectory: Sum of Photometric type-related color channels and ExtraSamples doesn't match SamplesPerPixel. Defining non-color channels as ExtraSamples.
[ WARN:0@146.448] global grfmt_tiff.cpp:122 TIFF_Warning TIFFReadDirectory: Sum of Photometric type-related color channels and ExtraSamples doesn't match SamplesPerPixel. Defining non-color channels as ExtraSamples.
[ WARN:0@146.449] global grfmt_tiff.cpp:122 TIFF_Warning TIFFReadDirectory: Sum of Photometric type-related color channels and ExtraSamples doesn't match SamplesPerPixel. Defining non-color channels as ExtraSamples.
[ WARN:0@146.449] global grfmt_tiff.cpp:122 TIFF_Warning TIFFReadDirectory: Sum of Photometric type-related color channels and ExtraSamples doesn't match SamplesPerPixel. Defining non-color channels as ExtraSamples.
[ WARN:0@146.450] global grfmt_tiff.cpp:122 TIFF_Warning TIFFReadDirectory: Sum of Photometric type-related color channels and ExtraSamples doesn't match SamplesPerPixel. Defining non-color channels as ExtraSamples.
[ WARN:0@146.451] global grfmt_tiff.cpp:122 TIFF_Warning TIFFReadDirectory: Sum of Photometric type-related color channels and ExtraSamples doesn't match SamplesPerPixel. Defining non-color channels as ExtraSamples.
[ WARN:0@146.451] global grfmt_tiff.cpp:122 TIFF_Warning TIFFReadDirectory: Sum of Photometric type-related color channels and ExtraSamples doesn't match SamplesPerPixel. Defining non-color channels as ExtraSamples.
[ WARN:0@146.452] global grfmt_tiff.cpp:122 TIFF_Warning TIFFReadDirectory: Sum of Photometric type-related color channels and ExtraSamples doesn't match SamplesPerPixel. Defining non-color channels as ExtraSamples.
[ WARN:0@146.453] global grfmt_tiff.cpp:122 TIFF_Warning TIFFReadDirectory: Sum of Photometric type-related color channels and ExtraSamples doesn't match SamplesPerPixel. Defining non-color channels as ExtraSamples.
[ WARN:0@146.453] global grfmt_tiff.cpp:122 TIFF_Warning TIFFReadDirectory: Sum of Photometric type-related color channels and ExtraSamples doesn't match SamplesPerPixel. Defining non-color channels as ExtraSamples.
[ WARN:0@146.454] global grfmt_tiff.cpp:122 TIFF_Warning TIFFReadDirectory: Sum of Photometric type-related color channels and ExtraSamples doesn't match SamplesPerPixel. Defining non-color channels as ExtraSamples.
[ WARN:0@146.455] global grfmt_tiff.cpp:122 TIFF_Warning TIFFReadDirectory: Sum of Photometric type-related color channels and ExtraSamples doesn't match SamplesPerPixel. Defining non-color channels as ExtraSamples.
[ WARN:0@146.455] global grfmt_tiff.cpp:122 TIFF_Warning TIFFReadDirectory: Sum of Photometric type-related color channels and ExtraSamples doesn't match SamplesPerPixel. Defining non-color channels as ExtraSamples.
[ WARN:0@146.456] global grfmt_tiff.cpp:122 TIFF_Warning TIFFReadDirectory: Sum of Photometric type-related color channels and ExtraSamples doesn't match SamplesPerPixel. Defining non-color channels as ExtraSamples.
[ WARN:0@146.457] global grfmt_tiff.cpp:122 TIFF_Warning TIFFReadDirectory: Sum of Photometric type-related color channels and ExtraSamples doesn't match SamplesPerPixel. Defining non-color channels as ExtraSamples.
[ WARN:0@146.457] global grfmt_tiff.cpp:122 TIFF_Warning TIFFReadDirectory: Sum of Photometric type-related color channels and ExtraSamples doesn't match SamplesPerPixel. Defining non-color channels as ExtraSamples.
[ WARN:0@146.458] global grfmt_tiff.cpp:122 TIFF_Warning TIFFReadDirectory: Sum of Photometric type-related color channels and ExtraSamples doesn't match SamplesPerPixel. Defining non-color channels as ExtraSamples.
[ WARN:0@146.459] global grfmt_tiff.cpp:122 TIFF_Warning TIFFReadDirectory: Sum of Photometric type-related color channels and ExtraSamples doesn't match SamplesPerPixel. Defining non-color channels as ExtraSamples.
[ WARN:0@146.459] global grfmt_tiff.cpp:122 TIFF_Warning TIFFReadDirectory: Sum of Photometric type-related color channels and ExtraSamples doesn't match SamplesPerPixel. Defining non-color channels as ExtraSamples.
[ WARN:0@146.460] global grfmt_tiff.cpp:122 TIFF_Warning TIFFReadDirectory: Sum of Photometric type-related color channels and ExtraSamples doesn't match SamplesPerPixel. Defining non-color channels as ExtraSamples.
[ WARN:0@146.461] global grfmt_tiff.cpp:122 TIFF_Warning TIFFReadDirectory: Sum of Photometric type-related color channels and ExtraSamples doesn't match SamplesPerPixel. Defining non-color channels as ExtraSamples.
[ WARN:0@146.461] global grfmt_tiff.cpp:122 TIFF_Warning TIFFReadDirectory: Sum of Photometric type-related color channels and ExtraSamples doesn't match SamplesPerPixel. Defining non-color channels as ExtraSamples.
[ WARN:0@146.462] global grfmt_tiff.cpp:122 TIFF_Warning TIFFReadDirectory: Sum of Photometric type-related color channels and ExtraSamples doesn't match SamplesPerPixel. Defining non-color channels as ExtraSamples.
[ WARN:0@146.463] global grfmt_tiff.cpp:122 TIFF_Warning TIFFReadDirectory: Sum of Photometric type-related color channels and ExtraSamples doesn't match SamplesPerPixel. Defining non-color channels as ExtraSamples.
[ WARN:0@146.463] global grfmt_tiff.cpp:122 TIFF_Warning TIFFReadDirectory: Sum of Photometric type-related color channels and ExtraSamples doesn't match SamplesPerPixel. Defining non-color channels as ExtraSamples.
[ WARN:0@146.464] global grfmt_tiff.cpp:122 TIFF_Warning TIFFReadDirectory: Sum of Photometric type-related color channels and ExtraSamples doesn't match SamplesPerPixel. Defining non-color channels as ExtraSamples.
[ WARN:0@146.465] global grfmt_tiff.cpp:122 TIFF_Warning TIFFReadDirectory: Sum of Photometric type-related color channels and ExtraSamples doesn't match SamplesPerPixel. Defining non-color channels as ExtraSamples.
[ WARN:0@146.465] global grfmt_tiff.cpp:122 TIFF_Warning TIFFReadDirectory: Sum of Photometric type-related color channels and ExtraSamples doesn't match SamplesPerPixel. Defining non-color channels as ExtraSamples.
[ WARN:0@146.466] global grfmt_tiff.cpp:122 TIFF_Warning TIFFReadDirectory: Sum of Photometric type-related color channels and ExtraSamples doesn't match SamplesPerPixel. Defining non-color channels as ExtraSamples.
[ WARN:0@146.467] global grfmt_tiff.cpp:122 TIFF_Warning TIFFReadDirectory: Sum of Photometric type-related color channels and ExtraSamples doesn't match SamplesPerPixel. Defining non-color channels as ExtraSamples.
[ WARN:0@146.467] global grfmt_tiff.cpp:122 TIFF_Warning TIFFReadDirectory: Sum of Photometric type-related color channels and ExtraSamples doesn't match SamplesPerPixel. Defining non-color channels as ExtraSamples.
[ WARN:0@146.468] global grfmt_tiff.cpp:122 TIFF_Warning TIFFReadDirectory: Sum of Photometric type-related color channels and ExtraSamples doesn't match SamplesPerPixel. Defining non-color channels as ExtraSamples.
[ WARN:0@146.469] global grfmt_tiff.cpp:122 TIFF_Warning TIFFReadDirectory: Sum of Photometric type-related color channels and ExtraSamples doesn't match SamplesPerPixel. Defining non-color channels as ExtraSamples.
[ WARN:0@146.469] global grfmt_tiff.cpp:122 TIFF_Warning TIFFReadDirectory: Sum of Photometric type-related color channels and ExtraSamples doesn't match SamplesPerPixel. Defining non-color channels as ExtraSamples.
[ WARN:0@146.470] global grfmt_tiff.cpp:122 TIFF_Warning TIFFReadDirectory: Sum of Photometric type-related color channels and ExtraSamples doesn't match SamplesPerPixel. Defining non-color channels as ExtraSamples.
[ WARN:0@146.470] global grfmt_tiff.cpp:122 TIFF_Warning TIFFReadDirectory: Sum of Photometric type-related color channels and ExtraSamples doesn't match SamplesPerPixel. Defining non-color channels as ExtraSamples.
[ WARN:0@146.471] global grfmt_tiff.cpp:122 TIFF_Warning TIFFReadDirectory: Sum of Photometric type-related color channels and ExtraSamples doesn't match SamplesPerPixel. Defining non-color channels as ExtraSamples.
[ WARN:0@146.472] global grfmt_tiff.cpp:122 TIFF_Warning TIFFReadDirectory: Sum of Photometric type-related color channels and ExtraSamples doesn't match SamplesPerPixel. Defining non-color channels as ExtraSamples.
[ WARN:0@146.472] global grfmt_tiff.cpp:122 TIFF_Warning TIFFReadDirectory: Sum of Photometric type-related color channels and ExtraSamples doesn't match SamplesPerPixel. Defining non-color channels as ExtraSamples.
[ WARN:0@146.473] global grfmt_tiff.cpp:122 TIFF_Warning TIFFReadDirectory: Sum of Photometric type-related color channels and ExtraSamples doesn't match SamplesPerPixel. Defining non-color channels as ExtraSamples.
[ WARN:0@146.474] global grfmt_tiff.cpp:122 TIFF_Warning TIFFReadDirectory: Sum of Photometric type-related color channels and ExtraSamples doesn't match SamplesPerPixel. Defining non-color channels as ExtraSamples.
[ WARN:0@146.474] global grfmt_tiff.cpp:122 TIFF_Warning TIFFReadDirectory: Sum of Photometric type-related color channels and ExtraSamples doesn't match SamplesPerPixel. Defining non-color channels as ExtraSamples.
[ WARN:0@146.475] global grfmt_tiff.cpp:122 TIFF_Warning TIFFReadDirectory: Sum of Photometric type-related color channels and ExtraSamples doesn't match SamplesPerPixel. Defining non-color channels as ExtraSamples.
[ WARN:0@146.476] global grfmt_tiff.cpp:122 TIFF_Warning TIFFReadDirectory: Sum of Photometric type-related color channels and ExtraSamples doesn't match SamplesPerPixel. Defining non-color channels as ExtraSamples.
[ WARN:0@146.476] global grfmt_tiff.cpp:122 TIFF_Warning TIFFReadDirectory: Sum of Photometric type-related color channels and ExtraSamples doesn't match SamplesPerPixel. Defining non-color channels as ExtraSamples.
[ WARN:0@146.477] global grfmt_tiff.cpp:122 TIFF_Warning TIFFReadDirectory: Sum of Photometric type-related color channels and ExtraSamples doesn't match SamplesPerPixel. Defining non-color channels as ExtraSamples.
[ WARN:0@146.478] global grfmt_tiff.cpp:122 TIFF_Warning TIFFReadDirectory: Sum of Photometric type-related color channels and ExtraSamples doesn't match SamplesPerPixel. Defining non-color channels as ExtraSamples.
[ WARN:0@146.479] global grfmt_tiff.cpp:122 TIFF_Warning TIFFReadDirectory: Sum of Photometric type-related color channels and ExtraSamples doesn't match SamplesPerPixel. Defining non-color channels as ExtraSamples.
[ WARN:0@146.479] global grfmt_tiff.cpp:122 TIFF_Warning TIFFReadDirectory: Sum of Photometric type-related color channels and ExtraSamples doesn't match SamplesPerPixel. Defining non-color channels as ExtraSamples.
[ WARN:0@146.480] global grfmt_tiff.cpp:122 TIFF_Warning TIFFReadDirectory: Sum of Photometric type-related color channels and ExtraSamples doesn't match SamplesPerPixel. Defining non-color channels as ExtraSamples.
[ WARN:0@146.481] global grfmt_tiff.cpp:122 TIFF_Warning TIFFReadDirectory: Sum of Photometric type-related color channels and ExtraSamples doesn't match SamplesPerPixel. Defining non-color channels as ExtraSamples.
[ WARN:0@146.481] global grfmt_tiff.cpp:122 TIFF_Warning TIFFReadDirectory: Sum of Photometric type-related color channels and ExtraSamples doesn't match SamplesPerPixel. Defining non-color channels as ExtraSamples.
[ WARN:0@146.482] global grfmt_tiff.cpp:122 TIFF_Warning TIFFReadDirectory: Sum of Photometric type-related color channels and ExtraSamples doesn't match SamplesPerPixel. Defining non-color channels as ExtraSamples.
[ WARN:0@146.483] global grfmt_tiff.cpp:122 TIFF_Warning TIFFReadDirectory: Sum of Photometric type-related color channels and ExtraSamples doesn't match SamplesPerPixel. Defining non-color channels as ExtraSamples.
[ WARN:0@146.483] global grfmt_tiff.cpp:122 TIFF_Warning TIFFReadDirectory: Sum of Photometric type-related color channels and ExtraSamples doesn't match SamplesPerPixel. Defining non-color channels as ExtraSamples.
[ WARN:0@146.484] global grfmt_tiff.cpp:122 TIFF_Warning TIFFReadDirectory: Sum of Photometric type-related color channels and ExtraSamples doesn't match SamplesPerPixel. Defining non-color channels as ExtraSamples.
[ WARN:0@146.485] global grfmt_tiff.cpp:122 TIFF_Warning TIFFReadDirectory: Sum of Photometric type-related color channels and ExtraSamples doesn't match SamplesPerPixel. Defining non-color channels as ExtraSamples.
[ WARN:0@146.485] global grfmt_tiff.cpp:122 TIFF_Warning TIFFReadDirectory: Sum of Photometric type-related color channels and ExtraSamples doesn't match SamplesPerPixel. Defining non-color channels as ExtraSamples.
[ WARN:0@146.486] global grfmt_tiff.cpp:122 TIFF_Warning TIFFReadDirectory: Sum of Photometric type-related color channels and ExtraSamples doesn't match SamplesPerPixel. Defining non-color channels as ExtraSamples.
[ WARN:0@146.487] global grfmt_tiff.cpp:122 TIFF_Warning TIFFReadDirectory: Sum of Photometric type-related color channels and ExtraSamples doesn't match SamplesPerPixel. Defining non-color channels as ExtraSamples.
[ WARN:0@146.487] global grfmt_tiff.cpp:122 TIFF_Warning TIFFReadDirectory: Sum of Photometric type-related color channels and ExtraSamples doesn't match SamplesPerPixel. Defining non-color channels as ExtraSamples.
[ WARN:0@146.488] global grfmt_tiff.cpp:122 TIFF_Warning TIFFReadDirectory: Sum of Photometric type-related color channels and ExtraSamples doesn't match SamplesPerPixel. Defining non-color channels as ExtraSamples.
[ WARN:0@146.489] global grfmt_tiff.cpp:122 TIFF_Warning TIFFReadDirectory: Sum of Photometric type-related color channels and ExtraSamples doesn't match SamplesPerPixel. Defining non-color channels as ExtraSamples.
[ WARN:0@146.489] global grfmt_tiff.cpp:122 TIFF_Warning TIFFReadDirectory: Sum of Photometric type-related color channels and ExtraSamples doesn't match SamplesPerPixel. Defining non-color channels as ExtraSamples.
[ WARN:0@146.490] global grfmt_tiff.cpp:122 TIFF_Warning TIFFReadDirectory: Sum of Photometric type-related color channels and ExtraSamples doesn't match SamplesPerPixel. Defining non-color channels as ExtraSamples.
[ WARN:0@146.491] global grfmt_tiff.cpp:122 TIFF_Warning TIFFReadDirectory: Sum of Photometric type-related color channels and ExtraSamples doesn't match SamplesPerPixel. Defining non-color channels as ExtraSamples.
[ WARN:0@146.491] global grfmt_tiff.cpp:122 TIFF_Warning TIFFReadDirectory: Sum of Photometric type-related color channels and ExtraSamples doesn't match SamplesPerPixel. Defining non-color channels as ExtraSamples.
[ WARN:0@146.492] global grfmt_tiff.cpp:122 TIFF_Warning TIFFReadDirectory: Sum of Photometric type-related color channels and ExtraSamples doesn't match SamplesPerPixel. Defining non-color channels as ExtraSamples.
[ WARN:0@146.493] global grfmt_tiff.cpp:122 TIFF_Warning TIFFReadDirectory: Sum of Photometric type-related color channels and ExtraSamples doesn't match SamplesPerPixel. Defining non-color channels as ExtraSamples.
[ WARN:0@146.493] global grfmt_tiff.cpp:122 TIFF_Warning TIFFReadDirectory: Sum of Photometric type-related color channels and ExtraSamples doesn't match SamplesPerPixel. Defining non-color channels as ExtraSamples.
[ WARN:0@146.494] global grfmt_tiff.cpp:122 TIFF_Warning TIFFReadDirectory: Sum of Photometric type-related color channels and ExtraSamples doesn't match SamplesPerPixel. Defining non-color channels as ExtraSamples.
[ WARN:0@146.495] global grfmt_tiff.cpp:122 TIFF_Warning TIFFReadDirectory: Sum of Photometric type-related color channels and ExtraSamples doesn't match SamplesPerPixel. Defining non-color channels as ExtraSamples.
[ WARN:0@146.495] global grfmt_tiff.cpp:122 TIFF_Warning TIFFReadDirectory: Sum of Photometric type-related color channels and ExtraSamples doesn't match SamplesPerPixel. Defining non-color channels as ExtraSamples.
[ WARN:0@146.496] global grfmt_tiff.cpp:122 TIFF_Warning TIFFReadDirectory: Sum of Photometric type-related color channels and ExtraSamples doesn't match SamplesPerPixel. Defining non-color channels as ExtraSamples.
[ WARN:0@146.496] global grfmt_tiff.cpp:122 TIFF_Warning TIFFReadDirectory: Sum of Photometric type-related color channels and ExtraSamples doesn't match SamplesPerPixel. Defining non-color channels as ExtraSamples.
[ WARN:0@146.497] global grfmt_tiff.cpp:122 TIFF_Warning TIFFReadDirectory: Sum of Photometric type-related color channels and ExtraSamples doesn't match SamplesPerPixel. Defining non-color channels as ExtraSamples.
[ WARN:0@146.498] global grfmt_tiff.cpp:122 TIFF_Warning TIFFReadDirectory: Sum of Photometric type-related color channels and ExtraSamples doesn't match SamplesPerPixel. Defining non-color channels as ExtraSamples.
[ WARN:0@146.498] global grfmt_tiff.cpp:122 TIFF_Warning TIFFReadDirectory: Sum of Photometric type-related color channels and ExtraSamples doesn't match SamplesPerPixel. Defining non-color channels as ExtraSamples.
[ WARN:0@146.499] global grfmt_tiff.cpp:122 TIFF_Warning TIFFReadDirectory: Sum of Photometric type-related color channels and ExtraSamples doesn't match SamplesPerPixel. Defining non-color channels as ExtraSamples.
[ WARN:0@146.500] global grfmt_tiff.cpp:122 TIFF_Warning TIFFReadDirectory: Sum of Photometric type-related color channels and ExtraSamples doesn't match SamplesPerPixel. Defining non-color channels as ExtraSamples.
[ WARN:0@146.500] global grfmt_tiff.cpp:122 TIFF_Warning TIFFReadDirectory: Sum of Photometric type-related color channels and ExtraSamples doesn't match SamplesPerPixel. Defining non-color channels as ExtraSamples.
[ WARN:0@146.501] global grfmt_tiff.cpp:122 TIFF_Warning TIFFReadDirectory: Sum of Photometric type-related color channels and ExtraSamples doesn't match SamplesPerPixel. Defining non-color channels as ExtraSamples.
[ WARN:0@146.501] global grfmt_tiff.cpp:122 TIFF_Warning TIFFReadDirectory: Sum of Photometric type-related color channels and ExtraSamples doesn't match SamplesPerPixel. Defining non-color channels as ExtraSamples.
[ WARN:0@146.502] global grfmt_tiff.cpp:122 TIFF_Warning TIFFReadDirectory: Sum of Photometric type-related color channels and ExtraSamples doesn't match SamplesPerPixel. Defining non-color channels as ExtraSamples.
[ WARN:0@146.503] global grfmt_tiff.cpp:122 TIFF_Warning TIFFReadDirectory: Sum of Photometric type-related color channels and ExtraSamples doesn't match SamplesPerPixel. Defining non-color channels as ExtraSamples.
[ WARN:0@146.503] global grfmt_tiff.cpp:122 TIFF_Warning TIFFReadDirectory: Sum of Photometric type-related color channels and ExtraSamples doesn't match SamplesPerPixel. Defining non-color channels as ExtraSamples.
[ WARN:0@146.504] global grfmt_tiff.cpp:122 TIFF_Warning TIFFReadDirectory: Sum of Photometric type-related color channels and ExtraSamples doesn't match SamplesPerPixel. Defining non-color channels as ExtraSamples.
[ WARN:0@146.505] global grfmt_tiff.cpp:122 TIFF_Warning TIFFReadDirectory: Sum of Photometric type-related color channels and ExtraSamples doesn't match SamplesPerPixel. Defining non-color channels as ExtraSamples.
[ WARN:0@146.505] global grfmt_tiff.cpp:122 TIFF_Warning TIFFReadDirectory: Sum of Photometric type-related color channels and ExtraSamples doesn't match SamplesPerPixel. Defining non-color channels as ExtraSamples.
[ WARN:0@146.506] global grfmt_tiff.cpp:122 TIFF_Warning TIFFReadDirectory: Sum of Photometric type-related color channels and ExtraSamples doesn't match SamplesPerPixel. Defining non-color channels as ExtraSamples.
[ WARN:0@146.507] global grfmt_tiff.cpp:122 TIFF_Warning TIFFReadDirectory: Sum of Photometric type-related color channels and ExtraSamples doesn't match SamplesPerPixel. Defining non-color channels as ExtraSamples.
[ WARN:0@146.507] global grfmt_tiff.cpp:122 TIFF_Warning TIFFReadDirectory: Sum of Photometric type-related color channels and ExtraSamples doesn't match SamplesPerPixel. Defining non-color channels as ExtraSamples.
[ WARN:0@146.508] global grfmt_tiff.cpp:122 TIFF_Warning TIFFReadDirectory: Sum of Photometric type-related color channels and ExtraSamples doesn't match SamplesPerPixel. Defining non-color channels as ExtraSamples.
[ WARN:0@146.509] global grfmt_tiff.cpp:122 TIFF_Warning TIFFReadDirectory: Sum of Photometric type-related color channels and ExtraSamples doesn't match SamplesPerPixel. Defining non-color channels as ExtraSamples.
[ WARN:0@146.509] global grfmt_tiff.cpp:122 TIFF_Warning TIFFReadDirectory: Sum of Photometric type-related color channels and ExtraSamples doesn't match SamplesPerPixel. Defining non-color channels as ExtraSamples.
[ WARN:0@146.510] global grfmt_tiff.cpp:122 TIFF_Warning TIFFReadDirectory: Sum of Photometric type-related color channels and ExtraSamples doesn't match SamplesPerPixel. Defining non-color channels as ExtraSamples.
[ WARN:0@146.511] global grfmt_tiff.cpp:122 TIFF_Warning TIFFReadDirectory: Sum of Photometric type-related color channels and ExtraSamples doesn't match SamplesPerPixel. Defining non-color channels as ExtraSamples.
[ WARN:0@146.511] global grfmt_tiff.cpp:122 TIFF_Warning TIFFReadDirectory: Sum of Photometric type-related color channels and ExtraSamples doesn't match SamplesPerPixel. Defining non-color channels as ExtraSamples.
[ WARN:0@146.512] global grfmt_tiff.cpp:122 TIFF_Warning TIFFReadDirectory: Sum of Photometric type-related color channels and ExtraSamples doesn't match SamplesPerPixel. Defining non-color channels as ExtraSamples.
[ WARN:0@146.513] global grfmt_tiff.cpp:122 TIFF_Warning TIFFReadDirectory: Sum of Photometric type-related color channels and ExtraSamples doesn't match SamplesPerPixel. Defining non-color channels as ExtraSamples.
[ WARN:0@146.513] global grfmt_tiff.cpp:122 TIFF_Warning TIFFReadDirectory: Sum of Photometric type-related color channels and ExtraSamples doesn't match SamplesPerPixel. Defining non-color channels as ExtraSamples.
[ WARN:0@146.514] global grfmt_tiff.cpp:122 TIFF_Warning TIFFReadDirectory: Sum of Photometric type-related color channels and ExtraSamples doesn't match SamplesPerPixel. Defining non-color channels as ExtraSamples.
[ WARN:0@146.515] global grfmt_tiff.cpp:122 TIFF_Warning TIFFReadDirectory: Sum of Photometric type-related color channels and ExtraSamples doesn't match SamplesPerPixel. Defining non-color channels as ExtraSamples.
[ WARN:0@146.515] global grfmt_tiff.cpp:122 TIFF_Warning TIFFReadDirectory: Sum of Photometric type-related color channels and ExtraSamples doesn't match SamplesPerPixel. Defining non-color channels as ExtraSamples.
[ WARN:0@146.516] global grfmt_tiff.cpp:122 TIFF_Warning TIFFReadDirectory: Sum of Photometric type-related color channels and ExtraSamples doesn't match SamplesPerPixel. Defining non-color channels as ExtraSamples.
[ WARN:0@146.517] global grfmt_tiff.cpp:122 TIFF_Warning TIFFReadDirectory: Sum of Photometric type-related color channels and ExtraSamples doesn't match SamplesPerPixel. Defining non-color channels as ExtraSamples.
[ WARN:0@146.517] global grfmt_tiff.cpp:122 TIFF_Warning TIFFReadDirectory: Sum of Photometric type-related color channels and ExtraSamples doesn't match SamplesPerPixel. Defining non-color channels as ExtraSamples.
[ WARN:0@146.518] global grfmt_tiff.cpp:122 TIFF_Warning TIFFReadDirectory: Sum of Photometric type-related color channels and ExtraSamples doesn't match SamplesPerPixel. Defining non-color channels as ExtraSamples.
[ WARN:0@146.519] global grfmt_tiff.cpp:122 TIFF_Warning TIFFReadDirectory: Sum of Photometric type-related color channels and ExtraSamples doesn't match SamplesPerPixel. Defining non-color channels as ExtraSamples.
[ WARN:0@146.519] global grfmt_tiff.cpp:122 TIFF_Warning TIFFReadDirectory: Sum of Photometric type-related color channels and ExtraSamples doesn't match SamplesPerPixel. Defining non-color channels as ExtraSamples.
[ WARN:0@146.520] global grfmt_tiff.cpp:122 TIFF_Warning TIFFReadDirectory: Sum of Photometric type-related color channels and ExtraSamples doesn't match SamplesPerPixel. Defining non-color channels as ExtraSamples.
[ WARN:0@146.521] global grfmt_tiff.cpp:122 TIFF_Warning TIFFReadDirectory: Sum of Photometric type-related color channels and ExtraSamples doesn't match SamplesPerPixel. Defining non-color channels as ExtraSamples.
[ WARN:0@146.521] global grfmt_tiff.cpp:122 TIFF_Warning TIFFReadDirectory: Sum of Photometric type-related color channels and ExtraSamples doesn't match SamplesPerPixel. Defining non-color channels as ExtraSamples.
[ WARN:0@146.522] global grfmt_tiff.cpp:122 TIFF_Warning TIFFReadDirectory: Sum of Photometric type-related color channels and ExtraSamples doesn't match SamplesPerPixel. Defining non-color channels as ExtraSamples.
[ WARN:0@146.522] global grfmt_tiff.cpp:122 TIFF_Warning TIFFReadDirectory: Sum of Photometric type-related color channels and ExtraSamples doesn't match SamplesPerPixel. Defining non-color channels as ExtraSamples.
[ WARN:0@146.523] global grfmt_tiff.cpp:122 TIFF_Warning TIFFReadDirectory: Sum of Photometric type-related color channels and ExtraSamples doesn't match SamplesPerPixel. Defining non-color channels as ExtraSamples.
[ WARN:0@146.524] global grfmt_tiff.cpp:122 TIFF_Warning TIFFReadDirectory: Sum of Photometric type-related color channels and ExtraSamples doesn't match SamplesPerPixel. Defining non-color channels as ExtraSamples.
[ WARN:0@146.524] global grfmt_tiff.cpp:122 TIFF_Warning TIFFReadDirectory: Sum of Photometric type-related color channels and ExtraSamples doesn't match SamplesPerPixel. Defining non-color channels as ExtraSamples.
[ WARN:0@146.525] global grfmt_tiff.cpp:122 TIFF_Warning TIFFReadDirectory: Sum of Photometric type-related color channels and ExtraSamples doesn't match SamplesPerPixel. Defining non-color channels as ExtraSamples.
[ WARN:0@146.526] global grfmt_tiff.cpp:122 TIFF_Warning TIFFReadDirectory: Sum of Photometric type-related color channels and ExtraSamples doesn't match SamplesPerPixel. Defining non-color channels as ExtraSamples.
[ WARN:0@146.526] global grfmt_tiff.cpp:122 TIFF_Warning TIFFReadDirectory: Sum of Photometric type-related color channels and ExtraSamples doesn't match SamplesPerPixel. Defining non-color channels as ExtraSamples.
[ WARN:0@146.527] global grfmt_tiff.cpp:122 TIFF_Warning TIFFReadDirectory: Sum of Photometric type-related color channels and ExtraSamples doesn't match SamplesPerPixel. Defining non-color channels as ExtraSamples.
[ WARN:0@146.528] global grfmt_tiff.cpp:122 TIFF_Warning TIFFReadDirectory: Sum of Photometric type-related color channels and ExtraSamples doesn't match SamplesPerPixel. Defining non-color channels as ExtraSamples.
[ WARN:0@146.528] global grfmt_tiff.cpp:122 TIFF_Warning TIFFReadDirectory: Sum of Photometric type-related color channels and ExtraSamples doesn't match SamplesPerPixel. Defining non-color channels as ExtraSamples.
[ WARN:0@146.529] global grfmt_tiff.cpp:122 TIFF_Warning TIFFReadDirectory: Sum of Photometric type-related color channels and ExtraSamples doesn't match SamplesPerPixel. Defining non-color channels as ExtraSamples.
[ WARN:0@146.530] global grfmt_tiff.cpp:122 TIFF_Warning TIFFReadDirectory: Sum of Photometric type-related color channels and ExtraSamples doesn't match SamplesPerPixel. Defining non-color channels as ExtraSamples.
[ WARN:0@146.530] global grfmt_tiff.cpp:122 TIFF_Warning TIFFReadDirectory: Sum of Photometric type-related color channels and ExtraSamples doesn't match SamplesPerPixel. Defining non-color channels as ExtraSamples.
[ WARN:0@146.531] global grfmt_tiff.cpp:122 TIFF_Warning TIFFReadDirectory: Sum of Photometric type-related color channels and ExtraSamples doesn't match SamplesPerPixel. Defining non-color channels as ExtraSamples.
[ WARN:0@146.532] global grfmt_tiff.cpp:122 TIFF_Warning TIFFReadDirectory: Sum of Photometric type-related color channels and ExtraSamples doesn't match SamplesPerPixel. Defining non-color channels as ExtraSamples.
[ WARN:0@146.533] global grfmt_tiff.cpp:122 TIFF_Warning TIFFReadDirectory: Sum of Photometric type-related color channels and ExtraSamples doesn't match SamplesPerPixel. Defining non-color channels as ExtraSamples.
[ WARN:0@146.533] global grfmt_tiff.cpp:122 TIFF_Warning TIFFReadDirectory: Sum of Photometric type-related color channels and ExtraSamples doesn't match SamplesPerPixel. Defining non-color channels as ExtraSamples.
[ WARN:0@146.534] global grfmt_tiff.cpp:122 TIFF_Warning TIFFReadDirectory: Sum of Photometric type-related color channels and ExtraSamples doesn't match SamplesPerPixel. Defining non-color channels as ExtraSamples.
[ WARN:0@146.535] global grfmt_tiff.cpp:122 TIFF_Warning TIFFReadDirectory: Sum of Photometric type-related color channels and ExtraSamples doesn't match SamplesPerPixel. Defining non-color channels as ExtraSamples.
[ WARN:0@146.535] global grfmt_tiff.cpp:122 TIFF_Warning TIFFReadDirectory: Sum of Photometric type-related color channels and ExtraSamples doesn't match SamplesPerPixel. Defining non-color channels as ExtraSamples.
[ WARN:0@146.536] global grfmt_tiff.cpp:122 TIFF_Warning TIFFReadDirectory: Sum of Photometric type-related color channels and ExtraSamples doesn't match SamplesPerPixel. Defining non-color channels as ExtraSamples.
[ WARN:0@146.537] global grfmt_tiff.cpp:122 TIFF_Warning TIFFReadDirectory: Sum of Photometric type-related color channels and ExtraSamples doesn't match SamplesPerPixel. Defining non-color channels as ExtraSamples.
[ WARN:0@146.537] global grfmt_tiff.cpp:122 TIFF_Warning TIFFReadDirectory: Sum of Photometric type-related color channels and ExtraSamples doesn't match SamplesPerPixel. Defining non-color channels as ExtraSamples.
[ WARN:0@146.538] global grfmt_tiff.cpp:122 TIFF_Warning TIFFReadDirectory: Sum of Photometric type-related color channels and ExtraSamples doesn't match SamplesPerPixel. Defining non-color channels as ExtraSamples.
[ WARN:0@146.539] global grfmt_tiff.cpp:122 TIFF_Warning TIFFReadDirectory: Sum of Photometric type-related color channels and ExtraSamples doesn't match SamplesPerPixel. Defining non-color channels as ExtraSamples.
[ WARN:0@146.539] global grfmt_tiff.cpp:122 TIFF_Warning TIFFReadDirectory: Sum of Photometric type-related color channels and ExtraSamples doesn't match SamplesPerPixel. Defining non-color channels as ExtraSamples.
[ WARN:0@146.540] global grfmt_tiff.cpp:122 TIFF_Warning TIFFReadDirectory: Sum of Photometric type-related color channels and ExtraSamples doesn't match SamplesPerPixel. Defining non-color channels as ExtraSamples.
[ WARN:0@146.541] global grfmt_tiff.cpp:122 TIFF_Warning TIFFReadDirectory: Sum of Photometric type-related color channels and ExtraSamples doesn't match SamplesPerPixel. Defining non-color channels as ExtraSamples.
[ WARN:0@146.541] global grfmt_tiff.cpp:122 TIFF_Warning TIFFReadDirectory: Sum of Photometric type-related color channels and ExtraSamples doesn't match SamplesPerPixel. Defining non-color channels as ExtraSamples.
[ WARN:0@146.542] global grfmt_tiff.cpp:122 TIFF_Warning TIFFReadDirectory: Sum of Photometric type-related color channels and ExtraSamples doesn't match SamplesPerPixel. Defining non-color channels as ExtraSamples.
[ WARN:0@146.543] global grfmt_tiff.cpp:122 TIFF_Warning TIFFReadDirectory: Sum of Photometric type-related color channels and ExtraSamples doesn't match SamplesPerPixel. Defining non-color channels as ExtraSamples.
[ WARN:0@146.543] global grfmt_tiff.cpp:122 TIFF_Warning TIFFReadDirectory: Sum of Photometric type-related color channels and ExtraSamples doesn't match SamplesPerPixel. Defining non-color channels as ExtraSamples.
[ WARN:0@146.544] global grfmt_tiff.cpp:122 TIFF_Warning TIFFReadDirectory: Sum of Photometric type-related color channels and ExtraSamples doesn't match SamplesPerPixel. Defining non-color channels as ExtraSamples.
[ WARN:0@146.545] global grfmt_tiff.cpp:122 TIFF_Warning TIFFReadDirectory: Sum of Photometric type-related color channels and ExtraSamples doesn't match SamplesPerPixel. Defining non-color channels as ExtraSamples.
[ WARN:0@146.545] global grfmt_tiff.cpp:122 TIFF_Warning TIFFReadDirectory: Sum of Photometric type-related color channels and ExtraSamples doesn't match SamplesPerPixel. Defining non-color channels as ExtraSamples.
[ WARN:0@146.546] global grfmt_tiff.cpp:122 TIFF_Warning TIFFReadDirectory: Sum of Photometric type-related color channels and ExtraSamples doesn't match SamplesPerPixel. Defining non-color channels as ExtraSamples.
[ WARN:0@146.547] global grfmt_tiff.cpp:122 TIFF_Warning TIFFReadDirectory: Sum of Photometric type-related color channels and ExtraSamples doesn't match SamplesPerPixel. Defining non-color channels as ExtraSamples.
[ WARN:0@146.547] global grfmt_tiff.cpp:122 TIFF_Warning TIFFReadDirectory: Sum of Photometric type-related color channels and ExtraSamples doesn't match SamplesPerPixel. Defining non-color channels as ExtraSamples.
[ WARN:0@146.548] global grfmt_tiff.cpp:122 TIFF_Warning TIFFReadDirectory: Sum of Photometric type-related color channels and ExtraSamples doesn't match SamplesPerPixel. Defining non-color channels as ExtraSamples.
[ WARN:0@146.548] global grfmt_tiff.cpp:122 TIFF_Warning TIFFReadDirectory: Sum of Photometric type-related color channels and ExtraSamples doesn't match SamplesPerPixel. Defining non-color channels as ExtraSamples.
[ WARN:0@146.549] global grfmt_tiff.cpp:122 TIFF_Warning TIFFReadDirectory: Sum of Photometric type-related color channels and ExtraSamples doesn't match SamplesPerPixel. Defining non-color channels as ExtraSamples.
[ WARN:0@146.550] global grfmt_tiff.cpp:122 TIFF_Warning TIFFReadDirectory: Sum of Photometric type-related color channels and ExtraSamples doesn't match SamplesPerPixel. Defining non-color channels as ExtraSamples.
[ WARN:0@146.550] global grfmt_tiff.cpp:122 TIFF_Warning TIFFReadDirectory: Sum of Photometric type-related color channels and ExtraSamples doesn't match SamplesPerPixel. Defining non-color channels as ExtraSamples.
[ WARN:0@146.551] global grfmt_tiff.cpp:122 TIFF_Warning TIFFReadDirectory: Sum of Photometric type-related color channels and ExtraSamples doesn't match SamplesPerPixel. Defining non-color channels as ExtraSamples.
[ WARN:0@146.552] global grfmt_tiff.cpp:122 TIFF_Warning TIFFReadDirectory: Sum of Photometric type-related color channels and ExtraSamples doesn't match SamplesPerPixel. Defining non-color channels as ExtraSamples.
[ WARN:0@146.552] global grfmt_tiff.cpp:122 TIFF_Warning TIFFReadDirectory: Sum of Photometric type-related color channels and ExtraSamples doesn't match SamplesPerPixel. Defining non-color channels as ExtraSamples.
[ WARN:0@146.553] global grfmt_tiff.cpp:122 TIFF_Warning TIFFReadDirectory: Sum of Photometric type-related color channels and ExtraSamples doesn't match SamplesPerPixel. Defining non-color channels as ExtraSamples.
[ WARN:0@146.553] global grfmt_tiff.cpp:122 TIFF_Warning TIFFReadDirectory: Sum of Photometric type-related color channels and ExtraSamples doesn't match SamplesPerPixel. Defining non-color channels as ExtraSamples.
[ WARN:0@146.554] global grfmt_tiff.cpp:122 TIFF_Warning TIFFReadDirectory: Sum of Photometric type-related color channels and ExtraSamples doesn't match SamplesPerPixel. Defining non-color channels as ExtraSamples.
[ WARN:0@146.555] global grfmt_tiff.cpp:122 TIFF_Warning TIFFReadDirectory: Sum of Photometric type-related color channels and ExtraSamples doesn't match SamplesPerPixel. Defining non-color channels as ExtraSamples.
[ WARN:0@146.555] global grfmt_tiff.cpp:122 TIFF_Warning TIFFReadDirectory: Sum of Photometric type-related color channels and ExtraSamples doesn't match SamplesPerPixel. Defining non-color channels as ExtraSamples.
[ WARN:0@146.556] global grfmt_tiff.cpp:122 TIFF_Warning TIFFReadDirectory: Sum of Photometric type-related color channels and ExtraSamples doesn't match SamplesPerPixel. Defining non-color channels as ExtraSamples.
[ WARN:0@146.557] global grfmt_tiff.cpp:122 TIFF_Warning TIFFReadDirectory: Sum of Photometric type-related color channels and ExtraSamples doesn't match SamplesPerPixel. Defining non-color channels as ExtraSamples.
[ WARN:0@146.557] global grfmt_tiff.cpp:122 TIFF_Warning TIFFReadDirectory: Sum of Photometric type-related color channels and ExtraSamples doesn't match SamplesPerPixel. Defining non-color channels as ExtraSamples.
[ WARN:0@146.558] global grfmt_tiff.cpp:122 TIFF_Warning TIFFReadDirectory: Sum of Photometric type-related color channels and ExtraSamples doesn't match SamplesPerPixel. Defining non-color channels as ExtraSamples.
[ WARN:0@146.559] global grfmt_tiff.cpp:122 TIFF_Warning TIFFReadDirectory: Sum of Photometric type-related color channels and ExtraSamples doesn't match SamplesPerPixel. Defining non-color channels as ExtraSamples.
[ WARN:0@146.559] global grfmt_tiff.cpp:122 TIFF_Warning TIFFReadDirectory: Sum of Photometric type-related color channels and ExtraSamples doesn't match SamplesPerPixel. Defining non-color channels as ExtraSamples.
[ WARN:0@146.560] global grfmt_tiff.cpp:122 TIFF_Warning TIFFReadDirectory: Sum of Photometric type-related color channels and ExtraSamples doesn't match SamplesPerPixel. Defining non-color channels as ExtraSamples.
[ WARN:0@146.561] global grfmt_tiff.cpp:122 TIFF_Warning TIFFReadDirectory: Sum of Photometric type-related color channels and ExtraSamples doesn't match SamplesPerPixel. Defining non-color channels as ExtraSamples.
[ WARN:0@146.561] global grfmt_tiff.cpp:122 TIFF_Warning TIFFReadDirectory: Sum of Photometric type-related color channels and ExtraSamples doesn't match SamplesPerPixel. Defining non-color channels as ExtraSamples.
[ WARN:0@146.562] global grfmt_tiff.cpp:122 TIFF_Warning TIFFReadDirectory: Sum of Photometric type-related color channels and ExtraSamples doesn't match SamplesPerPixel. Defining non-color channels as ExtraSamples.
[ WARN:0@146.563] global grfmt_tiff.cpp:122 TIFF_Warning TIFFReadDirectory: Sum of Photometric type-related color channels and ExtraSamples doesn't match SamplesPerPixel. Defining non-color channels as ExtraSamples.
[ WARN:0@146.563] global grfmt_tiff.cpp:122 TIFF_Warning TIFFReadDirectory: Sum of Photometric type-related color channels and ExtraSamples doesn't match SamplesPerPixel. Defining non-color channels as ExtraSamples.
[ WARN:0@146.564] global grfmt_tiff.cpp:122 TIFF_Warning TIFFReadDirectory: Sum of Photometric type-related color channels and ExtraSamples doesn't match SamplesPerPixel. Defining non-color channels as ExtraSamples.
[ WARN:0@146.565] global grfmt_tiff.cpp:122 TIFF_Warning TIFFReadDirectory: Sum of Photometric type-related color channels and ExtraSamples doesn't match SamplesPerPixel. Defining non-color channels as ExtraSamples.
[ WARN:0@146.565] global grfmt_tiff.cpp:122 TIFF_Warning TIFFReadDirectory: Sum of Photometric type-related color channels and ExtraSamples doesn't match SamplesPerPixel. Defining non-color channels as ExtraSamples.
[ WARN:0@146.566] global grfmt_tiff.cpp:122 TIFF_Warning TIFFReadDirectory: Sum of Photometric type-related color channels and ExtraSamples doesn't match SamplesPerPixel. Defining non-color channels as ExtraSamples.
[ WARN:0@146.567] global grfmt_tiff.cpp:122 TIFF_Warning TIFFReadDirectory: Sum of Photometric type-related color channels and ExtraSamples doesn't match SamplesPerPixel. Defining non-color channels as ExtraSamples.
[ WARN:0@146.567] global grfmt_tiff.cpp:122 TIFF_Warning TIFFReadDirectory: Sum of Photometric type-related color channels and ExtraSamples doesn't match SamplesPerPixel. Defining non-color channels as ExtraSamples.
[ WARN:0@146.568] global grfmt_tiff.cpp:122 TIFF_Warning TIFFReadDirectory: Sum of Photometric type-related color channels and ExtraSamples doesn't match SamplesPerPixel. Defining non-color channels as ExtraSamples.
[ WARN:0@146.569] global grfmt_tiff.cpp:122 TIFF_Warning TIFFReadDirectory: Sum of Photometric type-related color channels and ExtraSamples doesn't match SamplesPerPixel. Defining non-color channels as ExtraSamples.
[ WARN:0@146.569] global grfmt_tiff.cpp:122 TIFF_Warning TIFFReadDirectory: Sum of Photometric type-related color channels and ExtraSamples doesn't match SamplesPerPixel. Defining non-color channels as ExtraSamples.
[ WARN:0@146.570] global grfmt_tiff.cpp:122 TIFF_Warning TIFFReadDirectory: Sum of Photometric type-related color channels and ExtraSamples doesn't match SamplesPerPixel. Defining non-color channels as ExtraSamples.
[ WARN:0@146.571] global grfmt_tiff.cpp:122 TIFF_Warning TIFFReadDirectory: Sum of Photometric type-related color channels and ExtraSamples doesn't match SamplesPerPixel. Defining non-color channels as ExtraSamples.
[ WARN:0@146.571] global grfmt_tiff.cpp:122 TIFF_Warning TIFFReadDirectory: Sum of Photometric type-related color channels and ExtraSamples doesn't match SamplesPerPixel. Defining non-color channels as ExtraSamples.
[ WARN:0@146.572] global grfmt_tiff.cpp:122 TIFF_Warning TIFFReadDirectory: Sum of Photometric type-related color channels and ExtraSamples doesn't match SamplesPerPixel. Defining non-color channels as ExtraSamples.
[ WARN:0@146.573] global grfmt_tiff.cpp:122 TIFF_Warning TIFFReadDirectory: Sum of Photometric type-related color channels and ExtraSamples doesn't match SamplesPerPixel. Defining non-color channels as ExtraSamples.
[ WARN:0@146.573] global grfmt_tiff.cpp:122 TIFF_Warning TIFFReadDirectory: Sum of Photometric type-related color channels and ExtraSamples doesn't match SamplesPerPixel. Defining non-color channels as ExtraSamples.
[ WARN:0@146.574] global grfmt_tiff.cpp:122 TIFF_Warning TIFFReadDirectory: Sum of Photometric type-related color channels and ExtraSamples doesn't match SamplesPerPixel. Defining non-color channels as ExtraSamples.
[ WARN:0@146.574] global grfmt_tiff.cpp:122 TIFF_Warning TIFFReadDirectory: Sum of Photometric type-related color channels and ExtraSamples doesn't match SamplesPerPixel. Defining non-color channels as ExtraSamples.
[ WARN:0@146.575] global grfmt_tiff.cpp:122 TIFF_Warning TIFFReadDirectory: Sum of Photometric type-related color channels and ExtraSamples doesn't match SamplesPerPixel. Defining non-color channels as ExtraSamples.
[ WARN:0@146.576] global grfmt_tiff.cpp:122 TIFF_Warning TIFFReadDirectory: Sum of Photometric type-related color channels and ExtraSamples doesn't match SamplesPerPixel. Defining non-color channels as ExtraSamples.
[ WARN:0@146.576] global grfmt_tiff.cpp:122 TIFF_Warning TIFFReadDirectory: Sum of Photometric type-related color channels and ExtraSamples doesn't match SamplesPerPixel. Defining non-color channels as ExtraSamples.
[ WARN:0@146.577] global grfmt_tiff.cpp:122 TIFF_Warning TIFFReadDirectory: Sum of Photometric type-related color channels and ExtraSamples doesn't match SamplesPerPixel. Defining non-color channels as ExtraSamples.
[ WARN:0@146.578] global grfmt_tiff.cpp:122 TIFF_Warning TIFFReadDirectory: Sum of Photometric type-related color channels and ExtraSamples doesn't match SamplesPerPixel. Defining non-color channels as ExtraSamples.
[ WARN:0@146.578] global grfmt_tiff.cpp:122 TIFF_Warning TIFFReadDirectory: Sum of Photometric type-related color channels and ExtraSamples doesn't match SamplesPerPixel. Defining non-color channels as ExtraSamples.
[ WARN:0@146.579] global grfmt_tiff.cpp:122 TIFF_Warning TIFFReadDirectory: Sum of Photometric type-related color channels and ExtraSamples doesn't match SamplesPerPixel. Defining non-color channels as ExtraSamples.
[ WARN:0@146.580] global grfmt_tiff.cpp:122 TIFF_Warning TIFFReadDirectory: Sum of Photometric type-related color channels and ExtraSamples doesn't match SamplesPerPixel. Defining non-color channels as ExtraSamples.
[ WARN:0@146.580] global grfmt_tiff.cpp:122 TIFF_Warning TIFFReadDirectory: Sum of Photometric type-related color channels and ExtraSamples doesn't match SamplesPerPixel. Defining non-color channels as ExtraSamples.
[ WARN:0@146.581] global grfmt_tiff.cpp:122 TIFF_Warning TIFFReadDirectory: Sum of Photometric type-related color channels and ExtraSamples doesn't match SamplesPerPixel. Defining non-color channels as ExtraSamples.
[ WARN:0@146.582] global grfmt_tiff.cpp:122 TIFF_Warning TIFFReadDirectory: Sum of Photometric type-related color channels and ExtraSamples doesn't match SamplesPerPixel. Defining non-color channels as ExtraSamples.
[ WARN:0@146.582] global grfmt_tiff.cpp:122 TIFF_Warning TIFFReadDirectory: Sum of Photometric type-related color channels and ExtraSamples doesn't match SamplesPerPixel. Defining non-color channels as ExtraSamples.
[ WARN:0@146.583] global grfmt_tiff.cpp:122 TIFF_Warning TIFFReadDirectory: Sum of Photometric type-related color channels and ExtraSamples doesn't match SamplesPerPixel. Defining non-color channels as ExtraSamples.
[ WARN:0@146.584] global grfmt_tiff.cpp:122 TIFF_Warning TIFFReadDirectory: Sum of Photometric type-related color channels and ExtraSamples doesn't match SamplesPerPixel. Defining non-color channels as ExtraSamples.
[ WARN:0@146.584] global grfmt_tiff.cpp:122 TIFF_Warning TIFFReadDirectory: Sum of Photometric type-related color channels and ExtraSamples doesn't match SamplesPerPixel. Defining non-color channels as ExtraSamples.
[ WARN:0@146.585] global grfmt_tiff.cpp:122 TIFF_Warning TIFFReadDirectory: Sum of Photometric type-related color channels and ExtraSamples doesn't match SamplesPerPixel. Defining non-color channels as ExtraSamples.
[ WARN:0@146.586] global grfmt_tiff.cpp:122 TIFF_Warning TIFFReadDirectory: Sum of Photometric type-related color channels and ExtraSamples doesn't match SamplesPerPixel. Defining non-color channels as ExtraSamples.
[ WARN:0@146.587] global grfmt_tiff.cpp:122 TIFF_Warning TIFFReadDirectory: Sum of Photometric type-related color channels and ExtraSamples doesn't match SamplesPerPixel. Defining non-color channels as ExtraSamples.
[ WARN:0@146.587] global grfmt_tiff.cpp:122 TIFF_Warning TIFFReadDirectory: Sum of Photometric type-related color channels and ExtraSamples doesn't match SamplesPerPixel. Defining non-color channels as ExtraSamples.
[ WARN:0@146.588] global grfmt_tiff.cpp:122 TIFF_Warning TIFFReadDirectory: Sum of Photometric type-related color channels and ExtraSamples doesn't match SamplesPerPixel. Defining non-color channels as ExtraSamples.
[ WARN:0@146.589] global grfmt_tiff.cpp:122 TIFF_Warning TIFFReadDirectory: Sum of Photometric type-related color channels and ExtraSamples doesn't match SamplesPerPixel. Defining non-color channels as ExtraSamples.
[ WARN:0@146.589] global grfmt_tiff.cpp:122 TIFF_Warning TIFFReadDirectory: Sum of Photometric type-related color channels and ExtraSamples doesn't match SamplesPerPixel. Defining non-color channels as ExtraSamples.
[ WARN:0@146.590] global grfmt_tiff.cpp:122 TIFF_Warning TIFFReadDirectory: Sum of Photometric type-related color channels and ExtraSamples doesn't match SamplesPerPixel. Defining non-color channels as ExtraSamples.
[ WARN:0@146.591] global grfmt_tiff.cpp:122 TIFF_Warning TIFFReadDirectory: Sum of Photometric type-related color channels and ExtraSamples doesn't match SamplesPerPixel. Defining non-color channels as ExtraSamples.
[ WARN:0@146.591] global grfmt_tiff.cpp:122 TIFF_Warning TIFFReadDirectory: Sum of Photometric type-related color channels and ExtraSamples doesn't match SamplesPerPixel. Defining non-color channels as ExtraSamples.
[ WARN:0@146.592] global grfmt_tiff.cpp:122 TIFF_Warning TIFFReadDirectory: Sum of Photometric type-related color channels and ExtraSamples doesn't match SamplesPerPixel. Defining non-color channels as ExtraSamples.
[ WARN:0@146.593] global grfmt_tiff.cpp:122 TIFF_Warning TIFFReadDirectory: Sum of Photometric type-related color channels and ExtraSamples doesn't match SamplesPerPixel. Defining non-color channels as ExtraSamples.
[ WARN:0@146.593] global grfmt_tiff.cpp:122 TIFF_Warning TIFFReadDirectory: Sum of Photometric type-related color channels and ExtraSamples doesn't match SamplesPerPixel. Defining non-color channels as ExtraSamples.
[ WARN:0@146.594] global grfmt_tiff.cpp:122 TIFF_Warning TIFFReadDirectory: Sum of Photometric type-related color channels and ExtraSamples doesn't match SamplesPerPixel. Defining non-color channels as ExtraSamples.
[ WARN:0@146.595] global grfmt_tiff.cpp:122 TIFF_Warning TIFFReadDirectory: Sum of Photometric type-related color channels and ExtraSamples doesn't match SamplesPerPixel. Defining non-color channels as ExtraSamples.
[ WARN:0@146.595] global grfmt_tiff.cpp:122 TIFF_Warning TIFFReadDirectory: Sum of Photometric type-related color channels and ExtraSamples doesn't match SamplesPerPixel. Defining non-color channels as ExtraSamples.
[ WARN:0@146.596] global grfmt_tiff.cpp:122 TIFF_Warning TIFFReadDirectory: Sum of Photometric type-related color channels and ExtraSamples doesn't match SamplesPerPixel. Defining non-color channels as ExtraSamples.
[ WARN:0@146.597] global grfmt_tiff.cpp:122 TIFF_Warning TIFFReadDirectory: Sum of Photometric type-related color channels and ExtraSamples doesn't match SamplesPerPixel. Defining non-color channels as ExtraSamples.
[ WARN:0@146.597] global grfmt_tiff.cpp:122 TIFF_Warning TIFFReadDirectory: Sum of Photometric type-related color channels and ExtraSamples doesn't match SamplesPerPixel. Defining non-color channels as ExtraSamples.
[ WARN:0@146.598] global grfmt_tiff.cpp:122 TIFF_Warning TIFFReadDirectory: Sum of Photometric type-related color channels and ExtraSamples doesn't match SamplesPerPixel. Defining non-color channels as ExtraSamples.
[ WARN:0@146.599] global grfmt_tiff.cpp:122 TIFF_Warning TIFFReadDirectory: Sum of Photometric type-related color channels and ExtraSamples doesn't match SamplesPerPixel. Defining non-color channels as ExtraSamples.
[ WARN:0@146.599] global grfmt_tiff.cpp:122 TIFF_Warning TIFFReadDirectory: Sum of Photometric type-related color channels and ExtraSamples doesn't match SamplesPerPixel. Defining non-color channels as ExtraSamples.
[ WARN:0@146.600] global grfmt_tiff.cpp:122 TIFF_Warning TIFFReadDirectory: Sum of Photometric type-related color channels and ExtraSamples doesn't match SamplesPerPixel. Defining non-color channels as ExtraSamples.
[ WARN:0@146.600] global grfmt_tiff.cpp:122 TIFF_Warning TIFFReadDirectory: Sum of Photometric type-related color channels and ExtraSamples doesn't match SamplesPerPixel. Defining non-color channels as ExtraSamples.
[ WARN:0@146.601] global grfmt_tiff.cpp:122 TIFF_Warning TIFFReadDirectory: Sum of Photometric type-related color channels and ExtraSamples doesn't match SamplesPerPixel. Defining non-color channels as ExtraSamples.
[ WARN:0@146.602] global grfmt_tiff.cpp:122 TIFF_Warning TIFFReadDirectory: Sum of Photometric type-related color channels and ExtraSamples doesn't match SamplesPerPixel. Defining non-color channels as ExtraSamples.
[ WARN:0@146.602] global grfmt_tiff.cpp:122 TIFF_Warning TIFFReadDirectory: Sum of Photometric type-related color channels and ExtraSamples doesn't match SamplesPerPixel. Defining non-color channels as ExtraSamples.
[ WARN:0@146.603] global grfmt_tiff.cpp:122 TIFF_Warning TIFFReadDirectory: Sum of Photometric type-related color channels and ExtraSamples doesn't match SamplesPerPixel. Defining non-color channels as ExtraSamples.
[ WARN:0@146.604] global grfmt_tiff.cpp:122 TIFF_Warning TIFFReadDirectory: Sum of Photometric type-related color channels and ExtraSamples doesn't match SamplesPerPixel. Defining non-color channels as ExtraSamples.
[ WARN:0@146.604] global grfmt_tiff.cpp:122 TIFF_Warning TIFFReadDirectory: Sum of Photometric type-related color channels and ExtraSamples doesn't match SamplesPerPixel. Defining non-color channels as ExtraSamples.
[ WARN:0@146.605] global grfmt_tiff.cpp:122 TIFF_Warning TIFFReadDirectory: Sum of Photometric type-related color channels and ExtraSamples doesn't match SamplesPerPixel. Defining non-color channels as ExtraSamples.
[ WARN:0@146.605] global grfmt_tiff.cpp:122 TIFF_Warning TIFFReadDirectory: Sum of Photometric type-related color channels and ExtraSamples doesn't match SamplesPerPixel. Defining non-color channels as ExtraSamples.
[ WARN:0@146.606] global grfmt_tiff.cpp:122 TIFF_Warning TIFFReadDirectory: Sum of Photometric type-related color channels and ExtraSamples doesn't match SamplesPerPixel. Defining non-color channels as ExtraSamples.
[ WARN:0@146.607] global grfmt_tiff.cpp:122 TIFF_Warning TIFFReadDirectory: Sum of Photometric type-related color channels and ExtraSamples doesn't match SamplesPerPixel. Defining non-color channels as ExtraSamples.
[ WARN:0@146.607] global grfmt_tiff.cpp:122 TIFF_Warning TIFFReadDirectory: Sum of Photometric type-related color channels and ExtraSamples doesn't match SamplesPerPixel. Defining non-color channels as ExtraSamples.
[ WARN:0@146.608] global grfmt_tiff.cpp:122 TIFF_Warning TIFFReadDirectory: Sum of Photometric type-related color channels and ExtraSamples doesn't match SamplesPerPixel. Defining non-color channels as ExtraSamples.
[ WARN:0@146.609] global grfmt_tiff.cpp:122 TIFF_Warning TIFFReadDirectory: Sum of Photometric type-related color channels and ExtraSamples doesn't match SamplesPerPixel. Defining non-color channels as ExtraSamples.
[ WARN:0@146.609] global grfmt_tiff.cpp:122 TIFF_Warning TIFFReadDirectory: Sum of Photometric type-related color channels and ExtraSamples doesn't match SamplesPerPixel. Defining non-color channels as ExtraSamples.
[ WARN:0@146.610] global grfmt_tiff.cpp:122 TIFF_Warning TIFFReadDirectory: Sum of Photometric type-related color channels and ExtraSamples doesn't match SamplesPerPixel. Defining non-color channels as ExtraSamples.
[ WARN:0@146.611] global grfmt_tiff.cpp:122 TIFF_Warning TIFFReadDirectory: Sum of Photometric type-related color channels and ExtraSamples doesn't match SamplesPerPixel. Defining non-color channels as ExtraSamples.
[ WARN:0@146.611] global grfmt_tiff.cpp:122 TIFF_Warning TIFFReadDirectory: Sum of Photometric type-related color channels and ExtraSamples doesn't match SamplesPerPixel. Defining non-color channels as ExtraSamples.
[ WARN:0@146.612] global grfmt_tiff.cpp:122 TIFF_Warning TIFFReadDirectory: Sum of Photometric type-related color channels and ExtraSamples doesn't match SamplesPerPixel. Defining non-color channels as ExtraSamples.
[ WARN:0@146.613] global grfmt_tiff.cpp:122 TIFF_Warning TIFFReadDirectory: Sum of Photometric type-related color channels and ExtraSamples doesn't match SamplesPerPixel. Defining non-color channels as ExtraSamples.
[ WARN:0@146.613] global grfmt_tiff.cpp:122 TIFF_Warning TIFFReadDirectory: Sum of Photometric type-related color channels and ExtraSamples doesn't match SamplesPerPixel. Defining non-color channels as ExtraSamples.
[ WARN:0@146.614] global grfmt_tiff.cpp:122 TIFF_Warning TIFFReadDirectory: Sum of Photometric type-related color channels and ExtraSamples doesn't match SamplesPerPixel. Defining non-color channels as ExtraSamples.
[ WARN:0@146.615] global grfmt_tiff.cpp:122 TIFF_Warning TIFFReadDirectory: Sum of Photometric type-related color channels and ExtraSamples doesn't match SamplesPerPixel. Defining non-color channels as ExtraSamples.
[ WARN:0@146.615] global grfmt_tiff.cpp:122 TIFF_Warning TIFFReadDirectory: Sum of Photometric type-related color channels and ExtraSamples doesn't match SamplesPerPixel. Defining non-color channels as ExtraSamples.
[ WARN:0@146.616] global grfmt_tiff.cpp:122 TIFF_Warning TIFFReadDirectory: Sum of Photometric type-related color channels and ExtraSamples doesn't match SamplesPerPixel. Defining non-color channels as ExtraSamples.
[ WARN:0@146.617] global grfmt_tiff.cpp:122 TIFF_Warning TIFFReadDirectory: Sum of Photometric type-related color channels and ExtraSamples doesn't match SamplesPerPixel. Defining non-color channels as ExtraSamples.
[ WARN:0@146.617] global grfmt_tiff.cpp:122 TIFF_Warning TIFFReadDirectory: Sum of Photometric type-related color channels and ExtraSamples doesn't match SamplesPerPixel. Defining non-color channels as ExtraSamples.
[ WARN:0@146.618] global grfmt_tiff.cpp:122 TIFF_Warning TIFFReadDirectory: Sum of Photometric type-related color channels and ExtraSamples doesn't match SamplesPerPixel. Defining non-color channels as ExtraSamples.
[ WARN:0@146.619] global grfmt_tiff.cpp:122 TIFF_Warning TIFFReadDirectory: Sum of Photometric type-related color channels and ExtraSamples doesn't match SamplesPerPixel. Defining non-color channels as ExtraSamples.
[ WARN:0@146.619] global grfmt_tiff.cpp:122 TIFF_Warning TIFFReadDirectory: Sum of Photometric type-related color channels and ExtraSamples doesn't match SamplesPerPixel. Defining non-color channels as ExtraSamples.
[ WARN:0@146.620] global grfmt_tiff.cpp:122 TIFF_Warning TIFFReadDirectory: Sum of Photometric type-related color channels and ExtraSamples doesn't match SamplesPerPixel. Defining non-color channels as ExtraSamples.
[ WARN:0@146.621] global grfmt_tiff.cpp:122 TIFF_Warning TIFFReadDirectory: Sum of Photometric type-related color channels and ExtraSamples doesn't match SamplesPerPixel. Defining non-color channels as ExtraSamples.
[ WARN:0@146.621] global grfmt_tiff.cpp:122 TIFF_Warning TIFFReadDirectory: Sum of Photometric type-related color channels and ExtraSamples doesn't match SamplesPerPixel. Defining non-color channels as ExtraSamples.
[ WARN:0@146.622] global grfmt_tiff.cpp:122 TIFF_Warning TIFFReadDirectory: Sum of Photometric type-related color channels and ExtraSamples doesn't match SamplesPerPixel. Defining non-color channels as ExtraSamples.
[ WARN:0@146.623] global grfmt_tiff.cpp:122 TIFF_Warning TIFFReadDirectory: Sum of Photometric type-related color channels and ExtraSamples doesn't match SamplesPerPixel. Defining non-color channels as ExtraSamples.
[ WARN:0@146.623] global grfmt_tiff.cpp:122 TIFF_Warning TIFFReadDirectory: Sum of Photometric type-related color channels and ExtraSamples doesn't match SamplesPerPixel. Defining non-color channels as ExtraSamples.
[ WARN:0@146.624] global grfmt_tiff.cpp:122 TIFF_Warning TIFFReadDirectory: Sum of Photometric type-related color channels and ExtraSamples doesn't match SamplesPerPixel. Defining non-color channels as ExtraSamples.
[ WARN:0@146.625] global grfmt_tiff.cpp:122 TIFF_Warning TIFFReadDirectory: Sum of Photometric type-related color channels and ExtraSamples doesn't match SamplesPerPixel. Defining non-color channels as ExtraSamples.
[ WARN:0@146.625] global grfmt_tiff.cpp:122 TIFF_Warning TIFFReadDirectory: Sum of Photometric type-related color channels and ExtraSamples doesn't match SamplesPerPixel. Defining non-color channels as ExtraSamples.
[ WARN:0@146.626] global grfmt_tiff.cpp:122 TIFF_Warning TIFFReadDirectory: Sum of Photometric type-related color channels and ExtraSamples doesn't match SamplesPerPixel. Defining non-color channels as ExtraSamples.
[ WARN:0@146.626] global grfmt_tiff.cpp:122 TIFF_Warning TIFFReadDirectory: Sum of Photometric type-related color channels and ExtraSamples doesn't match SamplesPerPixel. Defining non-color channels as ExtraSamples.
[ WARN:0@146.627] global grfmt_tiff.cpp:122 TIFF_Warning TIFFReadDirectory: Sum of Photometric type-related color channels and ExtraSamples doesn't match SamplesPerPixel. Defining non-color channels as ExtraSamples.
[ WARN:0@146.628] global grfmt_tiff.cpp:122 TIFF_Warning TIFFReadDirectory: Sum of Photometric type-related color channels and ExtraSamples doesn't match SamplesPerPixel. Defining non-color channels as ExtraSamples.
[ WARN:0@146.628] global grfmt_tiff.cpp:122 TIFF_Warning TIFFReadDirectory: Sum of Photometric type-related color channels and ExtraSamples doesn't match SamplesPerPixel. Defining non-color channels as ExtraSamples.
[ WARN:0@146.629] global grfmt_tiff.cpp:122 TIFF_Warning TIFFReadDirectory: Sum of Photometric type-related color channels and ExtraSamples doesn't match SamplesPerPixel. Defining non-color channels as ExtraSamples.
[ WARN:0@146.630] global grfmt_tiff.cpp:122 TIFF_Warning TIFFReadDirectory: Sum of Photometric type-related color channels and ExtraSamples doesn't match SamplesPerPixel. Defining non-color channels as ExtraSamples.
[ WARN:0@146.630] global grfmt_tiff.cpp:122 TIFF_Warning TIFFReadDirectory: Sum of Photometric type-related color channels and ExtraSamples doesn't match SamplesPerPixel. Defining non-color channels as ExtraSamples.
[ WARN:0@146.631] global grfmt_tiff.cpp:122 TIFF_Warning TIFFReadDirectory: Sum of Photometric type-related color channels and ExtraSamples doesn't match SamplesPerPixel. Defining non-color channels as ExtraSamples.
[ WARN:0@146.632] global grfmt_tiff.cpp:122 TIFF_Warning TIFFReadDirectory: Sum of Photometric type-related color channels and ExtraSamples doesn't match SamplesPerPixel. Defining non-color channels as ExtraSamples.
[ WARN:0@146.632] global grfmt_tiff.cpp:122 TIFF_Warning TIFFReadDirectory: Sum of Photometric type-related color channels and ExtraSamples doesn't match SamplesPerPixel. Defining non-color channels as ExtraSamples.
[ WARN:0@146.633] global grfmt_tiff.cpp:122 TIFF_Warning TIFFReadDirectory: Sum of Photometric type-related color channels and ExtraSamples doesn't match SamplesPerPixel. Defining non-color channels as ExtraSamples.
[ WARN:0@146.634] global grfmt_tiff.cpp:122 TIFF_Warning TIFFReadDirectory: Sum of Photometric type-related color channels and ExtraSamples doesn't match SamplesPerPixel. Defining non-color channels as ExtraSamples.
[ WARN:0@146.634] global grfmt_tiff.cpp:122 TIFF_Warning TIFFReadDirectory: Sum of Photometric type-related color channels and ExtraSamples doesn't match SamplesPerPixel. Defining non-color channels as ExtraSamples.
[ WARN:0@146.635] global grfmt_tiff.cpp:122 TIFF_Warning TIFFReadDirectory: Sum of Photometric type-related color channels and ExtraSamples doesn't match SamplesPerPixel. Defining non-color channels as ExtraSamples.
[ WARN:0@146.636] global grfmt_tiff.cpp:122 TIFF_Warning TIFFReadDirectory: Sum of Photometric type-related color channels and ExtraSamples doesn't match SamplesPerPixel. Defining non-color channels as ExtraSamples.
[ WARN:0@146.636] global grfmt_tiff.cpp:122 TIFF_Warning TIFFReadDirectory: Sum of Photometric type-related color channels and ExtraSamples doesn't match SamplesPerPixel. Defining non-color channels as ExtraSamples.
[ WARN:0@146.637] global grfmt_tiff.cpp:122 TIFF_Warning TIFFReadDirectory: Sum of Photometric type-related color channels and ExtraSamples doesn't match SamplesPerPixel. Defining non-color channels as ExtraSamples.
[ WARN:0@146.638] global grfmt_tiff.cpp:122 TIFF_Warning TIFFReadDirectory: Sum of Photometric type-related color channels and ExtraSamples doesn't match SamplesPerPixel. Defining non-color channels as ExtraSamples.
[ WARN:0@146.638] global grfmt_tiff.cpp:122 TIFF_Warning TIFFReadDirectory: Sum of Photometric type-related color channels and ExtraSamples doesn't match SamplesPerPixel. Defining non-color channels as ExtraSamples.
[ WARN:0@146.639] global grfmt_tiff.cpp:122 TIFF_Warning TIFFReadDirectory: Sum of Photometric type-related color channels and ExtraSamples doesn't match SamplesPerPixel. Defining non-color channels as ExtraSamples.
[ WARN:0@146.640] global grfmt_tiff.cpp:122 TIFF_Warning TIFFReadDirectory: Sum of Photometric type-related color channels and ExtraSamples doesn't match SamplesPerPixel. Defining non-color channels as ExtraSamples.
[ WARN:0@146.640] global grfmt_tiff.cpp:122 TIFF_Warning TIFFReadDirectory: Sum of Photometric type-related color channels and ExtraSamples doesn't match SamplesPerPixel. Defining non-color channels as ExtraSamples.
[ WARN:0@146.641] global grfmt_tiff.cpp:122 TIFF_Warning TIFFReadDirectory: Sum of Photometric type-related color channels and ExtraSamples doesn't match SamplesPerPixel. Defining non-color channels as ExtraSamples.
[ WARN:0@146.642] global grfmt_tiff.cpp:122 TIFF_Warning TIFFReadDirectory: Sum of Photometric type-related color channels and ExtraSamples doesn't match SamplesPerPixel. Defining non-color channels as ExtraSamples.
[ WARN:0@146.642] global grfmt_tiff.cpp:122 TIFF_Warning TIFFReadDirectory: Sum of Photometric type-related color channels and ExtraSamples doesn't match SamplesPerPixel. Defining non-color channels as ExtraSamples.
[ WARN:0@146.643] global grfmt_tiff.cpp:122 TIFF_Warning TIFFReadDirectory: Sum of Photometric type-related color channels and ExtraSamples doesn't match SamplesPerPixel. Defining non-color channels as ExtraSamples.
[ WARN:0@146.644] global grfmt_tiff.cpp:122 TIFF_Warning TIFFReadDirectory: Sum of Photometric type-related color channels and ExtraSamples doesn't match SamplesPerPixel. Defining non-color channels as ExtraSamples.
[ WARN:0@146.644] global grfmt_tiff.cpp:122 TIFF_Warning TIFFReadDirectory: Sum of Photometric type-related color channels and ExtraSamples doesn't match SamplesPerPixel. Defining non-color channels as ExtraSamples.
[ WARN:0@146.645] global grfmt_tiff.cpp:122 TIFF_Warning TIFFReadDirectory: Sum of Photometric type-related color channels and ExtraSamples doesn't match SamplesPerPixel. Defining non-color channels as ExtraSamples.
[ WARN:0@146.646] global grfmt_tiff.cpp:122 TIFF_Warning TIFFReadDirectory: Sum of Photometric type-related color channels and ExtraSamples doesn't match SamplesPerPixel. Defining non-color channels as ExtraSamples.
[ WARN:0@146.647] global grfmt_tiff.cpp:122 TIFF_Warning TIFFReadDirectory: Sum of Photometric type-related color channels and ExtraSamples doesn't match SamplesPerPixel. Defining non-color channels as ExtraSamples.
[ WARN:0@146.647] global grfmt_tiff.cpp:122 TIFF_Warning TIFFReadDirectory: Sum of Photometric type-related color channels and ExtraSamples doesn't match SamplesPerPixel. Defining non-color channels as ExtraSamples.
[ WARN:0@146.648] global grfmt_tiff.cpp:122 TIFF_Warning TIFFReadDirectory: Sum of Photometric type-related color channels and ExtraSamples doesn't match SamplesPerPixel. Defining non-color channels as ExtraSamples.
[ WARN:0@146.649] global grfmt_tiff.cpp:122 TIFF_Warning TIFFReadDirectory: Sum of Photometric type-related color channels and ExtraSamples doesn't match SamplesPerPixel. Defining non-color channels as ExtraSamples.
[ WARN:0@146.649] global grfmt_tiff.cpp:122 TIFF_Warning TIFFReadDirectory: Sum of Photometric type-related color channels and ExtraSamples doesn't match SamplesPerPixel. Defining non-color channels as ExtraSamples.
[ WARN:0@146.650] global grfmt_tiff.cpp:122 TIFF_Warning TIFFReadDirectory: Sum of Photometric type-related color channels and ExtraSamples doesn't match SamplesPerPixel. Defining non-color channels as ExtraSamples.
[ WARN:0@146.650] global grfmt_tiff.cpp:122 TIFF_Warning TIFFReadDirectory: Sum of Photometric type-related color channels and ExtraSamples doesn't match SamplesPerPixel. Defining non-color channels as ExtraSamples.
[ WARN:0@146.651] global grfmt_tiff.cpp:122 TIFF_Warning TIFFReadDirectory: Sum of Photometric type-related color channels and ExtraSamples doesn't match SamplesPerPixel. Defining non-color channels as ExtraSamples.
[ WARN:0@146.652] global grfmt_tiff.cpp:122 TIFF_Warning TIFFReadDirectory: Sum of Photometric type-related color channels and ExtraSamples doesn't match SamplesPerPixel. Defining non-color channels as ExtraSamples.
[ WARN:0@146.652] global grfmt_tiff.cpp:122 TIFF_Warning TIFFReadDirectory: Sum of Photometric type-related color channels and ExtraSamples doesn't match SamplesPerPixel. Defining non-color channels as ExtraSamples.
[ WARN:0@146.653] global grfmt_tiff.cpp:122 TIFF_Warning TIFFReadDirectory: Sum of Photometric type-related color channels and ExtraSamples doesn't match SamplesPerPixel. Defining non-color channels as ExtraSamples.
[ WARN:0@146.654] global grfmt_tiff.cpp:122 TIFF_Warning TIFFReadDirectory: Sum of Photometric type-related color channels and ExtraSamples doesn't match SamplesPerPixel. Defining non-color channels as ExtraSamples.
[ WARN:0@146.654] global grfmt_tiff.cpp:122 TIFF_Warning TIFFReadDirectory: Sum of Photometric type-related color channels and ExtraSamples doesn't match SamplesPerPixel. Defining non-color channels as ExtraSamples.
[ WARN:0@146.655] global grfmt_tiff.cpp:122 TIFF_Warning TIFFReadDirectory: Sum of Photometric type-related color channels and ExtraSamples doesn't match SamplesPerPixel. Defining non-color channels as ExtraSamples.
[ WARN:0@146.656] global grfmt_tiff.cpp:122 TIFF_Warning TIFFReadDirectory: Sum of Photometric type-related color channels and ExtraSamples doesn't match SamplesPerPixel. Defining non-color channels as ExtraSamples.
[ WARN:0@146.656] global grfmt_tiff.cpp:122 TIFF_Warning TIFFReadDirectory: Sum of Photometric type-related color channels and ExtraSamples doesn't match SamplesPerPixel. Defining non-color channels as ExtraSamples.
[ WARN:0@146.657] global grfmt_tiff.cpp:122 TIFF_Warning TIFFReadDirectory: Sum of Photometric type-related color channels and ExtraSamples doesn't match SamplesPerPixel. Defining non-color channels as ExtraSamples.
[ WARN:0@146.657] global grfmt_tiff.cpp:122 TIFF_Warning TIFFReadDirectory: Sum of Photometric type-related color channels and ExtraSamples doesn't match SamplesPerPixel. Defining non-color channels as ExtraSamples.
[ WARN:0@146.658] global grfmt_tiff.cpp:122 TIFF_Warning TIFFReadDirectory: Sum of Photometric type-related color channels and ExtraSamples doesn't match SamplesPerPixel. Defining non-color channels as ExtraSamples.
[ WARN:0@146.659] global grfmt_tiff.cpp:122 TIFF_Warning TIFFReadDirectory: Sum of Photometric type-related color channels and ExtraSamples doesn't match SamplesPerPixel. Defining non-color channels as ExtraSamples.
[ WARN:0@146.659] global grfmt_tiff.cpp:122 TIFF_Warning TIFFReadDirectory: Sum of Photometric type-related color channels and ExtraSamples doesn't match SamplesPerPixel. Defining non-color channels as ExtraSamples.
[ WARN:0@146.660] global grfmt_tiff.cpp:122 TIFF_Warning TIFFReadDirectory: Sum of Photometric type-related color channels and ExtraSamples doesn't match SamplesPerPixel. Defining non-color channels as ExtraSamples.
[ WARN:0@146.661] global grfmt_tiff.cpp:122 TIFF_Warning TIFFReadDirectory: Sum of Photometric type-related color channels and ExtraSamples doesn't match SamplesPerPixel. Defining non-color channels as ExtraSamples.
[ WARN:0@146.661] global grfmt_tiff.cpp:122 TIFF_Warning TIFFReadDirectory: Sum of Photometric type-related color channels and ExtraSamples doesn't match SamplesPerPixel. Defining non-color channels as ExtraSamples.
[ WARN:0@146.662] global grfmt_tiff.cpp:122 TIFF_Warning TIFFReadDirectory: Sum of Photometric type-related color channels and ExtraSamples doesn't match SamplesPerPixel. Defining non-color channels as ExtraSamples.
[ WARN:0@146.663] global grfmt_tiff.cpp:122 TIFF_Warning TIFFReadDirectory: Sum of Photometric type-related color channels and ExtraSamples doesn't match SamplesPerPixel. Defining non-color channels as ExtraSamples.
[ WARN:0@146.663] global grfmt_tiff.cpp:122 TIFF_Warning TIFFReadDirectory: Sum of Photometric type-related color channels and ExtraSamples doesn't match SamplesPerPixel. Defining non-color channels as ExtraSamples.
[ WARN:0@146.664] global grfmt_tiff.cpp:122 TIFF_Warning TIFFReadDirectory: Sum of Photometric type-related color channels and ExtraSamples doesn't match SamplesPerPixel. Defining non-color channels as ExtraSamples.
[ WARN:0@146.665] global grfmt_tiff.cpp:122 TIFF_Warning TIFFReadDirectory: Sum of Photometric type-related color channels and ExtraSamples doesn't match SamplesPerPixel. Defining non-color channels as ExtraSamples.
[ WARN:0@146.665] global grfmt_tiff.cpp:122 TIFF_Warning TIFFReadDirectory: Sum of Photometric type-related color channels and ExtraSamples doesn't match SamplesPerPixel. Defining non-color channels as ExtraSamples.
[ WARN:0@146.666] global grfmt_tiff.cpp:122 TIFF_Warning TIFFReadDirectory: Sum of Photometric type-related color channels and ExtraSamples doesn't match SamplesPerPixel. Defining non-color channels as ExtraSamples.
[ WARN:0@146.667] global grfmt_tiff.cpp:122 TIFF_Warning TIFFReadDirectory: Sum of Photometric type-related color channels and ExtraSamples doesn't match SamplesPerPixel. Defining non-color channels as ExtraSamples.
[ WARN:0@146.667] global grfmt_tiff.cpp:122 TIFF_Warning TIFFReadDirectory: Sum of Photometric type-related color channels and ExtraSamples doesn't match SamplesPerPixel. Defining non-color channels as ExtraSamples.
[ WARN:0@146.668] global grfmt_tiff.cpp:122 TIFF_Warning TIFFReadDirectory: Sum of Photometric type-related color channels and ExtraSamples doesn't match SamplesPerPixel. Defining non-color channels as ExtraSamples.
[ WARN:0@146.669] global grfmt_tiff.cpp:122 TIFF_Warning TIFFReadDirectory: Sum of Photometric type-related color channels and ExtraSamples doesn't match SamplesPerPixel. Defining non-color channels as ExtraSamples.
[ WARN:0@146.669] global grfmt_tiff.cpp:122 TIFF_Warning TIFFReadDirectory: Sum of Photometric type-related color channels and ExtraSamples doesn't match SamplesPerPixel. Defining non-color channels as ExtraSamples.
[ WARN:0@146.670] global grfmt_tiff.cpp:122 TIFF_Warning TIFFReadDirectory: Sum of Photometric type-related color channels and ExtraSamples doesn't match SamplesPerPixel. Defining non-color channels as ExtraSamples.
[ WARN:0@146.671] global grfmt_tiff.cpp:122 TIFF_Warning TIFFReadDirectory: Sum of Photometric type-related color channels and ExtraSamples doesn't match SamplesPerPixel. Defining non-color channels as ExtraSamples.
[ WARN:0@146.671] global grfmt_tiff.cpp:122 TIFF_Warning TIFFReadDirectory: Sum of Photometric type-related color channels and ExtraSamples doesn't match SamplesPerPixel. Defining non-color channels as ExtraSamples.
[ WARN:0@146.672] global grfmt_tiff.cpp:122 TIFF_Warning TIFFReadDirectory: Sum of Photometric type-related color channels and ExtraSamples doesn't match SamplesPerPixel. Defining non-color channels as ExtraSamples.
[ WARN:0@146.673] global grfmt_tiff.cpp:122 TIFF_Warning TIFFReadDirectory: Sum of Photometric type-related color channels and ExtraSamples doesn't match SamplesPerPixel. Defining non-color channels as ExtraSamples.
[ WARN:0@146.673] global grfmt_tiff.cpp:122 TIFF_Warning TIFFReadDirectory: Sum of Photometric type-related color channels and ExtraSamples doesn't match SamplesPerPixel. Defining non-color channels as ExtraSamples.
[ WARN:0@146.674] global grfmt_tiff.cpp:122 TIFF_Warning TIFFReadDirectory: Sum of Photometric type-related color channels and ExtraSamples doesn't match SamplesPerPixel. Defining non-color channels as ExtraSamples.
[ WARN:0@146.674] global grfmt_tiff.cpp:122 TIFF_Warning TIFFReadDirectory: Sum of Photometric type-related color channels and ExtraSamples doesn't match SamplesPerPixel. Defining non-color channels as ExtraSamples.
[ WARN:0@146.675] global grfmt_tiff.cpp:122 TIFF_Warning TIFFReadDirectory: Sum of Photometric type-related color channels and ExtraSamples doesn't match SamplesPerPixel. Defining non-color channels as ExtraSamples.
[ WARN:0@146.676] global grfmt_tiff.cpp:122 TIFF_Warning TIFFReadDirectory: Sum of Photometric type-related color channels and ExtraSamples doesn't match SamplesPerPixel. Defining non-color channels as ExtraSamples.
[ WARN:0@146.676] global grfmt_tiff.cpp:122 TIFF_Warning TIFFReadDirectory: Sum of Photometric type-related color channels and ExtraSamples doesn't match SamplesPerPixel. Defining non-color channels as ExtraSamples.
[ WARN:0@146.677] global grfmt_tiff.cpp:122 TIFF_Warning TIFFReadDirectory: Sum of Photometric type-related color channels and ExtraSamples doesn't match SamplesPerPixel. Defining non-color channels as ExtraSamples.
[ WARN:0@146.678] global grfmt_tiff.cpp:122 TIFF_Warning TIFFReadDirectory: Sum of Photometric type-related color channels and ExtraSamples doesn't match SamplesPerPixel. Defining non-color channels as ExtraSamples.
[ WARN:0@146.678] global grfmt_tiff.cpp:122 TIFF_Warning TIFFReadDirectory: Sum of Photometric type-related color channels and ExtraSamples doesn't match SamplesPerPixel. Defining non-color channels as ExtraSamples.
[ WARN:0@146.679] global grfmt_tiff.cpp:122 TIFF_Warning TIFFReadDirectory: Sum of Photometric type-related color channels and ExtraSamples doesn't match SamplesPerPixel. Defining non-color channels as ExtraSamples.
[ WARN:0@146.680] global grfmt_tiff.cpp:122 TIFF_Warning TIFFReadDirectory: Sum of Photometric type-related color channels and ExtraSamples doesn't match SamplesPerPixel. Defining non-color channels as ExtraSamples.
[ WARN:0@146.680] global grfmt_tiff.cpp:122 TIFF_Warning TIFFReadDirectory: Sum of Photometric type-related color channels and ExtraSamples doesn't match SamplesPerPixel. Defining non-color channels as ExtraSamples.
[ WARN:0@146.681] global grfmt_tiff.cpp:122 TIFF_Warning TIFFReadDirectory: Sum of Photometric type-related color channels and ExtraSamples doesn't match SamplesPerPixel. Defining non-color channels as ExtraSamples.
[ WARN:0@146.682] global grfmt_tiff.cpp:122 TIFF_Warning TIFFReadDirectory: Sum of Photometric type-related color channels and ExtraSamples doesn't match SamplesPerPixel. Defining non-color channels as ExtraSamples.
[ WARN:0@146.682] global grfmt_tiff.cpp:122 TIFF_Warning TIFFReadDirectory: Sum of Photometric type-related color channels and ExtraSamples doesn't match SamplesPerPixel. Defining non-color channels as ExtraSamples.
[ WARN:0@146.683] global grfmt_tiff.cpp:122 TIFF_Warning TIFFReadDirectory: Sum of Photometric type-related color channels and ExtraSamples doesn't match SamplesPerPixel. Defining non-color channels as ExtraSamples.
[ WARN:0@146.683] global grfmt_tiff.cpp:122 TIFF_Warning TIFFReadDirectory: Sum of Photometric type-related color channels and ExtraSamples doesn't match SamplesPerPixel. Defining non-color channels as ExtraSamples.
[ WARN:0@146.684] global grfmt_tiff.cpp:122 TIFF_Warning TIFFReadDirectory: Sum of Photometric type-related color channels and ExtraSamples doesn't match SamplesPerPixel. Defining non-color channels as ExtraSamples.
[ WARN:0@146.685] global grfmt_tiff.cpp:122 TIFF_Warning TIFFReadDirectory: Sum of Photometric type-related color channels and ExtraSamples doesn't match SamplesPerPixel. Defining non-color channels as ExtraSamples.
[ WARN:0@146.686] global grfmt_tiff.cpp:122 TIFF_Warning TIFFReadDirectory: Sum of Photometric type-related color channels and ExtraSamples doesn't match SamplesPerPixel. Defining non-color channels as ExtraSamples.
[ WARN:0@146.686] global grfmt_tiff.cpp:122 TIFF_Warning TIFFReadDirectory: Sum of Photometric type-related color channels and ExtraSamples doesn't match SamplesPerPixel. Defining non-color channels as ExtraSamples.
[ WARN:0@146.687] global grfmt_tiff.cpp:122 TIFF_Warning TIFFReadDirectory: Sum of Photometric type-related color channels and ExtraSamples doesn't match SamplesPerPixel. Defining non-color channels as ExtraSamples.
[ WARN:0@146.688] global grfmt_tiff.cpp:122 TIFF_Warning TIFFReadDirectory: Sum of Photometric type-related color channels and ExtraSamples doesn't match SamplesPerPixel. Defining non-color channels as ExtraSamples.
[ WARN:0@146.688] global grfmt_tiff.cpp:122 TIFF_Warning TIFFReadDirectory: Sum of Photometric type-related color channels and ExtraSamples doesn't match SamplesPerPixel. Defining non-color channels as ExtraSamples.
[ WARN:0@146.689] global grfmt_tiff.cpp:122 TIFF_Warning TIFFReadDirectory: Sum of Photometric type-related color channels and ExtraSamples doesn't match SamplesPerPixel. Defining non-color channels as ExtraSamples.
[ WARN:0@146.690] global grfmt_tiff.cpp:122 TIFF_Warning TIFFReadDirectory: Sum of Photometric type-related color channels and ExtraSamples doesn't match SamplesPerPixel. Defining non-color channels as ExtraSamples.
[ WARN:0@146.690] global grfmt_tiff.cpp:122 TIFF_Warning TIFFReadDirectory: Sum of Photometric type-related color channels and ExtraSamples doesn't match SamplesPerPixel. Defining non-color channels as ExtraSamples.
[ WARN:0@146.691] global grfmt_tiff.cpp:122 TIFF_Warning TIFFReadDirectory: Sum of Photometric type-related color channels and ExtraSamples doesn't match SamplesPerPixel. Defining non-color channels as ExtraSamples.
[ WARN:0@146.692] global grfmt_tiff.cpp:122 TIFF_Warning TIFFReadDirectory: Sum of Photometric type-related color channels and ExtraSamples doesn't match SamplesPerPixel. Defining non-color channels as ExtraSamples.
[ WARN:0@146.692] global grfmt_tiff.cpp:122 TIFF_Warning TIFFReadDirectory: Sum of Photometric type-related color channels and ExtraSamples doesn't match SamplesPerPixel. Defining non-color channels as ExtraSamples.
[ WARN:0@146.693] global grfmt_tiff.cpp:122 TIFF_Warning TIFFReadDirectory: Sum of Photometric type-related color channels and ExtraSamples doesn't match SamplesPerPixel. Defining non-color channels as ExtraSamples.
[ WARN:0@146.694] global grfmt_tiff.cpp:122 TIFF_Warning TIFFReadDirectory: Sum of Photometric type-related color channels and ExtraSamples doesn't match SamplesPerPixel. Defining non-color channels as ExtraSamples.
[ WARN:0@146.694] global grfmt_tiff.cpp:122 TIFF_Warning TIFFReadDirectory: Sum of Photometric type-related color channels and ExtraSamples doesn't match SamplesPerPixel. Defining non-color channels as ExtraSamples.
[ WARN:0@146.695] global grfmt_tiff.cpp:122 TIFF_Warning TIFFReadDirectory: Sum of Photometric type-related color channels and ExtraSamples doesn't match SamplesPerPixel. Defining non-color channels as ExtraSamples.
[ WARN:0@146.696] global grfmt_tiff.cpp:122 TIFF_Warning TIFFReadDirectory: Sum of Photometric type-related color channels and ExtraSamples doesn't match SamplesPerPixel. Defining non-color channels as ExtraSamples.
[ WARN:0@146.696] global grfmt_tiff.cpp:122 TIFF_Warning TIFFReadDirectory: Sum of Photometric type-related color channels and ExtraSamples doesn't match SamplesPerPixel. Defining non-color channels as ExtraSamples.
[ WARN:0@146.697] global grfmt_tiff.cpp:122 TIFF_Warning TIFFReadDirectory: Sum of Photometric type-related color channels and ExtraSamples doesn't match SamplesPerPixel. Defining non-color channels as ExtraSamples.
[ WARN:0@146.698] global grfmt_tiff.cpp:122 TIFF_Warning TIFFReadDirectory: Sum of Photometric type-related color channels and ExtraSamples doesn't match SamplesPerPixel. Defining non-color channels as ExtraSamples.
[ WARN:0@146.698] global grfmt_tiff.cpp:122 TIFF_Warning TIFFReadDirectory: Sum of Photometric type-related color channels and ExtraSamples doesn't match SamplesPerPixel. Defining non-color channels as ExtraSamples.
[ WARN:0@146.699] global grfmt_tiff.cpp:122 TIFF_Warning TIFFReadDirectory: Sum of Photometric type-related color channels and ExtraSamples doesn't match SamplesPerPixel. Defining non-color channels as ExtraSamples.
[ WARN:0@146.700] global grfmt_tiff.cpp:122 TIFF_Warning TIFFReadDirectory: Sum of Photometric type-related color channels and ExtraSamples doesn't match SamplesPerPixel. Defining non-color channels as ExtraSamples.
[ WARN:0@146.700] global grfmt_tiff.cpp:122 TIFF_Warning TIFFReadDirectory: Sum of Photometric type-related color channels and ExtraSamples doesn't match SamplesPerPixel. Defining non-color channels as ExtraSamples.
[ WARN:0@146.701] global grfmt_tiff.cpp:122 TIFF_Warning TIFFReadDirectory: Sum of Photometric type-related color channels and ExtraSamples doesn't match SamplesPerPixel. Defining non-color channels as ExtraSamples.
[ WARN:0@146.702] global grfmt_tiff.cpp:122 TIFF_Warning TIFFReadDirectory: Sum of Photometric type-related color channels and ExtraSamples doesn't match SamplesPerPixel. Defining non-color channels as ExtraSamples.
[ WARN:0@146.702] global grfmt_tiff.cpp:122 TIFF_Warning TIFFReadDirectory: Sum of Photometric type-related color channels and ExtraSamples doesn't match SamplesPerPixel. Defining non-color channels as ExtraSamples.
[ WARN:0@146.703] global grfmt_tiff.cpp:122 TIFF_Warning TIFFReadDirectory: Sum of Photometric type-related color channels and ExtraSamples doesn't match SamplesPerPixel. Defining non-color channels as ExtraSamples.
[ WARN:0@146.704] global grfmt_tiff.cpp:122 TIFF_Warning TIFFReadDirectory: Sum of Photometric type-related color channels and ExtraSamples doesn't match SamplesPerPixel. Defining non-color channels as ExtraSamples.
[ WARN:0@146.704] global grfmt_tiff.cpp:122 TIFF_Warning TIFFReadDirectory: Sum of Photometric type-related color channels and ExtraSamples doesn't match SamplesPerPixel. Defining non-color channels as ExtraSamples.
[ WARN:0@146.705] global grfmt_tiff.cpp:122 TIFF_Warning TIFFReadDirectory: Sum of Photometric type-related color channels and ExtraSamples doesn't match SamplesPerPixel. Defining non-color channels as ExtraSamples.
[ WARN:0@146.706] global grfmt_tiff.cpp:122 TIFF_Warning TIFFReadDirectory: Sum of Photometric type-related color channels and ExtraSamples doesn't match SamplesPerPixel. Defining non-color channels as ExtraSamples.
[ WARN:0@146.706] global grfmt_tiff.cpp:122 TIFF_Warning TIFFReadDirectory: Sum of Photometric type-related color channels and ExtraSamples doesn't match SamplesPerPixel. Defining non-color channels as ExtraSamples.
[ WARN:0@146.707] global grfmt_tiff.cpp:122 TIFF_Warning TIFFReadDirectory: Sum of Photometric type-related color channels and ExtraSamples doesn't match SamplesPerPixel. Defining non-color channels as ExtraSamples.
[ WARN:0@146.708] global grfmt_tiff.cpp:122 TIFF_Warning TIFFReadDirectory: Sum of Photometric type-related color channels and ExtraSamples doesn't match SamplesPerPixel. Defining non-color channels as ExtraSamples.
[ WARN:0@146.708] global grfmt_tiff.cpp:122 TIFF_Warning TIFFReadDirectory: Sum of Photometric type-related color channels and ExtraSamples doesn't match SamplesPerPixel. Defining non-color channels as ExtraSamples.
[ WARN:0@146.709] global grfmt_tiff.cpp:122 TIFF_Warning TIFFReadDirectory: Sum of Photometric type-related color channels and ExtraSamples doesn't match SamplesPerPixel. Defining non-color channels as ExtraSamples.
[ WARN:0@146.709] global grfmt_tiff.cpp:122 TIFF_Warning TIFFReadDirectory: Sum of Photometric type-related color channels and ExtraSamples doesn't match SamplesPerPixel. Defining non-color channels as ExtraSamples.
[ WARN:0@146.710] global grfmt_tiff.cpp:122 TIFF_Warning TIFFReadDirectory: Sum of Photometric type-related color channels and ExtraSamples doesn't match SamplesPerPixel. Defining non-color channels as ExtraSamples.
[ WARN:0@146.711] global grfmt_tiff.cpp:122 TIFF_Warning TIFFReadDirectory: Sum of Photometric type-related color channels and ExtraSamples doesn't match SamplesPerPixel. Defining non-color channels as ExtraSamples.
[ WARN:0@146.711] global grfmt_tiff.cpp:122 TIFF_Warning TIFFReadDirectory: Sum of Photometric type-related color channels and ExtraSamples doesn't match SamplesPerPixel. Defining non-color channels as ExtraSamples.
[ WARN:0@146.712] global grfmt_tiff.cpp:122 TIFF_Warning TIFFReadDirectory: Sum of Photometric type-related color channels and ExtraSamples doesn't match SamplesPerPixel. Defining non-color channels as ExtraSamples.
[ WARN:0@146.713] global grfmt_tiff.cpp:122 TIFF_Warning TIFFReadDirectory: Sum of Photometric type-related color channels and ExtraSamples doesn't match SamplesPerPixel. Defining non-color channels as ExtraSamples.
[ WARN:0@146.713] global grfmt_tiff.cpp:122 TIFF_Warning TIFFReadDirectory: Sum of Photometric type-related color channels and ExtraSamples doesn't match SamplesPerPixel. Defining non-color channels as ExtraSamples.
[ WARN:0@146.714] global grfmt_tiff.cpp:122 TIFF_Warning TIFFReadDirectory: Sum of Photometric type-related color channels and ExtraSamples doesn't match SamplesPerPixel. Defining non-color channels as ExtraSamples.
[ WARN:0@146.715] global grfmt_tiff.cpp:122 TIFF_Warning TIFFReadDirectory: Sum of Photometric type-related color channels and ExtraSamples doesn't match SamplesPerPixel. Defining non-color channels as ExtraSamples.
[ WARN:0@146.715] global grfmt_tiff.cpp:122 TIFF_Warning TIFFReadDirectory: Sum of Photometric type-related color channels and ExtraSamples doesn't match SamplesPerPixel. Defining non-color channels as ExtraSamples.
[ WARN:0@146.716] global grfmt_tiff.cpp:122 TIFF_Warning TIFFReadDirectory: Sum of Photometric type-related color channels and ExtraSamples doesn't match SamplesPerPixel. Defining non-color channels as ExtraSamples.
[ WARN:0@146.717] global grfmt_tiff.cpp:122 TIFF_Warning TIFFReadDirectory: Sum of Photometric type-related color channels and ExtraSamples doesn't match SamplesPerPixel. Defining non-color channels as ExtraSamples.
[ WARN:0@146.717] global grfmt_tiff.cpp:122 TIFF_Warning TIFFReadDirectory: Sum of Photometric type-related color channels and ExtraSamples doesn't match SamplesPerPixel. Defining non-color channels as ExtraSamples.
[ WARN:0@146.718] global grfmt_tiff.cpp:122 TIFF_Warning TIFFReadDirectory: Sum of Photometric type-related color channels and ExtraSamples doesn't match SamplesPerPixel. Defining non-color channels as ExtraSamples.
[ WARN:0@146.719] global grfmt_tiff.cpp:122 TIFF_Warning TIFFReadDirectory: Sum of Photometric type-related color channels and ExtraSamples doesn't match SamplesPerPixel. Defining non-color channels as ExtraSamples.
[ WARN:0@146.719] global grfmt_tiff.cpp:122 TIFF_Warning TIFFReadDirectory: Sum of Photometric type-related color channels and ExtraSamples doesn't match SamplesPerPixel. Defining non-color channels as ExtraSamples.
[ WARN:0@146.720] global grfmt_tiff.cpp:122 TIFF_Warning TIFFReadDirectory: Sum of Photometric type-related color channels and ExtraSamples doesn't match SamplesPerPixel. Defining non-color channels as ExtraSamples.
[ WARN:0@146.721] global grfmt_tiff.cpp:122 TIFF_Warning TIFFReadDirectory: Sum of Photometric type-related color channels and ExtraSamples doesn't match SamplesPerPixel. Defining non-color channels as ExtraSamples.
[ WARN:0@146.721] global grfmt_tiff.cpp:122 TIFF_Warning TIFFReadDirectory: Sum of Photometric type-related color channels and ExtraSamples doesn't match SamplesPerPixel. Defining non-color channels as ExtraSamples.
[ WARN:0@146.722] global grfmt_tiff.cpp:122 TIFF_Warning TIFFReadDirectory: Sum of Photometric type-related color channels and ExtraSamples doesn't match SamplesPerPixel. Defining non-color channels as ExtraSamples.
[ WARN:0@146.723] global grfmt_tiff.cpp:122 TIFF_Warning TIFFReadDirectory: Sum of Photometric type-related color channels and ExtraSamples doesn't match SamplesPerPixel. Defining non-color channels as ExtraSamples.
[ WARN:0@146.723] global grfmt_tiff.cpp:122 TIFF_Warning TIFFReadDirectory: Sum of Photometric type-related color channels and ExtraSamples doesn't match SamplesPerPixel. Defining non-color channels as ExtraSamples.
[ WARN:0@146.724] global grfmt_tiff.cpp:122 TIFF_Warning TIFFReadDirectory: Sum of Photometric type-related color channels and ExtraSamples doesn't match SamplesPerPixel. Defining non-color channels as ExtraSamples.
[ WARN:0@146.725] global grfmt_tiff.cpp:122 TIFF_Warning TIFFReadDirectory: Sum of Photometric type-related color channels and ExtraSamples doesn't match SamplesPerPixel. Defining non-color channels as ExtraSamples.
[ WARN:0@146.725] global grfmt_tiff.cpp:122 TIFF_Warning TIFFReadDirectory: Sum of Photometric type-related color channels and ExtraSamples doesn't match SamplesPerPixel. Defining non-color channels as ExtraSamples.
[ WARN:0@146.726] global grfmt_tiff.cpp:122 TIFF_Warning TIFFReadDirectory: Sum of Photometric type-related color channels and ExtraSamples doesn't match SamplesPerPixel. Defining non-color channels as ExtraSamples.
[ WARN:0@146.726] global grfmt_tiff.cpp:122 TIFF_Warning TIFFReadDirectory: Sum of Photometric type-related color channels and ExtraSamples doesn't match SamplesPerPixel. Defining non-color channels as ExtraSamples.
[ WARN:0@146.727] global grfmt_tiff.cpp:122 TIFF_Warning TIFFReadDirectory: Sum of Photometric type-related color channels and ExtraSamples doesn't match SamplesPerPixel. Defining non-color channels as ExtraSamples.
[ WARN:0@146.728] global grfmt_tiff.cpp:122 TIFF_Warning TIFFReadDirectory: Sum of Photometric type-related color channels and ExtraSamples doesn't match SamplesPerPixel. Defining non-color channels as ExtraSamples.
[ WARN:0@146.728] global grfmt_tiff.cpp:122 TIFF_Warning TIFFReadDirectory: Sum of Photometric type-related color channels and ExtraSamples doesn't match SamplesPerPixel. Defining non-color channels as ExtraSamples.
[ WARN:0@146.729] global grfmt_tiff.cpp:122 TIFF_Warning TIFFReadDirectory: Sum of Photometric type-related color channels and ExtraSamples doesn't match SamplesPerPixel. Defining non-color channels as ExtraSamples.
[ WARN:0@146.730] global grfmt_tiff.cpp:122 TIFF_Warning TIFFReadDirectory: Sum of Photometric type-related color channels and ExtraSamples doesn't match SamplesPerPixel. Defining non-color channels as ExtraSamples.
[ WARN:0@146.730] global grfmt_tiff.cpp:122 TIFF_Warning TIFFReadDirectory: Sum of Photometric type-related color channels and ExtraSamples doesn't match SamplesPerPixel. Defining non-color channels as ExtraSamples.
[ WARN:0@146.731] global grfmt_tiff.cpp:122 TIFF_Warning TIFFReadDirectory: Sum of Photometric type-related color channels and ExtraSamples doesn't match SamplesPerPixel. Defining non-color channels as ExtraSamples.
[ WARN:0@146.732] global grfmt_tiff.cpp:122 TIFF_Warning TIFFReadDirectory: Sum of Photometric type-related color channels and ExtraSamples doesn't match SamplesPerPixel. Defining non-color channels as ExtraSamples.
[ WARN:0@146.732] global grfmt_tiff.cpp:122 TIFF_Warning TIFFReadDirectory: Sum of Photometric type-related color channels and ExtraSamples doesn't match SamplesPerPixel. Defining non-color channels as ExtraSamples.
[ WARN:0@146.733] global grfmt_tiff.cpp:122 TIFF_Warning TIFFReadDirectory: Sum of Photometric type-related color channels and ExtraSamples doesn't match SamplesPerPixel. Defining non-color channels as ExtraSamples.
[ WARN:0@146.734] global grfmt_tiff.cpp:122 TIFF_Warning TIFFReadDirectory: Sum of Photometric type-related color channels and ExtraSamples doesn't match SamplesPerPixel. Defining non-color channels as ExtraSamples.
[ WARN:0@146.734] global grfmt_tiff.cpp:122 TIFF_Warning TIFFReadDirectory: Sum of Photometric type-related color channels and ExtraSamples doesn't match SamplesPerPixel. Defining non-color channels as ExtraSamples.
[ WARN:0@146.735] global grfmt_tiff.cpp:122 TIFF_Warning TIFFReadDirectory: Sum of Photometric type-related color channels and ExtraSamples doesn't match SamplesPerPixel. Defining non-color channels as ExtraSamples.
[ WARN:0@146.735] global grfmt_tiff.cpp:122 TIFF_Warning TIFFReadDirectory: Sum of Photometric type-related color channels and ExtraSamples doesn't match SamplesPerPixel. Defining non-color channels as ExtraSamples.
[ WARN:0@146.736] global grfmt_tiff.cpp:122 TIFF_Warning TIFFReadDirectory: Sum of Photometric type-related color channels and ExtraSamples doesn't match SamplesPerPixel. Defining non-color channels as ExtraSamples.
[ WARN:0@146.737] global grfmt_tiff.cpp:122 TIFF_Warning TIFFReadDirectory: Sum of Photometric type-related color channels and ExtraSamples doesn't match SamplesPerPixel. Defining non-color channels as ExtraSamples.
[ WARN:0@146.737] global grfmt_tiff.cpp:122 TIFF_Warning TIFFReadDirectory: Sum of Photometric type-related color channels and ExtraSamples doesn't match SamplesPerPixel. Defining non-color channels as ExtraSamples.
[ WARN:0@146.738] global grfmt_tiff.cpp:122 TIFF_Warning TIFFReadDirectory: Sum of Photometric type-related color channels and ExtraSamples doesn't match SamplesPerPixel. Defining non-color channels as ExtraSamples.
[ WARN:0@146.739] global grfmt_tiff.cpp:122 TIFF_Warning TIFFReadDirectory: Sum of Photometric type-related color channels and ExtraSamples doesn't match SamplesPerPixel. Defining non-color channels as ExtraSamples.
[ WARN:0@146.740] global grfmt_tiff.cpp:122 TIFF_Warning TIFFReadDirectory: Sum of Photometric type-related color channels and ExtraSamples doesn't match SamplesPerPixel. Defining non-color channels as ExtraSamples.
[ WARN:0@146.740] global grfmt_tiff.cpp:122 TIFF_Warning TIFFReadDirectory: Sum of Photometric type-related color channels and ExtraSamples doesn't match SamplesPerPixel. Defining non-color channels as ExtraSamples.
[ WARN:0@146.741] global grfmt_tiff.cpp:122 TIFF_Warning TIFFReadDirectory: Sum of Photometric type-related color channels and ExtraSamples doesn't match SamplesPerPixel. Defining non-color channels as ExtraSamples.
[ WARN:0@146.742] global grfmt_tiff.cpp:122 TIFF_Warning TIFFReadDirectory: Sum of Photometric type-related color channels and ExtraSamples doesn't match SamplesPerPixel. Defining non-color channels as ExtraSamples.
[ WARN:0@146.742] global grfmt_tiff.cpp:122 TIFF_Warning TIFFReadDirectory: Sum of Photometric type-related color channels and ExtraSamples doesn't match SamplesPerPixel. Defining non-color channels as ExtraSamples.
[ WARN:0@146.743] global grfmt_tiff.cpp:122 TIFF_Warning TIFFReadDirectory: Sum of Photometric type-related color channels and ExtraSamples doesn't match SamplesPerPixel. Defining non-color channels as ExtraSamples.
[ WARN:0@146.744] global grfmt_tiff.cpp:122 TIFF_Warning TIFFReadDirectory: Sum of Photometric type-related color channels and ExtraSamples doesn't match SamplesPerPixel. Defining non-color channels as ExtraSamples.
[ WARN:0@146.744] global grfmt_tiff.cpp:122 TIFF_Warning TIFFReadDirectory: Sum of Photometric type-related color channels and ExtraSamples doesn't match SamplesPerPixel. Defining non-color channels as ExtraSamples.
[ WARN:0@146.745] global grfmt_tiff.cpp:122 TIFF_Warning TIFFReadDirectory: Sum of Photometric type-related color channels and ExtraSamples doesn't match SamplesPerPixel. Defining non-color channels as ExtraSamples.
[ WARN:0@146.746] global grfmt_tiff.cpp:122 TIFF_Warning TIFFReadDirectory: Sum of Photometric type-related color channels and ExtraSamples doesn't match SamplesPerPixel. Defining non-color channels as ExtraSamples.
[ WARN:0@146.746] global grfmt_tiff.cpp:122 TIFF_Warning TIFFReadDirectory: Sum of Photometric type-related color channels and ExtraSamples doesn't match SamplesPerPixel. Defining non-color channels as ExtraSamples.
[ WARN:0@146.747] global grfmt_tiff.cpp:122 TIFF_Warning TIFFReadDirectory: Sum of Photometric type-related color channels and ExtraSamples doesn't match SamplesPerPixel. Defining non-color channels as ExtraSamples.
[ WARN:0@146.748] global grfmt_tiff.cpp:122 TIFF_Warning TIFFReadDirectory: Sum of Photometric type-related color channels and ExtraSamples doesn't match SamplesPerPixel. Defining non-color channels as ExtraSamples.
[ WARN:0@146.748] global grfmt_tiff.cpp:122 TIFF_Warning TIFFReadDirectory: Sum of Photometric type-related color channels and ExtraSamples doesn't match SamplesPerPixel. Defining non-color channels as ExtraSamples.
[ WARN:0@146.749] global grfmt_tiff.cpp:122 TIFF_Warning TIFFReadDirectory: Sum of Photometric type-related color channels and ExtraSamples doesn't match SamplesPerPixel. Defining non-color channels as ExtraSamples.
[ WARN:0@146.750] global grfmt_tiff.cpp:122 TIFF_Warning TIFFReadDirectory: Sum of Photometric type-related color channels and ExtraSamples doesn't match SamplesPerPixel. Defining non-color channels as ExtraSamples.
[ WARN:0@146.750] global grfmt_tiff.cpp:122 TIFF_Warning TIFFReadDirectory: Sum of Photometric type-related color channels and ExtraSamples doesn't match SamplesPerPixel. Defining non-color channels as ExtraSamples.
[ WARN:0@146.751] global grfmt_tiff.cpp:122 TIFF_Warning TIFFReadDirectory: Sum of Photometric type-related color channels and ExtraSamples doesn't match SamplesPerPixel. Defining non-color channels as ExtraSamples.
[ WARN:0@146.752] global grfmt_tiff.cpp:122 TIFF_Warning TIFFReadDirectory: Sum of Photometric type-related color channels and ExtraSamples doesn't match SamplesPerPixel. Defining non-color channels as ExtraSamples.
[ WARN:0@146.752] global grfmt_tiff.cpp:122 TIFF_Warning TIFFReadDirectory: Sum of Photometric type-related color channels and ExtraSamples doesn't match SamplesPerPixel. Defining non-color channels as ExtraSamples.
[ WARN:0@146.753] global grfmt_tiff.cpp:122 TIFF_Warning TIFFReadDirectory: Sum of Photometric type-related color channels and ExtraSamples doesn't match SamplesPerPixel. Defining non-color channels as ExtraSamples.
[ WARN:0@146.754] global grfmt_tiff.cpp:122 TIFF_Warning TIFFReadDirectory: Sum of Photometric type-related color channels and ExtraSamples doesn't match SamplesPerPixel. Defining non-color channels as ExtraSamples.
[ WARN:0@146.754] global grfmt_tiff.cpp:122 TIFF_Warning TIFFReadDirectory: Sum of Photometric type-related color channels and ExtraSamples doesn't match SamplesPerPixel. Defining non-color channels as ExtraSamples.
[ WARN:0@146.755] global grfmt_tiff.cpp:122 TIFF_Warning TIFFReadDirectory: Sum of Photometric type-related color channels and ExtraSamples doesn't match SamplesPerPixel. Defining non-color channels as ExtraSamples.
[ WARN:0@146.756] global grfmt_tiff.cpp:122 TIFF_Warning TIFFReadDirectory: Sum of Photometric type-related color channels and ExtraSamples doesn't match SamplesPerPixel. Defining non-color channels as ExtraSamples.
[ WARN:0@146.756] global grfmt_tiff.cpp:122 TIFF_Warning TIFFReadDirectory: Sum of Photometric type-related color channels and ExtraSamples doesn't match SamplesPerPixel. Defining non-color channels as ExtraSamples.
[ WARN:0@146.757] global grfmt_tiff.cpp:122 TIFF_Warning TIFFReadDirectory: Sum of Photometric type-related color channels and ExtraSamples doesn't match SamplesPerPixel. Defining non-color channels as ExtraSamples.
[ WARN:0@146.758] global grfmt_tiff.cpp:122 TIFF_Warning TIFFReadDirectory: Sum of Photometric type-related color channels and ExtraSamples doesn't match SamplesPerPixel. Defining non-color channels as ExtraSamples.
[ WARN:0@146.758] global grfmt_tiff.cpp:122 TIFF_Warning TIFFReadDirectory: Sum of Photometric type-related color channels and ExtraSamples doesn't match SamplesPerPixel. Defining non-color channels as ExtraSamples.
[ WARN:0@146.759] global grfmt_tiff.cpp:122 TIFF_Warning TIFFReadDirectory: Sum of Photometric type-related color channels and ExtraSamples doesn't match SamplesPerPixel. Defining non-color channels as ExtraSamples.
[ WARN:0@146.760] global grfmt_tiff.cpp:122 TIFF_Warning TIFFReadDirectory: Sum of Photometric type-related color channels and ExtraSamples doesn't match SamplesPerPixel. Defining non-color channels as ExtraSamples.
[ WARN:0@146.760] global grfmt_tiff.cpp:122 TIFF_Warning TIFFReadDirectory: Sum of Photometric type-related color channels and ExtraSamples doesn't match SamplesPerPixel. Defining non-color channels as ExtraSamples.
[ WARN:0@146.761] global grfmt_tiff.cpp:122 TIFF_Warning TIFFReadDirectory: Sum of Photometric type-related color channels and ExtraSamples doesn't match SamplesPerPixel. Defining non-color channels as ExtraSamples.
[ WARN:0@146.761] global grfmt_tiff.cpp:122 TIFF_Warning TIFFReadDirectory: Sum of Photometric type-related color channels and ExtraSamples doesn't match SamplesPerPixel. Defining non-color channels as ExtraSamples.
[ WARN:0@146.762] global grfmt_tiff.cpp:122 TIFF_Warning TIFFReadDirectory: Sum of Photometric type-related color channels and ExtraSamples doesn't match SamplesPerPixel. Defining non-color channels as ExtraSamples.
[ WARN:0@146.763] global grfmt_tiff.cpp:122 TIFF_Warning TIFFReadDirectory: Sum of Photometric type-related color channels and ExtraSamples doesn't match SamplesPerPixel. Defining non-color channels as ExtraSamples.
[ WARN:0@146.763] global grfmt_tiff.cpp:122 TIFF_Warning TIFFReadDirectory: Sum of Photometric type-related color channels and ExtraSamples doesn't match SamplesPerPixel. Defining non-color channels as ExtraSamples.
[ WARN:0@146.764] global grfmt_tiff.cpp:122 TIFF_Warning TIFFReadDirectory: Sum of Photometric type-related color channels and ExtraSamples doesn't match SamplesPerPixel. Defining non-color channels as ExtraSamples.
[ WARN:0@146.765] global grfmt_tiff.cpp:122 TIFF_Warning TIFFReadDirectory: Sum of Photometric type-related color channels and ExtraSamples doesn't match SamplesPerPixel. Defining non-color channels as ExtraSamples.
[ WARN:0@146.765] global grfmt_tiff.cpp:122 TIFF_Warning TIFFReadDirectory: Sum of Photometric type-related color channels and ExtraSamples doesn't match SamplesPerPixel. Defining non-color channels as ExtraSamples.
[ WARN:0@146.766] global grfmt_tiff.cpp:122 TIFF_Warning TIFFReadDirectory: Sum of Photometric type-related color channels and ExtraSamples doesn't match SamplesPerPixel. Defining non-color channels as ExtraSamples.
[ WARN:0@146.767] global grfmt_tiff.cpp:122 TIFF_Warning TIFFReadDirectory: Sum of Photometric type-related color channels and ExtraSamples doesn't match SamplesPerPixel. Defining non-color channels as ExtraSamples.
[ WARN:0@146.767] global grfmt_tiff.cpp:122 TIFF_Warning TIFFReadDirectory: Sum of Photometric type-related color channels and ExtraSamples doesn't match SamplesPerPixel. Defining non-color channels as ExtraSamples.
[ WARN:0@146.768] global grfmt_tiff.cpp:122 TIFF_Warning TIFFReadDirectory: Sum of Photometric type-related color channels and ExtraSamples doesn't match SamplesPerPixel. Defining non-color channels as ExtraSamples.
[ WARN:0@146.768] global grfmt_tiff.cpp:122 TIFF_Warning TIFFReadDirectory: Sum of Photometric type-related color channels and ExtraSamples doesn't match SamplesPerPixel. Defining non-color channels as ExtraSamples.
[ WARN:0@146.769] global grfmt_tiff.cpp:122 TIFF_Warning TIFFReadDirectory: Sum of Photometric type-related color channels and ExtraSamples doesn't match SamplesPerPixel. Defining non-color channels as ExtraSamples.
[ WARN:0@146.770] global grfmt_tiff.cpp:122 TIFF_Warning TIFFReadDirectory: Sum of Photometric type-related color channels and ExtraSamples doesn't match SamplesPerPixel. Defining non-color channels as ExtraSamples.
[ WARN:0@146.771] global grfmt_tiff.cpp:122 TIFF_Warning TIFFReadDirectory: Sum of Photometric type-related color channels and ExtraSamples doesn't match SamplesPerPixel. Defining non-color channels as ExtraSamples.
[ WARN:0@146.771] global grfmt_tiff.cpp:122 TIFF_Warning TIFFReadDirectory: Sum of Photometric type-related color channels and ExtraSamples doesn't match SamplesPerPixel. Defining non-color channels as ExtraSamples.
[ WARN:0@146.772] global grfmt_tiff.cpp:122 TIFF_Warning TIFFReadDirectory: Sum of Photometric type-related color channels and ExtraSamples doesn't match SamplesPerPixel. Defining non-color channels as ExtraSamples.
[ WARN:0@146.773] global grfmt_tiff.cpp:122 TIFF_Warning TIFFReadDirectory: Sum of Photometric type-related color channels and ExtraSamples doesn't match SamplesPerPixel. Defining non-color channels as ExtraSamples.
[ WARN:0@146.773] global grfmt_tiff.cpp:122 TIFF_Warning TIFFReadDirectory: Sum of Photometric type-related color channels and ExtraSamples doesn't match SamplesPerPixel. Defining non-color channels as ExtraSamples.
[ WARN:0@146.774] global grfmt_tiff.cpp:122 TIFF_Warning TIFFReadDirectory: Sum of Photometric type-related color channels and ExtraSamples doesn't match SamplesPerPixel. Defining non-color channels as ExtraSamples.
[ WARN:0@146.775] global grfmt_tiff.cpp:122 TIFF_Warning TIFFReadDirectory: Sum of Photometric type-related color channels and ExtraSamples doesn't match SamplesPerPixel. Defining non-color channels as ExtraSamples.
[ WARN:0@146.775] global grfmt_tiff.cpp:122 TIFF_Warning TIFFReadDirectory: Sum of Photometric type-related color channels and ExtraSamples doesn't match SamplesPerPixel. Defining non-color channels as ExtraSamples.
[ WARN:0@146.776] global grfmt_tiff.cpp:122 TIFF_Warning TIFFReadDirectory: Sum of Photometric type-related color channels and ExtraSamples doesn't match SamplesPerPixel. Defining non-color channels as ExtraSamples.
[ WARN:0@146.776] global grfmt_tiff.cpp:122 TIFF_Warning TIFFReadDirectory: Sum of Photometric type-related color channels and ExtraSamples doesn't match SamplesPerPixel. Defining non-color channels as ExtraSamples.
[ WARN:0@146.777] global grfmt_tiff.cpp:122 TIFF_Warning TIFFReadDirectory: Sum of Photometric type-related color channels and ExtraSamples doesn't match SamplesPerPixel. Defining non-color channels as ExtraSamples.
[ WARN:0@146.778] global grfmt_tiff.cpp:122 TIFF_Warning TIFFReadDirectory: Sum of Photometric type-related color channels and ExtraSamples doesn't match SamplesPerPixel. Defining non-color channels as ExtraSamples.
[ WARN:0@146.778] global grfmt_tiff.cpp:122 TIFF_Warning TIFFReadDirectory: Sum of Photometric type-related color channels and ExtraSamples doesn't match SamplesPerPixel. Defining non-color channels as ExtraSamples.
[ WARN:0@146.779] global grfmt_tiff.cpp:122 TIFF_Warning TIFFReadDirectory: Sum of Photometric type-related color channels and ExtraSamples doesn't match SamplesPerPixel. Defining non-color channels as ExtraSamples.
[ WARN:0@146.780] global grfmt_tiff.cpp:122 TIFF_Warning TIFFReadDirectory: Sum of Photometric type-related color channels and ExtraSamples doesn't match SamplesPerPixel. Defining non-color channels as ExtraSamples.
[ WARN:0@146.780] global grfmt_tiff.cpp:122 TIFF_Warning TIFFReadDirectory: Sum of Photometric type-related color channels and ExtraSamples doesn't match SamplesPerPixel. Defining non-color channels as ExtraSamples.
[ WARN:0@146.781] global grfmt_tiff.cpp:122 TIFF_Warning TIFFReadDirectory: Sum of Photometric type-related color channels and ExtraSamples doesn't match SamplesPerPixel. Defining non-color channels as ExtraSamples.
[ WARN:0@146.782] global grfmt_tiff.cpp:122 TIFF_Warning TIFFReadDirectory: Sum of Photometric type-related color channels and ExtraSamples doesn't match SamplesPerPixel. Defining non-color channels as ExtraSamples.
[ WARN:0@146.782] global grfmt_tiff.cpp:122 TIFF_Warning TIFFReadDirectory: Sum of Photometric type-related color channels and ExtraSamples doesn't match SamplesPerPixel. Defining non-color channels as ExtraSamples.
[ WARN:0@146.783] global grfmt_tiff.cpp:122 TIFF_Warning TIFFReadDirectory: Sum of Photometric type-related color channels and ExtraSamples doesn't match SamplesPerPixel. Defining non-color channels as ExtraSamples.
[ WARN:0@146.784] global grfmt_tiff.cpp:122 TIFF_Warning TIFFReadDirectory: Sum of Photometric type-related color channels and ExtraSamples doesn't match SamplesPerPixel. Defining non-color channels as ExtraSamples.
[ WARN:0@146.784] global grfmt_tiff.cpp:122 TIFF_Warning TIFFReadDirectory: Sum of Photometric type-related color channels and ExtraSamples doesn't match SamplesPerPixel. Defining non-color channels as ExtraSamples.
[ WARN:0@146.785] global grfmt_tiff.cpp:122 TIFF_Warning TIFFReadDirectory: Sum of Photometric type-related color channels and ExtraSamples doesn't match SamplesPerPixel. Defining non-color channels as ExtraSamples.
[ WARN:0@146.785] global grfmt_tiff.cpp:122 TIFF_Warning TIFFReadDirectory: Sum of Photometric type-related color channels and ExtraSamples doesn't match SamplesPerPixel. Defining non-color channels as ExtraSamples.
[ WARN:0@146.786] global grfmt_tiff.cpp:122 TIFF_Warning TIFFReadDirectory: Sum of Photometric type-related color channels and ExtraSamples doesn't match SamplesPerPixel. Defining non-color channels as ExtraSamples.
[ WARN:0@146.787] global grfmt_tiff.cpp:122 TIFF_Warning TIFFReadDirectory: Sum of Photometric type-related color channels and ExtraSamples doesn't match SamplesPerPixel. Defining non-color channels as ExtraSamples.
[ WARN:0@146.787] global grfmt_tiff.cpp:122 TIFF_Warning TIFFReadDirectory: Sum of Photometric type-related color channels and ExtraSamples doesn't match SamplesPerPixel. Defining non-color channels as ExtraSamples.
[ WARN:0@146.788] global grfmt_tiff.cpp:122 TIFF_Warning TIFFReadDirectory: Sum of Photometric type-related color channels and ExtraSamples doesn't match SamplesPerPixel. Defining non-color channels as ExtraSamples.
[ WARN:0@146.789] global grfmt_tiff.cpp:122 TIFF_Warning TIFFReadDirectory: Sum of Photometric type-related color channels and ExtraSamples doesn't match SamplesPerPixel. Defining non-color channels as ExtraSamples.
[ WARN:0@146.789] global grfmt_tiff.cpp:122 TIFF_Warning TIFFReadDirectory: Sum of Photometric type-related color channels and ExtraSamples doesn't match SamplesPerPixel. Defining non-color channels as ExtraSamples.
[ WARN:0@146.790] global grfmt_tiff.cpp:122 TIFF_Warning TIFFReadDirectory: Sum of Photometric type-related color channels and ExtraSamples doesn't match SamplesPerPixel. Defining non-color channels as ExtraSamples.
[ WARN:0@146.791] global grfmt_tiff.cpp:122 TIFF_Warning TIFFReadDirectory: Sum of Photometric type-related color channels and ExtraSamples doesn't match SamplesPerPixel. Defining non-color channels as ExtraSamples.
[ WARN:0@146.791] global grfmt_tiff.cpp:122 TIFF_Warning TIFFReadDirectory: Sum of Photometric type-related color channels and ExtraSamples doesn't match SamplesPerPixel. Defining non-color channels as ExtraSamples.
[ WARN:0@146.792] global grfmt_tiff.cpp:122 TIFF_Warning TIFFReadDirectory: Sum of Photometric type-related color channels and ExtraSamples doesn't match SamplesPerPixel. Defining non-color channels as ExtraSamples.
[ WARN:0@146.793] global grfmt_tiff.cpp:122 TIFF_Warning TIFFReadDirectory: Sum of Photometric type-related color channels and ExtraSamples doesn't match SamplesPerPixel. Defining non-color channels as ExtraSamples.
[ WARN:0@146.793] global grfmt_tiff.cpp:122 TIFF_Warning TIFFReadDirectory: Sum of Photometric type-related color channels and ExtraSamples doesn't match SamplesPerPixel. Defining non-color channels as ExtraSamples.
[ WARN:0@146.794] global grfmt_tiff.cpp:122 TIFF_Warning TIFFReadDirectory: Sum of Photometric type-related color channels and ExtraSamples doesn't match SamplesPerPixel. Defining non-color channels as ExtraSamples.
[ WARN:0@146.795] global grfmt_tiff.cpp:122 TIFF_Warning TIFFReadDirectory: Sum of Photometric type-related color channels and ExtraSamples doesn't match SamplesPerPixel. Defining non-color channels as ExtraSamples.
[ WARN:0@146.796] global grfmt_tiff.cpp:122 TIFF_Warning TIFFReadDirectory: Sum of Photometric type-related color channels and ExtraSamples doesn't match SamplesPerPixel. Defining non-color channels as ExtraSamples.
[ WARN:0@146.796] global grfmt_tiff.cpp:122 TIFF_Warning TIFFReadDirectory: Sum of Photometric type-related color channels and ExtraSamples doesn't match SamplesPerPixel. Defining non-color channels as ExtraSamples.
[ WARN:0@146.797] global grfmt_tiff.cpp:122 TIFF_Warning TIFFReadDirectory: Sum of Photometric type-related color channels and ExtraSamples doesn't match SamplesPerPixel. Defining non-color channels as ExtraSamples.
[ WARN:0@146.798] global grfmt_tiff.cpp:122 TIFF_Warning TIFFReadDirectory: Sum of Photometric type-related color channels and ExtraSamples doesn't match SamplesPerPixel. Defining non-color channels as ExtraSamples.
[ WARN:0@146.798] global grfmt_tiff.cpp:122 TIFF_Warning TIFFReadDirectory: Sum of Photometric type-related color channels and ExtraSamples doesn't match SamplesPerPixel. Defining non-color channels as ExtraSamples.
[ WARN:0@146.799] global grfmt_tiff.cpp:122 TIFF_Warning TIFFReadDirectory: Sum of Photometric type-related color channels and ExtraSamples doesn't match SamplesPerPixel. Defining non-color channels as ExtraSamples.
[ WARN:0@146.800] global grfmt_tiff.cpp:122 TIFF_Warning TIFFReadDirectory: Sum of Photometric type-related color channels and ExtraSamples doesn't match SamplesPerPixel. Defining non-color channels as ExtraSamples.
[ WARN:0@146.800] global grfmt_tiff.cpp:122 TIFF_Warning TIFFReadDirectory: Sum of Photometric type-related color channels and ExtraSamples doesn't match SamplesPerPixel. Defining non-color channels as ExtraSamples.
[ WARN:0@146.801] global grfmt_tiff.cpp:122 TIFF_Warning TIFFReadDirectory: Sum of Photometric type-related color channels and ExtraSamples doesn't match SamplesPerPixel. Defining non-color channels as ExtraSamples.
[ WARN:0@146.802] global grfmt_tiff.cpp:122 TIFF_Warning TIFFReadDirectory: Sum of Photometric type-related color channels and ExtraSamples doesn't match SamplesPerPixel. Defining non-color channels as ExtraSamples.
[ WARN:0@146.802] global grfmt_tiff.cpp:122 TIFF_Warning TIFFReadDirectory: Sum of Photometric type-related color channels and ExtraSamples doesn't match SamplesPerPixel. Defining non-color channels as ExtraSamples.
[ WARN:0@146.803] global grfmt_tiff.cpp:122 TIFF_Warning TIFFReadDirectory: Sum of Photometric type-related color channels and ExtraSamples doesn't match SamplesPerPixel. Defining non-color channels as ExtraSamples.
[ WARN:0@146.804] global grfmt_tiff.cpp:122 TIFF_Warning TIFFReadDirectory: Sum of Photometric type-related color channels and ExtraSamples doesn't match SamplesPerPixel. Defining non-color channels as ExtraSamples.
[ WARN:0@146.804] global grfmt_tiff.cpp:122 TIFF_Warning TIFFReadDirectory: Sum of Photometric type-related color channels and ExtraSamples doesn't match SamplesPerPixel. Defining non-color channels as ExtraSamples.
[ WARN:0@146.805] global grfmt_tiff.cpp:122 TIFF_Warning TIFFReadDirectory: Sum of Photometric type-related color channels and ExtraSamples doesn't match SamplesPerPixel. Defining non-color channels as ExtraSamples.
[ WARN:0@146.806] global grfmt_tiff.cpp:122 TIFF_Warning TIFFReadDirectory: Sum of Photometric type-related color channels and ExtraSamples doesn't match SamplesPerPixel. Defining non-color channels as ExtraSamples.
[ WARN:0@146.806] global grfmt_tiff.cpp:122 TIFF_Warning TIFFReadDirectory: Sum of Photometric type-related color channels and ExtraSamples doesn't match SamplesPerPixel. Defining non-color channels as ExtraSamples.
[ WARN:0@146.807] global grfmt_tiff.cpp:122 TIFF_Warning TIFFReadDirectory: Sum of Photometric type-related color channels and ExtraSamples doesn't match SamplesPerPixel. Defining non-color channels as ExtraSamples.
[ WARN:0@146.808] global grfmt_tiff.cpp:122 TIFF_Warning TIFFReadDirectory: Sum of Photometric type-related color channels and ExtraSamples doesn't match SamplesPerPixel. Defining non-color channels as ExtraSamples.
[ WARN:0@146.808] global grfmt_tiff.cpp:122 TIFF_Warning TIFFReadDirectory: Sum of Photometric type-related color channels and ExtraSamples doesn't match SamplesPerPixel. Defining non-color channels as ExtraSamples.
[ WARN:0@146.809] global grfmt_tiff.cpp:122 TIFF_Warning TIFFReadDirectory: Sum of Photometric type-related color channels and ExtraSamples doesn't match SamplesPerPixel. Defining non-color channels as ExtraSamples.
[ WARN:0@146.810] global grfmt_tiff.cpp:122 TIFF_Warning TIFFReadDirectory: Sum of Photometric type-related color channels and ExtraSamples doesn't match SamplesPerPixel. Defining non-color channels as ExtraSamples.
[ WARN:0@146.810] global grfmt_tiff.cpp:122 TIFF_Warning TIFFReadDirectory: Sum of Photometric type-related color channels and ExtraSamples doesn't match SamplesPerPixel. Defining non-color channels as ExtraSamples.
[ WARN:0@146.811] global grfmt_tiff.cpp:122 TIFF_Warning TIFFReadDirectory: Sum of Photometric type-related color channels and ExtraSamples doesn't match SamplesPerPixel. Defining non-color channels as ExtraSamples.
[ WARN:0@146.811] global grfmt_tiff.cpp:122 TIFF_Warning TIFFReadDirectory: Sum of Photometric type-related color channels and ExtraSamples doesn't match SamplesPerPixel. Defining non-color channels as ExtraSamples.
[ WARN:0@146.812] global grfmt_tiff.cpp:122 TIFF_Warning TIFFReadDirectory: Sum of Photometric type-related color channels and ExtraSamples doesn't match SamplesPerPixel. Defining non-color channels as ExtraSamples.
[ WARN:0@146.813] global grfmt_tiff.cpp:122 TIFF_Warning TIFFReadDirectory: Sum of Photometric type-related color channels and ExtraSamples doesn't match SamplesPerPixel. Defining non-color channels as ExtraSamples.
[ WARN:0@146.813] global grfmt_tiff.cpp:122 TIFF_Warning TIFFReadDirectory: Sum of Photometric type-related color channels and ExtraSamples doesn't match SamplesPerPixel. Defining non-color channels as ExtraSamples.
[ WARN:0@146.814] global grfmt_tiff.cpp:122 TIFF_Warning TIFFReadDirectory: Sum of Photometric type-related color channels and ExtraSamples doesn't match SamplesPerPixel. Defining non-color channels as ExtraSamples.
[ WARN:0@146.815] global grfmt_tiff.cpp:122 TIFF_Warning TIFFReadDirectory: Sum of Photometric type-related color channels and ExtraSamples doesn't match SamplesPerPixel. Defining non-color channels as ExtraSamples.
[ WARN:0@146.815] global grfmt_tiff.cpp:122 TIFF_Warning TIFFReadDirectory: Sum of Photometric type-related color channels and ExtraSamples doesn't match SamplesPerPixel. Defining non-color channels as ExtraSamples.
[ WARN:0@146.816] global grfmt_tiff.cpp:122 TIFF_Warning TIFFReadDirectory: Sum of Photometric type-related color channels and ExtraSamples doesn't match SamplesPerPixel. Defining non-color channels as ExtraSamples.
[ WARN:0@146.816] global grfmt_tiff.cpp:122 TIFF_Warning TIFFReadDirectory: Sum of Photometric type-related color channels and ExtraSamples doesn't match SamplesPerPixel. Defining non-color channels as ExtraSamples.
[ WARN:0@146.817] global grfmt_tiff.cpp:122 TIFF_Warning TIFFReadDirectory: Sum of Photometric type-related color channels and ExtraSamples doesn't match SamplesPerPixel. Defining non-color channels as ExtraSamples.
[ WARN:0@146.818] global grfmt_tiff.cpp:122 TIFF_Warning TIFFReadDirectory: Sum of Photometric type-related color channels and ExtraSamples doesn't match SamplesPerPixel. Defining non-color channels as ExtraSamples.
[ WARN:0@146.818] global grfmt_tiff.cpp:122 TIFF_Warning TIFFReadDirectory: Sum of Photometric type-related color channels and ExtraSamples doesn't match SamplesPerPixel. Defining non-color channels as ExtraSamples.
[ WARN:0@146.819] global grfmt_tiff.cpp:122 TIFF_Warning TIFFReadDirectory: Sum of Photometric type-related color channels and ExtraSamples doesn't match SamplesPerPixel. Defining non-color channels as ExtraSamples.
[ WARN:0@146.820] global grfmt_tiff.cpp:122 TIFF_Warning TIFFReadDirectory: Sum of Photometric type-related color channels and ExtraSamples doesn't match SamplesPerPixel. Defining non-color channels as ExtraSamples.
[ WARN:0@146.820] global grfmt_tiff.cpp:122 TIFF_Warning TIFFReadDirectory: Sum of Photometric type-related color channels and ExtraSamples doesn't match SamplesPerPixel. Defining non-color channels as ExtraSamples.
[ WARN:0@146.821] global grfmt_tiff.cpp:122 TIFF_Warning TIFFReadDirectory: Sum of Photometric type-related color channels and ExtraSamples doesn't match SamplesPerPixel. Defining non-color channels as ExtraSamples.
[ WARN:0@146.822] global grfmt_tiff.cpp:122 TIFF_Warning TIFFReadDirectory: Sum of Photometric type-related color channels and ExtraSamples doesn't match SamplesPerPixel. Defining non-color channels as ExtraSamples.
[ WARN:0@146.822] global grfmt_tiff.cpp:122 TIFF_Warning TIFFReadDirectory: Sum of Photometric type-related color channels and ExtraSamples doesn't match SamplesPerPixel. Defining non-color channels as ExtraSamples.
[ WARN:0@146.823] global grfmt_tiff.cpp:122 TIFF_Warning TIFFReadDirectory: Sum of Photometric type-related color channels and ExtraSamples doesn't match SamplesPerPixel. Defining non-color channels as ExtraSamples.
[ WARN:0@146.824] global grfmt_tiff.cpp:122 TIFF_Warning TIFFReadDirectory: Sum of Photometric type-related color channels and ExtraSamples doesn't match SamplesPerPixel. Defining non-color channels as ExtraSamples.
[ WARN:0@146.824] global grfmt_tiff.cpp:122 TIFF_Warning TIFFReadDirectory: Sum of Photometric type-related color channels and ExtraSamples doesn't match SamplesPerPixel. Defining non-color channels as ExtraSamples.
[ WARN:0@146.825] global grfmt_tiff.cpp:122 TIFF_Warning TIFFReadDirectory: Sum of Photometric type-related color channels and ExtraSamples doesn't match SamplesPerPixel. Defining non-color channels as ExtraSamples.
[ WARN:0@146.826] global grfmt_tiff.cpp:122 TIFF_Warning TIFFReadDirectory: Sum of Photometric type-related color channels and ExtraSamples doesn't match SamplesPerPixel. Defining non-color channels as ExtraSamples.
[ WARN:0@146.826] global grfmt_tiff.cpp:122 TIFF_Warning TIFFReadDirectory: Sum of Photometric type-related color channels and ExtraSamples doesn't match SamplesPerPixel. Defining non-color channels as ExtraSamples.
[ WARN:0@146.827] global grfmt_tiff.cpp:122 TIFF_Warning TIFFReadDirectory: Sum of Photometric type-related color channels and ExtraSamples doesn't match SamplesPerPixel. Defining non-color channels as ExtraSamples.
[ WARN:0@146.828] global grfmt_tiff.cpp:122 TIFF_Warning TIFFReadDirectory: Sum of Photometric type-related color channels and ExtraSamples doesn't match SamplesPerPixel. Defining non-color channels as ExtraSamples.
[ WARN:0@146.828] global grfmt_tiff.cpp:122 TIFF_Warning TIFFReadDirectory: Sum of Photometric type-related color channels and ExtraSamples doesn't match SamplesPerPixel. Defining non-color channels as ExtraSamples.
[ WARN:0@146.829] global grfmt_tiff.cpp:122 TIFF_Warning TIFFReadDirectory: Sum of Photometric type-related color channels and ExtraSamples doesn't match SamplesPerPixel. Defining non-color channels as ExtraSamples.
[ WARN:0@146.830] global grfmt_tiff.cpp:122 TIFF_Warning TIFFReadDirectory: Sum of Photometric type-related color channels and ExtraSamples doesn't match SamplesPerPixel. Defining non-color channels as ExtraSamples.
[ WARN:0@146.830] global grfmt_tiff.cpp:122 TIFF_Warning TIFFReadDirectory: Sum of Photometric type-related color channels and ExtraSamples doesn't match SamplesPerPixel. Defining non-color channels as ExtraSamples.
[ WARN:0@146.831] global grfmt_tiff.cpp:122 TIFF_Warning TIFFReadDirectory: Sum of Photometric type-related color channels and ExtraSamples doesn't match SamplesPerPixel. Defining non-color channels as ExtraSamples.
[ WARN:0@146.832] global grfmt_tiff.cpp:122 TIFF_Warning TIFFReadDirectory: Sum of Photometric type-related color channels and ExtraSamples doesn't match SamplesPerPixel. Defining non-color channels as ExtraSamples.
[ WARN:0@146.832] global grfmt_tiff.cpp:122 TIFF_Warning TIFFReadDirectory: Sum of Photometric type-related color channels and ExtraSamples doesn't match SamplesPerPixel. Defining non-color channels as ExtraSamples.
[ WARN:0@146.833] global grfmt_tiff.cpp:122 TIFF_Warning TIFFReadDirectory: Sum of Photometric type-related color channels and ExtraSamples doesn't match SamplesPerPixel. Defining non-color channels as ExtraSamples.
[ WARN:0@146.834] global grfmt_tiff.cpp:122 TIFF_Warning TIFFReadDirectory: Sum of Photometric type-related color channels and ExtraSamples doesn't match SamplesPerPixel. Defining non-color channels as ExtraSamples.
[ WARN:0@146.834] global grfmt_tiff.cpp:122 TIFF_Warning TIFFReadDirectory: Sum of Photometric type-related color channels and ExtraSamples doesn't match SamplesPerPixel. Defining non-color channels as ExtraSamples.
[ WARN:0@146.835] global grfmt_tiff.cpp:122 TIFF_Warning TIFFReadDirectory: Sum of Photometric type-related color channels and ExtraSamples doesn't match SamplesPerPixel. Defining non-color channels as ExtraSamples.
[ WARN:0@146.836] global grfmt_tiff.cpp:122 TIFF_Warning TIFFReadDirectory: Sum of Photometric type-related color channels and ExtraSamples doesn't match SamplesPerPixel. Defining non-color channels as ExtraSamples.
[ WARN:0@146.836] global grfmt_tiff.cpp:122 TIFF_Warning TIFFReadDirectory: Sum of Photometric type-related color channels and ExtraSamples doesn't match SamplesPerPixel. Defining non-color channels as ExtraSamples.
[ WARN:0@146.837] global grfmt_tiff.cpp:122 TIFF_Warning TIFFReadDirectory: Sum of Photometric type-related color channels and ExtraSamples doesn't match SamplesPerPixel. Defining non-color channels as ExtraSamples.
[ WARN:0@146.837] global grfmt_tiff.cpp:122 TIFF_Warning TIFFReadDirectory: Sum of Photometric type-related color channels and ExtraSamples doesn't match SamplesPerPixel. Defining non-color channels as ExtraSamples.
[ WARN:0@146.838] global grfmt_tiff.cpp:122 TIFF_Warning TIFFReadDirectory: Sum of Photometric type-related color channels and ExtraSamples doesn't match SamplesPerPixel. Defining non-color channels as ExtraSamples.
[ WARN:0@146.839] global grfmt_tiff.cpp:122 TIFF_Warning TIFFReadDirectory: Sum of Photometric type-related color channels and ExtraSamples doesn't match SamplesPerPixel. Defining non-color channels as ExtraSamples.
[ WARN:0@146.839] global grfmt_tiff.cpp:122 TIFF_Warning TIFFReadDirectory: Sum of Photometric type-related color channels and ExtraSamples doesn't match SamplesPerPixel. Defining non-color channels as ExtraSamples.
[ WARN:0@146.840] global grfmt_tiff.cpp:122 TIFF_Warning TIFFReadDirectory: Sum of Photometric type-related color channels and ExtraSamples doesn't match SamplesPerPixel. Defining non-color channels as ExtraSamples.
[ WARN:0@146.841] global grfmt_tiff.cpp:122 TIFF_Warning TIFFReadDirectory: Sum of Photometric type-related color channels and ExtraSamples doesn't match SamplesPerPixel. Defining non-color channels as ExtraSamples.
[ WARN:0@146.841] global grfmt_tiff.cpp:122 TIFF_Warning TIFFReadDirectory: Sum of Photometric type-related color channels and ExtraSamples doesn't match SamplesPerPixel. Defining non-color channels as ExtraSamples.
[ WARN:0@146.842] global grfmt_tiff.cpp:122 TIFF_Warning TIFFReadDirectory: Sum of Photometric type-related color channels and ExtraSamples doesn't match SamplesPerPixel. Defining non-color channels as ExtraSamples.
[ WARN:0@146.843] global grfmt_tiff.cpp:122 TIFF_Warning TIFFReadDirectory: Sum of Photometric type-related color channels and ExtraSamples doesn't match SamplesPerPixel. Defining non-color channels as ExtraSamples.
[ WARN:0@146.843] global grfmt_tiff.cpp:122 TIFF_Warning TIFFReadDirectory: Sum of Photometric type-related color channels and ExtraSamples doesn't match SamplesPerPixel. Defining non-color channels as ExtraSamples.
[ WARN:0@146.844] global grfmt_tiff.cpp:122 TIFF_Warning TIFFReadDirectory: Sum of Photometric type-related color channels and ExtraSamples doesn't match SamplesPerPixel. Defining non-color channels as ExtraSamples.
[ WARN:0@146.845] global grfmt_tiff.cpp:122 TIFF_Warning TIFFReadDirectory: Sum of Photometric type-related color channels and ExtraSamples doesn't match SamplesPerPixel. Defining non-color channels as ExtraSamples.
[ WARN:0@146.845] global grfmt_tiff.cpp:122 TIFF_Warning TIFFReadDirectory: Sum of Photometric type-related color channels and ExtraSamples doesn't match SamplesPerPixel. Defining non-color channels as ExtraSamples.
[ WARN:0@146.846] global grfmt_tiff.cpp:122 TIFF_Warning TIFFReadDirectory: Sum of Photometric type-related color channels and ExtraSamples doesn't match SamplesPerPixel. Defining non-color channels as ExtraSamples.
[ WARN:0@146.847] global grfmt_tiff.cpp:122 TIFF_Warning TIFFReadDirectory: Sum of Photometric type-related color channels and ExtraSamples doesn't match SamplesPerPixel. Defining non-color channels as ExtraSamples.
[ WARN:0@146.847] global grfmt_tiff.cpp:122 TIFF_Warning TIFFReadDirectory: Sum of Photometric type-related color channels and ExtraSamples doesn't match SamplesPerPixel. Defining non-color channels as ExtraSamples.
[ WARN:0@146.848] global grfmt_tiff.cpp:122 TIFF_Warning TIFFReadDirectory: Sum of Photometric type-related color channels and ExtraSamples doesn't match SamplesPerPixel. Defining non-color channels as ExtraSamples.
[ WARN:0@146.849] global grfmt_tiff.cpp:122 TIFF_Warning TIFFReadDirectory: Sum of Photometric type-related color channels and ExtraSamples doesn't match SamplesPerPixel. Defining non-color channels as ExtraSamples.
[ WARN:0@146.850] global grfmt_tiff.cpp:122 TIFF_Warning TIFFReadDirectory: Sum of Photometric type-related color channels and ExtraSamples doesn't match SamplesPerPixel. Defining non-color channels as ExtraSamples.
[ WARN:0@146.850] global grfmt_tiff.cpp:122 TIFF_Warning TIFFReadDirectory: Sum of Photometric type-related color channels and ExtraSamples doesn't match SamplesPerPixel. Defining non-color channels as ExtraSamples.
[ WARN:0@146.851] global grfmt_tiff.cpp:122 TIFF_Warning TIFFReadDirectory: Sum of Photometric type-related color channels and ExtraSamples doesn't match SamplesPerPixel. Defining non-color channels as ExtraSamples.
[ WARN:0@146.852] global grfmt_tiff.cpp:122 TIFF_Warning TIFFReadDirectory: Sum of Photometric type-related color channels and ExtraSamples doesn't match SamplesPerPixel. Defining non-color channels as ExtraSamples.
[ WARN:0@146.852] global grfmt_tiff.cpp:122 TIFF_Warning TIFFReadDirectory: Sum of Photometric type-related color channels and ExtraSamples doesn't match SamplesPerPixel. Defining non-color channels as ExtraSamples.
[ WARN:0@146.853] global grfmt_tiff.cpp:122 TIFF_Warning TIFFReadDirectory: Sum of Photometric type-related color channels and ExtraSamples doesn't match SamplesPerPixel. Defining non-color channels as ExtraSamples.
[ WARN:0@146.854] global grfmt_tiff.cpp:122 TIFF_Warning TIFFReadDirectory: Sum of Photometric type-related color channels and ExtraSamples doesn't match SamplesPerPixel. Defining non-color channels as ExtraSamples.
[ WARN:0@146.854] global grfmt_tiff.cpp:122 TIFF_Warning TIFFReadDirectory: Sum of Photometric type-related color channels and ExtraSamples doesn't match SamplesPerPixel. Defining non-color channels as ExtraSamples.
[ WARN:0@146.855] global grfmt_tiff.cpp:122 TIFF_Warning TIFFReadDirectory: Sum of Photometric type-related color channels and ExtraSamples doesn't match SamplesPerPixel. Defining non-color channels as ExtraSamples.
[ WARN:0@146.856] global grfmt_tiff.cpp:122 TIFF_Warning TIFFReadDirectory: Sum of Photometric type-related color channels and ExtraSamples doesn't match SamplesPerPixel. Defining non-color channels as ExtraSamples.
[ WARN:0@146.856] global grfmt_tiff.cpp:122 TIFF_Warning TIFFReadDirectory: Sum of Photometric type-related color channels and ExtraSamples doesn't match SamplesPerPixel. Defining non-color channels as ExtraSamples.
[ WARN:0@146.857] global grfmt_tiff.cpp:122 TIFF_Warning TIFFReadDirectory: Sum of Photometric type-related color channels and ExtraSamples doesn't match SamplesPerPixel. Defining non-color channels as ExtraSamples.
[ WARN:0@146.858] global grfmt_tiff.cpp:122 TIFF_Warning TIFFReadDirectory: Sum of Photometric type-related color channels and ExtraSamples doesn't match SamplesPerPixel. Defining non-color channels as ExtraSamples.
[ WARN:0@146.858] global grfmt_tiff.cpp:122 TIFF_Warning TIFFReadDirectory: Sum of Photometric type-related color channels and ExtraSamples doesn't match SamplesPerPixel. Defining non-color channels as ExtraSamples.
[ WARN:0@146.859] global grfmt_tiff.cpp:122 TIFF_Warning TIFFReadDirectory: Sum of Photometric type-related color channels and ExtraSamples doesn't match SamplesPerPixel. Defining non-color channels as ExtraSamples.
[ WARN:0@146.860] global grfmt_tiff.cpp:122 TIFF_Warning TIFFReadDirectory: Sum of Photometric type-related color channels and ExtraSamples doesn't match SamplesPerPixel. Defining non-color channels as ExtraSamples.
[ WARN:0@146.860] global grfmt_tiff.cpp:122 TIFF_Warning TIFFReadDirectory: Sum of Photometric type-related color channels and ExtraSamples doesn't match SamplesPerPixel. Defining non-color channels as ExtraSamples.
[ WARN:0@146.861] global grfmt_tiff.cpp:122 TIFF_Warning TIFFReadDirectory: Sum of Photometric type-related color channels and ExtraSamples doesn't match SamplesPerPixel. Defining non-color channels as ExtraSamples.
[ WARN:0@146.862] global grfmt_tiff.cpp:122 TIFF_Warning TIFFReadDirectory: Sum of Photometric type-related color channels and ExtraSamples doesn't match SamplesPerPixel. Defining non-color channels as ExtraSamples.
[ WARN:0@146.862] global grfmt_tiff.cpp:122 TIFF_Warning TIFFReadDirectory: Sum of Photometric type-related color channels and ExtraSamples doesn't match SamplesPerPixel. Defining non-color channels as ExtraSamples.
[ WARN:0@146.863] global grfmt_tiff.cpp:122 TIFF_Warning TIFFReadDirectory: Sum of Photometric type-related color channels and ExtraSamples doesn't match SamplesPerPixel. Defining non-color channels as ExtraSamples.
[ WARN:0@146.863] global grfmt_tiff.cpp:122 TIFF_Warning TIFFReadDirectory: Sum of Photometric type-related color channels and ExtraSamples doesn't match SamplesPerPixel. Defining non-color channels as ExtraSamples.
[ WARN:0@146.864] global grfmt_tiff.cpp:122 TIFF_Warning TIFFReadDirectory: Sum of Photometric type-related color channels and ExtraSamples doesn't match SamplesPerPixel. Defining non-color channels as ExtraSamples.
[ WARN:0@146.865] global grfmt_tiff.cpp:122 TIFF_Warning TIFFReadDirectory: Sum of Photometric type-related color channels and ExtraSamples doesn't match SamplesPerPixel. Defining non-color channels as ExtraSamples.
[ WARN:0@146.865] global grfmt_tiff.cpp:122 TIFF_Warning TIFFReadDirectory: Sum of Photometric type-related color channels and ExtraSamples doesn't match SamplesPerPixel. Defining non-color channels as ExtraSamples.
[ WARN:0@146.866] global grfmt_tiff.cpp:122 TIFF_Warning TIFFReadDirectory: Sum of Photometric type-related color channels and ExtraSamples doesn't match SamplesPerPixel. Defining non-color channels as ExtraSamples.
[ WARN:0@146.867] global grfmt_tiff.cpp:122 TIFF_Warning TIFFReadDirectory: Sum of Photometric type-related color channels and ExtraSamples doesn't match SamplesPerPixel. Defining non-color channels as ExtraSamples.
[ WARN:0@146.867] global grfmt_tiff.cpp:122 TIFF_Warning TIFFReadDirectory: Sum of Photometric type-related color channels and ExtraSamples doesn't match SamplesPerPixel. Defining non-color channels as ExtraSamples.
[ WARN:0@146.868] global grfmt_tiff.cpp:122 TIFF_Warning TIFFReadDirectory: Sum of Photometric type-related color channels and ExtraSamples doesn't match SamplesPerPixel. Defining non-color channels as ExtraSamples.
[ WARN:0@146.868] global grfmt_tiff.cpp:122 TIFF_Warning TIFFReadDirectory: Sum of Photometric type-related color channels and ExtraSamples doesn't match SamplesPerPixel. Defining non-color channels as ExtraSamples.
[ WARN:0@146.869] global grfmt_tiff.cpp:122 TIFF_Warning TIFFReadDirectory: Sum of Photometric type-related color channels and ExtraSamples doesn't match SamplesPerPixel. Defining non-color channels as ExtraSamples.
[ WARN:0@146.870] global grfmt_tiff.cpp:122 TIFF_Warning TIFFReadDirectory: Sum of Photometric type-related color channels and ExtraSamples doesn't match SamplesPerPixel. Defining non-color channels as ExtraSamples.
[ WARN:0@146.870] global grfmt_tiff.cpp:122 TIFF_Warning TIFFReadDirectory: Sum of Photometric type-related color channels and ExtraSamples doesn't match SamplesPerPixel. Defining non-color channels as ExtraSamples.
[ WARN:0@146.871] global grfmt_tiff.cpp:122 TIFF_Warning TIFFReadDirectory: Sum of Photometric type-related color channels and ExtraSamples doesn't match SamplesPerPixel. Defining non-color channels as ExtraSamples.
[ WARN:0@146.872] global grfmt_tiff.cpp:122 TIFF_Warning TIFFReadDirectory: Sum of Photometric type-related color channels and ExtraSamples doesn't match SamplesPerPixel. Defining non-color channels as ExtraSamples.
[ WARN:0@146.872] global grfmt_tiff.cpp:122 TIFF_Warning TIFFReadDirectory: Sum of Photometric type-related color channels and ExtraSamples doesn't match SamplesPerPixel. Defining non-color channels as ExtraSamples.
[ WARN:0@146.873] global grfmt_tiff.cpp:122 TIFF_Warning TIFFReadDirectory: Sum of Photometric type-related color channels and ExtraSamples doesn't match SamplesPerPixel. Defining non-color channels as ExtraSamples.
[ WARN:0@146.874] global grfmt_tiff.cpp:122 TIFF_Warning TIFFReadDirectory: Sum of Photometric type-related color channels and ExtraSamples doesn't match SamplesPerPixel. Defining non-color channels as ExtraSamples.
[ WARN:0@146.874] global grfmt_tiff.cpp:122 TIFF_Warning TIFFReadDirectory: Sum of Photometric type-related color channels and ExtraSamples doesn't match SamplesPerPixel. Defining non-color channels as ExtraSamples.
[ WARN:0@146.875] global grfmt_tiff.cpp:122 TIFF_Warning TIFFReadDirectory: Sum of Photometric type-related color channels and ExtraSamples doesn't match SamplesPerPixel. Defining non-color channels as ExtraSamples.
[ WARN:0@146.876] global grfmt_tiff.cpp:122 TIFF_Warning TIFFReadDirectory: Sum of Photometric type-related color channels and ExtraSamples doesn't match SamplesPerPixel. Defining non-color channels as ExtraSamples.
[ WARN:0@146.876] global grfmt_tiff.cpp:122 TIFF_Warning TIFFReadDirectory: Sum of Photometric type-related color channels and ExtraSamples doesn't match SamplesPerPixel. Defining non-color channels as ExtraSamples.
[ WARN:0@146.877] global grfmt_tiff.cpp:122 TIFF_Warning TIFFReadDirectory: Sum of Photometric type-related color channels and ExtraSamples doesn't match SamplesPerPixel. Defining non-color channels as ExtraSamples.
[ WARN:0@146.878] global grfmt_tiff.cpp:122 TIFF_Warning TIFFReadDirectory: Sum of Photometric type-related color channels and ExtraSamples doesn't match SamplesPerPixel. Defining non-color channels as ExtraSamples.
[ WARN:0@146.878] global grfmt_tiff.cpp:122 TIFF_Warning TIFFReadDirectory: Sum of Photometric type-related color channels and ExtraSamples doesn't match SamplesPerPixel. Defining non-color channels as ExtraSamples.
[ WARN:0@146.879] global grfmt_tiff.cpp:122 TIFF_Warning TIFFReadDirectory: Sum of Photometric type-related color channels and ExtraSamples doesn't match SamplesPerPixel. Defining non-color channels as ExtraSamples.
[ WARN:0@146.880] global grfmt_tiff.cpp:122 TIFF_Warning TIFFReadDirectory: Sum of Photometric type-related color channels and ExtraSamples doesn't match SamplesPerPixel. Defining non-color channels as ExtraSamples.
[ WARN:0@146.880] global grfmt_tiff.cpp:122 TIFF_Warning TIFFReadDirectory: Sum of Photometric type-related color channels and ExtraSamples doesn't match SamplesPerPixel. Defining non-color channels as ExtraSamples.
[ WARN:0@146.881] global grfmt_tiff.cpp:122 TIFF_Warning TIFFReadDirectory: Sum of Photometric type-related color channels and ExtraSamples doesn't match SamplesPerPixel. Defining non-color channels as ExtraSamples.
[ WARN:0@146.882] global grfmt_tiff.cpp:122 TIFF_Warning TIFFReadDirectory: Sum of Photometric type-related color channels and ExtraSamples doesn't match SamplesPerPixel. Defining non-color channels as ExtraSamples.
[ WARN:0@146.882] global grfmt_tiff.cpp:122 TIFF_Warning TIFFReadDirectory: Sum of Photometric type-related color channels and ExtraSamples doesn't match SamplesPerPixel. Defining non-color channels as ExtraSamples.
[ WARN:0@146.883] global grfmt_tiff.cpp:122 TIFF_Warning TIFFReadDirectory: Sum of Photometric type-related color channels and ExtraSamples doesn't match SamplesPerPixel. Defining non-color channels as ExtraSamples.
[ WARN:0@146.884] global grfmt_tiff.cpp:122 TIFF_Warning TIFFReadDirectory: Sum of Photometric type-related color channels and ExtraSamples doesn't match SamplesPerPixel. Defining non-color channels as ExtraSamples.
[ WARN:0@146.884] global grfmt_tiff.cpp:122 TIFF_Warning TIFFReadDirectory: Sum of Photometric type-related color channels and ExtraSamples doesn't match SamplesPerPixel. Defining non-color channels as ExtraSamples.
[ WARN:0@146.885] global grfmt_tiff.cpp:122 TIFF_Warning TIFFReadDirectory: Sum of Photometric type-related color channels and ExtraSamples doesn't match SamplesPerPixel. Defining non-color channels as ExtraSamples.
[ WARN:0@146.886] global grfmt_tiff.cpp:122 TIFF_Warning TIFFReadDirectory: Sum of Photometric type-related color channels and ExtraSamples doesn't match SamplesPerPixel. Defining non-color channels as ExtraSamples.
[ WARN:0@146.886] global grfmt_tiff.cpp:122 TIFF_Warning TIFFReadDirectory: Sum of Photometric type-related color channels and ExtraSamples doesn't match SamplesPerPixel. Defining non-color channels as ExtraSamples.
[ WARN:0@146.887] global grfmt_tiff.cpp:122 TIFF_Warning TIFFReadDirectory: Sum of Photometric type-related color channels and ExtraSamples doesn't match SamplesPerPixel. Defining non-color channels as ExtraSamples.
[ WARN:0@146.887] global grfmt_tiff.cpp:122 TIFF_Warning TIFFReadDirectory: Sum of Photometric type-related color channels and ExtraSamples doesn't match SamplesPerPixel. Defining non-color channels as ExtraSamples.
[ WARN:0@146.888] global grfmt_tiff.cpp:122 TIFF_Warning TIFFReadDirectory: Sum of Photometric type-related color channels and ExtraSamples doesn't match SamplesPerPixel. Defining non-color channels as ExtraSamples.
[ WARN:0@146.889] global grfmt_tiff.cpp:122 TIFF_Warning TIFFReadDirectory: Sum of Photometric type-related color channels and ExtraSamples doesn't match SamplesPerPixel. Defining non-color channels as ExtraSamples.
[ WARN:0@146.889] global grfmt_tiff.cpp:122 TIFF_Warning TIFFReadDirectory: Sum of Photometric type-related color channels and ExtraSamples doesn't match SamplesPerPixel. Defining non-color channels as ExtraSamples.
[ WARN:0@146.890] global grfmt_tiff.cpp:122 TIFF_Warning TIFFReadDirectory: Sum of Photometric type-related color channels and ExtraSamples doesn't match SamplesPerPixel. Defining non-color channels as ExtraSamples.
[ WARN:0@146.891] global grfmt_tiff.cpp:122 TIFF_Warning TIFFReadDirectory: Sum of Photometric type-related color channels and ExtraSamples doesn't match SamplesPerPixel. Defining non-color channels as ExtraSamples.
[ WARN:0@146.891] global grfmt_tiff.cpp:122 TIFF_Warning TIFFReadDirectory: Sum of Photometric type-related color channels and ExtraSamples doesn't match SamplesPerPixel. Defining non-color channels as ExtraSamples.
[ WARN:0@146.892] global grfmt_tiff.cpp:122 TIFF_Warning TIFFReadDirectory: Sum of Photometric type-related color channels and ExtraSamples doesn't match SamplesPerPixel. Defining non-color channels as ExtraSamples.
[ WARN:0@146.893] global grfmt_tiff.cpp:122 TIFF_Warning TIFFReadDirectory: Sum of Photometric type-related color channels and ExtraSamples doesn't match SamplesPerPixel. Defining non-color channels as ExtraSamples.
[ WARN:0@146.893] global grfmt_tiff.cpp:122 TIFF_Warning TIFFReadDirectory: Sum of Photometric type-related color channels and ExtraSamples doesn't match SamplesPerPixel. Defining non-color channels as ExtraSamples.
[ WARN:0@146.894] global grfmt_tiff.cpp:122 TIFF_Warning TIFFReadDirectory: Sum of Photometric type-related color channels and ExtraSamples doesn't match SamplesPerPixel. Defining non-color channels as ExtraSamples.
[ WARN:0@146.895] global grfmt_tiff.cpp:122 TIFF_Warning TIFFReadDirectory: Sum of Photometric type-related color channels and ExtraSamples doesn't match SamplesPerPixel. Defining non-color channels as ExtraSamples.
[ WARN:0@146.895] global grfmt_tiff.cpp:122 TIFF_Warning TIFFReadDirectory: Sum of Photometric type-related color channels and ExtraSamples doesn't match SamplesPerPixel. Defining non-color channels as ExtraSamples.
[ WARN:0@146.896] global grfmt_tiff.cpp:122 TIFF_Warning TIFFReadDirectory: Sum of Photometric type-related color channels and ExtraSamples doesn't match SamplesPerPixel. Defining non-color channels as ExtraSamples.
[ WARN:0@146.897] global grfmt_tiff.cpp:122 TIFF_Warning TIFFReadDirectory: Sum of Photometric type-related color channels and ExtraSamples doesn't match SamplesPerPixel. Defining non-color channels as ExtraSamples.
[ WARN:0@146.897] global grfmt_tiff.cpp:122 TIFF_Warning TIFFReadDirectory: Sum of Photometric type-related color channels and ExtraSamples doesn't match SamplesPerPixel. Defining non-color channels as ExtraSamples.
[ WARN:0@146.898] global grfmt_tiff.cpp:122 TIFF_Warning TIFFReadDirectory: Sum of Photometric type-related color channels and ExtraSamples doesn't match SamplesPerPixel. Defining non-color channels as ExtraSamples.
[ WARN:0@146.899] global grfmt_tiff.cpp:122 TIFF_Warning TIFFReadDirectory: Sum of Photometric type-related color channels and ExtraSamples doesn't match SamplesPerPixel. Defining non-color channels as ExtraSamples.
[ WARN:0@146.899] global grfmt_tiff.cpp:122 TIFF_Warning TIFFReadDirectory: Sum of Photometric type-related color channels and ExtraSamples doesn't match SamplesPerPixel. Defining non-color channels as ExtraSamples.
[ WARN:0@146.900] global grfmt_tiff.cpp:122 TIFF_Warning TIFFReadDirectory: Sum of Photometric type-related color channels and ExtraSamples doesn't match SamplesPerPixel. Defining non-color channels as ExtraSamples.
[ WARN:0@146.901] global grfmt_tiff.cpp:122 TIFF_Warning TIFFReadDirectory: Sum of Photometric type-related color channels and ExtraSamples doesn't match SamplesPerPixel. Defining non-color channels as ExtraSamples.
[ WARN:0@146.901] global grfmt_tiff.cpp:122 TIFF_Warning TIFFReadDirectory: Sum of Photometric type-related color channels and ExtraSamples doesn't match SamplesPerPixel. Defining non-color channels as ExtraSamples.
[ WARN:0@146.902] global grfmt_tiff.cpp:122 TIFF_Warning TIFFReadDirectory: Sum of Photometric type-related color channels and ExtraSamples doesn't match SamplesPerPixel. Defining non-color channels as ExtraSamples.
[ WARN:0@146.903] global grfmt_tiff.cpp:122 TIFF_Warning TIFFReadDirectory: Sum of Photometric type-related color channels and ExtraSamples doesn't match SamplesPerPixel. Defining non-color channels as ExtraSamples.
[ WARN:0@146.903] global grfmt_tiff.cpp:122 TIFF_Warning TIFFReadDirectory: Sum of Photometric type-related color channels and ExtraSamples doesn't match SamplesPerPixel. Defining non-color channels as ExtraSamples.
[ WARN:0@146.904] global grfmt_tiff.cpp:122 TIFF_Warning TIFFReadDirectory: Sum of Photometric type-related color channels and ExtraSamples doesn't match SamplesPerPixel. Defining non-color channels as ExtraSamples.
[ WARN:0@146.905] global grfmt_tiff.cpp:122 TIFF_Warning TIFFReadDirectory: Sum of Photometric type-related color channels and ExtraSamples doesn't match SamplesPerPixel. Defining non-color channels as ExtraSamples.
[ WARN:0@146.905] global grfmt_tiff.cpp:122 TIFF_Warning TIFFReadDirectory: Sum of Photometric type-related color channels and ExtraSamples doesn't match SamplesPerPixel. Defining non-color channels as ExtraSamples.
[ WARN:0@146.906] global grfmt_tiff.cpp:122 TIFF_Warning TIFFReadDirectory: Sum of Photometric type-related color channels and ExtraSamples doesn't match SamplesPerPixel. Defining non-color channels as ExtraSamples.
[ WARN:0@146.907] global grfmt_tiff.cpp:122 TIFF_Warning TIFFReadDirectory: Sum of Photometric type-related color channels and ExtraSamples doesn't match SamplesPerPixel. Defining non-color channels as ExtraSamples.
[ WARN:0@146.907] global grfmt_tiff.cpp:122 TIFF_Warning TIFFReadDirectory: Sum of Photometric type-related color channels and ExtraSamples doesn't match SamplesPerPixel. Defining non-color channels as ExtraSamples.
[ WARN:0@146.908] global grfmt_tiff.cpp:122 TIFF_Warning TIFFReadDirectory: Sum of Photometric type-related color channels and ExtraSamples doesn't match SamplesPerPixel. Defining non-color channels as ExtraSamples.
[ WARN:0@146.909] global grfmt_tiff.cpp:122 TIFF_Warning TIFFReadDirectory: Sum of Photometric type-related color channels and ExtraSamples doesn't match SamplesPerPixel. Defining non-color channels as ExtraSamples.
[ WARN:0@146.910] global grfmt_tiff.cpp:122 TIFF_Warning TIFFReadDirectory: Sum of Photometric type-related color channels and ExtraSamples doesn't match SamplesPerPixel. Defining non-color channels as ExtraSamples.
[ WARN:0@146.910] global grfmt_tiff.cpp:122 TIFF_Warning TIFFReadDirectory: Sum of Photometric type-related color channels and ExtraSamples doesn't match SamplesPerPixel. Defining non-color channels as ExtraSamples.
[ WARN:0@146.911] global grfmt_tiff.cpp:122 TIFF_Warning TIFFReadDirectory: Sum of Photometric type-related color channels and ExtraSamples doesn't match SamplesPerPixel. Defining non-color channels as ExtraSamples.
[ WARN:0@146.911] global grfmt_tiff.cpp:122 TIFF_Warning TIFFReadDirectory: Sum of Photometric type-related color channels and ExtraSamples doesn't match SamplesPerPixel. Defining non-color channels as ExtraSamples.
[ WARN:0@146.912] global grfmt_tiff.cpp:122 TIFF_Warning TIFFReadDirectory: Sum of Photometric type-related color channels and ExtraSamples doesn't match SamplesPerPixel. Defining non-color channels as ExtraSamples.
[ WARN:0@146.913] global grfmt_tiff.cpp:122 TIFF_Warning TIFFReadDirectory: Sum of Photometric type-related color channels and ExtraSamples doesn't match SamplesPerPixel. Defining non-color channels as ExtraSamples.
[ WARN:0@146.913] global grfmt_tiff.cpp:122 TIFF_Warning TIFFReadDirectory: Sum of Photometric type-related color channels and ExtraSamples doesn't match SamplesPerPixel. Defining non-color channels as ExtraSamples.
[ WARN:0@146.914] global grfmt_tiff.cpp:122 TIFF_Warning TIFFReadDirectory: Sum of Photometric type-related color channels and ExtraSamples doesn't match SamplesPerPixel. Defining non-color channels as ExtraSamples.
[ WARN:0@146.915] global grfmt_tiff.cpp:122 TIFF_Warning TIFFReadDirectory: Sum of Photometric type-related color channels and ExtraSamples doesn't match SamplesPerPixel. Defining non-color channels as ExtraSamples.
[ WARN:0@146.915] global grfmt_tiff.cpp:122 TIFF_Warning TIFFReadDirectory: Sum of Photometric type-related color channels and ExtraSamples doesn't match SamplesPerPixel. Defining non-color channels as ExtraSamples.
[ WARN:0@146.916] global grfmt_tiff.cpp:122 TIFF_Warning TIFFReadDirectory: Sum of Photometric type-related color channels and ExtraSamples doesn't match SamplesPerPixel. Defining non-color channels as ExtraSamples.
[ WARN:0@146.917] global grfmt_tiff.cpp:122 TIFF_Warning TIFFReadDirectory: Sum of Photometric type-related color channels and ExtraSamples doesn't match SamplesPerPixel. Defining non-color channels as ExtraSamples.
[ WARN:0@146.917] global grfmt_tiff.cpp:122 TIFF_Warning TIFFReadDirectory: Sum of Photometric type-related color channels and ExtraSamples doesn't match SamplesPerPixel. Defining non-color channels as ExtraSamples.
[ WARN:0@146.918] global grfmt_tiff.cpp:122 TIFF_Warning TIFFReadDirectory: Sum of Photometric type-related color channels and ExtraSamples doesn't match SamplesPerPixel. Defining non-color channels as ExtraSamples.
[ WARN:0@146.919] global grfmt_tiff.cpp:122 TIFF_Warning TIFFReadDirectory: Sum of Photometric type-related color channels and ExtraSamples doesn't match SamplesPerPixel. Defining non-color channels as ExtraSamples.
[ WARN:0@146.919] global grfmt_tiff.cpp:122 TIFF_Warning TIFFReadDirectory: Sum of Photometric type-related color channels and ExtraSamples doesn't match SamplesPerPixel. Defining non-color channels as ExtraSamples.
[ WARN:0@146.920] global grfmt_tiff.cpp:122 TIFF_Warning TIFFReadDirectory: Sum of Photometric type-related color channels and ExtraSamples doesn't match SamplesPerPixel. Defining non-color channels as ExtraSamples.
[ WARN:0@146.920] global grfmt_tiff.cpp:122 TIFF_Warning TIFFReadDirectory: Sum of Photometric type-related color channels and ExtraSamples doesn't match SamplesPerPixel. Defining non-color channels as ExtraSamples.
[ WARN:0@146.921] global grfmt_tiff.cpp:122 TIFF_Warning TIFFReadDirectory: Sum of Photometric type-related color channels and ExtraSamples doesn't match SamplesPerPixel. Defining non-color channels as ExtraSamples.
[ WARN:0@146.922] global grfmt_tiff.cpp:122 TIFF_Warning TIFFReadDirectory: Sum of Photometric type-related color channels and ExtraSamples doesn't match SamplesPerPixel. Defining non-color channels as ExtraSamples.
[ WARN:0@146.922] global grfmt_tiff.cpp:122 TIFF_Warning TIFFReadDirectory: Sum of Photometric type-related color channels and ExtraSamples doesn't match SamplesPerPixel. Defining non-color channels as ExtraSamples.
[ WARN:0@146.923] global grfmt_tiff.cpp:122 TIFF_Warning TIFFReadDirectory: Sum of Photometric type-related color channels and ExtraSamples doesn't match SamplesPerPixel. Defining non-color channels as ExtraSamples.
[ WARN:0@146.924] global grfmt_tiff.cpp:122 TIFF_Warning TIFFReadDirectory: Sum of Photometric type-related color channels and ExtraSamples doesn't match SamplesPerPixel. Defining non-color channels as ExtraSamples.
[ WARN:0@146.924] global grfmt_tiff.cpp:122 TIFF_Warning TIFFReadDirectory: Sum of Photometric type-related color channels and ExtraSamples doesn't match SamplesPerPixel. Defining non-color channels as ExtraSamples.
[ WARN:0@146.925] global grfmt_tiff.cpp:122 TIFF_Warning TIFFReadDirectory: Sum of Photometric type-related color channels and ExtraSamples doesn't match SamplesPerPixel. Defining non-color channels as ExtraSamples.
[ WARN:0@146.926] global grfmt_tiff.cpp:122 TIFF_Warning TIFFReadDirectory: Sum of Photometric type-related color channels and ExtraSamples doesn't match SamplesPerPixel. Defining non-color channels as ExtraSamples.
[ WARN:0@146.926] global grfmt_tiff.cpp:122 TIFF_Warning TIFFReadDirectory: Sum of Photometric type-related color channels and ExtraSamples doesn't match SamplesPerPixel. Defining non-color channels as ExtraSamples.
[ WARN:0@146.927] global grfmt_tiff.cpp:122 TIFF_Warning TIFFReadDirectory: Sum of Photometric type-related color channels and ExtraSamples doesn't match SamplesPerPixel. Defining non-color channels as ExtraSamples.
[ WARN:0@146.928] global grfmt_tiff.cpp:122 TIFF_Warning TIFFReadDirectory: Sum of Photometric type-related color channels and ExtraSamples doesn't match SamplesPerPixel. Defining non-color channels as ExtraSamples.
[ WARN:0@146.928] global grfmt_tiff.cpp:122 TIFF_Warning TIFFReadDirectory: Sum of Photometric type-related color channels and ExtraSamples doesn't match SamplesPerPixel. Defining non-color channels as ExtraSamples.
[ WARN:0@146.929] global grfmt_tiff.cpp:122 TIFF_Warning TIFFReadDirectory: Sum of Photometric type-related color channels and ExtraSamples doesn't match SamplesPerPixel. Defining non-color channels as ExtraSamples.
[ WARN:0@146.930] global grfmt_tiff.cpp:122 TIFF_Warning TIFFReadDirectory: Sum of Photometric type-related color channels and ExtraSamples doesn't match SamplesPerPixel. Defining non-color channels as ExtraSamples.
[ WARN:0@146.930] global grfmt_tiff.cpp:122 TIFF_Warning TIFFReadDirectory: Sum of Photometric type-related color channels and ExtraSamples doesn't match SamplesPerPixel. Defining non-color channels as ExtraSamples.
[ WARN:0@146.931] global grfmt_tiff.cpp:122 TIFF_Warning TIFFReadDirectory: Sum of Photometric type-related color channels and ExtraSamples doesn't match SamplesPerPixel. Defining non-color channels as ExtraSamples.
[ WARN:0@146.932] global grfmt_tiff.cpp:122 TIFF_Warning TIFFReadDirectory: Sum of Photometric type-related color channels and ExtraSamples doesn't match SamplesPerPixel. Defining non-color channels as ExtraSamples.
[ WARN:0@146.932] global grfmt_tiff.cpp:122 TIFF_Warning TIFFReadDirectory: Sum of Photometric type-related color channels and ExtraSamples doesn't match SamplesPerPixel. Defining non-color channels as ExtraSamples.
[ WARN:0@146.933] global grfmt_tiff.cpp:122 TIFF_Warning TIFFReadDirectory: Sum of Photometric type-related color channels and ExtraSamples doesn't match SamplesPerPixel. Defining non-color channels as ExtraSamples.
[ WARN:0@146.934] global grfmt_tiff.cpp:122 TIFF_Warning TIFFReadDirectory: Sum of Photometric type-related color channels and ExtraSamples doesn't match SamplesPerPixel. Defining non-color channels as ExtraSamples.
[ WARN:0@146.934] global grfmt_tiff.cpp:122 TIFF_Warning TIFFReadDirectory: Sum of Photometric type-related color channels and ExtraSamples doesn't match SamplesPerPixel. Defining non-color channels as ExtraSamples.
[ WARN:0@146.935] global grfmt_tiff.cpp:122 TIFF_Warning TIFFReadDirectory: Sum of Photometric type-related color channels and ExtraSamples doesn't match SamplesPerPixel. Defining non-color channels as ExtraSamples.
[ WARN:0@146.936] global grfmt_tiff.cpp:122 TIFF_Warning TIFFReadDirectory: Sum of Photometric type-related color channels and ExtraSamples doesn't match SamplesPerPixel. Defining non-color channels as ExtraSamples.
[ WARN:0@146.936] global grfmt_tiff.cpp:122 TIFF_Warning TIFFReadDirectory: Sum of Photometric type-related color channels and ExtraSamples doesn't match SamplesPerPixel. Defining non-color channels as ExtraSamples.
[ WARN:0@146.937] global grfmt_tiff.cpp:122 TIFF_Warning TIFFReadDirectory: Sum of Photometric type-related color channels and ExtraSamples doesn't match SamplesPerPixel. Defining non-color channels as ExtraSamples.
[ WARN:0@146.937] global grfmt_tiff.cpp:122 TIFF_Warning TIFFReadDirectory: Sum of Photometric type-related color channels and ExtraSamples doesn't match SamplesPerPixel. Defining non-color channels as ExtraSamples.
[ WARN:0@146.938] global grfmt_tiff.cpp:122 TIFF_Warning TIFFReadDirectory: Sum of Photometric type-related color channels and ExtraSamples doesn't match SamplesPerPixel. Defining non-color channels as ExtraSamples.
[ WARN:0@146.939] global grfmt_tiff.cpp:122 TIFF_Warning TIFFReadDirectory: Sum of Photometric type-related color channels and ExtraSamples doesn't match SamplesPerPixel. Defining non-color channels as ExtraSamples.
[ WARN:0@146.939] global grfmt_tiff.cpp:122 TIFF_Warning TIFFReadDirectory: Sum of Photometric type-related color channels and ExtraSamples doesn't match SamplesPerPixel. Defining non-color channels as ExtraSamples.
[ WARN:0@146.940] global grfmt_tiff.cpp:122 TIFF_Warning TIFFReadDirectory: Sum of Photometric type-related color channels and ExtraSamples doesn't match SamplesPerPixel. Defining non-color channels as ExtraSamples.
[ WARN:0@146.941] global grfmt_tiff.cpp:122 TIFF_Warning TIFFReadDirectory: Sum of Photometric type-related color channels and ExtraSamples doesn't match SamplesPerPixel. Defining non-color channels as ExtraSamples.
[ WARN:0@146.941] global grfmt_tiff.cpp:122 TIFF_Warning TIFFReadDirectory: Sum of Photometric type-related color channels and ExtraSamples doesn't match SamplesPerPixel. Defining non-color channels as ExtraSamples.
[ WARN:0@146.942] global grfmt_tiff.cpp:122 TIFF_Warning TIFFReadDirectory: Sum of Photometric type-related color channels and ExtraSamples doesn't match SamplesPerPixel. Defining non-color channels as ExtraSamples.
[ WARN:0@146.943] global grfmt_tiff.cpp:122 TIFF_Warning TIFFReadDirectory: Sum of Photometric type-related color channels and ExtraSamples doesn't match SamplesPerPixel. Defining non-color channels as ExtraSamples.
[ WARN:0@146.943] global grfmt_tiff.cpp:122 TIFF_Warning TIFFReadDirectory: Sum of Photometric type-related color channels and ExtraSamples doesn't match SamplesPerPixel. Defining non-color channels as ExtraSamples.
[ PERFSTAT ]    (samples=10   mean=52.59   median=52.59   min=52.46   stddev=0.05 (0.1%))
[       OK ] Decode_multi_page.multi_page/2 (755 ms)
[ RUN      ] Decode_multi_page.multi_page/3, where GetParam() = ".webp"
[ PERFSTAT ]    (samples=10   mean=120.58   median=120.51   min=120.39   stddev=0.19 (0.2%))
[       OK ] Decode_multi_page.multi_page/3 (2563 ms)
[----------] 4 tests from Decode_multi_page (9154 ms total)

[----------] 70 tests from PNG_params
[ RUN      ] PNG_params.params/0, where GetParam() = (IMWRITE_PNG_STRATEGY_DEFAULT, IMWRITE_PNG_FILTER_NONE, 1)
  Encoded buffer size: 2009581 bytes, Compression ratio: 32.30%
[ PERFSTAT ]    (samples=10   mean=84.40   median=84.23   min=84.08   stddev=0.51 (0.6%))
[       OK ] PNG_params.params/0 (890 ms)
[ RUN      ] PNG_params.params/1, where GetParam() = (IMWRITE_PNG_STRATEGY_DEFAULT, IMWRITE_PNG_FILTER_NONE, 6)
  Encoded buffer size: 1812612 bytes, Compression ratio: 29.14%
[ PERFSTAT ]    (samples=10   mean=126.22   median=126.11   min=125.86   stddev=0.42 (0.3%))
[       OK ] PNG_params.params/1 (1303 ms)
[ RUN      ] PNG_params.params/2, where GetParam() = (IMWRITE_PNG_STRATEGY_DEFAULT, IMWRITE_PNG_FILTER_SUB, 1)
  Encoded buffer size: 1814986 bytes, Compression ratio: 29.18%
[ PERFSTAT ]    (samples=10   mean=82.77   median=82.76   min=82.57   stddev=0.18 (0.2%))
[       OK ] PNG_params.params/2 (873 ms)
[ RUN      ] PNG_params.params/3, where GetParam() = (IMWRITE_PNG_STRATEGY_DEFAULT, IMWRITE_PNG_FILTER_SUB, 6)
  Encoded buffer size: 1529761 bytes, Compression ratio: 24.59%
[ PERFSTAT ]    (samples=10   mean=207.64   median=207.53   min=207.42   stddev=0.28 (0.1%))
[       OK ] PNG_params.params/3 (2117 ms)
[ RUN      ] PNG_params.params/4, where GetParam() = (IMWRITE_PNG_STRATEGY_DEFAULT, IMWRITE_PNG_FILTER_UP, 1)
  Encoded buffer size: 1682926 bytes, Compression ratio: 27.05%
[ PERFSTAT ]    (samples=10   mean=77.47   median=77.42   min=77.34   stddev=0.13 (0.2%))
[       OK ] PNG_params.params/4 (819 ms)
[ RUN      ] PNG_params.params/5, where GetParam() = (IMWRITE_PNG_STRATEGY_DEFAULT, IMWRITE_PNG_FILTER_UP, 6)
  Encoded buffer size: 1453523 bytes, Compression ratio: 23.37%
[ PERFSTAT ]    (samples=10   mean=191.82   median=191.74   min=191.62   stddev=0.22 (0.1%))
[       OK ] PNG_params.params/5 (1959 ms)
[ RUN      ] PNG_params.params/6, where GetParam() = (IMWRITE_PNG_STRATEGY_DEFAULT, IMWRITE_PNG_FILTER_AVG, 1)
  Encoded buffer size: 1890656 bytes, Compression ratio: 30.39%
[ PERFSTAT ]    (samples=10   mean=86.89   median=86.83   min=86.74   stddev=0.18 (0.2%))
[       OK ] PNG_params.params/6 (912 ms)
[ RUN      ] PNG_params.params/7, where GetParam() = (IMWRITE_PNG_STRATEGY_DEFAULT, IMWRITE_PNG_FILTER_AVG, 6)
  Encoded buffer size: 1620033 bytes, Compression ratio: 26.04%
[ PERFSTAT ]    (samples=10   mean=247.21   median=247.05   min=246.71   stddev=0.58 (0.2%))
[       OK ] PNG_params.params/7 (2513 ms)
[ RUN      ] PNG_params.params/8, where GetParam() = (IMWRITE_PNG_STRATEGY_DEFAULT, IMWRITE_PNG_FILTER_PAETH, 1)
  Encoded buffer size: 1672778 bytes, Compression ratio: 26.89%
[ PERFSTAT ]    (samples=10   mean=93.85   median=93.84   min=93.64   stddev=0.15 (0.2%))
[       OK ] PNG_params.params/8 (985 ms)
[ RUN      ] PNG_params.params/9, where GetParam() = (IMWRITE_PNG_STRATEGY_DEFAULT, IMWRITE_PNG_FILTER_PAETH, 6)
  Encoded buffer size: 1426785 bytes, Compression ratio: 22.94%
[ PERFSTAT ]    (samples=10   mean=238.29   median=238.39   min=237.76   stddev=0.34 (0.1%))
[       OK ] PNG_params.params/9 (2426 ms)
[ RUN      ] PNG_params.params/10, where GetParam() = (IMWRITE_PNG_STRATEGY_DEFAULT, IMWRITE_PNG_FAST_FILTERS, 1)
  Encoded buffer size: 1683542 bytes, Compression ratio: 27.06%
[ PERFSTAT ]    (samples=10   mean=91.19   median=91.12   min=91.03   stddev=0.22 (0.2%))
[       OK ] PNG_params.params/10 (958 ms)
[ RUN      ] PNG_params.params/11, where GetParam() = (IMWRITE_PNG_STRATEGY_DEFAULT, IMWRITE_PNG_FAST_FILTERS, 6)
  Encoded buffer size: 1440899 bytes, Compression ratio: 23.16%
[ PERFSTAT ]    (samples=10   mean=211.96   median=211.86   min=211.76   stddev=0.22 (0.1%))
[       OK ] PNG_params.params/11 (2161 ms)
[ RUN      ] PNG_params.params/12, where GetParam() = (IMWRITE_PNG_STRATEGY_DEFAULT, IMWRITE_PNG_ALL_FILTERS, 1)
  Encoded buffer size: 1670297 bytes, Compression ratio: 26.85%
[ PERFSTAT ]    (samples=10   mean=119.07   median=119.03   min=118.85   stddev=0.22 (0.2%))
[       OK ] PNG_params.params/12 (1237 ms)
[ RUN      ] PNG_params.params/13, where GetParam() = (IMWRITE_PNG_STRATEGY_DEFAULT, IMWRITE_PNG_ALL_FILTERS, 6)
  Encoded buffer size: 1425413 bytes, Compression ratio: 22.91%
[ PERFSTAT ]    (samples=10   mean=262.22   median=262.02   min=261.73   stddev=0.58 (0.2%))
[       OK ] PNG_params.params/13 (2666 ms)
[ RUN      ] PNG_params.params/14, where GetParam() = (IMWRITE_PNG_STRATEGY_FILTERED, IMWRITE_PNG_FILTER_NONE, 1)
  Encoded buffer size: 2009581 bytes, Compression ratio: 32.30%
[ PERFSTAT ]    (samples=10   mean=84.23   median=84.20   min=84.10   stddev=0.13 (0.2%))
[       OK ] PNG_params.params/14 (889 ms)
[ RUN      ] PNG_params.params/15, where GetParam() = (IMWRITE_PNG_STRATEGY_FILTERED, IMWRITE_PNG_FILTER_NONE, 6)
  Encoded buffer size: 1897320 bytes, Compression ratio: 30.50%
[ PERFSTAT ]    (samples=10   mean=128.38   median=128.33   min=128.13   stddev=0.30 (0.2%))
[       OK ] PNG_params.params/15 (1325 ms)
[ RUN      ] PNG_params.params/16, where GetParam() = (IMWRITE_PNG_STRATEGY_FILTERED, IMWRITE_PNG_FILTER_SUB, 1)
  Encoded buffer size: 1814986 bytes, Compression ratio: 29.18%
[ PERFSTAT ]    (samples=10   mean=82.91   median=82.85   min=82.65   stddev=0.21 (0.3%))
[       OK ] PNG_params.params/16 (874 ms)
[ RUN      ] PNG_params.params/17, where GetParam() = (IMWRITE_PNG_STRATEGY_FILTERED, IMWRITE_PNG_FILTER_SUB, 6)
  Encoded buffer size: 1503740 bytes, Compression ratio: 24.17%
[ PERFSTAT ]    (samples=10   mean=219.43   median=219.43   min=219.10   stddev=0.24 (0.1%))
[       OK ] PNG_params.params/17 (2235 ms)
[ RUN      ] PNG_params.params/18, where GetParam() = (IMWRITE_PNG_STRATEGY_FILTERED, IMWRITE_PNG_FILTER_UP, 1)
  Encoded buffer size: 1682926 bytes, Compression ratio: 27.05%
[ PERFSTAT ]    (samples=10   mean=77.48   median=77.42   min=77.38   stddev=0.15 (0.2%))
[       OK ] PNG_params.params/18 (820 ms)
[ RUN      ] PNG_params.params/19, where GetParam() = (IMWRITE_PNG_STRATEGY_FILTERED, IMWRITE_PNG_FILTER_UP, 6)
  Encoded buffer size: 1443308 bytes, Compression ratio: 23.20%
[ PERFSTAT ]    (samples=10   mean=201.70   median=201.64   min=201.47   stddev=0.18 (0.1%))
[       OK ] PNG_params.params/19 (2058 ms)
[ RUN      ] PNG_params.params/20, where GetParam() = (IMWRITE_PNG_STRATEGY_FILTERED, IMWRITE_PNG_FILTER_AVG, 1)
  Encoded buffer size: 1890656 bytes, Compression ratio: 30.39%
[ PERFSTAT ]    (samples=10   mean=86.88   median=86.83   min=86.68   stddev=0.18 (0.2%))
[       OK ] PNG_params.params/20 (914 ms)
[ RUN      ] PNG_params.params/21, where GetParam() = (IMWRITE_PNG_STRATEGY_FILTERED, IMWRITE_PNG_FILTER_AVG, 6)
  Encoded buffer size: 1600868 bytes, Compression ratio: 25.73%
[ PERFSTAT ]    (samples=10   mean=262.87   median=262.81   min=262.64   stddev=0.20 (0.1%))
[       OK ] PNG_params.params/21 (2669 ms)
[ RUN      ] PNG_params.params/22, where GetParam() = (IMWRITE_PNG_STRATEGY_FILTERED, IMWRITE_PNG_FILTER_PAETH, 1)
  Encoded buffer size: 1672778 bytes, Compression ratio: 26.89%
[ PERFSTAT ]    (samples=10   mean=93.58   median=93.49   min=93.45   stddev=0.20 (0.2%))
[       OK ] PNG_params.params/22 (982 ms)
[ RUN      ] PNG_params.params/23, where GetParam() = (IMWRITE_PNG_STRATEGY_FILTERED, IMWRITE_PNG_FILTER_PAETH, 6)
  Encoded buffer size: 1389455 bytes, Compression ratio: 22.34%
[ PERFSTAT ]    (samples=10   mean=253.23   median=253.18   min=252.95   stddev=0.19 (0.1%))
[       OK ] PNG_params.params/23 (2573 ms)
[ RUN      ] PNG_params.params/24, where GetParam() = (IMWRITE_PNG_STRATEGY_FILTERED, IMWRITE_PNG_FAST_FILTERS, 1)
  Encoded buffer size: 1683542 bytes, Compression ratio: 27.06%
[ PERFSTAT ]    (samples=10   mean=91.35   median=91.17   min=91.06   stddev=0.47 (0.5%))
[       OK ] PNG_params.params/24 (958 ms)
[ RUN      ] PNG_params.params/25, where GetParam() = (IMWRITE_PNG_STRATEGY_FILTERED, IMWRITE_PNG_FAST_FILTERS, 6)
  Encoded buffer size: 1414588 bytes, Compression ratio: 22.74%
[ PERFSTAT ]    (samples=10   mean=223.20   median=223.11   min=222.95   stddev=0.29 (0.1%))
[       OK ] PNG_params.params/25 (2273 ms)
[ RUN      ] PNG_params.params/26, where GetParam() = (IMWRITE_PNG_STRATEGY_FILTERED, IMWRITE_PNG_ALL_FILTERS, 1)
  Encoded buffer size: 1670297 bytes, Compression ratio: 26.85%
[ PERFSTAT ]    (samples=10   mean=119.01   median=118.98   min=118.86   stddev=0.14 (0.1%))
[       OK ] PNG_params.params/26 (1235 ms)
[ RUN      ] PNG_params.params/27, where GetParam() = (IMWRITE_PNG_STRATEGY_FILTERED, IMWRITE_PNG_ALL_FILTERS, 6)
  Encoded buffer size: 1387921 bytes, Compression ratio: 22.31%
[ PERFSTAT ]    (samples=10   mean=277.71   median=277.69   min=277.39   stddev=0.17 (0.1%))
[       OK ] PNG_params.params/27 (2821 ms)
[ RUN      ] PNG_params.params/28, where GetParam() = (IMWRITE_PNG_STRATEGY_HUFFMAN_ONLY, IMWRITE_PNG_FILTER_NONE, 1)
  Encoded buffer size: 5356097 bytes, Compression ratio: 86.10%
[ PERFSTAT ]    (samples=10   mean=103.87   median=103.30   min=103.18   stddev=1.52 (1.5%))
[       OK ] PNG_params.params/28 (1084 ms)
[ RUN      ] PNG_params.params/29, where GetParam() = (IMWRITE_PNG_STRATEGY_HUFFMAN_ONLY, IMWRITE_PNG_FILTER_NONE, 6)
  Encoded buffer size: 5356097 bytes, Compression ratio: 86.10%
[ PERFSTAT ]    (samples=10   mean=103.62   median=103.27   min=103.13   stddev=0.85 (0.8%))
[       OK ] PNG_params.params/29 (1081 ms)
[ RUN      ] PNG_params.params/30, where GetParam() = (IMWRITE_PNG_STRATEGY_HUFFMAN_ONLY, IMWRITE_PNG_FILTER_SUB, 1)
  Encoded buffer size: 2123627 bytes, Compression ratio: 34.14%
[ PERFSTAT ]    (samples=10   mean=102.98   median=102.83   min=102.66   stddev=0.39 (0.4%))
[       OK ] PNG_params.params/30 (1074 ms)
[ RUN      ] PNG_params.params/31, where GetParam() = (IMWRITE_PNG_STRATEGY_HUFFMAN_ONLY, IMWRITE_PNG_FILTER_SUB, 6)
  Encoded buffer size: 2123627 bytes, Compression ratio: 34.14%
[ PERFSTAT ]    (samples=10   mean=102.90   median=102.80   min=102.73   stddev=0.22 (0.2%))
[       OK ] PNG_params.params/31 (1075 ms)
[ RUN      ] PNG_params.params/32, where GetParam() = (IMWRITE_PNG_STRATEGY_HUFFMAN_ONLY, IMWRITE_PNG_FILTER_UP, 1)
  Encoded buffer size: 2226394 bytes, Compression ratio: 35.79%
[ PERFSTAT ]    (samples=10   mean=100.20   median=100.12   min=99.93   stddev=0.29 (0.3%))
[       OK ] PNG_params.params/32 (1045 ms)
[ RUN      ] PNG_params.params/33, where GetParam() = (IMWRITE_PNG_STRATEGY_HUFFMAN_ONLY, IMWRITE_PNG_FILTER_UP, 6)
  Encoded buffer size: 2226394 bytes, Compression ratio: 35.79%
[ PERFSTAT ]    (samples=10   mean=100.22   median=100.14   min=100.02   stddev=0.24 (0.2%))
[       OK ] PNG_params.params/33 (1046 ms)
[ RUN      ] PNG_params.params/34, where GetParam() = (IMWRITE_PNG_STRATEGY_HUFFMAN_ONLY, IMWRITE_PNG_FILTER_AVG, 1)
  Encoded buffer size: 2213193 bytes, Compression ratio: 35.58%
[ PERFSTAT ]    (samples=10   mean=102.25   median=102.16   min=102.08   stddev=0.27 (0.3%))
[       OK ] PNG_params.params/34 (1066 ms)
[ RUN      ] PNG_params.params/35, where GetParam() = (IMWRITE_PNG_STRATEGY_HUFFMAN_ONLY, IMWRITE_PNG_FILTER_AVG, 6)
  Encoded buffer size: 2213193 bytes, Compression ratio: 35.58%
[ PERFSTAT ]    (samples=10   mean=102.27   median=102.18   min=102.09   stddev=0.31 (0.3%))
[       OK ] PNG_params.params/35 (1069 ms)
[ RUN      ] PNG_params.params/36, where GetParam() = (IMWRITE_PNG_STRATEGY_HUFFMAN_ONLY, IMWRITE_PNG_FILTER_PAETH, 1)
  Encoded buffer size: 1814788 bytes, Compression ratio: 29.17%
[ PERFSTAT ]    (samples=10   mean=114.97   median=114.90   min=114.76   stddev=0.20 (0.2%))
[       OK ] PNG_params.params/36 (1194 ms)
[ RUN      ] PNG_params.params/37, where GetParam() = (IMWRITE_PNG_STRATEGY_HUFFMAN_ONLY, IMWRITE_PNG_FILTER_PAETH, 6)
  Encoded buffer size: 1814788 bytes, Compression ratio: 29.17%
[ PERFSTAT ]    (samples=10   mean=114.80   median=114.79   min=114.62   stddev=0.14 (0.1%))
[       OK ] PNG_params.params/37 (1193 ms)
[ RUN      ] PNG_params.params/38, where GetParam() = (IMWRITE_PNG_STRATEGY_HUFFMAN_ONLY, IMWRITE_PNG_FAST_FILTERS, 1)
  Encoded buffer size: 2016677 bytes, Compression ratio: 32.42%
[ PERFSTAT ]    (samples=10   mean=113.64   median=113.59   min=113.52   stddev=0.13 (0.1%))
[       OK ] PNG_params.params/38 (1181 ms)
[ RUN      ] PNG_params.params/39, where GetParam() = (IMWRITE_PNG_STRATEGY_HUFFMAN_ONLY, IMWRITE_PNG_FAST_FILTERS, 6)
  Encoded buffer size: 2016677 bytes, Compression ratio: 32.42%
[ PERFSTAT ]    (samples=10   mean=113.69   median=113.61   min=113.55   stddev=0.19 (0.2%))
[       OK ] PNG_params.params/39 (1183 ms)
[ RUN      ] PNG_params.params/40, where GetParam() = (IMWRITE_PNG_STRATEGY_HUFFMAN_ONLY, IMWRITE_PNG_ALL_FILTERS, 1)
  Encoded buffer size: 1818131 bytes, Compression ratio: 29.23%
[ PERFSTAT ]    (samples=10   mean=140.51   median=140.43   min=140.34   stddev=0.18 (0.1%))
[       OK ] PNG_params.params/40 (1449 ms)
[ RUN      ] PNG_params.params/41, where GetParam() = (IMWRITE_PNG_STRATEGY_HUFFMAN_ONLY, IMWRITE_PNG_ALL_FILTERS, 6)
  Encoded buffer size: 1818131 bytes, Compression ratio: 29.23%
[ PERFSTAT ]    (samples=10   mean=140.45   median=140.43   min=140.33   stddev=0.12 (0.1%))
[       OK ] PNG_params.params/41 (1449 ms)
[ RUN      ] PNG_params.params/42, where GetParam() = (IMWRITE_PNG_STRATEGY_RLE, IMWRITE_PNG_FILTER_NONE, 1)
  Encoded buffer size: 5180397 bytes, Compression ratio: 83.28%
[ PERFSTAT ]    (samples=10   mean=100.04   median=99.77   min=99.56   stddev=0.76 (0.8%))
[       OK ] PNG_params.params/42 (1046 ms)
[ RUN      ] PNG_params.params/43, where GetParam() = (IMWRITE_PNG_STRATEGY_RLE, IMWRITE_PNG_FILTER_NONE, 6)
  Encoded buffer size: 5180397 bytes, Compression ratio: 83.28%
[ PERFSTAT ]    (samples=10   mean=100.14   median=99.77   min=99.56   stddev=0.90 (0.9%))
[       OK ] PNG_params.params/43 (1046 ms)
[ RUN      ] PNG_params.params/44, where GetParam() = (IMWRITE_PNG_STRATEGY_RLE, IMWRITE_PNG_FILTER_SUB, 1)
  Encoded buffer size: 1807876 bytes, Compression ratio: 29.06%
[ PERFSTAT ]    (samples=10   mean=70.20   median=70.15   min=69.89   stddev=0.28 (0.4%))
[       OK ] PNG_params.params/44 (746 ms)
[ RUN      ] PNG_params.params/45, where GetParam() = (IMWRITE_PNG_STRATEGY_RLE, IMWRITE_PNG_FILTER_SUB, 6)
  Encoded buffer size: 1807876 bytes, Compression ratio: 29.06%
[ PERFSTAT ]    (samples=10   mean=70.13   median=70.12   min=69.97   stddev=0.12 (0.2%))
[       OK ] PNG_params.params/45 (742 ms)
[ RUN      ] PNG_params.params/46, where GetParam() = (IMWRITE_PNG_STRATEGY_RLE, IMWRITE_PNG_FILTER_UP, 1)
  Encoded buffer size: 1701756 bytes, Compression ratio: 27.36%
[ PERFSTAT ]    (samples=10   mean=63.62   median=63.54   min=63.44   stddev=0.21 (0.3%))
[       OK ] PNG_params.params/46 (680 ms)
[ RUN      ] PNG_params.params/47, where GetParam() = (IMWRITE_PNG_STRATEGY_RLE, IMWRITE_PNG_FILTER_UP, 6)
  Encoded buffer size: 1701756 bytes, Compression ratio: 27.36%
[ PERFSTAT ]    (samples=10   mean=63.57   median=63.55   min=63.44   stddev=0.10 (0.2%))
[       OK ] PNG_params.params/47 (677 ms)
[ RUN      ] PNG_params.params/48, where GetParam() = (IMWRITE_PNG_STRATEGY_RLE, IMWRITE_PNG_FILTER_AVG, 1)
  Encoded buffer size: 1886337 bytes, Compression ratio: 30.32%
[ PERFSTAT ]    (samples=10   mean=73.97   median=73.94   min=73.82   stddev=0.15 (0.2%))
[       OK ] PNG_params.params/48 (785 ms)
[ RUN      ] PNG_params.params/49, where GetParam() = (IMWRITE_PNG_STRATEGY_RLE, IMWRITE_PNG_FILTER_AVG, 6)
  Encoded buffer size: 1886337 bytes, Compression ratio: 30.32%
[ PERFSTAT ]    (samples=10   mean=74.04   median=74.03   min=73.76   stddev=0.17 (0.2%))
[       OK ] PNG_params.params/49 (781 ms)
[ RUN      ] PNG_params.params/50, where GetParam() = (IMWRITE_PNG_STRATEGY_RLE, IMWRITE_PNG_FILTER_PAETH, 1)
  Encoded buffer size: 1466376 bytes, Compression ratio: 23.57%
[ PERFSTAT ]    (samples=10   mean=78.61   median=78.57   min=78.50   stddev=0.12 (0.1%))
[       OK ] PNG_params.params/50 (831 ms)
[ RUN      ] PNG_params.params/51, where GetParam() = (IMWRITE_PNG_STRATEGY_RLE, IMWRITE_PNG_FILTER_PAETH, 6)
  Encoded buffer size: 1466376 bytes, Compression ratio: 23.57%
[ PERFSTAT ]    (samples=10   mean=78.94   median=78.96   min=78.71   stddev=0.09 (0.1%))
[       OK ] PNG_params.params/51 (830 ms)
[ RUN      ] PNG_params.params/52, where GetParam() = (IMWRITE_PNG_STRATEGY_RLE, IMWRITE_PNG_FAST_FILTERS, 1)
  Encoded buffer size: 1578229 bytes, Compression ratio: 25.37%
[ PERFSTAT ]    (samples=10   mean=76.21   median=76.18   min=76.09   stddev=0.13 (0.2%))
[       OK ] PNG_params.params/52 (805 ms)
[ RUN      ] PNG_params.params/53, where GetParam() = (IMWRITE_PNG_STRATEGY_RLE, IMWRITE_PNG_FAST_FILTERS, 6)
  Encoded buffer size: 1578229 bytes, Compression ratio: 25.37%
[ PERFSTAT ]    (samples=10   mean=76.23   median=76.29   min=75.94   stddev=0.15 (0.2%))
[       OK ] PNG_params.params/53 (803 ms)
[ RUN      ] PNG_params.params/54, where GetParam() = (IMWRITE_PNG_STRATEGY_RLE, IMWRITE_PNG_ALL_FILTERS, 1)
  Encoded buffer size: 1466507 bytes, Compression ratio: 23.57%
[ PERFSTAT ]    (samples=10   mean=103.87   median=103.89   min=103.71   stddev=0.11 (0.1%))
[       OK ] PNG_params.params/54 (1084 ms)
[ RUN      ] PNG_params.params/55, where GetParam() = (IMWRITE_PNG_STRATEGY_RLE, IMWRITE_PNG_ALL_FILTERS, 6)
  Encoded buffer size: 1466507 bytes, Compression ratio: 23.57%
[ PERFSTAT ]    (samples=10   mean=103.83   median=103.86   min=103.65   stddev=0.11 (0.1%))
[       OK ] PNG_params.params/55 (1083 ms)
[ RUN      ] PNG_params.params/56, where GetParam() = (IMWRITE_PNG_STRATEGY_FIXED, IMWRITE_PNG_FILTER_NONE, 1)
  Encoded buffer size: 2244886 bytes, Compression ratio: 36.09%
[ PERFSTAT ]    (samples=10   mean=83.61   median=83.51   min=83.43   stddev=0.26 (0.3%))
[       OK ] PNG_params.params/56 (879 ms)
[ RUN      ] PNG_params.params/57, where GetParam() = (IMWRITE_PNG_STRATEGY_FIXED, IMWRITE_PNG_FILTER_NONE, 6)
  Encoded buffer size: 1959504 bytes, Compression ratio: 31.50%
[ PERFSTAT ]    (samples=10   mean=125.47   median=125.37   min=125.06   stddev=0.40 (0.3%))
[       OK ] PNG_params.params/57 (1296 ms)
[ RUN      ] PNG_params.params/58, where GetParam() = (IMWRITE_PNG_STRATEGY_FIXED, IMWRITE_PNG_FILTER_SUB, 1)
  Encoded buffer size: 2113088 bytes, Compression ratio: 33.97%
[ PERFSTAT ]    (samples=10   mean=82.07   median=81.99   min=81.80   stddev=0.24 (0.3%))
[       OK ] PNG_params.params/58 (865 ms)
[ RUN      ] PNG_params.params/59, where GetParam() = (IMWRITE_PNG_STRATEGY_FIXED, IMWRITE_PNG_FILTER_SUB, 6)
  Encoded buffer size: 1745256 bytes, Compression ratio: 28.06%
[ PERFSTAT ]    (samples=10   mean=206.77   median=206.69   min=206.59   stddev=0.21 (0.1%))
[       OK ] PNG_params.params/59 (2109 ms)
[ RUN      ] PNG_params.params/60, where GetParam() = (IMWRITE_PNG_STRATEGY_FIXED, IMWRITE_PNG_FILTER_UP, 1)
  Encoded buffer size: 1968302 bytes, Compression ratio: 31.64%
[ PERFSTAT ]    (samples=10   mean=76.67   median=76.63   min=76.52   stddev=0.15 (0.2%))
[       OK ] PNG_params.params/60 (812 ms)
[ RUN      ] PNG_params.params/61, where GetParam() = (IMWRITE_PNG_STRATEGY_FIXED, IMWRITE_PNG_FILTER_UP, 6)
  Encoded buffer size: 1667164 bytes, Compression ratio: 26.80%
[ PERFSTAT ]    (samples=10   mean=190.73   median=190.67   min=190.56   stddev=0.21 (0.1%))
[       OK ] PNG_params.params/61 (1948 ms)
[ RUN      ] PNG_params.params/62, where GetParam() = (IMWRITE_PNG_STRATEGY_FIXED, IMWRITE_PNG_FILTER_AVG, 1)
  Encoded buffer size: 2217615 bytes, Compression ratio: 35.65%
[ PERFSTAT ]    (samples=10   mean=86.20   median=86.12   min=85.92   stddev=0.30 (0.3%))
[       OK ] PNG_params.params/62 (906 ms)
[ RUN      ] PNG_params.params/63, where GetParam() = (IMWRITE_PNG_STRATEGY_FIXED, IMWRITE_PNG_FILTER_AVG, 6)
  Encoded buffer size: 1858328 bytes, Compression ratio: 29.87%
[ PERFSTAT ]    (samples=10   mean=245.93   median=245.92   min=245.68   stddev=0.19 (0.1%))
[       OK ] PNG_params.params/63 (2500 ms)
[ RUN      ] PNG_params.params/64, where GetParam() = (IMWRITE_PNG_STRATEGY_FIXED, IMWRITE_PNG_FILTER_PAETH, 1)
  Encoded buffer size: 1984363 bytes, Compression ratio: 31.90%
[ PERFSTAT ]    (samples=10   mean=93.00   median=92.97   min=92.83   stddev=0.15 (0.2%))
[       OK ] PNG_params.params/64 (977 ms)
[ RUN      ] PNG_params.params/65, where GetParam() = (IMWRITE_PNG_STRATEGY_FIXED, IMWRITE_PNG_FILTER_PAETH, 6)
  Encoded buffer size: 1667131 bytes, Compression ratio: 26.80%
[ PERFSTAT ]    (samples=10   mean=236.72   median=236.70   min=236.41   stddev=0.24 (0.1%))
[       OK ] PNG_params.params/65 (2407 ms)
[ RUN      ] PNG_params.params/66, where GetParam() = (IMWRITE_PNG_STRATEGY_FIXED, IMWRITE_PNG_FAST_FILTERS, 1)
  Encoded buffer size: 1981779 bytes, Compression ratio: 31.86%
[ PERFSTAT ]    (samples=10   mean=90.32   median=90.27   min=90.19   stddev=0.16 (0.2%))
[       OK ] PNG_params.params/66 (948 ms)
[ RUN      ] PNG_params.params/67, where GetParam() = (IMWRITE_PNG_STRATEGY_FIXED, IMWRITE_PNG_FAST_FILTERS, 6)
  Encoded buffer size: 1665016 bytes, Compression ratio: 26.77%
[ PERFSTAT ]    (samples=10   mean=211.09   median=210.98   min=210.77   stddev=0.28 (0.1%))
[       OK ] PNG_params.params/67 (2151 ms)
[ RUN      ] PNG_params.params/68, where GetParam() = (IMWRITE_PNG_STRATEGY_FIXED, IMWRITE_PNG_ALL_FILTERS, 1)
  Encoded buffer size: 1982270 bytes, Compression ratio: 31.87%
[ PERFSTAT ]    (samples=10   mean=118.31   median=118.29   min=118.16   stddev=0.16 (0.1%))
[       OK ] PNG_params.params/68 (1228 ms)
[ RUN      ] PNG_params.params/69, where GetParam() = (IMWRITE_PNG_STRATEGY_FIXED, IMWRITE_PNG_ALL_FILTERS, 6)
  Encoded buffer size: 1666059 bytes, Compression ratio: 26.78%
[ PERFSTAT ]    (samples=10   mean=261.02   median=261.00   min=260.64   stddev=0.21 (0.1%))
[       OK ] PNG_params.params/69 (2654 ms)
[----------] 70 tests from PNG_params (94254 ms total)

[----------] Global test environment tear-down
[==========] 121 tests from 11 test cases ran. (243576 ms total)
[  PASSED  ] 121 tests.
